categoria,servicio,horas_semana,jornada_anual_horas,guardias_mes,apoyo_equipo,antiguedad_anios,conciliacion_dificil,edad,sexo,tipo_contrato,centro,formacion_continuada_horas,indice_desgaste,distancia_centro_km,hijos_cargo,turno_rotatorio
auxiliar,consultas,42.9,1994.733,4.0,3.2,16.2,sí,45.0,mujer,fijo,centro D,45.0,8.28808571686726,6.9,1.0,no
auxiliar,quirófano,42.2,1875.294,3.0,3.5,19.5,sí,28.0,mujer,fijo,centro D,56.0,1.0657103689592513,27.4,1.0,sí
auxiliar,consultas,39.4,1848.648,4.0,3.3,6.7,sí,38.0,hombre,fijo,centro B,45.0,-30.372118725113264,13.7,0.0,sí
enfermería,  consultas ,33.8,1551.135,2.0,2.3,5.1,no,40.0,mujer,N/D,centro A,19.0,-19.875556712694078,12.9,0.0,no
auxiliar,quirófano,37.2,1712.17,5.0,4.3,13.0,no,45.0,hombre,interino,centro E,54.0,-19.870608617136945,26.8,1.0,sí
administración,quirófano,44.8,2029.384,0.0,3.3,4.3,no,57.0,mujer,fijo,centro D,31.0,-16.996670018622435,15.3,0.0,no
auxiliar,uci,30.8,1370.27,3.0,3.0,4.3,sí,49.0,mujer,interino,centro E,9.0,-6.026631993643566,5.7,1.0,sí
medicina,planta,35.8,1581.021,3.0,2.8,3.6,no,45.0,hombre,fijo,centro A,26.0,-15.393309756896368,8.7,0.0,no
auxiliar,oncología,44.2,2033.071,0.0,3.4,6.6,no,47.0,mujer,N/D,centro E,25.0,-8.687080840691864,19.3,0.0,no
auxiliar,quirófano,40.2,1906.497,2.0,4.1,15.3,sí,32.0,mujer,fijo,centro E,38.0,3.7681542720554866,4.5,1.0,sí
administración,consultas,30.3,1444.341,3.0,4.1,6.2,sí,54.0,hombre,fijo,centro E,27.0,-22.152816706466666,3.2,1.0,sí
enfermería,consultas,55.1,2541.723,0.0,3.3,22.7,sí,50.0,hombre,interino,centro C,65.0,22.06225371338231,15.0,2.0,no
administración,planta,41.3,1888.258,3.0,3.2,14.0,no,39.0,mujer,N/D,centro B,30.0,-19.64490190027631,74.9,1.0,no
enfermería,uci,33.6,1526.773,5.0,3.5,3.6,no,36.0,mujer,eventual,centro B,46.0,-42.807873365085385,-99.0,0.0,sí
celador,planta,27.9,1316.27,7.0,2.2,8.4,no,28.0,mujer,fijo,centro A,31.0,-38.06334677634403,7.2,0.0,no
enfermería,planta,44.4,2022.209,0.0,4.0,9.3,no,51.0,mujer,fijo,centro C,18.0,-5.857449848185109,19.4,2.0,sí
enfermería,planta,51.6,2369.467,0.0,2.0,5.5,no,42.0,hombre,N/D,centro A,11.0,2.5132592685739343,25.9,0.0,sí
enfermería,urgencias,43.5,2051.417,0.0,2.9,2.3,no,34.0,mujer,interino,centro B,68.0,0.6990136012729768,-99.0,1.0,sí
auxiliar,quirófano,40.0,1814.077,2.0,3.5,7.8,no,43.0,mujer,fijo,centro A,26.0,-1.9031141431400025,55.1,2.0,no
auxiliar,planta,32.8,1493.177,4.0,3.8,42.0,sí,38.0,mujer,fijo,centro B,26.0,-14.660561962900838,13.2,0.0,no
enfermería,urgencias,38.5,1791.881,4.0,2.9,8.1,sí,38.0,mujer,interino,centro D,33.0,0.6287477179755414,5.7,0.0,sí
medicina,  uci ,43.1,2017.002,0.0,2.8,10.0,no,52.0,hombre,fijo,centro E,55.0,5.20010304638066,20.4,0.0,no
enfermería,uci,31.5,1446.57,5.0,4.6,4.7,no,53.0,mujer,interino,centro E,56.0,-24.43909484183637,5.2,0.0,no
administración,uci,49.7,2274.501,5.0,2.4,9.2,no,39.0,hombre,interino,centro D,17.0,39.2544180460965,17.9,1.0,sí
auxiliar,planta,28.1,1264.925,3.0,4.1,17.7,no,45.0,hombre,fijo,centro E,13.0,-16.89395518588554,2.5,1.0,sí
enfermería,oncología,28.3,1278.337,2.0,3.7,9.2,no,40.0,mujer,fijo,centro D,90.0,-23.353726397713395,17.3,1.0,no
enfermería,consultas,36.1,1688.48,3.0,3.8,2.9,no,52.0,mujer,interino,centro C,62.0,-30.359342997619454,20.9,0.0,sí
medicina,oncología,49.1,2278.532,0.0,3.7,2.1,no,62.0,hombre,interino,centro E,37.0,17.61094316093135,12.1,1.0,no
enfermería,planta,41.3,1908.937,0.0,3.0,3.6,no,48.0,mujer,fijo,centro E,34.0,-10.830555632944561,17.9,0.0,no
medicina,consultas,36.1,1709.324,3.0,4.3,18.4,no,41.0,hombre,interino,centro A,29.0,-1.2219851379650954,8.0,0.0,no
auxiliar,planta,44.8,2009.556,7.0,1.5,2.2,sí,65.0,mujer,N/D,centro A,28.0,23.767278704389838,9.0,2.0,no
enfermería,uci,43.5,2006.419,3.0,3.5,15.0,sí,50.0,hombre,interino,centro D,48.0,2.747016944399528,18.4,0.0,no
medicina,uci,50.1,2353.506,5.0,3.0,6.7,sí,49.0,mujer,fijo,centro B,27.0,38.36769575022649,2.6,0.0,no
enfermería,consultas,36.7,1677.967,1.0,4.4,9.0,no,52.0,hombre,fijo,centro C,40.0,-16.825320238719677,64.7,2.0,no
administración,planta,20.8,977.091,4.0,2.5,6.1,sí,38.0,mujer,interino,centro E,48.0,-30.914026731331536,56.4,2.0,no
auxiliar,urgencias,36.1,1653.206,3.0,2.0,4.2,no,39.0,hombre,fijo,centro A,28.0,-7.1327742772267175,21.2,1.0,sí
enfermería,  urgencias ,36.7,1717.979,2.0,4.0,21.4,no,45.0,mujer,fijo,centro E,42.0,-19.240107551424167,10.5,1.0,sí
administración,urgencias,31.4,1463.287,2.0,2.1,5.8,no,33.0,mujer,fijo,centro C,17.0,-33.65923894297127,17.8,2.0,no
administración,oncología,40.9,1902.478,3.0,3.3,3.6,sí,45.0,hombre,interino,centro A,103.0,-15.867920852409318,-99.0,0.0,no
auxiliar,consultas,43.7,2013.03,2.0,3.3,7.2,sí,52.0,mujer,fijo,centro D,30.0,-10.661722010283727,-99.0,0.0,sí
enfermería,urgencias,37.2,1684.031,7.0,3.9,15.9,sí,24.0,hombre,fijo,centro E,9.0,10.152402550931338,8.4,1.0,sí
auxiliar,quirófano,36.1,1688.024,1.0,3.5,24.4,sí,45.0,hombre,fijo,centro E,55.0,-9.49184081300536,29.3,1.0,no
medicina,urgencias,47.3,2136.366,4.0,3.3,10.8,sí,42.0,hombre,fijo,centro E,25.0,23.118374570147214,-99.0,1.0,sí
enfermería,planta,37.5,1690.321,4.0,3.0,24.5,sí,47.0,hombre,N/D,centro C,7.0,-16.7338329933894,4.7,2.0,no
auxiliar,URGENCIAS,39.9,1815.642,1.0,4.0,8.9,no,36.0,mujer,interino,centro C,20.0,-22.72683361281291,6.6,1.0,sí
celador,planta,38.6,1786.821,3.0,4.3,21.5,sí,42.0,mujer,fijo,centro D,18.0,-13.53714834509433,7.1,0.0,no
celador,consultas,32.1,1477.546,3.0,4.7,6.6,no,37.0,mujer,fijo,centro E,67.0,-20.667188366350004,27.3,1.0,no
auxiliar,consultas,30.5,1423.09,4.0,4.2,12.3,sí,49.0,mujer,interino,centro E,35.0,-42.72035773087309,-99.0,0.0,no
enfermería,planta,41.6,1997.622,5.0,4.7,18.6,no,49.0,mujer,interino,centro B,29.0,-1.5190350233199497,16.4,2.0,sí
administración,planta,35.9,1704.789,3.0,3.4,3.8,sí,37.0,mujer,eventual,centro A,15.0,-12.769555360622036,60.6,0.0,no
enfermería,oncología,44.5,1982.308,2.0,3.6,5.3,no,57.0,mujer,fijo,centro E,17.0,15.800277821975344,13.2,1.0,sí
celador,  oncología ,41.7,1906.234,2.0,4.1,22.2,sí,48.0,hombre,interino,centro B,39.0,-12.424087029215302,37.9,1.0,sí
auxiliar,urgencias,36.4,1707.298,1.0,3.6,6.0,no,29.0,mujer,interino,centro D,12.0,-2.9117959833070532,18.8,1.0,sí
auxiliar,quirófano,40.8,1873.442,2.0,2.6,3.2,no,39.0,mujer,N/D,centro B,60.0,-7.54664582620001,36.6,0.0,sí
celador,consultas,33.9,1596.268,0.0,2.4,16.2,no,50.0,hombre,eventual,centro C,7.0,-15.34952015688327,18.5,3.0,no
auxiliar,urgencias,34.1,1575.001,1.0,4.6,23.3,sí,48.0,mujer,eventual,centro D,26.0,-3.6645368080625325,224.0,3.0,sí
auxiliar,PLANTA,48.0,2254.885,1.0,2.4,8.2,sí,57.0,mujer,eventual,centro B,23.0,-5.290394794216249,42.1,2.0,no
enfermería,planta,35.5,1674.968,1.0,3.5,10.2,sí,37.0,mujer,eventual,centro E,3.0,-4.777777590640172,27.6,0.0,sí
medicina,oncología,36.8,1689.924,0.0,4.3,9.0,no,48.0,hombre,eventual,centro A,55.0,-9.688315050200371,36.1,3.0,sí
celador,urgencias,38.2,1785.864,1.0,3.0,7.3,sí,48.0,mujer,interino,centro D,17.0,5.9801454943092605,20.5,1.0,sí
medicina,  planta ,25.5,1203.068,4.0,5.0,4.6,no,48.0,mujer,eventual,centro A,24.0,-46.86209828382985,8.0,1.0,no
medicina,planta,43.0,2014.362,3.0,1.3,9.8,sí,42.0,hombre,fijo,centro C,49.0,12.218541071683854,20.7,0.0,sí
enfermería,planta,31.3,1388.167,3.0,4.2,1.5,no,42.0,mujer,fijo,centro B,30.0,-26.717533626537175,77.1,1.0,sí
enfermería,planta,34.4,1621.558,0.0,3.8,8.8,no,45.0,mujer,eventual,centro C,38.0,-19.604967442638383,12.4,2.0,sí
auxiliar,planta,32.2,1487.081,0.0,1.3,4.2,no,42.0,hombre,fijo,centro E,43.0,-20.633543762575993,12.4,0.0,sí
celador,urgencias,28.7,1331.528,0.0,4.2,28.3,sí,22.0,mujer,fijo,centro C,18.0,-35.58487685049895,8.5,4.0,no
medicina,urgencias,29.8,1409.139,0.0,4.3,10.1,sí,54.0,mujer,fijo,centro B,74.0,-29.222996154362697,30.5,3.0,sí
administración,uci,35.5,1650.457,2.0,2.8,6.1,sí,48.0,hombre,fijo,centro B,11.0,-9.676975649159814,82.4,1.0,sí
enfermería,oncologia,36.7,1679.605,7.0,3.0,4.8,sí,22.0,mujer,interino,centro D,51.0,-14.585856969086068,29.9,1.0,sí
enfermería,planta,36.4,1685.878,2.0,3.4,14.9,no,43.0,mujer,eventual,centro E,32.0,-10.418309900232863,15.4,2.0,sí
auxiliar,planta,37.7,1716.134,1.0,3.6,5.7,no,45.0,hombre,fijo,centro C,64.0,-20.76560467466959,1.8,0.0,sí
medicina,  oncología ,44.4,2036.276,3.0,3.3,2.5,sí,45.0,mujer,eventual,centro A,33.0,22.56694961426882,24.4,1.0,sí
enfermería,urgencias,46.3,2072.606,1.0,2.4,6.0,no,46.0,hombre,fijo,centro B,75.0,22.729301648339504,10.8,1.0,sí
medicina,planta,43.7,1990.711,3.0,2.9,11.6,no,29.0,mujer,fijo,centro B,61.0,-2.774409711731052,38.2,2.0,no
medicina,planta,34.8,1606.672,4.0,3.0,8.2,sí,46.0,mujer,fijo,centro C,18.0,-19.34179962703908,13.3,0.0,no
enfermería,ONCOLOGÍA,35.8,1618.699,3.0,3.9,11.0,sí,46.0,mujer,fijo,centro C,87.0,-27.310926683883615,20.9,0.0,no
celador,consultas,36.9,1704.43,5.0,3.0,3.5,sí,46.0,hombre,interino,centro A,43.0,8.995566784365725,11.5,0.0,no
medicina,quirófano,32.8,1562.623,2.0,1.8,24.3,sí,41.0,hombre,fijo,centro D,42.0,-14.92743707842418,10.4,4.0,sí
auxiliar,  planta ,46.6,2151.066,1.0,4.5,8.5,sí,48.0,mujer,eventual,centro A,4.0,-6.770631317446127,11.0,0.0,no
enfermería,planta,42.5,1924.365,0.0,3.8,13.8,no,61.0,mujer,interino,centro D,37.0,-16.818151401252273,17.2,1.0,no
medicina,  urgencias ,35.7,1632.837,1.0,3.6,5.5,no,45.0,mujer,eventual,centro C,25.0,-8.957454504351329,5.4,2.0,sí
administración,urgencias,44.9,2088.799,1.0,1.6,7.1,sí,53.0,mujer,N/D,centro A,43.0,0.92363998652782,29.1,0.0,sí
medicina,consultas,34.4,1559.0,0.0,2.6,14.4,no,30.0,mujer,eventual,centro B,20.0,-12.992023891924678,10.3,1.0,no
auxiliar,uci,36.1,1637.692,3.0,3.1,20.0,sí,29.0,hombre,eventual,centro A,18.0,2.5955084428415045,21.0,1.0,no
celador,planta,36.6,1760.577,4.0,4.4,8.5,no,53.0,hombre,fijo,centro B,14.0,-29.53681035707111,29.0,1.0,no
medicina,  planta ,31.0,1405.922,2.0,4.3,7.4,sí,47.0,mujer,fijo,centro B,8.0,-16.109261009932027,36.0,0.0,no
medicina,planta,31.0,1419.814,2.0,2.7,6.9,no,60.0,hombre,interino,centro A,46.0,-26.994737301965156,-99.0,0.0,no
celador,urgencias,41.4,1834.149,5.0,3.7,7.6,no,39.0,mujer,interino,centro C,23.0,7.215445140583361,20.8,0.0,no
enfermería,planta,48.0,2237.876,2.0,4.2,6.5,sí,44.0,hombre,fijo,centro B,59.0,24.120518480933974,40.1,1.0,no
enfermería,oncologia,24.6,1065.809,2.0,4.6,6.2,sí,45.0,mujer,fijo,centro E,30.0,-44.326240445819806,24.1,0.0,no
medicina,urgencias,50.8,2308.605,1.0,3.8,10.9,sí,55.0,mujer,fijo,centro B,58.0,12.429840228990315,52.9,3.0,sí
celador,consultas,45.4,2184.296,1.0,3.5,7.0,sí,35.0,hombre,interino,centro E,23.0,-5.468121836422124,44.1,1.0,sí
enfermería,uci,37.7,1708.143,0.0,4.6,21.4,no,45.0,mujer,interino,centro B,15.0,-32.86862199464394,9.3,0.0,no
celador,urgencias,42.3,1965.627,4.0,2.0,17.9,no,54.0,mujer,interino,centro E,32.0,13.029428720237792,35.6,2.0,sí
enfermería,oncologia,42.6,2001.134,4.0,2.2,1.5,no,54.0,mujer,fijo,centro A,15.0,17.47773157454558,6.4,0.0,no
medicina,urgencias,40.9,1911.95,1.0,1.6,13.7,sí,59.0,mujer,fijo,centro A,35.0,7.079187013285043,29.9,3.0,sí
auxiliar,urgencias,30.3,1373.065,0.0,4.1,7.8,sí,34.0,mujer,interino,centro D,10.0,-20.01435560780349,9.4,0.0,no
medicina,urgencias,51.4,2440.873,5.0,2.1,5.8,sí,40.0,mujer,interino,centro B,20.0,42.23768399747068,7.9,3.0,sí
medicina,consultas,44.0,2010.964,2.0,2.3,10.9,sí,27.0,hombre,eventual,centro E,6.0,-13.371948890899915,33.1,0.0,sí
enfermería,  oncología ,30.9,1341.031,1.0,3.8,9.8,no,51.0,mujer,eventual,centro E,38.0,-22.70285881283563,25.1,2.0,no
enfermería,planta,41.2,1917.319,2.0,4.4,14.8,no,35.0,mujer,eventual,centro E,38.0,2.6581235540082666,16.3,0.0,no
medicina,uci,44.5,2022.721,0.0,3.6,9.1,sí,23.0,mujer,fijo,centro B,28.0,-1.8058566584684266,13.4,0.0,no
auxiliar,oncología,40.0,1819.898,1.0,5.0,11.7,sí,39.0,mujer,interino,centro D,27.0,-16.600357373832594,35.2,1.0,sí
enfermería,  planta ,35.9,1616.631,5.0,3.0,11.7,sí,39.0,mujer,fijo,centro B,47.0,8.812101356690173,24.7,0.0,sí
medicina,consultas,48.4,2205.752,2.0,2.3,10.8,no,50.0,mujer,fijo,centro B,18.0,19.575439091613937,30.2,3.0,sí
celador,urgencias,42.7,2007.729,3.0,1.8,5.0,no,48.0,mujer,fijo,centro D,17.0,7.153686158886362,-99.0,2.0,no
auxiliar,quirófano,30.7,1406.058,0.0,4.5,9.7,sí,52.0,hombre,fijo,centro E,57.0,-22.83296116188822,-99.0,0.0,no
enfermería,consultas,36.3,1659.592,3.0,3.4,13.6,sí,59.0,mujer,interino,centro E,63.0,-0.4366266956379974,8.7,0.0,sí
administración,consultas,45.8,2125.101,0.0,3.9,3.4,no,40.0,mujer,interino,centro C,20.0,-0.3696700221908866,24.7,2.0,no
auxiliar,oncología,30.7,1430.409,1.0,4.0,11.9,no,43.0,mujer,N/D,centro B,15.0,-22.899824624303832,1.0,4.0,no
enfermería,urgencias,43.7,1972.475,1.0,3.6,4.6,sí,24.0,hombre,fijo,centro D,40.0,-3.3978625328659335,14.9,0.0,no
enfermería,planta,37.4,1690.306,3.0,4.3,15.6,sí,48.0,mujer,fijo,centro B,32.0,-2.2851145994398134,19.4,0.0,no
medicina,PLANTA,42.7,1992.724,1.0,5.0,3.9,sí,48.0,mujer,interino,centro D,17.0,-2.111441061233401,24.4,0.0,no
auxiliar,consultas,38.2,1739.437,1.0,2.4,6.2,sí,45.0,hombre,interino,centro C,48.0,-12.144975888666714,4.0,0.0,no
administración,urgencias,33.7,1551.842,2.0,4.7,1.7,sí,56.0,hombre,interino,centro C,27.0,-24.238674509774413,16.3,4.0,sí
enfermería,consultas,43.9,2037.514,3.0,4.6,5.4,no,38.0,mujer,interino,centro A,50.0,14.109846156214068,15.3,1.0,no
enfermería,oncología,46.7,2127.224,1.0,2.2,5.9,sí,36.0,mujer,fijo,centro E,24.0,18.50389132622685,11.8,1.0,no
administración,urgencias,42.5,1933.886,2.0,3.9,7.0,no,34.0,mujer,fijo,centro A,29.0,2.1613152864226657,8.2,0.0,no
medicina,consultas,25.0,1183.289,5.0,4.4,12.0,no,55.0,mujer,fijo,centro A,14.0,-14.823131214428631,4.0,1.0,no
celador,quirófano,39.4,1869.759,0.0,2.5,9.5,no,45.0,hombre,interino,centro C,20.0,-3.5703506683229786,14.0,0.0,no
medicina,oncología,44.9,2038.937,4.0,4.1,10.2,no,32.0,hombre,fijo,centro D,21.0,17.520422061588096,8.1,1.0,sí
celador,quirófano,45.5,2140.267,3.0,1.9,16.3,no,46.0,hombre,interino,centro C,26.0,-0.571539319183449,4.3,0.0,sí
celador,planta,29.4,1366.99,6.0,3.6,6.4,no,49.0,mujer,fijo,centro A,91.0,-20.927756137610853,5.2,0.0,no
medicina,consultas,51.3,2385.745,0.0,4.1,12.0,sí,38.0,mujer,fijo,centro D,40.0,18.2481150029034,22.3,0.0,sí
enfermería,planta,29.4,1381.541,0.0,3.9,2.6,sí,40.0,mujer,eventual,centro A,6.0,-26.8038868291014,30.0,2.0,no
auxiliar,planta,37.7,1741.897,5.0,3.9,2.4,no,38.0,mujer,fijo,centro C,58.0,-7.566990726276045,16.9,0.0,no
medicina,planta,27.2,1239.757,1.0,2.3,4.8,sí,22.0,mujer,interino,centro B,61.0,-4.030308516226862,36.5,0.0,no
celador,urgencias,39.3,1832.594,2.0,2.6,11.6,sí,24.0,hombre,interino,centro A,13.0,5.959469726090305,6.2,1.0,sí
medicina,planta,39.6,1826.801,3.0,3.8,14.3,no,49.0,mujer,fijo,centro C,14.0,9.035984221890304,11.0,3.0,no
auxiliar,quirófano,44.9,2049.052,0.0,3.4,7.5,sí,40.0,hombre,fijo,centro A,37.0,-2.8000885950663084,9.5,2.0,sí
enfermería,urgencias,49.6,2249.978,3.0,2.8,3.1,sí,41.0,mujer,fijo,centro B,3.0,4.829829454674517,12.6,2.0,sí
auxiliar,PLANTA,43.9,2024.762,1.0,4.4,9.9,sí,39.0,mujer,fijo,centro A,20.0,-1.8445833139013037,13.5,0.0,no
auxiliar,planta,42.9,2043.053,7.0,2.4,5.5,no,35.0,mujer,fijo,centro E,30.0,19.44141192146087,9.2,2.0,no
medicina,oncología,33.9,1553.128,2.0,4.0,2.2,sí,37.0,mujer,interino,centro E,41.0,-21.561518372672182,6.3,0.0,sí
enfermería,  planta ,35.3,1630.327,2.0,3.8,2.3,sí,45.0,mujer,fijo,centro B,18.0,-7.896705353190026,11.7,0.0,no
medicina,QUIRÓFANO,37.0,1687.132,7.0,3.3,7.5,sí,60.0,hombre,fijo,centro B,42.0,-2.221147257300146,68.9,2.0,sí
medicina,  quirófano ,48.9,2222.795,3.0,3.4,5.2,sí,24.0,mujer,fijo,centro B,5.0,19.68826862035147,8.9,1.0,no
administración,uci,28.1,1307.91,4.0,5.0,6.8,sí,36.0,mujer,fijo,centro B,32.0,-48.33164171139631,7.9,1.0,sí
administración,planta,33.2,1577.625,3.0,3.9,9.6,no,41.0,mujer,N/D,centro E,57.0,-29.284180654303782,5.9,2.0,sí
medicina,  planta ,37.9,1739.572,4.0,3.6,24.5,sí,48.0,mujer,N/D,centro A,5.0,-2.8379873648085674,13.0,2.0,sí
medicina,planta,50.6,2309.628,5.0,2.7,13.8,sí,26.0,hombre,fijo,centro D,5.0,37.567823912499875,4.1,1.0,sí
auxiliar,uci,48.1,2258.826,4.0,1.9,17.5,no,43.0,hombre,fijo,centro D,14.0,12.620179300446472,16.4,1.0,sí
medicina,urgencias,38.1,1730.823,4.0,3.3,14.1,no,31.0,mujer,fijo,centro D,35.0,-12.944816910818535,82.2,0.0,sí
celador,  urgencias ,36.3,1625.105,0.0,2.7,10.5,no,41.0,mujer,fijo,centro B,20.0,-20.543745148090274,89.9,1.0,no
auxiliar,uci,29.2,1372.343,2.0,3.3,1.6,no,38.0,mujer,fijo,centro C,7.0,-11.566910435418837,7.0,1.0,sí
medicina,PLANTA,42.7,1963.415,3.0,2.9,3.8,no,37.0,mujer,interino,centro C,13.0,12.873517408290557,14.6,0.0,sí
enfermería,planta,31.4,1462.193,1.0,2.6,4.7,no,34.0,mujer,fijo,centro E,28.0,-14.696055506873925,16.1,0.0,sí
medicina,planta,39.6,1744.005,3.0,5.0,13.1,no,45.0,mujer,fijo,centro C,9.0,-12.899844529627925,67.6,0.0,sí
auxiliar,quirófano,45.8,2162.704,7.0,3.0,13.2,no,44.0,hombre,fijo,centro D,40.0,20.086673551144322,12.7,2.0,sí
enfermería,quirofano,36.9,1691.675,0.0,3.7,14.1,no,49.0,hombre,interino,centro D,29.0,-5.011470914693533,4.3,3.0,no
auxiliar,planta,40.3,1830.506,4.0,1.7,14.4,no,43.0,mujer,fijo,centro C,25.0,-2.12468047355605,7.0,0.0,sí
auxiliar,UCI,45.0,2081.47,1.0,3.4,2.8,sí,46.0,hombre,fijo,centro E,62.0,11.092281858437534,-99.0,0.0,no
auxiliar,consultas,33.8,1559.194,2.0,3.3,1.5,sí,66.0,hombre,interino,centro C,34.0,9.97961772075015,-99.0,1.0,no
enfermería,urgencias,43.8,2040.191,0.0,3.7,5.0,no,43.0,hombre,eventual,centro B,32.0,2.4572639358762407,4.7,0.0,sí
auxiliar,uci,55.0,2490.417,0.0,4.8,11.3,sí,32.0,hombre,interino,centro D,24.0,30.864223427348122,8.8,0.0,no
auxiliar,quirófano,32.0,1509.716,2.0,4.0,7.9,no,60.0,mujer,fijo,centro D,24.0,-27.799269694047823,4.0,0.0,sí
enfermería,planta,32.1,1438.001,1.0,3.6,11.4,sí,53.0,hombre,interino,centro D,19.0,-9.479969530255591,6.7,0.0,sí
medicina,consultas,37.5,1708.787,2.0,3.4,1.1,no,47.0,mujer,interino,centro C,21.0,-2.3643517062221786,13.0,0.0,sí
auxiliar,  urgencias ,37.9,1724.347,0.0,5.0,7.9,no,42.0,mujer,fijo,centro C,58.0,-29.687088819945554,36.7,0.0,no
medicina,planta,38.0,1760.896,0.0,2.5,6.5,sí,42.0,mujer,fijo,centro A,41.0,6.963434657355888,4.9,1.0,no
auxiliar,urgencias,44.2,2066.542,1.0,5.0,15.6,no,24.0,mujer,interino,centro B,17.0,-0.5244115296294591,31.0,2.0,sí
enfermería,urgencias,33.8,1584.079,4.0,3.0,11.7,sí,48.0,hombre,eventual,centro D,23.0,-18.121705798742397,17.5,4.0,sí
enfermería,  uci ,33.3,1523.47,0.0,2.2,1.9,sí,35.0,mujer,interino,centro D,16.0,-18.486020671621834,26.0,1.0,sí
auxiliar,UCI,28.9,1358.876,2.0,3.2,12.7,no,55.0,mujer,eventual,centro C,44.0,-34.38767895956974,2.2,2.0,sí
medicina,planta,30.1,1436.506,0.0,2.7,6.1,sí,40.0,mujer,interino,centro B,3.0,2.3768624038735666,12.6,1.0,no
celador,oncología,41.2,1903.966,2.0,1.9,6.7,sí,41.0,mujer,interino,centro D,14.0,8.846237648153664,13.7,0.0,no
auxiliar,urgencias,38.2,1796.613,4.0,3.1,12.9,sí,49.0,mujer,fijo,centro E,25.0,-7.934473606040277,27.5,4.0,sí
auxiliar,urgencias,35.1,1618.549,0.0,2.0,2.6,no,47.0,hombre,fijo,centro D,61.0,-24.319714937632803,-99.0,2.0,no
celador,  uci ,43.2,1971.155,3.0,4.6,8.1,no,31.0,hombre,fijo,centro E,46.0,10.220966036220934,5.8,2.0,no
auxiliar,oncología,43.0,1941.731,2.0,3.7,14.9,no,22.0,mujer,fijo,centro C,34.0,1.5013818325999262,16.4,2.0,no
celador,  uci ,51.9,2406.272,4.0,2.4,2.0,no,39.0,mujer,fijo,centro E,124.0,34.46322491523635,15.4,0.0,sí
medicina,planta,26.7,1260.901,0.0,4.5,1.8,no,50.0,mujer,interino,centro B,29.0,-10.86460374341375,16.1,0.0,no
auxiliar,planta,35.3,1593.386,4.0,5.0,15.6,no,43.0,mujer,fijo,centro D,63.0,-17.734578792516835,21.6,0.0,sí
celador,consultas,27.9,1302.977,5.0,3.7,5.9,no,31.0,mujer,fijo,centro D,44.0,-6.866512936196056,6.7,0.0,sí
enfermería,  urgencias ,40.7,1878.32,1.0,1.7,24.4,no,47.0,mujer,interino,centro E,27.0,3.091324724606147,21.3,1.0,no
enfermería,uci,53.6,2500.56,5.0,3.5,17.6,sí,41.0,hombre,fijo,centro C,12.0,45.69861209531936,-99.0,0.0,no
enfermería,uci,40.1,1848.465,5.0,4.6,10.2,no,51.0,mujer,interino,centro E,17.0,9.26324541623741,16.0,2.0,no
enfermería,urgencias,36.3,1675.881,4.0,2.7,12.8,sí,46.0,mujer,fijo,centro C,95.0,12.26426948698945,27.5,0.0,sí
medicina,oncologia,44.0,1985.135,1.0,3.3,13.5,no,36.0,mujer,eventual,centro B,10.0,-13.243239018094958,10.0,0.0,no
administración,oncología,41.8,1952.381,3.0,3.4,2.8,no,53.0,mujer,eventual,centro D,54.0,8.608664899049595,13.9,1.0,no
enfermería,urgencias,26.8,1265.087,0.0,2.8,15.0,no,50.0,hombre,fijo,centro B,24.0,-15.117951846121535,4.8,3.0,no
enfermería,PLANTA,39.6,1799.441,0.0,4.0,15.8,no,52.0,mujer,fijo,centro E,73.0,0.3535111981063803,2.0,0.0,no
administración,urgencias,32.0,1470.219,0.0,3.7,21.8,no,37.0,hombre,eventual,centro D,7.0,-20.788058110941588,23.9,0.0,no
administración,planta,40.7,1861.165,1.0,4.2,4.7,no,48.0,hombre,interino,centro A,20.0,-11.132410444054816,43.1,2.0,no
administración,consultas,41.7,1948.657,2.0,3.2,11.9,sí,51.0,mujer,interino,centro D,44.0,-6.532732186286454,31.1,1.0,no
administración,consultas,27.0,1226.086,3.0,3.6,7.7,sí,39.0,hombre,fijo,centro A,60.0,-26.144731238381148,17.6,1.0,sí
medicina,planta,36.2,1650.418,5.0,3.6,11.6,no,39.0,mujer,fijo,centro D,18.0,-25.499827492354527,18.6,0.0,sí
enfermería,quirofano,42.7,1933.403,5.0,2.6,8.0,no,48.0,hombre,interino,centro B,62.0,8.413107439356287,9.3,3.0,sí
auxiliar,planta,38.8,1786.295,0.0,3.7,0.4,sí,37.0,mujer,interino,centro C,39.0,-4.609408821325808,24.8,2.0,sí
enfermería,  quirófano ,38.4,1698.707,5.0,3.0,8.2,sí,22.0,hombre,fijo,centro B,47.0,-9.507827831056375,16.3,2.0,no
medicina,consultas,20.8,944.374,6.0,3.2,14.8,no,55.0,mujer,eventual,centro A,10.0,-28.43534520354786,15.5,0.0,sí
administración,urgencias,34.8,1565.915,2.0,1.8,12.9,sí,36.0,mujer,interino,centro C,16.0,-16.704208977727117,17.7,1.0,no
enfermería,planta,31.3,1457.331,4.0,3.9,3.5,sí,36.0,mujer,fijo,centro C,28.0,-29.780239165028085,22.6,2.0,sí
enfermería,consultas,33.6,1587.978,4.0,3.9,7.2,no,48.0,hombre,fijo,centro A,41.0,-20.618909693763747,2.4,0.0,no
administración,planta,27.4,1272.56,6.0,2.5,5.9,no,32.0,mujer,fijo,centro C,10.0,-24.863521499820834,14.9,0.0,sí
enfermería,quirófano,46.0,2103.614,3.0,3.0,1.2,sí,36.0,mujer,interino,centro C,18.0,22.64835050805899,4.3,1.0,no
auxiliar,planta,31.5,1477.113,2.0,2.6,3.3,no,64.0,mujer,interino,centro A,42.0,-11.127041899337634,15.9,2.0,no
medicina,QUIRÓFANO,39.5,1818.32,5.0,3.6,2.6,no,41.0,mujer,N/D,centro C,33.0,-9.63165037033231,36.4,1.0,no
enfermería,  urgencias ,26.2,1241.497,0.0,4.0,13.4,sí,47.0,mujer,fijo,centro B,15.0,-14.27982657540284,34.3,0.0,no
enfermería,consultas,38.1,1811.009,4.0,3.2,35.7,no,53.0,mujer,eventual,centro E,17.0,1.2478697363776607,22.7,0.0,sí
medicina,quirófano,50.2,2264.857,2.0,1.6,4.1,no,37.0,mujer,interino,centro C,35.0,19.054400617512165,28.0,2.0,sí
enfermería,planta,27.3,1253.712,2.0,3.2,11.7,no,28.0,mujer,interino,centro C,38.0,-21.37957183505314,-99.0,1.0,no
medicina,planta,42.6,1944.434,3.0,2.6,3.2,no,63.0,mujer,fijo,centro D,15.0,-2.315050357266232,2.0,2.0,no
enfermería,planta,43.2,1920.832,5.0,4.0,24.8,sí,36.0,mujer,fijo,centro C,25.0,13.751891913526832,11.2,1.0,no
celador,consultas,33.1,1525.817,1.0,2.8,18.1,no,42.0,hombre,interino,centro E,55.0,-20.33563844332647,23.3,1.0,no
enfermería,uci,37.7,1762.31,4.0,4.3,7.8,no,22.0,mujer,fijo,centro D,43.0,-7.3236272360687416,324.8,0.0,sí
administración,urgencias,27.1,1250.976,0.0,4.4,10.1,no,50.0,hombre,interino,centro A,19.0,-21.057962639910336,-99.0,1.0,sí
auxiliar,planta,49.5,2291.773,0.0,2.8,2.6,no,33.0,mujer,fijo,centro E,3.0,31.267338164208166,15.0,3.0,no
enfermería,consultas,35.6,1631.646,7.0,3.8,8.3,no,34.0,mujer,interino,centro A,26.0,-8.40411807291763,1.4,1.0,sí
celador,quirófano,38.2,1723.273,5.0,3.4,7.0,no,32.0,mujer,interino,centro B,6.0,4.555415845269712,4.2,1.0,no
medicina,planta,40.3,1871.456,1.0,2.8,0.8,no,26.0,mujer,fijo,centro A,57.0,-23.728922282117896,3.3,0.0,no
auxiliar,planta,44.2,2014.263,0.0,3.8,7.6,no,43.0,hombre,interino,centro D,32.0,-14.85337749208265,14.8,2.0,no
enfermería,consultas,32.8,1548.819,1.0,2.8,10.6,no,59.0,hombre,eventual,centro C,53.0,-32.16643537353244,41.3,0.0,sí
enfermería,quirófano,44.7,2049.484,4.0,4.1,15.5,sí,64.0,mujer,interino,centro B,13.0,26.126991252276657,16.4,0.0,sí
enfermería,consultas,45.4,2061.685,2.0,3.8,6.9,no,44.0,hombre,fijo,centro A,5.0,0.8033530282048806,5.0,3.0,sí
administración,quirofano,31.9,1469.462,3.0,3.7,9.4,sí,45.0,hombre,fijo,centro B,37.0,-18.372709592597943,15.9,1.0,sí
auxiliar,planta,36.0,1673.167,4.0,2.9,6.3,sí,31.0,mujer,fijo,centro D,74.0,-23.14883038054099,1.4,2.0,sí
medicina,consultas,33.6,1559.181,3.0,2.4,8.3,no,59.0,hombre,fijo,centro D,23.0,-31.386791439774754,8.1,0.0,no
auxiliar,  planta ,41.6,1929.463,5.0,4.2,5.5,sí,55.0,mujer,interino,centro B,24.0,3.84893252932766,26.0,1.0,no
enfermería,planta,31.4,1493.775,5.0,1.0,2.6,no,38.0,mujer,fijo,centro C,6.0,-20.928686738752383,18.2,0.0,no
medicina,urgencias,40.2,1905.447,3.0,2.8,23.1,no,49.0,mujer,interino,centro C,63.0,-2.9833011212623566,11.8,0.0,sí
medicina,uci,43.4,1997.855,0.0,2.4,2.0,sí,51.0,mujer,interino,centro E,14.0,-13.31713488625474,10.6,2.0,sí
enfermería,uci,40.7,1863.642,3.0,4.2,18.1,no,54.0,mujer,interino,centro E,32.0,-4.503478403445028,11.3,2.0,sí
celador,consultas,35.8,1665.53,3.0,2.6,17.7,no,42.0,mujer,fijo,centro A,18.0,-17.903925768060617,20.2,0.0,sí
auxiliar,quirofano,36.9,1732.872,5.0,2.4,8.9,no,66.0,mujer,interino,centro E,72.0,6.194830737553335,12.1,2.0,no
medicina,planta,44.5,2109.639,4.0,4.6,6.5,sí,52.0,mujer,interino,centro A,31.0,15.840036767136429,115.0,0.0,no
administración,consultas,39.5,1747.1,3.0,2.2,5.4,no,42.0,hombre,interino,centro C,18.0,2.9691778159669173,9.2,0.0,no
administración,ONCOLOGÍA,39.8,1842.821,0.0,2.4,15.0,sí,36.0,mujer,eventual,centro C,69.0,-10.861204803163076,15.7,3.0,sí
enfermería,URGENCIAS,38.4,1752.208,0.0,3.0,13.7,sí,37.0,hombre,N/D,centro D,35.0,-6.241302041955155,6.8,0.0,sí
enfermería,consultas,40.6,1858.633,3.0,2.7,6.2,no,34.0,mujer,N/D,centro E,8.0,1.9879036117631137,24.2,1.0,no
auxiliar,PLANTA,37.5,1759.885,0.0,4.6,12.2,no,32.0,hombre,fijo,centro D,14.0,-11.662984242305836,11.7,0.0,no
celador,  planta ,32.5,1497.896,0.0,3.3,4.5,sí,33.0,mujer,fijo,centro E,32.0,-19.750059709116375,3.9,2.0,sí
enfermería,planta,31.1,1449.251,1.0,4.6,0.8,sí,50.0,mujer,fijo,centro B,16.0,-16.24601083858162,12.4,2.0,sí
enfermería,  consultas ,34.4,1642.845,3.0,3.8,1.9,no,40.0,mujer,fijo,centro D,74.0,-22.846216355406217,9.1,2.0,no
enfermería,quirófano,48.7,2229.012,1.0,2.3,0.5,no,44.0,mujer,fijo,centro A,29.0,1.0920556579632255,13.3,2.0,sí
auxiliar,oncología,38.8,1817.996,2.0,3.1,9.9,no,51.0,mujer,fijo,centro A,36.0,-6.983648751524452,13.0,0.0,sí
enfermería,urgencias,38.8,1806.675,2.0,3.6,5.2,sí,39.0,mujer,interino,centro E,13.0,-0.7645231841070199,26.1,3.0,sí
administración,planta,37.8,1801.481,3.0,4.7,7.8,no,26.0,hombre,interino,centro B,6.0,-14.684716313046442,30.7,1.0,no
medicina,urgencias,43.5,2008.508,1.0,3.7,16.3,no,54.0,hombre,interino,centro B,23.0,-10.39606036713122,-99.0,0.0,sí
auxiliar,oncologia,34.0,1549.708,6.0,4.6,5.1,no,45.0,mujer,interino,centro D,12.0,-17.82415620407876,10.3,0.0,sí
medicina,planta,22.7,1057.233,4.0,2.5,8.1,no,57.0,mujer,eventual,centro A,32.0,-23.060818233217933,26.9,3.0,no
enfermería,  urgencias ,44.6,2074.508,4.0,2.3,5.7,no,51.0,hombre,fijo,centro B,32.0,11.301731423541217,22.0,0.0,sí
celador,  urgencias ,41.1,1891.892,2.0,1.0,3.0,sí,36.0,mujer,fijo,centro B,27.0,-6.176463509702501,54.1,2.0,sí
auxiliar,uci,43.8,2006.762,3.0,3.8,4.8,sí,29.0,hombre,fijo,centro C,4.0,7.487249945514028,3.6,0.0,sí
administración,quirófano,34.1,1486.245,2.0,2.4,17.3,sí,34.0,mujer,fijo,centro C,62.0,-9.770383922112948,6.5,3.0,no
auxiliar,PLANTA,37.0,1676.747,3.0,4.2,16.9,no,32.0,mujer,fijo,centro D,11.0,-11.689321132472694,71.4,1.0,sí
auxiliar,  planta ,39.6,1803.393,0.0,1.7,13.3,no,59.0,mujer,interino,centro C,26.0,-11.774070217960904,16.6,0.0,sí
enfermería,consultas,44.3,2093.932,3.0,3.9,3.4,sí,44.0,hombre,fijo,centro C,23.0,-9.642505205626858,11.8,2.0,sí
enfermería,uci,43.3,2025.135,4.0,3.4,6.3,no,55.0,mujer,eventual,centro D,42.0,6.528702953823785,9.4,1.0,no
medicina,consultas,30.5,1357.624,6.0,2.9,13.8,sí,31.0,mujer,eventual,centro E,24.0,-35.96952660705271,15.5,0.0,sí
medicina,urgencias,33.6,1587.79,0.0,3.2,5.5,no,29.0,mujer,fijo,centro E,65.0,-19.53266940147044,21.8,1.0,sí
administración,planta,30.5,1377.291,0.0,2.6,1.4,no,33.0,mujer,N/D,centro A,11.0,-21.639558206165454,6.7,2.0,no
celador,uci,36.3,1613.769,3.0,5.0,8.6,no,37.0,mujer,fijo,centro D,12.0,-10.69134957271583,15.2,0.0,no
administración,CONSULTAS,37.0,1675.995,6.0,1.5,18.2,no,40.0,mujer,fijo,centro C,42.0,-1.4833637330401794,3.9,2.0,no
administración,planta,54.5,2484.443,3.0,3.8,7.2,sí,41.0,mujer,interino,centro A,6.0,35.73448138355219,21.5,3.0,no
auxiliar,planta,35.9,1686.303,5.0,3.4,4.9,sí,54.0,mujer,interino,centro D,29.0,-7.923468978846669,19.3,0.0,sí
auxiliar,  quirófano ,49.4,2321.83,2.0,4.3,3.4,sí,38.0,mujer,fijo,centro D,6.0,11.334218735579697,23.6,1.0,no
administración,urgencias,45.2,2162.475,2.0,1.8,7.5,sí,48.0,hombre,fijo,centro D,10.0,-3.8304982361377444,13.1,0.0,sí
medicina,quirófano,34.3,1547.104,2.0,3.7,7.9,no,37.0,mujer,fijo,centro D,17.0,-18.823967255379706,24.7,3.0,sí
enfermería,urgencias,35.3,1586.472,0.0,5.0,10.0,no,49.0,mujer,interino,centro C,54.0,-7.090749151614649,8.2,0.0,sí
celador,consultas,36.5,1650.652,3.0,3.4,6.7,sí,43.0,mujer,interino,centro A,23.0,-12.918827182120168,6.8,0.0,no
enfermería,consultas,58.0,2630.272,0.0,2.5,0.5,sí,39.0,mujer,eventual,centro B,15.0,34.931173892299924,4.0,2.0,no
enfermería,quirófano,41.3,1880.587,0.0,4.0,13.2,sí,40.0,mujer,interino,centro D,12.0,-7.464106102152993,17.6,0.0,no
administración,quirófano,34.3,1555.646,6.0,2.2,3.9,no,39.0,mujer,interino,centro D,45.0,-13.087599539274583,14.1,0.0,sí
auxiliar,planta,40.8,1887.168,4.0,3.1,3.2,no,51.0,mujer,interino,centro E,29.0,-9.067369492222067,22.7,2.0,no
medicina,  oncología ,36.4,1653.07,0.0,3.2,2.8,no,39.0,mujer,interino,centro B,10.0,-22.540531369539888,16.2,0.0,sí
enfermería,uci,48.5,2307.059,4.0,3.8,7.4,no,27.0,hombre,interino,centro B,32.0,25.565460232278916,17.6,2.0,sí
medicina,oncología,35.6,1649.737,5.0,1.8,6.3,no,27.0,mujer,fijo,centro A,73.0,4.87028630234135,9.0,2.0,sí
enfermería,  consultas ,36.3,1675.974,0.0,3.8,13.4,sí,57.0,mujer,eventual,centro B,15.0,-15.325050554878887,14.0,2.0,sí
administración,planta,39.9,1824.191,1.0,3.5,16.5,sí,42.0,mujer,fijo,centro B,25.0,0.004651790729983674,16.0,0.0,no
auxiliar,  urgencias ,29.1,1335.334,0.0,3.7,6.4,no,30.0,mujer,fijo,centro B,6.0,-36.93025490470332,2.4,0.0,sí
administración,CONSULTAS,41.0,1896.92,2.0,2.5,2.4,no,31.0,mujer,interino,centro C,44.0,-4.540350968243945,18.4,0.0,no
enfermería,oncología,42.1,1929.666,4.0,5.0,2.7,no,39.0,mujer,fijo,centro D,21.0,1.4546844734067557,4.9,2.0,no
administración,urgencias,36.7,1638.283,5.0,4.4,8.9,no,43.0,mujer,interino,centro C,14.0,2.0256414048741025,61.3,1.0,no
medicina,planta,38.1,1743.41,0.0,3.6,12.9,sí,45.0,mujer,eventual,centro C,29.0,7.536090618965877,-99.0,0.0,no
medicina,consultas,36.7,1713.605,4.0,4.4,26.3,sí,32.0,hombre,fijo,centro E,34.0,-5.804397982615824,8.5,0.0,no
medicina,quirófano,34.7,1597.539,7.0,3.0,3.2,no,66.0,hombre,fijo,centro D,4.0,-16.342552128650247,24.6,0.0,sí
enfermería,consultas,47.9,2158.129,4.0,4.9,30.3,no,55.0,hombre,fijo,centro D,43.0,16.481442462480857,53.2,0.0,no
celador,  planta ,39.2,1772.616,3.0,1.7,6.5,sí,37.0,mujer,interino,centro A,45.0,-22.764511919486615,19.9,0.0,sí
enfermería,planta,37.1,1704.339,2.0,3.3,2.4,no,46.0,mujer,fijo,centro B,80.0,-19.342491181825423,-99.0,2.0,no
enfermería,oncología,39.8,1846.67,2.0,3.4,8.6,sí,30.0,mujer,eventual,centro E,11.0,-8.036252328602195,49.1,0.0,sí
enfermería,urgencias,37.5,1755.856,4.0,3.3,17.3,sí,55.0,mujer,fijo,centro C,66.0,-15.304457893932137,34.4,2.0,no
celador,consultas,40.0,1820.579,2.0,4.5,4.8,no,32.0,hombre,fijo,centro D,30.0,-8.013687793564252,18.7,0.0,no
medicina,planta,32.1,1464.603,4.0,2.9,12.4,no,33.0,mujer,fijo,centro C,1.0,-20.35477515645593,10.1,2.0,sí
administración,planta,45.9,2160.897,0.0,3.2,5.9,no,29.0,mujer,fijo,centro A,111.0,-12.31350178365804,7.5,2.0,sí
administración,  urgencias ,23.2,1082.891,0.0,3.8,13.6,no,23.0,hombre,eventual,centro C,49.0,-10.401728903040807,8.5,0.0,sí
medicina,planta,50.0,2227.189,3.0,3.5,11.6,no,25.0,hombre,interino,centro B,26.0,19.154987580926527,14.1,2.0,no
enfermería,planta,38.0,1778.058,0.0,2.8,11.5,no,34.0,mujer,fijo,centro A,14.0,-0.08702437694042686,-99.0,0.0,no
enfermería,consultas,37.5,1736.107,3.0,4.4,6.0,no,38.0,hombre,fijo,centro A,21.0,7.314014568543861,-99.0,2.0,sí
auxiliar,PLANTA,30.7,1427.17,2.0,3.0,5.7,sí,39.0,mujer,fijo,centro C,54.0,-14.94652919502238,26.5,2.0,sí
medicina,oncología,28.2,1271.802,2.0,4.0,7.8,no,40.0,hombre,fijo,centro B,80.0,-25.948025506993194,2.2,2.0,no
enfermería,urgencias,35.6,1644.829,4.0,3.7,24.4,no,34.0,mujer,fijo,centro D,2.0,-12.107338388898059,28.4,0.0,sí
medicina,consultas,42.3,1948.145,0.0,3.5,10.3,no,46.0,hombre,fijo,centro E,5.0,8.339234864583268,13.1,1.0,no
medicina,URGENCIAS,20.0,941.633,1.0,4.5,4.5,no,52.0,mujer,interino,centro E,18.0,-26.93934716572331,353.5,3.0,no
auxiliar,  quirófano ,41.0,1896.85,4.0,3.9,11.6,no,31.0,mujer,eventual,centro B,78.0,3.038272955158612,30.1,2.0,no
enfermería,planta,44.3,2066.951,0.0,3.7,7.8,no,36.0,mujer,fijo,centro E,57.0,12.683286659543425,15.6,1.0,sí
auxiliar,PLANTA,37.9,1818.843,0.0,5.0,7.4,sí,46.0,mujer,fijo,centro A,6.0,-21.203351163873325,3.7,2.0,no
enfermería,CONSULTAS,34.4,1529.869,3.0,4.5,10.7,no,46.0,hombre,eventual,centro D,44.0,-11.488704906280297,21.1,0.0,sí
medicina,planta,40.3,1831.689,2.0,2.2,9.2,sí,34.0,hombre,interino,centro B,22.0,9.877451136267478,111.3,0.0,sí
auxiliar,planta,38.0,1709.909,3.0,4.2,20.0,no,56.0,mujer,fijo,centro D,47.0,-10.286693810785836,11.3,2.0,no
auxiliar,consultas,28.8,1316.962,6.0,5.0,5.9,no,56.0,mujer,fijo,centro C,23.0,-21.824650347738945,15.1,2.0,sí
enfermería,planta,47.1,2172.973,2.0,3.9,10.6,no,42.0,mujer,fijo,centro B,31.0,19.322622813385177,8.8,2.0,no
auxiliar,planta,27.3,1280.451,4.0,3.4,0.7,no,25.0,mujer,fijo,centro B,95.0,-30.401822279404712,6.6,2.0,no
administración,planta,36.8,1661.776,3.0,2.8,6.6,no,53.0,mujer,fijo,centro A,2.0,-12.252921606921335,11.4,0.0,no
auxiliar,oncologia,34.9,1601.554,0.0,3.9,7.3,no,49.0,mujer,eventual,centro A,7.0,0.11876883793352278,17.7,1.0,no
enfermería,planta,26.4,1267.384,1.0,2.6,3.4,no,45.0,hombre,eventual,centro B,74.0,-17.802285255301538,14.6,0.0,no
medicina,  planta ,37.8,1770.844,2.0,2.0,3.7,no,34.0,hombre,fijo,centro C,11.0,2.4023628167320012,20.6,4.0,sí
celador,oncología,33.7,1565.045,0.0,3.2,7.5,no,51.0,mujer,interino,centro C,27.0,-18.15106364640844,-99.0,2.0,no
enfermería,PLANTA,48.1,2281.284,2.0,2.8,4.7,no,66.0,mujer,fijo,centro D,9.0,9.428655683335357,9.0,0.0,no
medicina,  planta ,41.3,1909.028,0.0,2.5,6.7,sí,36.0,mujer,eventual,centro D,17.0,7.142326021441582,48.9,0.0,no
medicina,urgencias,40.0,1840.456,0.0,2.9,15.2,no,31.0,hombre,fijo,centro A,48.0,-2.5449558538030024,26.0,2.0,sí
auxiliar,consultas,45.3,2107.439,7.0,2.9,11.8,no,36.0,mujer,fijo,centro C,39.0,41.95006437687318,30.5,4.0,sí
enfermería,  planta ,36.5,1626.783,3.0,5.0,4.5,no,30.0,mujer,eventual,centro E,59.0,1.9722927967956405,20.9,0.0,sí
auxiliar,quirófano,27.7,1297.69,2.0,3.9,19.3,no,33.0,mujer,fijo,centro A,43.0,-23.389525711768993,23.6,2.0,no
enfermería,planta,31.6,1431.916,2.0,4.9,18.6,no,37.0,mujer,fijo,centro A,11.0,-9.928332878652302,70.0,0.0,sí
medicina,urgencias,25.6,1185.267,3.0,1.5,2.0,no,44.0,mujer,fijo,centro D,24.0,-18.391472163515665,28.6,1.0,no
auxiliar,urgencias,40.3,1860.248,2.0,2.5,10.7,no,37.0,mujer,interino,centro C,49.0,-8.808042754799255,18.5,0.0,sí
medicina,quirófano,37.7,1714.932,0.0,3.6,6.1,sí,26.0,hombre,interino,centro B,21.0,-38.31445758427099,3.4,1.0,sí
auxiliar,planta,46.4,2119.551,4.0,4.4,14.3,sí,52.0,mujer,eventual,centro A,33.0,12.044161985572526,29.8,0.0,sí
administración,QUIRÓFANO,37.8,1753.185,5.0,4.0,12.6,sí,48.0,hombre,fijo,centro A,25.0,-13.526325125341295,-99.0,2.0,no
enfermería,oncología,46.2,2077.522,1.0,3.0,7.7,no,38.0,mujer,fijo,centro A,40.0,16.736333210835006,-99.0,0.0,sí
enfermería,planta,44.5,1962.876,4.0,4.0,3.4,sí,46.0,hombre,eventual,centro B,77.0,15.99914329314349,14.9,0.0,no
auxiliar,  planta ,33.1,1500.323,0.0,3.3,41.1,sí,60.0,mujer,interino,centro B,44.0,-22.89313398349399,10.6,3.0,sí
enfermería,CONSULTAS,35.4,1667.271,0.0,3.5,1.7,no,44.0,mujer,fijo,centro A,3.0,-28.871249654253916,16.8,3.0,no
enfermería,consultas,47.0,2115.481,6.0,3.9,4.3,no,63.0,mujer,interino,centro A,34.0,29.394803519968857,8.2,0.0,no
enfermería,oncologia,44.3,2053.112,4.0,3.0,7.3,no,44.0,hombre,eventual,centro C,23.0,6.039953767850739,5.5,0.0,sí
administración,planta,32.8,1529.592,3.0,2.1,23.6,no,52.0,hombre,fijo,centro E,40.0,-17.379291106070347,34.6,4.0,sí
enfermería,consultas,55.2,2556.71,1.0,2.7,3.7,no,39.0,mujer,fijo,centro D,30.0,24.25440521570629,9.4,0.0,sí
administración,consultas,39.5,1787.676,4.0,4.0,34.5,no,37.0,hombre,eventual,centro D,44.0,-12.428362668890518,7.8,0.0,sí
celador,planta,38.8,1773.17,0.0,1.9,19.6,sí,65.0,hombre,interino,centro E,23.0,0.529113379170747,8.6,0.0,sí
celador,urgencias,46.4,2185.646,0.0,3.0,7.1,no,29.0,mujer,fijo,centro C,16.0,13.155840416931625,24.3,0.0,sí
enfermería,uci,27.7,1255.68,3.0,2.7,7.6,sí,55.0,hombre,interino,centro C,14.0,-18.440149513349745,8.2,0.0,sí
medicina,URGENCIAS,46.3,2124.671,5.0,4.2,9.9,sí,46.0,mujer,fijo,centro C,41.0,27.74637236982786,47.5,1.0,no
enfermería,urgencias,41.1,1857.68,1.0,3.3,3.3,sí,33.0,mujer,fijo,centro E,9.0,5.940017069979268,6.1,0.0,no
celador,planta,34.6,1621.76,1.0,3.8,4.9,no,51.0,mujer,eventual,centro C,11.0,-14.569278445541332,16.3,0.0,sí
auxiliar,  consultas ,46.7,2125.115,2.0,2.1,13.7,no,35.0,mujer,interino,centro E,42.0,10.405455203348971,12.1,1.0,sí
auxiliar,planta,46.8,2213.119,0.0,4.3,14.5,no,37.0,mujer,interino,centro E,22.0,1.9934498432225447,11.8,0.0,sí
enfermería,consultas,39.7,1847.118,0.0,2.9,12.7,no,54.0,hombre,eventual,centro A,15.0,-0.4542758676016323,18.7,1.0,no
auxiliar,oncología,29.7,1365.902,5.0,3.9,19.6,no,51.0,mujer,fijo,centro A,13.0,-20.531167577932237,13.3,0.0,sí
auxiliar,urgencias,41.2,1843.852,0.0,2.5,6.1,sí,36.0,mujer,eventual,centro E,33.0,-7.813168441102338,30.3,0.0,no
enfermería,oncologia,31.7,1472.617,1.0,4.0,5.5,sí,36.0,mujer,interino,centro D,7.0,-10.878883133448848,53.3,0.0,no
medicina,planta,36.1,1673.642,2.0,2.4,5.2,no,41.0,mujer,fijo,centro E,41.0,-17.57583788751485,-99.0,2.0,sí
medicina,oncología,47.2,2133.233,0.0,4.7,19.1,sí,40.0,mujer,interino,centro C,32.0,-1.5852958595931872,21.7,0.0,sí
auxiliar,urgencias,48.9,2201.331,4.0,2.9,5.4,no,50.0,mujer,fijo,centro C,32.0,40.26593563227968,21.4,0.0,no
auxiliar,urgencias,41.6,1913.003,4.0,3.7,1.3,sí,49.0,mujer,interino,centro D,29.0,8.843254787399518,6.2,1.0,sí
medicina,  planta ,21.8,1005.289,1.0,2.5,15.3,no,39.0,mujer,fijo,centro A,25.0,-35.25839188686609,23.0,2.0,no
auxiliar,uci,36.6,1692.574,0.0,3.9,11.4,sí,66.0,mujer,fijo,centro B,13.0,-15.095082407255976,28.9,1.0,no
enfermería,quirofano,49.4,2370.375,2.0,1.5,9.7,sí,43.0,mujer,eventual,centro B,3.0,18.532851357659837,17.2,0.0,sí
enfermería,quirófano,40.0,1855.369,3.0,4.3,1.9,no,46.0,hombre,fijo,centro E,35.0,-11.713989314729705,-99.0,2.0,sí
medicina,urgencias,23.4,1085.968,0.0,3.6,9.0,sí,43.0,mujer,fijo,centro B,17.0,-26.389958991475392,7.5,1.0,no
auxiliar,  urgencias ,37.9,1744.844,0.0,3.4,29.5,sí,57.0,mujer,interino,centro D,44.0,-10.43527031222831,-99.0,0.0,sí
medicina,planta,35.5,1662.368,1.0,3.8,14.4,no,47.0,hombre,fijo,centro D,22.0,-13.944534016525878,23.8,0.0,sí
administración,consultas,40.8,1881.43,0.0,2.9,8.5,no,34.0,mujer,eventual,centro C,39.0,-30.81974222713584,7.5,0.0,sí
enfermería,consultas,52.8,2405.059,3.0,2.7,3.1,no,55.0,hombre,fijo,centro E,25.0,42.09593480778461,19.2,2.0,no
medicina,consultas,48.7,2267.288,0.0,1.2,5.1,no,25.0,mujer,fijo,centro D,11.0,7.031545556964822,20.1,3.0,no
enfermería,planta,35.6,1674.655,0.0,2.9,13.3,sí,54.0,mujer,interino,centro D,12.0,-20.24384129932622,13.6,0.0,no
auxiliar,quirofano,39.0,1803.296,1.0,3.1,5.5,sí,51.0,hombre,interino,centro A,16.0,-21.34155360489848,50.1,0.0,no
enfermería,QUIRÓFANO,31.0,1393.198,3.0,4.0,10.3,no,46.0,mujer,fijo,centro D,11.0,-22.95814626553598,4.3,1.0,no
enfermería,consultas,42.8,1994.798,4.0,2.9,18.3,no,50.0,hombre,interino,centro B,14.0,13.825023240190818,16.7,1.0,no
enfermería,planta,36.8,1659.551,1.0,2.4,21.1,no,53.0,mujer,interino,centro E,54.0,-15.778384366346861,18.7,0.0,sí
medicina,consultas,30.1,1401.089,6.0,2.4,15.2,no,50.0,mujer,eventual,centro A,13.0,-29.298661188147904,1.9,1.0,sí
medicina,  planta ,32.9,1491.084,4.0,3.3,17.0,sí,31.0,hombre,interino,centro C,29.0,-14.104054542121125,45.7,1.0,sí
enfermería,oncología,40.0,1831.927,5.0,4.7,20.1,no,23.0,mujer,interino,centro C,25.0,12.386300960888411,10.4,0.0,no
medicina,uci,38.7,1785.376,1.0,1.8,3.1,sí,40.0,mujer,fijo,centro C,25.0,2.7579193916599345,9.5,3.0,sí
auxiliar,uci,32.1,1435.293,0.0,4.0,7.9,no,49.0,mujer,interino,centro B,26.0,-23.191583958724372,42.5,2.0,sí
auxiliar,quirófano,29.8,1385.9,0.0,2.9,6.6,no,56.0,mujer,interino,centro A,97.0,-16.59390326414318,15.6,0.0,sí
medicina,planta,38.0,1755.979,4.0,4.1,6.0,no,32.0,mujer,fijo,centro A,37.0,-10.365024074970771,28.6,1.0,no
medicina,consultas,45.1,2033.506,0.0,3.4,5.8,no,42.0,mujer,N/D,centro C,29.0,1.750881040736607,21.8,3.0,no
enfermería,  planta ,39.9,1799.319,4.0,4.8,6.6,no,41.0,hombre,fijo,centro D,6.0,-22.58354514989648,5.6,0.0,no
administración,uci,43.9,2076.545,0.0,2.3,7.4,no,52.0,mujer,fijo,centro C,33.0,-13.010778071174453,41.5,0.0,no
celador,urgencias,32.8,1512.726,4.0,5.0,18.9,no,49.0,mujer,fijo,centro A,58.0,-23.871080114701517,21.5,2.0,no
administración,uci,51.1,2270.905,0.0,3.9,10.9,no,50.0,hombre,fijo,centro E,41.0,0.9953457632733613,-99.0,1.0,sí
auxiliar,planta,42.8,1863.36,0.0,2.2,14.0,no,37.0,mujer,interino,centro D,47.0,-14.694600907005782,15.0,2.0,sí
medicina,consultas,39.3,1778.896,1.0,2.6,3.2,sí,44.0,mujer,fijo,centro E,39.0,-7.644559928547113,20.6,1.0,sí
enfermería,consultas,45.6,2076.743,5.0,3.4,11.0,no,35.0,hombre,eventual,centro A,45.0,1.1032252977423749,19.9,2.0,sí
enfermería,planta,31.5,1412.196,0.0,2.6,2.6,no,54.0,mujer,fijo,centro D,47.0,-20.04791589899512,20.5,2.0,no
medicina,consultas,44.3,2090.873,5.0,2.7,28.1,sí,59.0,hombre,interino,centro C,13.0,1.36107378590202,29.5,2.0,sí
medicina,urgencias,34.0,1629.837,3.0,1.8,4.5,sí,41.0,hombre,interino,centro A,28.0,-19.283773397391734,30.8,0.0,sí
auxiliar,ONCOLOGÍA,40.7,1862.547,1.0,5.0,12.2,sí,34.0,hombre,interino,centro C,31.0,-0.9219875295877156,23.4,1.0,no
medicina,consultas,42.8,1947.19,3.0,3.5,14.6,no,45.0,mujer,fijo,centro E,61.0,-7.916037334916459,2.1,0.0,sí
celador,planta,27.0,1228.511,4.0,2.0,14.7,no,32.0,hombre,eventual,centro D,29.0,-23.818283551969923,24.0,0.0,no
auxiliar,planta,34.9,1607.002,3.0,2.8,2.5,sí,39.0,mujer,N/D,centro B,21.0,-14.483904004591801,10.9,0.0,no
medicina,urgencias,46.4,2186.439,0.0,3.1,16.4,no,38.0,hombre,interino,centro D,50.0,1.4159968383189505,24.4,0.0,no
medicina,uci,46.0,2080.171,1.0,2.2,6.4,no,42.0,mujer,fijo,centro A,18.0,-15.64268976507572,38.7,2.0,no
enfermería,uci,40.8,1918.795,0.0,3.1,14.6,no,30.0,mujer,eventual,centro C,56.0,0.9492961412668031,20.2,1.0,no
enfermería,PLANTA,20.5,940.495,4.0,2.7,17.9,sí,53.0,hombre,fijo,centro C,8.0,-22.49925345552421,9.2,3.0,sí
enfermería,planta,29.0,1411.299,0.0,3.5,14.3,no,43.0,mujer,fijo,centro C,44.0,-21.73034322999654,45.9,1.0,no
enfermería,planta,29.2,1360.397,5.0,1.7,18.7,no,41.0,mujer,eventual,centro B,18.0,-31.699140356076832,-99.0,2.0,sí
medicina,consultas,46.1,2123.815,3.0,3.0,22.4,no,46.0,hombre,interino,centro D,19.0,-3.539379067635494,-99.0,2.0,no
enfermería,urgencias,34.1,1566.708,1.0,3.9,9.5,no,32.0,hombre,fijo,centro B,19.0,-11.308069914229055,40.6,2.0,no
celador,quirófano,37.3,1720.126,2.0,2.7,13.7,sí,43.0,mujer,fijo,centro B,10.0,-13.369817665532818,22.6,1.0,no
enfermería,urgencias,39.2,1816.841,0.0,4.9,1.7,no,38.0,mujer,fijo,centro B,60.0,-7.6577106517546385,20.3,0.0,sí
administración,consultas,32.4,1475.996,5.0,1.0,11.5,no,53.0,hombre,fijo,centro D,71.0,-23.993909159634825,7.4,3.0,no
enfermería,quirófano,35.6,1615.068,1.0,3.0,12.0,no,38.0,hombre,fijo,centro E,45.0,-13.948893730069106,5.4,1.0,sí
administración,uci,34.7,1601.128,5.0,4.2,26.4,sí,30.0,mujer,eventual,centro A,18.0,-9.928211911660146,8.5,2.0,sí
enfermería,urgencias,41.6,1954.713,2.0,4.7,3.8,no,38.0,mujer,fijo,centro D,61.0,-6.251457586053112,14.2,2.0,no
enfermería,urgencias,36.2,1637.951,4.0,3.7,18.5,no,43.0,hombre,interino,centro A,20.0,-25.987260137113402,27.0,1.0,sí
administración,  planta ,50.9,2398.751,2.0,2.5,2.7,no,41.0,mujer,fijo,centro C,105.0,20.671403906725534,10.2,1.0,sí
auxiliar,  planta ,33.9,1585.904,4.0,2.9,14.4,no,57.0,mujer,interino,centro D,23.0,-29.825405942584247,26.3,3.0,sí
medicina,uci,32.0,1435.852,3.0,4.6,11.0,sí,30.0,hombre,fijo,centro C,51.0,-27.790367854033164,2.4,3.0,sí
auxiliar,CONSULTAS,36.4,1684.279,4.0,2.5,6.6,no,43.0,mujer,interino,centro B,7.0,-17.482898142400412,5.7,1.0,no
enfermería,consultas,38.2,1768.247,3.0,4.9,4.5,no,46.0,mujer,interino,centro B,18.0,-14.616586953915828,10.2,0.0,no
medicina,urgencias,38.3,1794.973,3.0,4.4,1.5,sí,40.0,mujer,interino,centro C,24.0,-13.405418498317445,7.2,0.0,no
celador,consultas,44.0,2028.5,1.0,2.8,14.1,no,36.0,mujer,eventual,centro B,9.0,-0.6897042136588933,3.5,0.0,sí
celador,oncología,42.3,1959.499,1.0,3.1,3.2,no,33.0,hombre,fijo,centro E,62.0,-4.49838156718904,2.3,1.0,sí
medicina,URGENCIAS,38.2,1682.82,0.0,3.2,9.4,no,47.0,mujer,interino,centro C,17.0,-12.759342802421656,10.2,0.0,no
medicina,QUIRÓFANO,43.6,2024.575,2.0,4.5,9.5,no,25.0,hombre,fijo,centro B,9.0,-13.462032961596533,12.6,0.0,sí
medicina,  urgencias ,38.0,1762.444,1.0,3.7,3.6,no,40.0,hombre,eventual,centro A,31.0,-20.0898375994676,58.8,0.0,no
medicina,oncología,38.5,1722.23,4.0,4.4,5.9,sí,56.0,mujer,fijo,centro E,13.0,-20.30056712950929,-99.0,1.0,no
medicina,planta,46.1,2135.46,2.0,2.7,11.4,sí,40.0,mujer,eventual,centro A,29.0,16.899636856336336,27.8,0.0,sí
medicina,  planta ,44.4,2064.175,3.0,3.2,20.0,no,44.0,hombre,fijo,centro C,35.0,7.933231426848469,2.8,0.0,no
administración,planta,37.5,1728.956,1.0,2.0,12.2,no,43.0,hombre,eventual,centro E,19.0,-13.438350290169502,10.7,0.0,no
enfermería,  planta ,42.6,1920.351,2.0,4.6,6.7,no,32.0,hombre,fijo,centro B,12.0,-10.020932651353782,23.3,0.0,no
celador,consultas,48.8,2314.839,1.0,5.0,13.7,sí,48.0,mujer,N/D,centro E,13.0,23.69159039943044,14.0,1.0,no
enfermería,PLANTA,36.1,1688.935,0.0,2.9,10.1,sí,48.0,mujer,fijo,centro A,52.0,-21.790355441980143,6.8,0.0,no
enfermería,planta,38.8,1833.59,2.0,5.0,15.6,sí,45.0,mujer,fijo,centro A,27.0,-12.002928992329776,20.9,3.0,no
medicina,planta,33.8,1598.432,1.0,2.9,1.6,sí,58.0,mujer,fijo,centro E,23.0,-22.844082522593396,2.0,2.0,sí
medicina,oncología,43.4,1985.304,4.0,5.0,11.0,sí,52.0,hombre,eventual,centro E,9.0,15.685645240921001,29.8,0.0,no
enfermería,  urgencias ,45.0,2072.817,5.0,3.4,6.6,no,61.0,mujer,N/D,centro C,68.0,24.617934366021544,11.0,0.0,sí
auxiliar,urgencias,34.6,1576.96,1.0,3.5,12.0,sí,53.0,hombre,fijo,centro E,5.0,-14.24141680941668,28.4,2.0,no
enfermería,planta,37.2,1687.021,0.0,3.9,8.3,no,34.0,mujer,eventual,centro C,24.0,-16.605662878566584,4.3,1.0,no
celador,quirofano,42.0,1954.313,0.0,5.0,17.4,sí,22.0,hombre,fijo,centro D,27.0,-20.046718875490566,5.4,1.0,sí
enfermería,consultas,38.3,1754.815,3.0,2.8,28.4,sí,42.0,mujer,eventual,centro B,26.0,12.041474307020616,30.5,0.0,no
auxiliar,consultas,37.8,1760.692,3.0,2.4,26.9,no,43.0,mujer,fijo,centro A,20.0,-17.394661433439108,45.8,0.0,no
auxiliar,  planta ,39.4,1821.343,0.0,2.7,3.6,sí,46.0,mujer,interino,centro C,24.0,7.852248612162944,19.6,2.0,no
administración,consultas,37.0,1746.293,4.0,3.2,26.5,no,30.0,hombre,interino,centro C,24.0,-11.956397516454208,14.9,1.0,no
celador,oncología,38.1,1786.112,0.0,3.3,8.8,sí,44.0,hombre,fijo,centro A,4.0,-19.40486825793026,26.4,0.0,sí
administración,consultas,45.3,2014.873,6.0,2.8,7.7,no,47.0,mujer,eventual,centro B,67.0,22.969238632564416,11.8,1.0,sí
enfermería,UCI,41.3,1791.066,1.0,3.6,8.2,no,31.0,hombre,N/D,centro D,54.0,-22.23440542467422,-99.0,0.0,no
administración,uci,41.4,1890.137,4.0,4.4,15.8,no,43.0,hombre,fijo,centro B,31.0,0.7991515606237627,17.3,0.0,no
enfermería,planta,48.1,2277.064,0.0,2.8,15.4,no,28.0,mujer,interino,centro A,3.0,9.521226043945125,82.3,0.0,no
auxiliar,oncología,40.1,1883.701,2.0,2.3,20.5,no,37.0,mujer,fijo,centro B,50.0,-3.0864522160981975,14.5,2.0,sí
medicina,urgencias,47.0,2172.224,3.0,3.7,1.2,no,37.0,mujer,fijo,centro D,18.0,10.438252243353446,10.5,2.0,no
medicina,quirófano,44.8,2097.522,5.0,2.3,16.6,no,24.0,mujer,fijo,centro D,15.0,10.254693983066971,39.6,2.0,no
medicina,  planta ,39.7,1779.008,0.0,4.6,8.6,no,41.0,mujer,eventual,centro A,15.0,-27.17995440073461,4.4,4.0,sí
enfermería,consultas,43.3,2008.747,0.0,3.9,18.6,sí,40.0,hombre,fijo,centro A,15.0,-8.93976828532036,20.3,1.0,sí
auxiliar,quirófano,33.0,1518.763,1.0,2.4,6.6,no,57.0,hombre,fijo,centro E,54.0,-4.052716221898018,23.8,3.0,sí
celador,quirofano,31.3,1460.123,5.0,5.0,28.1,no,27.0,mujer,interino,centro E,15.0,-18.64875685870001,20.5,3.0,sí
administración,consultas,29.3,1358.79,3.0,3.7,22.4,no,43.0,mujer,eventual,centro A,43.0,-26.285196503679558,2.9,0.0,sí
administración,planta,26.9,1227.323,4.0,2.0,9.7,sí,42.0,mujer,interino,centro C,17.0,-12.510986789428776,6.8,0.0,no
celador,planta,43.2,2065.78,0.0,4.1,14.9,sí,45.0,mujer,fijo,centro E,63.0,-14.34239904561596,3.4,0.0,no
enfermería,quirófano,39.4,1803.604,5.0,3.1,9.0,no,49.0,mujer,eventual,centro C,32.0,10.105189239619982,24.8,0.0,sí
medicina,URGENCIAS,35.2,1647.404,0.0,1.9,4.7,sí,41.0,hombre,interino,centro A,3.0,2.3951514560540055,-99.0,2.0,sí
enfermería,planta,39.1,1771.798,4.0,3.8,22.3,no,50.0,hombre,fijo,centro B,18.0,-13.05619971723534,22.1,0.0,sí
auxiliar,uci,34.6,1586.871,0.0,4.6,16.0,no,23.0,mujer,fijo,centro D,28.0,-32.229089348275714,4.7,0.0,sí
celador,uci,38.3,1828.259,2.0,2.5,15.0,no,27.0,mujer,fijo,centro C,42.0,-13.525794870052422,3.4,1.0,sí
celador,uci,41.7,1887.431,1.0,4.0,18.7,no,35.0,mujer,fijo,centro C,64.0,-3.992009077951706,7.8,0.0,no
auxiliar,quirófano,33.2,1529.352,7.0,4.2,9.3,sí,28.0,mujer,fijo,centro B,59.0,-22.884428435212225,10.2,4.0,no
auxiliar,planta,37.1,1687.256,6.0,2.8,24.3,no,33.0,hombre,interino,centro D,6.0,-14.682378961790995,27.8,0.0,sí
auxiliar,uci,37.4,1757.176,2.0,4.2,10.2,sí,51.0,mujer,fijo,centro D,27.0,3.644131857607002,3.5,0.0,sí
medicina,oncología,32.6,1508.717,0.0,2.9,4.8,no,51.0,mujer,eventual,centro B,4.0,-25.6619831865106,4.7,0.0,no
auxiliar,planta,38.9,1759.892,2.0,2.9,12.2,sí,31.0,hombre,fijo,centro C,44.0,2.098560301219612,-99.0,0.0,no
enfermería,planta,38.8,1717.621,3.0,2.2,20.0,no,41.0,mujer,interino,centro C,33.0,-16.807946160492047,53.2,2.0,no
administración,planta,41.3,1893.257,3.0,3.4,19.7,no,44.0,mujer,interino,centro E,26.0,-12.675712906790423,9.6,2.0,sí
enfermería,consultas,39.0,1833.218,3.0,2.6,4.6,no,33.0,hombre,fijo,centro E,23.0,-14.952819581174634,20.6,1.0,no
enfermería,uci,41.2,1911.492,1.0,4.3,9.3,sí,49.0,hombre,fijo,centro E,46.0,-4.244471005626056,7.8,2.0,sí
administración,consultas,24.8,1154.084,3.0,2.6,7.6,sí,58.0,mujer,fijo,centro E,1.0,-41.49782213380095,5.4,2.0,sí
auxiliar,consultas,34.6,1600.453,4.0,1.0,19.8,sí,44.0,mujer,fijo,centro D,71.0,-17.438201393205482,10.7,2.0,sí
auxiliar,planta,36.9,1743.008,5.0,1.8,2.9,no,55.0,mujer,fijo,centro D,47.0,-12.371910458994149,23.1,1.0,no
medicina,planta,30.9,1438.398,5.0,2.2,7.5,sí,42.0,mujer,fijo,centro B,12.0,-19.100814681890753,17.4,3.0,sí
medicina,quirófano,35.5,1623.504,1.0,4.1,0.5,sí,52.0,mujer,fijo,centro C,6.0,-13.598930425281832,0.9,2.0,sí
enfermería,planta,31.4,1409.421,5.0,2.6,6.8,no,55.0,mujer,fijo,centro C,10.0,-25.169530633977878,23.8,2.0,no
enfermería,urgencias,27.9,1318.303,0.0,2.8,19.8,sí,35.0,mujer,fijo,centro A,15.0,-25.904958008593837,79.2,2.0,sí
celador,PLANTA,36.1,1716.72,3.0,5.0,16.1,no,60.0,mujer,N/D,centro E,22.0,-28.7236105203219,13.7,2.0,sí
administración,planta,33.4,1537.795,2.0,3.2,8.6,no,58.0,hombre,fijo,centro B,2.0,-19.491059192663702,5.8,4.0,sí
enfermería,planta,49.5,2271.995,2.0,3.1,9.0,sí,24.0,mujer,fijo,centro B,7.0,28.575045002907153,23.5,0.0,sí
administración,uci,47.3,2257.838,5.0,3.1,8.0,no,49.0,hombre,interino,centro B,5.0,20.630531546675776,6.3,1.0,no
enfermería,planta,39.5,1781.819,0.0,2.8,16.4,no,40.0,mujer,N/D,centro C,32.0,0.6590570601907562,14.1,1.0,no
enfermería,uci,37.8,1764.559,2.0,1.4,10.8,no,43.0,hombre,fijo,centro D,16.0,-20.38784206614895,4.6,0.0,sí
enfermería,oncología,28.0,1267.913,2.0,2.8,11.1,no,40.0,hombre,eventual,centro D,16.0,-16.59328225321216,-99.0,2.0,no
enfermería,uci,45.9,2104.005,1.0,2.7,1.8,sí,28.0,hombre,N/D,centro B,16.0,15.042739761548463,3.1,1.0,no
celador,CONSULTAS,45.3,2166.952,2.0,4.3,5.4,no,41.0,hombre,fijo,centro E,16.0,4.208812036892226,10.2,0.0,sí
celador,quirófano,21.9,965.261,3.0,3.7,11.1,sí,33.0,mujer,interino,centro D,31.0,-14.646896588741125,15.1,2.0,sí
auxiliar,consultas,42.2,1887.954,1.0,5.0,9.4,no,49.0,mujer,eventual,centro D,19.0,-19.991828962265714,4.7,3.0,sí
medicina,consultas,38.0,1777.353,3.0,3.1,15.7,sí,55.0,mujer,fijo,centro E,16.0,-0.3928976873534271,18.7,1.0,sí
enfermería,consultas,36.9,1692.643,3.0,3.4,6.7,no,50.0,mujer,interino,centro B,44.0,-19.191784845445042,18.4,0.0,no
enfermería,planta,51.4,2438.863,0.0,1.5,25.5,no,32.0,mujer,fijo,centro C,5.0,3.8945857311837244,27.5,0.0,no
enfermería,PLANTA,33.4,1581.929,5.0,4.6,3.1,no,31.0,mujer,N/D,centro D,57.0,-12.167694488882166,12.6,1.0,sí
celador,urgencias,33.8,1550.837,0.0,3.9,10.1,sí,46.0,mujer,fijo,centro A,43.0,-19.204337617407557,-99.0,1.0,no
celador,planta,39.9,1824.263,0.0,3.7,16.1,no,42.0,hombre,fijo,centro A,29.0,-29.69443657877843,76.3,4.0,sí
enfermería,oncologia,46.2,2077.5,0.0,2.8,10.6,no,61.0,mujer,interino,centro C,50.0,6.888327847115033,-99.0,1.0,no
celador,consultas,40.0,1770.699,0.0,3.2,7.0,sí,36.0,mujer,fijo,centro B,16.0,-5.853707456351722,47.9,1.0,sí
celador,URGENCIAS,37.0,1691.737,5.0,3.7,10.8,sí,48.0,mujer,fijo,centro A,63.0,-15.947432956297822,2.6,1.0,no
medicina,ONCOLOGÍA,45.8,2158.975,0.0,3.3,17.6,no,32.0,hombre,fijo,centro E,46.0,-7.56806882765274,2.1,1.0,sí
enfermería,oncología,38.8,1761.761,1.0,3.1,17.1,sí,55.0,hombre,N/D,centro C,32.0,-16.553645497792417,22.9,2.0,no
auxiliar,urgencias,38.5,1747.778,5.0,2.9,21.4,sí,57.0,mujer,interino,centro B,28.0,-14.455520844753917,10.5,0.0,sí
auxiliar,uci,39.4,1802.238,4.0,2.4,11.4,no,51.0,mujer,fijo,centro E,7.0,-13.424692908323856,12.1,0.0,no
enfermería,oncologia,41.3,1902.862,0.0,2.8,8.3,no,31.0,mujer,interino,centro A,7.0,-23.53591408748718,114.1,0.0,sí
auxiliar,UCI,29.9,1400.674,0.0,3.8,18.5,no,29.0,mujer,fijo,centro E,21.0,-5.104866439647697,45.3,4.0,no
administración,quirófano,41.4,1908.243,2.0,3.2,15.3,sí,49.0,hombre,fijo,centro A,47.0,-0.13237667805516828,15.3,0.0,sí
enfermería,consultas,36.8,1685.947,2.0,3.2,11.4,no,22.0,hombre,fijo,centro E,165.0,-27.24705651329166,25.1,0.0,sí
celador,consultas,42.7,1986.332,0.0,4.0,3.7,no,49.0,mujer,fijo,centro D,20.0,6.054988684438934,44.2,2.0,no
enfermería,urgencias,32.9,1520.722,4.0,3.3,8.9,no,42.0,mujer,fijo,centro D,33.0,-21.01955974938805,5.1,0.0,no
medicina,consultas,37.3,1679.903,0.0,3.1,8.1,sí,54.0,mujer,eventual,centro C,46.0,-5.04807044435602,10.4,1.0,sí
celador,planta,31.2,1433.048,0.0,3.8,9.3,no,38.0,mujer,fijo,centro D,18.0,-18.160339086213163,3.3,0.0,no
auxiliar,  quirófano ,34.1,1525.515,6.0,4.1,11.9,sí,46.0,hombre,eventual,centro E,25.0,-2.2444841594592457,50.4,0.0,sí
celador,urgencias,38.6,1722.626,3.0,1.8,9.0,sí,34.0,hombre,fijo,centro B,24.0,25.309848525980826,26.3,2.0,no
medicina,  planta ,36.0,1650.697,4.0,4.3,11.1,no,50.0,hombre,fijo,centro C,23.0,-14.696908132323795,7.4,2.0,no
medicina,planta,42.2,1938.154,0.0,4.2,3.2,sí,55.0,mujer,fijo,centro D,11.0,-9.707504293826611,122.3,0.0,sí
medicina,consultas,31.8,1445.25,0.0,1.9,2.0,no,48.0,hombre,fijo,centro E,11.0,-30.81763556024236,27.5,2.0,no
celador,planta,37.8,1739.515,0.0,3.9,22.1,sí,63.0,mujer,N/D,centro C,24.0,-15.38595359196311,24.6,1.0,no
enfermería,quirofano,37.8,1755.899,6.0,4.5,12.2,sí,38.0,mujer,interino,centro E,5.0,8.748516201222012,9.6,0.0,sí
administración,planta,30.3,1402.961,2.0,3.1,5.6,no,39.0,mujer,N/D,centro A,11.0,-34.87849915849405,9.8,0.0,sí
medicina,  consultas ,41.0,1924.058,0.0,4.8,12.8,sí,35.0,hombre,interino,centro A,100.0,-17.293481908543644,11.4,3.0,sí
administración,oncología,22.5,1032.283,5.0,3.4,5.7,sí,49.0,mujer,fijo,centro E,57.0,-33.66976297021744,30.1,1.0,no
auxiliar,urgencias,44.6,2076.999,1.0,4.3,9.2,sí,27.0,mujer,N/D,centro D,14.0,11.722657430514165,2.9,1.0,no
administración,UCI,33.8,1547.794,5.0,3.6,5.5,no,31.0,hombre,interino,centro E,56.0,-17.759438106159898,-99.0,2.0,no
medicina,planta,43.0,1985.292,0.0,2.9,8.1,no,46.0,hombre,fijo,centro E,19.0,3.510947612002486,64.1,0.0,sí
enfermería,  consultas ,22.3,1005.92,1.0,4.8,15.9,no,41.0,mujer,interino,centro B,8.0,-28.9531917267078,21.6,2.0,no
auxiliar,consultas,30.2,1419.334,0.0,3.6,17.5,no,48.0,mujer,fijo,centro A,80.0,-33.63438329163691,11.1,1.0,sí
enfermería,uci,33.3,1574.328,6.0,4.1,11.7,sí,26.0,mujer,fijo,centro D,26.0,-15.946457571169974,30.0,2.0,no
administración,planta,38.8,1814.274,4.0,3.9,9.2,no,34.0,mujer,fijo,centro D,6.0,0.8372192478942537,19.8,0.0,no
medicina,  consultas ,49.8,2300.275,0.0,3.8,21.2,sí,66.0,mujer,fijo,centro A,39.0,29.797994018659473,29.4,4.0,no
medicina,uci,37.0,1666.207,0.0,5.0,4.3,no,35.0,mujer,interino,centro B,150.0,-20.03765971175109,14.8,1.0,no
celador,planta,37.6,1729.712,5.0,3.1,2.7,sí,44.0,mujer,fijo,centro C,70.0,-7.4643427450518445,7.5,1.0,no
auxiliar,planta,29.1,1327.767,0.0,4.4,14.0,no,35.0,mujer,interino,centro A,29.0,-18.14315841818637,2.7,0.0,sí
administración,oncologia,45.5,2048.207,7.0,2.2,5.0,sí,51.0,mujer,fijo,centro E,22.0,17.72497900288274,14.2,1.0,no
medicina,consultas,31.2,1422.095,4.0,3.1,6.9,no,56.0,hombre,interino,centro B,10.0,-14.169000221598015,20.4,0.0,sí
administración,quirófano,28.6,1331.051,0.0,1.2,2.7,no,55.0,hombre,fijo,centro A,40.0,-20.26884357228284,4.9,1.0,no
enfermería,uci,39.7,1799.707,4.0,4.0,5.5,sí,26.0,mujer,fijo,centro E,2.0,-7.070605875454147,42.0,2.0,sí
celador,uci,35.8,1615.582,3.0,3.2,21.8,no,45.0,hombre,fijo,centro C,29.0,-1.2405598258493882,16.2,2.0,sí
medicina,  consultas ,44.8,2060.128,2.0,4.4,16.1,no,50.0,mujer,eventual,centro E,77.0,-0.17357917123942962,11.4,1.0,sí
auxiliar,urgencias,50.8,2336.296,2.0,4.8,18.6,no,40.0,hombre,fijo,centro C,29.0,22.69226862280505,19.1,0.0,no
enfermería,planta,25.6,1147.966,3.0,3.2,19.7,no,39.0,hombre,fijo,centro E,25.0,-31.29338926779367,43.4,1.0,sí
medicina,urgencias,45.8,2109.069,0.0,3.2,6.5,sí,51.0,mujer,fijo,centro A,13.0,2.3073257515295422,12.9,1.0,sí
enfermería,  planta ,35.9,1675.806,2.0,2.2,21.5,sí,32.0,mujer,fijo,centro D,35.0,-16.015372572261413,17.6,2.0,sí
auxiliar,oncología,38.5,1825.6,1.0,3.7,14.9,no,35.0,mujer,interino,centro E,36.0,-31.179010641155376,13.4,1.0,no
auxiliar,oncología,39.8,1838.492,4.0,5.0,3.6,sí,38.0,mujer,fijo,centro C,45.0,-18.440355988775874,102.0,1.0,sí
administración,consultas,40.0,1892.878,4.0,4.9,1.1,no,32.0,mujer,fijo,centro C,35.0,-1.3074202830151673,16.4,0.0,no
enfermería,  planta ,43.7,2034.232,0.0,4.0,17.2,no,39.0,mujer,interino,centro A,22.0,-2.7513704791556015,13.7,2.0,no
celador,urgencias,52.0,2443.787,2.0,4.3,4.4,sí,50.0,hombre,fijo,centro C,16.0,25.84627427185385,2.0,1.0,sí
auxiliar,quirófano,34.9,1551.742,0.0,3.9,21.6,sí,45.0,mujer,fijo,centro D,41.0,-28.260698593341885,-99.0,1.0,no
enfermería,urgencias,37.4,1772.789,3.0,3.3,19.5,sí,38.0,mujer,interino,centro E,17.0,-11.234977352920545,9.8,0.0,no
enfermería,uci,44.8,2023.51,0.0,4.7,16.5,no,49.0,hombre,fijo,centro A,6.0,-8.682563966987633,50.9,0.0,no
medicina,uci,29.3,1372.202,0.0,4.7,22.9,no,29.0,hombre,fijo,centro A,12.0,-23.735853929908277,8.4,0.0,no
administración,planta,45.5,2136.851,1.0,3.4,7.8,sí,44.0,mujer,fijo,centro C,49.0,-7.751222337838926,25.0,1.0,no
enfermería,oncología,27.2,1186.674,0.0,4.5,8.4,no,38.0,mujer,interino,centro A,29.0,-38.66711430791077,22.8,0.0,no
administración,  consultas ,41.2,1929.678,4.0,3.9,20.2,sí,46.0,hombre,fijo,centro B,52.0,2.940895075074413,25.0,1.0,no
medicina,oncología,34.4,1640.593,2.0,3.2,2.7,no,41.0,mujer,fijo,centro C,29.0,-21.348163232766172,23.0,0.0,no
medicina,planta,33.8,1642.771,3.0,4.2,5.6,sí,46.0,hombre,interino,centro D,14.0,-16.86348028310442,11.6,2.0,no
administración,consultas,45.5,2101.437,1.0,3.2,11.4,no,33.0,mujer,fijo,centro E,32.0,7.72046605510983,13.1,0.0,no
auxiliar,UCI,33.2,1519.007,2.0,2.4,16.0,no,39.0,hombre,fijo,centro D,45.0,-19.20392846498506,4.2,1.0,sí
enfermería,urgencias,39.0,1796.844,3.0,4.9,2.3,sí,57.0,hombre,interino,centro E,16.0,9.614933712454077,-99.0,1.0,no
auxiliar,quirófano,41.6,1933.158,1.0,4.4,13.8,no,34.0,mujer,interino,centro E,24.0,-6.992579697876872,41.3,1.0,sí
medicina,consultas,42.7,1942.193,1.0,4.0,4.2,sí,43.0,hombre,eventual,centro E,11.0,2.796289596756394,14.8,3.0,no
medicina,planta,36.0,1653.427,2.0,3.5,9.9,sí,47.0,hombre,fijo,centro C,62.0,-34.51917653769988,13.8,2.0,no
medicina,planta,45.7,2063.89,0.0,1.7,4.8,no,28.0,mujer,interino,centro E,13.0,-11.631039737062167,3.8,1.0,sí
enfermería,urgencias,37.0,1758.601,3.0,3.5,14.0,no,29.0,hombre,eventual,centro B,69.0,-7.97589375686459,28.2,1.0,sí
medicina,quirofano,36.1,1684.212,0.0,2.3,6.2,no,45.0,hombre,interino,centro B,3.0,-5.468899564201472,6.2,1.0,no
celador,  urgencias ,40.4,1860.907,3.0,1.0,3.1,no,45.0,mujer,eventual,centro C,51.0,8.896077809691995,-99.0,1.0,no
auxiliar,oncología,27.3,1256.68,5.0,2.7,7.3,no,49.0,mujer,fijo,centro D,9.0,-41.04569323487676,12.3,0.0,sí
auxiliar,consultas,41.0,1897.278,5.0,2.5,3.0,sí,26.0,mujer,fijo,centro E,6.0,-23.275166677880097,24.3,0.0,sí
medicina,urgencias,40.3,1825.468,2.0,5.0,9.6,no,57.0,mujer,fijo,centro C,26.0,-2.0753207015958672,46.8,0.0,no
medicina,planta,33.7,1545.405,2.0,1.1,14.1,sí,38.0,mujer,fijo,centro B,5.0,-35.56696767112517,-99.0,0.0,no
administración,urgencias,40.3,1852.943,2.0,4.0,2.4,sí,29.0,mujer,eventual,centro D,99.0,11.779545335552404,7.7,0.0,sí
administración,planta,32.3,1491.851,3.0,2.5,9.6,no,51.0,mujer,eventual,centro E,31.0,-32.4787348883335,21.2,1.0,sí
celador,UCI,38.9,1808.197,2.0,2.3,2.2,no,33.0,mujer,fijo,centro A,17.0,-1.5867052738011482,72.2,2.0,sí
medicina,quirófano,36.8,1704.144,3.0,3.3,3.8,no,30.0,mujer,interino,centro E,35.0,-16.764811702836013,13.7,1.0,no
enfermería,planta,34.9,1614.395,2.0,4.7,3.9,no,42.0,hombre,fijo,centro C,5.0,1.8898997857526538,26.3,0.0,no
enfermería,consultas,36.0,1665.781,0.0,2.9,3.3,no,42.0,mujer,fijo,centro E,9.0,-19.24432225783438,16.4,2.0,no
celador,consultas,32.8,1567.624,2.0,5.0,23.5,no,58.0,mujer,interino,centro E,2.0,-37.10152162218517,29.9,1.0,no
administración,planta,33.0,1522.146,3.0,5.0,12.0,sí,51.0,hombre,fijo,centro E,22.0,-15.396402352117633,101.9,2.0,no
auxiliar,  planta ,40.9,1868.073,2.0,3.2,13.1,no,24.0,mujer,N/D,centro C,19.0,-11.20163589650419,-99.0,0.0,no
enfermería,  quirófano ,33.9,1604.077,3.0,5.0,5.0,no,33.0,mujer,fijo,centro D,20.0,-14.986710579220267,34.2,1.0,sí
medicina,QUIRÓFANO,37.0,1701.336,2.0,2.9,7.1,sí,44.0,mujer,interino,centro A,37.0,-12.664795086921188,30.9,3.0,no
auxiliar,consultas,46.1,2074.099,5.0,4.4,0.2,sí,49.0,hombre,interino,centro D,27.0,30.490554008228607,13.9,0.0,sí
administración,PLANTA,37.8,1715.698,0.0,3.8,10.9,no,22.0,mujer,interino,centro C,57.0,-14.17219450834121,8.2,1.0,no
enfermería,planta,27.8,1293.916,1.0,2.9,3.6,no,38.0,mujer,N/D,centro E,22.0,-14.904432746547574,25.3,0.0,sí
medicina,consultas,47.9,2219.936,5.0,3.9,2.0,sí,25.0,mujer,fijo,centro B,38.0,16.81852455583938,18.4,2.0,sí
enfermería,planta,35.7,1590.278,3.0,3.6,8.7,sí,28.0,mujer,fijo,centro D,13.0,-13.985757395612488,12.4,0.0,no
medicina,planta,20.9,960.028,2.0,2.6,12.8,sí,58.0,mujer,eventual,centro B,13.0,-19.474879739457677,16.4,0.0,no
enfermería,planta,31.9,1434.587,4.0,3.1,4.0,no,25.0,mujer,fijo,centro A,22.0,-16.508641475799713,20.9,2.0,sí
enfermería,CONSULTAS,33.4,1591.271,0.0,3.8,8.9,no,29.0,mujer,fijo,centro C,17.0,-27.75903726724621,-99.0,0.0,sí
enfermería,consultas,29.6,1385.04,2.0,4.3,6.6,no,51.0,mujer,fijo,centro D,3.0,-33.743178678773845,12.5,1.0,sí
celador,planta,40.1,1905.348,0.0,3.2,23.7,sí,29.0,hombre,interino,centro C,88.0,-17.366120943893208,7.5,2.0,no
medicina,  planta ,39.3,1818.335,5.0,3.3,14.9,sí,38.0,mujer,N/D,centro B,18.0,3.2468045334255433,8.5,0.0,sí
medicina,planta,46.3,2218.836,4.0,1.0,10.1,sí,50.0,hombre,N/D,centro D,21.0,15.251177050662593,6.4,0.0,no
medicina,quirófano,35.3,1652.928,2.0,2.8,9.4,no,22.0,mujer,N/D,centro E,30.0,-30.042299025561626,24.5,1.0,sí
enfermería,UCI,50.4,2274.243,4.0,2.8,4.6,no,39.0,mujer,fijo,centro D,94.0,26.004826699452412,23.4,0.0,sí
enfermería,quirófano,35.1,1632.378,0.0,2.1,4.7,no,51.0,hombre,fijo,centro E,19.0,-0.46160689967320145,27.9,0.0,no
auxiliar,uci,49.7,2192.818,0.0,3.6,14.0,sí,30.0,mujer,fijo,centro A,3.0,15.902269023955327,11.7,1.0,no
celador,quirófano,41.5,1917.94,3.0,3.9,7.7,no,41.0,mujer,N/D,centro C,17.0,-15.589008471399342,16.0,0.0,sí
auxiliar,  quirófano ,41.4,1898.602,4.0,2.3,24.1,no,46.0,mujer,eventual,centro C,1.0,7.7348203498718435,11.9,0.0,no
auxiliar,quirófano,38.0,1742.08,2.0,3.8,8.0,no,29.0,mujer,fijo,centro E,28.0,-6.219971158376607,17.2,1.0,sí
enfermería,  planta ,34.9,1610.683,0.0,1.9,21.1,sí,46.0,mujer,fijo,centro B,44.0,-24.982736812965697,18.8,0.0,sí
auxiliar,  urgencias ,45.2,2054.596,0.0,2.7,9.3,no,48.0,mujer,eventual,centro D,13.0,7.287872787640753,53.2,2.0,sí
auxiliar,quirófano,38.0,1714.568,1.0,2.3,5.3,sí,38.0,mujer,interino,centro A,15.0,-17.500832922681624,22.3,0.0,sí
enfermería,planta,33.6,1577.174,7.0,3.6,4.3,sí,42.0,mujer,interino,centro B,24.0,-29.25653281550362,11.8,2.0,sí
celador,quirófano,40.1,1856.184,2.0,2.0,5.3,no,50.0,hombre,fijo,centro C,20.0,-5.4414183234114795,32.7,0.0,sí
enfermería,urgencias,40.2,1837.624,6.0,2.2,11.5,sí,42.0,mujer,interino,centro E,26.0,-0.005315434879101133,8.0,3.0,sí
enfermería,quirófano,38.8,1657.989,4.0,3.7,4.8,sí,48.0,mujer,fijo,centro D,8.0,-10.073206877017707,21.4,1.0,sí
medicina,consultas,40.0,1838.695,2.0,4.2,6.9,sí,42.0,mujer,eventual,centro C,28.0,0.18067960368548697,21.9,0.0,sí
auxiliar,uci,24.5,1158.703,5.0,3.2,11.0,no,35.0,mujer,fijo,centro C,14.0,-52.00265585271377,6.5,2.0,sí
enfermería,  quirófano ,31.7,1432.862,4.0,4.5,3.4,sí,42.0,hombre,fijo,centro E,11.0,-18.045204482957704,10.3,2.0,sí
enfermería,uci,40.4,1823.201,0.0,3.5,11.7,sí,38.0,mujer,eventual,centro A,21.0,8.108365055667003,67.0,2.0,no
enfermería,  quirófano ,40.4,1857.601,1.0,3.5,3.1,sí,22.0,mujer,interino,centro D,15.0,20.43558046062403,58.9,0.0,no
enfermería,  planta ,28.6,1310.385,1.0,4.6,8.5,sí,29.0,mujer,interino,centro A,9.0,-23.060860969799013,10.7,2.0,sí
celador,planta,34.5,1599.584,5.0,2.0,11.4,no,47.0,mujer,fijo,centro C,19.0,-18.963245685054304,16.7,0.0,sí
enfermería,planta,30.6,1404.904,1.0,2.6,4.4,sí,32.0,hombre,fijo,centro B,24.0,-11.46501551164641,30.5,0.0,sí
medicina,consultas,48.0,2237.354,4.0,3.2,2.8,no,50.0,hombre,interino,centro E,15.0,22.975941865448384,15.7,0.0,sí
enfermería,planta,38.2,1736.16,3.0,2.9,15.7,no,39.0,mujer,fijo,centro A,20.0,-10.634461838090063,12.3,2.0,sí
enfermería,consultas,37.1,1631.921,2.0,4.9,6.0,sí,45.0,hombre,N/D,centro C,7.0,-17.369016635722772,5.6,0.0,no
auxiliar,consultas,42.8,1933.767,1.0,3.1,6.3,sí,34.0,mujer,interino,centro A,59.0,-12.676642392802394,11.1,0.0,sí
medicina,uci,37.7,1733.935,5.0,4.7,10.4,sí,40.0,mujer,interino,centro C,59.0,3.288763544150367,12.9,0.0,sí
enfermería,urgencias,38.1,1734.936,0.0,3.3,10.8,sí,42.0,mujer,interino,centro A,31.0,-3.030823327975516,23.3,0.0,no
medicina,uci,33.7,1529.937,4.0,3.6,12.4,no,43.0,mujer,fijo,centro A,49.0,-40.13454552439012,15.5,0.0,no
medicina,  consultas ,32.3,1464.825,0.0,3.4,2.3,no,31.0,mujer,N/D,centro B,6.0,-23.210518195150737,70.7,1.0,no
administración,consultas,42.0,1975.746,2.0,1.6,12.7,sí,27.0,mujer,N/D,centro D,29.0,-7.290816955554425,47.6,0.0,sí
auxiliar,URGENCIAS,44.7,2074.547,6.0,2.5,3.1,no,42.0,mujer,interino,centro D,2.0,28.052683333255715,19.8,0.0,sí
administración,  planta ,40.0,1855.154,1.0,3.4,17.0,no,44.0,mujer,fijo,centro A,13.0,-16.48126571141388,11.1,0.0,no
administración,uci,37.1,1695.049,0.0,3.6,11.2,sí,39.0,mujer,eventual,centro A,43.0,-13.091527318639413,8.0,1.0,sí
administración,consultas,35.8,1621.677,0.0,2.7,1.6,no,40.0,hombre,fijo,centro A,33.0,-9.405076565457092,13.1,2.0,no
medicina,urgencias,41.2,1890.961,3.0,3.9,15.1,no,59.0,mujer,fijo,centro E,23.0,8.05822669620009,-99.0,1.0,sí
auxiliar,PLANTA,45.8,2079.575,4.0,3.0,9.9,no,35.0,mujer,fijo,centro C,14.0,18.24613969775077,54.1,1.0,no
enfermería,consultas,45.0,2087.586,0.0,3.6,35.2,no,49.0,mujer,fijo,centro A,19.0,-14.00428853542592,33.4,0.0,sí
auxiliar,planta,43.7,2008.986,5.0,4.9,16.3,no,56.0,mujer,fijo,centro C,27.0,1.5790664880225567,10.4,2.0,no
medicina,planta,37.1,1666.469,3.0,2.3,6.6,no,45.0,mujer,fijo,centro B,21.0,3.253916571748194,2.6,2.0,sí
enfermería,consultas,44.5,2031.314,6.0,3.3,6.4,no,31.0,mujer,eventual,centro E,35.0,25.545568485973064,14.3,1.0,sí
enfermería,oncología,28.9,1324.674,6.0,1.6,7.0,sí,33.0,mujer,eventual,centro D,47.0,-46.767572761030635,3.5,0.0,sí
auxiliar,UCI,39.7,1864.328,5.0,1.7,9.5,no,39.0,mujer,interino,centro E,85.0,3.019240326702661,11.3,1.0,sí
enfermería,planta,32.8,1578.143,4.0,3.1,20.0,sí,45.0,hombre,interino,centro C,21.0,-29.167042629584486,20.5,0.0,sí
medicina,CONSULTAS,39.6,1751.358,5.0,4.2,10.1,sí,61.0,mujer,fijo,centro B,112.0,-8.241241098965364,26.6,0.0,no
celador,urgencias,49.2,2271.921,3.0,3.3,5.4,no,54.0,hombre,interino,centro D,33.0,1.1203810998988715,1.9,1.0,no
medicina,uci,38.9,1792.003,4.0,2.9,10.4,no,34.0,hombre,interino,centro B,34.0,-4.116739002430513,18.0,2.0,no
enfermería,  consultas ,38.8,1818.944,4.0,2.8,10.8,no,33.0,mujer,interino,centro A,52.0,12.19056004553802,24.5,0.0,no
medicina,uci,31.4,1462.365,0.0,4.2,4.0,no,49.0,hombre,interino,centro A,67.0,-32.006864297473754,11.9,0.0,no
auxiliar,planta,29.3,1334.671,4.0,1.9,6.0,no,49.0,hombre,fijo,centro B,17.0,-13.778783508143292,32.4,1.0,no
medicina,planta,33.5,1532.816,0.0,1.6,7.6,no,55.0,mujer,interino,centro E,20.0,2.8897006662651226,46.0,2.0,sí
enfermería,consultas,36.1,1659.167,3.0,2.3,10.5,no,39.0,hombre,fijo,centro E,86.0,-18.526473140068937,9.2,1.0,sí
medicina,oncología,35.1,1623.328,3.0,3.6,4.6,no,49.0,mujer,fijo,centro A,16.0,-7.744436696739168,15.4,0.0,no
medicina,urgencias,33.2,1535.848,2.0,1.4,10.7,sí,43.0,mujer,fijo,centro B,7.0,-25.746947307077498,1.5,1.0,no
auxiliar,CONSULTAS,44.3,2032.414,6.0,1.6,25.4,sí,43.0,mujer,fijo,centro B,30.0,20.676114559233717,18.3,1.0,no
medicina,planta,33.2,1585.35,4.0,3.0,10.4,sí,48.0,mujer,eventual,centro B,57.0,-14.723758453603027,27.2,1.0,no
enfermería,planta,39.6,1817.461,1.0,3.3,16.7,sí,44.0,hombre,fijo,centro C,25.0,-2.1910889348470235,12.1,0.0,no
enfermería,URGENCIAS,41.2,1852.515,0.0,3.9,15.7,sí,49.0,hombre,fijo,centro D,7.0,-1.6453730761600083,33.2,2.0,no
medicina,  uci ,45.6,2086.658,2.0,4.7,11.8,no,43.0,mujer,interino,centro D,35.0,10.755207247048613,11.7,0.0,no
celador,PLANTA,37.4,1703.367,1.0,2.7,12.4,no,42.0,mujer,interino,centro D,8.0,-25.06931008575531,12.4,2.0,no
enfermería,planta,29.4,1304.228,0.0,3.0,9.2,no,22.0,hombre,interino,centro D,48.0,-14.533495908448709,2.8,0.0,no
enfermería,urgencias,32.0,1481.35,1.0,4.0,15.7,sí,38.0,mujer,fijo,centro D,97.0,1.3868891945459865,5.3,1.0,no
administración,planta,40.5,1865.677,2.0,2.5,10.6,no,53.0,hombre,interino,centro E,9.0,-20.06003015456004,36.8,3.0,no
enfermería,uci,36.4,1657.284,0.0,2.2,6.4,no,61.0,mujer,fijo,centro C,7.0,2.760252430078907,29.8,1.0,sí
administración,urgencias,31.6,1470.918,2.0,3.5,7.9,sí,32.0,hombre,interino,centro B,18.0,-8.89166332157236,18.7,3.0,sí
administración,quirófano,32.6,1449.749,3.0,4.4,7.4,no,44.0,mujer,fijo,centro C,69.0,-19.516682825527916,4.7,0.0,sí
enfermería,consultas,48.8,2128.565,0.0,5.0,12.0,no,36.0,hombre,fijo,centro A,32.0,-7.378150048482393,11.4,1.0,no
enfermería,quirófano,27.8,1261.05,1.0,4.0,10.5,no,52.0,hombre,fijo,centro B,12.0,-41.22162050838886,11.4,1.0,no
enfermería,consultas,37.4,1825.039,0.0,3.3,2.9,no,40.0,mujer,fijo,centro C,12.0,-18.538956583075468,-99.0,0.0,no
auxiliar,planta,33.3,1533.996,0.0,3.7,25.6,no,49.0,mujer,interino,centro E,22.0,-33.54232826135983,20.3,0.0,sí
auxiliar,quirófano,40.9,1915.624,3.0,2.9,15.3,sí,55.0,mujer,interino,centro C,12.0,17.359826571592098,102.7,2.0,sí
enfermería,quirófano,41.7,1936.764,6.0,4.8,8.3,no,43.0,mujer,interino,centro D,43.0,10.571881153282074,11.5,1.0,sí
auxiliar,urgencias,24.4,1116.118,3.0,3.3,0.2,no,58.0,hombre,fijo,centro A,60.0,-29.854748184994975,13.5,2.0,no
administración,quirófano,30.2,1393.048,4.0,4.0,31.2,no,30.0,hombre,fijo,centro E,44.0,-19.964152476607204,-99.0,2.0,no
enfermería,urgencias,47.0,2153.942,1.0,5.0,4.8,sí,58.0,mujer,fijo,centro C,56.0,-6.508752313918679,16.5,2.0,no
enfermería,urgencias,40.4,1844.706,4.0,4.6,20.2,no,31.0,hombre,fijo,centro B,56.0,11.533208195717043,26.4,3.0,no
administración,oncología,36.2,1646.892,4.0,5.0,20.6,no,43.0,mujer,fijo,centro B,37.0,-13.483946368938193,43.2,0.0,no
medicina,consultas,37.6,1685.532,0.0,3.2,13.0,sí,28.0,mujer,N/D,centro C,13.0,-6.3017188474056285,65.1,2.0,no
auxiliar,UCI,33.9,1586.406,0.0,2.0,14.7,sí,37.0,mujer,fijo,centro A,38.0,-15.423046899069192,13.8,2.0,no
medicina,urgencias,49.2,2319.937,4.0,3.3,19.1,sí,48.0,mujer,interino,centro C,22.0,34.414902353779894,7.4,2.0,no
enfermería,uci,37.9,1729.895,0.0,3.2,3.4,sí,36.0,mujer,interino,centro B,8.0,-6.6744998550189525,6.4,4.0,no
auxiliar,urgencias,40.9,1767.728,4.0,4.5,7.2,no,34.0,mujer,interino,centro A,28.0,-19.862594821283807,8.7,0.0,no
auxiliar,planta,47.6,2287.692,2.0,2.4,5.7,no,44.0,mujer,eventual,centro B,56.0,14.322311074577984,4.0,1.0,no
auxiliar,oncología,43.3,2009.714,3.0,4.4,7.3,sí,22.0,mujer,fijo,centro E,1.0,8.341883805689038,4.7,2.0,no
auxiliar,consultas,33.5,1558.0,6.0,3.6,4.3,no,43.0,hombre,eventual,centro E,16.0,-19.118187456476274,4.5,1.0,no
enfermería,urgencias,45.0,2058.682,5.0,3.2,14.2,sí,40.0,mujer,eventual,centro A,36.0,0.3313314855946423,14.0,1.0,no
auxiliar,CONSULTAS,42.2,1941.229,1.0,1.0,7.9,sí,66.0,mujer,interino,centro E,22.0,-1.395101955583368,20.2,0.0,sí
enfermería,planta,27.8,1261.84,1.0,3.8,16.0,sí,30.0,mujer,fijo,centro D,11.0,-37.75910156332611,10.0,0.0,no
enfermería,planta,40.5,1877.492,0.0,3.8,13.7,no,39.0,hombre,fijo,centro B,14.0,-0.033673542594197414,5.6,0.0,no
enfermería,planta,26.6,1266.93,2.0,4.1,5.2,no,44.0,mujer,eventual,centro D,21.0,-12.535634753523507,8.4,2.0,no
enfermería,oncología,44.7,2013.378,4.0,4.5,1.0,no,37.0,hombre,interino,centro B,8.0,10.698440995356815,32.7,0.0,sí
enfermería,urgencias,46.4,2161.369,3.0,4.4,6.4,no,45.0,mujer,fijo,centro D,11.0,23.07700033810279,9.9,2.0,no
celador,oncología,38.4,1762.568,0.0,2.6,0.9,no,53.0,mujer,eventual,centro D,28.0,-16.120036827026627,15.9,1.0,no
auxiliar,urgencias,45.1,2055.284,3.0,3.6,12.9,no,47.0,mujer,fijo,centro B,16.0,23.26779091809566,11.6,2.0,no
enfermería,planta,40.8,1876.32,1.0,5.0,16.4,no,44.0,mujer,fijo,centro D,8.0,-17.044648469699634,224.7,0.0,no
enfermería,consultas,27.1,1238.269,2.0,4.6,10.4,no,41.0,mujer,eventual,centro C,28.0,-29.18069659683526,3.2,1.0,no
medicina,ONCOLOGÍA,38.9,1828.514,1.0,2.7,10.4,no,29.0,hombre,eventual,centro A,19.0,-27.713042074530215,7.2,0.0,sí
administración,planta,41.7,1956.148,1.0,3.6,15.1,no,50.0,mujer,fijo,centro B,1.0,-21.531918354537076,-99.0,0.0,no
auxiliar,oncologia,30.5,1428.581,4.0,2.2,14.5,sí,42.0,mujer,fijo,centro D,35.0,-28.245663070161072,22.6,0.0,no
enfermería,UCI,29.4,1358.179,6.0,3.6,11.5,no,35.0,hombre,eventual,centro E,20.0,-32.38505779549509,12.5,1.0,no
enfermería,consultas,41.2,1853.102,1.0,2.4,8.1,no,25.0,mujer,fijo,centro E,4.0,-11.685811692408098,27.0,1.0,no
auxiliar,planta,43.5,2042.092,3.0,3.0,6.9,sí,38.0,mujer,interino,centro B,53.0,-2.8796947829081017,14.5,3.0,no
administración,uci,33.8,1488.82,2.0,2.9,5.4,sí,48.0,mujer,N/D,centro D,15.0,-17.02901860652905,4.5,0.0,sí
auxiliar,urgencias,43.2,2016.631,0.0,4.6,2.3,sí,60.0,mujer,fijo,centro E,9.0,-13.270764715759396,0.7,1.0,no
enfermería,CONSULTAS,37.8,1759.978,4.0,1.7,15.1,no,47.0,mujer,fijo,centro C,18.0,-9.415433733213868,17.9,2.0,no
auxiliar,planta,39.8,1799.82,3.0,3.5,11.8,no,45.0,hombre,fijo,centro A,22.0,3.585720975358914,11.9,2.0,no
enfermería,consultas,44.1,2007.176,2.0,1.6,25.0,no,39.0,hombre,eventual,centro E,40.0,0.2452263921111122,29.6,2.0,sí
enfermería,consultas,36.6,1654.647,2.0,2.3,7.4,sí,29.0,mujer,fijo,centro B,14.0,-23.729861102347463,3.4,2.0,sí
medicina,planta,40.3,1898.643,1.0,1.1,8.1,sí,36.0,hombre,fijo,centro B,7.0,-4.23478347387805,35.3,0.0,sí
enfermería,oncología,39.6,1815.332,0.0,4.0,3.0,no,48.0,mujer,fijo,centro A,21.0,-30.242847118004015,4.9,2.0,sí
enfermería,PLANTA,28.8,1332.905,1.0,3.7,2.6,no,45.0,mujer,eventual,centro A,24.0,-23.192954548127293,26.7,1.0,sí
medicina,planta,38.2,1794.51,1.0,2.8,17.5,no,43.0,mujer,eventual,centro C,14.0,-5.951822269629659,66.5,2.0,no
enfermería,urgencias,28.8,1269.772,3.0,3.4,2.9,sí,37.0,mujer,fijo,centro A,12.0,-14.688139702662106,8.6,0.0,no
celador,oncología,40.3,1820.344,3.0,3.5,9.4,sí,26.0,mujer,interino,centro C,13.0,6.228403862509143,10.3,1.0,no
auxiliar,URGENCIAS,44.0,2037.44,0.0,3.7,2.9,sí,50.0,mujer,fijo,centro B,40.0,-2.1952513640177336,32.3,0.0,sí
auxiliar,planta,36.9,1702.975,0.0,3.1,17.7,sí,57.0,hombre,fijo,centro A,46.0,-7.275780037599459,8.4,2.0,no
medicina,urgencias,44.7,2048.211,5.0,4.0,0.3,sí,45.0,mujer,eventual,centro B,34.0,37.524844094496615,11.7,0.0,no
celador,quirófano,31.6,1411.369,2.0,3.7,24.4,no,34.0,hombre,fijo,centro E,12.0,-26.273315661259772,15.1,1.0,sí
administración,URGENCIAS,39.4,1842.496,0.0,3.7,12.8,no,46.0,mujer,interino,centro D,55.0,-1.8317280291900264,5.9,0.0,no
administración,planta,20.0,961.37,4.0,4.2,22.7,no,51.0,hombre,interino,centro C,41.0,-43.2395567659932,-99.0,2.0,no
medicina,quirofano,36.7,1702.868,1.0,2.2,2.7,sí,32.0,mujer,fijo,centro D,18.0,18.167099331306574,7.2,0.0,no
enfermería,urgencias,44.7,2084.464,1.0,3.2,1.3,no,57.0,mujer,interino,centro E,44.0,10.48433873271101,7.3,2.0,no
enfermería,urgencias,45.6,2051.576,3.0,2.3,22.7,no,39.0,mujer,interino,centro E,13.0,-16.081807942883444,14.8,0.0,no
auxiliar,consultas,43.8,2035.02,5.0,4.0,18.7,no,32.0,mujer,interino,centro E,18.0,8.598644631166596,8.6,1.0,sí
celador,planta,41.7,1890.493,0.0,2.6,12.9,no,41.0,mujer,fijo,centro A,32.0,-2.2171521435071107,71.9,0.0,no
enfermería,planta,28.9,1320.561,3.0,3.1,7.5,sí,45.0,mujer,fijo,centro B,56.0,-34.406172433470694,347.3,0.0,sí
enfermería,planta,33.2,1531.639,4.0,2.5,9.5,sí,53.0,hombre,interino,centro B,35.0,2.3735562011791895,18.5,1.0,no
medicina,CONSULTAS,35.2,1615.021,3.0,5.0,18.5,no,26.0,hombre,interino,centro D,25.0,-23.366272135807165,8.4,1.0,no
auxiliar,consultas,27.7,1274.521,0.0,3.6,15.2,no,37.0,mujer,eventual,centro B,91.0,-36.18290618340479,17.4,0.0,sí
medicina,  planta ,39.8,1795.848,1.0,5.0,3.6,no,45.0,hombre,fijo,centro C,45.0,-6.413045965108904,-99.0,1.0,no
enfermería,uci,42.6,2011.803,3.0,3.1,25.2,no,41.0,hombre,interino,centro E,40.0,-14.046576015775914,7.5,0.0,no
enfermería,consultas,36.7,1674.721,3.0,4.1,21.6,sí,37.0,mujer,interino,centro E,19.0,-31.18834986144637,19.1,2.0,no
celador,quirófano,35.3,1670.526,2.0,2.5,1.4,sí,53.0,mujer,fijo,centro B,47.0,-20.277852809486824,35.8,2.0,no
enfermería,planta,31.9,1433.845,4.0,2.0,6.1,sí,39.0,hombre,N/D,centro C,113.0,-10.460777670739738,13.9,1.0,sí
administración,consultas,36.7,1674.029,5.0,3.8,11.4,sí,29.0,mujer,fijo,centro C,19.0,-17.83914337495699,-99.0,0.0,sí
enfermería,consultas,39.2,1762.94,6.0,2.7,19.1,no,40.0,mujer,fijo,centro E,10.0,-7.517847408119154,5.2,0.0,no
auxiliar,planta,38.4,1734.561,0.0,1.6,1.0,sí,42.0,mujer,fijo,centro E,85.0,15.325742932118569,4.5,0.0,sí
enfermería,planta,43.7,1991.217,4.0,3.6,14.8,no,41.0,mujer,interino,centro A,7.0,15.185247401643812,7.7,0.0,sí
auxiliar,planta,36.4,1643.54,4.0,3.3,4.3,no,55.0,mujer,fijo,centro E,24.0,-18.569311471268335,20.6,0.0,no
enfermería,PLANTA,21.7,995.883,2.0,3.3,3.8,no,53.0,mujer,interino,centro E,21.0,-42.62708248981454,5.0,1.0,sí
enfermería,consultas,39.1,1798.528,1.0,2.5,2.5,no,25.0,hombre,interino,centro C,15.0,-3.4691344728458002,6.5,0.0,no
auxiliar,planta,42.8,1902.012,0.0,4.7,4.3,no,49.0,mujer,fijo,centro A,11.0,-1.0796019643203447,10.5,1.0,sí
auxiliar,consultas,33.6,1530.405,0.0,4.9,4.3,no,37.0,mujer,interino,centro D,22.0,-20.532675964951167,12.2,1.0,no
enfermería,quirófano,31.5,1427.412,0.0,3.4,8.7,sí,31.0,mujer,fijo,centro C,25.0,-16.42761781523321,2.9,0.0,no
enfermería,planta,47.2,2213.193,1.0,2.3,1.4,sí,28.0,mujer,fijo,centro E,20.0,23.497920568940977,14.0,0.0,no
medicina,ONCOLOGÍA,33.3,1538.709,3.0,3.8,8.1,sí,60.0,mujer,fijo,centro A,9.0,-8.609615085858163,8.0,0.0,sí
medicina,quirófano,27.4,1282.987,2.0,5.0,7.4,sí,40.0,mujer,fijo,centro D,16.0,-17.12512388621773,18.2,2.0,no
enfermería,CONSULTAS,44.3,2054.574,0.0,2.9,13.1,no,47.0,mujer,eventual,centro C,14.0,-11.284094074585198,3.9,0.0,sí
administración,planta,32.5,1503.022,3.0,5.0,18.0,no,22.0,mujer,fijo,centro E,50.0,-16.245498510040864,3.6,0.0,no
medicina,consultas,28.9,1353.457,0.0,4.1,9.6,no,53.0,mujer,fijo,centro E,77.0,-21.918089274706055,5.5,2.0,sí
enfermería,urgencias,49.5,2262.066,5.0,3.8,13.2,sí,32.0,mujer,fijo,centro A,28.0,35.265479366525604,15.6,2.0,no
enfermería,consultas,28.7,1352.121,7.0,3.5,20.9,no,50.0,mujer,fijo,centro C,31.0,-35.56674318722558,13.0,3.0,sí
medicina,planta,33.4,1499.456,0.0,2.1,8.5,sí,49.0,mujer,interino,centro E,43.0,-22.003678705060768,9.5,1.0,no
auxiliar,urgencias,47.8,2198.279,2.0,3.7,6.6,no,29.0,mujer,fijo,centro A,18.0,9.778580985768446,17.7,3.0,sí
enfermería,  quirófano ,34.5,1560.383,2.0,2.7,11.4,no,32.0,mujer,interino,centro B,9.0,-34.96642125561627,5.3,0.0,sí
administración,planta,47.4,2185.007,0.0,5.0,40.0,sí,34.0,mujer,interino,centro C,19.0,-10.042345760879666,9.3,0.0,no
enfermería,uci,38.7,1765.89,0.0,3.2,16.9,sí,38.0,mujer,fijo,centro C,10.0,-5.506762043097421,27.1,1.0,no
auxiliar,consultas,27.6,1270.517,5.0,3.6,22.7,sí,24.0,mujer,fijo,centro B,27.0,-11.149639755879939,23.8,0.0,no
enfermería,urgencias,37.3,1702.791,3.0,5.0,33.5,no,31.0,mujer,fijo,centro A,43.0,-24.217283672722758,23.3,2.0,no
auxiliar,planta,38.4,1677.045,2.0,3.6,11.6,no,39.0,hombre,fijo,centro E,60.0,-15.197819094372061,-99.0,0.0,no
enfermería,urgencias,35.4,1645.786,0.0,2.3,6.6,no,46.0,mujer,fijo,centro B,70.0,-15.608287990457605,7.0,2.0,no
auxiliar,oncología,46.0,2086.87,0.0,2.6,17.7,sí,32.0,mujer,fijo,centro A,24.0,8.348248868154108,7.1,2.0,no
auxiliar,urgencias,48.3,2261.134,5.0,4.1,2.6,no,53.0,hombre,interino,centro D,8.0,28.301947495467648,2.7,3.0,no
administración,urgencias,20.0,899.669,0.0,3.1,10.5,sí,41.0,mujer,interino,centro D,18.0,-17.716749578093626,-99.0,1.0,no
medicina,consultas,37.8,1779.457,0.0,3.6,5.0,no,43.0,mujer,fijo,centro C,52.0,-9.60111422881345,6.7,0.0,no
enfermería,planta,32.2,1527.797,1.0,3.9,2.1,sí,29.0,hombre,interino,centro E,33.0,-9.091020740342914,3.2,1.0,sí
medicina,urgencias,31.7,1438.546,5.0,3.5,14.8,no,23.0,mujer,interino,centro A,18.0,-25.004756148641015,75.3,0.0,no
enfermería,planta,51.6,2384.585,1.0,3.6,30.2,sí,58.0,mujer,interino,centro A,28.0,22.92258199394605,-99.0,0.0,sí
auxiliar,  quirófano ,39.2,1746.826,0.0,2.7,15.7,no,37.0,mujer,fijo,centro B,22.0,-37.57128897870616,49.7,2.0,sí
administración,planta,34.5,1547.199,5.0,3.2,2.3,no,44.0,hombre,fijo,centro C,32.0,-4.651898248436428,9.5,0.0,no
medicina,planta,45.9,2154.818,5.0,2.0,3.9,sí,45.0,mujer,fijo,centro B,40.0,15.085313058017354,16.5,2.0,sí
auxiliar,urgencias,33.9,1556.461,4.0,3.2,10.1,no,51.0,mujer,fijo,centro E,40.0,-15.092520275313806,8.9,0.0,no
enfermería,quirófano,23.3,1081.612,4.0,3.8,10.5,no,26.0,hombre,N/D,centro C,5.0,-28.3847821793873,22.6,0.0,no
enfermería,uci,35.3,1568.609,0.0,3.9,5.9,no,52.0,mujer,fijo,centro B,66.0,-33.75924452836997,6.5,2.0,no
enfermería,planta,35.5,1636.217,3.0,2.0,17.1,no,22.0,mujer,eventual,centro C,20.0,0.8784289805453867,36.4,1.0,no
enfermería,urgencias,38.1,1759.845,0.0,4.1,2.6,sí,30.0,mujer,interino,centro B,17.0,3.3513250166472606,31.2,0.0,sí
administración,  urgencias ,35.5,1597.702,1.0,3.7,5.4,no,41.0,mujer,eventual,centro E,12.0,-14.280881667964128,25.9,2.0,sí
enfermería,quirófano,44.4,2051.186,1.0,3.8,6.5,sí,31.0,hombre,fijo,centro B,10.0,18.91012692274287,6.7,0.0,no
enfermería,quirófano,40.5,1825.908,4.0,1.6,10.8,sí,59.0,mujer,interino,centro A,19.0,-2.1828651615301604,4.7,0.0,no
celador,urgencias,43.4,2035.119,4.0,2.1,6.1,sí,28.0,hombre,fijo,centro B,2.0,23.613922496619313,12.2,0.0,no
celador,  quirófano ,32.2,1505.582,4.0,3.8,0.4,no,32.0,mujer,interino,centro B,50.0,-22.148816498914996,13.5,0.0,sí
enfermería,planta,34.9,1590.578,1.0,2.2,8.0,no,41.0,hombre,fijo,centro A,14.0,-28.17838037428925,3.3,0.0,no
enfermería,quirofano,40.3,1826.974,0.0,4.4,2.3,no,48.0,mujer,interino,centro D,15.0,-22.037401419756534,14.6,2.0,sí
medicina,planta,53.1,2455.537,2.0,4.3,2.9,sí,33.0,mujer,interino,centro A,49.0,20.098243720348037,4.4,1.0,no
enfermería,planta,35.7,1646.004,2.0,3.4,4.5,no,45.0,mujer,interino,centro A,76.0,-11.734352082460228,8.3,3.0,no
auxiliar,quirófano,35.7,1676.55,3.0,3.0,6.5,no,36.0,hombre,eventual,centro A,3.0,-29.83923512834368,29.0,1.0,sí
medicina,planta,32.7,1541.078,3.0,4.6,11.5,no,42.0,mujer,interino,centro C,30.0,-22.688211871579732,2.3,2.0,sí
enfermería,oncología,39.9,1833.739,1.0,2.7,30.7,no,46.0,mujer,fijo,centro A,40.0,2.106685176568689,17.7,1.0,sí
enfermería,planta,35.0,1553.593,2.0,2.8,5.0,no,47.0,mujer,interino,centro B,21.0,-7.079876952687284,7.6,0.0,sí
enfermería,consultas,30.6,1372.332,2.0,2.2,11.4,no,47.0,hombre,fijo,centro E,17.0,-0.033673618675273076,17.1,3.0,sí
enfermería,urgencias,28.4,1249.622,1.0,5.0,10.0,no,42.0,mujer,interino,centro D,22.0,-39.53517244374294,15.1,2.0,no
auxiliar,consultas,38.4,1746.964,0.0,4.7,5.9,no,55.0,mujer,interino,centro E,10.0,-30.401434566334444,6.6,2.0,no
auxiliar,  oncología ,33.2,1477.894,5.0,3.3,24.9,no,40.0,mujer,fijo,centro A,25.0,-9.36548416679583,5.1,0.0,sí
enfermería,consultas,36.3,1639.092,0.0,3.2,4.7,no,43.0,mujer,fijo,centro B,9.0,-13.352762645636336,0.9,1.0,sí
enfermería,consultas,27.8,1272.059,0.0,4.1,8.5,no,52.0,hombre,interino,centro B,22.0,-27.262116342297375,6.5,0.0,sí
auxiliar,oncología,36.1,1675.11,1.0,2.8,16.5,no,43.0,mujer,fijo,centro D,15.0,-5.602870279071453,6.4,2.0,sí
enfermería,CONSULTAS,41.6,1875.859,0.0,3.4,9.2,sí,41.0,mujer,fijo,centro C,14.0,-10.994484506158992,22.6,2.0,sí
medicina,ONCOLOGÍA,30.5,1382.32,3.0,3.1,18.8,no,22.0,hombre,fijo,centro D,8.0,-21.9250721473658,9.2,2.0,no
administración,consultas,44.5,2123.603,3.0,3.6,1.7,sí,55.0,mujer,fijo,centro B,34.0,1.936225436909135,7.3,0.0,sí
administración,quirófano,24.1,1105.972,0.0,3.3,2.2,sí,27.0,mujer,interino,centro B,37.0,-20.30854159596324,-99.0,0.0,sí
medicina,urgencias,41.2,1890.784,2.0,4.0,13.6,sí,44.0,mujer,fijo,centro A,28.0,-5.299386531380035,18.9,0.0,no
administración,planta,41.2,1936.615,5.0,4.4,10.8,no,45.0,mujer,fijo,centro A,32.0,11.5125221143318,12.2,1.0,sí
administración,planta,43.1,2047.445,0.0,1.9,2.4,sí,23.0,mujer,interino,centro C,7.0,-13.480798070481,9.0,0.0,sí
auxiliar,oncología,41.4,1855.353,0.0,3.8,4.6,sí,46.0,mujer,fijo,centro A,44.0,-9.585787188606274,84.9,2.0,sí
auxiliar,urgencias,38.2,1780.508,2.0,2.8,23.0,no,37.0,mujer,fijo,centro E,18.0,-7.932970763009286,99.8,1.0,sí
auxiliar,UCI,39.9,1794.26,3.0,4.3,3.5,no,46.0,mujer,interino,centro C,6.0,-24.619979518483255,21.2,3.0,no
enfermería,quirofano,28.7,1296.174,3.0,3.6,6.6,no,49.0,hombre,fijo,centro C,11.0,-17.487084831152345,11.0,1.0,sí
enfermería,oncología,34.4,1635.924,2.0,3.1,9.6,no,35.0,mujer,interino,centro B,1.0,-4.8627900220675055,4.5,4.0,no
medicina,planta,33.3,1537.633,2.0,3.3,11.1,no,30.0,mujer,fijo,centro B,11.0,-15.540955055890203,6.4,3.0,sí
auxiliar,PLANTA,40.6,1908.21,7.0,3.0,4.4,sí,44.0,hombre,interino,centro D,33.0,28.429568665519756,11.7,2.0,no
enfermería,urgencias,33.9,1480.406,0.0,2.0,11.3,sí,45.0,mujer,interino,centro E,16.0,-18.522849605824327,15.3,1.0,no
medicina,oncología,41.5,1894.109,1.0,3.2,8.6,no,44.0,mujer,N/D,centro C,20.0,1.891319191512511,-99.0,1.0,no
auxiliar,urgencias,38.6,1780.207,0.0,3.3,12.6,no,40.0,mujer,fijo,centro D,24.0,-14.594304220821684,-99.0,1.0,sí
enfermería,QUIRÓFANO,30.3,1393.856,1.0,3.1,6.4,no,42.0,hombre,interino,centro B,28.0,-23.398586825820974,32.1,1.0,sí
enfermería,oncología,38.3,1786.909,0.0,1.9,7.5,no,38.0,hombre,fijo,centro E,53.0,-15.642508494656227,23.2,3.0,no
auxiliar,planta,32.3,1484.315,0.0,3.6,0.5,no,46.0,mujer,interino,centro C,9.0,-20.20487092129105,32.8,0.0,sí
auxiliar,  consultas ,40.5,1854.924,3.0,2.6,5.1,sí,39.0,mujer,fijo,centro E,12.0,-6.846914894180655,10.6,0.0,sí
auxiliar,consultas,42.5,1944.551,4.0,3.0,6.7,no,52.0,mujer,fijo,centro E,8.0,-7.922963050880624,53.7,0.0,no
enfermería,  planta ,36.8,1692.112,2.0,4.3,2.1,no,42.0,mujer,interino,centro E,62.0,-7.076503463790659,12.1,2.0,sí
medicina,consultas,24.1,1144.645,0.0,2.8,12.0,sí,45.0,mujer,eventual,centro C,101.0,-15.841205058174577,3.5,2.0,sí
administración,urgencias,33.6,1564.883,1.0,3.6,12.9,no,39.0,mujer,N/D,centro B,24.0,-30.331915140111526,35.1,1.0,sí
enfermería,planta,38.2,1713.856,0.0,3.1,6.2,sí,51.0,mujer,eventual,centro B,10.0,-13.82629050900278,22.4,1.0,no
enfermería,urgencias,40.7,1842.032,1.0,2.3,2.0,no,50.0,mujer,N/D,centro E,34.0,0.4338053263241948,6.5,2.0,no
administración,  oncología ,45.4,2167.968,4.0,3.5,16.5,no,49.0,mujer,fijo,centro C,67.0,6.29602345602883,9.9,2.0,no
enfermería,planta,31.6,1437.949,0.0,4.5,16.9,no,47.0,hombre,N/D,centro B,34.0,-30.01503411527049,38.2,3.0,sí
auxiliar,consultas,38.2,1734.679,0.0,3.9,7.5,no,52.0,mujer,interino,centro A,79.0,-11.437504597934053,6.1,0.0,no
enfermería,urgencias,47.5,2190.881,3.0,2.6,13.2,sí,54.0,mujer,fijo,centro C,7.0,10.321457325129606,16.0,0.0,no
auxiliar,uci,34.7,1594.593,3.0,2.9,7.5,sí,49.0,hombre,fijo,centro E,52.0,-2.9371794002820213,29.4,2.0,no
auxiliar,  consultas ,39.3,1710.148,3.0,3.2,1.8,no,53.0,mujer,interino,centro C,117.0,2.572118516143476,10.3,0.0,no
enfermería,consultas,38.3,1795.374,0.0,4.2,2.5,sí,37.0,mujer,fijo,centro B,37.0,-18.61913053858086,9.7,0.0,no
celador,uci,39.4,1784.884,3.0,4.7,6.8,no,42.0,mujer,interino,centro D,3.0,-16.387267753287247,4.1,1.0,no
medicina,uci,31.9,1503.653,7.0,3.8,10.2,sí,48.0,hombre,interino,centro A,20.0,-27.35430957288084,54.8,3.0,sí
auxiliar,urgencias,44.2,1988.429,5.0,2.2,17.0,sí,41.0,hombre,fijo,centro E,10.0,18.847256910636325,7.6,2.0,sí
administración,  oncología ,38.2,1738.505,2.0,2.9,24.9,sí,45.0,hombre,fijo,centro B,41.0,-14.952856952656349,29.5,0.0,no
enfermería,quirófano,38.7,1715.039,5.0,1.6,17.5,sí,41.0,mujer,interino,centro B,5.0,15.901225308193904,16.2,0.0,no
enfermería,urgencias,40.0,1860.43,7.0,3.8,3.7,no,54.0,hombre,fijo,centro A,39.0,16.969413089050015,3.3,0.0,sí
medicina,planta,36.7,1727.181,0.0,5.0,24.4,sí,55.0,mujer,fijo,centro D,47.0,-5.9067318357737495,5.3,0.0,no
medicina,  urgencias ,48.9,2309.983,0.0,2.5,20.8,sí,48.0,hombre,fijo,centro C,37.0,11.988647440725947,31.2,2.0,no
medicina,uci,47.4,2172.858,0.0,4.2,3.5,sí,44.0,mujer,fijo,centro C,16.0,-6.5851478559304955,1.6,0.0,no
enfermería,oncología,33.3,1552.997,0.0,5.0,4.3,no,33.0,hombre,interino,centro B,14.0,-27.94925095262456,3.8,2.0,sí
medicina,  planta ,33.8,1553.33,0.0,3.6,4.0,no,36.0,hombre,interino,centro C,119.0,-33.661191668184344,10.8,4.0,no
medicina,  quirófano ,41.5,1896.873,0.0,4.6,1.1,no,53.0,hombre,fijo,centro C,21.0,-15.588880971713525,10.7,0.0,no
auxiliar,quirófano,48.4,2236.598,0.0,3.6,14.3,no,52.0,mujer,fijo,centro B,24.0,6.2870047644012494,20.4,2.0,no
enfermería,quirófano,47.0,2103.687,3.0,3.7,11.3,no,31.0,mujer,interino,centro A,36.0,7.340118029061822,35.8,2.0,no
auxiliar,urgencias,39.4,1822.045,1.0,3.2,6.3,no,30.0,mujer,fijo,centro B,17.0,0.26645970166529587,5.2,1.0,sí
auxiliar,planta,41.3,1920.673,0.0,1.7,16.6,sí,37.0,mujer,interino,centro B,20.0,-4.175524402670006,10.4,0.0,no
medicina,quirófano,34.0,1628.434,2.0,4.0,6.4,sí,35.0,hombre,fijo,centro B,9.0,-7.8470278556932485,26.7,0.0,no
enfermería,planta,36.7,1723.178,2.0,3.7,16.5,sí,34.0,mujer,interino,centro D,19.0,-9.593502112435841,20.0,1.0,sí
enfermería,urgencias,39.9,1896.657,4.0,1.7,3.2,no,35.0,hombre,fijo,centro A,44.0,-1.6315432046052774,13.7,0.0,no
enfermería,urgencias,43.2,1983.955,1.0,3.5,4.7,no,36.0,mujer,fijo,centro D,34.0,-9.697684962292644,4.2,0.0,no
administración,consultas,37.8,1793.811,3.0,2.7,2.6,no,29.0,mujer,fijo,centro B,15.0,-13.816998968067011,10.6,0.0,no
celador,urgencias,32.8,1535.99,3.0,1.9,12.4,no,42.0,mujer,fijo,centro D,21.0,-5.504195274401102,41.1,0.0,no
auxiliar,  consultas ,30.8,1388.302,6.0,3.1,24.0,sí,51.0,hombre,fijo,centro B,44.0,-23.291997706917158,37.8,1.0,no
auxiliar,consultas,25.2,1160.62,2.0,3.8,23.3,sí,34.0,mujer,fijo,centro C,7.0,-11.29501227820391,26.4,2.0,sí
auxiliar,planta,24.0,1077.659,0.0,2.4,8.5,no,50.0,mujer,fijo,centro A,42.0,-36.84914434104482,121.2,0.0,no
administración,uci,23.1,1071.535,1.0,4.7,13.2,no,37.0,hombre,fijo,centro D,7.0,-41.86798933679945,14.4,0.0,no
celador,  consultas ,42.0,1902.506,0.0,4.7,23.2,no,33.0,mujer,fijo,centro E,59.0,-3.9218112544060446,3.3,1.0,sí
medicina,consultas,36.7,1690.079,6.0,3.9,16.8,sí,36.0,mujer,interino,centro C,38.0,-0.8468122494403936,42.2,0.0,no
auxiliar,planta,32.5,1449.207,1.0,4.7,16.6,sí,36.0,mujer,N/D,centro E,20.0,-0.7886639555634147,18.9,2.0,no
enfermería,consultas,30.8,1415.593,3.0,2.0,6.4,sí,40.0,hombre,fijo,centro E,44.0,-8.581905285663426,51.9,4.0,no
enfermería,urgencias,36.4,1664.872,4.0,3.6,6.7,no,49.0,mujer,fijo,centro C,24.0,-5.759683043664374,-99.0,1.0,sí
enfermería,planta,37.3,1719.459,6.0,2.7,3.8,no,46.0,hombre,eventual,centro B,31.0,-2.5636039538553748,31.2,0.0,no
medicina,consultas,35.7,1666.455,3.0,2.6,5.9,no,50.0,mujer,fijo,centro C,48.0,-9.06817871127882,8.5,0.0,no
enfermería,consultas,28.9,1365.179,6.0,3.5,4.2,sí,48.0,hombre,fijo,centro A,68.0,-29.049278459934616,18.8,0.0,no
medicina,consultas,41.5,1818.707,2.0,3.6,15.5,sí,54.0,mujer,eventual,centro D,27.0,5.450224165461579,43.1,3.0,no
auxiliar,URGENCIAS,45.6,2081.609,5.0,4.4,9.1,sí,51.0,mujer,fijo,centro E,73.0,19.9914774049147,10.5,0.0,no
enfermería,  consultas ,34.2,1531.078,3.0,3.2,6.6,no,33.0,mujer,fijo,centro B,86.0,-13.491065976199568,10.4,0.0,no
administración,oncología,38.2,1709.077,3.0,3.6,15.8,no,59.0,mujer,fijo,centro E,45.0,-11.335312623490672,8.7,2.0,sí
auxiliar,uci,36.1,1704.046,0.0,3.9,15.0,no,59.0,mujer,interino,centro A,7.0,-26.412687580499373,2.6,2.0,no
celador,  uci ,35.0,1628.703,3.0,1.7,3.9,no,49.0,hombre,fijo,centro E,19.0,-18.08665754120538,-99.0,2.0,sí
enfermería,consultas,38.6,1771.896,2.0,2.3,10.7,no,36.0,hombre,interino,centro E,5.0,-1.5562416882649446,3.2,0.0,no
administración,CONSULTAS,37.1,1730.302,7.0,3.2,4.5,no,43.0,mujer,interino,centro A,51.0,-4.278809784189782,6.1,0.0,sí
medicina,planta,40.6,1856.605,0.0,2.9,16.8,sí,41.0,hombre,eventual,centro A,23.0,-4.724953432732773,21.3,2.0,sí
medicina,uci,38.9,1752.745,2.0,3.7,10.0,no,47.0,hombre,N/D,centro D,7.0,-27.048180072452663,4.7,0.0,no
medicina,  uci ,41.2,1849.469,3.0,1.7,8.1,no,41.0,mujer,fijo,centro C,34.0,-5.027357772580427,-99.0,0.0,no
enfermería,PLANTA,44.3,1925.671,3.0,4.7,5.0,no,47.0,mujer,fijo,centro D,69.0,-19.0761051448264,12.8,2.0,sí
auxiliar,quirófano,37.8,1751.895,0.0,4.1,5.0,no,36.0,mujer,fijo,centro B,23.0,-9.163520058867231,6.8,0.0,sí
medicina,uci,34.3,1639.719,3.0,4.4,4.2,no,41.0,hombre,fijo,centro B,49.0,-9.039530996400718,26.3,0.0,no
celador,planta,41.0,1965.787,0.0,4.0,31.2,sí,52.0,hombre,N/D,centro D,28.0,-8.314340743753489,8.7,2.0,sí
auxiliar,  quirófano ,39.5,1800.337,3.0,2.1,18.6,no,55.0,mujer,fijo,centro D,7.0,-2.7812911425094224,5.4,0.0,no
celador,quirófano,28.2,1276.839,3.0,3.1,14.3,no,37.0,mujer,eventual,centro C,9.0,-28.823785420009187,14.0,2.0,no
enfermería,  planta ,28.0,1324.282,5.0,2.3,2.1,no,59.0,hombre,interino,centro C,15.0,-9.22726654049032,19.6,1.0,no
enfermería,consultas,32.0,1489.112,5.0,2.8,5.1,sí,52.0,hombre,N/D,centro C,12.0,-9.61980615818306,2.4,0.0,no
auxiliar,urgencias,44.9,2034.878,3.0,2.5,9.6,no,23.0,mujer,interino,centro C,10.0,3.5463939852204662,22.7,0.0,no
administración,planta,39.0,1704.952,3.0,3.0,11.4,no,57.0,hombre,eventual,centro A,42.0,-3.4985436950716027,6.1,0.0,no
administración,planta,39.6,1793.673,2.0,3.4,18.7,no,44.0,mujer,fijo,centro D,51.0,-11.794117150019542,33.9,1.0,sí
enfermería,consultas,37.9,1717.431,4.0,3.6,4.9,sí,42.0,mujer,fijo,centro E,17.0,-4.97017062071189,20.4,1.0,no
celador,  urgencias ,41.5,1896.196,2.0,2.8,3.5,sí,47.0,mujer,fijo,centro B,64.0,-9.07987240725694,14.3,0.0,sí
medicina,planta,38.3,1770.739,4.0,3.2,18.3,no,46.0,mujer,eventual,centro C,43.0,-17.788618866849014,13.6,0.0,no
enfermería,urgencias,36.6,1692.007,3.0,4.7,8.3,no,43.0,mujer,fijo,centro E,37.0,-27.94923649586343,38.4,0.0,no
medicina,quirófano,40.0,1870.032,3.0,2.0,11.9,no,30.0,hombre,fijo,centro E,12.0,-19.530674586423164,13.5,3.0,sí
medicina,oncología,50.7,2381.006,0.0,3.5,6.5,no,60.0,mujer,fijo,centro D,36.0,0.07455719531562899,19.3,0.0,no
medicina,  planta ,38.5,1790.837,5.0,2.4,5.5,no,59.0,mujer,fijo,centro E,67.0,-3.1069598710427972,3.2,3.0,no
celador,urgencias,35.2,1613.071,0.0,2.7,5.0,no,37.0,mujer,N/D,centro C,6.0,-2.9609583284326355,9.8,2.0,no
auxiliar,planta,26.1,1215.804,5.0,2.9,4.5,no,38.0,hombre,fijo,centro E,10.0,-42.78169000558422,21.6,0.0,no
administración,oncología,36.0,1581.254,3.0,3.6,1.3,no,47.0,mujer,interino,centro C,16.0,4.021458416493081,10.8,0.0,sí
celador,quirófano,37.8,1712.812,6.0,3.8,12.6,sí,45.0,mujer,fijo,centro D,25.0,-13.339111116279945,42.3,0.0,no
enfermería,uci,51.8,2416.675,0.0,3.4,1.7,sí,42.0,mujer,eventual,centro B,49.0,10.879762040920538,22.5,0.0,no
administración,uci,37.7,1783.181,4.0,3.3,17.3,sí,55.0,hombre,eventual,centro C,37.0,-5.057954469390983,50.2,0.0,no
enfermería,PLANTA,45.4,2030.026,1.0,3.0,3.6,sí,48.0,hombre,eventual,centro B,76.0,-3.111197989132803,18.1,2.0,no
enfermería,urgencias,35.6,1620.835,5.0,3.5,23.5,no,58.0,mujer,fijo,centro B,55.0,-9.348113799881432,21.8,3.0,sí
enfermería,consultas,49.7,2281.705,0.0,2.6,13.2,no,36.0,hombre,interino,centro D,13.0,21.849706807746255,12.7,1.0,sí
administración,urgencias,37.3,1702.472,4.0,3.0,19.1,no,38.0,mujer,fijo,centro B,44.0,-15.1909302788738,-99.0,0.0,sí
enfermería,QUIRÓFANO,38.4,1780.579,2.0,3.5,32.9,no,39.0,mujer,fijo,centro E,10.0,7.955327352126236,3.8,1.0,sí
medicina,  planta ,46.2,2163.775,0.0,1.9,23.6,sí,44.0,mujer,fijo,centro B,79.0,-1.5378056220792633,66.1,2.0,sí
enfermería,PLANTA,50.2,2364.727,3.0,1.4,10.9,no,45.0,mujer,fijo,centro A,42.0,29.132304631829818,21.0,2.0,no
medicina,  urgencias ,32.2,1451.445,3.0,4.2,7.7,sí,35.0,hombre,interino,centro C,35.0,-33.46947922073335,9.9,0.0,sí
auxiliar,urgencias,43.0,2063.673,0.0,1.4,13.6,no,49.0,mujer,interino,centro E,19.0,10.472182020792745,22.1,2.0,sí
enfermería,consultas,42.9,1965.758,3.0,4.0,7.6,sí,33.0,hombre,eventual,centro C,12.0,22.87472361503613,30.9,2.0,no
celador,CONSULTAS,33.3,1522.629,1.0,3.2,19.4,no,44.0,mujer,fijo,centro C,43.0,-7.9201026370412215,14.3,0.0,sí
medicina,  urgencias ,36.8,1661.34,0.0,4.1,27.6,no,46.0,mujer,fijo,centro C,33.0,-34.65891212591923,33.1,2.0,no
enfermería,planta,36.2,1646.619,4.0,3.8,16.1,sí,40.0,mujer,N/D,centro A,23.0,-12.57890072793522,48.5,0.0,no
administración,urgencias,34.8,1611.816,1.0,4.3,8.7,no,52.0,hombre,N/D,centro C,55.0,-20.135058045480157,28.9,0.0,no
auxiliar,urgencias,39.2,1768.915,1.0,3.2,12.3,no,33.0,mujer,fijo,centro B,13.0,-7.483678343981077,21.7,1.0,no
medicina,urgencias,39.0,1770.865,3.0,2.7,1.0,no,39.0,mujer,fijo,centro E,22.0,-6.101332291950124,4.2,0.0,sí
administración,UCI,37.8,1759.11,0.0,3.0,4.1,no,58.0,hombre,interino,centro B,54.0,-24.604975681291602,10.5,1.0,no
medicina,CONSULTAS,38.3,1724.131,3.0,2.7,10.4,sí,32.0,mujer,fijo,centro E,8.0,-14.370300802981607,14.4,2.0,no
celador,planta,43.6,1989.588,2.0,2.8,12.6,no,39.0,mujer,interino,centro E,8.0,15.222966680032028,5.4,3.0,no
medicina,CONSULTAS,24.2,1119.952,4.0,4.0,4.2,sí,39.0,mujer,eventual,centro B,8.0,-12.66412356011621,3.8,2.0,no
medicina,planta,48.3,2223.025,4.0,5.0,13.4,sí,59.0,mujer,interino,centro A,7.0,16.253026416205707,111.6,0.0,no
medicina,planta,35.8,1695.923,0.0,3.2,10.3,sí,41.0,mujer,interino,centro B,71.0,-26.378793966938,17.8,2.0,sí
administración,URGENCIAS,42.2,1991.703,2.0,2.4,1.7,sí,42.0,hombre,N/D,centro E,17.0,5.180374158734766,20.2,1.0,no
auxiliar,uci,33.3,1570.208,1.0,4.1,25.4,no,60.0,hombre,fijo,centro B,44.0,-3.210736216553542,-99.0,2.0,no
enfermería,planta,49.2,2220.869,3.0,3.7,18.0,sí,53.0,mujer,fijo,centro A,25.0,31.64101144384967,42.6,0.0,no
auxiliar,  consultas ,35.1,1638.643,0.0,4.1,1.5,sí,35.0,mujer,fijo,centro E,12.0,-19.19089357261039,33.9,0.0,sí
administración,urgencias,35.7,1628.902,1.0,3.9,1.2,sí,42.0,mujer,fijo,centro B,34.0,-8.703926466799205,36.7,0.0,sí
administración,oncología,43.7,1966.606,1.0,3.0,16.0,no,39.0,mujer,fijo,centro A,52.0,0.19865754767856814,9.0,0.0,no
enfermería,urgencias,40.5,1905.581,2.0,4.3,8.9,no,31.0,mujer,N/D,centro B,18.0,-18.427657531670288,24.9,0.0,no
enfermería,uci,44.8,2036.796,4.0,3.7,7.4,no,54.0,mujer,eventual,centro A,42.0,10.713039402733243,7.3,1.0,sí
enfermería,consultas,32.3,1457.396,0.0,3.9,4.9,sí,39.0,hombre,eventual,centro C,31.0,-28.87823732646929,11.3,0.0,sí
celador,PLANTA,34.8,1615.382,5.0,3.6,16.0,no,45.0,mujer,fijo,centro D,30.0,-12.546297049142272,-99.0,1.0,no
enfermería,planta,38.5,1831.68,1.0,4.2,3.2,no,52.0,hombre,fijo,centro A,31.0,-1.9335866097067278,13.2,0.0,no
enfermería,urgencias,35.0,1608.714,3.0,2.1,4.5,no,45.0,mujer,interino,centro C,20.0,-16.887136823290394,23.4,0.0,sí
medicina,consultas,47.3,2097.535,5.0,4.1,4.8,no,52.0,mujer,interino,centro E,37.0,21.90480771598322,27.5,1.0,sí
enfermería,urgencias,35.2,1626.721,0.0,3.7,5.0,no,45.0,mujer,N/D,centro D,47.0,-12.430109233122067,8.4,0.0,sí
enfermería,urgencias,46.8,2173.816,0.0,3.9,6.9,no,37.0,hombre,interino,centro A,33.0,9.747259358126986,36.4,1.0,no
enfermería,quirofano,39.2,1809.856,2.0,2.4,19.5,no,49.0,mujer,eventual,centro E,47.0,-4.9228137403424395,9.1,2.0,no
enfermería,urgencias,35.4,1643.199,2.0,3.1,12.5,sí,32.0,hombre,fijo,centro C,42.0,-2.223708742589354,114.5,0.0,no
medicina,quirófano,34.1,1541.537,0.0,3.1,19.0,sí,32.0,hombre,eventual,centro D,22.0,-28.093438720121014,0.7,0.0,no
enfermería,consultas,30.9,1399.39,4.0,2.5,5.0,no,56.0,mujer,interino,centro A,25.0,-19.31420298533353,23.2,0.0,no
celador,uci,25.0,1149.692,0.0,2.5,3.8,no,36.0,hombre,interino,centro A,30.0,-23.93055545891603,-99.0,2.0,sí
enfermería,urgencias,54.5,2643.408,1.0,3.3,24.1,sí,56.0,mujer,fijo,centro D,132.0,26.174264409032403,15.1,2.0,no
celador,urgencias,50.3,2326.852,0.0,2.1,5.3,sí,43.0,mujer,eventual,centro A,9.0,24.264949145513967,19.3,0.0,no
enfermería,consultas,35.5,1599.707,1.0,4.2,3.0,sí,55.0,mujer,interino,centro D,9.0,-22.567104868471805,71.2,2.0,sí
enfermería,consultas,46.1,2106.013,0.0,3.2,5.2,sí,46.0,mujer,fijo,centro A,27.0,3.1045676822509924,22.9,1.0,no
auxiliar,planta,36.2,1659.647,4.0,2.7,1.9,no,55.0,mujer,interino,centro E,54.0,-0.4394518311211719,17.9,1.0,sí
administración,PLANTA,36.7,1651.94,4.0,4.4,6.1,no,50.0,hombre,fijo,centro A,44.0,4.038693149171877,13.3,1.0,no
medicina,planta,25.1,1159.769,2.0,3.1,4.7,sí,46.0,mujer,interino,centro D,18.0,-27.523462703241677,-99.0,2.0,no
medicina,quirófano,41.4,1850.128,1.0,2.8,5.9,sí,59.0,hombre,fijo,centro A,77.0,2.847788092546472,41.5,1.0,no
medicina,  consultas ,39.6,1847.853,1.0,2.1,13.0,sí,40.0,mujer,fijo,centro B,43.0,-12.321916495602252,-99.0,1.0,no
administración,PLANTA,46.3,2140.031,4.0,3.9,8.8,no,46.0,mujer,eventual,centro A,15.0,-3.1493343362837933,16.0,2.0,no
medicina,PLANTA,31.6,1437.803,3.0,3.3,4.4,no,54.0,hombre,fijo,centro B,37.0,-30.540564478433204,4.8,2.0,no
administración,planta,23.4,1056.989,5.0,3.3,13.7,no,59.0,mujer,fijo,centro A,32.0,-43.49559185610857,9.1,2.0,no
auxiliar,urgencias,50.7,2327.442,0.0,4.5,5.7,sí,55.0,hombre,eventual,centro B,13.0,3.8211599271398775,16.5,2.0,no
auxiliar,oncología,38.1,1699.661,2.0,2.7,5.5,no,57.0,mujer,fijo,centro E,24.0,-7.794191997610247,29.9,2.0,no
enfermería,urgencias,39.5,1789.548,0.0,4.1,7.4,sí,52.0,mujer,fijo,centro A,35.0,-17.435166644199132,3.7,0.0,no
auxiliar,consultas,42.1,1922.742,5.0,1.6,15.2,no,39.0,mujer,interino,centro A,18.0,7.738044155281377,45.0,1.0,no
auxiliar,consultas,47.6,2173.906,4.0,3.8,11.4,sí,44.0,mujer,fijo,centro E,11.0,5.315100617540429,-99.0,0.0,sí
administración,consultas,35.2,1601.226,4.0,2.8,28.2,sí,47.0,mujer,interino,centro C,28.0,-7.999555465456825,16.2,0.0,sí
enfermería,oncología,39.1,1770.244,0.0,3.4,6.5,no,44.0,mujer,fijo,centro C,54.0,-21.044173152681456,35.3,0.0,sí
enfermería,planta,50.6,2278.86,1.0,3.3,5.0,sí,47.0,mujer,fijo,centro D,72.0,25.523041434899824,12.5,3.0,sí
medicina,planta,22.2,1024.172,4.0,5.0,4.2,no,34.0,hombre,interino,centro A,13.0,-42.15330007739781,13.6,0.0,no
celador,planta,37.1,1740.653,2.0,3.2,7.1,no,43.0,hombre,fijo,centro A,51.0,-10.113616768136401,10.6,0.0,no
auxiliar,CONSULTAS,20.0,896.57,2.0,3.9,47.8,sí,41.0,mujer,interino,centro D,55.0,-41.088322442135095,3.7,0.0,no
administración,urgencias,42.4,1954.211,1.0,4.9,2.7,sí,47.0,hombre,interino,centro B,78.0,2.201928893141967,59.4,0.0,no
auxiliar,planta,40.7,1843.544,0.0,2.7,22.4,no,23.0,hombre,eventual,centro C,4.0,-22.717018859420307,8.6,0.0,sí
administración,  consultas ,37.7,1638.339,1.0,2.8,9.4,sí,40.0,mujer,interino,centro D,29.0,4.42150600179305,4.9,2.0,sí
enfermería,planta,41.0,1848.47,1.0,4.3,5.4,no,27.0,mujer,interino,centro D,54.0,15.825632647049009,12.9,3.0,no
auxiliar,uci,46.0,2114.077,5.0,3.2,16.2,no,22.0,hombre,fijo,centro D,40.0,34.26950624632887,42.4,0.0,no
enfermería,consultas,41.3,1873.654,2.0,2.5,3.3,no,56.0,hombre,fijo,centro C,18.0,3.9753697236890497,26.4,1.0,sí
auxiliar,planta,46.3,2172.473,0.0,2.7,8.4,no,45.0,mujer,eventual,centro B,17.0,3.470076441551445,22.5,0.0,sí
auxiliar,oncología,36.9,1687.768,3.0,4.9,4.4,no,22.0,mujer,fijo,centro B,71.0,-12.933407589124881,57.8,2.0,no
enfermería,planta,44.0,2010.554,4.0,3.2,13.6,sí,31.0,mujer,fijo,centro C,22.0,15.260561728012032,8.2,1.0,sí
celador,planta,32.7,1468.163,0.0,3.0,18.5,no,62.0,hombre,fijo,centro B,51.0,-17.50975830698056,7.0,1.0,sí
administración,consultas,41.1,1945.195,0.0,2.9,0.4,no,23.0,mujer,interino,centro A,3.0,-16.32362512064657,39.5,0.0,no
medicina,  consultas ,31.1,1444.264,0.0,3.6,9.3,sí,59.0,mujer,interino,centro E,15.0,-22.366326998345947,19.1,2.0,sí
auxiliar,planta,34.8,1564.525,0.0,1.7,23.6,sí,42.0,mujer,N/D,centro A,33.0,-18.500773188357996,17.6,1.0,sí
medicina,consultas,49.5,2281.717,3.0,4.3,7.8,no,46.0,mujer,N/D,centro E,34.0,20.28574188842805,17.1,0.0,no
enfermería,consultas,42.8,1969.488,3.0,3.0,9.7,no,46.0,hombre,interino,centro A,19.0,-15.818180660924627,6.1,2.0,no
celador,uci,29.2,1345.839,3.0,3.2,22.3,sí,63.0,mujer,eventual,centro D,69.0,-30.72743255114521,8.4,2.0,no
medicina,planta,35.5,1630.976,0.0,4.0,3.5,no,37.0,mujer,fijo,centro A,18.0,-18.96934609577345,156.1,3.0,no
administración,planta,36.2,1700.143,2.0,5.0,8.2,no,48.0,mujer,fijo,centro D,42.0,-32.01855089911243,4.1,1.0,no
celador,quirófano,44.9,2063.493,0.0,2.7,13.7,no,34.0,hombre,N/D,centro E,27.0,-8.11962773110667,16.4,0.0,no
administración,urgencias,50.3,2317.859,4.0,3.9,6.1,no,37.0,hombre,interino,centro B,31.0,30.209394552620594,46.3,1.0,sí
auxiliar,consultas,44.0,1992.885,2.0,4.5,1.5,sí,35.0,mujer,interino,centro E,50.0,10.067705215407392,19.4,3.0,no
administración,urgencias,42.1,1948.966,3.0,2.4,20.1,sí,46.0,mujer,fijo,centro D,11.0,9.633427697130173,50.5,0.0,sí
medicina,CONSULTAS,37.5,1698.721,3.0,2.9,3.7,no,48.0,mujer,eventual,centro A,15.0,-2.93527507368871,3.3,0.0,sí
enfermería,planta,38.4,1679.506,0.0,2.9,5.8,sí,46.0,mujer,interino,centro C,27.0,-11.178810476028689,81.4,1.0,no
enfermería,  uci ,31.0,1476.674,0.0,4.7,25.6,no,66.0,hombre,eventual,centro C,25.0,-15.482889890251753,76.5,1.0,no
medicina,quirofano,46.4,2147.1,4.0,4.3,8.8,sí,42.0,hombre,eventual,centro C,15.0,22.17616124245134,12.6,0.0,no
auxiliar,consultas,35.4,1700.81,1.0,4.7,23.2,sí,34.0,mujer,interino,centro D,20.0,-1.1233441473373666,11.4,0.0,no
auxiliar,planta,30.5,1376.465,5.0,2.9,9.5,no,27.0,mujer,interino,centro C,17.0,-26.551849658052685,11.1,1.0,sí
administración,planta,46.3,2137.386,4.0,4.6,4.4,no,34.0,mujer,interino,centro C,17.0,10.245357620483812,5.4,0.0,no
enfermería,planta,32.7,1498.703,0.0,4.3,4.5,no,46.0,mujer,interino,centro A,30.0,-15.273885809181913,29.9,0.0,no
enfermería,planta,44.0,2016.463,5.0,2.4,18.9,no,28.0,mujer,fijo,centro A,24.0,6.582247175082365,14.0,0.0,sí
enfermería,PLANTA,40.1,1883.304,1.0,2.6,5.6,sí,42.0,mujer,fijo,centro E,99.0,-6.26990037766622,18.6,0.0,no
enfermería,planta,44.7,2092.191,2.0,1.4,9.4,sí,32.0,hombre,fijo,centro A,66.0,13.076362581407167,2.3,0.0,sí
administración,urgencias,26.4,1233.712,3.0,1.3,3.0,sí,32.0,mujer,interino,centro D,7.0,-32.81238089745012,9.0,0.0,sí
enfermería,consultas,38.6,1776.468,1.0,4.2,4.9,no,57.0,mujer,eventual,centro B,13.0,-5.100290580157736,10.6,0.0,no
administración,quirófano,50.1,2239.445,4.0,4.0,16.0,no,55.0,mujer,interino,centro E,17.0,37.39764813933929,7.6,0.0,no
auxiliar,planta,30.2,1364.961,3.0,4.0,10.9,no,22.0,mujer,fijo,centro E,26.0,-27.325755269227926,7.1,2.0,no
enfermería,planta,39.8,1843.928,0.0,3.3,7.7,sí,61.0,hombre,interino,centro B,64.0,-36.979785485353524,25.7,0.0,no
enfermería,consultas,35.1,1656.943,3.0,1.3,3.9,sí,42.0,mujer,fijo,centro D,52.0,-6.93571619404337,20.3,0.0,no
medicina,urgencias,37.1,1741.057,0.0,3.0,13.9,no,38.0,mujer,fijo,centro A,48.0,5.1643249731039855,8.0,1.0,no
auxiliar,consultas,46.6,2232.144,7.0,3.2,8.2,no,45.0,hombre,interino,centro B,41.0,25.511666520573637,61.7,1.0,sí
enfermería,consultas,32.9,1494.65,0.0,2.9,8.6,no,43.0,mujer,fijo,centro D,39.0,-16.724300496160193,20.3,0.0,no
medicina,consultas,40.2,1806.456,4.0,3.5,2.5,sí,43.0,hombre,fijo,centro E,27.0,-8.282406441521365,6.5,2.0,sí
enfermería,planta,35.2,1644.805,2.0,5.0,21.9,sí,23.0,hombre,fijo,centro C,46.0,-19.116810092150416,3.9,0.0,no
medicina,planta,33.3,1560.357,2.0,3.7,18.0,sí,23.0,mujer,eventual,centro C,39.0,-19.342065039059214,76.5,0.0,no
enfermería,oncología,38.0,1771.245,4.0,2.7,18.6,no,37.0,mujer,fijo,centro A,6.0,-14.14130317123795,19.4,2.0,sí
enfermería,uci,43.7,1961.586,1.0,3.5,3.9,sí,48.0,mujer,fijo,centro E,24.0,9.192433754759831,13.8,1.0,no
enfermería,planta,52.9,2474.093,3.0,3.9,7.7,sí,55.0,mujer,interino,centro E,43.0,38.734478158335406,3.1,0.0,sí
medicina,urgencias,24.5,1154.459,0.0,3.7,14.9,no,39.0,mujer,interino,centro A,14.0,-10.027149383199948,13.0,1.0,no
auxiliar,urgencias,39.6,1789.768,5.0,5.0,3.3,no,51.0,mujer,interino,centro A,8.0,-27.177930879786395,9.4,0.0,sí
auxiliar,uci,37.9,1765.994,0.0,3.8,5.3,sí,42.0,mujer,eventual,centro E,33.0,-25.069282826448053,10.2,1.0,no
enfermería,planta,52.2,2398.316,0.0,2.5,43.6,no,31.0,hombre,fijo,centro A,24.0,5.835391163461729,29.0,0.0,sí
enfermería,quirófano,41.3,1918.18,3.0,2.3,8.6,no,33.0,mujer,fijo,centro E,20.0,3.022915868621875,2.6,2.0,no
medicina,URGENCIAS,40.2,1904.347,5.0,4.3,5.7,no,44.0,hombre,fijo,centro A,9.0,-5.821423931802471,6.3,3.0,no
medicina,planta,36.3,1626.291,0.0,2.4,5.7,no,51.0,mujer,fijo,centro B,50.0,-21.425052281585437,9.1,1.0,no
auxiliar,  consultas ,33.8,1609.765,0.0,3.7,17.1,sí,31.0,mujer,interino,centro C,26.0,-23.974395488341635,15.5,3.0,no
auxiliar,oncología,41.6,1941.61,2.0,3.2,3.1,no,48.0,mujer,interino,centro A,15.0,2.4165862342080384,31.4,0.0,no
enfermería,oncología,39.3,1750.099,5.0,2.4,15.8,no,34.0,mujer,interino,centro C,16.0,-13.748198830084712,74.2,0.0,no
medicina,urgencias,24.1,1120.331,0.0,4.3,13.6,no,52.0,mujer,interino,centro C,24.0,-26.581000852289783,9.4,2.0,sí
enfermería,planta,39.2,1827.804,2.0,3.0,5.0,sí,52.0,mujer,interino,centro A,5.0,-1.1386748249413148,12.5,3.0,no
enfermería,urgencias,39.5,1801.835,3.0,2.6,8.0,no,57.0,mujer,fijo,centro A,7.0,-6.100803158108704,15.2,0.0,sí
enfermería,oncología,43.8,1941.726,0.0,4.5,5.0,sí,54.0,hombre,fijo,centro D,73.0,-19.407115888587565,9.1,0.0,sí
medicina,quirofano,36.0,1665.41,4.0,3.6,14.8,sí,34.0,mujer,fijo,centro C,73.0,-3.1973296474755397,4.9,2.0,sí
enfermería,planta,32.4,1511.133,3.0,2.9,15.0,no,56.0,hombre,fijo,centro A,10.0,-22.430589781293286,6.2,0.0,sí
auxiliar,planta,43.4,1954.275,3.0,2.1,7.6,no,49.0,mujer,fijo,centro D,15.0,14.810644013111432,3.9,1.0,no
enfermería,consultas,37.8,1722.428,5.0,3.0,12.8,no,32.0,mujer,fijo,centro C,30.0,-11.400306097042163,9.5,3.0,sí
auxiliar,planta,30.7,1374.407,1.0,3.0,8.1,no,44.0,mujer,fijo,centro A,13.0,-16.032694073948814,26.4,1.0,no
administración,  planta ,23.8,1074.977,4.0,3.2,6.8,no,46.0,hombre,fijo,centro C,9.0,-46.71021884069488,9.4,2.0,sí
enfermería,uci,39.9,1867.172,7.0,2.8,27.4,no,23.0,mujer,interino,centro B,8.0,-1.838276926568013,17.3,0.0,no
auxiliar,CONSULTAS,27.9,1292.688,1.0,5.0,17.2,no,35.0,mujer,fijo,centro C,69.0,-51.54801399425703,15.8,2.0,no
medicina,urgencias,43.3,2096.859,5.0,3.9,11.5,no,52.0,mujer,fijo,centro B,25.0,10.92039251310162,6.8,0.0,sí
enfermería,uci,38.8,1797.807,4.0,2.5,12.7,sí,40.0,mujer,fijo,centro E,24.0,-23.22089295783084,13.1,0.0,no
enfermería,urgencias,43.9,2030.917,4.0,4.4,3.6,no,52.0,hombre,eventual,centro A,29.0,3.2918517356737027,34.2,2.0,no
celador,PLANTA,42.4,1964.963,2.0,3.5,5.1,no,47.0,hombre,fijo,centro E,5.0,4.165688539691918,13.8,0.0,no
medicina,CONSULTAS,44.7,2099.503,4.0,2.3,5.5,sí,51.0,hombre,N/D,centro D,47.0,31.408873115764777,22.5,1.0,no
enfermería,consultas,36.1,1666.105,4.0,2.7,15.0,sí,52.0,mujer,eventual,centro B,12.0,-22.72670370724955,61.6,0.0,no
auxiliar,CONSULTAS,31.9,1415.747,5.0,3.1,4.8,no,41.0,mujer,N/D,centro C,19.0,-31.340778578695737,-99.0,0.0,no
auxiliar,consultas,32.8,1490.935,6.0,3.2,18.0,sí,35.0,hombre,fijo,centro B,5.0,-24.042825255037606,10.1,2.0,sí
administración,planta,42.4,1996.335,0.0,2.5,4.4,sí,57.0,mujer,eventual,centro C,25.0,-5.350882608540076,11.0,0.0,sí
medicina,quirófano,24.9,1178.551,5.0,4.8,16.6,no,55.0,mujer,fijo,centro C,26.0,-31.726227205354512,84.2,0.0,sí
medicina,uci,35.2,1571.971,0.0,3.6,16.2,no,57.0,mujer,interino,centro E,43.0,-9.9111357134502,27.7,2.0,no
celador,  uci ,48.0,2150.252,2.0,4.6,11.3,sí,43.0,mujer,fijo,centro C,24.0,9.409831734612087,13.8,3.0,sí
enfermería,oncología,27.0,1228.636,3.0,4.5,14.1,sí,32.0,mujer,N/D,centro C,39.0,-22.546887328516746,15.2,3.0,no
celador,planta,31.9,1477.286,2.0,2.6,18.9,no,50.0,mujer,interino,centro A,3.0,-22.028103755042814,18.1,0.0,no
enfermería,urgencias,35.3,1597.852,2.0,4.4,12.8,sí,66.0,mujer,interino,centro B,44.0,-6.4903265246508415,11.5,2.0,sí
auxiliar,  quirófano ,20.0,907.184,1.0,4.8,6.1,sí,42.0,mujer,eventual,centro E,10.0,-43.81975118191508,22.5,0.0,no
enfermería,consultas,43.5,1900.91,1.0,4.2,16.4,sí,40.0,mujer,eventual,centro B,33.0,-3.156647085285853,38.5,2.0,sí
celador,PLANTA,37.7,1695.119,3.0,5.0,20.5,sí,54.0,hombre,fijo,centro D,7.0,-10.408980595947352,6.3,2.0,sí
enfermería,urgencias,25.6,1153.915,5.0,3.1,8.3,no,43.0,mujer,eventual,centro D,25.0,-37.53349493172067,8.0,0.0,sí
enfermería,PLANTA,41.6,1879.637,7.0,4.2,5.4,no,31.0,mujer,eventual,centro D,16.0,4.019240702406771,-99.0,4.0,sí
medicina,uci,32.6,1490.827,0.0,3.4,13.2,sí,22.0,mujer,fijo,centro A,63.0,16.68837519501567,7.4,0.0,no
enfermería,planta,39.0,1870.28,0.0,5.0,1.8,no,33.0,mujer,interino,centro D,29.0,-8.968436779063458,-99.0,2.0,no
enfermería,consultas,45.2,2131.751,2.0,3.3,0.8,no,63.0,mujer,eventual,centro A,62.0,-5.941552220583818,19.4,1.0,no
auxiliar,uci,39.6,1855.593,3.0,2.1,5.7,sí,40.0,mujer,eventual,centro A,18.0,5.5787212795192165,18.4,0.0,sí
enfermería,  oncología ,36.9,1675.534,2.0,3.9,2.4,sí,57.0,mujer,fijo,centro C,17.0,-4.661170367491072,53.3,1.0,no
medicina,consultas,38.5,1755.548,0.0,3.8,4.7,no,47.0,mujer,fijo,centro A,38.0,-5.468036180013787,4.5,1.0,sí
enfermería,planta,38.6,1828.895,0.0,4.5,19.3,no,46.0,mujer,fijo,centro B,31.0,-14.583346856158748,3.9,0.0,no
enfermería,uci,44.0,2095.459,2.0,3.3,13.0,sí,26.0,mujer,fijo,centro B,17.0,9.422758415870428,6.2,2.0,sí
auxiliar,urgencias,35.1,1557.812,0.0,3.9,12.0,sí,46.0,mujer,fijo,centro C,6.0,-13.411250952328865,5.8,3.0,sí
auxiliar,urgencias,39.3,1833.298,4.0,4.8,10.8,sí,31.0,mujer,eventual,centro D,5.0,-17.211367706790945,69.6,2.0,sí
enfermería,quirófano,40.8,1821.965,2.0,2.5,7.4,no,42.0,hombre,eventual,centro B,15.0,-1.3207513671738353,5.5,2.0,no
auxiliar,consultas,41.2,1946.356,2.0,4.2,11.6,sí,31.0,mujer,interino,centro E,21.0,10.099097722363581,8.1,0.0,no
medicina,urgencias,35.9,1659.042,4.0,3.1,3.1,no,42.0,hombre,fijo,centro A,34.0,-2.1675642105952146,2.1,1.0,sí
administración,uci,38.6,1781.761,3.0,2.7,4.4,no,28.0,mujer,fijo,centro B,10.0,-13.770710020027652,3.4,0.0,sí
enfermería,uci,31.0,1424.544,2.0,2.8,8.1,sí,58.0,mujer,eventual,centro A,70.0,-14.141509849351902,11.2,3.0,no
administración,planta,31.3,1413.154,4.0,1.9,23.6,no,54.0,mujer,interino,centro D,7.0,-22.991893766491998,9.6,0.0,no
auxiliar,CONSULTAS,41.4,1875.782,0.0,4.3,5.8,no,25.0,mujer,fijo,centro C,16.0,-12.565082858270124,27.2,0.0,sí
enfermería,consultas,39.8,1807.134,3.0,3.6,14.9,no,45.0,hombre,interino,centro D,48.0,-11.644318831924439,-99.0,3.0,sí
auxiliar,urgencias,34.8,1553.595,1.0,3.9,4.2,no,24.0,hombre,interino,centro D,11.0,-23.377625194295128,89.8,0.0,no
medicina,CONSULTAS,41.2,1871.695,0.0,4.2,5.5,no,44.0,hombre,interino,centro B,9.0,-15.592332151897523,34.2,3.0,sí
medicina,oncología,50.8,2365.409,1.0,4.1,8.2,sí,29.0,hombre,fijo,centro A,53.0,19.90525989683926,26.6,2.0,no
enfermería,urgencias,38.3,1735.041,2.0,5.0,10.5,no,45.0,mujer,fijo,centro D,24.0,-19.12927535708307,25.4,0.0,no
auxiliar,urgencias,40.0,1800.465,0.0,3.8,4.7,sí,45.0,mujer,fijo,centro C,1.0,-6.470059747681599,16.6,0.0,sí
medicina,planta,34.0,1572.595,1.0,2.6,27.8,no,44.0,mujer,interino,centro A,22.0,-24.355353470399155,17.5,1.0,sí
administración,urgencias,36.2,1630.894,3.0,2.5,7.9,no,33.0,mujer,fijo,centro E,10.0,-24.181127623957256,25.5,2.0,no
enfermería,  urgencias ,34.7,1659.608,5.0,2.4,3.1,sí,36.0,hombre,fijo,centro E,28.0,5.355032336685811,9.3,2.0,sí
medicina,consultas,42.5,1958.427,0.0,3.6,24.9,sí,50.0,mujer,eventual,centro D,74.0,-22.16017814822243,13.4,1.0,no
enfermería,urgencias,35.3,1645.57,2.0,3.6,8.1,no,33.0,mujer,fijo,centro C,75.0,-15.241189012264005,30.4,0.0,no
medicina,consultas,32.5,1475.505,2.0,5.0,1.4,sí,50.0,mujer,fijo,centro E,13.0,-21.502613132282544,23.6,3.0,no
medicina,consultas,43.7,2060.214,5.0,5.0,17.0,sí,22.0,mujer,eventual,centro A,16.0,0.6432350365355228,7.6,2.0,no
auxiliar,consultas,30.6,1383.116,2.0,1.8,21.0,no,29.0,mujer,fijo,centro D,46.0,-23.278359873919847,-99.0,0.0,sí
enfermería,quirofano,37.7,1689.31,2.0,2.5,11.0,sí,66.0,mujer,N/D,centro E,21.0,-14.762082679082068,12.7,2.0,sí
celador,quirófano,34.1,1504.338,4.0,3.4,8.8,no,41.0,mujer,fijo,centro E,24.0,-28.530196180244722,7.9,1.0,sí
auxiliar,consultas,40.4,1875.199,0.0,3.1,6.3,no,39.0,hombre,fijo,centro D,4.0,-32.76582863459751,37.7,1.0,no
enfermería,uci,29.6,1328.692,0.0,3.4,24.0,no,28.0,mujer,fijo,centro E,28.0,-41.164028016383796,12.1,0.0,no
enfermería,  oncología ,45.6,2070.704,0.0,3.3,7.5,sí,34.0,mujer,fijo,centro B,31.0,4.396981148988284,71.6,0.0,no
auxiliar,urgencias,23.1,1044.165,0.0,4.7,4.6,no,31.0,mujer,interino,centro E,26.0,-20.834113672571263,6.4,0.0,sí
auxiliar,uci,31.1,1455.506,2.0,4.3,2.0,no,52.0,mujer,eventual,centro D,21.0,-26.716700583922435,-99.0,0.0,no
administración,planta,32.8,1485.755,0.0,3.4,7.8,no,31.0,mujer,fijo,centro C,2.0,-31.259292940006613,17.3,0.0,sí
medicina,  planta ,30.5,1399.906,3.0,2.7,3.2,sí,43.0,mujer,fijo,centro E,59.0,-14.048729221301631,14.8,1.0,no
administración,planta,34.4,1581.638,1.0,3.1,17.4,sí,31.0,mujer,interino,centro C,11.0,-12.407965964963307,70.2,0.0,sí
administración,URGENCIAS,33.5,1529.869,5.0,3.8,14.7,no,30.0,hombre,eventual,centro E,64.0,-30.32661212124428,7.3,1.0,sí
auxiliar,urgencias,37.3,1715.455,0.0,4.7,7.5,no,40.0,hombre,fijo,centro E,12.0,-21.720199693984927,10.6,0.0,sí
auxiliar,uci,44.4,2108.629,4.0,1.4,6.0,no,50.0,mujer,fijo,centro D,78.0,33.682948000786254,-99.0,2.0,sí
auxiliar,consultas,25.3,1147.744,5.0,1.0,4.2,sí,31.0,hombre,fijo,centro E,51.0,-28.78888420033222,11.5,0.0,no
enfermería,oncologia,46.8,2057.755,0.0,3.7,5.3,sí,24.0,mujer,fijo,centro E,46.0,9.866246443147606,51.6,1.0,sí
medicina,urgencias,25.9,1202.232,2.0,1.7,8.8,no,39.0,mujer,interino,centro C,32.0,-16.539450820187298,28.7,2.0,no
enfermería,oncología,45.6,2106.328,0.0,2.2,8.9,no,61.0,hombre,interino,centro E,10.0,-8.060512778143421,13.6,2.0,no
medicina,quirófano,38.2,1727.121,1.0,5.0,2.0,no,43.0,mujer,fijo,centro A,15.0,-19.474065822829857,-99.0,2.0,sí
enfermería,urgencias,40.6,1850.664,4.0,2.2,9.6,no,57.0,hombre,interino,centro A,6.0,-7.901844589469446,24.7,1.0,no
auxiliar,planta,44.6,2053.717,1.0,3.2,7.7,sí,42.0,mujer,fijo,centro D,21.0,-11.164164856302575,6.5,1.0,sí
medicina,planta,34.8,1591.097,4.0,2.6,5.5,no,42.0,mujer,interino,centro C,9.0,-33.110534726905655,38.4,1.0,no
auxiliar,UCI,29.9,1391.154,2.0,3.5,12.8,no,44.0,mujer,interino,centro C,31.0,-22.053315454676703,4.8,0.0,no
medicina,consultas,33.7,1529.522,4.0,2.0,4.3,sí,31.0,mujer,eventual,centro B,1.0,-19.158818918511358,7.9,3.0,no
enfermería,quirófano,36.7,1739.493,0.0,2.1,1.1,sí,49.0,hombre,interino,centro A,52.0,-34.303018702095656,22.3,2.0,no
enfermería,planta,30.6,1405.754,6.0,5.0,13.1,no,25.0,hombre,fijo,centro B,35.0,-12.716605225409783,10.1,1.0,no
celador,uci,32.9,1563.487,2.0,3.6,9.7,sí,41.0,mujer,interino,centro D,6.0,-25.991900237491347,15.5,0.0,sí
enfermería,oncología,37.6,1716.561,0.0,4.6,12.3,no,44.0,mujer,interino,centro C,20.0,-14.883840218325759,44.7,1.0,sí
enfermería,ONCOLOGÍA,35.3,1582.842,3.0,4.1,9.6,no,37.0,hombre,fijo,centro C,26.0,-6.964174575368224,26.4,0.0,sí
auxiliar,planta,45.8,2174.096,4.0,3.3,5.2,no,52.0,hombre,fijo,centro B,13.0,18.95549727718089,1.8,0.0,no
enfermería,planta,44.1,2055.233,0.0,3.9,22.1,sí,22.0,mujer,eventual,centro A,18.0,-12.069627136373155,99.4,2.0,no
auxiliar,planta,41.9,1933.037,2.0,2.3,5.8,no,53.0,hombre,interino,centro B,8.0,4.9120157345635,20.8,0.0,sí
medicina,uci,37.3,1749.012,1.0,2.5,4.1,no,53.0,mujer,interino,centro E,49.0,-26.00054887535717,10.5,2.0,no
medicina,  planta ,44.3,1983.097,1.0,3.9,19.8,no,40.0,mujer,interino,centro A,50.0,5.4242423212224,7.6,0.0,no
enfermería,planta,54.0,2462.351,4.0,3.0,1.1,no,46.0,mujer,fijo,centro D,24.0,50.32829089036345,5.4,2.0,no
enfermería,quirófano,40.1,1860.045,4.0,4.2,25.5,sí,37.0,mujer,interino,centro B,27.0,-16.638752016445874,16.1,0.0,sí
enfermería,oncología,39.4,1834.087,4.0,3.5,33.2,sí,43.0,mujer,interino,centro B,29.0,-1.1290846653254223,18.6,0.0,sí
administración,quirofano,39.4,1830.771,4.0,3.8,20.1,no,25.0,mujer,fijo,centro D,44.0,-10.68009227554483,53.5,0.0,no
medicina,planta,48.1,2164.326,3.0,3.8,7.8,no,44.0,mujer,fijo,centro D,15.0,10.006177973380389,20.3,0.0,sí
auxiliar,oncología,42.6,1976.033,1.0,2.4,3.1,sí,22.0,mujer,fijo,centro A,11.0,-8.820238231818161,15.2,1.0,no
auxiliar,urgencias,34.8,1621.761,0.0,2.7,4.1,sí,31.0,mujer,eventual,centro D,38.0,-16.50015495955558,20.0,2.0,sí
auxiliar,quirófano,40.0,1892.035,3.0,4.9,1.5,no,56.0,mujer,fijo,centro D,35.0,-16.943979344779827,22.7,1.0,no
administración,urgencias,30.0,1337.568,0.0,4.1,8.9,no,31.0,mujer,N/D,centro C,10.0,-21.984521622123932,24.0,1.0,no
administración,QUIRÓFANO,24.4,1124.972,0.0,3.1,1.5,no,39.0,mujer,interino,centro E,8.0,-7.897709456064776,6.0,1.0,no
celador,quirófano,53.4,2525.843,3.0,3.7,9.1,sí,66.0,mujer,fijo,centro D,9.0,42.31572887821399,14.0,0.0,no
enfermería,consultas,40.1,1845.563,3.0,2.5,4.6,sí,41.0,hombre,fijo,centro A,29.0,2.4780219784559905,19.2,2.0,no
enfermería,oncologia,35.6,1623.007,3.0,3.6,2.7,no,22.0,mujer,fijo,centro D,43.0,-16.990585010609436,78.7,2.0,sí
auxiliar,PLANTA,31.1,1500.97,4.0,2.7,8.2,sí,28.0,hombre,fijo,centro A,7.0,-26.20368361236305,9.3,2.0,sí
auxiliar,planta,45.2,2039.072,1.0,4.2,4.4,no,45.0,mujer,interino,centro C,10.0,10.536252186570824,14.5,2.0,no
medicina,quirófano,40.3,1885.934,2.0,3.1,13.3,sí,42.0,mujer,fijo,centro B,13.0,-1.1429857770564245,5.6,1.0,sí
enfermería,quirófano,33.7,1497.592,0.0,3.2,17.7,no,32.0,mujer,eventual,centro A,61.0,-31.578933231912735,35.4,0.0,sí
celador,planta,42.8,1962.906,2.0,1.9,2.3,sí,36.0,mujer,interino,centro E,6.0,-3.3906481580187773,43.6,0.0,no
enfermería,oncología,28.5,1313.648,1.0,3.5,7.4,sí,32.0,mujer,fijo,centro B,10.0,-32.86553750514577,35.4,1.0,no
medicina,planta,39.6,1782.045,3.0,4.4,4.0,no,58.0,mujer,eventual,centro D,30.0,-10.246131706472998,3.0,0.0,sí
auxiliar,consultas,37.6,1755.11,2.0,4.3,14.2,no,31.0,hombre,eventual,centro A,24.0,-30.209069036969296,10.8,2.0,no
auxiliar,consultas,41.1,1893.76,1.0,3.7,4.7,sí,44.0,mujer,fijo,centro C,7.0,-4.761804742444507,55.0,0.0,no
auxiliar,quirófano,32.4,1520.735,0.0,3.6,1.7,sí,37.0,mujer,interino,centro D,27.0,-23.651286862173613,2.0,1.0,no
celador,consultas,37.5,1676.051,0.0,3.5,9.3,no,66.0,mujer,eventual,centro D,45.0,0.029531529704232895,46.6,0.0,no
celador,urgencias,34.1,1500.173,0.0,2.5,3.0,no,43.0,mujer,interino,centro E,71.0,-7.7517781157749415,22.5,0.0,sí
auxiliar,quirófano,30.6,1389.868,0.0,4.6,8.8,no,40.0,mujer,fijo,centro D,5.0,-23.17826237253716,3.8,0.0,sí
enfermería,consultas,50.3,2397.61,3.0,1.7,16.9,no,39.0,hombre,fijo,centro C,19.0,24.490541628176842,14.2,0.0,no
auxiliar,planta,30.3,1420.217,2.0,3.4,8.6,no,63.0,mujer,interino,centro D,93.0,-14.589733962940956,2.7,0.0,no
enfermería,urgencias,44.0,2006.204,4.0,2.5,5.7,no,41.0,hombre,fijo,centro B,31.0,15.03511730565938,26.5,1.0,no
medicina,consultas,34.9,1575.396,0.0,3.7,32.3,sí,49.0,mujer,fijo,centro E,70.0,-14.776964881324442,14.4,1.0,no
medicina,urgencias,37.2,1691.602,1.0,3.6,5.7,no,55.0,mujer,interino,centro C,9.0,-18.414267800694006,12.3,0.0,sí
auxiliar,planta,32.4,1497.491,0.0,3.4,9.1,no,55.0,mujer,interino,centro C,39.0,-18.228847601151646,16.9,1.0,no
auxiliar,urgencias,36.1,1708.365,5.0,4.1,13.9,no,35.0,mujer,fijo,centro D,9.0,4.123492548316792,43.6,0.0,sí
medicina,oncología,47.3,2188.663,3.0,3.4,8.7,no,48.0,hombre,interino,centro C,2.0,20.234826722489593,39.2,0.0,no
celador,quirófano,36.9,1734.474,2.0,2.4,2.6,no,48.0,mujer,fijo,centro A,33.0,-9.286549580020178,11.1,2.0,no
enfermería,uci,31.0,1448.647,3.0,3.1,4.8,no,49.0,mujer,interino,centro C,23.0,-12.959204844601743,10.5,0.0,no
medicina,planta,45.8,2152.963,3.0,2.6,24.2,sí,41.0,mujer,fijo,centro B,14.0,19.323715663556694,18.6,1.0,no
enfermería,planta,36.4,1623.853,1.0,4.6,13.1,no,48.0,hombre,eventual,centro A,22.0,-15.73923126348515,12.5,2.0,sí
enfermería,oncologia,44.0,1957.358,5.0,3.8,6.8,sí,33.0,mujer,fijo,centro E,53.0,2.8829543531009385,26.6,0.0,sí
medicina,oncología,42.2,1871.723,2.0,3.6,18.4,sí,22.0,mujer,eventual,centro C,67.0,-8.06521668087649,6.2,1.0,sí
enfermería,urgencias,30.5,1381.589,0.0,3.1,18.1,sí,40.0,mujer,fijo,centro E,14.0,-21.54192599849988,31.5,2.0,no
medicina,consultas,36.5,1703.155,0.0,4.6,5.3,sí,27.0,mujer,eventual,centro C,3.0,-7.889620030968157,5.1,0.0,no
auxiliar,quirófano,44.5,2075.173,0.0,4.2,5.6,no,44.0,hombre,fijo,centro C,33.0,-16.62307353974804,9.0,0.0,no
auxiliar,URGENCIAS,59.0,2669.841,4.0,1.5,15.7,no,66.0,mujer,fijo,centro D,32.0,71.76393189348079,-99.0,1.0,sí
auxiliar,consultas,28.2,1245.315,2.0,4.9,21.5,no,38.0,hombre,interino,centro A,49.0,-30.791926805369904,10.2,2.0,no
celador,  planta ,36.8,1712.551,0.0,2.3,9.6,sí,61.0,hombre,fijo,centro B,18.0,-1.1087419252401123,49.8,1.0,sí
enfermería,urgencias,36.7,1661.61,4.0,2.6,5.7,no,46.0,mujer,fijo,centro D,112.0,-6.874612245919685,8.9,2.0,sí
enfermería,urgencias,35.5,1586.884,1.0,5.0,12.8,no,42.0,hombre,fijo,centro E,21.0,-27.138906077732003,46.3,4.0,no
medicina,oncología,29.4,1330.313,3.0,3.2,18.3,no,52.0,mujer,fijo,centro D,79.0,-30.161377184160997,33.6,2.0,sí
administración,oncología,50.8,2369.068,0.0,2.6,7.8,no,52.0,mujer,fijo,centro D,10.0,12.725034832701485,58.2,3.0,no
medicina,planta,40.0,1865.046,2.0,2.5,5.7,no,32.0,mujer,fijo,centro A,15.0,3.0799127490267457,4.4,2.0,no
celador,PLANTA,44.7,2021.46,4.0,4.3,14.6,sí,47.0,mujer,fijo,centro E,10.0,-0.18076069129868877,-99.0,0.0,sí
administración,urgencias,39.1,1816.237,3.0,2.9,5.2,no,46.0,mujer,fijo,centro D,18.0,21.966856593583305,16.4,3.0,no
auxiliar,urgencias,20.0,924.982,0.0,2.6,3.0,no,40.0,mujer,fijo,centro B,11.0,-10.914583402476893,15.4,1.0,no
medicina,consultas,42.9,1970.658,3.0,2.1,27.0,no,51.0,hombre,fijo,centro C,34.0,-3.3633089663589155,10.0,1.0,sí
auxiliar,uci,40.0,1764.028,6.0,1.7,13.2,no,40.0,mujer,fijo,centro E,34.0,3.798680350670892,4.2,0.0,sí
auxiliar,uci,44.5,2002.16,5.0,2.2,4.4,no,60.0,hombre,fijo,centro C,66.0,7.009682265123356,5.1,2.0,no
medicina,urgencias,42.9,2007.124,0.0,4.5,10.0,no,36.0,mujer,fijo,centro D,38.0,-24.50112204868835,7.0,2.0,no
enfermería,urgencias,33.6,1555.763,2.0,3.8,2.8,sí,37.0,hombre,eventual,centro E,3.0,-23.038316955454917,9.4,2.0,no
administración,QUIRÓFANO,42.8,1942.654,5.0,3.1,3.9,no,66.0,hombre,eventual,centro C,29.0,11.49321493737586,10.9,1.0,no
celador,planta,52.8,2367.909,3.0,2.7,7.9,no,37.0,mujer,fijo,centro B,18.0,29.149051846169087,18.7,1.0,no
enfermería,consultas,33.4,1581.934,1.0,3.5,22.5,sí,42.0,hombre,fijo,centro E,30.0,-19.47650440934836,1.6,0.0,sí
enfermería,quirófano,40.8,1778.684,0.0,3.4,21.0,sí,65.0,mujer,interino,centro A,3.0,-2.298292058453308,50.9,2.0,no
medicina,URGENCIAS,31.7,1438.386,4.0,3.7,10.3,no,50.0,hombre,fijo,centro A,11.0,-26.524030701856898,54.7,0.0,sí
celador,  planta ,34.0,1535.732,0.0,4.0,1.2,sí,56.0,mujer,fijo,centro E,23.0,-12.160807562021244,8.2,2.0,sí
enfermería,oncologia,39.2,1817.818,3.0,2.7,9.1,no,31.0,mujer,eventual,centro A,16.0,-4.25107857908823,11.6,2.0,sí
enfermería,uci,27.4,1254.048,0.0,5.0,17.0,no,51.0,mujer,fijo,centro E,58.0,-21.323649168102307,20.6,1.0,sí
medicina,urgencias,34.8,1587.305,4.0,2.6,20.4,sí,23.0,mujer,eventual,centro B,78.0,-27.14767887206326,6.7,0.0,sí
administración,consultas,31.6,1442.518,6.0,3.4,2.5,sí,42.0,mujer,eventual,centro D,77.0,-20.647433344475683,18.7,1.0,no
auxiliar,URGENCIAS,37.6,1735.108,0.0,5.0,12.6,sí,51.0,mujer,fijo,centro C,17.0,-24.209410068371945,7.0,3.0,no
celador,planta,45.5,2127.813,3.0,1.8,5.6,no,42.0,mujer,fijo,centro D,52.0,17.4343855630129,-99.0,1.0,no
medicina,urgencias,43.1,1939.481,0.0,4.3,6.8,no,54.0,hombre,interino,centro B,11.0,-24.01001308947035,16.1,1.0,sí
auxiliar,planta,32.9,1481.421,2.0,4.5,2.9,sí,64.0,mujer,fijo,centro E,32.0,-9.537626610022174,24.6,0.0,no
celador,uci,51.7,2405.344,3.0,2.8,9.8,sí,22.0,mujer,fijo,centro B,6.0,28.941717857435872,16.4,2.0,no
enfermería,quirófano,37.8,1699.745,2.0,3.5,5.1,no,36.0,mujer,fijo,centro E,26.0,-3.5490388507436874,66.5,0.0,no
enfermería,UCI,36.7,1629.969,0.0,5.0,4.3,sí,22.0,mujer,fijo,centro C,75.0,-15.502192334740608,12.8,3.0,no
auxiliar,QUIRÓFANO,43.4,1990.423,1.0,2.5,4.8,sí,38.0,mujer,fijo,centro B,34.0,-7.981944783865158,23.4,2.0,sí
auxiliar,  planta ,33.3,1540.612,4.0,2.8,12.9,no,31.0,mujer,fijo,centro B,48.0,-29.03735365880368,-99.0,2.0,no
celador,oncología,42.8,1937.154,1.0,2.8,4.4,sí,49.0,mujer,fijo,centro E,10.0,-5.888591082169176,10.5,2.0,sí
enfermería,urgencias,37.9,1723.198,0.0,3.3,26.8,no,43.0,hombre,eventual,centro A,34.0,-18.558256577224245,39.7,0.0,no
enfermería,oncología,34.4,1628.845,2.0,4.3,4.7,no,28.0,mujer,eventual,centro E,17.0,-18.879700023766045,9.5,0.0,sí
medicina,urgencias,35.0,1608.922,1.0,3.0,26.7,sí,47.0,mujer,fijo,centro E,15.0,-45.94952202942448,14.5,0.0,no
auxiliar,planta,40.3,1906.346,1.0,2.3,12.2,no,41.0,hombre,fijo,centro A,17.0,4.21000197239362,19.3,2.0,no
medicina,uci,28.1,1297.343,0.0,3.1,7.8,sí,41.0,mujer,fijo,centro E,40.0,-18.170348172384102,12.6,1.0,sí
administración,  uci ,29.9,1387.644,1.0,3.4,4.7,no,34.0,mujer,interino,centro B,42.0,-31.102318000082168,15.9,0.0,no
enfermería,uci,40.1,1853.342,3.0,4.3,8.8,no,44.0,mujer,eventual,centro E,3.0,5.8402863198312875,10.5,0.0,sí
medicina,consultas,49.0,2252.897,5.0,2.9,15.8,sí,48.0,mujer,interino,centro D,31.0,11.816451240300317,13.1,0.0,no
medicina,uci,45.3,2114.433,2.0,2.9,9.1,sí,51.0,hombre,fijo,centro C,33.0,5.670103225052734,45.5,0.0,no
celador,consultas,39.1,1831.255,0.0,3.3,22.2,sí,66.0,hombre,fijo,centro C,20.0,-13.735888122191025,23.1,2.0,sí
auxiliar,planta,31.0,1434.473,2.0,2.9,1.1,sí,50.0,hombre,interino,centro A,8.0,-21.60044298131851,19.2,1.0,sí
medicina,planta,39.5,1810.372,4.0,4.8,1.9,no,36.0,hombre,N/D,centro D,21.0,-11.958938528387879,23.6,0.0,no
medicina,planta,31.4,1406.774,3.0,3.3,6.3,sí,37.0,mujer,fijo,centro D,2.0,-16.950219128879294,25.5,0.0,sí
administración,urgencias,33.5,1511.837,4.0,3.4,16.5,no,32.0,mujer,eventual,centro C,5.0,-7.0516694193974985,7.6,0.0,no
medicina,consultas,37.9,1786.188,2.0,3.0,0.7,sí,50.0,mujer,fijo,centro D,87.0,-22.317306738063614,3.4,0.0,no
auxiliar,consultas,43.7,2042.951,1.0,1.3,1.8,no,29.0,hombre,fijo,centro B,19.0,-4.195758971428974,1.6,2.0,no
administración,  planta ,41.2,1921.349,0.0,3.1,4.0,sí,48.0,mujer,fijo,centro B,6.0,3.7244086152745854,1.6,2.0,no
enfermería,consultas,42.1,1945.118,3.0,5.0,9.2,no,44.0,hombre,interino,centro E,97.0,-12.409964292930672,13.2,0.0,no
enfermería,urgencias,42.8,1983.795,4.0,2.9,7.4,no,32.0,mujer,fijo,centro C,25.0,10.603830393694471,21.7,2.0,sí
auxiliar,urgencias,42.3,2005.997,5.0,4.2,8.6,no,45.0,mujer,interino,centro D,31.0,15.247458854800783,-99.0,1.0,no
auxiliar,CONSULTAS,43.3,1993.331,2.0,4.2,10.4,no,43.0,mujer,interino,centro E,31.0,9.458822895759141,12.5,0.0,sí
auxiliar,quirófano,34.8,1633.429,2.0,4.4,3.1,no,42.0,mujer,interino,centro E,24.0,-17.055810211774524,10.7,2.0,no
medicina,urgencias,44.6,2086.259,0.0,3.0,13.2,no,55.0,mujer,N/D,centro B,12.0,-8.323461819571218,12.8,0.0,sí
auxiliar,oncología,27.1,1236.405,2.0,3.2,4.5,no,39.0,mujer,interino,centro A,65.0,-23.160114246414686,42.6,1.0,no
enfermería,  planta ,41.9,1929.951,1.0,2.1,6.5,no,39.0,mujer,N/D,centro E,7.0,7.151221334331597,22.4,0.0,no
celador,planta,38.2,1697.155,4.0,3.6,12.5,no,41.0,mujer,fijo,centro A,6.0,-6.859027764471579,11.5,3.0,sí
enfermería,urgencias,32.6,1472.931,0.0,3.4,9.0,sí,53.0,hombre,interino,centro A,12.0,-19.991737029569062,3.0,1.0,sí
enfermería,oncología,44.7,2082.159,2.0,3.0,2.3,no,52.0,hombre,fijo,centro D,31.0,8.325567605179879,4.0,0.0,no
auxiliar,planta,28.8,1331.793,0.0,2.2,3.2,no,45.0,mujer,fijo,centro C,12.0,-25.041298245849553,8.2,2.0,sí
enfermería,planta,40.0,1827.133,3.0,4.0,6.6,sí,46.0,mujer,N/D,centro C,3.0,-10.721569924834473,11.9,2.0,no
enfermería,oncología,36.5,1665.142,0.0,3.8,8.6,sí,36.0,mujer,interino,centro A,24.0,-14.80939274482511,39.4,3.0,no
auxiliar,planta,43.6,1974.216,6.0,3.5,11.1,sí,32.0,hombre,fijo,centro A,5.0,7.698464757363578,2.8,0.0,no
auxiliar,quirófano,34.6,1585.875,5.0,3.7,13.2,no,30.0,hombre,fijo,centro C,11.0,-10.66441979161511,87.4,2.0,no
medicina,quirófano,46.5,2161.072,1.0,5.0,2.5,no,44.0,mujer,interino,centro C,20.0,0.6709695005737735,13.3,2.0,no
enfermería,planta,41.0,1922.859,0.0,1.9,9.1,no,56.0,mujer,fijo,centro D,15.0,-13.02091464382466,20.3,0.0,sí
auxiliar,consultas,47.5,2238.162,3.0,4.0,28.3,sí,51.0,mujer,fijo,centro C,54.0,16.829356201934814,10.3,1.0,no
enfermería,  planta ,46.0,2153.605,0.0,4.3,14.3,sí,40.0,mujer,N/D,centro D,61.0,10.060372138435454,7.6,0.0,sí
medicina,consultas,40.3,1873.722,0.0,5.0,12.8,sí,42.0,mujer,fijo,centro B,25.0,-0.5316715715956377,8.3,0.0,sí
enfermería,planta,41.4,1936.591,5.0,4.6,6.9,no,38.0,mujer,interino,centro A,58.0,-16.34454691171611,8.4,2.0,sí
enfermería,oncología,32.9,1503.389,3.0,3.0,6.2,no,41.0,mujer,fijo,centro D,37.0,-16.888320349586138,13.8,2.0,no
medicina,uci,42.6,1979.404,0.0,2.9,8.1,no,52.0,mujer,interino,centro A,42.0,-8.432231636208183,13.2,0.0,no
medicina,urgencias,35.3,1642.192,3.0,2.5,26.1,sí,50.0,mujer,eventual,centro B,33.0,3.3582556374754287,15.2,0.0,sí
medicina,quirófano,40.2,1748.858,1.0,4.4,20.9,no,55.0,mujer,fijo,centro D,24.0,-24.67855431946674,4.1,3.0,sí
enfermería,urgencias,42.6,1938.432,1.0,4.4,17.9,sí,47.0,mujer,interino,centro C,6.0,4.842575053770883,5.9,0.0,no
auxiliar,  quirófano ,37.2,1712.566,4.0,2.9,12.5,sí,45.0,hombre,interino,centro E,41.0,-14.540336312959294,16.0,0.0,sí
celador,urgencias,45.3,2156.343,0.0,2.0,1.8,sí,51.0,hombre,fijo,centro E,25.0,17.025073144356107,16.2,1.0,no
enfermería,planta,27.3,1260.472,4.0,3.0,0.2,sí,46.0,mujer,eventual,centro D,32.0,-17.89011139576355,15.6,2.0,sí
administración,planta,44.8,2080.136,4.0,4.4,2.7,sí,34.0,hombre,interino,centro E,32.0,1.5087150099927253,21.9,0.0,sí
auxiliar,urgencias,44.7,2033.42,0.0,2.6,2.0,no,32.0,mujer,fijo,centro B,10.0,14.428783665532878,4.7,0.0,no
enfermería,urgencias,39.7,1825.964,0.0,2.3,4.1,sí,60.0,mujer,fijo,centro A,2.0,-3.8412664299544304,24.2,0.0,no
enfermería,urgencias,32.7,1470.813,2.0,3.4,4.3,no,40.0,mujer,N/D,centro A,24.0,-6.416927508042756,17.2,2.0,no
medicina,CONSULTAS,30.4,1358.243,2.0,3.0,25.4,sí,48.0,hombre,eventual,centro D,7.0,-22.190463105673196,5.3,2.0,no
enfermería,uci,32.1,1457.733,4.0,3.3,6.4,sí,33.0,mujer,fijo,centro A,8.0,-17.217349715123373,8.2,4.0,no
celador,consultas,37.9,1725.611,0.0,1.8,5.1,sí,50.0,hombre,eventual,centro D,21.0,-1.3398670840451299,9.8,0.0,no
enfermería,urgencias,40.0,1818.293,2.0,3.4,3.0,sí,59.0,hombre,fijo,centro C,32.0,-12.468833239622988,6.7,3.0,no
medicina,uci,42.2,1935.013,4.0,3.0,11.8,no,44.0,hombre,eventual,centro E,31.0,1.704508119327666,37.3,1.0,no
administración,consultas,43.0,1936.764,1.0,3.2,4.4,no,57.0,hombre,fijo,centro C,22.0,-6.067541907183438,31.9,0.0,no
enfermería,quirofano,45.3,2202.008,1.0,3.4,17.6,no,42.0,hombre,fijo,centro E,21.0,-7.928272046044181,3.8,1.0,no
enfermería,planta,44.5,2052.222,2.0,4.9,10.4,sí,60.0,mujer,interino,centro E,0.0,5.287202142687467,16.6,1.0,sí
administración,consultas,34.9,1632.511,0.0,2.4,10.3,no,50.0,mujer,fijo,centro B,49.0,-19.062217061461816,9.7,0.0,no
administración,urgencias,37.5,1640.906,3.0,1.6,5.1,sí,55.0,hombre,fijo,centro D,52.0,-14.306711519374598,6.7,1.0,sí
enfermería,urgencias,37.4,1693.056,3.0,5.0,19.7,no,40.0,hombre,fijo,centro A,8.0,1.576712911616859,14.5,3.0,no
auxiliar,quirófano,31.4,1473.55,3.0,3.2,23.6,sí,31.0,mujer,fijo,centro C,61.0,-10.153612116838007,8.4,1.0,sí
auxiliar,consultas,27.4,1277.635,0.0,4.4,16.2,no,46.0,hombre,interino,centro C,4.0,-17.57916604576412,19.5,1.0,no
medicina,uci,44.6,2109.991,1.0,4.1,9.5,no,44.0,mujer,interino,centro D,10.0,6.939432473103713,10.4,0.0,sí
administración,consultas,29.4,1369.254,5.0,3.3,7.8,no,51.0,hombre,eventual,centro A,27.0,-15.729995599499045,17.7,1.0,no
administración,planta,25.0,1158.33,4.0,2.3,6.7,sí,52.0,mujer,interino,centro C,19.0,-37.79235672569919,45.4,0.0,no
enfermería,uci,37.1,1701.861,6.0,2.8,18.3,no,35.0,mujer,fijo,centro A,23.0,13.410286163935558,41.3,0.0,sí
medicina,  urgencias ,35.5,1637.829,3.0,3.6,15.1,no,37.0,mujer,fijo,centro A,29.0,-16.858174738583514,14.1,0.0,no
enfermería,uci,35.0,1620.314,2.0,2.2,4.4,sí,45.0,mujer,fijo,centro C,13.0,-0.8681100875067198,3.5,1.0,no
auxiliar,  planta ,42.2,1993.413,0.0,4.1,15.9,sí,29.0,mujer,fijo,centro A,8.0,-15.515604361277848,14.7,0.0,sí
medicina,consultas,35.4,1607.246,5.0,3.1,17.1,sí,49.0,mujer,interino,centro B,26.0,-7.6953613377351,40.4,1.0,sí
administración,planta,31.3,1420.12,4.0,3.6,10.0,sí,41.0,mujer,eventual,centro E,49.0,-17.276953502519632,15.1,2.0,sí
administración,planta,38.6,1750.651,2.0,1.7,13.3,no,40.0,mujer,fijo,centro A,3.0,-9.771798119225478,6.0,2.0,sí
medicina,uci,39.8,1824.883,3.0,3.0,23.1,no,39.0,mujer,interino,centro C,152.0,-3.8670384222396343,13.8,1.0,sí
medicina,urgencias,32.1,1448.279,0.0,2.7,12.4,sí,40.0,mujer,fijo,centro C,3.0,-14.51611505021123,52.2,1.0,sí
auxiliar,quirófano,41.4,1883.138,0.0,2.4,2.7,no,34.0,hombre,fijo,centro C,49.0,8.163780666809176,4.5,1.0,no
enfermería,consultas,35.3,1586.627,0.0,3.0,8.7,sí,52.0,mujer,fijo,centro E,17.0,-11.137745531557584,7.1,1.0,sí
auxiliar,oncología,39.7,1780.362,0.0,2.2,5.3,no,41.0,mujer,fijo,centro C,30.0,5.465740774323384,5.2,1.0,no
enfermería,PLANTA,33.9,1563.646,0.0,3.0,5.6,no,51.0,mujer,eventual,centro B,28.0,-25.418715334631646,17.1,2.0,sí
medicina,consultas,37.8,1810.71,4.0,2.4,13.6,sí,59.0,mujer,interino,centro A,43.0,-6.453977376813216,-99.0,0.0,no
enfermería,oncología,34.7,1564.817,5.0,2.6,21.2,no,66.0,mujer,fijo,centro E,55.0,-15.062021907660995,17.5,0.0,no
administración,consultas,31.4,1450.064,4.0,3.2,1.8,sí,63.0,mujer,eventual,centro A,5.0,-15.578108524403943,8.1,0.0,no
medicina,planta,51.7,2363.06,0.0,3.3,7.1,no,54.0,mujer,fijo,centro A,21.0,19.47140670053164,-99.0,2.0,sí
auxiliar,consultas,23.4,1077.332,1.0,5.0,1.3,no,54.0,mujer,fijo,centro B,52.0,-24.35645226971669,1.7,2.0,no
medicina,consultas,35.5,1699.277,2.0,2.3,34.0,no,39.0,mujer,eventual,centro A,40.0,-13.7696839701285,52.4,0.0,sí
enfermería,urgencias,33.3,1543.135,1.0,2.4,25.5,no,60.0,hombre,interino,centro C,23.0,-17.451762629747982,17.0,1.0,sí
medicina,URGENCIAS,44.9,2036.298,0.0,2.7,9.8,sí,33.0,mujer,interino,centro C,44.0,-4.852976863678252,39.6,0.0,sí
medicina,PLANTA,31.2,1487.657,3.0,2.2,15.7,no,31.0,mujer,N/D,centro E,41.0,-33.77410036509841,-99.0,2.0,no
auxiliar,uci,38.9,1847.005,0.0,3.6,8.4,sí,50.0,mujer,interino,centro C,15.0,-0.37891968951463006,6.5,2.0,no
auxiliar,oncología,37.1,1757.096,2.0,3.2,9.2,no,38.0,hombre,fijo,centro B,27.0,-7.4250723454926755,30.6,0.0,no
auxiliar,consultas,36.7,1640.577,3.0,4.9,1.7,no,48.0,hombre,N/D,centro D,41.0,-13.206616778001157,10.0,0.0,no
administración,oncología,37.4,1665.559,2.0,3.2,2.7,no,65.0,mujer,fijo,centro E,8.0,-17.40747453626687,4.6,2.0,no
enfermería,urgencias,46.3,2209.93,1.0,1.9,4.4,sí,36.0,hombre,N/D,centro D,27.0,14.954679983590584,5.9,2.0,sí
medicina,QUIRÓFANO,38.6,1812.521,2.0,2.1,13.0,sí,58.0,mujer,fijo,centro E,61.0,-16.408888535892356,60.4,0.0,no
enfermería,planta,46.6,2162.695,0.0,5.0,37.7,sí,45.0,mujer,interino,centro D,7.0,3.6921350590150026,44.1,0.0,sí
enfermería,planta,27.3,1276.178,4.0,3.5,12.1,no,40.0,hombre,fijo,centro B,23.0,-33.55981039344707,78.0,0.0,sí
enfermería,  planta ,46.8,2142.833,0.0,4.1,29.9,no,45.0,hombre,eventual,centro D,23.0,-7.6924908917819295,42.5,0.0,no
enfermería,  urgencias ,36.2,1702.207,1.0,2.6,10.4,no,43.0,mujer,fijo,centro D,33.0,13.590907205302301,32.8,1.0,no
administración,  consultas ,41.0,1883.819,4.0,3.7,7.3,no,43.0,mujer,fijo,centro C,12.0,-0.329062336250864,28.7,0.0,sí
auxiliar,URGENCIAS,35.7,1639.525,0.0,3.4,12.3,no,51.0,mujer,N/D,centro E,27.0,-23.326523029456734,40.5,1.0,sí
medicina,consultas,45.3,2139.737,4.0,3.5,14.9,no,29.0,mujer,fijo,centro D,11.0,7.115885791896702,9.8,1.0,sí
enfermería,  uci ,36.7,1671.235,3.0,2.4,13.4,sí,26.0,hombre,fijo,centro B,13.0,0.4830508475225903,20.3,0.0,no
enfermería,urgencias,38.1,1705.46,1.0,5.0,3.6,no,33.0,hombre,fijo,centro A,16.0,-9.438391729674777,16.7,0.0,no
administración,quirófano,25.5,1199.273,0.0,3.7,14.0,no,45.0,mujer,interino,centro E,34.0,-12.51266207883409,16.6,2.0,sí
enfermería,uci,36.2,1677.219,3.0,3.6,11.1,sí,34.0,mujer,fijo,centro A,3.0,-20.987699357649788,7.9,1.0,no
medicina,UCI,29.6,1383.46,1.0,2.8,29.9,no,38.0,mujer,fijo,centro A,11.0,-45.30132767919771,17.2,2.0,no
medicina,  urgencias ,34.2,1584.748,1.0,4.3,11.9,sí,41.0,mujer,fijo,centro D,3.0,-15.455821925181587,14.7,1.0,no
administración,oncología,38.2,1716.313,4.0,3.3,13.5,no,53.0,mujer,fijo,centro A,22.0,-24.022428618539344,8.7,0.0,sí
medicina,quirófano,36.1,1698.071,0.0,1.3,16.1,no,59.0,mujer,fijo,centro A,17.0,-12.671242882603382,27.6,0.0,sí
medicina,urgencias,45.5,1982.684,1.0,4.3,12.0,sí,54.0,mujer,N/D,centro E,3.0,10.597799222170439,4.1,1.0,no
enfermería,uci,28.8,1292.445,0.0,4.2,6.1,no,39.0,mujer,interino,centro A,32.0,-30.40718785863353,8.8,1.0,no
medicina,quirófano,53.7,2393.238,0.0,4.4,3.4,no,30.0,hombre,eventual,centro C,17.0,14.88002490724924,4.8,4.0,no
auxiliar,urgencias,41.0,1931.865,4.0,3.4,11.9,no,47.0,mujer,fijo,centro A,39.0,1.9468051710546668,44.1,0.0,sí
enfermería,urgencias,43.2,1945.357,5.0,2.8,3.1,no,51.0,hombre,fijo,centro D,11.0,5.36544646779428,33.2,0.0,no
enfermería,urgencias,45.6,2149.608,2.0,2.8,6.9,sí,51.0,hombre,fijo,centro B,17.0,15.48093001379543,13.9,1.0,no
administración,  consultas ,39.1,1783.73,1.0,2.8,5.1,sí,56.0,mujer,fijo,centro B,42.0,-25.783995329752756,45.9,3.0,no
enfermería,urgencias,36.1,1694.84,1.0,3.0,21.0,no,44.0,mujer,fijo,centro C,72.0,-6.5641438491588096,13.9,1.0,no
celador,uci,35.9,1579.28,0.0,2.9,17.0,sí,22.0,mujer,fijo,centro D,38.0,-5.645832410834167,14.2,1.0,sí
medicina,PLANTA,27.0,1239.737,0.0,2.6,14.9,sí,43.0,mujer,N/D,centro C,39.0,-24.86231366836919,121.9,0.0,no
enfermería,uci,39.1,1814.99,0.0,3.8,7.9,no,45.0,mujer,eventual,centro E,34.0,-4.57698158967448,9.4,0.0,no
enfermería,  urgencias ,41.3,1865.313,1.0,4.0,5.5,sí,40.0,mujer,eventual,centro C,11.0,-6.525026119362305,18.0,0.0,sí
enfermería,consultas,48.7,2259.014,3.0,2.9,14.9,no,42.0,hombre,interino,centro A,51.0,18.631147001901727,9.3,3.0,sí
enfermería,  uci ,37.0,1663.873,0.0,1.3,3.8,no,59.0,mujer,eventual,centro D,34.0,-17.777006937931368,17.2,2.0,sí
enfermería,  planta ,34.2,1547.032,2.0,3.4,17.8,no,38.0,hombre,interino,centro A,87.0,-28.083755615790416,22.7,0.0,sí
medicina,urgencias,33.9,1578.223,3.0,3.8,6.5,sí,39.0,mujer,fijo,centro E,8.0,-14.759300289960356,13.4,2.0,sí
administración,uci,38.1,1783.915,6.0,2.8,28.7,no,42.0,mujer,interino,centro B,47.0,17.339980685888545,8.4,3.0,no
enfermería,uci,40.5,1799.901,0.0,2.0,8.3,no,32.0,mujer,fijo,centro E,69.0,-3.1396963588918516,96.1,1.0,no
enfermería,quirófano,26.8,1223.604,5.0,4.0,4.5,no,49.0,hombre,fijo,centro C,36.0,-18.831744131564278,4.4,0.0,no
auxiliar,urgencias,39.7,1852.555,1.0,1.3,6.9,no,32.0,mujer,fijo,centro D,20.0,-5.43174220322316,18.8,1.0,sí
enfermería,planta,36.8,1678.224,7.0,3.6,19.0,sí,30.0,hombre,fijo,centro D,27.0,-17.967020333863214,7.0,0.0,no
auxiliar,QUIRÓFANO,26.2,1227.632,3.0,2.8,6.9,sí,51.0,mujer,fijo,centro C,23.0,-36.86712421654687,6.2,2.0,no
enfermería,quirófano,32.2,1512.639,3.0,3.4,29.1,no,45.0,hombre,fijo,centro C,28.0,-15.343116524876294,55.7,0.0,no
medicina,PLANTA,47.7,2304.067,5.0,3.6,12.6,sí,57.0,mujer,fijo,centro C,48.0,23.88670735349238,-99.0,3.0,no
medicina,uci,42.7,1897.567,3.0,2.6,7.9,no,44.0,mujer,eventual,centro A,9.0,9.086186980393812,16.4,1.0,no
auxiliar,  uci ,35.9,1642.647,1.0,3.5,3.3,no,41.0,mujer,fijo,centro E,31.0,-9.92986439591596,-99.0,0.0,sí
medicina,consultas,34.7,1635.498,1.0,4.3,4.8,sí,37.0,hombre,interino,centro E,17.0,-18.653123278862957,13.3,0.0,sí
auxiliar,urgencias,42.3,1931.323,2.0,2.3,14.1,no,43.0,mujer,N/D,centro C,98.0,-12.498779811078283,21.1,0.0,no
administración,planta,35.8,1664.514,0.0,2.2,16.4,no,29.0,mujer,fijo,centro E,9.0,-23.30361936341911,60.2,1.0,no
enfermería,planta,44.2,2018.891,2.0,4.2,8.8,no,46.0,mujer,interino,centro C,14.0,3.369055491861979,3.8,0.0,no
auxiliar,ONCOLOGÍA,26.7,1216.293,5.0,4.3,1.4,sí,66.0,hombre,fijo,centro C,22.0,-47.079054105655345,20.5,0.0,no
celador,consultas,36.5,1675.103,0.0,3.6,1.9,no,33.0,hombre,fijo,centro C,56.0,-16.555556514664282,28.2,1.0,sí
celador,planta,43.0,1970.024,2.0,3.4,21.0,sí,41.0,mujer,interino,centro E,21.0,12.430408999365248,25.5,0.0,no
enfermería,planta,47.4,2248.747,5.0,3.1,3.7,no,45.0,mujer,fijo,centro A,22.0,41.879126389191164,13.2,0.0,no
celador,consultas,36.2,1649.688,2.0,2.8,2.5,no,46.0,mujer,fijo,centro C,24.0,-11.794805797812987,17.0,0.0,no
medicina,  quirófano ,31.2,1444.996,6.0,3.3,2.0,sí,35.0,hombre,interino,centro A,104.0,-20.200080018879273,4.5,0.0,no
auxiliar,planta,48.1,2229.302,4.0,2.9,11.2,no,40.0,mujer,eventual,centro C,20.0,23.68885523444217,-99.0,2.0,sí
auxiliar,planta,38.5,1770.525,0.0,3.8,13.5,sí,35.0,mujer,fijo,centro E,27.0,-16.329579157669272,35.0,1.0,no
medicina,UCI,49.9,2276.756,3.0,4.2,6.6,no,34.0,mujer,fijo,centro C,77.0,19.48363235885006,119.8,1.0,no
administración,consultas,34.6,1631.176,3.0,2.1,13.1,sí,57.0,hombre,fijo,centro E,14.0,-24.15303420746975,21.9,0.0,sí
enfermería,urgencias,38.8,1796.032,1.0,2.9,0.7,no,43.0,mujer,interino,centro E,13.0,-3.3540635438983997,37.9,1.0,sí
medicina,CONSULTAS,43.3,2020.963,2.0,5.0,12.9,no,22.0,mujer,eventual,centro A,54.0,-2.2901695594152125,3.4,0.0,sí
administración,urgencias,38.6,1786.752,4.0,3.3,6.5,sí,34.0,hombre,interino,centro D,39.0,0.6952371107575708,5.6,0.0,no
enfermería,uci,38.9,1827.915,1.0,3.5,13.0,sí,38.0,mujer,N/D,centro D,14.0,-26.057251424576982,-99.0,2.0,sí
medicina,CONSULTAS,41.6,2012.26,3.0,3.2,4.9,no,38.0,mujer,interino,centro E,31.0,4.767195627045835,5.2,2.0,no
auxiliar,quirófano,46.7,2125.557,1.0,3.7,9.3,no,50.0,mujer,interino,centro C,20.0,1.5512117744700897,-99.0,1.0,no
auxiliar,uci,31.3,1423.144,7.0,4.8,3.7,sí,34.0,mujer,fijo,centro C,47.0,-26.75453188263692,11.4,2.0,no
auxiliar,planta,34.3,1532.385,0.0,2.9,12.1,sí,61.0,mujer,fijo,centro E,3.0,-12.176335326116796,1.6,2.0,no
enfermería,PLANTA,33.2,1556.706,5.0,2.4,5.9,no,45.0,mujer,fijo,centro B,13.0,-12.025989803762196,14.7,1.0,no
celador,ONCOLOGÍA,26.8,1242.874,2.0,3.0,13.4,no,41.0,hombre,interino,centro E,27.0,-23.791975932432216,24.0,1.0,no
auxiliar,planta,33.4,1602.108,4.0,4.2,4.7,no,45.0,mujer,fijo,centro A,10.0,-13.09061672329057,80.0,0.0,sí
celador,planta,39.8,1895.813,0.0,3.4,1.0,sí,61.0,mujer,fijo,centro A,56.0,10.40346423011914,17.7,1.0,no
administración,urgencias,40.8,1879.819,0.0,3.7,10.8,sí,45.0,hombre,N/D,centro D,37.0,-17.00775590203221,15.5,2.0,no
auxiliar,uci,33.2,1560.868,3.0,2.4,19.8,no,36.0,mujer,interino,centro D,43.0,-12.197745224081629,5.3,1.0,no
medicina,urgencias,35.3,1599.296,3.0,3.4,23.4,no,49.0,mujer,interino,centro C,22.0,-7.01338472499023,50.9,2.0,no
administración,URGENCIAS,36.2,1680.559,0.0,4.8,4.4,no,44.0,hombre,N/D,centro E,30.0,-14.647272525192186,14.6,2.0,sí
enfermería,consultas,36.4,1626.199,2.0,3.0,6.1,no,46.0,mujer,fijo,centro D,19.0,3.1570139280824385,12.4,1.0,sí
auxiliar,consultas,35.2,1607.514,2.0,2.0,17.1,no,37.0,mujer,fijo,centro E,44.0,-19.84124203512431,17.6,1.0,sí
auxiliar,  urgencias ,35.6,1641.183,3.0,3.3,2.5,sí,56.0,hombre,fijo,centro E,29.0,-1.9800672271896769,8.0,2.0,no
enfermería,planta,34.4,1613.341,3.0,4.1,7.9,no,44.0,mujer,interino,centro C,51.0,-11.393351829094712,13.9,1.0,no
enfermería,consultas,45.2,2035.047,1.0,3.2,11.4,sí,32.0,mujer,interino,centro E,52.0,2.4815847405319156,32.1,3.0,no
administración,PLANTA,37.7,1751.054,3.0,2.1,20.6,no,63.0,mujer,fijo,centro B,34.0,-23.60768333333483,49.7,0.0,no
celador,quirófano,34.3,1570.734,3.0,3.1,17.9,sí,54.0,mujer,fijo,centro A,36.0,-9.302985174389855,11.9,1.0,no
medicina,planta,44.1,2046.777,1.0,3.5,7.5,no,51.0,mujer,interino,centro D,43.0,7.571557402934559,28.1,2.0,no
enfermería,quirofano,47.2,2184.178,0.0,3.1,14.9,no,39.0,mujer,interino,centro B,35.0,26.48800358428034,10.8,3.0,no
enfermería,  consultas ,40.5,1898.788,1.0,3.6,3.7,sí,39.0,hombre,fijo,centro D,10.0,-11.1799430063707,-99.0,2.0,sí
auxiliar,planta,49.3,2176.276,5.0,3.2,5.9,no,57.0,mujer,fijo,centro A,10.0,33.377992251412564,6.9,0.0,sí
administración,uci,52.4,2397.608,1.0,3.3,27.7,no,51.0,mujer,fijo,centro C,6.0,26.943466355027013,3.7,0.0,sí
enfermería,planta,39.4,1871.727,1.0,4.0,10.5,no,39.0,mujer,fijo,centro C,82.0,-23.58151130822484,2.8,1.0,sí
enfermería,consultas,41.6,1939.328,3.0,2.6,3.4,sí,28.0,mujer,eventual,centro B,16.0,17.175735357499043,5.3,0.0,sí
enfermería,urgencias,36.1,1716.628,2.0,2.5,13.9,sí,49.0,mujer,N/D,centro C,43.0,-9.779981988149775,60.5,1.0,sí
enfermería,quirófano,34.1,1582.987,0.0,4.0,9.8,sí,50.0,hombre,interino,centro C,22.0,-15.934401362392125,38.7,0.0,no
celador,PLANTA,26.6,1222.742,0.0,2.2,25.5,no,52.0,mujer,interino,centro D,33.0,1.5838779994672372,41.0,1.0,sí
auxiliar,oncología,50.8,2349.11,6.0,3.0,2.3,sí,46.0,hombre,eventual,centro B,21.0,36.964335198734055,18.8,1.0,no
enfermería,CONSULTAS,45.9,2112.036,3.0,2.1,0.8,no,36.0,mujer,fijo,centro A,18.0,28.031990331879047,14.3,0.0,no
medicina,consultas,36.4,1678.813,5.0,5.0,13.4,no,57.0,mujer,fijo,centro E,43.0,-21.561246808442252,18.3,1.0,sí
enfermería,planta,35.9,1660.133,0.0,2.3,9.4,no,22.0,mujer,interino,centro E,60.0,-25.703095980164665,42.3,0.0,no
administración,planta,38.7,1756.181,5.0,5.0,3.8,sí,37.0,mujer,interino,centro E,72.0,0.667166934979937,3.9,0.0,no
auxiliar,consultas,37.5,1724.051,2.0,4.0,9.6,no,36.0,mujer,eventual,centro C,6.0,-21.702552211769447,2.6,0.0,no
auxiliar,urgencias,39.8,1799.336,0.0,3.9,21.8,sí,65.0,mujer,interino,centro D,10.0,-6.88859592444649,9.0,1.0,no
enfermería,uci,28.9,1325.218,2.0,2.8,2.4,no,43.0,hombre,fijo,centro D,18.0,-5.607266829266937,15.9,1.0,sí
enfermería,  quirófano ,36.0,1655.607,0.0,3.5,7.8,no,35.0,mujer,fijo,centro E,47.0,-19.741621660851443,14.1,1.0,sí
medicina,PLANTA,40.7,1903.302,3.0,2.9,8.9,sí,27.0,hombre,fijo,centro C,38.0,-12.515774157415073,-99.0,1.0,sí
auxiliar,consultas,35.5,1641.879,0.0,4.2,1.6,no,53.0,mujer,fijo,centro B,62.0,-16.860169345769577,28.8,0.0,no
auxiliar,consultas,41.6,1980.018,0.0,4.0,5.9,no,32.0,mujer,fijo,centro D,18.0,-11.86866147791596,8.1,0.0,sí
administración,planta,48.1,2183.178,2.0,4.0,1.1,sí,42.0,mujer,eventual,centro E,21.0,23.163205785088216,14.3,0.0,no
medicina,oncologia,39.4,1757.031,4.0,5.0,8.2,no,42.0,mujer,interino,centro B,28.0,-8.822805990761163,9.4,2.0,no
enfermería,planta,38.8,1775.585,6.0,3.0,15.4,no,63.0,mujer,interino,centro E,19.0,-6.136586707207901,20.7,1.0,sí
enfermería,quirófano,33.4,1531.845,1.0,3.8,13.9,sí,58.0,hombre,fijo,centro A,32.0,-14.883381647879958,11.8,0.0,no
celador,uci,30.2,1439.688,4.0,3.1,14.1,no,25.0,mujer,fijo,centro D,47.0,-44.60923407595095,-99.0,0.0,sí
medicina,consultas,39.6,1790.167,0.0,2.0,6.8,no,37.0,mujer,interino,centro A,26.0,-1.9539583887735317,8.2,2.0,no
celador,urgencias,28.2,1274.376,2.0,4.5,16.6,no,41.0,mujer,fijo,centro D,19.0,-25.59776883224269,31.0,2.0,sí
enfermería,CONSULTAS,45.2,2053.27,1.0,3.3,15.2,no,44.0,hombre,fijo,centro D,25.0,-4.022483107038434,12.5,0.0,sí
celador,quirófano,31.8,1465.701,3.0,2.4,1.2,no,65.0,mujer,fijo,centro D,35.0,-12.143070153668404,23.1,1.0,sí
enfermería,consultas,36.3,1646.883,3.0,3.6,3.7,no,40.0,mujer,interino,centro D,39.0,-11.57815667626083,5.6,2.0,sí
medicina,  urgencias ,38.0,1720.58,1.0,4.2,5.4,sí,46.0,mujer,fijo,centro B,21.0,-19.287642709831935,10.6,1.0,no
auxiliar,consultas,39.8,1911.211,4.0,3.1,5.6,no,45.0,mujer,fijo,centro D,7.0,-9.38631038152586,68.0,0.0,no
enfermería,consultas,47.3,2133.014,4.0,2.9,19.1,no,46.0,hombre,interino,centro B,28.0,26.491700498848484,3.8,2.0,sí
enfermería,consultas,23.5,1071.608,1.0,3.6,12.5,no,44.0,hombre,fijo,centro C,18.0,-24.877085024502016,42.1,0.0,no
celador,quirofano,38.1,1792.736,3.0,3.4,10.2,no,55.0,mujer,interino,centro B,21.0,-5.7389321762056005,13.0,0.0,no
administración,oncología,28.6,1300.443,0.0,2.9,6.7,sí,37.0,mujer,interino,centro B,29.0,1.4818149760220045,3.7,0.0,no
auxiliar,consultas,41.5,1870.327,1.0,4.8,16.4,no,44.0,mujer,N/D,centro C,15.0,-10.559314210611063,11.0,0.0,no
administración,  quirófano ,37.8,1791.121,2.0,5.0,0.8,no,44.0,mujer,fijo,centro C,82.0,-31.742693009377625,52.8,0.0,no
auxiliar,planta,32.9,1570.699,1.0,3.7,1.3,no,37.0,mujer,eventual,centro D,36.0,-12.862535779220163,3.6,1.0,sí
enfermería,urgencias,28.2,1246.983,1.0,2.3,7.0,sí,37.0,mujer,fijo,centro A,10.0,-26.812342255817807,6.3,0.0,no
medicina,  uci ,48.8,2274.08,4.0,3.4,10.1,sí,44.0,mujer,fijo,centro B,23.0,15.89326567486048,14.9,4.0,sí
auxiliar,consultas,26.1,1184.395,0.0,2.8,4.4,no,55.0,mujer,fijo,centro A,20.0,-28.251466330776765,18.2,1.0,sí
enfermería,  uci ,25.1,1220.894,6.0,4.9,9.7,no,43.0,hombre,fijo,centro B,5.0,-30.72457029401091,-99.0,0.0,sí
enfermería,quirofano,35.7,1646.246,4.0,2.6,10.0,sí,49.0,mujer,eventual,centro D,28.0,-15.905773101547828,32.4,2.0,no
enfermería,urgencias,47.7,2135.351,2.0,3.5,3.9,sí,40.0,hombre,interino,centro D,92.0,4.729022848945913,33.7,0.0,sí
auxiliar,consultas,35.2,1534.004,2.0,2.2,4.6,sí,40.0,mujer,interino,centro D,37.0,-22.778561854298374,11.8,1.0,sí
enfermería,URGENCIAS,51.9,2299.083,1.0,3.1,10.6,sí,31.0,mujer,eventual,centro E,9.0,4.062336549708576,7.9,2.0,sí
enfermería,  urgencias ,39.1,1788.765,1.0,4.4,8.0,sí,56.0,hombre,fijo,centro C,9.0,5.687509032154006,6.6,3.0,sí
administración,planta,29.1,1332.373,0.0,1.8,10.2,no,54.0,mujer,interino,centro C,52.0,-18.76750216194998,74.5,0.0,no
medicina,quirófano,26.5,1210.748,0.0,3.0,9.1,sí,49.0,mujer,fijo,centro E,13.0,-17.627950581117112,27.8,2.0,sí
medicina,consultas,28.2,1329.854,5.0,3.6,11.2,no,34.0,mujer,fijo,centro C,26.0,-27.51074569229282,8.1,1.0,no
auxiliar,planta,33.7,1546.956,5.0,2.8,10.3,no,37.0,mujer,N/D,centro C,25.0,-5.161751151885898,9.5,0.0,no
enfermería,urgencias,28.1,1295.429,2.0,2.7,5.5,sí,36.0,mujer,eventual,centro E,5.0,-27.099687105947314,-99.0,0.0,sí
auxiliar,uci,50.5,2408.033,3.0,4.2,24.9,no,22.0,mujer,fijo,centro E,15.0,22.3956546872388,7.6,0.0,sí
auxiliar,consultas,43.9,1961.042,2.0,4.4,15.8,sí,40.0,hombre,fijo,centro C,18.0,-4.559411764161685,25.7,0.0,no
administración,uci,40.3,1893.088,1.0,2.7,3.5,sí,52.0,mujer,fijo,centro B,36.0,5.891960918015473,16.0,0.0,sí
enfermería,consultas,52.4,2471.673,4.0,3.3,12.8,sí,52.0,hombre,interino,centro A,6.0,56.01249218038378,2.3,2.0,sí
enfermería,urgencias,41.2,1839.636,3.0,3.0,5.8,no,40.0,mujer,fijo,centro A,6.0,-6.730153355055524,-99.0,1.0,no
medicina,urgencias,38.1,1777.445,1.0,3.2,7.6,sí,53.0,mujer,fijo,centro C,45.0,4.7007880674596105,25.2,1.0,no
medicina,planta,34.0,1639.103,0.0,2.4,9.8,no,22.0,mujer,interino,centro D,36.0,-31.486169716900715,-99.0,0.0,sí
auxiliar,consultas,37.7,1669.289,2.0,5.0,1.9,sí,51.0,hombre,eventual,centro A,17.0,-11.249477129575354,9.3,0.0,no
enfermería,uci,35.6,1626.853,3.0,4.0,20.8,no,37.0,mujer,fijo,centro E,23.0,-17.257186917088553,23.9,2.0,sí
celador,quirófano,44.2,1960.977,0.0,3.6,19.0,sí,44.0,mujer,interino,centro B,17.0,-10.276954306612614,25.7,2.0,sí
enfermería,urgencias,37.2,1761.146,0.0,3.3,9.7,no,48.0,hombre,fijo,centro C,19.0,-26.968320871916593,63.6,0.0,sí
enfermería,planta,34.2,1548.507,2.0,3.6,8.6,no,64.0,mujer,interino,centro A,15.0,-6.4298690841370725,5.2,2.0,no
enfermería,planta,27.0,1233.211,1.0,3.5,4.7,no,50.0,hombre,fijo,centro A,9.0,-11.054270257615018,50.1,0.0,sí
enfermería,oncología,43.4,2016.048,4.0,3.6,11.5,sí,39.0,hombre,fijo,centro E,35.0,9.18280872995191,50.8,2.0,no
auxiliar,quirófano,32.8,1482.743,6.0,3.3,20.1,no,59.0,mujer,interino,centro E,45.0,-26.23792112274777,9.4,0.0,sí
enfermería,  consultas ,31.4,1456.426,0.0,2.2,13.5,sí,50.0,mujer,fijo,centro A,36.0,-18.176885839609714,13.4,0.0,no
enfermería,oncología,44.8,2040.328,1.0,4.3,15.4,no,41.0,mujer,interino,centro A,25.0,7.697835079955388,38.1,0.0,sí
enfermería,PLANTA,36.5,1703.074,2.0,2.5,1.7,sí,34.0,mujer,fijo,centro B,19.0,-9.245590174601453,7.5,0.0,sí
enfermería,planta,43.9,2029.288,1.0,4.8,4.2,sí,40.0,mujer,interino,centro B,12.0,-8.341131789841942,47.8,0.0,sí
enfermería,planta,40.4,1950.466,4.0,3.4,14.7,no,44.0,mujer,fijo,centro A,26.0,6.784251798412889,14.9,1.0,no
enfermería,urgencias,34.4,1579.283,4.0,4.2,2.9,no,46.0,hombre,interino,centro B,32.0,-9.430026970506418,16.4,0.0,no
enfermería,planta,37.1,1701.818,5.0,1.6,0.7,sí,49.0,mujer,fijo,centro B,63.0,-5.456058476092456,37.6,0.0,sí
enfermería,quirofano,33.4,1510.464,0.0,2.8,3.4,no,43.0,mujer,fijo,centro C,14.0,-23.455052279408473,7.3,1.0,sí
auxiliar,urgencias,40.0,1894.214,2.0,2.6,22.2,no,39.0,mujer,fijo,centro A,4.0,-10.873838186398673,23.8,0.0,no
medicina,oncología,28.2,1297.91,1.0,2.4,5.0,sí,33.0,mujer,fijo,centro C,11.0,-28.196389988047038,19.4,0.0,no
auxiliar,planta,40.4,1858.644,0.0,3.1,18.8,sí,66.0,mujer,fijo,centro D,25.0,6.4884740595346155,19.3,0.0,no
auxiliar,planta,25.0,1124.944,0.0,2.8,7.2,sí,37.0,mujer,N/D,centro A,6.0,-2.714089184319434,29.8,3.0,no
enfermería,  oncología ,43.4,1999.684,1.0,1.2,3.4,sí,40.0,mujer,interino,centro A,26.0,7.897721853004667,3.2,3.0,no
auxiliar,consultas,46.6,2126.139,0.0,3.0,3.5,no,26.0,mujer,interino,centro A,18.0,11.673716583941832,76.2,0.0,sí
medicina,uci,32.1,1424.511,2.0,3.7,16.0,sí,32.0,mujer,interino,centro B,3.0,-22.712588429992934,14.1,3.0,sí
auxiliar,planta,38.9,1833.46,0.0,1.7,25.7,sí,36.0,mujer,fijo,centro D,25.0,-15.303864730890453,79.5,2.0,sí
enfermería,consultas,37.8,1753.69,0.0,3.5,8.5,sí,38.0,mujer,fijo,centro D,6.0,-8.885692345892316,9.3,0.0,no
enfermería,consultas,28.0,1224.148,2.0,3.3,5.2,sí,39.0,mujer,fijo,centro E,20.0,-9.083501493416017,26.7,2.0,no
enfermería,urgencias,41.3,1956.252,4.0,3.8,14.3,no,38.0,mujer,interino,centro D,29.0,5.263599757951187,32.7,2.0,sí
administración,quirófano,46.5,2157.783,1.0,2.3,2.2,sí,52.0,hombre,fijo,centro D,31.0,16.55704282700625,13.7,2.0,sí
administración,  consultas ,40.9,1926.04,2.0,4.3,3.8,no,62.0,mujer,interino,centro C,13.0,-13.254472660631581,57.3,3.0,no
enfermería,  consultas ,33.8,1570.543,3.0,3.8,4.8,no,48.0,mujer,interino,centro C,12.0,-10.661079780059655,12.1,1.0,sí
administración,  urgencias ,43.9,1975.449,3.0,2.5,6.9,sí,38.0,mujer,interino,centro E,43.0,-7.077365260112684,4.7,1.0,sí
celador,  urgencias ,38.5,1794.784,3.0,3.3,4.3,no,31.0,mujer,fijo,centro C,25.0,-20.16710583104406,14.4,2.0,sí
auxiliar,planta,37.9,1764.932,0.0,3.7,7.7,sí,33.0,mujer,fijo,centro B,36.0,-16.670037662650177,8.9,2.0,sí
enfermería,CONSULTAS,42.6,1905.709,0.0,3.2,6.2,no,39.0,mujer,N/D,centro D,59.0,-20.79588621932293,5.4,0.0,no
auxiliar,consultas,48.5,2240.149,4.0,3.5,10.0,no,24.0,mujer,eventual,centro A,19.0,10.143110068585578,46.8,2.0,no
administración,urgencias,36.6,1702.542,3.0,3.8,32.2,sí,33.0,mujer,fijo,centro E,6.0,-25.39792602628321,36.1,0.0,no
enfermería,planta,31.7,1451.186,4.0,3.8,23.1,sí,53.0,mujer,eventual,centro E,12.0,-10.791167075745127,5.5,2.0,sí
auxiliar,urgencias,43.3,1959.414,3.0,2.4,8.4,sí,59.0,hombre,eventual,centro B,23.0,10.130025537493967,10.3,0.0,sí
administración,oncología,46.5,2153.13,6.0,2.7,15.6,sí,31.0,mujer,interino,centro A,75.0,37.36212461671961,-99.0,1.0,no
auxiliar,planta,32.3,1421.961,5.0,2.2,10.6,sí,39.0,mujer,interino,centro A,13.0,8.045007235635651,22.7,0.0,no
auxiliar,oncología,48.8,2195.85,1.0,3.9,14.1,no,41.0,mujer,fijo,centro E,33.0,-7.243372145879491,12.3,2.0,sí
auxiliar,urgencias,32.6,1511.771,4.0,3.7,19.9,sí,45.0,mujer,fijo,centro D,24.0,-31.7924277883979,1.9,2.0,sí
enfermería,quirófano,38.5,1804.831,0.0,3.9,7.2,no,55.0,mujer,fijo,centro E,54.0,-11.96608250188182,16.0,2.0,no
auxiliar,QUIRÓFANO,44.6,2080.389,5.0,2.7,3.0,sí,33.0,hombre,interino,centro A,69.0,20.253180661523576,2.1,0.0,no
medicina,planta,40.2,1824.875,4.0,1.9,14.9,sí,31.0,mujer,eventual,centro D,12.0,6.164726732976949,75.4,0.0,no
auxiliar,  planta ,29.0,1296.675,4.0,3.6,20.3,no,46.0,hombre,fijo,centro B,37.0,-17.688693002268373,14.8,0.0,sí
celador,planta,45.4,2094.121,0.0,3.7,12.5,no,33.0,mujer,fijo,centro C,30.0,-7.416948160924519,27.6,0.0,no
enfermería,consultas,46.4,2115.262,3.0,1.5,3.0,no,42.0,mujer,interino,centro D,33.0,8.106107522836904,38.8,1.0,sí
administración,planta,42.2,1898.757,4.0,4.0,2.1,no,38.0,mujer,fijo,centro B,80.0,1.5546184525902902,6.4,1.0,sí
enfermería,quirófano,35.5,1601.028,2.0,3.9,16.8,no,41.0,mujer,fijo,centro E,25.0,-33.81079902950816,3.4,3.0,no
medicina,quirófano,30.0,1364.028,2.0,3.6,7.3,no,61.0,hombre,fijo,centro D,33.0,-18.500508978565563,11.2,2.0,sí
enfermería,CONSULTAS,40.5,1878.463,1.0,2.5,7.5,no,46.0,hombre,interino,centro D,18.0,14.573484564829734,21.9,1.0,sí
enfermería,uci,30.3,1383.908,4.0,4.8,13.9,no,35.0,mujer,N/D,centro B,11.0,-31.561152075154407,9.9,2.0,sí
medicina,URGENCIAS,38.2,1779.333,2.0,3.0,1.1,no,24.0,hombre,interino,centro E,30.0,-2.160306821566749,13.2,0.0,no
enfermería,consultas,35.4,1614.334,4.0,4.1,16.8,no,65.0,mujer,interino,centro B,33.0,-21.912062102323077,6.3,2.0,sí
administración,planta,34.5,1626.57,1.0,4.1,1.8,no,50.0,mujer,interino,centro B,20.0,-6.834624228215745,6.3,0.0,sí
celador,quirófano,31.1,1412.426,2.0,3.3,5.9,sí,43.0,hombre,fijo,centro D,42.0,-33.80649973489209,8.2,1.0,no
enfermería,uci,39.6,1889.53,3.0,1.9,10.3,no,36.0,mujer,fijo,centro D,42.0,-16.162098894144652,111.6,2.0,sí
medicina,  uci ,21.4,993.938,4.0,3.3,5.4,no,54.0,hombre,fijo,centro C,12.0,-24.9812379955518,42.8,2.0,sí
celador,consultas,36.6,1694.592,5.0,2.8,8.3,no,26.0,mujer,interino,centro E,4.0,-3.030406021783655,6.0,0.0,sí
enfermería,uci,37.6,1709.969,0.0,3.4,22.0,no,35.0,mujer,interino,centro C,8.0,-9.282458146815472,53.3,0.0,sí
enfermería,  urgencias ,41.7,1917.405,3.0,3.0,9.2,sí,49.0,mujer,fijo,centro A,13.0,-1.7510595981869566,29.8,0.0,sí
medicina,CONSULTAS,42.8,1992.138,0.0,4.3,4.3,no,42.0,mujer,fijo,centro A,20.0,6.357323707207064,23.6,0.0,sí
enfermería,quirófano,38.3,1827.127,5.0,3.0,12.2,no,32.0,mujer,interino,centro E,9.0,-13.941484921405621,48.3,0.0,no
enfermería,oncología,32.1,1479.185,0.0,4.9,13.0,no,37.0,mujer,fijo,centro D,13.0,-32.76948056243292,18.0,0.0,no
administración,quirófano,40.2,1856.722,3.0,4.3,15.4,sí,48.0,mujer,fijo,centro E,31.0,-22.776010830169206,6.5,0.0,sí
administración,oncología,38.6,1793.633,1.0,3.8,5.5,sí,36.0,mujer,N/D,centro E,22.0,-7.694980793040246,10.4,1.0,sí
administración,planta,28.6,1290.451,5.0,4.1,11.8,no,42.0,mujer,eventual,centro C,27.0,-22.844130128977028,-99.0,0.0,sí
enfermería,oncologia,41.5,1913.793,1.0,3.0,26.4,no,47.0,mujer,fijo,centro C,50.0,-23.80772430589989,11.0,3.0,no
enfermería,consultas,36.2,1639.47,6.0,2.7,25.8,no,46.0,mujer,fijo,centro D,34.0,-10.351166748536354,23.1,2.0,sí
enfermería,planta,46.6,2171.364,1.0,4.4,6.4,no,44.0,hombre,fijo,centro A,24.0,-6.569777088091211,32.8,1.0,sí
enfermería,quirófano,35.6,1603.683,4.0,5.0,4.7,sí,42.0,mujer,fijo,centro D,28.0,-7.652452445867216,48.9,0.0,sí
enfermería,planta,43.4,2014.862,2.0,4.2,7.0,sí,49.0,mujer,interino,centro B,21.0,19.531385708754303,15.8,0.0,no
medicina,urgencias,37.9,1772.915,5.0,3.4,13.9,no,48.0,hombre,interino,centro C,100.0,-5.685878192093248,17.2,0.0,sí
medicina,consultas,36.4,1680.103,4.0,3.9,8.1,no,26.0,mujer,fijo,centro D,50.0,-24.970166160787677,18.5,0.0,sí
enfermería,uci,34.3,1533.385,0.0,5.0,4.5,sí,51.0,mujer,eventual,centro E,58.0,-7.950837725957541,-99.0,0.0,no
enfermería,quirófano,36.5,1657.5,3.0,2.1,16.3,no,58.0,mujer,fijo,centro E,22.0,-15.07132053078937,24.5,2.0,sí
enfermería,consultas,32.8,1502.518,0.0,4.0,1.6,sí,58.0,hombre,interino,centro B,18.0,1.6135505127285867,41.2,1.0,no
auxiliar,oncología,31.6,1467.839,5.0,3.0,10.8,no,47.0,mujer,eventual,centro A,37.0,-9.85772655517925,27.2,2.0,sí
enfermería,planta,31.4,1448.082,3.0,3.1,3.2,no,45.0,mujer,interino,centro E,38.0,-34.91985294322282,7.8,2.0,sí
enfermería,planta,44.9,2130.485,3.0,2.0,0.8,sí,27.0,mujer,fijo,centro A,21.0,11.056541595153575,17.2,3.0,no
enfermería,quirófano,34.5,1581.836,0.0,1.7,19.2,no,44.0,hombre,interino,centro A,24.0,-9.635059003898554,15.8,1.0,no
auxiliar,planta,32.7,1537.608,0.0,2.7,9.6,sí,35.0,mujer,interino,centro D,29.0,-34.384487390258585,3.9,2.0,sí
enfermería,CONSULTAS,39.8,1870.256,1.0,4.8,0.5,no,26.0,mujer,eventual,centro B,14.0,-17.218957949212935,6.9,0.0,no
auxiliar,consultas,31.5,1458.954,7.0,3.8,13.0,no,55.0,mujer,interino,centro E,14.0,-26.092817333416566,16.2,0.0,no
auxiliar,consultas,35.2,1593.019,4.0,4.1,8.3,no,52.0,hombre,N/D,centro B,14.0,-11.004912688627176,14.4,0.0,sí
medicina,  oncología ,41.0,1895.662,4.0,2.2,13.5,no,41.0,mujer,fijo,centro D,7.0,7.088666344091914,18.4,1.0,no
enfermería,oncología,28.4,1331.355,5.0,3.2,9.3,no,47.0,hombre,fijo,centro E,7.0,-26.344371168119324,7.2,1.0,sí
enfermería,planta,45.4,2093.862,0.0,2.3,17.5,no,38.0,mujer,fijo,centro B,12.0,7.736227574584568,7.0,0.0,sí
enfermería,consultas,39.6,1815.746,3.0,2.6,9.1,no,43.0,mujer,interino,centro A,75.0,-13.82323590638337,17.4,1.0,sí
celador,oncología,39.6,1848.866,3.0,3.8,9.2,sí,24.0,mujer,fijo,centro C,33.0,9.968608332262002,151.9,2.0,no
medicina,urgencias,38.2,1808.908,2.0,2.5,10.0,sí,49.0,mujer,interino,centro D,20.0,-3.257292397119704,7.7,0.0,sí
auxiliar,oncología,32.3,1456.149,4.0,2.8,15.5,no,26.0,hombre,fijo,centro A,37.0,-18.49047630066387,5.9,3.0,no
celador,urgencias,53.5,2454.317,0.0,2.0,10.3,sí,55.0,hombre,fijo,centro B,8.0,31.915094445222252,-99.0,3.0,no
enfermería,planta,43.7,2007.268,2.0,2.3,14.6,no,39.0,mujer,N/D,centro A,24.0,-0.9037752343941081,15.1,0.0,no
enfermería,consultas,36.2,1668.265,2.0,2.5,12.5,sí,25.0,hombre,eventual,centro A,26.0,-16.62829915622476,8.7,0.0,sí
medicina,  planta ,41.0,1873.255,7.0,3.7,4.9,sí,50.0,mujer,interino,centro D,62.0,-7.182032044863043,7.2,2.0,sí
enfermería,ONCOLOGÍA,37.4,1732.174,0.0,4.0,10.0,no,47.0,mujer,fijo,centro C,3.0,-7.654299030506681,45.4,2.0,no
enfermería,consultas,36.1,1677.924,2.0,4.0,4.7,sí,27.0,mujer,interino,centro D,9.0,-28.573593026557795,9.3,0.0,no
auxiliar,uci,35.9,1622.008,3.0,4.0,11.8,no,33.0,mujer,interino,centro E,49.0,-19.420754465272466,4.9,0.0,sí
medicina,quirofano,38.5,1724.18,1.0,3.9,16.1,no,33.0,mujer,fijo,centro D,53.0,-7.679426445033337,38.3,1.0,sí
medicina,consultas,28.8,1317.549,1.0,2.6,12.6,sí,35.0,mujer,interino,centro D,11.0,-24.54111309333223,166.2,0.0,no
auxiliar,planta,40.9,1893.673,1.0,2.5,7.9,no,25.0,mujer,N/D,centro D,30.0,-6.601088019126505,44.5,2.0,sí
celador,oncología,36.1,1629.415,2.0,1.7,6.2,no,58.0,hombre,interino,centro B,10.0,-3.226091764570704,18.7,1.0,no
medicina,quirófano,30.0,1382.676,0.0,3.9,9.3,no,54.0,mujer,eventual,centro E,27.0,-24.714087769356137,10.6,0.0,no
celador,  consultas ,42.8,1980.852,3.0,3.2,3.6,sí,42.0,mujer,interino,centro E,8.0,2.2110215232226,9.1,2.0,no
enfermería,ONCOLOGÍA,44.9,1986.614,4.0,3.0,6.4,no,59.0,mujer,fijo,centro C,74.0,23.045542250632714,45.3,0.0,no
medicina,quirófano,26.6,1228.402,0.0,4.6,4.6,sí,58.0,mujer,fijo,centro B,9.0,-8.085028011645367,5.9,3.0,sí
auxiliar,planta,48.9,2234.753,4.0,4.0,14.3,no,33.0,mujer,eventual,centro B,26.0,25.241470828305022,16.6,1.0,no
enfermería,  urgencias ,40.5,1798.004,0.0,3.5,9.4,sí,48.0,mujer,fijo,centro D,21.0,-7.775488225947285,28.8,1.0,no
medicina,uci,42.0,1921.838,2.0,3.0,18.3,no,34.0,mujer,fijo,centro E,37.0,-1.6013457582200654,23.5,0.0,sí
enfermería,planta,35.2,1584.321,0.0,3.4,0.5,no,38.0,mujer,fijo,centro A,30.0,-14.458114350736775,16.7,2.0,sí
enfermería,planta,28.2,1301.356,3.0,2.8,1.2,no,41.0,mujer,interino,centro A,15.0,-24.489691264790025,19.1,0.0,sí
administración,consultas,42.9,1962.725,0.0,2.5,10.6,sí,52.0,mujer,interino,centro D,15.0,3.754310256846077,-99.0,0.0,sí
medicina,planta,37.6,1701.45,1.0,4.7,16.3,no,36.0,mujer,fijo,centro E,21.0,-7.364767912363826,68.4,2.0,no
auxiliar,PLANTA,36.6,1706.152,2.0,2.5,6.1,no,34.0,mujer,fijo,centro B,67.0,-1.229653453330105,46.5,1.0,sí
medicina,planta,34.4,1569.122,0.0,2.6,1.5,no,49.0,hombre,eventual,centro E,14.0,-9.28919473061334,19.6,0.0,no
medicina,  consultas ,31.6,1499.611,2.0,3.4,14.6,sí,47.0,mujer,fijo,centro D,4.0,-27.31901688519386,13.0,1.0,sí
medicina,quirófano,37.1,1704.587,4.0,3.9,6.0,sí,36.0,mujer,fijo,centro C,59.0,-14.465697672126922,9.1,1.0,sí
auxiliar,uci,36.9,1651.488,5.0,4.0,8.8,sí,41.0,mujer,interino,centro B,57.0,-3.192671351716042,13.5,0.0,no
auxiliar,planta,47.4,2171.388,4.0,4.9,2.5,sí,37.0,mujer,fijo,centro C,10.0,12.047632393458002,54.8,2.0,sí
auxiliar,planta,40.7,1875.261,0.0,1.7,7.7,sí,50.0,mujer,fijo,centro D,19.0,3.557834746863536,65.2,2.0,sí
administración,planta,39.2,1760.416,3.0,2.8,5.3,sí,54.0,mujer,fijo,centro A,15.0,-9.9429547375707,-99.0,1.0,no
enfermería,planta,42.7,1976.117,0.0,2.3,18.5,no,30.0,mujer,N/D,centro E,1.0,8.104927132381697,18.5,2.0,no
medicina,uci,40.9,1815.954,0.0,2.3,11.1,no,44.0,hombre,fijo,centro D,18.0,-3.7466622544008703,16.9,2.0,no
enfermería,UCI,36.1,1638.232,1.0,2.6,19.9,sí,46.0,hombre,fijo,centro A,38.0,-15.253283518094525,124.3,0.0,sí
administración,planta,34.2,1559.439,1.0,4.5,9.3,no,45.0,hombre,fijo,centro E,14.0,-29.650694807979615,14.9,2.0,sí
enfermería,urgencias,45.6,2205.04,0.0,4.6,4.3,sí,51.0,mujer,fijo,centro B,6.0,-0.7659043127630101,12.6,2.0,no
enfermería,quirófano,29.5,1335.149,3.0,5.0,18.8,sí,37.0,mujer,fijo,centro B,22.0,-23.60430038779247,39.8,1.0,sí
auxiliar,uci,30.7,1399.94,3.0,3.2,18.8,sí,43.0,mujer,fijo,centro E,42.0,2.6332841719191435,4.1,3.0,sí
enfermería,uci,41.3,1867.945,2.0,4.3,8.4,no,52.0,mujer,fijo,centro A,17.0,2.626731340787325,19.7,0.0,no
celador,planta,33.8,1570.301,6.0,2.5,9.2,no,39.0,hombre,fijo,centro C,46.0,-18.173266459279375,67.1,0.0,sí
auxiliar,uci,38.0,1817.027,4.0,2.2,7.8,no,39.0,mujer,fijo,centro C,40.0,-11.846858520020572,11.1,0.0,no
medicina,planta,47.9,2186.878,0.0,3.1,5.8,no,37.0,mujer,eventual,centro C,5.0,15.756232102941494,18.3,1.0,no
administración,quirófano,45.9,2149.852,3.0,1.9,10.1,no,34.0,hombre,interino,centro C,30.0,18.106971156226212,16.5,3.0,sí
auxiliar,consultas,34.3,1595.122,1.0,2.9,14.2,no,52.0,mujer,eventual,centro D,39.0,-13.998058006341495,27.3,1.0,sí
administración,URGENCIAS,36.5,1702.422,0.0,2.8,7.0,sí,36.0,hombre,N/D,centro A,10.0,-17.133305266873215,15.5,2.0,no
auxiliar,consultas,48.8,2309.948,2.0,4.1,2.4,no,41.0,mujer,fijo,centro B,39.0,25.203849222231113,16.3,1.0,sí
enfermería,planta,37.9,1677.365,3.0,2.3,7.2,sí,42.0,mujer,fijo,centro B,30.0,-2.1231959336707873,26.8,2.0,sí
enfermería,urgencias,30.1,1400.935,5.0,2.3,8.4,sí,37.0,hombre,fijo,centro B,33.0,-16.854418454504685,6.1,2.0,no
medicina,planta,38.5,1767.826,0.0,3.6,10.2,sí,47.0,mujer,interino,centro A,44.0,3.3878254702719097,14.9,1.0,no
enfermería,planta,48.9,2239.487,1.0,5.0,9.3,sí,50.0,mujer,fijo,centro B,18.0,24.80195886381069,85.1,0.0,sí
medicina,planta,41.5,1946.9,1.0,2.4,7.9,sí,22.0,mujer,interino,centro A,15.0,2.110939280383533,11.1,0.0,no
medicina,CONSULTAS,37.4,1767.504,0.0,1.3,17.4,no,56.0,hombre,eventual,centro D,34.0,-6.5145586958031485,8.2,2.0,sí
auxiliar,planta,41.9,1929.063,2.0,4.2,0.5,sí,66.0,mujer,fijo,centro B,32.0,-9.520017470386367,10.7,2.0,no
medicina,consultas,27.0,1238.069,0.0,3.6,2.1,no,41.0,mujer,fijo,centro A,24.0,-6.858077106864826,66.1,1.0,sí
auxiliar,consultas,39.5,1755.83,2.0,5.0,7.8,sí,30.0,mujer,N/D,centro C,30.0,-18.288141356697928,32.2,2.0,no
administración,planta,35.7,1620.177,4.0,3.0,5.7,sí,22.0,mujer,fijo,centro C,25.0,-18.487996791115318,-99.0,1.0,sí
medicina,quirófano,43.3,2020.494,3.0,3.0,12.3,no,50.0,mujer,fijo,centro D,44.0,0.7669028904108193,6.3,4.0,sí
administración,quirófano,39.3,1776.988,3.0,2.7,6.4,no,52.0,mujer,eventual,centro E,11.0,2.148219715564114,32.6,0.0,no
enfermería,consultas,45.7,2051.642,2.0,2.4,4.3,sí,44.0,hombre,fijo,centro E,21.0,20.76008553485724,7.4,0.0,sí
auxiliar,quirófano,32.8,1473.122,5.0,3.8,8.5,no,41.0,hombre,interino,centro E,78.0,-17.99434655891396,9.9,0.0,sí
auxiliar,quirofano,35.4,1608.242,4.0,2.4,6.0,no,42.0,hombre,fijo,centro D,53.0,-13.62532182815879,16.6,1.0,no
medicina,quirófano,46.0,2082.38,3.0,2.6,6.4,no,22.0,mujer,fijo,centro D,0.0,26.669811170639214,9.1,0.0,no
medicina,planta,29.5,1370.054,2.0,3.0,3.7,sí,30.0,mujer,fijo,centro E,16.0,-21.84122884574286,10.7,0.0,sí
auxiliar,consultas,39.6,1746.849,4.0,1.8,3.4,sí,50.0,mujer,fijo,centro C,72.0,11.764651694822533,20.1,0.0,sí
administración,urgencias,34.1,1577.534,0.0,2.8,5.1,sí,40.0,hombre,eventual,centro A,69.0,-1.5531363458917955,38.4,2.0,sí
auxiliar,  quirófano ,43.0,1981.776,2.0,2.8,18.3,no,46.0,mujer,fijo,centro C,20.0,-12.483842096575309,12.8,2.0,sí
medicina,QUIRÓFANO,27.1,1204.44,3.0,2.6,3.4,no,43.0,hombre,fijo,centro C,32.0,-21.446307439921497,7.4,2.0,no
enfermería,quirófano,36.6,1732.834,3.0,4.5,13.1,no,41.0,mujer,fijo,centro B,28.0,-23.04136329533774,12.7,2.0,sí
enfermería,oncología,34.5,1558.811,7.0,3.7,6.8,sí,30.0,mujer,fijo,centro B,14.0,-12.914673306652872,7.5,0.0,no
administración,consultas,41.8,1930.452,0.0,3.1,9.4,no,39.0,hombre,fijo,centro B,80.0,-10.745592142674447,2.5,2.0,sí
enfermería,uci,43.6,2048.839,5.0,3.3,3.9,sí,36.0,mujer,fijo,centro C,20.0,5.044565377088411,21.6,0.0,sí
medicina,uci,38.2,1757.3,5.0,2.6,2.7,no,41.0,mujer,eventual,centro D,17.0,-2.4253579887178227,11.9,3.0,sí
administración,PLANTA,36.6,1621.291,1.0,2.7,1.6,no,37.0,mujer,fijo,centro D,27.0,-2.9178526436138164,19.6,0.0,sí
enfermería,urgencias,38.1,1794.881,3.0,2.6,5.5,no,51.0,mujer,interino,centro C,2.0,4.928951200527254,6.1,3.0,no
celador,oncología,40.2,1834.036,5.0,5.0,3.9,no,50.0,mujer,fijo,centro A,16.0,21.004624123791068,1.9,0.0,no
celador,oncología,51.5,2316.133,2.0,4.2,10.1,no,31.0,mujer,eventual,centro D,12.0,39.610657124340726,3.0,2.0,no
enfermería,  urgencias ,42.7,1891.467,4.0,4.3,3.6,no,46.0,mujer,fijo,centro C,106.0,-6.112371395933793,13.8,1.0,sí
auxiliar,oncología,36.2,1651.774,6.0,2.9,4.6,no,58.0,mujer,fijo,centro C,66.0,-3.249648326241557,9.5,0.0,sí
enfermería,quirofano,34.4,1586.898,0.0,4.6,18.6,no,57.0,hombre,fijo,centro B,31.0,-37.40207015724339,27.7,1.0,no
enfermería,consultas,42.4,1987.128,3.0,3.3,26.8,no,28.0,mujer,fijo,centro A,26.0,2.9261809703512203,-99.0,0.0,sí
medicina,quirófano,33.9,1530.449,1.0,4.4,9.1,sí,47.0,mujer,interino,centro B,11.0,-2.3089762036847077,21.2,0.0,sí
medicina,planta,44.5,2100.7,0.0,2.3,4.5,no,44.0,hombre,fijo,centro E,4.0,3.5758653762662167,3.5,0.0,sí
medicina,planta,35.8,1680.296,3.0,3.3,3.5,sí,25.0,mujer,fijo,centro B,17.0,-9.64551571229688,12.0,1.0,no
administración,  urgencias ,40.0,1891.09,0.0,4.2,17.0,no,27.0,mujer,fijo,centro C,16.0,-35.25065987880451,7.9,2.0,no
auxiliar,uci,30.7,1401.008,4.0,4.9,13.8,no,41.0,mujer,fijo,centro D,20.0,-13.074130238973943,11.6,1.0,no
enfermería,urgencias,32.9,1505.242,0.0,3.7,6.4,sí,47.0,hombre,fijo,centro E,15.0,-24.472012472868116,18.8,2.0,sí
auxiliar,urgencias,45.1,2149.368,0.0,3.4,3.8,no,40.0,hombre,fijo,centro B,14.0,5.540554180718657,16.9,0.0,no
auxiliar,planta,38.6,1748.929,0.0,2.8,5.9,sí,58.0,mujer,fijo,centro A,91.0,-24.474065909250726,25.1,0.0,sí
enfermería,planta,37.4,1689.576,4.0,3.0,8.7,no,37.0,hombre,interino,centro E,16.0,-8.22890078727298,-99.0,0.0,sí
enfermería,planta,29.7,1380.338,7.0,3.8,7.4,sí,39.0,hombre,interino,centro E,48.0,-13.783920344117544,19.4,0.0,sí
enfermería,urgencias,46.8,2182.881,3.0,5.0,9.6,no,56.0,mujer,fijo,centro E,30.0,18.91172431939199,27.5,0.0,no
medicina,oncología,40.8,1860.55,1.0,4.4,3.0,no,30.0,hombre,fijo,centro A,31.0,-20.942699022286224,23.4,0.0,sí
auxiliar,planta,39.0,1812.889,0.0,3.1,6.4,sí,60.0,mujer,interino,centro C,42.0,-12.539426759926892,9.8,2.0,sí
enfermería,oncologia,35.0,1633.301,2.0,4.7,11.6,no,37.0,hombre,interino,centro A,16.0,-32.56762625678145,6.1,1.0,no
auxiliar,quirófano,32.9,1566.335,2.0,2.5,11.0,no,36.0,hombre,eventual,centro A,4.0,-23.072804200955062,22.9,1.0,no
administración,  consultas ,33.1,1544.378,0.0,3.4,7.9,no,27.0,hombre,N/D,centro C,70.0,-15.198012815246937,9.8,1.0,sí
medicina,consultas,49.7,2337.001,1.0,3.1,8.6,sí,39.0,hombre,eventual,centro C,48.0,17.992297350407643,5.9,0.0,no
enfermería,quirófano,27.4,1303.742,1.0,3.2,4.0,no,52.0,mujer,fijo,centro E,48.0,-16.12144827850303,16.6,0.0,sí
celador,CONSULTAS,38.1,1784.256,1.0,3.3,20.4,sí,62.0,mujer,fijo,centro B,73.0,-26.481567571227068,24.6,1.0,no
auxiliar,uci,27.4,1261.204,1.0,1.4,10.1,no,34.0,mujer,fijo,centro A,15.0,-18.125721798917393,34.5,0.0,no
enfermería,planta,44.3,2060.263,0.0,3.4,23.9,no,53.0,hombre,eventual,centro B,12.0,7.858769748996347,27.0,0.0,no
medicina,quirófano,43.9,2012.353,0.0,4.8,5.7,sí,59.0,mujer,interino,centro B,19.0,-21.877374536980987,11.1,0.0,sí
enfermería,urgencias,36.2,1606.291,0.0,2.1,8.7,no,40.0,mujer,fijo,centro E,40.0,-13.619411768378262,11.8,0.0,no
enfermería,planta,38.3,1773.657,6.0,2.3,23.8,no,37.0,mujer,interino,centro A,11.0,-15.5512397901546,16.4,1.0,no
celador,planta,42.5,1959.901,0.0,3.8,4.5,no,22.0,mujer,eventual,centro E,36.0,6.765673400651227,25.3,1.0,sí
celador,consultas,52.7,2444.258,2.0,5.0,22.2,sí,44.0,hombre,eventual,centro A,14.0,19.82159588310286,4.9,0.0,no
medicina,PLANTA,41.5,1909.075,4.0,2.7,6.7,no,44.0,mujer,fijo,centro B,27.0,-5.505790563463598,17.7,1.0,sí
enfermería,consultas,51.6,2380.381,0.0,4.1,4.9,no,51.0,mujer,fijo,centro C,32.0,13.497335829648424,-99.0,2.0,no
administración,PLANTA,41.2,1898.057,2.0,3.9,15.6,sí,40.0,mujer,interino,centro A,52.0,-18.856367759068974,22.0,4.0,sí
administración,oncología,41.2,1899.215,5.0,4.5,12.2,no,41.0,hombre,interino,centro B,54.0,-20.674184395332315,6.5,1.0,no
administración,oncología,38.7,1803.41,1.0,5.0,8.5,sí,46.0,mujer,fijo,centro E,8.0,-0.8350726709232745,15.6,1.0,sí
medicina,planta,34.6,1532.208,0.0,2.0,2.5,no,31.0,mujer,eventual,centro D,12.0,-8.539558281962261,5.0,0.0,no
enfermería,quirófano,40.5,1799.668,2.0,4.4,2.8,sí,61.0,mujer,fijo,centro E,34.0,-4.1830617220381425,67.3,1.0,no
enfermería,CONSULTAS,42.3,2008.942,1.0,4.4,7.1,sí,38.0,mujer,fijo,centro D,11.0,-7.319951713029658,3.8,0.0,no
enfermería,consultas,45.8,2090.596,3.0,3.8,4.6,no,43.0,hombre,fijo,centro E,5.0,5.489311546036837,21.0,0.0,sí
auxiliar,oncologia,34.8,1591.377,0.0,3.2,7.2,sí,48.0,mujer,fijo,centro A,12.0,-22.600507724198465,25.6,0.0,sí
auxiliar,quirófano,42.1,1919.159,0.0,2.2,12.9,no,41.0,mujer,interino,centro D,36.0,-11.245260245769586,13.6,0.0,sí
celador,consultas,39.3,1724.315,1.0,1.4,4.6,sí,33.0,mujer,interino,centro C,74.0,-9.253626616717595,7.3,0.0,sí
enfermería,planta,40.8,1817.466,6.0,5.0,14.7,sí,38.0,mujer,fijo,centro D,14.0,12.112155830330993,3.3,0.0,sí
administración,ONCOLOGÍA,35.0,1566.823,1.0,2.4,13.6,no,31.0,mujer,fijo,centro E,21.0,5.9975695016075505,11.5,0.0,sí
medicina,consultas,41.9,1955.364,4.0,4.2,24.6,no,45.0,mujer,interino,centro E,8.0,4.903887166811424,6.9,2.0,no
enfermería,planta,39.5,1808.15,0.0,4.6,5.3,sí,42.0,hombre,fijo,centro E,26.0,2.2608889518382806,23.6,2.0,no
medicina,UCI,40.9,1911.863,2.0,3.8,4.3,sí,33.0,mujer,fijo,centro E,71.0,5.734141011047793,26.9,1.0,no
celador,oncología,35.4,1646.836,0.0,5.0,15.9,no,51.0,hombre,eventual,centro D,10.0,-24.444822136739557,3.9,3.0,no
enfermería,uci,32.2,1483.43,3.0,2.5,23.9,no,37.0,hombre,interino,centro E,16.0,-16.97585234390095,70.0,0.0,no
enfermería,  quirófano ,41.9,1974.896,0.0,3.5,5.0,sí,41.0,mujer,fijo,centro E,15.0,-1.4246761261394707,15.2,2.0,sí
medicina,quirófano,44.3,2075.969,1.0,3.5,4.6,no,60.0,mujer,interino,centro E,16.0,-6.081003428996473,41.6,0.0,no
medicina,PLANTA,41.9,1866.656,3.0,3.6,11.3,sí,36.0,hombre,fijo,centro D,6.0,4.11102658378772,37.5,1.0,sí
enfermería,planta,35.1,1580.853,3.0,2.9,1.7,no,35.0,mujer,fijo,centro A,21.0,-10.39728135584239,29.9,1.0,sí
medicina,PLANTA,36.9,1647.123,2.0,4.1,8.4,no,34.0,hombre,fijo,centro A,32.0,-13.469299711927608,3.9,2.0,no
enfermería,urgencias,32.4,1530.426,3.0,2.8,0.3,no,38.0,mujer,interino,centro C,53.0,-2.7102753355892144,60.7,1.0,no
medicina,UCI,45.0,2112.829,2.0,2.1,5.5,no,41.0,mujer,fijo,centro E,10.0,15.008620526417229,13.5,1.0,sí
medicina,planta,45.4,2069.163,4.0,2.9,4.4,no,38.0,mujer,interino,centro C,12.0,2.1486428093428422,19.8,2.0,no
medicina,oncología,45.7,2078.157,5.0,2.7,31.8,no,50.0,mujer,fijo,centro A,36.0,11.278141206329767,15.3,1.0,no
administración,uci,39.2,1797.292,3.0,5.0,6.3,no,49.0,hombre,fijo,centro A,112.0,-19.554576137697573,2.0,0.0,sí
administración,quirófano,27.8,1283.102,5.0,3.8,8.9,no,46.0,mujer,fijo,centro D,48.0,-43.05233563313615,4.7,0.0,no
administración,quirofano,42.0,1988.488,0.0,3.1,18.6,no,45.0,mujer,fijo,centro E,29.0,-23.58463139597688,8.3,4.0,sí
administración,uci,43.9,2059.973,0.0,4.1,18.9,no,45.0,mujer,eventual,centro D,29.0,-4.0723159000558,29.2,1.0,no
medicina,urgencias,33.0,1459.599,1.0,2.8,7.4,no,32.0,hombre,eventual,centro A,28.0,-3.130676142491234,-99.0,0.0,no
medicina,consultas,32.7,1545.447,2.0,2.6,4.8,sí,28.0,hombre,fijo,centro D,25.0,5.289308895165771,60.7,2.0,sí
enfermería,oncología,38.1,1763.902,4.0,3.7,38.4,no,66.0,mujer,fijo,centro B,28.0,-12.03332951980514,10.4,2.0,sí
celador,urgencias,40.1,1807.85,2.0,4.3,7.8,sí,38.0,mujer,eventual,centro A,11.0,-13.043573487999959,13.2,1.0,sí
administración,planta,36.6,1643.544,2.0,3.6,3.5,no,44.0,mujer,fijo,centro D,51.0,-17.738925530447727,11.3,2.0,no
auxiliar,consultas,40.7,1898.859,0.0,3.4,3.3,sí,59.0,hombre,fijo,centro A,23.0,-1.891887303493676,7.7,1.0,sí
medicina,consultas,33.5,1495.297,5.0,3.3,1.2,sí,35.0,mujer,fijo,centro B,29.0,-15.352800483206106,27.6,0.0,no
enfermería,planta,40.9,1984.591,3.0,3.1,4.5,sí,50.0,hombre,fijo,centro C,10.0,-7.094849388233363,17.5,0.0,no
administración,planta,45.2,2065.93,1.0,1.6,5.4,no,35.0,mujer,eventual,centro C,16.0,5.1512350793251205,14.0,4.0,no
auxiliar,urgencias,27.5,1267.571,3.0,4.4,3.5,no,48.0,mujer,N/D,centro E,23.0,-21.80998717920561,9.6,0.0,sí
enfermería,planta,30.6,1427.29,5.0,3.7,10.9,no,49.0,mujer,interino,centro B,8.0,-17.41164753789624,17.3,0.0,sí
administración,uci,36.7,1685.715,1.0,3.4,3.8,sí,55.0,mujer,interino,centro C,19.0,-9.589036831294703,-99.0,2.0,no
medicina,  planta ,32.3,1454.418,3.0,4.1,8.2,no,66.0,mujer,fijo,centro A,39.0,-3.0316788380224473,13.9,0.0,sí
auxiliar,  urgencias ,43.6,1971.675,0.0,4.3,6.6,sí,56.0,hombre,fijo,centro A,6.0,-14.004752165867444,36.9,1.0,sí
enfermería,quirófano,40.4,1906.364,0.0,3.7,12.5,sí,34.0,mujer,fijo,centro B,40.0,-10.973683841010445,17.6,1.0,no
medicina,PLANTA,38.0,1677.32,1.0,3.3,7.5,sí,31.0,mujer,fijo,centro D,42.0,-22.092634285789075,38.3,2.0,sí
medicina,planta,42.7,1954.972,3.0,2.1,4.7,no,47.0,mujer,interino,centro D,41.0,13.430700680901323,8.2,0.0,sí
enfermería,planta,37.3,1721.721,2.0,3.0,8.8,no,33.0,mujer,interino,centro E,13.0,-1.6925968844971049,110.4,0.0,no
medicina,  quirófano ,26.8,1202.952,2.0,3.0,2.9,no,39.0,mujer,eventual,centro B,13.0,-31.965184683431293,13.1,1.0,no
auxiliar,quirófano,45.1,2028.293,2.0,4.3,4.0,no,38.0,mujer,fijo,centro A,40.0,1.3696362668332402,13.9,0.0,sí
medicina,consultas,30.6,1426.863,3.0,5.0,4.7,no,43.0,mujer,interino,centro B,45.0,-42.84437087573306,17.8,1.0,no
medicina,consultas,31.3,1425.081,1.0,2.8,18.5,no,24.0,hombre,fijo,centro B,53.0,-40.00411646687117,19.0,2.0,sí
medicina,oncología,27.4,1246.824,2.0,3.0,16.2,sí,36.0,hombre,interino,centro D,31.0,-26.69988074260567,11.1,0.0,no
medicina,urgencias,47.1,2168.303,0.0,2.7,6.4,no,32.0,mujer,fijo,centro E,19.0,13.022405225631632,9.3,0.0,sí
celador,planta,37.4,1695.678,0.0,3.2,7.1,no,41.0,mujer,interino,centro E,27.0,-12.073544083517097,12.3,0.0,no
enfermería,consultas,46.5,2189.471,0.0,3.7,22.0,sí,40.0,mujer,interino,centro E,11.0,8.028312533701461,88.3,0.0,sí
auxiliar,consultas,34.7,1591.091,2.0,3.6,4.8,sí,41.0,mujer,interino,centro A,11.0,-21.692968835235263,53.9,3.0,sí
administración,CONSULTAS,48.4,2193.933,1.0,3.3,2.6,no,39.0,mujer,fijo,centro D,19.0,14.26596010544931,27.0,2.0,sí
enfermería,quirófano,37.7,1730.873,3.0,3.4,16.3,sí,22.0,mujer,interino,centro A,23.0,-2.9864327722961512,6.0,2.0,no
administración,uci,47.2,2116.834,2.0,3.7,1.3,no,42.0,mujer,fijo,centro E,34.0,21.928216270687706,17.2,0.0,no
medicina,PLANTA,45.0,2120.076,1.0,2.1,5.9,sí,31.0,mujer,fijo,centro A,27.0,4.632618925299202,11.3,0.0,no
administración,planta,45.5,2058.84,5.0,5.0,12.0,no,52.0,hombre,fijo,centro E,24.0,8.691064040228092,5.7,0.0,no
enfermería,uci,33.8,1503.093,3.0,3.3,25.3,no,30.0,mujer,fijo,centro C,51.0,-36.8248264365811,3.6,0.0,sí
enfermería,  planta ,43.9,2053.693,2.0,2.0,8.6,sí,37.0,mujer,fijo,centro A,11.0,13.220108978948552,-99.0,1.0,no
administración,CONSULTAS,46.0,2057.873,0.0,3.9,4.3,no,32.0,hombre,eventual,centro D,9.0,-19.52573716183765,36.0,0.0,no
enfermería,urgencias,32.5,1495.701,3.0,2.3,3.3,no,39.0,mujer,fijo,centro D,24.0,-5.870682064791383,56.6,0.0,sí
medicina,QUIRÓFANO,35.5,1676.275,1.0,3.8,16.2,sí,26.0,mujer,interino,centro D,39.0,-10.372605358337918,31.2,0.0,no
enfermería,planta,35.0,1595.521,6.0,2.8,3.8,no,38.0,hombre,N/D,centro A,46.0,-19.6320990928813,8.1,0.0,sí
administración,  uci ,38.2,1751.371,3.0,3.8,17.7,no,45.0,mujer,interino,centro E,29.0,16.5347779396485,3.7,0.0,no
auxiliar,consultas,35.2,1626.622,0.0,4.8,6.3,no,25.0,mujer,fijo,centro C,60.0,-20.40066833542796,5.4,0.0,sí
auxiliar,oncología,46.2,2140.959,1.0,2.8,5.3,no,64.0,mujer,fijo,centro E,16.0,-0.022614781336584677,8.1,0.0,no
medicina,PLANTA,29.3,1324.381,4.0,3.0,21.8,no,42.0,mujer,interino,centro A,41.0,-30.4285550395657,0.8,0.0,no
auxiliar,oncología,38.6,1782.637,2.0,3.8,8.8,no,40.0,mujer,fijo,centro D,36.0,-23.15577274314056,7.3,0.0,sí
auxiliar,consultas,47.6,2270.96,7.0,2.3,15.4,sí,43.0,mujer,fijo,centro B,22.0,18.959642946454352,15.5,2.0,no
medicina,  planta ,40.1,1820.808,1.0,1.4,17.0,sí,26.0,mujer,fijo,centro A,64.0,18.712043928269836,-99.0,0.0,no
auxiliar,uci,37.8,1765.156,5.0,2.4,0.9,sí,46.0,mujer,fijo,centro D,22.0,3.3359920470491873,3.7,0.0,no
enfermería,urgencias,43.9,1961.995,0.0,4.1,13.4,no,39.0,mujer,eventual,centro D,25.0,-10.778123574097414,9.4,1.0,sí
administración,urgencias,37.3,1742.019,6.0,2.6,11.8,no,45.0,mujer,fijo,centro A,41.0,-9.23522452264762,6.6,1.0,no
auxiliar,oncología,38.7,1797.371,1.0,2.3,9.6,no,54.0,mujer,eventual,centro A,16.0,-14.178648502672164,34.6,0.0,sí
auxiliar,  planta ,32.4,1453.597,5.0,2.3,8.7,sí,30.0,mujer,interino,centro C,38.0,-18.501258159153902,11.6,1.0,sí
celador,oncología,42.0,1952.287,2.0,3.4,5.7,sí,48.0,mujer,eventual,centro A,29.0,-10.992262146096266,8.3,0.0,no
medicina,planta,31.2,1414.529,6.0,2.6,5.0,no,49.0,mujer,N/D,centro E,30.0,-12.222254564969562,6.1,0.0,sí
enfermería,consultas,32.5,1515.139,3.0,3.1,17.2,sí,36.0,mujer,fijo,centro B,34.0,-23.433231031665898,26.9,1.0,no
medicina,  oncología ,35.1,1603.245,2.0,2.4,4.6,no,33.0,mujer,fijo,centro D,22.0,-19.16475305685242,17.4,1.0,no
administración,consultas,31.7,1442.927,0.0,1.2,32.1,no,37.0,mujer,eventual,centro A,8.0,-15.569127346866999,11.2,0.0,no
enfermería,planta,42.7,2000.838,3.0,3.8,2.8,no,47.0,mujer,interino,centro B,4.0,-2.0120422848619137,15.7,1.0,sí
administración,consultas,47.0,2165.517,4.0,2.6,21.8,sí,34.0,mujer,fijo,centro A,39.0,31.745772604461912,44.4,0.0,no
enfermería,consultas,31.1,1405.738,0.0,3.0,15.6,no,61.0,mujer,eventual,centro E,23.0,4.486027775459178,19.0,1.0,no
auxiliar,uci,28.4,1262.244,3.0,4.1,8.4,sí,46.0,hombre,fijo,centro C,10.0,-23.15512233053509,4.4,1.0,sí
administración,oncología,42.8,1933.188,0.0,3.3,5.9,sí,47.0,mujer,interino,centro A,12.0,-10.68305388056252,24.2,0.0,no
administración,planta,32.9,1500.159,3.0,2.7,3.9,sí,31.0,hombre,fijo,centro D,45.0,-6.589769816876302,13.8,0.0,no
celador,planta,40.4,1834.1,2.0,4.2,12.1,no,49.0,mujer,fijo,centro A,46.0,-8.729739746629841,40.7,0.0,no
administración,PLANTA,45.3,2132.237,0.0,3.9,2.5,no,41.0,mujer,interino,centro D,17.0,-17.704929564058872,7.0,0.0,sí
auxiliar,  consultas ,43.8,2053.746,7.0,2.3,3.4,no,40.0,hombre,fijo,centro D,10.0,33.214756467331085,10.1,0.0,no
medicina,consultas,48.7,2140.776,2.0,4.8,15.0,no,40.0,mujer,fijo,centro A,18.0,33.341032936312935,10.2,0.0,no
enfermería,uci,32.3,1466.655,0.0,3.3,1.1,no,56.0,mujer,N/D,centro C,17.0,-3.212031722468147,20.3,1.0,sí
enfermería,planta,38.5,1736.57,3.0,3.0,3.1,no,59.0,mujer,fijo,centro A,32.0,-11.335193421790752,13.9,0.0,sí
medicina,uci,32.4,1556.244,2.0,3.0,16.3,sí,48.0,mujer,fijo,centro D,25.0,-28.015305572932448,10.0,2.0,sí
auxiliar,CONSULTAS,39.9,1790.381,2.0,2.2,3.9,no,29.0,hombre,interino,centro B,28.0,-8.044095381741956,-99.0,0.0,sí
medicina,urgencias,37.7,1792.826,0.0,2.9,15.7,sí,33.0,mujer,fijo,centro C,44.0,-5.555400479847851,10.3,1.0,no
auxiliar,UCI,39.4,1791.238,5.0,3.7,11.9,no,48.0,mujer,fijo,centro B,5.0,-19.466438557445304,14.7,1.0,sí
celador,planta,40.4,1873.944,2.0,4.2,8.9,sí,41.0,mujer,N/D,centro E,15.0,-19.147033020153117,18.8,2.0,no
enfermería,quirófano,41.0,1893.6,5.0,2.1,12.6,no,47.0,mujer,interino,centro C,43.0,-2.6404783427749923,14.5,1.0,no
enfermería,urgencias,41.8,1915.794,2.0,3.0,12.6,sí,49.0,hombre,fijo,centro E,20.0,3.7235673985052133,13.8,0.0,sí
administración,PLANTA,29.4,1328.322,2.0,3.8,13.1,no,59.0,mujer,eventual,centro A,49.0,-18.09391594469428,17.3,2.0,sí
enfermería,oncología,38.0,1699.004,4.0,3.5,17.7,no,37.0,hombre,fijo,centro B,34.0,-8.534079829034411,105.2,2.0,no
administración,ONCOLOGÍA,34.4,1568.485,4.0,3.5,12.6,sí,30.0,mujer,eventual,centro D,38.0,-16.657079593487627,6.4,1.0,no
auxiliar,quirófano,53.6,2473.136,2.0,3.9,2.5,sí,43.0,hombre,interino,centro D,18.0,41.888253105816155,26.1,2.0,sí
auxiliar,quirófano,38.6,1779.393,0.0,3.7,0.8,sí,46.0,mujer,interino,centro B,8.0,-15.8663740833142,10.1,1.0,sí
enfermería,PLANTA,39.3,1801.261,3.0,1.8,4.4,no,35.0,mujer,interino,centro A,50.0,-2.8583976743317487,-99.0,2.0,no
administración,planta,38.3,1751.847,1.0,3.2,23.5,sí,32.0,mujer,fijo,centro C,24.0,1.0049777537948419,53.8,2.0,no
enfermería,consultas,35.1,1582.414,1.0,3.8,8.5,sí,45.0,hombre,fijo,centro C,32.0,-7.073284282118582,59.4,1.0,no
celador,planta,25.8,1164.169,0.0,2.6,12.4,no,51.0,mujer,fijo,centro B,5.0,-16.03463080615676,11.2,4.0,no
celador,urgencias,48.4,2118.62,2.0,3.2,8.2,no,40.0,mujer,interino,centro A,8.0,13.601561328567252,-99.0,1.0,no
auxiliar,planta,36.5,1712.285,0.0,3.0,4.1,no,36.0,mujer,fijo,centro C,18.0,-1.6097485725379084,22.3,0.0,sí
celador,urgencias,41.5,1854.05,5.0,3.8,0.7,sí,38.0,mujer,interino,centro D,70.0,6.4646678357927465,3.2,4.0,no
auxiliar,consultas,35.2,1639.577,3.0,3.4,2.2,no,51.0,mujer,N/D,centro C,25.0,-10.318575309658268,11.9,0.0,no
auxiliar,quirófano,41.9,1983.594,3.0,4.8,3.1,no,47.0,hombre,interino,centro D,17.0,-13.152063814286496,5.8,1.0,sí
enfermería,quirofano,31.4,1452.76,0.0,3.9,9.7,sí,51.0,hombre,fijo,centro B,19.0,-6.631130764478103,3.2,0.0,sí
enfermería,urgencias,35.6,1677.927,0.0,4.5,7.4,no,33.0,mujer,eventual,centro C,20.0,-13.48188012706773,15.5,1.0,no
enfermería,  planta ,35.4,1674.25,5.0,4.1,18.8,no,31.0,hombre,interino,centro D,44.0,-22.77587305284057,6.2,1.0,sí
enfermería,  planta ,34.8,1599.103,0.0,4.1,30.3,no,40.0,hombre,fijo,centro E,47.0,-16.087027015428998,6.7,2.0,sí
administración,urgencias,36.2,1603.639,6.0,2.9,6.6,no,41.0,mujer,interino,centro E,53.0,-24.491356809367197,3.2,0.0,sí
enfermería,quirófano,26.8,1249.953,1.0,2.6,5.9,no,42.0,mujer,interino,centro C,9.0,-24.423615425364567,16.3,0.0,no
enfermería,consultas,43.6,1986.942,4.0,2.6,12.8,no,32.0,mujer,fijo,centro E,1.0,12.340761438927,15.1,0.0,sí
enfermería,uci,30.7,1459.325,3.0,3.0,2.7,no,52.0,mujer,interino,centro A,33.0,-27.462890954318006,30.3,3.0,no
enfermería,consultas,44.6,2000.244,2.0,3.6,33.9,sí,22.0,mujer,interino,centro A,8.0,9.856847524540196,40.7,1.0,sí
enfermería,urgencias,36.1,1644.168,4.0,2.9,6.0,sí,23.0,mujer,fijo,centro B,21.0,-18.579439820102653,19.0,0.0,sí
auxiliar,urgencias,29.6,1361.987,4.0,3.1,14.2,sí,48.0,mujer,eventual,centro D,42.0,-22.246467648501657,3.9,0.0,no
enfermería,quirófano,41.0,1915.374,0.0,2.9,4.5,no,33.0,hombre,fijo,centro B,27.0,-12.333601390865311,13.5,0.0,no
enfermería,PLANTA,31.4,1457.66,4.0,3.6,12.4,sí,43.0,hombre,interino,centro E,40.0,-2.095751795688251,-99.0,2.0,sí
auxiliar,quirófano,41.3,1840.37,1.0,1.4,7.0,no,43.0,hombre,fijo,centro D,25.0,-1.6814557189316142,11.7,0.0,sí
administración,consultas,45.6,2094.034,5.0,4.6,1.3,no,34.0,mujer,fijo,centro B,11.0,12.953036007711711,12.2,3.0,sí
medicina,uci,38.0,1710.313,1.0,1.7,8.7,no,46.0,hombre,fijo,centro C,43.0,7.761173882623386,82.7,0.0,no
enfermería,PLANTA,45.2,2180.904,4.0,2.5,16.4,no,25.0,hombre,fijo,centro B,25.0,17.766000683599486,11.3,2.0,sí
celador,quirófano,40.9,1891.507,2.0,4.2,14.2,no,37.0,mujer,fijo,centro D,27.0,-3.164068959009775,36.9,4.0,no
auxiliar,planta,40.7,1866.0,1.0,2.9,3.6,sí,52.0,mujer,interino,centro B,42.0,4.249809176862584,6.6,0.0,no
auxiliar,planta,31.4,1516.155,1.0,2.4,3.4,no,45.0,hombre,eventual,centro D,44.0,-29.173189571351305,-99.0,2.0,sí
medicina,planta,46.0,2120.159,6.0,5.0,17.7,no,49.0,mujer,eventual,centro B,18.0,33.72954107296477,122.3,0.0,sí
medicina,planta,41.0,1900.502,0.0,2.4,7.8,sí,38.0,mujer,eventual,centro B,13.0,-0.9694649462171103,12.2,2.0,no
auxiliar,planta,33.2,1527.492,3.0,2.2,27.6,sí,45.0,mujer,interino,centro E,35.0,-14.555907953028726,9.2,0.0,no
enfermería,oncología,36.4,1636.683,1.0,3.8,2.9,no,50.0,hombre,fijo,centro E,10.0,-6.342305387581971,25.1,3.0,no
enfermería,planta,35.6,1649.372,2.0,2.0,26.0,sí,54.0,mujer,eventual,centro A,12.0,-12.55823440499609,14.0,0.0,no
enfermería,planta,40.3,1818.178,3.0,3.8,5.3,no,54.0,mujer,fijo,centro D,53.0,7.0000650369199136,19.0,0.0,no
celador,consultas,44.2,2013.832,6.0,5.0,8.4,sí,36.0,mujer,N/D,centro E,148.0,13.483198197320997,14.0,1.0,sí
enfermería,urgencias,42.2,1925.042,3.0,4.4,7.2,sí,41.0,hombre,fijo,centro B,19.0,-2.6537533224886327,37.8,2.0,no
celador,  consultas ,48.2,2240.09,3.0,1.8,9.1,no,46.0,hombre,interino,centro C,30.0,30.8093688933886,5.0,1.0,no
enfermería,planta,35.2,1603.227,1.0,3.2,14.2,sí,46.0,mujer,fijo,centro E,42.0,-7.992826197734122,55.5,2.0,sí
medicina,urgencias,43.1,1966.337,1.0,3.3,27.4,no,53.0,hombre,eventual,centro E,66.0,-3.6225098674136085,2.1,2.0,no
enfermería,urgencias,31.9,1456.973,3.0,3.6,14.7,sí,35.0,hombre,interino,centro C,29.0,-0.8630223512962374,9.5,0.0,sí
enfermería,uci,35.7,1651.148,2.0,3.8,4.9,sí,31.0,mujer,eventual,centro D,8.0,-23.637559567080423,24.6,0.0,sí
enfermería,quirófano,41.2,1901.485,0.0,2.9,5.1,sí,41.0,hombre,N/D,centro D,54.0,-14.490098500024441,24.8,0.0,sí
medicina,planta,41.5,1965.096,2.0,3.1,1.5,no,34.0,hombre,fijo,centro C,20.0,9.965345355387523,10.5,1.0,no
auxiliar,planta,35.9,1584.822,0.0,1.6,14.6,no,41.0,mujer,fijo,centro A,19.0,-17.863047617739003,12.7,1.0,no
administración,CONSULTAS,33.8,1570.965,3.0,4.4,4.4,sí,39.0,mujer,fijo,centro C,16.0,-30.222386725573195,22.1,0.0,no
auxiliar,urgencias,30.8,1405.245,5.0,3.9,11.6,no,39.0,mujer,interino,centro C,16.0,-30.72736256137103,12.5,2.0,no
enfermería,consultas,31.7,1393.521,4.0,2.9,18.9,sí,61.0,mujer,eventual,centro D,29.0,-26.459794521476304,16.3,0.0,no
enfermería,planta,40.2,1830.003,2.0,3.2,19.1,no,38.0,mujer,fijo,centro C,6.0,-20.432277383753007,8.5,0.0,sí
auxiliar,quirófano,47.1,2208.527,3.0,4.8,4.2,sí,39.0,hombre,interino,centro C,86.0,-0.34483450129936877,5.5,0.0,no
auxiliar,consultas,37.5,1735.418,4.0,1.1,5.9,no,37.0,mujer,fijo,centro C,8.0,-12.46334174419209,16.2,2.0,sí
medicina,urgencias,41.1,1887.449,5.0,3.0,10.4,sí,54.0,mujer,N/D,centro C,2.0,10.149561963902148,8.3,2.0,sí
auxiliar,consultas,28.2,1280.732,1.0,4.4,46.1,no,51.0,mujer,fijo,centro B,46.0,-21.366391626484972,-99.0,1.0,sí
medicina,oncología,43.2,1965.673,0.0,3.7,7.7,no,49.0,hombre,fijo,centro A,7.0,2.180181651799529,4.2,1.0,sí
medicina,PLANTA,36.6,1667.005,2.0,3.4,2.7,no,22.0,mujer,interino,centro B,51.0,-10.419829914889627,13.4,0.0,no
celador,URGENCIAS,34.5,1579.568,3.0,2.2,20.4,sí,50.0,mujer,interino,centro A,17.0,-2.447884809439689,46.2,0.0,sí
administración,planta,33.5,1556.363,0.0,3.3,9.9,sí,46.0,mujer,interino,centro C,8.0,6.89512238729592,22.8,0.0,no
auxiliar,consultas,42.7,1885.793,3.0,2.7,2.4,sí,49.0,hombre,N/D,centro B,22.0,16.631983829345444,-99.0,1.0,sí
enfermería,planta,31.6,1463.885,2.0,4.3,5.5,no,57.0,hombre,eventual,centro B,18.0,4.149664146535187,16.2,0.0,no
enfermería,quirófano,31.3,1476.143,1.0,3.4,6.4,sí,44.0,mujer,eventual,centro E,13.0,-22.459391598716262,5.0,0.0,no
enfermería,ONCOLOGÍA,46.7,2064.074,0.0,3.8,1.6,sí,42.0,mujer,eventual,centro B,38.0,-3.066863515238964,8.5,4.0,no
enfermería,quirófano,34.6,1621.197,2.0,2.2,4.8,no,43.0,mujer,fijo,centro C,13.0,-13.58711488159269,13.8,2.0,no
administración,URGENCIAS,47.2,2182.376,3.0,3.4,0.5,no,32.0,mujer,interino,centro A,27.0,28.18979156778448,16.3,0.0,no
enfermería,planta,50.6,2286.998,0.0,5.0,18.2,no,56.0,mujer,fijo,centro A,18.0,10.532003692323105,4.5,0.0,sí
celador,urgencias,39.1,1825.024,7.0,3.2,7.4,no,44.0,mujer,interino,centro A,57.0,-1.0763852853827176,28.2,0.0,no
auxiliar,planta,32.5,1494.242,3.0,2.4,21.5,sí,36.0,mujer,fijo,centro B,7.0,-18.226547105289388,18.7,0.0,no
enfermería,urgencias,33.8,1531.068,4.0,3.5,5.7,no,45.0,hombre,fijo,centro B,64.0,-16.81665926544887,21.5,1.0,sí
enfermería,urgencias,34.9,1592.731,1.0,4.1,6.7,no,55.0,hombre,fijo,centro D,15.0,-13.18820852141508,10.0,0.0,no
administración,  planta ,44.1,2036.07,3.0,5.0,8.3,sí,36.0,hombre,fijo,centro B,5.0,-8.798116848576921,6.4,3.0,sí
medicina,planta,50.2,2262.816,6.0,3.8,21.6,no,42.0,hombre,fijo,centro C,30.0,37.80880801275826,13.1,2.0,no
enfermería,uci,32.0,1439.389,0.0,3.5,30.3,sí,56.0,mujer,interino,centro E,109.0,-25.450707885687848,43.0,1.0,no
medicina,consultas,42.8,2007.376,3.0,2.3,5.1,sí,45.0,hombre,interino,centro B,11.0,-4.145003742544668,1.7,0.0,no
auxiliar,QUIRÓFANO,43.3,1944.909,1.0,2.1,0.8,no,44.0,mujer,fijo,centro E,9.0,1.8692032544599704,37.4,0.0,no
administración,urgencias,36.4,1668.61,0.0,2.4,17.4,no,27.0,mujer,fijo,centro E,12.0,-21.315990349685443,15.1,0.0,sí
auxiliar,planta,35.0,1634.456,1.0,3.5,0.7,no,44.0,mujer,interino,centro B,14.0,-6.324035330109153,4.0,0.0,sí
auxiliar,quirófano,37.2,1666.851,5.0,2.3,10.0,no,27.0,mujer,fijo,centro A,12.0,-3.148537631243861,8.7,2.0,no
administración,consultas,41.8,1967.234,0.0,2.5,1.8,sí,51.0,hombre,fijo,centro B,19.0,0.738092098620827,9.2,1.0,sí
enfermería,  oncología ,50.7,2289.991,4.0,3.1,15.3,no,24.0,hombre,eventual,centro B,58.0,40.416929144885486,6.7,0.0,sí
auxiliar,  urgencias ,32.0,1477.963,2.0,4.0,11.3,sí,22.0,mujer,fijo,centro A,8.0,-15.489709682472338,13.0,2.0,sí
medicina,uci,47.9,2199.554,1.0,2.1,11.7,sí,35.0,mujer,eventual,centro C,67.0,15.314087942523775,8.3,0.0,sí
enfermería,oncología,42.0,1976.506,0.0,3.1,7.7,no,56.0,hombre,eventual,centro B,68.0,0.02578556707523738,-99.0,0.0,sí
administración,oncología,43.3,1990.957,5.0,4.7,3.2,no,51.0,mujer,fijo,centro A,20.0,-9.202238171345819,4.3,1.0,sí
medicina,planta,28.5,1310.459,4.0,4.1,10.9,no,36.0,mujer,fijo,centro A,8.0,-37.956716879901506,40.5,0.0,sí
enfermería,planta,30.1,1421.677,4.0,3.9,6.2,no,32.0,mujer,fijo,centro D,42.0,-27.089069575345444,22.8,0.0,sí
enfermería,oncología,27.5,1273.093,4.0,1.7,24.0,sí,31.0,mujer,interino,centro B,21.0,-26.1949205306238,13.1,0.0,sí
medicina,CONSULTAS,32.6,1549.319,0.0,4.3,33.3,no,35.0,hombre,eventual,centro A,3.0,-30.372377911491704,43.4,0.0,sí
enfermería,consultas,26.6,1207.529,1.0,4.1,4.5,sí,38.0,mujer,interino,centro A,25.0,-24.68783457476742,18.8,2.0,sí
medicina,urgencias,35.2,1658.446,0.0,3.5,14.4,no,49.0,hombre,eventual,centro C,70.0,-25.843806481801128,-99.0,2.0,no
auxiliar,uci,38.4,1789.909,1.0,4.1,5.2,no,26.0,mujer,fijo,centro C,25.0,-29.06776286767299,3.4,2.0,sí
auxiliar,  planta ,41.8,1966.513,0.0,3.8,8.0,no,38.0,mujer,eventual,centro B,8.0,-1.5923163448285251,9.1,3.0,sí
medicina,oncología,32.2,1503.485,2.0,2.8,11.4,sí,47.0,mujer,fijo,centro B,29.0,-12.500731198755826,34.2,0.0,sí
auxiliar,planta,44.6,2005.905,3.0,3.8,14.2,sí,30.0,mujer,eventual,centro D,21.0,7.153925971183154,11.2,0.0,sí
auxiliar,  oncología ,30.8,1406.696,5.0,4.1,16.6,no,26.0,mujer,eventual,centro A,4.0,-39.136872740214066,7.1,2.0,no
administración,planta,43.2,2021.461,2.0,3.1,8.0,no,31.0,mujer,fijo,centro B,17.0,-0.7716530021263259,24.3,0.0,no
enfermería,consultas,42.0,1957.774,0.0,3.9,2.6,no,65.0,hombre,fijo,centro E,30.0,-5.441523814942597,7.2,3.0,no
administración,planta,35.8,1656.409,0.0,2.4,8.3,no,38.0,hombre,fijo,centro D,8.0,-9.685942103160047,9.0,0.0,no
auxiliar,planta,43.0,2028.055,3.0,4.4,2.8,no,58.0,mujer,interino,centro C,27.0,1.5498873951892358,14.5,0.0,sí
auxiliar,planta,34.0,1548.793,5.0,2.9,31.9,no,47.0,hombre,eventual,centro B,43.0,-16.102239148648813,3.3,2.0,no
auxiliar,quirófano,43.4,1991.174,2.0,2.9,10.6,no,26.0,mujer,fijo,centro C,22.0,6.294449993743999,6.4,3.0,no
medicina,CONSULTAS,28.1,1281.035,0.0,3.8,3.9,sí,41.0,mujer,fijo,centro C,2.0,-8.179792315753415,22.9,0.0,no
enfermería,planta,33.3,1541.392,2.0,1.8,9.2,sí,66.0,hombre,interino,centro D,57.0,-26.066160875415992,2.5,2.0,sí
administración,planta,44.3,2045.86,5.0,3.6,11.6,no,44.0,mujer,fijo,centro D,61.0,19.123708808661465,47.7,1.0,no
medicina,urgencias,40.3,1901.061,0.0,5.0,9.5,no,30.0,mujer,fijo,centro D,14.0,10.597775460244726,43.1,1.0,no
enfermería,oncología,42.3,1945.496,2.0,3.5,4.1,sí,39.0,hombre,N/D,centro C,8.0,0.31734008721154194,12.5,0.0,sí
celador,quirófano,38.4,1802.976,3.0,3.5,16.3,sí,34.0,hombre,eventual,centro B,11.0,6.164195019557404,-99.0,1.0,no
enfermería,planta,38.5,1781.758,1.0,3.7,1.9,no,30.0,mujer,eventual,centro C,3.0,-2.3510681102499227,22.3,0.0,no
celador,  planta ,33.7,1556.849,0.0,4.0,13.5,sí,42.0,hombre,fijo,centro D,61.0,-27.525187215419425,32.8,1.0,no
auxiliar,urgencias,38.1,1745.755,4.0,4.3,2.4,no,28.0,hombre,eventual,centro C,37.0,-18.225750595069297,4.8,1.0,sí
auxiliar,  urgencias ,30.8,1386.85,0.0,2.8,12.6,no,37.0,mujer,fijo,centro B,11.0,-4.327738916980264,16.3,0.0,sí
enfermería,oncología,33.4,1505.521,4.0,4.8,11.4,no,46.0,mujer,fijo,centro D,15.0,-33.12180070722127,4.3,0.0,no
enfermería,urgencias,37.0,1699.619,1.0,2.4,14.5,no,46.0,mujer,fijo,centro A,54.0,-18.762408722789893,15.4,1.0,no
enfermería,CONSULTAS,42.7,1932.734,3.0,3.1,15.7,no,41.0,mujer,interino,centro E,53.0,-9.319881953086066,27.9,1.0,no
auxiliar,quirófano,33.1,1504.224,5.0,5.0,7.6,no,29.0,hombre,N/D,centro B,61.0,-8.300247716757415,89.0,0.0,no
medicina,oncología,40.0,1863.321,0.0,3.5,4.0,sí,48.0,mujer,interino,centro A,15.0,-18.059973219581828,20.7,2.0,sí
enfermería,  consultas ,38.5,1811.293,0.0,2.7,9.6,sí,36.0,mujer,interino,centro B,27.0,3.237722959206195,8.1,0.0,no
medicina,planta,36.0,1668.94,4.0,3.5,10.4,no,49.0,hombre,interino,centro D,61.0,-18.67787432451994,42.8,1.0,sí
medicina,consultas,38.5,1730.559,5.0,2.9,9.1,no,56.0,mujer,fijo,centro A,24.0,-16.08218267262363,10.9,0.0,sí
auxiliar,planta,37.7,1707.702,2.0,3.1,10.7,no,51.0,mujer,fijo,centro A,103.0,-17.81180223840146,53.8,0.0,no
medicina,oncología,44.9,2007.948,1.0,2.0,6.7,no,46.0,mujer,interino,centro E,86.0,-11.068224874783013,16.7,1.0,sí
enfermería,urgencias,36.1,1669.851,4.0,2.7,2.9,sí,50.0,mujer,fijo,centro D,20.0,11.64757630523929,7.5,2.0,no
enfermería,planta,35.8,1670.039,4.0,4.1,1.5,no,61.0,mujer,fijo,centro D,24.0,-8.84101971986397,10.7,1.0,no
enfermería,consultas,57.1,2706.121,3.0,5.0,0.9,no,38.0,hombre,fijo,centro A,16.0,44.45608019657196,4.4,0.0,sí
enfermería,planta,41.8,1878.247,3.0,3.2,25.9,no,40.0,mujer,fijo,centro D,46.0,-2.6298676345969465,35.8,4.0,sí
enfermería,urgencias,39.9,1839.384,2.0,3.4,8.8,no,24.0,hombre,eventual,centro A,17.0,-6.47524830394046,3.4,1.0,sí
enfermería,quirófano,30.9,1413.934,5.0,4.2,4.6,sí,36.0,mujer,eventual,centro D,15.0,-34.98198645758005,10.9,2.0,no
administración,uci,38.0,1804.433,4.0,2.8,18.6,sí,43.0,mujer,interino,centro E,21.0,-6.699964384209026,7.9,1.0,sí
celador,uci,39.8,1795.706,4.0,2.1,23.8,no,39.0,mujer,fijo,centro A,16.0,-3.2553887959978316,16.9,0.0,no
medicina,planta,40.4,1861.593,0.0,3.9,11.7,no,22.0,mujer,fijo,centro E,15.0,-27.584461984876384,6.2,2.0,sí
auxiliar,consultas,48.9,2277.153,7.0,3.6,10.7,sí,26.0,mujer,eventual,centro A,8.0,49.52847792391389,12.3,1.0,no
administración,consultas,37.5,1734.843,2.0,3.3,24.0,no,35.0,hombre,fijo,centro A,9.0,-4.0211595230138375,6.0,0.0,no
administración,urgencias,33.1,1568.701,5.0,4.4,4.1,sí,22.0,mujer,N/D,centro B,4.0,-12.88742274925406,8.8,0.0,no
auxiliar,consultas,36.6,1681.872,3.0,3.0,9.7,sí,53.0,mujer,fijo,centro C,24.0,5.285165730469455,-99.0,2.0,sí
auxiliar,urgencias,39.2,1794.757,2.0,4.8,3.6,no,45.0,mujer,interino,centro B,38.0,-17.5342357523268,3.5,0.0,sí
celador,PLANTA,38.2,1728.642,2.0,2.8,19.5,no,48.0,hombre,fijo,centro D,9.0,-16.821069759228727,10.7,0.0,sí
administración,uci,28.1,1292.761,2.0,4.0,11.4,no,42.0,hombre,eventual,centro B,3.0,-16.269947640037365,20.5,4.0,sí
auxiliar,consultas,35.2,1617.162,4.0,2.9,9.2,no,22.0,mujer,interino,centro D,29.0,-6.898488750580988,30.9,0.0,sí
enfermería,oncología,35.6,1627.123,0.0,1.8,13.9,no,52.0,mujer,interino,centro B,29.0,-20.437259200906933,3.0,2.0,no
administración,quirófano,30.6,1425.171,2.0,2.2,4.2,no,60.0,mujer,fijo,centro D,8.0,-11.007791777900493,15.6,1.0,sí
auxiliar,quirófano,33.2,1517.884,2.0,3.9,7.5,no,47.0,mujer,fijo,centro C,14.0,-23.881260560395315,28.0,2.0,no
auxiliar,consultas,37.6,1740.743,1.0,2.9,18.1,no,35.0,mujer,interino,centro C,24.0,-18.157341022071513,14.9,2.0,no
auxiliar,planta,32.8,1551.6,1.0,2.3,15.7,no,44.0,mujer,fijo,centro E,99.0,-15.682488624165739,9.4,0.0,no
medicina,consultas,40.0,1882.47,5.0,5.0,31.6,no,51.0,mujer,fijo,centro D,58.0,4.507593366188049,13.1,3.0,sí
enfermería,quirófano,37.5,1770.325,0.0,3.2,5.2,no,36.0,mujer,interino,centro C,38.0,6.0850201564735045,8.1,2.0,no
administración,uci,44.3,2008.406,0.0,4.5,5.6,no,42.0,mujer,interino,centro E,35.0,-10.664689586715983,10.0,0.0,no
medicina,planta,40.3,1820.539,0.0,5.0,0.6,no,61.0,mujer,eventual,centro E,48.0,-10.242438019020186,7.6,0.0,sí
auxiliar,uci,33.3,1531.254,2.0,4.8,10.8,sí,31.0,mujer,interino,centro D,33.0,-28.232928893213717,16.2,1.0,no
medicina,  planta ,47.1,2070.703,2.0,3.1,9.1,no,28.0,mujer,interino,centro D,28.0,19.66241854609332,16.6,0.0,sí
medicina,planta,34.5,1555.574,0.0,3.7,9.2,no,29.0,hombre,N/D,centro B,16.0,-33.64857232618944,23.5,0.0,sí
enfermería,PLANTA,30.7,1458.352,2.0,2.1,9.4,no,55.0,mujer,interino,centro A,11.0,-17.59984671940332,84.4,2.0,sí
enfermería,planta,45.7,2118.991,6.0,3.5,3.8,sí,31.0,mujer,fijo,centro A,24.0,23.538793175064317,6.1,4.0,sí
medicina,  consultas ,34.7,1671.411,2.0,3.4,8.2,sí,31.0,mujer,eventual,centro D,7.0,-18.636360562137966,8.9,1.0,sí
medicina,consultas,32.0,1470.773,1.0,5.0,4.0,sí,47.0,mujer,fijo,centro C,39.0,-32.77143501325659,30.4,1.0,no
enfermería,consultas,45.0,2073.461,2.0,1.9,9.7,no,45.0,hombre,interino,centro C,39.0,0.24740280262553238,14.3,0.0,no
administración,urgencias,50.3,2326.94,5.0,3.7,13.7,sí,43.0,mujer,eventual,centro A,43.0,46.73328911483782,118.5,0.0,no
enfermería,uci,38.6,1814.73,0.0,1.7,5.2,sí,51.0,mujer,fijo,centro A,17.0,-12.580740510017964,13.6,0.0,no
enfermería,oncología,35.4,1629.866,1.0,3.5,18.7,no,33.0,mujer,fijo,centro C,23.0,-25.625105289217466,13.5,1.0,sí
auxiliar,quirófano,31.3,1456.312,4.0,4.8,4.3,no,31.0,hombre,interino,centro E,37.0,-35.02361947518041,12.4,1.0,sí
medicina,consultas,54.5,2438.164,2.0,2.9,4.7,no,48.0,hombre,fijo,centro B,28.0,41.09557976072087,10.4,0.0,no
medicina,planta,37.0,1777.232,3.0,2.6,9.8,no,38.0,hombre,interino,centro E,21.0,16.732924028947586,9.3,2.0,sí
administración,ONCOLOGÍA,32.2,1493.626,3.0,4.4,9.3,sí,34.0,hombre,interino,centro A,25.0,-1.9595505833758402,6.3,0.0,no
medicina,oncología,38.5,1860.416,0.0,4.2,21.0,sí,39.0,mujer,eventual,centro C,37.0,-7.226647908491813,6.8,0.0,sí
celador,urgencias,46.9,2192.02,4.0,3.8,8.7,sí,44.0,mujer,eventual,centro C,14.0,12.621243310938826,6.4,1.0,sí
medicina,planta,42.0,1891.731,3.0,3.6,5.4,sí,55.0,mujer,fijo,centro C,18.0,-1.6419146134329416,11.5,0.0,no
auxiliar,uci,33.0,1452.719,2.0,3.5,2.3,no,22.0,mujer,N/D,centro B,75.0,-26.78959708443883,-99.0,2.0,sí
medicina,consultas,38.3,1770.952,3.0,3.3,3.6,no,59.0,mujer,fijo,centro D,72.0,-18.567510534139657,6.9,0.0,no
enfermería,consultas,32.5,1513.914,0.0,3.4,19.9,no,44.0,mujer,fijo,centro B,3.0,-23.47788241825257,8.4,2.0,no
medicina,urgencias,36.0,1641.732,4.0,3.3,0.9,sí,51.0,mujer,eventual,centro B,11.0,3.1513651099723035,3.9,1.0,no
medicina,urgencias,43.4,1949.987,3.0,1.5,14.3,no,45.0,mujer,interino,centro C,2.0,10.396610404593893,22.4,1.0,no
auxiliar,uci,32.5,1515.121,0.0,4.0,26.2,no,31.0,mujer,interino,centro C,52.0,-28.095556342993937,13.9,0.0,sí
auxiliar,urgencias,20.0,902.805,0.0,3.1,11.5,sí,31.0,hombre,fijo,centro D,25.0,-17.644370228317015,-99.0,2.0,no
auxiliar,consultas,33.0,1454.73,3.0,4.1,7.6,no,36.0,mujer,eventual,centro D,12.0,-28.562452906559372,10.3,2.0,no
auxiliar,urgencias,34.3,1635.471,2.0,3.5,7.3,no,25.0,mujer,eventual,centro D,22.0,-16.740294495721685,3.3,0.0,sí
medicina,planta,31.7,1452.399,7.0,2.9,13.0,no,34.0,mujer,interino,centro D,38.0,-26.70584392655734,8.3,2.0,sí
enfermería,urgencias,41.7,1944.048,2.0,3.0,15.4,sí,40.0,hombre,interino,centro C,86.0,3.3735773883000557,39.5,1.0,no
enfermería,uci,43.8,1992.398,1.0,1.4,15.0,no,40.0,hombre,fijo,centro E,57.0,11.959035420799053,7.4,1.0,no
celador,quirófano,45.5,2110.708,4.0,2.6,14.1,no,35.0,mujer,interino,centro D,48.0,-0.6426295373980118,16.2,0.0,no
celador,planta,42.5,1958.915,3.0,4.0,5.5,no,29.0,mujer,fijo,centro C,11.0,-10.460463012782007,2.8,1.0,sí
administración,quirófano,41.1,1924.171,3.0,5.0,21.1,no,23.0,mujer,fijo,centro D,23.0,-23.47372698215191,6.6,0.0,no
auxiliar,consultas,24.3,1153.201,0.0,1.6,11.6,no,46.0,mujer,interino,centro C,39.0,-18.20059505143689,8.8,0.0,sí
administración,quirófano,31.8,1498.817,2.0,2.8,9.0,sí,30.0,mujer,interino,centro E,31.0,-18.1525827423989,41.0,3.0,no
enfermería,consultas,47.2,2205.6,1.0,3.8,11.3,no,29.0,mujer,eventual,centro C,35.0,6.132059768272857,2.3,1.0,no
administración,urgencias,42.9,2031.445,0.0,2.1,3.2,sí,41.0,mujer,interino,centro E,64.0,1.051888735496801,15.4,2.0,no
enfermería,quirófano,36.6,1722.497,3.0,4.2,5.7,no,40.0,mujer,eventual,centro A,10.0,7.960177996932147,5.0,1.0,sí
enfermería,consultas,34.8,1595.972,2.0,3.0,2.0,sí,39.0,mujer,fijo,centro E,22.0,-23.075824740652664,11.9,2.0,sí
auxiliar,uci,44.8,2067.796,0.0,5.0,1.8,sí,60.0,mujer,fijo,centro E,5.0,-5.558211202938672,20.8,0.0,sí
administración,PLANTA,37.0,1716.438,1.0,3.6,5.1,no,22.0,hombre,eventual,centro C,26.0,-13.078935829496682,32.5,1.0,sí
administración,consultas,30.4,1369.619,2.0,4.3,9.4,sí,26.0,mujer,eventual,centro B,36.0,-20.17855971756367,-99.0,2.0,no
auxiliar,planta,42.6,1879.529,5.0,2.5,12.2,no,52.0,mujer,interino,centro B,4.0,-1.9808739109846591,4.2,2.0,no
auxiliar,urgencias,45.6,2107.034,6.0,3.1,9.5,no,42.0,mujer,fijo,centro A,6.0,0.42612362937410353,11.4,0.0,no
enfermería,PLANTA,31.5,1415.5,0.0,4.4,3.3,sí,53.0,mujer,fijo,centro C,17.0,-35.572733919459,10.3,3.0,sí
auxiliar,oncología,28.4,1294.236,1.0,2.2,2.4,sí,30.0,mujer,fijo,centro C,39.0,-12.268362394838327,17.3,3.0,no
celador,oncología,39.9,1815.189,3.0,3.6,14.4,no,39.0,mujer,eventual,centro C,5.0,-7.36845971580789,10.2,1.0,no
medicina,URGENCIAS,41.4,1878.32,1.0,1.1,2.1,sí,38.0,mujer,interino,centro E,37.0,9.787387540807586,21.7,0.0,no
enfermería,CONSULTAS,46.0,2088.345,1.0,2.3,5.3,no,47.0,mujer,N/D,centro E,34.0,11.452669619862073,8.0,0.0,sí
medicina,oncologia,31.7,1456.985,3.0,2.8,6.0,no,65.0,mujer,eventual,centro E,25.0,-31.418688680963854,18.1,0.0,no
administración,oncología,29.8,1364.458,3.0,2.8,6.3,no,46.0,mujer,interino,centro B,29.0,-19.16377192042618,32.7,2.0,no
auxiliar,planta,46.4,2038.44,4.0,2.8,4.0,sí,32.0,mujer,fijo,centro E,18.0,24.48414398205695,4.7,0.0,no
enfermería,planta,31.5,1466.239,0.0,5.0,13.7,sí,52.0,hombre,fijo,centro D,55.0,-22.94209653459732,5.2,2.0,sí
enfermería,UCI,31.0,1427.459,7.0,3.5,13.5,no,31.0,hombre,fijo,centro B,77.0,-25.528259220492185,44.3,1.0,sí
celador,ONCOLOGÍA,37.3,1672.873,3.0,3.9,7.5,sí,44.0,mujer,interino,centro E,10.0,-22.43625263200613,15.5,2.0,no
celador,planta,36.5,1726.129,6.0,2.9,10.6,sí,44.0,mujer,interino,centro C,25.0,-1.1428022707661798,15.9,2.0,no
enfermería,planta,33.5,1524.761,4.0,3.0,7.5,no,44.0,hombre,eventual,centro A,42.0,-20.253035493057062,26.0,1.0,sí
enfermería,planta,44.3,2033.414,0.0,4.1,8.2,sí,37.0,mujer,interino,centro A,49.0,-25.097166780683406,18.6,1.0,sí
auxiliar,quirófano,41.5,1896.155,0.0,4.3,26.2,no,30.0,mujer,fijo,centro E,52.0,-4.313476368978933,13.4,3.0,no
auxiliar,urgencias,40.2,1855.663,0.0,4.0,17.7,sí,38.0,mujer,fijo,centro C,44.0,-9.534828056763292,8.0,0.0,sí
auxiliar,oncología,38.0,1772.602,3.0,2.2,8.1,no,63.0,mujer,fijo,centro D,12.0,-28.589755420990038,9.4,2.0,no
enfermería,urgencias,28.1,1293.619,0.0,3.1,15.3,sí,35.0,mujer,interino,centro B,64.0,-17.67095936657419,14.2,0.0,no
enfermería,urgencias,42.9,1951.899,0.0,3.8,20.7,no,37.0,mujer,fijo,centro C,14.0,-7.5574827860770775,6.8,2.0,sí
administración,planta,33.2,1522.638,6.0,4.8,11.4,no,30.0,mujer,fijo,centro B,63.0,-21.856840996992286,12.7,0.0,sí
administración,oncología,43.1,1936.377,2.0,4.3,20.6,sí,24.0,mujer,fijo,centro C,14.0,6.172954666809282,5.4,0.0,sí
enfermería,planta,30.3,1386.278,4.0,5.0,5.0,no,27.0,mujer,fijo,centro D,19.0,-9.761207965386369,17.0,3.0,no
auxiliar,CONSULTAS,38.8,1772.941,0.0,3.8,33.2,no,44.0,mujer,eventual,centro A,9.0,-24.7127793590603,3.3,0.0,no
enfermería,consultas,48.4,2198.036,3.0,4.6,4.5,no,41.0,mujer,fijo,centro D,22.0,8.64613525221901,2.1,0.0,sí
administración,urgencias,27.1,1260.758,1.0,4.4,14.3,sí,28.0,mujer,fijo,centro C,21.0,-26.183132749757867,13.4,2.0,sí
medicina,consultas,42.9,1990.492,5.0,3.6,16.5,no,34.0,mujer,fijo,centro A,76.0,2.8342003928692265,8.0,2.0,no
enfermería,consultas,35.7,1670.366,4.0,3.8,9.7,sí,52.0,mujer,eventual,centro E,61.0,-9.207331568284362,15.7,0.0,no
auxiliar,QUIRÓFANO,48.9,2281.093,1.0,2.3,7.1,no,39.0,mujer,interino,centro B,26.0,14.876299505615867,13.2,2.0,no
auxiliar,PLANTA,40.7,1798.28,4.0,3.4,21.5,sí,45.0,mujer,eventual,centro E,36.0,-2.71379345317898,18.6,0.0,sí
enfermería,urgencias,45.6,2079.103,5.0,2.2,8.9,no,58.0,mujer,fijo,centro A,53.0,0.7996106395929843,4.9,1.0,no
enfermería,urgencias,34.1,1570.444,1.0,2.7,4.0,no,41.0,hombre,eventual,centro E,4.0,-16.840807387899726,15.4,0.0,sí
administración,consultas,35.0,1581.987,0.0,3.1,18.2,no,39.0,mujer,interino,centro E,13.0,-15.308691979210526,15.9,0.0,no
enfermería,  oncología ,42.5,1972.143,3.0,3.0,7.6,no,46.0,mujer,fijo,centro D,32.0,3.6859334882485824,19.3,0.0,sí
administración,  urgencias ,33.0,1495.0,0.0,4.0,14.5,no,43.0,hombre,fijo,centro D,10.0,-8.425217787010691,4.2,1.0,no
enfermería,consultas,48.6,2226.777,3.0,3.5,7.8,no,48.0,mujer,fijo,centro A,17.0,17.962138882312633,75.7,0.0,sí
medicina,quirófano,29.9,1391.264,3.0,3.7,19.9,no,56.0,mujer,eventual,centro E,11.0,-32.38015254583462,15.0,2.0,no
enfermería,  consultas ,42.9,1988.095,3.0,3.0,11.6,no,39.0,hombre,interino,centro C,7.0,2.1922983430168315,-99.0,1.0,no
enfermería,CONSULTAS,34.9,1612.197,4.0,2.7,13.6,no,46.0,mujer,fijo,centro B,36.0,-17.40068505856324,36.1,0.0,sí
medicina,  consultas ,39.2,1804.753,2.0,1.0,7.3,no,47.0,mujer,interino,centro B,20.0,-9.046045925442801,18.6,2.0,no
enfermería,consultas,27.0,1212.348,3.0,3.2,4.0,no,25.0,mujer,fijo,centro B,37.0,-23.4045752296577,-99.0,2.0,no
celador,planta,42.4,1965.577,5.0,3.6,12.3,no,31.0,hombre,interino,centro E,2.0,-6.150569081145006,4.4,1.0,no
enfermería,quirófano,43.9,2007.487,0.0,4.0,8.5,sí,45.0,mujer,fijo,centro C,26.0,10.242435526538207,12.6,1.0,sí
auxiliar,  consultas ,30.1,1413.687,0.0,4.2,14.8,no,45.0,mujer,interino,centro C,42.0,-8.582104474611182,17.1,2.0,sí
enfermería,oncología,46.4,2104.63,3.0,4.3,2.6,sí,37.0,mujer,fijo,centro C,53.0,16.407221330404557,11.3,0.0,no
auxiliar,urgencias,27.7,1278.309,0.0,3.5,8.4,no,38.0,mujer,fijo,centro E,19.0,-22.495100826666256,34.8,1.0,sí
auxiliar,planta,32.6,1549.929,2.0,3.1,26.8,sí,35.0,mujer,eventual,centro E,9.0,-7.995477678229454,20.5,1.0,sí
celador,oncología,41.7,1873.493,0.0,4.5,3.8,no,49.0,mujer,fijo,centro B,37.0,-25.642952076839837,17.7,2.0,no
enfermería,PLANTA,30.1,1393.781,0.0,2.4,0.4,sí,54.0,mujer,eventual,centro D,130.0,-20.56282238769529,7.9,0.0,no
medicina,urgencias,40.8,1889.526,0.0,3.3,11.6,no,37.0,mujer,interino,centro A,33.0,-17.53209548819089,16.5,1.0,sí
medicina,planta,39.3,1899.205,1.0,4.8,13.0,no,41.0,mujer,fijo,centro C,16.0,-4.081132801829396,5.2,0.0,sí
medicina,consultas,40.2,1895.462,0.0,3.5,5.4,sí,37.0,mujer,fijo,centro E,6.0,-7.243354724257985,74.4,4.0,no
enfermería,planta,41.6,1907.351,1.0,3.5,1.6,sí,40.0,mujer,N/D,centro C,24.0,-3.1401791944176463,16.1,0.0,no
medicina,URGENCIAS,33.3,1512.866,4.0,2.3,7.9,no,39.0,mujer,interino,centro D,75.0,-16.302640814780386,9.3,0.0,no
celador,planta,48.3,2218.631,1.0,3.9,9.8,no,46.0,mujer,fijo,centro D,16.0,-0.6315053081256643,107.9,1.0,no
medicina,planta,22.9,1039.412,1.0,2.9,17.6,no,31.0,mujer,fijo,centro A,61.0,-6.338423639614007,12.8,1.0,no
auxiliar,planta,43.4,1954.867,2.0,1.8,17.6,no,31.0,hombre,fijo,centro B,11.0,9.127786324547262,19.9,0.0,no
auxiliar,consultas,38.2,1730.415,3.0,2.7,21.7,no,41.0,hombre,fijo,centro D,18.0,-39.84830742983822,11.4,2.0,sí
enfermería,urgencias,42.7,2022.883,1.0,2.0,14.5,no,33.0,hombre,eventual,centro A,10.0,-11.98459331949605,38.8,3.0,sí
auxiliar,planta,32.3,1487.784,0.0,3.2,8.2,no,51.0,mujer,interino,centro D,5.0,-26.030114239685457,3.7,1.0,no
auxiliar,CONSULTAS,26.6,1242.699,5.0,2.3,2.1,no,44.0,hombre,eventual,centro A,22.0,-22.702404196580343,17.9,3.0,sí
auxiliar,  consultas ,33.1,1508.845,5.0,5.0,7.2,sí,38.0,mujer,fijo,centro D,44.0,-10.068920171292818,5.6,1.0,no
auxiliar,planta,37.4,1718.133,1.0,1.4,19.2,no,41.0,mujer,eventual,centro B,57.0,6.3342828916334515,23.4,0.0,no
enfermería,urgencias,31.3,1502.804,2.0,3.3,3.8,sí,28.0,mujer,interino,centro C,37.0,-10.718819926561064,25.5,0.0,sí
administración,planta,33.7,1490.737,1.0,3.7,21.1,sí,62.0,hombre,fijo,centro B,67.0,-13.706015683269776,35.6,1.0,sí
medicina,PLANTA,44.8,2062.793,1.0,5.0,13.8,no,33.0,mujer,fijo,centro B,6.0,3.8999959799317194,24.2,0.0,no
auxiliar,urgencias,33.1,1537.982,2.0,2.5,4.0,sí,58.0,mujer,interino,centro D,44.0,-30.696797246767915,2.0,1.0,sí
auxiliar,urgencias,40.0,1842.715,2.0,3.6,13.9,no,40.0,mujer,fijo,centro D,3.0,-1.7497721033630196,13.0,1.0,no
administración,oncología,29.3,1338.929,1.0,5.0,12.1,no,41.0,mujer,interino,centro B,6.0,-38.99738194371365,7.0,0.0,sí
administración,quirófano,35.9,1608.268,4.0,2.9,13.5,sí,31.0,hombre,fijo,centro B,17.0,-16.176833790322036,8.6,2.0,sí
enfermería,quirófano,42.1,1951.856,0.0,4.4,7.0,no,53.0,mujer,fijo,centro C,6.0,-12.422695139108518,14.6,1.0,sí
auxiliar,consultas,39.7,1855.603,0.0,3.6,32.4,no,61.0,hombre,fijo,centro A,20.0,-13.446005034373764,5.1,0.0,sí
medicina,urgencias,36.3,1729.959,6.0,4.4,26.6,no,45.0,hombre,interino,centro A,21.0,1.4025134838190905,46.3,1.0,sí
administración,uci,43.5,2002.576,6.0,3.2,37.2,no,54.0,hombre,fijo,centro D,27.0,12.660943969647759,11.5,1.0,sí
auxiliar,PLANTA,42.7,2029.317,3.0,1.8,8.5,sí,35.0,mujer,interino,centro B,26.0,4.03646221498279,25.5,0.0,sí
auxiliar,urgencias,31.2,1419.826,0.0,1.0,7.7,no,22.0,mujer,interino,centro B,57.0,-0.21298361385206555,22.0,0.0,no
auxiliar,planta,32.8,1503.144,4.0,2.8,6.4,sí,52.0,hombre,interino,centro E,50.0,-5.636550839134003,23.0,3.0,no
enfermería,urgencias,41.7,1910.265,1.0,4.9,10.0,no,47.0,hombre,fijo,centro C,25.0,-5.1162107370968535,6.2,0.0,no
enfermería,planta,44.5,1995.269,0.0,4.3,5.3,sí,44.0,mujer,N/D,centro B,33.0,5.980670600752818,105.2,0.0,sí
administración,consultas,43.7,2036.08,3.0,2.9,10.5,no,37.0,mujer,fijo,centro E,8.0,8.975223999346058,11.4,0.0,no
enfermería,  oncología ,43.1,1919.977,1.0,5.0,5.7,sí,37.0,mujer,interino,centro C,80.0,-5.4382207862407945,-99.0,0.0,sí
medicina,quirófano,30.9,1441.089,0.0,2.7,8.6,sí,37.0,mujer,fijo,centro D,33.0,-6.576853514126807,8.7,3.0,no
auxiliar,planta,36.1,1664.154,3.0,2.8,3.9,sí,47.0,hombre,interino,centro D,5.0,-15.120717544204265,25.8,2.0,sí
enfermería,uci,45.2,2041.918,0.0,4.8,5.4,sí,36.0,hombre,fijo,centro C,51.0,-16.88677150777402,22.5,0.0,no
medicina,quirófano,35.0,1564.639,2.0,2.4,5.9,no,41.0,mujer,interino,centro D,26.0,-27.128749479190247,-99.0,2.0,no
celador,consultas,34.3,1572.22,0.0,3.6,16.1,no,44.0,hombre,interino,centro A,28.0,-34.538353030358266,12.2,1.0,sí
celador,  oncología ,40.0,1734.824,5.0,3.4,1.7,no,42.0,mujer,fijo,centro B,26.0,-7.9961939767743075,15.5,1.0,no
celador,planta,44.7,2086.185,2.0,3.3,11.8,sí,42.0,mujer,interino,centro E,47.0,2.5268365389506853,2.6,0.0,no
enfermería,consultas,49.3,2297.42,0.0,3.6,21.3,sí,31.0,mujer,fijo,centro A,42.0,18.492891070234354,15.8,1.0,sí
medicina,PLANTA,43.9,1966.051,7.0,3.1,6.0,sí,50.0,hombre,interino,centro D,13.0,21.187282252989082,49.1,0.0,no
enfermería,consultas,48.9,2264.892,4.0,4.4,26.3,no,39.0,mujer,interino,centro E,81.0,28.1384012579816,45.4,2.0,no
enfermería,planta,47.3,2258.301,2.0,2.8,1.5,no,50.0,mujer,interino,centro A,25.0,33.885380604467656,22.2,0.0,sí
auxiliar,uci,39.2,1805.809,4.0,5.0,8.2,sí,43.0,mujer,eventual,centro D,13.0,-1.5736183502424947,21.1,1.0,no
administración,  urgencias ,32.3,1477.983,3.0,3.1,4.9,no,65.0,mujer,fijo,centro D,34.0,-10.197721573994503,22.0,2.0,no
medicina,planta,20.0,907.129,3.0,3.1,16.9,no,26.0,mujer,eventual,centro A,5.0,-42.86520563710414,5.3,2.0,no
celador,planta,36.3,1718.629,2.0,2.8,7.5,sí,32.0,mujer,fijo,centro C,31.0,-19.118380994248977,8.2,1.0,no
enfermería,consultas,43.1,1989.435,6.0,3.6,23.4,no,44.0,hombre,interino,centro E,11.0,3.1417086463764123,25.0,0.0,sí
enfermería,planta,33.4,1530.601,4.0,1.5,4.6,sí,46.0,mujer,fijo,centro D,34.0,-12.455171363186281,7.9,0.0,sí
medicina,planta,36.6,1665.513,5.0,3.9,1.5,no,51.0,hombre,fijo,centro D,25.0,-17.3604735072833,35.0,3.0,sí
auxiliar,URGENCIAS,31.3,1469.14,1.0,1.6,7.3,no,39.0,hombre,eventual,centro B,6.0,-19.078139560797176,9.6,0.0,sí
medicina,quirófano,28.9,1371.539,4.0,2.9,1.6,no,45.0,hombre,eventual,centro D,2.0,-17.080661719726063,8.0,2.0,no
administración,planta,38.4,1786.558,6.0,2.8,3.6,sí,28.0,mujer,fijo,centro E,14.0,-8.005196735125537,16.3,0.0,sí
enfermería,quirofano,37.6,1761.564,2.0,2.5,6.4,no,43.0,mujer,eventual,centro A,11.0,-10.324672981871291,13.6,0.0,no
administración,consultas,25.3,1155.913,4.0,1.9,5.2,no,38.0,hombre,fijo,centro E,5.0,-34.75092069618242,9.8,0.0,sí
celador,planta,42.0,1898.714,3.0,2.6,21.0,no,22.0,mujer,fijo,centro A,9.0,-7.923766036301171,5.9,2.0,sí
auxiliar,urgencias,44.0,1994.805,0.0,3.3,2.4,no,36.0,hombre,fijo,centro D,30.0,-3.95811220070281,9.3,1.0,no
administración,planta,37.7,1794.042,2.0,4.0,3.0,no,40.0,hombre,interino,centro A,30.0,-21.868223004683593,18.9,1.0,no
auxiliar,planta,44.0,2012.846,2.0,4.7,4.8,no,55.0,mujer,interino,centro C,26.0,0.8864773331659661,31.2,1.0,no
medicina,urgencias,34.9,1595.399,3.0,3.4,18.4,no,46.0,mujer,fijo,centro C,11.0,-26.984851286481973,4.6,0.0,no
medicina,planta,48.6,2196.648,5.0,2.9,12.7,no,35.0,mujer,fijo,centro A,3.0,17.690011969715766,19.8,1.0,no
auxiliar,oncología,46.0,2104.488,1.0,2.0,7.5,sí,30.0,mujer,fijo,centro A,35.0,9.09401041298753,11.0,2.0,sí
auxiliar,planta,40.7,1878.351,0.0,4.6,1.8,no,22.0,hombre,fijo,centro C,77.0,-22.77980748073667,13.2,2.0,sí
medicina,  quirófano ,44.1,2065.023,3.0,3.0,2.1,no,36.0,mujer,fijo,centro B,22.0,5.154989410711445,-99.0,1.0,no
medicina,planta,26.0,1243.423,5.0,3.9,2.7,sí,48.0,mujer,fijo,centro A,62.0,-29.110504987399793,9.4,2.0,no
auxiliar,oncología,34.0,1535.725,0.0,2.8,3.8,sí,22.0,mujer,interino,centro C,25.0,-15.195076064589134,27.5,0.0,no
administración,oncología,37.5,1725.071,1.0,4.6,3.4,sí,47.0,hombre,fijo,centro E,43.0,-11.81566745434975,5.5,1.0,sí
celador,oncología,50.6,2318.329,2.0,4.4,7.9,no,36.0,mujer,fijo,centro B,46.0,11.655358928168333,-99.0,0.0,no
enfermería,planta,44.9,2062.394,5.0,2.4,3.8,no,25.0,mujer,fijo,centro E,18.0,23.664681484746893,51.3,0.0,sí
auxiliar,uci,33.3,1565.401,5.0,2.2,13.1,sí,52.0,hombre,interino,centro A,16.0,-36.22681417111192,6.2,0.0,sí
celador,CONSULTAS,37.3,1695.372,2.0,3.2,3.1,no,45.0,mujer,fijo,centro D,82.0,-7.006768781798867,4.5,0.0,no
enfermería,planta,44.1,1955.668,4.0,2.7,10.3,sí,44.0,mujer,eventual,centro A,50.0,24.771672825476138,19.9,2.0,sí
administración,planta,39.4,1787.508,4.0,4.1,9.8,sí,45.0,mujer,eventual,centro E,7.0,-22.177571522040058,-99.0,2.0,no
medicina,consultas,41.0,1943.749,5.0,3.4,2.8,no,46.0,mujer,fijo,centro D,19.0,-9.06913599572363,3.5,0.0,no
administración,urgencias,33.5,1491.819,3.0,4.2,15.3,no,29.0,hombre,interino,centro A,51.0,-30.622960266682654,33.6,1.0,no
medicina,planta,50.4,2355.721,0.0,4.1,8.9,no,48.0,mujer,interino,centro C,81.0,2.535458046984165,17.4,2.0,no
medicina,planta,42.4,1886.307,2.0,3.6,8.2,sí,55.0,mujer,fijo,centro A,9.0,-3.8708919120660976,29.1,2.0,no
auxiliar,urgencias,38.2,1778.683,4.0,2.0,9.0,no,62.0,hombre,interino,centro E,24.0,2.72933369511315,23.9,2.0,sí
enfermería,urgencias,37.5,1745.004,0.0,5.0,17.2,no,32.0,mujer,interino,centro B,14.0,-13.336816626820756,11.3,2.0,no
auxiliar,  quirófano ,45.5,2107.012,2.0,3.3,4.4,no,56.0,hombre,fijo,centro E,69.0,-1.7376910456753007,11.2,2.0,no
administración,planta,44.0,1939.432,4.0,3.1,0.5,sí,22.0,hombre,interino,centro E,15.0,20.926664854506193,9.1,0.0,no
auxiliar,  urgencias ,37.6,1702.899,0.0,4.2,4.2,no,31.0,mujer,interino,centro C,23.0,-20.567323532217845,11.4,1.0,sí
medicina,PLANTA,34.6,1570.568,0.0,4.4,2.6,sí,37.0,hombre,fijo,centro D,41.0,-2.2830810485720257,10.5,1.0,no
enfermería,urgencias,38.9,1806.002,6.0,2.7,4.4,no,43.0,hombre,N/D,centro A,20.0,4.207784068500102,6.2,0.0,no
medicina,planta,29.5,1400.878,0.0,3.1,11.8,no,36.0,mujer,interino,centro B,29.0,-27.469583078298722,16.0,2.0,sí
enfermería,planta,45.0,2087.473,5.0,4.0,23.0,no,38.0,mujer,interino,centro B,26.0,6.069594278780872,22.5,2.0,no
celador,consultas,40.2,1831.773,1.0,2.8,0.9,sí,41.0,hombre,fijo,centro B,23.0,-7.565010602335167,11.3,0.0,sí
enfermería,oncología,31.9,1487.035,1.0,4.4,7.0,sí,42.0,mujer,fijo,centro C,28.0,-4.333050185353821,18.4,2.0,no
auxiliar,planta,40.2,1870.803,0.0,2.1,5.1,no,30.0,hombre,eventual,centro C,23.0,9.866233382959646,6.7,2.0,no
medicina,quirófano,40.8,1897.078,0.0,3.1,12.5,no,65.0,mujer,eventual,centro E,23.0,-16.702664979840435,7.2,0.0,sí
enfermería,consultas,44.3,2084.054,0.0,3.4,3.8,sí,30.0,hombre,interino,centro C,13.0,-8.159741892870956,50.5,0.0,no
enfermería,oncología,34.2,1602.282,2.0,4.0,26.4,no,39.0,hombre,N/D,centro A,38.0,-19.446175585087463,8.6,3.0,sí
auxiliar,consultas,37.8,1685.659,4.0,3.4,10.9,sí,45.0,mujer,fijo,centro B,43.0,-6.065226190923942,-99.0,2.0,sí
enfermería,oncología,52.4,2537.387,0.0,2.9,12.6,sí,45.0,mujer,fijo,centro B,27.0,27.343476882988234,70.0,1.0,no
administración,planta,33.4,1533.582,0.0,2.3,5.6,no,28.0,mujer,fijo,centro D,56.0,-13.38962100172486,11.3,0.0,sí
enfermería,URGENCIAS,41.5,1905.92,2.0,3.1,13.3,no,34.0,mujer,interino,centro C,11.0,23.772893644821973,92.7,2.0,sí
medicina,quirófano,38.6,1801.269,2.0,2.9,19.0,no,52.0,hombre,fijo,centro B,39.0,-22.088317776084267,6.2,0.0,no
medicina,quirófano,44.1,1996.455,0.0,2.9,4.8,no,27.0,mujer,fijo,centro B,23.0,13.821781316371029,151.5,0.0,sí
medicina,uci,42.9,1977.697,3.0,2.5,6.0,no,33.0,mujer,fijo,centro A,28.0,-1.3019458118723213,20.9,2.0,no
administración,quirófano,34.2,1598.834,3.0,1.5,17.8,no,47.0,mujer,fijo,centro C,40.0,-9.431747736606638,54.4,2.0,no
enfermería,ONCOLOGÍA,39.4,1748.958,0.0,2.7,20.2,no,52.0,hombre,fijo,centro B,46.0,3.1110571956210027,25.4,0.0,no
auxiliar,  planta ,41.6,1940.757,3.0,2.8,31.0,sí,26.0,mujer,interino,centro E,64.0,10.362062250383191,16.8,2.0,sí
enfermería,consultas,38.2,1820.254,1.0,3.1,4.9,no,37.0,hombre,fijo,centro D,83.0,-21.898279478926092,46.2,0.0,sí
enfermería,quirófano,46.9,2151.704,5.0,2.7,2.9,no,49.0,mujer,eventual,centro C,7.0,26.321503778109392,62.9,0.0,no
celador,planta,39.5,1787.687,0.0,1.9,27.1,sí,33.0,mujer,fijo,centro B,35.0,-20.93990701564691,4.1,4.0,no
enfermería,consultas,38.2,1745.083,6.0,3.3,3.0,sí,47.0,mujer,interino,centro E,25.0,12.734361648512214,6.4,0.0,sí
auxiliar,uci,35.3,1652.466,1.0,2.2,3.1,sí,50.0,hombre,fijo,centro B,35.0,-1.7537164286369968,4.1,2.0,sí
enfermería,uci,38.5,1811.628,0.0,3.9,7.9,no,50.0,mujer,interino,centro D,37.0,-5.885175554039815,27.7,0.0,no
celador,quirófano,34.9,1573.726,6.0,4.8,5.1,sí,28.0,mujer,fijo,centro C,9.0,-4.817242729284823,17.3,0.0,sí
auxiliar,planta,33.5,1535.27,2.0,4.5,14.2,no,30.0,mujer,eventual,centro A,7.0,-17.04209441586943,-99.0,0.0,no
medicina,planta,44.4,1991.793,5.0,3.5,4.0,sí,31.0,hombre,fijo,centro D,13.0,13.021455131538996,5.5,0.0,no
medicina,quirófano,22.8,1053.8,2.0,2.8,2.4,sí,29.0,hombre,interino,centro D,53.0,-9.805414230653744,116.7,2.0,no
medicina,planta,36.4,1649.851,0.0,2.2,16.3,sí,37.0,mujer,fijo,centro E,27.0,-24.437688693747972,58.5,3.0,no
medicina,oncología,26.9,1227.242,1.0,2.1,4.7,sí,31.0,mujer,interino,centro A,25.0,-4.390267355079251,5.8,2.0,sí
enfermería,QUIRÓFANO,40.4,1857.59,5.0,5.0,2.1,sí,22.0,mujer,eventual,centro D,34.0,-9.190291592329196,6.2,2.0,sí
auxiliar,QUIRÓFANO,44.3,2024.351,3.0,3.2,0.6,no,48.0,mujer,interino,centro A,25.0,11.104454236905177,32.1,2.0,sí
enfermería,planta,46.5,2185.244,0.0,3.1,3.9,no,38.0,mujer,eventual,centro C,4.0,-11.290587429885495,20.4,1.0,no
enfermería,consultas,26.2,1196.758,4.0,3.6,4.2,sí,28.0,mujer,fijo,centro D,42.0,-28.88958836615571,18.5,0.0,sí
auxiliar,quirófano,39.6,1824.267,0.0,4.2,4.2,sí,22.0,mujer,fijo,centro D,60.0,-23.373958037016088,10.6,1.0,no
medicina,consultas,26.6,1272.849,3.0,2.2,13.5,no,63.0,hombre,eventual,centro D,28.0,-15.223740117378009,22.1,0.0,sí
enfermería,quirófano,32.0,1590.907,1.0,3.3,10.7,no,51.0,mujer,fijo,centro B,25.0,-36.939140071318185,62.1,1.0,no
enfermería,urgencias,45.2,2084.862,1.0,3.0,9.2,sí,34.0,mujer,interino,centro C,5.0,2.2545024025601688,19.8,0.0,no
medicina,uci,41.4,1915.672,3.0,2.4,16.6,no,58.0,mujer,fijo,centro E,31.0,2.7701519225717033,19.7,0.0,no
medicina,planta,38.3,1695.132,2.0,3.7,16.1,sí,49.0,mujer,fijo,centro A,12.0,7.6339622159253295,14.8,0.0,no
enfermería,oncología,28.5,1263.93,3.0,5.0,20.4,sí,44.0,mujer,interino,centro D,35.0,-10.449933282933085,-99.0,0.0,no
auxiliar,quirófano,38.7,1798.057,0.0,1.9,1.1,no,33.0,mujer,interino,centro A,13.0,-5.067466344222699,8.1,0.0,no
auxiliar,oncología,33.9,1532.274,3.0,2.7,5.8,no,30.0,mujer,interino,centro E,10.0,-15.178146912571378,-99.0,0.0,sí
medicina,  consultas ,34.2,1542.25,4.0,3.5,4.0,no,47.0,mujer,fijo,centro B,35.0,-11.562850283477513,12.3,2.0,sí
auxiliar,  quirófano ,39.8,1820.542,4.0,4.6,9.7,sí,56.0,mujer,fijo,centro C,14.0,-11.386414220577834,6.9,0.0,no
medicina,consultas,43.1,2013.537,0.0,2.8,11.4,no,35.0,hombre,eventual,centro C,44.0,-15.86439236613712,8.5,2.0,sí
medicina,planta,51.3,2240.092,6.0,2.9,12.0,no,54.0,mujer,eventual,centro A,66.0,54.055515546359906,76.9,0.0,no
auxiliar,urgencias,36.7,1716.284,0.0,3.3,7.0,no,52.0,mujer,interino,centro A,12.0,-2.890366559734087,11.8,0.0,sí
medicina,planta,34.9,1692.231,5.0,2.6,6.4,sí,50.0,mujer,interino,centro B,12.0,-4.680749917699338,10.4,2.0,sí
administración,planta,43.2,1955.216,2.0,2.1,5.7,no,38.0,mujer,fijo,centro B,45.0,0.1773489703211495,28.6,1.0,no
enfermería,quirófano,31.1,1431.689,3.0,3.2,13.6,no,37.0,mujer,fijo,centro C,74.0,-14.005908822473632,2.9,2.0,sí
enfermería,  urgencias ,38.9,1774.281,3.0,4.6,5.8,sí,46.0,hombre,fijo,centro D,7.0,-5.5331986704071126,5.3,0.0,sí
administración,uci,44.9,2074.199,2.0,3.3,6.9,no,44.0,mujer,fijo,centro E,50.0,5.311047602312348,-99.0,1.0,sí
enfermería,quirófano,32.7,1491.512,4.0,4.7,3.3,no,31.0,hombre,eventual,centro B,18.0,-29.236140060864923,10.7,3.0,sí
medicina,urgencias,34.4,1596.757,2.0,4.1,6.3,no,45.0,hombre,eventual,centro C,13.0,-32.20588371648303,65.3,0.0,no
auxiliar,urgencias,38.6,1805.395,2.0,1.6,0.5,sí,28.0,mujer,eventual,centro C,45.0,4.111749324168415,6.4,0.0,no
celador,uci,41.4,1918.776,2.0,3.1,8.6,sí,48.0,mujer,interino,centro E,13.0,0.6748429183142461,-99.0,0.0,no
celador,consultas,33.7,1537.101,1.0,1.0,25.2,no,43.0,mujer,interino,centro E,33.0,-3.5634507072707162,86.6,0.0,sí
celador,uci,36.1,1697.12,4.0,3.3,3.4,no,61.0,mujer,fijo,centro B,34.0,3.3785248058794455,23.9,3.0,no
administración,planta,23.6,1067.466,4.0,3.5,7.2,sí,40.0,hombre,fijo,centro D,15.0,-46.13285038907408,0.8,1.0,no
medicina,  planta ,30.1,1360.444,5.0,4.4,17.2,no,27.0,mujer,interino,centro D,43.0,-25.458840801171444,38.4,2.0,sí
enfermería,planta,27.6,1307.714,0.0,3.5,19.2,sí,54.0,mujer,eventual,centro B,43.0,-30.754672897969886,17.2,0.0,sí
enfermería,consultas,45.0,2088.588,4.0,5.0,1.0,no,66.0,mujer,eventual,centro A,17.0,4.2242849402613,25.4,0.0,no
enfermería,urgencias,35.6,1661.477,0.0,4.1,5.9,sí,58.0,mujer,interino,centro C,19.0,-19.766670805100112,284.3,0.0,no
enfermería,consultas,38.7,1838.871,3.0,3.9,19.4,no,43.0,mujer,fijo,centro E,46.0,-30.356483359963157,57.3,0.0,no
auxiliar,  urgencias ,45.6,2106.465,4.0,2.6,13.7,sí,31.0,mujer,fijo,centro B,31.0,8.699926029581773,80.8,0.0,no
medicina,quirófano,35.8,1592.298,2.0,3.1,3.3,no,51.0,mujer,fijo,centro E,17.0,-18.628565880154497,-99.0,0.0,no
enfermería,  uci ,48.5,2214.445,1.0,3.9,20.4,sí,47.0,mujer,interino,centro E,36.0,-2.071017601309963,10.7,0.0,sí
enfermería,quirófano,43.6,1980.82,1.0,4.8,5.3,sí,53.0,mujer,interino,centro D,67.0,3.2819395583801003,16.2,1.0,sí
auxiliar,CONSULTAS,38.2,1745.205,1.0,3.6,5.0,sí,31.0,mujer,fijo,centro C,21.0,-17.05546443239649,5.2,1.0,no
enfermería,planta,37.1,1741.51,4.0,4.2,16.4,no,50.0,mujer,interino,centro B,42.0,-17.82976248064584,8.0,1.0,sí
enfermería,planta,35.9,1632.246,0.0,2.6,6.5,no,33.0,hombre,fijo,centro E,22.0,-19.009726280213222,15.2,0.0,no
celador,planta,43.3,1976.722,3.0,2.0,21.3,sí,59.0,hombre,fijo,centro B,37.0,7.239293303782999,3.5,1.0,no
enfermería,urgencias,33.7,1536.897,3.0,3.8,11.6,sí,33.0,mujer,interino,centro A,13.0,-6.676418743240367,14.5,0.0,no
celador,planta,47.2,2145.963,0.0,4.4,11.8,sí,37.0,mujer,eventual,centro A,20.0,11.668365629482931,7.8,1.0,no
auxiliar,UCI,54.0,2430.23,2.0,4.5,17.1,no,45.0,hombre,interino,centro B,41.0,16.89543463701622,11.5,2.0,sí
medicina,urgencias,36.2,1709.266,0.0,3.5,6.2,sí,28.0,hombre,N/D,centro D,33.0,-13.453267280542015,16.0,2.0,sí
administración,planta,43.2,1958.431,3.0,2.2,2.6,no,34.0,mujer,fijo,centro C,77.0,9.956020534430053,10.6,0.0,no
enfermería,planta,43.0,1995.679,1.0,4.8,11.4,no,22.0,mujer,eventual,centro C,19.0,-3.93860090411199,13.1,0.0,sí
medicina,quirófano,36.0,1661.959,0.0,4.0,8.1,sí,35.0,hombre,fijo,centro E,12.0,-5.903507090589123,96.9,0.0,sí
auxiliar,  planta ,45.7,2099.255,3.0,3.0,24.7,sí,25.0,mujer,fijo,centro E,44.0,4.500184677521552,173.0,2.0,no
enfermería,quirofano,40.3,1864.334,0.0,3.1,3.6,sí,47.0,hombre,interino,centro E,25.0,-16.816884230097145,16.0,0.0,sí
celador,planta,44.8,2139.741,0.0,3.8,1.6,sí,42.0,mujer,eventual,centro B,17.0,-4.817618374187695,34.9,0.0,no
auxiliar,planta,48.1,2221.466,4.0,4.0,7.2,sí,50.0,mujer,fijo,centro C,34.0,19.73182191982309,5.5,0.0,sí
enfermería,urgencias,29.7,1367.356,0.0,3.9,9.0,sí,36.0,mujer,fijo,centro B,11.0,-22.54219583081072,40.3,0.0,no
enfermería,urgencias,48.5,2205.624,4.0,4.2,11.8,no,41.0,mujer,fijo,centro A,6.0,21.32461575419847,38.4,0.0,no
enfermería,urgencias,42.6,1943.475,5.0,3.1,8.7,no,45.0,hombre,fijo,centro E,3.0,18.63718070171696,82.5,0.0,no
medicina,consultas,31.3,1506.036,3.0,4.4,20.3,no,35.0,mujer,fijo,centro E,80.0,-25.500201752501038,5.7,0.0,no
medicina,oncología,48.4,2280.174,4.0,3.0,4.9,no,43.0,mujer,interino,centro A,9.0,12.477308724646022,11.2,0.0,no
enfermería,planta,44.6,2074.207,3.0,4.8,2.7,sí,48.0,mujer,interino,centro D,32.0,-0.309076805741217,6.0,0.0,no
administración,CONSULTAS,28.6,1310.496,1.0,2.8,14.5,no,24.0,mujer,fijo,centro C,20.0,-33.312808746225286,27.0,0.0,no
administración,planta,55.0,2508.072,4.0,1.0,11.3,no,25.0,hombre,interino,centro A,27.0,48.26667315859065,26.0,1.0,sí
medicina,quirófano,34.1,1581.512,0.0,3.3,8.2,no,26.0,mujer,fijo,centro A,84.0,-16.04315328145743,3.9,2.0,no
medicina,planta,38.7,1780.515,2.0,2.7,18.1,sí,43.0,mujer,eventual,centro C,17.0,-8.530279740251615,25.4,2.0,no
enfermería,uci,40.9,1887.88,5.0,3.5,7.2,no,33.0,mujer,fijo,centro D,31.0,-1.5211232490377098,16.0,0.0,sí
auxiliar,planta,34.4,1600.96,2.0,4.0,10.3,sí,32.0,mujer,fijo,centro C,11.0,-20.751315542266937,-99.0,1.0,sí
auxiliar,urgencias,28.4,1298.288,0.0,2.3,13.7,no,44.0,mujer,fijo,centro E,89.0,-17.765837570888696,3.0,2.0,no
enfermería,consultas,40.5,1856.225,0.0,3.4,10.9,no,48.0,mujer,fijo,centro B,54.0,-10.705906778002245,45.1,1.0,no
enfermería,  planta ,49.4,2251.473,4.0,3.1,11.6,no,22.0,mujer,eventual,centro A,29.0,8.55186647196027,3.9,0.0,sí
medicina,PLANTA,38.8,1827.6,4.0,4.0,14.6,no,25.0,mujer,N/D,centro A,5.0,-6.832096789190944,4.3,0.0,no
administración,uci,41.1,1826.45,2.0,2.6,3.2,no,40.0,mujer,fijo,centro C,26.0,6.016636746245556,-99.0,2.0,sí
enfermería,  consultas ,42.4,1914.937,1.0,2.5,11.0,sí,58.0,mujer,interino,centro B,12.0,10.203258864274533,24.3,0.0,sí
auxiliar,urgencias,35.7,1706.43,0.0,3.6,4.9,no,51.0,hombre,fijo,centro E,47.0,-18.41331227226065,4.0,0.0,no
enfermería,urgencias,35.6,1602.694,4.0,2.7,8.2,sí,27.0,hombre,interino,centro B,41.0,-13.683192242230046,26.6,1.0,no
celador,planta,43.4,2051.935,3.0,4.1,7.6,no,33.0,mujer,N/D,centro E,29.0,-4.260260240611904,12.9,1.0,sí
auxiliar,oncología,29.3,1358.333,5.0,2.6,2.2,no,22.0,mujer,fijo,centro E,32.0,-30.661354496610706,-99.0,2.0,sí
enfermería,quirofano,41.2,1885.153,1.0,3.4,8.3,sí,33.0,mujer,interino,centro C,100.0,-10.262633773465579,14.6,0.0,sí
medicina,oncología,43.4,2047.971,1.0,3.0,6.0,no,42.0,hombre,fijo,centro A,24.0,-15.991657448414882,17.3,0.0,no
auxiliar,planta,31.6,1474.23,2.0,4.5,9.4,no,41.0,mujer,interino,centro E,39.0,-21.77837159106815,22.5,2.0,sí
medicina,urgencias,35.3,1607.313,0.0,1.4,12.7,no,40.0,hombre,fijo,centro A,32.0,-28.78007579561978,33.0,0.0,sí
medicina,  quirófano ,36.7,1652.563,3.0,3.0,6.7,sí,56.0,mujer,fijo,centro E,3.0,1.3911936438385961,28.4,2.0,sí
enfermería,uci,36.1,1653.409,1.0,4.0,4.9,no,46.0,mujer,interino,centro A,19.0,-12.558404212989185,22.6,1.0,sí
auxiliar,  consultas ,40.4,1904.113,4.0,2.8,5.1,no,22.0,mujer,interino,centro C,62.0,-8.89156333127761,43.2,1.0,no
enfermería,CONSULTAS,43.3,1960.328,0.0,3.6,3.4,no,35.0,mujer,eventual,centro A,26.0,16.44634465224355,19.0,0.0,no
enfermería,consultas,39.5,1818.822,3.0,2.2,2.9,no,39.0,hombre,N/D,centro A,30.0,-2.96294798236961,21.3,0.0,sí
auxiliar,planta,39.1,1804.452,0.0,3.9,25.4,sí,48.0,mujer,fijo,centro C,35.0,-12.370147229238558,5.0,1.0,no
medicina,oncología,43.4,2046.875,2.0,5.0,4.6,no,40.0,mujer,interino,centro D,42.0,-9.341899663390189,3.3,0.0,no
administración,uci,40.2,1861.873,3.0,1.7,8.8,no,44.0,hombre,interino,centro D,19.0,16.80927567945724,23.3,0.0,no
auxiliar,consultas,38.1,1761.161,4.0,3.5,1.2,no,34.0,mujer,eventual,centro E,44.0,-8.148957165274942,21.4,3.0,no
auxiliar,planta,41.9,1875.59,5.0,4.3,3.3,sí,22.0,hombre,eventual,centro D,38.0,-7.438705499143982,17.7,0.0,sí
auxiliar,oncología,37.4,1735.583,1.0,4.7,11.4,sí,34.0,mujer,fijo,centro C,1.0,-12.670316523475577,7.7,0.0,no
enfermería,consultas,39.0,1791.682,2.0,4.5,3.7,sí,36.0,mujer,fijo,centro B,25.0,-2.3762809230711257,57.6,1.0,no
enfermería,quirófano,27.0,1209.708,4.0,4.3,4.8,no,27.0,hombre,interino,centro D,7.0,-26.378147230946645,25.9,0.0,sí
auxiliar,planta,31.1,1373.467,2.0,2.8,17.9,sí,44.0,mujer,eventual,centro E,26.0,-25.21641253358155,9.5,0.0,no
auxiliar,QUIRÓFANO,48.9,2199.848,1.0,2.0,10.2,sí,50.0,mujer,interino,centro C,30.0,28.490766879117785,12.5,0.0,sí
enfermería,planta,35.3,1563.516,3.0,1.5,12.6,no,40.0,mujer,fijo,centro B,22.0,-0.3960125639958605,-99.0,0.0,no
administración,  urgencias ,33.3,1524.235,0.0,3.3,14.9,no,25.0,mujer,fijo,centro A,16.0,-25.487583803738406,19.4,2.0,no
administración,uci,41.1,1850.307,2.0,3.2,10.9,no,35.0,mujer,fijo,centro D,37.0,-10.336681514645246,23.0,0.0,sí
enfermería,  quirófano ,53.9,2402.799,4.0,3.2,4.9,no,46.0,mujer,interino,centro B,16.0,30.125255441373437,15.3,2.0,sí
medicina,oncología,45.8,2139.904,4.0,2.1,16.9,no,34.0,mujer,interino,centro D,62.0,34.43000408469109,15.0,0.0,sí
medicina,QUIRÓFANO,33.2,1476.254,0.0,4.2,18.7,no,51.0,mujer,N/D,centro A,18.0,-27.822798881835485,17.1,4.0,sí
administración,  uci ,41.7,1990.174,3.0,2.2,3.9,no,49.0,hombre,fijo,centro A,8.0,-12.46668819252204,25.8,2.0,sí
medicina,oncología,37.1,1757.471,4.0,4.1,5.7,sí,47.0,mujer,fijo,centro B,10.0,-6.724491023574995,15.3,2.0,no
medicina,  quirófano ,38.9,1786.407,4.0,2.2,22.6,no,32.0,mujer,fijo,centro E,7.0,-0.8360217679999433,2.6,2.0,sí
enfermería,planta,35.6,1645.373,3.0,3.8,16.4,sí,48.0,hombre,interino,centro C,37.0,1.8386178844374221,63.9,0.0,no
medicina,quirófano,40.2,1877.86,2.0,3.6,12.2,no,34.0,mujer,fijo,centro C,39.0,9.39558760588047,21.8,0.0,no
enfermería,  planta ,25.5,1189.246,1.0,2.8,10.4,sí,50.0,hombre,eventual,centro C,26.0,-27.774354813348797,-99.0,0.0,no
auxiliar,urgencias,38.3,1710.954,1.0,2.5,1.9,no,43.0,mujer,fijo,centro D,23.0,-3.06573543195075,30.8,1.0,no
enfermería,  urgencias ,48.2,2120.367,7.0,2.4,5.8,no,49.0,mujer,interino,centro C,5.0,24.820702189656636,7.0,0.0,sí
enfermería,planta,37.4,1752.336,3.0,3.9,11.4,no,38.0,hombre,fijo,centro A,6.0,-30.4599145313572,-99.0,3.0,no
celador,ONCOLOGÍA,49.7,2257.818,2.0,3.2,15.7,sí,39.0,mujer,interino,centro B,26.0,9.681230664748163,25.4,1.0,no
medicina,  planta ,33.0,1525.576,4.0,2.4,19.2,sí,44.0,mujer,interino,centro E,10.0,-24.01835644170701,-99.0,2.0,no
enfermería,uci,42.8,1924.87,4.0,2.4,3.4,no,40.0,hombre,interino,centro D,87.0,19.634411904077048,27.6,4.0,no
medicina,planta,43.9,1993.859,2.0,3.5,4.2,sí,42.0,mujer,fijo,centro A,11.0,-1.426539253198384,5.5,3.0,sí
auxiliar,uci,38.9,1849.082,1.0,3.8,16.9,no,31.0,mujer,interino,centro E,9.0,-1.3799953370361386,15.0,0.0,sí
auxiliar,  planta ,49.9,2299.124,4.0,4.2,7.6,sí,38.0,mujer,interino,centro D,19.0,27.855125749515295,27.3,2.0,no
administración,  planta ,40.2,1819.719,4.0,2.9,4.0,no,59.0,mujer,fijo,centro E,13.0,-11.874096312062527,2.6,1.0,sí
administración,urgencias,40.0,1888.067,0.0,2.7,18.3,no,48.0,mujer,fijo,centro E,24.0,-11.202465532554006,22.3,2.0,no
auxiliar,consultas,39.7,1840.18,4.0,2.2,10.5,no,55.0,mujer,fijo,centro B,15.0,-14.552814509905371,70.5,0.0,sí
auxiliar,oncología,42.3,1984.872,0.0,4.3,17.0,no,33.0,mujer,fijo,centro B,48.0,-10.731166024030582,43.7,0.0,sí
enfermería,  planta ,39.7,1765.257,2.0,3.8,4.5,no,52.0,hombre,interino,centro B,10.0,5.6458004172045495,118.7,2.0,sí
auxiliar,consultas,31.1,1432.679,0.0,4.0,8.4,no,49.0,hombre,fijo,centro B,8.0,-19.671971915422,64.1,2.0,no
auxiliar,planta,38.4,1846.311,0.0,5.0,3.6,no,25.0,hombre,interino,centro B,46.0,-27.148039023784182,38.9,3.0,no
medicina,PLANTA,29.9,1381.583,1.0,3.7,17.7,sí,39.0,mujer,fijo,centro B,34.0,-26.21837075336332,5.5,1.0,no
administración,consultas,33.1,1507.407,2.0,4.4,8.7,sí,46.0,mujer,interino,centro E,25.0,-16.96694868526067,19.5,3.0,sí
medicina,consultas,37.3,1706.789,6.0,2.4,15.1,no,50.0,mujer,fijo,centro B,26.0,-24.70476154585171,8.0,0.0,sí
celador,consultas,27.9,1275.298,2.0,1.9,16.6,no,22.0,mujer,fijo,centro C,45.0,-28.512595691394182,5.9,0.0,sí
enfermería,oncología,40.8,1918.556,4.0,4.8,11.2,no,36.0,mujer,fijo,centro E,21.0,-13.949703416827784,24.0,0.0,sí
auxiliar,planta,48.0,2244.476,0.0,3.5,11.8,no,38.0,mujer,interino,centro E,14.0,14.338621365341071,16.2,0.0,sí
celador,uci,39.1,1850.86,6.0,2.3,3.9,no,39.0,hombre,fijo,centro A,35.0,11.146875439278018,13.8,2.0,sí
enfermería,PLANTA,44.9,2009.141,2.0,4.3,17.7,no,51.0,mujer,interino,centro C,28.0,-9.027471129772898,9.1,2.0,sí
administración,consultas,34.9,1638.359,4.0,3.2,14.7,no,25.0,hombre,fijo,centro D,18.0,-12.931317837931722,4.8,2.0,sí
medicina,consultas,42.1,1879.442,3.0,3.1,3.2,no,25.0,mujer,fijo,centro B,4.0,6.639514338929493,16.3,0.0,sí
celador,uci,35.2,1668.479,4.0,5.0,14.4,sí,55.0,mujer,fijo,centro D,31.0,-11.969350874428104,2.9,0.0,sí
auxiliar,consultas,48.5,2265.033,3.0,3.6,8.2,no,65.0,mujer,fijo,centro D,24.0,25.682457048149928,75.1,3.0,no
enfermería,consultas,29.1,1368.724,3.0,1.1,8.4,sí,41.0,mujer,interino,centro C,25.0,-10.610717355130857,3.8,1.0,no
enfermería,oncología,42.8,1952.527,4.0,2.8,8.7,sí,56.0,mujer,fijo,centro D,51.0,11.341260746596772,34.0,1.0,no
auxiliar,consultas,27.3,1214.445,0.0,3.8,10.1,no,46.0,mujer,fijo,centro E,18.0,-37.16519733365478,32.4,0.0,sí
medicina,planta,43.7,1986.15,4.0,2.4,2.6,sí,35.0,mujer,interino,centro E,45.0,19.382059405835797,13.6,0.0,no
administración,oncología,30.8,1391.258,3.0,2.4,1.6,sí,39.0,mujer,fijo,centro E,26.0,-0.953387034042823,6.9,0.0,sí
enfermería,URGENCIAS,39.3,1838.988,0.0,2.7,5.4,no,38.0,mujer,fijo,centro B,63.0,-12.8120443212635,17.7,1.0,no
enfermería,oncología,35.9,1588.145,4.0,4.8,7.8,sí,35.0,mujer,fijo,centro B,31.0,-5.943287578164493,35.7,2.0,sí
celador,oncología,33.9,1526.096,3.0,3.5,4.5,sí,47.0,hombre,fijo,centro E,39.0,-10.727280111769456,64.9,2.0,no
auxiliar,oncología,34.4,1575.891,3.0,2.9,9.7,sí,49.0,hombre,interino,centro C,93.0,1.9990164345501888,18.1,2.0,no
celador,planta,41.6,1880.096,2.0,2.9,28.7,no,26.0,mujer,interino,centro C,19.0,-7.2534232451600325,6.8,2.0,no
enfermería,  consultas ,39.6,1828.692,7.0,1.1,5.7,no,40.0,hombre,interino,centro D,24.0,11.400043564317329,60.5,2.0,sí
medicina,QUIRÓFANO,33.3,1541.096,0.0,2.9,7.6,sí,38.0,hombre,fijo,centro C,39.0,-1.4727320469631344,26.5,0.0,sí
administración,planta,29.9,1368.136,3.0,3.2,15.7,sí,50.0,hombre,fijo,centro E,24.0,-22.010275326763697,10.2,2.0,no
enfermería,consultas,33.1,1516.5,3.0,4.8,10.0,no,42.0,mujer,N/D,centro E,34.0,4.481122872498609,20.4,1.0,no
enfermería,urgencias,38.5,1778.621,4.0,1.6,1.1,sí,37.0,mujer,interino,centro E,44.0,-16.860778820551115,10.4,1.0,no
auxiliar,quirófano,38.6,1790.361,2.0,3.9,12.0,no,37.0,mujer,fijo,centro E,24.0,-3.560030245685189,24.7,0.0,no
enfermería,consultas,38.3,1749.934,5.0,4.9,5.1,no,50.0,mujer,fijo,centro C,62.0,-5.308781763507682,6.2,0.0,no
auxiliar,uci,41.9,1961.512,0.0,3.1,9.1,no,39.0,hombre,fijo,centro D,23.0,-15.474411393194302,51.8,0.0,sí
enfermería,urgencias,44.2,1978.645,4.0,3.3,14.5,sí,36.0,hombre,fijo,centro D,7.0,-0.40263899741096587,11.9,0.0,no
medicina,  consultas ,38.4,1746.835,2.0,3.5,32.0,no,41.0,mujer,fijo,centro C,44.0,-20.755471080712432,9.3,1.0,no
enfermería,  planta ,35.1,1630.175,0.0,2.7,4.5,no,39.0,mujer,interino,centro A,75.0,-32.01130133812306,27.6,1.0,no
enfermería,urgencias,40.1,1884.905,0.0,4.1,10.1,sí,46.0,hombre,fijo,centro C,42.0,-10.999788498002548,17.8,2.0,no
enfermería,planta,49.3,2343.348,1.0,3.6,9.0,no,39.0,hombre,interino,centro A,35.0,1.1812863590353881,6.4,3.0,no
medicina,quirófano,35.2,1634.49,4.0,2.1,4.9,no,56.0,mujer,interino,centro A,50.0,-18.47197365495873,24.8,1.0,sí
medicina,consultas,40.1,1810.905,0.0,3.8,12.4,sí,22.0,mujer,fijo,centro A,91.0,-6.165195840215991,10.3,2.0,sí
enfermería,planta,36.9,1699.41,2.0,3.5,5.8,no,61.0,hombre,interino,centro E,35.0,-3.6319376498740503,36.4,0.0,no
enfermería,urgencias,36.5,1719.211,1.0,2.4,10.5,sí,50.0,mujer,eventual,centro D,8.0,-8.195283738707047,10.5,0.0,sí
enfermería,consultas,39.3,1822.182,6.0,2.8,28.7,no,33.0,hombre,fijo,centro E,30.0,4.632798166675261,2.7,0.0,no
administración,consultas,35.7,1699.986,0.0,4.6,4.7,sí,37.0,mujer,fijo,centro C,10.0,-22.485301845086244,8.5,0.0,sí
auxiliar,urgencias,43.9,1976.683,2.0,2.7,4.6,sí,49.0,hombre,eventual,centro D,50.0,-11.342045351485496,2.6,1.0,no
enfermería,UCI,32.5,1492.35,2.0,2.2,10.8,sí,24.0,mujer,fijo,centro C,18.0,-21.915142684391263,5.1,2.0,no
medicina,  planta ,34.9,1595.566,0.0,4.8,6.8,no,45.0,hombre,fijo,centro A,31.0,-29.447985800591084,7.2,1.0,sí
celador,planta,37.1,1658.42,2.0,3.9,19.8,no,36.0,hombre,fijo,centro D,47.0,-20.51198626527233,21.2,1.0,sí
auxiliar,urgencias,31.3,1463.978,0.0,3.3,2.7,no,34.0,mujer,fijo,centro D,40.0,-32.354658718669114,6.9,0.0,no
auxiliar,oncología,32.4,1516.979,0.0,2.3,7.9,no,38.0,mujer,fijo,centro D,15.0,-11.741343693015095,12.7,1.0,sí
medicina,urgencias,36.0,1608.311,3.0,4.6,1.7,no,22.0,mujer,eventual,centro E,53.0,-11.6648901631973,11.9,0.0,sí
medicina,consultas,21.4,1008.834,3.0,3.2,14.7,sí,50.0,mujer,fijo,centro D,16.0,-14.796133570812302,38.9,0.0,sí
enfermería,oncologia,40.0,1822.522,2.0,2.7,4.9,no,46.0,mujer,fijo,centro B,57.0,-9.648228660936903,13.2,1.0,sí
auxiliar,quirófano,41.3,1850.337,1.0,2.9,6.3,no,36.0,mujer,fijo,centro E,49.0,-9.04965436470851,13.4,0.0,sí
enfermería,quirófano,37.0,1727.758,2.0,2.5,18.2,sí,37.0,mujer,fijo,centro A,12.0,-13.060367398844287,26.5,0.0,sí
enfermería,uci,41.2,1970.413,2.0,3.4,5.4,no,27.0,hombre,fijo,centro D,7.0,-7.9177855880280505,7.4,2.0,sí
enfermería,consultas,41.2,1865.624,0.0,4.3,19.8,no,44.0,mujer,fijo,centro C,32.0,-22.449295022153862,10.4,0.0,sí
auxiliar,urgencias,33.2,1517.746,0.0,1.2,2.8,sí,57.0,mujer,fijo,centro B,38.0,3.816760450067944,-99.0,0.0,no
administración,oncología,29.4,1374.811,1.0,4.2,3.8,sí,40.0,hombre,fijo,centro D,47.0,1.8043374529297687,13.3,0.0,no
enfermería,urgencias,27.8,1241.916,2.0,3.8,4.5,no,41.0,mujer,fijo,centro B,72.0,-23.11244273638969,25.8,3.0,no
administración,  urgencias ,33.7,1530.953,0.0,5.0,4.1,sí,55.0,mujer,N/D,centro D,33.0,-32.61690238558776,38.4,1.0,sí
enfermería,quirófano,31.0,1402.006,6.0,4.1,17.1,sí,42.0,hombre,fijo,centro A,24.0,-16.870641509599068,89.2,2.0,no
medicina,uci,35.8,1615.206,0.0,3.7,5.4,sí,53.0,hombre,fijo,centro E,53.0,-6.452356401945089,16.3,3.0,no
medicina,urgencias,33.9,1583.039,2.0,2.7,5.5,sí,48.0,mujer,N/D,centro B,26.0,-19.83720339046617,4.1,4.0,no
enfermería,urgencias,40.2,1830.147,2.0,5.0,4.4,no,42.0,mujer,fijo,centro E,26.0,7.137558862186609,51.3,0.0,sí
enfermería,quirofano,31.4,1431.204,4.0,2.8,0.7,no,61.0,mujer,interino,centro D,68.0,-27.307031604408852,24.4,1.0,sí
auxiliar,urgencias,34.5,1593.151,1.0,2.2,17.8,sí,58.0,mujer,interino,centro A,38.0,-23.835763970907497,6.8,0.0,sí
enfermería,oncología,50.2,2311.222,6.0,2.5,10.5,no,52.0,mujer,fijo,centro D,47.0,41.58620106068859,6.6,1.0,sí
administración,uci,34.9,1582.426,5.0,3.8,11.7,no,38.0,mujer,interino,centro B,30.0,-36.53199434133066,31.1,0.0,sí
celador,consultas,46.9,2137.629,1.0,2.8,12.8,no,29.0,hombre,interino,centro E,24.0,11.739094514428665,21.1,2.0,sí
auxiliar,QUIRÓFANO,34.7,1588.598,0.0,3.0,5.4,sí,43.0,hombre,fijo,centro A,7.0,-6.537565587238667,11.8,1.0,no
auxiliar,planta,44.5,2047.169,4.0,5.0,5.7,sí,32.0,mujer,eventual,centro C,66.0,9.653847636896218,4.7,0.0,sí
enfermería,urgencias,28.7,1289.884,1.0,2.6,21.5,no,26.0,mujer,interino,centro B,114.0,-21.218145448049402,12.1,0.0,no
auxiliar,planta,37.8,1731.434,4.0,4.1,2.3,no,37.0,hombre,fijo,centro E,66.0,-12.145439724322639,178.3,0.0,no
auxiliar,urgencias,31.2,1402.69,3.0,3.1,7.7,sí,39.0,hombre,eventual,centro C,53.0,-31.66016236313254,26.7,2.0,no
enfermería,consultas,41.0,1880.532,3.0,2.6,2.9,sí,54.0,mujer,fijo,centro C,17.0,0.3299853737155647,20.1,0.0,sí
auxiliar,consultas,32.1,1437.828,1.0,3.7,8.0,no,53.0,mujer,fijo,centro B,59.0,-8.396004976360357,25.3,2.0,no
medicina,urgencias,41.3,1886.042,0.0,2.9,13.9,no,27.0,mujer,interino,centro B,23.0,5.110110764786871,20.7,3.0,sí
enfermería,uci,36.3,1655.067,0.0,3.3,18.0,no,22.0,mujer,eventual,centro B,27.0,-18.651575143350875,5.9,1.0,sí
administración,consultas,43.7,1925.231,7.0,3.3,24.6,sí,24.0,mujer,interino,centro E,24.0,10.467711747531611,31.1,1.0,sí
auxiliar,planta,38.3,1799.42,6.0,3.7,10.1,no,48.0,mujer,fijo,centro B,22.0,13.864546225396547,23.3,4.0,sí
medicina,consultas,43.5,1956.587,1.0,1.1,13.1,no,59.0,mujer,fijo,centro B,76.0,17.382576326106506,7.1,0.0,sí
enfermería,urgencias,39.5,1809.362,0.0,3.4,7.6,no,57.0,mujer,fijo,centro E,26.0,-17.67561842989095,16.9,2.0,sí
celador,oncología,37.3,1727.616,3.0,3.6,8.3,no,36.0,mujer,interino,centro A,56.0,-5.803660735289566,11.5,4.0,no
administración,  urgencias ,53.4,2370.126,7.0,3.8,8.4,no,36.0,mujer,fijo,centro D,59.0,55.70893268260221,28.7,0.0,no
enfermería,planta,38.0,1726.976,4.0,3.9,9.6,no,47.0,mujer,fijo,centro C,51.0,-17.518746460731993,22.9,2.0,no
celador,  planta ,28.1,1290.487,2.0,1.9,14.3,sí,26.0,hombre,interino,centro B,47.0,-23.008482783529153,18.3,0.0,no
enfermería,  consultas ,20.0,900.312,3.0,1.8,3.1,no,44.0,mujer,interino,centro B,28.0,-38.14833535381225,12.2,0.0,sí
medicina,oncología,37.3,1664.92,1.0,3.7,10.8,sí,34.0,mujer,fijo,centro E,28.0,-13.946626346282674,14.4,0.0,no
auxiliar,consultas,40.2,1904.473,0.0,2.0,13.1,no,48.0,mujer,N/D,centro D,15.0,-2.1034014767793385,5.8,0.0,sí
auxiliar,consultas,39.5,1859.097,4.0,2.4,0.2,sí,44.0,hombre,fijo,centro D,7.0,12.602319388193587,11.9,3.0,no
medicina,quirófano,46.2,2124.669,0.0,3.3,8.3,no,32.0,hombre,eventual,centro D,26.0,-6.1624273909223355,3.2,4.0,no
enfermería,consultas,43.5,2023.398,1.0,2.0,7.0,sí,36.0,mujer,fijo,centro E,7.0,-1.0947434855505196,4.9,2.0,sí
enfermería,uci,42.6,1937.618,2.0,2.9,5.7,no,51.0,mujer,interino,centro A,70.0,-0.3778916794960634,26.1,0.0,sí
enfermería,  oncología ,34.5,1667.239,0.0,4.2,10.0,sí,36.0,mujer,eventual,centro A,36.0,-9.521196617736589,12.8,0.0,no
enfermería,  urgencias ,44.9,2019.752,5.0,3.4,18.7,no,42.0,mujer,eventual,centro D,20.0,15.82013525397044,29.4,2.0,no
enfermería,consultas,45.6,2185.922,0.0,3.4,10.3,no,32.0,mujer,fijo,centro E,27.0,1.0096379015562675,25.0,0.0,no
enfermería,  planta ,40.2,1847.537,5.0,3.4,14.1,no,51.0,mujer,fijo,centro D,20.0,-8.336975296999832,8.1,2.0,no
administración,oncología,38.3,1812.886,0.0,1.4,3.7,sí,38.0,mujer,fijo,centro D,15.0,4.751129029866279,38.0,2.0,sí
administración,quirófano,31.0,1469.419,3.0,2.1,18.1,sí,48.0,mujer,eventual,centro A,16.0,-42.895320718930265,20.5,0.0,sí
enfermería,planta,36.7,1767.046,5.0,3.6,8.8,no,42.0,mujer,interino,centro D,52.0,-14.174601514445545,-99.0,0.0,no
celador,planta,33.4,1522.2,0.0,2.7,6.2,sí,38.0,hombre,fijo,centro E,28.0,-16.178110260119755,14.6,1.0,sí
medicina,planta,35.6,1615.071,0.0,3.1,4.5,sí,37.0,mujer,eventual,centro A,3.0,-14.76619394123264,4.6,2.0,no
auxiliar,quirofano,37.7,1689.763,2.0,4.8,5.9,no,53.0,mujer,eventual,centro D,59.0,-12.966435478048925,37.6,0.0,no
enfermería,uci,40.2,1887.721,4.0,4.0,14.3,sí,41.0,mujer,eventual,centro D,18.0,-12.400710397387195,21.5,2.0,sí
medicina,oncología,42.3,1934.542,0.0,2.4,17.7,sí,35.0,mujer,fijo,centro D,10.0,2.2076020808749566,16.0,0.0,sí
celador,  uci ,41.3,1915.814,1.0,3.4,4.7,no,43.0,mujer,fijo,centro C,23.0,-16.885348405390346,-99.0,2.0,sí
auxiliar,consultas,31.5,1395.61,0.0,2.6,13.6,no,39.0,mujer,fijo,centro B,14.0,-16.167693378244664,23.3,2.0,no
auxiliar,consultas,34.4,1605.995,6.0,4.0,7.7,no,32.0,hombre,fijo,centro E,18.0,-12.158372887106598,10.0,2.0,no
auxiliar,quirófano,45.7,2127.826,1.0,3.8,5.8,no,53.0,mujer,interino,centro A,14.0,13.954657229279913,-99.0,2.0,no
enfermería,urgencias,37.1,1688.201,1.0,3.2,10.5,sí,31.0,mujer,fijo,centro E,50.0,-0.8349356462456861,9.5,1.0,no
enfermería,quirófano,50.8,2308.136,4.0,4.3,11.3,no,37.0,mujer,N/D,centro A,69.0,38.34826468268088,27.9,2.0,no
medicina,planta,27.3,1257.152,0.0,4.9,2.3,no,27.0,mujer,fijo,centro E,14.0,-20.246779597552134,35.6,2.0,no
auxiliar,PLANTA,30.5,1411.364,3.0,2.8,24.8,sí,40.0,mujer,interino,centro B,33.0,-15.172645466600628,32.6,3.0,no
medicina,consultas,45.5,2046.857,3.0,3.7,1.9,no,30.0,mujer,fijo,centro B,10.0,22.326667684193666,25.5,1.0,no
medicina,ONCOLOGÍA,33.7,1480.547,3.0,4.0,9.2,no,34.0,mujer,interino,centro A,9.0,-13.273282069837581,7.1,0.0,sí
auxiliar,planta,48.7,2307.322,0.0,2.9,0.1,sí,39.0,mujer,fijo,centro A,32.0,1.9670707138363888,10.1,4.0,sí
medicina,planta,34.5,1580.6,5.0,5.0,8.7,sí,31.0,hombre,N/D,centro D,29.0,-11.33282934005739,27.0,0.0,sí
enfermería,quirófano,34.3,1523.423,0.0,2.6,3.6,no,62.0,mujer,fijo,centro A,45.0,-7.753655286694808,25.8,1.0,no
medicina,  uci ,55.2,2553.684,4.0,3.4,8.7,no,53.0,hombre,fijo,centro B,17.0,39.771992507414076,26.6,3.0,sí
enfermería,oncología,37.1,1654.928,1.0,1.1,8.3,no,50.0,hombre,interino,centro B,38.0,5.585455208685513,22.8,0.0,no
enfermería,planta,33.6,1549.069,5.0,4.8,7.2,no,34.0,hombre,fijo,centro B,15.0,-19.99616643234622,115.5,2.0,sí
administración,urgencias,55.5,2435.57,2.0,3.5,3.5,no,40.0,mujer,interino,centro A,20.0,31.013861547230842,17.1,1.0,sí
medicina,uci,44.2,2076.707,2.0,2.3,2.1,no,50.0,mujer,fijo,centro A,36.0,1.5722882666548532,4.2,0.0,sí
auxiliar,urgencias,34.5,1588.922,0.0,3.9,13.1,no,30.0,mujer,fijo,centro E,5.0,-27.06433378851684,9.2,0.0,sí
medicina,planta,30.3,1340.9,1.0,5.0,7.1,sí,47.0,mujer,interino,centro E,21.0,-24.707002101614528,17.8,1.0,no
enfermería,urgencias,31.2,1397.725,2.0,1.2,10.5,no,45.0,mujer,fijo,centro E,18.0,2.84132868408296,7.1,1.0,sí
enfermería,consultas,34.5,1628.183,2.0,1.7,8.2,sí,45.0,mujer,eventual,centro B,7.0,-11.918716157273783,10.9,0.0,sí
administración,urgencias,21.3,972.279,0.0,3.7,2.6,no,42.0,mujer,interino,centro C,26.0,-13.793325083439294,43.4,0.0,no
enfermería,CONSULTAS,38.6,1770.39,2.0,4.7,3.8,sí,37.0,mujer,fijo,centro E,19.0,-12.081862459512951,8.3,2.0,no
auxiliar,  uci ,37.2,1743.328,1.0,3.5,6.7,no,25.0,mujer,interino,centro C,29.0,-29.42485269708112,21.3,0.0,sí
medicina,planta,47.1,2160.566,5.0,2.8,24.5,no,30.0,mujer,fijo,centro D,40.0,19.97068174954486,2.5,0.0,no
medicina,urgencias,39.3,1789.23,0.0,2.4,4.7,sí,35.0,hombre,fijo,centro A,21.0,3.5617006346055256,11.5,1.0,sí
celador,PLANTA,40.2,1908.896,3.0,4.8,12.7,sí,45.0,mujer,fijo,centro D,20.0,-5.324739273619477,15.3,2.0,sí
medicina,uci,43.4,2032.169,3.0,2.4,7.8,sí,44.0,mujer,fijo,centro E,29.0,7.619151552721084,22.8,1.0,sí
medicina,quirófano,34.5,1645.091,4.0,3.2,14.0,no,53.0,mujer,interino,centro B,60.0,-20.188427268551223,11.4,2.0,sí
medicina,oncología,42.2,1871.914,0.0,3.0,2.9,no,50.0,hombre,interino,centro C,37.0,-14.372892664446532,67.9,0.0,no
celador,planta,42.1,1979.596,0.0,1.0,21.3,no,40.0,mujer,eventual,centro D,12.0,-10.060075857147979,20.0,2.0,no
medicina,planta,50.3,2302.553,1.0,3.3,6.7,no,30.0,mujer,interino,centro D,14.0,-5.853437943710794,4.4,1.0,no
medicina,planta,33.3,1520.264,2.0,3.5,2.8,sí,35.0,mujer,fijo,centro A,38.0,-31.109227179027773,1.7,3.0,no
medicina,  uci ,32.5,1510.468,3.0,2.9,7.6,no,36.0,mujer,fijo,centro D,49.0,-13.845013601298254,10.9,0.0,sí
medicina,consultas,32.8,1536.302,4.0,4.9,5.5,no,46.0,mujer,fijo,centro B,10.0,-35.54236635911751,7.6,1.0,no
enfermería,quirófano,52.1,2440.263,3.0,2.4,8.8,sí,39.0,mujer,N/D,centro E,77.0,41.577441672465845,6.8,0.0,sí
medicina,planta,49.8,2274.971,1.0,4.2,7.4,sí,22.0,hombre,interino,centro C,8.0,11.041962984770748,8.2,0.0,no
celador,consultas,42.4,2044.229,5.0,2.6,9.0,no,55.0,mujer,interino,centro D,27.0,-1.936262797626318,171.1,0.0,no
auxiliar,PLANTA,39.2,1777.235,3.0,3.9,11.2,sí,47.0,mujer,fijo,centro B,45.0,19.00398252612463,3.9,1.0,no
medicina,UCI,46.3,2039.491,5.0,3.2,13.1,sí,42.0,mujer,interino,centro D,7.0,41.45048636678372,11.0,0.0,sí
enfermería,planta,29.9,1379.171,1.0,2.5,7.7,no,32.0,mujer,fijo,centro E,43.0,-28.06319353906271,11.8,1.0,sí
enfermería,quirófano,36.8,1674.861,5.0,2.5,13.5,sí,53.0,mujer,fijo,centro C,28.0,-3.235387988519731,15.0,2.0,sí
enfermería,  urgencias ,37.7,1756.62,1.0,1.8,8.4,sí,48.0,mujer,interino,centro B,11.0,-14.781992242477076,8.0,1.0,no
administración,quirofano,27.5,1235.763,3.0,2.6,5.8,no,59.0,mujer,eventual,centro B,6.0,-28.537034574969535,62.8,0.0,no
medicina,planta,43.9,2066.879,4.0,5.0,7.8,no,41.0,mujer,fijo,centro E,15.0,11.82872124218295,29.2,0.0,no
medicina,oncologia,39.8,1773.574,7.0,2.1,8.2,no,41.0,mujer,interino,centro E,28.0,17.293815467869102,8.3,3.0,sí
enfermería,planta,32.1,1483.016,6.0,1.9,21.0,sí,57.0,mujer,fijo,centro A,39.0,-16.165756534976644,21.4,3.0,sí
medicina,quirófano,35.5,1629.128,2.0,2.8,5.0,no,35.0,mujer,interino,centro C,63.0,-16.684498285817046,-99.0,0.0,no
enfermería,urgencias,44.0,1997.026,0.0,2.9,30.7,sí,52.0,mujer,interino,centro E,53.0,-14.941708617963396,12.8,0.0,no
enfermería,consultas,40.6,1887.28,0.0,2.8,1.9,sí,55.0,mujer,fijo,centro A,31.0,-1.5399791026164182,35.5,0.0,no
medicina,planta,38.2,1776.01,5.0,3.1,7.1,sí,32.0,hombre,eventual,centro E,66.0,-2.9214451136235073,12.3,1.0,sí
auxiliar,planta,27.4,1318.917,0.0,1.9,19.2,no,44.0,mujer,fijo,centro C,28.0,-17.58699227589244,16.6,1.0,sí
medicina,oncología,40.6,1890.537,4.0,3.0,36.7,sí,56.0,hombre,fijo,centro C,25.0,-1.850899696955672,10.8,2.0,no
auxiliar,uci,37.1,1705.926,4.0,3.3,3.9,sí,52.0,hombre,fijo,centro E,48.0,4.906706057674221,14.1,0.0,no
administración,planta,42.9,1927.511,2.0,3.8,14.4,sí,40.0,mujer,fijo,centro C,15.0,-1.407873524164039,6.8,0.0,no
administración,oncología,44.7,2091.783,3.0,2.9,16.8,sí,44.0,hombre,interino,centro D,13.0,0.8569973328040383,14.6,2.0,no
medicina,urgencias,37.3,1735.396,4.0,2.8,15.2,no,36.0,hombre,fijo,centro C,28.0,1.0990128630653224,43.2,3.0,no
enfermería,uci,46.7,2230.816,6.0,4.5,19.2,sí,37.0,mujer,fijo,centro C,19.0,22.018723882358277,23.9,1.0,sí
auxiliar,consultas,38.1,1707.62,2.0,3.7,12.3,sí,22.0,mujer,interino,centro D,62.0,5.476128307218502,7.4,0.0,sí
enfermería,planta,38.5,1772.756,4.0,3.8,6.6,no,48.0,mujer,fijo,centro D,27.0,-12.82742064238315,8.5,2.0,no
medicina,  consultas ,41.1,1837.626,6.0,4.3,29.7,no,44.0,mujer,interino,centro D,19.0,3.298718716324699,7.8,1.0,sí
enfermería,PLANTA,25.9,1201.125,1.0,4.2,4.5,sí,43.0,hombre,interino,centro D,13.0,-27.352259587794382,8.7,0.0,no
administración,quirófano,40.7,1869.012,6.0,4.7,9.0,sí,42.0,hombre,fijo,centro A,38.0,-4.104270164620587,43.6,1.0,sí
auxiliar,uci,36.8,1719.688,6.0,1.8,6.3,no,38.0,mujer,fijo,centro A,18.0,4.554843377039214,40.8,2.0,sí
enfermería,quirofano,37.0,1704.738,0.0,2.3,14.0,no,33.0,mujer,interino,centro B,12.0,-3.9247807867808113,18.5,1.0,sí
enfermería,uci,30.6,1399.229,2.0,3.3,2.2,no,33.0,mujer,fijo,centro B,23.0,-20.0399780955697,4.8,0.0,no
auxiliar,quirófano,37.8,1744.623,2.0,3.3,8.8,no,50.0,hombre,interino,centro B,19.0,9.75890148440077,23.7,0.0,no
auxiliar,quirofano,45.1,2051.863,1.0,3.8,13.2,sí,42.0,hombre,fijo,centro C,70.0,14.502720163263717,9.5,0.0,no
enfermería,consultas,38.0,1808.848,0.0,3.8,1.8,no,39.0,hombre,fijo,centro C,64.0,-14.19459724542331,22.3,0.0,sí
auxiliar,URGENCIAS,39.2,1770.267,0.0,3.1,7.3,sí,55.0,mujer,eventual,centro B,55.0,-11.933963970978958,22.2,0.0,no
medicina,consultas,29.5,1291.954,2.0,1.4,9.7,no,55.0,hombre,eventual,centro D,18.0,-28.086584498224976,68.4,0.0,sí
medicina,uci,33.7,1527.729,0.0,5.0,10.7,sí,40.0,hombre,interino,centro A,16.0,-23.22960165329931,4.3,0.0,no
medicina,consultas,29.8,1378.49,0.0,4.0,7.3,no,47.0,mujer,interino,centro A,112.0,-18.295280991904825,41.0,0.0,no
medicina,oncología,37.8,1718.273,2.0,2.8,12.5,sí,42.0,mujer,fijo,centro A,38.0,2.94363387455021,11.3,0.0,sí
administración,oncología,34.8,1609.516,0.0,4.9,7.2,sí,60.0,mujer,interino,centro A,11.0,5.281725162814876,7.8,2.0,sí
medicina,quirófano,37.1,1695.798,0.0,2.0,19.0,no,37.0,mujer,fijo,centro A,35.0,-10.615901635646956,37.9,2.0,sí
enfermería,consultas,32.1,1464.288,7.0,2.2,8.3,sí,35.0,mujer,fijo,centro A,43.0,-12.220860375807522,6.7,0.0,no
medicina,uci,43.7,2036.739,0.0,4.3,3.3,sí,37.0,mujer,N/D,centro D,7.0,0.8378895583584827,39.2,2.0,sí
celador,uci,39.9,1831.247,3.0,2.8,5.9,no,42.0,mujer,eventual,centro D,10.0,-10.786584887912117,13.2,2.0,no
enfermería,consultas,40.8,1910.322,1.0,3.5,6.0,sí,47.0,mujer,fijo,centro E,75.0,-1.600930974734438,18.1,2.0,no
medicina,consultas,37.2,1665.299,6.0,2.7,22.5,no,24.0,mujer,eventual,centro C,7.0,2.8462355576614584,3.3,0.0,no
administración,quirófano,38.7,1763.09,4.0,2.8,10.8,no,51.0,hombre,fijo,centro E,49.0,-19.607181583983813,3.8,2.0,sí
administración,URGENCIAS,28.5,1328.17,2.0,2.9,1.9,no,53.0,hombre,interino,centro E,22.0,-36.80531773331449,5.8,2.0,sí
enfermería,UCI,42.7,1981.202,1.0,3.9,4.9,sí,31.0,hombre,interino,centro B,2.0,5.2013790439773295,26.7,0.0,no
medicina,quirófano,32.6,1528.286,0.0,2.4,11.1,no,47.0,mujer,fijo,centro E,10.0,-0.1622989681674305,10.5,2.0,sí
administración,uci,32.4,1535.068,2.0,2.8,20.2,no,58.0,hombre,fijo,centro E,64.0,-24.240476416926377,8.4,1.0,no
enfermería,urgencias,37.8,1786.492,3.0,3.8,4.8,no,43.0,mujer,fijo,centro E,19.0,-22.688045011102826,9.8,0.0,sí
medicina,consultas,44.7,2058.565,0.0,3.7,8.5,no,35.0,mujer,fijo,centro A,22.0,2.8862368219014822,22.5,2.0,sí
enfermería,uci,52.8,2586.647,0.0,4.9,0.8,no,35.0,mujer,fijo,centro D,8.0,4.971129678498325,3.1,2.0,sí
enfermería,planta,30.4,1385.946,0.0,4.5,4.6,sí,41.0,mujer,interino,centro D,52.0,-29.89118929418966,23.6,1.0,no
auxiliar,planta,47.0,2187.984,4.0,3.3,8.7,sí,66.0,hombre,interino,centro B,5.0,22.250584805717306,27.1,2.0,sí
enfermería,planta,34.7,1561.935,0.0,3.4,1.7,no,22.0,hombre,interino,centro A,11.0,-22.012405864322034,23.2,0.0,sí
auxiliar,planta,29.2,1346.753,0.0,2.5,1.7,no,37.0,mujer,eventual,centro D,15.0,-24.096848885415135,17.7,0.0,sí
medicina,urgencias,43.7,2048.168,3.0,2.9,6.1,no,30.0,mujer,eventual,centro E,24.0,9.337242855443973,15.1,1.0,sí
auxiliar,  uci ,37.3,1728.838,3.0,1.8,6.2,no,43.0,mujer,interino,centro B,35.0,-12.613742092035189,97.8,0.0,no
auxiliar,planta,39.6,1864.363,5.0,5.0,14.3,no,46.0,mujer,eventual,centro C,21.0,-7.750290598668891,9.8,1.0,sí
medicina,planta,30.2,1420.133,4.0,3.0,12.0,sí,38.0,mujer,fijo,centro C,22.0,-27.609236628029826,1.9,2.0,sí
enfermería,consultas,35.9,1651.232,2.0,4.0,14.7,sí,49.0,mujer,eventual,centro C,7.0,-4.886862247651065,12.6,0.0,no
celador,quirofano,34.0,1576.933,0.0,4.1,10.8,no,47.0,mujer,fijo,centro C,19.0,-16.449320745466203,73.8,0.0,sí
administración,urgencias,30.1,1339.386,3.0,4.4,5.2,sí,50.0,hombre,fijo,centro D,10.0,-35.48898552051872,43.3,0.0,no
enfermería,planta,40.1,1846.8,5.0,2.2,7.5,sí,59.0,mujer,eventual,centro A,49.0,-2.897241521985439,3.9,1.0,no
medicina,quirofano,42.1,1910.327,2.0,3.4,22.1,no,46.0,mujer,interino,centro B,21.0,-7.692188494757372,8.0,2.0,sí
auxiliar,planta,36.7,1759.563,0.0,2.1,5.4,sí,36.0,hombre,interino,centro D,52.0,-23.544415396557376,4.3,0.0,no
auxiliar,oncología,47.8,2173.956,3.0,2.8,8.4,sí,46.0,mujer,fijo,centro B,18.0,27.884645016526246,25.9,1.0,no
medicina,  consultas ,24.3,1170.324,2.0,2.4,3.0,sí,35.0,mujer,fijo,centro D,61.0,-24.02849208012926,45.9,0.0,no
enfermería,planta,34.5,1616.341,0.0,4.1,5.3,sí,49.0,hombre,eventual,centro C,48.0,-39.6536796379025,24.3,0.0,sí
enfermería,  quirófano ,37.5,1728.071,2.0,4.4,10.2,sí,32.0,mujer,fijo,centro C,25.0,0.7790035484096087,5.6,0.0,sí
auxiliar,  consultas ,40.5,1917.604,7.0,4.9,13.6,sí,33.0,mujer,interino,centro A,49.0,-7.412871572816436,30.8,0.0,no
enfermería,  quirófano ,35.9,1633.465,3.0,1.9,4.8,no,48.0,mujer,fijo,centro B,6.0,-9.932714108966449,34.0,0.0,no
medicina,  planta ,24.0,1113.166,3.0,3.4,4.2,no,24.0,hombre,fijo,centro A,34.0,-50.39129268024449,34.1,3.0,no
medicina,planta,39.7,1871.74,1.0,2.7,2.2,no,46.0,mujer,eventual,centro E,30.0,-18.21410138932487,36.1,3.0,no
enfermería,uci,39.1,1727.932,4.0,2.7,4.9,sí,40.0,hombre,fijo,centro C,4.0,-1.0277171408101218,30.4,3.0,no
administración,planta,28.3,1295.795,0.0,3.8,17.7,no,36.0,mujer,eventual,centro B,26.0,-18.466366044657555,2.7,0.0,sí
auxiliar,quirófano,41.2,1895.987,4.0,1.8,3.3,no,22.0,mujer,interino,centro B,20.0,3.4806395588362893,4.5,0.0,sí
enfermería,consultas,46.3,2148.17,0.0,3.7,16.7,no,22.0,mujer,fijo,centro D,10.0,-10.491641818680124,9.3,2.0,no
enfermería,consultas,45.5,2108.211,0.0,3.5,0.7,no,46.0,mujer,interino,centro B,27.0,23.241291387448268,16.8,1.0,sí
enfermería,planta,45.0,2072.24,1.0,4.7,17.1,sí,33.0,hombre,fijo,centro D,10.0,-10.15699773995238,13.7,2.0,sí
celador,oncología,27.8,1281.856,0.0,3.2,5.2,no,48.0,mujer,fijo,centro B,11.0,-11.439628718781119,75.8,1.0,sí
enfermería,oncologia,41.6,1875.739,3.0,2.2,11.4,no,55.0,mujer,interino,centro A,49.0,-3.4515521348275593,5.5,0.0,no
auxiliar,urgencias,24.5,1096.454,4.0,3.4,4.0,sí,54.0,hombre,interino,centro B,28.0,-23.791412656454504,11.9,2.0,sí
medicina,URGENCIAS,40.7,1828.509,2.0,2.7,9.6,no,41.0,hombre,fijo,centro C,28.0,-7.4818972116821705,4.8,0.0,no
enfermería,planta,34.6,1552.297,4.0,3.8,6.1,no,33.0,hombre,fijo,centro E,25.0,-9.316447159347195,12.9,1.0,no
enfermería,urgencias,26.7,1163.356,5.0,4.7,7.6,no,46.0,hombre,fijo,centro B,43.0,-38.65447441350704,50.5,0.0,no
medicina,  planta ,38.4,1780.488,2.0,3.8,5.9,no,42.0,mujer,interino,centro A,131.0,-9.309577168663667,61.1,0.0,sí
enfermería,planta,32.6,1510.311,0.0,1.6,3.3,no,22.0,mujer,fijo,centro C,10.0,-9.737539335786963,7.4,0.0,sí
auxiliar,planta,39.6,1825.504,0.0,3.1,10.5,sí,46.0,mujer,eventual,centro A,5.0,-0.7900647959416709,25.3,2.0,sí
enfermería,consultas,31.9,1485.853,1.0,3.4,9.0,no,40.0,hombre,interino,centro A,53.0,-20.883614796048764,3.1,1.0,sí
enfermería,quirófano,40.3,1810.974,0.0,3.7,7.2,sí,34.0,mujer,fijo,centro D,6.0,-9.643165091236982,43.9,2.0,sí
enfermería,planta,31.5,1418.221,3.0,4.1,9.2,no,37.0,hombre,interino,centro D,30.0,-26.05512393476942,81.2,1.0,sí
enfermería,URGENCIAS,34.2,1565.403,3.0,4.3,24.0,no,22.0,mujer,interino,centro A,12.0,-29.128730670581934,16.7,0.0,sí
enfermería,quirófano,32.3,1423.248,0.0,4.0,7.6,no,49.0,mujer,interino,centro B,39.0,-2.5034026391633475,5.2,0.0,sí
administración,planta,44.7,2047.252,5.0,3.4,3.5,no,40.0,mujer,eventual,centro E,85.0,7.048908159768104,23.0,0.0,no
medicina,planta,45.9,2159.518,5.0,3.9,13.1,sí,38.0,mujer,fijo,centro D,14.0,28.665239977863607,26.8,2.0,sí
auxiliar,planta,43.4,1998.711,3.0,3.8,1.4,no,41.0,hombre,fijo,centro C,25.0,8.190342121445955,14.4,0.0,sí
auxiliar,urgencias,30.5,1387.177,2.0,2.8,2.2,no,40.0,hombre,fijo,centro C,75.0,-4.631211598495888,13.7,0.0,sí
medicina,PLANTA,48.0,2137.584,3.0,2.7,6.6,sí,46.0,mujer,fijo,centro D,58.0,18.445238599985057,6.3,2.0,no
celador,urgencias,39.3,1763.791,6.0,4.0,21.0,no,35.0,mujer,fijo,centro C,43.0,-23.9307404094869,7.3,2.0,no
administración,planta,42.0,1962.463,0.0,3.4,15.8,no,34.0,hombre,N/D,centro B,41.0,0.02313854168863827,25.8,1.0,sí
auxiliar,planta,38.1,1728.69,1.0,2.7,4.2,no,45.0,mujer,fijo,centro D,5.0,-14.448904852260725,7.0,0.0,sí
auxiliar,planta,31.1,1466.532,3.0,1.4,27.1,no,56.0,mujer,interino,centro B,53.0,-15.952939316979792,25.3,2.0,no
enfermería,consultas,33.6,1570.707,0.0,2.5,10.5,no,43.0,mujer,fijo,centro C,17.0,3.178143914097003,5.0,2.0,no
enfermería,urgencias,46.9,2093.477,0.0,2.7,12.5,no,35.0,mujer,eventual,centro C,25.0,-4.930251316380264,9.8,0.0,sí
medicina,uci,41.9,1926.585,1.0,4.7,5.2,sí,38.0,mujer,N/D,centro C,42.0,-6.436106785516629,68.2,2.0,sí
enfermería,CONSULTAS,33.8,1556.763,3.0,2.5,8.4,sí,60.0,hombre,fijo,centro D,33.0,-11.924549787897192,86.7,2.0,no
enfermería,  oncología ,32.4,1447.571,0.0,2.9,3.2,sí,34.0,hombre,fijo,centro D,11.0,-7.350807796534938,7.5,0.0,sí
enfermería,quirófano,42.6,1955.903,1.0,2.5,30.5,no,22.0,mujer,fijo,centro D,19.0,-5.555530958155845,9.9,0.0,no
enfermería,oncología,48.3,2189.381,1.0,3.8,14.7,sí,28.0,mujer,fijo,centro A,51.0,9.226039555225807,19.3,2.0,no
auxiliar,CONSULTAS,33.1,1509.308,1.0,3.5,5.8,no,35.0,mujer,fijo,centro E,16.0,-3.2266953002182035,-99.0,4.0,no
enfermería,PLANTA,26.9,1219.32,0.0,2.5,2.9,sí,50.0,mujer,interino,centro B,19.0,-8.968685974457134,71.8,2.0,sí
administración,urgencias,35.1,1582.082,0.0,3.4,19.7,sí,28.0,mujer,eventual,centro C,62.0,-32.034708019790536,16.2,0.0,sí
auxiliar,oncología,42.4,1944.067,1.0,3.9,4.5,no,46.0,hombre,fijo,centro C,31.0,-4.507377816757516,18.5,2.0,sí
administración,consultas,35.9,1597.135,0.0,2.6,7.9,no,48.0,mujer,fijo,centro E,23.0,-0.18978765996592983,13.0,2.0,no
medicina,quirófano,44.5,2093.535,2.0,4.1,31.1,no,48.0,hombre,fijo,centro E,114.0,-2.012957877265581,34.1,1.0,sí
administración,planta,40.1,1831.818,0.0,5.0,16.4,sí,26.0,hombre,interino,centro E,18.0,-16.845349256695204,12.8,0.0,no
administración,  urgencias ,35.6,1625.503,3.0,2.1,9.5,no,56.0,mujer,eventual,centro B,24.0,-10.028864662604821,31.7,0.0,no
medicina,  oncología ,31.3,1395.789,1.0,5.0,1.3,no,40.0,mujer,fijo,centro A,80.0,-13.114171564643552,6.1,0.0,no
enfermería,planta,37.6,1671.507,2.0,3.9,6.7,sí,41.0,mujer,interino,centro C,25.0,3.0189838108802487,63.1,1.0,sí
enfermería,urgencias,42.5,1946.29,0.0,2.0,11.2,sí,23.0,mujer,eventual,centro B,6.0,-6.471512861973601,3.5,0.0,no
medicina,urgencias,33.5,1582.428,0.0,2.5,7.4,no,40.0,mujer,fijo,centro C,8.0,-12.606801545578843,6.3,0.0,sí
enfermería,consultas,28.2,1235.706,3.0,2.0,15.2,no,48.0,mujer,eventual,centro C,27.0,-38.90697235531253,46.4,0.0,sí
enfermería,oncologia,34.7,1628.58,2.0,3.5,14.1,no,39.0,mujer,fijo,centro D,14.0,-9.851159603862914,-99.0,1.0,no
celador,planta,40.6,1838.988,1.0,2.5,14.5,no,44.0,mujer,fijo,centro D,6.0,-10.24331994085008,62.5,4.0,no
administración,consultas,31.5,1410.992,2.0,2.8,4.9,no,48.0,hombre,fijo,centro C,27.0,-28.67527133009403,29.3,0.0,no
administración,quirófano,35.9,1674.686,4.0,2.0,8.1,sí,44.0,hombre,fijo,centro C,12.0,-1.7773165709371712,3.7,2.0,sí
enfermería,consultas,39.6,1773.265,6.0,5.0,3.0,no,61.0,mujer,fijo,centro C,30.0,17.116409205545196,19.5,2.0,no
auxiliar,oncología,31.3,1447.902,0.0,3.3,3.9,sí,31.0,mujer,eventual,centro E,7.0,-13.648682513879868,9.7,1.0,sí
enfermería,urgencias,29.6,1340.073,0.0,4.1,4.1,no,44.0,hombre,fijo,centro D,16.0,-32.96029445928082,12.7,0.0,sí
auxiliar,planta,40.4,1866.78,1.0,1.9,9.1,no,32.0,mujer,fijo,centro A,42.0,2.5607948081419147,70.3,0.0,no
administración,  uci ,31.7,1457.567,0.0,1.2,6.2,sí,43.0,mujer,interino,centro D,94.0,-3.36132239659298,38.5,2.0,sí
enfermería,consultas,42.6,1954.043,3.0,3.8,6.7,no,37.0,mujer,fijo,centro A,34.0,-10.336533505518432,39.4,1.0,no
enfermería,urgencias,39.2,1783.834,4.0,4.0,4.1,no,41.0,mujer,fijo,centro A,49.0,-9.034893122542538,13.0,2.0,sí
medicina,quirófano,58.9,2751.111,5.0,4.2,2.9,no,48.0,mujer,fijo,centro D,34.0,79.7275410328742,5.1,1.0,sí
auxiliar,urgencias,39.7,1843.721,0.0,2.9,4.1,no,50.0,mujer,eventual,centro E,15.0,-22.43626512871191,18.1,2.0,no
auxiliar,  planta ,36.5,1653.601,2.0,2.7,6.8,sí,54.0,hombre,fijo,centro D,33.0,-19.06942737957328,13.1,1.0,sí
administración,urgencias,42.1,1967.362,0.0,4.4,1.2,no,36.0,mujer,interino,centro D,41.0,9.02023091937212,19.0,1.0,sí
enfermería,uci,36.1,1689.404,4.0,2.7,6.1,sí,27.0,mujer,eventual,centro C,84.0,-19.80727362895437,6.9,0.0,sí
medicina,oncología,39.3,1839.875,2.0,3.2,0.9,no,33.0,mujer,interino,centro E,20.0,-5.684081123736944,17.8,2.0,no
auxiliar,uci,48.1,2191.944,0.0,5.0,20.9,no,52.0,mujer,fijo,centro E,57.0,-2.5665569116148523,4.0,2.0,sí
enfermería,consultas,39.1,1769.193,1.0,2.6,4.2,no,52.0,mujer,fijo,centro B,26.0,-16.69402257189569,23.1,0.0,sí
auxiliar,planta,34.9,1640.596,3.0,3.5,4.6,sí,52.0,mujer,eventual,centro B,25.0,-18.115100577354482,16.0,1.0,no
medicina,uci,27.0,1282.8,2.0,4.1,8.9,no,44.0,mujer,N/D,centro A,11.0,-26.004798035282686,1.7,1.0,sí
enfermería,uci,47.3,2171.92,2.0,3.4,8.4,no,49.0,mujer,interino,centro A,19.0,10.34121647831186,19.4,4.0,no
auxiliar,planta,41.2,1904.951,0.0,2.3,11.6,no,36.0,hombre,interino,centro C,64.0,-5.705217050320095,15.6,2.0,no
celador,planta,38.4,1783.703,1.0,2.7,8.3,sí,42.0,hombre,fijo,centro D,54.0,-8.159489323226143,36.3,2.0,no
auxiliar,urgencias,41.3,1865.933,1.0,3.8,7.5,no,44.0,hombre,interino,centro D,15.0,-15.596509676816908,6.3,1.0,sí
medicina,urgencias,37.7,1752.332,2.0,3.2,22.3,no,61.0,mujer,fijo,centro D,26.0,-13.162289490878912,-99.0,0.0,sí
auxiliar,oncologia,25.5,1146.845,3.0,3.2,1.6,no,48.0,mujer,fijo,centro A,22.0,-30.728603045498215,9.0,0.0,sí
medicina,uci,46.6,2128.782,0.0,3.3,19.9,no,38.0,hombre,fijo,centro A,13.0,4.458196754156209,15.6,0.0,no
medicina,consultas,39.1,1692.081,1.0,2.9,14.5,no,48.0,hombre,fijo,centro B,11.0,-21.607500264442013,4.0,4.0,sí
auxiliar,quirófano,34.9,1594.356,5.0,3.0,4.0,no,29.0,mujer,fijo,centro B,54.0,-21.260491715911616,26.2,0.0,sí
medicina,consultas,48.8,2233.46,1.0,4.0,16.6,sí,44.0,mujer,interino,centro C,75.0,10.426290740338281,3.6,0.0,no
medicina,planta,38.3,1727.029,1.0,3.8,1.7,no,52.0,mujer,fijo,centro E,11.0,-4.033216551912884,8.9,0.0,sí
enfermería,quirófano,39.5,1856.589,2.0,5.0,11.2,no,45.0,mujer,eventual,centro A,12.0,-18.59761250381377,4.4,0.0,sí
medicina,planta,46.7,2104.154,4.0,4.3,9.1,sí,49.0,mujer,fijo,centro B,66.0,4.460011999314576,24.9,0.0,sí
administración,quirófano,41.9,1907.617,3.0,2.1,8.2,no,30.0,mujer,interino,centro C,23.0,9.19643427973817,2.9,1.0,no
enfermería,quirófano,44.5,2029.535,1.0,3.9,14.1,no,38.0,mujer,eventual,centro D,54.0,4.188044690602817,29.9,0.0,no
administración,urgencias,24.7,1120.746,4.0,4.5,3.1,sí,54.0,mujer,interino,centro E,32.0,-36.540908183471274,7.3,0.0,no
enfermería,consultas,39.2,1825.913,5.0,5.0,14.4,sí,43.0,mujer,fijo,centro D,24.0,-2.8262898632440234,6.4,0.0,sí
enfermería,planta,34.1,1499.472,5.0,3.0,1.4,no,22.0,mujer,fijo,centro B,49.0,-8.42810863733511,11.0,0.0,no
enfermería,urgencias,37.7,1693.369,4.0,2.7,1.8,no,37.0,hombre,interino,centro B,48.0,13.746390507728224,18.9,0.0,no
medicina,planta,30.3,1392.001,0.0,2.5,17.1,no,44.0,mujer,interino,centro A,38.0,-16.93763195751611,-99.0,0.0,no
enfermería,  planta ,46.8,2208.624,4.0,2.5,26.9,no,35.0,mujer,fijo,centro B,58.0,16.063023864211452,22.4,0.0,no
medicina,urgencias,41.6,1928.343,7.0,4.3,3.3,sí,40.0,mujer,fijo,centro A,6.0,6.139636378276275,3.7,1.0,sí
celador,consultas,40.8,1950.425,0.0,2.9,6.1,sí,37.0,mujer,fijo,centro E,55.0,-12.843291087082168,11.7,0.0,no
administración,urgencias,26.3,1195.789,5.0,2.5,5.7,no,55.0,hombre,fijo,centro A,45.0,-28.787478015596598,12.6,0.0,no
enfermería,urgencias,35.8,1671.784,0.0,3.7,9.4,no,26.0,mujer,interino,centro D,21.0,-19.856944260311856,5.4,0.0,no
medicina,planta,42.6,1986.12,0.0,2.4,1.5,no,38.0,mujer,fijo,centro C,21.0,-9.9723608130966,16.2,3.0,sí
auxiliar,ONCOLOGÍA,34.4,1551.318,0.0,3.7,10.7,sí,45.0,mujer,fijo,centro D,16.0,-15.195634232402561,15.1,0.0,no
auxiliar,planta,31.9,1491.637,0.0,3.9,9.7,sí,39.0,mujer,interino,centro D,62.0,-22.092987184540377,96.8,1.0,sí
enfermería,  uci ,50.7,2361.275,7.0,2.2,1.8,sí,42.0,hombre,interino,centro A,17.0,44.64511177248375,23.5,3.0,no
administración,oncología,30.6,1412.108,2.0,4.6,15.5,no,28.0,mujer,interino,centro D,131.0,-10.112423866170971,15.2,2.0,no
auxiliar,planta,35.1,1631.317,0.0,4.7,12.3,no,47.0,hombre,fijo,centro C,30.0,-29.321771462085607,20.9,0.0,no
medicina,consultas,44.7,2031.914,0.0,2.6,31.7,sí,58.0,mujer,fijo,centro E,46.0,-1.2168115330478255,1.7,4.0,no
medicina,ONCOLOGÍA,38.0,1672.223,0.0,2.7,10.5,no,26.0,mujer,fijo,centro A,63.0,-9.866728842760864,14.2,1.0,sí
auxiliar,consultas,43.5,1992.169,2.0,2.9,4.0,no,44.0,mujer,fijo,centro A,18.0,8.384083485429263,17.0,0.0,sí
enfermería,uci,44.2,2020.531,1.0,2.3,2.9,no,53.0,mujer,fijo,centro B,10.0,9.688779678794738,1.7,1.0,sí
medicina,urgencias,39.5,1803.397,0.0,3.4,19.9,no,35.0,hombre,interino,centro E,38.0,-20.4023747147575,-99.0,0.0,sí
auxiliar,uci,29.3,1365.018,0.0,3.4,7.9,no,22.0,mujer,eventual,centro C,33.0,-2.7030411869709674,11.6,1.0,no
administración,PLANTA,39.8,1831.169,4.0,1.6,5.3,no,53.0,mujer,interino,centro C,17.0,-7.858165927895866,13.4,0.0,sí
medicina,planta,43.3,1942.268,5.0,2.3,16.8,no,53.0,mujer,eventual,centro E,25.0,26.308150777748786,29.3,0.0,no
enfermería,planta,45.3,2057.64,2.0,3.9,2.7,no,40.0,mujer,fijo,centro C,22.0,7.766718714030562,30.7,0.0,no
administración,planta,41.4,1921.355,2.0,3.0,14.3,sí,49.0,hombre,interino,centro A,11.0,-0.06309485199962639,8.0,1.0,no
administración,planta,44.7,2108.181,5.0,3.6,11.2,sí,39.0,hombre,fijo,centro D,38.0,9.019312564903476,11.8,3.0,no
administración,consultas,47.7,2077.911,6.0,2.8,8.0,sí,37.0,mujer,fijo,centro E,49.0,32.23489542533634,35.0,2.0,sí
administración,planta,36.4,1643.563,4.0,4.6,3.2,no,56.0,mujer,eventual,centro C,33.0,-28.47846602350743,33.5,0.0,sí
medicina,quirófano,32.9,1538.705,3.0,4.6,3.7,no,52.0,mujer,fijo,centro B,38.0,-32.00062463499926,8.9,2.0,no
medicina,urgencias,44.9,2064.235,3.0,4.7,6.9,no,24.0,mujer,eventual,centro B,29.0,20.185605777766618,39.8,2.0,sí
enfermería,planta,39.1,1809.307,3.0,5.0,7.1,sí,32.0,mujer,N/D,centro A,31.0,-18.154509549109743,62.2,0.0,sí
medicina,urgencias,31.0,1426.284,4.0,3.0,7.4,sí,46.0,mujer,fijo,centro E,32.0,-2.1737168922139674,190.4,2.0,sí
auxiliar,quirófano,31.0,1441.904,3.0,3.8,10.4,sí,49.0,mujer,interino,centro B,79.0,-25.399492167498984,4.1,1.0,sí
auxiliar,consultas,30.6,1379.573,0.0,2.5,3.9,no,52.0,mujer,fijo,centro C,68.0,-24.65546110328453,30.2,0.0,sí
auxiliar,uci,37.6,1704.417,4.0,2.4,11.1,no,53.0,mujer,interino,centro E,45.0,-17.02261152752996,7.5,0.0,no
medicina,consultas,30.5,1377.81,1.0,5.0,2.3,no,38.0,mujer,interino,centro B,13.0,-17.306140520722067,11.5,1.0,sí
celador,planta,51.1,2371.765,2.0,3.1,2.2,no,44.0,mujer,eventual,centro B,26.0,39.30860182884951,66.8,2.0,sí
medicina,quirófano,38.1,1752.384,0.0,2.7,13.3,no,41.0,mujer,fijo,centro E,21.0,-16.62266780095222,3.6,3.0,no
enfermería,uci,36.7,1686.551,0.0,2.4,1.5,sí,25.0,hombre,fijo,centro A,9.0,-6.3771104242949015,13.9,1.0,no
enfermería,uci,35.0,1616.548,2.0,4.3,5.5,no,47.0,mujer,fijo,centro D,48.0,-20.95488456448496,7.8,0.0,no
celador,urgencias,37.3,1737.815,0.0,1.9,16.5,sí,52.0,mujer,fijo,centro A,26.0,-15.91947642356071,5.8,0.0,no
auxiliar,CONSULTAS,49.3,2151.728,0.0,2.5,8.0,sí,41.0,mujer,fijo,centro C,57.0,16.827718849559965,3.9,1.0,no
enfermería,quirofano,39.8,1776.766,2.0,3.6,15.3,sí,53.0,mujer,interino,centro E,16.0,-11.404173346462166,-99.0,2.0,sí
medicina,oncología,38.7,1723.018,4.0,1.1,1.6,sí,52.0,hombre,interino,centro D,53.0,21.523873115375885,12.0,2.0,sí
auxiliar,urgencias,39.1,1838.554,2.0,2.8,8.9,sí,47.0,mujer,interino,centro A,32.0,0.8435156791229259,31.3,2.0,no
celador,  oncología ,42.2,1955.146,1.0,2.2,16.3,no,34.0,hombre,fijo,centro C,36.0,-1.5619951236596359,-99.0,0.0,no
celador,  oncología ,45.9,2109.373,4.0,3.5,2.5,no,40.0,mujer,eventual,centro D,91.0,3.4230185728830023,29.0,0.0,no
medicina,quirófano,32.0,1481.436,3.0,2.1,20.3,sí,51.0,mujer,eventual,centro C,40.0,-15.165209186535733,32.4,0.0,sí
enfermería,consultas,30.9,1416.859,2.0,2.3,11.2,sí,22.0,mujer,interino,centro D,19.0,-5.823116818774382,9.1,2.0,no
administración,quirófano,36.9,1663.75,0.0,3.6,8.7,no,46.0,mujer,fijo,centro B,35.0,-4.151942584264935,3.0,0.0,no
enfermería,urgencias,48.8,2249.231,0.0,4.1,1.7,sí,32.0,mujer,interino,centro D,15.0,17.02015484614489,10.8,1.0,sí
enfermería,uci,39.2,1775.796,3.0,3.6,14.1,no,51.0,mujer,eventual,centro A,6.0,-4.5052629099173025,7.6,0.0,sí
medicina,  urgencias ,37.1,1671.176,0.0,4.9,6.2,no,32.0,mujer,interino,centro C,32.0,-19.57616627353513,55.2,2.0,sí
medicina,  urgencias ,27.8,1282.738,3.0,2.3,8.3,no,31.0,mujer,N/D,centro A,22.0,-22.120949267550735,50.0,2.0,no
administración,planta,37.0,1710.675,2.0,3.0,2.1,sí,29.0,mujer,interino,centro E,5.0,8.332039181388138,22.7,2.0,sí
enfermería,  quirófano ,41.3,1866.358,5.0,2.9,6.8,sí,46.0,hombre,eventual,centro D,11.0,24.1480381083106,7.3,1.0,no
celador,planta,42.3,1859.781,1.0,2.8,1.8,no,44.0,mujer,eventual,centro D,58.0,6.634093960645247,72.8,1.0,no
enfermería,urgencias,49.1,2090.748,7.0,3.6,10.8,no,62.0,mujer,fijo,centro D,104.0,41.947672984974865,46.2,2.0,sí
auxiliar,planta,29.4,1357.484,0.0,1.1,4.3,sí,62.0,mujer,fijo,centro A,50.0,-26.433325780693476,15.1,3.0,no
enfermería,PLANTA,48.3,2179.476,0.0,3.0,24.1,sí,52.0,mujer,fijo,centro B,23.0,14.156503411530561,2.9,0.0,sí
enfermería,oncología,38.9,1791.04,0.0,2.2,12.0,no,22.0,mujer,fijo,centro E,7.0,2.043318475519838,53.2,0.0,sí
celador,uci,50.0,2353.29,1.0,4.6,13.2,no,27.0,mujer,fijo,centro B,30.0,16.2015784545897,7.3,0.0,no
auxiliar,planta,29.7,1392.186,1.0,2.6,9.3,no,55.0,mujer,interino,centro D,70.0,-13.22295564821393,22.3,0.0,no
auxiliar,quirófano,31.0,1406.314,4.0,4.1,12.1,sí,45.0,mujer,fijo,centro C,59.0,-44.74522831538668,21.1,0.0,no
auxiliar,consultas,32.2,1497.232,4.0,1.8,3.0,no,50.0,hombre,fijo,centro B,9.0,-21.010611635406654,23.1,1.0,no
auxiliar,URGENCIAS,28.0,1311.62,1.0,3.5,2.5,no,39.0,mujer,eventual,centro D,44.0,-24.523196352132743,9.7,1.0,no
auxiliar,planta,30.2,1350.648,2.0,3.3,25.9,sí,31.0,mujer,interino,centro B,45.0,-21.137478167496567,38.3,2.0,sí
administración,consultas,46.8,2126.179,0.0,4.0,9.6,no,26.0,hombre,fijo,centro B,4.0,-5.579718834426855,21.3,2.0,sí
medicina,urgencias,35.5,1645.564,0.0,3.9,10.1,no,41.0,hombre,N/D,centro A,11.0,-27.046202642407522,7.6,2.0,sí
enfermería,quirófano,34.3,1649.608,2.0,2.3,4.8,no,49.0,mujer,N/D,centro A,22.0,-2.346261649623411,13.0,2.0,sí
auxiliar,planta,33.2,1532.717,0.0,2.4,18.3,sí,35.0,mujer,interino,centro C,9.0,-22.459103261155423,3.8,1.0,sí
medicina,QUIRÓFANO,36.2,1613.535,2.0,4.6,20.4,sí,43.0,mujer,interino,centro B,9.0,-21.890349207306045,26.6,0.0,no
enfermería,urgencias,41.9,1934.657,2.0,5.0,15.4,sí,47.0,mujer,fijo,centro D,9.0,2.8899908843252944,68.7,1.0,sí
enfermería,urgencias,37.7,1741.449,3.0,4.7,7.2,sí,31.0,hombre,fijo,centro A,56.0,-15.355787852657905,2.5,0.0,sí
administración,consultas,38.5,1760.15,3.0,3.7,9.9,no,44.0,mujer,interino,centro C,70.0,-4.817022032789183,58.7,0.0,sí
administración,oncología,35.0,1611.546,4.0,3.1,9.9,no,37.0,mujer,interino,centro D,97.0,-16.097415288460382,68.7,4.0,sí
administración,quirófano,41.4,1916.436,4.0,4.9,34.5,no,30.0,mujer,interino,centro E,51.0,0.5606184342152929,3.8,2.0,no
medicina,uci,50.2,2327.24,4.0,4.3,6.6,sí,26.0,mujer,interino,centro C,67.0,43.35265090902693,12.6,2.0,sí
administración,consultas,46.1,2123.553,0.0,3.9,4.1,no,48.0,hombre,interino,centro A,5.0,2.6471340087304007,9.6,0.0,no
enfermería,urgencias,45.2,2057.156,0.0,3.6,2.9,sí,55.0,hombre,interino,centro B,7.0,-5.606356548195477,11.6,0.0,sí
enfermería,quirófano,45.7,2098.722,0.0,3.7,19.3,sí,43.0,mujer,fijo,centro D,34.0,-5.40517871318036,17.6,3.0,no
medicina,quirofano,43.4,2008.955,0.0,4.3,14.5,sí,48.0,mujer,fijo,centro C,28.0,1.4388275440690679,15.7,1.0,sí
administración,consultas,42.4,1928.239,6.0,2.7,3.4,sí,41.0,mujer,fijo,centro A,54.0,14.544734818752598,6.5,2.0,no
enfermería,planta,34.8,1596.206,1.0,4.1,2.8,no,47.0,mujer,fijo,centro E,20.0,-11.402744566202735,25.3,0.0,no
enfermería,planta,30.7,1421.081,4.0,4.2,10.5,no,43.0,hombre,eventual,centro C,27.0,-35.43888249277038,28.7,1.0,sí
auxiliar,uci,29.7,1350.531,3.0,3.1,2.9,no,35.0,hombre,fijo,centro B,20.0,-31.787203007188225,35.9,3.0,no
administración,consultas,48.4,2198.811,2.0,2.2,14.8,sí,46.0,mujer,eventual,centro C,38.0,24.211289788611396,11.1,0.0,no
administración,planta,35.6,1588.194,0.0,2.9,6.4,sí,39.0,mujer,fijo,centro C,48.0,-19.8541037250315,17.1,2.0,sí
medicina,planta,42.4,1968.521,5.0,4.5,0.5,sí,35.0,hombre,fijo,centro B,49.0,-0.9787773557231372,17.6,0.0,no
enfermería,planta,35.4,1653.142,0.0,2.3,7.6,no,40.0,mujer,fijo,centro B,16.0,-11.162805692991881,22.3,2.0,no
enfermería,quirófano,46.9,2171.537,3.0,2.0,18.1,sí,46.0,hombre,interino,centro B,62.0,23.085376865822866,11.4,2.0,no
enfermería,planta,29.7,1369.52,4.0,3.7,8.1,no,39.0,hombre,fijo,centro D,33.0,-15.627652876175972,5.5,0.0,no
celador,urgencias,42.0,1982.33,1.0,3.6,8.1,no,38.0,hombre,interino,centro B,19.0,-0.13649448105549045,10.0,3.0,no
auxiliar,planta,37.1,1683.61,0.0,2.4,7.6,sí,59.0,hombre,interino,centro A,13.0,-17.145330860212752,-99.0,0.0,no
administración,consultas,37.2,1697.905,1.0,3.0,20.7,no,35.0,hombre,fijo,centro B,23.0,-18.439906337934435,57.0,0.0,sí
enfermería,quirofano,30.4,1399.123,5.0,4.7,2.5,sí,44.0,mujer,interino,centro D,21.0,-31.93358607162719,10.4,3.0,sí
administración,planta,41.1,1900.28,5.0,3.3,23.1,no,56.0,mujer,eventual,centro E,29.0,-7.5802717774628245,19.8,1.0,sí
administración,uci,51.2,2363.087,0.0,4.6,2.9,no,44.0,mujer,fijo,centro C,30.0,3.8392728417579542,5.4,2.0,sí
enfermería,consultas,48.6,2163.08,3.0,2.7,4.9,no,58.0,mujer,fijo,centro E,12.0,24.023550708478112,16.9,1.0,sí
medicina,urgencias,28.5,1292.394,0.0,2.3,7.3,no,56.0,hombre,interino,centro C,17.0,-24.334573977668477,11.3,1.0,sí
enfermería,ONCOLOGÍA,54.3,2433.472,0.0,3.8,3.8,sí,49.0,hombre,interino,centro C,12.0,19.836662347389115,3.0,1.0,no
enfermería,oncología,42.1,1918.888,0.0,4.1,10.0,no,45.0,mujer,interino,centro C,65.0,-16.523486781670844,7.2,0.0,no
medicina,oncología,27.5,1299.792,4.0,3.2,20.0,no,37.0,mujer,fijo,centro D,110.0,-45.64021591145119,37.4,1.0,sí
enfermería,oncología,37.1,1710.587,4.0,2.3,9.0,no,44.0,mujer,fijo,centro A,8.0,1.2857470384681662,6.3,0.0,no
administración,consultas,43.5,1971.707,0.0,3.6,4.8,sí,25.0,hombre,fijo,centro D,48.0,-10.137262431738868,4.6,0.0,no
auxiliar,planta,35.9,1643.176,4.0,2.6,5.4,no,41.0,mujer,interino,centro C,48.0,-6.081782343245824,7.4,4.0,sí
enfermería,consultas,30.8,1400.809,0.0,4.6,1.4,sí,60.0,hombre,interino,centro E,27.0,-8.08881011294096,8.2,0.0,sí
administración,planta,39.6,1817.321,4.0,2.4,4.6,no,32.0,hombre,fijo,centro D,5.0,15.10697468683056,16.3,1.0,sí
enfermería,uci,32.8,1524.976,1.0,3.2,5.2,sí,36.0,hombre,interino,centro C,22.0,-13.089498016431968,7.1,1.0,sí
administración,planta,50.3,2301.128,0.0,3.9,12.5,sí,41.0,mujer,interino,centro C,19.0,4.547372109724294,36.1,0.0,sí
administración,planta,39.4,1809.994,2.0,2.5,27.1,sí,24.0,mujer,fijo,centro E,48.0,-10.098612069667523,9.6,1.0,no
medicina,urgencias,32.4,1522.881,1.0,3.1,4.1,no,39.0,mujer,fijo,centro D,37.0,-23.071856096936692,13.7,1.0,no
auxiliar,planta,39.7,1794.187,2.0,4.2,9.0,no,41.0,mujer,fijo,centro E,35.0,4.383513785586544,19.2,0.0,sí
enfermería,urgencias,24.2,1137.244,3.0,3.3,5.1,sí,45.0,mujer,interino,centro D,7.0,-12.893070875832978,82.6,0.0,sí
enfermería,urgencias,36.1,1583.762,5.0,2.8,10.4,sí,51.0,mujer,fijo,centro C,22.0,-13.322603421410669,3.3,0.0,sí
enfermería,oncología,45.5,2082.879,0.0,3.2,3.2,sí,48.0,mujer,interino,centro C,11.0,21.703560494746313,64.6,1.0,no
auxiliar,  urgencias ,39.2,1853.308,1.0,4.2,10.9,sí,40.0,hombre,fijo,centro A,35.0,-7.056272066517195,10.1,0.0,no
enfermería,  oncología ,47.2,2105.396,2.0,2.9,5.4,sí,49.0,mujer,fijo,centro C,27.0,27.823201195361285,4.1,0.0,sí
enfermería,quirofano,57.3,2638.255,1.0,2.4,8.1,no,26.0,mujer,interino,centro B,38.0,15.084944659972365,5.8,0.0,no
administración,consultas,40.9,1832.299,4.0,4.0,23.8,no,26.0,hombre,interino,centro A,79.0,-7.166267704012433,19.0,0.0,no
administración,planta,50.3,2329.711,3.0,3.7,21.6,sí,49.0,mujer,eventual,centro D,20.0,22.986449635095298,4.4,1.0,no
enfermería,consultas,25.5,1196.029,4.0,3.4,5.0,no,37.0,mujer,fijo,centro D,35.0,-47.20571555648997,3.0,1.0,no
administración,  consultas ,41.7,1913.844,0.0,3.1,12.2,no,45.0,mujer,fijo,centro E,17.0,0.8855945752763876,11.5,2.0,no
auxiliar,quirófano,32.5,1506.245,3.0,3.0,5.2,sí,55.0,hombre,interino,centro E,27.0,-39.56848147995235,16.2,1.0,sí
enfermería,uci,34.8,1586.807,0.0,3.6,6.4,sí,25.0,mujer,N/D,centro E,16.0,-14.8452995378582,48.3,1.0,sí
administración,quirófano,39.2,1819.879,2.0,3.5,25.2,no,65.0,mujer,fijo,centro C,43.0,-9.116956394504022,2.9,0.0,no
enfermería,oncología,33.4,1547.517,0.0,4.1,9.0,sí,35.0,mujer,fijo,centro A,48.0,-27.586590088311304,9.7,2.0,no
medicina,urgencias,30.2,1391.538,4.0,2.3,26.2,no,29.0,mujer,fijo,centro E,25.0,-41.77197733980627,6.5,2.0,sí
administración,uci,46.7,2146.089,1.0,3.2,3.0,no,24.0,mujer,eventual,centro C,44.0,-11.482878374620299,12.4,0.0,sí
medicina,oncología,28.7,1299.318,0.0,4.4,5.5,no,42.0,mujer,fijo,centro E,64.0,-30.945057135409854,1.1,0.0,sí
medicina,urgencias,36.6,1658.308,1.0,3.2,13.9,sí,45.0,hombre,fijo,centro B,48.0,-23.020361195524984,24.9,2.0,sí
medicina,planta,35.8,1689.401,0.0,4.2,10.3,no,38.0,mujer,fijo,centro D,57.0,-32.53947411075369,25.5,3.0,sí
administración,planta,42.9,2005.201,2.0,3.6,5.4,sí,50.0,mujer,interino,centro A,12.0,7.648880517791447,41.9,1.0,no
medicina,oncologia,35.7,1581.164,0.0,4.4,17.2,no,45.0,mujer,fijo,centro E,9.0,-17.46439277923319,-99.0,1.0,no
auxiliar,uci,41.3,1899.539,4.0,4.3,12.6,sí,56.0,mujer,fijo,centro B,20.0,13.373520638885697,17.0,0.0,no
medicina,planta,29.3,1356.216,5.0,2.3,3.8,no,31.0,mujer,fijo,centro B,9.0,-26.69582039106954,17.7,2.0,no
auxiliar,urgencias,38.6,1791.415,6.0,2.5,24.2,sí,47.0,mujer,interino,centro C,29.0,7.685820247149179,34.2,1.0,no
enfermería,oncología,36.9,1721.202,1.0,2.3,13.4,sí,27.0,hombre,fijo,centro B,6.0,-0.5205430811317147,2.2,1.0,sí
enfermería,consultas,39.4,1777.577,2.0,3.5,6.3,no,40.0,mujer,eventual,centro C,45.0,-12.723105463071011,13.8,1.0,no
auxiliar,consultas,48.0,2179.245,4.0,4.2,17.4,no,32.0,mujer,fijo,centro A,8.0,30.6482620501354,10.5,1.0,no
enfermería,ONCOLOGÍA,33.8,1531.598,2.0,3.8,26.1,no,50.0,mujer,eventual,centro C,44.0,-13.436160882009688,7.7,1.0,sí
auxiliar,consultas,35.3,1640.456,4.0,3.0,6.2,no,33.0,hombre,fijo,centro B,40.0,-16.84535208606753,70.8,0.0,sí
administración,consultas,44.8,2053.667,5.0,2.0,4.9,no,48.0,mujer,interino,centro B,37.0,24.280072732376382,52.4,0.0,no
celador,oncología,43.4,2049.34,4.0,4.8,15.3,no,45.0,hombre,interino,centro E,16.0,9.654466531879708,-99.0,1.0,sí
medicina,planta,36.5,1679.797,1.0,2.2,16.9,no,31.0,hombre,fijo,centro A,23.0,-18.912747536873578,6.9,2.0,no
medicina,urgencias,43.7,2020.747,2.0,4.6,11.5,no,43.0,mujer,interino,centro D,23.0,-1.2799318882847588,17.9,1.0,no
celador,uci,53.0,2486.46,4.0,2.9,6.9,no,32.0,mujer,eventual,centro B,31.0,46.22777261853419,4.9,1.0,sí
enfermería,consultas,54.9,2599.726,1.0,2.9,7.7,no,39.0,mujer,interino,centro D,25.0,15.528339088363163,16.4,2.0,no
enfermería,quirófano,53.3,2485.495,3.0,2.1,7.2,no,41.0,mujer,interino,centro A,56.0,58.745592148851614,47.2,1.0,sí
enfermería,urgencias,25.9,1191.985,6.0,2.9,5.9,no,22.0,hombre,interino,centro A,40.0,-58.49826817989711,16.9,1.0,no
medicina,  urgencias ,42.3,1963.675,1.0,4.4,4.3,no,47.0,mujer,fijo,centro E,101.0,-7.089676234532963,7.7,1.0,no
enfermería,planta,33.6,1535.908,3.0,5.0,4.8,sí,38.0,mujer,fijo,centro B,59.0,-4.706494136215911,7.4,0.0,no
medicina,planta,34.7,1596.548,0.0,3.9,2.9,no,55.0,mujer,fijo,centro C,23.0,-17.449062830261816,13.9,0.0,sí
administración,planta,40.9,1924.664,0.0,3.7,5.4,no,29.0,hombre,fijo,centro B,11.0,-20.80179972292119,13.9,0.0,sí
celador,CONSULTAS,28.1,1265.622,3.0,2.1,2.8,sí,41.0,mujer,interino,centro E,8.0,-14.296647446465228,19.5,1.0,sí
enfermería,planta,46.4,2106.474,3.0,3.3,10.3,no,42.0,mujer,fijo,centro B,31.0,15.474600963922562,10.5,1.0,no
medicina,planta,26.7,1228.423,4.0,4.0,22.2,no,49.0,mujer,N/D,centro A,32.0,-18.665010227573152,21.1,2.0,no
administración,oncologia,36.3,1679.425,1.0,2.8,32.4,sí,43.0,mujer,fijo,centro C,35.0,-18.447547501975503,51.6,4.0,no
medicina,oncología,43.3,1953.682,4.0,4.3,12.7,no,66.0,mujer,fijo,centro D,33.0,15.893522018002065,6.5,2.0,no
medicina,uci,36.8,1667.076,0.0,2.5,3.5,no,49.0,mujer,fijo,centro C,10.0,8.27706081075935,8.3,0.0,sí
medicina,consultas,21.8,984.013,2.0,1.8,2.7,sí,25.0,mujer,interino,centro C,14.0,-23.60339039520968,-99.0,1.0,sí
medicina,consultas,33.4,1525.18,3.0,2.3,17.1,sí,42.0,mujer,eventual,centro A,13.0,-21.414516589223147,18.2,0.0,sí
celador,oncología,32.9,1491.606,2.0,4.1,10.0,no,41.0,hombre,N/D,centro B,16.0,-21.425870800033803,4.1,0.0,no
auxiliar,planta,36.0,1671.869,1.0,5.0,4.2,no,39.0,mujer,interino,centro D,18.0,-36.37672239958596,22.3,0.0,sí
enfermería,consultas,45.3,2052.039,6.0,3.0,6.0,sí,39.0,mujer,fijo,centro B,52.0,15.908917282220614,32.6,0.0,no
administración,urgencias,31.9,1476.029,2.0,3.9,3.1,no,34.0,mujer,interino,centro D,17.0,0.832987614535309,19.2,0.0,sí
administración,uci,33.9,1572.923,0.0,1.0,4.9,sí,53.0,hombre,interino,centro D,75.0,-7.778468506334269,13.6,1.0,no
auxiliar,planta,36.4,1624.741,0.0,3.4,6.8,no,33.0,mujer,interino,centro C,99.0,-17.586764860080255,6.4,2.0,no
administración,planta,40.7,1815.236,3.0,3.5,10.7,no,52.0,hombre,fijo,centro A,13.0,-4.498750773155123,11.3,0.0,no
administración,  oncología ,36.8,1636.554,2.0,5.0,2.7,no,57.0,hombre,fijo,centro D,64.0,-2.58274745216071,21.0,1.0,no
auxiliar,  urgencias ,38.3,1724.37,6.0,3.7,17.5,sí,54.0,mujer,interino,centro D,110.0,-12.911316905107387,-99.0,1.0,sí
medicina,planta,37.0,1745.039,2.0,5.0,7.5,no,55.0,hombre,interino,centro E,12.0,-3.909240003842184,11.1,0.0,sí
auxiliar,quirófano,32.3,1440.903,0.0,2.4,17.1,no,45.0,mujer,interino,centro D,20.0,-25.45791361739325,5.9,4.0,no
administración,planta,36.6,1703.729,1.0,3.0,4.9,sí,53.0,hombre,interino,centro D,23.0,-24.518741997738523,-99.0,0.0,no
enfermería,consultas,40.3,1869.44,0.0,4.2,4.8,sí,44.0,mujer,eventual,centro D,13.0,-9.674078582751623,29.2,2.0,sí
enfermería,planta,34.8,1581.166,5.0,4.2,1.8,no,30.0,hombre,fijo,centro C,32.0,-10.321860202510091,-99.0,0.0,no
enfermería,UCI,29.5,1305.069,3.0,3.8,3.7,no,50.0,hombre,eventual,centro A,23.0,-15.634074166438584,20.0,0.0,sí
enfermería,PLANTA,35.6,1628.08,4.0,3.1,16.4,sí,49.0,mujer,eventual,centro D,18.0,-15.304456986906938,40.6,0.0,no
medicina,urgencias,39.4,1779.51,2.0,2.9,5.0,no,38.0,hombre,interino,centro B,22.0,6.560839264168646,5.6,0.0,sí
auxiliar,uci,44.0,1968.352,0.0,2.2,9.9,no,56.0,mujer,N/D,centro B,18.0,-8.404118406244736,5.5,2.0,sí
celador,URGENCIAS,30.5,1470.156,0.0,3.0,9.4,no,26.0,mujer,fijo,centro D,11.0,-16.007075733024593,12.4,1.0,sí
celador,urgencias,35.8,1678.183,2.0,3.2,3.5,sí,40.0,hombre,fijo,centro E,6.0,-36.67834021181681,17.8,1.0,no
medicina,consultas,34.8,1627.085,0.0,2.5,2.9,sí,38.0,mujer,fijo,centro C,15.0,-11.127930077755039,6.6,0.0,sí
administración,consultas,36.7,1632.683,3.0,2.7,3.5,no,27.0,mujer,fijo,centro A,70.0,-18.670691139106843,32.7,0.0,no
auxiliar,consultas,48.9,2314.163,2.0,1.8,10.3,no,42.0,mujer,interino,centro D,17.0,11.770521850579556,46.1,0.0,no
celador,consultas,28.5,1296.744,3.0,3.6,5.4,sí,29.0,mujer,N/D,centro C,18.0,-28.290557416034645,49.5,2.0,sí
medicina,uci,37.8,1734.559,0.0,3.4,14.7,sí,33.0,mujer,interino,centro C,23.0,-11.700105598367227,-99.0,2.0,sí
enfermería,planta,48.0,2188.422,3.0,4.1,8.9,no,62.0,hombre,interino,centro D,27.0,13.439747351697491,10.3,3.0,no
celador,consultas,34.3,1611.895,2.0,3.0,9.0,no,50.0,mujer,interino,centro B,33.0,-37.589046091383665,7.5,0.0,no
auxiliar,consultas,40.1,1840.967,1.0,3.9,12.9,sí,41.0,mujer,fijo,centro C,6.0,-18.621391999991523,28.0,2.0,no
auxiliar,  consultas ,44.4,2035.104,4.0,1.0,16.6,sí,52.0,hombre,fijo,centro D,64.0,6.101232098217043,226.3,0.0,sí
medicina,urgencias,44.0,2050.109,3.0,2.5,14.9,sí,32.0,mujer,fijo,centro C,3.0,10.146723114293946,15.7,1.0,no
enfermería,consultas,27.1,1244.798,5.0,3.3,3.2,no,53.0,mujer,fijo,centro C,56.0,-21.76550015364738,27.2,0.0,no
administración,urgencias,51.1,2216.668,6.0,3.7,8.8,sí,48.0,mujer,fijo,centro E,15.0,55.39762890095922,7.2,1.0,sí
medicina,planta,33.0,1518.255,1.0,2.9,3.3,no,66.0,mujer,interino,centro C,46.0,-31.67521441565502,34.7,0.0,sí
celador,planta,46.2,2089.433,2.0,2.1,1.0,sí,29.0,mujer,eventual,centro A,33.0,5.225192859133481,29.4,2.0,no
auxiliar,planta,42.2,1968.419,0.0,3.3,9.0,sí,50.0,hombre,interino,centro E,32.0,14.574736237098907,10.8,0.0,sí
medicina,uci,34.1,1597.224,1.0,4.4,7.6,sí,40.0,hombre,fijo,centro A,19.0,-7.038297051759882,11.7,2.0,sí
celador,planta,25.4,1177.072,5.0,4.7,1.7,no,66.0,mujer,fijo,centro E,4.0,-29.683559005351782,33.7,2.0,no
enfermería,  urgencias ,30.8,1400.856,4.0,2.9,7.6,no,34.0,hombre,interino,centro A,50.0,-13.015315586305164,4.1,0.0,sí
enfermería,planta,47.6,2276.575,4.0,4.5,6.5,no,36.0,mujer,eventual,centro C,15.0,28.91977288433646,7.9,2.0,no
enfermería,urgencias,34.1,1567.235,7.0,3.0,7.0,sí,48.0,mujer,interino,centro A,6.0,-21.804591651520283,21.2,1.0,no
enfermería,uci,46.0,2059.83,2.0,2.6,27.0,sí,36.0,mujer,interino,centro E,41.0,20.58934023223521,40.7,2.0,no
medicina,urgencias,42.0,1885.429,1.0,4.9,1.7,no,57.0,mujer,fijo,centro C,16.0,8.005208635314405,3.6,0.0,no
medicina,quirófano,34.4,1610.044,4.0,1.7,5.5,sí,23.0,mujer,interino,centro C,16.0,-20.907014541899358,10.9,2.0,no
medicina,uci,42.3,1980.409,3.0,2.6,5.4,sí,58.0,mujer,fijo,centro A,15.0,16.72044376643245,12.6,0.0,no
administración,oncología,34.6,1550.534,0.0,2.1,5.4,no,40.0,mujer,fijo,centro D,42.0,-18.99294236193176,13.0,0.0,no
auxiliar,consultas,32.8,1537.446,0.0,2.4,16.7,sí,43.0,mujer,interino,centro D,3.0,-13.936743227725529,5.7,0.0,no
medicina,urgencias,37.4,1749.997,1.0,3.8,14.9,no,45.0,mujer,fijo,centro C,20.0,-14.258384822347514,4.0,0.0,sí
administración,planta,30.8,1409.898,1.0,3.7,8.3,no,29.0,hombre,eventual,centro D,33.0,-22.4117692154538,8.8,0.0,sí
auxiliar,oncología,40.9,1889.169,2.0,4.7,21.4,no,22.0,mujer,interino,centro E,15.0,0.39400154232997053,-99.0,2.0,sí
enfermería,planta,45.3,2095.405,0.0,5.0,23.7,sí,42.0,mujer,fijo,centro D,51.0,-11.84874575318175,8.8,3.0,sí
enfermería,planta,50.6,2408.198,6.0,3.3,3.6,sí,46.0,mujer,fijo,centro A,12.0,65.63252126793392,2.5,1.0,no
enfermería,urgencias,37.6,1729.157,0.0,2.0,9.9,sí,36.0,mujer,eventual,centro A,7.0,-8.172755974646895,4.9,2.0,no
medicina,consultas,35.7,1621.564,3.0,2.1,5.9,no,33.0,mujer,interino,centro A,28.0,-21.25996998381708,7.4,0.0,no
auxiliar,urgencias,35.8,1599.393,0.0,3.2,4.6,no,63.0,mujer,fijo,centro C,34.0,-23.267939815854927,6.6,0.0,sí
enfermería,planta,39.2,1795.552,1.0,3.8,3.5,sí,47.0,hombre,fijo,centro E,7.0,3.9893323520709743,18.8,1.0,no
auxiliar,quirófano,39.6,1800.352,1.0,3.9,7.6,no,34.0,mujer,fijo,centro D,18.0,-12.308372776954782,9.1,0.0,no
administración,URGENCIAS,54.0,2513.197,6.0,4.6,24.3,no,51.0,mujer,fijo,centro C,69.0,34.6944246786436,43.4,1.0,sí
enfermería,consultas,29.7,1390.429,5.0,3.4,7.8,sí,48.0,mujer,fijo,centro E,55.0,-16.138958245625005,9.0,0.0,no
enfermería,consultas,35.9,1704.158,2.0,3.9,18.6,sí,37.0,mujer,interino,centro E,16.0,-0.304573734633264,4.2,1.0,no
enfermería,urgencias,36.1,1649.529,0.0,2.5,4.0,no,35.0,mujer,fijo,centro C,28.0,-18.81811428185456,23.4,2.0,sí
celador,planta,52.1,2408.283,4.0,2.6,10.7,no,31.0,mujer,interino,centro E,43.0,52.82638396963882,14.1,0.0,sí
medicina,PLANTA,38.4,1761.143,1.0,2.7,3.0,no,23.0,mujer,fijo,centro D,17.0,-14.21662308152721,37.2,0.0,no
enfermería,PLANTA,26.2,1209.384,5.0,3.0,4.3,sí,48.0,mujer,fijo,centro E,9.0,-36.99575376652314,6.9,0.0,no
enfermería,urgencias,31.1,1415.319,1.0,3.5,21.7,no,23.0,mujer,eventual,centro D,41.0,-24.904525519790344,4.8,3.0,sí
auxiliar,  urgencias ,34.5,1616.731,0.0,4.1,3.5,sí,28.0,hombre,fijo,centro D,77.0,-19.133685923004418,21.2,1.0,no
auxiliar,consultas,41.1,1834.752,4.0,3.5,8.4,sí,30.0,mujer,interino,centro C,16.0,16.69498328268582,14.7,0.0,no
medicina,CONSULTAS,36.1,1654.218,3.0,5.0,8.5,no,29.0,hombre,fijo,centro D,25.0,-35.047511954767806,23.2,3.0,no
medicina,uci,36.8,1664.663,4.0,2.6,3.6,sí,44.0,mujer,eventual,centro E,11.0,-9.02396001899644,22.1,0.0,no
enfermería,  quirófano ,41.7,1894.366,3.0,5.0,11.3,no,44.0,mujer,fijo,centro E,44.0,-7.8918317561110225,15.8,1.0,no
enfermería,CONSULTAS,27.5,1254.124,1.0,3.3,1.5,no,43.0,hombre,eventual,centro B,12.0,-24.82242643695924,16.9,3.0,no
administración,urgencias,36.2,1632.259,0.0,3.1,2.7,sí,43.0,hombre,interino,centro E,32.0,-5.734850428134017,23.2,0.0,sí
administración,quirófano,44.6,1997.234,2.0,3.0,9.7,no,66.0,mujer,N/D,centro B,13.0,7.122906583637098,26.1,1.0,no
enfermería,planta,39.7,1868.911,0.0,3.0,7.2,no,26.0,mujer,interino,centro E,19.0,-17.838305714266657,104.3,2.0,no
enfermería,PLANTA,40.5,1832.02,3.0,1.6,5.1,no,33.0,mujer,interino,centro D,21.0,-5.32140277728059,7.6,2.0,no
enfermería,uci,26.6,1214.427,3.0,2.5,3.4,no,45.0,mujer,eventual,centro A,23.0,-17.169794120176316,5.3,0.0,no
enfermería,urgencias,40.0,1884.069,0.0,3.2,23.7,no,53.0,mujer,eventual,centro D,29.0,-5.933612853392882,9.7,0.0,no
auxiliar,uci,35.2,1611.013,6.0,2.1,1.0,sí,49.0,mujer,N/D,centro E,21.0,-16.62550922637238,18.7,0.0,no
medicina,PLANTA,40.0,1853.597,5.0,4.0,8.2,sí,51.0,mujer,fijo,centro E,28.0,5.6505286075645245,-99.0,0.0,sí
medicina,uci,53.0,2397.649,0.0,4.9,4.7,no,48.0,mujer,fijo,centro D,17.0,3.1994960937427823,9.9,0.0,no
celador,quirófano,40.7,1900.406,5.0,2.4,4.4,sí,44.0,mujer,interino,centro E,92.0,-4.6896217883451214,-99.0,1.0,no
administración,planta,29.3,1332.4,4.0,3.4,5.6,sí,36.0,hombre,fijo,centro A,38.0,-28.280942651781142,4.7,2.0,sí
medicina,planta,22.3,1069.536,0.0,3.8,9.8,sí,44.0,mujer,eventual,centro B,11.0,-12.037512357659907,14.1,1.0,no
administración,  oncología ,39.9,1775.785,2.0,3.6,8.8,sí,38.0,mujer,fijo,centro D,41.0,-10.05294421192949,24.6,0.0,sí
enfermería,uci,27.9,1281.122,1.0,1.5,7.7,no,27.0,mujer,N/D,centro B,9.0,-10.146500437752366,72.4,4.0,sí
auxiliar,uci,35.1,1629.556,2.0,1.0,15.3,no,32.0,mujer,fijo,centro E,14.0,-10.150865522023423,22.1,1.0,no
auxiliar,quirófano,29.5,1378.004,4.0,1.1,13.9,no,40.0,mujer,interino,centro A,44.0,-15.394078015903503,1.4,0.0,no
medicina,oncología,41.0,1843.49,3.0,2.5,9.2,no,45.0,mujer,N/D,centro B,17.0,3.322543487387988,19.1,0.0,no
celador,planta,41.5,1916.044,4.0,1.9,3.6,no,35.0,mujer,eventual,centro D,27.0,10.362953250288246,215.6,0.0,no
enfermería,ONCOLOGÍA,54.4,2559.949,0.0,2.1,2.0,sí,49.0,mujer,interino,centro C,68.0,50.62313568987905,1.6,3.0,no
celador,oncología,52.9,2548.397,0.0,3.7,11.5,no,30.0,hombre,eventual,centro C,18.0,-4.958062637197422,5.8,1.0,no
celador,urgencias,41.7,1942.113,3.0,2.2,10.1,no,32.0,hombre,interino,centro E,30.0,13.418341262422766,6.9,1.0,sí
medicina,oncologia,43.7,1993.477,5.0,3.7,18.8,no,34.0,mujer,fijo,centro E,11.0,-6.6198170759210235,37.9,2.0,no
medicina,planta,35.8,1643.933,4.0,2.3,14.1,no,55.0,mujer,fijo,centro A,28.0,-2.9275062358311086,10.5,2.0,no
administración,uci,34.7,1629.897,1.0,4.2,3.4,no,40.0,hombre,fijo,centro A,14.0,-19.632688548783022,13.3,0.0,sí
medicina,quirófano,38.4,1775.469,0.0,4.5,12.5,no,35.0,mujer,interino,centro D,55.0,-5.169071408365808,27.5,2.0,no
medicina,uci,28.6,1315.861,0.0,5.0,9.9,sí,32.0,mujer,fijo,centro B,2.0,-8.844417709983391,24.5,0.0,sí
medicina,uci,29.1,1348.815,3.0,3.6,1.5,no,43.0,hombre,N/D,centro D,42.0,-7.017518509136842,8.5,1.0,no
medicina,consultas,36.8,1677.297,5.0,4.8,13.7,no,46.0,mujer,eventual,centro E,42.0,-9.588807308682977,6.3,2.0,no
enfermería,uci,30.9,1405.954,2.0,3.7,13.7,no,36.0,mujer,eventual,centro B,34.0,-35.37664843120742,12.0,0.0,sí
auxiliar,consultas,33.4,1539.962,2.0,1.6,14.6,no,48.0,mujer,fijo,centro C,13.0,-29.5959060003988,6.3,1.0,sí
auxiliar,consultas,27.2,1216.416,0.0,3.9,10.8,no,29.0,mujer,interino,centro C,19.0,-11.366233628800536,8.2,0.0,sí
enfermería,oncología,29.9,1339.958,1.0,3.3,1.4,no,26.0,mujer,interino,centro E,5.0,-29.229258869138928,35.7,0.0,no
enfermería,urgencias,37.2,1692.556,1.0,3.9,8.0,no,43.0,mujer,fijo,centro E,50.0,-14.690125062174902,8.3,2.0,no
auxiliar,urgencias,51.6,2448.008,2.0,4.2,4.5,sí,54.0,hombre,eventual,centro E,34.0,20.047705308592114,4.7,3.0,sí
administración,urgencias,25.1,1168.141,4.0,4.4,5.1,sí,22.0,mujer,fijo,centro A,4.0,-47.029106493039656,10.2,0.0,no
administración,planta,38.1,1763.694,5.0,3.8,1.0,no,44.0,mujer,fijo,centro E,9.0,5.137001869994328,52.1,0.0,sí
auxiliar,consultas,44.3,2122.277,5.0,2.6,19.1,no,62.0,mujer,fijo,centro E,29.0,11.912815283556805,20.4,1.0,no
enfermería,planta,35.3,1644.102,3.0,3.5,2.2,no,44.0,mujer,interino,centro A,18.0,-25.662154292933074,12.1,0.0,sí
auxiliar,planta,34.3,1573.456,3.0,2.1,10.5,sí,45.0,mujer,fijo,centro D,6.0,-24.593845203702973,2.8,0.0,sí
enfermería,planta,35.8,1646.32,1.0,4.8,4.4,no,42.0,mujer,fijo,centro D,10.0,-24.171372900751905,10.6,0.0,no
medicina,quirófano,44.3,1954.42,0.0,1.7,23.4,sí,48.0,mujer,fijo,centro A,8.0,12.821423265709019,87.0,1.0,sí
administración,consultas,37.4,1728.459,1.0,2.3,14.5,no,48.0,mujer,fijo,centro C,44.0,4.248018543642171,17.7,3.0,no
celador,planta,28.7,1307.898,1.0,2.6,19.5,no,37.0,mujer,fijo,centro D,24.0,-26.32707520339806,3.1,0.0,no
celador,urgencias,43.5,2020.624,7.0,2.8,6.2,no,33.0,mujer,N/D,centro B,32.0,15.887363029385183,34.8,1.0,sí
enfermería,consultas,34.7,1637.723,7.0,2.4,2.7,sí,46.0,hombre,fijo,centro B,20.0,-24.100917021330474,65.0,0.0,no
administración,oncología,43.3,2000.316,4.0,3.0,10.0,no,35.0,mujer,fijo,centro A,8.0,1.2808968229289759,6.2,0.0,sí
medicina,oncología,49.6,2318.506,0.0,5.0,10.5,sí,45.0,mujer,fijo,centro E,5.0,11.273041357817801,-99.0,3.0,sí
enfermería,consultas,34.8,1566.141,1.0,4.8,0.7,no,39.0,hombre,fijo,centro B,19.0,-19.462216022519517,37.9,2.0,no
celador,uci,45.1,2071.257,4.0,3.0,0.8,no,23.0,mujer,fijo,centro A,5.0,17.442000472326015,3.0,0.0,sí
medicina,uci,23.0,1085.829,5.0,3.2,3.4,sí,37.0,hombre,fijo,centro B,50.0,-30.721443830174127,28.0,0.0,no
administración,consultas,48.5,2261.746,3.0,3.1,16.3,no,49.0,mujer,fijo,centro C,31.0,-1.2220325311259685,19.4,2.0,sí
celador,consultas,35.2,1645.224,4.0,3.3,5.7,no,47.0,mujer,interino,centro B,14.0,-31.977016299855602,29.3,2.0,no
enfermería,consultas,35.9,1569.565,4.0,3.6,7.9,no,35.0,mujer,fijo,centro E,5.0,-16.797292103421707,16.5,0.0,no
auxiliar,consultas,41.1,1908.614,4.0,3.6,10.1,sí,44.0,mujer,fijo,centro D,66.0,-4.279306216624473,7.4,0.0,no
auxiliar,planta,41.3,1907.943,2.0,3.0,6.9,sí,45.0,mujer,fijo,centro A,10.0,-3.739769238581201,16.3,2.0,no
administración,planta,37.2,1732.672,0.0,3.7,9.3,no,26.0,mujer,interino,centro B,40.0,-17.771406945660285,2.3,3.0,no
enfermería,planta,37.3,1699.496,4.0,3.5,8.1,no,56.0,mujer,interino,centro C,17.0,-8.328295512570653,3.6,1.0,sí
auxiliar,uci,50.1,2275.848,2.0,3.0,15.0,sí,42.0,mujer,fijo,centro C,21.0,11.189751858548634,4.0,1.0,no
enfermería,urgencias,31.9,1456.488,6.0,4.7,2.9,no,46.0,mujer,interino,centro B,16.0,-4.388661894381784,-99.0,1.0,no
enfermería,urgencias,36.9,1701.565,1.0,3.7,6.7,no,49.0,hombre,interino,centro D,40.0,-16.22855376767742,10.5,0.0,no
enfermería,consultas,40.8,1888.476,0.0,4.1,1.5,no,43.0,hombre,fijo,centro A,59.0,-13.42746771019423,22.4,2.0,no
enfermería,planta,37.4,1716.877,0.0,4.2,6.3,sí,36.0,mujer,fijo,centro B,17.0,-13.93609521935275,14.4,0.0,sí
administración,quirófano,37.9,1746.951,3.0,4.9,10.0,no,38.0,mujer,interino,centro E,46.0,-16.307949109529797,8.7,0.0,sí
administración,  consultas ,39.1,1763.95,0.0,3.3,7.4,no,26.0,mujer,fijo,centro B,33.0,-11.326045163046484,45.0,0.0,no
enfermería,uci,44.0,2062.963,0.0,2.3,20.7,sí,47.0,mujer,fijo,centro A,53.0,17.07651779740305,67.8,0.0,no
enfermería,planta,47.2,2141.24,0.0,4.2,15.0,sí,29.0,hombre,interino,centro D,9.0,15.303915725418534,8.1,0.0,sí
auxiliar,uci,38.9,1798.05,7.0,3.2,11.9,sí,55.0,mujer,fijo,centro B,15.0,2.910786237724876,10.1,0.0,no
auxiliar,urgencias,40.8,1853.336,0.0,2.9,20.9,no,33.0,hombre,N/D,centro A,68.0,2.084873842776325,17.9,0.0,sí
enfermería,planta,38.2,1729.652,0.0,3.0,14.6,no,33.0,hombre,fijo,centro C,2.0,-12.722165246281259,5.4,0.0,sí
enfermería,urgencias,43.4,1997.383,0.0,3.0,11.5,no,34.0,hombre,eventual,centro B,20.0,-12.348766973343073,5.7,0.0,no
auxiliar,uci,46.5,2033.873,3.0,3.1,13.7,sí,65.0,mujer,fijo,centro A,3.0,16.808602267036093,7.7,1.0,no
auxiliar,  quirófano ,42.4,1943.007,2.0,3.6,5.2,sí,62.0,mujer,eventual,centro E,17.0,-6.704952737503152,31.7,0.0,sí
enfermería,consultas,49.1,2308.447,1.0,2.6,4.8,no,32.0,mujer,interino,centro C,27.0,16.503552960032803,31.3,0.0,no
enfermería,urgencias,33.9,1521.232,0.0,3.3,6.8,no,40.0,mujer,interino,centro C,47.0,-5.936725370420897,8.5,0.0,sí
administración,planta,27.1,1269.015,4.0,3.0,10.2,no,43.0,mujer,N/D,centro A,18.0,-28.31561396086011,16.4,0.0,no
enfermería,urgencias,37.2,1668.097,2.0,3.4,19.4,no,50.0,mujer,fijo,centro D,25.0,-19.93453657098558,58.8,0.0,no
enfermería,planta,45.1,2045.949,2.0,2.8,9.2,no,54.0,hombre,fijo,centro D,14.0,-3.9447647720386296,6.7,0.0,no
celador,planta,40.2,1841.856,1.0,3.1,12.4,no,31.0,hombre,eventual,centro C,51.0,-9.465633333545549,1.8,0.0,no
enfermería,consultas,32.9,1506.163,4.0,3.1,15.2,no,39.0,hombre,fijo,centro E,6.0,-28.17555764671525,6.1,0.0,sí
auxiliar,uci,26.6,1248.603,1.0,4.1,5.4,no,32.0,mujer,fijo,centro D,20.0,-13.35204587166569,71.3,0.0,sí
auxiliar,urgencias,38.3,1738.658,3.0,5.0,1.5,no,29.0,mujer,fijo,centro E,63.0,-7.5562401322978445,39.4,2.0,no
celador,URGENCIAS,43.9,1948.82,2.0,3.2,8.6,no,48.0,mujer,interino,centro C,34.0,14.461098022603183,9.2,2.0,no
auxiliar,quirófano,36.5,1628.639,3.0,2.6,6.0,sí,39.0,mujer,fijo,centro B,14.0,-25.74994228025829,36.6,1.0,sí
enfermería,planta,40.7,1876.14,3.0,4.1,7.1,no,47.0,hombre,interino,centro B,31.0,10.008346041524662,6.2,0.0,no
enfermería,oncología,41.5,1912.36,4.0,3.8,10.5,no,55.0,mujer,eventual,centro E,22.0,2.9615301485551724,21.4,0.0,sí
medicina,uci,28.8,1310.232,0.0,4.3,10.9,no,22.0,mujer,eventual,centro E,14.0,-21.13846936735577,35.0,0.0,no
enfermería,urgencias,41.9,1937.353,3.0,3.4,30.7,no,56.0,hombre,interino,centro D,21.0,-9.67810989095029,2.7,3.0,sí
medicina,planta,41.6,1882.865,4.0,2.6,7.9,no,45.0,hombre,fijo,centro A,35.0,10.695633614326823,21.9,0.0,sí
celador,PLANTA,42.7,2015.89,0.0,3.2,13.4,sí,56.0,mujer,interino,centro D,105.0,-14.416761964712824,7.2,2.0,no
auxiliar,planta,41.4,1925.706,1.0,4.1,8.0,sí,35.0,hombre,interino,centro D,60.0,8.358344175139527,10.5,2.0,sí
enfermería,urgencias,33.9,1566.43,5.0,3.6,2.2,sí,51.0,hombre,interino,centro D,23.0,-5.509255823223106,55.1,0.0,no
administración,uci,47.8,2150.927,6.0,4.0,4.9,no,35.0,mujer,eventual,centro A,71.0,44.01289399130387,9.0,1.0,no
celador,urgencias,31.5,1446.243,0.0,1.8,3.0,no,34.0,mujer,eventual,centro D,16.0,-30.39327671557287,5.2,1.0,no
administración,oncología,30.4,1393.173,7.0,2.2,9.2,sí,39.0,mujer,fijo,centro B,30.0,-13.822736009148267,35.3,0.0,no
auxiliar,planta,30.6,1350.072,6.0,3.7,6.7,no,52.0,mujer,fijo,centro C,42.0,-24.808562706061373,11.7,1.0,no
administración,consultas,48.6,2276.779,0.0,3.4,22.1,no,33.0,mujer,fijo,centro C,10.0,19.722579790644755,32.7,0.0,no
enfermería,QUIRÓFANO,34.3,1511.001,0.0,1.7,23.9,no,42.0,mujer,fijo,centro B,58.0,-19.572357477073687,11.3,1.0,sí
enfermería,urgencias,35.7,1695.973,2.0,3.8,10.7,sí,59.0,hombre,interino,centro C,32.0,-8.304678524750956,13.5,1.0,sí
administración,urgencias,44.1,2038.195,4.0,3.0,1.8,sí,22.0,hombre,fijo,centro B,8.0,16.262596619729464,16.4,2.0,no
enfermería,planta,37.6,1661.815,2.0,3.6,11.1,no,22.0,mujer,fijo,centro C,37.0,-30.026458681935114,16.0,3.0,no
auxiliar,planta,39.7,1877.852,3.0,3.0,5.7,sí,66.0,hombre,fijo,centro C,40.0,-10.740536446583933,6.7,0.0,no
enfermería,consultas,37.2,1648.419,0.0,4.9,12.3,sí,36.0,hombre,interino,centro E,11.0,-18.821451117919466,27.5,0.0,sí
enfermería,urgencias,22.4,1079.844,6.0,3.7,9.6,sí,31.0,mujer,fijo,centro A,20.0,-26.427031369526166,55.0,2.0,sí
enfermería,planta,30.0,1411.612,0.0,3.7,5.1,no,34.0,mujer,fijo,centro B,18.0,-10.393376393038103,33.9,1.0,no
enfermería,planta,46.6,2133.636,6.0,4.0,5.9,no,39.0,hombre,fijo,centro A,30.0,16.195551489464073,63.2,0.0,no
medicina,planta,40.9,1896.328,6.0,2.0,10.1,sí,44.0,mujer,fijo,centro D,10.0,4.739329700506721,20.3,0.0,no
enfermería,quirófano,47.4,2277.274,3.0,2.5,8.0,sí,53.0,mujer,fijo,centro B,23.0,24.302388310894226,42.7,1.0,no
auxiliar,oncología,32.5,1521.728,0.0,2.2,7.2,sí,44.0,mujer,fijo,centro B,36.0,-31.208608953503777,12.4,0.0,no
administración,oncologia,43.5,2066.218,3.0,1.6,8.6,sí,42.0,mujer,fijo,centro C,52.0,-18.875680197080648,11.5,4.0,no
auxiliar,oncología,56.6,2530.214,0.0,4.7,3.8,no,57.0,mujer,eventual,centro D,40.0,19.016358254159243,-99.0,2.0,no
administración,consultas,31.3,1492.089,6.0,3.8,8.3,no,38.0,mujer,fijo,centro A,2.0,-42.83515065035185,6.8,1.0,sí
enfermería,planta,33.2,1539.052,1.0,1.5,8.7,no,43.0,hombre,fijo,centro D,41.0,-7.522222093705506,34.3,1.0,sí
enfermería,consultas,50.8,2363.124,3.0,3.9,10.7,no,52.0,mujer,fijo,centro C,5.0,32.47125396027836,2.2,1.0,sí
auxiliar,planta,33.1,1513.776,4.0,2.7,43.8,sí,38.0,mujer,fijo,centro E,7.0,-11.65156176471956,37.0,0.0,no
enfermería,consultas,31.8,1468.444,2.0,4.4,12.2,no,35.0,hombre,N/D,centro E,9.0,-24.485254704873192,-99.0,1.0,no
auxiliar,  oncología ,42.0,1875.06,4.0,4.2,32.5,no,31.0,mujer,eventual,centro C,28.0,-5.0667558034810565,-99.0,0.0,no
auxiliar,  urgencias ,47.5,2181.468,0.0,4.1,6.3,no,25.0,mujer,interino,centro A,31.0,13.063478088307724,43.6,2.0,sí
medicina,oncología,27.5,1248.369,0.0,2.9,24.8,no,35.0,mujer,fijo,centro A,35.0,-12.583099976214026,13.1,0.0,sí
enfermería,urgencias,36.9,1734.061,1.0,2.1,2.9,no,47.0,mujer,interino,centro A,33.0,6.007240119922338,27.9,0.0,no
medicina,QUIRÓFANO,32.1,1472.246,7.0,1.4,19.2,sí,62.0,mujer,eventual,centro C,43.0,-11.979872028655759,12.7,2.0,sí
medicina,oncologia,39.5,1757.69,1.0,4.4,2.7,no,33.0,mujer,fijo,centro C,25.0,-4.5235867345892915,60.9,1.0,sí
enfermería,consultas,50.2,2259.775,4.0,3.1,14.2,no,24.0,mujer,fijo,centro C,18.0,30.746167208514766,74.5,4.0,no
enfermería,consultas,29.3,1331.72,0.0,3.3,17.4,sí,24.0,mujer,interino,centro C,37.0,-31.806544619939906,27.5,0.0,sí
enfermería,consultas,36.7,1621.157,0.0,2.1,27.2,sí,43.0,mujer,fijo,centro B,48.0,5.034001036839589,12.4,3.0,no
enfermería,oncología,50.9,2336.007,3.0,2.8,9.9,sí,40.0,hombre,fijo,centro E,18.0,33.01254218699018,4.7,2.0,sí
medicina,planta,40.4,1863.792,4.0,2.0,13.0,no,39.0,hombre,eventual,centro D,16.0,-5.395501329147621,7.2,1.0,sí
enfermería,planta,36.9,1701.39,0.0,4.7,3.1,sí,43.0,mujer,eventual,centro A,44.0,2.6688598090685662,84.3,0.0,sí
enfermería,uci,44.9,2081.836,7.0,2.0,11.0,no,29.0,mujer,fijo,centro C,31.0,19.34068243909978,5.2,0.0,sí
medicina,consultas,40.8,1843.762,1.0,1.5,11.6,no,63.0,mujer,eventual,centro C,36.0,-1.9456461943133014,27.4,2.0,sí
enfermería,quirófano,39.9,1789.119,7.0,3.8,2.7,no,53.0,mujer,fijo,centro A,3.0,9.411307889577662,-99.0,0.0,no
enfermería,CONSULTAS,35.6,1596.659,3.0,2.9,1.8,sí,27.0,hombre,eventual,centro B,5.0,-11.942085840666703,-99.0,1.0,sí
medicina,planta,33.4,1549.718,1.0,1.5,6.3,no,29.0,mujer,interino,centro A,18.0,-16.306572640309575,16.3,0.0,no
medicina,uci,41.7,1874.133,3.0,4.3,9.8,sí,45.0,mujer,fijo,centro B,9.0,-0.9025407273349009,42.7,2.0,sí
enfermería,ONCOLOGÍA,29.3,1378.043,2.0,2.5,5.7,no,37.0,mujer,interino,centro C,7.0,-13.566815967662516,8.1,2.0,no
enfermería,quirófano,42.2,1948.146,1.0,2.0,11.6,sí,44.0,hombre,interino,centro E,14.0,-5.309641650745764,61.5,1.0,sí
auxiliar,  planta ,41.6,1968.568,3.0,3.0,9.2,no,51.0,mujer,fijo,centro E,41.0,-8.232928296483255,4.9,1.0,sí
administración,consultas,45.5,2055.042,5.0,1.7,10.6,no,42.0,hombre,N/D,centro D,21.0,27.425984797570237,27.4,0.0,sí
auxiliar,PLANTA,31.9,1478.194,0.0,3.3,12.5,no,29.0,mujer,fijo,centro D,94.0,-24.31794569953438,8.6,4.0,no
enfermería,  planta ,49.6,2324.88,1.0,3.4,8.3,sí,41.0,mujer,interino,centro B,4.0,13.770059525105399,12.3,2.0,no
medicina,urgencias,36.3,1736.667,5.0,2.4,0.1,sí,29.0,mujer,fijo,centro C,10.0,10.279323007085962,7.6,1.0,sí
auxiliar,uci,27.1,1269.385,2.0,2.6,3.8,no,55.0,mujer,fijo,centro A,70.0,-23.213039960973255,11.6,2.0,sí
auxiliar,PLANTA,35.8,1605.197,4.0,3.2,18.6,no,34.0,mujer,interino,centro A,9.0,-17.746587479716364,17.7,0.0,no
medicina,quirófano,34.8,1566.851,0.0,2.6,5.4,no,35.0,mujer,eventual,centro C,16.0,2.298835913922108,22.0,0.0,sí
medicina,consultas,44.9,2019.706,2.0,2.8,5.4,no,30.0,mujer,fijo,centro C,14.0,8.021422217423384,39.6,0.0,sí
administración,consultas,42.0,1926.763,1.0,4.1,5.1,sí,41.0,mujer,fijo,centro C,27.0,-0.31720959583195363,24.8,2.0,no
enfermería,quirófano,39.3,1830.019,0.0,3.6,9.6,no,35.0,hombre,fijo,centro A,22.0,-13.987214566038837,12.2,0.0,sí
medicina,planta,43.3,2070.978,5.0,4.0,13.4,no,43.0,hombre,fijo,centro B,24.0,0.5222436041322984,5.4,3.0,no
enfermería,consultas,31.9,1477.897,0.0,2.2,0.7,no,56.0,hombre,N/D,centro E,7.0,-23.40364272559754,11.5,2.0,sí
auxiliar,consultas,39.5,1836.617,2.0,3.1,6.2,sí,46.0,mujer,fijo,centro C,65.0,-10.3042994255059,19.1,0.0,sí
auxiliar,  quirófano ,27.6,1225.577,0.0,2.8,3.7,no,43.0,hombre,interino,centro B,3.0,-19.123873348215355,7.9,0.0,sí
administración,uci,33.7,1528.071,3.0,2.8,3.4,no,63.0,mujer,interino,centro A,22.0,-15.443797615068702,34.1,2.0,no
enfermería,URGENCIAS,20.0,904.518,1.0,4.2,8.6,sí,23.0,hombre,fijo,centro B,34.0,-21.90925330966592,10.8,1.0,no
enfermería,oncología,45.0,2106.475,4.0,3.5,22.5,sí,60.0,hombre,fijo,centro A,56.0,-7.64601111964153,27.8,0.0,sí
celador,planta,30.9,1414.388,3.0,4.3,3.0,no,47.0,mujer,fijo,centro B,62.0,-26.86060338972263,9.9,2.0,sí
enfermería,oncología,44.9,2046.677,0.0,3.5,3.9,no,26.0,mujer,interino,centro C,53.0,22.129333011294825,122.8,2.0,no
enfermería,planta,55.4,2622.017,6.0,3.1,14.0,sí,49.0,hombre,eventual,centro D,28.0,73.42755684539569,47.6,4.0,sí
medicina,planta,45.6,2162.096,4.0,3.6,3.1,sí,34.0,mujer,fijo,centro B,19.0,13.637650428022468,5.5,1.0,sí
enfermería,quirófano,47.9,2078.456,7.0,2.6,10.2,no,29.0,mujer,interino,centro E,4.0,40.559856881002084,6.9,0.0,no
administración,planta,43.4,2001.078,0.0,2.7,4.0,sí,39.0,hombre,interino,centro C,49.0,-12.265036899487313,24.3,0.0,no
auxiliar,uci,29.4,1366.984,0.0,2.3,9.4,no,37.0,mujer,interino,centro A,3.0,-12.83823268355897,7.1,0.0,sí
enfermería,planta,45.4,2101.249,2.0,2.4,5.0,sí,31.0,mujer,fijo,centro E,5.0,25.170852762958383,112.5,2.0,no
enfermería,PLANTA,36.3,1664.576,5.0,4.0,7.3,sí,35.0,mujer,fijo,centro B,13.0,-21.606962321980934,7.8,0.0,sí
administración,CONSULTAS,35.3,1582.64,2.0,3.2,4.8,no,51.0,mujer,fijo,centro D,18.0,-3.529720236040596,9.3,0.0,sí
auxiliar,planta,43.4,2049.636,2.0,4.3,3.1,sí,57.0,mujer,fijo,centro E,62.0,-6.040167869873422,8.6,1.0,no
celador,CONSULTAS,41.0,1914.939,0.0,2.8,10.9,no,32.0,mujer,fijo,centro E,162.0,-3.093502501273197,24.6,2.0,no
medicina,planta,32.6,1452.587,0.0,3.2,9.9,sí,45.0,mujer,fijo,centro A,13.0,-18.38918266912069,42.9,0.0,sí
medicina,URGENCIAS,38.4,1771.297,1.0,4.0,17.3,no,35.0,hombre,fijo,centro D,22.0,-16.780950039765663,20.1,3.0,sí
auxiliar,planta,32.8,1539.127,0.0,2.1,3.3,no,43.0,hombre,fijo,centro B,27.0,7.727882893426482,40.3,2.0,sí
medicina,quirófano,27.8,1330.308,2.0,1.0,10.1,sí,45.0,mujer,fijo,centro C,22.0,-42.005822230015326,17.9,0.0,no
enfermería,planta,38.7,1771.351,2.0,5.0,8.2,no,37.0,mujer,interino,centro D,86.0,-3.457048967538757,8.9,0.0,sí
enfermería,urgencias,39.2,1831.508,4.0,3.6,6.8,sí,37.0,mujer,fijo,centro C,21.0,-18.327890623629152,12.3,2.0,no
medicina,  uci ,51.3,2354.444,3.0,2.8,4.1,sí,58.0,mujer,interino,centro B,11.0,49.60124906929256,17.5,0.0,sí
medicina,  uci ,38.9,1828.628,0.0,2.9,3.2,no,28.0,mujer,interino,centro B,98.0,-4.867042322491602,29.2,2.0,no
enfermería,planta,41.4,1879.919,2.0,4.0,8.6,no,47.0,mujer,interino,centro A,54.0,-27.78596250358212,34.0,2.0,no
enfermería,urgencias,40.0,1868.296,1.0,3.7,7.1,no,50.0,mujer,fijo,centro C,15.0,-4.837996734080489,14.6,0.0,no
enfermería,uci,42.8,1929.154,0.0,2.4,16.2,no,35.0,hombre,eventual,centro C,33.0,-15.340842924245853,14.8,0.0,sí
medicina,uci,33.3,1561.886,0.0,2.4,1.3,no,45.0,mujer,fijo,centro C,6.0,-18.330552003465524,55.4,2.0,no
medicina,ONCOLOGÍA,42.8,1990.538,0.0,3.8,10.4,sí,28.0,mujer,fijo,centro B,34.0,15.448649616556008,-99.0,0.0,no
medicina,consultas,51.1,2347.268,5.0,4.1,2.1,sí,49.0,hombre,eventual,centro B,21.0,36.48822684880714,4.5,0.0,no
enfermería,quirófano,40.6,1861.172,4.0,2.0,6.3,no,61.0,mujer,interino,centro E,40.0,-5.6465011366222875,33.8,2.0,no
medicina,planta,43.9,2053.583,2.0,3.5,11.1,no,62.0,mujer,eventual,centro C,5.0,-6.4631568555244066,77.2,1.0,sí
celador,quirófano,28.4,1357.267,3.0,2.5,7.2,no,32.0,mujer,N/D,centro E,11.0,-16.241697680530592,-99.0,1.0,no
auxiliar,oncologia,39.7,1864.393,4.0,2.7,6.6,no,43.0,mujer,eventual,centro A,50.0,2.5793935965531536,4.9,0.0,no
enfermería,quirófano,36.0,1682.864,4.0,2.1,7.8,no,42.0,mujer,fijo,centro E,82.0,-7.004979937852472,52.1,1.0,no
enfermería,consultas,36.3,1588.161,2.0,3.9,2.8,sí,38.0,mujer,fijo,centro B,37.0,-19.951032752893358,35.8,2.0,sí
auxiliar,planta,30.9,1454.158,1.0,3.5,19.5,sí,48.0,mujer,fijo,centro B,26.0,-20.911099632894693,45.9,2.0,no
enfermería,quirófano,39.4,1835.825,4.0,2.9,29.3,no,38.0,hombre,interino,centro A,32.0,-7.2190388650168025,6.2,1.0,sí
auxiliar,consultas,31.2,1408.078,7.0,1.9,2.9,sí,45.0,mujer,interino,centro C,25.0,-7.576121359581643,74.3,1.0,no
medicina,planta,43.7,1979.777,4.0,3.2,4.2,sí,42.0,mujer,fijo,centro A,22.0,29.11921639724901,8.9,0.0,no
enfermería,urgencias,37.0,1684.611,1.0,4.8,4.0,no,44.0,mujer,interino,centro B,46.0,-16.381841369980712,7.3,2.0,no
enfermería,oncología,33.1,1488.577,0.0,4.0,1.9,no,49.0,mujer,interino,centro A,34.0,-37.98974200585866,13.5,1.0,sí
enfermería,UCI,32.1,1492.018,0.0,3.1,2.6,no,53.0,mujer,eventual,centro D,5.0,-19.50840069340197,47.2,0.0,sí
administración,planta,41.5,1984.049,2.0,1.9,4.1,no,50.0,mujer,interino,centro D,18.0,-3.4081471970347845,12.5,0.0,no
enfermería,quirófano,35.7,1658.773,4.0,2.8,5.8,no,34.0,mujer,fijo,centro B,23.0,-23.006947856110223,18.8,1.0,no
administración,planta,37.1,1704.124,5.0,2.7,3.5,no,53.0,mujer,interino,centro B,10.0,-24.44815637789237,15.9,0.0,no
auxiliar,planta,35.6,1654.952,0.0,3.4,10.7,no,56.0,mujer,fijo,centro A,44.0,-5.882566546339094,39.8,0.0,no
administración,urgencias,46.2,2093.076,2.0,2.6,2.9,sí,56.0,mujer,eventual,centro C,18.0,23.094943815366264,6.7,0.0,no
auxiliar,PLANTA,29.0,1356.536,6.0,3.5,4.7,no,63.0,hombre,interino,centro E,27.0,-36.33177393980205,11.4,2.0,no
medicina,uci,22.8,1052.026,2.0,2.2,7.1,sí,29.0,mujer,eventual,centro E,40.0,-11.453989446194003,-99.0,0.0,no
medicina,planta,39.0,1743.65,0.0,1.8,8.9,no,60.0,mujer,eventual,centro A,66.0,-14.567681904235316,4.0,0.0,sí
enfermería,PLANTA,39.2,1810.941,0.0,2.7,5.9,no,31.0,mujer,fijo,centro D,33.0,-30.51920190165636,15.5,0.0,no
enfermería,urgencias,49.8,2374.723,2.0,2.3,3.1,no,46.0,mujer,fijo,centro B,28.0,7.539674706899511,4.7,0.0,sí
medicina,quirofano,35.5,1719.056,2.0,3.0,1.2,no,30.0,mujer,interino,centro E,12.0,-20.316222037925957,-99.0,1.0,sí
medicina,PLANTA,35.5,1673.52,3.0,2.4,7.8,no,41.0,mujer,eventual,centro D,5.0,-7.224445933999968,15.2,0.0,no
medicina,uci,47.6,2222.476,1.0,3.6,11.6,no,49.0,hombre,fijo,centro B,20.0,-5.773595257067079,20.2,0.0,no
enfermería,consultas,30.6,1362.85,3.0,4.2,14.5,no,44.0,hombre,interino,centro C,43.0,-39.4788967988672,10.3,0.0,no
medicina,planta,40.6,1825.915,3.0,4.1,16.5,sí,31.0,mujer,interino,centro C,74.0,-17.66849782756519,14.6,1.0,sí
medicina,urgencias,34.1,1534.105,5.0,2.0,3.6,no,45.0,mujer,fijo,centro B,64.0,-13.813401749330428,17.6,0.0,no
auxiliar,consultas,44.1,2021.186,0.0,3.2,9.2,no,41.0,mujer,fijo,centro B,11.0,-4.058110380473655,-99.0,2.0,no
medicina,oncologia,39.4,1781.738,4.0,2.4,8.4,no,27.0,hombre,fijo,centro A,30.0,-9.183624223240018,4.7,4.0,no
medicina,URGENCIAS,47.8,2205.149,3.0,2.8,10.4,no,49.0,mujer,interino,centro D,22.0,23.09006537183645,2.7,0.0,sí
enfermería,uci,38.3,1735.07,6.0,3.4,3.6,no,41.0,hombre,fijo,centro B,45.0,6.402437921577175,17.4,0.0,no
medicina,uci,42.6,1943.195,3.0,2.9,27.1,sí,40.0,hombre,interino,centro A,32.0,-10.831535094669029,5.0,1.0,no
administración,  planta ,42.9,1953.885,1.0,2.2,10.3,no,53.0,mujer,fijo,centro C,40.0,-7.020346805576342,13.0,2.0,sí
administración,CONSULTAS,41.5,1960.483,0.0,2.5,1.1,no,32.0,mujer,interino,centro E,33.0,-21.76580854649386,37.6,2.0,sí
auxiliar,planta,33.9,1542.361,6.0,4.4,3.7,no,22.0,mujer,fijo,centro D,3.0,-13.251739525372194,2.5,1.0,sí
medicina,planta,34.2,1541.271,0.0,2.2,9.5,no,44.0,mujer,fijo,centro D,29.0,-14.655085488720303,13.9,1.0,no
auxiliar,  uci ,36.0,1606.221,3.0,4.0,8.4,no,43.0,mujer,eventual,centro C,54.0,-6.150423048608371,6.0,3.0,sí
celador,planta,43.3,1980.629,4.0,3.6,13.4,sí,40.0,mujer,interino,centro B,24.0,-12.464091809519989,21.0,2.0,sí
enfermería,consultas,34.1,1573.383,4.0,5.0,7.7,no,35.0,mujer,fijo,centro D,60.0,-15.781623539505986,7.9,4.0,no
enfermería,  urgencias ,34.9,1619.336,0.0,2.3,8.0,sí,45.0,mujer,interino,centro E,26.0,-3.633392376333906,41.3,0.0,sí
administración,consultas,28.2,1290.869,0.0,2.7,7.8,sí,34.0,hombre,eventual,centro C,59.0,-26.8085223785265,-99.0,2.0,no
auxiliar,URGENCIAS,38.0,1758.927,6.0,2.7,2.0,sí,40.0,hombre,fijo,centro C,42.0,6.902217000208525,0.5,1.0,no
auxiliar,quirófano,46.6,2186.68,2.0,1.9,3.5,no,26.0,mujer,interino,centro C,37.0,4.625470095184372,26.9,0.0,no
enfermería,oncología,37.4,1716.448,4.0,3.4,7.3,sí,40.0,hombre,fijo,centro C,24.0,2.769678479066224,16.4,0.0,no
auxiliar,quirófano,40.0,1934.244,2.0,2.2,7.4,no,38.0,hombre,interino,centro C,26.0,-7.295654713106945,30.6,0.0,sí
medicina,consultas,32.1,1471.959,0.0,2.7,17.9,no,28.0,mujer,fijo,centro C,24.0,-0.5296944287619354,17.0,1.0,no
auxiliar,urgencias,35.3,1685.743,0.0,4.3,10.0,no,53.0,mujer,eventual,centro D,40.0,-21.203365602916968,7.3,2.0,sí
medicina,consultas,37.2,1700.026,0.0,4.3,22.7,no,26.0,mujer,N/D,centro A,5.0,-19.256407266408665,4.8,2.0,sí
celador,PLANTA,44.3,2008.092,0.0,2.4,3.2,no,55.0,mujer,interino,centro A,20.0,-3.7689551799098844,-99.0,2.0,no
celador,planta,37.9,1812.285,5.0,3.7,6.1,sí,35.0,mujer,interino,centro D,33.0,-13.685975219664755,13.6,0.0,sí
celador,PLANTA,32.7,1536.465,2.0,2.0,5.4,sí,53.0,mujer,fijo,centro A,33.0,-11.791124721099703,10.4,0.0,no
auxiliar,planta,25.5,1193.679,3.0,3.3,7.0,no,50.0,hombre,fijo,centro C,19.0,-26.901318312466458,1.9,0.0,no
enfermería,planta,28.4,1307.66,0.0,2.4,11.7,no,43.0,hombre,fijo,centro E,37.0,-23.486372789434977,13.9,1.0,no
enfermería,consultas,35.6,1647.433,0.0,2.8,12.1,sí,36.0,hombre,fijo,centro A,26.0,-8.4256704542711,31.3,1.0,sí
enfermería,planta,23.6,1102.652,0.0,3.4,5.6,no,53.0,mujer,eventual,centro E,52.0,-25.69519446573194,6.5,1.0,sí
administración,planta,27.3,1236.471,4.0,2.9,5.7,no,54.0,hombre,eventual,centro B,37.0,-23.81898882476731,30.0,0.0,sí
medicina,PLANTA,33.3,1518.906,4.0,2.9,5.5,no,37.0,hombre,N/D,centro E,10.0,-15.058439030058455,7.1,0.0,sí
administración,consultas,42.5,1950.236,4.0,4.2,6.9,sí,29.0,mujer,interino,centro E,20.0,1.0246825466538576,3.8,1.0,no
medicina,consultas,41.4,1919.125,3.0,2.1,10.8,no,35.0,mujer,interino,centro E,36.0,-0.8310718050771468,8.5,1.0,no
auxiliar,planta,29.3,1348.659,2.0,3.1,24.0,sí,46.0,mujer,fijo,centro D,33.0,-23.6798727641215,11.5,2.0,no
auxiliar,urgencias,36.2,1652.878,2.0,2.3,2.1,sí,46.0,mujer,fijo,centro C,52.0,-5.562924789555614,-99.0,0.0,no
enfermería,planta,36.6,1698.777,3.0,3.1,6.8,no,39.0,hombre,interino,centro E,11.0,-14.796955722465007,7.5,0.0,sí
enfermería,quirófano,29.5,1334.707,4.0,2.9,14.2,no,47.0,mujer,interino,centro B,41.0,-28.98814776609954,25.5,0.0,no
enfermería,urgencias,35.9,1657.175,4.0,2.8,6.4,no,28.0,mujer,interino,centro A,28.0,-14.48549256796231,-99.0,1.0,sí
auxiliar,planta,40.8,1871.235,2.0,4.7,6.7,no,53.0,mujer,fijo,centro A,15.0,0.0779826608182983,-99.0,0.0,sí
administración,consultas,39.8,1845.554,5.0,2.8,4.5,no,31.0,mujer,fijo,centro A,65.0,-14.23378588245657,9.1,0.0,no
auxiliar,quirófano,32.2,1459.051,3.0,2.0,5.7,sí,36.0,mujer,fijo,centro D,61.0,-33.317707516530874,6.7,1.0,no
administración,uci,53.6,2419.5,0.0,2.9,15.1,no,34.0,mujer,eventual,centro A,8.0,34.172632012097935,27.0,0.0,no
medicina,  consultas ,26.2,1198.198,1.0,2.6,26.4,no,40.0,hombre,fijo,centro E,30.0,-31.299310134188527,15.2,2.0,no
enfermería,oncologia,42.5,1945.367,0.0,2.8,8.0,sí,37.0,hombre,fijo,centro D,30.0,-17.272896304937348,12.8,2.0,no
medicina,PLANTA,45.9,2159.86,3.0,3.9,6.0,sí,50.0,mujer,fijo,centro B,61.0,8.640713519160508,16.3,0.0,sí
auxiliar,oncologia,28.7,1337.385,2.0,2.4,5.9,no,51.0,mujer,interino,centro D,83.0,-25.402832935935216,9.6,0.0,sí
medicina,quirófano,41.4,1979.825,3.0,3.6,7.3,no,45.0,mujer,interino,centro A,30.0,-2.124863178855207,3.2,2.0,sí
auxiliar,uci,32.3,1498.273,3.0,3.8,21.5,no,28.0,mujer,interino,centro C,48.0,-30.89921570955764,11.0,2.0,sí
administración,quirófano,25.3,1128.589,6.0,3.0,15.4,sí,28.0,mujer,fijo,centro B,27.0,-45.26352540542445,20.4,0.0,no
enfermería,planta,38.7,1766.817,1.0,4.5,6.9,no,22.0,hombre,fijo,centro A,54.0,-11.025320443052472,16.0,3.0,sí
auxiliar,ONCOLOGÍA,40.0,1807.578,1.0,2.5,16.0,no,57.0,hombre,fijo,centro B,50.0,-6.3080919540593,8.2,0.0,sí
celador,  planta ,33.6,1567.658,0.0,1.2,8.8,no,42.0,mujer,eventual,centro B,14.0,-15.919234101264976,26.7,4.0,no
auxiliar,urgencias,46.0,2116.872,0.0,3.3,0.9,sí,55.0,mujer,interino,centro A,46.0,6.787191594463843,20.6,0.0,sí
administración,CONSULTAS,46.5,2141.621,4.0,2.9,3.0,no,58.0,mujer,fijo,centro E,31.0,26.37527373063091,9.2,1.0,sí
auxiliar,planta,44.6,2069.243,0.0,4.4,18.8,sí,60.0,mujer,fijo,centro C,40.0,5.6561091102793455,3.0,1.0,no
enfermería,planta,44.9,2018.156,4.0,2.9,8.4,sí,41.0,mujer,eventual,centro C,19.0,12.943857586189898,10.1,0.0,no
enfermería,quirófano,58.0,2642.468,1.0,2.7,3.8,no,60.0,mujer,eventual,centro E,56.0,42.922386252826584,7.5,1.0,no
medicina,urgencias,48.5,2210.368,2.0,2.4,10.4,sí,43.0,mujer,interino,centro B,64.0,15.196634514047425,11.9,2.0,sí
auxiliar,oncologia,39.6,1855.9,5.0,5.0,3.2,sí,45.0,mujer,N/D,centro B,5.0,-1.5912819576709805,13.8,0.0,sí
enfermería,planta,31.6,1491.415,6.0,2.5,21.0,no,40.0,mujer,interino,centro C,21.0,-34.25825695711886,3.6,1.0,sí
enfermería,consultas,42.2,1995.678,0.0,2.8,12.8,sí,50.0,mujer,interino,centro E,56.0,-19.813346707211977,5.0,0.0,sí
enfermería,oncología,47.1,2213.653,7.0,2.5,1.0,no,42.0,hombre,fijo,centro C,29.0,39.200807851922065,20.2,1.0,no
enfermería,uci,29.9,1374.24,0.0,4.6,23.7,sí,43.0,mujer,fijo,centro C,15.0,-13.862902427750505,3.9,0.0,sí
enfermería,  consultas ,43.9,1996.164,4.0,4.6,5.6,no,40.0,hombre,interino,centro A,55.0,4.1699288142916275,7.2,0.0,sí
administración,planta,39.3,1850.442,4.0,4.2,5.6,no,42.0,mujer,fijo,centro E,41.0,-6.404997373825395,12.3,0.0,no
enfermería,planta,52.1,2379.049,2.0,2.6,15.0,sí,26.0,hombre,fijo,centro E,88.0,34.25499380594671,4.6,0.0,no
administración,urgencias,37.1,1747.208,1.0,5.0,12.5,no,39.0,mujer,interino,centro D,17.0,-6.346616741509683,30.1,2.0,no
celador,uci,31.0,1403.871,4.0,3.2,2.3,no,31.0,mujer,interino,centro E,11.0,-10.360390775071169,31.3,0.0,sí
enfermería,UCI,49.3,2267.834,0.0,2.0,1.1,sí,59.0,hombre,eventual,centro B,34.0,10.80731944731681,45.3,3.0,sí
celador,consultas,37.0,1723.285,3.0,2.6,42.3,no,38.0,mujer,interino,centro A,33.0,-29.12707242897703,61.2,2.0,no
enfermería,urgencias,41.6,1888.602,5.0,2.1,6.4,sí,31.0,mujer,interino,centro C,16.0,11.884342490996492,11.6,1.0,sí
enfermería,oncología,48.5,2236.123,3.0,2.6,6.4,no,32.0,mujer,fijo,centro A,25.0,15.510209934650371,10.6,0.0,no
auxiliar,consultas,37.8,1705.64,0.0,1.8,26.5,no,47.0,hombre,fijo,centro D,64.0,-17.392791218088572,19.4,4.0,sí
auxiliar,quirofano,46.4,2168.468,3.0,3.0,9.7,no,35.0,hombre,eventual,centro A,3.0,1.547882065383348,5.5,0.0,sí
enfermería,urgencias,46.7,2167.337,0.0,3.1,7.2,no,42.0,hombre,fijo,centro D,68.0,16.034156757007796,55.4,0.0,no
auxiliar,planta,54.6,2500.951,3.0,2.3,29.6,sí,41.0,hombre,fijo,centro B,21.0,41.78235556053972,4.1,1.0,sí
celador,consultas,47.7,2171.967,3.0,3.2,5.6,sí,26.0,mujer,interino,centro E,14.0,34.87941481935641,34.0,0.0,sí
medicina,CONSULTAS,37.2,1732.236,3.0,3.1,13.6,sí,46.0,mujer,fijo,centro E,37.0,3.580917833613963,12.3,2.0,sí
auxiliar,planta,31.2,1431.757,0.0,2.8,19.5,no,43.0,hombre,fijo,centro D,12.0,-22.11888974340266,-99.0,1.0,sí
auxiliar,quirófano,52.4,2472.184,2.0,1.9,11.1,sí,54.0,mujer,eventual,centro E,23.0,28.87631176716142,19.5,1.0,sí
administración,planta,47.5,2161.33,7.0,3.1,7.0,sí,43.0,hombre,eventual,centro C,17.0,35.12448708571152,5.0,1.0,no
enfermería,PLANTA,37.6,1680.263,1.0,2.4,4.6,no,64.0,mujer,fijo,centro C,9.0,-7.5843045958951985,13.3,1.0,no
administración,QUIRÓFANO,29.5,1384.881,1.0,4.5,2.9,no,33.0,mujer,eventual,centro C,29.0,-22.137550643338585,23.3,1.0,sí
auxiliar,consultas,29.2,1358.442,5.0,4.4,6.2,no,36.0,mujer,eventual,centro E,100.0,-36.562759556139625,12.3,1.0,sí
medicina,URGENCIAS,32.6,1560.342,0.0,4.0,16.3,no,66.0,mujer,fijo,centro C,84.0,-10.375430421395505,7.8,2.0,no
medicina,oncología,40.9,1825.771,4.0,2.9,10.5,no,42.0,mujer,N/D,centro A,13.0,-3.381927096413719,4.0,1.0,no
enfermería,  uci ,46.4,2240.241,2.0,3.5,25.0,sí,43.0,hombre,interino,centro C,17.0,3.7784160774991093,15.7,0.0,sí
auxiliar,consultas,34.1,1549.205,4.0,3.0,2.1,sí,37.0,mujer,fijo,centro E,7.0,-25.617885331665057,7.4,2.0,sí
administración,  consultas ,38.5,1803.116,0.0,4.2,16.4,sí,36.0,mujer,fijo,centro B,48.0,-13.295064443946037,24.9,1.0,no
administración,  planta ,32.2,1425.979,2.0,2.8,2.1,sí,30.0,hombre,fijo,centro E,8.0,-22.08803864839291,12.7,1.0,no
enfermería,planta,45.4,2136.982,0.0,3.3,10.4,sí,27.0,hombre,eventual,centro B,15.0,6.0321957541761515,5.6,1.0,sí
administración,planta,43.6,2042.449,1.0,3.7,6.2,sí,54.0,mujer,fijo,centro C,28.0,-7.734085049176031,3.9,1.0,no
auxiliar,urgencias,43.4,1987.625,0.0,1.5,5.0,no,57.0,mujer,fijo,centro A,5.0,-3.74567558533996,3.8,0.0,sí
medicina,planta,20.0,907.905,4.0,2.8,13.0,sí,53.0,mujer,fijo,centro E,53.0,-37.177499951981105,33.9,0.0,no
medicina,urgencias,45.9,2120.633,1.0,3.3,3.6,no,42.0,mujer,fijo,centro D,57.0,11.976208317865803,4.3,1.0,no
enfermería,consultas,40.0,1824.208,4.0,2.4,5.5,no,41.0,mujer,fijo,centro D,71.0,3.9265139745282855,5.4,1.0,no
auxiliar,uci,28.6,1315.767,3.0,2.2,14.9,sí,40.0,mujer,eventual,centro D,20.0,-13.79862494516752,2.6,2.0,sí
auxiliar,urgencias,46.0,2129.94,1.0,5.0,20.9,no,41.0,mujer,fijo,centro B,36.0,10.612428340065499,5.1,2.0,sí
celador,planta,38.4,1778.977,5.0,3.7,17.7,no,43.0,mujer,interino,centro B,20.0,-9.207596111334185,11.2,0.0,no
celador,urgencias,42.5,1986.715,3.0,3.8,17.7,no,48.0,mujer,N/D,centro E,25.0,-1.4389118814418589,4.6,1.0,sí
auxiliar,PLANTA,36.3,1700.348,3.0,2.3,14.6,sí,33.0,hombre,fijo,centro A,22.0,-1.7899928445406887,18.9,2.0,no
medicina,urgencias,40.2,1826.975,3.0,4.0,16.2,sí,42.0,mujer,interino,centro D,28.0,3.585733614530309,6.6,2.0,no
enfermería,consultas,46.3,2162.562,0.0,3.7,2.8,sí,52.0,mujer,eventual,centro E,18.0,20.21590550791408,63.1,0.0,sí
celador,consultas,38.2,1723.173,1.0,2.6,32.2,no,47.0,mujer,fijo,centro E,10.0,1.4062976639349323,36.2,2.0,sí
medicina,planta,44.1,2051.794,4.0,1.7,4.4,sí,34.0,mujer,interino,centro D,12.0,8.064462225186473,14.2,0.0,sí
administración,oncología,48.6,2296.296,5.0,3.7,6.5,no,43.0,hombre,interino,centro C,51.0,19.332455742597297,3.7,2.0,sí
administración,consultas,42.6,1930.927,2.0,2.2,8.6,no,41.0,mujer,eventual,centro E,5.0,10.12234710221384,5.3,0.0,no
medicina,CONSULTAS,50.1,2298.866,4.0,3.7,9.5,no,30.0,mujer,fijo,centro E,48.0,32.16940577091461,22.6,0.0,sí
enfermería,oncología,44.6,2057.973,0.0,2.0,12.3,no,57.0,mujer,fijo,centro B,19.0,-7.800812042545987,10.5,0.0,no
administración,urgencias,39.3,1785.551,1.0,2.3,14.6,no,55.0,mujer,fijo,centro E,88.0,-10.153801353010678,10.7,0.0,sí
enfermería,planta,31.1,1398.257,6.0,3.9,5.5,no,37.0,mujer,interino,centro A,32.0,-30.77383787415395,16.6,1.0,sí
medicina,planta,39.6,1770.469,0.0,3.1,16.2,no,45.0,hombre,interino,centro C,14.0,1.3451408319836737,39.7,0.0,no
enfermería,planta,51.6,2377.46,4.0,3.8,8.5,no,36.0,mujer,N/D,centro B,2.0,55.439499281942396,4.3,0.0,no
enfermería,  planta ,40.2,1875.431,1.0,2.9,16.8,sí,33.0,mujer,fijo,centro B,30.0,0.19078285167380393,-99.0,0.0,sí
enfermería,  urgencias ,34.1,1541.355,0.0,4.0,11.2,no,32.0,mujer,interino,centro C,54.0,-13.093685549232916,14.4,0.0,no
enfermería,planta,36.4,1694.759,0.0,3.9,19.2,sí,53.0,mujer,eventual,centro B,8.0,-2.4837252636628637,17.0,2.0,sí
auxiliar,  quirófano ,37.6,1733.56,0.0,3.7,6.1,sí,34.0,mujer,interino,centro A,53.0,-28.525657048705078,23.6,1.0,no
auxiliar,  oncología ,44.1,2096.263,1.0,4.5,4.7,sí,28.0,mujer,N/D,centro C,14.0,-11.574336652761579,5.7,2.0,no
medicina,ONCOLOGÍA,41.2,1840.01,0.0,3.7,8.6,no,46.0,mujer,fijo,centro C,19.0,-12.477177352461633,18.0,1.0,no
administración,CONSULTAS,43.2,2069.133,1.0,3.2,2.6,sí,55.0,hombre,fijo,centro E,14.0,-6.4015893384235465,5.4,2.0,no
auxiliar,urgencias,28.3,1284.841,3.0,3.1,9.1,sí,60.0,mujer,eventual,centro C,44.0,-19.767068929971305,20.5,0.0,sí
enfermería,quirófano,43.3,2005.84,2.0,4.6,3.7,no,26.0,mujer,fijo,centro C,7.0,5.01661938770792,11.0,1.0,sí
medicina,CONSULTAS,35.4,1695.317,4.0,2.6,11.1,no,35.0,mujer,fijo,centro C,24.0,-8.475316460134145,16.2,2.0,no
celador,urgencias,31.5,1482.417,3.0,2.6,4.9,sí,42.0,hombre,fijo,centro E,68.0,-23.081923108449875,30.9,0.0,sí
enfermería,consultas,39.0,1790.569,0.0,2.3,2.3,sí,49.0,hombre,fijo,centro A,43.0,-15.353999918640536,9.0,0.0,no
medicina,planta,32.5,1461.841,3.0,2.6,10.6,sí,24.0,hombre,interino,centro C,6.0,-17.01432295616095,19.0,2.0,sí
enfermería,planta,41.2,1859.115,1.0,2.6,9.1,sí,37.0,mujer,fijo,centro C,3.0,0.5289210759814265,4.6,2.0,no
auxiliar,quirófano,37.7,1720.083,0.0,2.4,5.1,sí,51.0,mujer,fijo,centro D,66.0,-13.260980042650132,10.3,0.0,sí
auxiliar,planta,38.4,1787.185,2.0,3.2,16.9,sí,35.0,mujer,fijo,centro A,5.0,-2.3887635770268556,17.9,0.0,no
enfermería,urgencias,37.0,1793.803,5.0,2.8,4.8,no,40.0,hombre,interino,centro B,22.0,-5.205505738939689,6.0,0.0,sí
enfermería,  consultas ,38.4,1788.121,5.0,3.5,6.3,sí,53.0,mujer,eventual,centro E,49.0,-9.93159441927665,78.8,0.0,no
medicina,consultas,38.9,1791.015,5.0,1.0,13.4,no,39.0,mujer,fijo,centro A,7.0,6.843005931297183,6.5,0.0,sí
enfermería,uci,34.0,1515.515,0.0,3.0,14.2,sí,35.0,mujer,eventual,centro C,41.0,-9.25255806322478,6.9,0.0,sí
administración,  planta ,35.1,1590.472,4.0,4.3,2.4,sí,61.0,hombre,fijo,centro A,14.0,-20.64563813680069,14.4,2.0,sí
enfermería,consultas,32.5,1525.509,0.0,1.0,14.9,no,50.0,mujer,fijo,centro E,14.0,-24.483691965971587,13.1,0.0,no
enfermería,consultas,37.1,1802.898,4.0,2.8,8.7,sí,57.0,mujer,interino,centro E,52.0,-11.460403611914113,6.8,0.0,no
administración,urgencias,34.9,1644.179,0.0,3.3,3.2,no,30.0,mujer,interino,centro B,28.0,-19.85556638843268,14.0,1.0,no
enfermería,quirófano,46.6,2133.779,1.0,3.5,6.6,no,36.0,mujer,interino,centro E,10.0,8.899876361970023,9.3,1.0,no
enfermería,consultas,27.8,1274.084,1.0,1.9,1.3,sí,42.0,hombre,interino,centro D,13.0,-16.034468771335074,22.1,0.0,no
celador,urgencias,20.0,926.088,5.0,4.3,3.4,sí,40.0,mujer,eventual,centro E,7.0,-23.161075364497584,-99.0,1.0,sí
medicina,  urgencias ,38.1,1769.737,1.0,2.9,15.3,no,42.0,mujer,interino,centro D,21.0,2.5179378230547584,20.5,0.0,no
medicina,consultas,33.3,1482.08,2.0,5.0,7.8,no,52.0,mujer,interino,centro D,21.0,-16.684246048004177,11.7,1.0,sí
auxiliar,planta,41.0,1979.846,1.0,4.7,7.9,sí,48.0,hombre,fijo,centro E,30.0,5.285464231231714,115.6,0.0,sí
enfermería,urgencias,39.8,1796.579,0.0,5.0,20.5,sí,39.0,mujer,fijo,centro A,43.0,-1.9459902036796262,4.7,2.0,sí
medicina,planta,32.2,1455.864,6.0,2.6,11.3,no,31.0,mujer,fijo,centro D,20.0,-20.034698769611875,12.2,2.0,no
auxiliar,  uci ,38.6,1756.719,0.0,3.5,16.1,sí,30.0,mujer,interino,centro E,45.0,-5.406940788275879,43.9,0.0,no
auxiliar,consultas,35.3,1608.482,6.0,2.9,4.4,no,36.0,mujer,interino,centro C,23.0,-7.985042643078728,11.6,2.0,no
medicina,urgencias,38.8,1811.264,0.0,3.4,9.5,sí,47.0,mujer,fijo,centro A,15.0,14.17060130917177,29.0,0.0,no
auxiliar,consultas,45.8,2102.653,1.0,3.8,5.8,no,50.0,mujer,fijo,centro D,18.0,10.454608117014219,19.4,1.0,no
administración,uci,36.6,1728.163,4.0,2.9,8.9,sí,55.0,mujer,eventual,centro B,46.0,-16.453366400515797,20.1,0.0,sí
enfermería,uci,45.7,2049.413,1.0,4.1,9.8,no,46.0,mujer,N/D,centro A,21.0,-2.897261948134651,8.4,2.0,sí
auxiliar,  quirófano ,42.6,1896.038,2.0,1.0,5.8,sí,51.0,mujer,eventual,centro C,14.0,2.2320069575331676,16.7,3.0,sí
enfermería,uci,25.2,1142.463,5.0,4.6,15.2,no,46.0,hombre,eventual,centro B,48.0,-25.82060067270651,1.3,0.0,no
celador,oncología,37.8,1778.145,0.0,2.2,4.7,sí,43.0,hombre,fijo,centro A,14.0,-21.44830921527192,8.2,1.0,sí
medicina,oncología,31.6,1457.9,2.0,1.5,3.9,sí,34.0,hombre,fijo,centro B,37.0,-1.0704123480475047,-99.0,0.0,sí
auxiliar,quirófano,36.6,1686.995,6.0,4.5,0.8,sí,36.0,mujer,interino,centro D,19.0,-0.785214540455236,3.4,2.0,no
medicina,urgencias,33.8,1562.243,4.0,2.0,10.2,no,42.0,hombre,fijo,centro C,27.0,-15.600345123557261,7.8,1.0,no
enfermería,planta,45.4,2114.597,3.0,3.4,8.1,no,39.0,mujer,eventual,centro D,25.0,9.512944906286016,11.9,0.0,no
medicina,oncología,39.6,1900.94,3.0,3.1,7.0,sí,41.0,mujer,fijo,centro E,11.0,-8.085275423553938,12.2,0.0,sí
administración,oncologia,44.5,2060.761,0.0,3.0,14.0,no,30.0,mujer,eventual,centro D,98.0,8.098003494207681,-99.0,2.0,sí
enfermería,urgencias,27.5,1276.298,5.0,2.3,3.3,sí,23.0,mujer,interino,centro C,12.0,-19.881097918761995,10.0,1.0,no
enfermería,planta,34.6,1601.028,1.0,2.3,18.1,no,36.0,mujer,interino,centro D,56.0,-22.96967771178623,4.7,2.0,sí
administración,urgencias,40.6,1805.872,4.0,3.4,6.1,no,56.0,hombre,N/D,centro D,9.0,-1.2570673842124347,-99.0,2.0,no
administración,  consultas ,42.3,1909.836,0.0,2.6,4.3,sí,38.0,mujer,interino,centro A,26.0,4.6723302501629576,5.5,2.0,no
celador,urgencias,34.7,1563.138,0.0,4.2,14.0,sí,37.0,mujer,interino,centro E,81.0,-20.57648901421822,18.1,0.0,no
celador,urgencias,32.1,1446.101,2.0,3.9,9.9,sí,42.0,mujer,N/D,centro B,32.0,-16.46603856615453,6.7,3.0,no
administración,planta,37.3,1712.595,5.0,4.5,6.0,no,49.0,mujer,interino,centro C,28.0,-16.162423040540823,7.2,1.0,sí
celador,consultas,37.5,1713.356,1.0,2.7,13.2,sí,25.0,mujer,interino,centro E,18.0,-3.51545055372112,6.9,0.0,sí
enfermería,  consultas ,39.4,1885.84,0.0,2.7,7.5,sí,50.0,mujer,fijo,centro C,10.0,-2.607255038564311,5.9,0.0,no
auxiliar,URGENCIAS,37.4,1684.705,0.0,3.0,4.9,no,55.0,mujer,fijo,centro B,18.0,-21.728714124297355,-99.0,0.0,no
auxiliar,uci,35.8,1667.393,0.0,5.0,3.7,no,39.0,hombre,interino,centro A,68.0,-10.356942433281375,14.1,2.0,sí
administración,  quirófano ,44.6,2084.813,0.0,4.0,2.7,no,27.0,hombre,fijo,centro A,25.0,0.42163954896272315,6.5,1.0,sí
auxiliar,uci,32.3,1559.259,7.0,2.4,2.8,sí,40.0,hombre,eventual,centro A,92.0,-8.363368625789509,28.5,1.0,sí
auxiliar,planta,26.7,1199.876,0.0,4.6,4.6,sí,40.0,hombre,fijo,centro E,30.0,-33.51308233321966,98.2,4.0,no
enfermería,planta,31.9,1465.235,3.0,1.0,13.8,sí,42.0,hombre,fijo,centro C,2.0,-3.436828752419263,4.9,2.0,no
auxiliar,QUIRÓFANO,47.5,2190.024,2.0,3.5,14.6,no,53.0,mujer,fijo,centro B,29.0,14.577840797457199,-99.0,1.0,no
enfermería,  quirófano ,42.2,1931.206,2.0,3.9,4.4,no,51.0,mujer,fijo,centro E,8.0,2.8415704405754525,12.9,0.0,sí
medicina,oncología,35.4,1625.749,6.0,4.7,6.0,no,59.0,mujer,fijo,centro E,21.0,-15.65806306555033,18.6,2.0,sí
auxiliar,planta,38.3,1798.113,1.0,4.1,2.2,sí,45.0,mujer,eventual,centro D,3.0,6.962927262318942,11.4,0.0,no
auxiliar,oncologia,36.6,1669.191,3.0,3.0,4.7,no,33.0,hombre,N/D,centro E,34.0,6.324359373631008,14.9,0.0,sí
administración,oncología,40.7,1824.713,2.0,4.8,2.4,no,46.0,mujer,fijo,centro C,20.0,-21.247369025514647,5.2,2.0,no
medicina,  urgencias ,39.9,1841.266,5.0,3.6,5.6,sí,61.0,mujer,interino,centro E,33.0,-12.488464675683362,14.3,0.0,no
enfermería,ONCOLOGÍA,39.1,1811.792,5.0,4.4,1.8,no,32.0,mujer,eventual,centro A,24.0,-5.203042029582868,16.8,0.0,sí
administración,uci,42.2,1867.375,0.0,3.0,32.2,no,54.0,mujer,fijo,centro E,15.0,-13.711680424933347,34.6,0.0,no
enfermería,consultas,30.5,1381.29,0.0,3.7,4.3,no,35.0,hombre,interino,centro A,65.0,-23.980154908846817,47.3,2.0,no
medicina,uci,35.1,1620.636,0.0,3.9,3.7,no,39.0,mujer,N/D,centro C,27.0,-12.66419354108633,44.4,4.0,sí
celador,planta,39.3,1809.02,0.0,2.5,9.8,no,36.0,mujer,fijo,centro B,18.0,-21.611514710607793,3.8,0.0,no
enfermería,consultas,35.2,1623.644,3.0,3.1,25.7,no,57.0,mujer,fijo,centro B,43.0,-4.392481200524449,45.4,0.0,no
medicina,urgencias,40.1,1821.95,6.0,2.5,11.2,no,31.0,mujer,fijo,centro D,41.0,-6.112711181586538,20.3,2.0,no
medicina,planta,36.2,1642.417,3.0,3.7,6.3,sí,28.0,mujer,fijo,centro C,19.0,-7.145876824443215,-99.0,0.0,sí
administración,planta,46.8,2134.648,0.0,2.3,6.6,sí,40.0,mujer,fijo,centro C,16.0,8.696142946971307,23.9,2.0,no
medicina,urgencias,34.5,1637.541,0.0,2.3,12.0,no,43.0,mujer,fijo,centro D,5.0,-22.004383553696517,-99.0,1.0,sí
auxiliar,consultas,39.1,1837.844,0.0,3.7,7.8,sí,54.0,mujer,fijo,centro E,41.0,-19.60551160781201,50.9,4.0,no
medicina,uci,31.0,1416.647,0.0,4.7,18.3,no,39.0,mujer,fijo,centro C,16.0,-20.4769907653721,14.2,3.0,sí
medicina,planta,31.9,1444.833,4.0,2.0,5.8,no,57.0,mujer,fijo,centro D,32.0,-4.943079224274934,13.0,2.0,sí
auxiliar,  planta ,44.6,2057.548,2.0,3.0,10.8,no,62.0,mujer,interino,centro A,50.0,-3.6998334992487045,-99.0,1.0,no
auxiliar,PLANTA,30.0,1416.481,3.0,4.0,3.4,no,39.0,mujer,fijo,centro A,23.0,-30.18131745975901,2.3,1.0,sí
medicina,urgencias,33.5,1530.217,3.0,4.0,12.0,sí,57.0,hombre,interino,centro A,97.0,-3.317215834120381,4.2,2.0,sí
enfermería,uci,43.0,1954.438,5.0,2.3,7.0,no,52.0,mujer,eventual,centro B,9.0,24.3985145152676,27.9,1.0,no
medicina,  consultas ,32.5,1499.356,4.0,3.1,9.5,sí,36.0,mujer,interino,centro C,15.0,-33.23968175295502,17.2,1.0,no
celador,planta,35.5,1619.675,1.0,2.4,14.5,no,47.0,mujer,eventual,centro B,7.0,-8.451995740718349,4.5,0.0,sí
auxiliar,planta,38.7,1791.087,4.0,2.9,3.8,sí,54.0,mujer,fijo,centro A,37.0,-18.23795861376372,44.9,0.0,sí
auxiliar,consultas,33.2,1540.366,1.0,3.1,18.8,sí,53.0,mujer,interino,centro D,30.0,-10.404365488318001,11.8,0.0,no
medicina,quirófano,51.2,2315.082,2.0,2.8,14.6,no,40.0,mujer,eventual,centro D,43.0,26.84633071814184,3.3,2.0,no
medicina,planta,43.0,1960.362,4.0,3.9,4.7,no,38.0,mujer,interino,centro C,9.0,-0.9788058774063266,27.6,0.0,sí
auxiliar,planta,30.1,1422.202,0.0,2.2,9.2,no,38.0,mujer,fijo,centro D,5.0,-15.754546792481344,9.8,0.0,sí
enfermería,quirofano,38.3,1729.666,1.0,2.9,24.7,no,44.0,hombre,interino,centro E,109.0,-10.180741107644339,3.2,2.0,no
medicina,urgencias,33.2,1542.941,2.0,2.2,8.4,no,33.0,mujer,eventual,centro D,25.0,10.65352041799374,22.6,0.0,sí
celador,planta,43.4,1918.476,0.0,1.4,6.4,no,38.0,hombre,fijo,centro D,21.0,2.6057183937114465,13.5,0.0,no
auxiliar,  planta ,31.9,1482.766,0.0,2.7,9.4,sí,40.0,mujer,eventual,centro E,82.0,-24.457428142032054,41.3,2.0,sí
medicina,  urgencias ,28.7,1311.907,0.0,2.0,13.4,no,48.0,mujer,interino,centro E,5.0,-6.652789741308988,7.1,2.0,no
enfermería,oncología,40.0,1853.015,3.0,3.5,8.1,no,46.0,mujer,N/D,centro E,36.0,2.9326052208166065,10.8,2.0,sí
medicina,consultas,36.7,1729.091,2.0,2.4,6.0,sí,51.0,hombre,fijo,centro E,53.0,-16.76812030538803,7.0,1.0,sí
administración,urgencias,38.2,1777.32,4.0,2.8,1.9,sí,40.0,mujer,eventual,centro C,34.0,15.662465571426166,8.8,1.0,no
celador,QUIRÓFANO,39.6,1805.968,0.0,2.7,7.3,no,29.0,mujer,interino,centro D,3.0,1.6951459307911332,51.2,0.0,no
auxiliar,consultas,28.1,1264.667,5.0,3.1,4.5,sí,35.0,mujer,fijo,centro D,32.0,-24.74782958856417,6.9,1.0,sí
enfermería,planta,35.5,1608.926,2.0,2.6,3.0,no,46.0,hombre,fijo,centro C,108.0,-24.621054815214222,18.0,1.0,sí
celador,PLANTA,30.8,1423.594,3.0,3.4,4.9,sí,49.0,mujer,fijo,centro A,40.0,-31.423363062670973,55.9,0.0,no
medicina,UCI,34.9,1545.523,0.0,4.8,4.5,sí,43.0,hombre,fijo,centro C,56.0,-25.54484118020332,32.4,0.0,no
administración,CONSULTAS,40.7,1897.443,0.0,5.0,13.0,no,46.0,mujer,interino,centro D,5.0,-20.887564636880942,1.1,2.0,no
enfermería,PLANTA,49.7,2266.334,4.0,3.6,9.2,no,48.0,hombre,fijo,centro D,18.0,26.311437588286605,23.8,0.0,no
enfermería,oncología,47.8,2216.892,0.0,4.0,4.3,sí,43.0,mujer,N/D,centro C,12.0,10.327959062469247,4.5,0.0,no
celador,urgencias,40.2,1803.491,2.0,2.2,4.5,no,44.0,hombre,fijo,centro D,40.0,-4.739652788801599,8.0,0.0,sí
medicina,QUIRÓFANO,40.3,1827.944,3.0,1.0,11.6,sí,66.0,mujer,N/D,centro D,20.0,1.0949285430464122,86.0,2.0,sí
auxiliar,planta,44.1,2066.021,4.0,3.1,6.8,sí,22.0,mujer,fijo,centro C,31.0,10.022060185489188,47.4,1.0,no
auxiliar,planta,39.9,1831.481,3.0,3.2,14.4,sí,44.0,mujer,fijo,centro C,25.0,-6.966749650859407,8.6,4.0,sí
celador,planta,36.9,1638.683,0.0,4.6,8.5,no,55.0,hombre,fijo,centro C,28.0,-26.04061205640876,5.2,0.0,sí
celador,consultas,36.2,1668.162,0.0,4.3,16.0,no,49.0,hombre,interino,centro B,14.0,-29.242897558218118,5.5,0.0,sí
enfermería,  planta ,39.3,1822.684,3.0,3.0,7.0,sí,40.0,mujer,fijo,centro C,6.0,14.633737372167573,12.0,0.0,sí
auxiliar,quirófano,51.8,2367.394,2.0,3.2,23.1,no,25.0,mujer,fijo,centro B,6.0,29.083248178279014,7.2,1.0,sí
administración,quirófano,37.3,1734.26,2.0,1.6,3.6,sí,51.0,mujer,fijo,centro D,4.0,-11.951771670481234,7.0,1.0,sí
enfermería,ONCOLOGÍA,44.0,2045.812,0.0,3.0,3.3,sí,48.0,mujer,fijo,centro E,27.0,-0.6902276092081432,-99.0,0.0,no
enfermería,planta,40.7,1889.313,1.0,4.1,6.8,no,36.0,hombre,interino,centro A,30.0,-6.946646465855367,38.9,2.0,no
auxiliar,  planta ,47.2,2179.807,5.0,2.6,13.7,no,59.0,hombre,fijo,centro E,13.0,42.133107464095104,15.1,3.0,no
administración,CONSULTAS,33.8,1543.83,2.0,1.0,3.1,no,46.0,mujer,N/D,centro D,19.0,-12.058318991882317,4.2,3.0,sí
enfermería,planta,31.5,1450.4,4.0,4.7,1.3,no,22.0,mujer,fijo,centro B,6.0,-30.068036815001623,15.0,2.0,no
enfermería,URGENCIAS,28.0,1238.023,0.0,4.0,32.4,sí,22.0,mujer,interino,centro A,16.0,-30.456244815447718,19.4,1.0,no
enfermería,  urgencias ,31.8,1500.099,2.0,4.1,22.2,no,30.0,hombre,eventual,centro D,13.0,-20.223435507267908,11.1,2.0,no
medicina,oncología,43.1,2026.146,5.0,4.0,4.7,no,31.0,mujer,interino,centro B,18.0,10.99664219263667,5.6,1.0,no
enfermería,urgencias,39.2,1775.971,2.0,2.8,5.2,no,50.0,mujer,fijo,centro D,3.0,-8.986460417641045,27.3,0.0,no
enfermería,consultas,27.6,1218.506,3.0,4.9,23.9,no,32.0,mujer,eventual,centro E,29.0,-36.74912765053683,-99.0,2.0,sí
enfermería,CONSULTAS,46.0,2147.195,0.0,2.9,12.5,sí,48.0,mujer,fijo,centro A,18.0,2.8458989126661502,63.8,2.0,sí
medicina,uci,41.9,1914.163,6.0,4.6,8.0,no,43.0,mujer,eventual,centro A,43.0,-7.696226316942393,10.7,1.0,no
medicina,consultas,48.4,2202.308,3.0,4.1,8.0,sí,42.0,hombre,interino,centro C,37.0,7.939032715812752,8.3,3.0,no
medicina,planta,42.4,1934.595,4.0,2.8,14.0,no,51.0,hombre,fijo,centro D,58.0,-16.757993393470088,74.3,0.0,sí
auxiliar,consultas,33.0,1525.823,0.0,3.1,16.1,no,34.0,mujer,interino,centro D,19.0,-19.115219373325584,4.4,2.0,sí
administración,consultas,43.8,2002.384,3.0,3.2,15.1,sí,25.0,hombre,fijo,centro C,7.0,1.0670328460710707,25.7,0.0,no
medicina,consultas,42.4,1901.493,4.0,5.0,9.5,no,49.0,mujer,interino,centro E,18.0,3.328455389135545,2.4,1.0,sí
administración,urgencias,39.1,1835.835,2.0,3.4,11.1,no,39.0,mujer,interino,centro A,19.0,-7.715785990051565,5.7,1.0,no
administración,urgencias,45.2,2021.513,0.0,2.7,11.4,sí,40.0,mujer,fijo,centro E,51.0,3.1424481234223958,19.1,2.0,sí
administración,consultas,28.3,1271.046,5.0,5.0,16.7,no,42.0,mujer,eventual,centro B,32.0,-43.08982362425594,23.0,0.0,sí
enfermería,quirófano,43.8,2008.626,0.0,4.2,11.1,no,39.0,mujer,eventual,centro C,19.0,-4.616294438457979,-99.0,0.0,no
enfermería,planta,40.4,1855.256,4.0,4.8,8.7,sí,52.0,hombre,fijo,centro C,11.0,10.360523353097273,18.4,0.0,no
auxiliar,urgencias,44.9,2047.712,2.0,3.9,15.3,sí,51.0,hombre,interino,centro E,35.0,5.352411644435619,67.8,1.0,no
enfermería,planta,22.4,1018.791,0.0,3.8,10.1,no,49.0,hombre,eventual,centro D,20.0,-29.55280664460705,25.2,0.0,no
administración,planta,26.9,1246.203,3.0,3.4,11.0,sí,42.0,mujer,interino,centro E,49.0,-30.76605716454548,6.6,0.0,sí
medicina,quirófano,23.5,1103.205,1.0,4.4,1.9,sí,49.0,mujer,fijo,centro C,19.0,-21.946553109267175,25.7,2.0,no
administración,QUIRÓFANO,41.1,1919.381,0.0,5.0,2.4,no,53.0,hombre,fijo,centro E,14.0,-21.144527648357283,14.1,0.0,no
enfermería,consultas,42.9,1932.178,4.0,3.5,3.8,no,50.0,mujer,eventual,centro C,28.0,7.271403023051537,36.2,2.0,sí
medicina,urgencias,35.6,1617.255,3.0,4.2,33.7,sí,63.0,mujer,fijo,centro D,3.0,-7.904617746665652,31.2,0.0,no
medicina,urgencias,41.8,1955.241,2.0,2.3,10.8,sí,48.0,mujer,fijo,centro E,61.0,-2.4946670735425367,25.2,0.0,no
enfermería,urgencias,37.6,1720.507,2.0,3.3,9.2,no,38.0,hombre,N/D,centro B,5.0,-9.808887557616323,23.5,0.0,sí
enfermería,uci,33.3,1541.698,0.0,2.1,7.3,no,45.0,hombre,fijo,centro A,40.0,-21.32362102605796,10.5,1.0,no
enfermería,PLANTA,25.7,1171.36,1.0,5.0,10.1,no,45.0,mujer,fijo,centro C,24.0,-49.43015574932835,7.1,2.0,sí
medicina,oncología,54.3,2428.39,2.0,3.9,17.9,no,41.0,mujer,eventual,centro D,20.0,36.90834015054693,-99.0,0.0,sí
auxiliar,planta,41.2,1927.52,4.0,2.6,4.0,no,31.0,mujer,fijo,centro C,33.0,-6.2409163787298345,30.2,4.0,sí
administración,planta,37.7,1686.638,2.0,3.5,18.7,no,39.0,mujer,eventual,centro E,17.0,-13.284050497906188,42.0,2.0,no
enfermería,UCI,23.2,1062.981,0.0,2.8,9.6,no,40.0,mujer,interino,centro B,14.0,-26.572757879138567,2.8,2.0,no
enfermería,uci,37.8,1704.191,3.0,3.0,8.7,no,27.0,hombre,fijo,centro D,16.0,-10.515252561680075,-99.0,1.0,no
auxiliar,consultas,40.1,1835.667,0.0,3.0,9.8,sí,52.0,mujer,N/D,centro E,20.0,-0.5107490481457351,18.9,1.0,no
auxiliar,URGENCIAS,35.6,1686.553,3.0,1.8,11.6,no,45.0,hombre,interino,centro E,74.0,-14.664224058952088,5.7,0.0,no
medicina,oncología,36.6,1662.503,3.0,4.8,15.6,no,39.0,mujer,fijo,centro E,28.0,-11.497043179253287,26.6,0.0,sí
auxiliar,urgencias,39.6,1821.718,2.0,3.4,3.2,no,37.0,mujer,fijo,centro C,84.0,-9.086871978382321,22.1,0.0,sí
auxiliar,quirófano,44.4,2026.877,3.0,4.6,5.7,no,52.0,mujer,fijo,centro A,71.0,-1.162461058729221,16.6,0.0,no
enfermería,consultas,26.3,1226.226,2.0,2.8,3.7,sí,34.0,mujer,fijo,centro C,16.0,-36.60897955930617,31.1,1.0,sí
administración,planta,43.1,2057.557,0.0,3.6,10.4,no,44.0,hombre,fijo,centro D,50.0,-17.170923161924193,8.5,0.0,no
enfermería,urgencias,39.7,1775.346,2.0,4.5,7.0,sí,29.0,hombre,eventual,centro C,33.0,-17.82650236110814,6.2,0.0,no
auxiliar,quirofano,44.0,2016.216,1.0,1.8,11.4,no,38.0,hombre,interino,centro E,28.0,2.37213596830443,9.5,2.0,no
medicina,planta,40.3,1816.739,1.0,4.1,11.1,sí,44.0,mujer,fijo,centro B,25.0,0.8013494950715181,41.9,1.0,sí
enfermería,uci,25.0,1097.29,2.0,2.9,14.1,no,29.0,mujer,eventual,centro B,4.0,-39.13137040423497,7.2,1.0,no
enfermería,quirófano,37.3,1709.508,4.0,1.3,9.5,sí,54.0,hombre,fijo,centro D,47.0,-13.311604783412957,34.4,1.0,sí
enfermería,oncología,31.0,1419.612,2.0,2.4,1.4,sí,27.0,hombre,fijo,centro C,68.0,-13.247826949045331,20.0,2.0,sí
medicina,urgencias,44.2,2012.916,5.0,1.6,9.2,no,41.0,mujer,fijo,centro C,45.0,15.673629353781156,7.5,0.0,sí
enfermería,consultas,51.1,2393.25,1.0,1.6,17.4,no,31.0,hombre,fijo,centro C,79.0,25.247508534378593,10.0,3.0,no
auxiliar,oncología,48.6,2184.94,0.0,3.2,12.6,no,36.0,hombre,interino,centro D,66.0,5.124298947206205,7.6,0.0,no
enfermería,oncología,40.6,1799.753,6.0,2.7,31.5,no,55.0,mujer,interino,centro E,11.0,11.6206266758596,47.4,3.0,sí
enfermería,urgencias,36.1,1689.665,0.0,2.8,3.3,sí,30.0,mujer,eventual,centro D,24.0,-4.915262517198372,16.0,0.0,sí
administración,oncología,32.7,1544.895,0.0,3.2,5.9,no,36.0,hombre,interino,centro C,44.0,-9.51819469967778,4.1,0.0,sí
administración,urgencias,37.5,1680.646,0.0,4.5,1.2,sí,46.0,mujer,N/D,centro D,39.0,-23.819821493638884,26.8,0.0,no
medicina,planta,26.7,1207.989,6.0,2.3,7.9,no,32.0,mujer,fijo,centro D,11.0,-37.85102922724996,41.1,0.0,no
enfermería,consultas,39.3,1792.564,4.0,4.0,8.1,sí,56.0,mujer,fijo,centro E,12.0,-3.4316006302498234,74.9,1.0,sí
enfermería,consultas,36.8,1723.171,6.0,3.1,2.9,no,33.0,mujer,interino,centro E,14.0,1.0259061448673172,7.8,0.0,sí
celador,urgencias,38.0,1771.104,4.0,3.1,20.6,no,34.0,hombre,eventual,centro C,4.0,-15.328751853542162,20.9,2.0,sí
medicina,planta,36.6,1766.181,1.0,2.0,5.1,sí,22.0,hombre,fijo,centro D,5.0,-12.509630909675684,3.1,0.0,no
auxiliar,planta,41.0,1886.799,0.0,5.0,14.2,no,31.0,mujer,fijo,centro C,43.0,-14.44946920621263,8.0,0.0,sí
medicina,  planta ,34.6,1631.784,0.0,5.0,6.1,no,44.0,mujer,fijo,centro D,16.0,-31.247129820089015,12.7,4.0,no
celador,CONSULTAS,41.3,1910.214,0.0,3.6,6.1,no,43.0,mujer,fijo,centro D,47.0,3.087452123493094,73.3,0.0,sí
auxiliar,URGENCIAS,30.0,1379.776,3.0,2.7,5.2,sí,42.0,mujer,eventual,centro C,34.0,-32.197669612048614,6.5,3.0,no
enfermería,CONSULTAS,49.5,2349.107,2.0,3.3,3.4,sí,34.0,hombre,interino,centro E,64.0,19.542410818142134,18.2,0.0,sí
celador,planta,27.1,1226.958,0.0,3.2,11.8,no,58.0,mujer,interino,centro B,31.0,-33.012811257921385,5.9,2.0,sí
celador,planta,39.9,1819.54,0.0,4.2,5.8,sí,29.0,mujer,N/D,centro C,10.0,2.1625015613346417,30.8,3.0,no
administración,ONCOLOGÍA,28.2,1353.494,3.0,4.1,8.4,no,24.0,mujer,eventual,centro A,19.0,-26.62680046819518,50.1,0.0,sí
medicina,urgencias,34.4,1563.501,0.0,3.2,0.5,sí,57.0,mujer,fijo,centro A,27.0,-9.951296505278428,12.8,0.0,no
enfermería,QUIRÓFANO,37.1,1738.337,0.0,3.2,14.7,sí,35.0,hombre,N/D,centro C,16.0,-13.8820328181484,91.4,1.0,sí
enfermería,uci,27.4,1235.081,4.0,3.8,9.0,sí,39.0,mujer,interino,centro A,31.0,-17.718419311714566,10.7,0.0,no
medicina,consultas,31.6,1455.096,0.0,1.9,23.1,sí,35.0,mujer,N/D,centro A,21.0,-29.387316404179362,52.7,4.0,sí
celador,consultas,28.9,1316.818,1.0,5.0,9.9,no,43.0,mujer,eventual,centro B,19.0,-29.425842861230525,13.0,2.0,sí
administración,planta,30.7,1390.098,7.0,4.1,4.8,sí,36.0,mujer,interino,centro A,9.0,-30.75320897726354,-99.0,1.0,no
celador,consultas,43.5,2039.63,0.0,3.6,8.2,no,64.0,mujer,fijo,centro B,17.0,-3.5668313326190173,13.5,3.0,sí
enfermería,quirófano,37.8,1746.9,1.0,4.9,22.7,no,54.0,mujer,eventual,centro D,39.0,-29.785320456475343,12.5,0.0,no
medicina,QUIRÓFANO,27.4,1263.534,4.0,3.7,7.5,sí,34.0,mujer,fijo,centro B,44.0,-22.628864629299372,9.5,4.0,no
auxiliar,uci,30.6,1383.693,3.0,4.0,6.6,sí,48.0,mujer,fijo,centro E,9.0,-17.967547960969924,12.0,1.0,no
enfermería,  oncología ,40.0,1876.889,0.0,2.6,8.2,no,36.0,mujer,eventual,centro A,25.0,1.1294284727187094,34.4,1.0,no
medicina,PLANTA,39.9,1793.716,5.0,3.4,2.6,no,38.0,hombre,interino,centro D,4.0,1.3471717062865294,35.7,0.0,no
auxiliar,  oncología ,46.8,2106.487,2.0,4.3,17.4,sí,47.0,mujer,fijo,centro C,35.0,6.148294893757562,16.0,3.0,no
enfermería,consultas,43.6,2044.938,0.0,3.6,7.6,sí,54.0,mujer,eventual,centro C,15.0,4.279799062343104,5.5,0.0,sí
enfermería,planta,33.1,1577.64,4.0,3.5,13.3,no,42.0,hombre,interino,centro B,22.0,-26.55735934737686,4.7,0.0,sí
medicina,quirófano,28.4,1315.477,3.0,3.9,12.9,no,57.0,mujer,interino,centro E,6.0,-17.06958439876513,6.3,0.0,no
auxiliar,planta,35.9,1624.022,0.0,3.1,15.7,sí,58.0,mujer,fijo,centro E,53.0,-14.851500285958679,11.4,1.0,sí
enfermería,  planta ,37.5,1700.009,2.0,4.1,3.0,sí,32.0,hombre,fijo,centro E,14.0,-4.534913148306896,10.6,1.0,sí
enfermería,oncologia,31.6,1430.708,3.0,3.9,3.8,no,62.0,mujer,fijo,centro D,46.0,-21.076276802585216,23.3,2.0,sí
medicina,oncología,43.9,2105.884,3.0,4.3,6.4,no,27.0,mujer,eventual,centro E,18.0,9.539813067877413,35.5,0.0,sí
auxiliar,oncologia,47.4,2173.623,5.0,5.0,1.9,sí,58.0,mujer,eventual,centro B,28.0,11.948778461234403,53.1,1.0,sí
administración,oncología,38.5,1757.026,3.0,4.2,3.8,no,41.0,mujer,eventual,centro B,1.0,-5.579184246321394,24.1,0.0,no
medicina,urgencias,29.1,1356.435,4.0,3.6,18.9,sí,28.0,mujer,fijo,centro B,15.0,-5.51230497274334,19.7,2.0,sí
medicina,PLANTA,47.1,2156.849,2.0,2.2,19.1,no,31.0,mujer,fijo,centro D,5.0,5.995436285942495,16.2,0.0,no
enfermería,planta,35.2,1624.595,2.0,4.3,4.9,sí,39.0,mujer,interino,centro E,22.0,-2.339694795960961,28.2,1.0,no
administración,oncologia,44.9,2076.657,6.0,3.6,7.9,sí,47.0,mujer,fijo,centro E,19.0,14.250715830284546,13.5,0.0,sí
enfermería,quirófano,36.8,1750.007,1.0,1.7,17.6,no,30.0,mujer,fijo,centro A,24.0,-10.452505660778389,23.0,2.0,sí
medicina,CONSULTAS,30.1,1361.849,3.0,4.9,3.4,no,29.0,mujer,interino,centro E,54.0,-23.379089443100717,13.8,0.0,sí
administración,consultas,38.8,1755.226,4.0,4.1,13.5,no,41.0,mujer,interino,centro B,18.0,-1.0330169629343953,16.2,0.0,no
enfermería,QUIRÓFANO,35.0,1637.739,2.0,4.4,29.0,no,39.0,mujer,fijo,centro B,30.0,-18.18666071298121,13.4,0.0,no
medicina,  planta ,33.4,1515.458,3.0,3.7,9.5,no,34.0,hombre,fijo,centro A,26.0,-19.601134173018263,22.5,3.0,sí
administración,CONSULTAS,48.1,2283.884,5.0,4.3,12.8,sí,40.0,mujer,fijo,centro C,62.0,17.882198019984138,1.9,0.0,no
auxiliar,URGENCIAS,44.3,2008.277,6.0,3.7,0.8,sí,56.0,mujer,interino,centro A,73.0,25.546473815659255,14.3,2.0,no
enfermería,urgencias,47.8,2213.517,1.0,2.7,5.2,no,54.0,hombre,fijo,centro C,6.0,22.660716328669878,33.8,0.0,sí
administración,  oncología ,41.8,1980.495,2.0,5.0,5.8,no,38.0,hombre,fijo,centro A,28.0,-13.78861870629919,33.9,1.0,sí
enfermería,URGENCIAS,44.9,2087.299,0.0,3.3,18.6,sí,33.0,mujer,eventual,centro C,36.0,7.159027135419956,8.7,0.0,sí
enfermería,oncología,31.4,1451.035,0.0,4.1,7.6,no,24.0,mujer,interino,centro C,15.0,-24.705896613741217,29.8,0.0,sí
enfermería,consultas,33.8,1532.255,3.0,2.5,5.2,sí,23.0,mujer,fijo,centro C,8.0,-18.408165524265847,6.1,1.0,sí
medicina,planta,36.3,1670.954,0.0,2.5,12.1,sí,41.0,hombre,eventual,centro D,54.0,-6.817587087923823,18.0,1.0,no
medicina,planta,35.5,1648.309,3.0,4.6,4.6,no,36.0,mujer,fijo,centro C,7.0,-24.537493604147606,18.1,0.0,sí
enfermería,quirófano,36.6,1666.024,1.0,4.7,18.0,no,29.0,mujer,fijo,centro E,26.0,-9.933604694666258,8.2,2.0,sí
administración,uci,23.0,1071.38,1.0,3.9,11.0,sí,44.0,mujer,N/D,centro A,45.0,-38.41188842040057,0.9,0.0,no
medicina,quirófano,31.6,1451.059,0.0,1.2,3.7,sí,50.0,hombre,fijo,centro C,6.0,-13.188899116828132,76.5,0.0,sí
enfermería,  uci ,42.7,1979.033,2.0,3.2,6.9,no,29.0,hombre,fijo,centro D,9.0,-6.793445120457637,5.4,0.0,sí
medicina,planta,43.8,2017.027,0.0,2.5,2.9,sí,41.0,mujer,interino,centro A,40.0,2.0910884091863844,-99.0,1.0,sí
medicina,planta,54.0,2455.462,1.0,3.1,10.7,no,44.0,mujer,fijo,centro C,23.0,38.39867599363132,179.0,1.0,no
medicina,oncología,44.1,2042.71,1.0,4.1,6.1,sí,28.0,mujer,interino,centro A,15.0,-0.13047822349947324,5.0,0.0,sí
auxiliar,planta,40.2,1835.645,3.0,3.0,8.7,no,37.0,mujer,fijo,centro C,3.0,-13.631903177476488,38.9,0.0,sí
administración,uci,34.1,1610.602,0.0,4.2,9.7,no,44.0,mujer,eventual,centro C,8.0,-30.352845572183362,-99.0,1.0,no
administración,urgencias,44.3,1995.666,5.0,3.8,15.6,sí,53.0,mujer,interino,centro A,39.0,15.511449833824406,-99.0,2.0,no
administración,urgencias,34.6,1610.244,0.0,2.3,2.6,no,60.0,mujer,fijo,centro E,2.0,-17.463590273018053,9.5,0.0,no
enfermería,uci,33.7,1492.009,0.0,3.4,5.2,sí,51.0,mujer,fijo,centro D,23.0,0.04913566297053151,21.7,1.0,no
auxiliar,urgencias,43.5,2007.143,5.0,3.2,4.3,sí,46.0,mujer,fijo,centro D,13.0,1.9459333969200614,22.0,1.0,sí
auxiliar,quirófano,36.9,1720.062,5.0,3.2,11.5,no,22.0,mujer,eventual,centro B,2.0,-10.567831369017618,94.5,2.0,no
auxiliar,PLANTA,57.7,2672.898,0.0,4.5,10.4,no,41.0,mujer,fijo,centro C,5.0,38.77358214033261,21.2,0.0,sí
administración,quirófano,22.5,1038.493,4.0,3.3,2.2,no,37.0,mujer,N/D,centro C,8.0,-43.284220031717894,9.2,1.0,sí
enfermería,urgencias,36.4,1665.946,1.0,3.3,41.9,no,51.0,mujer,fijo,centro C,7.0,-9.890884083981874,-99.0,1.0,sí
auxiliar,oncología,32.5,1528.137,1.0,3.0,3.6,sí,49.0,mujer,fijo,centro A,9.0,-33.405570729215796,-99.0,3.0,no
enfermería,urgencias,50.3,2277.258,1.0,3.2,12.9,no,51.0,mujer,interino,centro D,6.0,21.005049634111675,9.2,0.0,no
celador,planta,39.2,1783.234,5.0,4.1,10.7,sí,41.0,hombre,eventual,centro E,19.0,6.12486474563973,2.2,4.0,no
medicina,consultas,48.2,2239.046,3.0,3.3,5.1,sí,33.0,mujer,interino,centro D,66.0,16.71497795926486,9.1,1.0,no
administración,planta,43.9,1933.661,3.0,5.0,27.4,no,36.0,mujer,fijo,centro E,78.0,-3.8169802511324322,24.6,1.0,no
administración,quirófano,32.9,1486.736,1.0,3.8,5.3,sí,33.0,mujer,interino,centro B,51.0,-12.330681967382402,21.0,0.0,sí
enfermería,consultas,46.7,2228.581,3.0,4.1,4.5,no,27.0,hombre,fijo,centro E,11.0,24.074785453390323,70.0,2.0,sí
enfermería,uci,40.8,1870.721,2.0,3.5,4.6,no,46.0,mujer,eventual,centro C,26.0,8.235287091258543,-99.0,0.0,sí
medicina,planta,37.5,1698.488,1.0,3.5,4.2,no,39.0,mujer,fijo,centro A,46.0,-1.89320369963424,12.5,0.0,no
enfermería,planta,34.2,1568.035,0.0,5.0,2.8,no,47.0,hombre,fijo,centro B,6.0,-36.4792292029801,16.4,0.0,no
administración,oncología,42.3,1971.838,1.0,5.0,4.7,no,42.0,mujer,interino,centro A,47.0,-13.506919213516825,2.3,1.0,sí
medicina,urgencias,41.9,1979.691,2.0,4.1,7.8,sí,33.0,mujer,fijo,centro E,20.0,9.87881944665057,4.5,1.0,no
auxiliar,planta,35.6,1628.14,6.0,3.7,4.0,sí,59.0,mujer,fijo,centro B,25.0,-16.853246037244347,-99.0,2.0,sí
enfermería,  quirófano ,31.4,1432.413,3.0,4.7,25.0,no,57.0,mujer,interino,centro C,63.0,-42.22259980071627,17.3,1.0,sí
administración,planta,36.6,1631.627,3.0,2.8,11.9,no,40.0,mujer,fijo,centro E,39.0,-5.594110965482059,11.4,1.0,sí
administración,consultas,38.9,1717.949,0.0,3.2,6.7,no,49.0,mujer,fijo,centro C,18.0,-21.718628330374806,-99.0,2.0,sí
enfermería,consultas,34.5,1564.834,3.0,3.6,1.6,sí,54.0,mujer,eventual,centro E,20.0,-21.470642705865444,5.7,0.0,sí
medicina,quirófano,41.7,1904.586,3.0,1.0,1.8,no,54.0,hombre,N/D,centro D,46.0,-1.1862675736010893,6.0,2.0,sí
medicina,consultas,29.6,1317.978,3.0,3.5,5.7,sí,42.0,mujer,interino,centro A,6.0,-19.547769577989484,25.2,2.0,no
medicina,urgencias,39.6,1832.022,2.0,3.6,11.3,no,61.0,mujer,interino,centro C,27.0,-1.2809092982293588,-99.0,1.0,sí
auxiliar,PLANTA,46.2,2151.179,2.0,4.3,3.6,no,46.0,hombre,fijo,centro D,43.0,-4.893291986256547,12.0,0.0,sí
auxiliar,planta,31.2,1397.89,0.0,3.1,27.6,sí,50.0,mujer,fijo,centro C,39.0,-22.479226447186505,64.0,0.0,no
auxiliar,planta,36.6,1707.508,4.0,2.5,5.9,sí,42.0,hombre,eventual,centro D,26.0,-3.3181040883816078,14.3,0.0,sí
auxiliar,consultas,37.6,1794.093,1.0,3.9,6.4,sí,38.0,mujer,N/D,centro D,3.0,-29.354537257457537,-99.0,0.0,no
celador,quirófano,34.3,1544.608,6.0,3.2,8.3,sí,28.0,mujer,eventual,centro D,43.0,-13.480449852855639,8.2,2.0,no
medicina,uci,25.8,1229.82,3.0,3.4,13.8,no,52.0,mujer,eventual,centro D,18.0,-38.66605708341846,3.2,0.0,sí
administración,planta,33.4,1553.635,5.0,2.7,14.4,no,22.0,mujer,interino,centro E,10.0,-7.7462592665889805,13.5,0.0,sí
enfermería,  planta ,28.8,1304.387,6.0,3.1,17.9,no,37.0,mujer,interino,centro C,39.0,-24.424276784270617,7.9,1.0,no
administración,planta,37.9,1724.292,0.0,3.5,2.4,sí,44.0,mujer,fijo,centro E,7.0,-10.504670531138025,15.2,0.0,sí
auxiliar,planta,48.2,2211.37,0.0,2.6,8.1,no,46.0,hombre,fijo,centro A,60.0,-23.321656665303614,29.2,0.0,sí
enfermería,planta,42.4,1948.42,5.0,2.5,13.0,sí,43.0,hombre,eventual,centro A,29.0,19.142357736054592,28.0,0.0,no
auxiliar,planta,35.8,1621.397,2.0,2.7,7.5,no,31.0,hombre,fijo,centro D,46.0,-25.98639353328759,3.8,0.0,no
enfermería,  planta ,32.1,1511.773,1.0,5.0,4.0,sí,41.0,mujer,fijo,centro A,6.0,-33.37866165109253,9.7,1.0,no
enfermería,planta,39.5,1762.45,5.0,1.8,10.1,no,40.0,hombre,fijo,centro A,34.0,4.0773001822230155,104.2,0.0,no
auxiliar,planta,42.6,2034.159,3.0,2.8,18.4,sí,34.0,hombre,interino,centro D,47.0,20.33615123997886,-99.0,0.0,sí
enfermería,urgencias,33.5,1578.799,3.0,2.7,8.3,no,40.0,mujer,fijo,centro B,8.0,-20.908428586136452,7.7,0.0,no
enfermería,consultas,22.0,1012.006,4.0,1.8,4.2,sí,40.0,hombre,fijo,centro D,9.0,-30.186879139883246,38.1,1.0,sí
celador,urgencias,49.1,2235.401,1.0,2.1,7.4,sí,33.0,hombre,interino,centro E,3.0,13.898172731045284,14.3,3.0,sí
administración,planta,40.8,1886.682,2.0,2.8,11.3,sí,37.0,hombre,interino,centro D,30.0,10.160659965144754,29.5,1.0,no
enfermería,planta,22.6,1010.323,0.0,2.5,8.2,no,38.0,mujer,fijo,centro D,40.0,-21.22618873114079,4.0,0.0,sí
enfermería,CONSULTAS,34.2,1596.197,4.0,3.4,8.5,sí,50.0,mujer,interino,centro B,23.0,-15.849842572198485,40.4,1.0,sí
medicina,QUIRÓFANO,32.3,1491.592,1.0,2.8,18.4,no,38.0,mujer,interino,centro B,29.0,-14.811091718249509,6.3,0.0,no
medicina,consultas,36.1,1673.538,7.0,2.3,3.2,no,46.0,mujer,fijo,centro D,35.0,-2.5562420551418663,8.8,0.0,no
medicina,planta,38.0,1710.207,2.0,3.6,33.9,no,45.0,mujer,eventual,centro B,23.0,-5.266180718733198,36.2,2.0,sí
medicina,oncología,32.2,1588.421,0.0,2.2,6.4,sí,36.0,hombre,interino,centro E,5.0,-6.383933587980203,11.4,0.0,sí
enfermería,planta,27.2,1221.305,3.0,3.2,6.2,no,43.0,mujer,fijo,centro E,33.0,-13.202122611635584,37.6,2.0,no
auxiliar,  planta ,47.2,2190.356,3.0,2.6,9.9,sí,22.0,mujer,fijo,centro B,14.0,22.333202916371164,6.8,0.0,sí
auxiliar,uci,25.4,1134.288,4.0,1.5,10.3,no,22.0,mujer,eventual,centro A,8.0,-20.715307136544602,11.3,0.0,no
enfermería,oncología,36.5,1632.251,4.0,2.9,12.8,no,50.0,mujer,fijo,centro B,53.0,-16.225656119994092,-99.0,0.0,no
celador,planta,43.1,1969.672,3.0,2.7,7.2,no,50.0,mujer,fijo,centro D,13.0,1.9944621418421629,53.2,1.0,no
enfermería,UCI,45.9,2068.731,7.0,3.3,26.4,sí,40.0,mujer,interino,centro D,77.0,32.31803447555656,25.0,1.0,no
administración,planta,31.4,1428.761,2.0,3.5,23.6,no,35.0,mujer,interino,centro B,59.0,-6.221370286985298,11.2,0.0,sí
enfermería,quirófano,39.9,1854.316,0.0,2.5,10.8,no,45.0,mujer,fijo,centro E,60.0,-12.799607025203587,23.0,1.0,sí
medicina,planta,41.8,1881.713,3.0,3.2,6.9,no,44.0,mujer,interino,centro A,26.0,10.937614677975999,14.1,0.0,sí
auxiliar,  uci ,41.3,2008.459,1.0,1.5,4.1,sí,33.0,mujer,fijo,centro A,24.0,-1.1659153048983042,8.6,0.0,no
celador,planta,37.2,1717.965,1.0,2.6,4.5,no,40.0,hombre,fijo,centro D,19.0,-12.257069497422817,3.2,1.0,no
enfermería,uci,44.5,2146.005,2.0,3.3,10.8,no,45.0,hombre,fijo,centro D,27.0,3.8511139175436457,7.4,1.0,sí
enfermería,planta,44.4,2039.364,0.0,3.0,20.9,no,44.0,hombre,eventual,centro D,71.0,-5.628254470066401,10.3,2.0,no
auxiliar,quirófano,46.0,2138.795,0.0,1.9,14.2,sí,36.0,mujer,fijo,centro A,19.0,-15.477219937156036,44.5,0.0,sí
administración,  urgencias ,37.9,1724.207,0.0,2.8,19.4,sí,41.0,mujer,fijo,centro D,56.0,-20.844194577196262,37.5,2.0,sí
enfermería,CONSULTAS,36.4,1676.442,0.0,3.9,4.3,no,35.0,mujer,fijo,centro E,99.0,-15.292069549009161,13.1,2.0,sí
medicina,planta,40.3,1919.559,3.0,2.5,5.8,no,47.0,hombre,fijo,centro D,25.0,12.32383035343433,22.6,2.0,sí
celador,oncologia,26.6,1209.994,0.0,2.7,7.8,sí,55.0,mujer,fijo,centro D,20.0,-24.44225130768152,45.5,1.0,no
medicina,urgencias,46.9,2168.623,2.0,4.3,4.9,no,38.0,mujer,fijo,centro B,35.0,-18.571923660867924,25.6,0.0,no
medicina,planta,45.9,2050.354,1.0,1.9,10.0,no,43.0,mujer,N/D,centro A,22.0,9.603293033035268,6.7,0.0,no
enfermería,URGENCIAS,29.9,1377.628,0.0,4.5,1.5,sí,36.0,hombre,fijo,centro A,18.0,6.130453787538425,5.2,2.0,sí
auxiliar,  consultas ,34.0,1595.771,1.0,5.0,6.7,no,46.0,mujer,fijo,centro C,16.0,-20.367846633683396,27.2,2.0,sí
enfermería,planta,33.7,1548.443,3.0,4.5,0.4,sí,50.0,mujer,interino,centro A,12.0,-25.50987667916378,3.5,2.0,sí
auxiliar,  uci ,39.5,1848.373,2.0,3.6,7.9,sí,61.0,mujer,interino,centro C,16.0,-4.032594473662966,15.5,3.0,no
enfermería,URGENCIAS,42.6,1880.046,0.0,3.0,2.1,no,36.0,hombre,fijo,centro D,3.0,-1.7362633154866207,14.1,2.0,no
medicina,urgencias,32.3,1492.47,3.0,2.2,2.7,sí,60.0,mujer,fijo,centro B,19.0,-24.559362649925475,33.5,4.0,no
auxiliar,consultas,39.9,1807.647,1.0,4.8,3.7,no,29.0,mujer,fijo,centro B,18.0,-18.996412279469396,-99.0,0.0,no
medicina,planta,32.8,1484.595,3.0,2.1,6.3,no,52.0,mujer,eventual,centro C,24.0,-13.811129922486801,11.6,1.0,sí
enfermería,quirófano,20.8,953.739,0.0,4.1,8.7,no,63.0,hombre,interino,centro D,25.0,-25.102219003962656,59.0,0.0,no
enfermería,consultas,36.3,1676.784,0.0,3.9,22.8,no,47.0,mujer,fijo,centro A,22.0,-12.714080411419886,15.5,1.0,no
enfermería,planta,45.5,2085.239,4.0,3.1,3.9,no,40.0,mujer,fijo,centro C,29.0,9.428724995056779,30.3,0.0,no
auxiliar,planta,33.1,1526.759,4.0,4.2,6.3,no,25.0,hombre,fijo,centro A,30.0,-5.099705476596942,43.2,2.0,no
administración,consultas,27.3,1274.256,4.0,4.0,2.5,sí,35.0,hombre,N/D,centro B,28.0,-28.660061334363874,23.3,2.0,sí
enfermería,quirófano,43.0,1946.331,7.0,4.1,4.9,sí,55.0,mujer,fijo,centro B,40.0,3.0960748586484677,16.0,3.0,no
medicina,urgencias,31.0,1376.997,1.0,4.5,9.1,no,37.0,mujer,fijo,centro D,9.0,-14.265522607232556,86.5,1.0,sí
administración,  urgencias ,44.0,2055.184,0.0,2.0,1.8,no,42.0,mujer,eventual,centro B,9.0,19.62381910525555,43.2,0.0,no
auxiliar,uci,25.7,1174.331,0.0,3.7,8.4,sí,46.0,hombre,eventual,centro B,29.0,-11.105983780497422,3.7,0.0,sí
enfermería,urgencias,44.4,2084.767,0.0,1.7,12.4,sí,57.0,mujer,fijo,centro A,56.0,5.109890759691327,2.1,1.0,no
enfermería,urgencias,30.3,1424.281,2.0,3.0,7.8,no,31.0,mujer,interino,centro E,32.0,-1.997194886371254,4.0,2.0,sí
enfermería,uci,36.0,1702.284,2.0,2.7,7.7,no,48.0,mujer,interino,centro E,50.0,-11.252987320313036,17.7,3.0,no
administración,urgencias,39.9,1718.841,1.0,2.5,10.3,no,38.0,mujer,eventual,centro B,34.0,-19.991370515043076,35.8,1.0,no
auxiliar,planta,42.6,1924.387,0.0,3.0,7.7,no,54.0,hombre,fijo,centro E,24.0,-5.433547540640078,7.8,1.0,no
medicina,planta,33.2,1490.839,4.0,4.6,6.4,sí,52.0,mujer,interino,centro B,13.0,-20.977190033765236,3.3,2.0,no
medicina,urgencias,33.0,1544.915,3.0,2.2,11.5,sí,39.0,hombre,interino,centro D,39.0,-19.79321097912438,41.3,0.0,no
celador,urgencias,39.0,1720.928,2.0,3.9,6.6,no,34.0,hombre,fijo,centro C,91.0,-17.396994695152948,-99.0,0.0,no
administración,PLANTA,35.5,1670.183,5.0,3.2,0.9,no,55.0,hombre,fijo,centro E,47.0,-31.20097767018572,9.0,0.0,no
medicina,planta,42.1,1846.467,0.0,2.9,2.6,no,33.0,hombre,fijo,centro E,55.0,6.129491629833963,2.5,1.0,no
medicina,planta,37.7,1766.186,3.0,3.4,3.8,no,54.0,mujer,fijo,centro B,22.0,-28.96205836029418,15.7,0.0,sí
auxiliar,  planta ,48.6,2196.887,2.0,4.0,10.9,sí,64.0,mujer,fijo,centro C,36.0,4.612188759131259,16.4,0.0,no
celador,quirófano,34.9,1585.66,4.0,3.5,2.9,sí,30.0,hombre,interino,centro D,31.0,6.917932865205334,27.8,1.0,no
enfermería,consultas,32.9,1516.973,3.0,3.7,13.7,sí,38.0,mujer,fijo,centro D,13.0,-8.658187243709026,7.5,0.0,no
medicina,quirófano,31.1,1449.725,2.0,2.9,6.0,sí,50.0,mujer,eventual,centro B,137.0,-27.142169647353946,11.7,0.0,sí
enfermería,  consultas ,42.1,1867.922,2.0,4.3,6.1,sí,49.0,mujer,interino,centro A,51.0,-14.68395535136636,19.4,1.0,no
medicina,urgencias,29.4,1354.663,5.0,4.2,8.7,sí,62.0,mujer,interino,centro B,14.0,-31.69100730919844,-99.0,2.0,no
medicina,planta,35.9,1701.916,4.0,4.4,8.8,no,43.0,mujer,interino,centro D,10.0,-15.37084571780243,-99.0,0.0,no
administración,  consultas ,58.6,2611.627,1.0,1.9,9.6,sí,36.0,mujer,fijo,centro B,38.0,57.52154627536843,15.4,0.0,no
administración,  oncología ,43.6,1990.543,3.0,3.7,5.4,sí,57.0,hombre,eventual,centro A,21.0,-5.177888675147271,17.3,0.0,sí
enfermería,consultas,44.5,2005.194,1.0,1.7,58.5,no,49.0,mujer,eventual,centro E,26.0,6.598806094064651,13.1,1.0,sí
auxiliar,planta,40.8,1917.977,1.0,3.6,14.0,sí,52.0,hombre,interino,centro C,6.0,-10.847973942305956,13.8,2.0,sí
auxiliar,planta,42.2,1990.101,0.0,2.7,21.6,no,38.0,mujer,interino,centro C,20.0,-7.33964632169542,6.4,0.0,no
enfermería,planta,40.6,1922.776,5.0,3.0,14.1,no,25.0,mujer,interino,centro E,26.0,-3.508710178655828,9.3,3.0,sí
medicina,consultas,30.0,1405.782,1.0,2.9,11.6,sí,35.0,mujer,fijo,centro A,40.0,-9.0512421850548,13.6,2.0,no
celador,consultas,29.8,1338.148,5.0,3.4,17.2,no,49.0,mujer,fijo,centro C,56.0,-26.890641608969243,8.6,3.0,no
enfermería,planta,39.2,1805.691,1.0,2.9,11.0,sí,54.0,mujer,interino,centro E,25.0,19.615020615480187,10.6,0.0,no
enfermería,urgencias,33.6,1551.466,3.0,4.2,9.7,no,42.0,mujer,fijo,centro D,30.0,-15.004473309301325,8.4,0.0,no
medicina,planta,41.8,1924.594,3.0,4.0,14.8,no,56.0,mujer,fijo,centro B,15.0,-15.440929229087985,13.1,2.0,sí
enfermería,quirófano,37.0,1683.27,0.0,2.8,5.7,no,41.0,mujer,fijo,centro C,38.0,-28.671545586951908,5.0,1.0,sí
medicina,urgencias,38.9,1763.445,2.0,2.4,14.0,no,49.0,mujer,fijo,centro A,48.0,-21.533065925358784,17.1,1.0,sí
enfermería,urgencias,29.8,1372.026,2.0,4.2,3.1,no,37.0,mujer,fijo,centro A,30.0,-18.290669071213806,10.4,1.0,no
celador,oncología,38.0,1799.124,3.0,3.9,2.4,sí,38.0,mujer,N/D,centro B,50.0,-6.902589840799968,5.2,2.0,sí
administración,planta,48.0,2173.358,2.0,3.2,3.0,no,38.0,mujer,interino,centro A,14.0,12.903295709073141,26.0,1.0,no
enfermería,planta,41.0,1859.29,3.0,2.7,5.3,no,47.0,mujer,interino,centro D,32.0,6.783831068942121,11.2,2.0,no
enfermería,urgencias,40.4,1812.845,5.0,3.4,2.3,no,31.0,mujer,N/D,centro E,45.0,-8.214746458835329,6.8,2.0,no
auxiliar,urgencias,37.8,1758.056,4.0,2.7,20.6,sí,22.0,hombre,eventual,centro D,59.0,6.55413042368232,5.8,3.0,sí
administración,planta,39.8,1800.824,2.0,3.9,7.1,sí,54.0,mujer,fijo,centro C,35.0,-13.826198097603822,26.3,2.0,sí
medicina,oncología,34.1,1558.222,5.0,2.3,13.0,sí,40.0,mujer,fijo,centro B,21.0,-21.811626700421805,23.7,0.0,no
celador,urgencias,40.6,1938.602,4.0,3.6,23.6,no,29.0,hombre,interino,centro A,8.0,8.066218476663437,-99.0,2.0,no
enfermería,  oncología ,33.6,1531.854,2.0,3.1,12.4,no,42.0,hombre,fijo,centro B,88.0,-29.478957911400876,3.4,1.0,no
auxiliar,planta,30.6,1379.846,0.0,3.2,14.4,sí,44.0,mujer,interino,centro D,6.0,-34.13735807407588,16.2,0.0,no
administración,quirófano,30.9,1428.454,4.0,3.0,0.5,no,29.0,mujer,interino,centro D,8.0,-22.95984002443295,29.1,0.0,no
auxiliar,urgencias,27.3,1275.195,1.0,3.0,3.2,no,38.0,mujer,fijo,centro E,26.0,-18.60029382942984,20.9,3.0,sí
enfermería,oncología,31.5,1464.379,3.0,5.0,17.7,no,49.0,mujer,interino,centro B,16.0,-15.095183434613823,53.6,1.0,no
medicina,planta,23.5,1106.521,5.0,2.5,6.9,no,38.0,hombre,eventual,centro B,12.0,-24.53553569047963,14.6,0.0,no
enfermería,consultas,38.8,1772.485,0.0,3.4,17.1,sí,51.0,mujer,eventual,centro D,16.0,-10.586548569826771,9.3,1.0,sí
medicina,planta,30.2,1403.438,0.0,2.2,8.9,no,37.0,hombre,interino,centro D,9.0,-26.88973903044949,0.7,2.0,no
auxiliar,CONSULTAS,26.5,1224.246,5.0,4.2,7.5,sí,53.0,hombre,interino,centro E,9.0,-35.840354971676646,18.3,0.0,no
enfermería,urgencias,46.4,2175.981,4.0,2.3,10.4,sí,30.0,mujer,interino,centro B,26.0,15.194442728437899,24.2,2.0,no
enfermería,oncología,35.7,1600.987,4.0,3.3,7.1,no,32.0,hombre,interino,centro B,40.0,-5.784477799542911,24.5,0.0,sí
administración,planta,40.0,1875.351,5.0,4.4,18.0,no,42.0,mujer,fijo,centro B,9.0,4.682173905359872,4.7,0.0,no
medicina,planta,30.3,1391.924,3.0,3.7,4.0,no,53.0,mujer,fijo,centro B,23.0,-22.01556386756481,36.7,0.0,sí
medicina,oncología,44.4,2066.708,4.0,5.0,5.1,no,39.0,mujer,fijo,centro C,7.0,5.28414454051587,31.1,1.0,sí
administración,consultas,37.0,1611.385,3.0,3.1,8.4,sí,40.0,mujer,interino,centro D,34.0,-10.482846949918704,15.1,0.0,no
enfermería,  quirófano ,34.8,1635.694,2.0,4.6,19.1,no,41.0,mujer,fijo,centro D,13.0,-10.968259293989833,4.9,1.0,sí
enfermería,consultas,41.8,1921.119,1.0,2.6,6.4,no,43.0,mujer,interino,centro B,19.0,-7.33535325635798,26.0,2.0,no
medicina,PLANTA,30.4,1418.872,0.0,4.2,6.7,no,34.0,mujer,eventual,centro D,35.0,-31.03324182067086,21.3,0.0,sí
administración,quirófano,51.9,2328.167,1.0,3.4,4.0,no,37.0,mujer,interino,centro E,75.0,26.992593683625444,6.3,0.0,no
enfermería,planta,36.8,1688.044,5.0,2.6,1.8,sí,40.0,hombre,interino,centro A,36.0,2.989697337365034,6.2,1.0,no
enfermería,  urgencias ,26.9,1259.86,0.0,2.8,16.6,no,49.0,mujer,fijo,centro B,19.0,-37.20835578849281,52.4,2.0,sí
medicina,planta,43.4,2048.464,3.0,2.8,1.2,no,30.0,mujer,eventual,centro D,49.0,3.3234183128325205,21.2,1.0,sí
enfermería,URGENCIAS,44.2,2053.287,0.0,4.7,4.7,sí,26.0,mujer,interino,centro C,3.0,-3.627470135344093,33.8,2.0,no
medicina,quirofano,31.0,1381.729,3.0,4.3,15.0,no,49.0,mujer,fijo,centro D,59.0,-35.10619813105204,22.3,0.0,sí
enfermería,ONCOLOGÍA,34.7,1582.023,0.0,4.6,13.3,no,39.0,mujer,interino,centro C,29.0,-27.65661456781673,162.0,0.0,sí
enfermería,consultas,36.0,1718.984,0.0,2.1,16.8,sí,33.0,mujer,interino,centro A,15.0,-8.668914481431493,9.5,1.0,no
enfermería,UCI,36.0,1721.643,1.0,2.9,18.7,no,43.0,mujer,interino,centro B,19.0,-14.557404202307893,40.2,1.0,sí
medicina,planta,31.1,1403.02,4.0,2.4,5.5,no,50.0,mujer,fijo,centro C,20.0,-16.821654685878325,-99.0,0.0,sí
auxiliar,  planta ,27.6,1217.115,0.0,3.4,5.0,sí,33.0,mujer,fijo,centro B,60.0,-37.56257509407996,21.1,0.0,no
celador,URGENCIAS,42.7,1993.083,2.0,3.9,2.0,sí,24.0,mujer,fijo,centro C,64.0,-1.8018676268320706,18.6,0.0,sí
enfermería,urgencias,52.3,2421.538,2.0,4.3,19.8,no,32.0,mujer,eventual,centro E,27.0,25.644560060111427,39.6,1.0,no
enfermería,planta,45.2,2124.217,3.0,2.6,11.8,sí,45.0,mujer,eventual,centro B,109.0,23.24739104001781,5.4,0.0,no
administración,planta,38.6,1753.912,4.0,4.6,3.3,sí,28.0,mujer,fijo,centro E,48.0,-3.333773024951568,-99.0,0.0,no
enfermería,planta,39.7,1809.541,1.0,3.5,12.6,no,43.0,mujer,fijo,centro C,15.0,4.4999859182727615,31.9,0.0,no
administración,oncología,43.9,2027.735,5.0,3.1,10.0,no,49.0,mujer,fijo,centro B,15.0,20.865990546944438,9.8,1.0,sí
enfermería,urgencias,40.1,1820.43,0.0,2.4,15.0,no,40.0,mujer,fijo,centro A,69.0,6.022914746861932,3.7,0.0,no
auxiliar,oncología,37.1,1696.788,3.0,3.5,10.6,no,48.0,mujer,fijo,centro C,86.0,-20.632569978818886,12.4,0.0,no
enfermería,urgencias,37.2,1749.742,2.0,5.0,2.6,sí,56.0,hombre,eventual,centro B,5.0,-36.89004464185452,2.2,1.0,no
auxiliar,URGENCIAS,35.1,1639.866,0.0,3.4,5.1,sí,34.0,hombre,fijo,centro A,13.0,-16.463477883333947,26.4,2.0,sí
enfermería,planta,33.6,1553.405,4.0,4.4,10.7,sí,39.0,mujer,fijo,centro B,18.0,-21.902769120682603,-99.0,0.0,sí
enfermería,planta,43.3,2067.173,2.0,2.4,5.2,no,48.0,mujer,fijo,centro E,43.0,-12.875756345270545,17.0,0.0,no
auxiliar,planta,34.3,1605.834,5.0,4.2,8.0,no,57.0,hombre,eventual,centro B,28.0,4.308310129490113,-99.0,1.0,sí
medicina,consultas,34.6,1568.623,3.0,2.2,10.9,no,41.0,mujer,interino,centro B,88.0,-14.938921280680557,13.6,1.0,no
enfermería,  urgencias ,29.1,1303.306,0.0,4.9,6.3,no,39.0,hombre,fijo,centro E,46.0,-33.46178315598102,-99.0,0.0,no
enfermería,quirófano,38.7,1822.31,7.0,3.1,2.5,no,22.0,mujer,eventual,centro D,53.0,4.156457820303896,44.5,0.0,sí
medicina,quirófano,22.6,1047.848,1.0,4.0,2.9,no,42.0,mujer,interino,centro B,47.0,-23.283688599137726,7.7,0.0,sí
medicina,planta,33.5,1592.627,1.0,3.8,3.0,sí,42.0,mujer,fijo,centro B,3.0,-5.455594346470262,85.4,0.0,no
celador,quirófano,42.6,1922.886,2.0,1.6,8.1,no,22.0,hombre,fijo,centro D,27.0,3.222366279843606,5.2,1.0,no
administración,  quirófano ,32.3,1499.772,2.0,5.0,9.6,no,37.0,mujer,fijo,centro E,2.0,-25.347492548256668,10.4,0.0,no
medicina,QUIRÓFANO,37.3,1733.308,1.0,4.7,8.4,no,61.0,hombre,fijo,centro A,41.0,-24.889209036326847,-99.0,0.0,sí
celador,PLANTA,48.1,2202.266,2.0,4.8,12.9,no,56.0,mujer,interino,centro B,29.0,19.76024286545416,20.2,2.0,sí
auxiliar,urgencias,27.7,1234.274,2.0,3.0,9.5,no,38.0,mujer,interino,centro C,28.0,-12.862965695886077,18.7,1.0,no
enfermería,PLANTA,36.6,1688.724,2.0,3.2,20.6,no,37.0,mujer,N/D,centro A,4.0,-14.095269811818827,73.9,0.0,sí
enfermería,urgencias,36.4,1687.684,2.0,3.3,5.4,sí,57.0,mujer,fijo,centro D,11.0,-15.751865275152328,18.2,0.0,no
medicina,quirofano,37.4,1681.962,7.0,4.0,6.3,no,49.0,hombre,fijo,centro E,5.0,-14.691171268467473,1.4,0.0,no
enfermería,urgencias,30.4,1430.072,2.0,3.5,2.2,no,38.0,mujer,fijo,centro C,40.0,-19.20701062987019,11.0,2.0,no
administración,quirófano,38.2,1745.157,0.0,3.6,6.7,no,47.0,hombre,fijo,centro A,62.0,-26.46119922354727,8.1,1.0,sí
medicina,quirófano,40.7,1915.67,4.0,3.1,32.0,sí,52.0,mujer,interino,centro B,43.0,-1.712173708703121,4.1,1.0,no
enfermería,  oncología ,47.7,2196.424,2.0,4.5,22.6,sí,48.0,mujer,interino,centro A,8.0,18.177305048051597,35.7,3.0,no
enfermería,planta,45.9,2094.526,3.0,3.3,4.5,no,55.0,mujer,fijo,centro B,26.0,1.334207375422329,-99.0,1.0,sí
celador,oncologia,39.7,1827.026,0.0,3.6,16.0,no,51.0,hombre,fijo,centro A,35.0,-0.29797417394531855,4.8,2.0,sí
enfermería,urgencias,38.1,1776.116,1.0,3.7,2.1,sí,38.0,mujer,fijo,centro A,35.0,4.9550617886322765,23.5,2.0,no
celador,planta,43.1,2067.128,5.0,3.0,6.1,no,62.0,mujer,fijo,centro C,28.0,13.625849676556733,-99.0,0.0,sí
medicina,urgencias,40.1,1905.32,3.0,4.1,6.8,sí,42.0,mujer,eventual,centro B,61.0,-1.9926224222696367,2.3,2.0,sí
enfermería,  uci ,32.6,1514.094,5.0,3.3,4.7,sí,60.0,mujer,interino,centro D,98.0,-26.574737339200098,5.2,2.0,sí
administración,consultas,43.9,2019.135,4.0,3.1,7.8,no,50.0,mujer,interino,centro A,12.0,4.368595466652649,6.7,0.0,no
auxiliar,quirófano,35.2,1633.909,2.0,3.8,2.6,no,39.0,hombre,interino,centro A,39.0,3.3724302156337984,15.9,3.0,sí
medicina,CONSULTAS,38.9,1730.566,7.0,4.8,23.6,no,54.0,mujer,interino,centro D,13.0,-5.407748225217285,65.3,1.0,no
medicina,planta,35.8,1640.013,7.0,4.1,3.6,sí,48.0,hombre,fijo,centro D,2.0,-1.179504902903913,13.3,2.0,no
enfermería,quirófano,34.1,1580.213,1.0,2.7,2.2,no,40.0,hombre,fijo,centro B,64.0,-20.811873072905442,2.4,1.0,sí
enfermería,planta,29.1,1318.355,0.0,3.7,15.7,no,35.0,hombre,fijo,centro C,17.0,-42.694741014562524,-99.0,0.0,no
administración,  planta ,31.6,1451.052,1.0,2.1,14.4,sí,44.0,hombre,fijo,centro A,8.0,-23.088518213515144,14.2,1.0,no
enfermería,PLANTA,43.7,2083.725,0.0,3.5,3.7,sí,57.0,hombre,eventual,centro C,34.0,-5.560452399993741,80.6,1.0,sí
administración,CONSULTAS,39.5,1849.974,2.0,3.1,10.0,no,32.0,mujer,fijo,centro A,9.0,-6.198339559853702,4.8,0.0,sí
enfermería,consultas,52.5,2398.1,1.0,2.1,0.9,no,31.0,mujer,fijo,centro C,68.0,25.520194417731645,41.4,1.0,no
enfermería,ONCOLOGÍA,28.9,1325.218,0.0,4.2,6.3,no,64.0,hombre,eventual,centro D,71.0,-41.02377450920805,4.2,0.0,no
enfermería,consultas,32.5,1551.69,0.0,3.4,8.6,sí,42.0,mujer,eventual,centro D,4.0,-26.436663527019334,8.6,1.0,no
celador,UCI,41.6,1945.7,7.0,3.3,10.1,no,49.0,mujer,fijo,centro B,49.0,20.933689235144943,6.9,0.0,sí
celador,uci,44.7,1992.106,1.0,2.9,8.2,sí,23.0,mujer,fijo,centro A,11.0,20.01011485760619,-99.0,3.0,no
enfermería,consultas,43.0,1994.666,1.0,3.0,3.7,no,24.0,mujer,fijo,centro C,48.0,9.400564526519748,54.2,0.0,no
medicina,consultas,49.2,2224.612,4.0,3.5,10.9,no,46.0,hombre,interino,centro E,4.0,26.97998359535032,6.4,1.0,no
auxiliar,UCI,21.1,984.206,2.0,1.6,23.9,no,46.0,hombre,fijo,centro A,33.0,-39.440214349949706,20.0,0.0,no
enfermería,urgencias,36.0,1678.815,1.0,3.9,2.9,no,46.0,hombre,interino,centro E,68.0,-0.011538699532446017,26.5,3.0,sí
medicina,urgencias,32.1,1416.183,0.0,2.2,10.3,sí,45.0,mujer,interino,centro C,50.0,-10.268591902348605,137.1,3.0,no
auxiliar,oncología,40.5,1812.086,1.0,3.5,3.5,no,52.0,hombre,fijo,centro E,17.0,-7.211250097975403,3.7,0.0,no
enfermería,quirófano,48.6,2237.801,2.0,2.4,9.3,no,39.0,hombre,fijo,centro D,43.0,27.276384529495996,-99.0,0.0,no
enfermería,quirofano,39.7,1834.799,3.0,2.8,22.5,sí,35.0,mujer,interino,centro C,14.0,10.375290582759682,32.1,1.0,no
auxiliar,  quirófano ,31.6,1443.885,1.0,3.4,3.2,no,44.0,mujer,interino,centro A,13.0,-11.03728144374526,26.8,3.0,sí
administración,uci,40.1,1902.979,1.0,4.0,8.4,no,47.0,mujer,eventual,centro E,12.0,-8.825280794219735,6.9,1.0,no
enfermería,PLANTA,40.6,1814.511,3.0,2.7,21.4,no,39.0,hombre,fijo,centro D,58.0,-0.8732455516182211,97.1,2.0,no
auxiliar,urgencias,36.6,1676.913,3.0,3.6,5.1,no,48.0,hombre,eventual,centro C,20.0,-3.9380898968938496,7.5,0.0,no
administración,oncología,35.9,1641.398,0.0,3.3,11.0,no,41.0,hombre,fijo,centro D,32.0,-18.23729212006725,41.7,2.0,sí
enfermería,planta,40.4,1844.022,0.0,2.5,10.8,no,45.0,hombre,interino,centro C,35.0,-7.11394587927983,4.4,2.0,sí
medicina,consultas,45.8,2179.572,5.0,3.4,5.8,no,53.0,mujer,eventual,centro E,33.0,32.38704382124541,32.4,1.0,no
auxiliar,ONCOLOGÍA,42.0,1901.611,3.0,2.6,8.9,sí,24.0,mujer,fijo,centro E,5.0,25.473086267063128,7.5,0.0,no
auxiliar,planta,40.3,1831.228,1.0,2.2,9.7,no,45.0,mujer,N/D,centro A,9.0,5.377634958700282,6.1,1.0,no
enfermería,consultas,40.1,1919.726,1.0,3.0,4.7,sí,36.0,hombre,interino,centro D,23.0,-27.52187202958717,11.3,0.0,no
auxiliar,urgencias,45.9,2078.978,5.0,4.9,1.9,sí,34.0,hombre,interino,centro E,22.0,1.5297572293693058,9.7,0.0,no
medicina,uci,35.3,1641.563,2.0,3.1,10.2,no,45.0,mujer,interino,centro A,76.0,-6.9494506911489315,49.8,2.0,no
enfermería,quirófano,38.3,1739.513,4.0,3.1,12.8,sí,27.0,mujer,fijo,centro A,80.0,14.973415366565847,16.0,1.0,sí
medicina,planta,46.1,2084.543,6.0,2.9,5.8,no,42.0,mujer,fijo,centro E,39.0,18.174732262679385,1.5,2.0,no
enfermería,urgencias,48.4,2284.514,7.0,3.1,4.5,no,48.0,hombre,interino,centro C,50.0,33.55652587919004,28.1,3.0,sí
enfermería,planta,31.7,1448.671,2.0,5.0,18.8,no,36.0,hombre,interino,centro A,41.0,-20.519903783827907,58.8,0.0,no
enfermería,consultas,30.3,1437.386,2.0,2.6,6.0,sí,34.0,mujer,fijo,centro C,49.0,-12.854960560868088,21.0,2.0,sí
enfermería,oncología,34.8,1582.316,3.0,3.5,8.4,no,49.0,hombre,fijo,centro A,49.0,-13.461912932288344,13.0,2.0,no
enfermería,quirófano,39.0,1801.719,5.0,3.0,4.5,no,54.0,mujer,fijo,centro A,41.0,-17.483664186288188,8.6,2.0,sí
medicina,ONCOLOGÍA,38.1,1718.062,3.0,1.7,9.6,sí,55.0,hombre,eventual,centro D,18.0,6.521861816362902,86.0,2.0,no
enfermería,quirófano,30.9,1411.513,3.0,4.2,18.2,no,27.0,hombre,eventual,centro A,16.0,-34.68469032083855,10.6,0.0,no
administración,planta,39.8,1830.746,5.0,3.3,10.1,sí,46.0,mujer,N/D,centro A,17.0,-9.48122473764742,12.8,2.0,sí
medicina,oncología,37.9,1746.786,2.0,3.1,3.5,no,35.0,mujer,interino,centro D,26.0,-20.906509918643998,34.3,2.0,sí
enfermería,planta,53.0,2441.774,4.0,2.7,13.4,no,50.0,mujer,fijo,centro E,20.0,53.57599885114927,20.6,0.0,no
auxiliar,  urgencias ,33.7,1581.9,0.0,4.5,5.9,sí,49.0,mujer,N/D,centro C,104.0,-18.868531503987985,33.7,2.0,sí
administración,planta,38.3,1806.007,3.0,3.9,32.0,sí,55.0,mujer,fijo,centro B,8.0,-17.358630514718037,14.7,2.0,no
auxiliar,  planta ,40.3,1866.178,6.0,2.4,4.7,sí,43.0,hombre,fijo,centro B,45.0,6.846180628168314,12.9,2.0,sí
medicina,oncologia,24.9,1140.176,4.0,3.8,5.8,no,52.0,mujer,interino,centro D,40.0,-17.028830518728512,20.3,0.0,no
medicina,  consultas ,34.7,1622.415,6.0,3.3,10.3,sí,54.0,mujer,fijo,centro B,82.0,-14.980528864341773,17.9,1.0,no
auxiliar,consultas,32.9,1527.691,2.0,1.4,4.6,no,55.0,hombre,interino,centro C,8.0,-18.308417716798,12.2,0.0,no
celador,quirófano,37.5,1672.117,3.0,3.0,6.5,no,31.0,mujer,fijo,centro A,24.0,-9.174136965927945,15.5,1.0,no
administración,consultas,24.5,1120.279,1.0,2.8,13.3,sí,54.0,mujer,fijo,centro C,18.0,-12.423811539242163,107.9,2.0,sí
auxiliar,  oncología ,44.2,2036.875,2.0,3.7,3.2,no,37.0,mujer,fijo,centro A,16.0,2.311574942915334,15.1,0.0,no
enfermería,urgencias,46.9,2177.521,0.0,3.1,2.8,sí,42.0,mujer,fijo,centro D,47.0,12.990519738153143,12.8,1.0,no
auxiliar,urgencias,39.9,1804.482,4.0,2.5,27.8,no,33.0,mujer,fijo,centro B,50.0,7.271576870913037,25.5,1.0,sí
medicina,URGENCIAS,41.8,1987.11,4.0,2.8,14.2,sí,43.0,mujer,eventual,centro D,49.0,-2.4732608896694632,7.9,0.0,no
enfermería,planta,43.2,1996.843,0.0,2.6,5.3,no,37.0,mujer,eventual,centro D,58.0,-6.761383116372372,3.0,0.0,no
enfermería,consultas,40.3,1843.389,5.0,3.3,6.2,no,35.0,mujer,fijo,centro E,53.0,13.872192070294902,6.6,0.0,sí
celador,urgencias,36.9,1727.106,0.0,4.3,7.5,sí,36.0,mujer,interino,centro A,30.0,-11.840425096301129,14.9,2.0,sí
enfermería,consultas,34.5,1558.671,3.0,4.3,17.0,sí,44.0,mujer,fijo,centro A,23.0,-8.021050524931237,7.2,2.0,no
administración,QUIRÓFANO,39.5,1789.821,3.0,2.5,12.5,sí,49.0,hombre,interino,centro E,11.0,-2.966992474548741,2.6,0.0,sí
enfermería,planta,40.4,1856.729,1.0,3.1,1.1,no,37.0,hombre,N/D,centro A,41.0,13.187422605301311,33.7,0.0,sí
medicina,urgencias,26.4,1205.864,4.0,3.3,1.5,no,48.0,mujer,eventual,centro B,11.0,-12.481206424138518,17.4,1.0,no
enfermería,consultas,39.0,1780.96,4.0,2.7,0.6,sí,41.0,mujer,interino,centro A,18.0,-11.860291722122705,33.9,0.0,sí
celador,planta,44.0,2032.328,0.0,4.0,6.6,sí,44.0,mujer,eventual,centro A,30.0,-3.7460348982762595,3.4,1.0,no
administración,uci,44.2,2043.474,1.0,2.5,7.7,no,32.0,hombre,fijo,centro B,20.0,3.2481927884269113,7.8,2.0,sí
celador,urgencias,34.0,1581.425,6.0,4.4,14.7,no,32.0,hombre,interino,centro B,42.0,-22.51965848825614,16.2,1.0,sí
medicina,QUIRÓFANO,28.6,1339.111,0.0,3.8,13.1,no,38.0,mujer,interino,centro E,28.0,-24.14932944023703,16.1,1.0,sí
enfermería,uci,40.0,1897.315,0.0,3.0,7.7,no,36.0,mujer,interino,centro B,30.0,6.0349189766120155,4.9,0.0,no
auxiliar,  consultas ,45.0,2100.738,3.0,3.3,10.9,sí,48.0,mujer,interino,centro B,33.0,-3.8172413392186098,21.4,0.0,no
enfermería,urgencias,47.1,2163.379,1.0,3.4,14.9,no,52.0,mujer,fijo,centro E,40.0,6.242290306477408,5.5,2.0,no
administración,  urgencias ,45.1,2040.145,3.0,3.4,6.0,sí,36.0,mujer,N/D,centro A,9.0,18.727175693173344,74.9,1.0,no
enfermería,planta,31.8,1483.702,2.0,1.3,4.0,no,43.0,mujer,fijo,centro E,20.0,-27.013866936871267,39.2,0.0,no
medicina,URGENCIAS,52.5,2370.337,4.0,4.6,25.1,no,42.0,mujer,fijo,centro D,111.0,25.69905086623827,-99.0,0.0,sí
auxiliar,planta,45.2,2085.194,1.0,2.4,3.2,no,34.0,mujer,fijo,centro C,12.0,-13.464099179890848,13.7,0.0,no
celador,planta,37.0,1741.255,3.0,3.3,8.7,sí,29.0,hombre,eventual,centro C,17.0,-20.213473369332515,33.4,0.0,sí
medicina,  oncología ,42.6,1957.24,4.0,2.7,15.0,no,43.0,mujer,fijo,centro B,15.0,-10.044566139650914,24.2,1.0,sí
enfermería,oncología,29.7,1346.673,0.0,4.1,10.7,sí,33.0,mujer,fijo,centro D,47.0,-28.649797812967385,12.5,0.0,no
enfermería,consultas,46.5,2193.971,1.0,3.9,2.2,sí,44.0,mujer,fijo,centro D,19.0,18.462120014304617,30.8,0.0,no
medicina,urgencias,26.9,1249.712,2.0,4.0,8.7,no,39.0,mujer,fijo,centro B,11.0,-29.50403279471981,5.9,1.0,no
auxiliar,consultas,37.9,1760.686,2.0,1.7,2.1,no,49.0,mujer,interino,centro C,45.0,-8.060812718421639,11.9,2.0,sí
enfermería,urgencias,39.1,1788.746,0.0,3.5,9.7,no,48.0,hombre,eventual,centro A,55.0,-20.03750772074035,2.0,0.0,no
enfermería,urgencias,33.6,1522.376,0.0,4.8,12.5,no,38.0,mujer,interino,centro E,8.0,-4.622734605158072,-99.0,1.0,sí
medicina,  uci ,38.4,1756.01,0.0,4.0,12.7,no,47.0,mujer,fijo,centro B,30.0,-7.733870071630219,29.9,0.0,no
enfermería,planta,27.7,1252.916,1.0,3.3,11.9,no,26.0,mujer,interino,centro A,44.0,-9.6630337807178,16.7,4.0,no
medicina,planta,34.9,1564.874,3.0,3.9,1.9,no,22.0,mujer,eventual,centro C,57.0,-15.067897876285215,10.1,2.0,sí
enfermería,URGENCIAS,47.2,2142.415,0.0,3.2,5.5,sí,50.0,mujer,interino,centro C,43.0,3.7361623417571233,2.7,1.0,no
enfermería,planta,42.2,2002.576,5.0,3.3,5.1,no,58.0,mujer,fijo,centro A,57.0,13.883354922568941,42.2,1.0,sí
celador,oncología,44.1,2028.294,2.0,4.4,8.7,no,50.0,mujer,eventual,centro E,22.0,-13.926208459700252,14.6,0.0,sí
enfermería,planta,39.8,1825.086,0.0,5.0,13.9,no,45.0,mujer,fijo,centro B,18.0,-4.400871850610535,5.5,2.0,no
administración,consultas,37.3,1779.31,5.0,3.1,14.4,sí,40.0,hombre,interino,centro E,30.0,-6.0216662975037885,10.3,1.0,no
auxiliar,oncología,31.6,1495.182,4.0,2.5,7.8,sí,43.0,mujer,interino,centro E,27.0,-19.918232054761486,6.7,0.0,no
medicina,planta,29.9,1380.868,5.0,1.2,11.5,no,51.0,mujer,fijo,centro A,45.0,-31.78850088371602,6.3,1.0,no
medicina,quirófano,32.2,1529.748,7.0,3.0,7.8,sí,41.0,hombre,interino,centro D,6.0,-31.45954156788022,10.9,2.0,no
enfermería,planta,36.5,1682.292,4.0,3.6,22.0,no,58.0,mujer,interino,centro D,8.0,-6.781919885773537,8.6,0.0,sí
enfermería,urgencias,38.6,1752.341,0.0,3.0,10.5,sí,30.0,mujer,fijo,centro C,29.0,-3.5784424086578763,11.7,3.0,no
administración,consultas,49.1,2256.026,3.0,3.5,8.1,no,41.0,mujer,eventual,centro A,38.0,13.79956131211531,11.5,2.0,no
enfermería,consultas,46.2,2163.743,4.0,4.2,11.3,no,38.0,hombre,fijo,centro A,28.0,34.175899161538666,56.8,0.0,no
auxiliar,consultas,36.1,1675.789,4.0,5.0,3.2,no,47.0,mujer,fijo,centro C,6.0,-12.876958795752078,15.4,0.0,sí
enfermería,consultas,33.3,1557.302,0.0,4.1,8.2,no,45.0,mujer,fijo,centro A,12.0,-37.186554648972844,17.5,0.0,no
administración,urgencias,32.4,1461.983,0.0,4.5,6.5,no,46.0,mujer,fijo,centro E,35.0,-14.368138440352356,10.9,0.0,no
celador,quirófano,24.0,1119.484,6.0,3.7,1.7,no,41.0,mujer,interino,centro D,17.0,-45.43369029512303,30.9,0.0,sí
enfermería,PLANTA,39.3,1808.354,2.0,3.0,5.1,no,53.0,hombre,interino,centro D,42.0,1.3050290739561614,3.6,0.0,sí
auxiliar,oncologia,38.9,1788.378,0.0,3.6,7.4,sí,57.0,hombre,fijo,centro A,5.0,-25.75048640056131,6.0,2.0,no
enfermería,quirófano,40.2,1878.207,0.0,3.3,4.1,sí,40.0,mujer,interino,centro C,10.0,1.8818013734794388,79.3,0.0,no
auxiliar,planta,46.7,2121.707,2.0,2.3,2.1,sí,48.0,hombre,eventual,centro D,55.0,20.134567970580655,34.5,2.0,sí
celador,uci,37.9,1747.14,0.0,3.6,11.6,sí,24.0,mujer,N/D,centro D,34.0,-18.63509821869239,2.1,0.0,no
medicina,planta,28.0,1292.781,1.0,5.0,5.0,no,42.0,mujer,fijo,centro D,37.0,-31.423349454680682,12.8,0.0,sí
enfermería,quirófano,33.2,1564.718,2.0,3.2,18.0,sí,24.0,mujer,interino,centro C,8.0,-2.625779715969154,14.5,0.0,no
medicina,consultas,31.5,1433.327,7.0,2.1,2.4,no,27.0,mujer,fijo,centro D,34.0,-9.190979336402835,14.7,0.0,no
administración,consultas,37.7,1734.186,0.0,2.3,1.7,no,48.0,mujer,interino,centro A,18.0,-35.21679773643291,41.0,0.0,no
auxiliar,uci,39.2,1823.831,3.0,5.0,16.5,no,46.0,hombre,interino,centro B,5.0,-14.816309963281773,26.9,2.0,no
medicina,quirófano,33.4,1483.054,0.0,1.7,5.3,sí,40.0,hombre,interino,centro E,23.0,-15.143568920934875,7.5,3.0,no
auxiliar,planta,42.5,2015.964,2.0,3.8,4.5,no,40.0,mujer,fijo,centro A,27.0,6.983879898230223,35.9,1.0,sí
medicina,quirófano,39.2,1767.175,2.0,2.0,7.1,sí,46.0,mujer,interino,centro D,17.0,-17.903104895469827,22.1,1.0,sí
enfermería,consultas,51.8,2384.155,5.0,3.8,1.5,no,37.0,mujer,fijo,centro E,94.0,40.09587248844112,12.1,0.0,sí
medicina,  oncología ,45.1,2107.005,6.0,3.5,4.0,no,33.0,mujer,fijo,centro C,13.0,30.535437837151505,14.3,0.0,no
medicina,CONSULTAS,28.8,1286.823,4.0,3.4,10.1,sí,47.0,mujer,fijo,centro A,75.0,-25.434468095131436,13.1,2.0,no
celador,  planta ,45.3,2031.891,3.0,2.8,14.4,sí,36.0,hombre,interino,centro C,29.0,12.147148451859781,7.6,0.0,no
auxiliar,consultas,48.7,2179.907,3.0,2.2,10.2,sí,35.0,mujer,interino,centro D,19.0,30.07785628030301,32.5,1.0,no
enfermería,QUIRÓFANO,49.0,2261.806,2.0,3.3,8.6,sí,50.0,mujer,N/D,centro B,62.0,21.257360593776713,23.6,1.0,sí
enfermería,consultas,34.2,1548.573,5.0,3.4,7.2,sí,46.0,hombre,interino,centro C,45.0,-15.48825731925423,66.8,2.0,sí
auxiliar,consultas,31.5,1421.86,6.0,1.0,34.8,no,48.0,mujer,fijo,centro B,7.0,-52.104305979973816,21.9,0.0,sí
enfermería,urgencias,41.6,1946.548,4.0,3.2,3.8,no,30.0,hombre,fijo,centro B,26.0,-4.031194295420726,7.1,0.0,sí
auxiliar,planta,31.5,1472.248,6.0,3.4,8.6,sí,48.0,mujer,interino,centro A,16.0,-23.481791278643243,43.9,0.0,sí
administración,urgencias,38.4,1718.531,6.0,3.7,7.3,no,41.0,mujer,interino,centro A,8.0,-10.26381174338278,24.1,2.0,no
medicina,uci,38.5,1738.205,2.0,3.6,0.2,no,22.0,mujer,interino,centro A,58.0,-2.0312674599725113,8.9,1.0,no
auxiliar,URGENCIAS,27.5,1250.77,3.0,4.0,3.6,no,53.0,hombre,fijo,centro B,12.0,-24.84007964493511,7.5,1.0,no
administración,urgencias,34.0,1574.323,2.0,2.0,8.0,no,36.0,hombre,fijo,centro E,1.0,4.501707575204193,9.7,3.0,no
enfermería,oncología,46.4,2062.446,0.0,3.1,12.4,no,35.0,hombre,fijo,centro B,28.0,3.225647263295009,23.9,1.0,sí
enfermería,urgencias,45.6,2043.313,2.0,2.2,4.5,sí,53.0,hombre,interino,centro D,29.0,23.732755169654776,12.7,0.0,sí
medicina,oncologia,35.6,1703.519,3.0,2.0,9.4,no,53.0,hombre,interino,centro E,42.0,-28.130973911122116,9.7,1.0,no
administración,oncología,28.9,1340.33,3.0,4.4,27.2,no,24.0,mujer,fijo,centro C,19.0,-44.414143710603284,13.4,0.0,no
administración,consultas,28.4,1297.6,0.0,4.1,3.5,no,36.0,hombre,fijo,centro B,30.0,-11.85422892797634,14.8,1.0,no
administración,quirófano,36.2,1673.813,0.0,3.3,6.4,sí,27.0,hombre,fijo,centro D,76.0,-20.91099275829609,6.6,0.0,no
auxiliar,urgencias,38.0,1720.088,5.0,1.0,9.3,no,39.0,mujer,interino,centro D,30.0,27.614585016075615,46.4,0.0,no
auxiliar,consultas,38.9,1740.168,4.0,1.9,3.9,sí,40.0,hombre,interino,centro C,68.0,2.9632543571758996,8.3,2.0,no
celador,  oncología ,26.9,1240.946,3.0,3.0,11.4,no,47.0,hombre,interino,centro B,41.0,-33.75420833294647,4.3,2.0,no
enfermería,consultas,39.5,1784.227,0.0,3.8,13.3,sí,38.0,mujer,interino,centro C,38.0,3.6770543336296058,18.5,0.0,no
medicina,oncologia,46.5,2148.708,0.0,3.5,5.9,no,41.0,mujer,interino,centro A,27.0,-2.401885861160539,27.2,1.0,sí
enfermería,URGENCIAS,48.8,2260.333,0.0,2.4,7.1,no,46.0,mujer,fijo,centro D,19.0,27.3974549330498,17.7,2.0,no
administración,  oncología ,39.2,1766.166,3.0,2.6,11.5,no,52.0,mujer,fijo,centro E,27.0,-12.655385756405103,1.4,2.0,no
administración,planta,30.6,1435.515,2.0,4.1,7.2,sí,37.0,hombre,fijo,centro E,22.0,-7.939100933243941,4.5,0.0,no
enfermería,consultas,41.6,1887.737,2.0,4.9,19.6,sí,39.0,mujer,fijo,centro E,5.0,-9.102161703528873,16.5,1.0,sí
celador,oncología,31.5,1443.411,4.0,4.1,7.8,no,39.0,mujer,N/D,centro D,41.0,-46.4801310950193,6.1,3.0,no
celador,URGENCIAS,36.0,1686.393,6.0,3.4,9.1,sí,22.0,hombre,fijo,centro E,27.0,0.33951449767117836,12.6,1.0,no
medicina,urgencias,29.0,1347.328,4.0,3.6,7.4,no,22.0,hombre,fijo,centro A,29.0,-27.48368827373863,62.1,1.0,no
auxiliar,oncología,31.1,1411.671,0.0,3.1,10.1,sí,49.0,mujer,N/D,centro B,51.0,-18.159091917936976,3.2,0.0,no
medicina,uci,45.5,2081.095,7.0,1.6,4.7,sí,39.0,mujer,fijo,centro B,8.0,25.65409489464539,-99.0,0.0,no
administración,quirófano,54.4,2587.246,4.0,3.1,6.8,no,39.0,hombre,interino,centro B,21.0,41.2120345914519,9.2,3.0,no
administración,planta,32.0,1477.744,3.0,4.9,4.6,no,34.0,mujer,interino,centro D,19.0,-27.944129899758515,15.5,0.0,sí
medicina,oncología,43.7,2088.384,0.0,3.2,9.3,sí,23.0,hombre,fijo,centro A,30.0,-7.203693493551665,9.2,2.0,no
administración,oncología,41.7,1963.8,0.0,3.2,3.6,no,45.0,hombre,interino,centro D,14.0,-1.2343932435834173,8.1,1.0,no
medicina,planta,41.5,1855.842,1.0,3.3,15.2,no,43.0,mujer,fijo,centro E,25.0,-11.440483543765438,4.9,0.0,no
celador,consultas,36.1,1620.738,5.0,2.2,25.4,no,50.0,mujer,fijo,centro A,17.0,-17.044844020290718,8.8,2.0,no
medicina,  planta ,33.1,1488.543,0.0,3.0,12.0,no,47.0,mujer,interino,centro B,23.0,-22.460598622405534,21.4,0.0,sí
enfermería,uci,40.0,1794.776,1.0,3.4,22.4,no,39.0,mujer,fijo,centro C,29.0,14.958550175935523,12.7,0.0,sí
auxiliar,  planta ,38.9,1775.493,3.0,1.0,10.9,sí,22.0,hombre,eventual,centro E,41.0,11.420276046080424,13.1,0.0,no
enfermería,planta,41.7,1926.988,2.0,2.0,13.8,no,51.0,hombre,interino,centro B,43.0,-6.9079717655405215,18.9,0.0,no
enfermería,planta,31.0,1425.709,5.0,3.6,1.3,no,29.0,mujer,fijo,centro D,6.0,-21.918296137541116,-99.0,0.0,sí
enfermería,uci,28.8,1311.003,3.0,3.4,8.4,no,45.0,mujer,fijo,centro E,3.0,-17.90416739207693,43.6,1.0,no
auxiliar,CONSULTAS,46.1,2143.352,3.0,4.5,12.8,no,22.0,mujer,N/D,centro B,15.0,-7.535495312925555,28.5,0.0,sí
administración,  urgencias ,42.7,2013.376,1.0,4.0,2.1,sí,29.0,mujer,fijo,centro D,5.0,-19.130412832218823,8.8,1.0,no
enfermería,consultas,42.0,2020.351,0.0,2.7,13.9,no,44.0,mujer,eventual,centro E,19.0,-16.901101012402798,31.9,4.0,no
auxiliar,uci,44.3,2075.354,0.0,3.5,10.2,no,46.0,mujer,eventual,centro B,21.0,-25.31130187118517,-99.0,0.0,no
medicina,urgencias,34.3,1597.94,4.0,1.0,10.1,sí,50.0,mujer,fijo,centro E,13.0,-11.26871517660717,34.4,2.0,sí
medicina,consultas,41.5,1898.961,3.0,3.0,2.6,no,55.0,mujer,fijo,centro E,17.0,-5.034456432724847,6.1,1.0,no
enfermería,planta,41.5,1910.928,1.0,3.5,7.9,sí,38.0,hombre,eventual,centro B,19.0,-9.994400953325691,21.4,0.0,sí
medicina,quirófano,28.8,1336.635,0.0,3.1,11.9,no,31.0,mujer,fijo,centro E,38.0,-23.805150264519437,28.0,0.0,no
auxiliar,planta,33.2,1547.395,3.0,4.2,5.3,sí,48.0,hombre,eventual,centro A,22.0,-28.680714882721432,85.1,2.0,no
enfermería,urgencias,30.7,1440.583,2.0,4.6,12.8,no,51.0,hombre,fijo,centro D,44.0,-16.415507192723602,3.6,0.0,no
enfermería,consultas,40.6,1892.154,4.0,4.2,17.5,sí,36.0,hombre,fijo,centro B,24.0,-0.006993362812075521,50.6,2.0,no
medicina,urgencias,45.9,2118.112,4.0,3.9,19.4,no,46.0,mujer,interino,centro E,28.0,1.946538790064599,10.3,1.0,no
medicina,  consultas ,38.8,1767.302,0.0,3.0,3.7,sí,40.0,hombre,fijo,centro E,13.0,-20.62295955500795,4.7,2.0,no
enfermería,oncología,37.0,1661.65,0.0,2.8,42.0,no,28.0,mujer,fijo,centro E,27.0,-26.983875876488256,7.8,1.0,sí
medicina,oncología,33.0,1496.46,0.0,3.4,5.8,sí,22.0,mujer,fijo,centro B,54.0,-18.72342022373512,9.0,0.0,no
medicina,planta,42.8,1942.818,5.0,3.5,4.6,sí,32.0,mujer,fijo,centro C,49.0,12.107725843610767,36.2,1.0,no
enfermería,oncologia,35.9,1612.498,1.0,4.7,8.5,sí,31.0,hombre,fijo,centro B,10.0,-22.501091789910195,4.8,1.0,sí
medicina,consultas,40.8,1872.979,5.0,4.1,3.5,no,53.0,hombre,interino,centro E,31.0,0.7615924803705811,24.5,0.0,no
administración,planta,35.7,1632.183,4.0,1.8,11.3,sí,33.0,mujer,fijo,centro E,27.0,-9.296547084884626,12.0,0.0,no
enfermería,consultas,42.6,1962.336,5.0,3.8,15.1,no,39.0,hombre,fijo,centro C,27.0,11.189012885973357,21.6,0.0,no
auxiliar,consultas,30.1,1410.171,2.0,4.9,13.4,sí,54.0,mujer,interino,centro E,25.0,-24.97249756581796,9.1,2.0,sí
auxiliar,consultas,47.1,2083.326,2.0,3.6,24.6,no,50.0,mujer,fijo,centro B,6.0,8.471951919487836,4.7,0.0,no
medicina,planta,42.3,1938.07,4.0,2.8,3.1,sí,49.0,mujer,fijo,centro C,11.0,-1.8938121711120495,20.8,1.0,no
enfermería,CONSULTAS,42.3,1940.396,0.0,4.5,0.8,no,24.0,hombre,fijo,centro A,34.0,-24.24166533047328,42.5,2.0,no
auxiliar,quirófano,32.8,1499.498,3.0,2.7,8.4,no,33.0,mujer,fijo,centro D,23.0,-3.545653003205855,17.5,2.0,no
enfermería,uci,29.9,1420.305,1.0,1.9,10.0,no,33.0,mujer,interino,centro B,23.0,-11.743283878705526,44.9,3.0,sí
enfermería,quirófano,39.0,1788.641,2.0,3.7,3.9,sí,39.0,mujer,fijo,centro D,13.0,-7.191351820250209,46.3,1.0,no
auxiliar,urgencias,29.9,1381.883,0.0,3.5,14.6,no,39.0,mujer,fijo,centro D,95.0,-18.301343270651415,22.1,0.0,no
medicina,quirófano,45.3,2035.76,0.0,3.1,15.2,no,22.0,hombre,fijo,centro E,53.0,-12.901307879522843,29.9,0.0,sí
celador,  planta ,34.3,1554.935,2.0,3.6,6.5,sí,41.0,mujer,interino,centro A,9.0,-25.21870886926984,25.5,3.0,sí
enfermería,  urgencias ,33.0,1424.505,5.0,3.1,22.9,no,40.0,mujer,interino,centro D,34.0,-41.77461586957516,16.2,1.0,no
enfermería,PLANTA,41.5,1987.171,2.0,3.0,6.9,sí,49.0,mujer,fijo,centro C,39.0,6.722762668757111,22.9,1.0,sí
auxiliar,PLANTA,37.3,1736.099,2.0,3.2,30.0,no,52.0,mujer,eventual,centro C,8.0,-23.06293673470889,14.2,0.0,sí
enfermería,uci,31.6,1433.688,4.0,3.5,11.4,no,24.0,mujer,eventual,centro B,54.0,-25.37857037970287,12.7,0.0,no
enfermería,consultas,35.9,1641.347,0.0,2.3,30.8,no,44.0,mujer,interino,centro A,22.0,-16.92561677094216,9.2,0.0,sí
celador,consultas,40.6,1843.33,5.0,4.8,1.5,sí,50.0,mujer,fijo,centro A,116.0,5.025234797398841,25.4,0.0,no
enfermería,consultas,45.0,2087.959,2.0,3.0,10.0,no,43.0,mujer,interino,centro E,37.0,-8.792293649407581,9.7,0.0,sí
medicina,consultas,42.6,2001.852,0.0,3.0,2.4,no,46.0,mujer,eventual,centro E,32.0,-4.531673008728738,7.2,1.0,sí
administración,planta,40.6,1932.812,6.0,3.3,2.9,no,36.0,mujer,interino,centro D,47.0,-15.006386766765377,30.3,2.0,sí
medicina,consultas,25.4,1152.906,3.0,4.0,4.8,sí,44.0,hombre,fijo,centro A,14.0,-35.08255509201219,7.7,1.0,no
celador,consultas,39.0,1806.713,1.0,3.4,6.5,no,31.0,hombre,interino,centro A,9.0,-1.81240982960548,11.3,1.0,sí
enfermería,ONCOLOGÍA,31.3,1440.937,0.0,2.4,19.6,sí,61.0,mujer,eventual,centro E,14.0,-9.873337222509885,-99.0,0.0,sí
celador,planta,44.3,2026.52,2.0,1.3,11.2,sí,53.0,mujer,interino,centro C,37.0,13.265847899170844,25.8,1.0,sí
celador,urgencias,47.3,2222.135,0.0,1.0,6.8,sí,32.0,mujer,fijo,centro C,38.0,0.4401551821007459,2.2,0.0,no
auxiliar,quirofano,25.1,1114.215,0.0,4.1,6.4,no,44.0,mujer,eventual,centro A,8.0,-42.551475702794384,11.5,0.0,sí
enfermería,urgencias,36.3,1683.117,0.0,5.0,1.7,sí,42.0,mujer,N/D,centro B,29.0,-11.944887339211636,19.4,2.0,sí
auxiliar,consultas,30.5,1394.256,4.0,2.9,18.9,sí,36.0,mujer,fijo,centro B,31.0,-26.068048240835836,29.3,2.0,no
enfermería,oncología,51.1,2407.437,0.0,1.6,3.5,no,47.0,hombre,fijo,centro D,65.0,14.930261874708947,43.0,0.0,no
celador,consultas,39.7,1838.993,3.0,3.2,10.9,sí,58.0,mujer,fijo,centro E,45.0,-12.043024751628936,18.0,2.0,sí
enfermería,CONSULTAS,39.4,1823.315,5.0,3.4,3.6,sí,49.0,hombre,eventual,centro C,30.0,-10.280304591302215,55.7,0.0,no
medicina,consultas,38.6,1847.782,0.0,2.8,11.4,sí,29.0,mujer,fijo,centro C,19.0,-10.51451583490837,10.6,0.0,sí
medicina,urgencias,38.3,1775.314,2.0,2.6,21.2,no,39.0,mujer,fijo,centro B,28.0,-13.527325281481449,14.7,1.0,no
medicina,consultas,41.2,1878.912,2.0,3.7,5.6,sí,52.0,mujer,fijo,centro E,7.0,0.20967063976446232,4.7,0.0,no
enfermería,quirófano,28.1,1312.578,5.0,2.7,8.2,no,51.0,hombre,fijo,centro D,15.0,-34.26916043126661,4.9,0.0,no
auxiliar,planta,23.9,1111.281,5.0,5.0,2.9,sí,57.0,mujer,eventual,centro B,11.0,-53.64028610051692,5.3,1.0,no
auxiliar,planta,42.4,1997.143,1.0,3.8,1.8,no,44.0,mujer,fijo,centro D,35.0,4.988958082502826,13.1,1.0,no
administración,urgencias,39.1,1813.383,5.0,3.1,6.3,sí,54.0,hombre,interino,centro D,28.0,-1.821913824315624,15.6,3.0,sí
medicina,oncología,33.4,1553.611,2.0,3.8,4.0,no,22.0,mujer,interino,centro E,23.0,-5.171259215809917,22.8,0.0,no
administración,quirófano,41.0,1889.93,0.0,4.3,13.6,no,45.0,hombre,interino,centro B,48.0,-1.9213190169593783,7.3,0.0,sí
enfermería,quirófano,31.5,1468.947,2.0,3.9,20.4,no,50.0,hombre,interino,centro C,80.0,-31.457570114594986,16.5,1.0,no
enfermería,consultas,37.1,1608.209,0.0,4.0,4.3,no,34.0,mujer,interino,centro D,17.0,-33.21767780870101,31.7,2.0,no
auxiliar,uci,35.6,1598.912,0.0,3.3,7.6,sí,50.0,mujer,fijo,centro B,17.0,-0.5793081629930743,5.4,1.0,sí
auxiliar,planta,29.2,1324.058,3.0,2.6,41.2,no,22.0,mujer,fijo,centro B,55.0,-25.49368853771806,5.8,2.0,sí
medicina,CONSULTAS,23.4,1075.916,1.0,3.0,3.6,sí,66.0,hombre,interino,centro D,45.0,-33.245410794263194,28.8,0.0,no
enfermería,  urgencias ,41.0,1873.351,0.0,5.0,7.6,sí,54.0,hombre,interino,centro E,38.0,-24.47709484363848,5.7,2.0,no
medicina,planta,33.7,1520.202,5.0,3.2,9.7,no,47.0,mujer,N/D,centro B,8.0,-25.141929919142342,10.1,2.0,sí
enfermería,consultas,35.6,1628.283,1.0,4.1,5.1,no,49.0,hombre,interino,centro A,32.0,-23.686768352853253,82.8,0.0,no
enfermería,consultas,35.9,1674.548,0.0,3.3,20.3,no,22.0,mujer,interino,centro A,24.0,-10.215025313401787,8.3,2.0,sí
enfermería,quirófano,37.7,1687.652,3.0,3.2,4.1,no,51.0,mujer,fijo,centro B,13.0,-14.96241750806275,44.6,2.0,no
enfermería,quirófano,41.9,1970.654,4.0,3.0,8.3,sí,30.0,hombre,N/D,centro A,25.0,0.1576847478549901,30.6,2.0,no
enfermería,uci,41.0,1894.376,2.0,4.5,5.9,no,65.0,mujer,interino,centro E,26.0,7.433565489691247,17.0,1.0,no
medicina,urgencias,39.1,1851.101,3.0,4.8,14.4,sí,49.0,mujer,interino,centro D,28.0,-6.061343870048418,12.0,0.0,no
administración,urgencias,34.5,1594.09,2.0,2.8,8.7,sí,22.0,mujer,eventual,centro C,61.0,-15.646547103087377,17.8,1.0,no
enfermería,quirófano,31.1,1445.82,4.0,2.2,4.8,sí,52.0,mujer,interino,centro E,12.0,-16.09178174827363,13.8,1.0,no
medicina,urgencias,32.5,1441.73,2.0,2.7,11.2,no,47.0,mujer,fijo,centro D,27.0,-15.286481033474177,7.4,1.0,no
medicina,quirófano,48.0,2242.063,5.0,3.4,5.0,sí,38.0,mujer,N/D,centro C,70.0,39.77483413268773,11.0,1.0,no
administración,consultas,38.3,1716.421,1.0,4.2,6.7,no,45.0,mujer,fijo,centro B,7.0,-19.304762852313033,6.1,1.0,sí
medicina,  planta ,24.7,1128.824,1.0,4.1,3.6,sí,49.0,hombre,interino,centro D,3.0,-29.25903727533307,27.9,1.0,sí
enfermería,planta,38.4,1809.695,6.0,1.7,9.8,no,53.0,mujer,interino,centro D,63.0,9.119671810565924,5.3,0.0,no
enfermería,planta,46.9,2113.145,2.0,3.6,10.1,sí,51.0,hombre,interino,centro A,22.0,14.296549556316807,10.0,1.0,no
enfermería,  urgencias ,39.6,1842.093,3.0,2.2,22.7,no,46.0,hombre,fijo,centro D,18.0,17.572762098634257,5.8,2.0,no
auxiliar,  planta ,33.6,1512.101,4.0,4.2,10.2,no,48.0,mujer,interino,centro B,56.0,-25.65510598419989,35.1,1.0,no
enfermería,urgencias,47.7,2162.025,1.0,3.2,7.5,no,40.0,hombre,interino,centro E,64.0,18.02489032309168,63.1,4.0,no
enfermería,planta,35.5,1622.892,2.0,2.2,7.2,sí,33.0,mujer,interino,centro C,19.0,-10.977594921461604,9.5,0.0,no
enfermería,planta,42.4,1933.086,3.0,3.2,4.5,no,36.0,mujer,interino,centro E,35.0,3.3010247114299824,17.3,1.0,no
enfermería,consultas,34.7,1603.824,3.0,2.5,1.8,sí,53.0,mujer,fijo,centro D,86.0,-21.283274100770086,2.6,3.0,sí
enfermería,oncología,36.1,1670.301,7.0,4.0,8.0,no,48.0,mujer,fijo,centro C,8.0,-6.3365783326547245,26.6,0.0,no
medicina,planta,40.0,1863.24,5.0,4.5,3.7,no,44.0,mujer,interino,centro A,30.0,-3.866963542312239,43.9,0.0,sí
medicina,  oncología ,45.0,2033.09,2.0,3.1,10.6,sí,46.0,mujer,fijo,centro C,40.0,8.416623019709792,9.6,3.0,sí
enfermería,  planta ,30.7,1395.189,7.0,2.1,11.6,no,34.0,hombre,fijo,centro A,42.0,-20.37361035210013,22.9,0.0,sí
auxiliar,planta,35.9,1656.616,5.0,2.9,17.7,no,60.0,mujer,fijo,centro D,23.0,1.0062482566844828,-99.0,1.0,no
enfermería,  planta ,34.3,1591.234,3.0,3.9,4.2,no,62.0,mujer,fijo,centro D,58.0,-16.313318574359634,4.2,2.0,sí
administración,  planta ,41.5,1903.321,1.0,1.9,2.0,no,55.0,hombre,fijo,centro D,49.0,-23.748427302957598,3.3,2.0,sí
enfermería,planta,32.9,1514.865,3.0,3.4,9.8,sí,38.0,mujer,fijo,centro B,54.0,-0.03016272269140785,7.0,0.0,sí
medicina,uci,48.7,2256.718,3.0,2.6,16.8,no,31.0,mujer,fijo,centro D,26.0,11.838355972309097,12.9,0.0,no
medicina,  consultas ,39.6,1777.391,0.0,2.8,4.2,sí,49.0,mujer,interino,centro A,67.0,-11.619524921061654,28.7,0.0,sí
administración,uci,42.5,1985.075,0.0,4.4,0.6,sí,41.0,mujer,fijo,centro C,21.0,-11.160096001921733,1.7,0.0,sí
medicina,planta,43.6,2006.299,0.0,3.4,8.4,no,41.0,hombre,fijo,centro D,19.0,-13.003878698340671,10.4,0.0,no
auxiliar,consultas,31.5,1462.447,1.0,3.9,14.4,no,28.0,mujer,fijo,centro E,26.0,-22.716901113389568,69.9,2.0,no
enfermería,quirófano,30.8,1415.392,2.0,2.1,11.1,no,50.0,hombre,fijo,centro A,68.0,-22.814492536219756,3.3,0.0,no
administración,planta,39.4,1753.196,2.0,3.6,1.5,no,45.0,mujer,N/D,centro B,66.0,-3.154065497433362,12.5,1.0,no
administración,QUIRÓFANO,33.1,1515.158,3.0,3.6,15.5,no,41.0,mujer,fijo,centro D,39.0,-22.693927178413173,16.7,2.0,sí
medicina,planta,36.8,1690.587,0.0,5.0,5.5,no,51.0,mujer,N/D,centro B,61.0,-5.552715151739168,9.4,0.0,no
administración,planta,35.2,1651.545,5.0,3.1,18.3,sí,57.0,mujer,interino,centro A,39.0,-9.471818532999636,14.7,1.0,sí
enfermería,consultas,31.6,1487.884,0.0,2.9,4.1,sí,45.0,hombre,fijo,centro D,10.0,-16.59142344879277,21.1,0.0,no
medicina,consultas,35.1,1593.718,5.0,2.6,11.5,sí,42.0,mujer,interino,centro D,45.0,-0.03660366670538373,11.2,2.0,no
administración,planta,48.7,2156.154,3.0,3.9,10.1,no,31.0,mujer,fijo,centro E,53.0,13.649026902960527,6.4,4.0,no
auxiliar,  urgencias ,42.6,2018.083,0.0,4.1,16.9,sí,41.0,mujer,fijo,centro C,30.0,-10.778024960245471,37.7,0.0,no
celador,uci,34.0,1563.406,0.0,3.6,6.1,no,44.0,mujer,fijo,centro E,44.0,-26.67311958432205,12.2,1.0,sí
medicina,uci,42.6,1970.923,5.0,2.7,9.1,no,29.0,mujer,interino,centro C,15.0,-5.528859936467779,11.7,1.0,no
enfermería,  quirófano ,35.1,1601.846,3.0,2.3,12.1,no,23.0,hombre,fijo,centro B,14.0,-2.993216594075694,17.0,0.0,sí
medicina,urgencias,55.4,2517.041,3.0,5.0,3.6,no,36.0,hombre,fijo,centro C,34.0,43.47988376657409,92.3,2.0,no
auxiliar,  urgencias ,35.3,1600.756,1.0,2.5,7.1,sí,51.0,hombre,interino,centro A,41.0,-16.49451984906641,4.6,2.0,sí
celador,  uci ,45.6,2126.686,3.0,2.9,10.2,no,38.0,mujer,eventual,centro E,34.0,-2.17442545459828,27.8,1.0,sí
medicina,urgencias,45.6,2180.684,4.0,4.6,5.1,sí,36.0,mujer,fijo,centro E,24.0,24.200225631771424,5.8,0.0,sí
auxiliar,planta,43.6,1951.518,4.0,3.6,3.6,no,37.0,mujer,fijo,centro C,12.0,10.037386669181824,24.4,1.0,no
administración,planta,39.3,1840.406,1.0,3.3,20.4,no,22.0,hombre,fijo,centro A,20.0,-6.271170838637435,11.3,0.0,sí
auxiliar,QUIRÓFANO,37.5,1746.603,3.0,2.8,20.3,sí,54.0,mujer,eventual,centro B,18.0,2.9647474009574797,20.6,1.0,no
celador,uci,44.7,1986.283,4.0,3.1,5.7,no,31.0,mujer,fijo,centro E,34.0,6.099882462144347,12.5,2.0,sí
administración,quirófano,44.0,2075.91,2.0,1.3,8.7,no,44.0,mujer,eventual,centro E,14.0,8.672381267524795,9.5,1.0,no
celador,planta,35.4,1669.077,3.0,2.9,4.4,no,51.0,mujer,eventual,centro B,11.0,-10.612846805464509,24.3,1.0,no
enfermería,planta,31.6,1435.018,0.0,4.1,28.6,no,32.0,hombre,eventual,centro C,16.0,-28.76703774148364,8.4,2.0,sí
auxiliar,consultas,43.3,1960.314,3.0,1.5,13.0,sí,50.0,hombre,fijo,centro E,4.0,0.521554504802392,17.4,0.0,sí
auxiliar,PLANTA,33.3,1518.796,3.0,3.0,31.7,sí,43.0,mujer,N/D,centro D,21.0,-8.558506157339494,13.1,1.0,sí
enfermería,planta,44.2,1950.709,4.0,3.1,1.5,no,50.0,mujer,fijo,centro C,2.0,-3.756233044663805,-99.0,2.0,sí
administración,consultas,43.5,1971.744,1.0,2.4,8.4,sí,55.0,mujer,interino,centro C,12.0,-7.470281329574434,64.5,0.0,sí
enfermería,consultas,36.4,1705.386,4.0,3.8,12.2,no,33.0,mujer,fijo,centro B,6.0,-13.158769498762933,47.4,1.0,no
enfermería,uci,36.7,1686.242,3.0,2.5,2.6,sí,27.0,mujer,fijo,centro D,50.0,-7.133211231404426,16.8,1.0,no
medicina,consultas,34.8,1541.748,2.0,2.5,16.6,no,27.0,hombre,interino,centro A,84.0,-16.185151712553072,14.5,3.0,sí
celador,urgencias,31.1,1458.345,3.0,5.0,10.0,no,42.0,mujer,fijo,centro C,50.0,-26.583268444568695,4.3,1.0,no
enfermería,URGENCIAS,29.4,1366.553,3.0,3.3,10.0,no,48.0,hombre,eventual,centro C,11.0,-21.15845048773915,32.6,2.0,sí
enfermería,planta,33.6,1537.764,0.0,3.0,5.1,no,60.0,hombre,fijo,centro E,17.0,-12.15774510938052,26.0,1.0,sí
auxiliar,uci,34.0,1615.952,5.0,5.0,27.7,no,44.0,mujer,fijo,centro E,38.0,-11.519430273372935,9.9,0.0,no
enfermería,consultas,24.4,1144.955,0.0,3.3,7.6,no,45.0,hombre,interino,centro D,30.0,-24.5299645146015,15.9,0.0,sí
enfermería,planta,43.5,1981.449,0.0,3.3,4.2,sí,40.0,hombre,fijo,centro C,16.0,3.333215834922034,-99.0,2.0,no
enfermería,uci,33.0,1538.847,2.0,2.0,8.5,no,24.0,mujer,fijo,centro E,19.0,-24.927704151913307,1.1,0.0,sí
enfermería,planta,30.9,1416.656,2.0,2.7,2.9,sí,45.0,mujer,N/D,centro E,10.0,-9.879135292064465,2.6,2.0,no
enfermería,consultas,27.4,1197.277,2.0,4.1,17.4,sí,36.0,mujer,eventual,centro B,14.0,-32.3176931929731,18.6,2.0,no
enfermería,CONSULTAS,38.5,1782.658,0.0,4.3,18.3,no,38.0,hombre,fijo,centro D,38.0,-18.570966862769538,23.9,2.0,sí
medicina,consultas,44.5,2059.925,2.0,3.1,3.9,no,35.0,mujer,fijo,centro B,29.0,16.30978271630919,35.2,0.0,no
auxiliar,uci,43.6,2071.639,4.0,3.6,8.0,no,39.0,hombre,eventual,centro D,57.0,20.616942334345172,3.5,2.0,no
enfermería,  urgencias ,37.4,1714.731,2.0,2.0,11.6,sí,51.0,mujer,fijo,centro D,36.0,-1.6079691234289757,7.3,1.0,no
celador,consultas,41.8,1973.401,1.0,3.0,8.8,sí,29.0,mujer,eventual,centro C,27.0,6.1533266294060045,31.1,0.0,sí
administración,planta,24.6,1103.04,0.0,3.7,7.8,sí,62.0,mujer,interino,centro A,21.0,-0.4307823149587655,4.7,1.0,sí
enfermería,  consultas ,43.9,2118.836,2.0,4.7,12.5,no,29.0,mujer,eventual,centro D,24.0,-25.944723672463095,23.3,0.0,no
medicina,oncología,45.1,2063.783,2.0,3.8,4.2,no,33.0,mujer,interino,centro B,64.0,22.53597324189716,5.7,0.0,sí
medicina,consultas,45.8,2124.707,3.0,2.7,7.0,no,29.0,mujer,fijo,centro A,24.0,4.948194446628628,19.4,1.0,sí
enfermería,planta,47.3,2115.159,3.0,3.0,10.8,no,25.0,mujer,fijo,centro E,37.0,20.413319035988476,11.2,0.0,no
enfermería,ONCOLOGÍA,38.2,1745.893,3.0,4.5,8.9,sí,43.0,mujer,eventual,centro D,3.0,-13.314167246585441,22.3,1.0,no
medicina,oncología,54.5,2569.569,5.0,5.0,13.5,no,44.0,hombre,fijo,centro A,12.0,31.328041452887003,21.0,1.0,no
administración,  quirófano ,43.0,1942.835,4.0,5.0,1.2,sí,50.0,mujer,fijo,centro B,13.0,13.470703970793398,14.8,1.0,no
auxiliar,urgencias,31.3,1454.188,0.0,3.4,1.1,no,61.0,mujer,interino,centro A,49.0,-38.41019139141606,22.6,1.0,sí
auxiliar,consultas,26.1,1191.496,2.0,2.0,7.5,no,62.0,mujer,fijo,centro B,19.0,-17.2543049324994,14.1,2.0,sí
auxiliar,uci,27.3,1282.286,2.0,4.0,9.3,sí,42.0,mujer,fijo,centro B,12.0,-16.19871490953374,2.3,0.0,no
administración,consultas,34.7,1619.819,4.0,2.3,2.6,sí,41.0,mujer,eventual,centro D,8.0,-8.794828265446231,24.4,0.0,no
enfermería,PLANTA,37.9,1713.871,0.0,4.3,5.3,no,40.0,hombre,interino,centro A,35.0,-14.419437105922055,1.8,0.0,no
medicina,planta,46.5,2116.864,1.0,2.9,4.7,no,47.0,mujer,fijo,centro A,34.0,-4.0815590787603035,12.8,2.0,sí
enfermería,planta,37.1,1736.589,3.0,2.0,0.3,sí,31.0,mujer,fijo,centro D,15.0,-6.301204901833817,3.7,1.0,sí
administración,planta,50.2,2277.414,5.0,4.1,7.6,no,46.0,mujer,eventual,centro E,24.0,32.779009843009376,7.7,2.0,no
enfermería,consultas,33.7,1559.78,4.0,4.9,23.4,no,24.0,mujer,interino,centro E,19.0,-29.80204842493724,-99.0,0.0,no
auxiliar,planta,26.8,1232.467,1.0,1.0,15.6,no,60.0,mujer,interino,centro D,22.0,-36.18209356151053,11.8,0.0,sí
auxiliar,  quirófano ,27.1,1245.356,0.0,4.2,6.4,no,46.0,hombre,N/D,centro E,68.0,-21.771329738656114,13.9,0.0,no
enfermería,uci,39.3,1823.416,3.0,3.4,5.3,no,41.0,mujer,fijo,centro B,33.0,-10.752911243664201,10.5,2.0,sí
administración,  quirófano ,28.1,1327.263,3.0,1.9,7.2,no,41.0,hombre,interino,centro B,49.0,-18.391001798736625,27.5,0.0,no
celador,  urgencias ,43.2,2042.583,4.0,4.0,19.0,no,66.0,mujer,N/D,centro B,4.0,14.750659963187594,24.7,1.0,no
celador,  uci ,28.8,1309.886,3.0,2.6,9.0,no,36.0,mujer,interino,centro C,23.0,-30.14179444158327,48.5,2.0,no
enfermería,URGENCIAS,36.7,1714.073,1.0,3.7,7.6,no,22.0,hombre,interino,centro D,4.0,-28.949380597314182,13.0,0.0,no
administración,quirófano,38.6,1782.994,2.0,4.5,2.7,no,50.0,mujer,eventual,centro E,87.0,-14.745397445081267,22.0,1.0,no
auxiliar,planta,44.0,2060.016,4.0,2.8,11.3,no,60.0,mujer,fijo,centro D,19.0,19.36431410754203,35.5,2.0,no
enfermería,planta,30.8,1461.779,5.0,5.0,6.6,no,38.0,mujer,fijo,centro E,18.0,-24.959061703431445,-99.0,0.0,no
auxiliar,uci,40.7,1881.351,3.0,2.6,14.2,no,55.0,mujer,fijo,centro C,14.0,7.60874264395485,22.9,0.0,sí
enfermería,consultas,40.9,1919.826,0.0,5.0,3.2,sí,50.0,mujer,eventual,centro E,31.0,-10.387146772526421,55.1,1.0,no
enfermería,CONSULTAS,44.6,2034.365,4.0,1.4,17.7,no,28.0,mujer,eventual,centro D,55.0,14.699233041475306,-99.0,1.0,no
medicina,planta,37.4,1737.737,3.0,2.7,3.8,no,43.0,mujer,fijo,centro C,16.0,-26.291789913059397,37.8,2.0,no
medicina,urgencias,48.7,2257.337,6.0,3.8,13.9,sí,37.0,hombre,fijo,centro C,44.0,44.79627321366416,2.6,0.0,no
enfermería,consultas,35.0,1543.756,6.0,1.4,5.2,sí,48.0,hombre,interino,centro A,16.0,-12.246258030554277,30.2,2.0,no
enfermería,urgencias,36.3,1744.651,2.0,4.0,1.3,no,38.0,hombre,interino,centro B,70.0,-2.4589391903722344,13.1,0.0,no
enfermería,consultas,34.2,1618.219,0.0,3.4,12.5,sí,41.0,hombre,fijo,centro C,64.0,-5.080956272816612,72.0,0.0,sí
medicina,consultas,48.3,2221.956,0.0,3.4,4.7,no,39.0,hombre,interino,centro C,54.0,6.304177842287398,5.5,0.0,sí
medicina,quirófano,26.1,1180.317,3.0,3.4,13.8,sí,47.0,mujer,fijo,centro B,30.0,-15.040187912595528,9.5,2.0,sí
enfermería,planta,26.6,1250.726,2.0,2.9,6.9,no,30.0,mujer,eventual,centro B,30.0,-30.319298157552694,13.7,1.0,no
auxiliar,oncología,35.2,1626.073,3.0,4.1,1.2,sí,46.0,mujer,interino,centro B,9.0,-19.75329203777311,5.9,2.0,sí
auxiliar,URGENCIAS,29.4,1385.41,1.0,3.7,11.4,no,33.0,mujer,interino,centro B,33.0,-24.61886157599504,1.4,0.0,no
enfermería,quirófano,40.8,1893.895,0.0,2.6,3.2,no,40.0,mujer,fijo,centro D,11.0,-32.70051261644279,24.7,2.0,sí
medicina,urgencias,42.7,1924.798,3.0,4.0,7.1,no,29.0,hombre,fijo,centro A,6.0,-9.076099308789798,44.9,2.0,no
auxiliar,consultas,28.6,1321.354,2.0,3.0,5.7,sí,46.0,mujer,N/D,centro E,41.0,-34.14280617456402,7.4,0.0,sí
enfermería,consultas,50.4,2302.682,5.0,2.7,9.0,sí,45.0,mujer,fijo,centro C,25.0,44.23231639857807,5.6,2.0,no
administración,urgencias,34.1,1517.447,4.0,3.2,7.2,no,49.0,mujer,interino,centro B,70.0,-21.076999929602803,15.5,1.0,sí
auxiliar,planta,35.5,1651.902,0.0,3.7,1.9,sí,34.0,mujer,interino,centro C,31.0,3.3015146942454567,22.3,0.0,sí
enfermería,  uci ,36.0,1652.379,0.0,3.2,13.6,sí,24.0,mujer,fijo,centro D,4.0,-26.185021835881415,9.0,2.0,no
enfermería,consultas,30.4,1357.267,0.0,2.6,8.3,no,29.0,hombre,N/D,centro B,95.0,-30.80821345241197,8.6,0.0,no
administración,quirófano,35.7,1631.494,4.0,1.5,3.5,no,35.0,hombre,fijo,centro A,10.0,-3.2486230203975026,9.9,0.0,no
enfermería,urgencias,34.8,1632.648,7.0,3.6,9.8,sí,33.0,mujer,fijo,centro B,67.0,-15.273111185942643,6.4,2.0,no
auxiliar,PLANTA,40.3,1894.321,0.0,4.5,1.0,no,38.0,mujer,N/D,centro E,4.0,6.402071793326813,9.1,0.0,no
auxiliar,urgencias,27.1,1281.144,0.0,4.0,11.3,no,29.0,mujer,interino,centro D,40.0,-26.77419711030584,12.3,3.0,no
auxiliar,uci,40.1,1882.866,2.0,2.6,4.8,sí,35.0,mujer,fijo,centro E,57.0,9.783417981461623,7.6,0.0,sí
medicina,oncología,35.4,1665.299,6.0,3.3,3.5,no,40.0,mujer,fijo,centro B,30.0,-13.63031554296074,6.4,1.0,sí
celador,urgencias,40.8,1871.144,0.0,4.7,6.5,no,44.0,mujer,interino,centro B,41.0,-15.055288783979872,13.7,0.0,no
auxiliar,quirófano,36.7,1650.355,2.0,5.0,8.6,no,55.0,mujer,interino,centro B,71.0,-22.591349734770166,7.1,1.0,sí
enfermería,uci,25.0,1142.745,2.0,3.8,2.3,sí,35.0,mujer,eventual,centro A,69.0,-16.562131041369415,27.0,2.0,no
auxiliar,oncología,46.1,2100.097,3.0,3.3,10.9,no,24.0,mujer,eventual,centro E,72.0,9.297040776188528,4.1,1.0,no
auxiliar,planta,40.4,1866.921,4.0,4.6,8.1,no,37.0,mujer,fijo,centro D,15.0,-16.63135642543873,45.0,2.0,sí
medicina,quirófano,32.2,1454.509,0.0,4.4,12.3,no,56.0,mujer,fijo,centro A,12.0,-8.116795733315282,3.0,2.0,sí
administración,consultas,36.2,1674.413,2.0,5.0,3.7,no,43.0,hombre,interino,centro E,22.0,-12.705382674746755,26.7,0.0,sí
enfermería,oncologia,39.4,1832.918,1.0,4.5,9.1,sí,38.0,hombre,interino,centro B,7.0,12.445390205949865,132.0,0.0,no
administración,planta,31.2,1394.23,5.0,3.5,1.0,no,39.0,mujer,N/D,centro B,110.0,-21.050900174620722,22.8,1.0,no
enfermería,planta,27.7,1296.067,0.0,5.0,13.5,no,38.0,mujer,fijo,centro E,34.0,-23.615049901298036,25.4,1.0,no
celador,planta,42.8,1926.842,0.0,2.6,8.7,sí,41.0,mujer,fijo,centro A,25.0,-11.272248626471157,18.2,0.0,sí
auxiliar,planta,43.6,2012.509,2.0,4.3,22.4,no,50.0,hombre,interino,centro C,19.0,-5.086125477777932,22.6,0.0,no
celador,uci,46.7,2150.71,1.0,3.7,3.7,no,48.0,mujer,interino,centro E,35.0,7.338517797225157,-99.0,1.0,no
administración,planta,39.3,1774.149,0.0,1.6,13.9,no,31.0,mujer,interino,centro B,96.0,-2.911552163329529,17.1,2.0,sí
enfermería,quirófano,38.2,1848.213,4.0,2.8,2.1,sí,43.0,hombre,interino,centro E,9.0,-1.8647041189013167,8.6,0.0,sí
administración,urgencias,33.7,1547.142,0.0,1.9,3.4,no,23.0,hombre,interino,centro A,53.0,-15.943483077848908,11.5,0.0,no
auxiliar,quirófano,37.2,1774.93,0.0,3.9,12.1,no,36.0,hombre,eventual,centro D,33.0,-18.55820492721255,153.9,1.0,no
medicina,quirófano,34.3,1592.998,4.0,4.1,10.3,no,50.0,mujer,fijo,centro B,27.0,-4.241089006844042,-99.0,0.0,no
auxiliar,uci,52.6,2381.821,0.0,3.3,4.1,no,56.0,mujer,fijo,centro A,20.0,7.47524595549822,11.0,1.0,no
enfermería,  oncología ,39.0,1803.334,0.0,3.0,2.5,sí,38.0,mujer,fijo,centro E,9.0,-6.026117996351343,13.3,0.0,sí
auxiliar,uci,28.7,1346.28,2.0,3.3,10.2,sí,31.0,mujer,fijo,centro C,16.0,-21.70285068041974,24.1,2.0,no
enfermería,  consultas ,30.3,1368.476,1.0,4.7,26.4,no,40.0,mujer,interino,centro A,14.0,-46.98886079213465,23.8,2.0,no
enfermería,  consultas ,39.2,1762.111,2.0,4.2,21.1,no,34.0,mujer,interino,centro E,38.0,-13.104442288035948,17.8,2.0,sí
auxiliar,QUIRÓFANO,41.6,1834.871,3.0,4.1,10.9,no,49.0,mujer,fijo,centro D,29.0,-14.319232130414877,32.3,1.0,sí
auxiliar,  planta ,38.7,1781.779,3.0,4.0,4.4,no,47.0,mujer,interino,centro A,48.0,-1.7577474854008575,23.7,2.0,no
auxiliar,urgencias,37.8,1812.026,2.0,3.2,17.6,no,39.0,mujer,interino,centro B,33.0,-3.11154830325564,24.8,0.0,no
medicina,URGENCIAS,31.8,1471.771,2.0,2.7,11.8,no,40.0,mujer,eventual,centro C,20.0,-10.14017504136591,14.5,0.0,no
enfermería,urgencias,39.4,1832.681,0.0,3.2,20.5,no,22.0,mujer,eventual,centro C,51.0,-14.699734371170994,9.5,0.0,sí
auxiliar,planta,39.9,1841.495,0.0,2.9,3.3,sí,54.0,mujer,interino,centro B,86.0,-14.509078116801906,63.9,0.0,sí
medicina,CONSULTAS,30.4,1419.352,1.0,3.6,12.5,no,30.0,mujer,interino,centro E,3.0,-21.124726695133525,10.3,2.0,no
medicina,planta,46.6,2146.061,2.0,3.7,21.8,sí,49.0,hombre,fijo,centro C,9.0,6.747883390051955,40.4,2.0,no
enfermería,consultas,28.5,1365.66,0.0,3.4,12.3,no,50.0,mujer,fijo,centro D,12.0,-18.631147292220952,6.0,1.0,no
medicina,URGENCIAS,46.3,2151.126,3.0,2.8,13.6,sí,46.0,mujer,fijo,centro D,35.0,18.073667399499854,1.9,0.0,sí
enfermería,oncología,36.7,1681.681,6.0,2.3,4.7,no,49.0,mujer,fijo,centro B,33.0,16.3496905708698,2.7,3.0,no
auxiliar,  planta ,36.9,1670.801,3.0,5.0,2.4,sí,27.0,mujer,interino,centro E,25.0,-13.41089928359011,8.9,3.0,sí
enfermería,quirófano,46.6,2094.875,1.0,2.9,32.7,no,45.0,mujer,fijo,centro E,54.0,5.782353149563185,4.9,0.0,sí
auxiliar,urgencias,43.6,2014.592,4.0,2.1,9.1,sí,25.0,mujer,interino,centro E,40.0,12.744757969690156,-99.0,1.0,sí
enfermería,consultas,40.3,1836.342,5.0,3.8,9.9,no,47.0,mujer,eventual,centro A,40.0,-1.6082334866721248,7.1,2.0,no
medicina,urgencias,35.6,1604.539,3.0,3.4,2.9,no,41.0,mujer,eventual,centro E,18.0,-3.2883512106067307,4.0,0.0,sí
enfermería,QUIRÓFANO,23.6,1084.771,2.0,1.3,8.0,no,41.0,hombre,interino,centro E,13.0,-29.202830524621483,11.9,1.0,sí
medicina,planta,35.6,1640.067,4.0,5.0,12.7,no,22.0,mujer,interino,centro E,62.0,-8.668238999702135,32.8,2.0,sí
administración,planta,33.7,1516.99,5.0,2.7,12.4,no,61.0,hombre,eventual,centro A,20.0,-13.222972531656175,-99.0,0.0,no
enfermería,ONCOLOGÍA,36.6,1662.621,2.0,3.7,2.9,no,26.0,hombre,fijo,centro A,21.0,-18.49459407187691,9.3,0.0,sí
enfermería,urgencias,37.4,1743.657,1.0,1.8,0.2,no,49.0,mujer,fijo,centro D,15.0,-20.476145686470225,13.0,0.0,sí
auxiliar,CONSULTAS,39.6,1865.329,2.0,2.8,3.7,sí,39.0,mujer,eventual,centro D,25.0,2.1661113371429535,108.6,0.0,no
enfermería,planta,38.8,1778.305,4.0,2.5,5.6,sí,36.0,mujer,eventual,centro C,35.0,-2.7924426672676583,12.1,1.0,no
enfermería,planta,38.2,1735.197,0.0,4.6,6.4,sí,24.0,mujer,fijo,centro E,12.0,-11.272174762610462,9.5,0.0,no
auxiliar,quirófano,38.8,1749.307,4.0,2.2,2.2,no,42.0,mujer,fijo,centro D,38.0,-2.382637970887911,25.3,1.0,sí
enfermería,planta,37.8,1727.847,0.0,2.5,4.9,no,29.0,mujer,fijo,centro B,11.0,-7.28120200159773,32.5,1.0,no
enfermería,planta,20.0,897.695,0.0,3.7,15.5,no,51.0,mujer,eventual,centro D,33.0,-21.13938379110413,11.0,1.0,no
auxiliar,quirófano,29.4,1366.651,0.0,1.3,8.6,no,31.0,hombre,N/D,centro E,14.0,-20.918141499983918,11.6,0.0,no
medicina,urgencias,33.9,1521.017,1.0,2.2,4.1,sí,54.0,hombre,fijo,centro A,9.0,-17.026053134826164,42.1,0.0,no
auxiliar,consultas,45.2,2077.955,0.0,2.5,24.0,sí,44.0,mujer,interino,centro B,22.0,-2.2864275765583413,37.3,0.0,no
celador,uci,40.0,1866.244,4.0,4.2,11.3,no,66.0,hombre,fijo,centro E,19.0,13.0097201924704,10.8,2.0,sí
celador,consultas,33.9,1559.336,3.0,4.1,3.0,sí,41.0,mujer,fijo,centro C,3.0,-8.818957664044888,44.5,0.0,sí
celador,consultas,43.7,1967.102,0.0,2.7,12.1,no,45.0,mujer,fijo,centro D,16.0,-23.753549258633434,23.6,0.0,no
administración,planta,25.2,1156.185,4.0,3.4,3.4,no,44.0,mujer,interino,centro C,11.0,-23.5262281722316,8.2,0.0,no
administración,planta,41.4,1892.608,3.0,2.4,7.2,no,54.0,mujer,eventual,centro B,26.0,-6.94758254299254,36.2,0.0,sí
enfermería,CONSULTAS,34.9,1630.339,4.0,3.0,5.2,sí,44.0,mujer,fijo,centro D,26.0,-17.066989679380114,4.5,4.0,no
medicina,planta,40.8,1889.402,3.0,3.0,3.0,sí,39.0,mujer,fijo,centro B,13.0,5.178903777942652,14.3,0.0,no
enfermería,quirófano,44.0,2006.95,6.0,3.4,12.3,no,31.0,mujer,fijo,centro E,10.0,14.769397329735654,117.7,0.0,sí
medicina,URGENCIAS,36.6,1699.297,3.0,1.8,3.9,sí,35.0,mujer,fijo,centro D,6.0,-20.20770648959075,12.5,0.0,no
enfermería,consultas,42.8,1956.458,4.0,2.9,16.1,no,40.0,mujer,interino,centro B,11.0,-3.8570114146492926,7.0,0.0,no
medicina,ONCOLOGÍA,47.5,2116.917,0.0,3.0,11.7,no,47.0,mujer,interino,centro A,46.0,3.1369148089904364,32.3,0.0,sí
auxiliar,  planta ,39.6,1852.039,3.0,1.3,6.6,sí,49.0,hombre,interino,centro D,30.0,20.231386090119354,18.3,0.0,no
administración,planta,52.5,2307.665,4.0,3.0,3.4,sí,49.0,mujer,eventual,centro E,9.0,46.88594970651999,14.5,0.0,sí
auxiliar,planta,34.3,1591.768,4.0,2.6,6.4,no,51.0,hombre,interino,centro B,60.0,-10.554857182832496,12.3,1.0,sí
medicina,quirófano,36.2,1655.814,4.0,3.2,5.6,no,32.0,mujer,interino,centro A,5.0,-7.07210381654119,7.4,3.0,sí
celador,oncología,36.3,1687.094,4.0,5.0,2.8,no,42.0,mujer,fijo,centro E,46.0,-11.533340188806184,8.9,1.0,sí
medicina,urgencias,36.3,1639.207,0.0,2.7,16.7,no,23.0,mujer,fijo,centro B,55.0,-6.740548520578858,23.5,1.0,no
medicina,oncología,37.8,1754.385,3.0,3.0,4.6,no,44.0,mujer,interino,centro C,39.0,9.436542438223166,12.8,1.0,sí
auxiliar,quirófano,45.7,2125.386,5.0,3.2,2.2,no,43.0,hombre,N/D,centro B,70.0,20.795436376084766,9.7,0.0,no
administración,uci,40.7,1901.983,2.0,3.3,6.5,no,38.0,hombre,fijo,centro A,42.0,-16.07438146462478,5.9,0.0,no
enfermería,consultas,40.2,1880.43,5.0,2.7,3.6,no,46.0,hombre,fijo,centro C,111.0,-7.153963564752972,11.5,0.0,no
enfermería,quirófano,38.3,1742.046,0.0,3.2,11.2,no,47.0,mujer,fijo,centro C,15.0,-10.078428093079403,8.1,0.0,sí
medicina,quirófano,30.4,1419.011,0.0,2.1,1.6,sí,37.0,mujer,fijo,centro A,67.0,-5.003208726050213,6.4,0.0,no
medicina,consultas,41.3,1911.953,3.0,2.0,10.3,sí,48.0,mujer,interino,centro B,11.0,1.881614699489305,6.1,1.0,sí
auxiliar,urgencias,54.0,2498.576,0.0,3.1,6.3,no,46.0,hombre,eventual,centro C,59.0,20.09140359287991,12.6,0.0,sí
medicina,URGENCIAS,53.8,2402.082,1.0,1.8,11.1,no,22.0,mujer,interino,centro C,42.0,42.833685706343694,19.8,0.0,sí
auxiliar,planta,24.5,1135.805,5.0,3.5,20.3,no,34.0,mujer,eventual,centro D,11.0,-39.574487174803615,10.1,0.0,no
auxiliar,quirófano,37.3,1696.21,1.0,4.2,12.1,no,48.0,mujer,interino,centro E,41.0,-1.596067829900754,45.6,0.0,no
auxiliar,uci,38.5,1724.042,1.0,3.5,2.0,no,35.0,mujer,fijo,centro D,16.0,-24.355789309917693,13.3,0.0,sí
administración,consultas,29.4,1348.978,1.0,3.5,9.1,no,53.0,mujer,fijo,centro C,22.0,-24.860974509929473,6.1,2.0,no
auxiliar,planta,34.0,1531.684,4.0,5.0,5.8,no,64.0,mujer,interino,centro A,29.0,-10.59384692139494,5.6,2.0,sí
enfermería,  urgencias ,43.4,2043.442,4.0,3.5,15.7,no,36.0,mujer,interino,centro B,15.0,16.144506183221758,62.0,1.0,no
enfermería,uci,55.3,2567.861,5.0,2.1,0.2,no,52.0,mujer,eventual,centro C,8.0,51.46744632234576,45.6,0.0,no
enfermería,planta,42.1,1886.997,0.0,3.4,5.8,sí,30.0,mujer,interino,centro A,43.0,0.16153708578498005,9.1,0.0,sí
auxiliar,planta,34.1,1559.572,4.0,3.4,9.4,sí,38.0,mujer,fijo,centro E,20.0,-14.92730648710414,22.0,0.0,no
administración,quirófano,33.7,1492.457,1.0,4.4,2.3,no,45.0,mujer,N/D,centro B,21.0,-18.25151128940915,20.6,0.0,no
auxiliar,consultas,32.4,1478.275,4.0,4.7,5.3,no,44.0,mujer,fijo,centro C,27.0,-40.335162665574344,5.8,2.0,sí
auxiliar,consultas,44.4,1996.864,5.0,3.8,4.9,no,27.0,mujer,interino,centro A,95.0,14.203078891038864,12.3,0.0,sí
enfermería,urgencias,36.5,1714.043,3.0,4.2,1.2,no,22.0,hombre,fijo,centro E,11.0,-6.56061135480732,122.1,1.0,no
celador,consultas,32.4,1472.134,2.0,2.5,6.6,sí,40.0,mujer,interino,centro A,36.0,-3.3771853203113693,18.9,0.0,no
enfermería,planta,47.2,2186.652,1.0,3.6,7.7,no,32.0,mujer,interino,centro A,2.0,19.80747554043371,19.5,0.0,sí
administración,URGENCIAS,40.9,1848.681,3.0,4.1,1.8,no,53.0,mujer,interino,centro B,8.0,-11.676067048500471,12.2,0.0,no
administración,consultas,47.1,2178.206,3.0,3.6,8.4,no,58.0,hombre,interino,centro D,20.0,11.265654909185406,13.7,0.0,no
administración,consultas,34.2,1578.517,0.0,4.3,9.3,no,63.0,mujer,fijo,centro A,53.0,-25.286274481963712,7.3,0.0,no
enfermería,urgencias,48.6,2145.489,3.0,3.8,9.0,sí,34.0,mujer,eventual,centro E,17.0,19.584149476684214,10.3,2.0,sí
enfermería,planta,38.8,1803.019,1.0,3.2,5.2,sí,26.0,hombre,interino,centro D,46.0,3.061167160847713,13.6,1.0,sí
medicina,planta,39.0,1792.223,4.0,1.0,24.2,no,56.0,mujer,fijo,centro C,11.0,8.974143860898504,9.5,0.0,no
enfermería,  oncología ,35.4,1624.943,4.0,4.0,4.3,no,60.0,mujer,fijo,centro D,7.0,-8.996742834646485,60.2,2.0,sí
celador,consultas,37.3,1649.575,1.0,5.0,21.1,no,32.0,hombre,fijo,centro A,24.0,-16.041363348956878,20.2,0.0,no
enfermería,consultas,42.0,1991.159,0.0,3.7,2.6,no,43.0,mujer,fijo,centro A,22.0,2.795660484114432,94.9,3.0,no
auxiliar,planta,35.9,1679.599,2.0,3.6,7.3,no,36.0,hombre,interino,centro D,8.0,-25.965737144645857,9.6,1.0,no
medicina,quirófano,41.6,1924.203,7.0,4.2,16.3,no,34.0,mujer,eventual,centro D,7.0,16.868700143016902,41.3,0.0,no
enfermería,oncología,41.9,1882.147,3.0,3.0,15.5,sí,52.0,mujer,fijo,centro C,9.0,20.193495063059306,34.9,0.0,sí
auxiliar,urgencias,40.1,1791.13,2.0,4.2,11.2,no,49.0,mujer,eventual,centro D,19.0,-28.471023985885505,16.7,2.0,sí
celador,urgencias,35.8,1647.702,4.0,3.4,12.3,sí,41.0,mujer,fijo,centro C,11.0,1.0330755888957022,7.9,0.0,no
enfermería,planta,45.3,2083.339,7.0,2.2,6.7,sí,38.0,mujer,interino,centro C,23.0,25.864663567542724,11.4,2.0,no
medicina,urgencias,46.7,2137.964,4.0,3.8,4.5,no,23.0,mujer,interino,centro C,58.0,6.0321215143639915,30.2,0.0,no
auxiliar,urgencias,39.5,1806.606,2.0,4.1,5.2,no,22.0,hombre,interino,centro B,12.0,-25.768298888485482,3.3,2.0,no
enfermería,  quirófano ,33.4,1515.216,1.0,2.4,7.1,no,47.0,mujer,interino,centro E,30.0,-14.34642594958779,2.0,0.0,no
medicina,oncología,26.4,1176.876,2.0,4.4,32.7,no,47.0,hombre,interino,centro B,35.0,-24.64374504385219,76.9,0.0,no
auxiliar,  urgencias ,43.1,2009.614,2.0,3.1,8.8,no,40.0,mujer,interino,centro D,29.0,3.416991125518204,4.8,2.0,sí
enfermería,consultas,31.9,1479.391,3.0,3.0,4.1,no,36.0,hombre,fijo,centro C,20.0,-14.150446010049503,15.0,2.0,sí
administración,oncología,43.7,2030.543,4.0,3.1,3.1,sí,44.0,mujer,eventual,centro E,24.0,24.042593505166963,2.8,1.0,no
enfermería,CONSULTAS,38.4,1756.183,3.0,4.1,14.5,sí,27.0,hombre,fijo,centro B,38.0,-9.38923620042781,7.7,1.0,sí
enfermería,QUIRÓFANO,36.4,1613.854,0.0,4.1,13.8,sí,47.0,hombre,interino,centro B,58.0,-14.466525395850583,47.0,1.0,sí
medicina,consultas,34.6,1585.863,0.0,3.6,6.2,sí,46.0,mujer,N/D,centro D,8.0,-19.192051422498754,8.8,3.0,no
auxiliar,  planta ,43.5,1941.425,1.0,4.5,6.8,no,54.0,mujer,interino,centro C,9.0,-5.458029362213999,79.6,0.0,sí
auxiliar,quirófano,38.0,1740.753,1.0,3.7,3.5,no,29.0,mujer,fijo,centro C,31.0,-15.913076867169348,12.3,2.0,sí
enfermería,  planta ,34.3,1623.333,0.0,1.6,14.4,no,62.0,mujer,fijo,centro E,41.0,-13.717730372966209,4.8,1.0,no
administración,urgencias,41.4,1935.052,0.0,3.8,1.5,no,52.0,hombre,fijo,centro A,24.0,-12.664771940222273,91.9,0.0,no
auxiliar,planta,47.7,2191.954,0.0,2.8,11.8,no,54.0,mujer,interino,centro B,41.0,10.930163241349728,10.5,0.0,sí
medicina,quirófano,33.2,1517.317,0.0,2.4,5.9,sí,52.0,mujer,fijo,centro A,34.0,-21.338756849766924,5.6,1.0,sí
auxiliar,PLANTA,44.5,2059.518,0.0,4.2,14.4,no,42.0,mujer,fijo,centro E,10.0,12.359845403743957,10.7,0.0,sí
enfermería,consultas,27.2,1259.038,3.0,2.8,7.8,sí,29.0,mujer,N/D,centro C,14.0,-29.060713966359526,4.7,2.0,no
enfermería,planta,40.7,1877.915,1.0,2.8,7.2,sí,42.0,mujer,interino,centro A,38.0,-10.523782317214641,-99.0,2.0,sí
enfermería,planta,38.6,1777.292,4.0,4.7,9.9,sí,50.0,mujer,eventual,centro E,24.0,-16.177421161321917,23.5,0.0,sí
medicina,CONSULTAS,42.4,1987.575,0.0,3.0,3.9,sí,37.0,mujer,eventual,centro D,31.0,-11.412171275509717,17.6,1.0,sí
celador,urgencias,30.8,1440.873,6.0,4.3,5.0,no,46.0,mujer,eventual,centro C,8.0,-23.05171574996666,5.0,1.0,sí
medicina,consultas,47.1,2211.793,3.0,4.3,8.7,no,38.0,mujer,eventual,centro C,5.0,-0.8507689326181289,8.6,0.0,no
enfermería,consultas,38.5,1801.445,0.0,1.9,4.2,no,44.0,mujer,fijo,centro E,3.0,-5.265777836495736,24.7,0.0,sí
medicina,planta,36.6,1638.665,0.0,2.8,28.1,no,38.0,hombre,eventual,centro B,63.0,-33.071031407591065,5.4,0.0,no
administración,planta,33.3,1465.203,5.0,2.2,5.1,no,38.0,mujer,interino,centro E,33.0,-16.02618407519084,10.8,0.0,no
medicina,ONCOLOGÍA,42.7,1975.615,2.0,3.8,11.9,no,40.0,mujer,fijo,centro C,10.0,-1.370112453116591,22.2,2.0,sí
enfermería,quirófano,40.1,1858.299,4.0,3.3,14.7,sí,48.0,mujer,fijo,centro E,77.0,-7.967222140856572,45.8,2.0,sí
medicina,  uci ,32.8,1514.975,2.0,2.3,5.7,no,48.0,hombre,interino,centro C,15.0,-21.82736151350828,8.0,0.0,no
administración,  urgencias ,35.7,1605.587,0.0,3.5,22.8,no,24.0,mujer,fijo,centro B,39.0,-21.506879170169533,8.2,0.0,sí
auxiliar,urgencias,32.4,1479.192,3.0,4.5,3.6,sí,43.0,mujer,fijo,centro D,13.0,-9.772318668006102,7.7,0.0,sí
enfermería,urgencias,39.6,1789.839,5.0,3.9,13.8,no,27.0,mujer,interino,centro A,12.0,-3.8485755354089317,16.3,1.0,no
administración,planta,41.5,1913.07,2.0,3.2,9.1,no,42.0,mujer,fijo,centro A,72.0,-8.530256893886861,19.8,2.0,sí
enfermería,planta,44.2,2023.46,0.0,2.9,6.1,sí,56.0,mujer,fijo,centro B,40.0,-6.868635848985525,12.3,1.0,no
auxiliar,planta,36.9,1623.892,1.0,2.9,3.8,no,30.0,hombre,interino,centro E,21.0,-7.949471775214767,7.7,0.0,no
celador,planta,34.4,1597.339,0.0,1.6,16.3,no,35.0,mujer,fijo,centro D,20.0,-25.05405320989616,28.2,3.0,no
administración,URGENCIAS,33.1,1477.476,0.0,5.0,6.5,sí,53.0,mujer,interino,centro D,50.0,-18.307960927611493,-99.0,0.0,no
auxiliar,uci,33.6,1547.927,4.0,3.3,7.8,no,33.0,mujer,fijo,centro E,20.0,-8.039311594092627,26.4,0.0,sí
medicina,uci,45.5,2024.866,0.0,4.0,1.4,sí,50.0,mujer,interino,centro A,24.0,3.690867274180238,4.9,0.0,sí
enfermería,urgencias,34.4,1600.683,2.0,1.9,1.8,sí,31.0,mujer,interino,centro D,18.0,-12.160108052784977,18.3,1.0,no
enfermería,consultas,40.8,1903.053,0.0,1.3,1.6,no,25.0,mujer,fijo,centro A,13.0,3.092137602848169,14.2,2.0,sí
enfermería,consultas,48.4,2323.835,5.0,4.1,5.5,sí,22.0,mujer,interino,centro B,74.0,34.15069251093632,36.1,0.0,no
enfermería,urgencias,48.0,2204.743,4.0,4.3,5.1,sí,44.0,hombre,fijo,centro A,13.0,30.647373015963844,33.2,1.0,no
enfermería,consultas,44.1,2088.428,0.0,3.1,3.5,sí,36.0,mujer,interino,centro E,72.0,-16.40066991405278,5.2,0.0,no
enfermería,uci,29.3,1372.396,0.0,4.4,11.1,no,41.0,mujer,eventual,centro B,13.0,-10.916133622360034,7.9,3.0,sí
enfermería,consultas,37.4,1760.552,1.0,1.5,6.3,sí,41.0,mujer,fijo,centro C,43.0,-15.396904205124773,2.9,0.0,sí
medicina,oncología,39.0,1803.413,0.0,3.4,7.3,no,36.0,mujer,eventual,centro A,32.0,-7.056790699097819,13.1,0.0,sí
enfermería,quirófano,28.3,1309.707,3.0,3.5,7.9,sí,46.0,mujer,fijo,centro A,5.0,-5.354125812252143,31.4,0.0,sí
medicina,planta,32.0,1446.495,3.0,3.9,19.6,no,33.0,mujer,fijo,centro C,51.0,-28.060795218507185,25.2,0.0,no
auxiliar,UCI,38.0,1730.108,1.0,2.5,18.7,no,43.0,mujer,interino,centro B,60.0,-5.892014703224571,12.0,0.0,no
administración,CONSULTAS,26.6,1207.191,3.0,3.5,24.7,no,42.0,mujer,fijo,centro B,29.0,-35.69035992125802,11.1,1.0,no
administración,uci,32.5,1471.96,6.0,3.2,9.7,no,55.0,mujer,fijo,centro B,38.0,-10.720203875411933,30.3,2.0,sí
administración,quirofano,38.5,1714.679,1.0,1.0,7.8,sí,40.0,hombre,N/D,centro D,5.0,5.122971563739908,22.6,1.0,sí
auxiliar,planta,42.0,1933.646,3.0,1.6,8.8,sí,50.0,hombre,interino,centro B,33.0,5.412282220506158,5.0,1.0,no
medicina,  consultas ,35.1,1583.756,1.0,4.2,13.9,no,63.0,mujer,eventual,centro E,55.0,-21.199938288967978,68.4,1.0,sí
enfermería,planta,41.8,1873.193,3.0,3.7,12.0,no,51.0,hombre,eventual,centro B,38.0,0.5564337302535234,15.7,3.0,sí
enfermería,planta,33.0,1495.637,5.0,3.4,7.5,sí,29.0,hombre,interino,centro D,23.0,-17.06994532922033,-99.0,1.0,no
enfermería,quirofano,38.3,1770.196,1.0,3.5,11.4,sí,35.0,hombre,fijo,centro B,9.0,-16.5837209629355,-99.0,1.0,no
enfermería,consultas,46.3,2116.011,1.0,4.9,27.1,sí,41.0,mujer,fijo,centro C,21.0,-14.564839225430301,18.0,3.0,sí
medicina,planta,31.6,1470.497,0.0,4.1,12.3,no,46.0,mujer,interino,centro A,21.0,3.3010710640495624,10.0,0.0,no
medicina,uci,29.3,1344.229,0.0,3.8,15.0,no,36.0,hombre,fijo,centro E,18.0,-17.59082088516444,17.0,0.0,no
administración,quirófano,40.7,1867.594,1.0,4.0,8.6,no,55.0,mujer,fijo,centro E,37.0,-5.092267105166624,95.8,1.0,sí
medicina,  planta ,42.4,1961.868,1.0,2.7,3.8,sí,47.0,mujer,fijo,centro B,28.0,15.368727398206643,9.3,0.0,sí
auxiliar,uci,30.9,1391.169,4.0,3.0,10.4,sí,44.0,hombre,fijo,centro B,6.0,-11.695956544787926,39.0,2.0,sí
enfermería,ONCOLOGÍA,48.0,2178.157,1.0,2.2,6.3,sí,40.0,mujer,interino,centro C,40.0,3.4747102771359373,28.4,1.0,no
enfermería,quirófano,35.6,1658.7,4.0,4.0,3.4,no,45.0,hombre,N/D,centro A,94.0,-0.5808536402774624,1.2,0.0,no
auxiliar,consultas,40.6,1804.854,0.0,2.5,6.2,sí,22.0,mujer,interino,centro C,28.0,-4.754948112148419,38.1,0.0,no
enfermería,planta,46.1,2161.61,1.0,3.7,2.0,sí,41.0,hombre,N/D,centro C,32.0,3.5098001828170076,13.0,2.0,no
enfermería,urgencias,36.0,1637.369,3.0,2.7,4.9,no,47.0,hombre,fijo,centro D,21.0,-17.616682190471053,17.5,1.0,no
medicina,uci,48.7,2287.23,6.0,3.3,6.6,no,43.0,mujer,fijo,centro C,22.0,48.64871923400146,7.9,0.0,no
auxiliar,urgencias,39.3,1846.362,4.0,3.4,4.2,sí,54.0,mujer,fijo,centro A,13.0,-11.811101496395654,10.7,0.0,no
enfermería,planta,36.2,1685.447,4.0,2.7,10.2,no,31.0,mujer,interino,centro E,113.0,-19.26587585097176,9.6,0.0,no
auxiliar,planta,42.7,2026.993,5.0,3.6,11.9,no,37.0,hombre,interino,centro D,10.0,-15.235866137748634,24.9,1.0,no
auxiliar,planta,31.9,1432.926,6.0,3.5,7.8,no,41.0,hombre,interino,centro B,17.0,-23.335726854380983,23.7,1.0,no
enfermería,quirófano,34.8,1605.949,3.0,4.5,18.9,sí,22.0,mujer,fijo,centro C,25.0,-5.682887369793034,10.7,0.0,sí
enfermería,planta,30.5,1415.814,3.0,2.3,2.5,no,36.0,hombre,interino,centro A,14.0,-13.001348022539425,76.7,2.0,sí
auxiliar,planta,45.2,2051.577,2.0,5.0,3.0,no,28.0,mujer,fijo,centro A,14.0,16.053672739593665,29.5,3.0,no
administración,urgencias,48.4,2264.359,0.0,2.6,1.7,no,48.0,mujer,fijo,centro D,6.0,9.191382277874808,14.4,1.0,sí
auxiliar,CONSULTAS,34.9,1606.223,2.0,4.4,3.4,sí,37.0,mujer,interino,centro C,21.0,-16.66198140075905,-99.0,2.0,sí
enfermería,urgencias,36.6,1662.323,0.0,3.1,2.7,no,39.0,mujer,interino,centro D,24.0,-7.741526808744183,4.0,2.0,sí
celador,quirófano,49.7,2226.955,0.0,3.4,13.3,no,41.0,mujer,fijo,centro D,20.0,8.322850997852175,16.3,0.0,no
medicina,planta,25.5,1155.035,1.0,2.5,8.1,sí,37.0,mujer,N/D,centro A,35.0,-20.491670809068154,8.8,2.0,sí
celador,consultas,30.7,1456.774,0.0,3.1,12.7,no,44.0,hombre,fijo,centro B,20.0,-40.09192394285279,39.6,0.0,no
medicina,planta,35.0,1671.239,5.0,3.0,9.8,sí,51.0,mujer,eventual,centro D,69.0,-4.814540731529599,14.2,0.0,sí
medicina,consultas,32.8,1547.778,1.0,3.7,5.1,no,53.0,mujer,interino,centro C,26.0,-29.129983449376518,3.6,1.0,sí
enfermería,planta,38.2,1681.003,1.0,2.5,12.2,sí,53.0,mujer,N/D,centro A,21.0,-10.832044043847475,80.1,2.0,no
administración,planta,44.1,2055.553,3.0,2.3,11.9,no,26.0,mujer,fijo,centro C,8.0,4.128429761349372,27.0,2.0,no
auxiliar,QUIRÓFANO,47.5,2143.349,3.0,2.3,6.4,sí,29.0,hombre,interino,centro E,18.0,16.710517045667128,6.8,1.0,sí
auxiliar,PLANTA,40.6,1796.655,6.0,2.3,14.1,sí,36.0,hombre,interino,centro C,34.0,-11.774172957578479,8.2,0.0,no
enfermería,consultas,39.8,1814.376,2.0,4.2,3.5,sí,57.0,mujer,eventual,centro D,14.0,-12.26237365915448,47.0,1.0,sí
enfermería,  planta ,36.5,1672.295,2.0,3.2,5.4,no,44.0,mujer,N/D,centro B,5.0,-2.002677556844773,21.3,2.0,no
administración,consultas,29.4,1341.252,0.0,3.5,17.3,sí,41.0,mujer,fijo,centro C,40.0,-25.01908164227674,24.2,2.0,no
administración,quirófano,45.8,2066.705,2.0,1.5,2.9,no,28.0,mujer,fijo,centro A,22.0,17.533091620863015,38.4,0.0,no
medicina,  urgencias ,38.6,1744.585,2.0,2.6,18.4,no,66.0,mujer,eventual,centro E,31.0,2.925705842543552,2.5,2.0,sí
auxiliar,planta,44.6,2095.343,2.0,4.8,1.2,sí,40.0,hombre,interino,centro C,13.0,-3.0764657306493213,2.9,0.0,no
celador,quirófano,50.5,2392.276,4.0,1.4,4.6,sí,50.0,mujer,fijo,centro C,25.0,23.783619638640765,12.5,2.0,sí
auxiliar,planta,36.8,1772.317,0.0,3.8,6.7,no,29.0,mujer,fijo,centro E,39.0,-16.760519455211185,24.8,0.0,no
auxiliar,oncología,41.3,1883.603,2.0,3.3,4.1,no,59.0,hombre,eventual,centro B,16.0,13.555490024464898,4.5,3.0,no
medicina,  planta ,27.3,1212.215,0.0,3.0,10.5,sí,34.0,mujer,interino,centro C,22.0,4.396818327771605,17.4,1.0,sí
enfermería,planta,40.0,1844.634,4.0,3.6,10.7,sí,52.0,hombre,N/D,centro D,94.0,-7.199418963080251,12.6,2.0,sí
administración,  planta ,46.9,2118.742,6.0,3.0,15.7,no,47.0,mujer,fijo,centro C,15.0,40.18908238948923,-99.0,1.0,sí
enfermería,urgencias,38.4,1763.045,0.0,3.5,0.5,no,37.0,mujer,fijo,centro A,88.0,-26.53491490238028,16.9,0.0,no
enfermería,urgencias,32.8,1504.753,5.0,2.1,20.0,sí,36.0,mujer,fijo,centro D,10.0,-11.517710106419813,24.6,1.0,sí
administración,planta,25.2,1158.084,2.0,4.3,10.9,no,47.0,mujer,fijo,centro B,27.0,-33.04332518190786,20.6,2.0,no
enfermería,oncología,47.4,2160.152,0.0,3.6,7.3,no,22.0,mujer,interino,centro B,42.0,5.398800044145535,2.8,0.0,no
medicina,ONCOLOGÍA,28.7,1311.486,0.0,2.0,13.6,no,58.0,mujer,fijo,centro B,26.0,-19.449986721069614,4.9,0.0,sí
auxiliar,urgencias,27.0,1211.749,0.0,4.3,5.5,sí,41.0,mujer,fijo,centro D,16.0,-22.987331328043215,13.1,2.0,no
administración,urgencias,33.1,1517.56,5.0,2.7,3.8,no,33.0,mujer,interino,centro E,19.0,-9.212111508345652,75.1,0.0,sí
enfermería,consultas,26.4,1239.459,2.0,4.3,13.4,sí,41.0,mujer,fijo,centro C,25.0,-16.38913471206715,21.2,2.0,no
enfermería,CONSULTAS,38.5,1758.772,0.0,2.9,21.8,no,35.0,mujer,fijo,centro D,90.0,-24.142611107846907,4.9,1.0,sí
medicina,PLANTA,33.1,1533.662,0.0,3.4,11.6,sí,37.0,hombre,fijo,centro C,9.0,-14.23022211800252,19.9,1.0,sí
administración,planta,25.0,1107.072,4.0,2.9,11.0,no,40.0,mujer,fijo,centro B,43.0,-36.616971731944695,4.9,0.0,no
administración,  consultas ,51.4,2439.997,0.0,2.8,7.6,no,43.0,mujer,interino,centro B,22.0,18.001040556912724,6.1,0.0,sí
celador,planta,40.1,1864.74,5.0,4.0,3.3,sí,46.0,mujer,interino,centro D,62.0,-18.54530273350091,5.0,1.0,no
enfermería,  consultas ,31.0,1391.476,0.0,4.8,10.0,no,46.0,mujer,fijo,centro D,37.0,-29.615196133005195,27.8,3.0,sí
administración,consultas,39.3,1821.68,4.0,3.8,4.9,sí,36.0,mujer,interino,centro D,5.0,-13.341748576452845,6.0,4.0,sí
auxiliar,planta,32.6,1485.9,6.0,1.0,6.0,sí,36.0,mujer,interino,centro C,15.0,-13.15290368537347,64.7,2.0,sí
medicina,planta,46.4,2106.173,2.0,3.4,11.8,no,43.0,mujer,interino,centro C,22.0,-4.109722856409137,6.5,2.0,sí
medicina,consultas,38.2,1773.936,2.0,3.9,3.7,no,32.0,mujer,interino,centro E,22.0,-12.207193818578157,20.6,0.0,sí
medicina,planta,35.3,1638.177,0.0,2.9,2.5,no,55.0,mujer,fijo,centro C,52.0,-20.634654024866432,14.7,0.0,no
administración,planta,44.6,2087.022,2.0,4.8,3.3,no,54.0,hombre,fijo,centro B,6.0,-4.8376804710472605,15.9,1.0,sí
auxiliar,PLANTA,37.9,1810.747,3.0,3.9,2.5,sí,41.0,mujer,fijo,centro D,6.0,-10.567413365340592,10.6,0.0,no
medicina,consultas,36.4,1616.989,2.0,4.1,16.3,no,39.0,mujer,eventual,centro B,8.0,-22.822237864311024,41.9,0.0,no
enfermería,urgencias,50.7,2327.969,2.0,2.0,14.1,no,40.0,hombre,fijo,centro A,9.0,33.98659843273503,20.4,1.0,sí
medicina,quirófano,32.0,1449.041,3.0,3.2,9.5,no,27.0,mujer,eventual,centro D,17.0,-13.054970848849436,38.0,1.0,sí
medicina,  planta ,41.9,1938.879,2.0,1.7,10.5,no,45.0,mujer,fijo,centro C,42.0,-17.780857168420344,10.5,1.0,sí
medicina,consultas,32.5,1486.654,0.0,2.7,13.2,no,26.0,hombre,N/D,centro D,23.0,-20.827281670361092,55.5,2.0,no
auxiliar,uci,29.8,1358.939,0.0,2.9,6.2,no,39.0,mujer,N/D,centro B,78.0,-33.5431820424387,-99.0,4.0,no
medicina,planta,40.2,1840.964,0.0,4.4,14.6,sí,61.0,mujer,eventual,centro D,22.0,-15.634332120487125,15.3,0.0,sí
auxiliar,consultas,46.1,2072.95,2.0,5.0,21.4,no,39.0,mujer,fijo,centro B,10.0,9.583530865576268,8.8,3.0,sí
administración,urgencias,30.8,1428.323,4.0,2.4,5.1,sí,39.0,mujer,eventual,centro D,6.0,-2.2034457055821868,37.1,1.0,no
administración,planta,48.9,2213.003,3.0,2.3,2.3,sí,44.0,hombre,fijo,centro D,116.0,31.871506832776138,73.0,3.0,no
auxiliar,planta,40.5,1887.608,5.0,2.8,17.1,no,31.0,hombre,interino,centro D,53.0,3.428853012423141,4.7,2.0,no
administración,oncología,37.0,1673.691,4.0,2.5,17.9,sí,54.0,hombre,interino,centro D,21.0,0.4029310897835696,28.4,0.0,sí
medicina,quirófano,35.5,1628.928,5.0,4.0,2.0,sí,42.0,hombre,interino,centro B,24.0,-20.49375674247264,7.2,3.0,no
administración,PLANTA,30.2,1370.403,3.0,3.7,3.3,no,36.0,mujer,interino,centro C,35.0,-16.142555010769854,41.1,1.0,sí
medicina,  urgencias ,42.0,1954.672,2.0,5.0,26.7,no,41.0,hombre,fijo,centro A,8.0,-3.65300272652372,13.8,1.0,no
administración,quirófano,33.1,1552.719,1.0,3.3,4.3,sí,65.0,mujer,fijo,centro A,45.0,-28.777838431062435,9.9,1.0,sí
auxiliar,oncología,45.7,2097.868,3.0,2.5,13.9,no,51.0,hombre,fijo,centro B,57.0,7.970370188634839,7.4,4.0,no
administración,urgencias,40.1,1858.134,2.0,2.4,2.2,sí,36.0,mujer,fijo,centro C,21.0,-20.568646458149477,21.6,0.0,sí
auxiliar,urgencias,31.4,1414.478,7.0,2.3,10.5,sí,37.0,mujer,fijo,centro B,40.0,-21.9425699656811,15.8,2.0,no
auxiliar,planta,47.6,2215.492,3.0,2.6,12.8,no,46.0,mujer,eventual,centro E,23.0,-2.1211094917337654,4.2,2.0,sí
medicina,consultas,48.9,2194.696,4.0,2.7,5.9,no,37.0,mujer,fijo,centro C,22.0,26.019205601074695,9.4,1.0,sí
medicina,  planta ,30.3,1338.749,0.0,2.9,21.3,no,35.0,mujer,eventual,centro D,70.0,-14.493359472818518,19.8,1.0,no
medicina,consultas,33.4,1554.675,6.0,4.2,9.5,sí,38.0,hombre,interino,centro E,25.0,-14.14352885289627,-99.0,3.0,no
celador,planta,30.3,1393.951,1.0,2.7,12.4,no,37.0,mujer,fijo,centro E,1.0,-31.912911109212587,6.3,0.0,no
administración,consultas,38.1,1746.841,0.0,4.1,10.3,no,42.0,mujer,interino,centro E,61.0,-17.155601562686392,56.6,1.0,no
auxiliar,planta,33.2,1583.321,5.0,2.4,8.2,no,44.0,mujer,fijo,centro E,14.0,-7.242503476221831,17.8,2.0,sí
enfermería,  quirófano ,39.4,1863.062,0.0,3.5,10.1,no,38.0,hombre,eventual,centro C,45.0,-4.487293662697342,27.5,2.0,no
auxiliar,  uci ,34.4,1572.627,3.0,2.4,2.7,sí,41.0,mujer,fijo,centro D,64.0,-15.663408477902388,18.7,0.0,no
medicina,quirófano,37.5,1754.447,3.0,3.8,11.9,no,54.0,mujer,interino,centro B,22.0,-15.873032992071181,3.9,0.0,no
administración,oncología,42.1,1935.703,0.0,1.5,1.2,sí,46.0,mujer,fijo,centro B,10.0,6.531996681988208,1.9,0.0,no
celador,consultas,41.7,1969.284,0.0,1.8,13.9,no,27.0,mujer,fijo,centro C,21.0,-1.6100156895059818,12.0,0.0,sí
auxiliar,planta,57.1,2618.062,5.0,3.6,1.8,sí,29.0,mujer,fijo,centro C,35.0,51.72733913480819,9.6,1.0,no
enfermería,consultas,41.9,1899.081,5.0,2.5,1.5,no,49.0,mujer,interino,centro D,16.0,-2.0000728326890087,5.1,4.0,sí
auxiliar,planta,42.0,1919.441,2.0,1.9,5.1,no,34.0,mujer,fijo,centro C,46.0,-4.545880322229282,20.7,0.0,sí
auxiliar,planta,51.3,2291.619,3.0,4.0,10.2,no,40.0,hombre,fijo,centro E,7.0,32.7228771232773,20.3,0.0,sí
medicina,consultas,35.1,1593.195,1.0,4.1,12.4,no,45.0,mujer,interino,centro B,60.0,-30.21542570565836,8.8,0.0,no
enfermería,planta,38.0,1784.147,2.0,3.0,4.3,sí,38.0,hombre,N/D,centro D,9.0,-8.283979480761015,30.8,0.0,no
administración,planta,27.3,1161.726,3.0,4.1,2.8,no,36.0,mujer,fijo,centro A,22.0,-30.53998437307742,29.6,1.0,sí
celador,consultas,37.5,1708.028,0.0,5.0,6.4,no,47.0,hombre,fijo,centro D,82.0,-14.846433873001265,4.1,0.0,no
auxiliar,planta,34.3,1603.781,0.0,3.9,6.7,no,37.0,mujer,interino,centro C,45.0,-26.964336730229583,37.7,0.0,no
enfermería,consultas,41.9,1932.174,1.0,1.0,6.3,sí,32.0,mujer,fijo,centro E,63.0,16.267116574478806,38.6,0.0,sí
enfermería,consultas,39.4,1845.962,1.0,3.2,12.1,no,39.0,mujer,interino,centro D,29.0,-10.439386819629897,7.0,1.0,sí
enfermería,planta,34.8,1583.903,2.0,2.5,28.4,sí,34.0,mujer,fijo,centro C,43.0,-15.625708568212291,12.1,2.0,sí
enfermería,quirófano,47.1,2165.637,4.0,2.7,13.1,no,42.0,hombre,fijo,centro D,4.0,13.47083121132911,96.2,2.0,sí
enfermería,  urgencias ,38.8,1776.514,1.0,3.8,8.7,no,42.0,hombre,interino,centro C,3.0,-6.90312562955971,18.3,2.0,no
enfermería,oncología,29.4,1389.561,4.0,4.2,1.8,no,26.0,hombre,fijo,centro A,106.0,-21.468734626780964,22.8,2.0,no
enfermería,oncología,42.9,2037.199,3.0,2.5,14.2,no,58.0,mujer,interino,centro C,13.0,-8.745570263760316,71.0,0.0,no
administración,  consultas ,37.1,1702.137,4.0,4.3,1.2,sí,52.0,mujer,fijo,centro A,10.0,-14.443539524618917,27.1,0.0,no
auxiliar,quirófano,42.9,2023.759,4.0,3.3,5.4,sí,54.0,mujer,fijo,centro E,37.0,10.309062282263518,44.6,2.0,sí
enfermería,oncología,39.8,1824.05,5.0,2.7,7.4,no,22.0,mujer,eventual,centro A,9.0,-5.952614000425722,26.6,0.0,no
enfermería,urgencias,43.0,2013.803,0.0,4.8,7.1,sí,40.0,mujer,eventual,centro B,34.0,-2.759902709193254,7.4,2.0,no
auxiliar,consultas,45.3,2053.441,6.0,5.0,2.9,no,59.0,hombre,eventual,centro B,16.0,36.09086401391326,4.0,0.0,no
enfermería,PLANTA,39.1,1818.193,3.0,2.7,3.4,no,50.0,hombre,fijo,centro B,61.0,-20.244108737313518,34.7,1.0,sí
administración,quirófano,34.7,1626.559,3.0,3.8,3.6,sí,49.0,mujer,eventual,centro B,36.0,-26.742392710143857,7.6,1.0,no
medicina,  oncología ,34.1,1509.055,3.0,3.5,14.0,no,48.0,hombre,fijo,centro B,58.0,-21.664712480323722,21.4,1.0,sí
enfermería,consultas,45.1,2059.366,5.0,4.2,4.6,no,64.0,mujer,eventual,centro C,34.0,28.321607509752948,17.2,0.0,no
enfermería,planta,35.9,1653.116,2.0,3.4,19.9,no,60.0,mujer,N/D,centro D,6.0,-12.414805814346145,14.8,0.0,no
enfermería,QUIRÓFANO,37.9,1739.359,1.0,2.3,7.7,sí,41.0,mujer,fijo,centro D,33.0,-0.4080743913609357,8.2,2.0,no
medicina,planta,41.1,1887.446,3.0,2.1,7.8,no,51.0,mujer,interino,centro D,22.0,0.02428962975115556,9.1,0.0,no
enfermería,planta,34.5,1577.15,5.0,2.8,3.2,no,64.0,mujer,fijo,centro B,48.0,-17.86919061226876,13.5,1.0,no
medicina,consultas,34.2,1545.326,1.0,2.7,7.8,sí,45.0,mujer,eventual,centro E,17.0,-9.682496017898465,17.5,2.0,no
enfermería,consultas,35.5,1692.008,3.0,2.2,3.1,no,35.0,mujer,fijo,centro D,44.0,-5.594236351412508,7.9,2.0,no
medicina,oncología,30.4,1437.742,5.0,3.7,8.6,no,59.0,hombre,interino,centro A,35.0,-16.163516272219564,17.3,0.0,no
enfermería,quirófano,50.8,2354.881,7.0,3.6,3.8,no,32.0,mujer,fijo,centro C,29.0,47.418125608456016,8.9,0.0,sí
enfermería,  planta ,38.9,1758.0,0.0,4.2,6.2,no,22.0,mujer,interino,centro E,21.0,-25.22968499207456,53.3,0.0,no
enfermería,urgencias,27.6,1249.088,0.0,4.0,3.8,no,38.0,mujer,fijo,centro C,7.0,-15.285990353701632,5.9,0.0,sí
enfermería,planta,45.4,2140.244,1.0,3.1,5.1,no,49.0,hombre,fijo,centro B,14.0,7.410586254705411,15.2,0.0,no
administración,oncología,29.5,1394.294,3.0,1.5,12.6,no,27.0,mujer,fijo,centro A,25.0,-36.945939171704524,50.3,2.0,sí
enfermería,uci,41.1,1927.724,5.0,3.5,2.6,no,60.0,hombre,interino,centro E,25.0,-2.31879213306817,25.2,2.0,no
auxiliar,urgencias,34.8,1598.911,1.0,3.5,14.5,no,38.0,hombre,fijo,centro A,28.0,-12.23064738451604,11.1,1.0,no
medicina,planta,33.0,1546.415,6.0,3.7,9.5,no,42.0,mujer,fijo,centro D,15.0,-30.06254979709443,9.3,0.0,no
enfermería,uci,40.7,1886.478,3.0,2.9,17.5,no,35.0,mujer,interino,centro E,21.0,1.5147650727927253,73.2,0.0,no
enfermería,  consultas ,46.2,2108.946,0.0,4.5,16.8,sí,36.0,mujer,interino,centro D,24.0,-2.4929382606076826,36.3,0.0,no
auxiliar,consultas,36.7,1690.777,0.0,3.5,8.0,no,25.0,hombre,interino,centro E,13.0,-6.635244487605439,37.7,0.0,no
medicina,planta,50.1,2274.25,4.0,3.1,6.1,no,34.0,mujer,fijo,centro C,39.0,27.481528568547674,90.9,0.0,no
enfermería,planta,40.5,1842.311,2.0,3.4,22.5,no,55.0,hombre,fijo,centro E,21.0,-13.688322749813317,5.5,0.0,no
auxiliar,planta,40.1,1837.408,2.0,4.1,20.8,sí,27.0,hombre,eventual,centro D,30.0,-23.971061979388452,17.1,0.0,sí
enfermería,urgencias,43.8,2026.256,4.0,2.1,9.4,no,38.0,mujer,fijo,centro E,10.0,7.929694327986172,25.9,1.0,sí
enfermería,oncología,36.8,1688.268,0.0,2.9,8.2,no,52.0,mujer,eventual,centro A,35.0,-0.31382249720046573,12.0,0.0,sí
administración,planta,32.5,1484.053,0.0,4.5,13.5,no,34.0,hombre,interino,centro C,73.0,-28.825248219355743,40.3,2.0,sí
enfermería,planta,38.0,1727.599,3.0,4.6,7.2,no,38.0,mujer,interino,centro A,7.0,-9.896752365696686,7.8,0.0,no
celador,consultas,30.2,1369.611,7.0,4.4,6.5,no,37.0,hombre,eventual,centro A,28.0,-19.312330141291266,24.9,0.0,no
medicina,uci,40.3,1838.145,2.0,3.7,3.8,no,45.0,mujer,fijo,centro A,12.0,-5.754894772724319,22.7,1.0,no
enfermería,planta,37.2,1753.752,2.0,2.3,5.6,sí,58.0,hombre,fijo,centro C,7.0,1.4468496967304123,13.6,2.0,no
enfermería,consultas,37.8,1747.014,1.0,3.2,14.2,no,52.0,hombre,fijo,centro C,13.0,-18.482792237104405,31.4,0.0,no
administración,PLANTA,33.8,1613.07,0.0,2.9,7.4,sí,48.0,mujer,fijo,centro A,39.0,-23.566751913597614,6.7,2.0,sí
medicina,planta,38.2,1794.968,3.0,3.7,5.9,no,43.0,mujer,fijo,centro B,61.0,-12.311934034414818,21.7,0.0,no
enfermería,CONSULTAS,43.6,2064.015,0.0,3.6,5.5,no,57.0,hombre,fijo,centro B,53.0,-5.001177820002094,93.0,0.0,sí
administración,uci,37.1,1721.438,0.0,4.5,8.3,no,37.0,mujer,eventual,centro A,21.0,-24.358292056999474,33.4,1.0,sí
enfermería,  planta ,34.0,1614.153,4.0,3.1,5.3,no,29.0,mujer,fijo,centro A,9.0,-31.578433628450455,46.7,0.0,no
medicina,urgencias,42.0,1885.572,2.0,3.5,9.9,no,48.0,mujer,interino,centro A,13.0,-4.535571839116504,-99.0,4.0,sí
auxiliar,consultas,31.6,1438.861,4.0,2.6,5.1,no,38.0,hombre,interino,centro B,22.0,-20.86095056842496,9.7,4.0,no
administración,PLANTA,44.7,2068.407,6.0,1.5,9.5,no,51.0,mujer,interino,centro B,10.0,22.010656249828628,18.8,0.0,no
celador,  planta ,36.0,1666.026,4.0,3.4,7.2,no,45.0,hombre,fijo,centro B,14.0,-3.6620395260782264,-99.0,0.0,sí
enfermería,quirófano,40.1,1804.553,7.0,3.6,13.9,no,48.0,mujer,eventual,centro C,19.0,9.152440273910708,9.9,2.0,sí
medicina,urgencias,20.0,914.036,3.0,3.2,11.1,no,25.0,mujer,eventual,centro D,38.0,-46.700922439596276,11.5,0.0,sí
enfermería,uci,36.3,1675.133,5.0,2.7,21.3,no,52.0,mujer,interino,centro A,12.0,-8.720074581423333,15.3,0.0,no
enfermería,urgencias,38.1,1810.03,2.0,2.2,4.0,sí,36.0,mujer,interino,centro E,18.0,6.836488831421203,7.3,1.0,sí
administración,quirófano,34.3,1569.985,2.0,4.4,11.2,sí,38.0,mujer,interino,centro E,75.0,-27.652493531968283,5.3,1.0,sí
celador,planta,48.9,2241.121,5.0,4.7,18.8,no,49.0,mujer,N/D,centro D,16.0,29.622335309520306,12.3,2.0,no
medicina,planta,40.7,1883.197,2.0,3.0,15.5,no,45.0,mujer,fijo,centro E,21.0,-15.841135722677185,34.7,2.0,no
auxiliar,urgencias,24.5,1126.544,2.0,3.5,3.8,sí,52.0,mujer,interino,centro B,7.0,-36.14888632934041,14.0,1.0,sí
medicina,uci,48.1,2186.006,3.0,3.7,10.0,no,40.0,hombre,interino,centro C,40.0,13.672988181293931,2.2,0.0,sí
celador,  consultas ,43.5,2068.024,0.0,3.7,6.4,no,46.0,hombre,interino,centro E,18.0,-12.197493789669835,16.5,0.0,sí
auxiliar,urgencias,33.5,1538.124,0.0,3.8,3.0,no,22.0,hombre,eventual,centro E,53.0,-14.304504698885463,19.7,0.0,sí
auxiliar,uci,27.4,1277.057,0.0,3.8,4.6,sí,48.0,mujer,fijo,centro C,57.0,-21.700772967005086,5.0,2.0,no
administración,  consultas ,39.4,1808.228,0.0,3.0,9.0,sí,53.0,mujer,fijo,centro C,30.0,-17.450150441548175,-99.0,2.0,no
enfermería,  planta ,38.7,1754.7,0.0,4.7,0.5,no,42.0,mujer,interino,centro C,39.0,-9.625485161181325,16.1,2.0,no
enfermería,quirófano,26.9,1249.363,3.0,3.8,24.9,sí,37.0,mujer,fijo,centro C,51.0,-20.404810388462852,14.0,2.0,no
medicina,consultas,41.7,1979.292,1.0,5.0,1.5,no,37.0,mujer,fijo,centro B,56.0,-3.861617193747338,38.8,3.0,sí
enfermería,urgencias,38.2,1680.143,1.0,3.3,12.6,sí,48.0,hombre,fijo,centro B,86.0,0.8142546732643314,13.2,0.0,sí
auxiliar,planta,35.7,1622.698,0.0,2.9,7.2,no,38.0,hombre,interino,centro D,40.0,-23.855344186600995,8.9,1.0,sí
medicina,consultas,34.3,1622.516,4.0,5.0,1.3,sí,34.0,mujer,fijo,centro B,14.0,-3.3342893194133314,16.6,1.0,no
medicina,quirófano,31.9,1460.797,0.0,1.4,7.4,sí,46.0,mujer,fijo,centro C,19.0,-14.554897477528577,20.9,2.0,no
auxiliar,planta,44.1,2051.892,2.0,2.8,9.7,no,47.0,mujer,fijo,centro A,47.0,2.469528656212779,29.1,0.0,no
enfermería,consultas,41.2,1921.797,3.0,4.5,4.2,no,36.0,hombre,fijo,centro B,2.0,-5.316188795150691,10.8,0.0,sí
auxiliar,planta,37.9,1736.353,3.0,3.1,0.3,no,40.0,mujer,interino,centro C,54.0,-16.550057030842652,43.3,0.0,no
medicina,  consultas ,51.2,2342.198,3.0,4.0,10.6,no,28.0,mujer,interino,centro B,20.0,24.17498205078108,11.8,2.0,no
administración,CONSULTAS,34.6,1607.733,1.0,2.7,4.1,sí,34.0,hombre,fijo,centro E,14.0,-28.56607824423419,9.5,3.0,no
auxiliar,  urgencias ,40.1,1831.569,6.0,3.6,11.8,no,51.0,mujer,fijo,centro B,37.0,-14.072945466502706,13.2,0.0,no
auxiliar,urgencias,35.6,1618.046,2.0,4.6,5.4,sí,36.0,mujer,fijo,centro A,12.0,-15.181202894566853,13.5,0.0,sí
enfermería,  consultas ,35.8,1665.834,3.0,2.4,20.7,no,39.0,mujer,interino,centro C,14.0,-10.047835688990522,8.6,2.0,sí
celador,planta,39.7,1809.042,4.0,3.3,24.5,no,44.0,mujer,fijo,centro A,13.0,7.10556957470646,15.3,2.0,sí
auxiliar,planta,30.2,1337.859,0.0,3.1,4.9,sí,53.0,mujer,fijo,centro A,27.0,-5.236224601500227,7.8,0.0,no
auxiliar,urgencias,29.9,1333.316,3.0,2.3,12.8,no,34.0,mujer,interino,centro D,9.0,-31.543276522194894,15.1,1.0,sí
medicina,quirófano,40.2,1842.1,2.0,2.9,12.2,no,52.0,hombre,N/D,centro E,12.0,4.613716105811514,2.6,0.0,sí
celador,oncología,34.2,1583.434,0.0,3.3,6.3,no,62.0,mujer,interino,centro E,20.0,-24.07051518981325,49.0,2.0,sí
auxiliar,urgencias,28.6,1342.508,0.0,4.4,7.7,sí,33.0,mujer,fijo,centro D,41.0,-21.365413277620753,-99.0,0.0,no
enfermería,QUIRÓFANO,40.3,1848.539,3.0,3.9,10.7,sí,56.0,mujer,fijo,centro C,19.0,-21.31386255085274,22.7,0.0,no
auxiliar,quirófano,33.7,1535.631,0.0,2.9,16.8,sí,37.0,mujer,eventual,centro B,5.0,-4.376967051901554,9.1,0.0,sí
medicina,quirófano,36.6,1729.823,0.0,2.2,5.8,no,50.0,mujer,interino,centro A,57.0,-11.592739897823032,8.3,0.0,sí
enfermería,consultas,39.4,1773.186,3.0,4.1,0.5,sí,41.0,mujer,interino,centro A,26.0,-1.0107503938308557,-99.0,2.0,no
enfermería,urgencias,44.5,2069.266,0.0,2.9,2.3,no,52.0,mujer,fijo,centro C,26.0,-6.169383301362014,11.7,0.0,sí
enfermería,urgencias,34.6,1573.528,1.0,3.7,18.8,sí,47.0,hombre,interino,centro B,13.0,-16.99668494408686,5.9,0.0,sí
administración,consultas,20.9,940.511,4.0,2.4,6.8,sí,47.0,mujer,N/D,centro A,26.0,-36.12333788595762,10.4,2.0,sí
administración,consultas,38.5,1755.838,0.0,4.0,3.6,sí,59.0,mujer,interino,centro C,10.0,-14.950412758984372,21.8,0.0,no
medicina,  oncología ,37.1,1722.63,0.0,3.7,14.8,sí,26.0,mujer,fijo,centro C,9.0,-28.530428737117543,16.9,1.0,sí
enfermería,  planta ,34.1,1513.004,1.0,4.4,5.7,no,41.0,mujer,eventual,centro C,26.0,-18.914798582338026,14.4,2.0,no
celador,planta,44.1,1986.199,1.0,2.2,9.9,no,53.0,mujer,fijo,centro A,44.0,1.3762678168877522,17.9,4.0,sí
enfermería,urgencias,28.5,1306.748,3.0,2.0,13.7,no,63.0,mujer,eventual,centro D,59.0,-20.515532717020868,8.2,1.0,no
medicina,  planta ,49.6,2254.642,1.0,3.3,6.9,no,43.0,mujer,interino,centro C,18.0,23.710078067569214,1.6,0.0,no
auxiliar,  quirófano ,27.8,1272.637,0.0,2.6,2.8,no,47.0,hombre,eventual,centro D,23.0,-15.47135081881001,6.7,1.0,no
celador,quirófano,41.0,1839.772,0.0,2.5,7.3,no,36.0,mujer,fijo,centro B,5.0,-14.182562947832057,7.4,0.0,no
auxiliar,quirófano,39.2,1803.366,2.0,3.5,4.8,no,49.0,mujer,interino,centro D,7.0,-13.641534756918407,5.9,1.0,sí
medicina,urgencias,43.1,2024.755,4.0,4.0,30.0,no,40.0,mujer,fijo,centro B,17.0,23.87868087813195,5.6,0.0,sí
auxiliar,  uci ,39.9,1894.553,3.0,4.3,7.8,no,32.0,hombre,interino,centro C,5.0,-1.2689090002965182,17.6,0.0,sí
celador,UCI,39.9,1840.757,3.0,2.2,6.9,sí,32.0,mujer,interino,centro C,13.0,-4.839067339979639,13.0,0.0,sí
enfermería,oncología,35.3,1616.991,3.0,2.3,19.2,no,44.0,mujer,eventual,centro D,9.0,-30.78749165976523,45.8,0.0,sí
enfermería,QUIRÓFANO,48.0,2261.815,0.0,3.6,12.6,no,35.0,hombre,interino,centro E,26.0,5.135449629662546,3.7,0.0,sí
auxiliar,oncología,39.0,1818.081,0.0,2.8,20.1,no,34.0,hombre,eventual,centro C,29.0,-7.7802187290184674,13.8,0.0,no
enfermería,planta,40.8,1883.694,0.0,4.5,15.0,sí,38.0,hombre,fijo,centro B,14.0,-14.270952223968042,24.5,3.0,sí
auxiliar,urgencias,44.1,2053.486,5.0,2.9,1.8,no,40.0,mujer,fijo,centro D,32.0,10.41606187688551,12.9,1.0,no
administración,uci,29.6,1386.737,0.0,4.5,3.7,no,22.0,mujer,interino,centro A,37.0,-37.84641752400606,11.4,2.0,no
auxiliar,consultas,33.4,1543.158,2.0,5.0,13.3,sí,45.0,mujer,interino,centro E,40.0,-22.637411122203854,3.1,0.0,no
auxiliar,urgencias,36.2,1650.782,3.0,4.8,4.9,sí,51.0,mujer,interino,centro C,110.0,-6.129253752548717,27.8,1.0,sí
celador,  oncología ,25.7,1191.688,5.0,2.9,12.5,no,31.0,hombre,eventual,centro E,36.0,-19.047961825497673,17.1,2.0,no
enfermería,consultas,33.6,1581.406,2.0,4.6,9.3,sí,44.0,mujer,interino,centro A,10.0,-20.649832104752306,46.5,0.0,sí
medicina,consultas,27.3,1231.772,3.0,5.0,14.3,sí,35.0,mujer,fijo,centro C,6.0,-33.75269164076173,20.1,1.0,no
enfermería,oncología,36.5,1666.34,4.0,3.5,4.8,no,36.0,mujer,interino,centro B,9.0,-15.061744662832439,7.7,0.0,sí
administración,uci,41.5,1952.565,3.0,2.9,19.5,no,49.0,mujer,interino,centro B,10.0,-9.511158200623495,9.2,0.0,no
medicina,quirófano,51.9,2347.405,3.0,1.7,1.2,no,29.0,hombre,eventual,centro B,27.0,45.99084036399532,59.4,1.0,sí
auxiliar,URGENCIAS,40.0,1836.748,6.0,3.8,1.1,sí,54.0,mujer,interino,centro A,35.0,0.9810175924816971,22.8,0.0,no
auxiliar,planta,37.1,1716.714,1.0,3.6,11.7,no,33.0,mujer,fijo,centro D,38.0,-27.047432435669215,14.9,0.0,no
medicina,URGENCIAS,35.0,1595.399,0.0,1.6,5.0,no,41.0,hombre,interino,centro C,59.0,-20.003060659355665,21.8,3.0,sí
enfermería,consultas,39.3,1898.583,2.0,2.7,22.2,sí,30.0,hombre,interino,centro D,109.0,-11.959586533918763,27.7,0.0,no
administración,uci,41.4,1893.601,4.0,2.7,6.7,sí,41.0,mujer,fijo,centro C,59.0,0.744576752881986,19.9,0.0,no
medicina,planta,47.7,2099.563,0.0,3.1,13.6,sí,28.0,mujer,interino,centro A,36.0,-10.417308743788427,10.3,0.0,sí
enfermería,CONSULTAS,39.2,1809.463,1.0,4.0,7.5,sí,49.0,mujer,N/D,centro C,32.0,6.198011929814685,15.4,0.0,no
medicina,urgencias,32.7,1499.639,3.0,4.3,20.8,no,48.0,mujer,interino,centro A,55.0,-16.638127584749242,4.2,1.0,no
enfermería,URGENCIAS,38.0,1687.243,5.0,1.8,18.2,no,52.0,mujer,interino,centro C,4.0,-5.032706402447067,27.9,0.0,sí
auxiliar,planta,44.4,2136.13,4.0,2.9,8.3,no,41.0,mujer,fijo,centro D,40.0,12.448196836983756,2.5,1.0,sí
medicina,urgencias,32.4,1462.085,4.0,2.5,17.9,sí,47.0,mujer,fijo,centro B,51.0,-27.316365037158242,18.7,2.0,sí
enfermería,quirófano,38.4,1739.76,4.0,3.6,20.7,no,57.0,hombre,fijo,centro E,34.0,5.3122088009840915,-99.0,0.0,sí
auxiliar,oncologia,40.3,1774.505,4.0,2.2,16.8,sí,36.0,mujer,interino,centro C,8.0,-6.065575295683652,37.1,1.0,no
administración,ONCOLOGÍA,30.0,1392.006,4.0,3.4,3.4,no,60.0,mujer,eventual,centro C,16.0,-22.203037824691283,10.1,1.0,no
medicina,PLANTA,42.1,1935.667,1.0,2.0,12.2,no,44.0,mujer,eventual,centro D,27.0,-5.068389301546636,-99.0,2.0,sí
medicina,uci,52.6,2333.339,1.0,2.2,4.8,no,37.0,mujer,fijo,centro D,32.0,16.210970342802376,11.4,1.0,no
auxiliar,urgencias,41.0,1919.667,7.0,1.7,5.0,no,30.0,hombre,interino,centro E,29.0,7.584791313886132,14.5,1.0,sí
administración,planta,36.6,1761.776,0.0,3.5,13.8,sí,48.0,mujer,fijo,centro B,33.0,-18.133280443505427,6.0,3.0,no
auxiliar,consultas,42.5,1954.435,5.0,3.6,0.8,sí,46.0,mujer,fijo,centro C,4.0,14.850573680711403,26.3,1.0,no
medicina,oncología,56.0,2460.306,4.0,2.5,6.4,no,60.0,hombre,interino,centro C,20.0,44.41348129133192,17.0,0.0,no
administración,URGENCIAS,41.1,1880.228,2.0,2.9,7.2,sí,35.0,hombre,interino,centro B,29.0,12.304802367545637,6.6,1.0,sí
celador,  planta ,44.7,2026.979,1.0,2.9,2.7,no,34.0,hombre,fijo,centro E,11.0,-11.30616160793366,5.7,0.0,no
auxiliar,planta,45.9,2106.879,2.0,3.2,16.9,no,57.0,mujer,eventual,centro D,39.0,7.569467787601063,32.1,4.0,no
auxiliar,consultas,45.0,2109.908,0.0,2.9,12.3,no,43.0,mujer,interino,centro B,78.0,9.582637226204676,26.1,2.0,sí
medicina,urgencias,30.5,1439.215,2.0,3.9,10.7,no,46.0,hombre,fijo,centro A,38.0,-36.55895168501982,32.7,3.0,no
celador,QUIRÓFANO,43.9,2046.067,3.0,1.4,7.3,sí,40.0,hombre,eventual,centro E,24.0,12.099306266341223,3.4,1.0,no
medicina,  planta ,38.6,1775.923,3.0,3.5,13.2,sí,60.0,mujer,interino,centro E,16.0,-5.368575026678426,15.9,0.0,no
medicina,planta,28.7,1311.628,4.0,1.3,8.5,no,42.0,mujer,fijo,centro E,43.0,-34.34483149884467,78.8,0.0,no
celador,urgencias,49.4,2257.274,2.0,3.2,10.7,no,57.0,mujer,eventual,centro B,14.0,17.40965525735738,6.0,1.0,no
auxiliar,oncologia,22.3,1007.069,0.0,3.9,0.6,no,43.0,mujer,fijo,centro D,7.0,-32.54673947203041,6.5,0.0,sí
auxiliar,  planta ,30.8,1485.047,2.0,4.7,10.3,no,54.0,hombre,fijo,centro E,21.0,-40.55405208955623,22.5,0.0,no
celador,planta,35.9,1666.937,7.0,3.6,9.4,no,48.0,mujer,interino,centro B,39.0,-9.91482961180748,-99.0,0.0,sí
medicina,oncología,39.8,1828.024,5.0,3.8,19.4,no,50.0,mujer,fijo,centro E,14.0,1.5652487023842148,4.5,0.0,no
auxiliar,oncología,49.7,2263.342,0.0,2.7,14.3,no,48.0,hombre,eventual,centro A,43.0,3.69701562473277,9.4,1.0,no
enfermería,uci,40.9,1842.638,3.0,4.0,11.2,no,40.0,mujer,fijo,centro C,15.0,1.4000011560934764,8.1,2.0,no
auxiliar,consultas,35.5,1705.007,0.0,2.4,7.9,sí,53.0,hombre,interino,centro D,57.0,-17.553714635927403,44.9,0.0,sí
medicina,planta,42.2,1972.709,2.0,4.3,22.1,no,42.0,mujer,eventual,centro D,20.0,-1.8147827549659454,2.2,2.0,no
auxiliar,quirófano,36.0,1626.956,3.0,2.6,25.8,sí,41.0,mujer,interino,centro D,38.0,-17.456655596182337,3.8,1.0,no
administración,uci,40.1,1845.511,5.0,3.1,19.6,sí,49.0,hombre,fijo,centro A,10.0,-20.69341877092392,35.5,2.0,no
auxiliar,planta,50.3,2365.974,3.0,5.0,6.7,sí,38.0,mujer,fijo,centro E,24.0,40.29343583126921,50.9,1.0,no
medicina,urgencias,35.7,1695.305,5.0,1.0,23.6,sí,55.0,mujer,fijo,centro E,19.0,2.9320112379801637,14.5,0.0,sí
celador,CONSULTAS,30.9,1439.277,0.0,2.1,16.0,sí,46.0,mujer,interino,centro B,34.0,-10.822233257142749,30.2,2.0,sí
administración,urgencias,46.7,2114.479,4.0,2.4,3.6,no,38.0,hombre,fijo,centro C,54.0,29.148704765214468,6.5,2.0,sí
auxiliar,urgencias,40.8,1872.393,6.0,1.9,12.3,no,49.0,mujer,fijo,centro E,8.0,7.6955225888875765,19.8,0.0,no
auxiliar,urgencias,34.8,1587.008,3.0,3.2,17.5,sí,33.0,mujer,fijo,centro A,34.0,-10.960644518204738,8.5,3.0,no
auxiliar,urgencias,36.7,1754.921,4.0,3.8,4.2,no,34.0,mujer,fijo,centro D,17.0,-17.083059787105128,13.3,1.0,no
auxiliar,planta,46.3,2091.606,6.0,2.9,10.3,no,38.0,hombre,interino,centro A,48.0,47.65904218903739,3.5,2.0,sí
enfermería,quirófano,41.4,1925.559,0.0,4.4,4.8,sí,60.0,mujer,interino,centro D,84.0,-4.463581685562984,21.9,2.0,no
medicina,oncología,26.3,1221.98,5.0,4.1,25.7,no,44.0,mujer,interino,centro E,15.0,-38.89476204520745,9.3,0.0,no
enfermería,quirófano,38.1,1707.613,1.0,3.6,7.8,sí,52.0,mujer,interino,centro C,18.0,-12.592673415858815,10.0,0.0,no
celador,urgencias,36.8,1659.757,3.0,3.4,24.2,sí,22.0,mujer,interino,centro A,19.0,-1.6119280708692578,61.7,1.0,sí
enfermería,planta,48.3,2200.888,2.0,3.6,9.2,sí,47.0,hombre,interino,centro D,15.0,26.981369403017318,62.4,0.0,sí
enfermería,uci,46.2,2107.186,0.0,2.9,4.4,no,27.0,hombre,fijo,centro A,17.0,6.673301350890778,7.4,0.0,sí
enfermería,consultas,46.3,2166.64,0.0,3.6,15.4,sí,47.0,mujer,fijo,centro A,19.0,3.786045032730632,29.7,1.0,no
enfermería,  planta ,29.8,1356.973,4.0,2.7,10.5,sí,52.0,mujer,N/D,centro A,21.0,-14.395939111039734,13.5,3.0,no
enfermería,planta,33.7,1509.613,3.0,3.5,9.2,no,39.0,mujer,interino,centro E,15.0,-27.41098852685883,24.2,0.0,sí
auxiliar,planta,39.1,1691.081,4.0,3.3,8.0,no,43.0,mujer,fijo,centro D,21.0,-12.412785721095698,32.5,0.0,no
medicina,oncología,21.2,985.648,2.0,2.6,1.0,sí,42.0,mujer,fijo,centro C,24.0,-34.681547107914774,21.2,0.0,sí
medicina,quirófano,41.4,1853.766,5.0,2.5,10.3,sí,38.0,hombre,eventual,centro D,22.0,-11.028090750355666,26.1,3.0,no
administración,planta,45.0,2026.584,4.0,3.2,1.8,no,30.0,mujer,interino,centro B,90.0,7.9262007707822635,7.4,0.0,no
auxiliar,quirófano,35.5,1677.881,3.0,3.0,18.4,sí,38.0,mujer,eventual,centro E,14.0,-14.41647247124098,73.9,0.0,no
celador,urgencias,39.0,1790.807,3.0,2.6,11.8,no,34.0,mujer,interino,centro B,30.0,-1.7715622223824194,19.7,2.0,no
enfermería,urgencias,40.1,1860.823,3.0,1.5,13.1,no,46.0,mujer,fijo,centro C,34.0,22.98590318685314,7.5,1.0,sí
administración,PLANTA,25.6,1172.54,4.0,3.0,16.6,sí,54.0,mujer,interino,centro A,16.0,-29.043999139930307,25.3,0.0,sí
celador,quirófano,37.2,1673.155,3.0,3.2,8.2,sí,43.0,mujer,eventual,centro D,17.0,-19.367489041931,10.2,2.0,sí
administración,planta,42.1,1954.932,0.0,1.9,2.9,no,35.0,mujer,fijo,centro B,22.0,-19.760797014712253,16.2,2.0,no
enfermería,urgencias,32.9,1474.437,4.0,2.3,19.4,sí,56.0,mujer,interino,centro E,10.0,6.862138042431864,16.5,0.0,sí
auxiliar,urgencias,36.0,1680.701,6.0,3.9,7.6,no,37.0,mujer,fijo,centro D,20.0,-22.182704807905033,16.5,2.0,no
auxiliar,planta,34.6,1555.367,5.0,5.0,4.0,no,41.0,mujer,interino,centro A,68.0,-19.627839704928483,4.7,2.0,sí
enfermería,  planta ,38.2,1769.837,2.0,3.4,3.4,sí,45.0,mujer,interino,centro A,59.0,6.739473264525378,38.8,0.0,sí
enfermería,urgencias,38.3,1777.832,0.0,2.8,7.2,no,44.0,mujer,fijo,centro C,4.0,-4.664515828290203,3.0,0.0,sí
administración,URGENCIAS,32.4,1499.377,0.0,3.2,16.6,no,60.0,hombre,fijo,centro D,121.0,-36.89456451395183,35.8,2.0,sí
medicina,ONCOLOGÍA,39.1,1804.788,5.0,3.7,3.1,sí,41.0,hombre,fijo,centro D,16.0,15.589120482621086,17.5,0.0,no
administración,oncología,25.0,1132.258,1.0,3.4,16.6,sí,26.0,hombre,fijo,centro A,4.0,-14.964387956651576,15.3,0.0,no
auxiliar,quirófano,47.9,2211.027,1.0,4.1,2.5,sí,37.0,hombre,interino,centro D,43.0,15.96671399132688,24.1,0.0,no
medicina,consultas,35.2,1668.83,0.0,3.5,35.0,sí,22.0,mujer,eventual,centro B,13.0,-15.90372434338285,-99.0,1.0,sí
enfermería,consultas,43.3,2019.76,1.0,2.7,17.5,sí,48.0,mujer,fijo,centro B,18.0,13.209606797842044,15.4,2.0,no
auxiliar,quirofano,42.6,1919.724,0.0,3.8,12.8,sí,37.0,hombre,fijo,centro D,10.0,8.822960778003527,10.3,0.0,no
enfermería,quirófano,37.9,1711.595,2.0,3.4,11.3,no,42.0,mujer,fijo,centro C,25.0,-13.426274376744528,13.6,0.0,sí
administración,  consultas ,44.5,2065.117,4.0,5.0,12.2,no,44.0,mujer,fijo,centro E,9.0,-1.2208632115239335,19.8,0.0,no
medicina,consultas,43.1,1953.936,4.0,2.6,4.6,no,45.0,mujer,fijo,centro D,24.0,20.287149752604016,-99.0,0.0,sí
enfermería,urgencias,33.7,1545.23,5.0,3.2,20.9,sí,28.0,hombre,interino,centro E,22.0,-17.80014523608626,11.4,4.0,sí
medicina,urgencias,43.8,2025.483,2.0,3.0,3.1,no,50.0,hombre,interino,centro E,30.0,0.4139498501541876,16.2,0.0,no
auxiliar,CONSULTAS,37.4,1701.534,0.0,4.7,0.5,no,39.0,mujer,eventual,centro A,21.0,-16.016445738319387,43.4,0.0,sí
medicina,quirófano,34.0,1540.568,0.0,2.4,11.4,sí,25.0,hombre,interino,centro D,57.0,-15.664274035122066,30.3,2.0,no
medicina,urgencias,38.4,1755.16,0.0,3.2,16.0,no,35.0,hombre,N/D,centro E,35.0,-19.32342986251971,16.9,2.0,no
auxiliar,oncología,21.4,987.234,4.0,4.3,4.9,no,34.0,mujer,fijo,centro E,18.0,-29.56408028096774,30.1,1.0,sí
medicina,  planta ,35.7,1668.423,5.0,1.8,20.1,no,40.0,mujer,eventual,centro D,35.0,-4.94968759867875,20.4,1.0,sí
celador,urgencias,32.9,1505.688,0.0,3.2,14.4,no,28.0,mujer,eventual,centro C,5.0,-13.895974737684519,15.2,2.0,sí
celador,planta,39.8,1783.826,2.0,2.2,6.9,sí,41.0,mujer,interino,centro C,8.0,-13.057941325170837,8.1,1.0,sí
administración,  consultas ,33.7,1597.077,3.0,3.0,3.4,sí,43.0,mujer,fijo,centro A,68.0,-34.71050382206165,21.2,1.0,no
auxiliar,quirófano,36.2,1672.234,0.0,4.2,5.4,sí,59.0,hombre,fijo,centro A,23.0,-10.283771405635123,8.7,0.0,sí
administración,quirófano,38.4,1784.138,0.0,2.6,10.1,sí,28.0,mujer,fijo,centro E,39.0,-9.542694157050375,36.0,1.0,no
administración,planta,40.9,1882.264,5.0,3.4,2.7,no,39.0,hombre,interino,centro E,11.0,0.41783342331634366,8.8,0.0,sí
enfermería,uci,40.1,1756.602,0.0,3.8,13.3,no,34.0,mujer,fijo,centro E,33.0,-23.062589936260707,47.1,1.0,no
enfermería,quirófano,42.6,2013.378,3.0,5.0,20.8,sí,33.0,mujer,fijo,centro E,21.0,-8.429483709984087,15.4,1.0,no
medicina,consultas,42.5,2044.32,2.0,3.6,5.6,sí,43.0,mujer,fijo,centro E,9.0,-5.80929716032921,38.6,2.0,no
auxiliar,planta,23.6,1112.967,3.0,5.0,4.3,no,33.0,mujer,fijo,centro B,33.0,-59.00949275825492,7.0,0.0,sí
celador,quirofano,39.9,1829.564,6.0,2.8,8.5,no,53.0,mujer,fijo,centro B,16.0,-0.2976670195125508,3.9,2.0,no
enfermería,consultas,39.7,1811.714,2.0,4.2,2.9,no,48.0,mujer,fijo,centro D,27.0,-5.817393661586513,7.7,2.0,sí
administración,planta,53.0,2425.294,3.0,1.6,10.1,sí,43.0,mujer,fijo,centro A,6.0,26.3606849553709,23.3,1.0,sí
administración,urgencias,38.6,1774.407,5.0,4.1,22.6,sí,39.0,mujer,fijo,centro D,41.0,-7.540081806660117,28.1,2.0,sí
enfermería,CONSULTAS,33.1,1515.797,5.0,3.5,19.4,sí,46.0,mujer,fijo,centro C,53.0,-9.755439633981064,34.7,1.0,sí
medicina,  planta ,48.3,2234.272,2.0,3.1,3.9,no,33.0,hombre,fijo,centro D,22.0,11.416450282019879,31.2,1.0,no
administración,  quirófano ,35.8,1655.694,1.0,3.8,5.5,no,35.0,mujer,interino,centro A,17.0,-16.704284127229915,26.8,0.0,sí
auxiliar,planta,37.1,1650.992,1.0,3.4,7.5,sí,31.0,mujer,interino,centro D,81.0,-8.848415043894907,22.3,0.0,no
administración,consultas,39.8,1853.295,5.0,2.1,5.2,sí,38.0,mujer,fijo,centro D,35.0,5.814255283279486,36.3,1.0,sí
auxiliar,  oncología ,45.2,2067.856,5.0,3.7,11.9,no,43.0,mujer,interino,centro C,19.0,7.572084383091131,7.9,0.0,no
auxiliar,PLANTA,42.2,1899.824,0.0,3.6,2.7,no,32.0,mujer,interino,centro B,26.0,2.8897148513951034,4.5,1.0,no
administración,planta,42.2,1951.344,3.0,2.8,9.3,no,34.0,mujer,fijo,centro D,25.0,-26.211560000615126,-99.0,0.0,sí
medicina,UCI,39.7,1830.518,6.0,3.1,11.4,sí,51.0,mujer,eventual,centro E,20.0,10.09515681660283,14.3,1.0,sí
enfermería,quirófano,39.3,1878.223,3.0,4.9,5.5,no,33.0,mujer,interino,centro D,11.0,-16.51312243572545,2.1,0.0,no
enfermería,  urgencias ,37.0,1768.224,4.0,3.2,15.4,no,28.0,hombre,fijo,centro B,80.0,-7.780664538434767,44.1,2.0,no
administración,oncología,52.0,2337.635,5.0,4.0,8.3,sí,37.0,mujer,fijo,centro A,23.0,64.53351001339713,12.6,2.0,sí
enfermería,URGENCIAS,40.6,1917.321,3.0,4.1,16.6,sí,43.0,mujer,eventual,centro D,32.0,-11.983050838647731,5.1,0.0,no
auxiliar,URGENCIAS,36.4,1613.479,3.0,3.5,19.0,no,39.0,mujer,interino,centro D,6.0,-8.54581489474785,17.3,0.0,sí
administración,planta,33.1,1548.167,0.0,4.1,5.6,no,43.0,mujer,fijo,centro D,28.0,-15.58490527289755,35.0,1.0,sí
administración,UCI,33.9,1560.67,2.0,2.8,7.2,no,43.0,mujer,interino,centro C,19.0,-18.7575449879901,7.1,2.0,sí
medicina,planta,37.6,1717.219,1.0,4.6,17.2,sí,34.0,hombre,eventual,centro A,32.0,-19.852571813426845,-99.0,2.0,sí
administración,  oncología ,38.7,1761.075,1.0,2.9,8.4,no,50.0,mujer,interino,centro D,22.0,-8.223300364597268,20.5,1.0,no
auxiliar,planta,34.0,1567.084,5.0,2.3,5.7,no,47.0,mujer,fijo,centro E,6.0,1.7781960737986484,4.0,0.0,no
auxiliar,planta,32.7,1440.777,5.0,3.8,3.6,no,27.0,hombre,fijo,centro D,22.0,-26.921144940641874,51.2,1.0,sí
medicina,planta,30.6,1434.019,4.0,2.1,10.6,sí,39.0,hombre,fijo,centro A,3.0,-16.882069910690653,42.0,1.0,sí
enfermería,planta,42.2,1983.639,0.0,2.6,6.7,no,45.0,mujer,N/D,centro D,22.0,5.240299959024489,57.2,0.0,no
auxiliar,oncología,42.5,1958.647,3.0,2.9,12.4,sí,39.0,hombre,interino,centro E,56.0,-4.214895006831383,27.5,2.0,no
administración,quirófano,42.9,1938.301,0.0,3.0,1.5,sí,27.0,mujer,N/D,centro C,20.0,1.949690062807886,56.3,1.0,sí
enfermería,  quirófano ,38.1,1763.611,6.0,3.1,11.3,no,36.0,mujer,fijo,centro D,19.0,-6.727550508991698,45.5,0.0,sí
administración,planta,31.7,1433.496,4.0,1.8,8.2,no,46.0,mujer,interino,centro E,24.0,-19.62624821592713,22.9,0.0,sí
medicina,planta,30.6,1437.481,6.0,4.6,10.0,no,47.0,mujer,fijo,centro B,4.0,-4.581876818116491,28.5,2.0,sí
medicina,planta,35.2,1616.683,0.0,2.7,7.4,no,54.0,hombre,fijo,centro A,12.0,-6.802442927343954,21.9,0.0,no
auxiliar,urgencias,45.7,2092.013,1.0,1.9,17.2,no,39.0,mujer,fijo,centro A,43.0,1.9911038320716603,23.0,0.0,no
administración,  urgencias ,39.6,1831.208,6.0,4.4,41.1,no,49.0,mujer,fijo,centro C,12.0,-8.383886527238372,13.7,1.0,sí
administración,consultas,33.5,1482.46,4.0,2.6,15.9,no,49.0,mujer,eventual,centro A,64.0,-18.242192348709914,5.3,2.0,sí
medicina,quirófano,46.0,2108.589,1.0,2.9,5.8,no,53.0,hombre,interino,centro B,5.0,3.822304910631713,15.3,2.0,no
celador,oncologia,38.6,1751.455,3.0,4.8,8.4,no,61.0,mujer,fijo,centro A,4.0,1.374130091226002,8.9,0.0,no
enfermería,planta,42.2,1912.356,1.0,3.1,13.2,no,59.0,mujer,fijo,centro B,53.0,4.292781628432278,10.7,3.0,no
celador,consultas,37.8,1801.451,0.0,2.1,22.3,sí,35.0,hombre,fijo,centro D,19.0,-35.69292552150122,14.2,1.0,sí
administración,  planta ,30.9,1424.413,0.0,2.3,1.5,sí,54.0,mujer,fijo,centro B,56.0,-29.516166309432123,30.1,2.0,no
medicina,urgencias,48.5,2223.369,4.0,4.5,18.8,no,24.0,hombre,fijo,centro D,25.0,24.403236067489427,23.2,1.0,sí
administración,planta,37.9,1756.544,5.0,4.0,3.7,sí,66.0,mujer,eventual,centro B,27.0,-30.337969144977166,3.8,3.0,no
medicina,planta,40.6,1871.415,0.0,3.7,6.1,no,40.0,mujer,eventual,centro D,6.0,-16.987829892103438,5.3,0.0,no
enfermería,urgencias,46.7,2204.425,2.0,4.0,2.5,no,27.0,mujer,fijo,centro E,2.0,26.844611434379917,8.9,3.0,sí
auxiliar,planta,34.1,1616.158,3.0,3.8,23.3,no,38.0,hombre,eventual,centro E,16.0,-13.7332075910095,7.4,0.0,no
medicina,CONSULTAS,43.5,1943.576,0.0,3.1,24.5,no,22.0,hombre,interino,centro B,64.0,3.0289311115710102,5.3,2.0,no
auxiliar,urgencias,41.0,1875.591,3.0,1.0,7.2,no,22.0,hombre,interino,centro D,27.0,13.606471198990526,29.6,0.0,no
medicina,UCI,36.5,1692.524,3.0,5.0,5.0,no,49.0,mujer,eventual,centro A,22.0,-11.725839345224522,16.2,0.0,sí
medicina,uci,45.2,2124.41,5.0,3.6,22.4,no,60.0,mujer,fijo,centro B,37.0,8.391778802562268,7.0,0.0,sí
celador,urgencias,27.6,1245.106,0.0,5.0,8.1,sí,31.0,hombre,interino,centro D,5.0,-9.697237344657397,4.1,2.0,no
enfermería,urgencias,34.8,1627.701,3.0,4.9,9.9,no,48.0,mujer,fijo,centro B,14.0,-10.058452062089362,12.1,2.0,sí
enfermería,UCI,48.3,2275.599,4.0,1.8,12.5,sí,55.0,mujer,interino,centro D,13.0,24.222005112122716,12.8,2.0,sí
auxiliar,  uci ,41.8,1884.175,2.0,3.3,21.3,sí,42.0,mujer,fijo,centro D,4.0,-23.292388107814247,7.7,2.0,no
celador,oncología,36.7,1696.521,2.0,3.0,7.3,sí,44.0,hombre,fijo,centro A,19.0,-17.72098768696472,9.7,2.0,no
auxiliar,planta,25.2,1148.234,5.0,1.4,3.2,no,51.0,mujer,interino,centro A,15.0,-25.798189276947742,12.4,0.0,sí
enfermería,quirófano,27.9,1265.9,4.0,3.7,4.7,no,39.0,hombre,eventual,centro E,16.0,-9.94884841568485,18.2,1.0,sí
medicina,PLANTA,42.5,1994.138,3.0,1.4,12.3,no,28.0,hombre,fijo,centro B,9.0,7.147729166844411,11.9,2.0,sí
enfermería,planta,32.8,1497.115,0.0,3.2,1.1,no,51.0,mujer,N/D,centro C,32.0,-15.068028683582932,16.0,1.0,sí
medicina,planta,35.5,1592.163,2.0,2.3,7.3,no,50.0,mujer,interino,centro B,28.0,-32.81508670677066,87.8,0.0,no
administración,urgencias,35.0,1588.1,5.0,1.7,3.2,sí,50.0,mujer,fijo,centro E,20.0,-12.61110442268387,2.4,2.0,no
enfermería,CONSULTAS,43.9,2031.371,4.0,2.1,7.7,no,37.0,hombre,interino,centro A,51.0,23.492941749340908,19.2,0.0,sí
auxiliar,consultas,43.1,1935.922,4.0,2.1,12.6,no,30.0,hombre,fijo,centro C,27.0,-4.922122529022806,13.8,0.0,no
auxiliar,consultas,34.2,1588.665,2.0,3.5,6.0,sí,60.0,hombre,fijo,centro A,3.0,-3.7420635196454413,4.1,0.0,sí
auxiliar,planta,40.9,1917.142,0.0,3.8,8.9,no,40.0,mujer,fijo,centro D,26.0,-27.7642893292957,24.5,2.0,sí
auxiliar,planta,30.3,1371.944,3.0,3.5,18.7,sí,55.0,hombre,fijo,centro C,27.0,-12.054279978970216,8.3,2.0,no
enfermería,quirófano,34.9,1572.162,1.0,4.3,4.0,no,49.0,mujer,interino,centro E,36.0,-15.366005330187726,4.6,0.0,sí
medicina,PLANTA,40.3,1781.704,4.0,2.0,5.2,no,39.0,mujer,fijo,centro C,13.0,19.202750055011396,6.0,1.0,sí
enfermería,consultas,31.3,1446.345,0.0,3.8,12.9,no,37.0,mujer,fijo,centro A,27.0,-17.396498609765068,100.0,0.0,sí
auxiliar,uci,45.7,2210.321,2.0,3.4,11.3,sí,36.0,mujer,interino,centro B,29.0,12.346568912471684,7.0,0.0,no
administración,  urgencias ,36.9,1732.504,5.0,3.6,1.5,sí,43.0,mujer,fijo,centro C,52.0,-6.27423977133351,11.7,1.0,no
enfermería,planta,50.1,2302.609,2.0,4.1,3.9,no,33.0,hombre,fijo,centro D,10.0,27.649306958760157,6.8,1.0,no
auxiliar,consultas,39.5,1813.767,5.0,3.4,21.9,no,22.0,mujer,interino,centro C,11.0,-11.163367888825274,8.8,1.0,no
auxiliar,consultas,39.9,1854.775,0.0,2.7,2.9,no,45.0,hombre,eventual,centro D,14.0,-5.952030921373365,35.8,0.0,sí
medicina,oncología,26.3,1203.848,1.0,3.7,5.3,no,32.0,hombre,fijo,centro B,28.0,-22.17877771401073,27.9,2.0,sí
enfermería,consultas,40.4,1759.011,2.0,2.1,5.3,no,40.0,mujer,fijo,centro B,14.0,-6.139625263397059,14.6,0.0,no
enfermería,planta,43.2,2000.757,6.0,4.4,6.0,sí,36.0,mujer,fijo,centro E,32.0,16.01701857432193,16.3,2.0,no
administración,quirófano,42.5,2011.896,2.0,3.3,14.1,no,47.0,mujer,fijo,centro A,46.0,-13.048121806615166,-99.0,0.0,sí
administración,planta,44.8,2063.941,4.0,4.2,9.8,no,37.0,mujer,interino,centro E,6.0,20.955132935273554,6.5,0.0,sí
administración,CONSULTAS,41.1,1899.193,1.0,4.1,6.4,no,45.0,mujer,eventual,centro E,28.0,-18.596858154196624,-99.0,2.0,no
enfermería,  quirófano ,42.6,1949.719,1.0,3.8,2.5,sí,28.0,hombre,interino,centro A,16.0,0.613645901303062,45.0,3.0,sí
enfermería,quirófano,31.1,1446.946,2.0,4.1,16.9,sí,50.0,hombre,fijo,centro E,72.0,-20.63694073477712,43.4,2.0,no
medicina,uci,42.3,1976.376,5.0,3.9,1.7,sí,62.0,mujer,interino,centro B,37.0,13.146806305348928,19.7,0.0,no
auxiliar,oncología,43.8,1995.845,3.0,2.7,2.8,no,39.0,hombre,fijo,centro D,24.0,-2.765314353793915,16.5,0.0,no
enfermería,urgencias,42.1,1902.288,5.0,2.8,10.5,sí,41.0,mujer,eventual,centro C,31.0,17.583300087859687,1.4,0.0,no
medicina,oncologia,46.4,2152.212,3.0,2.9,3.5,sí,27.0,hombre,fijo,centro D,4.0,5.963116243102959,35.9,1.0,no
auxiliar,planta,45.1,1979.525,0.0,3.3,6.8,no,27.0,mujer,fijo,centro D,30.0,-2.8283625221121707,10.8,2.0,no
administración,oncologia,30.4,1407.414,0.0,3.1,14.5,sí,30.0,hombre,eventual,centro A,10.0,-16.705802964842043,-99.0,0.0,no
enfermería,oncologia,37.3,1681.56,0.0,2.5,2.6,no,39.0,mujer,interino,centro B,61.0,-18.128327377828136,-99.0,0.0,sí
auxiliar,uci,33.0,1514.321,3.0,5.0,3.4,no,39.0,mujer,fijo,centro D,59.0,-9.179689464452037,21.2,0.0,no
enfermería,consultas,37.6,1698.916,2.0,4.1,5.6,no,27.0,hombre,interino,centro D,48.0,-1.8036731257858616,24.7,2.0,sí
administración,uci,39.6,1744.898,4.0,4.8,0.6,sí,36.0,mujer,interino,centro C,58.0,-10.407400814008493,-99.0,2.0,no
medicina,consultas,41.4,1881.611,3.0,4.4,19.6,sí,51.0,hombre,interino,centro D,21.0,12.024220504148,6.8,1.0,sí
administración,consultas,39.2,1815.184,5.0,3.4,11.2,no,51.0,mujer,interino,centro A,10.0,22.350584096718684,17.0,0.0,no
celador,planta,40.6,1836.803,3.0,3.5,4.4,no,35.0,mujer,fijo,centro B,22.0,-4.887424732767378,14.3,0.0,sí
medicina,planta,30.9,1410.997,2.0,3.1,5.3,sí,27.0,mujer,eventual,centro C,35.0,-24.340661463080806,17.6,0.0,sí
auxiliar,consultas,31.6,1463.442,2.0,3.7,2.9,no,30.0,mujer,N/D,centro D,7.0,-5.540745285936094,4.9,1.0,no
medicina,quirófano,34.4,1607.123,2.0,3.6,4.9,no,54.0,mujer,interino,centro D,19.0,-1.6224272104623711,54.5,4.0,no
enfermería,CONSULTAS,35.9,1659.232,0.0,3.2,26.3,no,37.0,hombre,eventual,centro E,16.0,-1.052049939771436,136.8,2.0,sí
celador,consultas,31.0,1413.82,2.0,3.5,14.6,no,53.0,mujer,eventual,centro C,21.0,-39.108945189428965,9.7,0.0,no
enfermería,urgencias,37.6,1746.97,6.0,3.9,33.1,sí,47.0,hombre,fijo,centro A,27.0,-7.598244345695026,18.7,0.0,no
medicina,quirófano,38.1,1717.076,0.0,1.4,12.9,sí,42.0,mujer,interino,centro D,21.0,-14.436576917785292,20.8,1.0,sí
auxiliar,planta,37.8,1741.476,3.0,4.1,7.3,no,27.0,mujer,interino,centro E,22.0,5.038053330333275,104.8,1.0,no
enfermería,quirófano,45.8,2124.081,1.0,5.0,2.7,no,40.0,hombre,interino,centro C,41.0,-1.2930789018319966,5.3,3.0,sí
medicina,uci,34.5,1584.304,3.0,5.0,22.8,no,39.0,mujer,fijo,centro C,7.0,-18.327099575324,50.2,2.0,no
medicina,consultas,39.7,1895.178,0.0,3.7,16.0,no,28.0,mujer,fijo,centro C,16.0,-8.684687877446503,6.6,0.0,no
enfermería,urgencias,40.3,1871.589,4.0,3.1,7.9,no,36.0,hombre,interino,centro B,8.0,10.365864500605454,18.7,2.0,sí
auxiliar,uci,25.8,1159.397,4.0,2.8,3.5,no,46.0,hombre,interino,centro E,17.0,-23.188895301561477,48.9,0.0,no
medicina,planta,40.1,1842.905,3.0,1.9,13.8,sí,33.0,mujer,fijo,centro A,24.0,5.434527952471418,47.2,0.0,no
administración,uci,26.6,1256.174,0.0,1.9,9.9,no,57.0,hombre,eventual,centro D,21.0,-13.704731264131624,16.4,1.0,sí
medicina,oncología,40.3,1810.465,1.0,3.5,9.9,sí,34.0,mujer,fijo,centro A,3.0,-9.951382355418511,6.9,2.0,no
enfermería,oncología,51.9,2360.888,0.0,3.4,2.5,no,38.0,mujer,interino,centro B,59.0,-4.231437339316969,15.2,2.0,no
medicina,consultas,38.4,1802.235,0.0,5.0,12.2,no,56.0,mujer,interino,centro E,28.0,-20.315903804741797,9.7,1.0,sí
enfermería,quirófano,38.2,1776.28,0.0,4.7,3.8,sí,49.0,mujer,interino,centro D,62.0,-19.980025904353614,13.3,2.0,sí
administración,uci,31.1,1441.852,1.0,4.4,22.4,no,24.0,mujer,interino,centro B,153.0,-28.228243754618518,2.0,2.0,sí
administración,oncología,33.0,1547.503,0.0,4.9,7.8,no,55.0,hombre,fijo,centro C,50.0,-17.60293605214322,6.5,2.0,no
medicina,  oncología ,27.3,1210.271,3.0,2.4,7.8,no,47.0,mujer,fijo,centro B,8.0,-15.516840450504642,6.0,2.0,sí
administración,planta,36.3,1649.124,0.0,2.6,4.7,no,35.0,hombre,interino,centro A,74.0,-9.225377449001762,35.5,2.0,sí
auxiliar,planta,31.0,1422.565,2.0,2.8,6.0,sí,30.0,hombre,fijo,centro A,23.0,-27.615980227308278,24.6,1.0,no
medicina,uci,31.0,1409.532,1.0,3.4,8.1,no,50.0,hombre,fijo,centro B,23.0,-27.229406500439094,21.5,0.0,no
enfermería,oncología,32.7,1463.105,2.0,4.1,6.2,sí,49.0,mujer,interino,centro B,16.0,-14.638760034608772,8.2,1.0,no
medicina,planta,49.2,2180.82,0.0,3.9,16.9,sí,33.0,hombre,fijo,centro B,9.0,14.45674807772232,20.9,0.0,no
enfermería,consultas,33.8,1564.414,4.0,2.5,8.6,no,45.0,hombre,interino,centro A,17.0,-32.04251768304151,9.0,0.0,no
medicina,quirofano,43.2,2032.412,6.0,3.1,3.3,no,30.0,mujer,eventual,centro C,78.0,14.829193071406085,3.8,0.0,sí
medicina,consultas,37.2,1666.618,0.0,1.3,16.5,no,33.0,hombre,interino,centro C,14.0,-6.278207583063986,13.1,0.0,no
auxiliar,planta,26.6,1223.248,2.0,3.3,11.5,sí,47.0,mujer,fijo,centro D,33.0,-35.361851132677124,17.3,2.0,sí
auxiliar,CONSULTAS,44.5,2122.761,4.0,2.8,8.5,no,29.0,mujer,fijo,centro A,22.0,7.349050602177086,3.7,0.0,no
celador,uci,45.5,2089.592,5.0,2.7,9.7,no,37.0,mujer,fijo,centro E,44.0,9.65241030086034,29.0,0.0,sí
medicina,  planta ,32.3,1457.195,6.0,2.8,14.9,no,27.0,hombre,interino,centro B,38.0,-33.5440701538342,3.8,2.0,no
enfermería,  urgencias ,35.6,1653.606,1.0,3.1,6.6,sí,31.0,hombre,fijo,centro D,6.0,4.639572412732722,10.3,3.0,sí
medicina,planta,45.8,2184.192,2.0,3.9,6.0,no,24.0,mujer,fijo,centro E,30.0,6.11826061222077,10.4,1.0,no
medicina,planta,42.4,1983.932,0.0,1.7,7.6,sí,55.0,mujer,fijo,centro E,55.0,-2.870588243964651,5.8,1.0,sí
celador,  quirófano ,24.7,1149.219,4.0,4.0,12.5,no,51.0,mujer,interino,centro C,58.0,-40.57426892562313,22.2,2.0,sí
administración,urgencias,33.0,1488.906,2.0,4.0,11.6,no,24.0,mujer,fijo,centro E,19.0,-20.645053817579893,17.1,3.0,sí
administración,ONCOLOGÍA,34.0,1542.877,5.0,3.6,17.2,sí,37.0,mujer,interino,centro D,10.0,-1.7813940939426463,3.5,1.0,sí
medicina,CONSULTAS,34.0,1597.384,4.0,3.5,30.5,sí,35.0,hombre,fijo,centro C,18.0,-19.91680056230078,5.6,2.0,no
administración,oncología,36.9,1706.65,5.0,4.5,3.1,no,49.0,hombre,eventual,centro D,40.0,-24.536310538917,8.2,2.0,no
enfermería,urgencias,36.5,1703.66,5.0,2.6,3.3,no,44.0,hombre,fijo,centro B,78.0,-15.31729746942679,11.8,0.0,no
administración,planta,37.3,1762.564,4.0,1.3,14.9,sí,26.0,mujer,fijo,centro A,2.0,-25.027120931839207,10.5,1.0,no
enfermería,planta,36.2,1694.313,5.0,3.2,12.8,sí,22.0,mujer,fijo,centro A,10.0,-5.099840963490013,7.8,3.0,no
enfermería,  consultas ,25.9,1156.233,4.0,2.8,4.8,sí,44.0,mujer,interino,centro B,15.0,-30.4917759878451,3.2,1.0,sí
auxiliar,  planta ,50.4,2344.046,0.0,4.0,5.7,sí,53.0,mujer,fijo,centro C,5.0,29.820174056020313,8.8,1.0,sí
medicina,planta,40.8,1888.928,0.0,3.6,15.1,sí,30.0,mujer,N/D,centro D,24.0,-7.429999164775463,-99.0,2.0,no
medicina,planta,54.5,2506.848,3.0,2.9,10.6,sí,24.0,mujer,interino,centro B,88.0,35.54385673834752,13.2,2.0,no
enfermería,uci,41.8,1936.21,1.0,1.7,13.4,no,38.0,mujer,fijo,centro D,14.0,-7.132132307349837,24.4,1.0,no
medicina,consultas,41.8,1985.582,4.0,2.5,4.8,no,41.0,hombre,interino,centro B,15.0,-7.108529420276109,8.6,4.0,no
medicina,URGENCIAS,46.7,2196.847,0.0,3.3,17.5,no,60.0,mujer,N/D,centro C,51.0,1.1472293346015376,6.0,1.0,sí
enfermería,quirofano,43.2,1944.169,0.0,2.2,18.9,no,41.0,mujer,eventual,centro A,17.0,-6.0535393055050495,9.9,1.0,no
enfermería,urgencias,35.4,1618.039,3.0,3.0,5.1,no,38.0,mujer,fijo,centro A,7.0,10.222181695541295,13.8,0.0,sí
enfermería,consultas,43.5,1887.363,3.0,4.9,16.1,no,38.0,hombre,fijo,centro B,38.0,-12.920242764035494,18.2,2.0,no
enfermería,oncología,39.2,1830.268,0.0,3.7,20.4,no,51.0,mujer,fijo,centro C,48.0,0.29975105956014403,34.0,0.0,no
celador,planta,35.8,1547.593,4.0,1.6,8.8,no,42.0,mujer,interino,centro E,19.0,-8.7248485728872,12.2,2.0,no
enfermería,oncología,39.8,1859.676,6.0,3.8,4.3,sí,33.0,mujer,interino,centro C,54.0,-21.01989322537204,1.0,2.0,no
administración,URGENCIAS,38.1,1835.764,5.0,4.6,4.6,no,37.0,mujer,fijo,centro E,40.0,4.095789682971985,2.4,2.0,sí
enfermería,consultas,39.7,1865.139,4.0,3.7,11.4,no,27.0,mujer,fijo,centro A,12.0,0.9865585292586365,9.5,0.0,sí
celador,planta,31.0,1426.277,6.0,2.3,10.9,sí,57.0,mujer,interino,centro A,9.0,-46.441349652271704,60.8,2.0,no
enfermería,planta,31.1,1393.61,0.0,3.3,6.5,sí,49.0,mujer,eventual,centro E,54.0,-8.130903207529709,4.9,0.0,no
auxiliar,PLANTA,33.1,1548.549,0.0,2.6,5.8,no,39.0,mujer,fijo,centro E,24.0,-25.099097700504053,19.6,0.0,sí
enfermería,planta,37.5,1682.501,6.0,3.5,11.7,sí,38.0,mujer,fijo,centro D,41.0,21.296222020685093,-99.0,0.0,sí
administración,oncología,38.6,1793.77,2.0,3.7,9.4,no,46.0,mujer,eventual,centro A,8.0,-6.841829409590179,15.8,2.0,sí
auxiliar,CONSULTAS,43.1,1996.058,0.0,1.1,6.5,no,52.0,mujer,fijo,centro A,13.0,-21.68450326405248,6.8,0.0,sí
enfermería,planta,40.9,1856.199,0.0,3.2,8.5,no,52.0,hombre,fijo,centro D,22.0,-7.303748926243454,9.3,1.0,no
enfermería,PLANTA,51.2,2309.242,3.0,1.5,4.3,no,41.0,mujer,fijo,centro B,11.0,27.752070138887774,9.0,0.0,sí
medicina,  planta ,42.0,1933.522,3.0,3.9,4.6,no,49.0,mujer,eventual,centro C,23.0,0.6806993252094247,4.5,0.0,no
medicina,consultas,35.5,1590.375,1.0,3.8,7.6,no,36.0,mujer,interino,centro A,21.0,-31.717524637358544,25.9,1.0,sí
auxiliar,QUIRÓFANO,29.9,1385.265,2.0,2.8,8.2,no,30.0,mujer,fijo,centro E,7.0,-21.546934168575817,47.0,0.0,no
enfermería,UCI,33.1,1528.728,4.0,1.7,3.5,no,52.0,hombre,interino,centro D,28.0,0.20976428270122405,53.9,2.0,no
administración,urgencias,41.9,1991.961,4.0,2.9,10.8,no,45.0,hombre,fijo,centro A,49.0,0.1880450773641087,7.5,2.0,sí
enfermería,planta,47.1,2150.437,5.0,3.3,8.0,sí,50.0,mujer,interino,centro D,25.0,-0.3061834758043851,37.7,3.0,no
medicina,uci,49.5,2295.091,0.0,2.0,12.9,no,45.0,hombre,eventual,centro A,2.0,13.549316296487365,9.1,0.0,no
medicina,  planta ,39.3,1797.418,4.0,3.5,10.5,sí,41.0,hombre,fijo,centro A,19.0,7.205045347309728,7.4,2.0,no
medicina,consultas,43.7,1997.995,0.0,3.2,5.1,sí,32.0,hombre,interino,centro A,19.0,-9.352818750108277,8.6,3.0,sí
enfermería,urgencias,34.0,1589.924,4.0,3.4,4.2,no,39.0,mujer,fijo,centro A,62.0,-24.769305201449555,7.0,1.0,no
celador,urgencias,54.2,2559.624,2.0,5.0,25.1,no,34.0,mujer,fijo,centro D,16.0,23.96620052022989,9.6,2.0,no
administración,urgencias,35.2,1595.48,5.0,2.3,4.1,sí,49.0,hombre,interino,centro C,88.0,8.88653020351851,31.1,0.0,no
enfermería,consultas,48.7,2126.081,1.0,3.9,9.1,no,28.0,mujer,fijo,centro B,33.0,22.854211182210108,3.0,0.0,sí
medicina,urgencias,22.4,1014.074,6.0,4.0,22.4,sí,36.0,hombre,eventual,centro C,38.0,-44.96232377456723,68.6,1.0,sí
medicina,consultas,46.4,2175.193,2.0,2.9,5.3,no,47.0,mujer,interino,centro C,5.0,14.441109863281085,8.8,0.0,sí
auxiliar,  consultas ,51.7,2328.767,2.0,3.3,5.3,no,43.0,mujer,interino,centro D,25.0,8.211055133661253,37.5,0.0,sí
enfermería,consultas,43.2,1976.784,0.0,3.3,27.8,no,45.0,mujer,interino,centro B,14.0,1.3178681830140153,10.4,0.0,sí
celador,quirófano,39.1,1800.608,5.0,4.8,9.1,no,32.0,hombre,eventual,centro A,17.0,-6.677389511215417,35.8,1.0,sí
auxiliar,quirófano,31.8,1458.824,0.0,2.4,4.0,no,50.0,hombre,interino,centro D,27.0,-33.44105728705385,6.9,1.0,no
administración,uci,27.6,1280.127,7.0,1.5,4.2,sí,52.0,hombre,fijo,centro C,2.0,-10.155350757464362,10.3,0.0,sí
medicina,planta,54.1,2566.411,2.0,3.2,8.2,sí,49.0,hombre,fijo,centro E,22.0,38.472863543854885,34.4,1.0,no
medicina,UCI,28.3,1308.856,2.0,2.0,13.1,sí,42.0,mujer,N/D,centro B,21.0,-16.742762496960847,-99.0,2.0,sí
enfermería,consultas,41.0,1846.887,0.0,3.8,5.9,sí,31.0,hombre,N/D,centro C,36.0,-3.329258713901897,0.9,1.0,no
enfermería,planta,37.6,1656.913,0.0,4.2,14.5,no,38.0,mujer,fijo,centro E,37.0,-27.879088389651663,-99.0,2.0,no
auxiliar,planta,52.2,2365.682,5.0,1.5,5.3,sí,44.0,mujer,fijo,centro B,46.0,57.66831197934067,44.7,0.0,sí
enfermería,QUIRÓFANO,44.5,2044.942,2.0,2.8,2.6,sí,35.0,mujer,eventual,centro E,4.0,10.491344897687359,70.3,1.0,no
auxiliar,planta,41.2,1937.685,4.0,3.0,3.9,no,26.0,mujer,interino,centro D,22.0,-7.1658286859392595,-99.0,1.0,sí
enfermería,oncología,34.1,1548.409,0.0,3.8,3.1,no,36.0,mujer,interino,centro B,39.0,-15.154862071586468,7.9,0.0,no
administración,  urgencias ,33.2,1514.781,1.0,4.5,9.8,sí,44.0,mujer,eventual,centro E,21.0,-21.584871724391878,5.9,0.0,sí
celador,planta,45.5,2121.029,2.0,3.3,26.6,no,33.0,hombre,eventual,centro D,46.0,9.602998758446358,8.6,0.0,sí
enfermería,consultas,30.9,1416.42,0.0,2.9,6.5,no,61.0,mujer,eventual,centro B,15.0,-23.39097774146263,29.8,0.0,no
celador,planta,34.9,1623.302,3.0,1.4,13.7,no,29.0,mujer,fijo,centro A,68.0,-14.189165125629168,-99.0,2.0,no
enfermería,PLANTA,33.6,1551.533,3.0,2.1,9.0,sí,49.0,hombre,interino,centro A,15.0,1.1863264907301332,9.2,1.0,sí
enfermería,quirófano,32.4,1477.205,4.0,4.7,13.5,sí,34.0,mujer,eventual,centro B,9.0,-31.692238093144304,12.8,0.0,sí
enfermería,planta,34.1,1600.438,2.0,2.9,29.3,sí,23.0,mujer,fijo,centro D,14.0,-21.16724439220036,18.9,2.0,sí
administración,consultas,29.7,1305.228,2.0,2.1,6.8,no,47.0,mujer,fijo,centro E,74.0,-31.342647484469364,3.3,2.0,sí
administración,planta,45.8,2119.952,3.0,4.0,20.3,sí,43.0,mujer,interino,centro A,59.0,14.456870474487685,12.1,0.0,sí
enfermería,urgencias,51.8,2375.6,2.0,3.0,14.0,no,43.0,mujer,fijo,centro C,9.0,12.562410569098164,11.8,0.0,no
medicina,urgencias,33.7,1549.976,3.0,3.7,9.5,no,47.0,mujer,fijo,centro D,15.0,-16.86871729280439,13.7,1.0,sí
enfermería,PLANTA,32.7,1458.273,3.0,1.9,18.0,sí,39.0,mujer,N/D,centro C,42.0,-23.36046597730838,0.2,1.0,no
medicina,quirofano,46.5,2153.314,5.0,3.5,6.5,sí,61.0,mujer,fijo,centro B,67.0,10.03700730115392,6.7,1.0,no
auxiliar,  oncología ,34.6,1568.366,2.0,1.5,5.8,no,41.0,hombre,eventual,centro C,10.0,-25.123975103912375,4.1,0.0,no
enfermería,quirófano,30.2,1389.257,3.0,3.4,10.0,no,52.0,mujer,fijo,centro D,6.0,-18.982300012507444,10.3,1.0,no
auxiliar,urgencias,46.1,2087.643,5.0,3.5,0.4,no,41.0,mujer,fijo,centro D,43.0,23.076978523306135,82.1,0.0,no
auxiliar,planta,37.4,1737.626,2.0,4.9,17.8,sí,35.0,mujer,fijo,centro A,70.0,-15.904682804616693,4.6,2.0,sí
celador,consultas,43.6,1985.142,5.0,3.8,5.8,sí,22.0,hombre,fijo,centro E,2.0,-4.360221417526658,15.1,1.0,sí
enfermería,planta,45.4,2131.368,4.0,1.9,9.6,no,44.0,mujer,interino,centro B,14.0,11.773046808027221,-99.0,2.0,no
enfermería,urgencias,43.3,2024.098,1.0,2.4,13.1,no,41.0,hombre,fijo,centro D,57.0,10.339127703827298,5.0,2.0,no
medicina,uci,32.7,1516.743,1.0,3.8,4.1,no,45.0,mujer,interino,centro E,38.0,-36.728542874577776,5.8,1.0,sí
enfermería,urgencias,31.6,1446.844,1.0,4.1,10.9,no,37.0,mujer,eventual,centro C,10.0,-5.009492242083773,-99.0,0.0,sí
auxiliar,urgencias,36.0,1713.689,0.0,4.1,5.5,sí,47.0,hombre,N/D,centro B,18.0,1.8488719849475803,15.5,0.0,sí
celador,quirófano,35.6,1601.161,5.0,3.8,6.5,no,42.0,mujer,fijo,centro D,10.0,-11.190007370497579,15.2,0.0,no
administración,  planta ,34.9,1593.739,0.0,2.8,13.9,sí,39.0,mujer,fijo,centro D,14.0,-5.478121235861906,19.1,2.0,no
enfermería,consultas,51.4,2299.839,2.0,3.4,4.7,sí,22.0,hombre,fijo,centro C,39.0,36.2454209449575,-99.0,0.0,no
medicina,consultas,31.3,1415.779,6.0,2.7,4.4,no,43.0,mujer,interino,centro C,36.0,-8.155279169899437,6.4,4.0,no
enfermería,planta,37.9,1734.786,0.0,2.7,7.3,no,45.0,mujer,eventual,centro C,16.0,-8.063993512390782,6.9,0.0,no
enfermería,uci,44.2,2083.993,0.0,4.0,9.2,sí,42.0,hombre,eventual,centro B,23.0,-16.28404202813996,6.8,3.0,no
enfermería,planta,45.7,2165.755,1.0,4.4,12.4,sí,22.0,hombre,interino,centro A,3.0,-0.9356787402482083,3.8,0.0,sí
celador,planta,38.0,1727.717,1.0,4.1,14.7,no,38.0,mujer,eventual,centro C,25.0,-34.53392769233476,-99.0,0.0,no
administración,oncología,30.9,1485.539,4.0,4.2,10.9,sí,39.0,mujer,fijo,centro A,83.0,-32.59664247562091,87.9,1.0,no
enfermería,planta,46.5,2076.125,3.0,3.0,2.8,no,48.0,mujer,fijo,centro D,42.0,13.634872785163711,3.0,2.0,no
medicina,planta,45.4,2075.872,4.0,2.7,25.1,no,49.0,hombre,fijo,centro E,7.0,10.120868293694343,4.6,0.0,sí
auxiliar,URGENCIAS,43.5,1963.281,3.0,3.2,2.3,sí,44.0,mujer,fijo,centro D,32.0,9.15611282033185,22.8,2.0,sí
auxiliar,planta,37.6,1802.124,3.0,3.0,3.8,no,43.0,mujer,eventual,centro B,10.0,-18.730372983174895,13.3,0.0,sí
enfermería,oncología,46.4,2188.755,0.0,3.7,9.0,no,47.0,mujer,interino,centro E,20.0,0.2853048895485304,8.5,0.0,no
celador,oncología,43.8,2089.39,0.0,2.1,19.1,no,41.0,mujer,interino,centro A,12.0,3.298699651303801,4.0,0.0,no
medicina,URGENCIAS,33.0,1470.007,5.0,1.9,4.7,sí,57.0,hombre,fijo,centro E,31.0,3.3423433724300793,4.8,3.0,no
administración,quirófano,36.2,1722.158,1.0,3.4,8.0,sí,43.0,mujer,fijo,centro E,68.0,-1.4519492017914786,4.9,0.0,sí
administración,quirófano,24.2,1161.557,5.0,5.0,2.8,no,54.0,hombre,fijo,centro A,91.0,-38.941307023706884,1.6,0.0,no
auxiliar,consultas,39.4,1766.653,2.0,3.2,17.9,sí,22.0,mujer,fijo,centro D,33.0,15.066245279985269,6.7,0.0,no
auxiliar,consultas,36.7,1672.139,2.0,3.6,29.9,no,47.0,hombre,fijo,centro A,15.0,-24.928429863119902,28.0,0.0,no
medicina,consultas,41.1,1798.839,2.0,3.1,9.5,sí,43.0,mujer,fijo,centro B,16.0,-1.7268482130473095,9.4,0.0,sí
celador,planta,42.7,1997.822,3.0,4.0,14.3,sí,27.0,hombre,fijo,centro D,34.0,-5.004940398240477,36.7,1.0,sí
medicina,urgencias,41.7,1926.223,1.0,4.4,6.7,no,34.0,mujer,fijo,centro B,20.0,-9.551058641639552,42.8,2.0,sí
enfermería,urgencias,42.1,1976.242,1.0,1.9,8.3,no,50.0,mujer,interino,centro C,20.0,3.6932386350059514,29.3,0.0,no
auxiliar,urgencias,38.7,1837.885,0.0,4.1,18.1,sí,35.0,mujer,fijo,centro C,8.0,-10.64706647351153,-99.0,0.0,no
enfermería,consultas,33.3,1545.069,2.0,1.6,21.4,no,38.0,hombre,eventual,centro A,37.0,-15.313400879104577,20.0,4.0,sí
medicina,  consultas ,38.9,1823.75,4.0,4.1,17.8,no,43.0,mujer,fijo,centro E,96.0,-9.926033216611593,20.8,0.0,sí
enfermería,quirófano,31.5,1436.19,2.0,3.0,6.0,no,31.0,hombre,interino,centro A,38.0,0.3912897548323677,5.5,2.0,sí
auxiliar,urgencias,37.7,1670.256,0.0,4.1,2.4,no,53.0,hombre,fijo,centro A,35.0,-10.773374978717687,14.7,3.0,sí
medicina,quirófano,45.3,2057.403,4.0,1.9,8.7,sí,22.0,mujer,N/D,centro B,18.0,33.968621346504136,46.1,4.0,no
auxiliar,planta,31.3,1413.466,3.0,3.3,4.0,no,51.0,mujer,interino,centro B,46.0,-28.007629488515523,8.3,2.0,sí
medicina,oncología,26.4,1149.328,2.0,3.0,16.8,no,46.0,mujer,fijo,centro A,3.0,-24.18804824245186,157.0,1.0,no
administración,urgencias,46.4,2143.512,3.0,2.1,5.0,no,49.0,mujer,fijo,centro C,26.0,18.446120436354544,19.1,1.0,no
enfermería,consultas,31.9,1440.138,0.0,2.5,11.7,sí,30.0,mujer,fijo,centro B,54.0,-24.501412351691233,9.7,0.0,no
auxiliar,consultas,40.5,1877.639,0.0,2.3,3.2,no,41.0,mujer,interino,centro D,24.0,-26.49344014232514,6.3,0.0,no
enfermería,planta,41.1,1932.155,2.0,1.7,9.1,no,32.0,mujer,eventual,centro C,19.0,-10.146078925655559,11.2,2.0,sí
auxiliar,oncología,32.7,1477.934,0.0,3.8,18.4,no,59.0,hombre,interino,centro E,9.0,-8.482667731320127,9.6,0.0,no
administración,consultas,42.3,1905.178,2.0,4.9,6.8,sí,66.0,mujer,interino,centro D,44.0,-4.9329578075223885,17.1,1.0,no
celador,PLANTA,33.7,1529.666,1.0,1.0,7.3,no,40.0,mujer,fijo,centro A,22.0,-10.241654314439018,10.3,1.0,sí
enfermería,  planta ,37.9,1781.218,3.0,3.0,8.6,no,36.0,mujer,fijo,centro B,8.0,1.4665052596810213,10.7,2.0,no
medicina,planta,40.2,1802.138,2.0,2.9,6.9,no,59.0,mujer,fijo,centro B,35.0,-16.21901837109651,11.9,0.0,no
medicina,  oncología ,35.9,1686.217,0.0,2.4,21.0,sí,42.0,mujer,eventual,centro E,4.0,-5.617776553470375,17.0,0.0,no
administración,planta,43.8,2091.393,4.0,4.3,8.5,sí,65.0,mujer,fijo,centro B,26.0,4.681882307267369,17.8,2.0,no
medicina,urgencias,38.1,1735.306,4.0,2.8,5.2,sí,27.0,mujer,fijo,centro B,7.0,3.3809685967994265,2.0,2.0,no
enfermería,  urgencias ,40.3,1823.621,2.0,4.9,5.0,no,50.0,mujer,fijo,centro C,37.0,-5.602890397877923,10.6,2.0,no
medicina,quirófano,31.2,1425.578,2.0,4.0,0.5,no,32.0,mujer,fijo,centro D,30.0,-18.52703068690393,55.4,2.0,no
administración,urgencias,29.9,1344.331,0.0,3.7,7.8,no,44.0,mujer,fijo,centro B,44.0,-26.336738889377827,23.0,0.0,sí
celador,consultas,44.5,1989.225,4.0,1.5,16.2,sí,43.0,hombre,fijo,centro C,12.0,23.83295287856128,112.8,2.0,no
enfermería,consultas,25.0,1157.954,0.0,4.2,9.6,no,36.0,hombre,fijo,centro C,56.0,-42.889302009830686,14.5,0.0,no
medicina,planta,44.0,2060.345,5.0,4.2,10.7,sí,42.0,mujer,fijo,centro D,31.0,16.257948930715067,11.0,0.0,no
enfermería,urgencias,34.8,1618.779,1.0,2.7,9.4,sí,39.0,hombre,interino,centro A,10.0,-14.78316316349237,-99.0,1.0,no
auxiliar,quirófano,28.1,1277.178,7.0,3.2,8.6,sí,53.0,hombre,interino,centro C,37.0,-10.597260119710544,33.3,0.0,no
enfermería,quirófano,25.9,1173.854,2.0,3.7,14.2,sí,29.0,hombre,interino,centro A,32.0,-32.52561152377672,-99.0,2.0,sí
administración,  consultas ,40.6,1898.905,4.0,2.0,5.3,no,35.0,hombre,eventual,centro A,3.0,-24.856638258051404,3.5,0.0,no
enfermería,planta,40.0,1852.083,0.0,2.5,9.5,no,42.0,mujer,eventual,centro E,7.0,-10.45116960170773,31.7,0.0,no
enfermería,planta,40.6,1821.981,0.0,3.4,14.2,sí,24.0,mujer,fijo,centro B,12.0,-13.518767381770326,10.8,3.0,no
celador,  planta ,38.2,1798.38,0.0,2.7,10.8,sí,42.0,hombre,interino,centro B,15.0,-14.099645395607887,25.8,0.0,no
auxiliar,oncología,34.1,1581.119,6.0,3.6,17.2,no,41.0,mujer,fijo,centro A,54.0,-12.687026478238725,6.0,1.0,sí
enfermería,consultas,36.4,1673.066,0.0,2.8,6.4,no,34.0,mujer,eventual,centro B,18.0,-4.255610214014148,40.2,0.0,no
medicina,planta,40.5,1885.112,2.0,2.1,9.5,no,42.0,mujer,eventual,centro E,52.0,9.312244621372528,5.3,0.0,no
celador,consultas,47.9,2207.994,4.0,1.6,1.2,no,37.0,mujer,fijo,centro C,16.0,31.116026297483355,100.6,1.0,no
medicina,planta,23.6,1068.535,1.0,2.7,4.4,no,36.0,mujer,eventual,centro E,12.0,-0.5669360815676576,19.3,3.0,no
medicina,consultas,22.5,1016.23,0.0,2.5,12.5,no,24.0,mujer,fijo,centro C,33.0,-3.4237036890002557,37.3,2.0,no
auxiliar,urgencias,32.6,1509.307,0.0,3.2,6.2,sí,32.0,mujer,fijo,centro D,18.0,-12.812637495574075,10.6,3.0,sí
auxiliar,urgencias,36.1,1627.797,5.0,1.2,6.8,no,37.0,mujer,fijo,centro A,36.0,-23.532028821836384,66.5,2.0,no
enfermería,oncologia,43.5,1995.383,4.0,3.4,41.2,no,36.0,mujer,interino,centro E,28.0,10.608801247331494,10.7,3.0,no
celador,  urgencias ,32.3,1450.059,0.0,3.9,19.6,no,52.0,mujer,interino,centro A,6.0,-19.910716365087104,26.3,1.0,sí
administración,QUIRÓFANO,36.3,1680.048,4.0,4.6,11.4,sí,45.0,mujer,fijo,centro A,43.0,-4.873306722488785,25.8,1.0,sí
administración,  quirófano ,45.5,2080.219,5.0,3.3,12.0,sí,41.0,mujer,interino,centro B,57.0,5.947181241961431,21.1,3.0,sí
auxiliar,consultas,38.1,1746.739,5.0,1.0,15.7,no,44.0,mujer,fijo,centro C,16.0,-5.183640488607564,5.0,2.0,no
enfermería,urgencias,35.1,1612.104,3.0,2.4,32.5,sí,46.0,mujer,eventual,centro D,27.0,-18.566774454919326,3.0,2.0,sí
enfermería,uci,40.7,1945.418,1.0,5.0,7.0,no,39.0,mujer,fijo,centro B,22.0,-15.07246930295927,21.8,2.0,sí
medicina,oncología,31.9,1493.647,2.0,3.7,9.8,no,53.0,mujer,fijo,centro E,22.0,-22.06828622111137,24.0,2.0,sí
enfermería,planta,39.0,1773.971,0.0,3.3,4.0,sí,52.0,mujer,fijo,centro D,64.0,-16.312980868368662,16.3,0.0,no
enfermería,  planta ,30.2,1363.852,0.0,5.0,25.8,no,41.0,mujer,fijo,centro A,24.0,-28.350441242318897,11.9,1.0,no
enfermería,  urgencias ,34.1,1500.173,4.0,4.3,13.4,no,57.0,mujer,interino,centro E,37.0,-14.698596240119322,49.0,0.0,sí
administración,QUIRÓFANO,35.0,1643.738,1.0,3.0,13.0,no,24.0,hombre,fijo,centro C,15.0,-15.230939758168377,9.7,2.0,no
medicina,consultas,33.1,1537.995,4.0,3.4,8.6,sí,43.0,mujer,interino,centro E,78.0,-16.634757003096503,12.8,2.0,no
enfermería,consultas,37.0,1735.624,3.0,2.8,2.3,sí,39.0,mujer,eventual,centro E,43.0,-8.667349731363984,7.5,0.0,no
enfermería,oncología,39.7,1771.874,5.0,2.2,23.4,no,25.0,mujer,interino,centro C,21.0,15.497403764787085,10.9,0.0,sí
enfermería,urgencias,41.9,1898.108,1.0,3.4,7.6,no,42.0,mujer,eventual,centro D,75.0,-18.46119911270828,3.0,0.0,no
auxiliar,PLANTA,33.7,1530.552,6.0,2.9,5.6,sí,32.0,mujer,eventual,centro E,27.0,-21.896803530638806,20.8,2.0,sí
enfermería,planta,39.4,1842.306,0.0,4.6,8.7,no,30.0,mujer,fijo,centro A,60.0,-26.093638088591355,11.8,2.0,sí
medicina,uci,47.7,2210.62,0.0,3.1,23.9,no,33.0,mujer,interino,centro C,22.0,5.460798935944413,31.0,2.0,sí
medicina,CONSULTAS,32.4,1472.285,4.0,2.6,8.8,no,22.0,mujer,interino,centro A,7.0,-18.71462687656633,7.5,0.0,no
enfermería,planta,36.7,1649.26,1.0,3.3,20.5,no,48.0,hombre,interino,centro C,21.0,-17.683589364490192,3.0,1.0,no
auxiliar,ONCOLOGÍA,41.3,1895.235,6.0,3.4,14.2,no,43.0,hombre,fijo,centro B,13.0,-1.3742167800917757,8.4,3.0,sí
enfermería,quirófano,34.0,1539.641,0.0,3.6,4.5,sí,35.0,hombre,fijo,centro B,4.0,-10.497556529844164,26.2,0.0,no
administración,planta,39.3,1831.021,2.0,3.4,11.7,no,26.0,mujer,fijo,centro B,11.0,0.5245884331281498,10.1,0.0,no
auxiliar,quirófano,46.4,2102.031,2.0,4.2,4.5,no,45.0,mujer,fijo,centro B,67.0,16.122037696378868,28.1,1.0,sí
medicina,consultas,33.8,1502.047,0.0,4.1,4.5,sí,55.0,mujer,fijo,centro E,10.0,-22.494513405499873,19.5,3.0,sí
enfermería,oncología,44.3,2086.228,2.0,2.3,16.0,sí,46.0,mujer,interino,centro C,34.0,20.97749023279153,39.0,2.0,sí
auxiliar,consultas,30.6,1407.102,0.0,4.6,10.5,no,46.0,mujer,interino,centro C,55.0,-22.016320681666677,15.0,2.0,sí
enfermería,urgencias,28.9,1362.43,1.0,2.9,2.6,sí,43.0,mujer,interino,centro D,0.0,-26.514848365545028,24.6,1.0,no
enfermería,quirófano,39.3,1824.248,5.0,4.8,24.1,no,65.0,hombre,interino,centro B,20.0,-8.446969909779028,15.7,0.0,sí
enfermería,planta,40.0,1815.233,1.0,1.0,12.7,no,50.0,mujer,fijo,centro B,7.0,-13.431513919683981,22.0,0.0,sí
auxiliar,quirófano,37.7,1681.649,3.0,3.7,4.8,sí,60.0,mujer,fijo,centro A,26.0,11.443720751367337,20.0,0.0,no
enfermería,urgencias,33.3,1508.958,4.0,4.0,7.1,sí,50.0,hombre,interino,centro D,16.0,-6.779282243212048,7.4,0.0,no
administración,UCI,44.8,2027.791,6.0,4.2,0.8,sí,45.0,mujer,fijo,centro E,34.0,23.522991552179068,45.4,0.0,sí
enfermería,planta,47.3,2117.547,2.0,3.3,20.3,no,39.0,hombre,eventual,centro D,42.0,12.23064893100249,12.3,0.0,no
medicina,CONSULTAS,47.5,2172.752,3.0,3.5,33.0,no,23.0,mujer,fijo,centro D,15.0,5.7919511901625,12.3,0.0,sí
enfermería,oncología,46.7,2146.392,0.0,2.8,7.2,no,31.0,mujer,fijo,centro B,13.0,7.581472132098053,21.7,0.0,no
celador,uci,37.8,1715.423,0.0,3.6,28.9,no,40.0,mujer,fijo,centro E,25.0,-22.69763723635377,20.6,0.0,no
enfermería,  oncología ,47.9,2190.586,3.0,3.2,11.6,no,40.0,mujer,interino,centro C,41.0,19.373265467612363,9.7,2.0,no
enfermería,  consultas ,51.2,2382.747,0.0,2.5,5.2,no,42.0,mujer,eventual,centro D,69.0,15.027786195527721,14.8,3.0,sí
enfermería,  consultas ,40.9,1882.192,5.0,4.6,21.5,no,44.0,mujer,interino,centro B,9.0,20.667525918902477,11.7,1.0,no
administración,planta,42.6,2009.947,5.0,3.3,2.9,no,50.0,hombre,eventual,centro E,15.0,-3.366469353763928,6.3,1.0,no
auxiliar,PLANTA,31.1,1397.132,4.0,3.4,7.6,no,30.0,mujer,N/D,centro D,35.0,-15.174793213362621,2.9,1.0,sí
administración,planta,48.3,2179.867,1.0,4.5,2.1,no,24.0,mujer,interino,centro B,15.0,13.700659525823717,9.2,1.0,no
enfermería,urgencias,43.4,2024.47,4.0,2.8,21.3,no,37.0,mujer,fijo,centro B,19.0,13.140908322485455,-99.0,0.0,sí
celador,oncologia,26.3,1189.254,0.0,3.2,3.9,sí,38.0,mujer,fijo,centro D,14.0,-2.3509963905507085,43.3,0.0,no
enfermería,consultas,42.5,1906.119,0.0,4.1,13.0,no,24.0,mujer,fijo,centro C,9.0,-13.700718168447635,4.4,0.0,no
auxiliar,planta,30.9,1386.985,3.0,2.5,14.7,sí,27.0,mujer,fijo,centro A,1.0,-31.059470617981454,7.9,2.0,sí
auxiliar,urgencias,44.2,1991.173,7.0,3.5,7.6,no,38.0,hombre,fijo,centro D,24.0,6.103611128830959,7.8,1.0,no
celador,UCI,43.0,1968.671,2.0,3.2,9.9,sí,45.0,hombre,fijo,centro D,30.0,-4.048222319495421,7.3,0.0,no
auxiliar,  planta ,31.0,1416.048,0.0,4.7,18.0,sí,50.0,hombre,fijo,centro D,42.0,-34.74493678873674,7.9,0.0,no
administración,oncología,42.7,1986.164,0.0,2.4,20.4,no,57.0,mujer,eventual,centro E,28.0,-15.44507158527587,11.6,0.0,sí
medicina,quirófano,52.5,2370.703,0.0,4.0,5.7,no,48.0,mujer,fijo,centro B,12.0,16.801432432957192,9.9,0.0,no
administración,urgencias,39.9,1766.575,3.0,1.0,14.3,sí,38.0,mujer,eventual,centro A,36.0,6.6147554905510235,21.7,2.0,sí
medicina,consultas,40.1,1897.938,4.0,3.6,6.4,no,39.0,mujer,fijo,centro B,52.0,-0.06557762277174017,46.1,1.0,sí
enfermería,PLANTA,29.9,1390.204,1.0,2.6,21.5,sí,37.0,mujer,interino,centro D,80.0,-28.106928244353405,5.7,2.0,sí
enfermería,PLANTA,24.4,1055.869,0.0,1.7,3.7,no,40.0,mujer,fijo,centro E,33.0,-10.757909343825624,8.2,2.0,no
enfermería,PLANTA,42.6,1974.769,3.0,2.7,17.7,no,43.0,mujer,fijo,centro E,37.0,7.708199451358769,-99.0,1.0,no
enfermería,consultas,46.4,2127.591,5.0,3.9,9.4,sí,31.0,mujer,fijo,centro B,46.0,9.153806941587613,50.2,0.0,no
medicina,consultas,35.6,1584.239,0.0,4.3,27.8,no,44.0,mujer,interino,centro D,10.0,-21.55929839625983,24.7,3.0,no
enfermería,consultas,43.0,2035.427,0.0,3.3,7.9,sí,41.0,hombre,eventual,centro C,84.0,-23.459850558968995,14.4,0.0,sí
medicina,urgencias,41.0,1854.354,1.0,2.4,7.2,sí,48.0,mujer,eventual,centro C,8.0,4.511947146741075,26.4,1.0,sí
enfermería,urgencias,45.8,2132.634,4.0,2.9,7.9,no,49.0,mujer,fijo,centro D,7.0,22.674059105190068,6.9,1.0,sí
enfermería,planta,34.7,1555.009,1.0,3.6,8.6,no,30.0,mujer,fijo,centro E,40.0,-15.58090840879113,6.4,0.0,no
enfermería,urgencias,38.7,1760.205,1.0,2.6,11.1,no,44.0,mujer,fijo,centro C,11.0,-8.355852630550851,-99.0,1.0,sí
enfermería,ONCOLOGÍA,37.2,1692.011,2.0,2.1,7.7,sí,47.0,mujer,fijo,centro E,17.0,-15.230135277203976,2.5,1.0,sí
enfermería,oncología,38.4,1697.451,0.0,3.6,11.5,no,45.0,mujer,fijo,centro A,54.0,-21.21205660444429,96.4,2.0,sí
enfermería,consultas,45.0,2089.212,5.0,2.6,7.1,no,25.0,mujer,fijo,centro C,12.0,11.417050465342191,5.6,2.0,sí
enfermería,urgencias,32.0,1455.605,1.0,3.1,14.0,no,51.0,hombre,interino,centro D,56.0,-27.585915877170443,5.2,1.0,no
medicina,consultas,35.2,1599.253,1.0,4.8,7.0,no,32.0,hombre,N/D,centro E,33.0,-28.343622338079314,2.2,2.0,sí
medicina,consultas,30.9,1385.624,1.0,5.0,0.7,no,33.0,hombre,interino,centro B,14.0,-11.87651821905466,2.4,1.0,no
enfermería,planta,33.6,1545.843,4.0,3.2,6.8,no,34.0,mujer,fijo,centro E,65.0,-18.505546963375345,19.0,2.0,no
enfermería,consultas,40.9,1903.823,1.0,4.4,9.9,sí,51.0,mujer,interino,centro D,48.0,-1.977594720256869,10.3,2.0,no
enfermería,urgencias,33.1,1470.989,3.0,3.9,30.1,no,30.0,hombre,interino,centro B,7.0,-32.55587654230943,12.8,0.0,no
administración,consultas,38.9,1782.958,4.0,3.5,0.1,sí,37.0,mujer,interino,centro B,25.0,-8.705851398137229,-99.0,0.0,no
enfermería,uci,40.1,1882.742,0.0,3.9,7.0,no,41.0,mujer,interino,centro B,58.0,5.753999337167475,39.6,1.0,no
auxiliar,urgencias,28.7,1323.9,1.0,3.6,5.0,no,42.0,mujer,interino,centro B,6.0,-30.036073564853474,33.9,2.0,sí
celador,planta,46.0,2117.409,3.0,4.6,10.3,no,40.0,mujer,interino,centro C,7.0,2.4498123271506254,23.7,0.0,sí
enfermería,planta,39.9,1846.074,2.0,4.0,19.8,no,49.0,mujer,fijo,centro D,51.0,8.248664500153584,49.5,0.0,no
enfermería,urgencias,28.3,1292.689,0.0,2.2,15.3,no,45.0,mujer,interino,centro D,44.0,-25.21773614497286,5.6,0.0,sí
auxiliar,  quirófano ,37.9,1821.67,3.0,2.4,1.9,no,39.0,mujer,interino,centro A,18.0,-9.608781861232778,70.3,1.0,no
enfermería,consultas,46.3,2143.612,1.0,5.0,4.8,no,34.0,mujer,interino,centro A,18.0,-5.401555258168714,63.8,2.0,no
administración,urgencias,39.9,1796.482,1.0,3.5,11.5,sí,65.0,mujer,interino,centro C,37.0,13.33060646904859,48.5,1.0,sí
auxiliar,PLANTA,43.4,1948.53,4.0,4.1,1.1,sí,47.0,hombre,interino,centro A,15.0,4.331400813321188,9.2,1.0,sí
administración,oncologia,39.2,1818.328,0.0,3.4,7.5,sí,35.0,mujer,fijo,centro E,43.0,-7.649744064602107,19.6,1.0,sí
administración,quirófano,41.8,1942.283,0.0,4.7,1.2,no,37.0,mujer,interino,centro C,50.0,-25.80373640059714,112.8,0.0,sí
celador,urgencias,38.6,1808.17,4.0,2.0,13.6,sí,64.0,mujer,fijo,centro B,23.0,16.03597635076263,15.9,0.0,sí
celador,planta,22.2,1049.68,4.0,4.9,2.8,no,49.0,hombre,N/D,centro D,23.0,-24.542020830616835,11.1,2.0,sí
enfermería,planta,35.4,1610.749,3.0,2.1,37.5,no,46.0,mujer,fijo,centro D,3.0,-9.062964217124929,49.5,0.0,no
enfermería,uci,26.0,1190.208,0.0,4.0,5.6,no,42.0,mujer,fijo,centro A,24.0,-33.0507842296528,6.6,1.0,no
enfermería,oncología,40.6,1939.928,1.0,3.3,11.6,sí,38.0,mujer,interino,centro D,11.0,-0.6110010834928774,3.2,3.0,no
administración,planta,40.1,1832.18,1.0,2.3,6.8,sí,37.0,hombre,fijo,centro A,1.0,-8.970171317974296,4.0,2.0,sí
celador,urgencias,29.5,1367.081,0.0,3.7,11.7,no,47.0,mujer,fijo,centro B,9.0,-13.497366668834069,20.4,1.0,sí
auxiliar,planta,42.3,1980.887,4.0,4.5,15.0,no,39.0,hombre,interino,centro E,38.0,-3.910511637846778,5.3,1.0,sí
enfermería,uci,47.0,2117.559,0.0,1.7,16.2,sí,60.0,mujer,fijo,centro D,23.0,6.224879925071839,17.0,1.0,no
medicina,consultas,47.0,2114.039,4.0,3.9,8.0,no,47.0,mujer,fijo,centro D,35.0,5.958530337495835,4.8,1.0,no
enfermería,oncología,45.1,2050.79,4.0,3.3,11.6,no,24.0,hombre,interino,centro D,74.0,21.383692106377886,2.1,1.0,sí
auxiliar,uci,41.9,1914.81,1.0,2.3,6.7,no,55.0,hombre,N/D,centro C,24.0,-3.6501839812183015,88.2,3.0,no
enfermería,consultas,34.1,1567.024,3.0,3.8,9.7,no,47.0,hombre,interino,centro B,32.0,-39.44857414035063,12.7,1.0,sí
medicina,planta,33.2,1523.412,0.0,4.1,20.0,no,47.0,mujer,fijo,centro D,19.0,-17.349253189507717,22.1,3.0,no
administración,consultas,36.9,1708.825,3.0,3.5,21.5,no,42.0,mujer,fijo,centro A,31.0,-11.79950936264753,3.4,1.0,no
enfermería,uci,32.3,1477.24,1.0,1.7,3.5,sí,52.0,mujer,interino,centro C,8.0,-11.672297982039707,14.1,0.0,sí
enfermería,consultas,30.7,1390.974,1.0,3.9,2.2,sí,33.0,mujer,N/D,centro B,20.0,1.4794045046896294,47.2,0.0,sí
administración,consultas,34.0,1588.418,2.0,3.0,8.9,no,46.0,mujer,fijo,centro E,16.0,-40.51768916244461,6.6,1.0,no
administración,uci,39.9,1888.514,0.0,1.1,15.5,no,62.0,mujer,interino,centro C,93.0,-21.48052161276233,20.0,1.0,sí
auxiliar,urgencias,32.0,1534.494,3.0,2.3,37.1,no,27.0,hombre,eventual,centro B,15.0,-11.000720674409052,53.2,2.0,sí
enfermería,uci,33.4,1525.571,6.0,1.2,11.1,no,57.0,mujer,interino,centro E,29.0,5.256758256255111,11.5,1.0,no
medicina,uci,35.4,1666.331,4.0,3.9,6.8,no,36.0,hombre,fijo,centro E,33.0,-11.361121952623463,28.9,0.0,no
administración,urgencias,43.9,1961.221,2.0,3.1,14.6,sí,22.0,mujer,fijo,centro D,28.0,-14.754662096529673,41.8,2.0,sí
celador,planta,34.3,1526.108,3.0,2.7,4.3,no,41.0,mujer,eventual,centro E,35.0,-20.411483871878424,8.6,1.0,no
auxiliar,planta,55.8,2544.466,0.0,4.9,5.6,no,35.0,hombre,fijo,centro D,37.0,33.457843372473356,6.4,2.0,no
enfermería,consultas,36.0,1606.579,4.0,4.2,8.2,no,44.0,mujer,fijo,centro B,10.0,-11.555231259110597,9.7,1.0,no
enfermería,urgencias,31.8,1480.41,5.0,2.8,4.1,sí,38.0,mujer,fijo,centro A,46.0,-22.967304441086213,30.5,1.0,no
enfermería,oncología,35.0,1573.179,5.0,3.7,4.9,sí,34.0,mujer,fijo,centro A,56.0,-16.053278642162375,16.0,0.0,sí
enfermería,uci,35.1,1576.222,1.0,5.0,5.3,sí,28.0,mujer,eventual,centro A,29.0,-2.3185062650488817,18.5,0.0,sí
enfermería,planta,38.5,1761.616,1.0,3.3,8.7,no,32.0,mujer,fijo,centro D,5.0,-12.450654541229367,4.6,0.0,sí
enfermería,  consultas ,33.7,1517.581,4.0,4.5,5.6,sí,37.0,mujer,interino,centro B,8.0,-10.707355148783272,27.7,1.0,sí
enfermería,planta,40.3,1864.693,3.0,4.6,8.8,sí,48.0,mujer,fijo,centro E,73.0,-0.15831253163824588,38.6,1.0,no
celador,consultas,50.6,2283.549,3.0,3.4,10.9,no,60.0,mujer,interino,centro D,13.0,14.229849332694787,37.1,0.0,sí
medicina,PLANTA,27.8,1265.555,0.0,3.9,9.2,no,51.0,mujer,fijo,centro D,54.0,-16.12218326444703,11.9,1.0,sí
auxiliar,quirófano,42.2,1854.177,7.0,2.4,15.7,no,52.0,mujer,eventual,centro B,34.0,15.219316988546941,10.0,0.0,sí
auxiliar,uci,24.0,1138.986,3.0,2.7,13.4,sí,50.0,mujer,fijo,centro D,5.0,-13.807395823310713,17.2,0.0,sí
enfermería,urgencias,34.3,1566.121,0.0,4.6,30.4,no,42.0,mujer,fijo,centro E,32.0,-15.91362204145065,9.6,2.0,sí
administración,UCI,36.9,1742.688,2.0,5.0,8.1,no,27.0,hombre,interino,centro C,85.0,-9.713801762176228,14.5,0.0,sí
enfermería,quirófano,38.8,1748.469,2.0,1.5,6.7,sí,33.0,mujer,interino,centro A,24.0,-0.20013089796997585,56.7,1.0,no
enfermería,consultas,42.2,1984.935,0.0,4.1,5.5,no,41.0,hombre,fijo,centro D,27.0,-4.934622037814537,28.0,1.0,sí
enfermería,urgencias,35.3,1597.707,0.0,4.1,19.2,sí,39.0,hombre,fijo,centro E,37.0,-28.375982413696292,21.8,0.0,no
medicina,planta,35.1,1631.051,5.0,4.2,10.6,no,38.0,mujer,fijo,centro B,37.0,-3.2937319930256646,16.1,2.0,no
medicina,QUIRÓFANO,51.2,2375.72,0.0,2.6,10.1,no,65.0,hombre,fijo,centro E,30.0,15.98220515401237,7.3,0.0,sí
enfermería,urgencias,47.6,2202.348,3.0,2.2,8.9,sí,31.0,mujer,fijo,centro B,13.0,4.924097669665613,25.7,1.0,no
enfermería,  quirófano ,50.4,2317.233,0.0,4.5,17.6,sí,32.0,mujer,eventual,centro C,28.0,30.114579481537945,2.2,2.0,sí
administración,planta,39.4,1842.886,4.0,4.3,19.5,no,42.0,mujer,fijo,centro A,25.0,-17.876610900672105,-99.0,2.0,sí
medicina,  planta ,37.5,1703.864,4.0,3.3,10.0,sí,28.0,mujer,interino,centro C,30.0,16.94818564733857,85.5,0.0,no
enfermería,planta,29.3,1300.792,4.0,2.8,2.8,no,47.0,mujer,eventual,centro C,14.0,-17.35297810496194,27.5,0.0,no
celador,consultas,33.7,1540.544,0.0,3.1,12.1,no,47.0,mujer,N/D,centro C,11.0,-27.297528452206915,35.0,0.0,no
enfermería,urgencias,35.3,1626.764,3.0,3.6,1.0,no,47.0,mujer,fijo,centro A,72.0,-2.03984796284057,17.6,0.0,sí
enfermería,URGENCIAS,38.4,1733.224,6.0,3.2,6.1,sí,52.0,mujer,N/D,centro B,50.0,5.086397557240231,2.0,0.0,no
medicina,  quirófano ,42.6,2016.615,0.0,3.8,7.6,no,43.0,mujer,fijo,centro C,23.0,-15.703094869914551,16.0,2.0,sí
enfermería,  urgencias ,45.2,2146.01,4.0,3.1,1.5,no,22.0,hombre,eventual,centro D,18.0,-0.3597642872215765,3.5,0.0,no
auxiliar,consultas,33.5,1600.624,3.0,3.3,0.6,sí,47.0,mujer,fijo,centro C,10.0,-6.853736969760625,68.6,1.0,sí
medicina,urgencias,41.8,2006.252,5.0,3.0,18.2,sí,47.0,mujer,eventual,centro C,25.0,21.420994371421216,4.2,1.0,no
administración,planta,54.6,2523.032,2.0,2.3,7.8,no,28.0,hombre,eventual,centro D,34.0,43.87393508682067,8.0,1.0,sí
medicina,planta,41.5,1877.754,2.0,3.4,2.8,no,46.0,mujer,fijo,centro A,44.0,-2.9170786268324695,-99.0,3.0,no
enfermería,uci,41.1,1912.004,3.0,4.8,29.2,no,25.0,mujer,eventual,centro D,31.0,-16.05953344230228,3.5,0.0,sí
enfermería,oncología,50.2,2333.55,3.0,2.7,10.3,sí,62.0,hombre,fijo,centro A,12.0,29.91996270724163,5.8,1.0,sí
enfermería,oncologia,36.9,1643.464,1.0,2.3,12.2,no,24.0,mujer,N/D,centro B,61.0,-3.4357603511759667,-99.0,1.0,no
medicina,  consultas ,36.9,1700.459,4.0,4.1,4.8,sí,50.0,hombre,interino,centro A,16.0,-5.016888069304986,25.9,0.0,no
enfermería,oncología,37.7,1725.143,4.0,2.5,6.9,sí,45.0,mujer,interino,centro E,71.0,7.260806168873842,18.1,0.0,sí
enfermería,oncología,48.1,2286.502,4.0,3.9,7.6,no,45.0,hombre,eventual,centro D,69.0,19.09117631683307,55.5,0.0,no
enfermería,planta,34.6,1612.872,1.0,5.0,9.9,no,37.0,mujer,interino,centro D,22.0,-17.45552185990883,6.2,4.0,no
administración,planta,40.1,1846.599,1.0,4.6,2.7,no,50.0,hombre,fijo,centro B,39.0,-3.9016809764218277,49.8,0.0,sí
auxiliar,urgencias,40.6,1860.671,5.0,3.5,15.3,sí,48.0,hombre,fijo,centro C,7.0,-9.300084055530187,23.4,2.0,sí
enfermería,oncología,37.0,1665.174,2.0,3.3,9.8,no,40.0,mujer,interino,centro E,11.0,4.265829780400251,3.9,2.0,sí
medicina,consultas,38.5,1717.594,3.0,3.4,13.1,sí,28.0,mujer,interino,centro B,40.0,-30.539215600114332,24.1,1.0,sí
auxiliar,QUIRÓFANO,43.0,1971.068,4.0,5.0,5.1,no,47.0,mujer,fijo,centro C,12.0,0.6553270540297189,40.0,1.0,no
medicina,urgencias,46.4,2157.103,0.0,1.5,7.0,sí,22.0,mujer,fijo,centro D,49.0,14.65097749355741,22.0,1.0,sí
medicina,planta,50.9,2369.312,1.0,4.4,10.0,no,45.0,mujer,fijo,centro C,20.0,10.56576216997974,7.6,0.0,sí
auxiliar,planta,38.6,1784.676,6.0,2.9,6.6,no,66.0,hombre,fijo,centro B,10.0,-2.0819126588455035,3.0,2.0,no
administración,consultas,28.1,1298.405,4.0,3.8,20.5,no,41.0,mujer,interino,centro C,23.0,-29.86175757156104,7.9,2.0,sí
medicina,planta,37.9,1772.241,1.0,2.8,17.4,no,38.0,mujer,fijo,centro E,29.0,-11.7317643948306,11.3,0.0,no
enfermería,urgencias,43.0,2007.734,2.0,2.0,7.1,no,50.0,hombre,interino,centro E,65.0,3.2049221581099507,4.8,0.0,no
enfermería,oncología,34.0,1569.999,2.0,2.7,9.3,no,57.0,hombre,interino,centro C,18.0,-3.081407121297561,21.3,1.0,sí
enfermería,urgencias,37.0,1656.588,3.0,2.4,13.0,sí,48.0,mujer,eventual,centro D,3.0,-16.610877493838032,2.8,1.0,no
enfermería,  oncología ,44.1,2017.698,3.0,5.0,17.0,no,44.0,mujer,fijo,centro E,17.0,3.0983084895573842,16.1,2.0,sí
medicina,uci,46.7,2148.809,0.0,1.7,12.9,sí,44.0,mujer,fijo,centro D,45.0,1.9656049483488056,7.1,1.0,sí
administración,oncologia,38.4,1775.855,3.0,2.7,0.9,no,35.0,mujer,fijo,centro E,55.0,-9.783109916146314,33.4,0.0,no
medicina,urgencias,42.2,1953.425,4.0,2.4,2.8,no,55.0,hombre,fijo,centro E,30.0,-4.3715344940952985,5.8,2.0,sí
medicina,consultas,32.9,1456.518,4.0,4.7,10.9,no,35.0,hombre,eventual,centro A,32.0,-32.859361408029834,11.6,3.0,no
enfermería,PLANTA,48.4,2249.261,1.0,3.8,4.4,no,40.0,mujer,fijo,centro E,16.0,9.084257343372727,17.4,0.0,no
administración,planta,27.3,1252.768,2.0,2.6,2.9,no,35.0,hombre,eventual,centro A,18.0,-14.577048166476503,53.5,2.0,sí
enfermería,planta,32.6,1483.005,3.0,1.7,4.8,no,37.0,hombre,fijo,centro B,24.0,-16.69213777600957,9.9,0.0,no
auxiliar,uci,34.0,1587.22,0.0,3.2,11.5,no,26.0,mujer,eventual,centro A,43.0,-14.371634405916042,17.9,0.0,no
administración,planta,33.2,1492.108,3.0,5.0,4.2,no,46.0,mujer,interino,centro C,12.0,-12.94821040751697,8.4,2.0,no
administración,planta,50.3,2302.995,1.0,3.0,10.0,no,32.0,hombre,eventual,centro C,5.0,3.016921962166391,9.5,0.0,no
medicina,planta,39.8,1813.297,5.0,2.9,12.3,no,57.0,mujer,eventual,centro B,11.0,9.4036180893548,16.4,0.0,no
auxiliar,oncología,33.9,1602.366,0.0,3.8,5.6,no,57.0,mujer,N/D,centro E,21.0,-27.493324736400808,-99.0,0.0,no
medicina,urgencias,25.9,1152.636,4.0,3.1,14.5,sí,34.0,mujer,eventual,centro E,46.0,-20.458454049928186,23.8,1.0,no
enfermería,oncología,42.7,1864.004,0.0,2.5,5.2,sí,53.0,mujer,interino,centro E,16.0,0.17131566236014284,33.4,1.0,sí
administración,planta,37.3,1687.975,7.0,4.2,11.7,no,47.0,hombre,fijo,centro C,18.0,-11.727962271617933,40.9,2.0,no
enfermería,planta,48.8,2215.116,3.0,4.4,12.0,sí,39.0,mujer,eventual,centro E,55.0,1.6589050529321376,2.8,1.0,sí
medicina,CONSULTAS,47.5,2156.977,5.0,3.7,26.0,no,39.0,mujer,interino,centro B,27.0,-5.670393956192566,24.4,1.0,no
auxiliar,planta,38.0,1801.381,0.0,4.1,2.6,no,44.0,hombre,fijo,centro E,36.0,-15.568608429149899,1.6,2.0,no
administración,  planta ,36.5,1634.402,0.0,4.1,10.9,no,38.0,mujer,N/D,centro D,50.0,-26.950385196522276,9.4,0.0,no
medicina,urgencias,39.0,1802.804,0.0,5.0,18.5,sí,60.0,mujer,interino,centro B,40.0,-2.0576371732864125,9.6,0.0,sí
enfermería,planta,31.8,1436.509,3.0,4.3,10.3,sí,57.0,mujer,interino,centro D,21.0,-21.957849770269423,10.0,2.0,no
administración,  planta ,35.3,1665.562,1.0,5.0,16.5,no,47.0,mujer,eventual,centro A,14.0,-16.156633326860877,61.3,0.0,no
administración,oncología,42.3,1936.992,3.0,3.7,10.6,no,32.0,mujer,fijo,centro C,9.0,-0.37658657149052177,98.0,2.0,sí
medicina,planta,35.4,1571.653,0.0,2.7,20.3,no,66.0,mujer,interino,centro D,10.0,-26.05195890541834,6.7,4.0,no
enfermería,uci,29.5,1322.687,0.0,3.1,5.6,no,46.0,mujer,fijo,centro E,21.0,-31.954659514057628,9.3,2.0,no
celador,quirófano,33.1,1463.526,0.0,3.1,3.6,sí,35.0,mujer,N/D,centro D,79.0,-25.04248905381057,-99.0,2.0,sí
medicina,consultas,47.9,2239.709,2.0,3.7,10.3,no,34.0,mujer,fijo,centro D,8.0,15.085835402284538,19.4,1.0,no
administración,urgencias,31.3,1448.561,2.0,1.7,14.9,no,43.0,mujer,interino,centro A,8.0,-13.838612494916628,24.1,1.0,sí
administración,consultas,40.7,1875.838,0.0,2.5,13.9,no,54.0,mujer,eventual,centro C,42.0,-7.976850348689734,22.4,0.0,no
medicina,planta,28.8,1307.86,2.0,3.2,5.6,no,22.0,mujer,fijo,centro E,12.0,-13.511395548686309,6.8,1.0,no
auxiliar,urgencias,28.6,1331.654,0.0,1.4,5.2,sí,31.0,mujer,fijo,centro C,21.0,-18.16515856500086,82.9,0.0,no
administración,oncologia,39.2,1849.54,1.0,2.6,10.0,sí,42.0,hombre,fijo,centro A,36.0,-7.9345656286358,1.9,2.0,sí
enfermería,urgencias,42.6,2005.595,0.0,2.5,1.1,sí,54.0,hombre,eventual,centro A,22.0,0.9591904888527805,25.2,1.0,no
medicina,planta,42.9,1927.392,0.0,3.1,13.7,sí,45.0,mujer,fijo,centro C,28.0,-3.109876477014507,42.6,3.0,no
enfermería,consultas,36.5,1683.966,5.0,3.4,4.4,no,46.0,mujer,fijo,centro A,14.0,-11.41788297751556,13.9,1.0,no
enfermería,planta,37.4,1704.934,7.0,4.0,12.8,sí,47.0,mujer,interino,centro C,23.0,10.458849532689367,6.9,0.0,sí
enfermería,consultas,34.9,1558.901,0.0,3.2,19.6,no,54.0,mujer,interino,centro E,29.0,-4.033035080337623,28.5,1.0,no
administración,planta,31.2,1443.594,5.0,2.7,11.4,no,33.0,hombre,fijo,centro D,8.0,-24.638684397687065,15.2,1.0,sí
auxiliar,  consultas ,41.8,1874.457,5.0,1.3,4.6,sí,35.0,hombre,fijo,centro C,2.0,13.734536613895404,20.8,0.0,no
enfermería,planta,36.8,1668.937,1.0,2.7,8.3,sí,62.0,mujer,fijo,centro B,32.0,-19.841088101518714,3.8,1.0,no
enfermería,planta,31.3,1415.123,6.0,2.7,2.0,no,47.0,mujer,interino,centro D,31.0,-20.23418815339693,11.0,3.0,no
medicina,planta,33.1,1522.896,0.0,2.9,7.6,no,25.0,hombre,fijo,centro E,8.0,-5.111316110583116,61.5,1.0,no
administración,consultas,43.1,1981.402,1.0,2.6,11.9,no,39.0,hombre,fijo,centro C,45.0,-22.649122356491237,48.2,1.0,sí
administración,uci,41.8,1879.732,0.0,2.1,3.8,no,30.0,mujer,interino,centro B,11.0,10.758697327041563,22.2,1.0,sí
enfermería,planta,38.4,1777.417,0.0,3.4,10.9,sí,32.0,mujer,fijo,centro D,45.0,-0.6340161559384185,13.4,0.0,sí
administración,URGENCIAS,46.1,2070.216,0.0,4.4,30.9,no,41.0,mujer,N/D,centro D,54.0,-7.153109058901967,46.2,1.0,no
administración,  urgencias ,24.0,1079.428,1.0,2.9,7.8,sí,42.0,mujer,interino,centro C,42.0,-15.451558455843728,19.8,2.0,no
medicina,oncología,28.5,1307.819,3.0,3.5,3.6,no,48.0,hombre,interino,centro E,44.0,-25.35310341268893,4.8,2.0,sí
medicina,planta,40.7,1884.444,1.0,3.9,10.1,sí,51.0,hombre,eventual,centro B,9.0,5.665811583420274,9.1,0.0,no
enfermería,urgencias,47.9,2239.092,6.0,3.2,10.2,no,37.0,hombre,eventual,centro A,44.0,33.72974639738644,10.1,1.0,no
enfermería,  consultas ,30.1,1418.345,1.0,2.3,2.2,sí,46.0,hombre,fijo,centro D,70.0,-29.74072372198134,18.8,0.0,no
enfermería,urgencias,41.7,1961.086,6.0,3.6,10.0,no,36.0,mujer,interino,centro A,41.0,1.0725404021465446,3.8,1.0,sí
celador,quirófano,40.7,1866.608,2.0,3.1,4.4,sí,50.0,mujer,fijo,centro C,25.0,-5.519564159585955,31.7,0.0,no
enfermería,CONSULTAS,38.6,1739.733,2.0,2.7,5.3,sí,44.0,hombre,interino,centro B,32.0,-6.684464475791435,19.0,2.0,sí
enfermería,planta,31.9,1470.715,3.0,4.3,9.3,no,48.0,hombre,fijo,centro C,78.0,-28.60048778877935,-99.0,2.0,no
enfermería,planta,32.1,1494.045,1.0,3.7,9.8,no,50.0,mujer,eventual,centro A,10.0,-21.326368049226353,4.7,0.0,sí
medicina,quirofano,37.5,1754.879,2.0,1.0,2.0,no,38.0,mujer,interino,centro A,34.0,0.8465571616315994,18.2,0.0,sí
medicina,planta,28.6,1347.018,0.0,2.2,2.5,sí,58.0,hombre,eventual,centro C,34.0,-12.07233720152309,9.1,1.0,sí
enfermería,planta,38.3,1733.963,1.0,3.5,7.2,no,22.0,mujer,fijo,centro A,20.0,1.6352037305735365,14.3,0.0,no
enfermería,planta,34.8,1614.781,5.0,4.1,14.6,no,56.0,mujer,fijo,centro E,36.0,-8.610024845393731,26.7,3.0,no
auxiliar,URGENCIAS,39.5,1852.691,1.0,3.9,15.7,no,49.0,mujer,eventual,centro D,53.0,-20.64720494403804,15.4,0.0,no
administración,CONSULTAS,29.8,1396.945,3.0,5.0,8.7,sí,53.0,mujer,eventual,centro D,6.0,-38.04415145554199,3.9,2.0,no
enfermería,urgencias,36.0,1656.715,3.0,4.1,11.9,sí,47.0,mujer,interino,centro D,7.0,-13.189895909639016,15.6,2.0,no
auxiliar,urgencias,39.9,1834.239,0.0,2.8,9.5,sí,32.0,mujer,interino,centro E,41.0,14.177485952771034,8.7,0.0,no
enfermería,quirófano,29.9,1309.768,0.0,1.0,7.7,sí,47.0,mujer,fijo,centro E,42.0,-15.224631853391468,15.2,0.0,sí
enfermería,consultas,36.7,1775.869,0.0,2.8,1.5,no,25.0,mujer,eventual,centro D,10.0,-20.879809310046035,33.6,0.0,sí
administración,urgencias,49.1,2311.316,6.0,3.1,10.5,sí,40.0,mujer,fijo,centro A,11.0,35.13027857353675,50.8,1.0,no
auxiliar,consultas,33.1,1486.2,0.0,4.4,12.9,no,41.0,mujer,interino,centro B,33.0,-21.527977528509542,6.2,0.0,no
administración,urgencias,38.9,1769.394,3.0,4.3,12.8,no,53.0,mujer,interino,centro E,21.0,9.43270869634783,32.1,2.0,no
auxiliar,planta,42.2,1925.015,4.0,3.5,9.7,no,40.0,mujer,fijo,centro B,85.0,6.218209415888068,39.3,0.0,sí
medicina,uci,35.6,1612.472,0.0,3.9,2.8,no,47.0,mujer,fijo,centro C,12.0,-22.578118516998742,-99.0,0.0,sí
medicina,urgencias,36.5,1578.601,0.0,1.8,17.8,sí,57.0,mujer,fijo,centro C,13.0,8.573354160917427,61.5,0.0,no
enfermería,planta,35.2,1620.925,2.0,2.3,8.8,sí,34.0,mujer,fijo,centro A,31.0,-3.649053814900208,16.1,2.0,sí
administración,consultas,35.1,1645.385,6.0,3.0,9.1,no,52.0,mujer,N/D,centro E,21.0,-23.87973105989559,6.4,2.0,no
enfermería,consultas,33.5,1559.867,1.0,3.1,12.8,sí,38.0,mujer,interino,centro B,33.0,-16.741891167781112,32.6,2.0,sí
medicina,planta,42.1,1970.093,0.0,3.4,21.9,sí,66.0,mujer,fijo,centro E,20.0,-7.520734535809567,-99.0,0.0,sí
auxiliar,consultas,30.7,1439.395,6.0,2.2,15.1,no,63.0,mujer,fijo,centro D,31.0,-34.50444694643003,42.9,2.0,sí
administración,urgencias,43.1,1991.436,6.0,4.3,11.1,sí,49.0,mujer,fijo,centro D,31.0,2.1634239845195378,18.3,2.0,sí
medicina,quirofano,48.3,2249.209,0.0,1.0,7.3,no,41.0,hombre,fijo,centro E,51.0,31.42829535764244,100.7,2.0,no
celador,  consultas ,44.9,2065.367,2.0,3.6,11.8,sí,48.0,mujer,eventual,centro E,66.0,-2.5331273646843027,12.1,0.0,no
medicina,urgencias,33.8,1562.327,4.0,2.8,13.1,no,39.0,mujer,interino,centro C,16.0,-3.141646816461119,42.7,0.0,no
medicina,  uci ,34.9,1623.602,3.0,2.7,10.7,no,46.0,mujer,fijo,centro B,7.0,-17.199867230768838,11.5,0.0,sí
medicina,urgencias,39.1,1794.033,2.0,3.7,6.8,no,38.0,hombre,fijo,centro E,62.0,-9.447199337472695,2.4,0.0,no
administración,planta,40.7,1900.93,3.0,2.3,18.9,no,54.0,hombre,fijo,centro D,7.0,3.4698571101107443,25.6,0.0,no
auxiliar,consultas,40.8,1899.806,5.0,2.1,2.2,no,45.0,mujer,eventual,centro A,14.0,-0.3775765189889979,41.1,0.0,sí
enfermería,  planta ,27.0,1260.135,1.0,2.5,7.1,sí,25.0,hombre,interino,centro A,39.0,-18.363368926666794,13.5,0.0,no
auxiliar,URGENCIAS,23.2,1080.967,6.0,3.2,21.5,no,28.0,hombre,eventual,centro C,13.0,-43.14953108603375,8.5,2.0,no
administración,planta,49.0,2208.825,1.0,3.4,2.1,no,35.0,hombre,interino,centro B,13.0,21.1757107536221,17.1,0.0,sí
enfermería,consultas,40.1,1815.393,1.0,3.7,4.5,no,22.0,hombre,interino,centro C,7.0,8.30985764466373,22.5,0.0,no
medicina,oncología,38.5,1760.096,2.0,3.9,25.0,sí,34.0,mujer,fijo,centro D,15.0,-1.036910792025651,6.8,2.0,no
auxiliar,uci,30.0,1424.07,0.0,2.4,1.5,no,33.0,mujer,fijo,centro E,27.0,-35.485982997765596,8.3,0.0,sí
celador,  planta ,29.9,1378.969,3.0,3.8,29.1,no,34.0,mujer,interino,centro B,44.0,-20.317553860984198,7.3,2.0,sí
auxiliar,urgencias,41.4,1910.198,2.0,4.4,10.2,no,34.0,mujer,fijo,centro E,29.0,-7.457428714229723,5.3,0.0,no
administración,oncología,43.4,1974.017,0.0,2.9,15.6,no,42.0,mujer,N/D,centro E,131.0,-21.09775603917375,19.7,0.0,sí
auxiliar,uci,32.5,1459.537,1.0,3.5,14.2,no,47.0,mujer,interino,centro C,15.0,-30.08088082417939,32.5,0.0,no
administración,planta,40.9,1833.908,0.0,2.2,16.3,no,38.0,mujer,interino,centro E,34.0,4.7302685200728405,5.0,0.0,no
auxiliar,urgencias,42.6,1914.36,2.0,2.6,10.3,sí,42.0,hombre,interino,centro B,50.0,-1.3861470034578267,6.8,2.0,sí
administración,consultas,36.3,1667.218,4.0,4.2,8.8,no,50.0,mujer,interino,centro B,9.0,-11.312945342045051,4.0,3.0,sí
medicina,quirófano,40.9,1866.051,4.0,1.8,2.5,no,31.0,hombre,interino,centro C,44.0,11.616091564095612,14.5,2.0,sí
medicina,CONSULTAS,30.4,1472.376,0.0,4.1,1.0,no,49.0,mujer,eventual,centro B,7.0,-28.59747390646051,41.7,2.0,sí
enfermería,consultas,43.6,2035.039,5.0,2.5,3.0,no,29.0,mujer,N/D,centro D,5.0,4.241335142827662,12.3,0.0,sí
administración,urgencias,34.4,1617.253,2.0,3.2,13.0,no,48.0,mujer,interino,centro B,17.0,-20.676347266625502,59.9,0.0,sí
enfermería,urgencias,33.5,1565.927,2.0,4.4,9.6,no,50.0,mujer,interino,centro A,81.0,-19.14239056125635,10.4,2.0,sí
enfermería,consultas,35.5,1615.334,6.0,2.8,18.5,no,51.0,mujer,interino,centro B,6.0,-18.092759274126664,-99.0,2.0,no
medicina,urgencias,32.8,1444.278,4.0,4.3,13.9,no,36.0,mujer,eventual,centro D,20.0,-29.141885480485783,15.7,1.0,no
enfermería,URGENCIAS,42.9,1959.626,2.0,4.5,2.4,no,39.0,mujer,fijo,centro C,98.0,-7.834745021495419,6.4,1.0,no
medicina,URGENCIAS,39.7,1822.894,5.0,4.1,4.2,no,54.0,mujer,fijo,centro E,21.0,1.4992706977215604,8.3,2.0,no
celador,consultas,35.5,1569.43,0.0,4.2,6.4,no,36.0,hombre,eventual,centro D,33.0,-30.55738647927155,12.1,1.0,no
auxiliar,consultas,41.0,1828.021,2.0,4.3,1.8,sí,34.0,mujer,fijo,centro D,16.0,-13.734259809038676,1.0,0.0,sí
enfermería,planta,28.8,1347.618,4.0,3.4,3.3,no,51.0,mujer,fijo,centro C,40.0,-32.78150220253873,2.3,4.0,no
medicina,quirofano,37.7,1737.508,2.0,1.4,9.9,no,27.0,mujer,interino,centro D,16.0,1.258818215799712,19.8,0.0,sí
auxiliar,planta,38.8,1793.31,7.0,2.5,12.7,no,40.0,mujer,N/D,centro A,2.0,1.2398545838839503,21.3,2.0,no
medicina,UCI,34.6,1591.759,0.0,4.9,7.4,no,50.0,mujer,fijo,centro B,35.0,-37.37785556411881,1.7,0.0,no
auxiliar,  uci ,45.9,2178.046,1.0,4.8,7.1,no,44.0,hombre,fijo,centro B,77.0,10.651257086601788,30.6,0.0,no
auxiliar,  consultas ,34.5,1555.198,1.0,1.7,9.0,sí,53.0,mujer,interino,centro B,9.0,-1.5103111474127502,9.8,1.0,no
enfermería,consultas,41.3,1930.734,1.0,3.6,9.1,sí,50.0,mujer,interino,centro D,20.0,0.8709510729835417,5.9,1.0,no
enfermería,CONSULTAS,35.2,1649.78,6.0,3.1,9.2,sí,32.0,hombre,interino,centro A,51.0,-7.235298719110316,10.7,1.0,no
enfermería,QUIRÓFANO,34.8,1602.551,2.0,3.2,15.2,sí,49.0,mujer,eventual,centro E,18.0,-13.667947928284555,5.0,0.0,sí
enfermería,  oncología ,48.7,2224.605,3.0,3.4,1.0,no,43.0,mujer,interino,centro C,28.0,19.700322892372753,8.3,0.0,no
medicina,urgencias,36.6,1666.065,1.0,3.4,18.1,no,55.0,mujer,interino,centro C,45.0,-16.51475691893555,8.4,0.0,no
medicina,oncología,39.7,1811.657,0.0,3.8,2.5,no,54.0,hombre,interino,centro B,24.0,-22.812843195058107,22.5,2.0,no
enfermería,planta,29.0,1365.782,3.0,3.4,5.1,sí,38.0,hombre,interino,centro A,32.0,-10.79742246990764,3.8,1.0,no
auxiliar,  planta ,34.9,1580.782,3.0,2.4,10.0,sí,53.0,mujer,fijo,centro B,15.0,-17.1442320765645,12.0,4.0,sí
enfermería,planta,33.2,1583.541,1.0,1.9,11.4,no,33.0,mujer,fijo,centro D,16.0,-21.47926421513881,48.0,3.0,no
administración,urgencias,36.6,1642.975,1.0,3.0,11.1,sí,38.0,hombre,interino,centro E,27.0,0.792802151735966,24.0,1.0,no
enfermería,urgencias,39.4,1797.107,2.0,4.3,37.5,no,34.0,hombre,interino,centro D,33.0,-0.5158564579063274,41.6,0.0,no
auxiliar,CONSULTAS,42.0,1913.864,1.0,3.6,9.9,sí,45.0,hombre,eventual,centro E,60.0,-5.716197691849058,12.4,0.0,sí
enfermería,consultas,43.0,1980.768,2.0,3.6,0.9,no,37.0,mujer,interino,centro D,20.0,3.2926019419146044,3.1,0.0,no
medicina,urgencias,52.5,2502.851,4.0,4.1,12.1,sí,41.0,hombre,eventual,centro A,44.0,49.657558740970494,34.0,1.0,sí
medicina,urgencias,33.0,1496.899,0.0,1.9,16.9,sí,28.0,mujer,fijo,centro D,34.0,-12.465719257631733,21.0,0.0,no
medicina,  quirófano ,46.5,2055.218,3.0,1.9,6.9,sí,27.0,hombre,fijo,centro D,7.0,7.568819674491891,36.0,1.0,no
enfermería,planta,34.6,1566.946,1.0,4.1,15.9,no,39.0,hombre,eventual,centro C,14.0,-10.530191971000873,16.9,1.0,sí
medicina,URGENCIAS,30.0,1371.484,2.0,3.3,20.2,sí,46.0,mujer,eventual,centro D,55.0,-15.644368351882468,10.8,1.0,no
enfermería,QUIRÓFANO,33.9,1589.054,3.0,3.0,13.4,sí,43.0,mujer,interino,centro C,9.0,-25.649286114973243,3.6,2.0,sí
enfermería,UCI,40.5,1842.23,4.0,2.9,9.6,no,44.0,mujer,eventual,centro D,24.0,0.17348509822880653,19.6,1.0,sí
auxiliar,oncología,43.3,2014.331,1.0,1.9,12.9,no,40.0,hombre,fijo,centro E,18.0,-2.990373504402822,38.3,0.0,no
administración,consultas,51.6,2366.35,0.0,4.3,8.5,sí,57.0,mujer,fijo,centro B,14.0,20.093301482692535,24.9,1.0,sí
auxiliar,consultas,36.1,1589.471,0.0,2.9,8.3,no,33.0,mujer,eventual,centro A,2.0,-6.421878202267822,29.4,0.0,sí
auxiliar,urgencias,21.1,944.927,0.0,3.6,3.2,no,36.0,mujer,fijo,centro A,59.0,-11.589912791765592,65.5,1.0,sí
auxiliar,  planta ,31.0,1476.924,3.0,2.9,3.8,no,43.0,mujer,fijo,centro E,44.0,-29.389719532518455,20.8,1.0,sí
administración,uci,43.4,1989.918,5.0,4.2,5.0,no,28.0,mujer,eventual,centro A,7.0,-3.5296616822285554,33.3,1.0,sí
celador,planta,39.0,1807.651,1.0,5.0,21.3,sí,41.0,hombre,fijo,centro B,30.0,-2.016189505132969,3.0,0.0,sí
enfermería,urgencias,42.1,1929.302,1.0,2.1,0.2,no,44.0,mujer,fijo,centro B,11.0,-1.8977189215150048,8.9,0.0,no
celador,quirófano,25.6,1176.855,2.0,2.9,21.3,sí,61.0,hombre,fijo,centro C,17.0,-29.725322205848485,12.4,0.0,sí
administración,URGENCIAS,30.8,1481.215,3.0,5.0,2.3,no,41.0,mujer,eventual,centro C,57.0,-30.646167894388654,6.9,2.0,sí
administración,uci,46.1,2178.865,5.0,2.2,4.9,no,27.0,mujer,fijo,centro E,31.0,24.023173540627724,28.7,2.0,no
enfermería,consultas,32.4,1477.713,4.0,3.3,3.4,no,37.0,hombre,fijo,centro A,70.0,-25.91029081337277,27.9,1.0,sí
medicina,urgencias,36.2,1653.988,2.0,2.9,12.1,sí,38.0,mujer,interino,centro C,20.0,-15.749662259264994,8.8,0.0,sí
enfermería,uci,30.2,1361.801,1.0,1.9,5.4,sí,47.0,mujer,fijo,centro D,15.0,-6.811986688115616,13.7,1.0,sí
administración,consultas,37.3,1743.482,4.0,2.4,22.6,sí,36.0,mujer,fijo,centro C,4.0,-23.71613005235937,3.2,0.0,no
auxiliar,urgencias,40.0,1834.257,2.0,3.1,19.2,no,46.0,mujer,eventual,centro B,21.0,-19.642710389974493,60.8,0.0,sí
celador,planta,30.6,1399.257,2.0,4.5,9.9,no,22.0,hombre,eventual,centro B,41.0,-33.70989498727863,-99.0,0.0,no
enfermería,consultas,29.6,1356.195,2.0,2.6,2.1,sí,44.0,mujer,interino,centro B,20.0,-10.63581488368684,2.8,3.0,sí
auxiliar,oncología,49.8,2251.857,3.0,4.1,5.1,sí,40.0,mujer,fijo,centro D,28.0,23.513415700268606,44.3,1.0,no
enfermería,consultas,36.2,1606.525,0.0,4.6,6.7,sí,58.0,mujer,fijo,centro A,63.0,-16.457535459478436,25.8,0.0,sí
celador,  planta ,46.9,2144.935,5.0,4.9,10.1,sí,40.0,mujer,eventual,centro C,9.0,21.39628520785799,87.9,1.0,no
medicina,  planta ,30.8,1371.726,5.0,4.3,4.9,sí,43.0,mujer,eventual,centro B,51.0,-13.647221214472912,12.1,0.0,no
auxiliar,planta,44.7,2135.553,0.0,3.1,7.4,no,45.0,mujer,eventual,centro E,21.0,-10.801698249225412,2.8,1.0,sí
enfermería,consultas,36.4,1655.286,0.0,4.1,10.6,sí,58.0,hombre,fijo,centro E,21.0,-19.075745250867662,13.6,2.0,sí
auxiliar,uci,33.8,1564.608,3.0,4.1,2.9,no,28.0,hombre,fijo,centro D,7.0,-19.4663918390049,43.8,2.0,sí
enfermería,planta,32.1,1485.31,0.0,2.6,5.7,no,62.0,mujer,fijo,centro E,8.0,-22.937606639672772,23.1,0.0,no
enfermería,oncología,47.0,2045.754,2.0,3.7,4.7,sí,51.0,mujer,fijo,centro A,38.0,28.170036594866115,19.6,1.0,sí
enfermería,urgencias,35.6,1622.705,0.0,2.5,4.8,no,36.0,mujer,interino,centro D,37.0,-12.012881210708274,20.0,2.0,sí
auxiliar,urgencias,54.1,2551.279,5.0,3.2,1.5,sí,35.0,hombre,N/D,centro D,72.0,35.380213317739106,15.7,3.0,sí
enfermería,PLANTA,38.0,1823.809,1.0,4.0,8.2,no,30.0,mujer,fijo,centro C,23.0,-6.9810697721836,11.3,2.0,sí
administración,oncología,44.0,2033.601,5.0,1.2,5.3,sí,30.0,mujer,fijo,centro B,55.0,18.39498065931546,12.8,1.0,no
enfermería,consultas,41.3,1937.858,7.0,3.6,6.8,sí,42.0,mujer,eventual,centro B,13.0,5.030011935229981,10.8,2.0,sí
auxiliar,oncologia,38.6,1798.9,0.0,3.3,11.9,no,32.0,mujer,fijo,centro A,16.0,-18.376048296292993,-99.0,0.0,no
enfermería,quirófano,32.9,1530.006,0.0,3.1,9.8,sí,40.0,mujer,interino,centro E,27.0,-14.22287115544659,27.8,0.0,no
auxiliar,urgencias,39.4,1822.224,6.0,3.4,6.2,sí,33.0,mujer,fijo,centro A,15.0,14.462667442933526,7.8,1.0,sí
medicina,uci,39.1,1747.274,1.0,2.2,15.0,no,44.0,mujer,interino,centro C,18.0,1.570541986856652,2.5,0.0,sí
medicina,consultas,48.2,2275.591,5.0,4.8,11.8,no,43.0,mujer,interino,centro E,48.0,12.49599846282815,27.3,0.0,no
auxiliar,oncología,39.6,1837.234,2.0,4.4,4.9,no,39.0,mujer,interino,centro A,73.0,-0.31670639551771096,20.8,1.0,no
enfermería,consultas,42.1,1938.241,2.0,3.6,4.3,no,39.0,mujer,N/D,centro A,70.0,-9.1775487590083,15.2,1.0,no
auxiliar,urgencias,29.7,1348.414,0.0,4.5,5.7,no,49.0,mujer,fijo,centro E,5.0,-16.976608408992305,58.6,3.0,no
medicina,urgencias,37.0,1712.042,0.0,3.5,2.9,sí,44.0,mujer,fijo,centro B,14.0,-26.201537774194037,27.3,0.0,no
auxiliar,uci,46.7,2102.755,6.0,1.8,6.6,no,36.0,mujer,fijo,centro D,23.0,23.282717946596748,-99.0,1.0,sí
enfermería,planta,46.8,2233.302,2.0,4.2,11.2,no,42.0,mujer,fijo,centro B,35.0,18.08636191021469,5.4,1.0,sí
celador,  uci ,44.2,2001.885,1.0,2.8,10.8,sí,30.0,mujer,N/D,centro E,48.0,2.637834798273249,89.0,0.0,sí
celador,QUIRÓFANO,28.2,1309.27,2.0,2.8,3.5,no,41.0,hombre,fijo,centro B,53.0,-30.10868353219363,35.4,0.0,no
enfermería,planta,50.1,2306.308,2.0,4.7,11.0,sí,51.0,hombre,fijo,centro E,13.0,30.01131384917442,-99.0,0.0,sí
auxiliar,consultas,39.0,1770.393,4.0,2.9,3.6,no,50.0,mujer,interino,centro E,16.0,-7.841431782474816,27.5,1.0,sí
medicina,CONSULTAS,42.1,1989.819,4.0,2.6,7.7,no,52.0,hombre,eventual,centro A,29.0,8.088976779525257,4.0,3.0,no
administración,uci,35.6,1650.411,3.0,4.3,7.0,sí,50.0,mujer,interino,centro E,56.0,-15.63321651376432,17.2,0.0,no
enfermería,consultas,31.3,1438.93,4.0,3.3,5.4,no,46.0,hombre,N/D,centro B,6.0,-31.50081049194575,7.6,0.0,no
medicina,urgencias,40.1,1896.7,5.0,2.8,3.1,no,48.0,mujer,eventual,centro B,25.0,8.332713049497524,11.3,0.0,sí
auxiliar,planta,38.4,1691.114,2.0,4.0,19.9,no,41.0,mujer,fijo,centro E,12.0,-22.265297859693657,14.8,1.0,sí
medicina,UCI,48.2,2253.68,5.0,2.2,12.8,sí,43.0,mujer,N/D,centro E,99.0,39.444474593172174,20.9,0.0,no
administración,quirófano,44.9,2106.054,3.0,2.5,13.2,sí,38.0,mujer,fijo,centro C,38.0,15.300363318311913,4.0,1.0,no
medicina,planta,42.0,1928.022,2.0,1.0,11.6,no,39.0,mujer,N/D,centro A,23.0,-13.084217193683788,27.5,1.0,no
medicina,  quirófano ,45.8,2099.743,0.0,4.0,10.5,sí,40.0,mujer,eventual,centro C,4.0,0.7154304381282295,2.6,0.0,no
celador,  planta ,23.6,1095.819,1.0,2.3,13.1,no,34.0,hombre,interino,centro E,27.0,-23.864223513666722,17.1,1.0,sí
medicina,planta,36.4,1708.8,0.0,4.4,18.8,no,37.0,mujer,eventual,centro E,52.0,-14.198443761893529,32.0,0.0,sí
auxiliar,planta,44.5,2088.789,2.0,2.4,16.4,no,47.0,mujer,fijo,centro D,37.0,12.896967688745978,101.6,0.0,sí
administración,planta,44.8,2000.639,7.0,2.6,18.5,no,56.0,mujer,interino,centro D,19.0,26.67749144742738,14.4,1.0,no
administración,consultas,38.2,1695.729,0.0,3.3,12.2,no,22.0,mujer,fijo,centro C,8.0,-10.300765407726908,5.3,2.0,no
medicina,oncología,41.3,1895.179,0.0,4.5,12.1,no,42.0,mujer,fijo,centro E,34.0,-25.58062981316445,14.5,0.0,no
medicina,consultas,59.8,2715.331,0.0,4.3,7.3,no,27.0,mujer,eventual,centro E,7.0,39.22623032683833,20.7,1.0,sí
administración,quirófano,41.2,1863.589,2.0,2.9,22.6,no,48.0,mujer,fijo,centro C,16.0,-12.810546482930112,3.2,2.0,no
enfermería,URGENCIAS,41.7,1979.044,0.0,2.0,11.8,no,60.0,mujer,fijo,centro B,38.0,-2.940707440746911,40.5,1.0,sí
medicina,  consultas ,20.0,934.488,3.0,3.1,8.0,no,50.0,mujer,interino,centro B,6.0,-24.92369465316427,6.0,1.0,no
celador,urgencias,37.1,1695.297,4.0,1.4,1.1,no,48.0,hombre,interino,centro C,23.0,-11.354021406276164,57.8,0.0,sí
enfermería,consultas,30.1,1403.718,6.0,3.4,7.2,sí,38.0,mujer,fijo,centro A,26.0,-35.39093956875822,-99.0,0.0,sí
medicina,  urgencias ,28.6,1296.58,0.0,2.6,4.3,sí,48.0,mujer,interino,centro D,6.0,1.1251948132935823,8.6,4.0,sí
enfermería,planta,31.1,1409.463,1.0,4.3,19.5,no,51.0,mujer,interino,centro C,13.0,-21.351716890241494,32.1,2.0,sí
celador,quirófano,39.3,1819.218,2.0,3.2,20.5,sí,44.0,mujer,fijo,centro E,25.0,3.7688757992153903,29.9,0.0,sí
administración,quirófano,36.8,1697.017,3.0,3.3,1.5,no,31.0,mujer,fijo,centro A,11.0,-25.93893238560645,12.8,2.0,sí
enfermería,urgencias,28.2,1322.771,2.0,2.6,5.6,sí,58.0,mujer,fijo,centro C,24.0,-7.376284459882358,5.4,1.0,no
enfermería,uci,39.7,1799.908,4.0,1.6,8.8,no,40.0,hombre,fijo,centro D,17.0,6.095664054790304,19.9,3.0,no
enfermería,urgencias,42.0,1926.608,2.0,4.0,11.6,no,44.0,mujer,fijo,centro C,57.0,-15.027325871352243,3.5,2.0,sí
medicina,quirófano,36.5,1644.953,4.0,2.1,2.7,sí,45.0,mujer,fijo,centro A,62.0,-0.0992639244903204,7.3,3.0,sí
enfermería,urgencias,36.1,1653.605,2.0,3.4,7.1,no,45.0,hombre,fijo,centro C,18.0,-7.753184946576538,6.7,1.0,no
auxiliar,planta,42.3,1920.622,0.0,4.0,3.7,no,50.0,mujer,fijo,centro D,17.0,-6.34085683747869,6.7,0.0,no
administración,urgencias,42.7,1977.717,4.0,2.6,8.5,sí,34.0,mujer,fijo,centro D,107.0,25.109370893379996,1.8,4.0,no
auxiliar,planta,36.7,1665.794,4.0,3.0,3.3,no,50.0,mujer,interino,centro B,41.0,-20.20211770934221,23.9,1.0,no
medicina,consultas,45.0,2148.393,4.0,2.8,4.8,sí,35.0,mujer,fijo,centro B,41.0,32.58127845938772,2.7,1.0,no
enfermería,UCI,39.1,1859.522,0.0,2.3,19.1,sí,50.0,mujer,interino,centro D,37.0,-7.721083731125195,5.2,2.0,sí
enfermería,planta,35.2,1613.888,3.0,2.4,43.0,sí,34.0,hombre,eventual,centro B,54.0,-1.3996081714239228,19.5,0.0,sí
auxiliar,  consultas ,38.3,1728.247,4.0,3.1,0.8,sí,50.0,mujer,fijo,centro B,26.0,-10.160604885986594,38.4,1.0,no
celador,planta,41.6,1908.021,0.0,4.3,20.2,no,53.0,hombre,N/D,centro D,12.0,-8.850998854825635,21.9,0.0,no
medicina,quirófano,35.6,1625.864,2.0,3.4,3.0,no,41.0,hombre,N/D,centro A,19.0,-31.659782688861412,-99.0,0.0,sí
auxiliar,quirófano,49.0,2228.23,5.0,2.7,14.7,no,27.0,mujer,fijo,centro E,19.0,40.08731773507226,7.7,0.0,no
medicina,quirófano,26.6,1236.408,3.0,4.5,15.9,sí,30.0,hombre,fijo,centro C,23.0,-28.398255048188187,10.3,2.0,no
medicina,consultas,38.1,1727.281,2.0,2.8,4.2,no,44.0,hombre,interino,centro A,31.0,-19.292073967813657,12.5,2.0,no
celador,planta,31.8,1488.565,4.0,2.9,2.6,sí,25.0,mujer,interino,centro E,29.0,-7.324647793743187,11.3,0.0,sí
auxiliar,consultas,35.3,1585.931,0.0,3.7,0.9,sí,51.0,mujer,interino,centro D,12.0,-16.59715189122228,71.6,0.0,sí
enfermería,UCI,39.4,1800.961,0.0,5.0,6.1,sí,32.0,hombre,fijo,centro B,9.0,-10.541831089759222,31.3,3.0,no
medicina,planta,32.6,1553.504,6.0,3.9,30.3,no,44.0,hombre,interino,centro C,20.0,-20.287850479671434,4.8,2.0,sí
auxiliar,urgencias,36.1,1668.583,4.0,2.6,9.8,sí,34.0,hombre,fijo,centro D,6.0,-11.331092409487518,7.8,0.0,sí
enfermería,planta,45.9,2069.712,6.0,3.7,6.6,no,55.0,mujer,fijo,centro B,28.0,23.016118564100232,27.9,1.0,sí
enfermería,consultas,46.3,2098.37,5.0,3.8,6.2,no,27.0,mujer,interino,centro E,38.0,12.159931901001567,16.6,4.0,sí
auxiliar,consultas,32.9,1527.391,2.0,1.8,6.6,no,63.0,mujer,interino,centro D,46.0,-14.174403527296555,11.3,2.0,no
administración,  uci ,54.9,2521.393,0.0,3.1,5.4,no,31.0,hombre,fijo,centro C,55.0,16.899830356755533,28.8,1.0,no
auxiliar,consultas,40.4,1793.986,7.0,2.5,8.0,no,53.0,hombre,interino,centro A,46.0,10.432642399147495,24.4,1.0,sí
enfermería,PLANTA,32.4,1496.082,3.0,3.7,3.2,sí,34.0,mujer,fijo,centro B,37.0,-12.713668898298994,17.9,4.0,no
enfermería,consultas,30.9,1418.446,4.0,1.9,21.3,no,46.0,hombre,fijo,centro C,44.0,-28.484322626101587,8.1,1.0,sí
administración,  quirófano ,35.8,1570.726,5.0,3.3,14.3,no,43.0,hombre,fijo,centro E,15.0,-20.30771358054427,-99.0,0.0,no
auxiliar,planta,44.2,2092.128,3.0,2.8,11.3,no,56.0,hombre,interino,centro A,11.0,5.92069976998837,9.2,0.0,no
enfermería,quirófano,40.2,1819.157,0.0,2.8,9.8,sí,41.0,mujer,interino,centro E,52.0,7.136906972118966,-99.0,0.0,sí
enfermería,oncología,45.3,2080.72,5.0,3.3,6.7,no,24.0,mujer,eventual,centro C,14.0,14.392886463015941,24.9,1.0,sí
enfermería,  planta ,37.0,1766.065,6.0,3.6,4.5,sí,41.0,mujer,eventual,centro E,11.0,11.244953013631527,18.6,1.0,no
medicina,  planta ,39.5,1800.324,2.0,5.0,5.6,no,53.0,hombre,N/D,centro A,82.0,0.786862987075434,26.1,0.0,no
administración,quirófano,43.2,2041.573,3.0,1.4,26.5,sí,48.0,mujer,interino,centro E,34.0,-6.198433109050743,52.2,0.0,sí
enfermería,quirófano,45.6,2066.942,2.0,4.7,18.8,no,54.0,mujer,fijo,centro B,15.0,-6.351904537068156,4.5,0.0,sí
medicina,planta,46.3,2091.492,3.0,2.5,18.9,sí,32.0,mujer,fijo,centro B,21.0,1.0734222255575308,22.2,1.0,no
administración,uci,29.6,1393.225,2.0,2.4,7.1,sí,63.0,hombre,fijo,centro B,15.0,-3.994411923243822,6.6,3.0,no
auxiliar,PLANTA,41.2,1891.089,2.0,3.8,9.5,no,58.0,hombre,fijo,centro B,66.0,-5.48716024751048,5.9,1.0,sí
medicina,consultas,35.3,1626.559,1.0,3.5,6.3,no,24.0,mujer,fijo,centro A,14.0,-5.646161087665988,35.8,2.0,no
administración,planta,38.7,1708.272,2.0,1.5,37.3,sí,46.0,hombre,fijo,centro B,36.0,1.4807433229529163,1.9,1.0,sí
enfermería,planta,45.6,2117.839,3.0,1.8,26.0,no,56.0,mujer,eventual,centro D,35.0,31.082419254717585,13.4,1.0,no
auxiliar,urgencias,40.8,1901.325,5.0,3.4,21.5,no,39.0,mujer,interino,centro D,105.0,-0.07018186561663509,12.4,1.0,no
auxiliar,uci,35.8,1643.119,2.0,4.9,5.2,sí,38.0,mujer,fijo,centro B,37.0,13.94314420071697,-99.0,0.0,no
auxiliar,quirófano,47.7,2203.198,1.0,4.3,5.4,sí,52.0,mujer,fijo,centro A,23.0,0.2730693974290954,14.3,0.0,no
enfermería,planta,23.5,1073.857,0.0,2.0,13.2,no,51.0,mujer,eventual,centro B,83.0,-14.048371921360342,12.9,2.0,sí
medicina,  urgencias ,36.0,1647.886,3.0,3.4,15.5,sí,46.0,hombre,interino,centro E,20.0,-2.556855386870403,4.6,2.0,no
enfermería,consultas,29.1,1381.753,1.0,1.0,14.8,no,56.0,mujer,eventual,centro C,13.0,-25.43577646231467,11.8,0.0,sí
enfermería,planta,33.9,1526.959,5.0,3.5,14.4,no,45.0,mujer,fijo,centro E,31.0,-17.384870794938507,10.1,0.0,no
enfermería,urgencias,37.8,1729.246,1.0,4.2,20.7,no,46.0,mujer,interino,centro C,1.0,-5.118210288953069,31.7,1.0,no
auxiliar,consultas,37.5,1712.19,0.0,3.4,21.8,sí,54.0,mujer,fijo,centro A,76.0,0.6634450532610465,95.1,0.0,no
enfermería,urgencias,38.8,1826.45,2.0,3.5,5.1,sí,42.0,mujer,interino,centro C,17.0,-20.61333773672048,2.8,0.0,sí
enfermería,PLANTA,33.1,1506.622,3.0,3.9,5.0,no,51.0,mujer,fijo,centro C,66.0,-29.637041715277746,16.4,1.0,no
enfermería,urgencias,36.2,1655.89,3.0,3.9,7.1,no,39.0,mujer,interino,centro D,58.0,-8.523083214261115,-99.0,0.0,no
medicina,  oncología ,33.4,1548.839,1.0,2.4,5.9,no,44.0,mujer,interino,centro B,38.0,-6.989779845374388,22.7,1.0,sí
enfermería,  urgencias ,39.6,1872.016,6.0,1.7,13.2,sí,42.0,hombre,interino,centro C,15.0,5.194545330062278,2.3,0.0,sí
administración,quirófano,23.3,1099.39,3.0,2.3,5.2,no,50.0,mujer,interino,centro E,7.0,-32.03583148356398,5.2,0.0,no
administración,consultas,39.8,1825.045,0.0,2.6,15.5,no,57.0,mujer,fijo,centro D,5.0,-22.39500951103149,61.7,0.0,sí
enfermería,urgencias,22.9,1031.262,1.0,4.0,11.3,no,48.0,hombre,fijo,centro B,21.0,-31.38456361903318,19.5,1.0,no
auxiliar,urgencias,20.0,917.118,1.0,2.9,12.6,no,39.0,hombre,fijo,centro B,5.0,-32.63270160827347,6.9,2.0,sí
enfermería,consultas,43.4,2009.185,4.0,3.7,4.7,sí,41.0,hombre,interino,centro A,42.0,-11.981395610884155,8.4,0.0,no
auxiliar,quirófano,39.6,1829.857,3.0,3.8,5.7,no,37.0,mujer,fijo,centro B,62.0,-12.033934577168662,3.3,1.0,no
auxiliar,consultas,33.9,1527.81,4.0,2.9,4.1,no,43.0,hombre,interino,centro E,14.0,-11.340760930587212,6.7,1.0,no
medicina,uci,33.8,1578.994,2.0,3.6,7.1,no,55.0,mujer,fijo,centro E,42.0,-7.7564641655161,16.8,2.0,sí
auxiliar,QUIRÓFANO,42.4,1982.65,0.0,5.0,9.1,sí,28.0,hombre,eventual,centro B,54.0,-6.216128285122726,23.0,0.0,no
enfermería,urgencias,35.9,1650.48,4.0,4.2,10.6,sí,49.0,hombre,fijo,centro C,37.0,-12.98693643987544,6.5,0.0,no
enfermería,oncología,39.3,1861.214,6.0,2.6,12.2,sí,50.0,mujer,fijo,centro D,36.0,15.084271268423198,35.2,0.0,no
medicina,planta,34.5,1543.165,4.0,3.4,7.4,sí,24.0,mujer,fijo,centro E,34.0,-19.13166389069309,5.0,2.0,sí
enfermería,uci,46.1,2062.771,4.0,5.0,13.7,no,41.0,mujer,interino,centro D,44.0,20.800438292997768,11.0,0.0,sí
enfermería,  urgencias ,32.0,1498.993,0.0,2.6,3.2,no,35.0,hombre,eventual,centro E,16.0,-18.64247779091823,5.8,0.0,no
administración,oncología,39.5,1806.835,0.0,5.0,6.2,no,35.0,mujer,fijo,centro D,25.0,-8.983749204903317,8.6,2.0,sí
auxiliar,PLANTA,39.2,1802.679,0.0,1.7,10.0,no,35.0,mujer,interino,centro D,24.0,-8.294127861858847,13.1,2.0,no
enfermería,consultas,31.7,1470.554,0.0,4.7,3.5,no,48.0,mujer,fijo,centro D,27.0,-14.116136765248003,2.1,0.0,no
celador,oncologia,38.5,1750.651,5.0,3.0,8.6,no,28.0,hombre,fijo,centro D,21.0,-7.037167917988474,23.3,0.0,no
medicina,urgencias,34.3,1657.703,2.0,3.5,1.9,no,45.0,mujer,fijo,centro E,32.0,-30.342909828780535,18.3,1.0,sí
medicina,consultas,39.5,1803.488,3.0,5.0,3.5,no,44.0,mujer,fijo,centro D,33.0,-12.589735096994367,8.0,2.0,no
enfermería,urgencias,43.5,2057.058,3.0,4.3,5.7,no,53.0,hombre,interino,centro C,24.0,16.47131557813513,21.7,0.0,sí
enfermería,  consultas ,24.1,1114.377,0.0,3.6,17.7,no,40.0,mujer,eventual,centro B,27.0,-16.293328262992077,5.6,0.0,sí
medicina,consultas,31.1,1422.815,0.0,4.0,5.0,sí,41.0,mujer,interino,centro B,15.0,-16.45980013933168,8.7,0.0,no
enfermería,  consultas ,36.4,1671.749,1.0,3.9,13.6,sí,66.0,mujer,N/D,centro D,29.0,-2.124734233370056,37.3,0.0,no
auxiliar,planta,35.7,1667.835,0.0,3.9,6.6,no,34.0,mujer,fijo,centro A,4.0,-25.96995723828667,24.7,2.0,sí
enfermería,planta,31.7,1422.834,6.0,4.5,15.3,sí,50.0,hombre,N/D,centro C,34.0,-32.64569890411068,22.9,2.0,sí
auxiliar,planta,31.9,1481.636,3.0,4.7,4.4,sí,35.0,mujer,fijo,centro C,11.0,-21.495639268658955,22.3,1.0,no
auxiliar,URGENCIAS,50.4,2324.897,0.0,2.6,2.9,no,44.0,mujer,interino,centro B,55.0,13.015520351482062,4.0,2.0,no
enfermería,consultas,37.1,1712.262,1.0,3.6,3.4,no,22.0,hombre,eventual,centro D,11.0,-16.772576024535653,9.6,2.0,sí
enfermería,planta,48.3,2208.724,0.0,2.5,9.4,sí,41.0,hombre,eventual,centro E,49.0,13.414934624607977,10.3,0.0,no
auxiliar,quirófano,51.1,2313.574,4.0,3.7,9.5,no,48.0,mujer,eventual,centro B,17.0,10.619316904303425,43.3,0.0,no
medicina,ONCOLOGÍA,33.5,1544.516,0.0,3.0,5.8,sí,56.0,mujer,interino,centro C,40.0,-3.445777757927033,13.1,1.0,no
enfermería,planta,34.9,1663.051,4.0,1.6,8.1,sí,42.0,hombre,interino,centro B,23.0,-14.038448367977704,25.5,1.0,no
auxiliar,quirófano,44.8,2075.15,4.0,2.7,6.5,sí,27.0,hombre,interino,centro D,8.0,28.48022113219522,27.2,0.0,sí
auxiliar,planta,47.5,2230.784,0.0,3.6,2.6,no,49.0,mujer,interino,centro B,46.0,9.627228465182885,6.9,1.0,sí
enfermería,  oncología ,27.3,1239.278,4.0,3.5,22.5,no,33.0,hombre,interino,centro B,8.0,-33.84001388257056,70.2,1.0,no
medicina,consultas,36.7,1679.244,0.0,2.8,6.8,no,34.0,mujer,fijo,centro B,10.0,-6.520989666359714,12.3,0.0,no
auxiliar,quirófano,41.7,1990.222,4.0,3.0,18.1,no,53.0,hombre,fijo,centro B,15.0,-16.485453425744033,3.8,0.0,no
enfermería,PLANTA,36.3,1641.631,2.0,2.5,4.4,sí,43.0,mujer,fijo,centro E,22.0,-16.438352426563153,-99.0,1.0,sí
enfermería,planta,42.7,1970.229,6.0,5.0,8.2,no,59.0,hombre,interino,centro A,14.0,-5.664966391512804,10.2,1.0,no
medicina,planta,42.0,1974.796,1.0,2.0,3.4,no,34.0,hombre,fijo,centro D,26.0,0.5085147787391526,13.2,2.0,sí
enfermería,urgencias,45.8,2173.563,3.0,2.1,25.4,no,51.0,mujer,interino,centro E,62.0,20.522048374753762,57.4,1.0,no
auxiliar,consultas,39.2,1794.021,0.0,3.8,5.6,no,43.0,mujer,fijo,centro E,19.0,-15.79028824940798,179.3,0.0,no
auxiliar,oncología,20.4,942.289,0.0,5.0,22.5,no,40.0,mujer,fijo,centro E,104.0,-25.014385051707468,10.2,0.0,no
enfermería,CONSULTAS,41.4,1890.928,0.0,2.6,8.8,sí,44.0,mujer,interino,centro B,14.0,-9.333480969990031,14.1,1.0,no
administración,planta,25.3,1169.901,3.0,3.8,8.4,sí,46.0,hombre,interino,centro C,16.0,-14.481170958563123,4.1,3.0,sí
medicina,urgencias,46.7,2173.617,3.0,4.8,1.7,sí,31.0,mujer,interino,centro D,14.0,35.27154175847305,25.2,3.0,no
administración,  consultas ,45.5,2111.759,3.0,5.0,6.7,sí,39.0,mujer,eventual,centro C,3.0,-8.961198679438208,27.1,0.0,no
medicina,planta,29.0,1300.762,4.0,3.4,11.9,no,37.0,hombre,interino,centro A,13.0,-31.209338410773803,2.9,0.0,no
celador,planta,39.7,1790.438,1.0,1.6,7.2,no,43.0,mujer,N/D,centro C,52.0,-10.70567637038273,30.3,1.0,no
medicina,uci,37.9,1805.024,1.0,3.6,8.7,sí,39.0,mujer,fijo,centro B,14.0,-11.324994042126422,36.3,0.0,no
celador,planta,38.0,1720.769,0.0,2.1,3.8,no,45.0,mujer,interino,centro C,23.0,-21.332571386357046,3.3,0.0,no
medicina,oncología,38.6,1775.714,0.0,2.5,14.8,sí,28.0,hombre,eventual,centro B,17.0,7.273630318639475,9.9,0.0,no
administración,planta,31.6,1474.125,0.0,2.3,12.1,no,52.0,mujer,fijo,centro D,12.0,-14.749318203119369,28.4,1.0,sí
administración,oncología,28.4,1297.098,5.0,1.7,8.1,sí,50.0,hombre,fijo,centro E,32.0,-20.963063459599073,99.7,1.0,no
medicina,planta,29.8,1419.41,1.0,4.2,6.5,no,32.0,hombre,fijo,centro D,15.0,-13.573116164158208,-99.0,2.0,sí
enfermería,planta,37.9,1802.965,2.0,3.8,1.7,sí,37.0,mujer,fijo,centro D,8.0,-11.796802289926022,30.7,2.0,no
enfermería,consultas,42.7,1904.775,4.0,3.8,9.8,no,35.0,mujer,fijo,centro E,29.0,27.939672342886844,21.3,0.0,sí
enfermería,uci,46.4,2116.142,0.0,4.9,4.7,no,45.0,mujer,fijo,centro B,26.0,3.323717228798391,47.4,1.0,no
auxiliar,urgencias,44.2,2077.944,3.0,1.5,10.8,no,44.0,hombre,fijo,centro A,23.0,3.748032754972904,14.4,2.0,no
enfermería,quirófano,36.6,1685.25,3.0,4.1,3.1,no,32.0,mujer,fijo,centro E,34.0,-9.246982167291115,6.1,0.0,sí
enfermería,uci,26.1,1197.75,4.0,3.7,6.7,no,42.0,mujer,fijo,centro E,11.0,-22.923980948271627,12.3,2.0,no
auxiliar,planta,35.4,1603.04,1.0,5.0,9.9,no,41.0,mujer,fijo,centro C,42.0,-27.972050334269426,17.0,2.0,no
auxiliar,  planta ,31.8,1469.252,0.0,2.5,21.9,no,29.0,mujer,interino,centro A,4.0,-20.622377912173608,20.8,3.0,no
administración,urgencias,31.7,1457.109,0.0,3.8,4.9,no,41.0,mujer,interino,centro B,14.0,-9.062372582207427,5.7,2.0,sí
medicina,consultas,38.2,1796.679,2.0,2.8,13.3,sí,37.0,hombre,fijo,centro A,23.0,-17.890149940024294,15.9,1.0,sí
medicina,ONCOLOGÍA,33.6,1544.985,1.0,2.8,12.2,sí,38.0,mujer,fijo,centro D,24.0,-27.267644989120214,3.6,2.0,no
administración,quirofano,36.5,1706.501,1.0,2.8,11.8,no,26.0,mujer,eventual,centro A,33.0,-27.900215429972665,42.1,0.0,no
enfermería,consultas,36.1,1614.205,0.0,3.2,15.1,no,56.0,hombre,fijo,centro D,8.0,-28.675405898825954,38.5,0.0,sí
medicina,planta,26.9,1254.743,4.0,2.6,29.3,no,31.0,hombre,fijo,centro D,2.0,-41.69090211383768,27.0,0.0,sí
administración,  consultas ,35.5,1621.912,1.0,4.3,3.4,no,44.0,mujer,interino,centro D,40.0,-22.20864515380684,33.2,1.0,sí
celador,  consultas ,48.9,2186.11,0.0,2.9,7.2,no,61.0,mujer,fijo,centro E,20.0,23.52944100086018,7.9,0.0,sí
celador,urgencias,29.9,1363.637,0.0,3.0,14.9,no,39.0,mujer,fijo,centro C,60.0,-12.592169726788473,7.2,1.0,sí
enfermería,planta,37.7,1708.67,0.0,3.0,2.8,no,26.0,mujer,fijo,centro E,35.0,8.841518580758702,20.1,2.0,no
auxiliar,consultas,43.8,2080.856,1.0,3.0,13.1,sí,38.0,mujer,fijo,centro A,9.0,-12.41133511357141,-99.0,2.0,sí
celador,uci,29.7,1415.436,7.0,2.6,4.4,no,54.0,mujer,interino,centro D,14.0,-33.108605901941466,33.7,0.0,no
medicina,uci,42.3,1934.714,1.0,3.9,10.8,no,33.0,hombre,eventual,centro E,41.0,-12.485419784243678,64.0,1.0,sí
celador,planta,39.6,1820.435,0.0,3.1,4.1,no,43.0,mujer,fijo,centro D,29.0,-9.529372886509266,24.5,0.0,no
auxiliar,URGENCIAS,35.0,1565.969,0.0,4.2,19.2,no,44.0,mujer,fijo,centro A,6.0,-6.780905299052403,9.2,3.0,no
medicina,CONSULTAS,28.4,1307.458,2.0,4.8,1.0,no,45.0,mujer,eventual,centro D,39.0,-35.19597266579925,9.6,0.0,no
medicina,urgencias,31.3,1450.016,6.0,3.7,7.6,no,65.0,mujer,fijo,centro D,17.0,-11.807120141450863,176.5,0.0,no
medicina,oncología,40.2,1912.628,4.0,3.3,10.9,sí,30.0,hombre,fijo,centro C,11.0,14.10824474303688,3.7,0.0,sí
enfermería,  urgencias ,33.0,1503.327,2.0,4.9,6.5,no,43.0,mujer,fijo,centro D,20.0,-44.84884287286046,91.9,1.0,no
celador,consultas,32.4,1479.44,0.0,3.2,3.8,sí,52.0,hombre,interino,centro E,21.0,-11.295985378443241,2.9,2.0,no
enfermería,consultas,38.3,1853.519,2.0,4.8,10.4,no,39.0,mujer,fijo,centro E,67.0,-13.431505654654979,9.6,0.0,sí
celador,uci,38.4,1704.454,1.0,4.8,12.5,sí,41.0,mujer,fijo,centro B,25.0,7.575285410808744,131.0,0.0,no
enfermería,quirófano,51.3,2349.479,1.0,2.0,3.8,sí,30.0,mujer,eventual,centro E,27.0,41.354993542598145,2.9,1.0,sí
enfermería,planta,42.5,2000.212,3.0,3.1,3.1,sí,49.0,mujer,fijo,centro D,23.0,4.381128862711389,11.1,0.0,sí
administración,oncología,47.4,2158.188,6.0,2.3,3.2,sí,53.0,mujer,fijo,centro B,74.0,34.6834235636216,16.1,1.0,no
enfermería,uci,35.1,1569.443,0.0,2.5,10.6,no,40.0,mujer,fijo,centro B,26.0,-19.89407698729577,10.2,1.0,no
auxiliar,consultas,45.7,2085.959,2.0,4.0,4.0,sí,44.0,mujer,N/D,centro E,24.0,-5.3391070703123376,24.0,2.0,sí
celador,oncología,43.6,2025.214,0.0,3.2,4.2,no,38.0,mujer,fijo,centro B,9.0,7.439133979093372,26.9,1.0,no
auxiliar,  quirófano ,30.5,1371.063,0.0,4.4,3.3,no,40.0,mujer,fijo,centro E,23.0,-26.245310592465973,46.6,4.0,no
medicina,QUIRÓFANO,37.6,1688.034,6.0,3.7,7.5,sí,36.0,mujer,fijo,centro E,23.0,-7.704346339669819,12.1,0.0,sí
administración,planta,38.3,1745.734,1.0,4.6,5.6,no,28.0,hombre,interino,centro D,20.0,-7.437389408385407,43.3,2.0,no
enfermería,  uci ,36.0,1662.322,2.0,3.8,5.6,no,54.0,mujer,interino,centro D,16.0,-27.807993894563374,45.0,1.0,sí
administración,oncologia,33.3,1546.862,0.0,3.9,3.6,sí,52.0,mujer,N/D,centro D,6.0,-16.118185737589297,10.4,2.0,sí
auxiliar,planta,26.6,1215.121,0.0,3.2,2.9,sí,36.0,hombre,interino,centro C,21.0,-2.819024933788196,13.0,0.0,no
enfermería,planta,40.4,1883.473,3.0,3.0,9.7,no,48.0,mujer,fijo,centro B,28.0,-6.872671825299725,9.8,0.0,sí
medicina,  planta ,48.7,2209.077,0.0,3.0,11.0,no,32.0,mujer,interino,centro A,7.0,15.771517502192367,8.1,0.0,sí
medicina,consultas,37.9,1774.452,6.0,3.3,13.8,no,37.0,mujer,eventual,centro D,15.0,-7.4074297321117,9.1,2.0,sí
enfermería,oncología,51.1,2355.273,0.0,3.7,14.5,no,34.0,mujer,eventual,centro E,8.0,13.856067925398863,37.7,0.0,no
medicina,planta,30.0,1399.875,3.0,2.0,9.6,sí,33.0,hombre,fijo,centro E,7.0,-21.12857525846759,-99.0,1.0,sí
auxiliar,planta,32.5,1496.9,4.0,1.3,11.5,no,44.0,mujer,fijo,centro C,27.0,1.95040459356089,27.4,0.0,sí
enfermería,urgencias,37.1,1691.896,4.0,1.8,9.9,no,52.0,mujer,fijo,centro A,30.0,2.6699119959704163,68.7,0.0,no
auxiliar,consultas,41.6,1929.251,3.0,4.0,16.7,no,46.0,hombre,fijo,centro C,20.0,5.010071466040246,29.7,1.0,no
celador,UCI,47.0,2181.502,4.0,3.6,2.3,no,48.0,hombre,interino,centro D,18.0,29.11166628375524,50.2,0.0,no
medicina,URGENCIAS,34.2,1599.72,3.0,4.1,11.8,no,43.0,mujer,N/D,centro E,31.0,-16.115529585881788,6.9,2.0,no
auxiliar,CONSULTAS,41.9,1939.234,0.0,3.2,4.6,no,54.0,hombre,fijo,centro C,58.0,-17.180554171952124,2.1,0.0,no
auxiliar,urgencias,48.0,2185.027,3.0,3.5,35.6,no,42.0,mujer,interino,centro A,44.0,27.604255802906575,10.8,0.0,no
medicina,QUIRÓFANO,47.4,2225.985,2.0,2.9,21.7,sí,47.0,mujer,interino,centro D,23.0,17.358823722799208,3.0,0.0,sí
enfermería,consultas,31.9,1437.693,1.0,2.4,18.7,sí,44.0,hombre,eventual,centro D,28.0,-2.1792093148316223,8.5,1.0,no
enfermería,planta,33.6,1565.464,3.0,4.3,5.4,no,33.0,mujer,fijo,centro D,33.0,-12.282817736341855,18.2,2.0,no
auxiliar,oncología,38.6,1735.078,2.0,3.8,5.1,no,39.0,mujer,fijo,centro C,34.0,-9.572438677328512,27.4,0.0,sí
enfermería,planta,51.3,2371.974,0.0,3.2,3.8,sí,31.0,mujer,fijo,centro B,11.0,23.24361221447978,13.8,0.0,no
enfermería,uci,34.6,1636.424,1.0,4.2,2.9,sí,44.0,mujer,fijo,centro A,10.0,-32.01328246704746,18.8,0.0,no
auxiliar,planta,33.8,1550.582,5.0,3.6,18.3,sí,41.0,mujer,fijo,centro B,52.0,-11.123289084743064,10.9,1.0,sí
enfermería,quirófano,37.9,1693.416,1.0,3.6,13.4,sí,31.0,mujer,interino,centro B,22.0,2.982234664496355,9.2,3.0,no
celador,consultas,36.6,1682.064,0.0,2.7,25.6,sí,36.0,hombre,fijo,centro D,29.0,-23.46566733374079,21.3,4.0,sí
celador,consultas,36.3,1622.538,5.0,4.4,18.4,no,35.0,hombre,N/D,centro D,11.0,3.6158724304895244,17.0,2.0,no
administración,uci,28.4,1313.768,0.0,4.9,10.3,no,30.0,mujer,interino,centro C,5.0,-12.466057748289515,5.3,0.0,sí
enfermería,urgencias,29.9,1401.838,1.0,2.2,21.5,no,34.0,hombre,fijo,centro E,36.0,-19.92474720619241,-99.0,3.0,sí
auxiliar,urgencias,42.9,1952.626,2.0,4.0,21.4,no,49.0,mujer,fijo,centro D,18.0,-2.9170672862821516,8.2,1.0,sí
administración,planta,31.4,1524.06,0.0,3.5,9.3,sí,45.0,hombre,fijo,centro C,19.0,-5.924523713929833,65.8,2.0,sí
administración,quirófano,35.0,1627.399,3.0,1.0,7.8,no,41.0,mujer,fijo,centro C,29.0,-17.18976596861114,21.8,0.0,no
medicina,consultas,41.5,1886.869,6.0,5.0,21.5,no,42.0,mujer,fijo,centro B,73.0,-3.4768986909185338,46.2,0.0,no
administración,urgencias,28.8,1360.447,6.0,1.4,9.1,sí,29.0,mujer,fijo,centro E,15.0,-32.49524901155758,7.2,4.0,sí
enfermería,planta,50.9,2318.471,3.0,2.3,5.1,no,66.0,mujer,interino,centro E,78.0,37.199362606523025,17.0,0.0,sí
enfermería,consultas,36.2,1683.047,0.0,4.1,4.9,no,44.0,mujer,interino,centro C,13.0,-9.344836790070131,21.9,3.0,sí
celador,oncología,44.3,2077.894,0.0,1.9,0.7,sí,35.0,mujer,interino,centro B,27.0,4.069467077357864,24.5,2.0,sí
administración,planta,44.4,2012.023,7.0,1.4,6.7,sí,55.0,mujer,fijo,centro D,23.0,11.222156935813164,8.3,0.0,no
enfermería,planta,40.9,1809.607,1.0,3.0,29.5,no,66.0,hombre,N/D,centro A,55.0,-7.444502366282874,71.3,0.0,sí
celador,PLANTA,49.3,2239.93,1.0,1.5,18.7,sí,25.0,mujer,fijo,centro C,34.0,17.524939565332094,9.8,0.0,no
celador,urgencias,45.1,2054.06,5.0,2.4,0.9,no,31.0,hombre,interino,centro C,71.0,21.44823198396344,10.1,1.0,sí
enfermería,  uci ,39.3,1784.718,2.0,3.4,3.1,sí,49.0,mujer,N/D,centro C,53.0,-19.078646009312628,1.0,0.0,no
medicina,CONSULTAS,43.5,2058.794,0.0,2.0,12.1,no,45.0,mujer,fijo,centro D,10.0,-10.703599643470714,3.8,0.0,no
enfermería,consultas,36.7,1668.911,3.0,2.6,6.5,no,48.0,mujer,eventual,centro D,79.0,-21.450508882813914,2.6,0.0,sí
enfermería,  quirófano ,37.0,1732.265,3.0,4.0,8.2,no,42.0,mujer,fijo,centro B,35.0,-8.381133695026485,10.5,1.0,no
medicina,urgencias,37.6,1732.193,0.0,4.0,11.7,no,48.0,mujer,N/D,centro B,15.0,-1.1631317665286112,16.6,2.0,no
enfermería,planta,36.9,1740.375,0.0,3.4,4.2,no,51.0,mujer,fijo,centro A,5.0,-19.584504823700698,5.0,2.0,sí
medicina,quirofano,39.0,1741.33,4.0,3.6,6.6,no,24.0,mujer,interino,centro E,66.0,-9.187466297443784,24.6,1.0,no
auxiliar,uci,39.5,1762.891,1.0,5.0,15.1,sí,63.0,mujer,eventual,centro E,8.0,-18.52367444178627,13.6,0.0,no
celador,consultas,43.2,2031.674,5.0,3.5,2.6,no,50.0,hombre,fijo,centro C,53.0,-2.387084320580711,23.8,0.0,sí
enfermería,planta,37.6,1769.818,0.0,2.8,12.1,no,45.0,mujer,interino,centro B,15.0,-11.652779989730107,-99.0,2.0,no
administración,urgencias,44.5,2055.868,1.0,2.1,9.4,sí,46.0,mujer,interino,centro B,23.0,6.557089121638534,28.8,1.0,no
auxiliar,planta,32.1,1478.059,5.0,3.6,4.6,sí,33.0,mujer,fijo,centro B,14.0,-29.040309848989345,28.1,0.0,no
medicina,ONCOLOGÍA,25.6,1182.891,0.0,3.8,9.5,sí,61.0,hombre,fijo,centro C,26.0,-16.22842195961974,8.8,1.0,no
administración,planta,25.8,1174.914,1.0,1.4,8.2,sí,28.0,mujer,interino,centro C,44.0,-29.307472702250536,2.8,2.0,no
administración,urgencias,32.6,1502.627,3.0,2.7,4.4,no,43.0,mujer,interino,centro B,43.0,-18.211321466509975,8.5,2.0,no
auxiliar,uci,41.2,1808.143,3.0,4.0,17.4,no,46.0,mujer,interino,centro E,31.0,-7.723782737501375,28.3,1.0,no
auxiliar,  consultas ,39.8,1812.425,2.0,3.8,18.4,no,60.0,mujer,N/D,centro B,12.0,-11.021230578631805,34.5,0.0,sí
administración,quirófano,27.3,1216.612,0.0,5.0,8.9,no,56.0,mujer,N/D,centro D,48.0,-38.47734884030069,36.0,1.0,no
administración,quirófano,39.7,1870.877,0.0,2.5,15.6,no,40.0,mujer,eventual,centro A,44.0,-5.010579317088917,8.3,0.0,sí
celador,planta,43.6,2015.213,1.0,3.4,10.8,sí,36.0,mujer,N/D,centro E,17.0,-10.654950864276595,17.6,0.0,sí
enfermería,uci,27.3,1260.801,2.0,3.8,25.1,no,43.0,mujer,fijo,centro C,35.0,-29.373884714371485,10.6,0.0,sí
medicina,CONSULTAS,37.1,1707.541,3.0,2.2,11.2,sí,61.0,mujer,interino,centro A,14.0,-5.261068513045938,5.9,0.0,no
auxiliar,uci,30.7,1395.507,0.0,3.8,5.0,no,39.0,mujer,eventual,centro B,17.0,-7.414878059737111,8.1,0.0,sí
medicina,  uci ,42.5,1955.79,3.0,3.1,6.3,no,39.0,mujer,fijo,centro A,27.0,-5.6992598395277785,18.5,1.0,sí
enfermería,quirófano,37.9,1780.095,4.0,4.2,6.7,sí,25.0,mujer,fijo,centro C,20.0,-9.65849423239468,3.8,4.0,sí
celador,  planta ,25.2,1169.969,3.0,3.8,9.3,sí,29.0,mujer,interino,centro A,33.0,-26.86684548288767,40.4,0.0,no
medicina,planta,48.7,2219.077,2.0,1.2,6.3,sí,58.0,mujer,interino,centro B,11.0,11.349475199040489,56.3,2.0,sí
enfermería,consultas,35.1,1631.852,1.0,3.4,19.4,no,42.0,mujer,interino,centro E,31.0,2.961075428935782,15.7,1.0,no
celador,planta,29.8,1430.159,2.0,4.0,2.4,sí,50.0,mujer,interino,centro A,23.0,-26.847214503022784,8.4,0.0,no
enfermería,uci,45.8,2134.575,4.0,5.0,7.1,sí,49.0,mujer,fijo,centro A,10.0,13.755392541417805,2.7,3.0,no
enfermería,planta,34.4,1628.004,1.0,2.7,13.6,no,44.0,hombre,interino,centro B,78.0,-10.032659802966155,-99.0,2.0,no
medicina,  consultas ,30.3,1408.083,1.0,3.0,10.7,no,43.0,mujer,interino,centro D,28.0,-22.608304568206318,41.5,2.0,sí
medicina,oncología,31.8,1488.17,3.0,2.6,11.1,sí,43.0,mujer,fijo,centro E,10.0,-18.348998890567774,-99.0,0.0,no
auxiliar,quirófano,37.6,1700.815,5.0,4.4,15.9,no,32.0,mujer,fijo,centro D,13.0,-23.73618923442006,15.1,3.0,sí
administración,  planta ,38.2,1750.163,0.0,1.8,14.0,sí,44.0,mujer,fijo,centro A,42.0,-6.23934617981841,14.2,3.0,sí
enfermería,planta,36.2,1680.431,2.0,3.7,27.5,sí,35.0,hombre,eventual,centro D,14.0,-3.980617712748195,11.8,1.0,no
enfermería,quirófano,47.0,2099.281,4.0,3.2,13.5,no,39.0,mujer,fijo,centro E,4.0,19.798179289570722,31.3,1.0,sí
administración,consultas,31.2,1420.495,0.0,3.8,9.4,sí,61.0,mujer,fijo,centro C,37.0,-18.11686852864756,17.2,0.0,no
medicina,uci,35.9,1652.601,3.0,3.0,10.5,no,39.0,mujer,eventual,centro A,24.0,-10.921440501943355,3.7,2.0,no
enfermería,planta,38.9,1796.001,1.0,3.8,7.5,no,27.0,hombre,fijo,centro E,45.0,-2.2660496628350373,13.3,0.0,no
auxiliar,consultas,42.6,1914.486,3.0,3.6,14.4,no,44.0,hombre,interino,centro B,14.0,1.8446907928326013,-99.0,1.0,no
enfermería,planta,37.5,1684.01,5.0,3.2,1.2,no,45.0,mujer,fijo,centro C,51.0,-12.91006237959101,18.1,0.0,sí
administración,URGENCIAS,20.3,923.262,3.0,2.6,11.4,no,39.0,mujer,fijo,centro D,33.0,-33.268127805291435,19.4,0.0,no
enfermería,planta,44.9,2009.593,2.0,2.4,7.0,sí,47.0,hombre,fijo,centro C,49.0,13.626945164155378,9.6,0.0,no
administración,urgencias,29.4,1382.753,3.0,1.8,13.4,sí,48.0,hombre,fijo,centro B,40.0,-14.77455202398873,3.5,3.0,no
enfermería,  urgencias ,42.5,1974.83,2.0,4.1,9.9,no,36.0,hombre,fijo,centro D,37.0,7.211078667008026,25.3,0.0,no
medicina,planta,37.7,1730.132,0.0,2.6,5.7,no,32.0,hombre,fijo,centro B,7.0,-10.901350040375396,34.5,0.0,sí
auxiliar,planta,43.3,1987.638,0.0,4.5,3.2,no,49.0,hombre,N/D,centro D,15.0,5.623387069082394,18.3,2.0,no
enfermería,uci,30.4,1363.613,5.0,3.5,6.0,no,39.0,hombre,interino,centro B,71.0,-9.019424188181997,5.1,0.0,sí
enfermería,planta,40.8,1896.098,3.0,2.6,7.3,sí,32.0,hombre,fijo,centro A,19.0,-1.8367637642539911,42.7,4.0,no
celador,consultas,40.3,1884.365,5.0,4.0,5.4,sí,43.0,hombre,N/D,centro D,102.0,-8.748407783103826,7.4,0.0,sí
enfermería,uci,56.5,2551.194,0.0,3.6,1.7,sí,51.0,mujer,fijo,centro E,37.0,27.24423637411674,11.0,1.0,no
enfermería,oncología,23.4,1088.249,1.0,3.9,1.2,sí,41.0,hombre,fijo,centro D,43.0,-16.95368554512939,39.0,0.0,sí
administración,consultas,40.1,1825.591,2.0,3.7,10.1,no,43.0,mujer,N/D,centro D,19.0,3.2516661824596174,8.5,2.0,no
medicina,URGENCIAS,36.7,1670.439,0.0,4.5,4.3,sí,59.0,mujer,fijo,centro A,23.0,-20.226154189636937,6.4,0.0,no
enfermería,quirófano,45.2,2097.779,4.0,3.8,19.3,no,45.0,mujer,fijo,centro E,27.0,23.699979551879053,2.3,1.0,sí
medicina,PLANTA,44.1,2044.126,0.0,2.6,7.0,sí,31.0,hombre,interino,centro D,43.0,-9.0014362903813,39.5,2.0,no
medicina,  urgencias ,44.2,2029.568,3.0,4.0,2.3,no,34.0,hombre,interino,centro C,14.0,-6.319741857610951,-99.0,1.0,no
enfermería,oncología,31.6,1464.793,2.0,3.2,30.8,no,51.0,hombre,interino,centro B,22.0,-0.45675568205487593,91.4,2.0,sí
medicina,consultas,36.5,1695.681,0.0,3.7,1.5,sí,47.0,mujer,fijo,centro B,9.0,-2.773054536452987,28.5,2.0,sí
medicina,quirófano,33.6,1534.331,0.0,1.9,6.1,sí,50.0,mujer,interino,centro D,19.0,-16.119955595722896,18.8,2.0,sí
enfermería,urgencias,31.7,1453.339,2.0,2.8,11.3,sí,35.0,mujer,fijo,centro B,35.0,-9.428371672197951,8.2,0.0,sí
administración,uci,42.2,1958.18,1.0,2.9,7.0,no,41.0,mujer,fijo,centro C,14.0,-23.71250341971505,4.3,0.0,no
auxiliar,urgencias,43.8,2006.165,4.0,2.2,11.5,no,30.0,hombre,fijo,centro C,37.0,19.51026923679727,21.7,2.0,sí
medicina,consultas,29.9,1325.884,0.0,2.7,0.4,sí,26.0,mujer,interino,centro A,21.0,-9.893405325825832,14.1,2.0,no
medicina,oncología,32.2,1510.366,5.0,2.6,22.6,no,37.0,mujer,fijo,centro C,10.0,-28.739400230654436,16.8,0.0,sí
celador,PLANTA,29.8,1328.976,4.0,3.4,4.8,sí,51.0,mujer,interino,centro A,21.0,-23.271768034536326,3.8,1.0,sí
medicina,uci,45.2,2100.507,0.0,4.8,12.0,sí,36.0,mujer,fijo,centro B,22.0,11.502706123052882,13.5,1.0,sí
auxiliar,planta,33.2,1542.706,0.0,2.5,7.4,sí,41.0,mujer,N/D,centro B,8.0,-7.328974739932839,11.7,1.0,sí
medicina,planta,23.7,1067.96,0.0,4.1,8.7,no,49.0,mujer,fijo,centro D,38.0,-15.061046749515059,13.0,2.0,sí
auxiliar,UCI,34.7,1604.272,4.0,4.1,7.2,no,36.0,hombre,fijo,centro A,66.0,-21.88576179263808,20.8,0.0,sí
administración,planta,50.5,2363.085,6.0,4.3,12.9,no,50.0,hombre,fijo,centro E,13.0,41.0498035603029,26.0,1.0,sí
enfermería,planta,38.5,1775.216,5.0,2.6,3.9,sí,42.0,hombre,interino,centro B,14.0,-10.378475614229115,9.8,0.0,no
medicina,URGENCIAS,45.7,2117.599,1.0,2.1,5.5,no,35.0,mujer,fijo,centro A,30.0,13.72465384151902,19.7,0.0,no
enfermería,quirófano,33.9,1564.086,5.0,3.9,10.5,no,42.0,mujer,fijo,centro B,1.0,-9.95052914219162,14.7,2.0,no
auxiliar,urgencias,33.4,1534.047,5.0,3.7,5.9,no,39.0,mujer,fijo,centro B,29.0,-38.91393795372734,17.4,0.0,sí
enfermería,quirófano,59.5,2662.535,0.0,5.0,15.7,sí,34.0,mujer,interino,centro A,10.0,34.930084485289676,55.8,1.0,no
medicina,urgencias,45.5,2096.213,3.0,4.6,9.7,no,57.0,mujer,interino,centro B,10.0,-0.4516413520447511,36.1,2.0,no
administración,consultas,42.2,1856.673,0.0,3.0,9.7,no,34.0,mujer,interino,centro D,57.0,-4.555153739142616,10.7,0.0,sí
celador,quirófano,29.7,1362.501,0.0,1.9,14.5,no,49.0,hombre,fijo,centro A,25.0,-22.32899521180956,9.2,3.0,no
enfermería,quirófano,34.2,1595.533,4.0,1.6,9.0,sí,32.0,mujer,interino,centro E,8.0,-29.705208592540743,9.2,0.0,sí
medicina,quirófano,21.5,999.527,2.0,3.1,2.9,no,44.0,mujer,interino,centro D,53.0,-26.15479144167088,13.8,0.0,sí
administración,  uci ,36.7,1650.757,0.0,2.8,25.5,no,39.0,mujer,fijo,centro E,16.0,-17.36992061885442,10.7,2.0,sí
enfermería,CONSULTAS,24.0,1112.186,3.0,3.5,12.7,no,26.0,mujer,interino,centro B,37.0,-27.07871020619891,47.7,1.0,no
celador,planta,38.0,1775.77,2.0,4.9,8.7,no,29.0,mujer,eventual,centro C,45.0,-17.615998285550294,10.9,2.0,sí
administración,urgencias,42.4,1937.952,0.0,3.7,7.9,no,45.0,hombre,interino,centro A,26.0,-13.837923236384755,31.3,2.0,no
enfermería,planta,35.3,1614.386,1.0,4.1,38.3,no,37.0,mujer,fijo,centro A,12.0,-26.912181388830298,37.1,0.0,no
celador,consultas,38.5,1750.869,0.0,2.9,5.8,no,33.0,mujer,fijo,centro B,13.0,-19.053671778250568,11.7,0.0,no
administración,planta,41.0,1861.48,3.0,2.7,2.5,no,43.0,hombre,fijo,centro C,27.0,6.627778727035729,5.2,0.0,sí
medicina,  planta ,38.9,1794.139,4.0,2.4,4.9,sí,41.0,mujer,N/D,centro A,33.0,-1.998221352365993,15.9,1.0,sí
enfermería,urgencias,40.3,1905.781,0.0,2.2,6.8,sí,48.0,mujer,interino,centro C,45.0,-7.313580891593686,5.8,2.0,no
administración,planta,37.0,1689.025,4.0,4.5,4.3,no,32.0,hombre,fijo,centro D,11.0,-10.678744026724434,6.8,0.0,no
administración,uci,39.4,1849.412,5.0,3.6,15.9,no,55.0,mujer,N/D,centro C,106.0,-10.275037554120622,25.8,0.0,no
medicina,urgencias,49.1,2203.92,0.0,2.6,0.8,sí,23.0,mujer,interino,centro B,6.0,21.054576564576163,12.3,1.0,sí
medicina,oncología,35.4,1676.035,1.0,3.5,5.4,no,45.0,mujer,eventual,centro D,16.0,-23.21649079212016,21.0,0.0,sí
auxiliar,oncología,34.1,1571.855,4.0,4.6,7.5,sí,38.0,mujer,fijo,centro E,33.0,-10.41245129652068,8.3,0.0,no
enfermería,planta,38.4,1738.173,3.0,5.0,16.3,no,53.0,hombre,interino,centro D,14.0,-15.631269714680371,5.7,2.0,no
administración,PLANTA,32.6,1450.103,4.0,3.6,3.4,no,36.0,mujer,fijo,centro E,34.0,-28.284325573485805,9.9,2.0,no
auxiliar,planta,41.2,1992.104,5.0,3.7,0.4,sí,44.0,mujer,fijo,centro D,54.0,11.327259080476097,22.5,2.0,no
administración,quirófano,46.0,2068.424,0.0,4.0,10.7,sí,22.0,hombre,interino,centro E,20.0,-8.31321097255258,8.7,0.0,sí
auxiliar,QUIRÓFANO,38.5,1806.294,0.0,2.7,4.6,no,46.0,mujer,fijo,centro D,20.0,-20.258178739185496,37.5,2.0,no
celador,ONCOLOGÍA,34.2,1567.801,0.0,2.9,22.8,no,44.0,mujer,eventual,centro B,8.0,-17.010296393791045,13.5,1.0,sí
enfermería,planta,36.9,1672.171,0.0,5.0,15.3,no,38.0,mujer,fijo,centro D,19.0,-37.905185299196944,30.9,0.0,no
enfermería,oncología,39.5,1837.831,0.0,4.1,9.8,sí,41.0,mujer,fijo,centro D,44.0,-14.408499885133095,34.5,1.0,no
enfermería,uci,22.8,1033.16,3.0,3.6,2.6,no,47.0,mujer,fijo,centro A,60.0,-21.585908662290226,20.0,2.0,sí
enfermería,oncología,35.4,1612.757,4.0,3.9,16.6,no,56.0,hombre,interino,centro D,42.0,-18.281331943726965,8.7,0.0,no
medicina,planta,28.1,1308.73,3.0,2.3,6.2,no,54.0,hombre,eventual,centro D,39.0,-29.15152111483444,60.2,1.0,sí
auxiliar,  urgencias ,34.5,1522.535,0.0,4.8,11.6,no,37.0,hombre,fijo,centro A,26.0,-21.512230659163073,15.1,2.0,sí
medicina,urgencias,45.8,2065.509,6.0,1.2,26.0,sí,44.0,mujer,interino,centro C,24.0,38.554356920108695,-99.0,2.0,no
administración,oncología,42.5,1930.779,0.0,3.9,10.8,no,45.0,mujer,N/D,centro C,11.0,-12.850621771289834,8.4,0.0,no
auxiliar,  quirófano ,36.0,1659.496,3.0,3.8,3.5,sí,35.0,hombre,interino,centro A,4.0,6.0356216172176005,16.6,0.0,sí
medicina,  consultas ,31.2,1454.153,0.0,4.1,13.2,no,57.0,hombre,interino,centro C,25.0,-45.01020762888382,45.0,1.0,no
administración,planta,41.9,1923.28,1.0,3.4,4.8,no,51.0,mujer,eventual,centro B,7.0,-6.881137486381618,63.3,2.0,no
medicina,planta,38.9,1741.991,1.0,2.6,7.2,no,50.0,mujer,fijo,centro D,16.0,-7.322236189891326,8.5,0.0,no
celador,planta,45.9,2139.702,2.0,3.5,15.5,sí,32.0,mujer,fijo,centro A,14.0,7.298179968867712,3.6,0.0,sí
auxiliar,  urgencias ,32.9,1496.199,5.0,3.7,28.1,no,46.0,mujer,fijo,centro A,29.0,-18.479110462978554,7.7,0.0,sí
auxiliar,  uci ,36.3,1669.644,4.0,3.4,8.5,sí,54.0,mujer,fijo,centro B,48.0,1.8605026169472332,56.8,0.0,sí
auxiliar,oncología,34.3,1545.283,2.0,3.6,5.6,sí,41.0,mujer,fijo,centro A,67.0,-6.551729687447784,12.9,0.0,sí
medicina,urgencias,38.2,1748.102,3.0,3.6,20.6,sí,43.0,mujer,interino,centro C,63.0,-9.458529651734954,12.5,0.0,sí
celador,consultas,37.1,1732.722,2.0,4.8,7.1,sí,43.0,mujer,fijo,centro D,13.0,-12.907519791956375,18.1,0.0,no
medicina,planta,35.4,1606.682,2.0,2.9,0.5,no,61.0,mujer,fijo,centro E,56.0,-8.678765529967196,16.7,2.0,sí
auxiliar,planta,37.6,1674.452,4.0,2.6,2.3,no,53.0,hombre,fijo,centro E,64.0,-1.4287279027988307,15.2,1.0,no
administración,  planta ,31.2,1430.086,5.0,4.0,7.8,no,62.0,mujer,interino,centro E,6.0,-32.11980368209648,3.5,4.0,sí
enfermería,oncología,42.7,2003.562,2.0,2.2,14.8,sí,45.0,hombre,interino,centro C,8.0,-3.486518790272923,-99.0,2.0,no
auxiliar,urgencias,43.0,1992.249,4.0,3.2,20.3,no,33.0,mujer,fijo,centro C,3.0,9.304747860443161,14.5,1.0,no
medicina,planta,40.1,1847.973,5.0,4.8,4.7,no,60.0,hombre,interino,centro A,11.0,-10.061369533647042,25.2,0.0,sí
auxiliar,planta,34.9,1539.237,2.0,1.9,5.4,sí,59.0,mujer,fijo,centro C,55.0,-7.524463748660765,3.0,2.0,no
enfermería,PLANTA,40.7,1899.992,6.0,5.0,28.2,no,54.0,mujer,fijo,centro D,27.0,7.027663971867045,6.3,1.0,sí
enfermería,PLANTA,42.5,2002.456,0.0,2.1,5.5,no,30.0,hombre,fijo,centro C,21.0,-5.106845596795539,16.2,3.0,no
medicina,quirófano,50.1,2329.743,4.0,3.0,9.3,no,35.0,hombre,interino,centro E,45.0,28.16263732196798,35.1,0.0,sí
administración,  planta ,37.1,1699.231,3.0,4.8,30.2,sí,28.0,mujer,fijo,centro E,36.0,-19.432710804461607,-99.0,0.0,sí
celador,QUIRÓFANO,33.9,1594.045,0.0,1.9,36.6,no,48.0,mujer,fijo,centro E,30.0,-13.512976823639121,10.5,0.0,no
medicina,uci,46.0,2103.073,1.0,3.5,6.9,no,36.0,mujer,eventual,centro B,12.0,5.946605881296698,20.7,1.0,no
enfermería,urgencias,41.8,1957.261,4.0,3.3,3.2,sí,43.0,mujer,interino,centro B,11.0,8.527710332467333,2.8,3.0,no
enfermería,consultas,38.1,1738.854,2.0,4.5,3.7,no,41.0,mujer,fijo,centro C,69.0,-16.90996851205233,9.7,2.0,no
administración,planta,38.0,1754.636,0.0,2.6,11.1,sí,37.0,mujer,fijo,centro D,7.0,-22.733651043658945,8.9,2.0,sí
auxiliar,consultas,35.4,1589.442,6.0,4.0,11.5,sí,39.0,mujer,fijo,centro C,92.0,-6.828636320212745,12.6,1.0,no
enfermería,consultas,50.0,2320.963,0.0,3.5,6.0,sí,62.0,mujer,interino,centro C,13.0,9.293900119039053,59.8,3.0,no
medicina,urgencias,36.4,1705.465,4.0,1.5,11.0,no,57.0,hombre,interino,centro C,8.0,-10.41363616591465,4.9,2.0,sí
celador,consultas,49.0,2318.764,3.0,4.3,16.3,no,39.0,mujer,N/D,centro A,30.0,25.653560258007005,5.1,1.0,sí
auxiliar,consultas,32.9,1546.648,6.0,3.7,0.1,sí,50.0,mujer,eventual,centro A,5.0,-19.84175345691128,28.1,1.0,no
enfermería,consultas,21.8,999.428,1.0,3.4,5.5,no,39.0,mujer,fijo,centro B,44.0,-15.272453140043261,21.7,2.0,sí
enfermería,consultas,46.2,2170.438,0.0,3.9,9.9,sí,49.0,mujer,interino,centro A,28.0,-2.4058963792664465,3.9,2.0,sí
enfermería,  urgencias ,34.6,1573.046,3.0,2.9,2.3,no,39.0,hombre,fijo,centro A,79.0,-21.384156384869556,17.6,0.0,no
medicina,quirófano,37.8,1678.033,0.0,1.0,1.7,sí,33.0,mujer,interino,centro E,62.0,4.193146764876264,10.8,0.0,sí
medicina,  consultas ,37.2,1694.901,1.0,2.1,6.0,sí,40.0,mujer,N/D,centro B,43.0,-6.633365484108941,26.6,1.0,sí
auxiliar,  planta ,28.8,1328.509,4.0,3.0,16.3,sí,37.0,mujer,eventual,centro E,7.0,-19.842107855090045,36.2,2.0,sí
enfermería,  quirófano ,38.9,1758.776,1.0,2.6,10.1,no,31.0,hombre,fijo,centro C,15.0,-2.5971890275612237,10.5,2.0,no
administración,consultas,46.3,2070.949,3.0,3.7,7.0,sí,51.0,mujer,interino,centro B,26.0,-4.141837635576595,31.1,2.0,no
medicina,consultas,35.0,1637.165,1.0,3.8,13.2,sí,24.0,mujer,fijo,centro E,33.0,-21.086515417070448,43.2,0.0,no
enfermería,planta,31.0,1421.111,1.0,3.8,10.4,no,43.0,hombre,interino,centro B,10.0,-19.267646951861625,-99.0,2.0,sí
auxiliar,quirofano,37.0,1717.095,2.0,4.8,14.7,no,45.0,mujer,interino,centro A,15.0,-29.287545984387677,-99.0,0.0,sí
medicina,oncologia,32.6,1497.831,2.0,3.8,16.4,no,46.0,hombre,eventual,centro A,56.0,-10.60121758874993,217.9,0.0,no
administración,  oncología ,31.8,1396.695,1.0,1.9,9.5,no,37.0,mujer,eventual,centro D,13.0,-31.539353289153343,28.3,0.0,no
enfermería,UCI,42.7,1939.727,0.0,3.4,7.2,no,22.0,mujer,fijo,centro A,25.0,10.128239702101958,15.7,3.0,sí
enfermería,uci,30.7,1401.421,1.0,2.4,8.3,sí,28.0,mujer,interino,centro E,49.0,-27.962902525692723,6.8,4.0,sí
celador,URGENCIAS,38.4,1774.123,2.0,2.9,19.0,no,28.0,mujer,fijo,centro D,39.0,-9.655791353302622,32.2,1.0,no
medicina,quirofano,39.2,1784.937,0.0,1.5,14.8,no,42.0,mujer,interino,centro E,49.0,8.211398367247032,6.9,2.0,sí
enfermería,planta,23.4,1068.649,1.0,4.2,5.9,no,35.0,hombre,fijo,centro E,35.0,-32.05154101173409,17.2,2.0,sí
auxiliar,  consultas ,41.2,1956.608,4.0,3.4,21.1,sí,40.0,hombre,interino,centro B,20.0,20.23530421190704,18.6,2.0,no
enfermería,consultas,44.7,2059.918,3.0,3.4,6.5,no,50.0,mujer,interino,centro E,28.0,11.278160623519378,15.7,1.0,no
administración,urgencias,39.0,1785.689,3.0,3.6,11.8,no,46.0,mujer,interino,centro A,154.0,-1.9665870325703017,12.9,0.0,no
medicina,urgencias,42.4,1957.059,5.0,2.5,5.6,no,66.0,mujer,fijo,centro B,33.0,-0.10097451636161203,47.0,2.0,sí
auxiliar,oncología,33.9,1587.595,3.0,2.7,16.8,sí,38.0,hombre,fijo,centro A,8.0,-3.148327134817036,23.8,2.0,no
enfermería,urgencias,37.0,1685.039,5.0,3.7,0.3,sí,24.0,hombre,fijo,centro C,24.0,-17.32089869757121,42.5,2.0,no
administración,  quirófano ,32.9,1515.268,4.0,1.4,16.1,sí,57.0,hombre,interino,centro E,14.0,1.5467823809833252,43.0,2.0,sí
enfermería,quirófano,35.1,1627.022,2.0,3.3,4.2,no,36.0,hombre,fijo,centro D,89.0,-15.784544364367624,9.6,0.0,sí
medicina,urgencias,51.8,2268.796,4.0,2.9,12.7,no,37.0,hombre,fijo,centro C,28.0,42.45011365164402,27.8,2.0,no
enfermería,URGENCIAS,40.4,1852.846,6.0,2.9,3.8,sí,32.0,hombre,eventual,centro C,19.0,25.159853522630595,58.5,1.0,no
enfermería,oncología,42.3,1993.156,4.0,4.3,18.2,no,36.0,mujer,fijo,centro D,70.0,1.3856295993826553,37.1,1.0,no
enfermería,oncología,43.9,2021.149,3.0,3.4,11.4,sí,26.0,hombre,interino,centro B,38.0,17.649084369587072,13.7,1.0,no
auxiliar,consultas,43.1,1989.327,1.0,2.9,11.2,no,37.0,mujer,fijo,centro B,57.0,17.368563711158153,13.8,0.0,no
enfermería,QUIRÓFANO,32.5,1557.438,3.0,1.8,1.5,no,51.0,hombre,fijo,centro A,17.0,-14.599659130361431,29.0,0.0,sí
celador,uci,38.5,1794.745,7.0,2.3,11.5,sí,42.0,mujer,eventual,centro D,6.0,13.921413133745682,12.2,0.0,no
auxiliar,uci,47.7,2133.68,4.0,2.2,8.3,no,66.0,hombre,fijo,centro A,18.0,28.165894785686106,8.9,2.0,sí
enfermería,urgencias,32.8,1514.192,1.0,3.1,23.0,no,32.0,mujer,fijo,centro B,30.0,-18.898942013459056,6.2,0.0,no
enfermería,quirófano,43.2,1989.196,2.0,4.9,13.3,sí,32.0,hombre,fijo,centro C,37.0,-5.75790555668632,9.9,3.0,no
administración,quirófano,51.1,2327.415,1.0,3.4,5.6,sí,40.0,hombre,interino,centro B,21.0,28.006684944094616,13.0,1.0,no
enfermería,urgencias,47.4,2200.013,2.0,3.2,18.3,no,34.0,mujer,eventual,centro E,6.0,25.322727769639265,9.1,0.0,sí
celador,ONCOLOGÍA,42.3,1956.775,1.0,4.2,1.0,no,37.0,hombre,interino,centro E,17.0,-14.713402107823594,3.8,1.0,no
enfermería,planta,30.2,1435.098,0.0,3.4,24.5,no,47.0,hombre,fijo,centro E,8.0,-23.99036717555316,19.3,1.0,no
celador,oncología,42.1,1873.26,0.0,4.5,15.6,sí,48.0,mujer,fijo,centro B,19.0,-5.763793195628823,29.3,2.0,no
administración,urgencias,42.4,1993.336,1.0,3.0,1.5,sí,38.0,mujer,interino,centro B,3.0,-0.9021880086495468,13.6,3.0,no
celador,consultas,38.4,1808.198,2.0,2.6,15.4,no,54.0,mujer,interino,centro B,45.0,-13.147144536582793,6.5,2.0,no
medicina,QUIRÓFANO,32.8,1538.275,2.0,4.9,8.3,sí,49.0,mujer,interino,centro B,11.0,-16.885868383024683,47.3,2.0,no
enfermería,  urgencias ,31.6,1452.999,2.0,2.9,10.9,no,40.0,mujer,interino,centro E,3.0,-16.6887473165979,42.5,0.0,sí
enfermería,urgencias,37.7,1733.323,3.0,4.4,4.0,no,30.0,mujer,fijo,centro A,10.0,-1.5865430116164738,13.1,1.0,no
administración,oncología,31.3,1444.861,7.0,3.0,0.3,no,33.0,mujer,fijo,centro E,46.0,-27.167275412758016,33.4,0.0,no
enfermería,quirófano,39.9,1863.728,2.0,2.7,7.7,sí,56.0,mujer,fijo,centro C,23.0,-3.898755244024512,19.6,1.0,no
medicina,URGENCIAS,45.3,2016.699,3.0,3.0,7.7,no,34.0,mujer,fijo,centro C,95.0,0.9629770335482686,14.2,1.0,sí
enfermería,consultas,43.5,2057.153,3.0,3.3,12.2,sí,29.0,hombre,eventual,centro B,14.0,-14.1780706465454,5.3,0.0,sí
enfermería,uci,42.2,1891.472,0.0,3.3,8.0,no,58.0,mujer,interino,centro C,9.0,-4.34351069976096,15.2,1.0,no
medicina,consultas,35.0,1632.801,3.0,3.5,6.8,no,37.0,mujer,fijo,centro E,28.0,-1.953338757266165,55.5,0.0,sí
medicina,planta,36.5,1619.498,0.0,3.5,3.7,sí,52.0,mujer,fijo,centro C,66.0,-19.580485340819937,7.9,1.0,no
celador,uci,35.1,1622.647,1.0,3.0,13.4,no,24.0,mujer,interino,centro B,57.0,-18.489963187951854,5.1,0.0,no
enfermería,PLANTA,40.7,1852.606,0.0,1.5,4.2,sí,38.0,hombre,interino,centro B,91.0,-4.273691609052147,3.5,1.0,no
enfermería,quirófano,32.0,1481.033,6.0,3.0,31.3,sí,65.0,mujer,fijo,centro C,19.0,-13.776849423543139,9.7,2.0,sí
celador,urgencias,45.3,2100.173,4.0,3.3,13.4,no,46.0,mujer,fijo,centro C,16.0,-1.0841125735240063,2.9,1.0,no
enfermería,planta,33.8,1580.997,3.0,3.4,12.7,no,32.0,hombre,fijo,centro B,32.0,-15.167334924735645,2.0,1.0,no
administración,planta,41.4,1892.273,3.0,3.6,10.9,no,37.0,mujer,interino,centro B,20.0,-7.063791866679349,14.3,0.0,sí
administración,oncología,40.0,1845.773,2.0,4.9,7.6,sí,47.0,mujer,fijo,centro A,16.0,9.77955814198365,4.0,0.0,no
auxiliar,consultas,30.0,1386.936,1.0,3.7,16.0,sí,43.0,mujer,fijo,centro A,40.0,-26.985597347558663,2.3,0.0,no
medicina,urgencias,37.7,1769.352,3.0,4.0,3.7,no,66.0,mujer,interino,centro C,35.0,-10.270773031930352,14.8,1.0,sí
medicina,consultas,37.5,1700.713,3.0,3.8,2.0,no,45.0,hombre,interino,centro A,26.0,-24.541744043548178,10.0,1.0,no
enfermería,  urgencias ,39.5,1849.426,0.0,2.0,13.1,no,56.0,mujer,fijo,centro C,40.0,-15.004299950644779,9.3,0.0,no
enfermería,planta,32.4,1501.555,3.0,3.6,22.9,sí,66.0,mujer,eventual,centro D,29.0,-31.530128461334108,8.8,2.0,sí
enfermería,planta,48.2,2202.398,0.0,4.6,6.7,sí,56.0,mujer,fijo,centro E,38.0,-4.22667004181751,7.9,2.0,no
enfermería,  urgencias ,36.0,1622.801,1.0,1.9,14.4,no,49.0,mujer,fijo,centro B,51.0,-0.9439687246047317,14.1,0.0,sí
enfermería,uci,43.1,1967.191,1.0,4.6,9.8,no,41.0,mujer,interino,centro D,12.0,-5.002045943250153,-99.0,2.0,sí
auxiliar,quirófano,41.6,1806.754,0.0,4.9,2.5,no,22.0,hombre,fijo,centro A,26.0,2.143894682684973,17.5,0.0,no
auxiliar,  planta ,36.5,1706.274,2.0,1.4,11.8,no,33.0,mujer,interino,centro B,35.0,-12.853847600399815,3.0,0.0,sí
auxiliar,  consultas ,48.3,2130.26,0.0,4.4,3.7,no,35.0,hombre,fijo,centro A,28.0,-5.00775016709433,4.2,2.0,sí
auxiliar,planta,36.6,1762.455,0.0,3.6,15.6,no,41.0,mujer,fijo,centro C,21.0,-11.848781702422098,88.5,0.0,sí
enfermería,oncología,35.2,1598.381,0.0,2.7,1.7,sí,43.0,mujer,fijo,centro C,55.0,-34.52887657962236,4.0,2.0,sí
medicina,uci,48.3,2249.697,1.0,2.8,13.0,no,42.0,hombre,fijo,centro E,10.0,11.547285371227929,9.9,2.0,no
medicina,urgencias,38.6,1726.183,1.0,1.0,5.4,no,42.0,hombre,fijo,centro A,9.0,0.5692089757818506,6.7,0.0,no
enfermería,consultas,49.2,2319.468,1.0,4.2,11.2,no,43.0,hombre,interino,centro A,23.0,-2.0301422135738907,7.0,0.0,no
auxiliar,urgencias,33.4,1522.333,3.0,2.3,4.0,sí,51.0,mujer,fijo,centro E,84.0,13.672525169017222,-99.0,2.0,sí
celador,  quirófano ,21.0,927.865,3.0,3.2,8.2,sí,51.0,hombre,interino,centro D,21.0,-22.761811742016338,18.4,2.0,no
medicina,oncología,44.0,2080.096,4.0,4.4,5.6,sí,42.0,mujer,interino,centro C,71.0,11.927438547999156,17.3,0.0,no
auxiliar,consultas,40.8,1898.842,0.0,2.3,2.7,sí,44.0,mujer,fijo,centro E,32.0,-19.983328342007262,60.9,2.0,no
enfermería,planta,29.8,1365.224,2.0,4.0,11.9,no,28.0,hombre,fijo,centro A,32.0,-1.0290335092890963,14.5,2.0,no
medicina,planta,45.8,2098.953,0.0,4.2,3.6,no,34.0,mujer,eventual,centro A,43.0,-7.720883681804177,14.3,2.0,sí
medicina,consultas,24.9,1130.736,0.0,3.9,1.8,no,39.0,hombre,interino,centro D,20.0,-41.971476059028376,6.7,0.0,sí
enfermería,planta,51.8,2420.071,2.0,1.7,4.9,sí,26.0,mujer,interino,centro D,11.0,31.51461493252483,5.0,1.0,sí
medicina,oncología,39.9,1841.229,0.0,2.6,2.1,no,62.0,hombre,fijo,centro B,19.0,-4.163383785316913,4.7,0.0,sí
administración,  consultas ,35.9,1658.14,5.0,4.2,8.9,no,41.0,hombre,interino,centro D,39.0,-30.357663240196246,54.9,2.0,sí
administración,consultas,47.0,2132.933,4.0,3.9,2.4,no,64.0,mujer,fijo,centro B,3.0,7.402483878069944,10.6,0.0,no
enfermería,urgencias,24.9,1128.421,3.0,2.1,7.4,sí,31.0,mujer,interino,centro D,39.0,-12.619833113532236,8.8,0.0,sí
enfermería,urgencias,45.0,1959.166,3.0,3.2,8.9,sí,34.0,mujer,fijo,centro E,36.0,27.667494333131533,10.2,1.0,no
administración,consultas,43.5,1983.974,0.0,2.5,7.2,sí,29.0,hombre,N/D,centro D,41.0,-1.5879952003397473,9.3,0.0,no
medicina,uci,34.9,1603.549,0.0,4.5,3.1,no,37.0,mujer,fijo,centro B,13.0,-19.6916399398059,16.2,4.0,sí
medicina,consultas,38.1,1742.327,3.0,2.8,13.0,no,44.0,hombre,eventual,centro E,6.0,0.2710097593516245,15.6,0.0,no
enfermería,CONSULTAS,36.2,1582.689,1.0,4.8,5.1,sí,39.0,hombre,fijo,centro A,24.0,-9.157005357779504,22.9,1.0,sí
enfermería,  consultas ,32.0,1481.176,0.0,1.0,3.2,no,49.0,mujer,interino,centro D,32.0,-6.40622853220369,11.9,0.0,sí
auxiliar,consultas,22.3,1019.729,4.0,3.1,7.3,no,34.0,mujer,fijo,centro C,57.0,-57.603494963438706,15.3,1.0,no
enfermería,URGENCIAS,34.0,1539.213,3.0,1.0,14.6,no,33.0,hombre,interino,centro A,49.0,-25.510652826511006,18.3,0.0,no
medicina,oncologia,41.5,1895.226,3.0,4.2,18.2,no,40.0,mujer,eventual,centro C,17.0,10.633423723301433,16.4,0.0,sí
medicina,oncología,48.5,2238.87,0.0,3.0,12.4,no,29.0,mujer,interino,centro A,67.0,7.915531914095701,-99.0,1.0,sí
administración,consultas,46.4,2098.716,0.0,3.6,3.7,no,50.0,hombre,eventual,centro D,29.0,8.187680205728602,39.4,0.0,no
celador,urgencias,38.2,1748.6,4.0,1.8,13.4,sí,47.0,mujer,fijo,centro E,42.0,3.0608365844908074,11.8,3.0,sí
auxiliar,planta,35.8,1655.182,5.0,3.7,11.9,no,37.0,mujer,fijo,centro C,12.0,-29.84820332234264,1.6,3.0,sí
medicina,PLANTA,40.2,1814.319,1.0,2.5,8.4,no,37.0,mujer,fijo,centro A,25.0,-3.72422486971606,34.8,1.0,sí
celador,planta,32.4,1546.569,3.0,2.4,5.8,sí,47.0,mujer,interino,centro C,19.0,-10.716646450037011,48.0,1.0,sí
celador,consultas,41.7,1878.94,0.0,2.3,9.3,no,49.0,mujer,fijo,centro E,19.0,-5.9945819851867315,2.0,2.0,no
auxiliar,CONSULTAS,46.1,2122.522,6.0,3.2,6.4,no,45.0,mujer,fijo,centro A,12.0,23.66578260204651,28.7,2.0,no
auxiliar,uci,25.5,1164.149,0.0,4.3,25.0,no,48.0,mujer,fijo,centro B,12.0,-13.147687265010898,10.2,1.0,sí
medicina,planta,41.5,1994.273,1.0,3.9,18.2,sí,65.0,hombre,interino,centro D,30.0,6.167944891759788,13.8,2.0,no
auxiliar,planta,30.5,1418.335,1.0,3.4,10.3,sí,25.0,mujer,fijo,centro D,40.0,-26.983345798604226,20.5,2.0,sí
auxiliar,planta,38.0,1764.815,0.0,3.4,18.7,no,56.0,mujer,interino,centro B,20.0,-20.16544510250951,16.9,0.0,no
enfermería,oncologia,24.6,1119.978,5.0,3.7,8.7,no,51.0,mujer,interino,centro A,3.0,-40.91716663602801,67.5,1.0,sí
auxiliar,consultas,33.2,1548.789,1.0,2.6,1.9,no,50.0,hombre,interino,centro C,25.0,-28.62438526274046,36.0,3.0,no
auxiliar,planta,32.0,1462.873,2.0,2.9,3.3,no,43.0,mujer,interino,centro C,8.0,-19.049544383501225,28.0,0.0,sí
administración,  urgencias ,40.4,1897.985,2.0,2.6,2.3,no,57.0,mujer,interino,centro A,2.0,-3.9786983970881207,33.1,3.0,sí
celador,oncología,37.4,1676.696,2.0,3.0,5.5,sí,40.0,hombre,fijo,centro A,20.0,6.662956817183028,14.7,0.0,no
celador,CONSULTAS,45.0,2016.169,1.0,3.2,13.1,sí,53.0,hombre,fijo,centro E,12.0,0.307076566961181,5.9,0.0,no
celador,oncología,40.3,1792.128,3.0,4.2,0.8,no,30.0,hombre,fijo,centro A,64.0,-29.170433233392075,17.5,1.0,no
enfermería,  planta ,47.1,2141.072,1.0,3.4,10.2,no,36.0,mujer,eventual,centro D,15.0,23.722568725084034,23.1,0.0,sí
enfermería,planta,48.9,2226.592,0.0,1.6,8.1,no,30.0,hombre,interino,centro E,80.0,14.04069498814858,22.0,2.0,no
enfermería,quirófano,29.2,1351.725,0.0,4.2,11.3,no,34.0,hombre,eventual,centro D,40.0,-34.631263476293896,1.2,0.0,no
enfermería,planta,40.6,1859.626,2.0,3.4,3.0,sí,52.0,mujer,fijo,centro A,4.0,8.505749818827969,58.3,0.0,no
auxiliar,consultas,42.0,1909.143,5.0,5.0,12.0,sí,48.0,hombre,fijo,centro A,29.0,4.017257626132396,17.7,2.0,sí
enfermería,  planta ,45.3,2108.869,1.0,3.1,11.4,sí,32.0,mujer,interino,centro D,21.0,20.507473785515757,21.6,0.0,sí
medicina,urgencias,33.8,1545.196,2.0,2.8,5.1,no,43.0,mujer,fijo,centro B,28.0,-26.54554784408826,36.0,0.0,no
administración,consultas,38.9,1821.318,4.0,4.3,5.1,sí,41.0,hombre,eventual,centro A,38.0,-11.452626460934724,31.9,1.0,no
auxiliar,consultas,39.7,1891.939,3.0,2.6,22.4,sí,37.0,mujer,fijo,centro C,21.0,7.105515971284989,30.4,3.0,sí
enfermería,consultas,45.6,2065.004,5.0,3.7,5.5,no,45.0,mujer,eventual,centro B,17.0,21.228765399272262,3.2,1.0,sí
auxiliar,consultas,31.1,1392.103,1.0,3.1,22.7,sí,29.0,mujer,fijo,centro D,20.0,-4.179565899938503,3.2,0.0,sí
enfermería,  planta ,33.4,1537.44,3.0,2.2,12.0,sí,61.0,mujer,fijo,centro C,25.0,-10.309390401159735,24.9,0.0,sí
enfermería,quirófano,33.5,1528.655,3.0,3.3,2.9,no,37.0,mujer,interino,centro D,24.0,-1.4343992815489024,16.9,2.0,no
enfermería,  planta ,42.7,1968.837,2.0,2.4,5.5,no,53.0,mujer,fijo,centro A,15.0,0.8869715575480811,15.4,1.0,sí
auxiliar,uci,40.8,1867.68,4.0,4.4,11.6,no,42.0,hombre,interino,centro C,27.0,0.18324800361867677,33.2,1.0,no
auxiliar,planta,32.1,1452.345,3.0,3.0,10.5,no,40.0,mujer,fijo,centro D,37.0,-10.690420310141807,11.0,0.0,no
enfermería,oncología,30.2,1412.764,0.0,3.6,21.2,no,43.0,hombre,fijo,centro D,80.0,-22.065177233718412,5.8,0.0,sí
medicina,QUIRÓFANO,29.0,1307.168,2.0,4.0,0.3,no,35.0,mujer,eventual,centro B,39.0,-10.584629514882483,11.0,1.0,no
auxiliar,planta,46.4,2133.719,0.0,2.4,12.6,no,30.0,mujer,eventual,centro C,52.0,1.4985128597585007,3.0,0.0,sí
enfermería,urgencias,35.8,1647.478,0.0,2.4,13.4,no,44.0,mujer,N/D,centro C,2.0,4.996481174381694,26.7,0.0,no
medicina,planta,37.4,1677.854,5.0,2.9,15.1,no,39.0,mujer,interino,centro A,11.0,2.611157861241888,72.9,2.0,no
enfermería,uci,28.9,1263.632,0.0,2.9,3.9,sí,48.0,hombre,fijo,centro B,90.0,-4.3248148360268015,-99.0,0.0,no
enfermería,  quirófano ,29.7,1375.412,4.0,4.3,12.3,no,37.0,mujer,fijo,centro E,14.0,-32.08298238236627,4.7,4.0,sí
administración,  urgencias ,35.3,1582.496,5.0,2.5,4.9,no,38.0,mujer,fijo,centro D,38.0,-16.869803373935234,4.8,1.0,no
enfermería,quirófano,37.5,1687.442,3.0,5.0,6.6,no,47.0,hombre,eventual,centro C,13.0,-14.927476740888231,34.6,3.0,sí
administración,uci,44.8,2052.867,0.0,2.3,21.6,no,48.0,mujer,eventual,centro C,58.0,5.909664005442696,9.7,2.0,no
auxiliar,urgencias,41.9,1917.798,1.0,3.4,4.9,no,32.0,mujer,eventual,centro B,7.0,-3.7401743693507545,10.2,0.0,no
medicina,planta,42.4,1944.168,0.0,2.3,7.7,sí,41.0,mujer,interino,centro D,26.0,1.1969024499155165,10.9,2.0,sí
auxiliar,consultas,33.9,1558.864,1.0,3.8,5.1,sí,48.0,mujer,interino,centro C,37.0,-23.588793647133066,3.3,0.0,no
enfermería,urgencias,53.3,2384.516,1.0,3.5,14.9,no,66.0,mujer,interino,centro C,45.0,16.478588539514703,42.7,0.0,no
enfermería,quirófano,56.7,2602.731,0.0,3.3,2.6,sí,50.0,mujer,interino,centro A,23.0,43.29798542945008,38.0,0.0,sí
auxiliar,  planta ,36.9,1702.811,5.0,1.3,1.4,no,44.0,mujer,interino,centro B,33.0,2.8073176506788187,17.7,1.0,no
medicina,oncología,36.1,1679.128,3.0,3.7,17.3,no,46.0,mujer,interino,centro C,49.0,-24.263904529537562,29.7,2.0,no
enfermería,consultas,32.4,1481.726,1.0,2.6,3.5,sí,33.0,mujer,eventual,centro A,38.0,-11.138152758529452,19.5,1.0,no
enfermería,urgencias,36.2,1637.508,3.0,3.4,17.7,sí,34.0,mujer,interino,centro A,83.0,-27.028336945867224,10.9,0.0,sí
medicina,uci,41.3,1926.199,0.0,2.8,3.6,no,55.0,hombre,fijo,centro E,45.0,-0.4392013271636692,30.2,1.0,no
enfermería,urgencias,41.7,2011.643,6.0,2.2,6.8,no,47.0,mujer,fijo,centro B,1.0,5.822476623926188,7.2,1.0,sí
auxiliar,  quirófano ,45.2,2051.677,3.0,2.0,8.8,no,34.0,hombre,N/D,centro B,31.0,10.749326828096065,56.0,1.0,no
enfermería,consultas,26.5,1218.223,0.0,2.7,20.5,no,52.0,mujer,fijo,centro C,8.0,-23.64517055055736,4.6,2.0,sí
celador,PLANTA,33.2,1526.709,3.0,3.2,14.5,sí,53.0,mujer,fijo,centro C,82.0,-32.580503643473534,20.6,2.0,no
auxiliar,planta,34.2,1568.194,3.0,3.1,4.3,sí,46.0,mujer,fijo,centro E,98.0,-14.318758720090946,14.2,2.0,no
auxiliar,UCI,28.2,1256.456,1.0,2.7,9.6,no,51.0,hombre,fijo,centro B,18.0,-30.082913127017807,-99.0,1.0,sí
medicina,consultas,40.6,1861.927,4.0,2.7,1.6,no,49.0,mujer,fijo,centro E,59.0,17.489366538304573,9.4,0.0,no
enfermería,quirófano,40.8,1811.175,2.0,2.4,2.7,sí,35.0,mujer,fijo,centro B,22.0,-1.8793852083937823,6.0,0.0,no
enfermería,planta,44.8,2041.287,3.0,2.5,14.1,sí,51.0,mujer,fijo,centro D,5.0,13.063460135625212,-99.0,2.0,no
administración,planta,39.2,1708.806,2.0,4.5,7.2,no,30.0,mujer,fijo,centro E,24.0,-6.170730152024113,32.5,2.0,no
medicina,planta,36.5,1713.481,7.0,2.8,5.4,no,54.0,hombre,fijo,centro B,23.0,-12.348736306251912,19.3,0.0,sí
enfermería,urgencias,38.5,1843.917,1.0,4.4,3.1,no,54.0,mujer,fijo,centro E,53.0,-2.927191918753408,9.3,1.0,no
medicina,uci,34.6,1556.346,4.0,4.1,13.6,no,39.0,mujer,N/D,centro C,17.0,-8.049483478877137,29.3,1.0,no
enfermería,consultas,32.9,1499.585,3.0,4.1,11.2,no,41.0,mujer,fijo,centro C,11.0,-8.71288779558936,35.0,2.0,no
enfermería,planta,40.1,1801.892,1.0,4.9,14.0,no,52.0,mujer,fijo,centro E,20.0,-25.338805164525056,12.5,0.0,no
auxiliar,consultas,29.1,1382.21,3.0,2.8,24.8,no,40.0,mujer,fijo,centro B,10.0,-16.90126879498868,19.5,1.0,no
enfermería,urgencias,31.2,1417.737,0.0,3.0,17.8,sí,28.0,mujer,fijo,centro C,46.0,-21.775437584695098,3.6,0.0,sí
auxiliar,quirófano,41.1,1874.339,4.0,3.3,5.7,sí,27.0,mujer,eventual,centro A,32.0,2.0799902183713646,4.7,0.0,sí
administración,planta,36.0,1652.563,0.0,4.1,4.3,no,27.0,mujer,fijo,centro C,26.0,-9.029480318229442,15.4,3.0,no
enfermería,oncología,47.7,2232.031,4.0,1.9,7.9,no,25.0,hombre,fijo,centro C,48.0,37.985155566422975,3.3,0.0,no
administración,planta,48.5,2243.444,0.0,4.9,19.2,no,53.0,mujer,interino,centro C,17.0,0.5073396801036133,13.2,1.0,sí
celador,  planta ,53.4,2508.939,3.0,3.1,9.7,sí,41.0,hombre,fijo,centro C,17.0,58.0734628817831,25.5,2.0,sí
enfermería,urgencias,42.8,1982.353,2.0,3.2,18.2,sí,56.0,mujer,fijo,centro A,21.0,19.838210175848143,29.0,2.0,no
enfermería,urgencias,43.5,2010.136,0.0,4.1,11.8,no,37.0,mujer,interino,centro E,24.0,-13.971306269601541,17.4,1.0,sí
celador,UCI,48.6,2257.392,4.0,2.4,3.5,sí,39.0,mujer,interino,centro A,4.0,30.324374695125588,10.7,2.0,sí
auxiliar,consultas,33.8,1568.898,5.0,3.2,4.5,no,44.0,mujer,interino,centro C,17.0,-20.829795418535582,37.6,0.0,no
enfermería,uci,29.0,1360.213,7.0,3.4,20.0,no,36.0,hombre,fijo,centro E,8.0,-36.88407573469328,17.1,1.0,sí
enfermería,planta,44.1,1993.009,1.0,3.9,13.1,sí,60.0,mujer,interino,centro A,42.0,5.799027270595482,7.2,1.0,no
auxiliar,planta,39.8,1901.769,4.0,5.0,12.9,no,44.0,mujer,N/D,centro E,7.0,-6.346923559264606,-99.0,0.0,no
auxiliar,  urgencias ,47.4,2143.601,4.0,2.0,5.0,no,46.0,mujer,fijo,centro D,20.0,13.711687541281854,3.7,1.0,sí
enfermería,urgencias,36.0,1641.166,4.0,4.0,1.9,sí,41.0,mujer,fijo,centro C,35.0,-24.169502852610137,41.3,1.0,no
enfermería,planta,41.1,1835.144,3.0,3.2,12.4,sí,37.0,hombre,interino,centro B,20.0,-8.123119712462657,-99.0,3.0,sí
administración,oncología,47.5,2127.266,5.0,4.2,8.2,no,49.0,hombre,fijo,centro D,10.0,23.69743447747556,-99.0,1.0,no
medicina,quirófano,38.2,1792.35,0.0,4.5,24.0,sí,51.0,mujer,fijo,centro E,13.0,-5.302343056476273,7.5,3.0,sí
enfermería,  consultas ,51.6,2391.255,0.0,2.6,3.6,sí,39.0,mujer,interino,centro D,45.0,6.614546590101394,12.3,0.0,no
auxiliar,urgencias,34.2,1606.852,5.0,4.0,5.4,no,46.0,mujer,fijo,centro A,23.0,-0.34217742767979686,6.0,0.0,sí
auxiliar,  consultas ,37.4,1727.637,0.0,1.6,26.7,no,39.0,mujer,interino,centro D,5.0,-7.125039679429518,14.4,1.0,no
medicina,  consultas ,47.3,2159.335,0.0,2.1,12.6,no,48.0,mujer,fijo,centro D,33.0,-7.873517818637907,5.5,1.0,sí
enfermería,quirófano,43.0,1944.772,0.0,4.0,20.1,sí,54.0,hombre,fijo,centro E,15.0,-7.0334262272845,4.2,2.0,no
enfermería,consultas,49.6,2222.106,1.0,2.2,6.2,no,59.0,mujer,fijo,centro B,19.0,46.18578584962677,19.4,1.0,sí
auxiliar,  planta ,36.1,1634.061,2.0,2.2,14.2,no,56.0,mujer,interino,centro A,17.0,1.602750617317902,40.7,0.0,sí
celador,urgencias,36.2,1581.376,2.0,1.5,20.7,no,38.0,mujer,fijo,centro A,33.0,-12.837491737393632,2.1,0.0,sí
celador,quirófano,44.1,2001.296,3.0,3.3,13.2,no,34.0,mujer,fijo,centro E,8.0,16.906866246586567,13.1,1.0,sí
medicina,  consultas ,34.2,1570.36,0.0,4.5,4.7,sí,52.0,mujer,fijo,centro A,7.0,-13.33823145290987,19.3,2.0,sí
administración,planta,32.3,1476.414,2.0,4.1,4.6,no,52.0,mujer,interino,centro E,7.0,-22.110673799639052,10.9,0.0,no
celador,uci,37.3,1713.764,0.0,2.9,3.7,sí,40.0,hombre,fijo,centro A,3.0,-8.082162603302896,49.1,1.0,sí
enfermería,consultas,31.5,1467.968,0.0,3.7,42.4,sí,45.0,hombre,eventual,centro C,102.0,-28.798133519151925,96.8,0.0,no
auxiliar,planta,33.0,1511.342,0.0,1.7,12.7,sí,58.0,mujer,fijo,centro D,41.0,-18.056913668353232,3.9,1.0,no
enfermería,  planta ,53.3,2471.176,6.0,5.0,9.7,no,47.0,mujer,fijo,centro D,15.0,42.888073855905965,34.8,1.0,sí
enfermería,QUIRÓFANO,41.2,1840.122,0.0,3.3,11.9,sí,49.0,hombre,fijo,centro D,11.0,-17.439021692536883,5.3,1.0,no
auxiliar,consultas,39.4,1835.937,1.0,3.6,5.9,no,39.0,mujer,eventual,centro D,38.0,-19.387247706137096,12.0,1.0,sí
medicina,quirófano,40.5,1778.064,2.0,1.6,7.8,no,38.0,mujer,eventual,centro A,26.0,-12.69772159890025,89.0,1.0,no
medicina,  urgencias ,49.6,2307.34,7.0,4.8,0.7,no,34.0,hombre,interino,centro A,30.0,30.525828815556267,22.1,0.0,no
medicina,quirófano,33.4,1534.674,2.0,2.3,20.6,no,31.0,mujer,fijo,centro E,85.0,-31.594555001123332,8.8,0.0,no
enfermería,urgencias,37.7,1716.132,5.0,4.4,10.9,sí,37.0,mujer,N/D,centro D,5.0,-4.641010206772755,2.9,3.0,no
auxiliar,  planta ,29.9,1413.107,5.0,5.0,1.0,no,46.0,mujer,interino,centro D,6.0,-45.19849475447328,-99.0,0.0,no
celador,planta,33.9,1563.583,0.0,2.9,3.0,sí,64.0,hombre,fijo,centro D,36.0,-22.370874390045167,18.1,0.0,sí
celador,consultas,37.7,1694.012,2.0,2.7,13.3,no,40.0,hombre,fijo,centro C,44.0,-7.419504139890061,6.3,0.0,sí
enfermería,oncología,45.1,2101.691,2.0,3.6,6.5,sí,28.0,mujer,fijo,centro C,21.0,2.715778175036988,14.3,3.0,no
auxiliar,urgencias,38.1,1728.053,5.0,3.8,1.1,sí,34.0,hombre,fijo,centro B,25.0,-15.829829399131965,32.6,0.0,no
auxiliar,quirofano,29.7,1349.834,1.0,3.5,14.1,no,45.0,mujer,interino,centro C,10.0,-45.63567834281207,14.2,2.0,sí
auxiliar,planta,32.9,1464.6,7.0,3.8,13.7,sí,60.0,hombre,fijo,centro A,45.0,-23.26790636830671,-99.0,0.0,sí
medicina,  consultas ,43.7,1993.419,0.0,3.3,6.9,no,33.0,mujer,fijo,centro A,43.0,3.689242834550045,5.9,0.0,sí
auxiliar,consultas,34.1,1559.784,0.0,2.3,6.7,no,41.0,hombre,fijo,centro B,10.0,-10.422241409669573,13.1,3.0,no
enfermería,planta,37.8,1810.475,1.0,4.7,7.5,sí,42.0,mujer,fijo,centro A,56.0,-25.425734424491658,8.8,0.0,no
auxiliar,QUIRÓFANO,32.9,1537.614,5.0,4.2,3.0,no,32.0,mujer,interino,centro B,11.0,-12.547624699492578,30.3,4.0,sí
enfermería,urgencias,39.3,1773.53,4.0,1.8,3.5,no,62.0,mujer,interino,centro C,7.0,-2.9152949006634046,-99.0,3.0,no
enfermería,oncología,33.4,1530.918,4.0,4.5,4.4,sí,41.0,hombre,eventual,centro C,36.0,-32.53460948255777,5.7,1.0,no
administración,  quirófano ,33.8,1574.36,3.0,3.3,11.7,sí,28.0,mujer,fijo,centro C,20.0,-17.90490673180616,5.6,2.0,sí
enfermería,quirófano,36.6,1665.777,0.0,3.0,6.2,no,37.0,mujer,interino,centro E,69.0,-21.715788357509172,28.1,0.0,sí
enfermería,  urgencias ,40.8,1887.53,5.0,2.5,7.2,sí,30.0,mujer,interino,centro A,11.0,18.020113671833116,11.6,1.0,sí
medicina,urgencias,33.4,1517.832,0.0,3.9,15.2,no,48.0,hombre,fijo,centro C,31.0,-12.283652381765364,12.7,1.0,sí
medicina,planta,38.3,1701.147,3.0,3.6,10.1,sí,35.0,mujer,interino,centro C,31.0,-6.734381748497838,13.5,1.0,no
administración,planta,45.9,2111.227,3.0,3.7,10.4,sí,35.0,hombre,fijo,centro D,22.0,5.736594931057599,13.8,0.0,sí
medicina,oncología,38.5,1802.918,2.0,2.4,7.2,sí,45.0,hombre,eventual,centro C,51.0,-3.6805533501401846,19.0,0.0,no
auxiliar,urgencias,36.0,1650.752,4.0,2.6,13.8,sí,47.0,hombre,fijo,centro B,17.0,2.1117901421386556,31.9,1.0,sí
medicina,urgencias,35.4,1634.53,3.0,4.3,33.9,no,47.0,hombre,fijo,centro C,12.0,-17.714132443670124,39.5,0.0,sí
enfermería,planta,26.8,1248.703,3.0,3.7,6.0,no,32.0,mujer,interino,centro B,23.0,-5.897550687332718,4.1,1.0,no
administración,quirófano,45.3,2139.558,0.0,4.8,6.7,sí,35.0,mujer,fijo,centro A,50.0,1.4110697033951367,15.2,0.0,no
administración,planta,43.2,2004.342,0.0,2.9,15.5,sí,41.0,mujer,interino,centro B,20.0,-8.880148310418715,26.5,1.0,sí
administración,  oncología ,30.3,1374.685,4.0,3.7,4.0,no,36.0,mujer,fijo,centro C,21.0,-32.14010287644703,13.9,1.0,no
medicina,  uci ,45.2,2079.871,0.0,3.1,7.5,no,40.0,mujer,fijo,centro E,18.0,-8.840014124347334,39.8,1.0,no
celador,planta,36.2,1674.091,0.0,4.2,17.2,no,56.0,mujer,N/D,centro B,34.0,-24.225786887977755,10.3,0.0,sí
enfermería,consultas,29.3,1378.585,4.0,4.2,15.2,sí,47.0,mujer,interino,centro A,75.0,-28.35514202082314,7.3,1.0,no
enfermería,uci,39.0,1861.613,3.0,1.8,7.4,no,22.0,mujer,interino,centro C,29.0,-9.933330457055824,1.3,1.0,no
enfermería,consultas,29.2,1334.235,3.0,4.0,12.2,no,36.0,mujer,interino,centro D,7.0,-28.596900263332394,5.8,2.0,sí
enfermería,urgencias,33.4,1531.89,0.0,3.5,14.2,no,39.0,mujer,fijo,centro E,15.0,-12.247215273912303,7.3,0.0,no
administración,  urgencias ,44.9,2071.243,0.0,2.6,7.9,no,57.0,mujer,fijo,centro D,34.0,-12.47035420281757,8.9,0.0,no
administración,consultas,37.1,1735.895,3.0,1.3,4.7,no,31.0,mujer,interino,centro A,52.0,0.4647400752659063,75.0,1.0,sí
auxiliar,consultas,30.7,1375.04,1.0,3.0,8.6,no,24.0,hombre,interino,centro E,6.0,-15.679606642245659,5.4,2.0,sí
enfermería,planta,41.8,1933.613,1.0,3.4,12.6,no,40.0,hombre,fijo,centro D,30.0,-0.438289439654989,17.6,1.0,no
auxiliar,urgencias,29.8,1377.283,7.0,3.6,8.1,no,48.0,mujer,fijo,centro B,73.0,-26.370579079384328,15.9,1.0,sí
enfermería,consultas,41.3,1878.51,6.0,4.0,8.2,no,52.0,hombre,fijo,centro B,53.0,4.234074393604595,54.7,3.0,sí
administración,oncología,35.1,1682.572,1.0,3.4,10.9,no,50.0,mujer,interino,centro A,20.0,-22.926994603073787,30.1,0.0,no
celador,planta,27.6,1251.288,1.0,3.2,19.0,no,37.0,mujer,fijo,centro C,24.0,-18.492516325624145,10.1,4.0,sí
celador,planta,42.9,1986.353,3.0,3.2,14.8,no,31.0,hombre,interino,centro D,12.0,-13.780958044303521,2.6,2.0,sí
enfermería,uci,38.1,1795.902,0.0,4.7,7.0,no,62.0,mujer,fijo,centro B,33.0,-13.554627306207225,27.8,3.0,sí
medicina,quirófano,49.7,2274.639,4.0,2.8,9.1,no,49.0,mujer,fijo,centro D,25.0,34.099738025630614,43.2,2.0,no
administración,oncología,28.6,1344.223,4.0,3.4,12.4,no,43.0,hombre,fijo,centro B,24.0,-53.09187132233656,18.9,0.0,sí
medicina,consultas,30.2,1414.995,3.0,4.3,11.3,no,36.0,hombre,interino,centro A,31.0,-44.39889481610329,20.9,0.0,no
enfermería,oncología,35.5,1603.589,5.0,4.1,1.2,no,33.0,mujer,fijo,centro A,22.0,-12.556307456473592,17.8,1.0,sí
medicina,uci,33.6,1531.397,4.0,4.1,36.8,no,25.0,mujer,N/D,centro A,6.0,-21.213670655618802,29.2,2.0,no
auxiliar,urgencias,33.8,1575.503,3.0,3.9,5.7,sí,51.0,mujer,interino,centro C,24.0,-19.277516643490795,12.0,0.0,no
auxiliar,URGENCIAS,31.6,1514.742,0.0,3.8,7.7,no,33.0,mujer,fijo,centro D,46.0,-7.5738823432274085,26.8,1.0,no
administración,planta,30.1,1388.746,1.0,3.1,14.1,no,44.0,mujer,interino,centro C,8.0,-16.351507658187174,20.6,3.0,sí
medicina,uci,34.9,1592.155,0.0,4.5,6.2,sí,23.0,mujer,fijo,centro C,49.0,-19.267572107510084,3.6,0.0,no
medicina,QUIRÓFANO,33.1,1536.957,1.0,2.7,15.8,sí,35.0,mujer,interino,centro A,67.0,-18.179287184776214,13.7,2.0,sí
medicina,PLANTA,34.9,1598.42,0.0,3.3,1.6,sí,62.0,mujer,fijo,centro B,32.0,-5.8014556316161965,-99.0,0.0,sí
celador,  planta ,26.1,1154.09,3.0,3.7,20.3,sí,37.0,mujer,fijo,centro A,107.0,-16.305344812832672,21.8,1.0,no
auxiliar,QUIRÓFANO,30.3,1392.511,2.0,3.7,44.2,sí,39.0,hombre,fijo,centro A,14.0,-31.506466824713844,11.2,0.0,no
enfermería,quirofano,33.1,1521.439,1.0,3.6,19.3,sí,42.0,mujer,eventual,centro A,6.0,-6.877969206479641,85.8,0.0,sí
administración,uci,31.8,1501.499,4.0,2.2,5.6,sí,48.0,mujer,interino,centro A,40.0,-9.65110280453752,18.9,0.0,no
auxiliar,consultas,37.7,1744.691,2.0,2.7,7.7,no,41.0,mujer,interino,centro E,49.0,-20.092160450107784,11.1,2.0,sí
medicina,planta,34.3,1587.132,3.0,3.1,14.6,sí,39.0,hombre,interino,centro D,26.0,-46.86070664817026,63.4,2.0,sí
medicina,consultas,37.1,1673.704,0.0,2.9,17.0,no,43.0,mujer,fijo,centro A,25.0,-14.474941387764261,32.4,0.0,sí
enfermería,quirófano,20.0,916.042,1.0,2.1,10.9,sí,33.0,mujer,fijo,centro B,92.0,-27.433594941753658,9.8,0.0,sí
enfermería,consultas,28.8,1327.187,1.0,1.3,9.8,no,41.0,mujer,fijo,centro E,10.0,-26.20296171983231,13.5,2.0,sí
medicina,planta,36.4,1581.287,3.0,4.5,6.0,no,41.0,mujer,fijo,centro D,6.0,-21.08082331462923,2.9,1.0,sí
auxiliar,planta,34.9,1607.987,7.0,4.9,13.4,sí,27.0,mujer,interino,centro D,11.0,-14.576836019321883,18.5,2.0,no
enfermería,planta,37.2,1725.852,2.0,3.9,8.7,sí,52.0,hombre,interino,centro E,12.0,-2.043559144411704,11.7,3.0,no
administración,planta,37.0,1613.333,1.0,4.5,6.9,sí,49.0,mujer,fijo,centro E,60.0,-23.147176590546575,16.7,1.0,sí
celador,urgencias,38.4,1853.594,0.0,3.3,9.9,sí,50.0,hombre,fijo,centro E,35.0,-5.70459055653496,25.2,2.0,no
enfermería,  urgencias ,46.4,2142.787,5.0,3.4,1.0,no,52.0,mujer,fijo,centro C,11.0,18.144726650073036,7.5,2.0,sí
medicina,planta,42.4,1904.656,0.0,3.1,3.4,sí,49.0,hombre,eventual,centro B,36.0,3.610256905304871,99.1,0.0,no
medicina,uci,45.7,2086.851,0.0,5.0,14.3,sí,29.0,mujer,interino,centro E,12.0,0.4464652491073655,7.2,0.0,no
celador,urgencias,39.4,1822.959,6.0,3.4,0.4,sí,34.0,mujer,N/D,centro C,31.0,-14.535055786858067,20.6,3.0,no
auxiliar,planta,41.1,1821.29,0.0,4.1,13.1,no,22.0,mujer,interino,centro E,37.0,-11.815743469621204,5.3,2.0,sí
medicina,  uci ,50.6,2323.681,3.0,2.9,3.8,sí,40.0,hombre,fijo,centro D,80.0,32.90616339931607,-99.0,2.0,sí
enfermería,oncología,46.5,2123.703,2.0,4.5,3.4,no,65.0,mujer,N/D,centro C,10.0,2.6433771195765727,9.1,2.0,no
medicina,uci,25.1,1178.733,4.0,3.8,4.1,sí,54.0,mujer,fijo,centro B,19.0,-38.50478547991948,1.2,1.0,no
auxiliar,QUIRÓFANO,41.1,1906.599,5.0,3.5,2.9,no,27.0,mujer,fijo,centro D,55.0,-2.1060040074779733,9.7,1.0,sí
medicina,quirófano,32.9,1500.431,5.0,4.7,29.8,no,44.0,hombre,eventual,centro C,54.0,-14.525487352330904,7.5,0.0,sí
enfermería,urgencias,23.6,1082.647,1.0,2.4,1.9,sí,59.0,hombre,interino,centro A,24.0,-24.948561898054795,36.0,1.0,sí
enfermería,planta,37.4,1743.152,2.0,3.0,17.1,no,35.0,mujer,interino,centro B,26.0,-1.7799944050237144,45.3,1.0,no
enfermería,consultas,35.5,1654.728,4.0,4.6,4.1,no,42.0,mujer,fijo,centro D,15.0,-20.047710280390262,8.1,0.0,sí
medicina,quirófano,34.8,1568.969,3.0,2.9,12.5,no,26.0,mujer,fijo,centro B,4.0,6.452724957201223,13.2,0.0,no
administración,planta,42.8,1907.949,5.0,4.1,26.1,sí,50.0,mujer,fijo,centro A,56.0,-4.819335043599352,-99.0,0.0,sí
enfermería,uci,40.9,1863.635,0.0,3.7,20.8,no,59.0,hombre,eventual,centro E,6.0,-18.227229843650726,6.9,0.0,no
celador,oncología,30.6,1419.694,0.0,1.1,9.9,sí,54.0,hombre,fijo,centro E,23.0,-10.160713816217804,34.1,1.0,sí
auxiliar,consultas,41.9,2017.343,2.0,3.6,6.4,sí,47.0,hombre,fijo,centro A,22.0,-11.98203427314469,20.0,1.0,no
auxiliar,planta,42.9,1979.218,2.0,3.6,10.7,sí,45.0,mujer,eventual,centro C,1.0,6.493833949840483,22.1,1.0,sí
auxiliar,quirófano,31.9,1485.283,4.0,4.6,19.8,sí,54.0,hombre,N/D,centro A,47.0,-18.19240111681894,17.9,1.0,sí
auxiliar,consultas,32.6,1480.152,3.0,3.4,4.3,no,34.0,mujer,eventual,centro D,22.0,-0.29097948306550236,19.5,1.0,sí
medicina,planta,29.4,1393.969,0.0,4.2,25.9,no,32.0,mujer,fijo,centro C,7.0,-20.36572518916949,5.8,0.0,sí
medicina,quirófano,37.9,1760.278,3.0,3.2,15.7,no,22.0,hombre,fijo,centro D,35.0,-10.146484761322519,22.6,1.0,no
celador,urgencias,28.4,1284.776,5.0,2.6,1.7,sí,43.0,mujer,interino,centro B,24.0,-16.606332819877167,9.9,0.0,sí
administración,consultas,35.4,1603.073,3.0,2.6,6.4,no,36.0,mujer,fijo,centro B,6.0,-14.383707133867896,21.6,0.0,no
administración,planta,38.4,1815.279,4.0,3.7,10.3,no,48.0,mujer,interino,centro A,43.0,-19.247091667649467,20.7,1.0,sí
auxiliar,PLANTA,38.4,1746.172,3.0,4.6,13.8,no,22.0,mujer,fijo,centro E,29.0,-17.656677599097527,77.5,2.0,sí
administración,planta,41.2,1960.534,1.0,2.3,6.2,no,65.0,hombre,fijo,centro D,49.0,-5.128302846693363,69.1,1.0,sí
auxiliar,quirófano,37.5,1762.278,3.0,3.4,6.3,sí,40.0,mujer,fijo,centro D,86.0,-2.080728751742982,8.8,3.0,sí
auxiliar,planta,47.6,2161.398,4.0,3.1,19.4,sí,29.0,hombre,interino,centro A,5.0,16.63896872588592,3.9,2.0,no
enfermería,planta,25.4,1172.308,0.0,2.6,4.3,sí,49.0,mujer,eventual,centro C,33.0,-25.944440481681934,11.1,1.0,no
medicina,planta,40.6,1854.575,3.0,3.9,6.3,sí,30.0,mujer,N/D,centro D,33.0,-4.626571472734806,14.8,0.0,no
auxiliar,urgencias,39.2,1768.54,5.0,3.7,3.3,no,44.0,mujer,fijo,centro C,51.0,-10.154070287025924,6.6,2.0,no
medicina,quirófano,40.0,1882.415,3.0,3.0,7.6,no,33.0,mujer,fijo,centro D,10.0,6.039166823959436,96.4,1.0,sí
enfermería,consultas,42.8,1938.831,1.0,1.9,21.6,no,39.0,hombre,fijo,centro D,56.0,6.628142548951648,10.5,2.0,sí
medicina,consultas,32.5,1421.982,5.0,2.7,7.1,sí,40.0,hombre,fijo,centro B,23.0,-16.149989736462743,21.9,1.0,no
auxiliar,planta,43.8,2036.567,0.0,5.0,37.3,no,35.0,mujer,fijo,centro E,39.0,-14.102755473996805,19.1,0.0,sí
medicina,urgencias,34.6,1592.642,2.0,3.0,42.3,no,47.0,mujer,eventual,centro C,22.0,5.929844893451126,15.2,0.0,sí
medicina,QUIRÓFANO,37.8,1706.031,0.0,2.4,11.0,no,44.0,mujer,eventual,centro A,12.0,-13.195165405509167,21.0,2.0,no
enfermería,uci,37.0,1729.76,3.0,3.9,21.8,no,44.0,mujer,fijo,centro D,64.0,-15.858418149123382,14.2,3.0,sí
auxiliar,planta,29.2,1380.597,4.0,2.0,38.7,sí,45.0,mujer,fijo,centro B,28.0,-17.74283058885713,13.7,2.0,no
auxiliar,urgencias,44.9,2131.339,0.0,3.9,5.7,no,22.0,hombre,interino,centro C,20.0,-17.682844194786124,3.5,2.0,sí
auxiliar,oncología,40.9,1935.121,4.0,3.5,20.4,no,47.0,mujer,fijo,centro C,78.0,-7.23129394045176,33.2,0.0,no
enfermería,CONSULTAS,35.1,1620.918,4.0,3.4,5.9,no,53.0,mujer,fijo,centro A,34.0,-35.678158258397445,22.7,3.0,sí
medicina,uci,39.8,1819.522,3.0,4.0,10.5,no,30.0,mujer,fijo,centro C,21.0,-19.584354266124027,-99.0,0.0,sí
administración,PLANTA,41.6,1967.196,0.0,3.4,16.9,no,49.0,mujer,fijo,centro C,7.0,-22.818971425062237,44.7,1.0,no
enfermería,urgencias,40.7,1873.427,6.0,3.5,3.3,sí,27.0,hombre,fijo,centro A,11.0,4.799307374415869,-99.0,1.0,no
enfermería,oncología,38.2,1795.545,0.0,2.1,8.0,sí,46.0,hombre,fijo,centro C,18.0,-23.709025888788204,49.4,1.0,no
enfermería,uci,28.6,1284.335,1.0,2.9,5.4,no,43.0,mujer,N/D,centro B,42.0,-7.220666681956802,9.3,0.0,sí
celador,uci,40.1,1837.442,4.0,4.1,10.3,no,54.0,mujer,fijo,centro B,35.0,17.31285392817486,22.9,0.0,no
auxiliar,planta,41.5,1829.212,2.0,1.7,5.4,sí,44.0,hombre,N/D,centro C,77.0,-5.1136744734427975,2.8,1.0,sí
administración,consultas,45.0,2081.023,0.0,3.9,9.0,no,37.0,mujer,fijo,centro D,25.0,-14.61505348904623,18.0,1.0,no
enfermería,quirófano,33.9,1596.746,0.0,1.9,2.1,sí,37.0,hombre,fijo,centro D,31.0,-15.722759800512456,10.8,1.0,sí
auxiliar,consultas,42.9,1975.793,5.0,4.0,8.9,no,46.0,hombre,interino,centro C,26.0,9.729679140879606,5.8,1.0,no
medicina,  planta ,34.1,1544.587,3.0,3.0,9.4,no,26.0,mujer,fijo,centro D,48.0,-23.483155880611676,140.4,1.0,sí
enfermería,quirófano,46.6,2164.803,2.0,5.0,16.6,no,35.0,mujer,interino,centro C,62.0,-4.286589417680377,4.3,3.0,sí
medicina,uci,39.5,1767.123,6.0,2.3,8.2,no,41.0,mujer,fijo,centro B,27.0,1.1129071979284024,28.2,0.0,sí
medicina,planta,37.7,1696.238,0.0,4.0,17.8,no,42.0,mujer,N/D,centro C,1.0,-20.744149643234646,11.4,0.0,no
enfermería,planta,35.0,1605.665,4.0,3.2,4.3,no,36.0,hombre,fijo,centro E,23.0,-23.037917598261522,-99.0,0.0,no
enfermería,urgencias,39.8,1765.607,0.0,3.1,8.7,sí,36.0,mujer,interino,centro A,4.0,2.8615561269737526,5.6,0.0,sí
enfermería,oncología,43.8,2048.639,3.0,2.1,12.0,sí,39.0,mujer,fijo,centro C,74.0,29.730003677687968,27.1,1.0,sí
auxiliar,uci,47.6,2275.162,2.0,2.1,47.7,sí,41.0,hombre,N/D,centro B,32.0,19.490185469153122,13.3,0.0,no
enfermería,planta,31.0,1423.987,0.0,2.6,3.4,sí,43.0,mujer,eventual,centro E,18.0,-7.746333514936678,14.8,0.0,sí
medicina,UCI,46.5,2153.302,2.0,4.1,5.7,no,45.0,mujer,fijo,centro D,79.0,10.788519162347848,55.0,0.0,no
enfermería,consultas,31.6,1438.116,0.0,4.1,8.7,no,40.0,mujer,eventual,centro E,12.0,-28.08194161001756,34.7,1.0,sí
celador,CONSULTAS,43.3,1950.401,1.0,4.7,12.7,no,33.0,mujer,fijo,centro B,26.0,-9.792803954859375,25.1,2.0,no
auxiliar,consultas,26.8,1232.417,5.0,2.9,8.8,sí,42.0,mujer,fijo,centro C,25.0,-47.26131872877198,59.8,0.0,no
enfermería,urgencias,44.9,2046.386,0.0,4.1,7.6,sí,51.0,mujer,interino,centro C,29.0,2.128631554653355,6.7,1.0,sí
auxiliar,uci,40.8,1831.105,0.0,2.2,15.5,no,22.0,mujer,fijo,centro B,41.0,3.3873922751380467,18.0,0.0,sí
enfermería,QUIRÓFANO,36.3,1718.501,0.0,2.4,4.2,sí,36.0,mujer,eventual,centro B,53.0,-6.3706803283186915,24.5,1.0,no
enfermería,consultas,31.8,1448.511,5.0,2.2,10.9,no,28.0,mujer,eventual,centro A,21.0,-2.460074922678583,16.6,0.0,no
enfermería,consultas,39.0,1771.909,4.0,3.3,6.3,no,22.0,mujer,fijo,centro C,49.0,-6.4252554237083475,2.0,0.0,sí
auxiliar,planta,39.5,1734.44,6.0,5.0,7.7,sí,44.0,mujer,fijo,centro E,14.0,-4.366783720012718,59.5,0.0,no
administración,urgencias,49.5,2246.516,0.0,3.0,6.3,no,30.0,hombre,fijo,centro A,10.0,16.467202888562902,19.9,1.0,no
enfermería,oncología,45.2,2083.931,6.0,2.8,7.6,no,41.0,hombre,eventual,centro A,31.0,42.8019431379565,16.6,0.0,no
auxiliar,planta,48.4,2263.167,3.0,2.5,1.4,sí,42.0,hombre,interino,centro B,15.0,21.3043372895229,39.0,0.0,sí
medicina,consultas,41.7,1944.324,1.0,1.9,17.5,sí,27.0,mujer,fijo,centro D,19.0,-13.12418858032812,7.1,0.0,sí
enfermería,planta,45.4,2058.227,2.0,2.5,2.1,sí,32.0,hombre,interino,centro A,7.0,11.753238388710272,6.9,0.0,no
auxiliar,  consultas ,37.8,1698.294,4.0,3.6,6.1,sí,46.0,mujer,interino,centro E,26.0,-15.32655421131339,-99.0,2.0,no
enfermería,urgencias,30.9,1396.707,3.0,4.4,25.2,no,44.0,mujer,fijo,centro E,22.0,-23.565217333808903,6.3,2.0,sí
auxiliar,consultas,21.8,1063.755,1.0,1.8,8.5,sí,34.0,mujer,interino,centro B,8.0,-9.402882273673132,6.2,1.0,sí
enfermería,  oncología ,34.4,1611.367,7.0,3.2,8.6,sí,35.0,mujer,fijo,centro E,27.0,-11.611154281209847,146.9,0.0,no
enfermería,QUIRÓFANO,36.7,1639.686,1.0,5.0,4.9,sí,56.0,mujer,fijo,centro B,59.0,-15.226198480173899,19.4,1.0,no
enfermería,CONSULTAS,41.2,1913.03,3.0,4.3,17.6,sí,41.0,hombre,fijo,centro D,4.0,0.15768677186393676,211.7,0.0,no
administración,consultas,41.9,1945.4,3.0,2.0,7.7,sí,52.0,hombre,fijo,centro D,41.0,18.214632851136987,6.7,0.0,no
enfermería,planta,37.0,1769.834,5.0,4.3,22.6,sí,41.0,mujer,fijo,centro A,34.0,6.069893653196722,95.6,2.0,no
enfermería,planta,50.6,2314.071,2.0,3.2,9.0,no,47.0,mujer,eventual,centro C,49.0,31.89397262639568,17.0,1.0,no
medicina,quirófano,35.5,1667.884,7.0,3.9,5.9,no,30.0,hombre,interino,centro D,25.0,-20.871214573877506,26.1,2.0,no
enfermería,consultas,30.0,1393.04,1.0,2.5,11.8,no,47.0,hombre,fijo,centro C,21.0,-32.75817745154957,22.7,0.0,no
enfermería,urgencias,50.0,2291.284,0.0,3.7,7.8,no,28.0,hombre,interino,centro A,10.0,15.970271724162306,19.4,1.0,no
enfermería,urgencias,43.5,1950.545,1.0,4.5,8.4,sí,34.0,mujer,fijo,centro C,45.0,-3.2349061787109257,5.1,0.0,sí
administración,consultas,34.1,1573.326,4.0,3.5,18.5,no,50.0,mujer,interino,centro A,2.0,-15.863383232353277,-99.0,0.0,no
enfermería,planta,43.3,2005.509,7.0,4.1,3.1,no,44.0,mujer,eventual,centro E,12.0,20.800024282870304,20.7,1.0,no
celador,PLANTA,34.4,1622.739,3.0,4.2,9.1,sí,47.0,mujer,eventual,centro E,63.0,-26.291695560391176,50.1,0.0,sí
medicina,planta,37.4,1732.209,2.0,2.1,5.4,sí,38.0,mujer,interino,centro E,27.0,-1.339750300422641,12.6,0.0,no
administración,planta,46.6,2167.562,2.0,3.3,5.7,sí,39.0,mujer,interino,centro E,49.0,6.378563795567833,56.9,0.0,sí
enfermería,urgencias,46.1,2179.917,5.0,2.4,11.5,sí,38.0,hombre,fijo,centro D,15.0,9.58882063034747,10.0,1.0,no
auxiliar,QUIRÓFANO,32.9,1443.382,0.0,3.6,12.3,no,32.0,hombre,fijo,centro C,38.0,-23.492548852808174,-99.0,0.0,no
enfermería,consultas,45.8,2094.627,0.0,1.7,25.1,no,41.0,mujer,fijo,centro B,72.0,-7.043604158693013,15.1,0.0,sí
medicina,consultas,37.5,1760.224,1.0,2.2,10.5,no,45.0,hombre,interino,centro A,42.0,-12.28921650629429,35.1,0.0,sí
celador,consultas,39.5,1806.071,4.0,3.2,8.7,sí,46.0,mujer,interino,centro E,25.0,-4.550583553950111,7.6,2.0,no
enfermería,planta,38.0,1766.927,0.0,3.9,22.9,sí,42.0,mujer,fijo,centro C,60.0,-23.297405416446914,22.0,2.0,sí
enfermería,CONSULTAS,35.8,1652.14,1.0,3.9,3.3,no,36.0,mujer,fijo,centro C,27.0,-12.329577986429904,5.6,1.0,sí
auxiliar,quirófano,34.8,1625.009,1.0,3.3,6.1,no,48.0,mujer,N/D,centro B,31.0,-10.439768162915383,12.7,3.0,sí
administración,urgencias,48.4,2247.788,4.0,2.7,14.6,no,39.0,mujer,interino,centro B,28.0,40.89514534180955,16.2,1.0,sí
auxiliar,urgencias,42.8,1931.024,2.0,4.0,7.8,no,60.0,mujer,fijo,centro A,52.0,10.332743986520931,51.7,2.0,sí
celador,planta,36.3,1629.637,0.0,2.4,3.5,no,51.0,hombre,interino,centro C,25.0,-7.755659461574021,10.1,2.0,no
auxiliar,consultas,34.3,1552.411,0.0,4.0,4.5,no,37.0,mujer,fijo,centro A,48.0,-25.42084136690549,2.3,1.0,sí
enfermería,planta,30.3,1354.871,5.0,3.3,1.2,sí,47.0,mujer,fijo,centro C,5.0,-16.123150973473024,10.7,0.0,sí
administración,consultas,32.5,1508.127,0.0,3.9,8.9,no,34.0,mujer,N/D,centro D,56.0,-14.689233890949986,37.0,1.0,no
administración,oncología,30.7,1419.513,3.0,2.7,5.0,no,35.0,mujer,fijo,centro A,8.0,-26.71402015254803,27.4,0.0,no
auxiliar,CONSULTAS,46.7,2112.635,3.0,1.5,5.4,sí,42.0,hombre,interino,centro B,2.0,11.20198946294341,10.4,1.0,sí
medicina,oncología,46.8,2174.482,2.0,3.2,14.7,sí,39.0,mujer,eventual,centro E,32.0,18.30478238248605,16.8,3.0,no
administración,urgencias,45.6,2163.63,3.0,3.8,2.7,no,39.0,mujer,fijo,centro D,52.0,-0.4048876038864453,7.1,0.0,sí
enfermería,URGENCIAS,34.9,1675.104,3.0,4.1,10.8,no,47.0,mujer,interino,centro D,11.0,-16.409975868594497,21.4,4.0,sí
medicina,oncología,38.0,1784.456,0.0,3.9,14.4,sí,49.0,hombre,interino,centro B,70.0,-10.386999569350518,3.3,0.0,no
auxiliar,consultas,39.6,1800.426,3.0,2.2,5.1,sí,35.0,hombre,fijo,centro A,5.0,2.5758507856687713,8.3,1.0,no
celador,  urgencias ,44.5,2079.56,2.0,3.5,14.5,no,40.0,mujer,fijo,centro D,30.0,-2.4227359962632837,-99.0,1.0,no
medicina,planta,41.8,1908.078,4.0,1.1,10.4,no,47.0,mujer,fijo,centro B,9.0,7.56372306622521,1.9,0.0,no
medicina,quirófano,49.7,2353.806,0.0,3.7,4.8,no,51.0,mujer,fijo,centro C,25.0,10.455780105808934,24.5,3.0,sí
auxiliar,CONSULTAS,42.1,1919.714,0.0,3.1,5.5,no,31.0,mujer,interino,centro A,20.0,-23.980382752219768,37.7,1.0,sí
enfermería,oncología,39.5,1723.467,3.0,5.0,12.8,no,44.0,mujer,interino,centro A,17.0,-11.145202315438862,14.0,0.0,sí
auxiliar,  planta ,45.3,2112.158,0.0,3.6,11.3,no,47.0,mujer,interino,centro C,57.0,6.81565008363721,5.1,1.0,no
administración,planta,42.4,1991.668,0.0,2.4,4.9,no,39.0,mujer,eventual,centro D,111.0,16.976002157274113,30.2,0.0,no
medicina,CONSULTAS,44.9,2083.229,3.0,3.6,20.5,sí,39.0,hombre,fijo,centro A,19.0,33.77157660068722,3.4,0.0,no
enfermería,urgencias,43.7,1934.117,2.0,3.0,7.8,sí,43.0,hombre,interino,centro B,53.0,12.690978475601021,6.2,1.0,sí
auxiliar,PLANTA,35.6,1648.17,3.0,3.0,8.4,no,46.0,mujer,interino,centro C,144.0,-12.711810884958647,17.3,1.0,no
medicina,urgencias,36.8,1689.541,2.0,2.7,6.3,no,37.0,mujer,interino,centro D,30.0,-19.510708004658763,44.6,0.0,sí
enfermería,uci,29.4,1345.331,6.0,3.1,7.7,no,49.0,mujer,eventual,centro A,45.0,-20.838182759697162,30.9,2.0,no
celador,urgencias,39.9,1899.296,2.0,1.1,6.6,sí,49.0,mujer,fijo,centro B,30.0,-7.593071591517938,9.1,0.0,sí
enfermería,urgencias,36.2,1671.497,3.0,5.0,10.5,no,62.0,mujer,fijo,centro E,42.0,-4.06015870409807,2.3,0.0,no
celador,uci,31.8,1472.1,1.0,1.5,1.5,no,44.0,mujer,eventual,centro D,33.0,-8.041656287097812,22.5,2.0,sí
enfermería,quirófano,41.3,1883.903,0.0,3.3,12.1,sí,42.0,mujer,fijo,centro C,83.0,-11.151584047558925,33.6,1.0,sí
auxiliar,planta,33.6,1610.368,0.0,4.0,12.5,no,51.0,mujer,N/D,centro B,12.0,-18.64931154749103,3.7,0.0,sí
administración,consultas,33.6,1539.909,2.0,4.0,0.6,sí,35.0,mujer,fijo,centro A,13.0,-3.434442565932768,11.1,3.0,no
medicina,quirófano,35.8,1645.316,2.0,4.5,5.6,sí,46.0,mujer,fijo,centro B,22.0,-22.0000826172896,13.6,0.0,sí
enfermería,consultas,46.1,2081.497,0.0,3.9,1.1,no,44.0,hombre,fijo,centro E,3.0,15.56312471221929,53.2,0.0,sí
enfermería,urgencias,42.5,1949.186,2.0,1.9,4.9,sí,35.0,mujer,N/D,centro E,6.0,3.3300098996190934,17.2,0.0,no
auxiliar,planta,38.8,1806.297,5.0,4.1,10.5,no,37.0,mujer,fijo,centro E,64.0,-15.68117231753476,8.0,2.0,no
enfermería,consultas,36.8,1598.587,2.0,3.7,4.3,no,23.0,hombre,interino,centro B,27.0,-7.476099123688456,14.6,1.0,sí
enfermería,CONSULTAS,39.0,1813.98,7.0,3.0,15.1,sí,43.0,mujer,interino,centro D,57.0,2.1532929486285664,6.8,1.0,no
medicina,uci,39.4,1862.619,2.0,5.0,7.7,sí,30.0,mujer,fijo,centro D,24.0,-21.664979722816938,25.8,0.0,sí
auxiliar,consultas,29.8,1375.761,1.0,2.6,6.5,no,38.0,mujer,eventual,centro C,28.0,-18.942073791933364,31.1,0.0,sí
administración,urgencias,32.2,1547.158,3.0,2.2,2.1,no,31.0,mujer,fijo,centro C,47.0,-12.238286403937726,26.5,0.0,no
enfermería,consultas,42.4,1918.937,0.0,3.7,8.2,no,37.0,mujer,fijo,centro E,7.0,-8.315759192561476,18.0,0.0,no
auxiliar,PLANTA,39.3,1742.731,3.0,3.2,11.5,no,27.0,mujer,fijo,centro A,20.0,-0.14904802948216744,5.4,3.0,no
auxiliar,  planta ,39.2,1807.609,5.0,2.1,5.4,no,63.0,mujer,fijo,centro A,22.0,3.593656588135317,1.9,0.0,no
administración,PLANTA,40.0,1852.981,3.0,4.7,7.2,sí,39.0,mujer,N/D,centro A,40.0,-16.946158070328032,29.4,0.0,no
administración,uci,43.8,2030.568,4.0,1.6,11.9,no,35.0,mujer,fijo,centro C,30.0,-3.0782781452618977,9.5,0.0,no
enfermería,urgencias,38.4,1734.356,0.0,2.5,8.4,no,47.0,hombre,interino,centro B,25.0,-10.461153054116387,4.6,0.0,sí
administración,planta,49.2,2194.728,0.0,3.0,23.5,sí,66.0,mujer,fijo,centro E,30.0,12.284523710101407,107.2,2.0,sí
medicina,consultas,31.5,1431.004,4.0,2.1,2.3,sí,22.0,hombre,N/D,centro C,30.0,-16.77294361690409,3.4,2.0,sí
medicina,quirófano,42.7,1904.712,1.0,2.2,7.0,no,27.0,hombre,fijo,centro D,61.0,-1.7061639994930498,11.1,2.0,no
enfermería,planta,33.6,1504.951,1.0,3.7,4.3,no,39.0,mujer,interino,centro E,12.0,-15.003945692649847,26.4,1.0,sí
enfermería,urgencias,39.5,1812.83,0.0,2.9,4.7,no,50.0,hombre,fijo,centro D,17.0,-11.541799111403723,26.6,0.0,no
administración,planta,40.1,1788.768,1.0,3.2,4.6,sí,43.0,mujer,interino,centro E,37.0,8.247627075961528,21.3,1.0,no
enfermería,consultas,42.1,1924.257,4.0,4.6,7.0,sí,66.0,mujer,interino,centro B,6.0,-3.0483409377896944,12.5,1.0,sí
auxiliar,quirófano,37.9,1759.204,4.0,3.3,5.9,sí,36.0,mujer,fijo,centro D,13.0,-4.406910116639624,18.3,2.0,sí
medicina,  planta ,56.6,2674.734,0.0,2.2,15.3,no,54.0,mujer,fijo,centro E,8.0,35.218082440276824,61.3,1.0,no
medicina,planta,39.0,1751.647,1.0,1.5,12.3,sí,44.0,mujer,interino,centro C,54.0,3.7749682068323978,3.3,0.0,no
enfermería,consultas,25.5,1101.485,4.0,3.1,17.9,sí,38.0,mujer,interino,centro A,8.0,-36.40924253029483,15.2,1.0,no
enfermería,quirófano,38.5,1798.812,3.0,1.8,15.8,sí,43.0,hombre,interino,centro C,36.0,-4.197338210778714,-99.0,0.0,sí
medicina,planta,28.8,1325.537,3.0,4.7,28.1,sí,43.0,mujer,fijo,centro C,64.0,-39.33249493756661,32.6,0.0,no
medicina,planta,25.0,1168.111,3.0,1.9,2.3,no,29.0,mujer,N/D,centro D,89.0,-20.853598443565705,9.7,2.0,sí
auxiliar,oncología,37.5,1739.281,0.0,2.3,2.5,no,56.0,hombre,eventual,centro C,7.0,-11.444906583014623,30.5,3.0,sí
medicina,urgencias,37.1,1753.631,0.0,3.6,7.5,sí,30.0,hombre,interino,centro B,65.0,0.4799432061584845,86.7,1.0,no
auxiliar,ONCOLOGÍA,35.5,1595.358,4.0,1.8,10.5,no,47.0,mujer,interino,centro C,54.0,-22.722205938254955,16.4,0.0,no
enfermería,QUIRÓFANO,52.6,2394.492,4.0,4.2,2.6,no,47.0,hombre,fijo,centro C,25.0,39.669730156794685,8.5,0.0,no
enfermería,planta,34.7,1603.77,2.0,3.3,5.0,no,39.0,mujer,fijo,centro D,23.0,-4.53073190201448,20.1,0.0,sí
enfermería,quirófano,31.9,1482.833,0.0,4.4,10.8,no,38.0,mujer,N/D,centro B,25.0,-23.305579260867855,5.6,3.0,no
auxiliar,planta,35.8,1632.005,0.0,4.6,8.4,sí,38.0,mujer,interino,centro A,80.0,-35.88087666824003,21.8,2.0,sí
auxiliar,UCI,35.6,1657.522,5.0,3.5,27.3,no,44.0,mujer,fijo,centro E,15.0,-23.80301416946402,-99.0,0.0,no
medicina,URGENCIAS,46.5,2146.948,3.0,2.9,11.2,no,27.0,mujer,fijo,centro C,26.0,16.603437188161248,48.2,2.0,no
enfermería,oncología,26.6,1233.531,1.0,4.2,15.6,sí,47.0,mujer,fijo,centro D,42.0,-30.162423631757186,23.9,0.0,sí
celador,urgencias,53.8,2488.71,0.0,3.4,11.8,no,43.0,mujer,N/D,centro A,32.0,20.069604731950253,6.5,0.0,sí
administración,consultas,25.9,1171.47,0.0,2.5,6.4,sí,36.0,mujer,eventual,centro E,21.0,-18.48299224904717,37.4,1.0,sí
medicina,planta,40.8,1900.665,3.0,3.5,6.1,no,39.0,mujer,fijo,centro A,27.0,-8.846349132905097,64.9,2.0,sí
auxiliar,  consultas ,27.4,1237.627,5.0,2.5,10.4,no,28.0,hombre,N/D,centro A,25.0,-42.91631339272024,39.7,0.0,sí
administración,urgencias,27.1,1211.214,1.0,2.3,8.8,no,42.0,mujer,fijo,centro B,37.0,-4.066099426629027,20.5,2.0,no
enfermería,urgencias,34.3,1573.386,3.0,2.4,6.3,no,48.0,mujer,interino,centro A,19.0,-22.374427798917967,28.2,0.0,no
enfermería,consultas,47.0,2086.057,1.0,4.1,15.5,sí,35.0,mujer,fijo,centro B,15.0,18.7966944526074,37.7,0.0,no
administración,oncologia,35.5,1654.419,3.0,3.8,11.1,no,33.0,mujer,fijo,centro C,7.0,-7.37988275558995,5.9,2.0,sí
enfermería,quirófano,36.9,1731.909,3.0,3.0,31.7,no,35.0,mujer,interino,centro D,16.0,-4.205268405135782,30.7,2.0,sí
enfermería,consultas,37.6,1680.691,3.0,3.5,14.8,no,48.0,hombre,fijo,centro C,52.0,-19.025234933268436,56.2,2.0,sí
auxiliar,urgencias,54.7,2476.436,0.0,4.4,2.4,sí,42.0,mujer,fijo,centro E,51.0,29.211029261871268,16.0,0.0,no
auxiliar,UCI,40.4,1819.434,2.0,4.4,12.3,no,46.0,mujer,eventual,centro B,31.0,-3.5896711379160253,16.4,1.0,sí
administración,planta,40.8,1880.498,0.0,3.5,12.9,no,53.0,mujer,interino,centro B,24.0,-8.717009945944405,8.6,0.0,no
administración,planta,38.1,1769.138,3.0,2.1,17.5,sí,36.0,mujer,eventual,centro E,38.0,16.87062535389009,3.7,2.0,no
medicina,CONSULTAS,47.9,2232.074,0.0,3.4,33.4,no,22.0,hombre,eventual,centro B,24.0,0.9608384167895109,5.0,3.0,no
auxiliar,consultas,39.8,1765.723,3.0,3.1,17.2,sí,32.0,mujer,interino,centro A,51.0,-15.080073584744436,20.6,0.0,no
administración,planta,37.1,1757.805,3.0,1.6,9.8,no,22.0,mujer,fijo,centro E,31.0,-1.745794820109098,5.0,1.0,sí
auxiliar,consultas,42.6,1955.23,2.0,4.4,8.2,sí,56.0,mujer,fijo,centro B,16.0,13.748062772397839,1.0,3.0,sí
auxiliar,planta,50.8,2391.376,4.0,4.3,2.8,no,50.0,hombre,fijo,centro A,71.0,28.97199947214851,7.2,1.0,no
enfermería,  quirófano ,36.7,1655.317,2.0,3.4,1.6,sí,50.0,hombre,eventual,centro D,12.0,-25.873248178035936,14.4,0.0,sí
auxiliar,urgencias,43.4,1998.312,0.0,3.2,16.0,sí,39.0,mujer,N/D,centro A,30.0,-0.12292068273064727,31.8,2.0,no
medicina,planta,43.0,2018.349,0.0,2.4,10.6,no,48.0,mujer,fijo,centro A,15.0,-7.8552847199531355,21.6,2.0,no
administración,consultas,37.1,1714.184,0.0,4.1,13.4,no,47.0,mujer,fijo,centro E,7.0,-27.042722339737374,12.5,0.0,no
administración,quirófano,34.3,1597.909,0.0,1.7,9.8,no,27.0,mujer,fijo,centro A,11.0,-46.46124243623858,5.2,0.0,sí
auxiliar,quirófano,20.2,931.934,4.0,2.9,6.3,no,55.0,mujer,interino,centro D,32.0,-26.43770927373177,1.4,0.0,sí
medicina,urgencias,33.1,1551.841,1.0,2.9,4.7,sí,59.0,hombre,fijo,centro A,10.0,-21.711702913018627,23.8,1.0,no
medicina,consultas,34.9,1600.208,2.0,3.8,8.5,no,52.0,mujer,fijo,centro E,22.0,-21.98892911224486,21.6,0.0,no
medicina,planta,36.3,1673.382,0.0,3.8,0.5,no,38.0,mujer,eventual,centro D,27.0,-19.36187478934411,27.1,0.0,sí
medicina,planta,31.4,1457.814,0.0,2.8,13.2,no,42.0,mujer,interino,centro A,4.0,-19.361381705866844,2.2,1.0,no
medicina,consultas,34.4,1593.635,1.0,2.8,5.0,no,44.0,mujer,interino,centro C,72.0,-22.26911339592331,10.1,3.0,no
medicina,consultas,24.4,1093.397,6.0,5.0,8.3,no,37.0,mujer,fijo,centro C,14.0,-36.488476055821856,-99.0,0.0,no
enfermería,consultas,40.9,1864.984,0.0,5.0,5.3,no,53.0,hombre,eventual,centro C,23.0,7.692579538242866,117.6,2.0,sí
celador,URGENCIAS,36.9,1737.32,2.0,4.6,8.9,no,32.0,mujer,fijo,centro E,37.0,-3.392903672690643,-99.0,0.0,sí
auxiliar,planta,45.8,2161.455,7.0,2.7,3.2,no,22.0,hombre,eventual,centro B,40.0,19.313869360257073,7.8,3.0,sí
enfermería,URGENCIAS,49.2,2220.593,4.0,3.1,11.2,sí,60.0,mujer,interino,centro A,45.0,19.987397233360156,17.6,1.0,no
auxiliar,CONSULTAS,35.4,1708.102,0.0,3.7,7.2,no,34.0,mujer,eventual,centro D,38.0,-15.165621671432422,6.1,0.0,sí
medicina,urgencias,38.5,1780.566,4.0,2.3,8.4,no,34.0,mujer,fijo,centro B,22.0,7.179957558965125,4.7,0.0,no
enfermería,uci,33.3,1550.833,5.0,1.7,22.5,no,30.0,mujer,interino,centro E,16.0,-17.921044672536308,12.6,2.0,sí
enfermería,consultas,25.1,1155.311,0.0,2.9,10.7,no,66.0,mujer,fijo,centro E,3.0,-4.287099377829907,39.3,1.0,no
enfermería,planta,41.1,1917.832,2.0,2.5,11.4,no,56.0,mujer,eventual,centro C,26.0,-15.140663740275674,8.7,1.0,sí
auxiliar,urgencias,43.8,2029.564,2.0,2.0,2.5,sí,44.0,mujer,eventual,centro E,8.0,20.515595871590392,8.5,0.0,sí
administración,uci,46.9,2128.145,3.0,2.8,14.0,sí,42.0,mujer,fijo,centro D,36.0,7.945889354136009,28.6,0.0,sí
medicina,  urgencias ,34.1,1576.181,2.0,2.3,4.7,no,50.0,hombre,interino,centro A,6.0,-18.985019914598247,19.2,0.0,no
enfermería,  planta ,38.0,1763.911,4.0,3.7,9.8,sí,41.0,hombre,fijo,centro B,44.0,3.110646908083126,56.4,0.0,no
auxiliar,quirófano,23.7,1082.43,3.0,2.9,11.6,no,40.0,hombre,fijo,centro B,49.0,-41.838514311470426,6.1,1.0,no
celador,consultas,28.2,1254.428,1.0,3.1,19.1,no,44.0,mujer,eventual,centro C,9.0,-31.698387175862834,5.5,1.0,sí
administración,planta,33.1,1559.806,0.0,4.7,0.5,no,39.0,hombre,fijo,centro E,76.0,-17.692158732162845,4.1,2.0,sí
medicina,UCI,28.5,1279.146,0.0,4.6,13.3,no,58.0,mujer,fijo,centro D,18.0,-21.674108547611052,17.9,1.0,sí
medicina,consultas,31.8,1420.178,1.0,3.6,8.1,sí,41.0,mujer,fijo,centro E,12.0,-18.2570342977688,7.4,1.0,no
enfermería,PLANTA,43.1,1938.647,0.0,3.5,3.9,no,46.0,hombre,interino,centro E,20.0,8.65562236915245,7.8,1.0,sí
enfermería,consultas,32.3,1506.442,2.0,4.9,4.2,sí,44.0,mujer,interino,centro E,52.0,-17.385669513325958,26.0,2.0,sí
enfermería,oncología,36.8,1644.838,0.0,2.8,2.4,sí,40.0,mujer,fijo,centro D,50.0,-9.29598768385497,8.4,0.0,sí
auxiliar,consultas,39.5,1842.038,1.0,4.5,12.1,no,24.0,mujer,fijo,centro A,15.0,-13.235021546046488,45.2,0.0,no
enfermería,urgencias,45.1,2115.496,4.0,2.9,3.5,no,42.0,hombre,eventual,centro A,42.0,16.040384218151104,9.4,0.0,no
enfermería,quirófano,38.7,1746.328,6.0,3.5,4.9,no,56.0,hombre,fijo,centro E,42.0,-20.656887986068472,2.5,2.0,no
enfermería,planta,36.7,1576.336,2.0,3.0,9.6,no,49.0,mujer,fijo,centro C,30.0,-9.150336885723156,11.7,0.0,sí
enfermería,quirófano,28.6,1295.716,3.0,3.2,5.4,no,32.0,mujer,interino,centro B,34.0,-36.04555780326595,4.5,3.0,sí
enfermería,consultas,36.4,1692.392,0.0,2.6,2.9,sí,59.0,mujer,fijo,centro C,44.0,-14.189640667930622,7.7,0.0,sí
enfermería,PLANTA,42.7,1950.519,2.0,3.5,8.6,no,32.0,mujer,fijo,centro D,19.0,11.266512054056085,28.9,1.0,sí
auxiliar,URGENCIAS,35.7,1611.745,3.0,1.9,4.6,sí,46.0,hombre,fijo,centro E,14.0,-28.436499119139608,6.4,0.0,sí
auxiliar,planta,35.8,1665.209,1.0,2.6,3.8,sí,30.0,mujer,fijo,centro D,18.0,-14.932359007382015,34.8,0.0,sí
medicina,QUIRÓFANO,23.9,1099.986,0.0,3.5,11.4,sí,45.0,mujer,interino,centro B,54.0,-32.89969570622158,21.6,2.0,sí
celador,urgencias,26.3,1201.063,2.0,3.0,4.3,sí,52.0,mujer,N/D,centro E,35.0,-35.361824870593054,22.6,0.0,no
auxiliar,consultas,41.2,1853.613,0.0,3.4,3.8,sí,62.0,mujer,eventual,centro B,35.0,1.109884295261633,5.3,0.0,no
celador,urgencias,32.6,1545.93,6.0,4.6,16.1,no,44.0,mujer,fijo,centro D,22.0,-19.52040099306011,20.2,1.0,sí
auxiliar,planta,40.6,1841.49,5.0,5.0,16.3,no,41.0,mujer,interino,centro C,3.0,-9.850386675322184,15.6,1.0,no
enfermería,planta,44.1,2025.424,0.0,3.1,5.6,sí,45.0,mujer,fijo,centro B,6.0,-11.601836603166134,-99.0,0.0,no
enfermería,uci,30.2,1383.601,4.0,2.7,12.2,no,38.0,mujer,fijo,centro E,8.0,-16.911667650932625,9.2,0.0,no
medicina,  oncología ,30.1,1407.022,4.0,3.0,5.8,no,62.0,mujer,eventual,centro C,69.0,-24.465108379883027,18.3,0.0,sí
auxiliar,uci,49.8,2283.183,5.0,5.0,8.9,no,48.0,mujer,fijo,centro D,4.0,35.260175777659335,21.4,0.0,no
administración,planta,36.0,1689.347,0.0,3.4,8.1,no,66.0,mujer,interino,centro C,6.0,-23.826516917735475,7.6,0.0,sí
medicina,consultas,39.7,1886.247,0.0,3.3,11.8,sí,52.0,mujer,fijo,centro A,36.0,-13.424720293737973,4.9,1.0,sí
auxiliar,planta,49.7,2274.581,0.0,2.3,13.7,no,41.0,mujer,interino,centro B,26.0,16.735408725274702,9.8,0.0,no
medicina,consultas,51.2,2343.255,0.0,4.4,4.9,sí,66.0,mujer,eventual,centro D,49.0,17.743956514677905,4.0,2.0,no
enfermería,urgencias,30.0,1354.51,5.0,2.3,8.4,sí,36.0,mujer,interino,centro B,17.0,-13.263362012314236,36.3,3.0,no
medicina,oncología,43.5,1990.748,2.0,2.8,8.8,no,39.0,mujer,fijo,centro C,5.0,24.07116553848016,13.7,1.0,no
medicina,planta,30.4,1402.919,3.0,4.4,5.9,no,46.0,mujer,interino,centro C,12.0,-15.17531004578947,15.5,1.0,no
enfermería,uci,46.9,2210.437,2.0,4.2,3.8,no,34.0,mujer,interino,centro C,28.0,13.915233151143292,38.8,0.0,no
celador,CONSULTAS,43.1,1942.275,3.0,4.0,14.4,no,43.0,hombre,interino,centro C,12.0,-2.133829059686523,76.6,2.0,no
medicina,planta,37.6,1688.137,1.0,4.0,16.6,no,44.0,mujer,fijo,centro E,4.0,-6.176069139841127,4.2,1.0,sí
auxiliar,uci,34.9,1687.138,3.0,5.0,12.9,no,34.0,mujer,eventual,centro D,83.0,-9.92971543601455,74.5,0.0,no
medicina,urgencias,26.0,1181.951,0.0,2.5,16.4,sí,28.0,mujer,interino,centro B,34.0,-4.048463290915537,5.7,1.0,no
enfermería,planta,32.6,1508.56,1.0,2.5,28.3,sí,58.0,mujer,interino,centro C,30.0,-18.053969375020127,3.9,0.0,no
auxiliar,consultas,37.5,1731.104,1.0,3.2,17.2,sí,33.0,mujer,fijo,centro C,50.0,-33.27749153172346,63.7,4.0,sí
enfermería,planta,47.7,2217.279,0.0,3.1,6.0,sí,33.0,mujer,fijo,centro D,41.0,1.3738463825429132,5.2,2.0,no
auxiliar,planta,41.5,1969.044,2.0,3.2,15.5,no,38.0,mujer,fijo,centro D,52.0,-9.075769889330896,-99.0,1.0,no
enfermería,planta,38.9,1786.415,0.0,4.4,1.9,sí,43.0,mujer,eventual,centro E,54.0,-4.348439431317129,19.4,0.0,sí
administración,  planta ,35.8,1650.636,6.0,4.4,15.3,no,57.0,mujer,interino,centro B,13.0,-14.15642277733092,12.1,0.0,sí
administración,quirofano,25.7,1167.345,0.0,2.8,3.4,no,33.0,mujer,eventual,centro D,16.0,-22.505292599235574,109.3,0.0,no
medicina,planta,46.6,2130.981,0.0,4.5,31.8,no,43.0,mujer,interino,centro C,37.0,16.965741520201284,27.4,0.0,sí
celador,uci,31.6,1454.482,1.0,3.7,3.0,no,37.0,mujer,eventual,centro E,29.0,-18.874892946057496,15.2,1.0,no
auxiliar,uci,41.0,1892.289,3.0,4.3,2.9,no,55.0,hombre,interino,centro D,11.0,-17.466237609642587,18.0,1.0,sí
medicina,consultas,37.5,1727.443,4.0,4.6,4.6,sí,34.0,hombre,fijo,centro E,19.0,-8.607274131772632,23.7,2.0,sí
medicina,consultas,39.1,1765.107,2.0,2.7,7.6,no,22.0,hombre,interino,centro C,19.0,-3.55344255798724,16.0,0.0,sí
enfermería,consultas,39.1,1773.578,4.0,2.5,18.6,no,54.0,mujer,eventual,centro E,45.0,-3.613298580908163,4.2,1.0,no
enfermería,  consultas ,30.6,1366.696,0.0,3.6,8.6,no,41.0,mujer,interino,centro B,7.0,-15.119766114423886,8.0,0.0,sí
medicina,PLANTA,23.6,1094.973,2.0,3.3,0.4,no,55.0,mujer,interino,centro D,73.0,-22.11820057845155,32.7,0.0,sí
enfermería,planta,36.8,1682.908,2.0,4.7,3.2,no,35.0,hombre,interino,centro B,35.0,-35.940053339656664,76.4,3.0,no
enfermería,quirófano,53.1,2464.386,0.0,2.1,11.6,sí,66.0,mujer,eventual,centro C,45.0,8.507226698575742,2.3,2.0,sí
celador,planta,37.4,1758.263,0.0,2.3,4.2,no,56.0,hombre,eventual,centro B,13.0,-13.392725609100475,58.6,1.0,no
enfermería,planta,34.9,1561.302,1.0,3.6,6.5,no,49.0,hombre,interino,centro A,10.0,-27.576624553484276,23.4,2.0,sí
enfermería,planta,43.6,2009.746,3.0,4.1,5.9,no,32.0,mujer,interino,centro C,9.0,-2.501593221332055,66.8,3.0,no
enfermería,planta,39.3,1808.306,5.0,4.5,6.6,sí,52.0,mujer,fijo,centro D,79.0,-7.403032075498757,13.0,2.0,no
celador,quirofano,32.7,1508.658,4.0,4.3,0.9,sí,65.0,hombre,fijo,centro C,59.0,-1.0877413285020552,-99.0,2.0,no
administración,planta,42.3,1941.197,1.0,3.1,7.7,no,34.0,mujer,fijo,centro B,44.0,-8.886588328098227,3.0,2.0,no
enfermería,quirófano,44.9,2035.418,3.0,2.8,10.6,no,62.0,hombre,eventual,centro D,20.0,17.76541944154866,2.9,1.0,sí
administración,urgencias,43.1,2009.005,3.0,2.5,6.6,sí,31.0,mujer,N/D,centro B,43.0,12.307119333117399,4.2,1.0,no
enfermería,urgencias,26.5,1251.066,1.0,3.9,1.3,sí,40.0,mujer,eventual,centro C,29.0,-36.66025427744452,14.9,2.0,sí
medicina,consultas,35.6,1633.644,5.0,4.2,9.1,no,53.0,mujer,interino,centro E,51.0,-0.912767478761074,5.4,2.0,sí
auxiliar,  oncología ,47.8,2190.889,3.0,3.6,7.8,no,32.0,mujer,fijo,centro E,51.0,14.261015042270758,11.8,0.0,no
auxiliar,  uci ,38.4,1700.301,1.0,3.9,2.0,no,51.0,mujer,eventual,centro A,15.0,-11.705712181291505,9.5,2.0,no
enfermería,PLANTA,27.8,1287.68,7.0,4.1,7.3,no,39.0,mujer,interino,centro D,62.0,-28.62963220036115,14.7,1.0,sí
medicina,planta,45.9,2027.959,1.0,1.0,3.3,sí,29.0,mujer,eventual,centro E,33.0,14.027028194443925,43.3,0.0,no
medicina,planta,41.3,1934.196,2.0,1.7,23.1,no,45.0,mujer,interino,centro B,53.0,-20.93602563376315,11.1,1.0,no
enfermería,consultas,41.4,1894.234,0.0,3.9,7.9,sí,37.0,mujer,eventual,centro A,11.0,-13.152878399218736,16.7,0.0,no
medicina,consultas,37.1,1712.844,0.0,2.4,27.7,sí,26.0,hombre,fijo,centro E,28.0,-28.484041478145805,19.0,0.0,sí
enfermería,PLANTA,41.5,1922.138,5.0,4.0,2.4,no,47.0,mujer,interino,centro D,26.0,-2.0954316549965277,8.7,0.0,sí
auxiliar,planta,38.4,1785.87,0.0,4.6,7.6,no,33.0,hombre,eventual,centro A,3.0,-16.488641015931886,12.8,2.0,no
celador,consultas,37.2,1701.573,4.0,2.8,9.2,no,41.0,mujer,interino,centro E,38.0,-2.4504835332216057,-99.0,1.0,no
auxiliar,consultas,39.4,1818.062,3.0,4.2,16.3,no,22.0,mujer,fijo,centro E,23.0,3.002051958590858,5.0,0.0,no
auxiliar,uci,41.3,1901.987,0.0,3.1,4.1,no,39.0,mujer,fijo,centro E,16.0,1.1785096884207844,21.3,0.0,no
celador,quirófano,36.5,1606.484,3.0,3.2,10.1,no,50.0,hombre,eventual,centro C,23.0,-4.446996849273658,-99.0,3.0,no
administración,consultas,36.5,1673.785,2.0,3.1,21.0,no,65.0,hombre,fijo,centro B,41.0,-13.636693590706875,18.1,0.0,sí
administración,consultas,31.7,1393.994,4.0,4.3,5.1,no,46.0,mujer,fijo,centro D,8.0,-26.193501893206076,72.3,0.0,sí
medicina,urgencias,58.5,2632.865,2.0,2.7,19.9,no,57.0,mujer,fijo,centro B,73.0,37.82902984283838,-99.0,0.0,sí
auxiliar,planta,29.8,1341.954,4.0,4.0,3.4,sí,23.0,mujer,interino,centro E,18.0,-11.876410602305475,17.1,2.0,no
medicina,consultas,35.0,1602.077,3.0,4.5,3.7,sí,32.0,hombre,interino,centro E,23.0,-10.8430486198158,11.8,3.0,sí
enfermería,urgencias,34.7,1610.214,0.0,4.4,18.5,sí,41.0,mujer,fijo,centro A,78.0,-23.926904024303653,16.6,0.0,sí
enfermería,urgencias,30.2,1376.43,3.0,4.0,2.8,sí,39.0,mujer,fijo,centro B,67.0,-20.162900430897476,27.6,0.0,no
enfermería,consultas,35.4,1667.438,3.0,2.8,7.3,no,38.0,mujer,interino,centro C,15.0,-13.812084407615743,11.1,0.0,no
enfermería,planta,32.7,1497.445,1.0,3.4,8.3,no,29.0,hombre,fijo,centro B,48.0,-19.937506866251777,14.8,3.0,no
auxiliar,urgencias,37.5,1760.182,0.0,3.4,1.7,no,44.0,mujer,fijo,centro E,57.0,-29.071777372028397,30.0,1.0,sí
medicina,PLANTA,29.3,1280.118,4.0,2.2,15.8,sí,51.0,mujer,eventual,centro E,9.0,-23.324759898882856,37.1,2.0,no
medicina,oncologia,41.0,1841.3,0.0,2.6,7.9,no,25.0,mujer,fijo,centro B,71.0,-25.483190292611617,70.9,2.0,sí
enfermería,  quirófano ,37.4,1721.068,0.0,3.2,8.4,no,56.0,mujer,fijo,centro C,22.0,-20.873089905511073,2.1,0.0,no
auxiliar,planta,43.6,1947.626,5.0,4.7,6.8,sí,52.0,mujer,fijo,centro B,33.0,-3.8975330564120654,29.1,0.0,no
administración,uci,39.8,1787.596,7.0,2.9,2.9,no,38.0,mujer,interino,centro B,27.0,8.478632397570884,33.7,1.0,no
enfermería,uci,35.3,1691.833,2.0,2.7,18.4,no,38.0,mujer,fijo,centro D,69.0,-10.61257564087448,5.1,2.0,sí
administración,oncología,42.3,1951.72,0.0,2.0,16.4,sí,40.0,mujer,fijo,centro E,51.0,-9.286996257780544,8.4,2.0,sí
medicina,consultas,40.8,1884.427,5.0,2.6,9.7,no,36.0,mujer,fijo,centro D,11.0,-1.760099762967204,10.6,3.0,sí
enfermería,UCI,42.6,2004.295,6.0,3.1,1.0,sí,27.0,mujer,fijo,centro B,9.0,12.380582447082059,22.7,1.0,sí
administración,planta,40.0,1850.859,4.0,3.1,8.7,no,40.0,mujer,fijo,centro B,14.0,1.0570673308835357,27.5,1.0,sí
enfermería,uci,44.6,2113.147,5.0,3.3,2.6,no,41.0,mujer,fijo,centro A,71.0,2.472076579648798,10.0,1.0,no
enfermería,oncología,38.5,1737.787,1.0,2.2,21.9,sí,24.0,mujer,fijo,centro D,5.0,-10.980396382923182,38.4,0.0,no
medicina,consultas,36.5,1700.496,1.0,4.3,12.2,sí,44.0,mujer,interino,centro B,18.0,-22.678375508606987,9.7,0.0,sí
celador,urgencias,40.3,1825.589,6.0,2.6,8.1,sí,61.0,mujer,fijo,centro B,31.0,-3.2097219134746826,-99.0,0.0,no
medicina,consultas,49.9,2274.871,3.0,3.3,2.9,no,39.0,mujer,fijo,centro B,36.0,19.625314579518047,33.1,1.0,no
enfermería,quirófano,35.0,1609.565,5.0,2.4,12.3,sí,49.0,hombre,eventual,centro B,30.0,-7.980065991864274,5.1,1.0,no
enfermería,urgencias,33.2,1508.887,3.0,5.0,7.3,no,26.0,mujer,interino,centro D,16.0,-15.140792418598341,16.3,1.0,sí
enfermería,oncología,32.3,1513.952,0.0,3.4,2.7,no,41.0,mujer,eventual,centro C,30.0,-31.049452142443542,7.7,0.0,sí
enfermería,consultas,40.9,1849.153,2.0,3.7,3.3,no,34.0,mujer,eventual,centro B,33.0,-19.138701835276038,3.5,0.0,no
auxiliar,planta,39.9,1872.255,3.0,3.6,7.6,sí,46.0,mujer,interino,centro B,15.0,15.081825614540396,3.3,0.0,no
medicina,CONSULTAS,35.3,1565.332,3.0,2.2,8.1,sí,34.0,mujer,N/D,centro C,63.0,-10.720019775447096,5.3,0.0,no
enfermería,planta,30.4,1424.816,3.0,4.8,20.6,sí,32.0,mujer,fijo,centro E,30.0,-32.7860448119583,12.4,1.0,no
celador,oncología,41.1,1936.008,2.0,3.9,6.2,sí,35.0,hombre,interino,centro B,27.0,5.502538150521307,31.1,0.0,sí
enfermería,oncologia,46.2,2131.408,3.0,3.2,13.2,no,28.0,mujer,fijo,centro E,44.0,2.978027917185365,5.5,0.0,sí
enfermería,urgencias,36.4,1627.64,2.0,2.8,3.0,sí,35.0,mujer,interino,centro D,38.0,3.1225975282695266,7.5,2.0,no
medicina,oncología,30.4,1378.202,2.0,3.1,5.1,sí,45.0,mujer,fijo,centro A,32.0,-18.808281121804832,8.2,2.0,sí
medicina,urgencias,37.9,1749.864,5.0,5.0,1.5,sí,53.0,mujer,fijo,centro B,35.0,-16.07159490478552,28.5,2.0,no
medicina,consultas,44.0,2080.071,3.0,2.4,13.6,no,42.0,mujer,fijo,centro E,6.0,17.707468712365102,92.5,1.0,sí
celador,  planta ,46.1,2117.687,0.0,3.2,12.2,no,34.0,mujer,interino,centro E,29.0,-10.571469589724598,-99.0,2.0,no
enfermería,urgencias,42.3,1935.134,0.0,3.9,14.0,no,33.0,mujer,interino,centro D,43.0,-18.373364209187443,12.8,2.0,no
medicina,consultas,37.9,1742.923,0.0,3.0,8.5,no,59.0,hombre,interino,centro E,42.0,-7.6729461305308,46.8,0.0,no
enfermería,urgencias,50.4,2441.689,0.0,2.4,4.7,no,58.0,hombre,fijo,centro C,9.0,15.127585984499731,-99.0,0.0,sí
medicina,oncología,49.7,2219.718,5.0,2.5,6.2,no,55.0,hombre,interino,centro D,42.0,28.584591941213176,-99.0,2.0,sí
celador,consultas,30.7,1410.706,5.0,4.5,6.2,sí,50.0,mujer,fijo,centro D,13.0,-26.23080929828716,26.8,0.0,no
medicina,consultas,52.4,2431.513,4.0,3.5,11.2,sí,40.0,hombre,fijo,centro D,71.0,52.29268995971359,11.9,1.0,no
enfermería,consultas,40.0,1805.307,1.0,3.6,16.2,no,27.0,mujer,fijo,centro D,25.0,-11.77080185593914,41.3,0.0,no
enfermería,urgencias,36.4,1604.764,1.0,4.0,10.3,no,47.0,mujer,eventual,centro D,58.0,-20.72533987620906,6.4,2.0,sí
enfermería,  consultas ,42.3,1919.915,4.0,3.7,11.5,sí,42.0,mujer,interino,centro A,18.0,-1.6220224967888566,7.4,0.0,sí
enfermería,  planta ,46.5,2150.256,6.0,2.4,11.7,sí,33.0,hombre,fijo,centro D,67.0,39.146584461827054,3.0,1.0,sí
medicina,urgencias,46.6,2174.604,3.0,3.2,8.5,no,46.0,hombre,fijo,centro B,14.0,9.459027371299221,7.4,2.0,sí
enfermería,ONCOLOGÍA,40.1,1874.468,3.0,3.7,13.7,sí,40.0,mujer,interino,centro A,78.0,-7.643008782300086,12.3,0.0,no
enfermería,PLANTA,49.2,2200.385,4.0,3.3,11.2,sí,36.0,mujer,interino,centro B,42.0,29.518055177141957,27.3,0.0,sí
medicina,uci,41.3,1878.637,0.0,1.6,10.3,sí,39.0,mujer,interino,centro D,65.0,3.6317559441264167,9.9,0.0,sí
medicina,consultas,43.8,2012.496,2.0,1.6,9.9,no,59.0,mujer,fijo,centro B,22.0,-2.826035794401755,9.8,2.0,sí
medicina,consultas,42.6,1980.16,4.0,4.2,19.7,no,38.0,mujer,eventual,centro D,55.0,-1.857093258287037,51.6,1.0,no
enfermería,URGENCIAS,49.9,2303.204,7.0,1.9,11.1,no,45.0,mujer,fijo,centro C,9.0,40.22696794307139,15.1,1.0,sí
medicina,oncología,21.4,957.042,0.0,2.8,24.4,sí,58.0,mujer,interino,centro E,54.0,-34.27685613277204,59.4,1.0,no
celador,urgencias,30.7,1387.658,3.0,3.8,0.4,sí,30.0,hombre,N/D,centro C,38.0,-8.76284610641379,53.8,0.0,no
enfermería,quirófano,43.2,2013.298,1.0,3.7,28.9,sí,40.0,mujer,fijo,centro D,23.0,-1.924562513610021,10.1,0.0,sí
enfermería,URGENCIAS,41.2,1832.016,4.0,2.3,2.7,no,46.0,hombre,fijo,centro E,4.0,13.783994825691039,8.7,2.0,sí
auxiliar,oncología,36.3,1564.432,1.0,1.7,15.1,sí,38.0,mujer,interino,centro D,8.0,-8.327599696258208,8.5,0.0,no
administración,consultas,35.2,1582.091,0.0,3.0,12.8,no,34.0,hombre,eventual,centro E,9.0,-14.217625746577259,16.0,0.0,sí
celador,planta,44.0,2021.104,6.0,2.7,10.4,no,38.0,mujer,fijo,centro B,26.0,18.963423347721392,9.9,1.0,sí
medicina,planta,37.1,1681.578,4.0,4.0,7.0,sí,27.0,mujer,interino,centro B,26.0,-4.933569594789553,12.5,0.0,no
enfermería,urgencias,39.1,1803.556,2.0,1.9,9.5,no,42.0,mujer,fijo,centro B,70.0,-22.921115584332036,8.7,2.0,sí
enfermería,planta,39.5,1864.96,0.0,2.7,13.2,sí,42.0,hombre,fijo,centro C,78.0,8.055292250708048,34.2,2.0,no
enfermería,planta,39.9,1831.624,2.0,5.0,4.9,sí,44.0,mujer,fijo,centro A,6.0,-6.7131228892147545,6.8,0.0,no
administración,uci,36.5,1715.454,3.0,3.2,5.3,no,54.0,mujer,fijo,centro A,25.0,-16.18954820738177,50.1,2.0,sí
medicina,quirófano,32.6,1535.606,3.0,1.0,1.8,no,37.0,mujer,fijo,centro D,11.0,-6.312029380719219,39.2,0.0,sí
administración,urgencias,44.4,2140.731,4.0,4.9,12.4,no,38.0,mujer,fijo,centro A,30.0,-0.35167569853580805,18.6,2.0,no
auxiliar,QUIRÓFANO,26.0,1183.525,6.0,3.9,10.8,sí,37.0,mujer,interino,centro B,26.0,-41.08009734512019,-99.0,0.0,sí
medicina,ONCOLOGÍA,42.9,1988.565,5.0,4.1,7.0,no,30.0,mujer,fijo,centro B,83.0,6.956018936785502,19.9,0.0,sí
medicina,planta,40.4,1879.583,0.0,4.9,8.8,no,53.0,mujer,fijo,centro A,13.0,-14.300312302334962,27.2,0.0,no
auxiliar,urgencias,36.1,1646.999,3.0,3.4,9.9,sí,36.0,mujer,eventual,centro D,35.0,1.9952398049629991,32.5,0.0,sí
administración,planta,33.7,1565.631,4.0,3.2,7.1,sí,40.0,mujer,interino,centro B,18.0,-12.144376574700296,11.1,0.0,sí
enfermería,CONSULTAS,40.6,1917.857,3.0,2.7,15.9,sí,48.0,mujer,fijo,centro C,25.0,-4.49626963845575,4.3,3.0,sí
enfermería,CONSULTAS,33.2,1514.091,3.0,5.0,20.0,no,29.0,mujer,fijo,centro B,38.0,-15.09463870368685,33.4,2.0,sí
auxiliar,urgencias,33.7,1565.271,3.0,2.8,5.4,no,63.0,mujer,eventual,centro B,9.0,-23.175190788207047,7.4,2.0,no
enfermería,consultas,36.8,1683.186,4.0,2.1,7.1,no,37.0,hombre,interino,centro B,17.0,8.956174939016263,26.2,1.0,no
auxiliar,  urgencias ,39.9,1884.296,0.0,3.2,7.0,no,44.0,mujer,N/D,centro C,15.0,-21.446832667485566,9.4,0.0,sí
medicina,oncología,25.5,1202.54,0.0,4.8,22.2,no,34.0,hombre,interino,centro C,35.0,-25.610326913604474,51.7,2.0,no
medicina,planta,36.9,1707.084,0.0,4.0,16.6,sí,31.0,mujer,interino,centro B,12.0,-2.8848732373957287,17.7,1.0,sí
celador,consultas,38.6,1807.035,4.0,4.5,13.7,no,30.0,mujer,eventual,centro D,28.0,-0.01303510939861674,9.6,2.0,sí
medicina,quirofano,31.7,1456.42,4.0,2.7,24.2,no,32.0,mujer,fijo,centro D,17.0,-9.548203628119131,-99.0,0.0,no
auxiliar,planta,36.8,1700.756,1.0,3.3,2.9,no,26.0,hombre,interino,centro B,8.0,-11.997690335591793,4.7,0.0,no
administración,quirófano,42.2,1910.267,0.0,3.0,19.7,sí,56.0,hombre,interino,centro C,51.0,4.938958255568506,4.9,0.0,no
celador,planta,40.3,1846.427,4.0,4.8,7.1,no,44.0,mujer,fijo,centro D,34.0,-12.634221335955651,14.5,2.0,no
auxiliar,quirófano,31.6,1484.227,0.0,3.9,1.6,no,55.0,hombre,interino,centro B,20.0,-10.649038780670109,10.6,0.0,no
enfermería,  urgencias ,44.6,2001.838,0.0,2.4,31.1,no,49.0,mujer,eventual,centro E,15.0,-5.594870478786487,12.9,0.0,no
auxiliar,quirófano,38.5,1741.956,0.0,3.0,3.7,sí,43.0,mujer,interino,centro E,69.0,-20.3665886729309,12.0,0.0,no
enfermería,planta,33.8,1573.962,4.0,3.7,4.2,sí,44.0,mujer,fijo,centro D,66.0,-8.442886730138246,8.1,0.0,no
enfermería,consultas,41.0,1950.579,0.0,3.2,8.3,sí,50.0,hombre,fijo,centro C,20.0,-7.7699126881152045,31.0,2.0,no
enfermería,oncología,48.2,2226.91,2.0,4.2,15.9,no,22.0,mujer,fijo,centro D,28.0,13.794445868344633,24.7,1.0,sí
medicina,urgencias,49.0,2320.971,2.0,2.5,6.2,no,37.0,mujer,fijo,centro E,26.0,27.91415043874734,41.2,0.0,sí
auxiliar,quirófano,49.6,2213.759,1.0,4.4,2.7,no,47.0,mujer,fijo,centro E,25.0,-1.8191792331792165,32.5,2.0,no
enfermería,quirófano,35.7,1601.22,3.0,3.3,2.7,no,52.0,hombre,interino,centro C,52.0,-10.237246824514388,42.6,0.0,no
enfermería,UCI,37.0,1737.982,1.0,3.7,22.9,no,34.0,hombre,fijo,centro A,19.0,-10.995623622038988,-99.0,1.0,no
medicina,urgencias,32.3,1457.214,3.0,3.6,8.0,sí,53.0,mujer,interino,centro C,43.0,-27.076492367468518,30.9,1.0,sí
medicina,  urgencias ,45.9,2078.562,4.0,2.6,5.9,sí,38.0,hombre,fijo,centro D,45.0,27.2182114630396,34.7,2.0,sí
administración,consultas,32.5,1505.855,4.0,3.5,14.6,no,53.0,hombre,fijo,centro E,48.0,-7.379712633926687,2.4,3.0,sí
medicina,planta,39.4,1751.98,0.0,1.7,12.8,sí,30.0,mujer,fijo,centro B,46.0,-23.399034754975382,15.0,2.0,no
administración,UCI,49.5,2253.984,1.0,4.0,23.6,no,42.0,mujer,fijo,centro A,47.0,7.412428132041324,10.8,2.0,no
enfermería,uci,28.5,1310.547,1.0,2.6,15.8,no,45.0,mujer,interino,centro C,5.0,-10.88279188515758,26.6,2.0,no
medicina,planta,39.5,1812.71,0.0,3.3,7.0,sí,30.0,mujer,eventual,centro C,36.0,-13.915824721551836,70.5,0.0,no
medicina,consultas,41.2,1872.881,3.0,3.1,11.1,no,41.0,mujer,fijo,centro D,11.0,1.9556811145376551,59.0,2.0,sí
medicina,  urgencias ,36.7,1635.248,0.0,1.8,5.4,no,24.0,hombre,eventual,centro C,26.0,-12.705420355176404,17.2,3.0,sí
medicina,urgencias,43.3,2017.439,0.0,3.3,3.1,no,57.0,mujer,interino,centro B,50.0,-18.198079349314796,21.0,0.0,sí
enfermería,  planta ,48.5,2209.527,2.0,4.6,8.6,sí,48.0,mujer,fijo,centro E,20.0,0.7264768602062688,36.6,0.0,no
enfermería,consultas,33.3,1535.167,1.0,2.1,5.6,no,46.0,mujer,fijo,centro D,32.0,-23.470062899971516,7.6,0.0,sí
enfermería,consultas,32.2,1485.319,2.0,3.5,8.2,sí,32.0,mujer,fijo,centro C,4.0,-11.843589063922385,20.0,1.0,sí
auxiliar,consultas,36.9,1714.801,4.0,2.5,6.6,sí,28.0,mujer,interino,centro B,2.0,-1.7749249464781567,-99.0,2.0,sí
enfermería,planta,29.2,1368.823,0.0,2.0,11.2,no,32.0,hombre,interino,centro A,64.0,-23.792248281343934,5.0,1.0,no
celador,planta,39.1,1808.07,4.0,2.4,6.9,no,29.0,hombre,eventual,centro A,68.0,1.559409602915819,26.8,0.0,sí
auxiliar,urgencias,36.1,1649.884,0.0,4.2,2.7,no,46.0,mujer,fijo,centro A,58.0,-11.817493884689313,37.3,2.0,sí
enfermería,urgencias,45.5,2091.06,4.0,3.7,7.9,no,34.0,mujer,fijo,centro E,45.0,21.749907558961148,1.9,0.0,sí
auxiliar,UCI,39.7,1863.558,3.0,2.4,4.6,sí,49.0,hombre,fijo,centro A,15.0,4.787577472965998,-99.0,2.0,sí
enfermería,consultas,35.5,1613.331,0.0,3.2,9.8,sí,63.0,mujer,fijo,centro E,8.0,-18.81729976950253,15.6,3.0,no
enfermería,planta,43.0,2013.499,0.0,4.4,13.4,no,57.0,mujer,interino,centro B,99.0,-2.267432719021401,22.8,2.0,sí
medicina,  planta ,44.9,2084.667,2.0,3.5,9.8,sí,31.0,mujer,fijo,centro B,37.0,-11.167804515545427,28.3,3.0,no
administración,URGENCIAS,31.6,1419.913,2.0,2.3,3.4,no,56.0,mujer,eventual,centro E,70.0,-24.96578790012387,3.3,2.0,sí
enfermería,planta,25.4,1158.824,0.0,3.5,1.4,sí,22.0,hombre,fijo,centro D,72.0,-11.983956423030154,4.6,2.0,sí
administración,PLANTA,45.3,2083.807,3.0,3.6,8.8,no,50.0,mujer,fijo,centro C,50.0,-4.870753861614263,54.6,0.0,no
enfermería,oncología,35.9,1684.386,0.0,2.3,22.4,no,42.0,hombre,fijo,centro E,15.0,-3.770501788407655,12.8,0.0,no
auxiliar,planta,43.5,2047.34,6.0,4.3,3.7,no,36.0,mujer,fijo,centro B,15.0,23.022174730782517,41.5,0.0,no
medicina,oncología,33.9,1560.62,2.0,2.4,6.2,sí,52.0,mujer,fijo,centro D,8.0,-8.68592614366171,27.5,2.0,sí
enfermería,urgencias,51.7,2288.67,2.0,2.3,1.3,no,45.0,mujer,N/D,centro D,16.0,19.601622987511753,4.3,1.0,sí
medicina,quirófano,27.1,1258.645,4.0,4.5,3.7,sí,61.0,hombre,interino,centro A,17.0,-27.39330597471655,12.9,0.0,no
celador,planta,39.1,1801.229,4.0,3.3,7.7,sí,43.0,mujer,interino,centro C,8.0,1.775583292694328,7.7,0.0,sí
auxiliar,PLANTA,39.6,1828.388,1.0,3.0,7.0,no,45.0,mujer,interino,centro E,31.0,-16.816732853649775,12.4,0.0,no
auxiliar,  oncología ,39.3,1779.336,2.0,1.7,3.9,no,42.0,mujer,eventual,centro A,21.0,-3.581083273697071,3.9,0.0,sí
medicina,planta,41.2,1955.176,2.0,2.6,11.1,sí,39.0,mujer,interino,centro A,10.0,1.2983788664669882,8.9,1.0,no
enfermería,  planta ,33.0,1524.617,2.0,1.0,46.7,sí,59.0,mujer,fijo,centro E,52.0,-18.342270475669263,12.4,0.0,sí
enfermería,consultas,43.3,2020.882,7.0,3.6,6.0,no,39.0,mujer,interino,centro D,69.0,25.717625134658377,8.9,0.0,no
administración,planta,32.6,1530.262,2.0,1.0,12.2,sí,41.0,mujer,fijo,centro B,68.0,-32.77850709080132,117.8,1.0,no
administración,quirófano,32.2,1484.696,0.0,2.9,6.4,sí,43.0,mujer,fijo,centro A,15.0,-16.132187026571927,3.8,3.0,no
medicina,urgencias,42.5,2025.59,5.0,2.3,14.3,no,51.0,mujer,interino,centro B,37.0,26.739037667176774,19.0,1.0,no
enfermería,urgencias,41.0,1844.75,0.0,3.9,11.8,no,34.0,hombre,fijo,centro C,25.0,-5.540203904960845,10.0,1.0,sí
enfermería,planta,27.5,1310.355,3.0,4.8,2.5,no,43.0,mujer,fijo,centro C,16.0,-36.76093825891662,120.1,1.0,sí
medicina,quirófano,38.1,1744.828,2.0,3.3,13.0,sí,58.0,mujer,interino,centro A,18.0,-7.298780261198945,6.8,0.0,no
administración,CONSULTAS,26.1,1190.65,6.0,2.1,13.3,sí,41.0,hombre,fijo,centro B,8.0,-25.30205000101615,47.2,0.0,no
auxiliar,oncología,34.1,1614.558,0.0,1.8,8.2,no,27.0,hombre,interino,centro D,32.0,-9.875870314342137,-99.0,0.0,sí
medicina,quirófano,42.5,1925.673,2.0,3.0,4.9,no,35.0,mujer,fijo,centro D,29.0,-6.786815690608193,-99.0,2.0,sí
administración,consultas,29.3,1349.404,4.0,1.2,19.5,no,45.0,mujer,eventual,centro E,33.0,-24.47492803622811,8.7,0.0,sí
medicina,oncología,35.4,1684.331,0.0,3.6,22.3,no,43.0,hombre,fijo,centro D,15.0,-23.22529241139287,9.0,3.0,sí
auxiliar,planta,35.7,1634.017,0.0,3.4,21.3,no,47.0,mujer,N/D,centro D,2.0,-11.075141720018538,-99.0,1.0,no
celador,URGENCIAS,34.9,1624.239,1.0,2.7,23.3,no,39.0,mujer,fijo,centro D,32.0,-9.46267028942029,35.5,0.0,no
administración,  consultas ,47.3,2179.633,0.0,2.1,21.0,sí,56.0,mujer,interino,centro A,18.0,-0.8338371711992663,5.4,1.0,sí
enfermería,consultas,47.6,2175.292,6.0,2.5,3.9,sí,61.0,mujer,fijo,centro D,53.0,32.14297656386724,2.2,0.0,sí
auxiliar,urgencias,48.8,2187.373,4.0,2.7,14.0,sí,46.0,mujer,eventual,centro C,15.0,32.69797378919112,17.7,0.0,no
medicina,oncología,28.5,1323.854,3.0,3.4,0.9,sí,46.0,mujer,fijo,centro E,76.0,-15.786326236466277,13.6,2.0,no
enfermería,planta,35.2,1668.366,4.0,3.5,16.3,sí,26.0,mujer,fijo,centro D,14.0,-16.087194419647986,6.2,0.0,no
auxiliar,ONCOLOGÍA,41.0,1908.045,2.0,1.8,12.3,no,33.0,mujer,fijo,centro C,31.0,-2.832120659226707,15.5,1.0,sí
auxiliar,consultas,47.4,2212.353,2.0,3.1,11.3,no,31.0,hombre,fijo,centro B,26.0,4.793514254737962,15.1,2.0,no
auxiliar,planta,47.9,2262.645,0.0,5.0,10.9,no,49.0,mujer,fijo,centro E,48.0,3.608434218700599,4.3,2.0,no
enfermería,  quirófano ,40.8,1878.965,1.0,1.9,13.5,sí,52.0,mujer,fijo,centro B,4.0,6.11035602485047,37.1,0.0,no
enfermería,quirófano,41.3,1909.26,3.0,3.2,3.4,no,52.0,mujer,fijo,centro B,46.0,3.381703216447007,26.6,2.0,sí
auxiliar,uci,32.5,1438.506,4.0,3.8,2.0,sí,43.0,mujer,eventual,centro E,21.0,-29.147904361670754,5.3,2.0,sí
auxiliar,consultas,35.8,1586.17,0.0,4.0,11.9,sí,49.0,hombre,fijo,centro B,19.0,-5.784450454805894,6.4,2.0,sí
auxiliar,PLANTA,45.7,2067.511,2.0,2.8,10.6,no,51.0,hombre,interino,centro D,49.0,-3.7069480228093443,16.9,0.0,sí
enfermería,  planta ,41.1,1852.461,1.0,5.0,10.5,sí,60.0,hombre,eventual,centro D,11.0,1.442703363721737,3.5,0.0,no
auxiliar,uci,37.8,1767.819,0.0,3.0,14.7,no,53.0,mujer,interino,centro E,27.0,-12.284127284966416,3.9,1.0,sí
auxiliar,quirófano,32.2,1512.383,2.0,3.5,13.5,no,53.0,mujer,interino,centro B,8.0,-9.978514017708932,33.2,3.0,sí
enfermería,planta,47.7,2240.53,0.0,1.9,0.5,sí,42.0,hombre,interino,centro C,26.0,34.46549312384883,13.6,0.0,sí
auxiliar,quirófano,37.6,1713.66,1.0,5.0,25.5,no,28.0,mujer,fijo,centro C,41.0,-5.492326431232172,6.5,1.0,sí
medicina,  consultas ,31.0,1419.154,3.0,3.0,7.3,sí,51.0,mujer,fijo,centro B,17.0,-23.716708775557,11.3,2.0,no
administración,planta,39.0,1806.535,0.0,2.5,16.2,sí,39.0,mujer,fijo,centro B,116.0,-29.355580527635126,105.7,0.0,no
enfermería,planta,38.3,1797.128,4.0,3.2,4.3,no,47.0,hombre,fijo,centro C,17.0,-4.5115469619931226,10.9,0.0,sí
auxiliar,planta,38.8,1754.159,2.0,3.7,12.6,no,34.0,hombre,fijo,centro A,4.0,-10.589842044296052,5.9,0.0,no
medicina,oncología,47.7,2172.426,3.0,4.8,3.5,sí,47.0,mujer,eventual,centro A,15.0,23.930255864790663,39.2,4.0,no
enfermería,quirófano,44.7,2042.208,0.0,2.8,11.5,no,38.0,mujer,fijo,centro E,32.0,-17.04416385464406,-99.0,1.0,sí
auxiliar,planta,46.5,2099.149,3.0,3.1,16.7,sí,54.0,mujer,interino,centro D,29.0,10.797878940281592,-99.0,1.0,sí
medicina,planta,47.2,2150.877,7.0,3.0,1.7,no,48.0,hombre,interino,centro B,98.0,43.36851694272366,51.1,0.0,sí
enfermería,planta,43.5,2003.897,0.0,3.3,3.9,no,37.0,hombre,interino,centro A,29.0,-10.775141585758092,3.7,0.0,sí
celador,urgencias,48.2,2258.545,3.0,2.8,27.4,no,43.0,mujer,fijo,centro A,14.0,18.48767549602928,38.6,2.0,sí
medicina,CONSULTAS,32.9,1512.079,7.0,2.5,2.6,no,66.0,hombre,fijo,centro E,16.0,-28.295383085048513,18.9,2.0,sí
enfermería,planta,33.2,1470.006,0.0,5.0,15.7,no,44.0,mujer,interino,centro C,21.0,-13.772814122796236,21.4,1.0,sí
enfermería,planta,30.8,1386.129,1.0,1.8,6.3,no,42.0,hombre,fijo,centro A,9.0,-20.07785934387676,29.3,0.0,sí
celador,quirófano,33.3,1524.048,0.0,1.7,5.5,sí,32.0,mujer,interino,centro C,16.0,-28.29183095633515,10.1,0.0,sí
enfermería,planta,36.5,1685.463,0.0,4.2,10.2,sí,32.0,mujer,fijo,centro C,45.0,-13.781447588983905,29.4,1.0,no
enfermería,CONSULTAS,41.3,1964.651,4.0,2.6,15.9,sí,25.0,mujer,interino,centro C,22.0,13.008250962459353,-99.0,1.0,sí
administración,consultas,30.1,1427.9,2.0,3.6,8.7,no,33.0,hombre,eventual,centro B,12.0,-16.889864097963297,29.0,2.0,no
medicina,consultas,32.6,1491.3,2.0,4.6,8.0,sí,58.0,hombre,fijo,centro C,47.0,-2.9732171010930344,8.9,0.0,no
auxiliar,planta,48.4,2159.921,3.0,1.3,12.8,sí,44.0,mujer,N/D,centro B,53.0,16.905822538152382,17.1,2.0,sí
enfermería,quirofano,42.9,1998.625,0.0,4.4,17.5,no,50.0,mujer,interino,centro B,82.0,3.118371397347266,4.9,0.0,no
medicina,consultas,44.3,1989.499,4.0,4.1,18.8,no,52.0,mujer,interino,centro A,23.0,5.464710519026993,62.3,0.0,no
enfermería,urgencias,36.8,1630.3,4.0,2.6,22.7,no,51.0,mujer,interino,centro B,48.0,-17.004815228689033,88.3,0.0,sí
enfermería,  consultas ,46.7,2158.742,0.0,2.3,15.9,no,30.0,hombre,interino,centro A,11.0,-0.7392536858627055,5.1,2.0,no
administración,uci,48.0,2241.195,5.0,2.8,4.0,no,38.0,mujer,fijo,centro D,13.0,16.3252335839018,34.7,3.0,sí
medicina,  uci ,48.8,2231.508,3.0,4.9,7.3,no,59.0,hombre,interino,centro C,78.0,12.908965145761542,12.1,0.0,sí
enfermería,oncologia,34.5,1627.677,0.0,1.6,1.3,no,48.0,mujer,interino,centro B,33.0,-7.814596624273569,10.9,1.0,no
auxiliar,planta,30.8,1444.557,2.0,2.3,30.4,sí,41.0,mujer,interino,centro D,47.0,-9.184005490717928,8.4,3.0,no
enfermería,consultas,40.5,1810.557,1.0,1.3,1.7,sí,52.0,hombre,fijo,centro B,16.0,2.1632564959552467,4.2,2.0,no
auxiliar,oncología,54.4,2560.528,0.0,3.4,15.7,sí,54.0,mujer,interino,centro D,38.0,41.72473079514649,23.6,0.0,sí
enfermería,planta,37.8,1702.857,4.0,3.6,15.5,no,37.0,mujer,fijo,centro A,35.0,-19.484085530830644,3.5,0.0,no
enfermería,planta,39.9,1819.807,2.0,3.2,8.3,no,50.0,hombre,eventual,centro D,27.0,19.326342385055398,7.7,2.0,no
auxiliar,  consultas ,39.1,1802.338,0.0,3.4,8.8,no,40.0,mujer,interino,centro C,20.0,-16.939556319428295,94.3,1.0,sí
administración,  oncología ,41.8,1867.521,2.0,3.4,3.4,no,50.0,mujer,fijo,centro E,25.0,-0.37860044817469074,11.3,0.0,no
administración,planta,48.3,2216.771,0.0,3.7,10.2,sí,55.0,mujer,fijo,centro E,65.0,5.545763625309416,4.3,1.0,sí
auxiliar,uci,41.1,1831.437,4.0,1.1,7.7,no,40.0,mujer,fijo,centro C,18.0,15.416882658287461,6.7,1.0,no
celador,planta,25.6,1207.511,3.0,3.0,5.3,no,47.0,mujer,fijo,centro E,19.0,-24.43567482518128,3.6,1.0,sí
medicina,oncología,43.9,1987.27,4.0,3.1,4.1,sí,53.0,hombre,interino,centro A,21.0,16.16924051849567,21.5,2.0,sí
auxiliar,UCI,41.4,1923.272,0.0,2.8,2.7,sí,25.0,hombre,interino,centro C,12.0,-15.157718352077481,32.1,0.0,no
auxiliar,consultas,42.8,1881.201,3.0,2.2,25.3,sí,30.0,mujer,fijo,centro E,64.0,9.22488193075994,15.6,2.0,no
enfermería,planta,41.6,1979.282,3.0,1.9,9.1,no,40.0,hombre,eventual,centro B,27.0,-4.525053479086486,22.1,2.0,sí
administración,quirófano,47.2,2188.618,4.0,3.6,7.2,no,36.0,mujer,fijo,centro E,49.0,15.120748129565868,17.9,1.0,sí
auxiliar,uci,40.0,1848.839,1.0,1.5,16.5,no,29.0,hombre,fijo,centro E,22.0,-6.434551074667333,19.5,0.0,no
enfermería,  consultas ,45.7,2149.697,1.0,2.4,4.6,no,33.0,mujer,eventual,centro E,36.0,5.862861104780142,2.6,0.0,no
medicina,consultas,49.5,2290.771,3.0,1.8,11.0,no,49.0,mujer,interino,centro B,32.0,23.15245433671625,6.6,0.0,sí
celador,quirófano,35.4,1667.537,1.0,2.6,7.7,no,56.0,hombre,eventual,centro E,6.0,-26.00173074416208,7.0,1.0,sí
medicina,PLANTA,52.0,2450.566,3.0,4.9,9.8,no,35.0,mujer,interino,centro D,33.0,27.34254523235862,9.5,2.0,sí
auxiliar,uci,38.4,1755.15,2.0,4.7,3.9,no,34.0,mujer,fijo,centro D,18.0,-18.290158601984867,6.3,3.0,sí
medicina,quirófano,41.6,1892.034,1.0,4.7,5.4,no,58.0,mujer,fijo,centro C,19.0,0.38674864763974526,10.1,0.0,no
enfermería,planta,42.8,1943.96,3.0,4.1,21.2,no,43.0,mujer,interino,centro B,28.0,-7.052592964091731,35.4,1.0,no
celador,consultas,27.9,1266.779,2.0,3.6,5.0,no,43.0,mujer,fijo,centro D,27.0,-18.199989473166887,28.7,0.0,sí
administración,planta,36.6,1689.98,0.0,2.7,11.2,no,35.0,hombre,fijo,centro D,2.0,-7.802883114417128,12.3,0.0,no
auxiliar,  planta ,28.7,1341.984,4.0,2.3,19.8,no,41.0,hombre,interino,centro D,8.0,-11.268905647455883,30.9,0.0,sí
administración,planta,26.8,1238.72,2.0,5.0,4.6,no,45.0,mujer,fijo,centro D,41.0,-36.09182667525559,37.3,0.0,no
enfermería,planta,32.5,1453.251,6.0,4.3,15.2,no,41.0,mujer,interino,centro B,12.0,-30.510061871407828,41.3,1.0,sí
enfermería,urgencias,49.1,2329.07,0.0,3.2,12.0,sí,42.0,hombre,eventual,centro B,13.0,20.681922299464546,16.0,0.0,no
enfermería,urgencias,49.7,2299.377,2.0,3.9,12.7,sí,45.0,mujer,N/D,centro B,7.0,24.92103832427797,71.0,2.0,sí
administración,planta,36.7,1679.672,3.0,3.4,6.6,sí,48.0,mujer,fijo,centro C,23.0,-3.568627627462728,90.2,0.0,no
enfermería,CONSULTAS,40.3,1912.352,2.0,1.6,15.3,no,47.0,hombre,fijo,centro C,31.0,-4.148756686324,6.5,0.0,sí
auxiliar,consultas,43.0,2024.787,6.0,5.0,8.6,sí,30.0,mujer,interino,centro C,23.0,15.254977763510762,103.0,0.0,no
medicina,urgencias,42.3,1931.7,0.0,2.9,20.5,no,31.0,mujer,fijo,centro C,16.0,1.314244761149813,12.3,0.0,no
enfermería,consultas,36.6,1643.388,5.0,3.0,11.8,no,26.0,mujer,interino,centro B,53.0,-10.79240066891824,60.1,1.0,no
auxiliar,planta,26.8,1260.386,4.0,2.8,4.5,sí,34.0,mujer,interino,centro E,20.0,-13.487037846821917,26.0,0.0,sí
auxiliar,consultas,44.2,1993.803,6.0,2.5,11.5,no,49.0,mujer,eventual,centro C,16.0,19.178780925335957,183.4,2.0,no
medicina,urgencias,36.8,1699.369,4.0,4.1,26.8,sí,52.0,mujer,N/D,centro D,10.0,-30.427329821410694,-99.0,3.0,no
medicina,urgencias,31.4,1502.422,3.0,3.2,11.1,no,33.0,hombre,eventual,centro C,18.0,-30.517719600275385,2.4,4.0,sí
enfermería,consultas,35.8,1645.478,1.0,3.5,17.3,sí,41.0,mujer,fijo,centro A,60.0,-20.038059074704787,3.8,2.0,no
enfermería,planta,38.2,1807.666,4.0,4.0,10.1,no,45.0,mujer,fijo,centro D,19.0,-41.415427896770154,288.9,0.0,sí
enfermería,uci,34.2,1594.165,0.0,3.9,17.9,no,39.0,mujer,fijo,centro D,35.0,-5.021930047892665,7.0,0.0,no
enfermería,quirófano,33.3,1491.862,1.0,4.5,5.6,no,51.0,mujer,eventual,centro E,3.0,-22.77560335026563,7.0,0.0,sí
medicina,planta,54.4,2488.394,2.0,2.6,5.3,no,44.0,mujer,N/D,centro B,75.0,58.61864247875927,4.3,2.0,sí
enfermería,oncología,25.5,1200.974,0.0,3.2,2.4,no,43.0,mujer,fijo,centro C,72.0,-30.74787345028064,6.2,0.0,no
enfermería,  planta ,37.3,1717.925,3.0,3.2,2.1,no,39.0,mujer,interino,centro E,53.0,-5.934728233530423,7.9,1.0,sí
celador,quirófano,51.2,2300.824,2.0,3.5,12.8,no,52.0,mujer,interino,centro B,49.0,-3.142725161390956,11.9,1.0,no
auxiliar,oncología,32.3,1512.89,3.0,3.1,4.4,sí,43.0,mujer,interino,centro E,25.0,-28.165069547242624,13.5,2.0,no
administración,urgencias,48.1,2181.793,0.0,4.4,9.0,no,37.0,mujer,interino,centro B,16.0,8.047172466621761,23.9,2.0,sí
enfermería,QUIRÓFANO,29.4,1382.173,0.0,2.4,9.1,no,43.0,hombre,fijo,centro E,28.0,-23.45856168028629,-99.0,1.0,no
celador,consultas,27.3,1220.777,1.0,1.7,0.8,no,38.0,mujer,interino,centro D,41.0,-7.264593947073308,30.3,1.0,no
enfermería,  consultas ,29.4,1321.454,6.0,1.7,2.5,no,35.0,mujer,eventual,centro A,45.0,-13.583334189876144,-99.0,2.0,no
auxiliar,  planta ,34.5,1635.632,2.0,1.8,4.1,sí,50.0,mujer,fijo,centro E,31.0,-3.411837805798256,12.5,0.0,no
medicina,planta,34.3,1571.315,6.0,1.2,2.9,sí,52.0,mujer,interino,centro D,7.0,-12.39938288534604,91.2,2.0,no
enfermería,quirófano,33.2,1502.877,0.0,3.1,4.8,sí,46.0,mujer,interino,centro D,34.0,3.6640670958174812,46.2,2.0,sí
enfermería,planta,43.2,2023.049,5.0,2.5,6.6,no,42.0,mujer,fijo,centro D,12.0,-6.79257186794511,19.0,0.0,no
enfermería,planta,46.6,2142.282,5.0,4.4,14.1,no,57.0,mujer,interino,centro A,75.0,5.840966637234251,17.1,2.0,sí
enfermería,planta,36.0,1659.702,0.0,3.1,6.6,no,46.0,mujer,eventual,centro E,32.0,-18.959584221798558,28.4,0.0,sí
enfermería,planta,43.2,1945.555,1.0,3.8,4.6,no,49.0,mujer,fijo,centro C,6.0,4.96223641304196,6.1,0.0,sí
medicina,PLANTA,44.7,2018.219,0.0,4.3,6.8,no,45.0,mujer,eventual,centro E,21.0,-6.532915847814272,14.0,0.0,sí
auxiliar,oncología,36.9,1681.89,0.0,4.0,6.5,no,59.0,mujer,fijo,centro C,18.0,-23.762339568003913,50.7,0.0,sí
medicina,uci,43.5,2003.364,4.0,2.7,5.3,no,41.0,mujer,fijo,centro E,17.0,7.81013682811941,21.1,0.0,sí
enfermería,urgencias,37.3,1730.43,4.0,1.3,3.3,no,41.0,mujer,fijo,centro A,30.0,-3.8504130850313008,6.4,1.0,no
medicina,quirófano,43.9,2050.439,2.0,2.5,11.2,sí,51.0,mujer,interino,centro B,24.0,13.735606720129592,3.0,0.0,no
enfermería,UCI,39.6,1840.84,6.0,4.1,20.4,sí,44.0,mujer,eventual,centro E,17.0,15.555495515095577,143.1,0.0,no
administración,planta,36.1,1664.35,4.0,3.8,7.6,no,47.0,mujer,fijo,centro A,46.0,-13.721531433651629,14.3,1.0,no
enfermería,QUIRÓFANO,34.2,1568.795,3.0,3.0,22.9,no,48.0,mujer,fijo,centro D,26.0,-25.764714061802977,29.1,0.0,no
medicina,QUIRÓFANO,41.5,1904.921,6.0,3.1,11.9,sí,27.0,hombre,interino,centro B,27.0,2.652597850172242,30.8,1.0,sí
auxiliar,urgencias,32.3,1485.995,1.0,3.9,5.9,no,30.0,mujer,eventual,centro A,16.0,-34.31384310884557,15.1,1.0,sí
medicina,planta,20.0,935.968,0.0,3.8,2.0,sí,30.0,mujer,interino,centro C,68.0,-34.70056729765785,4.4,3.0,sí
celador,planta,23.5,1101.082,3.0,3.2,9.7,sí,30.0,hombre,interino,centro C,15.0,-19.848421714070888,-99.0,2.0,sí
medicina,quirófano,28.4,1277.452,1.0,3.8,9.2,no,49.0,mujer,fijo,centro E,67.0,-13.752520929576102,82.7,0.0,no
enfermería,PLANTA,53.9,2450.49,5.0,5.0,5.7,sí,43.0,hombre,fijo,centro B,35.0,45.24622019978515,8.3,0.0,no
auxiliar,  consultas ,47.6,2210.226,0.0,5.0,7.7,no,52.0,mujer,fijo,centro E,37.0,-0.26605514213070824,-99.0,3.0,sí
administración,  urgencias ,35.0,1629.017,1.0,2.6,9.8,sí,37.0,hombre,interino,centro E,17.0,-10.280107177970546,-99.0,1.0,sí
administración,URGENCIAS,39.1,1794.855,3.0,4.3,27.5,sí,31.0,hombre,N/D,centro A,35.0,-14.78281428935831,12.2,2.0,sí
medicina,QUIRÓFANO,43.5,1961.544,2.0,3.6,2.9,sí,35.0,hombre,interino,centro D,19.0,17.722728773008836,26.9,1.0,no
administración,consultas,38.8,1791.906,0.0,3.5,2.0,no,36.0,mujer,eventual,centro C,71.0,-20.161038049984306,27.7,1.0,no
enfermería,consultas,41.2,1870.594,5.0,4.6,7.4,no,39.0,mujer,fijo,centro D,21.0,17.059116538781804,19.6,0.0,sí
celador,uci,48.7,2315.081,7.0,2.9,15.5,sí,46.0,mujer,fijo,centro E,69.0,46.03145879613048,20.0,3.0,sí
auxiliar,planta,51.8,2310.254,1.0,3.1,18.7,no,22.0,mujer,fijo,centro D,19.0,12.333334855256936,3.5,2.0,no
medicina,urgencias,31.9,1484.091,4.0,3.3,2.0,sí,42.0,hombre,fijo,centro E,20.0,-19.98259291273585,30.9,0.0,sí
medicina,planta,48.4,2234.643,1.0,4.5,17.9,no,35.0,hombre,fijo,centro D,3.0,12.564154327610073,4.2,1.0,sí
enfermería,planta,36.2,1652.615,2.0,2.4,10.4,sí,55.0,mujer,interino,centro E,19.0,-7.728717569363409,7.2,0.0,no
enfermería,uci,42.9,2035.056,1.0,4.7,4.1,sí,43.0,hombre,fijo,centro E,77.0,12.059122118413582,3.7,1.0,no
enfermería,  planta ,43.5,1979.497,4.0,2.6,8.3,sí,31.0,mujer,fijo,centro D,91.0,24.038353581460008,11.4,2.0,sí
medicina,uci,24.9,1111.748,1.0,3.0,2.0,no,46.0,mujer,interino,centro E,30.0,-25.98417257681571,39.1,2.0,no
enfermería,urgencias,34.5,1638.981,6.0,4.6,25.5,no,49.0,mujer,fijo,centro B,31.0,-15.63950828879561,33.0,1.0,sí
enfermería,urgencias,44.8,2059.102,2.0,2.7,8.4,sí,50.0,hombre,eventual,centro E,48.0,12.08768209398163,18.4,1.0,no
medicina,consultas,46.6,2169.826,1.0,2.4,10.7,no,49.0,hombre,interino,centro E,14.0,-14.02228596108017,-99.0,0.0,no
medicina,ONCOLOGÍA,52.2,2432.307,3.0,3.3,12.9,no,38.0,hombre,interino,centro B,20.0,46.086417021962276,20.0,0.0,no
auxiliar,planta,41.6,1865.048,0.0,2.9,18.9,no,49.0,mujer,fijo,centro C,3.0,-10.609558049783889,30.7,0.0,sí
administración,quirófano,48.9,2203.556,1.0,4.3,5.5,no,37.0,mujer,eventual,centro E,28.0,-0.570694567180027,34.0,1.0,no
medicina,planta,51.5,2304.982,0.0,2.3,9.3,no,42.0,mujer,fijo,centro E,29.0,26.816755962851328,6.7,0.0,no
celador,uci,31.9,1474.094,0.0,1.8,12.7,no,40.0,mujer,fijo,centro D,45.0,-34.22207044780741,6.9,0.0,no
auxiliar,urgencias,35.8,1610.799,4.0,4.5,3.1,sí,43.0,mujer,interino,centro C,5.0,-26.96199810797331,11.9,1.0,no
medicina,uci,30.3,1359.079,1.0,4.3,6.4,no,51.0,mujer,fijo,centro A,17.0,-20.46860294381724,-99.0,0.0,sí
medicina,quirófano,32.7,1542.239,2.0,3.7,9.8,no,25.0,mujer,interino,centro B,29.0,-22.269101652943604,13.6,3.0,no
enfermería,oncología,37.2,1633.493,5.0,2.9,11.1,no,29.0,mujer,interino,centro D,16.0,-16.595760523121246,16.2,0.0,sí
administración,planta,47.7,2151.635,0.0,3.9,8.6,no,48.0,mujer,N/D,centro C,28.0,-9.43575132772934,24.9,1.0,no
enfermería,consultas,36.2,1654.553,3.0,4.1,18.4,sí,35.0,mujer,fijo,centro B,42.0,-40.4076250430363,56.8,1.0,sí
medicina,consultas,39.6,1840.346,2.0,3.5,4.4,sí,54.0,mujer,interino,centro E,30.0,3.6998647684763917,2.8,2.0,sí
auxiliar,consultas,46.9,2207.297,0.0,4.6,7.4,sí,53.0,mujer,eventual,centro A,29.0,-8.119584893836073,4.8,2.0,no
auxiliar,planta,38.2,1770.306,5.0,2.6,4.4,no,48.0,mujer,fijo,centro C,34.0,-6.266727410521809,45.5,0.0,sí
enfermería,planta,44.4,2052.865,0.0,3.3,9.7,sí,56.0,hombre,fijo,centro B,13.0,-7.938552700151491,6.7,0.0,sí
enfermería,CONSULTAS,38.6,1778.135,7.0,3.8,5.5,no,48.0,mujer,eventual,centro D,7.0,4.974584598719423,14.8,0.0,no
enfermería,uci,25.1,1123.118,0.0,4.6,3.6,no,50.0,hombre,interino,centro D,106.0,-21.954164387978487,10.4,1.0,no
auxiliar,quirófano,45.9,2079.985,5.0,2.0,10.6,no,35.0,mujer,interino,centro D,26.0,18.016757186072688,31.0,0.0,no
enfermería,urgencias,27.4,1315.918,0.0,2.5,3.4,no,50.0,hombre,eventual,centro E,41.0,-11.347328400903542,20.7,2.0,no
auxiliar,planta,36.8,1709.285,1.0,3.0,42.2,sí,35.0,hombre,fijo,centro A,20.0,-8.60076773538714,34.4,2.0,no
enfermería,planta,30.4,1412.517,0.0,2.2,2.0,sí,50.0,mujer,fijo,centro C,31.0,-22.191539975767675,3.6,1.0,no
enfermería,urgencias,42.5,1968.238,2.0,3.6,25.0,no,43.0,mujer,fijo,centro E,37.0,-7.3920835894830255,6.4,2.0,sí
medicina,planta,51.6,2532.405,2.0,3.9,4.4,no,48.0,hombre,interino,centro B,61.0,39.23857932256615,8.1,2.0,sí
administración,quirófano,44.9,2063.579,0.0,2.9,4.0,sí,42.0,mujer,fijo,centro E,46.0,3.780256934559644,23.9,1.0,sí
celador,quirófano,48.8,2218.973,5.0,2.8,10.3,no,39.0,mujer,fijo,centro A,17.0,34.20307922835852,22.4,0.0,sí
enfermería,planta,35.7,1633.969,3.0,5.0,6.7,no,48.0,mujer,fijo,centro B,6.0,-22.863322970495243,33.6,2.0,no
enfermería,planta,36.1,1710.047,4.0,1.3,6.0,no,37.0,mujer,fijo,centro D,25.0,0.28420574749548866,16.7,0.0,no
auxiliar,urgencias,38.2,1743.057,0.0,3.9,4.9,no,47.0,mujer,fijo,centro D,15.0,-14.443354449136262,5.9,2.0,no
celador,urgencias,26.8,1237.232,5.0,3.7,15.2,sí,33.0,hombre,fijo,centro E,56.0,-31.298790360671994,-99.0,0.0,sí
enfermería,urgencias,34.4,1630.952,0.0,1.1,13.0,no,51.0,mujer,fijo,centro A,7.0,-9.634333150569379,23.3,1.0,sí
enfermería,planta,47.5,2197.01,4.0,3.3,10.5,no,49.0,mujer,interino,centro A,31.0,8.667589092347955,32.6,0.0,no
celador,planta,42.3,1920.799,0.0,4.6,5.0,sí,50.0,mujer,N/D,centro A,14.0,-8.407045743848636,21.9,2.0,sí
auxiliar,  planta ,43.3,2007.987,4.0,3.6,14.1,no,47.0,mujer,fijo,centro E,22.0,1.0332830847067358,9.2,1.0,sí
auxiliar,consultas,42.2,2001.859,2.0,2.3,1.8,no,48.0,hombre,eventual,centro A,19.0,15.414612493894255,19.9,0.0,sí
enfermería,planta,35.8,1652.313,2.0,4.3,9.6,no,34.0,mujer,fijo,centro B,6.0,-18.955092494306953,17.6,0.0,no
celador,oncología,48.7,2256.996,6.0,3.7,8.1,sí,23.0,hombre,fijo,centro C,21.0,24.517383348120156,27.6,0.0,no
administración,consultas,39.5,1842.923,0.0,2.9,1.5,no,49.0,mujer,eventual,centro B,14.0,-26.884521508924983,49.2,2.0,sí
enfermería,uci,42.2,1937.643,4.0,4.2,4.7,no,28.0,hombre,fijo,centro E,22.0,2.7878012290084504,4.9,2.0,no
administración,consultas,35.5,1610.235,0.0,1.2,2.2,no,60.0,mujer,fijo,centro B,9.0,-17.820432970687246,16.7,1.0,no
administración,quirofano,40.0,1776.735,3.0,1.5,8.0,no,42.0,mujer,fijo,centro D,44.0,-1.605563196771734,35.5,1.0,no
medicina,consultas,41.2,1931.837,1.0,5.0,8.7,no,55.0,hombre,fijo,centro C,85.0,9.732573370478931,35.6,0.0,no
enfermería,planta,35.0,1642.727,4.0,4.6,12.9,no,33.0,hombre,interino,centro E,12.0,-18.38345741238637,6.4,2.0,no
auxiliar,consultas,35.1,1668.513,0.0,2.9,7.0,sí,56.0,mujer,fijo,centro B,16.0,-7.964882680845228,6.8,0.0,sí
enfermería,UCI,34.1,1640.783,2.0,4.5,1.1,sí,50.0,mujer,fijo,centro C,26.0,0.20740850164144575,-99.0,2.0,sí
medicina,oncología,25.6,1151.862,3.0,3.9,10.0,no,30.0,mujer,interino,centro B,49.0,-42.010385244472154,43.4,1.0,no
celador,  planta ,36.5,1696.56,3.0,4.9,5.0,sí,22.0,mujer,eventual,centro A,14.0,-13.17904093532395,20.8,0.0,no
celador,quirófano,29.2,1335.006,1.0,3.9,0.8,sí,49.0,hombre,eventual,centro A,31.0,-12.918246089452023,32.1,2.0,no
administración,  consultas ,37.7,1674.454,0.0,2.9,21.2,no,43.0,hombre,interino,centro D,11.0,-22.64994492552013,12.9,3.0,no
enfermería,planta,35.4,1586.925,3.0,3.7,10.8,no,60.0,hombre,eventual,centro D,46.0,-3.519082498257882,7.3,2.0,sí
administración,planta,36.3,1661.718,4.0,2.7,20.7,no,42.0,mujer,fijo,centro A,17.0,-25.982888657794955,64.3,0.0,sí
auxiliar,planta,31.8,1469.747,2.0,1.8,5.6,no,49.0,hombre,eventual,centro E,30.0,-22.918985202887228,13.1,3.0,no
enfermería,oncología,39.9,1868.353,0.0,2.7,14.1,no,65.0,mujer,interino,centro B,18.0,-18.05057425298275,36.8,0.0,sí
auxiliar,planta,37.5,1697.539,2.0,4.9,13.6,sí,28.0,mujer,eventual,centro B,1.0,-18.678420667168208,8.1,1.0,no
medicina,oncología,30.2,1427.074,0.0,2.7,14.6,sí,42.0,hombre,fijo,centro A,25.0,-6.539687424090804,22.6,2.0,no
enfermería,oncología,45.0,2084.901,3.0,2.1,1.9,sí,37.0,mujer,fijo,centro C,9.0,25.588845729218832,6.0,2.0,no
auxiliar,oncología,34.8,1622.151,1.0,2.0,9.1,sí,51.0,hombre,eventual,centro A,31.0,-12.278085057091804,22.8,0.0,no
enfermería,  uci ,50.5,2272.042,4.0,4.1,12.6,sí,33.0,mujer,fijo,centro A,14.0,44.399468135708496,17.3,1.0,no
medicina,planta,42.2,1931.513,4.0,3.4,15.6,sí,35.0,hombre,fijo,centro A,32.0,-7.329304396411468,3.4,1.0,no
enfermería,oncología,39.9,1892.207,6.0,3.3,9.0,no,52.0,hombre,interino,centro B,25.0,-2.710923173771637,26.0,2.0,sí
enfermería,QUIRÓFANO,33.3,1593.425,0.0,2.2,8.1,no,49.0,mujer,fijo,centro E,3.0,-17.574384803356526,21.3,2.0,sí
administración,oncología,40.1,1894.668,2.0,2.3,3.7,no,51.0,hombre,interino,centro E,20.0,-5.987272592473275,9.0,0.0,no
medicina,planta,29.1,1324.532,2.0,4.1,1.2,sí,57.0,hombre,interino,centro A,18.0,-17.40624001789045,58.9,2.0,no
medicina,consultas,42.5,1916.448,5.0,2.8,18.3,sí,53.0,mujer,eventual,centro C,25.0,13.964168969434816,13.8,1.0,sí
auxiliar,consultas,38.3,1800.215,4.0,5.0,11.0,no,46.0,mujer,fijo,centro B,15.0,-17.339971685545727,10.8,0.0,sí
enfermería,planta,41.9,1948.769,2.0,3.2,8.3,no,37.0,hombre,N/D,centro D,6.0,-22.018116369272917,6.5,2.0,no
medicina,planta,38.6,1764.044,1.0,3.6,22.7,sí,54.0,mujer,fijo,centro A,19.0,-16.33021608071419,16.2,0.0,no
medicina,  urgencias ,41.6,1902.77,3.0,3.9,19.4,no,31.0,mujer,interino,centro E,27.0,-3.2304894853016446,4.1,2.0,sí
medicina,planta,27.9,1295.32,1.0,4.0,11.5,sí,42.0,mujer,interino,centro D,11.0,-31.68257165705971,6.5,3.0,sí
medicina,  oncología ,45.5,2113.189,2.0,2.1,0.9,sí,47.0,mujer,fijo,centro B,27.0,25.698849656016833,33.8,0.0,sí
auxiliar,consultas,42.5,2008.465,0.0,3.0,5.8,no,47.0,mujer,interino,centro C,41.0,-5.891778719751323,40.2,2.0,no
auxiliar,urgencias,36.6,1699.088,2.0,3.6,8.0,no,46.0,hombre,fijo,centro D,16.0,-22.12413606481677,37.5,2.0,no
celador,UCI,31.0,1435.512,3.0,4.0,2.9,sí,32.0,mujer,fijo,centro A,27.0,-6.178764799148601,5.3,2.0,sí
auxiliar,ONCOLOGÍA,39.4,1752.5,0.0,4.2,17.5,sí,57.0,hombre,eventual,centro B,19.0,-13.457539297198274,10.7,0.0,sí
administración,  consultas ,34.8,1588.304,7.0,3.2,17.1,sí,27.0,mujer,fijo,centro B,21.0,-27.201769233413078,13.6,0.0,sí
enfermería,CONSULTAS,39.3,1900.265,1.0,3.2,9.5,no,49.0,hombre,fijo,centro E,7.0,-11.777740611791497,28.0,1.0,sí
auxiliar,planta,46.2,2188.438,5.0,1.9,11.1,sí,34.0,mujer,interino,centro D,7.0,27.188620296742513,27.1,2.0,no
enfermería,planta,42.2,1997.229,1.0,3.8,1.2,no,50.0,hombre,interino,centro B,8.0,-6.181329158570486,30.5,1.0,no
auxiliar,urgencias,44.9,2034.027,1.0,3.8,9.7,no,29.0,mujer,fijo,centro C,54.0,-9.32722119988853,14.6,0.0,no
celador,consultas,30.1,1318.736,1.0,4.4,9.5,sí,45.0,mujer,fijo,centro C,4.0,-24.19622804981005,3.5,0.0,sí
enfermería,PLANTA,38.1,1726.833,3.0,1.2,11.7,sí,52.0,hombre,interino,centro D,26.0,-16.976341962012935,6.6,0.0,sí
auxiliar,quirófano,41.9,1959.643,0.0,3.3,23.1,no,49.0,mujer,fijo,centro D,16.0,-7.895807427665643,8.3,0.0,sí
medicina,uci,47.0,2216.688,5.0,3.2,10.9,sí,53.0,mujer,fijo,centro E,6.0,30.181949301512535,30.6,0.0,sí
enfermería,PLANTA,42.1,1877.914,2.0,2.7,8.6,sí,45.0,mujer,fijo,centro A,10.0,10.51211004126009,4.9,0.0,sí
enfermería,uci,34.9,1591.21,1.0,5.0,5.2,no,31.0,mujer,interino,centro D,15.0,-11.33585689014909,7.1,0.0,sí
medicina,consultas,35.6,1650.081,5.0,3.2,0.8,sí,47.0,mujer,fijo,centro A,20.0,-6.930681116621183,6.7,1.0,sí
medicina,QUIRÓFANO,32.4,1471.068,2.0,4.6,3.9,no,54.0,hombre,fijo,centro B,14.0,-33.02620189303504,39.8,2.0,no
enfermería,planta,47.9,2216.924,0.0,4.4,10.5,no,37.0,mujer,fijo,centro A,68.0,-3.468034254507912,67.0,0.0,no
administración,oncología,57.7,2730.788,3.0,2.8,13.0,sí,27.0,hombre,fijo,centro B,65.0,58.520875309130055,7.3,2.0,no
administración,planta,40.1,1877.206,2.0,3.1,19.2,no,58.0,hombre,eventual,centro E,41.0,-3.6012550255037397,11.7,1.0,sí
enfermería,planta,36.4,1736.309,0.0,3.3,7.9,no,51.0,mujer,fijo,centro B,29.0,-13.368638388566332,6.4,2.0,no
enfermería,planta,30.7,1345.439,1.0,1.9,22.0,sí,47.0,mujer,fijo,centro E,51.0,-41.60253617443743,11.8,2.0,sí
enfermería,  urgencias ,41.6,1858.052,2.0,4.7,8.0,no,39.0,mujer,eventual,centro A,30.0,1.4641582213055555,20.3,2.0,sí
medicina,quirófano,26.9,1209.222,3.0,5.0,14.4,no,48.0,mujer,eventual,centro E,24.0,-41.40430376406728,6.8,0.0,sí
enfermería,oncología,34.9,1578.778,6.0,3.6,4.6,sí,46.0,mujer,eventual,centro E,11.0,-13.734368278129933,28.4,1.0,no
enfermería,  consultas ,36.0,1696.639,6.0,4.8,11.0,no,41.0,hombre,eventual,centro D,37.0,-23.18426705066941,29.8,1.0,no
auxiliar,CONSULTAS,34.5,1567.369,6.0,1.9,21.3,no,35.0,hombre,eventual,centro B,22.0,-31.070837945239486,17.8,1.0,no
auxiliar,planta,45.7,2109.735,0.0,5.0,4.2,no,33.0,mujer,fijo,centro D,25.0,-3.483402874726461,26.2,3.0,sí
auxiliar,planta,41.4,1949.119,0.0,1.7,2.7,sí,31.0,hombre,fijo,centro E,26.0,-11.517315644153895,8.7,0.0,sí
medicina,consultas,44.9,2059.295,3.0,2.7,11.4,no,37.0,mujer,interino,centro C,66.0,0.2262191132112923,3.1,2.0,no
auxiliar,urgencias,49.1,2238.077,3.0,3.5,15.7,sí,61.0,mujer,eventual,centro B,16.0,21.851531500901,41.8,2.0,sí
enfermería,planta,31.0,1444.805,0.0,2.3,16.3,no,32.0,mujer,fijo,centro D,30.0,-33.0897571249694,28.5,2.0,no
medicina,  quirófano ,39.6,1830.197,3.0,3.3,9.9,no,33.0,mujer,eventual,centro E,20.0,-1.4702570626722808,20.6,0.0,no
enfermería,quirófano,35.2,1721.596,0.0,3.5,3.1,sí,33.0,mujer,eventual,centro B,54.0,-26.154466132211112,7.4,1.0,sí
enfermería,consultas,28.8,1327.093,1.0,3.8,8.9,no,40.0,mujer,interino,centro A,4.0,-28.71926047830471,29.2,0.0,no
medicina,UCI,37.8,1748.892,2.0,2.6,3.9,sí,38.0,hombre,fijo,centro E,35.0,-8.528248982623683,30.1,1.0,no
celador,planta,37.6,1730.673,2.0,3.1,12.5,sí,41.0,mujer,eventual,centro D,32.0,-18.870852108703165,45.3,2.0,no
medicina,  planta ,34.2,1559.413,0.0,3.4,12.3,no,39.0,mujer,eventual,centro E,18.0,-24.40757271933321,12.4,1.0,sí
auxiliar,  oncología ,33.9,1533.26,2.0,4.1,3.6,sí,29.0,hombre,fijo,centro B,12.0,-2.6663169054364744,10.7,1.0,sí
enfermería,quirófano,35.6,1550.403,6.0,3.3,18.7,no,40.0,hombre,fijo,centro E,54.0,-23.972992276958863,10.6,0.0,sí
administración,planta,24.4,1125.083,7.0,3.3,8.3,no,40.0,mujer,fijo,centro C,35.0,-51.70066639761043,16.9,1.0,no
medicina,consultas,28.8,1323.655,0.0,2.8,2.2,sí,35.0,hombre,fijo,centro B,17.0,-15.705436403652502,15.9,0.0,sí
administración,URGENCIAS,32.5,1452.118,4.0,2.8,17.3,no,35.0,hombre,eventual,centro C,32.0,-8.434476101650183,10.9,1.0,no
enfermería,quirófano,26.9,1215.256,3.0,3.2,7.5,no,32.0,mujer,fijo,centro B,32.0,-22.986215718656577,34.7,2.0,no
enfermería,  consultas ,44.7,2031.337,0.0,4.3,33.8,no,40.0,hombre,fijo,centro A,27.0,9.373912978186787,6.2,0.0,sí
administración,quirófano,42.1,1952.346,6.0,1.0,3.6,sí,45.0,mujer,eventual,centro B,37.0,14.630206086949093,9.6,0.0,no
enfermería,  planta ,43.4,1941.673,2.0,2.4,14.4,no,39.0,mujer,fijo,centro C,25.0,-2.1382352586136246,25.5,3.0,no
enfermería,uci,31.5,1438.792,1.0,4.0,29.0,no,36.0,mujer,interino,centro E,51.0,-20.774817610476095,16.6,3.0,no
administración,uci,33.0,1460.911,5.0,3.0,1.3,sí,39.0,mujer,interino,centro B,38.0,4.603438601643523,15.5,0.0,sí
enfermería,uci,48.5,2257.525,0.0,3.3,4.1,sí,33.0,mujer,eventual,centro C,4.0,6.465787644416652,155.9,0.0,no
celador,consultas,32.4,1485.361,0.0,1.5,7.4,no,44.0,mujer,interino,centro D,70.0,-34.37820087502244,70.9,1.0,sí
enfermería,planta,48.3,2239.648,4.0,2.9,14.0,no,53.0,mujer,fijo,centro C,54.0,27.345528761510625,22.3,2.0,sí
medicina,planta,42.7,1939.627,2.0,2.5,17.1,no,38.0,mujer,fijo,centro D,45.0,-6.168450988938734,-99.0,0.0,no
administración,ONCOLOGÍA,20.5,931.203,2.0,2.1,6.9,no,46.0,hombre,fijo,centro E,51.0,-18.745330713567775,7.6,0.0,sí
administración,urgencias,37.4,1739.376,4.0,4.8,20.8,sí,53.0,hombre,fijo,centro D,28.0,-14.27424491922481,44.4,0.0,no
auxiliar,planta,36.7,1671.145,2.0,3.8,7.8,no,60.0,mujer,interino,centro D,56.0,-0.05504326016068006,-99.0,0.0,sí
auxiliar,planta,48.3,2157.993,2.0,3.5,21.0,no,27.0,mujer,fijo,centro C,58.0,7.888781320938728,-99.0,2.0,no
auxiliar,UCI,45.7,2050.833,2.0,4.3,17.5,sí,39.0,mujer,interino,centro C,12.0,8.69345132970468,5.8,0.0,sí
administración,quirófano,38.1,1774.698,2.0,4.3,7.8,sí,29.0,mujer,eventual,centro E,23.0,-11.918948424960382,7.5,0.0,sí
auxiliar,consultas,39.9,1856.57,4.0,3.5,4.2,no,40.0,mujer,fijo,centro B,19.0,-6.160142349768929,25.6,1.0,sí
celador,planta,38.0,1719.69,0.0,1.3,21.9,no,32.0,hombre,interino,centro A,29.0,-13.266937071610494,2.0,0.0,sí
administración,urgencias,34.0,1561.315,3.0,2.9,4.3,no,42.0,mujer,eventual,centro C,9.0,-7.286093000557516,10.2,0.0,sí
administración,planta,32.2,1513.5,1.0,4.7,8.4,no,46.0,mujer,eventual,centro B,13.0,-30.364922794597323,6.1,1.0,sí
enfermería,planta,28.1,1301.09,1.0,3.6,12.0,sí,45.0,mujer,fijo,centro C,96.0,-24.237525235007084,13.0,0.0,sí
enfermería,consultas,44.3,2057.791,0.0,4.1,4.1,sí,47.0,mujer,eventual,centro B,10.0,2.112611586937556,2.3,2.0,no
medicina,planta,45.2,2061.804,5.0,3.4,11.4,no,29.0,mujer,eventual,centro B,2.0,3.169548498936832,44.5,2.0,sí
auxiliar,consultas,37.0,1681.682,0.0,3.1,5.9,no,43.0,hombre,N/D,centro D,23.0,-11.377523702134292,9.5,0.0,sí
enfermería,urgencias,29.2,1396.61,2.0,4.3,10.2,sí,32.0,mujer,interino,centro D,23.0,-12.532649737114747,17.2,0.0,no
medicina,  urgencias ,24.0,1092.455,5.0,2.4,2.5,no,41.0,mujer,interino,centro B,17.0,-25.86459494998557,10.1,0.0,sí
administración,consultas,46.5,2111.166,3.0,3.3,8.4,no,38.0,mujer,fijo,centro C,23.0,14.069277050385326,22.7,1.0,sí
medicina,CONSULTAS,38.9,1774.059,2.0,4.1,3.4,no,53.0,mujer,interino,centro B,7.0,-5.288336993740387,-99.0,0.0,no
medicina,oncología,29.8,1341.372,3.0,2.5,4.9,no,35.0,mujer,fijo,centro B,10.0,-32.52877600224341,10.0,0.0,no
celador,uci,38.1,1751.93,4.0,4.0,11.9,no,31.0,mujer,fijo,centro A,35.0,-22.87667949821008,25.5,0.0,no
medicina,planta,28.6,1340.06,2.0,3.9,10.7,no,53.0,mujer,eventual,centro A,54.0,-13.415779261445703,75.4,0.0,no
auxiliar,urgencias,52.1,2438.231,5.0,1.9,5.9,no,39.0,mujer,fijo,centro D,25.0,61.813606358401564,63.1,0.0,sí
celador,planta,38.7,1804.872,1.0,4.3,12.5,no,25.0,mujer,interino,centro C,15.0,-8.16175307454091,8.4,0.0,no
administración,oncología,31.9,1441.381,5.0,4.1,12.8,no,37.0,mujer,interino,centro D,27.0,-27.24929581643136,108.1,2.0,no
enfermería,consultas,46.3,2093.084,0.0,4.3,25.8,no,35.0,mujer,N/D,centro A,38.0,-5.711645199185157,18.8,2.0,sí
administración,  quirófano ,36.4,1693.653,2.0,3.8,4.8,sí,52.0,mujer,fijo,centro D,34.0,-13.73285460285457,35.6,2.0,sí
auxiliar,planta,36.0,1651.947,1.0,5.0,21.6,no,22.0,hombre,fijo,centro C,26.0,-22.482257713428062,27.8,1.0,no
administración,urgencias,39.9,1875.645,5.0,3.9,10.2,no,44.0,hombre,interino,centro E,13.0,-10.706919848094627,34.2,1.0,no
medicina,CONSULTAS,38.5,1710.675,1.0,3.2,6.8,no,38.0,mujer,eventual,centro D,72.0,-7.2081004542069484,44.2,0.0,no
enfermería,planta,55.5,2510.269,1.0,2.6,5.8,no,43.0,mujer,interino,centro C,16.0,38.80139943292856,39.0,2.0,sí
enfermería,planta,35.9,1581.96,0.0,1.4,10.3,no,32.0,mujer,interino,centro D,3.0,-8.68811485807654,14.7,0.0,sí
medicina,oncología,31.4,1445.32,0.0,2.6,12.4,no,35.0,mujer,fijo,centro A,24.0,-23.152800016762438,17.3,2.0,no
enfermería,consultas,40.6,1926.569,4.0,2.5,6.1,sí,46.0,mujer,interino,centro D,15.0,10.509292213796508,5.2,0.0,no
medicina,oncología,47.0,2111.974,2.0,4.3,2.6,no,41.0,hombre,fijo,centro B,66.0,4.370420550883776,13.3,2.0,no
auxiliar,PLANTA,40.6,1924.83,1.0,2.4,1.4,no,43.0,hombre,fijo,centro D,17.0,-4.19481019394909,35.8,0.0,sí
enfermería,oncología,38.5,1757.529,3.0,1.0,11.7,no,34.0,mujer,interino,centro C,58.0,-15.384762896248159,8.4,0.0,sí
celador,quirófano,45.2,2096.814,3.0,2.7,17.2,sí,47.0,mujer,fijo,centro D,11.0,12.761929332302094,10.0,0.0,sí
medicina,planta,36.3,1688.804,4.0,3.2,8.2,no,52.0,hombre,interino,centro A,21.0,-6.096524345101417,5.1,2.0,no
enfermería,urgencias,31.5,1493.801,4.0,2.4,3.2,sí,30.0,hombre,fijo,centro D,36.0,-20.707147168571073,10.0,2.0,sí
enfermería,planta,24.0,1074.036,4.0,4.3,12.3,no,50.0,mujer,fijo,centro D,25.0,-20.921154697545074,114.9,2.0,no
celador,  urgencias ,41.9,1890.158,5.0,2.0,8.1,sí,43.0,mujer,fijo,centro E,55.0,-10.64671548180194,-99.0,0.0,sí
enfermería,oncologia,31.9,1462.535,1.0,3.2,8.1,no,32.0,mujer,fijo,centro A,12.0,-13.882268499596593,16.3,0.0,sí
auxiliar,  planta ,39.3,1790.79,5.0,1.9,13.6,sí,54.0,hombre,fijo,centro C,18.0,-5.754153493509227,19.0,1.0,no
enfermería,oncología,25.8,1195.619,6.0,2.8,22.9,sí,35.0,mujer,fijo,centro A,3.0,-31.142879063467777,45.8,2.0,sí
medicina,quirófano,32.5,1530.769,5.0,2.2,1.7,no,28.0,hombre,fijo,centro A,44.0,-20.189072665867354,11.1,4.0,no
enfermería,  quirófano ,22.5,1022.929,0.0,4.5,16.4,sí,42.0,mujer,fijo,centro C,10.0,-24.07792697750256,31.0,0.0,sí
enfermería,  planta ,41.6,1981.296,2.0,2.9,13.6,sí,48.0,mujer,eventual,centro E,27.0,10.417253105323145,36.1,3.0,no
medicina,uci,34.0,1579.042,4.0,2.9,19.5,no,40.0,mujer,interino,centro E,28.0,-15.18587232400969,7.6,1.0,no
medicina,uci,44.4,2072.43,5.0,1.9,14.6,no,35.0,mujer,fijo,centro E,26.0,31.98974929293507,16.5,1.0,no
celador,PLANTA,33.1,1543.603,5.0,5.0,8.5,sí,50.0,mujer,fijo,centro D,68.0,-22.34650732238665,-99.0,2.0,sí
medicina,consultas,40.0,1841.026,4.0,1.9,7.5,no,38.0,hombre,fijo,centro D,21.0,-21.35330952684138,22.4,2.0,no
medicina,planta,35.6,1593.237,0.0,5.0,11.0,sí,43.0,mujer,interino,centro E,32.0,-12.7971140609466,44.8,1.0,sí
enfermería,planta,48.3,2259.147,2.0,4.1,4.7,no,53.0,mujer,N/D,centro A,15.0,26.668557612500482,6.8,2.0,sí
enfermería,planta,42.6,1968.84,4.0,2.1,17.9,no,32.0,mujer,eventual,centro A,21.0,9.283768288377397,10.2,1.0,no
administración,quirófano,40.5,1787.361,1.0,4.0,7.6,sí,51.0,mujer,fijo,centro E,39.0,-14.980500692916026,8.7,2.0,sí
enfermería,uci,23.3,1059.971,0.0,3.5,28.8,no,50.0,mujer,fijo,centro D,21.0,-17.964759987206243,-99.0,1.0,no
medicina,consultas,35.1,1669.747,4.0,3.3,1.2,no,45.0,mujer,fijo,centro A,60.0,-0.05500972367655699,47.4,0.0,no
enfermería,  planta ,36.8,1710.175,2.0,3.4,0.7,no,39.0,mujer,interino,centro B,9.0,-5.290257182992648,7.5,4.0,sí
auxiliar,ONCOLOGÍA,46.5,2063.199,5.0,2.2,20.2,sí,40.0,mujer,interino,centro A,14.0,19.402646081377657,10.6,0.0,sí
auxiliar,uci,38.2,1702.687,5.0,4.8,7.2,no,53.0,mujer,eventual,centro C,24.0,-10.203564337868363,3.8,0.0,sí
auxiliar,planta,39.5,1829.961,6.0,2.7,0.7,sí,29.0,mujer,eventual,centro A,34.0,-7.74465168339458,2.7,1.0,no
enfermería,planta,49.5,2402.298,1.0,2.1,10.9,sí,29.0,mujer,interino,centro E,54.0,7.369219924149512,16.8,2.0,no
auxiliar,URGENCIAS,34.8,1597.41,1.0,2.1,11.7,no,36.0,mujer,interino,centro C,30.0,-10.499348225836485,3.4,0.0,sí
auxiliar,uci,38.9,1810.896,1.0,3.1,27.0,no,38.0,mujer,fijo,centro C,5.0,-12.851495517367706,2.8,0.0,no
auxiliar,consultas,38.5,1768.182,2.0,3.3,5.2,no,40.0,hombre,interino,centro E,27.0,2.7569989812503,6.6,1.0,no
auxiliar,  urgencias ,37.1,1669.197,1.0,3.6,8.5,no,38.0,mujer,N/D,centro E,25.0,-21.572610348901605,11.7,1.0,no
medicina,  uci ,29.6,1335.807,1.0,3.3,1.4,no,51.0,hombre,fijo,centro B,14.0,-18.861686467587266,8.4,2.0,no
enfermería,consultas,41.6,1935.004,3.0,3.6,9.1,no,44.0,mujer,interino,centro D,8.0,-4.581627532284194,7.5,0.0,no
enfermería,uci,43.9,2006.018,0.0,2.1,16.5,sí,49.0,hombre,fijo,centro E,42.0,4.753617768170637,10.6,2.0,no
enfermería,planta,42.0,1939.186,4.0,3.2,7.1,no,45.0,hombre,N/D,centro E,61.0,-6.898354885962474,42.8,0.0,sí
medicina,urgencias,39.9,1846.751,2.0,1.5,18.1,no,48.0,mujer,fijo,centro C,23.0,-7.947671221376686,120.9,2.0,no
enfermería,consultas,34.7,1579.392,0.0,2.6,3.1,no,40.0,mujer,interino,centro B,83.0,-22.24902583762274,71.5,2.0,no
medicina,consultas,24.5,1116.124,3.0,3.0,3.9,sí,48.0,mujer,fijo,centro A,58.0,-38.454673000226215,5.4,2.0,no
enfermería,consultas,40.2,1850.4,4.0,1.4,4.1,sí,54.0,hombre,fijo,centro A,28.0,-1.5863110781094347,25.7,0.0,sí
medicina,planta,32.0,1470.02,5.0,5.0,25.6,no,40.0,mujer,fijo,centro A,29.0,-19.218874549367317,8.6,0.0,no
enfermería,consultas,39.5,1792.55,2.0,4.6,8.4,no,28.0,hombre,interino,centro C,26.0,-12.807940354422891,6.2,0.0,no
auxiliar,planta,34.2,1520.424,4.0,3.6,14.6,sí,40.0,mujer,interino,centro E,8.0,-17.156017761374464,2.8,1.0,no
enfermería,URGENCIAS,35.8,1586.162,5.0,1.6,10.0,no,46.0,mujer,eventual,centro B,13.0,4.9066782278932255,35.5,0.0,no
administración,  uci ,50.1,2316.604,2.0,2.9,10.9,no,32.0,hombre,fijo,centro D,9.0,21.549179896820323,8.8,3.0,sí
celador,consultas,41.8,1898.489,2.0,4.4,1.9,sí,48.0,mujer,interino,centro A,30.0,-0.5287086765676383,14.9,1.0,no
enfermería,planta,42.5,1836.906,0.0,3.0,5.6,no,46.0,mujer,interino,centro C,23.0,-15.330291712722524,14.1,0.0,no
administración,CONSULTAS,39.3,1782.546,0.0,3.0,1.6,sí,22.0,mujer,fijo,centro C,22.0,-18.75915561844399,5.7,0.0,sí
enfermería,planta,25.2,1185.712,1.0,3.6,4.1,no,36.0,mujer,fijo,centro B,12.0,-15.433213054329931,80.9,0.0,sí
enfermería,planta,30.1,1404.557,1.0,2.3,19.5,sí,51.0,mujer,interino,centro E,69.0,-32.18826333151218,8.1,1.0,no
enfermería,consultas,32.4,1468.835,0.0,1.8,7.3,sí,43.0,hombre,fijo,centro C,16.0,-6.7718455582172545,20.3,0.0,sí
administración,planta,38.7,1844.581,1.0,3.1,9.5,no,54.0,mujer,eventual,centro E,32.0,-17.38589956992672,15.6,1.0,no
auxiliar,oncología,39.5,1790.728,1.0,3.5,1.4,sí,35.0,mujer,fijo,centro E,18.0,10.092771910953665,25.1,1.0,no
enfermería,consultas,28.8,1289.313,0.0,2.5,4.5,no,45.0,mujer,fijo,centro E,11.0,-34.098398715426455,4.4,2.0,sí
enfermería,urgencias,41.3,1946.308,4.0,4.5,17.2,no,43.0,hombre,N/D,centro A,54.0,2.6334896042955283,21.4,2.0,no
celador,urgencias,44.3,2078.66,1.0,4.0,16.9,sí,46.0,mujer,interino,centro E,17.0,8.044094464995878,10.7,1.0,sí
administración,planta,31.0,1402.547,4.0,5.0,1.9,no,66.0,mujer,fijo,centro C,24.0,-28.66682051394444,7.3,0.0,no
medicina,urgencias,42.0,1965.055,5.0,3.2,14.5,sí,32.0,mujer,interino,centro A,34.0,10.858006030852462,-99.0,0.0,sí
auxiliar,consultas,39.1,1778.344,6.0,2.9,1.5,sí,38.0,mujer,fijo,centro E,46.0,7.544722795551442,4.0,0.0,no
enfermería,consultas,27.8,1350.467,4.0,4.1,40.2,no,52.0,hombre,fijo,centro A,37.0,-21.918309611566404,7.0,2.0,no
medicina,planta,27.9,1292.338,3.0,3.2,4.6,no,41.0,mujer,interino,centro D,34.0,-19.31467834759135,7.0,1.0,no
enfermería,quirófano,44.2,2034.715,0.0,3.5,10.5,no,41.0,hombre,fijo,centro B,52.0,-21.736282131017784,13.7,2.0,no
administración,consultas,25.1,1137.224,5.0,3.4,15.6,sí,22.0,hombre,eventual,centro E,7.0,-49.01033209397065,28.1,4.0,no
administración,CONSULTAS,43.9,2010.261,1.0,4.3,2.0,sí,59.0,mujer,fijo,centro B,11.0,-3.593605237505004,16.2,2.0,sí
enfermería,urgencias,45.2,2112.057,2.0,2.5,7.1,no,23.0,hombre,fijo,centro E,41.0,11.876241945890254,7.9,0.0,sí
medicina,quirófano,31.8,1474.627,4.0,3.3,16.5,sí,35.0,mujer,interino,centro E,33.0,-2.234143938678784,91.7,0.0,sí
celador,urgencias,31.7,1415.09,2.0,4.2,17.5,sí,22.0,mujer,fijo,centro C,21.0,-19.645681057492094,12.4,0.0,sí
administración,urgencias,35.4,1585.913,1.0,4.0,28.0,no,41.0,mujer,eventual,centro B,17.0,-27.46186932845705,9.0,0.0,sí
enfermería,consultas,36.7,1680.129,2.0,3.3,8.6,no,46.0,hombre,fijo,centro A,13.0,-4.291065697880784,16.5,1.0,no
celador,quirófano,43.3,1965.811,0.0,1.8,14.3,no,43.0,mujer,fijo,centro C,50.0,-6.626883871151273,6.5,0.0,no
administración,consultas,40.7,1861.215,0.0,3.2,5.3,sí,48.0,mujer,interino,centro B,21.0,-25.22324502365858,33.5,1.0,no
administración,  uci ,30.1,1432.532,3.0,3.6,15.6,no,36.0,mujer,fijo,centro A,27.0,-34.6084780316337,14.9,0.0,no
medicina,planta,37.6,1755.611,4.0,3.5,12.9,no,27.0,mujer,fijo,centro E,27.0,-16.26674793537778,31.6,0.0,sí
celador,consultas,37.9,1740.664,0.0,3.0,9.8,sí,52.0,mujer,interino,centro D,57.0,-4.921810470232467,7.6,0.0,sí
medicina,  planta ,43.3,2014.083,4.0,2.0,14.7,sí,32.0,mujer,fijo,centro E,8.0,11.805170653309945,17.7,3.0,no
auxiliar,consultas,41.5,1941.879,0.0,1.8,30.4,no,48.0,mujer,interino,centro A,71.0,-0.8337261884453149,59.2,1.0,no
enfermería,urgencias,27.2,1286.768,5.0,3.8,4.5,sí,44.0,mujer,eventual,centro C,7.0,-32.892467583194,21.4,1.0,no
enfermería,planta,37.2,1660.507,3.0,2.4,16.1,no,38.0,mujer,eventual,centro D,39.0,-10.417773726596362,17.7,2.0,no
medicina,quirófano,43.1,1956.662,0.0,3.5,3.9,no,33.0,mujer,fijo,centro B,51.0,-5.74977699463607,8.9,2.0,sí
auxiliar,quirofano,39.9,1795.135,0.0,4.1,7.1,no,49.0,mujer,fijo,centro A,40.0,-4.663367781335509,14.9,0.0,no
medicina,planta,46.0,2051.106,2.0,3.2,9.7,no,56.0,mujer,fijo,centro D,33.0,18.969139340858113,23.6,0.0,no
auxiliar,quirófano,40.9,1854.918,1.0,2.8,9.8,no,38.0,mujer,fijo,centro B,56.0,-8.181549222120742,5.2,2.0,sí
medicina,urgencias,32.3,1488.527,0.0,4.3,1.2,sí,56.0,mujer,interino,centro C,5.0,-23.82859722574345,15.8,0.0,no
administración,consultas,40.4,1845.43,5.0,3.6,9.9,sí,65.0,hombre,interino,centro B,11.0,4.605809674143419,195.3,2.0,sí
administración,urgencias,43.8,1934.793,4.0,4.2,11.1,no,58.0,mujer,fijo,centro E,19.0,-14.014589587705707,25.0,0.0,sí
