fecha_siniestro,coste_siniestro_eur,tipo_siniestro,tipo_via,valor_vehiculo_eur,antiguedad_vehiculo_anios,ocupantes,heridos,velocidad_estimada_kmh,intervencion_policial,edad_conductor,antiguedad_carnet_anios,franquicia_eur,provincia_poliza,canal_contratacion,meses_desde_alta
27/03/2025,300.52522616224854,golpe en aparcamiento,urbana,7 892,21.0,2.0,0.0,83.0,no,26.0,48.0,600,zaragoza,mediador,56.0
05/07/2025,3373.499326846165,salida de vía,urbana,23 069,10.0,2.0,0.0,43.0,no,28.0,6.0,0,madrid,directo,56.0
01/06/2025,1796.3647321519913,ALCANCE,autopista,30 743,11.0,1.0,0.0,92.0,no,59.0,11.0,150,barcelona,mediador,179.0
09/09/2025,22674.620543598634,incendio,urbana,16 245,21.0,1.0,0.0,64.0,sí,45.0,39.0,150,sevilla,mediador,177.0
04/11/2024,4110.50232708228,SALIDA DE VÍA,urbana,15 498,17.0,1.0,0.0,63.0,no,33.0,27.0,0,zaragoza,directo,47.0
14/01/2024,853.3476851430294,golpe en aparcamiento,interurbana,9 253,0.0,1.0,0.0,76.0,no,56.0,5.0,0,sevilla,mediador,124.0
04/10/2024,1913.582096334883,colisión frontal,interurbana,12 098,12.0,2.0,0.0,37.0,N/D,63.0,11.0,600,madrid,mediador,135.0
30/07/2025,420.7657588150852,alcance,urbana,13 984,7.0,3.0,0.0,35.0,no,52.0,18.0,150,zaragoza,banca seguros,34.0
23/03/2025,4075.1223604522224,robo,urbana,45 397,20.0,1.0,1.0,94.0,no,35.0,19.0,600,valencia,directo,141.0
25/12/2024,1378.6475290605686,alcance,urbana,27 053,12.0,1.0,1.0,95.0,sí,52.0,21.0,600,sevilla,mediador,126.0
01/04/2024,1200.3350820284613,alcance,urbana,19 467,12.0,4.0,0.0,58.0,no,18.0,27.0,150,valencia,directo,95.0
22/07/2024,2328.518884893486,alcance,urbana,14 251,11.0,2.0,0.0,21.0,no,18.0,29.0,600,coruña,mediador,23.0
28/08/2025,2183.4652478030425,golpe en aparcamiento,interurbana,14 430,9.0,3.0,0.0,41.0,sí,56.0,16.0,300,barcelona,banca seguros,88.0
17/09/2025,4884.038500599589,COLISIÓN FRONTAL,urbana,12 944,1.0,2.0,1.0,23.0,no,54.0,38.0,0,coruña,directo,16.0
15/08/2024,607.7861648067436,salida de vía,urbana,3 615,5.0,4.0,0.0,55.0,no,50.0,11.0,150,madrid,mediador,137.0
08/10/2024,1235.64300015079,colisión frontal,urbana,18 526,11.0,2.0,0.0,38.0,no,29.0,12.0,0,coruña,mediador,170.0
19/05/2024,1181.8838070265854,colisión frontal,interurbana,20 094,22.0,2.0,0.0,59.0,no,59.0,40.0,0,barcelona,directo,69.0
19/02/2025,830.3371640443227,golpe en aparcamiento,urbana,8 100,3.0,2.0,1.0,36.0,sí,54.0,21.0,300,valencia,mediador,131.0
11/04/2024,1949.4936438547104,SALIDA DE VÍA,interurbana,17 912,8.0,2.0,1.0,32.0,no,29.0,45.0,0,coruña,mediador,89.0
21/06/2025,1587.313258557397,SALIDA DE VÍA,interurbana,13 717,12.0,1.0,0.0,31.0,no,41.0,46.0,0,sevilla,banca seguros,108.0
23/08/2024,167.790679039809,  golpe en aparcamiento ,interurbana,3 417,20.0,1.0,0.0,31.0,no,29.0,38.0,0,sevilla,mediador,147.0
11/10/2024,8913.026900524033,incendio,urbana,20 930,2.0,1.0,1.0,14.0,sí,39.0,38.0,600,sevilla,mediador,103.0
25/02/2025,1059.799686339401,salida de vía,urbana,5 140,16.0,2.0,0.0,97.0,no,45.0,33.0,0,coruña,mediador,113.0
14/08/2024,3040.826769025473,colisión frontal,urbana,9 178,6.0,1.0,0.0,72.0,sí,40.0,37.0,150,coruña,banca seguros,118.0
27/02/2025,1337.1732480724945,colisión frontal,interurbana,10 291,20.0,1.0,0.0,107.0,no,45.0,2.0,600,barcelona,mediador,87.0
17/10/2024,1758.8944561624091,ALCANCE,interurbana,11 379,18.0,5.0,0.0,48.0,sí,41.0,35.0,0,sevilla,directo,154.0
06/06/2024,1150.2440907248167,  alcance ,autopista,12 696,6.0,1.0,0.0,54.0,no,57.0,19.0,0,coruña,directo,39.0
04/02/2024,2989.2969114903362,robo,interurbana,15 513,1.0,3.0,0.0,53.0,no,22.0,27.0,600,coruña,directo,31.0
03/09/2025,38256.91361935726,incendio,urbana,16 429,19.0,1.0,0.0,57.0,sí,69.0,42.0,300,zaragoza,mediador,136.0
05/07/2024,1389.0279374564946,ALCANCE,urbana,33 585,1.0,2.0,0.0,90.0,no,52.0,32.0,300,sevilla,mediador,41.0
28/09/2024,1398.0928954046474,alcance,urbana,8 407,14.0,2.0,1.0,80.0,sí,46.0,8.0,300,sevilla,directo,101.0
01/06/2025,1029.4754238712746,golpe en aparcamiento,autopista,22 768,17.0,1.0,0.0,63.0,no,45.0,37.0,150,coruña,banca seguros,103.0
31/10/2024,616.5567521000283,ALCANCE,urbana,7 015,6.0,1.0,0.0,68.0,no,59.0,38.0,0,madrid,directo,178.0
24/02/2024,3206.8289819189317,  salida de vía ,interurbana,28 120,20.0,1.0,0.0,77.0,sí,68.0,30.0,0,barcelona,mediador,5.0
15/06/2024,2175.2385888673152,robo,urbana,7 130,13.0,5.0,0.0,74.0,no,39.0,29.0,150,madrid,banca seguros,12.0
21/11/2024,3557.106941193025,colisión frontal,urbana,7 472,3.0,1.0,0.0,76.0,no,50.0,20.0,150,coruña,directo,48.0
05/08/2025,4711.11438761598,colisión frontal,interurbana,13 102,11.0,1.0,0.0,63.0,sí,38.0,37.0,300,sevilla,mediador,67.0
01/12/2025,1710.9602934959669,colisión frontal,urbana,15 385,3.0,1.0,0.0,63.0,no,37.0,49.0,300,madrid,directo,145.0
26/07/2025,1604.2041500106602,salida de vía,interurbana,8 927,11.0,2.0,0.0,75.0,sí,57.0,41.0,0,barcelona,directo,142.0
10/10/2024,1439.982782975174,golpe en aparcamiento,autopista,12 482,8.0,2.0,0.0,24.0,sí,36.0,41.0,600,coruña,mediador,68.0
21/09/2025,1348.611813091212,  alcance ,autopista,10 695,16.0,3.0,0.0,44.0,no,41.0,2.0,150,zaragoza,banca seguros,158.0
15/06/2025,1429.0178641716714,  alcance ,interurbana,5 244,5.0,1.0,0.0,58.0,N/D,22.0,26.0,300,zaragoza,directo,174.0
02/07/2025,375.73860285835053,golpe en aparcamiento,urbana,6 949,12.0,4.0,0.0,32.0,no,33.0,26.0,150,valencia,mediador,69.0
27/09/2025,10006.302038610746,  colisión frontal ,autopista,21 643,20.0,1.0,0.0,71.0,N/D,57.0,22.0,300,barcelona,directo,144.0
10/10/2024,906.1112303429228,colisión frontal,urbana,8 866,8.0,1.0,0.0,77.0,no,51.0,37.0,150,sevilla,mediador,13.0
22/11/2024,1034.104530809361,COLISIÓN FRONTAL,urbana,3 148,8.0,2.0,0.0,41.0,no,19.0,45.0,0,zaragoza,mediador,133.0
20/04/2024,711.8326446718171,alcance,urbana,30 509,12.0,1.0,2.0,58.0,no,31.0,31.0,300,valencia,directo,150.0
25/05/2024,1655.259721019902,alcance,urbana,6 962,4.0,5.0,0.0,70.0,sí,41.0,14.0,600,madrid,banca seguros,4.0
24/03/2024,1583.6306647432536,golpe en aparcamiento,urbana,9 262,22.0,4.0,1.0,41.0,no,19.0,50.0,150,valencia,directo,137.0
11/04/2025,1707.303236535025,robo,interurbana,7 934,15.0,1.0,0.0,91.0,no,29.0,17.0,0,coruña,mediador,33.0
09/02/2025,2044.2820786690256,alcance,urbana,8 823,1.0,1.0,0.0,71.0,sí,33.0,39.0,150,madrid,banca seguros,14.0
02/04/2024,470.5016410992546,golpe en aparcamiento,interurbana,25 282,3.0,2.0,0.0,61.0,no,47.0,16.0,300,sevilla,directo,140.0
06/09/2024,1287.507172414666,golpe en aparcamiento,urbana,9 424,0.0,5.0,1.0,59.0,no,56.0,4.0,0,barcelona,mediador,30.0
06/05/2025,1611.9555318135185,alcance,interurbana,18 751,9.0,2.0,0.0,30.0,no,35.0,48.0,600,valencia,mediador,3.0
19/11/2025,307.4734800857804,golpe en aparcamiento,urbana,13 438,20.0,2.0,0.0,92.0,no,47.0,42.0,0,sevilla,mediador,107.0
18/10/2024,2960.5412697849647,salida de vía,autopista,16 795,10.0,3.0,0.0,29.0,no,64.0,36.0,600,coruña,mediador,75.0
27/09/2025,2934.6514954907075,golpe en aparcamiento,interurbana,20 372,2.0,2.0,0.0,56.0,no,46.0,13.0,300,sevilla,mediador,145.0
24/06/2024,939.3590007324125,golpe en aparcamiento,interurbana,33 745,18.0,1.0,0.0,66.0,no,80.0,27.0,0,madrid,banca seguros,70.0
12/04/2024,739.2059879088179,  golpe en aparcamiento ,interurbana,17 768,3.0,1.0,0.0,54.0,no,39.0,44.0,300,madrid,mediador,92.0
09/01/2024,483.1415966548354,alcance,urbana,2 944,13.0,5.0,0.0,55.0,no,18.0,28.0,150,barcelona,mediador,93.0
14/06/2025,1780.3092327454485,alcance,autopista,17 900,11.0,1.0,0.0,42.0,sí,44.0,46.0,600,coruña,mediador,117.0
09/08/2025,320.4502544867644,golpe en aparcamiento,urbana,15 307,0.0,1.0,1.0,53.0,sí,58.0,46.0,0,valencia,directo,95.0
24/11/2025,550.3193214514549,alcance,urbana,17 149,4.0,2.0,0.0,56.0,no,59.0,28.0,150,coruña,mediador,179.0
18/03/2025,2407.920409685806,alcance,autopista,21 727,15.0,3.0,0.0,56.0,no,48.0,13.0,0,zaragoza,mediador,49.0
17/12/2024,932.631443105776,golpe en aparcamiento,autopista,4 101,3.0,4.0,0.0,14.0,no,24.0,10.0,0,coruña,mediador,157.0
22/12/2025,2379.814540008848,robo,autopista,22 510,9.0,1.0,1.0,32.0,no,60.0,2.0,150,coruña,banca seguros,16.0
20/11/2025,1747.31054919623,SALIDA DE VÍA,interurbana,12 989,0.0,1.0,0.0,12.0,no,48.0,32.0,0,valencia,directo,87.0
26/01/2025,5249.223449728728,colisión frontal,autopista,24 469,9.0,1.0,0.0,40.0,no,73.0,33.0,300,coruña,mediador,159.0
11/09/2025,824.2097259312976,alcance,urbana,25 893,7.0,1.0,0.0,8.0,no,34.0,45.0,0,coruña,directo,130.0
17/04/2024,492.91857548793837,alcance,interurbana,5 173,13.0,1.0,0.0,29.0,no,53.0,4.0,150,valencia,mediador,178.0
15/03/2024,1545.6570246393671,alcance,urbana,14 156,0.0,2.0,0.0,84.0,no,32.0,32.0,0,madrid,banca seguros,109.0
29/12/2024,545.0126620753065,  alcance ,urbana,5 004,20.0,1.0,0.0,35.0,no,70.0,32.0,0,coruña,mediador,51.0
05/05/2025,1837.6406414241828,colisión frontal,urbana,5 312,15.0,3.0,0.0,56.0,no,26.0,5.0,150,sevilla,directo,80.0
25/12/2025,458.7037931470943,golpe en aparcamiento,interurbana,11 346,4.0,2.0,0.0,30.0,no,47.0,26.0,300,zaragoza,directo,179.0
07/09/2024,558.4474006996486,alcance,urbana,22 636,18.0,3.0,0.0,78.0,no,37.0,50.0,150,sevilla,banca seguros,55.0
24/10/2024,2192.237110133462,golpe en aparcamiento,autopista,10 325,4.0,3.0,0.0,75.0,sí,43.0,47.0,0,barcelona,banca seguros,99.0
22/05/2025,416.34185992578904,golpe en aparcamiento,urbana,10 199,20.0,1.0,0.0,57.0,no,39.0,42.0,300,valencia,mediador,88.0
01/09/2025,330.97369082855215,golpe en aparcamiento,interurbana,5 484,12.0,1.0,0.0,50.0,no,51.0,0.0,300,valencia,directo,4.0
21/12/2024,10255.568166641417,incendio,urbana,9 097,12.0,1.0,1.0,87.0,no,56.0,2.0,150,coruña,mediador,131.0
12/04/2025,2106.6042876560023,salida de vía,urbana,6 132,2.0,1.0,0.0,77.0,no,28.0,18.0,300,zaragoza,directo,52.0
17/12/2025,1594.0369313401964,salida de vía,urbana,8 309,0.0,1.0,1.0,33.0,no,46.0,13.0,150,coruña,mediador,103.0
27/11/2024,17606.039602261593,salida de via,interurbana,13 796,2.0,3.0,0.0,65.0,sí,26.0,46.0,600,barcelona,mediador,109.0
21/03/2025,122.09962914756217,alcance,urbana,7 764,19.0,2.0,0.0,64.0,sí,30.0,47.0,150,zaragoza,mediador,95.0
12/08/2025,495.77807660111995,alcance,urbana,6 968,10.0,2.0,0.0,9.0,no,47.0,50.0,300,barcelona,mediador,15.0
23/04/2025,783.927009532227,alcance,interurbana,8 441,21.0,1.0,0.0,54.0,no,72.0,46.0,150,madrid,directo,42.0
07/04/2025,2353.423621891169,robo,interurbana,16 046,15.0,3.0,0.0,22.0,no,48.0,6.0,0,madrid,banca seguros,82.0
16/07/2025,5203.577600319673,colisión frontal,urbana,35 052,19.0,1.0,0.0,54.0,no,20.0,42.0,150,zaragoza,banca seguros,152.0
20/01/2024,4966.229939316315,salida de via,interurbana,15 166,14.0,4.0,0.0,10.0,sí,54.0,16.0,300,coruña,banca seguros,1.0
01/08/2025,3693.4569668843765,incendio,urbana,25 183,10.0,1.0,0.0,43.0,N/D,52.0,4.0,600,sevilla,mediador,148.0
30/03/2025,906.7145577054617,alcance,urbana,19 558,2.0,1.0,0.0,78.0,sí,36.0,15.0,150,sevilla,directo,28.0
13/10/2025,1217.1652211435394,GOLPE EN APARCAMIENTO,urbana,11 027,8.0,1.0,0.0,57.0,no,40.0,31.0,0,zaragoza,mediador,76.0
23/08/2024,5644.582158407809,colisión frontal,autopista,18 340,11.0,3.0,0.0,47.0,no,23.0,1.0,0,zaragoza,mediador,88.0
27/06/2025,2089.351287112016,salida de vía,urbana,5 374,7.0,4.0,2.0,50.0,sí,46.0,48.0,0,barcelona,mediador,35.0
06/12/2025,3166.7192133164353,alcance,urbana,21 602,6.0,3.0,0.0,14.0,sí,67.0,37.0,150,barcelona,mediador,171.0
07/11/2024,10047.210507490086,salida de vía,interurbana,25 191,10.0,2.0,0.0,59.0,sí,45.0,32.0,150,madrid,banca seguros,121.0
20/08/2025,1932.972145358242,colisión frontal,interurbana,14 485,4.0,1.0,0.0,53.0,no,48.0,22.0,300,valencia,mediador,150.0
25/02/2025,699.2528075123126,golpe en aparcamiento,urbana,8 102,1.0,1.0,0.0,94.0,no,44.0,5.0,0,barcelona,directo,7.0
18/01/2024,6214.151836563535,colision frontal,urbana,43 677,6.0,1.0,0.0,41.0,sí,28.0,19.0,600,coruña,mediador,45.0
10/08/2025,1641.3334915124103,salida de vía,urbana,7 741,0.0,2.0,0.0,48.0,N/D,18.0,13.0,300,coruña,directo,137.0
01/09/2024,2192.1469718635644,colisión frontal,urbana,6 995,6.0,1.0,0.0,86.0,no,42.0,12.0,300,zaragoza,mediador,10.0
28/07/2024,3431.3847426211664,salida de vía,urbana,12 534,3.0,1.0,0.0,80.0,no,53.0,22.0,0,barcelona,directo,75.0
24/01/2024,11717.636549026958,  incendio ,urbana,14 812,1.0,3.0,0.0,51.0,no,19.0,49.0,150,sevilla,mediador,171.0
08/05/2024,7001.974757761104,salida de vía,interurbana,10 777,8.0,2.0,0.0,61.0,no,51.0,43.0,300,barcelona,mediador,20.0
09/06/2025,3169.3352553158334,alcance,urbana,7 351,13.0,5.0,0.0,49.0,no,36.0,31.0,0,coruña,mediador,139.0
02/02/2024,1217.4369039915307,alcance,autopista,12 002,4.0,2.0,0.0,64.0,no,63.0,32.0,0,madrid,banca seguros,93.0
12/07/2025,3625.225167268173,salida de vía,urbana,33 392,4.0,3.0,0.0,80.0,no,19.0,26.0,300,madrid,banca seguros,126.0
29/06/2024,295.29171282466694,alcance,urbana,6 933,10.0,3.0,0.0,60.0,no,46.0,34.0,0,barcelona,directo,9.0
22/06/2024,686.084306066784,golpe en aparcamiento,interurbana,7 283,6.0,3.0,0.0,67.0,no,44.0,30.0,150,madrid,directo,22.0
15/07/2025,2510.8807724102994,robo,urbana,21 702,0.0,1.0,0.0,61.0,no,46.0,25.0,300,madrid,banca seguros,97.0
13/08/2024,1715.7790629856233,  salida de vía ,autopista,3 980,4.0,2.0,0.0,12.0,no,58.0,25.0,0,barcelona,directo,3.0
07/12/2024,15032.648700601105,incendio,interurbana,16 606,4.0,1.0,0.0,47.0,no,40.0,1.0,300,zaragoza,mediador,154.0
20/11/2024,1436.2198253919885,golpe en aparcamiento,urbana,7 341,10.0,1.0,1.0,61.0,sí,62.0,31.0,600,sevilla,mediador,147.0
28/08/2025,362.30934613681137,golpe en aparcamiento,urbana,2 542,22.0,1.0,0.0,79.0,no,55.0,2.0,600,barcelona,mediador,26.0
27/04/2024,1866.6696592161165,alcance,interurbana,14 817,3.0,2.0,2.0,48.0,no,32.0,19.0,0,zaragoza,directo,103.0
17/03/2024,501.0380668109151,salida de vía,autopista,2 070,21.0,2.0,0.0,16.0,no,40.0,9.0,150,madrid,banca seguros,97.0
29/10/2024,1014.7102289714,alcance,urbana,36 625,22.0,4.0,0.0,93.0,sí,67.0,9.0,150,sevilla,directo,50.0
01/10/2025,404.62080743029674,GOLPE EN APARCAMIENTO,urbana,10 867,17.0,2.0,0.0,51.0,no,60.0,3.0,150,sevilla,banca seguros,31.0
17/01/2025,4102.552077607628,  alcance ,interurbana,17 503,10.0,1.0,1.0,77.0,no,49.0,4.0,600,barcelona,banca seguros,72.0
16/04/2024,305.95095172794964,golpe en aparcamiento,interurbana,13 586,20.0,2.0,0.0,50.0,sí,29.0,34.0,0,zaragoza,mediador,155.0
02/12/2025,3717.7811541719834,alcance,interurbana,15 065,1.0,4.0,0.0,46.0,sí,37.0,48.0,150,zaragoza,directo,61.0
14/08/2024,1317.9798459300657,alcance,urbana,14 194,21.0,5.0,1.0,47.0,sí,45.0,14.0,0,sevilla,directo,151.0
13/12/2024,179.7496139674875,  alcance ,interurbana,4 753,9.0,3.0,1.0,16.0,no,57.0,9.0,150,valencia,mediador,168.0
10/07/2025,1025.0850598826244,alcance,urbana,6 604,18.0,3.0,0.0,57.0,no,37.0,0.0,300,zaragoza,banca seguros,42.0
22/12/2024,2202.366949858986,golpe en aparcamiento,autopista,32 616,18.0,3.0,0.0,76.0,no,66.0,14.0,300,coruña,directo,133.0
05/08/2025,1213.2910574249536,golpe en aparcamiento,interurbana,22 793,6.0,2.0,0.0,16.0,N/D,61.0,20.0,150,sevilla,directo,102.0
06/04/2025,2339.3765802333082,colisión frontal,urbana,15 763,3.0,1.0,0.0,38.0,N/D,36.0,21.0,300,madrid,directo,134.0
25/03/2025,2049.277854362883,colisión frontal,urbana,8 048,4.0,1.0,0.0,18.0,sí,68.0,31.0,150,zaragoza,mediador,66.0
27/07/2025,701.2473739156716,golpe en aparcamiento,urbana,8 492,10.0,2.0,0.0,84.0,N/D,36.0,10.0,300,zaragoza,mediador,87.0
20/06/2024,330.16232664805113,golpe en aparcamiento,urbana,5 369,13.0,4.0,0.0,48.0,no,45.0,35.0,0,madrid,mediador,60.0
02/06/2024,3044.7971726395053,salida de vía,urbana,12 671,22.0,3.0,0.0,32.0,N/D,51.0,6.0,0,zaragoza,directo,178.0
05/12/2025,361.12971001113993,GOLPE EN APARCAMIENTO,urbana,18 196,9.0,1.0,0.0,74.0,no,32.0,45.0,0,zaragoza,mediador,8.0
12/02/2024,1943.9543518254668,alcance,urbana,9 757,1.0,1.0,0.0,25.0,N/D,54.0,19.0,0,valencia,banca seguros,169.0
16/02/2024,896.664354307013,golpe en aparcamiento,urbana,3 651,14.0,2.0,0.0,83.0,no,44.0,49.0,300,valencia,mediador,46.0
01/05/2024,3836.1776031204845,  salida de vía ,autopista,41 593,0.0,1.0,1.0,71.0,sí,40.0,38.0,0,madrid,mediador,41.0
05/02/2024,271.53542569202074,  alcance ,urbana,7 668,11.0,1.0,0.0,44.0,no,41.0,43.0,150,barcelona,mediador,14.0
15/10/2025,722.5748265822589,alcance,urbana,5 656,15.0,2.0,0.0,39.0,no,48.0,10.0,0,coruña,mediador,64.0
22/10/2024,8363.138100839971,colisión frontal,urbana,7 410,21.0,1.0,0.0,57.0,sí,22.0,5.0,600,zaragoza,directo,104.0
27/07/2025,1006.30832571181,golpe en aparcamiento,interurbana,31 437,11.0,2.0,1.0,52.0,no,41.0,4.0,150,sevilla,mediador,102.0
02/06/2025,3808.0560439769342,alcance,urbana,16 099,19.0,1.0,0.0,84.0,no,61.0,49.0,300,sevilla,banca seguros,150.0
22/07/2025,1048.3549078946132,  alcance ,interurbana,8 937,1.0,2.0,0.0,76.0,sí,48.0,33.0,150,zaragoza,directo,111.0
01/08/2025,499.08499647318473,golpe en aparcamiento,urbana,12 481,0.0,1.0,0.0,82.0,no,51.0,12.0,0,sevilla,mediador,14.0
08/11/2024,1171.4622977049341,golpe en aparcamiento,urbana,13 592,10.0,4.0,1.0,36.0,no,36.0,16.0,0,valencia,banca seguros,91.0
09/05/2025,3834.374097841037,colisión frontal,urbana,47 527,4.0,1.0,0.0,29.0,no,33.0,0.0,0,sevilla,mediador,83.0
03/08/2025,1724.4416916607345,golpe en aparcamiento,interurbana,29 184,13.0,1.0,0.0,59.0,sí,40.0,12.0,0,valencia,mediador,34.0
13/06/2025,3059.5211491885743,colisión frontal,urbana,15 513,8.0,1.0,0.0,58.0,no,49.0,16.0,150,madrid,directo,107.0
26/11/2025,1307.5675210866527,alcance,urbana,9 582,17.0,4.0,0.0,41.0,no,40.0,17.0,0,barcelona,directo,82.0
22/09/2024,3736.8511566263583,salida de vía,urbana,10 690,0.0,3.0,1.0,30.0,sí,54.0,38.0,600,coruña,banca seguros,48.0
11/02/2025,4110.429298014687,colisión frontal,interurbana,18 131,14.0,2.0,0.0,65.0,no,57.0,45.0,0,coruña,directo,81.0
23/09/2024,4953.529343943548,ROBO,interurbana,19 312,7.0,5.0,0.0,54.0,no,45.0,47.0,0,barcelona,mediador,157.0
02/11/2025,3851.436677147759,salida de vía,urbana,8 532,10.0,4.0,0.0,40.0,no,57.0,6.0,600,barcelona,mediador,160.0
15/11/2025,3396.435249850183,SALIDA DE VÍA,urbana,16 174,12.0,1.0,0.0,79.0,no,42.0,50.0,150,coruña,mediador,119.0
19/11/2024,1499.921620921214,golpe en aparcamiento,urbana,10 523,21.0,5.0,1.0,40.0,sí,42.0,27.0,600,zaragoza,directo,100.0
30/11/2025,725.2324805816713,alcance,urbana,4 393,14.0,2.0,0.0,61.0,no,33.0,4.0,150,barcelona,mediador,140.0
24/02/2024,3282.137873817191,alcance,urbana,27 866,12.0,4.0,0.0,71.0,no,38.0,20.0,150,coruña,directo,23.0
14/12/2024,2167.6815073914627,colisión frontal,interurbana,6 922,1.0,1.0,0.0,75.0,no,45.0,24.0,300,zaragoza,banca seguros,36.0
14/06/2025,4423.758813152365,alcance,urbana,46 625,9.0,3.0,0.0,67.0,no,26.0,34.0,300,zaragoza,directo,157.0
23/09/2024,569.8663002548201,golpe en aparcamiento,interurbana,22 478,13.0,1.0,0.0,0.0,sí,45.0,45.0,150,coruña,mediador,101.0
31/08/2024,862.0360039248294,golpe en aparcamiento,autopista,8 031,2.0,3.0,0.0,79.0,no,39.0,39.0,0,sevilla,mediador,110.0
21/11/2024,1281.4140470556047,golpe en aparcamiento,interurbana,9 493,15.0,1.0,1.0,41.0,no,47.0,41.0,0,sevilla,mediador,130.0
28/06/2024,2410.9420749810033,SALIDA DE VÍA,urbana,10 494,6.0,1.0,0.0,10.0,N/D,32.0,48.0,0,barcelona,mediador,106.0
04/12/2024,2172.462837534846,colision frontal,autopista,9 517,12.0,2.0,0.0,39.0,sí,34.0,37.0,150,valencia,mediador,154.0
15/07/2025,1142.9600865655361,colisión frontal,autopista,15 025,20.0,1.0,0.0,43.0,no,33.0,49.0,0,coruña,directo,75.0
11/03/2025,1103.095781977218,alcance,urbana,13 365,19.0,2.0,0.0,52.0,sí,34.0,29.0,300,madrid,mediador,55.0
25/02/2025,1339.861761658162,salida de vía,urbana,12 713,9.0,1.0,0.0,7.0,sí,56.0,24.0,600,madrid,mediador,66.0
08/04/2024,888.8059280408891,alcance,urbana,10 536,15.0,2.0,0.0,4.0,sí,38.0,43.0,300,barcelona,directo,108.0
15/06/2024,665.9423648671392,ALCANCE,interurbana,10 338,9.0,1.0,0.0,60.0,no,31.0,50.0,600,coruña,mediador,17.0
04/05/2024,993.2297036493483,salida de vía,urbana,18 606,13.0,2.0,0.0,60.0,no,49.0,19.0,0,valencia,directo,41.0
04/07/2024,1639.7352646314919,colision frontal,interurbana,4 591,16.0,1.0,0.0,90.0,no,40.0,17.0,300,sevilla,directo,75.0
10/10/2024,31941.283192966766,incendio,autopista,16 706,0.0,2.0,0.0,44.0,no,45.0,42.0,150,sevilla,mediador,115.0
29/05/2024,477.7190895826758,golpe en aparcamiento,interurbana,12 874,9.0,3.0,0.0,62.0,no,49.0,50.0,300,madrid,mediador,64.0
21/01/2024,390.3359585194544,golpe en aparcamiento,urbana,13 055,10.0,1.0,0.0,46.0,no,46.0,19.0,0,coruña,directo,67.0
24/01/2025,4269.116029514566,  colisión frontal ,urbana,25 429,21.0,2.0,1.0,61.0,no,63.0,43.0,0,zaragoza,directo,58.0
13/02/2024,1403.5960991183783,golpe en aparcamiento,interurbana,31 531,20.0,1.0,0.0,32.0,no,63.0,6.0,0,barcelona,directo,13.0
26/05/2025,321.0407934854377,ALCANCE,urbana,6 599,12.0,1.0,0.0,81.0,no,31.0,46.0,300,coruña,directo,91.0
31/01/2024,490.72539464220546,golpe en aparcamiento,urbana,5 272,8.0,1.0,0.0,58.0,no,70.0,44.0,0,valencia,directo,87.0
09/01/2024,3401.151845814537,incendio,autopista,5 458,6.0,2.0,0.0,20.0,no,62.0,39.0,150,madrid,directo,166.0
04/07/2025,2977.2022276691723,salida de vía,urbana,14 750,17.0,1.0,2.0,38.0,sí,57.0,23.0,300,valencia,directo,120.0
16/10/2025,465.1320301915875,  golpe en aparcamiento ,urbana,16 273,9.0,1.0,1.0,55.0,no,40.0,24.0,600,coruña,mediador,79.0
03/01/2025,741.1901303033561,alcance,interurbana,3 557,3.0,4.0,1.0,76.0,sí,62.0,36.0,600,zaragoza,mediador,54.0
18/07/2024,2654.750389338399,salida de vía,interurbana,10 575,2.0,2.0,1.0,55.0,sí,56.0,13.0,150,sevilla,directo,44.0
26/05/2025,621.6259428402768,alcance,urbana,6 636,0.0,1.0,1.0,48.0,no,53.0,2.0,300,sevilla,mediador,62.0
20/03/2025,4280.696684710368,COLISIÓN FRONTAL,interurbana,11 498,15.0,1.0,0.0,49.0,no,59.0,9.0,600,coruña,mediador,53.0
12/07/2024,1275.147454066072,robo,urbana,14 079,13.0,2.0,0.0,70.0,sí,46.0,13.0,0,zaragoza,banca seguros,150.0
31/12/2024,1718.8607217563788,alcance,urbana,13 970,4.0,1.0,0.0,33.0,no,27.0,2.0,0,barcelona,banca seguros,98.0
28/08/2024,1320.5550639044534,alcance,interurbana,10 202,12.0,1.0,0.0,86.0,no,52.0,6.0,300,madrid,directo,150.0
10/05/2024,384.4126081037109,alcance,interurbana,7 744,22.0,2.0,0.0,17.0,no,42.0,10.0,0,sevilla,mediador,40.0
29/11/2025,5414.920915487874,salida de vía,interurbana,10 235,0.0,3.0,0.0,62.0,no,57.0,14.0,300,valencia,banca seguros,2.0
14/08/2025,1795.4950800131323,alcance,interurbana,7 998,16.0,1.0,0.0,46.0,no,36.0,22.0,0,madrid,mediador,172.0
28/03/2024,2596.240694859665,alcance,autopista,10 408,6.0,3.0,0.0,53.0,sí,43.0,10.0,300,sevilla,mediador,74.0
02/04/2024,610.6608143740107,robo,urbana,5 997,12.0,1.0,1.0,78.0,sí,65.0,11.0,0,barcelona,banca seguros,56.0
20/11/2025,4255.451535559605,colisión frontal,urbana,13 305,8.0,1.0,0.0,41.0,sí,56.0,9.0,300,sevilla,directo,175.0
19/10/2024,958.0872360688389,golpe en aparcamiento,interurbana,21 458,4.0,2.0,0.0,44.0,no,60.0,18.0,150,valencia,mediador,113.0
18/09/2025,1374.144660227183,colision frontal,urbana,14 365,12.0,1.0,1.0,14.0,sí,45.0,10.0,0,zaragoza,banca seguros,71.0
09/12/2025,10006.929100547355,colisión frontal,autopista,25 505,18.0,1.0,0.0,23.0,no,55.0,50.0,150,valencia,mediador,86.0
01/10/2025,1418.3490056476624,  robo ,urbana,13 160,0.0,2.0,0.0,30.0,no,43.0,11.0,150,barcelona,directo,30.0
19/09/2025,1507.0980021774526,salida de vía,urbana,8 098,14.0,2.0,0.0,24.0,no,39.0,30.0,300,madrid,banca seguros,13.0
10/03/2025,368.09495020682203,GOLPE EN APARCAMIENTO,urbana,6 228,11.0,2.0,0.0,0.0,no,58.0,20.0,300,barcelona,directo,169.0
21/05/2025,531.4267740156872,alcance,urbana,9 700,20.0,1.0,0.0,29.0,no,54.0,48.0,150,barcelona,banca seguros,65.0
14/04/2025,732.9371795987455,colisión frontal,urbana,7 318,20.0,1.0,0.0,70.0,no,66.0,39.0,300,valencia,mediador,7.0
25/11/2025,743.9491639852686,golpe en aparcamiento,interurbana,4 448,22.0,4.0,0.0,75.0,no,56.0,50.0,0,sevilla,directo,112.0
25/05/2024,1059.2006716785609,alcance,interurbana,2 512,12.0,4.0,1.0,62.0,sí,20.0,32.0,0,zaragoza,banca seguros,24.0
29/06/2024,1504.4712889641035,colisión frontal,urbana,2 291,21.0,1.0,0.0,56.0,no,36.0,7.0,150,zaragoza,mediador,69.0
25/09/2025,4768.444746792713,salida de vía,autopista,19 728,7.0,1.0,0.0,69.0,no,23.0,35.0,0,madrid,directo,101.0
12/12/2024,602.4617612783132,  golpe en aparcamiento ,interurbana,8 008,3.0,2.0,0.0,42.0,sí,58.0,33.0,0,barcelona,mediador,83.0
31/07/2025,1418.8954627502958,salida de vía,urbana,9 581,21.0,3.0,0.0,48.0,sí,31.0,16.0,0,madrid,directo,139.0
06/11/2025,1202.3320847584464,alcance,urbana,25 372,8.0,2.0,0.0,27.0,no,56.0,44.0,0,coruña,mediador,148.0
07/12/2024,3480.722020550678,salida de vía,autopista,11 309,21.0,2.0,1.0,64.0,no,49.0,16.0,600,valencia,banca seguros,65.0
26/10/2025,928.6788126243908,SALIDA DE VÍA,urbana,6 225,2.0,1.0,1.0,70.0,no,41.0,17.0,0,zaragoza,directo,127.0
23/01/2024,396.7813016800742,ALCANCE,interurbana,4 715,10.0,1.0,0.0,39.0,no,30.0,11.0,150,barcelona,mediador,27.0
02/06/2025,798.0690583849051,alcance,urbana,9 479,9.0,1.0,0.0,25.0,sí,44.0,26.0,0,zaragoza,directo,110.0
12/01/2025,444.691194687267,golpe en aparcamiento,urbana,26 602,11.0,1.0,0.0,54.0,no,39.0,0.0,0,zaragoza,mediador,152.0
04/11/2025,675.905683322999,GOLPE EN APARCAMIENTO,urbana,8 642,8.0,3.0,0.0,59.0,no,56.0,43.0,0,valencia,directo,172.0
10/06/2024,351.76120162800817,golpe en aparcamiento,urbana,14 267,19.0,1.0,2.0,0.0,no,35.0,43.0,300,barcelona,directo,175.0
09/06/2025,3924.7097557082416,COLISIÓN FRONTAL,autopista,18 992,3.0,2.0,1.0,57.0,no,56.0,6.0,150,sevilla,mediador,179.0
02/11/2024,3532.9949060365134,colision frontal,autopista,13 660,9.0,1.0,3.0,16.0,no,61.0,9.0,150,sevilla,banca seguros,94.0
20/02/2025,1070.7084577748717,colisión frontal,autopista,14 380,9.0,1.0,0.0,55.0,no,58.0,9.0,600,madrid,mediador,177.0
30/04/2024,1161.2292140406425,alcance,urbana,8 191,3.0,1.0,1.0,27.0,no,66.0,7.0,0,sevilla,banca seguros,116.0
10/12/2024,1401.1381209286053,salida de via,urbana,7 100,22.0,2.0,1.0,143.0,no,46.0,26.0,0,sevilla,banca seguros,136.0
09/05/2025,579.8620430178861,alcance,interurbana,5 755,12.0,4.0,0.0,31.0,sí,45.0,43.0,300,zaragoza,directo,54.0
27/10/2024,850.0508908068646,golpe en aparcamiento,interurbana,14 741,11.0,2.0,0.0,56.0,no,56.0,27.0,0,coruña,mediador,139.0
22/07/2025,3395.7554502314056,SALIDA DE VÍA,urbana,17 383,11.0,1.0,4.0,14.0,N/D,66.0,23.0,150,barcelona,banca seguros,43.0
29/12/2025,64400.44096211531,incendio,autopista,23 249,7.0,1.0,1.0,66.0,sí,38.0,23.0,150,sevilla,mediador,113.0
05/11/2025,3013.721359780792,salida de vía,urbana,35 336,15.0,2.0,0.0,113.0,sí,73.0,20.0,150,madrid,mediador,123.0
14/04/2025,6301.333694877082,colisión frontal,interurbana,13 751,16.0,1.0,0.0,57.0,no,47.0,43.0,150,madrid,mediador,87.0
09/08/2025,437.5158286058208,alcance,interurbana,4 793,20.0,1.0,0.0,40.0,no,43.0,1.0,0,valencia,mediador,45.0
19/06/2024,5299.154719165855,salida de vía,interurbana,24 899,14.0,1.0,1.0,41.0,sí,88.0,33.0,600,barcelona,mediador,172.0
17/01/2025,594.7028621923691,golpe en aparcamiento,interurbana,11 700,6.0,3.0,0.0,80.0,sí,62.0,26.0,0,valencia,mediador,80.0
08/01/2025,235.42092404579125,golpe en aparcamiento,autopista,9 260,3.0,1.0,0.0,103.0,no,64.0,6.0,300,madrid,directo,148.0
28/09/2024,1306.6169230152643,alcance,urbana,18 814,1.0,4.0,0.0,55.0,no,57.0,37.0,150,sevilla,mediador,105.0
21/12/2025,416.6592191126529,golpe en aparcamiento,interurbana,14 618,5.0,1.0,0.0,45.0,no,22.0,11.0,300,madrid,directo,142.0
08/11/2025,1438.9495075192885,alcance,autopista,8 325,19.0,2.0,0.0,58.0,sí,46.0,0.0,0,barcelona,mediador,71.0
02/07/2024,1957.0260567916523,  colisión frontal ,urbana,11 395,20.0,3.0,0.0,18.0,no,41.0,15.0,150,zaragoza,directo,173.0
14/08/2025,489.95310723229017,alcance,urbana,12 304,21.0,1.0,0.0,12.0,no,60.0,6.0,0,barcelona,mediador,1.0
22/04/2025,1213.3120818444786,robo,interurbana,14 734,12.0,1.0,0.0,42.0,no,61.0,37.0,150,barcelona,directo,78.0
26/01/2024,438.7887637772198,golpe en aparcamiento,interurbana,16 940,17.0,1.0,0.0,87.0,no,62.0,8.0,150,madrid,banca seguros,169.0
04/06/2024,1773.7945238650445,golpe en aparcamiento,urbana,20 354,10.0,3.0,0.0,69.0,sí,30.0,48.0,300,valencia,mediador,29.0
07/09/2025,945.0506331961795,COLISIÓN FRONTAL,autopista,3 553,5.0,2.0,0.0,97.0,no,65.0,4.0,150,madrid,banca seguros,86.0
24/07/2025,1633.8300560860189,alcance,interurbana,18 384,12.0,1.0,0.0,82.0,no,46.0,44.0,0,barcelona,mediador,80.0
05/04/2024,1508.5986903292007,colisión frontal,urbana,6 468,11.0,1.0,2.0,85.0,no,50.0,32.0,600,coruña,directo,166.0
16/05/2025,1503.97557991607,  colisión frontal ,urbana,3 088,19.0,2.0,0.0,19.0,sí,42.0,44.0,0,valencia,mediador,162.0
10/10/2025,1779.2488689778165,alcance,autopista,8 196,6.0,2.0,0.0,60.0,sí,69.0,14.0,0,madrid,mediador,110.0
29/12/2025,2701.6720313928463,colisión frontal,urbana,8 180,0.0,2.0,0.0,54.0,no,33.0,14.0,150,valencia,directo,157.0
26/12/2024,654.1911490158784,  golpe en aparcamiento ,interurbana,13 182,6.0,3.0,0.0,65.0,no,38.0,11.0,0,valencia,mediador,176.0
19/07/2025,1051.4601069244293,salida de via,interurbana,11 465,19.0,2.0,0.0,84.0,no,52.0,18.0,150,madrid,banca seguros,4.0
02/10/2024,1197.8148730105017,golpe en aparcamiento,interurbana,29 516,21.0,1.0,0.0,82.0,no,18.0,9.0,0,madrid,mediador,92.0
20/05/2024,3603.534105531907,  salida de vía ,interurbana,9 482,11.0,1.0,0.0,51.0,no,50.0,9.0,150,coruña,banca seguros,26.0
06/01/2024,750.4042437793005,salida de vía,urbana,8 115,15.0,1.0,0.0,21.0,sí,43.0,14.0,0,coruña,banca seguros,33.0
02/12/2025,1503.9831749251048,  alcance ,autopista,10 895,14.0,1.0,0.0,63.0,sí,47.0,30.0,0,valencia,directo,164.0
05/06/2025,789.1517423145949,robo,interurbana,6 822,21.0,2.0,1.0,79.0,sí,50.0,30.0,0,madrid,banca seguros,149.0
29/01/2025,558.9793969328833,alcance,interurbana,28 947,22.0,1.0,0.0,63.0,no,50.0,34.0,150,zaragoza,directo,52.0
06/01/2024,6125.53879100231,  colisión frontal ,urbana,16 505,22.0,1.0,0.0,73.0,sí,65.0,12.0,0,coruña,mediador,108.0
29/09/2025,2349.9784444283077,golpe en aparcamiento,interurbana,37 671,11.0,3.0,2.0,31.0,no,65.0,29.0,150,madrid,directo,130.0
13/04/2024,1694.9789685238916,robo,urbana,35 709,1.0,1.0,0.0,57.0,sí,32.0,41.0,600,madrid,mediador,88.0
19/02/2025,2697.557855062075,ALCANCE,urbana,21 881,20.0,2.0,4.0,66.0,sí,18.0,34.0,0,barcelona,directo,88.0
15/02/2025,579.3661292636522,alcance,interurbana,7 715,2.0,2.0,0.0,56.0,sí,47.0,8.0,600,sevilla,directo,109.0
19/02/2024,391.3469477915405,golpe en aparcamiento,urbana,5 515,19.0,1.0,0.0,43.0,no,44.0,25.0,150,madrid,directo,74.0
17/12/2024,6894.122796418299,colisión frontal,autopista,9 823,14.0,5.0,0.0,45.0,sí,30.0,25.0,0,zaragoza,banca seguros,46.0
16/11/2024,1036.3734959706353,golpe en aparcamiento,interurbana,10 415,9.0,2.0,0.0,55.0,sí,26.0,29.0,0,valencia,banca seguros,152.0
30/10/2024,990.5694154226699,golpe en aparcamiento,urbana,8 784,2.0,2.0,0.0,42.0,no,43.0,16.0,150,madrid,directo,179.0
16/10/2024,1095.8361728243913,COLISIÓN FRONTAL,interurbana,9 297,18.0,2.0,0.0,22.0,no,35.0,25.0,300,zaragoza,banca seguros,91.0
03/02/2024,503.335837523085,golpe en aparcamiento,urbana,11 874,19.0,3.0,0.0,60.0,no,22.0,14.0,600,zaragoza,mediador,141.0
22/05/2025,2050.4770194884004,salida de via,urbana,12 026,9.0,1.0,0.0,65.0,no,62.0,35.0,150,coruña,mediador,175.0
08/08/2025,441.15159847645015,golpe en aparcamiento,urbana,13 297,14.0,1.0,0.0,61.0,sí,60.0,38.0,0,sevilla,mediador,146.0
14/08/2024,555.2266969165911,alcance,urbana,3 756,4.0,1.0,0.0,41.0,sí,60.0,22.0,0,valencia,mediador,6.0
05/08/2025,2515.7586502970926,robo,urbana,67 469,18.0,2.0,1.0,50.0,no,55.0,40.0,0,sevilla,banca seguros,31.0
26/06/2024,577.3691027977825,alcance,urbana,13 040,11.0,1.0,0.0,42.0,sí,38.0,24.0,150,coruña,directo,31.0
27/03/2024,768.7283251910499,  alcance ,urbana,24 066,8.0,2.0,0.0,45.0,no,45.0,44.0,300,valencia,directo,85.0
02/01/2025,3865.1362825369724,salida de vía,urbana,6 381,1.0,2.0,0.0,99.0,no,55.0,9.0,300,barcelona,banca seguros,137.0
15/12/2025,3199.3285114380224,salida de vía,interurbana,4 992,3.0,2.0,1.0,47.0,no,55.0,26.0,150,valencia,banca seguros,47.0
19/07/2025,293.6666610940605,golpe en aparcamiento,interurbana,10 246,14.0,1.0,0.0,84.0,no,22.0,21.0,0,sevilla,mediador,154.0
19/03/2024,5262.237908022967,salida de vía,autopista,43 124,14.0,2.0,0.0,74.0,no,18.0,47.0,300,sevilla,mediador,82.0
25/02/2024,1710.8272949456489,salida de vía,interurbana,8 385,15.0,1.0,0.0,57.0,no,60.0,44.0,0,zaragoza,mediador,176.0
07/07/2024,246.72523887403568,golpe en aparcamiento,interurbana,5 299,12.0,2.0,0.0,78.0,no,81.0,31.0,300,zaragoza,directo,98.0
01/11/2024,5616.59933529224,colisión frontal,urbana,32 224,13.0,1.0,0.0,68.0,no,56.0,35.0,0,coruña,banca seguros,19.0
20/09/2025,1215.360042670819,golpe en aparcamiento,interurbana,28 068,18.0,1.0,0.0,62.0,sí,34.0,30.0,150,madrid,mediador,139.0
15/02/2024,1023.2278122637503,salida de vía,interurbana,11 833,12.0,1.0,0.0,86.0,no,35.0,7.0,150,coruña,directo,6.0
31/03/2024,7713.613405028921,  incendio ,autopista,17 596,7.0,1.0,0.0,15.0,no,57.0,44.0,600,barcelona,directo,116.0
31/07/2025,26199.668852594205,incendio,urbana,13 730,16.0,1.0,0.0,69.0,sí,80.0,44.0,300,zaragoza,directo,64.0
24/01/2025,689.4131447626548,golpe en aparcamiento,interurbana,19 516,8.0,2.0,1.0,27.0,no,45.0,17.0,150,sevilla,banca seguros,77.0
09/08/2024,572.7616025629475,ALCANCE,urbana,6 493,2.0,3.0,0.0,19.0,sí,40.0,24.0,0,barcelona,mediador,139.0
31/08/2025,1944.4923887287252,alcance,urbana,16 584,18.0,4.0,0.0,61.0,no,51.0,28.0,300,coruña,banca seguros,85.0
09/11/2025,4561.725330547028,colisión frontal,urbana,7 348,21.0,2.0,2.0,59.0,no,70.0,50.0,600,zaragoza,mediador,148.0
06/08/2024,2173.6193301832373,golpe en aparcamiento,interurbana,5 344,7.0,1.0,0.0,48.0,sí,59.0,48.0,0,madrid,directo,92.0
03/07/2025,452.696596965399,alcance,autopista,6 859,1.0,2.0,0.0,46.0,sí,34.0,24.0,0,sevilla,mediador,15.0
12/11/2025,1223.1731727912622,salida de vía,urbana,10 678,14.0,1.0,0.0,53.0,no,52.0,17.0,0,barcelona,mediador,173.0
17/05/2024,250.48207102449717,golpe en aparcamiento,interurbana,9 112,12.0,2.0,0.0,39.0,no,53.0,31.0,0,sevilla,mediador,121.0
15/09/2025,845.3885395376334,alcance,urbana,8 848,9.0,2.0,0.0,27.0,no,18.0,7.0,300,madrid,directo,3.0
07/07/2025,721.2741680027466,alcance,urbana,5 423,17.0,1.0,0.0,36.0,no,39.0,26.0,150,barcelona,mediador,119.0
04/03/2024,391.06475022471653,alcance,interurbana,15 304,20.0,1.0,0.0,69.0,no,46.0,23.0,0,sevilla,mediador,76.0
19/11/2024,6831.256433579211,SALIDA DE VÍA,urbana,18 809,0.0,1.0,2.0,46.0,no,50.0,34.0,150,sevilla,directo,134.0
23/03/2024,949.6587282472597,golpe en aparcamiento,interurbana,7 171,22.0,1.0,0.0,61.0,no,37.0,47.0,300,barcelona,banca seguros,2.0
29/05/2025,746.2752787510962,golpe en aparcamiento,interurbana,22 210,18.0,1.0,0.0,80.0,no,44.0,21.0,600,coruña,banca seguros,141.0
08/04/2025,703.6142682668465,  salida de vía ,urbana,48 402,8.0,2.0,0.0,11.0,no,56.0,47.0,150,zaragoza,banca seguros,114.0
28/04/2024,3637.9192209728044,alcance,interurbana,14 722,1.0,1.0,2.0,39.0,sí,27.0,48.0,150,valencia,directo,38.0
28/02/2024,460.86463852728906,golpe en aparcamiento,urbana,7 403,15.0,1.0,0.0,28.0,no,18.0,27.0,150,barcelona,mediador,10.0
24/08/2024,3564.208052112783,  colisión frontal ,autopista,5 374,8.0,3.0,0.0,63.0,no,47.0,14.0,600,coruña,directo,33.0
07/11/2024,669.5709136295485,golpe en aparcamiento,interurbana,8 192,11.0,1.0,0.0,60.0,no,37.0,16.0,0,barcelona,directo,13.0
23/12/2024,3712.7050048848223,salida de vía,urbana,13 681,3.0,1.0,0.0,45.0,no,73.0,13.0,300,zaragoza,mediador,28.0
17/02/2025,532.4285162677562,golpe en aparcamiento,interurbana,22 381,19.0,2.0,0.0,63.0,no,60.0,39.0,150,madrid,directo,60.0
08/11/2025,1216.5221037008596,salida de vía,urbana,11 097,8.0,2.0,0.0,65.0,no,53.0,25.0,0,zaragoza,banca seguros,71.0
05/06/2025,1491.7745983412128,  alcance ,urbana,14 047,12.0,1.0,0.0,29.0,no,20.0,12.0,0,barcelona,mediador,148.0
01/02/2024,1485.7314213231123,alcance,urbana,17 454,20.0,1.0,0.0,60.0,sí,55.0,41.0,150,sevilla,mediador,167.0
31/05/2024,769.3864330580956,golpe en aparcamiento,urbana,7 460,3.0,3.0,0.0,81.0,sí,48.0,50.0,150,barcelona,mediador,79.0
29/10/2024,3662.30377885297,alcance,interurbana,21 867,15.0,1.0,0.0,75.0,sí,65.0,40.0,600,coruña,mediador,54.0
30/08/2025,503.89356159381583,alcance,urbana,3 397,14.0,1.0,0.0,23.0,no,44.0,0.0,300,sevilla,mediador,72.0
02/08/2025,2414.6293265518684,salida de vía,urbana,7 552,7.0,4.0,0.0,65.0,sí,41.0,33.0,600,barcelona,directo,117.0
25/04/2024,467.19024353634853,GOLPE EN APARCAMIENTO,urbana,13 917,2.0,1.0,0.0,0.0,no,52.0,3.0,150,zaragoza,directo,130.0
04/04/2025,5425.1669602103475,colisión frontal,urbana,18 910,17.0,1.0,0.0,17.0,no,54.0,24.0,150,barcelona,mediador,123.0
20/05/2024,1586.1155962953108,robo,urbana,14 337,17.0,3.0,0.0,0.0,no,33.0,14.0,150,sevilla,directo,97.0
22/06/2024,1657.3097532964025,robo,urbana,21 951,17.0,1.0,0.0,54.0,no,43.0,29.0,150,valencia,mediador,178.0
04/10/2025,497.6977388407026,golpe en aparcamiento,interurbana,15 118,16.0,1.0,0.0,73.0,no,43.0,10.0,150,barcelona,banca seguros,155.0
30/12/2025,380.8555549191713,alcance,autopista,4 728,17.0,1.0,0.0,98.0,sí,50.0,7.0,0,zaragoza,directo,75.0
19/11/2024,1397.6664191061952,alcance,interurbana,58 474,10.0,1.0,1.0,61.0,sí,48.0,48.0,0,sevilla,mediador,76.0
10/10/2025,2047.92151096649,alcance,interurbana,18 099,16.0,5.0,0.0,82.0,no,48.0,47.0,600,zaragoza,mediador,89.0
24/02/2024,1371.261264082092,alcance,urbana,16 234,8.0,3.0,0.0,6.0,sí,50.0,34.0,150,valencia,directo,162.0
23/09/2025,1635.3094983590693,  golpe en aparcamiento ,interurbana,27 695,21.0,1.0,0.0,48.0,no,54.0,37.0,0,coruña,directo,91.0
12/06/2024,216.53060641241572,alcance,urbana,2 260,22.0,1.0,0.0,105.0,N/D,70.0,48.0,0,valencia,directo,102.0
08/08/2024,647.9984341503291,alcance,urbana,6 775,14.0,1.0,0.0,46.0,no,52.0,38.0,300,valencia,directo,27.0
02/09/2024,26306.36653806114,incendio,interurbana,24 695,13.0,2.0,0.0,41.0,no,44.0,39.0,150,coruña,banca seguros,96.0
31/08/2025,523.1020821627636,golpe en aparcamiento,urbana,5 379,6.0,1.0,1.0,77.0,sí,27.0,15.0,0,zaragoza,mediador,123.0
19/08/2024,1579.3453706436055,alcance,urbana,10 318,9.0,3.0,1.0,39.0,N/D,35.0,31.0,600,coruña,directo,59.0
11/04/2025,2314.998055032761,alcance,interurbana,33 298,19.0,4.0,0.0,50.0,sí,39.0,43.0,150,zaragoza,directo,93.0
10/05/2025,257.4580650176346,golpe en aparcamiento,autopista,5 859,16.0,1.0,0.0,44.0,no,18.0,6.0,0,madrid,directo,46.0
18/07/2024,11206.671183270188,incendio,interurbana,12 724,6.0,2.0,0.0,58.0,no,30.0,48.0,0,zaragoza,mediador,125.0
05/09/2025,4302.353866772219,ROBO,urbana,23 126,22.0,1.0,0.0,61.0,sí,31.0,2.0,300,barcelona,directo,115.0
26/10/2024,215.84573446526636,golpe en aparcamiento,urbana,7 631,10.0,2.0,0.0,49.0,sí,49.0,11.0,150,sevilla,banca seguros,92.0
18/01/2025,3025.1212470912174,alcance,urbana,15 668,14.0,3.0,0.0,49.0,sí,18.0,33.0,0,zaragoza,banca seguros,100.0
03/01/2024,612.7332957399163,golpe en aparcamiento,interurbana,8 923,20.0,2.0,0.0,52.0,N/D,38.0,11.0,0,madrid,mediador,9.0
02/11/2025,1046.1951952281192,robo,urbana,15 345,15.0,2.0,0.0,51.0,no,40.0,1.0,0,barcelona,banca seguros,123.0
27/11/2024,2065.5991203095255,alcance,autopista,26 900,19.0,3.0,0.0,113.0,sí,23.0,5.0,150,valencia,directo,52.0
30/05/2024,548.2934670023534,robo,urbana,4 546,17.0,2.0,1.0,72.0,no,37.0,14.0,0,madrid,directo,66.0
22/04/2024,709.9019599199208,alcance,urbana,8 982,4.0,1.0,0.0,84.0,sí,40.0,31.0,0,valencia,mediador,104.0
09/08/2025,1297.9484958791168,robo,urbana,6 871,9.0,3.0,0.0,75.0,sí,42.0,42.0,0,valencia,mediador,24.0
02/06/2024,621.0359562169617,golpe en aparcamiento,urbana,17 802,10.0,1.0,0.0,46.0,no,37.0,10.0,150,madrid,mediador,150.0
29/07/2025,2253.767013558775,golpe en aparcamiento,interurbana,29 573,5.0,2.0,0.0,86.0,no,44.0,48.0,300,sevilla,directo,178.0
28/01/2024,827.6037704151028,ALCANCE,urbana,14 944,6.0,1.0,0.0,64.0,no,48.0,14.0,0,madrid,mediador,22.0
25/08/2025,1216.4093246512425,GOLPE EN APARCAMIENTO,urbana,22 586,3.0,3.0,0.0,45.0,N/D,28.0,11.0,600,madrid,mediador,159.0
08/06/2025,9590.564769482888,colisión frontal,interurbana,40 708,8.0,2.0,0.0,57.0,no,49.0,22.0,0,madrid,mediador,152.0
14/12/2024,6071.960994638973,colisión frontal,urbana,21 697,14.0,3.0,1.0,34.0,no,30.0,26.0,150,sevilla,directo,104.0
10/09/2025,541.7410306252738,golpe en aparcamiento,interurbana,5 532,1.0,1.0,0.0,26.0,sí,44.0,8.0,150,madrid,banca seguros,57.0
13/03/2024,2137.2400689072615,SALIDA DE VÍA,interurbana,11 773,6.0,2.0,0.0,82.0,no,54.0,25.0,150,zaragoza,banca seguros,11.0
29/05/2024,501.73717909717993,golpe en aparcamiento,autopista,15 920,6.0,1.0,0.0,27.0,no,60.0,22.0,0,zaragoza,mediador,153.0
22/03/2024,406.3137830341484,  golpe en aparcamiento ,urbana,8 341,16.0,2.0,0.0,58.0,sí,65.0,1.0,0,sevilla,directo,93.0
18/03/2025,695.5824518381887,GOLPE EN APARCAMIENTO,urbana,21 046,16.0,3.0,0.0,82.0,no,30.0,41.0,300,coruña,mediador,139.0
12/10/2025,3774.2700203082964,  salida de vía ,autopista,10 575,4.0,2.0,0.0,72.0,no,43.0,11.0,300,barcelona,mediador,147.0
24/03/2025,1503.7496175167216,colisión frontal,urbana,18 636,2.0,1.0,0.0,55.0,no,68.0,44.0,600,coruña,mediador,90.0
16/02/2024,2213.503899686124,ROBO,interurbana,11 824,17.0,2.0,1.0,89.0,sí,53.0,33.0,0,coruña,banca seguros,71.0
16/04/2024,936.2490075596307,robo,interurbana,16 443,10.0,1.0,0.0,40.0,no,41.0,40.0,150,sevilla,mediador,166.0
28/02/2024,398.1860477321455,golpe en aparcamiento,urbana,20 116,10.0,2.0,0.0,87.0,no,39.0,45.0,0,zaragoza,mediador,53.0
20/01/2024,1764.923998751487,golpe en aparcamiento,interurbana,7 762,11.0,5.0,0.0,91.0,sí,45.0,12.0,0,madrid,banca seguros,98.0
29/11/2024,683.2225357642935,ALCANCE,urbana,8 719,0.0,1.0,0.0,41.0,no,51.0,28.0,0,coruña,mediador,135.0
17/07/2025,6456.680083146033,salida de vía,urbana,34 768,14.0,1.0,0.0,66.0,no,61.0,17.0,0,zaragoza,directo,89.0
21/07/2025,1112.3521265290499,golpe en aparcamiento,interurbana,18 668,13.0,2.0,0.0,129.0,no,24.0,15.0,0,barcelona,directo,92.0
25/07/2025,1256.7073462914893,GOLPE EN APARCAMIENTO,interurbana,10 062,14.0,2.0,0.0,61.0,no,41.0,28.0,0,madrid,directo,119.0
13/11/2024,179.40028394023065,golpe en aparcamiento,urbana,21 766,21.0,1.0,0.0,85.0,no,33.0,40.0,0,valencia,banca seguros,30.0
04/02/2025,818.5918502536023,golpe en aparcamiento,interurbana,9 878,19.0,1.0,0.0,63.0,no,51.0,1.0,0,coruña,banca seguros,139.0
23/01/2025,1946.7934768439497,robo,urbana,11 423,9.0,1.0,0.0,87.0,no,20.0,7.0,150,barcelona,directo,165.0
13/03/2024,614.1250103608711,  golpe en aparcamiento ,urbana,5 807,3.0,2.0,0.0,71.0,no,58.0,8.0,150,zaragoza,mediador,36.0
16/12/2024,3647.950885076047,salida de vía,urbana,10 125,18.0,4.0,0.0,13.0,sí,40.0,31.0,600,zaragoza,directo,88.0
23/02/2025,1078.3145301135246,alcance,urbana,12 157,7.0,3.0,0.0,76.0,no,72.0,27.0,300,zaragoza,directo,106.0
03/07/2025,3833.8423563137253,  salida de vía ,autopista,6 572,3.0,1.0,0.0,7.0,sí,46.0,48.0,300,madrid,mediador,14.0
21/05/2024,563.814947393158,alcance,urbana,7 357,12.0,1.0,0.0,61.0,no,39.0,42.0,300,barcelona,directo,56.0
10/12/2025,456.79993188066214,alcance,interurbana,21 125,18.0,1.0,0.0,27.0,sí,35.0,11.0,0,madrid,directo,1.0
17/12/2024,581.6869325513193,SALIDA DE VÍA,urbana,6 828,12.0,1.0,0.0,50.0,no,29.0,47.0,600,coruña,mediador,80.0
27/06/2024,794.4806666259659,alcance,interurbana,13 025,8.0,1.0,0.0,93.0,no,46.0,16.0,0,coruña,mediador,143.0
15/11/2024,491.9970571838501,GOLPE EN APARCAMIENTO,urbana,5 960,22.0,1.0,0.0,77.0,no,68.0,8.0,0,coruña,mediador,112.0
08/01/2025,2379.0373256693097,alcance,autopista,28 667,22.0,1.0,0.0,0.0,sí,34.0,41.0,0,barcelona,mediador,18.0
06/11/2025,975.6532766961615,ALCANCE,autopista,3 146,0.0,2.0,0.0,57.0,no,47.0,32.0,300,valencia,mediador,49.0
11/10/2024,2036.133782706744,ALCANCE,interurbana,11 762,11.0,1.0,0.0,53.0,sí,63.0,26.0,0,coruña,mediador,49.0
08/05/2024,3747.965815519147,alcance,urbana,11 379,6.0,3.0,0.0,104.0,no,39.0,27.0,150,valencia,mediador,108.0
16/09/2025,2256.1356517645513,golpe en aparcamiento,urbana,28 852,16.0,1.0,0.0,76.0,no,48.0,36.0,0,valencia,directo,156.0
13/12/2025,482.21015994366087,golpe en aparcamiento,autopista,6 483,12.0,1.0,0.0,3.0,no,43.0,40.0,300,sevilla,banca seguros,131.0
19/04/2025,1380.3368442489025,  alcance ,autopista,14 218,9.0,2.0,0.0,57.0,no,59.0,43.0,0,barcelona,mediador,23.0
22/01/2025,448.345682934417,GOLPE EN APARCAMIENTO,urbana,8 206,13.0,1.0,1.0,53.0,no,53.0,27.0,0,madrid,mediador,158.0
31/01/2024,662.2606541914172,salida de vía,urbana,6 199,6.0,2.0,0.0,32.0,no,25.0,32.0,150,valencia,mediador,77.0
25/02/2024,2179.3100726356056,robo,interurbana,13 836,1.0,1.0,0.0,37.0,no,46.0,29.0,0,barcelona,mediador,130.0
13/07/2025,1301.4202655615225,alcance,interurbana,9 792,11.0,2.0,0.0,50.0,no,18.0,2.0,0,barcelona,mediador,34.0
20/09/2024,717.3702595435465,alcance,urbana,13 057,20.0,5.0,0.0,68.0,sí,36.0,28.0,0,sevilla,mediador,93.0
16/01/2025,396.4122553827797,golpe en aparcamiento,urbana,9 583,0.0,2.0,0.0,57.0,no,31.0,45.0,0,zaragoza,mediador,107.0
28/06/2024,2498.109896989589,SALIDA DE VÍA,interurbana,15 896,14.0,1.0,0.0,84.0,no,52.0,24.0,0,barcelona,directo,45.0
16/10/2024,2109.8066690866895,salida de vía,interurbana,13 875,8.0,1.0,0.0,39.0,no,18.0,29.0,600,zaragoza,banca seguros,18.0
04/06/2024,1375.933878249229,colisión frontal,urbana,13 400,9.0,2.0,0.0,34.0,no,43.0,42.0,150,zaragoza,mediador,8.0
07/10/2024,1774.3901484757243,salida de vía,urbana,18 200,21.0,2.0,0.0,101.0,no,30.0,23.0,0,sevilla,directo,35.0
29/07/2024,701.8067261131913,golpe en aparcamiento,urbana,11 674,1.0,3.0,0.0,60.0,no,55.0,30.0,0,coruña,directo,178.0
20/08/2025,418.55598932136314,golpe en aparcamiento,urbana,7 556,0.0,3.0,0.0,104.0,sí,50.0,42.0,300,coruña,mediador,84.0
20/06/2024,3767.1760451041123,colisión frontal,urbana,4 678,8.0,5.0,0.0,122.0,no,34.0,38.0,0,sevilla,directo,90.0
28/03/2025,1084.6571807597657,salida de vía,interurbana,9 094,5.0,1.0,0.0,70.0,N/D,34.0,11.0,150,zaragoza,directo,156.0
16/07/2024,2049.196576442899,alcance,urbana,10 895,16.0,2.0,0.0,36.0,no,28.0,45.0,150,barcelona,directo,160.0
28/11/2025,1759.8782012943732,salida de vía,urbana,4 281,3.0,4.0,0.0,26.0,sí,54.0,48.0,0,barcelona,directo,22.0
04/06/2024,2996.162742752621,alcance,autopista,19 761,6.0,2.0,0.0,49.0,no,51.0,42.0,300,madrid,directo,55.0
14/08/2024,28549.400364436377,incendio,urbana,7 113,7.0,4.0,0.0,41.0,no,33.0,33.0,300,coruña,mediador,41.0
21/08/2025,1886.140035668717,alcance,interurbana,12 934,16.0,2.0,0.0,47.0,no,28.0,9.0,0,zaragoza,banca seguros,146.0
13/02/2024,538.7599871333224,golpe en aparcamiento,interurbana,7 408,2.0,3.0,0.0,87.0,no,33.0,22.0,0,coruña,banca seguros,157.0
13/05/2024,1151.7235325085246,robo,interurbana,17 922,21.0,1.0,0.0,37.0,no,42.0,13.0,600,zaragoza,mediador,165.0
29/09/2024,532.2086063733846,golpe en aparcamiento,urbana,9 626,16.0,4.0,0.0,77.0,sí,31.0,20.0,300,barcelona,directo,57.0
15/10/2025,5207.26123800519,salida de vía,interurbana,18 018,20.0,3.0,0.0,65.0,no,55.0,16.0,0,zaragoza,directo,99.0
25/11/2024,1389.2305673474198,alcance,urbana,26 575,6.0,1.0,0.0,54.0,sí,47.0,7.0,600,zaragoza,directo,143.0
07/01/2024,575.7766600762602,golpe en aparcamiento,urbana,6 106,14.0,2.0,0.0,39.0,no,55.0,41.0,150,zaragoza,directo,51.0
10/03/2025,1700.300708148233,colisión frontal,urbana,4 420,5.0,2.0,1.0,44.0,no,42.0,42.0,0,zaragoza,directo,135.0
28/07/2024,3669.488036761429,ROBO,urbana,8 997,11.0,1.0,0.0,81.0,no,47.0,43.0,0,coruña,directo,113.0
24/10/2024,4016.822571850015,colisión frontal,interurbana,6 140,4.0,1.0,0.0,44.0,sí,44.0,27.0,600,barcelona,mediador,74.0
01/05/2025,4221.005017811707,ROBO,urbana,11 861,0.0,3.0,0.0,10.0,sí,62.0,23.0,0,coruña,directo,58.0
14/10/2025,237.49331116517502,alcance,urbana,6 063,20.0,1.0,1.0,92.0,no,50.0,20.0,0,sevilla,mediador,127.0
30/10/2024,2473.3640674393714,alcance,urbana,11 154,9.0,2.0,0.0,79.0,no,68.0,34.0,0,valencia,mediador,2.0
11/03/2024,1968.9333529662308,alcance,interurbana,10 969,7.0,3.0,0.0,34.0,no,39.0,29.0,0,valencia,mediador,92.0
26/08/2025,335.79201026522617,golpe en aparcamiento,urbana,7 894,16.0,1.0,0.0,61.0,N/D,50.0,29.0,300,zaragoza,mediador,133.0
01/07/2024,28095.077726407475,incendio,autopista,10 706,14.0,3.0,0.0,53.0,no,47.0,0.0,0,coruña,mediador,94.0
14/04/2024,221.47834539931756,golpe en aparcamiento,autopista,7 264,17.0,1.0,0.0,5.0,no,49.0,11.0,0,valencia,directo,151.0
07/06/2025,7215.563633040385,colisión frontal,interurbana,43 896,21.0,5.0,0.0,7.0,N/D,37.0,23.0,300,coruña,directo,57.0
01/08/2025,407.9844930156724,golpe en aparcamiento,interurbana,11 113,10.0,1.0,0.0,117.0,no,23.0,47.0,150,coruña,mediador,51.0
20/08/2024,543.4410519642457,golpe en aparcamiento,urbana,6 230,1.0,1.0,0.0,0.0,sí,38.0,29.0,150,barcelona,banca seguros,157.0
11/07/2025,4218.452767916879,COLISIÓN FRONTAL,interurbana,5 076,0.0,4.0,0.0,69.0,sí,40.0,15.0,0,madrid,mediador,168.0
24/05/2025,1680.2604613340889,salida de vía,urbana,5 008,1.0,4.0,2.0,49.0,sí,53.0,4.0,600,madrid,mediador,109.0
21/03/2024,1280.1904276040723,alcance,interurbana,9 672,8.0,2.0,1.0,102.0,no,32.0,41.0,0,valencia,mediador,98.0
28/04/2025,4274.097314625428,salida de vía,interurbana,13 670,18.0,5.0,0.0,30.0,no,51.0,36.0,0,valencia,directo,92.0
28/06/2024,654.3989832577789,golpe en aparcamiento,urbana,8 429,1.0,1.0,0.0,28.0,sí,23.0,22.0,0,barcelona,directo,49.0
28/04/2024,1737.4175221548571,golpe en aparcamiento,interurbana,21 343,7.0,1.0,0.0,54.0,no,64.0,8.0,150,sevilla,mediador,46.0
14/05/2024,14590.14576541641,incendio,urbana,3 731,13.0,2.0,1.0,60.0,sí,55.0,1.0,300,valencia,mediador,104.0
12/06/2025,1231.8556924923453,alcance,urbana,10 179,1.0,1.0,0.0,76.0,no,46.0,7.0,300,madrid,banca seguros,83.0
14/05/2025,1295.7813493668382,colisión frontal,interurbana,7 141,18.0,1.0,0.0,69.0,no,46.0,19.0,0,zaragoza,directo,32.0
15/08/2024,1267.231548874889,robo,urbana,7 374,4.0,1.0,0.0,24.0,no,32.0,0.0,0,madrid,directo,60.0
05/09/2024,390.42696112334727,GOLPE EN APARCAMIENTO,urbana,9 727,3.0,2.0,0.0,25.0,no,44.0,37.0,600,coruña,directo,13.0
11/05/2025,1004.4157085959946,golpe en aparcamiento,interurbana,12 902,3.0,2.0,1.0,29.0,no,36.0,32.0,0,valencia,directo,128.0
06/01/2024,4719.005168521187,colisión frontal,urbana,7 509,14.0,1.0,0.0,36.0,sí,52.0,23.0,0,valencia,mediador,12.0
17/12/2025,738.9141709096579,golpe en aparcamiento,urbana,21 840,17.0,2.0,0.0,67.0,no,70.0,34.0,150,madrid,banca seguros,151.0
01/12/2024,652.636307004135,golpe en aparcamiento,urbana,7 441,1.0,1.0,0.0,37.0,no,43.0,11.0,300,sevilla,mediador,8.0
04/10/2025,2795.397975781652,robo,urbana,7 232,0.0,5.0,0.0,56.0,no,21.0,8.0,0,zaragoza,mediador,101.0
14/02/2024,700.2304600109956,golpe en aparcamiento,interurbana,9 666,4.0,1.0,2.0,84.0,no,20.0,33.0,0,coruña,banca seguros,138.0
03/06/2024,1067.7031305338257,  colisión frontal ,urbana,10 975,7.0,1.0,0.0,39.0,no,73.0,24.0,300,valencia,mediador,170.0
29/08/2024,3566.107170206951,robo,urbana,4 964,1.0,2.0,2.0,43.0,no,42.0,15.0,300,valencia,mediador,70.0
23/07/2024,4176.372159752683,ROBO,urbana,5 476,8.0,5.0,0.0,64.0,no,18.0,18.0,0,sevilla,directo,86.0
20/11/2025,365.3474515098684,golpe en aparcamiento,urbana,17 554,2.0,1.0,0.0,40.0,no,64.0,8.0,600,zaragoza,mediador,123.0
06/10/2024,1682.0146888118124,alcance,interurbana,19 253,6.0,2.0,0.0,63.0,no,43.0,44.0,300,valencia,mediador,93.0
01/08/2024,2886.707717807969,robo,urbana,18 836,13.0,1.0,0.0,57.0,sí,25.0,46.0,0,zaragoza,directo,177.0
24/03/2024,993.3399361277479,golpe en aparcamiento,interurbana,10 296,8.0,2.0,0.0,44.0,no,52.0,17.0,0,madrid,directo,76.0
20/01/2024,805.1274047200686,alcance,interurbana,15 300,4.0,1.0,0.0,45.0,no,39.0,45.0,150,madrid,directo,121.0
27/10/2025,1811.9780500174932,colisión frontal,interurbana,9 420,12.0,3.0,0.0,62.0,sí,54.0,42.0,0,madrid,banca seguros,1.0
06/09/2025,551.1641829653931,  golpe en aparcamiento ,urbana,12 116,2.0,2.0,0.0,58.0,sí,30.0,8.0,600,madrid,banca seguros,43.0
16/08/2025,243.4936823611244,  golpe en aparcamiento ,urbana,14 877,6.0,1.0,0.0,45.0,sí,27.0,22.0,150,sevilla,mediador,93.0
19/06/2024,802.5221936545519,alcance,urbana,6 239,3.0,3.0,1.0,40.0,no,39.0,36.0,300,sevilla,mediador,136.0
06/08/2024,3085.9894295147296,golpe en aparcamiento,autopista,10 243,1.0,4.0,0.0,25.0,sí,54.0,22.0,0,zaragoza,banca seguros,143.0
20/09/2024,4883.561530494553,alcance,urbana,9 482,13.0,3.0,1.0,81.0,sí,40.0,25.0,150,barcelona,directo,23.0
30/01/2024,979.9728472632897,alcance,urbana,4 416,12.0,1.0,0.0,55.0,sí,23.0,25.0,0,zaragoza,banca seguros,15.0
28/10/2025,770.1065939593527,golpe en aparcamiento,urbana,7 801,11.0,3.0,0.0,51.0,sí,36.0,0.0,150,madrid,banca seguros,70.0
19/08/2025,4789.686895021025,alcance,urbana,5 500,4.0,1.0,1.0,48.0,sí,48.0,10.0,0,coruña,mediador,142.0
19/03/2025,3011.0058507109698,colisión frontal,urbana,24 767,12.0,3.0,0.0,57.0,no,60.0,36.0,0,barcelona,banca seguros,13.0
21/12/2025,20865.072025841277,incendio,interurbana,8 353,17.0,4.0,0.0,27.0,no,43.0,43.0,300,barcelona,directo,167.0
26/09/2024,3398.8205892204096,robo,urbana,13 922,11.0,1.0,0.0,65.0,no,47.0,46.0,0,barcelona,directo,10.0
20/08/2025,676.7152256704637,alcance,autopista,6 222,6.0,1.0,0.0,95.0,no,35.0,46.0,150,barcelona,directo,45.0
29/08/2024,4202.214505316042,colisión frontal,interurbana,12 303,3.0,1.0,1.0,71.0,no,26.0,12.0,150,madrid,mediador,27.0
13/02/2024,831.0284552904751,golpe en aparcamiento,interurbana,21 632,19.0,1.0,1.0,61.0,sí,23.0,50.0,150,valencia,mediador,112.0
12/07/2024,806.5699501456901,alcance,urbana,12 932,0.0,2.0,0.0,41.0,no,49.0,0.0,600,sevilla,directo,108.0
29/09/2024,656.7401442581892,colisión frontal,urbana,5 493,12.0,1.0,0.0,44.0,sí,58.0,33.0,150,coruña,mediador,75.0
22/05/2024,364.55087632527994,alcance,urbana,3 715,0.0,3.0,0.0,56.0,no,69.0,48.0,150,coruña,mediador,124.0
23/11/2024,960.2857639051253,robo,urbana,6 858,20.0,1.0,0.0,59.0,no,56.0,15.0,300,valencia,directo,170.0
24/01/2024,445.52573366245593,golpe en aparcamiento,autopista,12 818,22.0,1.0,0.0,78.0,no,43.0,28.0,0,sevilla,banca seguros,124.0
13/08/2025,404.57718106853326,golpe en aparcamiento,urbana,9 505,7.0,1.0,0.0,19.0,sí,18.0,38.0,0,coruña,banca seguros,160.0
16/04/2025,4411.586260900333,colisión frontal,urbana,18 845,14.0,1.0,0.0,69.0,no,33.0,11.0,0,valencia,mediador,29.0
11/05/2024,1051.1168907333963,robo,autopista,9 129,15.0,1.0,0.0,42.0,no,43.0,6.0,150,coruña,mediador,173.0
29/07/2024,630.0111803956886,alcance,autopista,6 339,4.0,2.0,0.0,48.0,no,37.0,42.0,0,barcelona,banca seguros,68.0
12/08/2024,2053.660574092812,  colisión frontal ,urbana,11 323,17.0,2.0,0.0,39.0,no,60.0,22.0,150,barcelona,directo,128.0
02/11/2024,652.1393803781124,salida de vía,interurbana,5 801,6.0,2.0,0.0,46.0,N/D,28.0,28.0,0,madrid,mediador,53.0
16/10/2025,6061.8905493892535,robo,urbana,13 175,5.0,3.0,0.0,52.0,sí,33.0,39.0,0,zaragoza,mediador,75.0
01/02/2025,9907.066590944392,colisión frontal,interurbana,13 829,10.0,1.0,0.0,91.0,no,27.0,32.0,150,barcelona,banca seguros,3.0
04/10/2025,636.663219629629,golpe en aparcamiento,autopista,13 641,11.0,1.0,0.0,43.0,N/D,45.0,44.0,0,valencia,mediador,102.0
24/01/2024,971.9983948342742,alcance,interurbana,4 341,17.0,1.0,0.0,64.0,N/D,63.0,47.0,150,valencia,mediador,78.0
03/11/2024,4163.3991743678835,colisión frontal,interurbana,9 972,8.0,4.0,2.0,59.0,sí,23.0,17.0,300,barcelona,banca seguros,93.0
31/08/2025,2748.156371053065,salida de vía,autopista,4 387,12.0,1.0,1.0,44.0,no,62.0,18.0,0,barcelona,mediador,87.0
03/11/2025,11217.09780135836,salida de vía,interurbana,34 365,2.0,5.0,1.0,49.0,sí,20.0,41.0,0,coruña,directo,81.0
11/02/2025,1409.7341192738056,robo,urbana,11 856,18.0,1.0,0.0,47.0,no,18.0,4.0,150,barcelona,directo,23.0
24/09/2025,1139.3822592773,SALIDA DE VÍA,interurbana,9 213,3.0,1.0,0.0,66.0,no,42.0,10.0,150,barcelona,directo,31.0
21/11/2024,985.8805880750216,  golpe en aparcamiento ,urbana,17 155,10.0,2.0,1.0,76.0,no,51.0,3.0,300,valencia,directo,153.0
23/12/2024,5238.196497124747,  robo ,urbana,4 941,4.0,4.0,0.0,65.0,no,30.0,0.0,0,coruña,mediador,36.0
09/09/2024,3109.45649402602,salida de vía,urbana,45 072,18.0,1.0,0.0,73.0,no,36.0,28.0,0,zaragoza,mediador,85.0
08/11/2024,510.4566852954542,golpe en aparcamiento,urbana,10 961,4.0,2.0,0.0,42.0,no,50.0,31.0,300,coruña,banca seguros,58.0
17/03/2024,497.7388859604993,golpe en aparcamiento,urbana,3 828,7.0,2.0,0.0,87.0,sí,60.0,47.0,150,sevilla,directo,120.0
21/03/2025,6241.654466883797,SALIDA DE VÍA,autopista,16 616,4.0,1.0,0.0,60.0,sí,71.0,47.0,0,coruña,mediador,113.0
04/11/2025,3251.9655867892593,salida de vía,urbana,12 589,8.0,2.0,0.0,58.0,no,43.0,12.0,0,madrid,banca seguros,32.0
18/02/2024,2261.686533667356,colisión frontal,urbana,10 763,1.0,1.0,0.0,50.0,no,29.0,43.0,0,barcelona,directo,128.0
21/12/2024,5502.03407498863,COLISIÓN FRONTAL,urbana,14 088,14.0,2.0,1.0,95.0,no,40.0,45.0,600,madrid,directo,55.0
05/07/2025,1381.4974804443345,golpe en aparcamiento,interurbana,11 690,13.0,2.0,0.0,28.0,no,22.0,36.0,0,coruña,directo,33.0
14/11/2024,823.1007204588118,alcance,interurbana,12 185,13.0,1.0,0.0,75.0,sí,34.0,10.0,0,valencia,directo,172.0
27/10/2024,545.1257735992714,golpe en aparcamiento,autopista,7 441,4.0,1.0,1.0,87.0,no,24.0,35.0,0,madrid,banca seguros,15.0
29/10/2024,544.1690836635477,golpe en aparcamiento,interurbana,10 182,10.0,1.0,0.0,19.0,sí,62.0,20.0,150,valencia,directo,32.0
06/09/2024,3749.2264758950673,robo,autopista,18 272,16.0,1.0,1.0,67.0,sí,57.0,14.0,0,madrid,mediador,135.0
04/08/2025,12353.85843401923,incendio,urbana,15 581,3.0,2.0,1.0,65.0,sí,51.0,38.0,0,barcelona,banca seguros,121.0
19/12/2024,1845.337765485169,golpe en aparcamiento,urbana,36 687,6.0,5.0,0.0,64.0,no,37.0,34.0,150,barcelona,directo,105.0
12/01/2024,1537.02511849108,  alcance ,urbana,30 588,16.0,2.0,0.0,124.0,no,46.0,6.0,600,zaragoza,directo,111.0
07/03/2024,4637.7413570587205,INCENDIO,urbana,22 873,6.0,1.0,0.0,40.0,no,35.0,5.0,0,madrid,mediador,165.0
05/03/2025,820.6256226886352,golpe en aparcamiento,urbana,8 318,21.0,2.0,0.0,32.0,sí,49.0,2.0,150,zaragoza,mediador,148.0
01/06/2024,918.4973748579274,alcance,interurbana,22 983,1.0,2.0,0.0,31.0,no,66.0,37.0,0,sevilla,mediador,121.0
17/05/2024,5636.612702290825,incendio,urbana,14 999,10.0,1.0,1.0,25.0,no,41.0,8.0,300,sevilla,mediador,151.0
23/09/2025,6261.032989984713,salida de vía,interurbana,11 664,9.0,3.0,0.0,50.0,sí,43.0,9.0,0,valencia,banca seguros,11.0
30/04/2024,538.0237118729956,golpe en aparcamiento,interurbana,9 694,22.0,2.0,0.0,47.0,no,56.0,21.0,0,coruña,directo,154.0
14/06/2025,204.388052048276,golpe en aparcamiento,interurbana,11 623,12.0,1.0,0.0,29.0,no,58.0,45.0,300,barcelona,directo,126.0
04/12/2025,2781.8392683776824,alcance,urbana,11 668,8.0,2.0,1.0,41.0,sí,27.0,20.0,300,barcelona,directo,87.0
11/11/2024,1283.1256865133594,robo,urbana,18 558,1.0,3.0,0.0,15.0,no,39.0,5.0,150,sevilla,directo,56.0
07/10/2024,2870.2531994641004,salida de vía,urbana,20 814,2.0,1.0,0.0,36.0,no,47.0,23.0,0,valencia,mediador,37.0
19/01/2024,1364.469622879946,golpe en aparcamiento,autopista,7 824,15.0,1.0,2.0,23.0,no,18.0,13.0,600,zaragoza,mediador,49.0
12/10/2024,4073.708728518877,SALIDA DE VÍA,urbana,15 874,7.0,2.0,0.0,18.0,no,27.0,2.0,0,zaragoza,directo,31.0
06/04/2025,4576.90014315651,alcance,autopista,28 321,22.0,2.0,0.0,31.0,sí,24.0,22.0,300,coruña,mediador,111.0
27/10/2024,6877.465630701384,salida de vía,interurbana,20 421,0.0,1.0,1.0,66.0,no,36.0,43.0,0,valencia,banca seguros,71.0
09/04/2024,3125.3433443666713,alcance,urbana,8 345,16.0,1.0,0.0,69.0,no,55.0,17.0,0,barcelona,directo,64.0
20/11/2025,14415.915494530786,incendio,autopista,11 430,0.0,2.0,0.0,71.0,no,60.0,15.0,600,coruña,mediador,44.0
19/03/2025,2187.5982564390492,alcance,interurbana,25 417,7.0,1.0,0.0,7.0,no,38.0,37.0,0,valencia,directo,7.0
20/03/2025,4862.205300708092,salida de vía,interurbana,8 716,0.0,4.0,1.0,57.0,no,75.0,49.0,0,coruña,mediador,107.0
09/08/2024,3087.8802122664224,colision frontal,interurbana,9 296,20.0,1.0,0.0,80.0,no,45.0,16.0,150,sevilla,mediador,4.0
31/08/2025,502.05722689830253,salida de vía,urbana,5 597,20.0,3.0,1.0,74.0,no,48.0,44.0,150,coruña,mediador,45.0
20/03/2025,2806.702607968307,  colisión frontal ,urbana,15 376,1.0,2.0,0.0,34.0,N/D,51.0,20.0,0,madrid,mediador,98.0
15/12/2024,353.83182770134164,golpe en aparcamiento,urbana,12 128,17.0,1.0,0.0,69.0,no,47.0,1.0,150,coruña,mediador,96.0
08/08/2024,458.11618704059424,alcance,urbana,3 599,10.0,4.0,0.0,73.0,no,53.0,48.0,150,barcelona,mediador,85.0
28/08/2024,497.9475809031982,golpe en aparcamiento,autopista,10 898,7.0,1.0,0.0,62.0,sí,36.0,2.0,0,barcelona,mediador,94.0
17/11/2025,4931.479029679645,robo,urbana,36 932,2.0,1.0,1.0,56.0,no,18.0,46.0,0,coruña,mediador,78.0
12/04/2025,7474.948687890513,SALIDA DE VÍA,urbana,4 768,13.0,1.0,0.0,56.0,sí,57.0,28.0,0,sevilla,mediador,117.0
14/03/2025,5819.076016137738,salida de vía,urbana,10 358,18.0,1.0,0.0,55.0,sí,35.0,0.0,150,barcelona,banca seguros,162.0
26/05/2025,1446.1841786790174,alcance,interurbana,7 950,10.0,3.0,0.0,29.0,sí,43.0,6.0,300,madrid,directo,108.0
26/07/2024,59.27675310439782,golpe en aparcamiento,urbana,3 961,8.0,1.0,1.0,48.0,sí,59.0,24.0,0,valencia,directo,159.0
28/12/2025,1068.5728298104732,golpe en aparcamiento,urbana,30 068,11.0,2.0,0.0,47.0,sí,39.0,9.0,0,zaragoza,mediador,89.0
27/11/2025,2255.974772056695,alcance,interurbana,9 234,14.0,1.0,0.0,27.0,sí,26.0,38.0,0,barcelona,directo,9.0
26/08/2025,424.05695903669124,salida de vía,autopista,4 259,18.0,1.0,0.0,41.0,no,54.0,10.0,150,sevilla,mediador,78.0
05/10/2024,522.064350816959,alcance,interurbana,9 808,7.0,2.0,0.0,48.0,sí,20.0,5.0,600,madrid,directo,164.0
04/10/2025,3684.166804859863,incendio,urbana,5 547,22.0,3.0,0.0,28.0,no,32.0,45.0,300,barcelona,mediador,104.0
07/02/2025,280.5385655891231,golpe en aparcamiento,interurbana,4 968,13.0,1.0,4.0,62.0,no,44.0,17.0,150,sevilla,directo,175.0
18/10/2024,776.4795812085945,ALCANCE,urbana,11 149,22.0,1.0,1.0,57.0,no,43.0,43.0,300,sevilla,directo,75.0
27/02/2025,603.1929495698903,golpe en aparcamiento,urbana,7 849,12.0,4.0,1.0,25.0,sí,37.0,27.0,600,coruña,mediador,21.0
20/11/2024,1765.3249931165408,salida de vía,urbana,8 076,19.0,2.0,1.0,39.0,no,32.0,20.0,0,madrid,banca seguros,44.0
29/07/2024,4692.350441585256,SALIDA DE VÍA,urbana,24 597,6.0,1.0,0.0,34.0,no,29.0,4.0,0,madrid,directo,173.0
06/02/2025,2167.5658765835283,golpe en aparcamiento,interurbana,34 674,20.0,2.0,0.0,64.0,no,42.0,46.0,300,madrid,mediador,36.0
09/09/2025,1139.3054918359462,golpe en aparcamiento,interurbana,7 562,13.0,2.0,0.0,80.0,no,50.0,46.0,600,zaragoza,directo,13.0
24/04/2025,809.9485760872741,golpe en aparcamiento,interurbana,9 973,4.0,2.0,1.0,50.0,no,37.0,15.0,300,zaragoza,directo,175.0
06/02/2024,545.0707437975117,alcance,urbana,12 981,17.0,1.0,0.0,27.0,sí,19.0,0.0,0,barcelona,directo,139.0
19/04/2024,1145.0984058205786,golpe en aparcamiento,interurbana,25 773,7.0,1.0,0.0,77.0,no,43.0,26.0,0,sevilla,directo,140.0
16/05/2024,1983.855080745878,salida de vía,interurbana,4 913,17.0,4.0,1.0,73.0,sí,45.0,16.0,150,sevilla,mediador,133.0
20/06/2024,843.0587527360025,golpe en aparcamiento,interurbana,7 395,1.0,2.0,0.0,58.0,no,40.0,44.0,150,valencia,directo,5.0
26/07/2025,2063.342426933463,golpe en aparcamiento,interurbana,18 327,17.0,3.0,0.0,74.0,sí,44.0,36.0,300,zaragoza,mediador,94.0
13/11/2024,954.1115600114247,alcance,urbana,6 364,4.0,2.0,0.0,80.0,no,55.0,10.0,0,sevilla,mediador,72.0
09/11/2024,821.1671506319531,alcance,urbana,6 188,3.0,2.0,0.0,60.0,no,30.0,50.0,150,valencia,banca seguros,139.0
19/11/2024,2695.600765111024,  colisión frontal ,urbana,13 140,19.0,2.0,0.0,60.0,N/D,30.0,10.0,0,coruña,directo,9.0
13/06/2025,6060.942878230395,colisión frontal,interurbana,5 891,11.0,5.0,0.0,81.0,no,32.0,45.0,0,sevilla,mediador,20.0
12/01/2024,3113.917367223924,colision frontal,urbana,11 082,1.0,2.0,0.0,69.0,no,50.0,30.0,600,sevilla,directo,143.0
27/12/2025,2655.4162208606062,salida de vía,urbana,23 824,16.0,2.0,0.0,81.0,sí,38.0,11.0,300,zaragoza,banca seguros,36.0
17/04/2025,198.31047809954595,golpe en aparcamiento,urbana,6 374,19.0,1.0,0.0,48.0,sí,26.0,37.0,0,zaragoza,mediador,122.0
24/03/2025,3529.001898162918,colisión frontal,autopista,18 130,0.0,1.0,0.0,36.0,sí,35.0,4.0,150,valencia,mediador,117.0
08/05/2024,1471.4213173152482,  alcance ,urbana,5 160,12.0,1.0,0.0,57.0,sí,35.0,6.0,600,coruña,mediador,71.0
22/01/2024,2537.005666950003,salida de vía,autopista,13 897,1.0,1.0,0.0,69.0,no,36.0,21.0,150,zaragoza,mediador,30.0
13/10/2025,74192.63598766002,incendio,interurbana,29 636,4.0,2.0,0.0,68.0,sí,60.0,10.0,300,madrid,mediador,151.0
03/10/2024,586.3450828326058,golpe en aparcamiento,urbana,3 883,10.0,4.0,0.0,121.0,no,34.0,4.0,600,coruña,mediador,159.0
30/03/2024,1154.520459900983,salida de vía,interurbana,8 654,22.0,3.0,0.0,75.0,no,37.0,20.0,150,valencia,mediador,6.0
23/09/2025,2902.763185897672,colisión frontal,urbana,21 060,21.0,1.0,0.0,101.0,no,48.0,6.0,0,valencia,banca seguros,60.0
24/04/2025,562.0189905166217,golpe en aparcamiento,autopista,11 615,10.0,1.0,0.0,41.0,sí,28.0,40.0,600,madrid,banca seguros,130.0
22/01/2024,2142.024778257733,salida de vía,interurbana,49 476,8.0,2.0,3.0,53.0,no,50.0,48.0,600,barcelona,mediador,37.0
29/12/2025,5990.305865497867,incendio,urbana,11 817,7.0,3.0,0.0,25.0,no,46.0,3.0,150,barcelona,mediador,105.0
12/10/2024,305.1736563683935,golpe en aparcamiento,urbana,7 246,14.0,3.0,0.0,55.0,no,23.0,4.0,0,madrid,mediador,20.0
01/10/2025,768.927705991124,golpe en aparcamiento,interurbana,11 492,19.0,2.0,0.0,69.0,sí,44.0,12.0,150,barcelona,banca seguros,116.0
08/07/2024,503.5451539396358,golpe en aparcamiento,urbana,20 164,20.0,1.0,0.0,95.0,no,40.0,16.0,600,barcelona,directo,1.0
11/11/2024,3237.3464811766457,colisión frontal,interurbana,29 276,0.0,2.0,0.0,7.0,no,41.0,48.0,0,madrid,mediador,40.0
08/07/2025,621.8886355235948,golpe en aparcamiento,urbana,16 973,0.0,1.0,1.0,61.0,no,32.0,45.0,300,coruña,mediador,151.0
25/05/2024,448.8389702607531,golpe en aparcamiento,interurbana,13 682,17.0,1.0,0.0,50.0,sí,45.0,21.0,0,sevilla,mediador,17.0
20/11/2025,1061.0248834960407,golpe en aparcamiento,interurbana,12 834,14.0,1.0,0.0,60.0,no,51.0,28.0,300,sevilla,directo,134.0
10/01/2024,354.9971389644862,golpe en aparcamiento,urbana,11 981,19.0,4.0,0.0,63.0,N/D,42.0,49.0,150,barcelona,directo,169.0
06/04/2025,658.4392446085146,robo,autopista,5 890,4.0,1.0,0.0,30.0,no,46.0,22.0,600,sevilla,directo,122.0
16/11/2024,938.9169728854293,  golpe en aparcamiento ,interurbana,12 707,9.0,2.0,0.0,31.0,no,34.0,25.0,300,zaragoza,mediador,31.0
13/07/2024,836.5163071234225,ALCANCE,autopista,9 948,10.0,1.0,0.0,64.0,no,88.0,1.0,0,zaragoza,mediador,129.0
28/09/2024,1568.1636491070174,robo,urbana,14 393,7.0,3.0,4.0,71.0,no,47.0,45.0,0,valencia,mediador,157.0
23/05/2024,2550.764526136876,colisión frontal,autopista,7 478,0.0,2.0,0.0,67.0,no,42.0,12.0,300,coruña,mediador,68.0
23/01/2024,133.86228978251836,GOLPE EN APARCAMIENTO,urbana,9 015,19.0,1.0,0.0,22.0,no,45.0,49.0,150,zaragoza,mediador,76.0
21/05/2025,3327.3044647727843,  salida de vía ,interurbana,12 873,9.0,1.0,0.0,64.0,sí,45.0,3.0,600,sevilla,mediador,106.0
20/10/2025,2707.9317627741684,  alcance ,interurbana,32 157,6.0,2.0,0.0,80.0,sí,62.0,13.0,0,barcelona,mediador,115.0
02/08/2025,924.6892125066025,GOLPE EN APARCAMIENTO,urbana,6 998,21.0,1.0,2.0,55.0,sí,41.0,1.0,150,madrid,mediador,8.0
08/09/2024,1753.8452420262272,  golpe en aparcamiento ,interurbana,17 889,9.0,1.0,0.0,87.0,no,35.0,45.0,150,zaragoza,banca seguros,36.0
28/10/2024,1504.806889963581,  salida de vía ,interurbana,5 824,12.0,4.0,0.0,63.0,no,56.0,31.0,0,valencia,directo,108.0
06/06/2024,430.11452225339974,GOLPE EN APARCAMIENTO,interurbana,11 384,13.0,1.0,2.0,30.0,no,49.0,13.0,0,zaragoza,mediador,14.0
05/07/2024,3169.5491810937874,alcance,autopista,22 949,4.0,1.0,0.0,58.0,no,34.0,40.0,150,valencia,directo,149.0
20/06/2024,384.92134904214447,golpe en aparcamiento,interurbana,8 388,22.0,4.0,1.0,77.0,sí,40.0,48.0,300,zaragoza,mediador,8.0
07/01/2024,1292.0931354756476,  alcance ,urbana,32 886,13.0,1.0,0.0,79.0,sí,44.0,44.0,0,sevilla,banca seguros,92.0
28/08/2025,1921.4263161256247,salida de vía,urbana,36 521,15.0,3.0,0.0,88.0,no,57.0,4.0,300,coruña,directo,164.0
25/10/2024,621.9904876920716,golpe en aparcamiento,urbana,8 930,5.0,1.0,0.0,100.0,no,50.0,4.0,0,zaragoza,mediador,12.0
25/04/2024,2320.5803605008614,  colisión frontal ,urbana,6 453,0.0,2.0,0.0,54.0,no,50.0,19.0,0,barcelona,mediador,100.0
16/09/2025,5461.005638519904,colisión frontal,urbana,8 100,22.0,1.0,1.0,35.0,sí,22.0,0.0,300,valencia,banca seguros,104.0
30/09/2024,7233.273065695951,incendio,urbana,5 938,11.0,2.0,0.0,68.0,no,43.0,48.0,150,coruña,directo,99.0
02/04/2024,3015.4778584260794,alcance,autopista,13 260,12.0,1.0,1.0,75.0,N/D,29.0,35.0,600,sevilla,mediador,48.0
14/09/2024,3459.451910863569,robo,autopista,8 249,13.0,1.0,0.0,128.0,no,69.0,50.0,150,valencia,mediador,36.0
26/11/2025,1208.2879601030402,alcance,urbana,10 333,9.0,1.0,0.0,95.0,sí,31.0,29.0,0,sevilla,mediador,165.0
24/12/2025,256.4201491469649,golpe en aparcamiento,urbana,8 595,17.0,3.0,0.0,80.0,no,49.0,20.0,300,coruña,mediador,118.0
29/09/2025,14151.095334246085,salida de via,urbana,22 323,1.0,2.0,1.0,89.0,sí,49.0,32.0,0,sevilla,mediador,83.0
10/11/2024,957.9600812702773,golpe en aparcamiento,interurbana,19 395,16.0,1.0,2.0,103.0,no,47.0,45.0,150,barcelona,directo,40.0
21/05/2024,2741.7398471620886,  colisión frontal ,interurbana,4 130,5.0,4.0,0.0,65.0,no,54.0,47.0,600,sevilla,directo,63.0
02/12/2025,296.82799253822066,alcance,urbana,4 412,22.0,3.0,0.0,0.0,no,41.0,7.0,300,madrid,mediador,65.0
26/01/2025,1012.9887814528303,golpe en aparcamiento,interurbana,17 347,1.0,2.0,1.0,71.0,no,38.0,26.0,0,valencia,banca seguros,86.0
11/08/2025,1521.2318980178857,GOLPE EN APARCAMIENTO,urbana,8 447,16.0,5.0,0.0,25.0,no,36.0,18.0,0,barcelona,mediador,87.0
04/01/2024,812.8497172659186,golpe en aparcamiento,urbana,7 003,1.0,2.0,0.0,73.0,no,54.0,43.0,150,coruña,directo,54.0
29/04/2024,2306.4209415581645,SALIDA DE VÍA,urbana,10 057,3.0,1.0,0.0,65.0,sí,27.0,38.0,150,valencia,banca seguros,164.0
25/11/2025,5350.604933773633,salida de vía,urbana,10 499,15.0,3.0,1.0,53.0,N/D,57.0,11.0,150,valencia,directo,94.0
10/05/2024,898.9249383643598,alcance,urbana,2 111,2.0,1.0,0.0,77.0,sí,34.0,41.0,150,sevilla,directo,171.0
21/04/2025,2348.609559702007,salida de vía,interurbana,23 936,5.0,1.0,0.0,69.0,no,48.0,12.0,0,coruña,banca seguros,68.0
03/09/2024,571.3027926119543,alcance,urbana,9 293,14.0,1.0,0.0,33.0,no,37.0,44.0,600,zaragoza,mediador,34.0
28/09/2025,1835.7333616639446,golpe en aparcamiento,interurbana,15 039,17.0,1.0,1.0,114.0,no,49.0,29.0,300,coruña,mediador,163.0
30/04/2024,982.3219908849045,alcance,autopista,7 694,16.0,2.0,0.0,87.0,sí,47.0,48.0,150,madrid,banca seguros,39.0
19/12/2025,2537.340140107221,  golpe en aparcamiento ,autopista,13 142,7.0,5.0,0.0,67.0,no,25.0,49.0,150,madrid,mediador,154.0
02/02/2025,1167.8728630498047,alcance,autopista,9 219,8.0,1.0,0.0,64.0,no,27.0,12.0,150,zaragoza,mediador,96.0
27/11/2025,1320.4967782857523,alcance,urbana,8 297,17.0,1.0,1.0,24.0,no,54.0,12.0,600,coruña,mediador,166.0
10/10/2025,1018.2026840983038,golpe en aparcamiento,urbana,27 614,8.0,2.0,0.0,54.0,no,53.0,39.0,600,madrid,directo,7.0
16/10/2024,1696.6155163109722,alcance,autopista,16 090,22.0,4.0,0.0,21.0,no,39.0,30.0,150,sevilla,mediador,67.0
11/06/2025,3775.8379428882845,alcance,urbana,17 007,5.0,4.0,0.0,83.0,no,29.0,44.0,0,sevilla,banca seguros,19.0
26/02/2025,2269.11545486665,  alcance ,interurbana,15 900,8.0,2.0,0.0,10.0,no,37.0,17.0,0,valencia,mediador,1.0
15/06/2025,495.7865047971167,alcance,urbana,11 270,10.0,3.0,0.0,76.0,no,39.0,13.0,0,coruña,banca seguros,42.0
28/01/2024,4609.519725249318,salida de vía,urbana,13 624,10.0,5.0,0.0,19.0,sí,35.0,20.0,150,valencia,mediador,80.0
18/10/2025,3594.1454230520985,colisión frontal,interurbana,8 329,7.0,2.0,2.0,34.0,no,75.0,4.0,150,coruña,banca seguros,147.0
08/10/2025,1221.3156110507362,golpe en aparcamiento,interurbana,43 402,4.0,2.0,0.0,47.0,N/D,58.0,42.0,0,sevilla,mediador,71.0
10/08/2025,3563.0424392210875,salida de vía,interurbana,14 880,14.0,3.0,0.0,67.0,no,61.0,45.0,300,sevilla,directo,172.0
05/07/2025,431.87869562607347,golpe en aparcamiento,urbana,8 380,8.0,5.0,0.0,80.0,N/D,25.0,21.0,0,madrid,banca seguros,65.0
21/05/2024,664.3233594518339,golpe en aparcamiento,interurbana,20 606,18.0,3.0,0.0,47.0,no,39.0,18.0,150,zaragoza,mediador,100.0
10/08/2025,936.551168209234,GOLPE EN APARCAMIENTO,urbana,36 908,18.0,3.0,0.0,65.0,no,31.0,22.0,300,zaragoza,banca seguros,55.0
20/12/2025,853.6783797150548,alcance,autopista,17 075,19.0,2.0,1.0,71.0,no,32.0,5.0,150,coruña,directo,24.0
13/10/2025,8962.838917390556,incendio,urbana,6 760,10.0,1.0,0.0,46.0,sí,39.0,38.0,150,madrid,directo,178.0
21/07/2025,1947.579448968751,salida de vía,urbana,18 305,18.0,2.0,0.0,44.0,N/D,18.0,30.0,600,barcelona,mediador,103.0
05/12/2025,1780.4478807866512,alcance,urbana,17 219,0.0,1.0,0.0,40.0,no,32.0,17.0,0,zaragoza,mediador,121.0
24/03/2024,1207.6802842247228,golpe en aparcamiento,urbana,6 111,6.0,4.0,1.0,56.0,no,45.0,14.0,150,barcelona,mediador,6.0
22/07/2025,2221.4626135245794,  salida de vía ,urbana,12 544,0.0,1.0,0.0,76.0,no,18.0,12.0,300,valencia,mediador,153.0
25/01/2025,2047.6317622390402,robo,urbana,10 010,5.0,2.0,0.0,45.0,sí,18.0,13.0,150,sevilla,banca seguros,78.0
03/08/2025,3030.7120193571577,SALIDA DE VÍA,interurbana,23 905,0.0,1.0,0.0,34.0,sí,47.0,2.0,150,barcelona,mediador,34.0
03/04/2025,4911.5347842897245,colisión frontal,urbana,6 591,11.0,5.0,0.0,25.0,sí,29.0,38.0,0,madrid,banca seguros,24.0
22/05/2024,848.2427472897132,alcance,urbana,6 868,6.0,2.0,0.0,83.0,no,81.0,22.0,0,sevilla,directo,101.0
17/12/2025,2471.5165193347193,salida de vía,interurbana,11 299,9.0,4.0,1.0,79.0,no,59.0,50.0,150,barcelona,banca seguros,146.0
02/12/2025,4776.250156018372,colisión frontal,urbana,9 701,22.0,4.0,0.0,49.0,no,20.0,12.0,0,zaragoza,mediador,175.0
07/04/2024,3400.4961959320412,alcance,urbana,19 276,6.0,4.0,0.0,58.0,sí,58.0,20.0,150,barcelona,mediador,43.0
04/03/2024,3809.1184005536243,alcance,urbana,46 650,6.0,5.0,0.0,114.0,sí,72.0,41.0,150,madrid,mediador,62.0
20/01/2024,2960.2934302160447,  colisión frontal ,urbana,7 317,7.0,3.0,0.0,27.0,no,62.0,32.0,0,valencia,directo,176.0
26/11/2025,8719.411812392837,salida de vía,interurbana,32 529,15.0,2.0,0.0,55.0,sí,34.0,24.0,150,valencia,mediador,3.0
24/12/2025,365.8430145590916,golpe en aparcamiento,urbana,9 447,0.0,2.0,0.0,57.0,no,66.0,25.0,150,valencia,directo,111.0
01/05/2024,359.84146659312927,golpe en aparcamiento,autopista,11 912,13.0,1.0,0.0,84.0,no,59.0,47.0,150,zaragoza,mediador,122.0
19/02/2024,1107.0705145502084,  alcance ,interurbana,23 102,13.0,3.0,0.0,110.0,no,41.0,5.0,150,barcelona,mediador,92.0
01/09/2025,531.9267472389588,golpe en aparcamiento,urbana,20 569,15.0,1.0,0.0,43.0,N/D,50.0,37.0,300,zaragoza,mediador,22.0
17/11/2025,814.0976887841989,golpe en aparcamiento,interurbana,12 428,18.0,1.0,0.0,48.0,sí,39.0,28.0,0,sevilla,directo,112.0
25/05/2025,4720.552316989355,alcance,interurbana,51 435,5.0,1.0,0.0,63.0,no,29.0,43.0,0,coruña,mediador,164.0
05/04/2024,243.83802099098932,  golpe en aparcamiento ,urbana,5 464,8.0,3.0,0.0,96.0,no,62.0,17.0,0,barcelona,banca seguros,21.0
14/02/2025,4430.184539711957,alcance,urbana,32 504,7.0,2.0,1.0,38.0,no,76.0,21.0,150,valencia,banca seguros,138.0
27/04/2024,8037.83288087757,  colisión frontal ,autopista,16 290,4.0,3.0,0.0,74.0,sí,39.0,27.0,0,valencia,banca seguros,84.0
31/03/2024,320.875322305713,golpe en aparcamiento,urbana,19 379,5.0,2.0,0.0,0.0,sí,42.0,37.0,0,coruña,mediador,76.0
08/12/2024,2622.350752602155,robo,urbana,25 716,8.0,1.0,0.0,17.0,sí,57.0,8.0,300,sevilla,mediador,7.0
21/11/2025,147525.51639225773,incendio,interurbana,99 579,4.0,2.0,0.0,113.0,no,52.0,49.0,0,sevilla,mediador,33.0
19/08/2024,2550.077026086613,colisión frontal,interurbana,11 201,15.0,1.0,0.0,73.0,no,30.0,47.0,300,coruña,mediador,77.0
25/03/2025,2722.048436406206,alcance,interurbana,11 472,7.0,4.0,0.0,99.0,no,34.0,1.0,0,sevilla,directo,136.0
11/10/2025,613.1190240414489,  alcance ,urbana,9 346,16.0,1.0,0.0,31.0,no,52.0,16.0,300,valencia,mediador,42.0
27/12/2024,1976.6102630313642,salida de vía,interurbana,23 707,6.0,1.0,0.0,39.0,sí,34.0,5.0,0,coruña,directo,104.0
01/05/2025,3381.336663297605,robo,urbana,29 746,7.0,1.0,2.0,53.0,no,52.0,22.0,0,barcelona,directo,146.0
07/07/2024,1312.3853088433918,  golpe en aparcamiento ,interurbana,42 459,4.0,1.0,2.0,39.0,no,48.0,32.0,0,barcelona,mediador,64.0
25/06/2025,991.9272257403986,golpe en aparcamiento,interurbana,6 665,13.0,1.0,1.0,78.0,no,36.0,31.0,0,coruña,directo,97.0
25/06/2025,2321.3772016676226,colisión frontal,urbana,7 912,17.0,3.0,0.0,20.0,no,64.0,23.0,150,zaragoza,mediador,103.0
09/07/2025,1523.5736362160521,alcance,urbana,19 723,14.0,5.0,0.0,30.0,no,35.0,1.0,0,sevilla,directo,52.0
28/02/2024,1118.546730971632,colision frontal,urbana,5 438,14.0,1.0,0.0,60.0,no,38.0,42.0,600,coruña,directo,99.0
06/03/2025,504.28591504669,golpe en aparcamiento,urbana,4 326,3.0,1.0,0.0,66.0,no,43.0,36.0,0,zaragoza,directo,107.0
31/01/2024,1918.1343326582662,golpe en aparcamiento,autopista,64 690,10.0,2.0,0.0,45.0,sí,41.0,40.0,150,coruña,banca seguros,92.0
06/07/2024,7836.337373882346,incendio,urbana,5 255,4.0,2.0,1.0,26.0,no,52.0,50.0,150,zaragoza,directo,143.0
17/09/2025,1324.9475304283349,  salida de vía ,urbana,10 478,15.0,1.0,0.0,86.0,sí,70.0,1.0,0,sevilla,mediador,64.0
07/07/2025,2423.1092004462907,alcance,interurbana,11 084,0.0,1.0,0.0,83.0,no,62.0,40.0,150,zaragoza,banca seguros,3.0
04/10/2024,674.7560043147926,alcance,interurbana,6 908,3.0,2.0,0.0,43.0,no,38.0,4.0,150,madrid,directo,29.0
03/11/2025,706.7447112501667,  golpe en aparcamiento ,interurbana,8 647,1.0,3.0,0.0,101.0,no,54.0,11.0,0,zaragoza,mediador,173.0
24/06/2025,816.9053440067626,salida de vía,urbana,9 191,20.0,1.0,0.0,59.0,sí,53.0,4.0,0,coruña,directo,54.0
28/04/2025,343.4154910356115,golpe en aparcamiento,urbana,16 348,17.0,4.0,0.0,51.0,no,50.0,42.0,150,madrid,directo,2.0
20/09/2024,2545.1486907531626,ALCANCE,urbana,36 507,12.0,4.0,2.0,71.0,no,34.0,40.0,300,coruña,directo,6.0
06/02/2025,1627.3977276058606,COLISIÓN FRONTAL,urbana,8 223,13.0,5.0,0.0,76.0,no,55.0,22.0,0,madrid,directo,34.0
25/06/2024,235.54706727616178,golpe en aparcamiento,urbana,9 451,17.0,3.0,2.0,50.0,no,46.0,35.0,0,valencia,directo,159.0
04/02/2025,970.1991555910362,salida de vía,urbana,10 297,22.0,3.0,0.0,60.0,no,31.0,37.0,150,sevilla,mediador,89.0
09/09/2024,4451.821676148366,alcance,interurbana,21 769,17.0,2.0,0.0,53.0,sí,45.0,16.0,0,zaragoza,directo,177.0
02/06/2025,2132.3580103834274,SALIDA DE VÍA,urbana,16 021,5.0,1.0,0.0,6.0,no,18.0,31.0,300,zaragoza,mediador,87.0
06/01/2025,4677.804393007318,colisión frontal,interurbana,9 818,13.0,2.0,0.0,36.0,no,53.0,28.0,0,valencia,directo,64.0
26/03/2024,439.4875615685331,golpe en aparcamiento,interurbana,8 669,7.0,1.0,0.0,97.0,no,57.0,3.0,0,madrid,mediador,105.0
29/07/2024,1890.7210094508882,SALIDA DE VÍA,urbana,13 261,10.0,1.0,0.0,73.0,no,52.0,8.0,0,coruña,directo,62.0
23/10/2024,5567.484455434475,salida de vía,interurbana,26 759,9.0,2.0,0.0,61.0,sí,47.0,34.0,600,madrid,directo,177.0
19/06/2024,4276.801493624251,alcance,autopista,25 424,8.0,2.0,0.0,88.0,sí,52.0,36.0,150,valencia,directo,170.0
15/11/2024,602.4589711447452,alcance,urbana,14 410,11.0,3.0,0.0,20.0,no,44.0,17.0,300,madrid,directo,128.0
12/09/2024,470.85363228143876,golpe en aparcamiento,urbana,21 345,15.0,1.0,1.0,56.0,sí,64.0,18.0,600,madrid,directo,77.0
08/03/2025,991.4730762798665,ALCANCE,interurbana,2 873,8.0,4.0,0.0,64.0,sí,23.0,42.0,150,barcelona,mediador,173.0
05/03/2024,1615.841430223007,golpe en aparcamiento,urbana,10 151,7.0,4.0,0.0,67.0,no,42.0,31.0,150,zaragoza,directo,97.0
02/05/2024,720.6306525737394,alcance,urbana,6 406,4.0,3.0,6.0,56.0,no,59.0,46.0,600,barcelona,directo,76.0
28/05/2025,685.1538253961272,alcance,urbana,11 200,13.0,2.0,0.0,70.0,sí,60.0,41.0,150,zaragoza,mediador,159.0
17/04/2025,22473.09915262625,incendio,urbana,7 500,9.0,2.0,0.0,55.0,no,42.0,43.0,300,madrid,directo,20.0
10/03/2025,1400.7784542260715,alcance,urbana,13 504,6.0,1.0,0.0,45.0,no,47.0,19.0,600,coruña,directo,5.0
08/03/2024,1266.8774872710349,ALCANCE,urbana,21 003,0.0,1.0,1.0,37.0,no,23.0,43.0,0,barcelona,mediador,46.0
10/04/2025,1535.1294273819635,salida de vía,interurbana,5 708,2.0,3.0,0.0,23.0,no,54.0,44.0,300,coruña,mediador,79.0
22/05/2024,1280.6979225391663,salida de vía,urbana,19 491,3.0,1.0,0.0,44.0,no,67.0,49.0,300,madrid,directo,53.0
30/12/2024,1696.7826384550222,colision frontal,urbana,9 906,5.0,2.0,1.0,87.0,no,35.0,6.0,300,coruña,banca seguros,168.0
05/03/2025,1183.4617594767817,salida de vía,interurbana,6 795,18.0,1.0,2.0,85.0,no,39.0,19.0,0,valencia,mediador,114.0
09/11/2024,371.4779134523937,golpe en aparcamiento,interurbana,6 814,5.0,1.0,1.0,75.0,sí,46.0,16.0,0,madrid,mediador,105.0
27/03/2025,14680.508530253717,incendio,interurbana,5 989,2.0,1.0,0.0,42.0,no,31.0,49.0,0,coruña,mediador,143.0
16/09/2025,2536.1886193176974,SALIDA DE VÍA,autopista,25 152,21.0,1.0,1.0,76.0,no,56.0,0.0,300,zaragoza,banca seguros,15.0
04/10/2024,918.8743794741963,alcance,urbana,11 073,13.0,1.0,0.0,80.0,no,74.0,9.0,300,barcelona,directo,142.0
22/08/2025,6774.330459474056,ALCANCE,interurbana,30 833,10.0,2.0,0.0,42.0,no,24.0,39.0,600,valencia,mediador,7.0
07/12/2025,2332.282992935463,robo,urbana,17 895,11.0,1.0,1.0,56.0,no,21.0,37.0,0,coruña,banca seguros,27.0
13/11/2024,7348.0528568491645,colisión frontal,interurbana,12 510,11.0,1.0,0.0,0.0,no,36.0,30.0,600,zaragoza,mediador,25.0
19/07/2025,4364.208857843329,  colisión frontal ,urbana,19 862,12.0,3.0,0.0,50.0,no,44.0,20.0,300,madrid,mediador,49.0
22/12/2025,2432.0509663053895,alcance,autopista,8 357,21.0,2.0,0.0,90.0,no,34.0,38.0,0,madrid,mediador,67.0
01/03/2024,1030.2346373207786,golpe en aparcamiento,urbana,7 142,3.0,2.0,2.0,42.0,sí,56.0,45.0,0,coruña,directo,118.0
06/05/2025,632.9883799663945,golpe en aparcamiento,interurbana,6 401,18.0,1.0,2.0,105.0,sí,54.0,7.0,0,zaragoza,mediador,77.0
06/07/2025,3263.1098826991984,colisión frontal,autopista,21 621,15.0,1.0,0.0,20.0,sí,49.0,7.0,150,zaragoza,directo,175.0
23/02/2024,1492.2229986811287,colisión frontal,urbana,6 837,22.0,1.0,0.0,45.0,N/D,45.0,14.0,150,coruña,mediador,22.0
22/03/2024,1777.1270860158916,colisión frontal,urbana,11 565,13.0,2.0,0.0,74.0,no,42.0,2.0,0,zaragoza,mediador,44.0
06/10/2025,486.4236219052481,alcance,urbana,5 110,4.0,1.0,0.0,30.0,no,42.0,5.0,300,barcelona,mediador,78.0
09/01/2024,429.901699471953,golpe en aparcamiento,urbana,12 076,20.0,3.0,1.0,36.0,no,21.0,24.0,0,barcelona,banca seguros,31.0
07/02/2025,1539.4874970771764,golpe en aparcamiento,autopista,9 970,17.0,1.0,0.0,71.0,no,37.0,28.0,150,barcelona,mediador,128.0
17/02/2024,380.00252193639204,golpe en aparcamiento,urbana,9 192,21.0,1.0,0.0,57.0,no,44.0,37.0,0,zaragoza,mediador,82.0
21/11/2025,444.3781538499333,golpe en aparcamiento,interurbana,16 996,14.0,1.0,0.0,69.0,sí,45.0,40.0,300,valencia,directo,9.0
18/03/2025,3092.321644171593,salida de vía,interurbana,10 224,7.0,5.0,0.0,46.0,no,64.0,7.0,150,coruña,mediador,143.0
30/05/2025,1417.1906025209178,ALCANCE,interurbana,14 676,2.0,1.0,0.0,52.0,no,62.0,13.0,0,coruña,mediador,147.0
20/02/2024,79.65698836265227,golpe en aparcamiento,urbana,2 375,14.0,1.0,0.0,33.0,no,49.0,29.0,600,valencia,directo,89.0
01/01/2025,2328.5109071786223,robo,autopista,13 682,18.0,1.0,0.0,19.0,sí,36.0,10.0,0,madrid,mediador,36.0
30/04/2024,2662.950146832929,salida de vía,urbana,11 699,11.0,3.0,0.0,66.0,no,37.0,3.0,150,zaragoza,mediador,28.0
06/07/2024,1374.326620514461,golpe en aparcamiento,urbana,12 243,19.0,3.0,0.0,38.0,no,50.0,30.0,150,sevilla,mediador,5.0
26/07/2024,599.2747441265192,golpe en aparcamiento,autopista,8 785,18.0,2.0,0.0,45.0,no,22.0,13.0,150,barcelona,mediador,18.0
03/07/2024,464.8950119259575,alcance,urbana,3 912,11.0,3.0,1.0,44.0,sí,57.0,29.0,150,zaragoza,mediador,80.0
15/06/2024,39677.251744845526,incendio,interurbana,11 272,4.0,1.0,1.0,19.0,no,31.0,28.0,0,zaragoza,directo,56.0
07/07/2024,2630.7193035919954,salida de vía,urbana,10 133,4.0,4.0,0.0,55.0,no,41.0,6.0,0,valencia,banca seguros,70.0
23/03/2025,666.1463893870819,golpe en aparcamiento,urbana,23 345,9.0,2.0,0.0,60.0,no,29.0,14.0,600,coruña,mediador,149.0
15/01/2025,1391.9668110299285,alcance,autopista,7 547,7.0,2.0,0.0,63.0,N/D,55.0,43.0,150,coruña,directo,102.0
08/01/2025,1490.6734052314487,COLISIÓN FRONTAL,autopista,10 008,9.0,1.0,0.0,53.0,no,38.0,34.0,300,barcelona,mediador,110.0
22/06/2024,5143.83921641721,salida de vía,interurbana,13 683,12.0,1.0,2.0,49.0,no,56.0,15.0,0,valencia,mediador,18.0
19/06/2024,3871.2757400792207,alcance,autopista,16 901,1.0,4.0,0.0,72.0,no,53.0,17.0,300,coruña,directo,165.0
27/12/2024,4897.876147007053,robo,interurbana,9 015,2.0,4.0,1.0,38.0,no,46.0,12.0,150,barcelona,mediador,92.0
23/01/2025,2349.294862106922,  salida de vía ,interurbana,17 304,15.0,1.0,0.0,68.0,no,61.0,5.0,150,sevilla,banca seguros,48.0
31/10/2025,324.6341510546778,golpe en aparcamiento,autopista,10 697,18.0,3.0,0.0,59.0,sí,45.0,20.0,150,zaragoza,mediador,65.0
13/04/2025,912.7455877964443,alcance,urbana,8 909,0.0,4.0,0.0,82.0,no,45.0,41.0,300,zaragoza,mediador,85.0
14/11/2024,476.86528563396604,SALIDA DE VÍA,urbana,10 703,11.0,1.0,0.0,17.0,no,36.0,21.0,0,sevilla,banca seguros,71.0
08/11/2024,5308.634703704356,incendio,interurbana,6 195,9.0,1.0,0.0,33.0,no,28.0,0.0,150,valencia,mediador,5.0
01/08/2025,15035.997776946218,colisión frontal,autopista,12 942,20.0,2.0,0.0,28.0,sí,35.0,36.0,0,sevilla,mediador,98.0
06/01/2024,3598.1448440093823,salida de vía,autopista,10 635,3.0,2.0,1.0,51.0,sí,48.0,18.0,0,barcelona,banca seguros,146.0
25/08/2025,3241.848057135503,robo,urbana,4 216,10.0,3.0,0.0,36.0,no,40.0,14.0,0,sevilla,directo,47.0
16/02/2024,19564.760996078123,incendio,interurbana,9 195,8.0,1.0,1.0,31.0,no,31.0,40.0,300,barcelona,mediador,135.0
17/01/2025,3158.317732220022,robo,autopista,11 343,2.0,4.0,0.0,73.0,no,32.0,13.0,300,valencia,mediador,178.0
11/12/2025,556.6927934159161,  golpe en aparcamiento ,autopista,14 618,22.0,4.0,0.0,44.0,no,56.0,36.0,0,madrid,directo,153.0
07/10/2025,1476.6506992248028,salida de vía,urbana,15 076,4.0,2.0,1.0,83.0,no,51.0,36.0,0,sevilla,banca seguros,148.0
19/06/2024,1796.2811864377843,SALIDA DE VÍA,urbana,14 864,2.0,2.0,0.0,105.0,no,64.0,33.0,0,barcelona,mediador,9.0
11/09/2025,372.7513947080061,golpe en aparcamiento,interurbana,15 033,18.0,1.0,0.0,21.0,no,39.0,18.0,0,zaragoza,directo,166.0
16/10/2024,1731.1735172348704,colisión frontal,urbana,13 911,16.0,2.0,0.0,34.0,no,19.0,34.0,300,zaragoza,mediador,28.0
03/04/2025,25248.518495189004,incendio,interurbana,44 108,15.0,2.0,0.0,12.0,sí,19.0,44.0,600,valencia,banca seguros,37.0
05/11/2024,765.7091519445386,alcance,interurbana,6 932,20.0,2.0,0.0,49.0,no,71.0,1.0,0,sevilla,mediador,121.0
23/05/2025,4865.223242240146,golpe en aparcamiento,urbana,35 357,0.0,3.0,0.0,36.0,no,18.0,26.0,0,coruña,mediador,75.0
30/01/2025,248.68203759410696,golpe en aparcamiento,interurbana,8 765,22.0,1.0,0.0,47.0,no,53.0,42.0,600,madrid,mediador,113.0
20/01/2025,468.22388072046755,  golpe en aparcamiento ,autopista,16 866,11.0,1.0,0.0,107.0,no,49.0,29.0,300,madrid,mediador,16.0
19/05/2024,4622.3840388137005,salida de vía,interurbana,10 644,5.0,1.0,0.0,31.0,no,29.0,48.0,150,sevilla,directo,167.0
07/12/2025,894.8499536253358,colisión frontal,urbana,13 419,16.0,1.0,0.0,58.0,N/D,49.0,11.0,150,barcelona,directo,178.0
15/12/2024,2192.2828663560467,alcance,interurbana,22 572,16.0,1.0,0.0,40.0,no,31.0,43.0,300,zaragoza,mediador,143.0
26/07/2024,603.1930251473569,golpe en aparcamiento,urbana,7 543,1.0,2.0,0.0,11.0,no,18.0,22.0,300,coruña,mediador,87.0
22/07/2025,937.2211759979439,robo,interurbana,4 675,4.0,3.0,0.0,54.0,sí,38.0,25.0,300,sevilla,directo,61.0
09/09/2025,1192.7293455148827,alcance,urbana,10 556,4.0,2.0,0.0,19.0,sí,25.0,48.0,150,valencia,banca seguros,50.0
04/02/2025,733.9443183919326,ALCANCE,urbana,8 200,6.0,2.0,0.0,68.0,sí,26.0,32.0,300,coruña,directo,60.0
16/05/2025,2385.8957159578695,alcance,urbana,8 372,1.0,2.0,0.0,95.0,sí,24.0,14.0,150,sevilla,banca seguros,112.0
03/11/2025,62778.027602747155,incendio,urbana,22 561,15.0,1.0,0.0,34.0,no,41.0,12.0,150,barcelona,mediador,174.0
18/10/2024,3743.925294447332,colisión frontal,urbana,3 631,19.0,4.0,0.0,24.0,sí,33.0,19.0,0,madrid,banca seguros,45.0
05/05/2024,7773.943580804476,salida de vía,urbana,13 452,0.0,1.0,0.0,22.0,N/D,56.0,41.0,300,zaragoza,directo,53.0
31/07/2024,3249.6408532269693,salida de vía,autopista,23 968,19.0,1.0,0.0,58.0,N/D,27.0,35.0,300,coruña,mediador,20.0
30/12/2024,992.7179698832416,salida de vía,interurbana,14 778,19.0,1.0,0.0,55.0,no,46.0,44.0,150,sevilla,directo,172.0
29/01/2025,1630.7146912386017,robo,urbana,8 871,12.0,4.0,0.0,41.0,no,27.0,27.0,0,barcelona,mediador,42.0
01/06/2024,4942.409631347331,  salida de vía ,autopista,11 360,20.0,1.0,0.0,58.0,sí,60.0,19.0,0,sevilla,banca seguros,10.0
07/05/2024,7575.329718080969,SALIDA DE VÍA,autopista,41 512,2.0,2.0,2.0,27.0,no,63.0,47.0,150,madrid,mediador,141.0
24/04/2025,253.12673483808345,ROBO,urbana,3 358,17.0,1.0,1.0,47.0,no,36.0,1.0,150,barcelona,mediador,22.0
01/05/2025,1540.244110502903,robo,autopista,6 518,17.0,2.0,0.0,78.0,no,49.0,30.0,0,sevilla,directo,135.0
26/02/2025,549.2280888546154,GOLPE EN APARCAMIENTO,interurbana,5 467,11.0,1.0,0.0,40.0,no,32.0,3.0,0,zaragoza,mediador,34.0
31/10/2024,543.675976871416,  golpe en aparcamiento ,urbana,14 184,14.0,2.0,1.0,92.0,no,63.0,33.0,600,coruña,mediador,22.0
27/11/2025,964.1736063091184,alcance,urbana,4 537,0.0,1.0,0.0,55.0,no,43.0,44.0,150,sevilla,directo,98.0
12/06/2024,1527.3125909554922,  robo ,autopista,9 078,21.0,1.0,1.0,51.0,no,59.0,18.0,150,coruña,banca seguros,153.0
22/09/2025,1483.4657717719665,golpe en aparcamiento,urbana,16 991,8.0,5.0,1.0,53.0,sí,42.0,25.0,150,barcelona,mediador,117.0
25/08/2024,2021.565519121793,colisión frontal,interurbana,13 400,21.0,3.0,0.0,43.0,no,52.0,22.0,300,madrid,mediador,158.0
31/03/2025,2405.1989281630013,  robo ,interurbana,9 811,17.0,1.0,1.0,93.0,no,29.0,10.0,150,sevilla,mediador,79.0
31/12/2024,432.17785959131004,golpe en aparcamiento,urbana,15 426,19.0,1.0,0.0,27.0,no,40.0,28.0,0,valencia,mediador,63.0
19/05/2024,904.6745176547956,alcance,urbana,10 708,13.0,1.0,0.0,34.0,no,54.0,25.0,150,barcelona,directo,38.0
24/01/2024,691.1918381581596,golpe en aparcamiento,urbana,13 751,20.0,1.0,0.0,97.0,no,18.0,16.0,0,madrid,mediador,135.0
04/09/2025,5834.304687645027,INCENDIO,interurbana,7 459,20.0,2.0,0.0,93.0,no,20.0,30.0,150,sevilla,mediador,124.0
06/12/2024,6845.839269724594,alcance,urbana,19 505,18.0,5.0,0.0,27.0,sí,38.0,43.0,150,barcelona,directo,37.0
02/10/2024,2017.3118023433624,robo,urbana,6 156,5.0,5.0,0.0,54.0,no,41.0,24.0,0,madrid,banca seguros,58.0
14/07/2025,3196.5621941542677,salida de vía,urbana,29 529,16.0,2.0,1.0,0.0,no,27.0,22.0,0,valencia,directo,121.0
06/05/2024,1516.886687758447,alcance,interurbana,15 148,12.0,1.0,0.0,62.0,no,42.0,50.0,0,coruña,directo,76.0
24/08/2025,328.5850708233629,golpe en aparcamiento,interurbana,11 825,7.0,3.0,0.0,13.0,no,52.0,17.0,300,madrid,mediador,160.0
08/09/2024,1506.8505065008453,COLISIÓN FRONTAL,urbana,13 297,22.0,1.0,0.0,28.0,no,58.0,49.0,0,sevilla,mediador,126.0
07/07/2024,2998.922617095106,  golpe en aparcamiento ,urbana,9 742,9.0,1.0,1.0,74.0,sí,69.0,31.0,0,madrid,mediador,76.0
23/02/2024,395.89862961004775,  golpe en aparcamiento ,urbana,3 831,4.0,1.0,1.0,54.0,no,32.0,27.0,150,coruña,mediador,1.0
12/07/2024,219.8207723646738,golpe en aparcamiento,urbana,5 760,6.0,2.0,0.0,90.0,sí,53.0,3.0,0,zaragoza,banca seguros,51.0
25/05/2024,1740.845812778465,alcance,urbana,9 290,4.0,2.0,0.0,40.0,no,32.0,19.0,600,sevilla,directo,144.0
14/08/2025,2462.925608145611,robo,autopista,5 105,11.0,2.0,0.0,76.0,no,48.0,29.0,150,barcelona,mediador,122.0
03/01/2025,950.9244062597566,golpe en aparcamiento,autopista,10 889,20.0,2.0,0.0,34.0,no,44.0,0.0,300,madrid,directo,125.0
16/05/2025,671.929151890766,golpe en aparcamiento,autopista,4 888,12.0,2.0,0.0,48.0,sí,18.0,37.0,0,sevilla,banca seguros,154.0
26/05/2024,2928.859647071212,salida de vía,urbana,18 558,1.0,2.0,0.0,90.0,no,61.0,31.0,600,coruña,banca seguros,43.0
09/01/2025,667.4138817414874,golpe en aparcamiento,urbana,6 849,7.0,2.0,0.0,9.0,N/D,29.0,42.0,0,sevilla,banca seguros,10.0
11/01/2024,3089.0287192742844,colisión frontal,interurbana,9 432,19.0,1.0,0.0,46.0,no,19.0,26.0,300,zaragoza,mediador,138.0
04/12/2025,1569.3430067982454,colisión frontal,interurbana,11 409,2.0,1.0,1.0,47.0,no,48.0,41.0,150,sevilla,mediador,55.0
20/01/2024,158.9896073408864,golpe en aparcamiento,urbana,7 876,15.0,2.0,0.0,86.0,no,47.0,36.0,0,coruña,directo,169.0
05/12/2025,12282.09795106646,  colisión frontal ,autopista,22 583,20.0,4.0,0.0,20.0,no,51.0,46.0,600,valencia,directo,92.0
29/11/2025,1160.7232968976696,alcance,urbana,17 492,6.0,1.0,0.0,46.0,no,43.0,37.0,300,barcelona,directo,9.0
23/05/2025,5015.437995254094,golpe en aparcamiento,autopista,13 896,3.0,4.0,0.0,41.0,N/D,49.0,26.0,300,barcelona,mediador,70.0
11/12/2025,1779.9594167838027,salida de vía,urbana,7 610,10.0,3.0,0.0,18.0,sí,30.0,38.0,150,madrid,mediador,122.0
04/01/2025,1576.9682659732532,golpe en aparcamiento,urbana,26 954,11.0,2.0,0.0,50.0,no,56.0,20.0,0,coruña,mediador,56.0
30/11/2024,1825.6353230775037,robo,urbana,12 785,20.0,4.0,1.0,8.0,sí,57.0,39.0,300,madrid,directo,177.0
29/06/2025,3825.530195436314,colisión frontal,interurbana,16 831,13.0,1.0,1.0,63.0,sí,67.0,25.0,0,valencia,directo,13.0
03/07/2024,783.2701315015308,alcance,interurbana,8 219,7.0,1.0,0.0,58.0,no,42.0,22.0,0,madrid,banca seguros,104.0
27/06/2025,1548.5592369239318,alcance,urbana,20 192,1.0,2.0,0.0,67.0,no,45.0,29.0,600,madrid,directo,75.0
24/09/2024,2168.026177186048,colisión frontal,urbana,4 845,8.0,3.0,0.0,22.0,sí,42.0,0.0,300,sevilla,mediador,48.0
09/06/2024,1503.886145600423,alcance,autopista,6 465,13.0,2.0,1.0,99.0,sí,46.0,37.0,300,zaragoza,mediador,66.0
01/05/2024,1959.1044500374717,  colisión frontal ,interurbana,7 630,2.0,2.0,0.0,58.0,no,38.0,36.0,0,sevilla,directo,166.0
16/03/2025,337.6237610448419,golpe en aparcamiento,urbana,19 745,10.0,2.0,1.0,35.0,no,35.0,18.0,0,coruña,mediador,37.0
30/10/2025,4334.39236990494,alcance,autopista,38 126,1.0,1.0,0.0,77.0,no,57.0,19.0,0,sevilla,mediador,85.0
13/03/2024,3452.4261969777995,colisión frontal,urbana,28 306,10.0,1.0,0.0,95.0,no,22.0,6.0,0,coruña,mediador,22.0
21/01/2024,946.8085044540725,alcance,interurbana,7 952,0.0,1.0,0.0,68.0,no,22.0,17.0,300,zaragoza,mediador,13.0
05/02/2024,345.8276263278966,ALCANCE,urbana,15 556,0.0,1.0,0.0,69.0,no,47.0,38.0,0,coruña,banca seguros,60.0
29/05/2025,4628.794448903778,robo,interurbana,18 122,7.0,2.0,0.0,76.0,no,77.0,30.0,0,barcelona,mediador,101.0
07/02/2024,6173.497557602882,  colisión frontal ,autopista,33 728,5.0,1.0,0.0,78.0,no,54.0,10.0,0,madrid,mediador,26.0
24/10/2024,279.87278515400203,  alcance ,urbana,9 548,16.0,2.0,0.0,64.0,no,68.0,6.0,150,sevilla,directo,124.0
18/06/2025,4588.9582508389685,COLISIÓN FRONTAL,urbana,19 920,6.0,1.0,0.0,80.0,no,31.0,22.0,0,madrid,mediador,138.0
17/08/2025,953.6482711169299,  robo ,urbana,8 619,4.0,2.0,0.0,51.0,no,26.0,10.0,150,zaragoza,banca seguros,126.0
19/10/2025,2196.5471501883794,  salida de vía ,autopista,4 684,12.0,2.0,2.0,10.0,sí,31.0,14.0,300,sevilla,directo,68.0
28/10/2024,3389.1455647059024,  robo ,urbana,42 369,7.0,3.0,0.0,53.0,sí,44.0,47.0,150,madrid,banca seguros,108.0
29/11/2025,1688.4214038866257,robo,interurbana,18 582,0.0,1.0,2.0,49.0,sí,59.0,47.0,300,sevilla,banca seguros,69.0
05/09/2025,386.58569878330894,GOLPE EN APARCAMIENTO,urbana,5 504,8.0,1.0,0.0,16.0,no,26.0,26.0,0,valencia,banca seguros,31.0
11/01/2024,16457.887170038404,incendio,interurbana,11 578,11.0,1.0,1.0,36.0,no,46.0,13.0,150,madrid,directo,161.0
14/11/2024,198.3071686223858,golpe en aparcamiento,urbana,8 393,4.0,3.0,0.0,94.0,no,31.0,27.0,150,valencia,directo,41.0
01/04/2024,2888.809484961227,salida de vía,urbana,15 873,14.0,1.0,0.0,64.0,no,42.0,42.0,0,zaragoza,directo,121.0
30/05/2024,10715.88599106407,incendio,urbana,9 001,13.0,4.0,1.0,81.0,sí,45.0,0.0,0,madrid,directo,19.0
18/05/2024,4909.853010463904,SALIDA DE VÍA,autopista,13 813,14.0,3.0,0.0,36.0,no,43.0,30.0,0,coruña,mediador,91.0
14/05/2025,1288.6945970270472,alcance,urbana,4 223,19.0,1.0,2.0,39.0,no,62.0,6.0,150,barcelona,mediador,83.0
09/09/2025,770.1756130608628,golpe en aparcamiento,urbana,10 950,20.0,3.0,0.0,61.0,sí,57.0,35.0,600,barcelona,banca seguros,142.0
25/06/2024,2595.590200913201,salida de vía,urbana,8 883,20.0,3.0,1.0,68.0,sí,49.0,26.0,600,coruña,directo,143.0
21/05/2024,1014.4801407309235,alcance,urbana,6 171,19.0,2.0,0.0,72.0,sí,74.0,3.0,150,madrid,mediador,95.0
19/06/2025,587.6172481024422,golpe en aparcamiento,interurbana,9 097,0.0,2.0,0.0,69.0,sí,54.0,42.0,0,coruña,directo,152.0
23/02/2025,316.87581076282027,golpe en aparcamiento,urbana,11 384,18.0,2.0,0.0,36.0,sí,36.0,42.0,600,barcelona,banca seguros,130.0
23/06/2024,1207.630053990516,  colisión frontal ,interurbana,3 707,22.0,3.0,0.0,82.0,sí,27.0,36.0,150,madrid,mediador,65.0
22/12/2024,1465.9891773881966,  alcance ,urbana,46 114,5.0,2.0,0.0,77.0,no,64.0,20.0,150,madrid,mediador,79.0
22/11/2024,3331.861072272997,salida de vía,urbana,23 851,4.0,1.0,0.0,14.0,no,49.0,42.0,600,madrid,mediador,75.0
08/04/2024,729.4816975752395,alcance,interurbana,3 973,11.0,1.0,0.0,60.0,no,52.0,10.0,0,valencia,mediador,128.0
04/02/2024,843.4875372399742,alcance,autopista,9 330,2.0,1.0,1.0,0.0,no,57.0,31.0,0,valencia,directo,145.0
01/02/2024,3004.74587146294,alcance,autopista,13 033,16.0,1.0,1.0,53.0,no,29.0,29.0,0,coruña,mediador,117.0
24/02/2025,400.0090057639745,golpe en aparcamiento,interurbana,4 372,16.0,1.0,0.0,65.0,no,40.0,14.0,0,coruña,directo,20.0
29/11/2025,594.7336990311561,GOLPE EN APARCAMIENTO,autopista,13 516,3.0,2.0,0.0,65.0,sí,68.0,29.0,600,valencia,mediador,36.0
19/03/2024,298.73231517602613,alcance,urbana,3 497,16.0,1.0,0.0,21.0,sí,70.0,14.0,0,valencia,directo,48.0
11/10/2025,7853.876038781507,colisión frontal,autopista,19 424,20.0,1.0,0.0,20.0,no,51.0,27.0,0,valencia,mediador,161.0
12/07/2024,1247.0443534109907,ROBO,urbana,9 513,13.0,2.0,0.0,54.0,no,59.0,48.0,0,zaragoza,mediador,104.0
05/12/2024,423.507138502079,golpe en aparcamiento,interurbana,11 384,12.0,1.0,0.0,41.0,no,61.0,15.0,300,sevilla,mediador,81.0
14/04/2025,3140.789418990165,colision frontal,interurbana,10 088,18.0,2.0,1.0,40.0,no,46.0,20.0,0,madrid,mediador,17.0
05/02/2024,623.1498402925755,golpe en aparcamiento,autopista,17 112,11.0,1.0,0.0,71.0,no,50.0,22.0,150,sevilla,mediador,31.0
07/12/2024,818.5292197012726,golpe en aparcamiento,autopista,10 779,3.0,1.0,0.0,55.0,sí,20.0,36.0,0,zaragoza,mediador,161.0
17/09/2024,1949.4884114421275,alcance,interurbana,18 537,0.0,1.0,0.0,20.0,no,35.0,22.0,0,madrid,directo,127.0
04/03/2025,942.2286755709155,golpe en aparcamiento,urbana,12 519,11.0,3.0,0.0,56.0,no,27.0,41.0,150,barcelona,directo,105.0
22/06/2024,2078.6595880870127,alcance,urbana,11 690,3.0,1.0,5.0,15.0,no,79.0,25.0,300,coruña,directo,96.0
28/02/2024,524.6804803158318,alcance,interurbana,19 349,7.0,2.0,0.0,56.0,no,31.0,2.0,300,valencia,directo,58.0
12/05/2024,1642.100810889324,alcance,interurbana,12 488,12.0,1.0,0.0,67.0,sí,49.0,36.0,150,valencia,banca seguros,126.0
25/11/2025,1245.9854467304199,alcance,interurbana,9 150,0.0,2.0,0.0,47.0,no,43.0,27.0,0,sevilla,mediador,2.0
08/06/2024,1358.4554087471415,golpe en aparcamiento,autopista,17 896,0.0,1.0,0.0,80.0,no,45.0,49.0,600,valencia,mediador,56.0
05/03/2025,1345.5838587505668,colisión frontal,urbana,6 886,8.0,1.0,0.0,17.0,no,38.0,39.0,0,barcelona,banca seguros,95.0
13/04/2024,1788.4063100768058,alcance,interurbana,17 833,12.0,1.0,0.0,64.0,sí,57.0,8.0,0,barcelona,directo,55.0
22/02/2025,22956.08511507915,incendio,interurbana,12 530,3.0,1.0,0.0,66.0,no,44.0,44.0,150,madrid,mediador,147.0
02/09/2025,590.0790294377435,alcance,urbana,12 318,21.0,2.0,1.0,32.0,sí,49.0,10.0,0,madrid,mediador,34.0
29/11/2025,4186.090198678628,colisión frontal,interurbana,15 124,15.0,3.0,0.0,64.0,no,39.0,6.0,0,coruña,banca seguros,164.0
08/03/2025,1061.3194642296191,robo,urbana,6 885,12.0,1.0,1.0,59.0,no,56.0,50.0,0,valencia,mediador,20.0
28/03/2024,1485.3058436074996,colisión frontal,urbana,16 285,9.0,2.0,0.0,50.0,no,66.0,16.0,300,madrid,directo,26.0
12/05/2025,498.57384316055595,alcance,urbana,7 481,1.0,4.0,0.0,41.0,no,55.0,44.0,600,valencia,banca seguros,78.0
07/09/2025,434.36565404378433,golpe en aparcamiento,urbana,9 446,21.0,4.0,0.0,33.0,no,46.0,35.0,0,sevilla,directo,92.0
23/03/2024,389.9093631632039,alcance,autopista,3 117,20.0,1.0,0.0,20.0,no,40.0,1.0,300,barcelona,directo,98.0
02/01/2025,455.33298017614896,alcance,urbana,5 979,18.0,1.0,0.0,44.0,no,43.0,8.0,0,zaragoza,mediador,29.0
30/09/2024,6825.019760316952,incendio,urbana,5 578,12.0,2.0,0.0,54.0,N/D,79.0,28.0,0,barcelona,mediador,135.0
16/06/2024,885.9487483043928,alcance,interurbana,14 509,4.0,5.0,0.0,66.0,no,23.0,45.0,300,valencia,directo,36.0
25/12/2025,1211.3835593918698,golpe en aparcamiento,autopista,12 287,20.0,4.0,1.0,67.0,no,45.0,50.0,600,valencia,banca seguros,45.0
20/03/2024,2879.9275103030577,alcance,urbana,15 065,9.0,5.0,0.0,11.0,no,47.0,10.0,150,zaragoza,directo,154.0
08/05/2025,1334.70451464477,golpe en aparcamiento,interurbana,13 046,1.0,3.0,1.0,44.0,no,32.0,13.0,0,zaragoza,mediador,69.0
09/09/2025,2244.9924241909944,ALCANCE,urbana,20 047,7.0,3.0,0.0,10.0,no,48.0,27.0,150,madrid,directo,50.0
10/04/2025,3842.124699067268,salida de via,interurbana,9 377,10.0,1.0,0.0,62.0,no,50.0,0.0,0,sevilla,banca seguros,111.0
26/05/2024,2149.762814261151,colisión frontal,urbana,13 206,4.0,1.0,1.0,56.0,no,50.0,6.0,150,coruña,mediador,130.0
01/08/2025,13587.496308708684,salida de via,autopista,70 741,8.0,1.0,0.0,57.0,no,45.0,22.0,0,coruña,banca seguros,110.0
29/03/2024,1973.9792427424386,colisión frontal,urbana,8 270,19.0,1.0,0.0,65.0,N/D,51.0,48.0,600,coruña,mediador,143.0
18/04/2024,1014.6755137147911,alcance,interurbana,5 143,13.0,2.0,1.0,54.0,sí,39.0,36.0,0,valencia,mediador,57.0
27/10/2024,442.13783421850076,golpe en aparcamiento,interurbana,7 606,17.0,4.0,0.0,21.0,no,54.0,24.0,0,barcelona,directo,82.0
19/10/2024,7294.511403493166,incendio,interurbana,8 011,0.0,1.0,0.0,32.0,sí,44.0,38.0,0,coruña,directo,115.0
12/04/2024,1226.473527270423,golpe en aparcamiento,urbana,21 770,19.0,3.0,0.0,46.0,sí,28.0,9.0,300,madrid,directo,109.0
25/06/2025,482.1981540257158,GOLPE EN APARCAMIENTO,urbana,6 138,22.0,2.0,0.0,22.0,no,51.0,33.0,300,coruña,mediador,62.0
08/05/2024,277.9116243868098,golpe en aparcamiento,urbana,10 527,9.0,1.0,0.0,66.0,no,57.0,25.0,300,coruña,mediador,173.0
17/03/2024,3558.8921369750474,salida de vía,interurbana,11 317,0.0,2.0,0.0,29.0,no,18.0,4.0,300,barcelona,directo,53.0
07/03/2025,7977.176687210899,incendio,urbana,11 784,13.0,2.0,0.0,61.0,no,38.0,48.0,0,madrid,directo,56.0
05/09/2025,1755.906197757287,robo,urbana,9 381,7.0,2.0,0.0,61.0,no,41.0,31.0,150,sevilla,directo,88.0
25/03/2024,2487.6134369149518,robo,urbana,8 440,16.0,2.0,0.0,50.0,sí,51.0,11.0,0,zaragoza,mediador,60.0
06/05/2025,1789.3346170251848,robo,urbana,14 759,1.0,1.0,0.0,70.0,sí,46.0,2.0,0,coruña,directo,89.0
18/01/2024,4360.816177713985,salida de vía,interurbana,11 953,21.0,1.0,2.0,93.0,N/D,55.0,25.0,600,zaragoza,mediador,4.0
26/05/2024,561.3486555700753,  golpe en aparcamiento ,urbana,5 190,17.0,4.0,0.0,84.0,no,57.0,23.0,0,barcelona,banca seguros,175.0
24/12/2024,1664.7404641784287,ALCANCE,urbana,11 853,8.0,2.0,0.0,15.0,sí,33.0,3.0,300,zaragoza,mediador,93.0
10/10/2025,3732.9880980453636,alcance,urbana,53 150,13.0,1.0,0.0,44.0,sí,40.0,2.0,0,madrid,mediador,94.0
05/01/2024,1497.4978349341927,alcance,urbana,9 555,22.0,5.0,0.0,39.0,no,49.0,3.0,150,sevilla,directo,165.0
22/04/2025,620.1190552645727,alcance,interurbana,11 590,17.0,2.0,0.0,19.0,N/D,50.0,20.0,600,zaragoza,mediador,48.0
01/09/2024,1413.992011581694,  salida de vía ,interurbana,5 274,15.0,1.0,0.0,19.0,sí,33.0,47.0,0,sevilla,mediador,10.0
26/08/2025,546.8603599873563,golpe en aparcamiento,urbana,10 821,3.0,1.0,0.0,12.0,sí,46.0,15.0,0,coruña,banca seguros,165.0
24/11/2024,1476.933976736723,robo,autopista,9 625,2.0,1.0,0.0,70.0,no,53.0,36.0,0,valencia,mediador,92.0
26/04/2025,1051.6326711366114,ROBO,urbana,16 541,3.0,2.0,0.0,85.0,no,18.0,18.0,150,coruña,mediador,128.0
28/05/2025,6995.501154941304,colisión frontal,autopista,6 870,15.0,1.0,0.0,66.0,N/D,59.0,7.0,300,coruña,banca seguros,14.0
04/06/2025,43964.41090084627,  incendio ,urbana,24 123,17.0,1.0,0.0,55.0,no,50.0,38.0,150,zaragoza,directo,14.0
12/03/2025,404.698998014447,golpe en aparcamiento,interurbana,9 716,4.0,3.0,0.0,64.0,no,47.0,21.0,0,sevilla,mediador,162.0
18/07/2025,4492.782967327081,colisión frontal,autopista,16 070,0.0,5.0,0.0,48.0,no,42.0,49.0,300,madrid,directo,70.0
15/01/2025,723.1146839352796,salida de vía,urbana,3 513,20.0,1.0,0.0,0.0,no,42.0,24.0,600,valencia,banca seguros,165.0
18/06/2025,1202.8162015584053,  golpe en aparcamiento ,urbana,5 991,2.0,4.0,0.0,33.0,no,23.0,20.0,0,madrid,banca seguros,47.0
06/05/2025,5469.316744906893,salida de vía,urbana,47 234,3.0,2.0,0.0,36.0,no,50.0,28.0,300,madrid,mediador,147.0
16/09/2024,1205.383834683044,robo,interurbana,2 928,16.0,2.0,0.0,78.0,no,41.0,10.0,0,barcelona,directo,109.0
21/03/2025,770.4535540035539,colisión frontal,interurbana,3 075,7.0,2.0,0.0,6.0,sí,48.0,5.0,300,zaragoza,banca seguros,22.0
04/06/2025,2156.2962152023606,colisión frontal,interurbana,18 326,14.0,1.0,0.0,45.0,no,33.0,15.0,0,sevilla,banca seguros,60.0
05/05/2024,2186.0168026095057,incendio,urbana,1 339,1.0,1.0,0.0,40.0,N/D,61.0,48.0,0,valencia,directo,64.0
04/04/2024,5860.736061582632,COLISIÓN FRONTAL,urbana,30 850,17.0,1.0,0.0,44.0,no,33.0,23.0,150,coruña,banca seguros,134.0
10/07/2025,1103.2772688583102,salida de vía,urbana,10 547,5.0,2.0,0.0,76.0,sí,58.0,1.0,0,madrid,directo,46.0
07/05/2024,280.6059316799559,alcance,urbana,2 110,15.0,2.0,0.0,59.0,sí,18.0,22.0,150,valencia,mediador,31.0
28/02/2024,369.8730240395925,GOLPE EN APARCAMIENTO,urbana,7 945,13.0,5.0,0.0,25.0,no,40.0,32.0,0,sevilla,directo,133.0
16/02/2024,703.2867816615643,colisión frontal,urbana,7 605,10.0,1.0,0.0,41.0,no,50.0,24.0,300,coruña,directo,138.0
17/04/2025,7290.548999184915,salida de vía,autopista,12 945,11.0,2.0,2.0,34.0,N/D,62.0,21.0,0,zaragoza,mediador,85.0
04/03/2025,701.6292253997233,GOLPE EN APARCAMIENTO,interurbana,7 756,15.0,1.0,0.0,47.0,no,49.0,0.0,300,madrid,mediador,108.0
22/01/2025,3317.7598365347485,colisión frontal,urbana,30 498,4.0,2.0,0.0,18.0,no,41.0,32.0,150,zaragoza,mediador,101.0
23/08/2025,19066.260706707355,INCENDIO,urbana,13 853,2.0,1.0,0.0,79.0,sí,18.0,32.0,300,valencia,directo,64.0
16/06/2024,563.8346430144072,golpe en aparcamiento,urbana,7 554,4.0,1.0,0.0,31.0,no,36.0,49.0,0,zaragoza,mediador,91.0
06/03/2025,5119.418591943746,salida de vía,urbana,11 980,4.0,3.0,0.0,46.0,no,35.0,11.0,0,madrid,mediador,165.0
18/03/2024,1372.8361102622446,golpe en aparcamiento,interurbana,10 172,1.0,1.0,0.0,83.0,sí,44.0,31.0,300,zaragoza,banca seguros,93.0
06/04/2025,2201.225776084331,salida de vía,urbana,10 822,15.0,1.0,0.0,37.0,no,25.0,8.0,150,sevilla,mediador,38.0
29/01/2025,853.8642332023159,salida de vía,urbana,4 186,18.0,3.0,1.0,65.0,sí,38.0,36.0,150,coruña,banca seguros,94.0
30/11/2024,1571.9722545743714,golpe en aparcamiento,urbana,46 634,8.0,1.0,0.0,56.0,sí,46.0,47.0,0,coruña,mediador,1.0
13/02/2024,2313.1270843974544,alcance,urbana,22 076,14.0,2.0,0.0,57.0,no,57.0,27.0,150,coruña,directo,133.0
22/05/2025,411.6016596722668,golpe en aparcamiento,urbana,7 928,19.0,1.0,1.0,102.0,no,25.0,3.0,0,zaragoza,banca seguros,62.0
04/04/2024,1222.5455530653433,golpe en aparcamiento,interurbana,11 522,21.0,2.0,0.0,61.0,sí,28.0,19.0,0,zaragoza,directo,50.0
27/08/2025,2159.6157385275164,salida de via,interurbana,10 392,5.0,2.0,0.0,80.0,N/D,43.0,27.0,300,zaragoza,mediador,129.0
06/02/2025,2198.961759638936,alcance,interurbana,13 430,7.0,1.0,1.0,32.0,no,50.0,50.0,0,madrid,directo,28.0
18/03/2024,1413.0457560016646,colisión frontal,urbana,8 885,16.0,1.0,0.0,60.0,no,53.0,7.0,150,coruña,mediador,63.0
30/10/2024,660.0597660553515,golpe en aparcamiento,interurbana,8 144,9.0,1.0,0.0,37.0,sí,56.0,48.0,600,sevilla,directo,180.0
05/08/2024,213.1552362837652,alcance,urbana,8 794,19.0,2.0,0.0,16.0,no,59.0,35.0,150,zaragoza,mediador,147.0
05/07/2025,13327.644518764811,colision frontal,autopista,18 837,21.0,4.0,0.0,54.0,sí,43.0,12.0,150,coruña,banca seguros,10.0
07/05/2025,6561.925363873172,incendio,urbana,11 413,0.0,1.0,1.0,51.0,no,27.0,3.0,0,sevilla,directo,13.0
03/01/2025,231.32380499748768,golpe en aparcamiento,urbana,19 354,15.0,2.0,0.0,51.0,no,20.0,18.0,0,coruña,mediador,60.0
19/08/2025,3912.7154342803224,alcance,autopista,10 988,22.0,1.0,0.0,121.0,no,42.0,5.0,300,valencia,directo,53.0
14/01/2025,2521.0887438080154,robo,interurbana,18 072,9.0,2.0,0.0,12.0,sí,47.0,14.0,300,barcelona,mediador,149.0
17/01/2024,1609.9569823311426,golpe en aparcamiento,interurbana,17 982,1.0,1.0,0.0,43.0,no,54.0,3.0,300,zaragoza,banca seguros,46.0
08/10/2025,1297.2966825810747,golpe en aparcamiento,autopista,15 403,1.0,1.0,0.0,58.0,no,40.0,37.0,150,barcelona,directo,110.0
05/08/2024,1970.6103157643204,alcance,autopista,7 494,6.0,3.0,0.0,66.0,sí,56.0,6.0,300,valencia,banca seguros,134.0
21/11/2025,1083.5093193174807,alcance,autopista,15 267,13.0,1.0,1.0,77.0,no,51.0,23.0,150,barcelona,mediador,178.0
14/08/2025,1437.453738187898,alcance,urbana,21 554,8.0,1.0,0.0,62.0,no,53.0,23.0,300,zaragoza,directo,105.0
20/07/2025,1318.4563117601353,  golpe en aparcamiento ,urbana,14 953,12.0,1.0,0.0,48.0,sí,58.0,42.0,300,zaragoza,mediador,146.0
20/06/2025,682.4093791046724,alcance,urbana,8 353,16.0,1.0,2.0,55.0,sí,27.0,19.0,300,coruña,directo,180.0
05/01/2024,3466.6117011143438,COLISIÓN FRONTAL,urbana,52 067,19.0,1.0,0.0,16.0,no,50.0,11.0,300,barcelona,banca seguros,140.0
27/09/2025,9509.195433533745,COLISIÓN FRONTAL,urbana,11 222,3.0,3.0,0.0,49.0,sí,50.0,18.0,0,madrid,banca seguros,47.0
24/05/2024,4644.972838319942,robo,interurbana,14 981,19.0,1.0,0.0,47.0,no,69.0,20.0,150,valencia,directo,180.0
11/06/2025,3177.638946851835,robo,urbana,11 761,7.0,2.0,0.0,32.0,sí,20.0,25.0,150,sevilla,directo,166.0
18/07/2024,302.7068484872746,  golpe en aparcamiento ,interurbana,3 826,2.0,1.0,0.0,33.0,sí,30.0,2.0,0,coruña,mediador,43.0
27/11/2025,4385.274233063661,robo,urbana,11 878,10.0,1.0,0.0,56.0,sí,51.0,29.0,0,madrid,mediador,178.0
05/09/2025,418.69791102408965,golpe en aparcamiento,autopista,8 131,10.0,1.0,4.0,52.0,no,57.0,18.0,0,barcelona,mediador,11.0
23/03/2025,407.7294258747669,golpe en aparcamiento,urbana,5 871,13.0,2.0,0.0,35.0,sí,42.0,28.0,0,coruña,directo,166.0
11/08/2024,734.957276089518,golpe en aparcamiento,autopista,13 750,6.0,1.0,0.0,49.0,no,65.0,33.0,0,sevilla,banca seguros,88.0
29/04/2024,2043.0859030374086,alcance,urbana,15 601,11.0,1.0,0.0,22.0,no,18.0,4.0,600,zaragoza,mediador,158.0
19/07/2024,845.92606129685,alcance,interurbana,17 159,7.0,1.0,0.0,79.0,no,49.0,45.0,150,coruña,mediador,88.0
01/05/2025,1116.382391318769,golpe en aparcamiento,interurbana,16 571,5.0,1.0,0.0,31.0,no,54.0,19.0,150,coruña,mediador,130.0
09/05/2024,1529.4284676981413,alcance,interurbana,7 241,1.0,1.0,1.0,21.0,sí,39.0,2.0,600,sevilla,mediador,53.0
07/11/2025,768.4605786986017,ALCANCE,urbana,10 933,19.0,1.0,0.0,35.0,no,54.0,13.0,600,coruña,directo,152.0
15/01/2024,1512.988570924195,colisión frontal,urbana,5 245,10.0,1.0,0.0,67.0,sí,28.0,14.0,0,coruña,directo,126.0
05/04/2025,717.2445726695643,alcance,interurbana,17 758,2.0,1.0,0.0,34.0,no,28.0,37.0,0,zaragoza,banca seguros,58.0
22/12/2024,234.37191527094336,alcance,urbana,5 733,1.0,4.0,0.0,38.0,no,36.0,7.0,0,sevilla,banca seguros,44.0
02/04/2025,450.33829532191277,golpe en aparcamiento,autopista,6 524,19.0,1.0,0.0,99.0,no,53.0,9.0,600,barcelona,mediador,18.0
14/09/2025,2036.148932378097,alcance,interurbana,11 559,18.0,3.0,0.0,43.0,no,38.0,14.0,150,barcelona,mediador,70.0
18/11/2024,245.40771047433876,golpe en aparcamiento,urbana,4 571,5.0,1.0,0.0,64.0,no,39.0,27.0,0,coruña,mediador,27.0
03/11/2024,193.15270120950316,golpe en aparcamiento,urbana,8 616,18.0,4.0,0.0,48.0,no,63.0,26.0,0,zaragoza,banca seguros,40.0
23/05/2024,1625.1831300538909,alcance,urbana,18 325,7.0,2.0,0.0,23.0,no,41.0,23.0,600,madrid,mediador,83.0
26/04/2025,364.15199981965503,golpe en aparcamiento,urbana,4 147,18.0,2.0,0.0,59.0,no,49.0,35.0,300,madrid,mediador,15.0
13/03/2024,393.14575403479284,golpe en aparcamiento,autopista,8 015,16.0,1.0,0.0,52.0,no,59.0,31.0,0,madrid,mediador,11.0
31/07/2025,9453.695064757148,incendio,urbana,7 019,10.0,1.0,0.0,80.0,no,50.0,50.0,300,madrid,directo,105.0
11/09/2024,498.86008154363503,golpe en aparcamiento,urbana,11 015,16.0,2.0,0.0,90.0,N/D,33.0,32.0,0,madrid,directo,52.0
06/01/2024,3168.505562119843,golpe en aparcamiento,autopista,23 058,0.0,1.0,4.0,87.0,sí,53.0,2.0,150,valencia,directo,96.0
10/09/2024,16678.902015350097,incendio,interurbana,20 142,11.0,1.0,0.0,50.0,no,29.0,33.0,0,sevilla,mediador,94.0
23/03/2024,4702.2330934837855,colisión frontal,autopista,13 792,7.0,2.0,0.0,68.0,sí,18.0,2.0,0,sevilla,banca seguros,111.0
09/07/2025,783.7952492572205,alcance,interurbana,3 087,21.0,1.0,1.0,78.0,no,46.0,42.0,0,zaragoza,mediador,85.0
20/02/2024,304.0182536089602,alcance,urbana,4 638,6.0,2.0,0.0,101.0,no,51.0,21.0,300,barcelona,banca seguros,83.0
22/02/2025,724.4049297296289,  robo ,autopista,4 307,22.0,1.0,1.0,32.0,no,47.0,1.0,150,sevilla,directo,19.0
22/10/2025,412.26306032549786,salida de vía,urbana,4 855,0.0,1.0,0.0,15.0,no,37.0,50.0,300,madrid,directo,94.0
12/09/2025,1468.8727205463365,alcance,urbana,12 147,7.0,2.0,0.0,76.0,sí,46.0,48.0,150,zaragoza,directo,46.0
10/07/2025,1522.016380400797,colisión frontal,urbana,5 147,11.0,1.0,0.0,86.0,no,51.0,18.0,150,zaragoza,banca seguros,118.0
17/07/2024,3826.9049639125474,  robo ,urbana,43 338,20.0,1.0,0.0,81.0,no,37.0,32.0,0,valencia,mediador,156.0
17/02/2024,1248.9689240750702,alcance,urbana,4 865,2.0,1.0,0.0,95.0,no,55.0,42.0,150,barcelona,mediador,9.0
07/12/2025,1711.6905740033799,salida de vía,urbana,11 874,12.0,2.0,0.0,115.0,no,46.0,7.0,0,valencia,directo,173.0
02/12/2025,438.2640793747863,golpe en aparcamiento,urbana,10 283,3.0,1.0,1.0,49.0,no,45.0,5.0,150,valencia,mediador,141.0
04/09/2025,1872.2471453638793,salida de vía,urbana,7 692,16.0,1.0,0.0,53.0,sí,33.0,6.0,0,madrid,directo,106.0
14/06/2024,2412.3939612952963,salida de vía,urbana,11 318,9.0,3.0,0.0,77.0,no,38.0,0.0,0,barcelona,mediador,133.0
01/06/2024,1138.545196037878,golpe en aparcamiento,autopista,10 374,18.0,5.0,0.0,85.0,no,46.0,8.0,300,sevilla,directo,133.0
27/01/2024,2177.278148509922,alcance,autopista,33 602,5.0,1.0,0.0,13.0,no,38.0,45.0,150,madrid,mediador,161.0
28/05/2025,596.4360435796032,alcance,urbana,19 064,11.0,2.0,0.0,32.0,sí,66.0,39.0,150,zaragoza,mediador,133.0
22/01/2025,1120.004506283925,COLISIÓN FRONTAL,urbana,2 843,12.0,1.0,0.0,37.0,sí,37.0,43.0,600,valencia,directo,177.0
01/03/2025,576.7479150588192,golpe en aparcamiento,urbana,12 780,13.0,1.0,0.0,71.0,no,41.0,4.0,0,coruña,mediador,104.0
23/05/2024,370.19455911579144,golpe en aparcamiento,urbana,14 826,14.0,2.0,0.0,56.0,no,20.0,34.0,150,madrid,mediador,61.0
14/10/2024,3560.4384714779976,  robo ,urbana,25 437,7.0,3.0,0.0,39.0,no,49.0,16.0,600,sevilla,banca seguros,139.0
08/09/2025,1715.3297647907996,COLISIÓN FRONTAL,urbana,10 008,12.0,1.0,0.0,77.0,no,30.0,23.0,0,madrid,directo,40.0
27/05/2025,992.3044809100595,ALCANCE,interurbana,5 995,12.0,1.0,0.0,40.0,no,48.0,40.0,0,zaragoza,mediador,82.0
30/04/2025,848.3497774992568,ALCANCE,interurbana,3 824,11.0,2.0,0.0,45.0,no,27.0,17.0,300,zaragoza,mediador,44.0
05/07/2024,1920.4019277427412,alcance,interurbana,18 256,12.0,1.0,0.0,0.0,sí,38.0,14.0,600,sevilla,mediador,19.0
27/11/2024,978.1877757261507,  colisión frontal ,autopista,6 614,15.0,1.0,4.0,36.0,no,44.0,7.0,150,coruña,mediador,59.0
01/01/2025,1569.1968189537079,golpe en aparcamiento,urbana,7 153,4.0,4.0,0.0,38.0,sí,37.0,31.0,600,zaragoza,directo,98.0
13/07/2025,1170.1545550175217,salida de vía,interurbana,7 846,2.0,1.0,0.0,86.0,no,41.0,47.0,0,coruña,mediador,34.0
22/09/2024,156.0473824908568,golpe en aparcamiento,urbana,9 424,8.0,2.0,0.0,0.0,no,37.0,25.0,0,madrid,mediador,20.0
15/06/2025,2392.089809939094,golpe en aparcamiento,autopista,50 503,1.0,1.0,0.0,35.0,no,18.0,17.0,300,sevilla,mediador,178.0
24/07/2024,1488.666056117813,golpe en aparcamiento,autopista,20 121,16.0,1.0,0.0,46.0,no,49.0,36.0,0,sevilla,mediador,115.0
18/04/2024,883.6373652613703,alcance,interurbana,6 097,14.0,2.0,0.0,44.0,no,26.0,6.0,150,sevilla,directo,15.0
08/01/2024,462.4839129672295,alcance,urbana,5 469,16.0,1.0,0.0,63.0,sí,31.0,28.0,300,zaragoza,directo,55.0
03/11/2025,350.1751410067004,  golpe en aparcamiento ,interurbana,6 505,12.0,3.0,1.0,54.0,sí,44.0,17.0,150,zaragoza,mediador,86.0
03/04/2024,466.4391842766462,alcance,urbana,4 705,16.0,3.0,0.0,19.0,sí,56.0,28.0,0,sevilla,banca seguros,68.0
12/01/2024,1154.2188939614762,salida de vía,urbana,7 404,1.0,1.0,0.0,43.0,no,50.0,18.0,300,sevilla,directo,88.0
04/01/2025,492.4826933342023,alcance,urbana,4 664,15.0,1.0,0.0,21.0,sí,46.0,27.0,150,barcelona,mediador,142.0
06/03/2025,668.7823741020194,alcance,interurbana,8 178,10.0,1.0,1.0,38.0,no,43.0,22.0,300,barcelona,banca seguros,146.0
17/02/2024,1096.2692511903765,salida de via,interurbana,10 851,2.0,3.0,1.0,29.0,no,50.0,26.0,0,madrid,mediador,166.0
22/11/2024,4858.060180100443,salida de via,interurbana,13 574,21.0,4.0,0.0,88.0,sí,39.0,39.0,0,madrid,banca seguros,75.0
25/11/2025,595.3482994067812,alcance,urbana,6 427,7.0,1.0,0.0,6.0,no,38.0,8.0,600,zaragoza,mediador,125.0
08/11/2024,2823.4254274950335,colisión frontal,autopista,13 416,17.0,1.0,0.0,61.0,no,18.0,32.0,0,valencia,mediador,63.0
23/07/2024,757.3075917367252,robo,urbana,8 904,7.0,2.0,0.0,55.0,no,44.0,28.0,0,coruña,directo,61.0
30/03/2024,10041.69253526989,COLISIÓN FRONTAL,urbana,9 084,6.0,1.0,0.0,62.0,no,32.0,29.0,600,madrid,mediador,109.0
07/01/2024,4135.582989896048,colisión frontal,autopista,15 325,20.0,1.0,0.0,29.0,no,53.0,44.0,150,coruña,banca seguros,84.0
22/10/2024,440.96049411947337,alcance,interurbana,8 396,17.0,1.0,0.0,69.0,no,64.0,38.0,300,zaragoza,mediador,150.0
10/04/2024,549.1558334069023,golpe en aparcamiento,urbana,9 077,9.0,1.0,0.0,50.0,no,52.0,44.0,600,coruña,mediador,161.0
12/05/2025,257.2725554018615,golpe en aparcamiento,urbana,17 135,16.0,2.0,0.0,59.0,no,48.0,29.0,0,barcelona,mediador,113.0
12/01/2025,1676.85404566879,alcance,urbana,18 759,20.0,1.0,1.0,37.0,no,45.0,34.0,0,valencia,mediador,1.0
10/11/2024,1703.3696111889017,colisión frontal,interurbana,10 307,2.0,1.0,0.0,77.0,no,52.0,2.0,300,zaragoza,directo,134.0
27/02/2025,1101.241222266954,ROBO,urbana,9 473,20.0,4.0,0.0,12.0,no,53.0,20.0,150,zaragoza,directo,69.0
09/03/2025,702.6477154543186,alcance,urbana,2 573,2.0,1.0,0.0,42.0,sí,61.0,37.0,600,coruña,directo,155.0
05/04/2025,480.35033001004825,salida de vía,urbana,4 097,4.0,2.0,1.0,82.0,no,57.0,46.0,0,barcelona,mediador,76.0
08/05/2024,2079.4254606040954,  robo ,urbana,6 529,16.0,5.0,0.0,32.0,sí,46.0,25.0,300,barcelona,mediador,137.0
26/08/2024,534.8948134673909,golpe en aparcamiento,urbana,6 523,14.0,3.0,0.0,77.0,no,56.0,41.0,150,madrid,directo,167.0
03/04/2024,2394.564962318503,SALIDA DE VÍA,interurbana,17 091,4.0,1.0,0.0,27.0,sí,55.0,15.0,0,zaragoza,directo,37.0
14/08/2024,2846.4984940370523,salida de vía,interurbana,7 151,8.0,2.0,0.0,100.0,sí,27.0,25.0,0,valencia,banca seguros,144.0
07/03/2025,12116.873609787051,incendio,urbana,12 751,17.0,1.0,0.0,35.0,no,25.0,11.0,0,coruña,directo,111.0
10/05/2024,399.66694598312125,alcance,interurbana,5 494,16.0,1.0,0.0,1.0,no,21.0,11.0,0,sevilla,banca seguros,127.0
22/09/2025,277.9698416883791,golpe en aparcamiento,urbana,6 745,17.0,2.0,0.0,37.0,N/D,27.0,43.0,0,sevilla,directo,134.0
23/04/2025,1203.4581361674227,alcance,interurbana,6 952,18.0,2.0,1.0,61.0,sí,35.0,46.0,0,valencia,directo,21.0
03/09/2024,849.5334431529308,GOLPE EN APARCAMIENTO,autopista,10 876,19.0,1.0,0.0,133.0,sí,42.0,11.0,150,zaragoza,mediador,139.0
05/03/2024,2352.1578889448956,salida de vía,interurbana,12 017,6.0,2.0,2.0,51.0,no,35.0,48.0,0,valencia,directo,42.0
15/03/2024,1701.0778727294369,  colisión frontal ,interurbana,3 426,1.0,1.0,0.0,59.0,no,36.0,2.0,150,coruña,mediador,8.0
22/09/2025,395.2471146655322,golpe en aparcamiento,urbana,7 474,16.0,1.0,0.0,45.0,sí,44.0,20.0,0,madrid,directo,5.0
02/12/2024,1229.6166632401587,alcance,autopista,5 744,18.0,3.0,0.0,50.0,no,83.0,14.0,600,sevilla,mediador,128.0
24/06/2024,5340.002504584377,alcance,interurbana,29 045,10.0,1.0,0.0,28.0,no,28.0,45.0,0,sevilla,directo,92.0
04/04/2025,936.3598628867458,alcance,autopista,7 908,22.0,2.0,0.0,56.0,no,30.0,37.0,0,coruña,mediador,31.0
11/01/2025,1085.6096396118926,  robo ,urbana,11 685,20.0,4.0,0.0,29.0,no,40.0,2.0,600,barcelona,mediador,36.0
04/11/2025,1151.1297346143099,alcance,interurbana,11 221,11.0,4.0,0.0,55.0,no,20.0,38.0,0,coruña,directo,145.0
25/01/2024,4202.584212446428,colisión frontal,interurbana,12 778,13.0,1.0,0.0,72.0,sí,68.0,2.0,0,valencia,mediador,123.0
23/07/2024,868.7580024919228,alcance,urbana,9 584,18.0,1.0,0.0,44.0,no,57.0,14.0,150,sevilla,mediador,76.0
07/07/2025,527.3495508581564,golpe en aparcamiento,autopista,9 935,18.0,1.0,0.0,43.0,no,30.0,36.0,0,madrid,directo,177.0
19/10/2025,2153.164902195848,  robo ,autopista,8 039,21.0,1.0,0.0,56.0,sí,36.0,32.0,0,barcelona,mediador,40.0
20/09/2024,2933.3984729367967,colisión frontal,urbana,6 934,2.0,4.0,0.0,82.0,no,27.0,45.0,600,coruña,mediador,145.0
06/03/2024,342.5854665953001,golpe en aparcamiento,interurbana,7 218,6.0,4.0,0.0,27.0,no,23.0,29.0,0,barcelona,directo,108.0
28/12/2024,4097.243099171963,colisión frontal,interurbana,12 713,22.0,1.0,0.0,22.0,no,38.0,30.0,600,sevilla,mediador,164.0
09/09/2024,512.5517798911962,alcance,urbana,2 982,19.0,1.0,0.0,35.0,sí,45.0,23.0,150,madrid,directo,118.0
21/05/2024,1704.0969829288927,robo,interurbana,22 039,22.0,1.0,0.0,24.0,no,43.0,21.0,0,madrid,mediador,32.0
08/04/2025,1448.6407783991174,colisión frontal,interurbana,21 861,20.0,1.0,0.0,37.0,N/D,56.0,33.0,150,barcelona,banca seguros,87.0
21/10/2025,1143.4658240086123,alcance,interurbana,20 503,1.0,1.0,1.0,54.0,no,50.0,19.0,0,sevilla,banca seguros,96.0
25/08/2024,3691.181195775947,colisión frontal,urbana,12 025,6.0,2.0,0.0,78.0,sí,70.0,4.0,0,sevilla,directo,115.0
22/01/2025,555.1953497326831,  golpe en aparcamiento ,autopista,7 294,9.0,2.0,0.0,27.0,sí,28.0,42.0,300,barcelona,directo,104.0
17/05/2024,1902.8662843101288,salida de via,urbana,9 935,13.0,1.0,0.0,56.0,no,44.0,34.0,300,valencia,banca seguros,15.0
20/01/2025,445.2213311424381,  golpe en aparcamiento ,autopista,14 738,2.0,2.0,0.0,49.0,sí,74.0,44.0,0,valencia,mediador,44.0
01/02/2024,291.4644053560754,alcance,urbana,8 817,8.0,2.0,0.0,44.0,no,52.0,2.0,0,coruña,mediador,26.0
30/08/2024,918.6849544402825,robo,urbana,8 017,13.0,2.0,0.0,75.0,no,50.0,45.0,0,coruña,directo,152.0
24/03/2024,1237.761329831629,golpe en aparcamiento,urbana,11 078,8.0,1.0,0.0,0.0,N/D,45.0,7.0,150,barcelona,mediador,51.0
24/12/2025,1876.8011742514238,robo,interurbana,12 307,0.0,1.0,0.0,53.0,no,19.0,31.0,150,madrid,mediador,55.0
03/07/2024,508.2228673842918,golpe en aparcamiento,urbana,7 670,22.0,1.0,2.0,30.0,no,35.0,24.0,150,madrid,mediador,166.0
25/11/2024,796.8071563929735,alcance,autopista,11 524,18.0,1.0,0.0,45.0,N/D,22.0,50.0,600,barcelona,mediador,52.0
27/10/2025,1078.700083942018,golpe en aparcamiento,urbana,34 375,12.0,5.0,0.0,36.0,sí,35.0,0.0,150,coruña,banca seguros,118.0
07/01/2025,1270.1543962960068,salida de vía,interurbana,9 666,18.0,4.0,0.0,17.0,no,37.0,26.0,0,sevilla,mediador,128.0
05/10/2025,1654.6880837423903,golpe en aparcamiento,urbana,6 749,3.0,1.0,0.0,36.0,sí,38.0,10.0,0,valencia,mediador,120.0
15/06/2025,1601.9376769981175,robo,interurbana,8 532,20.0,1.0,0.0,71.0,no,63.0,36.0,600,barcelona,banca seguros,139.0
20/11/2024,820.2775531690949,golpe en aparcamiento,interurbana,21 058,20.0,2.0,0.0,80.0,no,51.0,46.0,600,zaragoza,directo,109.0
21/08/2025,326.8777590448147,golpe en aparcamiento,urbana,30 424,10.0,1.0,0.0,43.0,no,29.0,6.0,600,zaragoza,banca seguros,77.0
06/07/2025,3912.924622961476,colisión frontal,autopista,36 116,8.0,1.0,0.0,54.0,no,21.0,27.0,150,zaragoza,mediador,27.0
13/09/2024,7434.100634468003,salida de vía,interurbana,12 257,20.0,3.0,0.0,61.0,no,30.0,1.0,0,barcelona,banca seguros,27.0
22/01/2024,788.6719462198506,alcance,autopista,12 832,22.0,1.0,0.0,84.0,no,31.0,11.0,0,coruña,directo,81.0
26/10/2024,2070.9123487980605,COLISIÓN FRONTAL,interurbana,17 711,21.0,3.0,0.0,80.0,sí,48.0,34.0,0,madrid,banca seguros,46.0
18/07/2024,3661.7652307791714,golpe en aparcamiento,interurbana,15 334,19.0,5.0,2.0,71.0,no,19.0,40.0,150,barcelona,directo,22.0
28/07/2025,9037.818367444708,COLISIÓN FRONTAL,autopista,16 396,2.0,5.0,0.0,64.0,sí,46.0,31.0,0,sevilla,banca seguros,176.0
09/04/2024,377.9393863393608,alcance,urbana,4 205,11.0,2.0,0.0,50.0,no,44.0,2.0,600,valencia,mediador,169.0
25/12/2025,3520.5178009454767,salida de vía,urbana,7 061,1.0,1.0,3.0,53.0,no,79.0,19.0,150,zaragoza,mediador,87.0
09/12/2025,1682.4784094102338,SALIDA DE VÍA,interurbana,11 329,11.0,2.0,0.0,35.0,sí,31.0,30.0,0,sevilla,mediador,129.0
12/12/2024,1695.3420275480742,salida de vía,urbana,12 978,11.0,2.0,0.0,66.0,N/D,67.0,12.0,150,madrid,directo,51.0
24/03/2024,1882.498131901673,alcance,autopista,17 233,13.0,2.0,0.0,25.0,no,40.0,15.0,0,zaragoza,directo,50.0
23/11/2025,886.8500824504976,robo,interurbana,18 874,13.0,1.0,0.0,18.0,sí,52.0,29.0,300,zaragoza,banca seguros,69.0
06/01/2025,173.94390375816036,golpe en aparcamiento,urbana,11 377,16.0,1.0,0.0,68.0,N/D,44.0,8.0,0,madrid,mediador,136.0
20/11/2024,1075.483686435524,alcance,urbana,10 050,20.0,2.0,0.0,69.0,sí,20.0,18.0,0,valencia,mediador,62.0
17/05/2025,2984.635787923216,COLISIÓN FRONTAL,urbana,13 069,9.0,2.0,0.0,72.0,no,48.0,43.0,0,zaragoza,directo,78.0
21/11/2025,15281.698391457774,incendio,urbana,9 700,12.0,1.0,0.0,77.0,no,43.0,27.0,600,sevilla,directo,72.0
18/12/2025,595.054953165999,alcance,autopista,5 356,18.0,3.0,0.0,65.0,no,55.0,24.0,0,zaragoza,mediador,34.0
07/08/2025,1002.0392751055479,salida de vía,urbana,14 725,22.0,2.0,3.0,4.0,no,66.0,39.0,300,barcelona,mediador,179.0
07/05/2025,1944.8029570467736,ALCANCE,interurbana,9 059,7.0,1.0,0.0,87.0,sí,33.0,20.0,150,sevilla,mediador,151.0
17/09/2025,7346.554596458928,incendio,interurbana,5 206,17.0,1.0,0.0,55.0,no,50.0,12.0,0,zaragoza,banca seguros,103.0
20/12/2025,838.8925386188521,golpe en aparcamiento,urbana,7 815,10.0,5.0,0.0,39.0,no,37.0,3.0,300,sevilla,banca seguros,62.0
10/05/2024,4032.959814430702,robo,interurbana,39 482,12.0,2.0,0.0,80.0,no,52.0,30.0,0,barcelona,directo,43.0
27/12/2025,2006.3594768575822,alcance,urbana,16 449,13.0,3.0,0.0,25.0,N/D,31.0,44.0,0,barcelona,mediador,156.0
14/07/2024,732.5529164433877,golpe en aparcamiento,interurbana,5 762,1.0,1.0,0.0,18.0,sí,18.0,4.0,0,zaragoza,mediador,106.0
09/06/2024,258.3185140173841,golpe en aparcamiento,urbana,10 637,7.0,1.0,2.0,58.0,no,42.0,34.0,150,coruña,mediador,175.0
09/04/2024,672.5256358515757,golpe en aparcamiento,urbana,16 567,17.0,1.0,0.0,29.0,no,44.0,21.0,300,sevilla,directo,118.0
07/06/2024,6485.7756774463405,ROBO,autopista,27 748,0.0,1.0,0.0,30.0,N/D,18.0,31.0,0,barcelona,mediador,154.0
14/08/2025,986.829450852802,alcance,interurbana,17 570,7.0,1.0,0.0,51.0,sí,46.0,9.0,300,valencia,directo,11.0
18/08/2024,1877.3218907517805,alcance,autopista,9 880,1.0,3.0,0.0,30.0,sí,66.0,42.0,0,zaragoza,mediador,48.0
23/06/2024,10804.805890789357,colisión frontal,interurbana,28 242,18.0,3.0,0.0,10.0,no,37.0,38.0,150,valencia,banca seguros,107.0
23/07/2025,818.1047920859652,  golpe en aparcamiento ,urbana,8 629,6.0,5.0,3.0,82.0,sí,45.0,5.0,150,madrid,banca seguros,19.0
25/09/2024,2482.931091538213,salida de vía,urbana,8 520,13.0,3.0,0.0,78.0,no,37.0,16.0,0,barcelona,directo,102.0
23/08/2024,2921.921857859083,ALCANCE,urbana,9 295,8.0,1.0,1.0,21.0,no,46.0,1.0,600,madrid,mediador,125.0
23/09/2025,372.13002818080264,golpe en aparcamiento,urbana,8 396,10.0,1.0,0.0,88.0,no,41.0,45.0,300,zaragoza,banca seguros,80.0
28/11/2024,15983.675371727057,colisión frontal,autopista,18 477,7.0,1.0,3.0,48.0,no,41.0,49.0,0,barcelona,directo,174.0
29/11/2024,6746.218539914661,colisión frontal,autopista,15 765,3.0,2.0,0.0,61.0,no,42.0,43.0,300,coruña,mediador,38.0
21/10/2024,297.30661682188855,  golpe en aparcamiento ,urbana,2 901,7.0,1.0,0.0,59.0,no,34.0,20.0,150,zaragoza,directo,141.0
24/03/2025,513.7126363240674,  alcance ,interurbana,7 365,9.0,3.0,0.0,25.0,N/D,55.0,10.0,300,sevilla,banca seguros,172.0
11/12/2024,1408.3031811836722,alcance,urbana,8 832,5.0,3.0,2.0,60.0,no,23.0,24.0,0,barcelona,directo,56.0
16/09/2024,427.4999492861308,golpe en aparcamiento,urbana,9 105,7.0,1.0,0.0,50.0,sí,20.0,31.0,0,barcelona,mediador,162.0
25/12/2024,1605.4857718732414,golpe en aparcamiento,autopista,15 887,20.0,1.0,0.0,67.0,no,39.0,35.0,150,barcelona,mediador,112.0
03/10/2025,1031.1734669190153,salida de vía,urbana,19 030,10.0,2.0,0.0,51.0,sí,50.0,32.0,0,barcelona,mediador,89.0
16/09/2025,4965.8770572436215,colisión frontal,interurbana,5 773,8.0,5.0,0.0,91.0,no,34.0,27.0,300,zaragoza,directo,23.0
02/08/2024,2618.8027883003947,GOLPE EN APARCAMIENTO,urbana,30 784,1.0,1.0,0.0,67.0,no,36.0,20.0,0,sevilla,mediador,49.0
28/02/2025,793.1913555046237,alcance,interurbana,6 039,4.0,2.0,0.0,80.0,sí,28.0,50.0,0,valencia,directo,1.0
26/09/2024,349.45123967338526,  alcance ,interurbana,12 388,19.0,2.0,0.0,39.0,no,23.0,8.0,0,sevilla,directo,23.0
03/12/2025,26003.14343253595,colisión frontal,autopista,27 063,1.0,3.0,0.0,17.0,no,46.0,44.0,300,barcelona,mediador,86.0
23/05/2025,2124.6789280250387,colision frontal,urbana,3 148,11.0,2.0,0.0,48.0,no,51.0,50.0,150,barcelona,mediador,20.0
17/01/2025,1949.5081995455516,colisión frontal,urbana,3 616,14.0,1.0,0.0,24.0,sí,29.0,20.0,300,sevilla,mediador,10.0
08/03/2025,423.04999871250146,golpe en aparcamiento,urbana,9 555,21.0,2.0,0.0,74.0,no,50.0,43.0,150,sevilla,mediador,167.0
16/04/2025,554.4449089522457,golpe en aparcamiento,interurbana,6 017,21.0,2.0,0.0,35.0,sí,36.0,35.0,0,zaragoza,mediador,22.0
03/11/2025,303.05207749307783,golpe en aparcamiento,urbana,5 900,17.0,1.0,0.0,29.0,no,21.0,5.0,0,zaragoza,directo,134.0
05/06/2025,3087.4985548973314,COLISIÓN FRONTAL,urbana,14 906,15.0,2.0,0.0,61.0,sí,25.0,48.0,0,valencia,mediador,40.0
07/02/2024,18727.873472675656,INCENDIO,interurbana,15 989,19.0,3.0,0.0,37.0,no,39.0,15.0,150,sevilla,mediador,7.0
30/09/2024,224.33877260854035,golpe en aparcamiento,urbana,6 600,10.0,1.0,0.0,27.0,sí,34.0,45.0,150,barcelona,mediador,37.0
21/11/2024,1031.4199770491925,alcance,interurbana,7 323,0.0,3.0,1.0,78.0,no,47.0,49.0,150,valencia,directo,22.0
25/03/2024,1595.3802724616057,golpe en aparcamiento,interurbana,25 819,3.0,5.0,0.0,47.0,sí,31.0,14.0,300,coruña,banca seguros,168.0
18/06/2024,224.24942230885569,golpe en aparcamiento,autopista,2 333,13.0,2.0,0.0,82.0,sí,44.0,9.0,0,coruña,mediador,47.0
27/11/2024,1670.8733105076942,COLISIÓN FRONTAL,urbana,4 009,15.0,1.0,0.0,38.0,sí,37.0,32.0,600,barcelona,mediador,19.0
15/09/2024,11271.904019870615,  incendio ,urbana,15 043,0.0,1.0,1.0,46.0,no,40.0,8.0,0,coruña,mediador,11.0
21/08/2025,894.3000949023691,GOLPE EN APARCAMIENTO,urbana,6 548,0.0,1.0,0.0,75.0,no,32.0,21.0,150,valencia,mediador,60.0
14/08/2024,2013.942347051287,colisión frontal,urbana,13 590,7.0,2.0,0.0,55.0,no,19.0,12.0,0,coruña,banca seguros,73.0
04/01/2025,4093.00259572764,ALCANCE,interurbana,14 067,9.0,5.0,0.0,24.0,sí,35.0,25.0,0,barcelona,banca seguros,123.0
11/12/2024,1221.758049425343,alcance,urbana,21 738,0.0,1.0,1.0,18.0,no,22.0,11.0,0,sevilla,mediador,27.0
09/03/2025,867.4150299643342,alcance,urbana,12 430,10.0,2.0,0.0,45.0,no,27.0,19.0,0,valencia,directo,149.0
03/05/2025,2180.300898546917,robo,interurbana,8 955,8.0,3.0,0.0,51.0,sí,29.0,42.0,300,barcelona,mediador,123.0
18/02/2025,534.4172345081012,alcance,urbana,13 095,21.0,1.0,0.0,31.0,no,58.0,32.0,0,coruña,banca seguros,169.0
03/06/2025,2386.2808312544475,ALCANCE,interurbana,14 030,19.0,1.0,0.0,43.0,no,59.0,20.0,600,barcelona,directo,131.0
10/05/2024,3112.9091021229106,salida de vía,urbana,39 482,22.0,1.0,0.0,45.0,no,23.0,33.0,0,zaragoza,mediador,65.0
28/08/2024,850.6774079104398,salida de vía,urbana,7 621,20.0,1.0,0.0,67.0,no,52.0,26.0,0,zaragoza,mediador,66.0
23/09/2025,334.8807050013321,golpe en aparcamiento,interurbana,2 445,13.0,5.0,0.0,53.0,sí,44.0,6.0,0,barcelona,mediador,46.0
23/11/2024,1279.6955432458174,alcance,urbana,21 540,15.0,2.0,1.0,53.0,sí,46.0,7.0,0,madrid,directo,91.0
01/03/2024,540.6664907051961,  golpe en aparcamiento ,urbana,12 685,20.0,1.0,0.0,0.0,no,28.0,10.0,150,sevilla,mediador,128.0
03/02/2025,582.5259555191928,alcance,urbana,10 864,22.0,1.0,0.0,0.0,sí,41.0,22.0,150,sevilla,directo,125.0
09/01/2024,1400.82498357643,robo,urbana,13 000,0.0,1.0,0.0,49.0,N/D,38.0,11.0,150,coruña,banca seguros,141.0
22/11/2025,8657.744123710914,incendio,urbana,15 964,19.0,1.0,0.0,75.0,no,42.0,9.0,150,madrid,directo,136.0
03/04/2024,577.9842738861805,alcance,autopista,6 074,13.0,3.0,0.0,90.0,no,39.0,32.0,600,sevilla,directo,21.0
28/01/2024,1890.2655548332416,robo,urbana,14 997,9.0,2.0,0.0,7.0,sí,39.0,8.0,600,barcelona,mediador,169.0
30/08/2025,1783.5218341986547,SALIDA DE VÍA,urbana,6 928,14.0,2.0,0.0,88.0,sí,33.0,21.0,150,zaragoza,mediador,64.0
21/05/2025,1213.2319099584147,alcance,autopista,22 176,17.0,1.0,0.0,37.0,no,43.0,7.0,300,zaragoza,mediador,91.0
17/03/2025,5247.473402392938,  robo ,autopista,21 205,4.0,3.0,2.0,97.0,no,41.0,22.0,600,coruña,mediador,16.0
02/07/2025,300.58640633603954,golpe en aparcamiento,urbana,9 182,17.0,4.0,1.0,28.0,sí,33.0,11.0,300,sevilla,directo,46.0
18/01/2025,355.7429458222925,  golpe en aparcamiento ,urbana,9 847,13.0,2.0,0.0,58.0,sí,44.0,34.0,600,zaragoza,directo,10.0
25/08/2024,4102.979821986393,colisión frontal,interurbana,28 637,20.0,1.0,0.0,37.0,sí,58.0,7.0,150,valencia,directo,80.0
05/07/2024,719.514804162134,golpe en aparcamiento,autopista,9 774,8.0,1.0,0.0,43.0,no,47.0,35.0,0,valencia,directo,34.0
10/04/2025,547.3238003108609,ALCANCE,urbana,13 803,18.0,1.0,0.0,39.0,no,18.0,6.0,600,madrid,banca seguros,50.0
13/05/2025,447.1990963892768,golpe en aparcamiento,interurbana,12 311,13.0,4.0,0.0,56.0,no,39.0,29.0,0,valencia,directo,86.0
12/12/2024,398.7973828356253,alcance,urbana,11 509,22.0,1.0,0.0,9.0,no,57.0,2.0,0,sevilla,mediador,97.0
25/05/2025,1846.1925284235608,  alcance ,interurbana,15 179,3.0,2.0,0.0,54.0,no,55.0,10.0,0,zaragoza,directo,2.0
10/08/2025,1507.0008660996452,  alcance ,autopista,15 437,7.0,1.0,0.0,50.0,no,50.0,25.0,300,madrid,directo,26.0
12/10/2025,1765.1847492776865,salida de vía,urbana,44 553,3.0,1.0,0.0,15.0,no,50.0,26.0,300,coruña,directo,81.0
20/10/2025,1264.6094995853007,GOLPE EN APARCAMIENTO,urbana,13 469,16.0,5.0,0.0,60.0,sí,66.0,25.0,300,coruña,directo,59.0
23/07/2025,2150.2980622496425,salida de vía,urbana,10 334,14.0,4.0,0.0,60.0,no,56.0,14.0,150,zaragoza,mediador,147.0
29/06/2025,1443.5957460151096,colisión frontal,autopista,7 674,14.0,2.0,0.0,83.0,no,28.0,49.0,600,coruña,mediador,174.0
12/12/2025,635.4420966955614,alcance,urbana,27 946,4.0,1.0,0.0,76.0,no,28.0,6.0,600,barcelona,directo,59.0
07/07/2024,3577.8760502121154,salida de vía,interurbana,13 072,1.0,5.0,0.0,77.0,no,39.0,12.0,0,zaragoza,directo,32.0
17/10/2025,206.2943236308617,golpe en aparcamiento,urbana,7 027,18.0,3.0,1.0,75.0,sí,28.0,10.0,0,sevilla,directo,122.0
23/01/2024,1728.8103359770253,golpe en aparcamiento,interurbana,12 235,6.0,4.0,0.0,44.0,N/D,54.0,30.0,600,zaragoza,mediador,23.0
01/01/2024,2995.2343958220595,salida de vía,urbana,23 962,13.0,2.0,1.0,112.0,sí,37.0,28.0,0,sevilla,banca seguros,28.0
05/11/2024,1545.4635935590254,salida de vía,interurbana,3 889,16.0,3.0,0.0,37.0,no,46.0,41.0,0,sevilla,mediador,19.0
18/05/2025,1385.1377042001463,salida de vía,urbana,9 827,7.0,1.0,0.0,57.0,sí,38.0,35.0,150,barcelona,mediador,122.0
15/06/2025,473.81510820555906,golpe en aparcamiento,interurbana,7 200,16.0,1.0,0.0,15.0,no,43.0,30.0,0,zaragoza,banca seguros,138.0
23/11/2025,4079.134745318763,colisión frontal,urbana,19 345,8.0,1.0,1.0,72.0,no,40.0,19.0,0,madrid,directo,69.0
04/11/2025,1463.6986589642802,salida de vía,interurbana,9 961,4.0,1.0,0.0,35.0,no,30.0,9.0,0,sevilla,directo,43.0
12/10/2024,2440.4140264201596,robo,urbana,6 844,16.0,2.0,1.0,61.0,no,45.0,49.0,0,coruña,banca seguros,127.0
31/07/2024,1972.7998834821365,salida de vía,urbana,13 609,21.0,1.0,0.0,57.0,sí,48.0,3.0,150,valencia,directo,97.0
24/09/2025,587.2813794932608,alcance,urbana,7 423,16.0,1.0,0.0,0.0,no,36.0,7.0,0,valencia,mediador,64.0
10/03/2025,2568.9106353987413,golpe en aparcamiento,interurbana,22 724,7.0,4.0,0.0,55.0,no,50.0,0.0,150,barcelona,directo,117.0
29/03/2025,404.9579366601877,golpe en aparcamiento,interurbana,7 173,13.0,1.0,0.0,17.0,no,45.0,1.0,0,madrid,directo,166.0
08/12/2024,1847.1213207647004,golpe en aparcamiento,interurbana,21 902,1.0,1.0,0.0,45.0,no,44.0,29.0,0,sevilla,directo,55.0
23/05/2025,771.2750323274853,golpe en aparcamiento,autopista,9 640,15.0,2.0,0.0,52.0,no,37.0,21.0,0,barcelona,mediador,175.0
28/08/2024,1799.6403291230379,colisión frontal,urbana,13 393,18.0,1.0,0.0,42.0,no,53.0,35.0,300,madrid,directo,68.0
30/09/2025,1053.5466385212158,alcance,autopista,9 697,4.0,1.0,0.0,53.0,no,45.0,11.0,600,barcelona,mediador,113.0
28/02/2025,262.1690903515292,  golpe en aparcamiento ,urbana,5 037,5.0,1.0,0.0,91.0,no,34.0,0.0,0,madrid,mediador,98.0
10/11/2025,7920.554390926441,  robo ,urbana,45 569,16.0,2.0,2.0,13.0,N/D,37.0,5.0,0,zaragoza,mediador,78.0
25/12/2024,4962.874408558451,salida de vía,interurbana,20 024,14.0,1.0,0.0,18.0,no,63.0,28.0,0,valencia,mediador,122.0
12/12/2025,1219.5760012148646,ALCANCE,urbana,28 747,19.0,2.0,0.0,44.0,no,32.0,19.0,300,madrid,mediador,6.0
16/05/2024,1726.9117422360102,colisión frontal,interurbana,10 260,14.0,1.0,1.0,37.0,no,42.0,42.0,0,zaragoza,directo,157.0
30/08/2025,4160.253175481027,salida de via,urbana,19 352,12.0,1.0,0.0,19.0,sí,65.0,16.0,600,zaragoza,mediador,47.0
15/12/2025,2804.8208001448825,  alcance ,urbana,10 815,1.0,1.0,0.0,37.0,N/D,38.0,34.0,0,madrid,banca seguros,45.0
25/08/2024,386.16267449344195,golpe en aparcamiento,urbana,17 294,3.0,1.0,0.0,58.0,no,53.0,45.0,150,coruña,mediador,103.0
29/08/2024,3140.6648014310967,colisión frontal,interurbana,40 054,20.0,3.0,3.0,31.0,N/D,45.0,36.0,150,coruña,directo,117.0
26/10/2024,1076.621808931832,alcance,urbana,13 912,13.0,2.0,0.0,24.0,no,29.0,48.0,0,madrid,mediador,157.0
26/10/2025,606.1846483381048,golpe en aparcamiento,urbana,31 690,20.0,2.0,0.0,60.0,N/D,48.0,23.0,600,sevilla,mediador,113.0
26/02/2025,1362.3869505213277,alcance,autopista,5 245,13.0,1.0,0.0,39.0,no,56.0,29.0,0,madrid,directo,45.0
18/05/2024,1282.271715009627,alcance,interurbana,9 068,20.0,1.0,0.0,41.0,sí,35.0,25.0,0,valencia,mediador,128.0
05/07/2024,5079.22620334069,incendio,urbana,2 910,9.0,1.0,0.0,64.0,no,18.0,3.0,0,sevilla,mediador,167.0
11/07/2024,1438.4901806643386,alcance,interurbana,7 210,3.0,2.0,1.0,64.0,sí,33.0,0.0,0,valencia,directo,87.0
27/03/2025,15586.615880041294,  colisión frontal ,urbana,12 383,18.0,5.0,0.0,28.0,sí,30.0,25.0,300,barcelona,mediador,68.0
26/06/2025,3228.475263546831,alcance,interurbana,16 517,3.0,2.0,0.0,53.0,no,46.0,13.0,0,zaragoza,directo,83.0
01/09/2024,987.1260259308979,alcance,interurbana,6 306,13.0,2.0,0.0,18.0,no,50.0,14.0,0,zaragoza,mediador,109.0
21/06/2025,745.9308097265371,golpe en aparcamiento,interurbana,5 713,13.0,2.0,0.0,47.0,sí,37.0,38.0,150,madrid,directo,20.0
30/01/2025,2888.3082138364184,salida de vía,interurbana,19 245,3.0,2.0,0.0,37.0,no,65.0,24.0,300,valencia,directo,164.0
21/02/2025,2824.227447214131,salida de vía,autopista,13 832,20.0,1.0,0.0,56.0,sí,66.0,19.0,150,coruña,mediador,64.0
08/06/2025,3837.942922167545,robo,interurbana,13 207,11.0,1.0,0.0,43.0,no,36.0,5.0,150,valencia,mediador,118.0
29/05/2025,3904.514015442077,  salida de vía ,interurbana,11 502,21.0,1.0,0.0,44.0,no,36.0,8.0,150,zaragoza,mediador,96.0
18/11/2024,3256.2604454778348,SALIDA DE VÍA,interurbana,13 351,7.0,2.0,1.0,25.0,no,42.0,18.0,150,valencia,mediador,68.0
31/08/2024,5728.39561201524,SALIDA DE VÍA,urbana,49 018,3.0,4.0,0.0,39.0,no,46.0,32.0,300,sevilla,directo,170.0
24/11/2025,964.9722396129858,golpe en aparcamiento,urbana,17 269,4.0,2.0,0.0,69.0,no,54.0,13.0,150,madrid,directo,26.0
11/04/2024,1443.6717714402325,golpe en aparcamiento,urbana,12 314,14.0,1.0,0.0,34.0,no,39.0,23.0,0,barcelona,directo,16.0
25/04/2025,265.1178214538662,alcance,urbana,6 349,0.0,1.0,0.0,77.0,no,37.0,5.0,300,valencia,mediador,106.0
29/08/2024,1264.2448187939797,golpe en aparcamiento,urbana,7 442,8.0,2.0,0.0,45.0,sí,37.0,3.0,0,valencia,mediador,112.0
04/03/2025,1628.6694288669246,robo,interurbana,12 720,9.0,1.0,0.0,62.0,no,32.0,24.0,600,sevilla,mediador,167.0
30/11/2024,3458.392753476367,colisión frontal,autopista,5 265,11.0,2.0,0.0,50.0,no,31.0,1.0,0,barcelona,directo,145.0
30/08/2025,3085.197820432732,salida de vía,urbana,10 129,13.0,2.0,0.0,52.0,sí,43.0,14.0,150,valencia,mediador,115.0
01/09/2025,696.9787066273818,  salida de vía ,urbana,4 641,2.0,1.0,0.0,32.0,sí,43.0,42.0,0,coruña,directo,68.0
09/03/2025,785.850590022545,golpe en aparcamiento,interurbana,10 142,19.0,1.0,0.0,37.0,no,65.0,25.0,300,coruña,mediador,48.0
27/02/2024,9378.413544417263,salida de vía,urbana,17 662,7.0,5.0,0.0,56.0,no,42.0,8.0,0,zaragoza,mediador,90.0
22/08/2024,511.06815524380585,golpe en aparcamiento,urbana,4 055,21.0,4.0,3.0,49.0,no,73.0,1.0,150,sevilla,mediador,132.0
15/01/2025,7201.271000905882,SALIDA DE VÍA,urbana,14 776,2.0,1.0,0.0,47.0,sí,44.0,20.0,600,zaragoza,mediador,158.0
05/11/2024,8439.523455022956,salida de vía,interurbana,10 163,1.0,2.0,1.0,36.0,no,35.0,41.0,0,barcelona,mediador,79.0
04/08/2024,3614.834882751961,salida de via,interurbana,9 849,17.0,1.0,0.0,80.0,no,75.0,26.0,600,valencia,directo,146.0
23/11/2024,954.3858957734939,alcance,urbana,16 425,5.0,1.0,0.0,39.0,no,30.0,29.0,0,zaragoza,mediador,72.0
18/08/2024,415.57254429411825,alcance,urbana,6 264,12.0,1.0,1.0,29.0,no,36.0,7.0,0,sevilla,mediador,24.0
31/10/2025,9870.17209447257,colisión frontal,autopista,23 729,17.0,1.0,0.0,26.0,sí,37.0,6.0,600,sevilla,directo,27.0
21/08/2024,2683.7370774417145,salida de vía,interurbana,4 163,18.0,4.0,0.0,45.0,sí,43.0,46.0,0,valencia,directo,72.0
30/08/2024,3774.0958320331983,  robo ,autopista,40 537,5.0,2.0,0.0,8.0,sí,36.0,4.0,150,coruña,mediador,89.0
13/01/2025,1156.1554231094744,robo,interurbana,13 412,16.0,1.0,0.0,44.0,no,54.0,5.0,0,coruña,directo,36.0
11/12/2024,3417.3844995982504,  colisión frontal ,urbana,9 241,19.0,1.0,0.0,46.0,no,66.0,12.0,0,zaragoza,mediador,95.0
22/11/2025,2784.026013171713,salida de vía,autopista,9 815,14.0,1.0,2.0,0.0,no,52.0,24.0,0,zaragoza,directo,152.0
04/12/2025,1634.4406405163045,golpe en aparcamiento,interurbana,4 426,0.0,1.0,0.0,43.0,sí,46.0,21.0,600,sevilla,mediador,7.0
15/10/2024,2518.105352469098,salida de vía,urbana,21 073,18.0,1.0,0.0,52.0,no,66.0,50.0,600,zaragoza,mediador,76.0
24/03/2025,2558.1245608932695,golpe en aparcamiento,urbana,12 552,0.0,4.0,0.0,60.0,no,52.0,21.0,600,madrid,directo,102.0
04/07/2025,1414.0833328263707,robo,urbana,16 186,5.0,1.0,0.0,80.0,no,48.0,26.0,600,barcelona,banca seguros,18.0
24/08/2024,1969.0200103085324,alcance,urbana,25 001,18.0,1.0,0.0,51.0,no,74.0,15.0,150,sevilla,banca seguros,172.0
18/02/2025,287.29082053194315,alcance,urbana,5 636,21.0,1.0,0.0,45.0,no,44.0,44.0,300,valencia,mediador,155.0
07/08/2025,1197.7665176234395,salida de vía,urbana,6 654,1.0,4.0,0.0,7.0,no,69.0,33.0,150,zaragoza,mediador,80.0
07/11/2024,6585.360107774552,alcance,autopista,29 366,10.0,2.0,0.0,26.0,no,54.0,20.0,150,coruña,mediador,96.0
22/12/2024,10749.247500995658,SALIDA DE VÍA,urbana,19 872,4.0,1.0,0.0,22.0,no,68.0,8.0,300,barcelona,mediador,93.0
23/08/2024,1919.1366555086713,alcance,interurbana,10 938,8.0,3.0,0.0,60.0,no,61.0,23.0,0,madrid,directo,42.0
25/11/2025,325.5800433165616,alcance,urbana,5 013,4.0,2.0,0.0,24.0,no,46.0,13.0,0,coruña,directo,118.0
15/02/2025,366.75858740282416,golpe en aparcamiento,urbana,6 239,7.0,3.0,0.0,82.0,no,48.0,48.0,150,barcelona,mediador,148.0
02/12/2025,1412.1717703419436,salida de vía,urbana,10 636,3.0,1.0,0.0,62.0,no,53.0,41.0,0,coruña,banca seguros,126.0
10/07/2025,2155.4474661858376,colisión frontal,urbana,9 560,4.0,2.0,0.0,66.0,no,33.0,49.0,0,zaragoza,banca seguros,179.0
28/08/2025,6387.042013734943,alcance,interurbana,16 331,17.0,4.0,0.0,8.0,no,57.0,1.0,0,barcelona,banca seguros,80.0
14/04/2024,4815.712997117193,colisión frontal,interurbana,9 398,8.0,1.0,0.0,38.0,no,37.0,42.0,150,madrid,directo,31.0
01/07/2024,618.3712901357455,alcance,urbana,6 895,2.0,1.0,0.0,39.0,no,45.0,23.0,600,madrid,directo,117.0
09/02/2024,12954.55151073206,incendio,urbana,11 544,7.0,1.0,0.0,36.0,sí,18.0,23.0,600,sevilla,banca seguros,52.0
17/11/2024,436.54172113845465,golpe en aparcamiento,interurbana,4 528,0.0,2.0,0.0,72.0,no,35.0,20.0,300,zaragoza,banca seguros,164.0
20/01/2024,398.26233648758017,golpe en aparcamiento,autopista,6 365,2.0,3.0,0.0,52.0,no,34.0,21.0,300,zaragoza,directo,118.0
17/05/2025,3657.3000233512316,colisión frontal,urbana,30 161,10.0,2.0,0.0,46.0,no,44.0,16.0,600,zaragoza,mediador,141.0
15/06/2025,1001.2719059780682,robo,interurbana,6 163,21.0,1.0,0.0,30.0,no,18.0,30.0,0,madrid,directo,139.0
26/03/2025,64901.95199161629,incendio,autopista,19 534,1.0,1.0,2.0,74.0,no,59.0,28.0,0,sevilla,banca seguros,111.0
07/02/2025,821.707877085604,robo,autopista,4 840,16.0,1.0,0.0,43.0,no,51.0,12.0,150,madrid,banca seguros,41.0
04/12/2024,1445.4649622714612,salida de vía,urbana,18 956,2.0,1.0,0.0,82.0,sí,35.0,13.0,150,coruña,mediador,152.0
19/01/2025,4968.713435386681,colision frontal,interurbana,13 450,1.0,1.0,1.0,37.0,no,70.0,30.0,300,coruña,mediador,67.0
26/09/2025,3970.9558391787264,colisión frontal,urbana,4 948,10.0,5.0,1.0,41.0,no,42.0,40.0,300,madrid,banca seguros,174.0
02/07/2025,616.6333705589429,  golpe en aparcamiento ,urbana,15 480,14.0,3.0,1.0,44.0,no,39.0,3.0,0,zaragoza,mediador,104.0
14/03/2024,380.0954900942093,golpe en aparcamiento,autopista,5 713,13.0,2.0,0.0,16.0,no,25.0,13.0,300,sevilla,directo,166.0
31/12/2024,718.4772756371376,golpe en aparcamiento,autopista,5 266,1.0,1.0,1.0,28.0,no,43.0,48.0,0,madrid,mediador,27.0
08/08/2025,17966.08617567093,incendio,urbana,17 076,13.0,2.0,0.0,23.0,sí,37.0,49.0,300,barcelona,mediador,39.0
22/06/2024,10378.76330800719,incendio,urbana,10 386,18.0,1.0,0.0,32.0,no,40.0,9.0,300,sevilla,directo,37.0
23/05/2024,7709.397354708226,robo,interurbana,37 743,15.0,3.0,1.0,2.0,no,36.0,0.0,600,sevilla,mediador,119.0
01/07/2025,803.3751888673969,robo,urbana,3 805,10.0,2.0,0.0,33.0,sí,43.0,23.0,0,valencia,mediador,6.0
19/12/2024,2882.4415610196706,alcance,urbana,26 371,4.0,2.0,1.0,108.0,no,75.0,30.0,0,sevilla,mediador,138.0
23/06/2025,1277.465187233481,  colisión frontal ,urbana,16 759,18.0,1.0,0.0,29.0,no,44.0,14.0,0,sevilla,banca seguros,40.0
28/09/2024,220.02418241010346,golpe en aparcamiento,interurbana,6 177,16.0,1.0,0.0,22.0,no,33.0,45.0,150,madrid,mediador,57.0
11/05/2025,595.1854420085245,alcance,urbana,17 386,2.0,3.0,0.0,61.0,sí,36.0,21.0,0,coruña,banca seguros,135.0
23/01/2024,2157.2575296033538,robo,urbana,14 357,19.0,1.0,0.0,82.0,no,73.0,2.0,150,valencia,directo,12.0
04/04/2024,2287.6187116406245,colisión frontal,autopista,29 078,19.0,1.0,0.0,53.0,no,55.0,8.0,0,barcelona,directo,99.0
17/10/2024,1980.9098065327446,  colisión frontal ,urbana,10 394,22.0,1.0,0.0,19.0,no,31.0,0.0,0,madrid,mediador,6.0
20/11/2025,2261.4768466521596,colisión frontal,urbana,3 624,6.0,3.0,0.0,38.0,sí,26.0,26.0,150,sevilla,mediador,152.0
05/03/2025,3178.0147590362117,alcance,urbana,12 922,1.0,4.0,0.0,71.0,no,42.0,13.0,0,sevilla,directo,135.0
07/04/2024,2764.54880815582,colisión frontal,urbana,13 552,18.0,1.0,0.0,41.0,no,29.0,32.0,0,madrid,directo,92.0
23/06/2024,1780.9315414589996,salida de vía,autopista,16 422,8.0,2.0,0.0,53.0,sí,59.0,43.0,0,zaragoza,mediador,7.0
06/04/2025,4414.892152846663,colisión frontal,interurbana,18 023,19.0,1.0,0.0,33.0,no,38.0,44.0,0,coruña,banca seguros,156.0
14/06/2025,2894.1724429029437,robo,urbana,5 769,13.0,5.0,0.0,66.0,sí,33.0,28.0,300,sevilla,banca seguros,130.0
01/06/2025,442.97836539523405,  alcance ,urbana,10 019,12.0,1.0,0.0,26.0,no,48.0,8.0,0,coruña,directo,69.0
20/12/2024,1953.5536700737389,golpe en aparcamiento,interurbana,31 876,5.0,1.0,0.0,67.0,sí,28.0,48.0,150,sevilla,banca seguros,31.0
24/07/2025,915.0416031718825,ROBO,urbana,6 508,8.0,1.0,0.0,49.0,sí,48.0,21.0,0,sevilla,mediador,136.0
29/08/2024,630.4298075214332,golpe en aparcamiento,autopista,13 856,18.0,2.0,2.0,29.0,no,54.0,10.0,0,valencia,mediador,100.0
11/11/2025,1828.2393805786526,colisión frontal,urbana,14 189,2.0,1.0,0.0,36.0,no,38.0,41.0,150,coruña,mediador,29.0
23/08/2024,4466.726267662923,salida de vía,urbana,10 219,22.0,2.0,0.0,25.0,sí,31.0,34.0,0,valencia,mediador,161.0
15/03/2024,793.8645100372366,robo,autopista,6 818,13.0,1.0,0.0,49.0,no,29.0,30.0,150,sevilla,banca seguros,29.0
17/11/2025,3228.2127249362975,  colisión frontal ,interurbana,21 690,12.0,2.0,0.0,31.0,no,56.0,34.0,0,madrid,mediador,111.0
17/05/2025,2029.3318206050644,alcance,interurbana,7 159,6.0,1.0,1.0,62.0,no,23.0,41.0,0,valencia,banca seguros,172.0
10/02/2024,1081.9772978496028,salida de vía,autopista,4 054,22.0,1.0,0.0,53.0,sí,74.0,2.0,0,sevilla,banca seguros,154.0
09/07/2024,942.821055611603,golpe en aparcamiento,interurbana,8 165,2.0,2.0,0.0,81.0,no,25.0,2.0,0,madrid,banca seguros,49.0
18/06/2025,2634.49743808192,salida de via,interurbana,12 575,21.0,2.0,1.0,61.0,sí,52.0,23.0,150,zaragoza,mediador,80.0
28/03/2024,5462.431914412855,salida de vía,autopista,19 237,2.0,2.0,1.0,11.0,N/D,53.0,15.0,150,valencia,mediador,108.0
10/08/2024,7550.429895483317,salida de vía,autopista,14 472,0.0,5.0,0.0,43.0,no,49.0,21.0,0,valencia,mediador,90.0
12/01/2024,950.264017865831,golpe en aparcamiento,autopista,5 381,5.0,2.0,0.0,32.0,no,48.0,28.0,150,madrid,directo,92.0
02/04/2024,744.1800000510367,ALCANCE,interurbana,6 336,4.0,1.0,0.0,62.0,no,57.0,40.0,0,coruña,mediador,88.0
20/01/2024,1460.4504527192441,alcance,interurbana,11 468,22.0,2.0,2.0,78.0,sí,39.0,44.0,0,madrid,mediador,70.0
01/09/2025,2737.711236331168,salida de vía,autopista,7 209,5.0,4.0,0.0,52.0,sí,48.0,26.0,0,zaragoza,directo,122.0
05/03/2024,665.1166891516577,alcance,urbana,8 326,20.0,2.0,0.0,39.0,no,36.0,0.0,0,valencia,directo,10.0
26/10/2024,1739.4329057766777,golpe en aparcamiento,interurbana,26 681,0.0,1.0,0.0,54.0,sí,45.0,39.0,0,zaragoza,mediador,80.0
24/05/2024,1899.1764806872097,ROBO,autopista,16 101,7.0,2.0,0.0,89.0,no,23.0,19.0,600,barcelona,mediador,162.0
25/04/2024,3684.5783754060258,COLISIÓN FRONTAL,urbana,10 779,5.0,1.0,3.0,38.0,sí,53.0,48.0,0,madrid,banca seguros,39.0
16/05/2025,6439.617163218284,ROBO,urbana,32 017,9.0,4.0,0.0,88.0,no,44.0,26.0,0,barcelona,mediador,82.0
10/02/2025,510.8149734042815,golpe en aparcamiento,autopista,13 750,20.0,2.0,0.0,41.0,sí,43.0,28.0,0,coruña,directo,85.0
28/08/2025,2536.5196202218526,colisión frontal,autopista,10 294,19.0,5.0,0.0,93.0,no,41.0,3.0,150,zaragoza,mediador,96.0
28/10/2024,1531.7349416567158,golpe en aparcamiento,urbana,29 192,7.0,1.0,0.0,30.0,no,44.0,21.0,600,zaragoza,mediador,124.0
19/05/2025,292.6478981196326,golpe en aparcamiento,interurbana,9 352,17.0,1.0,0.0,10.0,no,41.0,7.0,300,madrid,mediador,14.0
13/01/2024,3386.7049377398903,robo,urbana,12 663,3.0,2.0,0.0,54.0,no,64.0,30.0,600,valencia,mediador,80.0
16/02/2024,2421.1905610048248,SALIDA DE VÍA,autopista,10 800,1.0,3.0,0.0,50.0,no,36.0,15.0,0,valencia,mediador,37.0
14/08/2025,766.0577187503183,alcance,autopista,2 340,6.0,2.0,1.0,34.0,sí,18.0,38.0,0,madrid,banca seguros,21.0
19/03/2024,1467.6845245946,  golpe en aparcamiento ,urbana,21 391,11.0,1.0,0.0,38.0,no,55.0,34.0,150,barcelona,directo,99.0
11/04/2025,442.76775098264596,alcance,interurbana,20 924,0.0,2.0,0.0,22.0,no,55.0,6.0,150,sevilla,directo,118.0
26/07/2024,1952.6438163175999,ROBO,urbana,16 538,1.0,4.0,0.0,47.0,sí,37.0,20.0,150,zaragoza,mediador,22.0
04/12/2024,46452.60997347628,incendio,urbana,16 110,6.0,1.0,0.0,0.0,sí,50.0,34.0,600,coruña,banca seguros,70.0
03/04/2024,899.1953980965388,alcance,interurbana,15 737,4.0,1.0,0.0,91.0,no,31.0,11.0,600,valencia,directo,120.0
13/08/2025,3513.366818362928,alcance,autopista,10 591,7.0,1.0,0.0,94.0,no,37.0,6.0,150,madrid,directo,67.0
20/03/2024,2075.7657693379097,salida de vía,urbana,24 428,19.0,1.0,0.0,48.0,no,50.0,31.0,0,coruña,mediador,112.0
28/06/2024,1318.8931454406747,golpe en aparcamiento,urbana,10 231,9.0,2.0,0.0,0.0,no,57.0,13.0,0,zaragoza,banca seguros,102.0
24/03/2024,4543.287726282653,colisión frontal,urbana,27 783,0.0,1.0,0.0,52.0,no,62.0,4.0,0,valencia,mediador,172.0
07/08/2025,3511.377955707566,COLISIÓN FRONTAL,urbana,15 197,0.0,1.0,0.0,42.0,no,27.0,20.0,600,coruña,mediador,33.0
02/11/2025,7432.080855200135,colisión frontal,autopista,13 246,3.0,1.0,1.0,35.0,sí,44.0,24.0,0,zaragoza,banca seguros,23.0
10/06/2024,2305.259332363572,salida de vía,autopista,6 637,13.0,2.0,0.0,90.0,sí,48.0,47.0,150,barcelona,mediador,83.0
17/10/2025,1225.8491416282584,robo,urbana,12 053,6.0,2.0,0.0,74.0,no,40.0,42.0,0,coruña,mediador,136.0
03/11/2024,634.0499928392052,  golpe en aparcamiento ,urbana,26 859,17.0,2.0,0.0,61.0,no,29.0,33.0,600,coruña,directo,144.0
07/02/2025,1008.8479233020989,alcance,urbana,13 155,19.0,1.0,0.0,38.0,sí,38.0,34.0,600,madrid,directo,74.0
11/05/2024,5913.316284590185,colisión frontal,autopista,23 870,22.0,1.0,1.0,49.0,no,33.0,19.0,300,zaragoza,directo,172.0
03/07/2025,990.8220473543173,golpe en aparcamiento,urbana,17 260,8.0,2.0,0.0,50.0,no,55.0,22.0,0,sevilla,directo,58.0
18/05/2024,857.8282293123483,robo,urbana,11 166,14.0,4.0,0.0,29.0,sí,73.0,21.0,150,valencia,mediador,41.0
27/05/2025,5054.892866810487,salida de vía,interurbana,6 880,11.0,1.0,2.0,39.0,no,36.0,19.0,150,madrid,directo,111.0
22/11/2025,1193.6236587321994,alcance,interurbana,6 116,8.0,4.0,0.0,36.0,sí,61.0,3.0,150,zaragoza,mediador,165.0
26/09/2024,677.5225708703141,golpe en aparcamiento,urbana,20 783,5.0,1.0,0.0,28.0,sí,26.0,36.0,600,sevilla,mediador,23.0
21/09/2025,298.6185852249402,golpe en aparcamiento,interurbana,4 866,0.0,1.0,1.0,32.0,no,48.0,2.0,150,coruña,mediador,63.0
23/10/2025,902.9624462871393,alcance,urbana,17 071,13.0,2.0,0.0,85.0,no,53.0,37.0,0,zaragoza,directo,78.0
05/07/2024,531.6674385002461,GOLPE EN APARCAMIENTO,interurbana,4 902,7.0,4.0,0.0,77.0,no,33.0,36.0,0,madrid,mediador,171.0
10/08/2025,1012.2699332830706,SALIDA DE VÍA,interurbana,7 140,19.0,2.0,0.0,13.0,no,34.0,40.0,0,zaragoza,banca seguros,22.0
30/06/2025,1185.0320224183442,salida de vía,urbana,8 232,18.0,2.0,0.0,38.0,no,70.0,6.0,150,zaragoza,mediador,87.0
19/06/2024,6648.223562697467,INCENDIO,urbana,12 642,5.0,1.0,0.0,37.0,no,65.0,26.0,150,zaragoza,directo,162.0
02/10/2025,620.3307381738546,colision frontal,urbana,10 539,11.0,2.0,0.0,53.0,no,53.0,5.0,300,barcelona,mediador,175.0
12/01/2025,735.1307085125212,golpe en aparcamiento,interurbana,6 066,3.0,3.0,0.0,40.0,no,38.0,38.0,300,coruña,directo,5.0
30/05/2024,2136.133286603919,alcance,urbana,7 666,13.0,4.0,0.0,25.0,no,41.0,45.0,600,zaragoza,mediador,22.0
31/07/2025,1256.2178325019638,alcance,urbana,16 852,12.0,3.0,0.0,80.0,no,72.0,42.0,300,barcelona,directo,126.0
20/08/2024,1247.6829438634988,alcance,urbana,7 596,9.0,2.0,0.0,84.0,N/D,43.0,25.0,150,coruña,banca seguros,148.0
08/08/2024,783.3060054780258,golpe en aparcamiento,interurbana,15 998,10.0,2.0,0.0,74.0,no,63.0,20.0,150,zaragoza,banca seguros,24.0
06/05/2025,2500.167357451617,colisión frontal,interurbana,10 462,18.0,3.0,0.0,57.0,sí,53.0,8.0,150,madrid,mediador,97.0
29/05/2025,1003.5225623339174,  robo ,urbana,5 029,4.0,1.0,0.0,27.0,sí,39.0,25.0,0,zaragoza,mediador,172.0
30/10/2025,2737.7095857619256,golpe en aparcamiento,urbana,13 293,11.0,3.0,1.0,70.0,no,82.0,1.0,0,coruña,mediador,1.0
14/12/2025,1414.745892526131,GOLPE EN APARCAMIENTO,interurbana,5 833,3.0,1.0,0.0,77.0,sí,69.0,14.0,0,zaragoza,banca seguros,63.0
11/11/2025,795.1615245194384,salida de vía,interurbana,3 855,15.0,1.0,0.0,33.0,no,46.0,0.0,150,coruña,mediador,180.0
29/04/2024,1588.3060616170765,alcance,autopista,6 452,21.0,2.0,1.0,46.0,sí,48.0,15.0,150,coruña,banca seguros,76.0
13/10/2025,374.2155072686228,golpe en aparcamiento,interurbana,6 165,11.0,1.0,0.0,60.0,no,50.0,13.0,300,sevilla,mediador,131.0
25/03/2024,439.637407799226,golpe en aparcamiento,urbana,6 123,21.0,2.0,0.0,57.0,sí,33.0,39.0,600,barcelona,mediador,45.0
22/02/2024,3065.6907746149145,ALCANCE,autopista,21 869,21.0,1.0,1.0,65.0,sí,23.0,17.0,150,sevilla,mediador,162.0
02/01/2024,1227.747841199309,alcance,autopista,3 091,10.0,1.0,0.0,46.0,sí,65.0,2.0,0,madrid,mediador,113.0
10/01/2025,5599.624428883003,salida de vía,urbana,10 481,1.0,1.0,0.0,23.0,sí,56.0,40.0,0,madrid,directo,145.0
21/09/2024,2657.890228193359,colisión frontal,urbana,7 652,3.0,2.0,0.0,60.0,sí,62.0,21.0,300,valencia,directo,156.0
17/03/2024,1551.7092474006365,colisión frontal,urbana,4 316,9.0,5.0,0.0,39.0,no,56.0,2.0,0,sevilla,banca seguros,79.0
10/12/2025,733.2251087225943,  golpe en aparcamiento ,urbana,10 382,7.0,1.0,1.0,40.0,no,52.0,40.0,300,coruña,banca seguros,168.0
27/12/2025,834.9335528457408,  golpe en aparcamiento ,urbana,14 231,21.0,2.0,0.0,18.0,no,48.0,48.0,150,coruña,banca seguros,88.0
17/10/2025,1826.4350068180975,  alcance ,urbana,22 589,3.0,2.0,0.0,48.0,no,37.0,21.0,0,madrid,banca seguros,120.0
29/08/2025,2205.208744888425,robo,urbana,17 121,12.0,2.0,0.0,60.0,no,44.0,35.0,0,valencia,mediador,82.0
24/10/2025,2183.6518375892197,alcance,interurbana,16 825,5.0,5.0,0.0,62.0,no,34.0,1.0,0,barcelona,directo,167.0
07/12/2024,562.9782817228393,golpe en aparcamiento,urbana,18 536,22.0,1.0,0.0,65.0,no,40.0,4.0,600,sevilla,mediador,132.0
19/09/2025,1519.664362825185,salida de vía,urbana,20 277,15.0,1.0,0.0,70.0,no,59.0,29.0,0,madrid,directo,16.0
07/02/2025,1754.240960207079,  alcance ,interurbana,21 404,0.0,1.0,0.0,36.0,sí,46.0,19.0,0,sevilla,mediador,79.0
22/01/2024,517.5431583807651,golpe en aparcamiento,urbana,2 360,19.0,5.0,0.0,59.0,sí,27.0,5.0,300,sevilla,banca seguros,80.0
30/04/2024,1524.0281629058295,  salida de vía ,autopista,6 573,15.0,4.0,0.0,28.0,no,46.0,28.0,0,madrid,directo,60.0
17/06/2024,888.7575658786776,robo,urbana,19 061,0.0,1.0,0.0,73.0,no,57.0,32.0,150,valencia,directo,167.0
09/12/2025,6085.333764934012,salida de vía,urbana,18 333,4.0,5.0,1.0,68.0,no,44.0,32.0,0,valencia,mediador,3.0
18/10/2024,4328.613643063053,colisión frontal,interurbana,21 454,16.0,1.0,0.0,64.0,no,22.0,29.0,150,coruña,directo,96.0
22/06/2025,472.17867458038563,alcance,urbana,8 299,13.0,2.0,0.0,87.0,sí,56.0,42.0,150,zaragoza,directo,152.0
08/11/2025,2351.241086821033,salida de vía,urbana,16 025,1.0,1.0,0.0,64.0,no,41.0,30.0,0,valencia,directo,97.0
19/04/2025,387.36768177165806,golpe en aparcamiento,urbana,11 870,4.0,1.0,1.0,57.0,no,40.0,13.0,600,coruña,directo,39.0
21/02/2024,563.2479750051705,alcance,urbana,8 367,1.0,2.0,0.0,24.0,N/D,20.0,35.0,300,barcelona,mediador,157.0
08/11/2025,823.9176970743392,alcance,urbana,11 481,18.0,2.0,0.0,45.0,no,38.0,28.0,150,zaragoza,mediador,149.0
05/01/2024,1997.600881803913,colisión frontal,urbana,4 631,12.0,1.0,0.0,59.0,no,28.0,34.0,150,madrid,mediador,16.0
06/05/2024,978.4904600727793,golpe en aparcamiento,autopista,23 782,0.0,2.0,0.0,60.0,no,57.0,35.0,300,barcelona,directo,141.0
06/04/2025,3768.2497053991256,colisión frontal,interurbana,9 662,13.0,2.0,0.0,3.0,sí,58.0,2.0,150,madrid,banca seguros,37.0
24/12/2024,6034.242843529777,robo,interurbana,37 444,12.0,4.0,0.0,56.0,no,20.0,14.0,0,coruña,banca seguros,110.0
13/01/2025,5513.495128949469,SALIDA DE VÍA,interurbana,23 148,8.0,1.0,0.0,73.0,no,88.0,21.0,600,madrid,directo,162.0
29/03/2025,993.9303917173922,alcance,autopista,8 952,22.0,4.0,0.0,53.0,no,31.0,29.0,300,sevilla,mediador,132.0
21/02/2024,1379.652821625301,robo,urbana,12 763,12.0,3.0,0.0,23.0,no,57.0,47.0,300,coruña,directo,102.0
14/04/2025,115.97850411134971,golpe en aparcamiento,urbana,3 923,12.0,1.0,0.0,49.0,sí,41.0,38.0,0,valencia,mediador,26.0
27/07/2025,1169.599788459046,alcance,interurbana,12 860,13.0,1.0,0.0,88.0,sí,63.0,33.0,300,coruña,directo,23.0
15/12/2025,8597.221751719779,salida de vía,autopista,13 916,15.0,4.0,0.0,30.0,sí,39.0,35.0,150,sevilla,mediador,172.0
04/04/2025,2897.063910130218,salida de vía,interurbana,22 125,12.0,1.0,0.0,44.0,sí,43.0,37.0,0,zaragoza,mediador,9.0
30/06/2024,462.8443177000172,golpe en aparcamiento,urbana,8 207,4.0,1.0,0.0,83.0,no,39.0,36.0,600,sevilla,mediador,65.0
03/08/2024,3703.0348835654377,golpe en aparcamiento,urbana,23 445,1.0,3.0,1.0,126.0,sí,66.0,31.0,0,zaragoza,mediador,20.0
24/05/2024,1758.5931736963323,salida de vía,interurbana,19 924,17.0,2.0,0.0,47.0,sí,57.0,11.0,0,zaragoza,directo,17.0
08/02/2025,1735.3247563024195,salida de vía,autopista,2 203,5.0,1.0,0.0,62.0,sí,64.0,25.0,150,barcelona,mediador,128.0
22/12/2025,2496.3033623131882,ALCANCE,urbana,21 303,12.0,1.0,1.0,33.0,no,52.0,27.0,300,madrid,directo,108.0
19/04/2024,556.2469603074909,alcance,urbana,5 007,11.0,3.0,0.0,71.0,no,46.0,44.0,600,zaragoza,directo,130.0
06/02/2025,895.5883455960791,alcance,urbana,11 199,15.0,2.0,0.0,71.0,no,51.0,23.0,0,sevilla,directo,128.0
28/11/2025,1767.1318655171704,ALCANCE,urbana,7 285,5.0,1.0,0.0,52.0,sí,32.0,39.0,300,sevilla,mediador,73.0
04/05/2025,3496.0542870127583,colisión frontal,autopista,4 692,17.0,1.0,0.0,78.0,sí,35.0,43.0,300,sevilla,mediador,38.0
25/05/2025,2211.133991236506,colisión frontal,autopista,22 120,4.0,1.0,1.0,105.0,sí,47.0,7.0,0,coruña,directo,175.0
21/07/2025,2163.6643560155444,alcance,urbana,22 491,19.0,3.0,0.0,8.0,no,43.0,13.0,300,sevilla,directo,54.0
05/09/2024,782.7023997087393,ROBO,interurbana,3 237,19.0,2.0,1.0,113.0,no,40.0,38.0,0,barcelona,directo,154.0
18/09/2025,329.8966287975149,alcance,urbana,2 762,10.0,2.0,0.0,40.0,no,31.0,37.0,150,sevilla,mediador,39.0
05/02/2024,2651.30215243411,alcance,autopista,11 649,16.0,1.0,0.0,21.0,no,59.0,45.0,0,sevilla,mediador,168.0
17/04/2024,20595.79471188312,colisión frontal,interurbana,19 285,4.0,2.0,1.0,33.0,sí,38.0,18.0,150,valencia,directo,48.0
03/03/2025,372.93118674875876,golpe en aparcamiento,urbana,6 491,7.0,4.0,0.0,48.0,no,53.0,33.0,0,sevilla,banca seguros,103.0
02/05/2024,408.3460314710437,alcance,interurbana,7 800,22.0,2.0,0.0,13.0,sí,55.0,45.0,0,barcelona,directo,168.0
04/07/2025,1495.1291796336413,robo,autopista,11 528,4.0,1.0,1.0,74.0,sí,31.0,17.0,0,madrid,directo,157.0
03/08/2025,1170.9424002713636,robo,interurbana,8 126,8.0,3.0,0.0,34.0,no,68.0,1.0,150,sevilla,mediador,82.0
23/08/2024,1463.788206465165,alcance,urbana,12 454,17.0,1.0,0.0,47.0,sí,34.0,15.0,600,madrid,mediador,31.0
19/08/2025,25702.67136672896,incendio,urbana,13 085,15.0,2.0,1.0,78.0,no,38.0,5.0,0,zaragoza,mediador,5.0
07/02/2024,6442.495200695622,colision frontal,urbana,14 991,15.0,2.0,1.0,43.0,sí,57.0,19.0,0,coruña,banca seguros,90.0
08/09/2025,1379.277897969842,golpe en aparcamiento,interurbana,24 680,10.0,2.0,0.0,29.0,sí,28.0,3.0,0,barcelona,mediador,101.0
14/09/2025,1452.2068316441027,golpe en aparcamiento,urbana,6 375,14.0,5.0,0.0,0.0,no,62.0,42.0,150,barcelona,directo,13.0
19/08/2025,1190.1075660940219,golpe en aparcamiento,urbana,15 604,1.0,2.0,0.0,15.0,sí,37.0,28.0,0,valencia,mediador,144.0
14/09/2024,988.6192914630749,alcance,interurbana,9 005,8.0,1.0,0.0,46.0,sí,33.0,32.0,300,coruña,banca seguros,48.0
27/05/2025,1510.1055890894686,  alcance ,autopista,34 349,15.0,2.0,0.0,54.0,no,46.0,26.0,0,sevilla,mediador,117.0
01/03/2025,6352.307280229897,robo,autopista,14 939,0.0,3.0,2.0,89.0,sí,42.0,20.0,0,sevilla,mediador,12.0
12/03/2025,5619.327234451531,golpe en aparcamiento,interurbana,35 641,2.0,4.0,0.0,46.0,no,22.0,26.0,600,barcelona,directo,132.0
01/02/2024,784.1475811999256,golpe en aparcamiento,urbana,22 168,20.0,1.0,0.0,46.0,sí,44.0,8.0,0,madrid,banca seguros,39.0
23/11/2024,1703.8619245079242,alcance,urbana,16 768,0.0,1.0,1.0,26.0,no,45.0,27.0,150,valencia,banca seguros,94.0
18/02/2024,1248.090786349242,robo,urbana,9 669,16.0,2.0,0.0,76.0,N/D,34.0,38.0,0,zaragoza,directo,141.0
18/02/2024,5627.779567021365,colisión frontal,interurbana,9 985,17.0,1.0,1.0,20.0,sí,24.0,46.0,0,zaragoza,mediador,144.0
03/01/2024,483.5704768386469,golpe en aparcamiento,interurbana,3 646,2.0,1.0,1.0,56.0,no,45.0,45.0,150,barcelona,mediador,41.0
22/06/2025,10408.188250218174,colisión frontal,interurbana,20 512,15.0,5.0,1.0,31.0,no,23.0,1.0,600,valencia,banca seguros,126.0
25/11/2025,739.7683565145321,golpe en aparcamiento,urbana,21 633,21.0,2.0,0.0,22.0,sí,34.0,40.0,0,valencia,mediador,97.0
26/10/2024,437.986605436297,GOLPE EN APARCAMIENTO,urbana,14 132,19.0,4.0,0.0,48.0,sí,49.0,33.0,150,madrid,mediador,118.0
30/05/2025,364.70844831984317,golpe en aparcamiento,urbana,4 736,15.0,1.0,0.0,51.0,no,76.0,11.0,150,valencia,banca seguros,21.0
30/10/2024,660.0287285000575,golpe en aparcamiento,interurbana,30 113,20.0,2.0,0.0,55.0,no,46.0,15.0,0,sevilla,mediador,96.0
06/01/2024,4141.676214765433,golpe en aparcamiento,autopista,21 434,17.0,2.0,0.0,94.0,no,29.0,49.0,0,sevilla,mediador,119.0
24/08/2024,967.8491809018811,robo,interurbana,12 299,1.0,2.0,0.0,71.0,no,31.0,29.0,0,barcelona,mediador,44.0
15/04/2024,1205.1049586680329,salida de via,interurbana,8 202,4.0,1.0,0.0,62.0,no,49.0,37.0,0,sevilla,mediador,35.0
10/08/2024,464.07609216626315,golpe en aparcamiento,urbana,8 938,15.0,1.0,0.0,84.0,no,34.0,12.0,300,barcelona,mediador,136.0
17/06/2024,91.75928171614106,  golpe en aparcamiento ,urbana,4 296,22.0,1.0,0.0,33.0,N/D,36.0,32.0,0,coruña,banca seguros,83.0
09/01/2024,1031.3313680459562,colisión frontal,interurbana,11 746,18.0,1.0,0.0,21.0,no,49.0,32.0,0,zaragoza,directo,138.0
22/10/2024,393.3012903473916,robo,urbana,4 369,17.0,1.0,0.0,95.0,N/D,69.0,42.0,300,valencia,mediador,1.0
24/06/2024,2428.4409670668642,salida de vía,urbana,4 626,19.0,1.0,0.0,43.0,sí,44.0,31.0,300,sevilla,mediador,124.0
07/04/2025,3211.95900829207,alcance,interurbana,25 423,10.0,3.0,0.0,68.0,sí,37.0,3.0,150,coruña,mediador,23.0
03/02/2024,1118.5666660228057,golpe en aparcamiento,urbana,16 711,3.0,1.0,0.0,71.0,no,55.0,41.0,0,zaragoza,banca seguros,31.0
13/02/2024,214.2067991716163,golpe en aparcamiento,urbana,4 692,0.0,1.0,1.0,59.0,sí,41.0,4.0,0,barcelona,mediador,112.0
23/05/2025,664.6212740158722,SALIDA DE VÍA,urbana,9 229,1.0,2.0,0.0,49.0,sí,45.0,32.0,600,zaragoza,mediador,9.0
22/01/2024,2290.1552926969916,  robo ,autopista,16 369,19.0,2.0,0.0,90.0,no,42.0,35.0,0,valencia,directo,33.0
03/11/2025,1474.4488151141409,salida de vía,urbana,10 601,14.0,1.0,0.0,71.0,sí,18.0,14.0,0,barcelona,directo,9.0
16/06/2025,1106.3212831588553,colisión frontal,interurbana,12 839,16.0,2.0,0.0,90.0,no,45.0,11.0,0,madrid,directo,60.0
05/03/2024,286.24414864413615,golpe en aparcamiento,urbana,8 587,3.0,2.0,1.0,22.0,no,52.0,11.0,300,coruña,directo,32.0
19/11/2024,1978.299156299844,golpe en aparcamiento,interurbana,15 685,14.0,3.0,0.0,38.0,sí,34.0,18.0,0,barcelona,directo,47.0
26/06/2025,2277.7991979037847,salida de vía,urbana,6 586,3.0,2.0,0.0,111.0,no,33.0,22.0,0,valencia,directo,81.0
20/07/2024,468.61162652780746,salida de vía,urbana,5 262,17.0,1.0,0.0,48.0,no,18.0,13.0,300,madrid,directo,92.0
29/11/2024,765.8848851685771,golpe en aparcamiento,urbana,11 805,2.0,2.0,0.0,84.0,sí,25.0,26.0,0,sevilla,mediador,150.0
16/08/2025,1389.76194407342,  alcance ,urbana,15 250,2.0,1.0,1.0,35.0,no,22.0,45.0,300,valencia,directo,29.0
15/11/2025,411.9732338251134,alcance,urbana,13 258,22.0,1.0,0.0,68.0,no,40.0,36.0,600,valencia,mediador,175.0
20/08/2025,508.58333927208537,golpe en aparcamiento,urbana,5 751,18.0,3.0,0.0,90.0,sí,48.0,15.0,150,sevilla,directo,75.0
21/01/2025,13929.899799276043,colisión frontal,interurbana,24 002,4.0,3.0,0.0,47.0,sí,50.0,47.0,150,madrid,mediador,79.0
30/12/2025,3068.6248661647232,salida de vía,urbana,27 899,17.0,3.0,0.0,37.0,no,40.0,32.0,0,zaragoza,mediador,91.0
07/02/2024,1511.711970035321,salida de vía,interurbana,10 207,9.0,1.0,1.0,55.0,no,53.0,16.0,600,madrid,banca seguros,56.0
21/10/2025,1911.6546394623665,  golpe en aparcamiento ,urbana,31 131,9.0,3.0,0.0,31.0,no,43.0,46.0,0,coruña,banca seguros,55.0
27/09/2025,2238.3945097848373,  alcance ,autopista,7 717,21.0,3.0,3.0,57.0,sí,27.0,43.0,0,zaragoza,mediador,53.0
24/09/2025,427.7193770043314,alcance,autopista,20 219,21.0,1.0,0.0,47.0,sí,24.0,43.0,0,madrid,directo,22.0
06/10/2024,504.5329885704513,golpe en aparcamiento,interurbana,5 597,22.0,1.0,2.0,70.0,sí,43.0,32.0,150,valencia,mediador,84.0
02/09/2024,1002.3113468512887,golpe en aparcamiento,urbana,23 728,11.0,1.0,0.0,116.0,sí,47.0,24.0,600,zaragoza,directo,166.0
05/12/2025,2491.1612766257035,SALIDA DE VÍA,urbana,7 658,2.0,3.0,0.0,73.0,no,83.0,34.0,600,sevilla,banca seguros,125.0
17/12/2024,497.3394893119358,golpe en aparcamiento,urbana,13 695,4.0,1.0,1.0,103.0,no,29.0,37.0,0,sevilla,mediador,135.0
16/04/2024,3247.698126350028,colisión frontal,urbana,8 182,8.0,1.0,0.0,44.0,no,28.0,20.0,0,coruña,directo,136.0
28/03/2025,1080.4526238438366,golpe en aparcamiento,autopista,19 685,11.0,2.0,0.0,9.0,sí,39.0,1.0,0,coruña,directo,65.0
28/10/2024,1199.5387996896795,salida de vía,urbana,21 545,8.0,1.0,0.0,61.0,no,31.0,31.0,150,barcelona,mediador,79.0
07/04/2025,3401.19119828948,robo,interurbana,13 298,13.0,4.0,0.0,26.0,no,47.0,10.0,150,zaragoza,banca seguros,48.0
24/10/2024,668.461766941543,golpe en aparcamiento,urbana,11 561,0.0,2.0,0.0,67.0,no,38.0,48.0,300,sevilla,mediador,78.0
14/05/2025,916.4162839654276,alcance,urbana,10 145,17.0,1.0,0.0,27.0,no,50.0,13.0,0,coruña,mediador,35.0
06/09/2024,544.421734898466,alcance,urbana,10 607,7.0,1.0,0.0,43.0,sí,55.0,20.0,0,valencia,mediador,114.0
14/06/2024,876.5217544934727,GOLPE EN APARCAMIENTO,interurbana,26 569,20.0,1.0,0.0,0.0,no,28.0,21.0,0,coruña,directo,97.0
26/04/2024,8600.74068771762,incendio,urbana,11 222,22.0,1.0,0.0,42.0,no,37.0,36.0,0,madrid,directo,41.0
17/01/2024,10642.078883781536,salida de via,interurbana,23 150,3.0,1.0,0.0,98.0,sí,44.0,46.0,150,valencia,directo,96.0
15/07/2025,576.7163625314546,ALCANCE,interurbana,7 186,18.0,1.0,0.0,63.0,no,35.0,4.0,0,coruña,mediador,34.0
08/04/2025,1072.9332230580512,alcance,urbana,6 878,8.0,1.0,0.0,26.0,no,51.0,33.0,300,coruña,banca seguros,157.0
02/07/2025,945.5088985268055,golpe en aparcamiento,urbana,13 263,0.0,1.0,1.0,48.0,no,70.0,50.0,0,valencia,directo,140.0
17/10/2024,1615.8845412570154,colisión frontal,interurbana,10 593,9.0,1.0,0.0,61.0,no,59.0,43.0,0,sevilla,directo,26.0
25/02/2025,847.8909740923826,alcance,urbana,12 796,14.0,1.0,0.0,79.0,no,35.0,12.0,0,sevilla,banca seguros,90.0
12/06/2025,1041.3183230448865,salida de vía,interurbana,3 682,15.0,3.0,0.0,61.0,sí,49.0,42.0,600,zaragoza,directo,171.0
23/08/2024,1183.6183325105346,colisión frontal,urbana,13 934,22.0,2.0,0.0,55.0,sí,66.0,17.0,150,coruña,mediador,97.0
04/03/2024,476.2124590297925,golpe en aparcamiento,urbana,11 132,19.0,1.0,3.0,9.0,no,26.0,3.0,150,sevilla,directo,22.0
06/06/2024,425.2211867025434,GOLPE EN APARCAMIENTO,interurbana,7 861,8.0,1.0,0.0,70.0,no,35.0,14.0,300,zaragoza,mediador,150.0
07/09/2024,965.71969753071,  robo ,urbana,14 547,17.0,3.0,0.0,34.0,no,31.0,49.0,0,coruña,mediador,70.0
16/06/2024,1257.1530096220388,  golpe en aparcamiento ,urbana,30 576,13.0,1.0,6.0,37.0,sí,49.0,24.0,300,barcelona,directo,24.0
29/06/2025,1911.201792715804,alcance,urbana,51 274,13.0,1.0,0.0,68.0,no,53.0,13.0,0,sevilla,directo,40.0
23/02/2025,707.9142465658861,alcance,autopista,6 233,11.0,1.0,0.0,55.0,no,35.0,43.0,0,zaragoza,directo,57.0
11/06/2024,1629.348937139483,golpe en aparcamiento,interurbana,9 232,21.0,4.0,0.0,74.0,no,58.0,32.0,0,zaragoza,mediador,16.0
03/01/2024,1655.9311861784724,golpe en aparcamiento,interurbana,6 597,10.0,1.0,0.0,21.0,sí,74.0,18.0,150,zaragoza,banca seguros,132.0
12/03/2025,922.4519402671425,robo,urbana,5 653,4.0,4.0,0.0,69.0,no,39.0,50.0,300,barcelona,mediador,48.0
13/12/2025,1051.13079724555,  robo ,urbana,14 077,14.0,1.0,1.0,64.0,sí,46.0,13.0,0,zaragoza,directo,31.0
01/07/2024,2167.6079978226935,alcance,interurbana,15 343,13.0,1.0,2.0,91.0,sí,45.0,48.0,0,sevilla,mediador,167.0
07/01/2025,1167.496403211683,salida de vía,urbana,6 981,21.0,2.0,0.0,83.0,sí,41.0,39.0,150,madrid,mediador,159.0
24/02/2024,1639.7478780441472,colision frontal,urbana,8 874,17.0,1.0,0.0,49.0,no,26.0,46.0,0,barcelona,mediador,65.0
11/10/2025,3544.239130867328,  salida de vía ,urbana,15 880,18.0,3.0,0.0,25.0,no,55.0,49.0,150,zaragoza,directo,82.0
02/10/2024,5690.699713827706,incendio,interurbana,3 821,15.0,1.0,0.0,61.0,sí,82.0,1.0,0,madrid,directo,88.0
11/05/2025,1044.78880049048,SALIDA DE VÍA,interurbana,3 856,17.0,2.0,1.0,44.0,no,25.0,11.0,300,madrid,mediador,155.0
14/09/2025,2260.0336416009704,alcance,interurbana,32 276,11.0,2.0,1.0,27.0,no,36.0,13.0,600,madrid,mediador,29.0
04/11/2025,10154.596694761653,salida de vía,autopista,20 495,5.0,2.0,1.0,69.0,no,32.0,25.0,0,zaragoza,mediador,34.0
30/01/2024,1337.831675008933,salida de via,urbana,11 120,21.0,3.0,0.0,28.0,no,33.0,5.0,150,coruña,directo,33.0
02/04/2025,1969.7251263487276,alcance,interurbana,4 897,21.0,4.0,0.0,43.0,no,25.0,5.0,600,zaragoza,mediador,82.0
31/03/2024,2145.4410662996047,robo,interurbana,7 894,4.0,4.0,0.0,49.0,N/D,49.0,35.0,150,zaragoza,mediador,53.0
20/07/2025,1030.6134901696282,salida de vía,autopista,4 826,13.0,2.0,0.0,14.0,no,46.0,45.0,0,sevilla,banca seguros,35.0
06/04/2025,2029.1476925540446,golpe en aparcamiento,autopista,32 051,9.0,2.0,0.0,59.0,no,43.0,2.0,150,valencia,directo,137.0
29/06/2024,525.6399285465171,alcance,urbana,9 230,22.0,2.0,0.0,53.0,no,32.0,27.0,0,coruña,mediador,90.0
17/11/2025,17114.17987871178,colisión frontal,autopista,12 944,6.0,2.0,0.0,81.0,sí,55.0,21.0,150,valencia,directo,94.0
02/02/2025,11456.88992432574,incendio,urbana,9 226,0.0,1.0,0.0,66.0,sí,18.0,35.0,300,valencia,banca seguros,151.0
12/08/2024,404.6447723229304,golpe en aparcamiento,interurbana,4 485,7.0,1.0,0.0,53.0,no,28.0,28.0,150,zaragoza,banca seguros,168.0
17/03/2025,4727.233758029277,salida de vía,autopista,8 214,11.0,4.0,0.0,67.0,N/D,54.0,8.0,150,sevilla,banca seguros,163.0
11/05/2024,1323.1750832234911,salida de vía,autopista,3 993,12.0,1.0,0.0,15.0,no,57.0,23.0,300,valencia,mediador,18.0
01/07/2024,1152.3815927010405,alcance,urbana,5 414,3.0,5.0,0.0,88.0,no,43.0,50.0,600,valencia,banca seguros,43.0
23/09/2025,793.7346612857169,salida de via,urbana,7 803,13.0,3.0,0.0,33.0,no,47.0,33.0,600,madrid,directo,48.0
22/01/2024,939.9738776150191,colisión frontal,urbana,1 494,15.0,2.0,0.0,79.0,no,21.0,18.0,0,barcelona,mediador,134.0
29/12/2024,30762.669113069183,INCENDIO,autopista,14 136,10.0,2.0,0.0,64.0,no,48.0,8.0,0,sevilla,directo,159.0
06/10/2024,615.2263790067535,golpe en aparcamiento,urbana,8 882,17.0,1.0,0.0,39.0,sí,22.0,47.0,600,barcelona,mediador,52.0
14/04/2025,4043.565435692183,golpe en aparcamiento,interurbana,38 789,17.0,1.0,1.0,48.0,N/D,61.0,19.0,0,sevilla,directo,170.0
07/10/2024,3132.7005920048905,alcance,autopista,8 013,1.0,2.0,0.0,57.0,no,43.0,28.0,0,madrid,directo,81.0
11/04/2025,1312.2511062747137,GOLPE EN APARCAMIENTO,interurbana,10 337,15.0,1.0,0.0,38.0,no,59.0,48.0,0,madrid,mediador,34.0
30/01/2024,566.5417256053616,golpe en aparcamiento,urbana,11 146,17.0,1.0,0.0,26.0,no,32.0,0.0,300,valencia,banca seguros,10.0
26/02/2024,1093.4389851284573,golpe en aparcamiento,interurbana,10 958,5.0,3.0,0.0,27.0,no,28.0,7.0,300,barcelona,directo,32.0
05/09/2025,3123.647533884335,robo,interurbana,13 005,0.0,3.0,0.0,60.0,sí,51.0,33.0,0,zaragoza,banca seguros,48.0
26/09/2025,551.5185348645373,alcance,urbana,14 223,4.0,2.0,0.0,40.0,no,29.0,25.0,150,zaragoza,mediador,48.0
03/03/2025,314.5953119156342,GOLPE EN APARCAMIENTO,interurbana,16 111,15.0,1.0,1.0,61.0,no,40.0,6.0,150,barcelona,mediador,121.0
16/11/2025,8948.69715029402,robo,interurbana,97 960,10.0,2.0,1.0,48.0,no,34.0,32.0,0,valencia,directo,62.0
31/08/2024,5452.148720565419,  golpe en aparcamiento ,autopista,37 901,1.0,3.0,0.0,43.0,sí,19.0,46.0,300,zaragoza,mediador,60.0
23/06/2025,2049.952175470313,colisión frontal,urbana,3 345,0.0,1.0,0.0,39.0,no,43.0,14.0,300,barcelona,mediador,24.0
30/10/2024,641.3901012921757,golpe en aparcamiento,urbana,8 073,7.0,3.0,0.0,58.0,sí,38.0,24.0,0,valencia,banca seguros,51.0
31/10/2025,599.1084388633518,ALCANCE,urbana,7 496,19.0,3.0,0.0,44.0,sí,31.0,1.0,150,valencia,mediador,92.0
09/01/2025,1778.0935578689823,salida de vía,urbana,13 831,8.0,5.0,0.0,64.0,no,40.0,17.0,0,madrid,mediador,151.0
23/07/2024,1658.3682974049286,alcance,interurbana,14 010,20.0,3.0,0.0,47.0,sí,46.0,49.0,150,valencia,mediador,124.0
14/10/2025,1021.0260729012396,colisión frontal,interurbana,4 255,3.0,3.0,0.0,50.0,no,36.0,30.0,300,madrid,mediador,107.0
05/05/2025,1346.747740969437,golpe en aparcamiento,interurbana,8 729,19.0,1.0,0.0,45.0,N/D,57.0,22.0,0,madrid,directo,64.0
15/06/2024,3068.4380013319023,SALIDA DE VÍA,interurbana,13 826,2.0,4.0,0.0,45.0,no,51.0,27.0,0,valencia,mediador,149.0
29/04/2025,620.5968105142812,  alcance ,urbana,13 652,3.0,1.0,0.0,45.0,no,82.0,15.0,300,valencia,directo,52.0
17/03/2024,1996.405632002511,alcance,urbana,55 942,16.0,1.0,0.0,93.0,no,35.0,3.0,0,barcelona,directo,114.0
07/10/2024,2195.976659108865,robo,interurbana,11 816,10.0,1.0,0.0,42.0,no,57.0,20.0,0,coruña,banca seguros,164.0
23/06/2025,1219.4247124598326,salida de via,urbana,15 375,17.0,1.0,0.0,78.0,no,43.0,49.0,0,valencia,mediador,170.0
27/02/2024,1839.069804993219,salida de vía,interurbana,7 023,4.0,3.0,0.0,30.0,no,30.0,8.0,150,madrid,directo,29.0
08/09/2025,1117.4623737079285,  alcance ,urbana,5 969,16.0,2.0,0.0,59.0,no,31.0,9.0,300,madrid,mediador,128.0
17/04/2025,1496.5407265273034,salida de via,urbana,7 120,20.0,2.0,1.0,41.0,no,43.0,49.0,150,sevilla,mediador,47.0
14/04/2025,4849.8729828949945,salida de vía,autopista,17 042,0.0,2.0,1.0,65.0,no,56.0,33.0,300,sevilla,mediador,179.0
02/10/2024,2406.459358957434,alcance,autopista,12 361,3.0,1.0,0.0,46.0,no,53.0,27.0,0,madrid,directo,10.0
20/06/2024,292.58469336015753,golpe en aparcamiento,interurbana,6 973,15.0,1.0,0.0,12.0,sí,84.0,2.0,300,madrid,mediador,8.0
06/05/2024,1631.3544875727991,golpe en aparcamiento,urbana,13 121,3.0,2.0,1.0,82.0,sí,28.0,45.0,0,coruña,mediador,109.0
12/06/2025,367.6102354814789,  golpe en aparcamiento ,urbana,6 312,7.0,2.0,0.0,33.0,no,43.0,1.0,0,sevilla,directo,113.0
20/02/2025,851.8061271720878,golpe en aparcamiento,urbana,11 727,10.0,1.0,0.0,48.0,sí,52.0,28.0,150,barcelona,banca seguros,22.0
15/09/2024,468.6388050531283,golpe en aparcamiento,interurbana,8 667,20.0,2.0,0.0,36.0,no,53.0,48.0,300,barcelona,mediador,48.0
06/07/2025,1690.8187407865794,robo,autopista,6 832,12.0,1.0,0.0,30.0,no,39.0,23.0,150,sevilla,directo,177.0
25/03/2025,1242.1271167384953,alcance,urbana,11 542,1.0,1.0,0.0,71.0,sí,60.0,25.0,150,barcelona,directo,63.0
04/04/2024,1639.4933835925483,colisión frontal,urbana,7 684,21.0,2.0,0.0,82.0,N/D,74.0,40.0,300,madrid,directo,148.0
17/09/2025,4418.796972755899,alcance,urbana,12 742,1.0,1.0,0.0,68.0,sí,47.0,40.0,0,valencia,banca seguros,47.0
22/02/2025,1395.6791623625286,SALIDA DE VÍA,urbana,18 137,19.0,1.0,0.0,81.0,no,35.0,7.0,300,sevilla,directo,1.0
08/06/2025,1190.1585981016012,colisión frontal,urbana,13 290,21.0,1.0,0.0,57.0,no,28.0,22.0,0,zaragoza,directo,102.0
13/06/2025,3515.4190933484165,colisión frontal,urbana,35 978,7.0,1.0,1.0,74.0,no,42.0,38.0,300,barcelona,mediador,69.0
24/08/2024,1321.4983243764755,alcance,urbana,11 578,3.0,5.0,0.0,40.0,sí,40.0,13.0,300,barcelona,mediador,67.0
08/08/2025,953.6539205390471,alcance,interurbana,10 243,5.0,1.0,3.0,51.0,no,81.0,49.0,0,coruña,mediador,172.0
06/10/2025,579.2252526490158,golpe en aparcamiento,autopista,12 158,7.0,2.0,0.0,33.0,sí,43.0,40.0,0,coruña,mediador,177.0
16/12/2024,3509.66028114405,robo,urbana,25 644,16.0,1.0,1.0,55.0,sí,54.0,45.0,150,madrid,mediador,114.0
02/12/2025,974.2275108366866,alcance,autopista,5 150,14.0,1.0,1.0,64.0,no,51.0,35.0,300,sevilla,banca seguros,48.0
10/12/2024,9448.289122364886,incendio,urbana,10 418,12.0,3.0,1.0,40.0,sí,25.0,46.0,0,sevilla,directo,138.0
19/02/2024,1498.0344006215448,colisión frontal,urbana,9 360,11.0,1.0,2.0,54.0,sí,55.0,40.0,300,madrid,mediador,101.0
19/02/2025,1194.9123254029807,  salida de vía ,urbana,9 891,6.0,1.0,1.0,63.0,no,55.0,0.0,0,coruña,banca seguros,69.0
23/07/2024,721.5105546789014,golpe en aparcamiento,urbana,22 459,22.0,1.0,0.0,72.0,sí,59.0,45.0,150,zaragoza,mediador,39.0
29/07/2024,2120.8377353437163,alcance,autopista,8 359,8.0,1.0,0.0,21.0,no,18.0,12.0,300,valencia,directo,128.0
10/08/2025,487.6427226616003,alcance,interurbana,5 512,21.0,1.0,1.0,74.0,no,49.0,36.0,600,zaragoza,directo,35.0
26/10/2025,216.59059879819304,golpe en aparcamiento,urbana,5 499,14.0,2.0,0.0,49.0,no,71.0,10.0,600,madrid,directo,7.0
19/12/2024,703.0754000143123,ALCANCE,interurbana,3 789,3.0,2.0,0.0,60.0,no,42.0,37.0,0,barcelona,mediador,173.0
25/12/2024,1718.4345142267905,alcance,autopista,18 329,10.0,2.0,4.0,43.0,no,63.0,34.0,0,valencia,mediador,117.0
04/10/2025,665.3909267616743,alcance,interurbana,11 642,14.0,4.0,0.0,65.0,no,64.0,27.0,150,sevilla,directo,146.0
27/12/2025,772.1432948146661,golpe en aparcamiento,autopista,17 695,9.0,2.0,3.0,37.0,no,40.0,9.0,0,valencia,mediador,130.0
03/08/2025,671.8374021868815,salida de vía,urbana,11 352,17.0,1.0,1.0,45.0,no,58.0,37.0,150,madrid,mediador,48.0
06/12/2024,1512.2223366613705,alcance,urbana,20 523,1.0,1.0,2.0,48.0,sí,47.0,0.0,0,barcelona,mediador,90.0
29/09/2025,2270.165027880261,COLISIÓN FRONTAL,urbana,28 066,15.0,2.0,0.0,32.0,no,46.0,31.0,0,sevilla,mediador,94.0
16/03/2025,159.37566772830002,golpe en aparcamiento,urbana,3 420,8.0,2.0,0.0,30.0,no,37.0,18.0,300,madrid,mediador,13.0
29/10/2024,1884.0540252770422,robo,urbana,6 056,17.0,1.0,1.0,47.0,no,45.0,27.0,300,madrid,mediador,45.0
19/02/2024,2145.6601496042144,alcance,urbana,8 052,10.0,2.0,0.0,94.0,no,47.0,36.0,0,coruña,banca seguros,175.0
30/11/2024,461.74310699477905,  golpe en aparcamiento ,interurbana,5 866,20.0,2.0,0.0,65.0,no,49.0,9.0,300,sevilla,banca seguros,56.0
22/03/2025,12716.54282416484,incendio,urbana,15 739,9.0,2.0,0.0,111.0,no,20.0,25.0,0,valencia,mediador,59.0
27/02/2025,924.3795789793753,salida de vía,urbana,3 569,6.0,3.0,0.0,7.0,no,27.0,11.0,300,zaragoza,mediador,24.0
22/08/2024,2412.1110858026723,golpe en aparcamiento,urbana,39 798,9.0,1.0,1.0,61.0,no,47.0,11.0,0,sevilla,banca seguros,96.0
06/05/2024,2026.3904120901661,robo,interurbana,24 907,11.0,1.0,0.0,78.0,no,53.0,45.0,0,madrid,directo,140.0
07/06/2025,508.55495180117066,golpe en aparcamiento,urbana,5 000,15.0,3.0,0.0,83.0,no,53.0,41.0,150,sevilla,directo,50.0
02/12/2025,398.18328563563387,golpe en aparcamiento,autopista,8 128,17.0,1.0,0.0,51.0,no,28.0,23.0,0,valencia,mediador,21.0
04/10/2025,487.68987137995595,alcance,urbana,11 126,12.0,3.0,0.0,41.0,no,58.0,50.0,300,madrid,banca seguros,146.0
10/08/2024,2864.8265682117226,COLISIÓN FRONTAL,urbana,6 716,16.0,2.0,0.0,83.0,no,40.0,36.0,600,madrid,mediador,95.0
24/04/2025,2226.0351450565736,alcance,interurbana,17 064,17.0,2.0,0.0,63.0,no,42.0,9.0,150,sevilla,banca seguros,146.0
05/12/2025,952.0151732652424,alcance,urbana,9 667,9.0,1.0,0.0,55.0,no,55.0,32.0,300,coruña,directo,41.0
30/06/2024,1966.9486753937974,robo,autopista,21 777,20.0,2.0,0.0,52.0,sí,34.0,14.0,0,sevilla,directo,123.0
26/12/2024,5505.560355175385,  salida de vía ,interurbana,17 102,22.0,3.0,0.0,67.0,sí,18.0,0.0,600,barcelona,mediador,94.0
14/01/2025,3257.373527075037,COLISIÓN FRONTAL,interurbana,5 453,4.0,2.0,0.0,41.0,no,49.0,4.0,0,valencia,mediador,122.0
19/10/2024,972.1985851314928,alcance,interurbana,6 030,7.0,2.0,0.0,28.0,no,23.0,12.0,300,madrid,mediador,28.0
20/02/2025,2189.6962930405075,ALCANCE,autopista,4 970,3.0,4.0,2.0,62.0,no,55.0,14.0,600,coruña,mediador,17.0
26/06/2025,3250.2639912629884,  colisión frontal ,interurbana,11 433,0.0,4.0,0.0,55.0,no,52.0,6.0,300,barcelona,directo,43.0
26/04/2025,327.7014164673616,golpe en aparcamiento,urbana,6 343,20.0,2.0,0.0,49.0,no,49.0,29.0,0,zaragoza,mediador,109.0
12/01/2024,211.37558867795252,golpe en aparcamiento,urbana,2 786,9.0,2.0,0.0,20.0,no,48.0,33.0,600,valencia,directo,145.0
28/07/2024,1691.8634821042406,colisión frontal,urbana,4 246,5.0,1.0,0.0,50.0,sí,22.0,13.0,300,madrid,mediador,117.0
01/05/2025,606.5628723271024,alcance,urbana,14 072,14.0,5.0,1.0,3.0,N/D,57.0,33.0,0,madrid,banca seguros,82.0
25/07/2024,1196.8435627118415,alcance,urbana,10 260,7.0,2.0,2.0,36.0,no,58.0,49.0,0,barcelona,mediador,68.0
25/06/2025,505.70461038817376,colisión frontal,urbana,6 022,19.0,3.0,0.0,49.0,no,65.0,11.0,150,madrid,directo,63.0
17/06/2025,1591.1392282572983,alcance,urbana,16 043,3.0,2.0,0.0,36.0,sí,64.0,28.0,150,zaragoza,directo,80.0
14/01/2025,483.62665490920665,golpe en aparcamiento,autopista,17 478,8.0,1.0,0.0,35.0,no,18.0,27.0,0,coruña,mediador,135.0
19/09/2025,1048.9029625811863,golpe en aparcamiento,urbana,33 061,12.0,1.0,0.0,24.0,no,73.0,8.0,150,sevilla,mediador,115.0
03/09/2024,1583.5668568523045,  golpe en aparcamiento ,urbana,17 562,2.0,3.0,0.0,52.0,no,44.0,42.0,300,madrid,directo,128.0
13/09/2024,1689.2730890169933,  colisión frontal ,urbana,6 403,12.0,1.0,0.0,45.0,no,20.0,26.0,600,valencia,directo,122.0
17/06/2025,3633.309104507136,golpe en aparcamiento,interurbana,7 981,10.0,4.0,0.0,44.0,sí,66.0,28.0,150,zaragoza,mediador,75.0
24/04/2024,1301.160619634523,golpe en aparcamiento,urbana,6 944,7.0,1.0,0.0,49.0,sí,59.0,30.0,300,valencia,mediador,153.0
19/01/2024,4355.592741997597,colisión frontal,urbana,9 141,12.0,2.0,0.0,53.0,no,49.0,12.0,0,barcelona,directo,42.0
21/01/2024,1477.4451469296043,  colisión frontal ,urbana,9 209,17.0,1.0,1.0,53.0,no,66.0,43.0,0,coruña,directo,108.0
16/09/2024,3912.5566479631,colision frontal,urbana,11 813,17.0,2.0,0.0,41.0,no,33.0,25.0,0,sevilla,directo,175.0
05/02/2025,568.2073749634142,golpe en aparcamiento,interurbana,9 929,17.0,3.0,1.0,55.0,no,51.0,23.0,150,valencia,directo,107.0
10/01/2024,1873.168180334091,alcance,urbana,10 389,15.0,1.0,0.0,76.0,no,67.0,12.0,0,sevilla,directo,62.0
05/11/2024,3338.401204618262,colisión frontal,interurbana,14 850,7.0,1.0,0.0,10.0,no,51.0,12.0,0,barcelona,banca seguros,68.0
05/06/2025,770.007633381222,alcance,urbana,16 161,0.0,3.0,0.0,72.0,no,61.0,27.0,0,coruña,directo,164.0
04/01/2025,606.8039150778685,alcance,urbana,20 918,0.0,1.0,0.0,33.0,no,22.0,23.0,300,coruña,directo,132.0
14/08/2025,397.6924203471726,golpe en aparcamiento,urbana,15 151,14.0,1.0,0.0,15.0,no,34.0,10.0,0,valencia,directo,175.0
17/09/2024,1382.6915629635296,ALCANCE,urbana,17 957,14.0,2.0,1.0,71.0,no,48.0,43.0,150,zaragoza,directo,64.0
03/04/2025,513.0988491264329,alcance,urbana,9 649,20.0,1.0,0.0,7.0,no,57.0,11.0,0,madrid,mediador,3.0
24/10/2024,317.71683851041126,alcance,interurbana,5 245,15.0,3.0,0.0,72.0,no,22.0,44.0,150,madrid,banca seguros,89.0
13/04/2025,1167.784667902193,  alcance ,urbana,11 976,1.0,3.0,1.0,0.0,no,59.0,1.0,0,coruña,mediador,115.0
01/01/2025,3012.5530557806264,alcance,urbana,12 431,14.0,1.0,0.0,70.0,no,62.0,13.0,150,zaragoza,directo,54.0
30/03/2024,1342.7689985968498,colisión frontal,urbana,12 350,5.0,1.0,0.0,49.0,no,23.0,31.0,150,sevilla,directo,138.0
11/05/2025,621.6421941346841,alcance,urbana,19 192,5.0,2.0,0.0,59.0,no,44.0,28.0,150,valencia,mediador,180.0
08/04/2025,9825.304525348069,  robo ,autopista,7 042,10.0,5.0,0.0,9.0,sí,65.0,22.0,0,madrid,banca seguros,2.0
01/02/2024,5872.26987748522,salida de vía,interurbana,29 093,1.0,2.0,0.0,69.0,no,37.0,11.0,300,coruña,mediador,2.0
13/01/2025,26912.32284033565,incendio,interurbana,22 696,0.0,1.0,3.0,101.0,no,56.0,25.0,300,sevilla,mediador,164.0
25/02/2025,1740.395836273202,robo,interurbana,11 599,8.0,1.0,0.0,76.0,no,45.0,41.0,150,sevilla,mediador,142.0
02/11/2024,1381.0294370587194,  golpe en aparcamiento ,urbana,18 544,3.0,2.0,0.0,30.0,sí,42.0,36.0,300,madrid,directo,121.0
31/01/2024,856.5132946367972,golpe en aparcamiento,urbana,10 234,5.0,5.0,0.0,44.0,no,57.0,21.0,0,madrid,directo,172.0
19/03/2025,655.681883667134,golpe en aparcamiento,urbana,16 997,16.0,2.0,0.0,0.0,no,58.0,30.0,150,coruña,directo,26.0
20/11/2025,998.5928747169772,golpe en aparcamiento,interurbana,11 459,17.0,1.0,0.0,63.0,no,52.0,39.0,600,sevilla,directo,137.0
24/09/2025,1264.9161428379653,alcance,urbana,10 889,1.0,1.0,0.0,2.0,no,18.0,43.0,0,barcelona,mediador,94.0
11/02/2024,10635.732381094092,salida de vía,autopista,10 209,7.0,1.0,0.0,39.0,sí,33.0,25.0,0,sevilla,banca seguros,22.0
03/09/2024,1522.4407112291033,salida de via,interurbana,7 955,2.0,2.0,0.0,85.0,sí,26.0,34.0,0,zaragoza,mediador,143.0
20/01/2024,2207.7871994028746,alcance,autopista,16 872,1.0,4.0,2.0,75.0,sí,47.0,42.0,0,valencia,mediador,101.0
30/12/2024,2891.2337750326033,salida de vía,urbana,7 992,20.0,4.0,0.0,44.0,no,31.0,16.0,0,valencia,directo,163.0
17/01/2024,1886.4520177695167,alcance,interurbana,32 570,17.0,1.0,0.0,44.0,sí,50.0,17.0,300,coruña,mediador,160.0
30/03/2025,1846.5767561583937,  alcance ,urbana,20 633,13.0,1.0,0.0,47.0,no,29.0,17.0,150,coruña,mediador,53.0
17/04/2024,622.6486978094638,colisión frontal,urbana,5 651,7.0,1.0,0.0,59.0,sí,48.0,50.0,0,madrid,banca seguros,141.0
08/06/2024,281.25447803932997,golpe en aparcamiento,urbana,9 853,6.0,1.0,0.0,60.0,sí,40.0,22.0,300,barcelona,directo,165.0
22/01/2025,812.8471146140065,alcance,interurbana,10 971,17.0,1.0,0.0,58.0,no,45.0,6.0,0,zaragoza,mediador,73.0
01/05/2024,862.5029633729167,alcance,interurbana,8 874,1.0,2.0,0.0,69.0,no,48.0,10.0,600,coruña,mediador,111.0
07/05/2024,560.7976991727144,GOLPE EN APARCAMIENTO,autopista,8 475,20.0,1.0,0.0,29.0,no,56.0,21.0,300,valencia,mediador,37.0
08/12/2025,1545.5092569394062,golpe en aparcamiento,autopista,37 854,10.0,1.0,0.0,62.0,no,47.0,44.0,0,barcelona,mediador,26.0
07/11/2024,6785.501251968441,SALIDA DE VÍA,autopista,11 475,5.0,2.0,0.0,79.0,sí,67.0,14.0,150,sevilla,directo,23.0
16/04/2025,1277.5197440816348,colisión frontal,urbana,4 740,22.0,2.0,0.0,58.0,no,52.0,48.0,150,sevilla,directo,72.0
19/08/2025,4189.812983050957,alcance,urbana,28 503,10.0,2.0,0.0,79.0,sí,29.0,23.0,150,valencia,mediador,70.0
22/03/2025,3879.631703530808,colisión frontal,urbana,19 531,12.0,2.0,0.0,0.0,no,41.0,34.0,600,sevilla,directo,99.0
23/06/2024,911.7035920583911,golpe en aparcamiento,autopista,21 250,20.0,2.0,0.0,79.0,no,36.0,16.0,0,zaragoza,mediador,127.0
20/11/2024,488.7724780371873,GOLPE EN APARCAMIENTO,interurbana,12 231,2.0,2.0,0.0,67.0,sí,54.0,32.0,300,coruña,mediador,64.0
18/05/2025,495.79967027851876,colisión frontal,interurbana,2 250,17.0,1.0,0.0,36.0,sí,49.0,16.0,150,coruña,directo,166.0
23/09/2024,14894.133901959998,incendio,urbana,8 982,1.0,4.0,1.0,50.0,no,39.0,33.0,600,valencia,mediador,46.0
30/04/2024,369.07717788909366,golpe en aparcamiento,interurbana,8 032,20.0,2.0,0.0,49.0,N/D,33.0,20.0,0,madrid,banca seguros,34.0
13/12/2024,1391.865847963129,COLISIÓN FRONTAL,interurbana,15 292,7.0,1.0,0.0,20.0,no,31.0,19.0,0,coruña,mediador,164.0
09/03/2024,523.1036513880691,golpe en aparcamiento,urbana,15 046,11.0,2.0,0.0,48.0,no,38.0,47.0,0,madrid,mediador,78.0
24/12/2025,596.2870384598563,  alcance ,interurbana,12 688,2.0,1.0,0.0,39.0,no,64.0,33.0,0,sevilla,directo,48.0
03/05/2025,687.8308394725703,golpe en aparcamiento,interurbana,14 591,4.0,1.0,0.0,47.0,no,21.0,2.0,0,zaragoza,mediador,131.0
28/01/2025,1217.4226278832136,alcance,urbana,9 663,0.0,4.0,0.0,91.0,no,66.0,6.0,600,barcelona,mediador,170.0
29/05/2025,26964.578896919764,incendio,interurbana,8 223,4.0,1.0,0.0,80.0,no,18.0,7.0,600,madrid,banca seguros,38.0
20/07/2025,182.98403031299756,golpe en aparcamiento,urbana,6 241,5.0,2.0,1.0,53.0,no,27.0,37.0,0,zaragoza,mediador,107.0
17/02/2024,3874.37676586454,  salida de vía ,interurbana,25 009,16.0,5.0,0.0,75.0,no,43.0,28.0,0,barcelona,directo,24.0
29/08/2025,2956.4178224010325,colisión frontal,urbana,9 648,12.0,1.0,1.0,92.0,no,33.0,24.0,0,zaragoza,banca seguros,44.0
28/11/2025,730.0527032807255,alcance,interurbana,10 759,8.0,1.0,0.0,108.0,no,23.0,18.0,0,valencia,banca seguros,146.0
26/03/2024,947.0381178280794,  golpe en aparcamiento ,interurbana,15 537,12.0,3.0,0.0,39.0,no,19.0,26.0,150,madrid,mediador,7.0
19/04/2024,1250.7362787155168,robo,urbana,5 601,4.0,3.0,0.0,50.0,no,67.0,31.0,0,sevilla,mediador,163.0
01/11/2024,18806.1183238511,incendio,interurbana,7 619,11.0,3.0,0.0,48.0,no,46.0,13.0,0,coruña,mediador,78.0
02/03/2025,1464.891807240303,alcance,urbana,10 916,4.0,4.0,0.0,83.0,no,60.0,42.0,300,coruña,mediador,159.0
11/05/2024,1764.84512814688,alcance,urbana,12 305,2.0,1.0,0.0,102.0,no,19.0,16.0,0,zaragoza,mediador,28.0
09/03/2024,2669.8523466975003,salida de vía,urbana,40 534,2.0,2.0,0.0,14.0,no,19.0,34.0,600,zaragoza,mediador,124.0
02/01/2024,3272.651691572007,SALIDA DE VÍA,autopista,12 864,13.0,2.0,0.0,4.0,sí,22.0,48.0,0,madrid,directo,129.0
21/11/2025,2565.4158758820054,salida de vía,urbana,37 033,22.0,1.0,0.0,65.0,no,23.0,41.0,150,coruña,directo,49.0
05/04/2025,619.8956826516131,robo,urbana,11 079,19.0,3.0,1.0,32.0,no,58.0,48.0,150,coruña,directo,104.0
26/02/2025,161.0074540739136,golpe en aparcamiento,urbana,15 293,4.0,1.0,0.0,59.0,no,59.0,11.0,600,coruña,banca seguros,30.0
05/02/2025,2540.21017090198,alcance,interurbana,24 458,14.0,1.0,0.0,79.0,sí,53.0,12.0,300,coruña,mediador,123.0
28/08/2024,524.7774217057279,salida de vía,urbana,8 927,18.0,1.0,1.0,60.0,no,43.0,2.0,300,coruña,directo,124.0
07/11/2025,1120.6647091037153,  alcance ,urbana,9 106,11.0,3.0,1.0,52.0,no,38.0,50.0,300,zaragoza,directo,105.0
02/05/2024,1011.1574357241598,alcance,interurbana,7 844,17.0,1.0,1.0,61.0,no,22.0,2.0,300,coruña,banca seguros,171.0
30/01/2025,3232.6320387474093,salida de via,urbana,20 500,22.0,2.0,0.0,22.0,sí,20.0,37.0,150,zaragoza,banca seguros,115.0
08/12/2025,167.35907024726438,alcance,interurbana,3 950,16.0,2.0,0.0,45.0,sí,63.0,13.0,0,zaragoza,banca seguros,173.0
13/08/2025,2130.878009219793,alcance,urbana,22 616,11.0,3.0,1.0,38.0,sí,32.0,36.0,0,zaragoza,banca seguros,69.0
04/07/2024,8614.535463886239,  robo ,autopista,15 709,4.0,2.0,0.0,84.0,sí,60.0,33.0,150,madrid,mediador,71.0
25/08/2024,4001.051377149945,colision frontal,urbana,10 919,16.0,1.0,1.0,55.0,N/D,21.0,38.0,600,valencia,banca seguros,111.0
01/04/2024,747.694932067821,golpe en aparcamiento,urbana,17 560,17.0,2.0,0.0,59.0,no,29.0,38.0,150,madrid,mediador,108.0
19/02/2025,725.7273777735184,golpe en aparcamiento,urbana,18 828,3.0,1.0,0.0,75.0,no,70.0,7.0,150,sevilla,mediador,158.0
12/11/2025,401.47391797524455,ALCANCE,urbana,7 607,1.0,2.0,0.0,54.0,no,31.0,19.0,300,zaragoza,mediador,36.0
24/02/2025,1051.308378849124,golpe en aparcamiento,autopista,21 368,13.0,2.0,0.0,66.0,no,47.0,19.0,300,coruña,directo,118.0
01/05/2024,749.4654110018505,golpe en aparcamiento,urbana,14 814,12.0,3.0,0.0,30.0,sí,71.0,5.0,300,barcelona,mediador,153.0
06/12/2025,573.295308361666,golpe en aparcamiento,urbana,28 986,13.0,1.0,0.0,81.0,no,39.0,27.0,0,zaragoza,mediador,137.0
23/07/2024,179.62872916617692,golpe en aparcamiento,interurbana,4 694,14.0,3.0,1.0,22.0,no,52.0,33.0,0,madrid,mediador,47.0
13/10/2024,1216.1379217665951,golpe en aparcamiento,autopista,23 855,11.0,1.0,0.0,35.0,N/D,34.0,37.0,0,coruña,mediador,7.0
14/02/2025,26600.49032861947,incendio,urbana,25 143,3.0,1.0,0.0,84.0,no,40.0,4.0,0,valencia,mediador,22.0
17/04/2024,1740.3584860547744,salida de vía,urbana,13 487,5.0,1.0,0.0,20.0,no,23.0,25.0,0,barcelona,mediador,81.0
27/11/2024,437.55471043635157,alcance,urbana,5 498,15.0,2.0,1.0,65.0,no,44.0,28.0,0,barcelona,banca seguros,50.0
22/08/2025,1960.2017915966082,alcance,urbana,21 930,11.0,1.0,0.0,53.0,sí,26.0,44.0,0,sevilla,directo,9.0
25/01/2025,2705.0270852721114,colision frontal,autopista,25 420,20.0,3.0,1.0,30.0,no,39.0,39.0,0,zaragoza,mediador,88.0
15/04/2024,4500.083898601128,salida de vía,interurbana,23 382,2.0,3.0,0.0,37.0,no,36.0,41.0,300,madrid,directo,16.0
31/10/2024,494.85128816485343,golpe en aparcamiento,urbana,7 630,13.0,5.0,0.0,43.0,sí,22.0,8.0,0,zaragoza,mediador,103.0
17/06/2024,638.7526189641786,  golpe en aparcamiento ,urbana,12 458,18.0,1.0,2.0,77.0,sí,40.0,16.0,150,madrid,mediador,61.0
21/12/2025,11579.054146253624,incendio,urbana,13 159,1.0,2.0,0.0,47.0,sí,47.0,22.0,150,zaragoza,mediador,156.0
12/01/2024,1063.8626270478294,colisión frontal,autopista,3 247,20.0,1.0,0.0,93.0,no,28.0,39.0,0,zaragoza,banca seguros,122.0
17/12/2025,574.1198523270967,ALCANCE,autopista,9 933,7.0,1.0,0.0,82.0,no,50.0,31.0,600,barcelona,directo,58.0
03/01/2024,1642.9658796782526,salida de vía,urbana,11 164,11.0,3.0,2.0,47.0,sí,43.0,36.0,150,barcelona,banca seguros,42.0
25/06/2025,1554.9821816887104,alcance,interurbana,19 660,20.0,2.0,0.0,68.0,N/D,18.0,40.0,300,valencia,mediador,98.0
20/05/2025,3168.3440263264306,alcance,urbana,39 794,8.0,3.0,0.0,83.0,no,57.0,33.0,150,valencia,mediador,55.0
12/06/2024,1491.611818809801,  alcance ,interurbana,27 530,1.0,2.0,0.0,70.0,no,54.0,40.0,150,madrid,mediador,141.0
11/10/2025,1350.9930814182019,alcance,autopista,10 696,19.0,1.0,0.0,78.0,sí,42.0,5.0,0,madrid,directo,59.0
25/09/2024,802.6073187134642,alcance,interurbana,20 626,20.0,1.0,0.0,0.0,no,50.0,4.0,150,sevilla,directo,28.0
27/12/2025,1022.4238790093989,golpe en aparcamiento,urbana,29 620,18.0,1.0,0.0,11.0,sí,29.0,11.0,0,sevilla,directo,135.0
07/04/2024,3885.8999322081772,colisión frontal,autopista,7 215,21.0,1.0,1.0,71.0,no,50.0,44.0,300,madrid,banca seguros,49.0
28/02/2025,2115.2998465739133,colision frontal,interurbana,20 479,6.0,2.0,1.0,48.0,no,53.0,38.0,300,barcelona,mediador,137.0
09/04/2024,3882.6392575559976,salida de vía,interurbana,11 074,15.0,3.0,0.0,45.0,no,73.0,46.0,150,valencia,banca seguros,133.0
05/09/2024,2430.5616802800896,  colisión frontal ,interurbana,8 938,1.0,2.0,0.0,25.0,sí,50.0,50.0,0,zaragoza,banca seguros,157.0
16/12/2024,1887.0646477918594,colisión frontal,interurbana,8 265,21.0,1.0,0.0,93.0,sí,33.0,3.0,0,coruña,directo,149.0
06/01/2025,755.0958920677164,golpe en aparcamiento,urbana,10 422,16.0,1.0,3.0,55.0,no,49.0,9.0,0,valencia,mediador,159.0
17/10/2025,3691.2414276146396,salida de vía,interurbana,8 775,10.0,2.0,0.0,46.0,no,45.0,44.0,150,madrid,directo,100.0
27/05/2024,356.4858936465895,alcance,interurbana,4 815,19.0,2.0,0.0,35.0,sí,39.0,24.0,150,coruña,directo,55.0
28/02/2024,1042.3759681675024,alcance,urbana,5 099,18.0,5.0,0.0,32.0,sí,44.0,16.0,0,sevilla,directo,146.0
10/04/2025,2410.0674098136865,  robo ,interurbana,19 297,2.0,1.0,1.0,59.0,no,71.0,30.0,0,coruña,mediador,145.0
09/02/2025,319.7649751919214,golpe en aparcamiento,urbana,7 184,22.0,1.0,0.0,21.0,sí,76.0,39.0,150,barcelona,directo,79.0
29/04/2024,417.30744641393204,robo,urbana,3 531,13.0,1.0,0.0,66.0,no,74.0,27.0,0,madrid,directo,119.0
03/11/2025,1041.8535003277016,golpe en aparcamiento,interurbana,7 107,7.0,1.0,1.0,54.0,sí,27.0,25.0,0,sevilla,mediador,130.0
26/11/2024,1011.9431906919167,alcance,interurbana,4 823,7.0,1.0,0.0,74.0,no,41.0,14.0,600,barcelona,mediador,155.0
28/02/2024,1557.041931551611,alcance,autopista,9 354,11.0,1.0,1.0,59.0,no,31.0,24.0,150,sevilla,mediador,51.0
27/06/2025,594.3567294554965,alcance,urbana,14 926,12.0,1.0,0.0,29.0,no,65.0,23.0,0,madrid,mediador,176.0
30/05/2024,917.2486356959593,golpe en aparcamiento,urbana,14 126,2.0,3.0,0.0,66.0,sí,43.0,38.0,300,barcelona,mediador,170.0
30/09/2025,1307.3796238637922,alcance,interurbana,20 929,20.0,1.0,1.0,50.0,no,54.0,50.0,150,coruña,directo,136.0
31/12/2024,1143.2106626267039,alcance,urbana,18 450,22.0,1.0,1.0,65.0,no,41.0,43.0,0,coruña,directo,51.0
27/10/2024,837.7599793032032,salida de vía,urbana,6 389,4.0,2.0,0.0,42.0,sí,41.0,28.0,0,sevilla,banca seguros,109.0
08/01/2024,37073.70314129705,incendio,urbana,35 327,17.0,1.0,0.0,56.0,no,37.0,26.0,150,barcelona,mediador,162.0
16/11/2025,806.4695809506505,alcance,interurbana,6 650,19.0,3.0,0.0,73.0,N/D,49.0,6.0,600,zaragoza,mediador,87.0
06/08/2024,396.81083650854896,alcance,urbana,6 444,0.0,2.0,0.0,45.0,no,32.0,41.0,0,barcelona,mediador,80.0
07/03/2024,2749.2024959107407,COLISIÓN FRONTAL,urbana,5 255,0.0,1.0,0.0,79.0,sí,49.0,6.0,150,madrid,mediador,120.0
12/01/2024,6803.460747988971,  colisión frontal ,urbana,8 466,13.0,1.0,0.0,31.0,no,20.0,21.0,300,zaragoza,mediador,169.0
10/10/2025,1038.3219270393724,colisión frontal,urbana,11 857,1.0,1.0,0.0,51.0,no,37.0,40.0,0,sevilla,directo,19.0
30/01/2024,776.8658534981339,alcance,autopista,5 746,0.0,2.0,0.0,56.0,N/D,38.0,35.0,300,zaragoza,mediador,31.0
06/01/2024,1955.6949343296276,alcance,urbana,11 150,0.0,1.0,0.0,84.0,sí,33.0,3.0,0,madrid,banca seguros,4.0
06/11/2025,4112.294223758478,alcance,autopista,20 697,14.0,2.0,0.0,79.0,no,56.0,50.0,300,zaragoza,mediador,170.0
05/06/2024,1262.2136530258629,golpe en aparcamiento,interurbana,7 537,10.0,1.0,0.0,7.0,no,52.0,46.0,300,coruña,mediador,118.0
12/06/2025,1406.2352135497545,ALCANCE,interurbana,6 618,7.0,5.0,0.0,44.0,sí,50.0,29.0,0,madrid,directo,179.0
04/02/2025,1572.1384563373874,robo,urbana,17 571,17.0,1.0,0.0,69.0,N/D,35.0,10.0,150,coruña,mediador,122.0
01/12/2025,383.4276821488744,alcance,urbana,5 890,1.0,2.0,0.0,75.0,no,64.0,27.0,300,valencia,mediador,164.0
19/12/2025,588.661071074311,golpe en aparcamiento,urbana,22 375,7.0,2.0,1.0,65.0,sí,39.0,24.0,0,zaragoza,directo,70.0
13/03/2024,458.15299167177915,GOLPE EN APARCAMIENTO,urbana,4 760,5.0,1.0,0.0,60.0,no,42.0,11.0,150,zaragoza,mediador,95.0
04/10/2024,1075.260761627156,robo,urbana,3 657,1.0,1.0,0.0,63.0,sí,28.0,49.0,150,valencia,mediador,24.0
20/12/2025,1579.6363435317203,SALIDA DE VÍA,urbana,5 156,16.0,1.0,0.0,32.0,sí,37.0,22.0,0,madrid,mediador,81.0
04/10/2024,1268.58804152292,salida de vía,urbana,9 567,18.0,1.0,2.0,70.0,no,52.0,44.0,150,barcelona,mediador,152.0
23/05/2024,2207.4618872848278,  colisión frontal ,urbana,9 717,4.0,1.0,1.0,66.0,no,43.0,41.0,300,valencia,mediador,142.0
03/04/2025,699.0928743727303,alcance,interurbana,14 760,15.0,1.0,0.0,61.0,no,71.0,47.0,150,zaragoza,mediador,46.0
05/02/2025,781.1725791907747,  golpe en aparcamiento ,interurbana,10 580,10.0,3.0,0.0,27.0,no,46.0,35.0,0,barcelona,mediador,177.0
16/09/2025,349.1634232272884,alcance,urbana,5 671,22.0,1.0,0.0,57.0,no,36.0,23.0,600,valencia,mediador,136.0
10/01/2024,1636.6527104813617,golpe en aparcamiento,urbana,12 134,0.0,4.0,0.0,66.0,sí,20.0,37.0,150,madrid,mediador,164.0
08/03/2025,2553.117607237069,colisión frontal,urbana,8 129,10.0,4.0,0.0,88.0,no,35.0,39.0,150,barcelona,directo,74.0
20/05/2025,583.7609165629813,golpe en aparcamiento,interurbana,5 057,8.0,1.0,0.0,70.0,no,34.0,2.0,150,madrid,mediador,15.0
04/07/2024,697.9736961251687,golpe en aparcamiento,interurbana,16 742,4.0,2.0,0.0,97.0,no,53.0,18.0,150,coruña,mediador,170.0
21/09/2025,4286.1123772551455,colisión frontal,urbana,15 022,20.0,1.0,0.0,62.0,sí,45.0,39.0,150,sevilla,mediador,149.0
28/01/2025,2633.8557862605803,colisión frontal,urbana,10 882,21.0,2.0,0.0,35.0,no,52.0,44.0,0,sevilla,directo,18.0
01/02/2024,1115.456526816609,  alcance ,urbana,9 880,0.0,3.0,0.0,41.0,sí,18.0,21.0,600,coruña,mediador,112.0
16/04/2024,658.556102963277,golpe en aparcamiento,interurbana,11 310,22.0,1.0,0.0,33.0,no,40.0,35.0,0,valencia,mediador,149.0
02/08/2024,2467.738619884657,  salida de vía ,interurbana,8 483,8.0,4.0,0.0,60.0,sí,37.0,14.0,150,valencia,banca seguros,144.0
31/05/2025,457.5472727962488,golpe en aparcamiento,urbana,7 814,3.0,2.0,0.0,92.0,no,53.0,25.0,0,valencia,mediador,63.0
03/01/2025,2992.472993287259,alcance,interurbana,20 222,22.0,1.0,0.0,73.0,no,49.0,22.0,0,madrid,mediador,126.0
16/04/2024,1364.0069603539532,colisión frontal,urbana,6 729,3.0,4.0,0.0,60.0,no,18.0,38.0,150,coruña,directo,67.0
06/10/2024,976.1849801666572,alcance,urbana,6 340,13.0,1.0,0.0,55.0,N/D,56.0,20.0,300,valencia,mediador,85.0
11/12/2025,1073.6227127731042,alcance,interurbana,25 045,16.0,3.0,0.0,66.0,no,55.0,20.0,0,madrid,mediador,9.0
15/01/2024,2654.3867725965224,salida de vía,interurbana,16 320,18.0,1.0,0.0,52.0,no,46.0,9.0,0,valencia,mediador,42.0
05/04/2025,202.3567474239429,golpe en aparcamiento,urbana,6 018,10.0,1.0,0.0,43.0,no,61.0,29.0,0,valencia,mediador,90.0
19/03/2025,2750.3451809487565,colisión frontal,interurbana,32 182,21.0,2.0,0.0,64.0,sí,39.0,49.0,300,madrid,mediador,166.0
28/10/2025,464.51182429035157,alcance,urbana,6 420,8.0,3.0,0.0,3.0,no,45.0,31.0,600,valencia,banca seguros,101.0
06/04/2025,13889.915558777824,colisión frontal,interurbana,45 249,13.0,2.0,0.0,40.0,no,40.0,50.0,300,zaragoza,directo,141.0
27/07/2025,1810.9368372222948,  salida de vía ,interurbana,8 012,12.0,5.0,0.0,52.0,no,18.0,40.0,600,sevilla,mediador,147.0
01/03/2025,594.1479085859672,golpe en aparcamiento,urbana,8 909,8.0,1.0,0.0,35.0,sí,58.0,39.0,150,coruña,mediador,135.0
13/01/2025,880.0136923015011,golpe en aparcamiento,interurbana,16 669,6.0,4.0,0.0,3.0,no,71.0,12.0,600,zaragoza,mediador,6.0
28/03/2025,309.41093516571004,golpe en aparcamiento,autopista,5 392,6.0,2.0,1.0,48.0,no,56.0,50.0,600,zaragoza,mediador,172.0
23/07/2025,1054.0513863170977,golpe en aparcamiento,interurbana,15 236,1.0,1.0,0.0,8.0,no,45.0,15.0,150,zaragoza,banca seguros,115.0
29/03/2025,1980.5083019156805,alcance,interurbana,5 484,2.0,1.0,0.0,72.0,no,34.0,28.0,0,barcelona,directo,5.0
01/02/2025,1544.93666327644,ALCANCE,autopista,13 437,11.0,2.0,1.0,37.0,no,44.0,29.0,0,zaragoza,directo,54.0
02/11/2025,998.1183825522671,alcance,urbana,8 062,10.0,1.0,0.0,44.0,sí,51.0,25.0,300,valencia,banca seguros,35.0
13/10/2024,1158.950001354377,alcance,autopista,4 728,7.0,3.0,0.0,54.0,no,79.0,40.0,300,zaragoza,directo,43.0
22/07/2025,1221.4336174961188,salida de vía,urbana,12 267,6.0,1.0,0.0,50.0,sí,69.0,33.0,300,madrid,banca seguros,90.0
22/07/2024,1556.7359009356474,golpe en aparcamiento,autopista,8 906,5.0,1.0,0.0,39.0,sí,50.0,8.0,600,barcelona,mediador,65.0
11/09/2025,998.371168530471,  colisión frontal ,urbana,5 502,9.0,2.0,0.0,63.0,no,24.0,17.0,600,zaragoza,mediador,84.0
04/02/2025,1021.7579075130594,alcance,urbana,15 079,1.0,3.0,0.0,54.0,sí,18.0,14.0,0,sevilla,banca seguros,32.0
14/02/2024,326.398747609099,golpe en aparcamiento,interurbana,16 056,12.0,1.0,0.0,57.0,no,55.0,4.0,300,barcelona,directo,137.0
11/02/2025,701.3943796758871,alcance,urbana,24 019,19.0,1.0,0.0,38.0,no,21.0,22.0,0,sevilla,mediador,169.0
10/02/2025,5501.655668699032,  robo ,urbana,24 114,5.0,1.0,0.0,61.0,sí,44.0,1.0,600,madrid,directo,54.0
02/05/2025,785.2750985141828,alcance,autopista,3 009,11.0,1.0,0.0,61.0,no,27.0,8.0,600,barcelona,mediador,50.0
09/07/2025,3677.9533311148884,robo,interurbana,12 807,12.0,2.0,0.0,40.0,sí,53.0,15.0,0,barcelona,banca seguros,44.0
20/05/2025,2988.8886481467052,salida de vía,urbana,16 550,11.0,4.0,0.0,65.0,no,63.0,41.0,0,coruña,directo,65.0
27/06/2024,2386.37353210591,salida de via,urbana,9 525,21.0,1.0,0.0,50.0,no,48.0,0.0,0,zaragoza,mediador,45.0
30/12/2025,3314.472049569766,robo,urbana,35 690,3.0,1.0,0.0,46.0,no,65.0,26.0,150,sevilla,directo,46.0
24/05/2024,2654.5638574936233,colisión frontal,autopista,4 855,19.0,2.0,0.0,43.0,sí,28.0,46.0,0,madrid,mediador,168.0
09/03/2024,638.3553067857598,golpe en aparcamiento,interurbana,13 768,5.0,2.0,2.0,7.0,no,60.0,39.0,0,zaragoza,mediador,170.0
10/02/2024,21175.679041811378,incendio,interurbana,20 042,3.0,1.0,0.0,46.0,no,45.0,32.0,0,barcelona,directo,30.0
28/11/2024,989.9906257382848,golpe en aparcamiento,autopista,9 455,3.0,1.0,0.0,11.0,no,55.0,14.0,0,valencia,mediador,177.0
15/11/2024,1410.7017827059271,salida de via,urbana,7 536,0.0,1.0,1.0,46.0,no,56.0,26.0,150,madrid,directo,128.0
29/02/2024,149.82432916328492,golpe en aparcamiento,interurbana,2 478,20.0,2.0,0.0,54.0,sí,23.0,42.0,0,barcelona,directo,7.0
30/07/2024,1514.5163873916135,alcance,interurbana,22 901,1.0,1.0,0.0,79.0,no,35.0,2.0,0,zaragoza,mediador,103.0
20/05/2024,1396.9797743607069,ALCANCE,interurbana,11 581,5.0,1.0,0.0,64.0,sí,52.0,22.0,0,zaragoza,mediador,39.0
21/03/2025,2452.2788234599384,alcance,interurbana,15 112,14.0,2.0,0.0,52.0,sí,41.0,7.0,150,zaragoza,mediador,37.0
30/03/2024,782.8339029030708,golpe en aparcamiento,urbana,17 517,1.0,1.0,0.0,30.0,no,43.0,6.0,300,coruña,mediador,33.0
15/07/2024,7368.690817330309,incendio,interurbana,8 755,19.0,2.0,0.0,13.0,no,66.0,12.0,0,valencia,directo,147.0
10/11/2024,8091.119785141954,colisión frontal,interurbana,18 004,10.0,2.0,0.0,38.0,no,53.0,29.0,0,valencia,directo,62.0
02/01/2024,1005.2468682960474,alcance,interurbana,26 384,18.0,4.0,0.0,75.0,no,50.0,41.0,0,sevilla,banca seguros,8.0
24/09/2025,1500.0702867728098,robo,interurbana,5 711,3.0,3.0,0.0,33.0,no,66.0,21.0,0,zaragoza,directo,15.0
24/08/2024,983.7625030415113,salida de vía,urbana,17 249,6.0,1.0,0.0,60.0,no,76.0,43.0,150,zaragoza,mediador,3.0
01/03/2024,1111.2163754242004,robo,urbana,14 980,5.0,1.0,0.0,70.0,sí,39.0,11.0,150,valencia,directo,9.0
03/07/2024,369.373554497682,golpe en aparcamiento,autopista,11 023,21.0,3.0,0.0,62.0,no,38.0,32.0,0,coruña,mediador,59.0
23/04/2025,690.8024468058074,colisión frontal,interurbana,4 912,14.0,2.0,0.0,59.0,no,56.0,3.0,0,sevilla,mediador,118.0
08/05/2025,4627.644096670102,  robo ,autopista,15 565,6.0,1.0,0.0,46.0,no,52.0,49.0,150,sevilla,directo,128.0
06/11/2024,3587.7059125525316,  incendio ,urbana,6 069,10.0,2.0,0.0,53.0,no,36.0,39.0,0,valencia,mediador,20.0
08/02/2024,1060.5067037128795,salida de vía,interurbana,8 648,8.0,1.0,0.0,54.0,no,33.0,8.0,300,sevilla,banca seguros,128.0
04/01/2024,1478.4015648235786,golpe en aparcamiento,autopista,11 327,9.0,2.0,0.0,50.0,N/D,57.0,37.0,300,coruña,directo,105.0
18/09/2025,3146.164176921939,alcance,autopista,24 540,16.0,2.0,0.0,33.0,sí,74.0,35.0,0,sevilla,directo,142.0
24/01/2024,1099.4154052293077,alcance,interurbana,11 663,10.0,1.0,0.0,59.0,no,23.0,31.0,300,zaragoza,mediador,86.0
28/10/2024,534.4601764652289,golpe en aparcamiento,interurbana,12 422,0.0,2.0,0.0,57.0,sí,37.0,7.0,0,madrid,mediador,81.0
13/07/2024,200.50294183969586,GOLPE EN APARCAMIENTO,urbana,12 393,10.0,2.0,0.0,36.0,no,58.0,24.0,0,barcelona,mediador,168.0
20/04/2024,185.38016245336667,alcance,urbana,3 440,8.0,1.0,0.0,87.0,no,51.0,44.0,0,valencia,mediador,143.0
13/12/2025,202.43435293313792,GOLPE EN APARCAMIENTO,urbana,8 270,15.0,2.0,1.0,70.0,no,46.0,5.0,0,sevilla,mediador,19.0
22/03/2025,1365.5279965965801,golpe en aparcamiento,interurbana,8 879,15.0,5.0,0.0,78.0,no,47.0,20.0,150,madrid,directo,73.0
01/07/2025,340.3183634699222,golpe en aparcamiento,urbana,26 297,20.0,1.0,0.0,56.0,no,43.0,36.0,0,valencia,directo,158.0
21/01/2024,219.99613102948575,golpe en aparcamiento,urbana,21 041,10.0,2.0,0.0,65.0,N/D,44.0,41.0,600,sevilla,banca seguros,51.0
29/08/2024,2708.562419241089,salida de vía,autopista,22 625,18.0,2.0,0.0,70.0,no,49.0,9.0,0,barcelona,directo,7.0
29/01/2025,3533.284472832734,ROBO,urbana,13 085,7.0,2.0,0.0,38.0,no,66.0,23.0,0,coruña,mediador,112.0
09/03/2024,1323.0880387090012,  colisión frontal ,urbana,9 247,12.0,2.0,0.0,38.0,no,49.0,49.0,300,coruña,mediador,109.0
20/11/2025,3561.649183913045,COLISIÓN FRONTAL,interurbana,3 705,19.0,4.0,0.0,42.0,no,40.0,22.0,300,coruña,banca seguros,94.0
09/12/2024,453.4367374498777,alcance,urbana,15 390,0.0,3.0,0.0,25.0,no,47.0,45.0,300,zaragoza,banca seguros,104.0
12/03/2025,459.455762077275,golpe en aparcamiento,interurbana,3 294,16.0,1.0,0.0,70.0,sí,37.0,3.0,0,coruña,directo,159.0
20/07/2025,604.0025113300096,alcance,urbana,30 973,20.0,2.0,0.0,83.0,no,32.0,26.0,600,barcelona,mediador,52.0
16/07/2025,1151.3118150172309,robo,urbana,5 860,17.0,5.0,0.0,38.0,no,30.0,33.0,0,zaragoza,directo,140.0
01/06/2025,1676.142581341626,alcance,interurbana,13 165,18.0,2.0,0.0,85.0,no,38.0,47.0,300,valencia,mediador,157.0
30/01/2024,746.4401305208456,colisión frontal,interurbana,6 696,17.0,1.0,0.0,19.0,sí,37.0,26.0,0,zaragoza,mediador,99.0
07/10/2025,650.7516664881074,alcance,interurbana,18 865,7.0,1.0,0.0,44.0,no,68.0,6.0,600,sevilla,mediador,105.0
13/12/2025,962.8223718588804,ALCANCE,urbana,4 914,6.0,2.0,1.0,41.0,no,55.0,34.0,0,coruña,directo,155.0
05/11/2024,1782.1706280441972,alcance,urbana,31 787,13.0,1.0,0.0,53.0,no,36.0,12.0,0,coruña,directo,84.0
12/12/2025,2079.24649632794,colisión frontal,urbana,26 381,6.0,2.0,0.0,36.0,sí,27.0,50.0,300,madrid,directo,132.0
24/10/2024,774.8409289923551,golpe en aparcamiento,interurbana,19 026,16.0,1.0,0.0,62.0,no,60.0,26.0,0,sevilla,directo,20.0
19/01/2024,2023.2093206640875,salida de vía,autopista,5 759,5.0,4.0,0.0,39.0,no,43.0,43.0,0,sevilla,directo,150.0
29/01/2025,152.66250088214585,robo,urbana,8 534,20.0,1.0,0.0,30.0,no,41.0,36.0,0,zaragoza,mediador,19.0
11/10/2025,425.8267101666431,golpe en aparcamiento,urbana,9 491,22.0,2.0,0.0,105.0,no,73.0,24.0,0,valencia,mediador,176.0
26/04/2024,2095.489671908127,golpe en aparcamiento,interurbana,8 334,4.0,4.0,0.0,49.0,no,66.0,35.0,0,valencia,mediador,118.0
19/02/2024,2034.4755476609664,salida de vía,interurbana,6 618,11.0,2.0,0.0,21.0,no,31.0,44.0,0,zaragoza,mediador,30.0
27/08/2025,4776.8462209887475,ROBO,autopista,30 570,22.0,2.0,1.0,46.0,no,21.0,31.0,300,madrid,mediador,163.0
07/05/2024,18356.142050249015,incendio,urbana,7 041,22.0,1.0,0.0,27.0,no,46.0,13.0,0,zaragoza,banca seguros,125.0
13/02/2024,1829.7868895608879,alcance,autopista,14 669,20.0,2.0,0.0,44.0,sí,32.0,15.0,300,barcelona,directo,80.0
10/03/2024,1391.7786855153438,alcance,autopista,18 303,7.0,4.0,0.0,61.0,no,40.0,26.0,150,valencia,banca seguros,102.0
05/03/2025,14549.107484741846,colision frontal,interurbana,16 286,11.0,2.0,0.0,47.0,no,21.0,48.0,0,coruña,mediador,96.0
17/05/2024,1071.753327176223,salida de via,urbana,7 255,21.0,2.0,0.0,78.0,no,44.0,22.0,0,coruña,banca seguros,118.0
01/11/2024,1925.0080350246328,colisión frontal,urbana,11 861,1.0,1.0,0.0,54.0,no,38.0,34.0,0,barcelona,banca seguros,43.0
12/03/2024,2125.048827136856,robo,autopista,49 765,11.0,2.0,0.0,73.0,no,43.0,35.0,150,madrid,mediador,145.0
01/06/2025,563.2081853478636,alcance,interurbana,4 360,17.0,1.0,0.0,38.0,no,32.0,16.0,600,barcelona,mediador,113.0
09/11/2025,324.95834924739563,golpe en aparcamiento,urbana,4 109,15.0,3.0,0.0,25.0,no,18.0,2.0,0,madrid,mediador,128.0
23/04/2024,751.6452769480354,alcance,urbana,6 593,0.0,1.0,0.0,49.0,no,43.0,46.0,0,valencia,mediador,89.0
06/08/2024,3293.117128374842,alcance,autopista,12 528,19.0,4.0,0.0,57.0,no,42.0,17.0,0,coruña,mediador,34.0
03/08/2024,1824.952948944168,golpe en aparcamiento,autopista,10 804,2.0,4.0,1.0,27.0,no,47.0,3.0,0,madrid,mediador,5.0
12/06/2024,595.6536125315023,golpe en aparcamiento,autopista,4 934,10.0,1.0,0.0,59.0,sí,72.0,4.0,0,sevilla,banca seguros,78.0
25/07/2025,842.6794146171627,alcance,interurbana,7 124,14.0,1.0,0.0,55.0,no,45.0,18.0,150,madrid,directo,168.0
01/09/2024,1758.3500000603146,colisión frontal,interurbana,4 901,9.0,1.0,2.0,62.0,N/D,70.0,40.0,600,zaragoza,directo,106.0
24/06/2024,1965.2093495871022,golpe en aparcamiento,autopista,14 633,6.0,1.0,2.0,24.0,no,44.0,11.0,0,madrid,mediador,142.0
28/05/2024,1682.9014996291062,  alcance ,interurbana,27 146,8.0,1.0,0.0,34.0,sí,49.0,10.0,300,zaragoza,directo,134.0
19/03/2025,3249.1177967707267,  alcance ,interurbana,20 689,15.0,5.0,0.0,54.0,no,48.0,26.0,300,madrid,mediador,144.0
09/07/2025,1157.231497170198,GOLPE EN APARCAMIENTO,interurbana,35 291,21.0,3.0,0.0,51.0,sí,53.0,35.0,300,valencia,directo,102.0
15/10/2025,1166.9524181849083,robo,interurbana,11 835,18.0,1.0,0.0,65.0,no,56.0,39.0,150,zaragoza,mediador,178.0
21/09/2025,851.3365304969094,alcance,urbana,19 424,8.0,1.0,0.0,87.0,no,40.0,4.0,0,barcelona,directo,59.0
26/07/2024,750.7761403911592,alcance,urbana,5 966,3.0,1.0,0.0,29.0,no,56.0,37.0,0,valencia,mediador,100.0
28/09/2025,20089.27261485337,incendio,interurbana,5 476,16.0,2.0,1.0,78.0,no,57.0,48.0,0,madrid,directo,129.0
22/07/2025,3307.6369352709507,salida de via,urbana,6 134,22.0,3.0,1.0,49.0,no,18.0,38.0,0,madrid,directo,139.0
09/06/2024,1834.4991067367603,alcance,interurbana,12 951,3.0,5.0,1.0,47.0,no,31.0,11.0,150,coruña,banca seguros,75.0
18/07/2024,1086.2721906502543,  alcance ,autopista,12 215,10.0,1.0,0.0,6.0,N/D,42.0,50.0,300,valencia,banca seguros,44.0
10/07/2025,2397.53894855941,  colisión frontal ,interurbana,22 241,19.0,1.0,1.0,79.0,sí,36.0,20.0,0,barcelona,banca seguros,79.0
26/08/2025,533.9403548580302,alcance,urbana,12 931,10.0,2.0,0.0,95.0,sí,52.0,33.0,0,zaragoza,mediador,12.0
27/03/2024,2309.3956413821525,salida de vía,interurbana,6 378,22.0,4.0,0.0,62.0,no,35.0,26.0,150,madrid,directo,170.0
07/03/2024,1719.801549983313,colisión frontal,urbana,6 651,11.0,1.0,1.0,42.0,no,36.0,39.0,0,madrid,banca seguros,92.0
06/04/2024,1035.3639928775149,alcance,interurbana,6 041,6.0,2.0,0.0,79.0,no,45.0,24.0,600,coruña,directo,46.0
19/08/2024,1890.3465982849739,ALCANCE,urbana,9 764,16.0,4.0,0.0,15.0,no,57.0,24.0,0,valencia,directo,126.0
18/10/2024,1340.1615912812622,colisión frontal,urbana,8 800,4.0,1.0,0.0,20.0,sí,58.0,13.0,300,sevilla,directo,54.0
22/12/2025,6614.673452405089,colisión frontal,urbana,19 234,2.0,2.0,2.0,100.0,sí,31.0,12.0,150,zaragoza,mediador,24.0
09/03/2025,952.9548758345667,GOLPE EN APARCAMIENTO,urbana,24 812,19.0,3.0,0.0,55.0,no,45.0,44.0,150,sevilla,mediador,105.0
23/09/2024,5216.231771470626,robo,urbana,12 962,10.0,1.0,0.0,51.0,no,18.0,37.0,150,coruña,mediador,136.0
22/05/2025,1816.294469431173,alcance,interurbana,11 763,16.0,4.0,0.0,43.0,no,47.0,14.0,600,valencia,mediador,153.0
25/08/2025,1592.736005147597,alcance,interurbana,16 585,17.0,2.0,2.0,64.0,no,21.0,40.0,0,madrid,mediador,62.0
14/11/2024,1332.4649316474927,salida de vía,interurbana,8 590,5.0,1.0,2.0,64.0,no,44.0,37.0,0,coruña,banca seguros,8.0
12/06/2025,2597.263175079253,salida de vía,interurbana,15 073,17.0,3.0,0.0,61.0,sí,69.0,15.0,0,valencia,mediador,32.0
12/06/2025,1624.8008112775622,  golpe en aparcamiento ,urbana,24 037,6.0,3.0,1.0,50.0,sí,46.0,21.0,300,madrid,directo,69.0
16/03/2025,1951.1240306214527,alcance,urbana,25 862,10.0,1.0,0.0,111.0,no,31.0,21.0,0,sevilla,banca seguros,110.0
21/08/2025,321.8611546101445,golpe en aparcamiento,interurbana,3 609,4.0,1.0,0.0,20.0,no,42.0,8.0,600,sevilla,mediador,173.0
14/03/2024,8394.594920776319,incendio,urbana,14 588,6.0,4.0,0.0,47.0,sí,22.0,18.0,300,coruña,mediador,81.0
16/09/2024,966.6916013873433,ALCANCE,urbana,6 625,18.0,3.0,0.0,67.0,sí,29.0,27.0,150,coruña,mediador,6.0
31/12/2024,716.2046406277105,alcance,interurbana,50 155,22.0,2.0,0.0,60.0,no,41.0,8.0,300,sevilla,directo,121.0
20/09/2024,513.4593942418973,alcance,urbana,8 137,18.0,3.0,0.0,53.0,no,66.0,32.0,600,barcelona,directo,61.0
26/09/2025,422.3892638345561,GOLPE EN APARCAMIENTO,urbana,6 161,15.0,1.0,0.0,53.0,no,73.0,13.0,0,zaragoza,directo,163.0
23/12/2024,1582.1021503159427,alcance,interurbana,31 602,19.0,3.0,0.0,39.0,sí,18.0,18.0,600,sevilla,directo,147.0
04/01/2024,17279.02554003657,incendio,interurbana,23 732,18.0,3.0,0.0,92.0,no,34.0,29.0,600,zaragoza,mediador,99.0
01/02/2024,210.63513159343086,alcance,autopista,3 116,20.0,1.0,0.0,54.0,no,45.0,3.0,0,sevilla,directo,67.0
16/09/2025,757.8168185548025,colisión frontal,urbana,4 154,2.0,1.0,3.0,33.0,no,62.0,46.0,0,madrid,directo,52.0
24/04/2024,1647.1003353797914,salida de vía,autopista,20 312,10.0,1.0,0.0,8.0,sí,37.0,12.0,0,barcelona,directo,87.0
03/12/2025,1423.1381937799888,golpe en aparcamiento,autopista,6 723,4.0,1.0,1.0,74.0,no,43.0,11.0,0,valencia,directo,124.0
11/11/2024,3746.669080182318,colisión frontal,interurbana,11 881,11.0,1.0,0.0,60.0,no,24.0,9.0,300,valencia,mediador,104.0
16/02/2025,1009.2639222746039,  colisión frontal ,autopista,8 807,2.0,3.0,0.0,43.0,no,27.0,43.0,150,madrid,mediador,61.0
07/06/2025,2674.993013275101,colisión frontal,autopista,6 951,8.0,2.0,0.0,41.0,no,61.0,30.0,600,coruña,banca seguros,158.0
11/03/2025,1186.9415895305615,golpe en aparcamiento,urbana,6 793,5.0,1.0,0.0,44.0,sí,24.0,32.0,150,zaragoza,mediador,16.0
26/03/2025,1303.8598660612731,robo,urbana,16 569,11.0,1.0,0.0,74.0,N/D,42.0,17.0,0,valencia,banca seguros,68.0
23/11/2025,1670.9428227624533,alcance,urbana,16 124,18.0,2.0,0.0,85.0,no,34.0,12.0,300,madrid,mediador,4.0
20/03/2024,406.73143730526965,alcance,interurbana,7 915,17.0,1.0,0.0,9.0,no,45.0,50.0,150,coruña,mediador,110.0
03/08/2024,425.2113036028869,golpe en aparcamiento,interurbana,13 383,9.0,2.0,0.0,35.0,no,24.0,11.0,150,zaragoza,mediador,61.0
08/03/2024,117.28153725241765,golpe en aparcamiento,urbana,2 307,8.0,3.0,3.0,51.0,no,26.0,16.0,300,sevilla,directo,4.0
06/11/2024,5147.9663876644145,  incendio ,urbana,5 988,6.0,3.0,0.0,84.0,no,27.0,17.0,0,valencia,directo,106.0
13/11/2025,1841.3246220711942,alcance,interurbana,16 328,21.0,3.0,2.0,66.0,no,47.0,49.0,0,zaragoza,mediador,51.0
18/04/2025,1551.9167724340311,alcance,urbana,18 200,0.0,1.0,0.0,85.0,no,39.0,18.0,0,barcelona,mediador,165.0
25/10/2024,629.3498437226762,golpe en aparcamiento,urbana,4 448,22.0,3.0,1.0,14.0,no,34.0,41.0,300,zaragoza,banca seguros,29.0
14/03/2024,5172.431596145597,alcance,interurbana,19 475,4.0,4.0,0.0,31.0,sí,25.0,25.0,0,zaragoza,mediador,159.0
15/05/2025,386.8490172557479,golpe en aparcamiento,urbana,7 544,3.0,4.0,0.0,52.0,N/D,58.0,9.0,300,sevilla,mediador,111.0
10/05/2024,1096.768980489529,salida de vía,urbana,7 777,16.0,1.0,0.0,34.0,sí,60.0,32.0,0,sevilla,banca seguros,62.0
13/07/2024,1343.5330658203716,ALCANCE,urbana,12 409,2.0,2.0,3.0,19.0,sí,36.0,36.0,300,barcelona,mediador,157.0
14/12/2024,975.8264198578319,golpe en aparcamiento,urbana,13 802,0.0,3.0,1.0,53.0,sí,55.0,6.0,0,sevilla,banca seguros,51.0
28/06/2024,802.8564362539822,SALIDA DE VÍA,urbana,4 800,11.0,2.0,1.0,14.0,no,46.0,24.0,300,sevilla,directo,174.0
06/03/2025,1080.5954539539898,alcance,interurbana,14 846,3.0,1.0,0.0,69.0,no,49.0,16.0,0,valencia,mediador,34.0
24/03/2025,446.5913797089669,SALIDA DE VÍA,urbana,4 245,8.0,1.0,0.0,64.0,no,35.0,44.0,0,coruña,mediador,119.0
12/09/2025,179.45224619602214,golpe en aparcamiento,urbana,2 745,15.0,4.0,0.0,39.0,no,56.0,26.0,150,madrid,banca seguros,169.0
23/04/2025,643.8828229225963,golpe en aparcamiento,urbana,7 819,6.0,2.0,0.0,24.0,sí,36.0,26.0,300,coruña,directo,146.0
04/08/2024,645.8734407976277,alcance,urbana,9 293,11.0,4.0,1.0,70.0,no,40.0,13.0,0,madrid,mediador,22.0
13/05/2024,12514.613481248243,incendio,urbana,8 709,9.0,1.0,1.0,27.0,sí,52.0,21.0,0,valencia,banca seguros,90.0
10/04/2024,1758.394719360772,golpe en aparcamiento,urbana,21 955,2.0,2.0,0.0,94.0,no,39.0,8.0,300,barcelona,directo,145.0
19/06/2024,248.4147888259361,golpe en aparcamiento,urbana,3 162,20.0,2.0,0.0,21.0,no,53.0,19.0,0,barcelona,mediador,129.0
02/04/2025,1849.3075968353996,salida de vía,interurbana,12 919,9.0,1.0,0.0,64.0,no,38.0,13.0,0,zaragoza,mediador,116.0
07/08/2024,573.0495511423974,alcance,urbana,1 951,5.0,1.0,0.0,10.0,sí,35.0,35.0,0,valencia,mediador,1.0
09/03/2025,381.84682166285774,golpe en aparcamiento,interurbana,8 479,10.0,1.0,0.0,37.0,no,58.0,27.0,0,valencia,mediador,133.0
26/04/2025,2313.94951348465,salida de vía,urbana,4 169,18.0,4.0,0.0,59.0,sí,33.0,29.0,600,valencia,mediador,71.0
09/10/2025,2640.899873499368,  alcance ,interurbana,24 519,20.0,2.0,2.0,102.0,no,25.0,19.0,150,valencia,banca seguros,129.0
08/09/2024,1698.521849162703,alcance,interurbana,7 547,18.0,4.0,0.0,69.0,no,46.0,41.0,0,zaragoza,banca seguros,150.0
21/09/2024,1006.4721727937789,golpe en aparcamiento,urbana,27 869,3.0,1.0,0.0,33.0,sí,51.0,16.0,0,sevilla,banca seguros,53.0
30/12/2024,9334.024918829607,salida de vía,interurbana,16 171,9.0,4.0,1.0,39.0,no,59.0,32.0,300,coruña,banca seguros,11.0
20/01/2024,1223.9285462296173,alcance,urbana,10 333,7.0,1.0,0.0,58.0,no,68.0,15.0,0,madrid,directo,178.0
29/09/2024,1619.6602420577588,golpe en aparcamiento,autopista,22 214,16.0,1.0,1.0,54.0,no,58.0,23.0,150,sevilla,mediador,89.0
21/02/2024,2882.7399006384567,colisión frontal,urbana,10 302,20.0,2.0,0.0,80.0,sí,57.0,44.0,0,sevilla,banca seguros,56.0
13/08/2024,494.6561288049947,  golpe en aparcamiento ,interurbana,5 146,17.0,2.0,0.0,52.0,sí,38.0,0.0,0,valencia,mediador,100.0
03/02/2025,5996.962045034357,colision frontal,interurbana,37 766,13.0,3.0,3.0,42.0,N/D,18.0,30.0,0,madrid,directo,16.0
03/04/2024,591.7479452365621,  robo ,autopista,3 502,2.0,3.0,0.0,65.0,sí,57.0,38.0,0,madrid,mediador,136.0
09/09/2024,1463.5000904170297,alcance,interurbana,15 666,16.0,1.0,0.0,86.0,no,65.0,44.0,300,coruña,mediador,14.0
09/07/2025,330.4068717710953,golpe en aparcamiento,urbana,15 291,20.0,2.0,0.0,12.0,no,29.0,7.0,300,barcelona,directo,7.0
23/05/2024,533.8919871547884,golpe en aparcamiento,autopista,8 020,3.0,2.0,0.0,41.0,sí,38.0,11.0,150,valencia,mediador,107.0
05/04/2024,846.1531138663807,alcance,urbana,7 308,10.0,1.0,0.0,70.0,N/D,38.0,9.0,0,coruña,banca seguros,65.0
29/12/2025,747.7735754864012,golpe en aparcamiento,urbana,15 772,21.0,1.0,0.0,56.0,no,57.0,30.0,0,madrid,directo,101.0
01/07/2025,1229.4157325044628,alcance,urbana,9 966,9.0,3.0,0.0,78.0,no,46.0,16.0,0,zaragoza,banca seguros,164.0
24/12/2025,2790.2723569214468,GOLPE EN APARCAMIENTO,urbana,31 557,9.0,4.0,2.0,85.0,sí,38.0,26.0,0,valencia,directo,111.0
06/03/2024,4226.1309469546295,  robo ,urbana,5 794,13.0,2.0,3.0,26.0,no,41.0,41.0,0,madrid,directo,123.0
15/04/2024,930.1329569404686,golpe en aparcamiento,urbana,54 223,8.0,1.0,0.0,55.0,no,38.0,12.0,0,sevilla,directo,173.0
06/04/2024,814.5616539163412,golpe en aparcamiento,interurbana,13 563,18.0,1.0,0.0,83.0,no,35.0,48.0,300,sevilla,mediador,153.0
24/06/2025,3839.774107161389,salida de vía,autopista,17 721,2.0,3.0,0.0,27.0,no,47.0,39.0,0,madrid,directo,78.0
29/11/2025,1393.706194258627,alcance,interurbana,22 881,14.0,3.0,0.0,78.0,sí,59.0,14.0,300,barcelona,banca seguros,108.0
28/04/2024,197.06148675159577,golpe en aparcamiento,autopista,10 031,17.0,2.0,1.0,76.0,no,18.0,23.0,0,coruña,directo,99.0
03/02/2024,4065.2547930278433,salida de vía,urbana,10 313,4.0,2.0,0.0,36.0,no,55.0,29.0,600,valencia,mediador,86.0
04/12/2025,3162.666195549458,robo,urbana,7 262,8.0,2.0,1.0,79.0,sí,34.0,17.0,600,sevilla,mediador,120.0
11/06/2024,1009.1750663117933,SALIDA DE VÍA,urbana,9 055,18.0,3.0,0.0,41.0,no,58.0,15.0,150,barcelona,directo,70.0
17/04/2025,5977.288724494666,salida de vía,autopista,14 476,14.0,1.0,0.0,72.0,no,31.0,1.0,0,coruña,mediador,151.0
21/02/2024,2781.779858157509,salida de vía,urbana,16 952,11.0,1.0,0.0,23.0,sí,18.0,49.0,600,sevilla,directo,72.0
16/01/2025,3868.465736534159,salida de vía,interurbana,14 117,2.0,2.0,0.0,63.0,sí,50.0,27.0,0,zaragoza,directo,147.0
26/02/2025,1168.5559004556783,alcance,interurbana,16 909,8.0,1.0,1.0,39.0,sí,46.0,2.0,600,valencia,mediador,158.0
20/03/2025,3348.0866377586353,salida de vía,urbana,15 539,18.0,1.0,0.0,98.0,sí,47.0,39.0,150,zaragoza,directo,13.0
08/04/2024,804.3071636056544,alcance,autopista,6 144,12.0,2.0,0.0,53.0,sí,45.0,19.0,600,coruña,banca seguros,67.0
19/11/2025,1231.502485397909,alcance,urbana,8 761,15.0,3.0,0.0,52.0,sí,43.0,35.0,300,coruña,mediador,13.0
11/12/2025,961.9428708459789,alcance,urbana,14 117,13.0,3.0,0.0,45.0,no,75.0,33.0,150,barcelona,mediador,36.0
11/09/2024,1437.484003883727,GOLPE EN APARCAMIENTO,interurbana,11 012,21.0,4.0,3.0,18.0,no,33.0,23.0,0,madrid,directo,164.0
27/07/2025,715.9941746119615,alcance,urbana,9 330,11.0,1.0,0.0,75.0,no,50.0,39.0,0,barcelona,directo,51.0
11/06/2024,604.7687555428429,golpe en aparcamiento,interurbana,8 770,9.0,2.0,0.0,74.0,no,39.0,21.0,150,sevilla,mediador,47.0
23/03/2024,479.8214713874015,golpe en aparcamiento,interurbana,12 539,4.0,1.0,0.0,52.0,no,58.0,25.0,0,barcelona,directo,147.0
22/10/2025,2770.617011822209,ROBO,urbana,52 484,18.0,3.0,0.0,55.0,no,46.0,45.0,150,coruña,directo,133.0
22/01/2024,1422.2675482053633,alcance,urbana,10 777,18.0,2.0,0.0,64.0,N/D,44.0,0.0,0,valencia,directo,25.0
10/08/2025,950.0220503528557,GOLPE EN APARCAMIENTO,urbana,27 699,1.0,1.0,1.0,22.0,no,42.0,3.0,0,barcelona,banca seguros,180.0
17/01/2024,442.3466029654375,alcance,urbana,3 303,11.0,2.0,0.0,66.0,no,56.0,11.0,0,coruña,mediador,99.0
18/12/2025,417.86956310380066,golpe en aparcamiento,urbana,5 681,4.0,1.0,0.0,56.0,sí,41.0,3.0,300,barcelona,directo,25.0
16/06/2025,1381.6661349921708,salida de vía,urbana,14 457,5.0,3.0,0.0,29.0,no,72.0,38.0,0,valencia,mediador,20.0
27/09/2025,2561.155428879748,alcance,urbana,28 633,13.0,1.0,0.0,36.0,no,44.0,24.0,0,valencia,mediador,146.0
24/04/2024,704.5641899044898,alcance,urbana,13 242,20.0,4.0,0.0,81.0,no,44.0,5.0,150,valencia,mediador,39.0
31/03/2025,975.0154929088069,alcance,autopista,4 994,4.0,4.0,0.0,86.0,no,71.0,13.0,0,coruña,mediador,117.0
30/07/2024,1848.1481521916116,alcance,interurbana,20 136,14.0,1.0,0.0,98.0,no,42.0,18.0,150,barcelona,directo,26.0
02/05/2025,621.9861225775569,colisión frontal,urbana,3 892,12.0,2.0,0.0,99.0,no,22.0,29.0,0,coruña,directo,179.0
09/06/2024,1771.667850352347,golpe en aparcamiento,interurbana,25 517,1.0,4.0,0.0,69.0,no,55.0,34.0,0,zaragoza,directo,60.0
29/10/2024,1355.599718698998,  alcance ,urbana,33 783,19.0,2.0,0.0,47.0,no,56.0,32.0,0,madrid,mediador,44.0
13/08/2024,1201.0683995131756,ALCANCE,urbana,9 787,10.0,1.0,0.0,64.0,sí,44.0,28.0,300,barcelona,directo,1.0
26/11/2024,752.3609163472455,alcance,urbana,11 536,8.0,1.0,0.0,69.0,no,53.0,28.0,600,sevilla,mediador,64.0
20/06/2024,3220.7627293605146,  salida de vía ,interurbana,21 636,3.0,2.0,0.0,50.0,no,31.0,48.0,0,zaragoza,mediador,137.0
21/12/2025,741.5702488298497,golpe en aparcamiento,urbana,16 831,22.0,1.0,0.0,42.0,no,40.0,35.0,150,sevilla,mediador,173.0
29/05/2024,10834.982424750155,COLISIÓN FRONTAL,urbana,18 910,5.0,1.0,0.0,39.0,sí,50.0,4.0,300,coruña,mediador,139.0
02/06/2024,1197.2540401452811,golpe en aparcamiento,interurbana,21 313,3.0,2.0,1.0,64.0,sí,60.0,25.0,0,sevilla,mediador,118.0
06/06/2024,7506.975111161704,alcance,autopista,14 937,1.0,4.0,0.0,49.0,sí,47.0,25.0,0,sevilla,mediador,65.0
23/08/2025,6916.341708356534,colisión frontal,interurbana,17 854,8.0,3.0,0.0,68.0,sí,37.0,17.0,300,coruña,mediador,136.0
05/08/2024,1343.3378446907427,GOLPE EN APARCAMIENTO,interurbana,10 666,2.0,3.0,0.0,37.0,no,42.0,37.0,0,valencia,mediador,58.0
09/05/2024,11836.028368763187,incendio,interurbana,3 118,10.0,5.0,0.0,49.0,no,68.0,43.0,0,zaragoza,mediador,47.0
03/05/2025,3568.673213991635,colisión frontal,interurbana,6 509,6.0,3.0,0.0,56.0,no,37.0,45.0,600,madrid,mediador,15.0
28/10/2024,505.1540527690498,golpe en aparcamiento,urbana,17 658,6.0,1.0,0.0,5.0,no,28.0,10.0,0,madrid,mediador,115.0
29/03/2025,1443.8336544982005,salida de vía,urbana,7 989,16.0,1.0,0.0,29.0,sí,29.0,3.0,0,barcelona,mediador,22.0
17/01/2024,810.5553709882731,alcance,urbana,9 101,0.0,1.0,0.0,20.0,no,41.0,41.0,150,madrid,mediador,129.0
22/12/2025,7945.560779442173,colisión frontal,interurbana,7 749,21.0,2.0,1.0,52.0,sí,47.0,47.0,600,sevilla,mediador,131.0
20/09/2024,790.3594398124892,golpe en aparcamiento,autopista,17 523,11.0,1.0,0.0,55.0,no,28.0,25.0,150,zaragoza,mediador,35.0
15/05/2025,1094.5001201816838,alcance,interurbana,13 048,11.0,1.0,0.0,79.0,no,22.0,29.0,0,coruña,directo,151.0
29/06/2025,3002.1738158339626,salida de vía,urbana,11 815,10.0,2.0,0.0,14.0,no,45.0,27.0,0,coruña,directo,46.0
30/12/2025,3521.791014188131,colisión frontal,urbana,26 008,14.0,2.0,0.0,53.0,sí,33.0,44.0,300,madrid,mediador,139.0
24/10/2024,1450.7508285014007,golpe en aparcamiento,urbana,21 219,13.0,1.0,0.0,93.0,sí,44.0,50.0,300,coruña,mediador,157.0
29/05/2024,459.1179948386147,  golpe en aparcamiento ,urbana,9 253,21.0,1.0,0.0,52.0,no,18.0,17.0,150,coruña,mediador,65.0
02/07/2024,1473.7790301914547,SALIDA DE VÍA,urbana,11 464,4.0,1.0,1.0,25.0,no,60.0,1.0,0,madrid,directo,64.0
06/10/2024,585.1014383263761,GOLPE EN APARCAMIENTO,urbana,15 595,18.0,3.0,1.0,39.0,sí,25.0,19.0,600,zaragoza,mediador,180.0
20/01/2024,1641.9357160480165,salida de vía,interurbana,4 777,0.0,1.0,0.0,43.0,no,36.0,14.0,300,valencia,banca seguros,141.0
30/07/2025,1128.6981076212687,golpe en aparcamiento,interurbana,13 371,11.0,4.0,1.0,36.0,sí,42.0,13.0,150,madrid,mediador,149.0
04/05/2025,1827.5095857614963,salida de vía,interurbana,5 067,7.0,1.0,0.0,80.0,no,39.0,26.0,0,coruña,mediador,129.0
27/03/2024,2270.567347519337,colisión frontal,urbana,17 750,22.0,3.0,1.0,23.0,no,48.0,17.0,150,madrid,banca seguros,69.0
18/12/2024,1028.048431702193,alcance,urbana,8 731,21.0,2.0,0.0,103.0,sí,28.0,14.0,300,valencia,directo,150.0
14/12/2024,870.9325105713554,golpe en aparcamiento,interurbana,11 892,5.0,2.0,0.0,85.0,no,39.0,20.0,150,madrid,directo,76.0
26/08/2025,2879.736312403197,alcance,autopista,10 740,9.0,1.0,2.0,93.0,N/D,53.0,38.0,600,coruña,mediador,89.0
31/07/2024,311.0126813597603,  golpe en aparcamiento ,interurbana,3 529,22.0,5.0,0.0,54.0,N/D,51.0,10.0,0,sevilla,directo,112.0
11/03/2024,941.8308471302873,alcance,urbana,8 789,19.0,4.0,0.0,52.0,sí,49.0,48.0,300,valencia,banca seguros,131.0
19/06/2024,3322.070721466211,  salida de vía ,urbana,14 874,6.0,2.0,2.0,84.0,no,34.0,35.0,150,madrid,mediador,14.0
28/11/2024,851.8258367638678,colisión frontal,urbana,5 022,15.0,1.0,0.0,82.0,no,39.0,33.0,0,valencia,mediador,58.0
08/04/2025,1300.6712507866002,  salida de vía ,autopista,12 295,6.0,1.0,0.0,47.0,sí,24.0,50.0,600,coruña,directo,79.0
30/03/2025,950.610763968668,golpe en aparcamiento,interurbana,10 279,6.0,1.0,1.0,51.0,no,62.0,1.0,0,sevilla,mediador,79.0
28/10/2025,605.769159093113,golpe en aparcamiento,urbana,12 403,17.0,1.0,1.0,44.0,sí,40.0,20.0,150,coruña,mediador,17.0
20/06/2024,1083.1137028800933,colisión frontal,urbana,6 212,17.0,2.0,0.0,71.0,no,54.0,43.0,0,barcelona,mediador,151.0
25/08/2024,3136.805788959768,  alcance ,interurbana,13 075,20.0,2.0,0.0,72.0,no,61.0,1.0,150,zaragoza,mediador,25.0
12/05/2025,2067.6838603745828,golpe en aparcamiento,urbana,28 449,9.0,1.0,0.0,64.0,sí,54.0,30.0,0,zaragoza,mediador,174.0
15/03/2025,1097.2055448716317,golpe en aparcamiento,urbana,34 401,7.0,1.0,0.0,45.0,sí,39.0,17.0,150,coruña,directo,25.0
18/02/2024,2285.9884235295085,alcance,urbana,23 668,22.0,2.0,0.0,15.0,no,50.0,7.0,150,zaragoza,directo,148.0
05/05/2024,1978.555752222732,golpe en aparcamiento,interurbana,11 497,3.0,5.0,0.0,29.0,no,40.0,46.0,150,valencia,directo,23.0
17/03/2024,4185.345049957744,colisión frontal,urbana,27 088,21.0,2.0,0.0,38.0,sí,36.0,16.0,300,madrid,mediador,103.0
02/10/2024,2377.653830472968,colision frontal,interurbana,9 793,19.0,2.0,0.0,60.0,no,39.0,5.0,600,valencia,mediador,67.0
03/05/2025,939.6099004765597,salida de vía,urbana,7 485,4.0,2.0,0.0,10.0,no,39.0,31.0,0,coruña,directo,18.0
01/05/2024,386.87075582984033,alcance,interurbana,33 161,7.0,1.0,0.0,26.0,no,58.0,32.0,600,barcelona,banca seguros,81.0
08/08/2024,1396.9003181017586,golpe en aparcamiento,interurbana,30 206,14.0,5.0,0.0,60.0,no,18.0,14.0,0,barcelona,directo,13.0
27/07/2025,3191.495310763674,golpe en aparcamiento,urbana,37 288,10.0,3.0,2.0,77.0,sí,30.0,9.0,0,zaragoza,mediador,54.0
06/11/2025,8083.276270186694,INCENDIO,urbana,12 122,16.0,1.0,0.0,36.0,sí,59.0,21.0,600,valencia,directo,64.0
09/01/2025,5854.308823510828,salida de vía,urbana,20 511,10.0,2.0,0.0,61.0,N/D,59.0,21.0,0,madrid,mediador,129.0
13/02/2024,6408.238394315672,incendio,urbana,4 949,11.0,2.0,0.0,67.0,no,33.0,45.0,600,sevilla,mediador,49.0
18/10/2024,552.8592831048182,alcance,interurbana,9 633,12.0,2.0,0.0,64.0,no,48.0,7.0,0,zaragoza,directo,65.0
25/12/2025,1532.510020096135,alcance,urbana,10 421,11.0,1.0,0.0,85.0,N/D,47.0,2.0,150,zaragoza,mediador,24.0
18/03/2024,19511.261542339187,incendio,interurbana,8 538,15.0,4.0,0.0,51.0,sí,46.0,34.0,0,madrid,mediador,25.0
14/11/2025,617.2889332890182,golpe en aparcamiento,interurbana,2 839,6.0,3.0,0.0,85.0,sí,56.0,29.0,0,barcelona,mediador,127.0
10/04/2025,1788.5761773971772,robo,urbana,9 213,1.0,1.0,0.0,67.0,no,58.0,12.0,600,madrid,mediador,22.0
21/03/2024,1634.9061038086215,salida de vía,urbana,8 538,12.0,3.0,0.0,113.0,sí,46.0,32.0,0,coruña,mediador,161.0
18/05/2024,554.5304648974266,golpe en aparcamiento,urbana,14 754,19.0,1.0,0.0,75.0,sí,48.0,28.0,150,madrid,mediador,34.0
17/06/2024,1822.8346894421022,alcance,interurbana,16 026,11.0,1.0,1.0,45.0,sí,31.0,17.0,0,valencia,directo,177.0
15/01/2025,2103.816200012926,colisión frontal,interurbana,22 421,15.0,1.0,1.0,34.0,no,39.0,10.0,0,zaragoza,mediador,91.0
19/09/2024,1223.5284210431196,robo,urbana,18 359,5.0,1.0,0.0,37.0,no,30.0,19.0,150,valencia,mediador,100.0
25/05/2024,489.7702756563397,alcance,interurbana,5 578,19.0,2.0,0.0,18.0,sí,46.0,1.0,0,coruña,directo,74.0
08/06/2024,199.84309351953442,ALCANCE,urbana,4 440,8.0,1.0,0.0,51.0,no,50.0,35.0,150,madrid,directo,30.0
23/11/2025,4376.8517038155705,alcance,interurbana,19 827,0.0,5.0,0.0,62.0,sí,43.0,32.0,600,valencia,mediador,157.0
06/02/2024,513.1717638207416,salida de vía,urbana,7 463,20.0,1.0,0.0,39.0,no,50.0,32.0,300,zaragoza,banca seguros,147.0
29/10/2024,530.5895652464726,alcance,autopista,3 228,8.0,1.0,0.0,36.0,sí,48.0,31.0,150,madrid,mediador,176.0
24/08/2024,1909.1097126107707,golpe en aparcamiento,urbana,23 421,0.0,2.0,0.0,86.0,no,33.0,25.0,0,barcelona,mediador,79.0
03/05/2025,407.23982651265413,GOLPE EN APARCAMIENTO,urbana,8 194,7.0,2.0,0.0,46.0,no,42.0,28.0,150,sevilla,mediador,99.0
16/01/2025,1134.7061199210675,GOLPE EN APARCAMIENTO,autopista,4 627,21.0,5.0,0.0,73.0,sí,56.0,12.0,0,coruña,banca seguros,132.0
09/03/2025,796.7366151098046,colisión frontal,interurbana,15 800,19.0,1.0,0.0,50.0,sí,42.0,44.0,600,madrid,mediador,56.0
01/09/2025,1298.9177330661214,salida de vía,interurbana,13 628,12.0,1.0,0.0,32.0,sí,53.0,46.0,150,coruña,mediador,123.0
05/10/2024,1069.578161823515,colisión frontal,urbana,11 696,18.0,2.0,0.0,89.0,no,28.0,40.0,0,sevilla,mediador,174.0
05/06/2025,902.4538361995543,golpe en aparcamiento,urbana,26 085,13.0,5.0,0.0,38.0,sí,48.0,30.0,150,madrid,directo,8.0
23/07/2025,789.4358450241671,  salida de vía ,urbana,7 568,19.0,1.0,0.0,91.0,no,31.0,35.0,300,sevilla,directo,156.0
04/07/2025,3365.375267979887,salida de vía,interurbana,21 167,1.0,3.0,0.0,70.0,sí,22.0,3.0,150,sevilla,mediador,79.0
12/03/2025,1822.8499290746922,colisión frontal,urbana,6 242,8.0,2.0,0.0,50.0,no,60.0,41.0,600,madrid,mediador,158.0
11/12/2025,1155.0020571305397,GOLPE EN APARCAMIENTO,urbana,13 925,22.0,1.0,1.0,59.0,sí,47.0,43.0,0,madrid,directo,86.0
12/08/2024,4879.012224748151,colision frontal,urbana,21 715,13.0,1.0,0.0,11.0,sí,29.0,23.0,150,barcelona,banca seguros,118.0
11/05/2024,2357.195805182889,alcance,interurbana,12 392,14.0,1.0,0.0,60.0,sí,53.0,33.0,0,valencia,mediador,48.0
17/08/2024,3065.345116464869,SALIDA DE VÍA,autopista,60 057,2.0,1.0,0.0,54.0,no,61.0,6.0,150,sevilla,mediador,39.0
23/10/2024,10379.342343188297,colisión frontal,interurbana,26 919,2.0,4.0,0.0,17.0,sí,34.0,9.0,150,barcelona,mediador,78.0
05/02/2025,18287.061271100458,incendio,autopista,9 555,3.0,1.0,0.0,62.0,sí,61.0,1.0,150,coruña,directo,76.0
16/04/2025,888.6309002075883,alcance,urbana,15 260,14.0,2.0,1.0,40.0,no,34.0,39.0,0,madrid,banca seguros,98.0
11/11/2024,657.113348161957,golpe en aparcamiento,autopista,17 523,14.0,1.0,0.0,84.0,no,56.0,1.0,600,barcelona,directo,124.0
22/04/2024,3082.8389207973532,salida de vía,urbana,5 764,18.0,1.0,0.0,43.0,no,57.0,6.0,150,coruña,directo,93.0
05/07/2024,1953.7923989758008,alcance,interurbana,16 939,22.0,2.0,0.0,19.0,no,43.0,38.0,300,barcelona,mediador,66.0
06/11/2025,656.2626479424395,alcance,urbana,12 749,3.0,1.0,0.0,77.0,sí,60.0,13.0,0,sevilla,mediador,18.0
30/03/2025,810.6339465529034,alcance,autopista,4 458,5.0,1.0,0.0,63.0,no,34.0,1.0,600,madrid,mediador,60.0
19/05/2024,746.7715924132655,golpe en aparcamiento,interurbana,10 020,18.0,2.0,0.0,13.0,no,33.0,13.0,300,madrid,directo,25.0
20/08/2024,897.0030507636018,golpe en aparcamiento,urbana,23 674,18.0,2.0,1.0,47.0,no,46.0,20.0,0,barcelona,mediador,93.0
14/10/2024,500.75858961644894,alcance,interurbana,3 665,20.0,2.0,0.0,83.0,no,60.0,31.0,0,madrid,directo,125.0
23/11/2025,6368.078482595442,COLISIÓN FRONTAL,urbana,6 100,17.0,1.0,1.0,62.0,no,25.0,9.0,0,zaragoza,mediador,166.0
24/11/2025,410.41023734258084,robo,urbana,4 519,7.0,1.0,1.0,55.0,no,47.0,8.0,150,barcelona,directo,57.0
07/04/2025,818.1985947409106,golpe en aparcamiento,autopista,7 676,9.0,1.0,0.0,25.0,sí,39.0,0.0,0,valencia,directo,150.0
08/06/2024,816.0938076443869,golpe en aparcamiento,interurbana,10 569,9.0,1.0,0.0,62.0,no,70.0,30.0,0,coruña,mediador,114.0
23/03/2025,709.9011311705925,alcance,urbana,31 779,2.0,2.0,0.0,66.0,N/D,48.0,38.0,150,coruña,directo,17.0
19/02/2025,853.1092547014005,salida de vía,autopista,4 962,5.0,3.0,0.0,41.0,no,37.0,4.0,600,coruña,banca seguros,69.0
10/12/2025,629.1349792563492,golpe en aparcamiento,urbana,10 116,15.0,4.0,0.0,61.0,no,18.0,29.0,0,zaragoza,mediador,24.0
17/06/2025,825.0783385980194,ROBO,interurbana,5 940,7.0,2.0,0.0,5.0,no,28.0,26.0,150,valencia,mediador,148.0
26/03/2025,934.3892590078976,golpe en aparcamiento,urbana,14 033,10.0,4.0,0.0,67.0,no,21.0,12.0,0,barcelona,directo,57.0
01/11/2024,1672.1307807358937,salida de vía,urbana,15 324,17.0,1.0,0.0,55.0,no,68.0,30.0,0,sevilla,banca seguros,170.0
19/02/2025,2086.951411432844,alcance,interurbana,9 855,2.0,1.0,0.0,40.0,no,65.0,42.0,150,valencia,banca seguros,153.0
28/03/2025,4849.330478437482,colisión frontal,interurbana,6 993,6.0,1.0,0.0,53.0,no,41.0,44.0,0,madrid,mediador,169.0
22/11/2024,1344.038850855535,colisión frontal,urbana,6 774,4.0,1.0,0.0,29.0,sí,37.0,49.0,0,valencia,mediador,39.0
23/02/2025,3843.7981903212167,salida de vía,autopista,5 119,7.0,2.0,0.0,65.0,sí,40.0,21.0,0,coruña,directo,4.0
27/11/2025,537.9301076197629,alcance,autopista,8 034,9.0,1.0,0.0,54.0,no,25.0,45.0,0,madrid,mediador,172.0
04/03/2025,643.9935774920291,alcance,interurbana,7 017,9.0,2.0,0.0,29.0,no,35.0,26.0,0,valencia,mediador,24.0
03/01/2025,542.6568312295298,golpe en aparcamiento,urbana,6 683,18.0,1.0,0.0,34.0,sí,36.0,21.0,0,sevilla,mediador,43.0
10/10/2024,406.32647886460796,golpe en aparcamiento,urbana,10 249,3.0,1.0,0.0,43.0,no,49.0,25.0,0,barcelona,mediador,78.0
04/07/2025,3764.4118526565658,robo,urbana,9 592,18.0,2.0,0.0,40.0,sí,55.0,33.0,0,barcelona,mediador,124.0
30/05/2025,695.4649292446758,alcance,urbana,11 681,11.0,1.0,3.0,32.0,no,62.0,22.0,0,sevilla,mediador,179.0
20/04/2025,100.16351449649281,alcance,urbana,3 611,7.0,3.0,0.0,24.0,no,56.0,13.0,0,valencia,mediador,28.0
07/03/2024,2001.0442969826477,alcance,interurbana,30 028,9.0,2.0,0.0,87.0,no,50.0,15.0,150,zaragoza,mediador,139.0
25/05/2025,465.3765312352315,golpe en aparcamiento,urbana,12 165,9.0,1.0,0.0,51.0,no,42.0,17.0,0,madrid,mediador,107.0
11/07/2024,383.56929890745926,alcance,urbana,8 199,3.0,2.0,0.0,47.0,no,65.0,14.0,300,sevilla,banca seguros,88.0
25/04/2024,843.7087956138396,alcance,urbana,6 758,2.0,1.0,0.0,54.0,no,43.0,40.0,0,zaragoza,banca seguros,107.0
05/04/2025,1839.4272331639427,alcance,urbana,22 140,22.0,2.0,0.0,75.0,no,57.0,10.0,150,valencia,mediador,7.0
03/08/2025,766.8516861909003,golpe en aparcamiento,autopista,16 298,10.0,1.0,0.0,56.0,no,22.0,44.0,0,coruña,banca seguros,149.0
28/10/2024,2159.851461856884,colisión frontal,urbana,19 598,21.0,2.0,0.0,29.0,no,31.0,28.0,150,valencia,directo,59.0
10/05/2024,7825.765544476803,colisión frontal,interurbana,54 650,2.0,1.0,0.0,72.0,no,52.0,44.0,300,sevilla,mediador,103.0
02/08/2025,4961.774637761875,alcance,interurbana,16 137,5.0,1.0,3.0,29.0,no,47.0,42.0,0,barcelona,directo,141.0
19/10/2024,400.2546121242962,golpe en aparcamiento,interurbana,14 199,15.0,1.0,3.0,71.0,no,55.0,33.0,300,coruña,mediador,177.0
14/10/2025,2195.6024293055348,alcance,interurbana,14 291,1.0,2.0,0.0,46.0,no,45.0,17.0,0,barcelona,banca seguros,146.0
23/12/2024,1757.774248017971,alcance,urbana,27 779,11.0,3.0,0.0,64.0,sí,22.0,25.0,600,coruña,mediador,99.0
18/05/2024,884.2029223811655,salida de vía,interurbana,11 670,21.0,2.0,0.0,65.0,no,35.0,47.0,150,barcelona,mediador,76.0
08/11/2025,2912.556315203276,golpe en aparcamiento,urbana,30 619,18.0,2.0,0.0,77.0,sí,35.0,0.0,600,valencia,directo,64.0
18/01/2024,5573.741797487783,salida de vía,urbana,31 045,20.0,2.0,0.0,43.0,N/D,59.0,3.0,300,barcelona,mediador,71.0
16/10/2024,7437.057052800752,  robo ,autopista,24 256,2.0,4.0,0.0,46.0,no,23.0,25.0,300,zaragoza,banca seguros,167.0
27/02/2024,1928.404078002348,  alcance ,urbana,8 025,12.0,1.0,0.0,2.0,sí,78.0,15.0,150,valencia,directo,25.0
03/03/2025,542.87971913239,alcance,urbana,7 698,3.0,1.0,0.0,93.0,no,34.0,43.0,300,madrid,mediador,89.0
30/01/2025,1661.9210887185534,alcance,interurbana,29 248,9.0,1.0,0.0,77.0,sí,57.0,12.0,0,barcelona,mediador,3.0
29/12/2024,1917.7132332811498,alcance,autopista,19 577,9.0,1.0,0.0,71.0,no,29.0,9.0,300,coruña,directo,4.0
12/01/2024,641.8431489145427,alcance,urbana,6 620,12.0,4.0,0.0,46.0,sí,59.0,7.0,0,zaragoza,directo,38.0
06/03/2024,3394.806640582135,alcance,autopista,14 264,10.0,1.0,0.0,38.0,sí,40.0,36.0,150,madrid,mediador,137.0
20/10/2025,1413.0281644210902,alcance,urbana,11 764,19.0,2.0,1.0,77.0,no,34.0,22.0,600,coruña,mediador,152.0
28/10/2024,5031.306125087038,SALIDA DE VÍA,autopista,6 650,3.0,1.0,0.0,41.0,sí,43.0,3.0,0,valencia,banca seguros,129.0
01/08/2025,2782.7700157023723,golpe en aparcamiento,interurbana,26 801,8.0,2.0,0.0,86.0,no,42.0,25.0,0,sevilla,banca seguros,122.0
25/05/2024,361.33306123023203,  golpe en aparcamiento ,urbana,8 192,12.0,1.0,0.0,0.0,no,52.0,19.0,0,madrid,directo,89.0
25/04/2024,816.6551226961826,golpe en aparcamiento,urbana,27 578,2.0,2.0,1.0,62.0,N/D,18.0,43.0,0,zaragoza,directo,59.0
09/12/2024,1523.1525678663065,alcance,urbana,9 357,9.0,2.0,0.0,55.0,no,58.0,39.0,0,madrid,mediador,38.0
26/01/2024,1367.9449989945228,salida de vía,urbana,7 365,6.0,2.0,0.0,79.0,sí,18.0,44.0,300,madrid,mediador,30.0
07/12/2025,2039.9518356847339,robo,urbana,22 354,16.0,2.0,0.0,0.0,no,35.0,32.0,0,coruña,directo,4.0
02/07/2025,1753.7734785799214,colisión frontal,urbana,9 639,9.0,1.0,1.0,59.0,N/D,39.0,34.0,600,barcelona,directo,173.0
21/04/2024,2245.09236509894,alcance,urbana,17 620,0.0,1.0,0.0,55.0,no,38.0,24.0,0,madrid,directo,21.0
22/02/2025,1587.359726267959,alcance,urbana,7 617,2.0,4.0,1.0,104.0,no,19.0,7.0,0,madrid,directo,177.0
25/07/2024,2885.5522583451734,colisión frontal,autopista,8 466,22.0,1.0,0.0,33.0,no,28.0,30.0,0,valencia,mediador,65.0
12/11/2025,4372.331074176722,GOLPE EN APARCAMIENTO,autopista,21 399,2.0,3.0,0.0,23.0,sí,50.0,3.0,0,barcelona,directo,1.0
26/11/2024,3361.969328174342,robo,autopista,16 877,20.0,1.0,0.0,33.0,no,40.0,14.0,0,sevilla,banca seguros,129.0
31/12/2024,570.921541159252,golpe en aparcamiento,urbana,5 914,15.0,3.0,0.0,65.0,no,33.0,46.0,300,barcelona,directo,134.0
25/11/2025,585.8650700455573,salida de vía,interurbana,11 023,11.0,1.0,0.0,85.0,no,25.0,15.0,0,zaragoza,directo,64.0
14/01/2024,1167.844496833849,golpe en aparcamiento,urbana,21 024,2.0,2.0,0.0,53.0,no,46.0,48.0,0,madrid,banca seguros,9.0
03/07/2025,898.8464176299883,alcance,interurbana,7 055,6.0,2.0,1.0,50.0,sí,73.0,34.0,300,madrid,banca seguros,86.0
06/06/2024,1886.3110228618752,salida de vía,interurbana,10 547,8.0,2.0,0.0,42.0,sí,20.0,47.0,150,sevilla,directo,135.0
18/08/2025,5125.693852439727,colisión frontal,autopista,13 365,20.0,1.0,0.0,49.0,no,38.0,7.0,0,valencia,banca seguros,154.0
22/09/2024,2188.047042929064,colisión frontal,urbana,3 739,3.0,1.0,0.0,79.0,sí,33.0,50.0,150,barcelona,directo,5.0
09/02/2024,1507.467267955056,alcance,urbana,11 544,15.0,2.0,0.0,37.0,sí,78.0,10.0,150,madrid,mediador,69.0
21/10/2024,992.9282109602632,salida de via,urbana,11 873,2.0,1.0,0.0,23.0,no,27.0,6.0,300,sevilla,directo,12.0
22/02/2025,317.8100958533381,GOLPE EN APARCAMIENTO,urbana,17 180,1.0,3.0,0.0,79.0,N/D,35.0,32.0,300,madrid,mediador,168.0
15/11/2024,2909.4018167901168,salida de vía,urbana,5 099,13.0,5.0,0.0,109.0,no,52.0,11.0,0,barcelona,mediador,138.0
14/10/2025,963.5911434210551,salida de vía,urbana,11 517,18.0,3.0,0.0,6.0,no,44.0,27.0,300,madrid,mediador,40.0
24/12/2025,481.92372515649174,alcance,urbana,12 452,20.0,2.0,0.0,64.0,sí,20.0,18.0,300,zaragoza,directo,45.0
23/09/2024,1596.090790551937,colisión frontal,urbana,5 692,2.0,1.0,0.0,34.0,sí,51.0,9.0,150,zaragoza,mediador,38.0
21/02/2025,2581.570810109724,colisión frontal,interurbana,8 091,15.0,1.0,0.0,72.0,no,39.0,34.0,0,sevilla,directo,63.0
02/07/2024,2274.882243977656,salida de vía,urbana,32 767,11.0,1.0,0.0,50.0,no,22.0,38.0,0,coruña,banca seguros,152.0
03/12/2024,366.2994839468981,golpe en aparcamiento,urbana,4 525,19.0,3.0,0.0,23.0,N/D,39.0,6.0,600,barcelona,mediador,153.0
22/10/2025,1337.6776143407956,golpe en aparcamiento,interurbana,27 112,2.0,4.0,0.0,71.0,no,27.0,2.0,0,barcelona,mediador,93.0
14/11/2024,958.2087620092524,golpe en aparcamiento,autopista,9 809,4.0,4.0,0.0,10.0,no,37.0,6.0,0,madrid,mediador,125.0
04/12/2024,3759.7276586937633,alcance,interurbana,17 714,4.0,4.0,0.0,68.0,no,21.0,1.0,150,barcelona,mediador,179.0
06/07/2025,405.3960715400879,ALCANCE,urbana,2 523,20.0,1.0,0.0,77.0,N/D,43.0,30.0,300,coruña,directo,155.0
08/07/2025,1935.409163721863,alcance,autopista,14 822,11.0,2.0,0.0,43.0,no,42.0,11.0,600,valencia,mediador,69.0
09/02/2025,1897.197127751197,colisión frontal,urbana,5 310,4.0,1.0,0.0,49.0,sí,57.0,14.0,300,barcelona,banca seguros,41.0
20/03/2024,710.7841964952455,golpe en aparcamiento,urbana,9 707,4.0,3.0,0.0,50.0,no,37.0,47.0,300,coruña,mediador,2.0
27/12/2025,105.64006792692184,golpe en aparcamiento,urbana,3 701,21.0,3.0,0.0,65.0,no,52.0,4.0,300,coruña,mediador,66.0
29/10/2025,3920.382201904305,salida de vía,urbana,20 372,6.0,1.0,0.0,91.0,no,19.0,47.0,150,zaragoza,banca seguros,148.0
24/07/2025,1503.4536912490298,alcance,interurbana,8 553,9.0,3.0,0.0,78.0,no,24.0,18.0,0,sevilla,directo,4.0
07/06/2025,667.4979509281143,golpe en aparcamiento,urbana,12 246,0.0,2.0,0.0,45.0,no,42.0,40.0,0,valencia,mediador,120.0
26/01/2024,1557.3756134960533,alcance,urbana,17 828,22.0,3.0,0.0,52.0,sí,58.0,41.0,0,coruña,directo,28.0
30/07/2024,27952.914397741613,incendio,urbana,23 238,2.0,1.0,0.0,77.0,no,53.0,43.0,150,coruña,mediador,22.0
18/02/2024,2670.4059932262326,alcance,urbana,11 520,6.0,4.0,0.0,64.0,sí,41.0,20.0,0,valencia,directo,168.0
07/06/2024,1267.8828554395334,golpe en aparcamiento,interurbana,2 269,12.0,2.0,0.0,72.0,no,35.0,35.0,150,zaragoza,mediador,47.0
07/09/2025,391.77745715520814,golpe en aparcamiento,urbana,12 869,8.0,3.0,0.0,38.0,no,42.0,37.0,0,coruña,mediador,173.0
18/03/2024,5328.801228188393,  salida de vía ,autopista,10 983,7.0,2.0,0.0,60.0,no,48.0,14.0,0,barcelona,banca seguros,168.0
24/11/2025,1293.538475851994,golpe en aparcamiento,urbana,17 304,5.0,3.0,0.0,74.0,sí,54.0,27.0,150,madrid,mediador,21.0
20/01/2025,861.6284414118719,golpe en aparcamiento,interurbana,41 241,14.0,2.0,0.0,9.0,no,38.0,3.0,150,barcelona,mediador,53.0
10/04/2024,18914.898820119415,incendio,interurbana,9 343,3.0,4.0,0.0,91.0,sí,33.0,39.0,150,zaragoza,mediador,161.0
13/04/2025,239.14167948984837,alcance,urbana,7 442,8.0,2.0,0.0,28.0,no,54.0,16.0,0,madrid,directo,159.0
24/04/2025,2770.223206503364,COLISIÓN FRONTAL,urbana,10 666,14.0,1.0,0.0,49.0,sí,42.0,6.0,150,zaragoza,mediador,154.0
21/07/2024,1776.2804660343302,ALCANCE,interurbana,42 265,21.0,2.0,0.0,45.0,no,41.0,35.0,0,sevilla,directo,83.0
12/02/2024,698.077899858629,alcance,interurbana,19 959,6.0,4.0,0.0,56.0,N/D,58.0,19.0,0,zaragoza,mediador,152.0
13/06/2024,2778.506656142432,salida de vía,urbana,6 840,10.0,2.0,0.0,49.0,no,69.0,2.0,0,madrid,mediador,57.0
26/07/2024,4286.0598766688445,  incendio ,urbana,3 377,0.0,3.0,1.0,63.0,no,35.0,49.0,600,zaragoza,directo,71.0
24/02/2024,411.19968462766633,  golpe en aparcamiento ,interurbana,19 671,15.0,4.0,0.0,41.0,no,42.0,12.0,150,coruña,banca seguros,151.0
15/05/2025,3336.060943454214,golpe en aparcamiento,interurbana,19 182,5.0,1.0,0.0,55.0,no,60.0,45.0,0,zaragoza,mediador,21.0
09/08/2025,1387.005628609389,robo,urbana,16 197,20.0,1.0,0.0,22.0,no,55.0,9.0,0,sevilla,directo,133.0
18/04/2024,942.5265200462323,salida de vía,interurbana,13 062,17.0,1.0,5.0,32.0,no,55.0,3.0,150,coruña,mediador,108.0
16/10/2024,654.2531993387774,ALCANCE,urbana,4 344,19.0,4.0,2.0,17.0,no,56.0,25.0,150,madrid,banca seguros,118.0
01/04/2024,493.68335351346326,golpe en aparcamiento,urbana,3 215,14.0,2.0,0.0,48.0,sí,56.0,47.0,150,barcelona,mediador,52.0
21/12/2024,2025.0163867867657,salida de via,urbana,16 417,8.0,1.0,0.0,49.0,no,61.0,45.0,0,zaragoza,directo,70.0
16/09/2024,1959.0707453709242,salida de vía,interurbana,9 008,13.0,1.0,0.0,76.0,no,29.0,36.0,600,valencia,mediador,123.0
14/12/2025,806.67287422648,alcance,interurbana,22 910,5.0,2.0,0.0,19.0,no,55.0,21.0,0,valencia,directo,120.0
28/03/2024,2240.2980902761387,salida de via,interurbana,20 528,14.0,1.0,0.0,32.0,N/D,39.0,32.0,0,sevilla,mediador,46.0
04/10/2024,1960.1568211596255,  golpe en aparcamiento ,autopista,27 519,13.0,1.0,1.0,46.0,sí,40.0,29.0,600,zaragoza,banca seguros,111.0
27/02/2024,1152.6056613912913,alcance,urbana,21 984,22.0,1.0,0.0,10.0,no,33.0,2.0,300,barcelona,mediador,162.0
27/03/2024,902.4635407811414,alcance,interurbana,16 640,9.0,1.0,0.0,68.0,no,25.0,50.0,0,valencia,mediador,110.0
12/07/2024,634.6613882903303,  alcance ,urbana,3 234,15.0,1.0,0.0,65.0,sí,80.0,25.0,150,madrid,directo,34.0
11/02/2024,540.9777930986992,alcance,urbana,3 610,2.0,1.0,0.0,51.0,sí,25.0,14.0,300,coruña,mediador,160.0
22/08/2025,562.1925762766897,salida de vía,urbana,3 302,15.0,1.0,0.0,0.0,no,43.0,42.0,600,zaragoza,directo,22.0
13/12/2025,666.344946162752,alcance,urbana,13 443,4.0,1.0,1.0,43.0,no,34.0,13.0,300,madrid,mediador,95.0
22/04/2024,1041.1810607034079,alcance,autopista,5 910,9.0,5.0,2.0,95.0,N/D,78.0,35.0,300,valencia,directo,83.0
03/02/2025,1527.8540150332121,alcance,urbana,52 281,22.0,4.0,0.0,66.0,no,56.0,29.0,0,sevilla,directo,167.0
18/03/2024,212.2359561860952,alcance,urbana,5 444,1.0,1.0,0.0,19.0,no,42.0,42.0,150,barcelona,mediador,5.0
26/03/2025,4176.703090121273,salida de vía,interurbana,16 648,16.0,4.0,0.0,65.0,sí,36.0,36.0,0,coruña,banca seguros,29.0
17/01/2025,3526.0427358986776,alcance,autopista,21 659,14.0,2.0,0.0,41.0,sí,37.0,34.0,0,sevilla,directo,102.0
14/07/2025,1166.2677953142622,  golpe en aparcamiento ,autopista,8 261,4.0,1.0,0.0,48.0,no,38.0,15.0,300,madrid,directo,50.0
08/06/2024,764.5435608595835,ALCANCE,autopista,5 090,6.0,2.0,0.0,46.0,no,72.0,37.0,150,barcelona,mediador,138.0
23/07/2025,914.6960261722962,  alcance ,interurbana,18 426,8.0,1.0,0.0,9.0,no,27.0,19.0,0,zaragoza,mediador,126.0
16/01/2025,1437.5213538609644,alcance,urbana,38 859,16.0,1.0,0.0,89.0,sí,33.0,24.0,0,sevilla,mediador,43.0
24/11/2024,1784.473129397457,robo,urbana,17 632,1.0,1.0,0.0,61.0,no,41.0,20.0,0,coruña,mediador,55.0
27/10/2025,1532.8217695548442,alcance,urbana,21 161,5.0,1.0,0.0,76.0,sí,53.0,6.0,0,coruña,directo,133.0
10/12/2024,2628.90188780218,alcance,interurbana,36 077,6.0,1.0,0.0,39.0,no,43.0,19.0,150,sevilla,mediador,136.0
22/05/2025,5889.359517300365,robo,urbana,177 270,9.0,2.0,0.0,35.0,N/D,58.0,14.0,0,zaragoza,mediador,12.0
02/10/2024,2944.247330167226,colisión frontal,urbana,7 283,9.0,3.0,0.0,9.0,no,41.0,45.0,0,coruña,mediador,164.0
10/02/2024,4021.578272647407,colisión frontal,autopista,15 249,4.0,1.0,0.0,25.0,sí,38.0,42.0,150,zaragoza,directo,110.0
04/10/2025,2184.8226531464984,robo,urbana,13 347,2.0,4.0,0.0,50.0,no,62.0,44.0,0,zaragoza,directo,22.0
07/12/2024,54902.717776825935,INCENDIO,autopista,50 408,4.0,3.0,0.0,46.0,N/D,26.0,27.0,0,valencia,directo,71.0
27/12/2025,5578.364627486803,robo,urbana,23 662,2.0,1.0,0.0,62.0,sí,18.0,45.0,150,sevilla,directo,24.0
14/02/2024,1069.340658272922,alcance,urbana,21 386,6.0,1.0,0.0,49.0,no,39.0,6.0,0,valencia,mediador,162.0
10/09/2025,3704.3116604222146,incendio,interurbana,7 843,20.0,1.0,0.0,80.0,no,62.0,13.0,300,coruña,mediador,140.0
12/06/2025,1847.1978194126484,salida de vía,interurbana,12 556,21.0,1.0,0.0,49.0,no,79.0,42.0,0,zaragoza,mediador,101.0
27/04/2024,4655.707452359955,COLISIÓN FRONTAL,urbana,8 922,13.0,4.0,0.0,82.0,no,60.0,11.0,0,coruña,directo,116.0
13/09/2025,710.4215512306135,robo,urbana,5 170,4.0,3.0,0.0,50.0,no,42.0,8.0,600,madrid,mediador,17.0
01/02/2024,235.5388531403492,golpe en aparcamiento,interurbana,10 087,4.0,2.0,0.0,57.0,sí,31.0,37.0,150,sevilla,mediador,58.0
13/10/2025,876.1348558597889,robo,urbana,19 027,16.0,2.0,0.0,87.0,no,47.0,28.0,0,zaragoza,directo,147.0
19/06/2025,1539.3112858578284,COLISIÓN FRONTAL,urbana,6 620,8.0,2.0,0.0,102.0,no,49.0,8.0,0,coruña,directo,80.0
15/05/2024,1437.7626300784354,alcance,urbana,23 029,16.0,1.0,0.0,30.0,no,66.0,43.0,150,sevilla,mediador,96.0
03/11/2025,852.8595836428588,  alcance ,urbana,11 857,22.0,1.0,0.0,65.0,sí,26.0,11.0,0,sevilla,mediador,116.0
12/02/2025,3116.7579362464253,alcance,urbana,15 686,3.0,3.0,0.0,38.0,no,30.0,48.0,150,zaragoza,directo,27.0
14/12/2025,183.46903655262645,  golpe en aparcamiento ,autopista,6 505,8.0,2.0,0.0,28.0,no,19.0,15.0,0,zaragoza,directo,142.0
20/03/2024,5445.406262342106,salida de vía,interurbana,24 314,2.0,2.0,3.0,12.0,no,46.0,50.0,300,madrid,banca seguros,77.0
16/11/2024,1561.6195059824731,colisión frontal,interurbana,10 851,1.0,1.0,0.0,48.0,sí,31.0,3.0,150,zaragoza,directo,26.0
10/07/2024,1469.2451598133325,ALCANCE,autopista,5 428,9.0,3.0,0.0,86.0,sí,64.0,42.0,600,sevilla,directo,144.0
16/05/2024,672.6947450079044,alcance,autopista,12 690,6.0,2.0,0.0,69.0,sí,35.0,2.0,300,madrid,banca seguros,149.0
05/08/2025,5151.997211776656,salida de vía,interurbana,11 096,3.0,1.0,1.0,32.0,no,54.0,32.0,600,barcelona,mediador,131.0
24/07/2024,510.92174099804555,golpe en aparcamiento,urbana,5 073,4.0,2.0,0.0,107.0,no,26.0,38.0,150,barcelona,mediador,132.0
17/09/2024,2769.509578139227,alcance,urbana,25 291,4.0,2.0,0.0,83.0,no,50.0,37.0,0,sevilla,mediador,56.0
08/01/2025,2213.5932204586475,colisión frontal,urbana,5 989,8.0,1.0,0.0,27.0,no,24.0,17.0,150,zaragoza,mediador,157.0
30/04/2024,750.6390383648643,  salida de vía ,urbana,3 991,18.0,2.0,1.0,30.0,sí,45.0,30.0,150,sevilla,mediador,10.0
06/09/2025,2405.8252772307665,alcance,urbana,17 098,22.0,1.0,0.0,44.0,no,58.0,0.0,150,zaragoza,directo,179.0
31/05/2024,1612.1793727862841,golpe en aparcamiento,urbana,28 434,17.0,2.0,3.0,32.0,no,54.0,3.0,0,madrid,mediador,17.0
01/05/2024,7767.531058173639,salida de vía,interurbana,17 718,22.0,1.0,3.0,68.0,no,52.0,13.0,600,coruña,mediador,115.0
10/08/2024,2094.418901367773,alcance,interurbana,13 426,2.0,1.0,0.0,87.0,no,36.0,13.0,600,barcelona,mediador,82.0
23/05/2024,5913.7374854767795,incendio,urbana,16 385,18.0,1.0,0.0,37.0,no,52.0,10.0,150,coruña,mediador,123.0
05/09/2025,415.4584776502182,golpe en aparcamiento,autopista,9 289,22.0,2.0,0.0,55.0,no,34.0,1.0,150,barcelona,banca seguros,131.0
27/06/2024,2732.930942752522,ALCANCE,urbana,23 003,6.0,1.0,0.0,46.0,no,44.0,30.0,0,coruña,mediador,110.0
25/10/2024,1645.2128868972682,robo,urbana,3 251,16.0,5.0,0.0,16.0,sí,26.0,34.0,150,zaragoza,banca seguros,129.0
13/04/2024,751.5791131656049,SALIDA DE VÍA,urbana,28 466,20.0,1.0,1.0,98.0,no,31.0,7.0,150,madrid,directo,113.0
03/09/2025,2405.0481881034043,alcance,interurbana,7 598,1.0,3.0,0.0,35.0,sí,57.0,35.0,0,valencia,mediador,3.0
22/09/2025,227.12367824336116,golpe en aparcamiento,interurbana,7 826,22.0,1.0,1.0,46.0,no,24.0,4.0,600,madrid,directo,163.0
07/11/2025,1987.413275957667,GOLPE EN APARCAMIENTO,urbana,9 306,3.0,5.0,0.0,77.0,no,54.0,8.0,300,sevilla,mediador,79.0
12/11/2025,747.6238537355493,salida de vía,urbana,11 468,1.0,1.0,2.0,66.0,no,33.0,17.0,0,barcelona,mediador,78.0
26/08/2025,1233.276567801608,golpe en aparcamiento,urbana,15 197,4.0,5.0,0.0,13.0,no,56.0,30.0,300,sevilla,mediador,38.0
07/10/2024,1515.7903074429107,robo,urbana,6 720,16.0,2.0,0.0,50.0,no,58.0,18.0,150,zaragoza,mediador,68.0
05/12/2025,881.5861872790595,colisión frontal,interurbana,4 205,2.0,1.0,0.0,67.0,sí,53.0,22.0,0,coruña,mediador,3.0
23/11/2024,1066.9700965684679,golpe en aparcamiento,urbana,47 436,13.0,4.0,0.0,56.0,no,24.0,23.0,300,coruña,mediador,114.0
20/10/2024,586.5095314661735,alcance,interurbana,9 130,17.0,2.0,3.0,98.0,no,61.0,23.0,300,valencia,mediador,40.0
02/10/2024,1838.4738230401606,alcance,urbana,21 131,19.0,4.0,2.0,34.0,no,57.0,43.0,150,zaragoza,banca seguros,7.0
08/11/2025,873.3415962070992,alcance,interurbana,12 669,6.0,1.0,0.0,71.0,no,25.0,17.0,0,barcelona,banca seguros,73.0
05/02/2025,1234.854828460742,alcance,interurbana,15 536,20.0,1.0,1.0,31.0,no,42.0,0.0,600,coruña,directo,91.0
03/12/2024,2793.498124338713,colision frontal,urbana,5 709,14.0,1.0,0.0,67.0,no,36.0,50.0,300,barcelona,mediador,22.0
16/05/2024,1562.256725747271,alcance,autopista,13 872,6.0,2.0,0.0,80.0,no,37.0,7.0,300,madrid,mediador,21.0
17/10/2024,7202.336719219335,colisión frontal,urbana,18 359,2.0,2.0,0.0,42.0,no,50.0,34.0,150,valencia,mediador,18.0
08/09/2025,602.1524044471079,alcance,interurbana,32 867,22.0,1.0,0.0,46.0,no,36.0,46.0,0,zaragoza,directo,125.0
02/07/2024,5895.099092481785,COLISIÓN FRONTAL,autopista,36 569,21.0,3.0,0.0,56.0,sí,27.0,22.0,600,valencia,mediador,35.0
16/04/2024,3449.1621043578907,salida de vía,autopista,14 943,5.0,2.0,0.0,50.0,no,88.0,16.0,0,coruña,banca seguros,82.0
11/02/2025,2434.348424655957,alcance,urbana,23 405,7.0,2.0,1.0,27.0,sí,27.0,23.0,600,barcelona,mediador,92.0
13/01/2024,1320.8829259617744,salida de vía,urbana,5 566,3.0,4.0,1.0,73.0,no,28.0,44.0,0,zaragoza,directo,141.0
07/06/2025,832.2909528395635,golpe en aparcamiento,urbana,12 039,17.0,2.0,0.0,84.0,no,48.0,17.0,150,madrid,mediador,45.0
13/06/2024,718.7159260234436,alcance,interurbana,9 145,3.0,1.0,0.0,63.0,no,57.0,44.0,0,zaragoza,mediador,62.0
22/03/2025,166.7809711009186,golpe en aparcamiento,urbana,9 643,9.0,2.0,0.0,61.0,no,43.0,50.0,150,zaragoza,directo,87.0
09/04/2025,606.6725276689328,golpe en aparcamiento,interurbana,4 535,3.0,1.0,0.0,46.0,no,35.0,6.0,150,madrid,banca seguros,86.0
21/06/2024,11670.680059899481,colisión frontal,urbana,76 393,17.0,4.0,3.0,42.0,sí,43.0,15.0,0,madrid,mediador,79.0
17/12/2025,804.5096296920691,alcance,urbana,12 421,10.0,3.0,2.0,59.0,no,18.0,23.0,600,madrid,mediador,169.0
05/08/2025,1828.0996336565508,alcance,urbana,24 175,1.0,1.0,0.0,66.0,N/D,38.0,42.0,0,madrid,directo,1.0
11/03/2025,194.36053648399235,golpe en aparcamiento,autopista,12 905,22.0,1.0,0.0,70.0,no,49.0,34.0,300,zaragoza,mediador,17.0
30/12/2024,1267.5836721550907,colisión frontal,interurbana,8 899,22.0,2.0,1.0,36.0,no,41.0,35.0,0,valencia,directo,112.0
16/08/2025,398.60817737984263,salida de vía,urbana,8 238,19.0,3.0,0.0,63.0,sí,18.0,9.0,150,valencia,mediador,78.0
05/06/2025,1080.5980280261972,alcance,interurbana,10 442,12.0,3.0,0.0,80.0,no,56.0,0.0,0,madrid,directo,60.0
18/07/2024,1859.5657113842499,colisión frontal,interurbana,8 248,11.0,5.0,1.0,18.0,no,48.0,46.0,300,valencia,mediador,26.0
26/10/2024,1855.7677840600343,alcance,interurbana,7 098,5.0,2.0,0.0,48.0,no,49.0,2.0,0,zaragoza,mediador,46.0
19/05/2025,907.618760404839,alcance,urbana,6 188,0.0,4.0,0.0,8.0,sí,54.0,2.0,600,valencia,mediador,65.0
11/05/2024,690.6543795841039,robo,urbana,3 037,8.0,1.0,0.0,60.0,sí,50.0,8.0,150,barcelona,directo,15.0
05/04/2024,1222.015445147992,alcance,interurbana,19 536,13.0,1.0,0.0,80.0,no,27.0,2.0,0,valencia,banca seguros,73.0
05/10/2025,1569.378792124029,alcance,urbana,12 915,0.0,1.0,0.0,9.0,no,49.0,50.0,0,barcelona,mediador,158.0
25/12/2024,903.7298414494762,  alcance ,urbana,25 635,16.0,1.0,0.0,27.0,no,47.0,23.0,150,coruña,mediador,71.0
04/02/2024,6488.593948854019,COLISIÓN FRONTAL,interurbana,10 017,15.0,1.0,2.0,67.0,no,56.0,5.0,0,zaragoza,mediador,32.0
28/12/2025,9011.982920309967,robo,urbana,23 339,3.0,3.0,0.0,36.0,sí,36.0,16.0,0,barcelona,directo,78.0
18/07/2025,1200.281629762411,alcance,urbana,5 952,15.0,1.0,0.0,61.0,sí,42.0,47.0,0,barcelona,mediador,65.0
03/12/2025,537.9477099119425,golpe en aparcamiento,interurbana,9 248,1.0,1.0,1.0,32.0,no,51.0,12.0,0,coruña,mediador,58.0
12/06/2024,316.73271388739545,golpe en aparcamiento,autopista,11 766,17.0,3.0,1.0,58.0,no,66.0,42.0,150,sevilla,directo,6.0
03/07/2024,2953.972012996748,robo,urbana,10 218,18.0,2.0,0.0,82.0,sí,44.0,11.0,300,zaragoza,mediador,105.0
13/07/2024,2373.671231012995,robo,urbana,10 380,21.0,5.0,1.0,79.0,no,55.0,21.0,300,coruña,mediador,25.0
22/01/2025,1062.5914085987708,golpe en aparcamiento,urbana,5 624,4.0,2.0,0.0,82.0,no,32.0,32.0,0,zaragoza,mediador,12.0
24/05/2025,828.9439916228924,alcance,interurbana,8 289,22.0,1.0,0.0,56.0,no,68.0,28.0,0,madrid,mediador,82.0
02/11/2025,692.7962997527056,  alcance ,urbana,11 450,8.0,2.0,0.0,41.0,no,72.0,13.0,300,barcelona,mediador,121.0
20/11/2024,1254.1857485824748,  alcance ,interurbana,11 115,8.0,2.0,0.0,33.0,no,42.0,16.0,150,zaragoza,directo,42.0
02/01/2025,3553.0671187193752,salida de vía,interurbana,7 106,16.0,2.0,0.0,38.0,no,18.0,0.0,300,madrid,mediador,108.0
12/02/2024,3724.7077529023895,incendio,interurbana,7 695,6.0,1.0,0.0,21.0,no,60.0,41.0,600,madrid,directo,81.0
19/03/2024,1040.91247578303,robo,interurbana,2 258,9.0,1.0,0.0,56.0,no,31.0,30.0,150,sevilla,banca seguros,83.0
09/05/2024,2131.5281613089046,alcance,interurbana,6 742,0.0,4.0,0.0,17.0,no,46.0,19.0,0,sevilla,mediador,149.0
21/07/2025,1792.0947436955228,salida de via,urbana,5 488,17.0,1.0,1.0,16.0,no,33.0,16.0,0,valencia,mediador,117.0
06/06/2025,423.9027142558438,golpe en aparcamiento,urbana,11 407,5.0,3.0,0.0,64.0,no,29.0,39.0,0,valencia,mediador,59.0
25/07/2025,1470.7739951941473,salida de via,autopista,8 876,10.0,1.0,0.0,32.0,sí,75.0,8.0,0,madrid,directo,149.0
06/02/2025,2784.913134828425,salida de vía,interurbana,53 028,15.0,2.0,0.0,28.0,no,62.0,47.0,0,zaragoza,mediador,130.0
20/03/2024,718.5230228487163,GOLPE EN APARCAMIENTO,urbana,30 599,19.0,1.0,0.0,89.0,sí,36.0,35.0,0,valencia,banca seguros,168.0
18/03/2025,2598.6656996554725,robo,urbana,8 138,12.0,2.0,0.0,55.0,no,45.0,28.0,150,zaragoza,mediador,167.0
09/01/2025,12035.869820727834,incendio,autopista,8 485,7.0,3.0,0.0,8.0,sí,55.0,28.0,0,valencia,mediador,54.0
18/09/2024,1729.9230222667388,colisión frontal,urbana,4 131,6.0,1.0,4.0,49.0,no,33.0,36.0,0,madrid,mediador,116.0
06/07/2024,44150.55277157661,INCENDIO,urbana,19 662,5.0,3.0,0.0,49.0,no,54.0,45.0,0,sevilla,directo,27.0
11/05/2024,1731.7107019139723,salida de vía,urbana,17 362,20.0,1.0,0.0,60.0,no,53.0,17.0,0,coruña,directo,171.0
27/09/2025,3991.530876186119,colisión frontal,urbana,21 699,3.0,2.0,0.0,35.0,no,53.0,5.0,150,valencia,mediador,126.0
08/04/2025,1637.7702014188142,colisión frontal,interurbana,13 778,13.0,2.0,0.0,64.0,no,57.0,32.0,0,sevilla,mediador,141.0
07/08/2025,1429.216032782233,alcance,urbana,11 924,22.0,1.0,0.0,68.0,no,62.0,17.0,150,sevilla,mediador,157.0
17/11/2025,538.9164413191487,alcance,urbana,6 866,16.0,1.0,0.0,74.0,N/D,41.0,7.0,150,valencia,mediador,165.0
07/07/2025,1495.9614908078656,golpe en aparcamiento,autopista,59 896,19.0,3.0,0.0,26.0,no,24.0,33.0,0,madrid,directo,91.0
04/09/2024,999.0884927156643,colisión frontal,urbana,5 858,12.0,3.0,0.0,66.0,no,33.0,6.0,0,valencia,banca seguros,110.0
03/06/2025,1779.493885741095,colision frontal,urbana,4 634,12.0,2.0,0.0,0.0,no,41.0,7.0,300,valencia,banca seguros,140.0
11/08/2025,2351.8498336139724,alcance,urbana,21 079,13.0,1.0,1.0,41.0,no,40.0,0.0,300,coruña,mediador,175.0
02/10/2024,2460.845583920431,salida de vía,urbana,9 369,5.0,1.0,0.0,43.0,sí,65.0,21.0,150,madrid,mediador,109.0
06/09/2025,1363.6135367203372,alcance,urbana,7 984,14.0,3.0,2.0,70.0,no,37.0,15.0,0,barcelona,mediador,160.0
31/08/2025,522.2785755997119,golpe en aparcamiento,urbana,34 527,7.0,1.0,0.0,63.0,no,42.0,30.0,0,barcelona,mediador,16.0
17/09/2025,884.1412961776083,alcance,urbana,15 803,0.0,1.0,0.0,105.0,no,76.0,36.0,0,coruña,mediador,21.0
19/11/2024,1503.6029721256396,alcance,interurbana,23 180,14.0,2.0,0.0,53.0,no,55.0,39.0,0,coruña,mediador,96.0
11/10/2024,1742.6329903690946,salida de via,autopista,16 165,9.0,3.0,0.0,74.0,no,39.0,0.0,300,coruña,directo,68.0
07/09/2025,2940.2645784029655,alcance,interurbana,32 801,7.0,2.0,2.0,101.0,no,55.0,43.0,0,barcelona,mediador,128.0
29/10/2024,843.5234615652065,GOLPE EN APARCAMIENTO,interurbana,11 488,5.0,4.0,0.0,19.0,no,59.0,36.0,0,madrid,directo,131.0
05/12/2024,895.3900492724662,alcance,autopista,7 917,6.0,3.0,0.0,55.0,no,43.0,19.0,0,valencia,directo,57.0
22/10/2025,1149.6419714335364,golpe en aparcamiento,autopista,28 258,12.0,1.0,0.0,16.0,sí,62.0,3.0,600,coruña,directo,156.0
21/05/2025,300.7572025585928,golpe en aparcamiento,interurbana,6 387,13.0,1.0,0.0,44.0,no,43.0,16.0,300,madrid,mediador,10.0
28/09/2025,2891.9938414508943,  robo ,urbana,10 995,2.0,2.0,0.0,72.0,sí,30.0,39.0,0,barcelona,banca seguros,138.0
14/09/2024,1477.1899287346669,COLISIÓN FRONTAL,autopista,8 756,10.0,2.0,0.0,60.0,no,47.0,47.0,0,zaragoza,directo,179.0
14/08/2025,20904.217310550193,incendio,urbana,6 444,13.0,3.0,1.0,35.0,no,31.0,25.0,600,valencia,banca seguros,168.0
02/03/2025,2112.7598603757738,alcance,urbana,17 916,11.0,2.0,0.0,33.0,no,53.0,20.0,0,coruña,banca seguros,106.0
23/03/2024,4696.32521823509,robo,autopista,9 788,1.0,2.0,1.0,63.0,no,39.0,50.0,0,barcelona,directo,35.0
28/07/2024,4238.973657230187,incendio,urbana,2 850,2.0,1.0,0.0,52.0,no,54.0,25.0,0,coruña,mediador,83.0
05/07/2025,3246.788246018301,  salida de vía ,urbana,11 361,17.0,5.0,0.0,92.0,N/D,54.0,16.0,0,madrid,directo,158.0
28/10/2025,1134.6326312793478,  robo ,urbana,12 275,20.0,1.0,0.0,89.0,sí,50.0,49.0,150,valencia,banca seguros,96.0
09/10/2025,666.3951815918359,  golpe en aparcamiento ,urbana,11 723,13.0,1.0,1.0,71.0,no,65.0,38.0,0,barcelona,directo,147.0
16/01/2025,242.88928914756937,golpe en aparcamiento,urbana,7 952,17.0,1.0,0.0,92.0,no,19.0,37.0,600,valencia,mediador,59.0
15/01/2024,577.269204682104,salida de vía,urbana,2 897,15.0,1.0,0.0,22.0,sí,49.0,50.0,150,coruña,directo,136.0
06/05/2025,426.6432372626417,GOLPE EN APARCAMIENTO,urbana,13 513,15.0,3.0,0.0,55.0,N/D,18.0,27.0,600,coruña,mediador,100.0
02/08/2025,429.9893743799505,golpe en aparcamiento,urbana,5 466,21.0,1.0,0.0,26.0,sí,34.0,26.0,0,sevilla,directo,132.0
07/02/2025,266.3426780027613,alcance,autopista,5 747,22.0,1.0,1.0,55.0,no,34.0,4.0,150,coruña,banca seguros,50.0
11/04/2025,1876.0859903908422,  golpe en aparcamiento ,interurbana,10 688,7.0,2.0,0.0,36.0,sí,53.0,6.0,300,barcelona,directo,3.0
14/08/2025,6882.47826631769,alcance,urbana,12 597,1.0,1.0,0.0,36.0,no,66.0,49.0,0,zaragoza,mediador,167.0
07/06/2025,188.97949365299579,golpe en aparcamiento,urbana,12 339,20.0,1.0,2.0,51.0,no,53.0,1.0,600,barcelona,directo,125.0
24/06/2024,4385.5106051919465,incendio,urbana,10 065,20.0,2.0,1.0,40.0,no,48.0,16.0,150,madrid,directo,9.0
18/06/2025,1521.7453043710727,colisión frontal,interurbana,10 033,17.0,1.0,0.0,17.0,no,34.0,16.0,150,coruña,mediador,110.0
23/11/2024,980.0367740574374,alcance,urbana,6 615,1.0,1.0,0.0,34.0,no,48.0,40.0,600,barcelona,mediador,38.0
31/05/2024,4060.358526732953,robo,urbana,14 872,13.0,5.0,0.0,47.0,sí,72.0,37.0,150,madrid,directo,99.0
04/09/2024,2226.175459864608,alcance,interurbana,9 543,0.0,1.0,0.0,53.0,sí,36.0,29.0,0,zaragoza,mediador,148.0
15/05/2025,2799.666127476877,golpe en aparcamiento,autopista,26 204,16.0,2.0,0.0,61.0,no,49.0,34.0,300,valencia,directo,158.0
10/08/2024,574.8062600056244,golpe en aparcamiento,autopista,14 446,16.0,5.0,0.0,0.0,no,51.0,32.0,300,barcelona,directo,3.0
21/10/2025,3305.2181625423136,salida de vía,urbana,37 489,13.0,1.0,0.0,90.0,no,19.0,40.0,150,valencia,directo,29.0
30/12/2025,2556.6243369612507,  colisión frontal ,urbana,6 951,3.0,3.0,1.0,34.0,no,42.0,44.0,0,valencia,mediador,179.0
23/02/2025,186.7702897020665,golpe en aparcamiento,urbana,18 081,21.0,2.0,0.0,21.0,sí,65.0,26.0,0,coruña,mediador,24.0
10/05/2024,5993.476603934826,INCENDIO,autopista,7 095,5.0,1.0,0.0,75.0,no,55.0,38.0,0,barcelona,directo,152.0
26/07/2024,4460.668739058926,colisión frontal,urbana,10 377,17.0,1.0,0.0,39.0,no,49.0,44.0,300,barcelona,mediador,29.0
29/03/2024,613.5913038448957,golpe en aparcamiento,urbana,8 683,6.0,1.0,0.0,85.0,sí,45.0,49.0,0,zaragoza,banca seguros,164.0
14/09/2024,307.40797389646616,alcance,interurbana,5 099,5.0,2.0,0.0,1.0,sí,52.0,14.0,0,coruña,directo,24.0
10/12/2025,823.007386822267,golpe en aparcamiento,urbana,13 972,22.0,3.0,0.0,54.0,no,65.0,1.0,0,barcelona,mediador,2.0
01/09/2025,1320.7722140236401,colisión frontal,urbana,2 949,14.0,1.0,0.0,62.0,no,42.0,4.0,0,sevilla,directo,107.0
14/08/2024,761.2970224692311,alcance,urbana,11 058,10.0,2.0,1.0,10.0,no,37.0,47.0,0,barcelona,mediador,150.0
24/07/2025,2070.012252399596,  salida de vía ,urbana,3 382,9.0,5.0,0.0,38.0,no,27.0,4.0,150,sevilla,directo,47.0
03/04/2024,759.1754854681526,golpe en aparcamiento,autopista,11 362,5.0,2.0,0.0,16.0,no,35.0,34.0,600,zaragoza,mediador,132.0
01/10/2025,506.5994832377114,alcance,urbana,7 780,13.0,2.0,0.0,48.0,no,50.0,16.0,150,barcelona,mediador,120.0
13/12/2025,958.2246138894277,alcance,urbana,15 702,17.0,1.0,0.0,64.0,sí,20.0,44.0,300,coruña,directo,166.0
03/11/2025,2114.7811949442653,alcance,autopista,13 287,1.0,2.0,2.0,57.0,no,41.0,1.0,0,sevilla,directo,170.0
07/02/2025,1003.4677424125955,salida de vía,autopista,6 185,11.0,1.0,0.0,58.0,no,64.0,36.0,300,madrid,mediador,101.0
07/04/2025,941.0146359708425,robo,urbana,5 893,21.0,1.0,0.0,28.0,no,48.0,31.0,600,coruña,directo,91.0
10/11/2024,2096.1483126221656,robo,urbana,10 091,1.0,1.0,0.0,92.0,N/D,50.0,10.0,300,sevilla,directo,111.0
10/06/2024,593.4848065123048,golpe en aparcamiento,autopista,16 083,19.0,1.0,0.0,20.0,no,48.0,7.0,300,valencia,mediador,31.0
02/08/2024,5957.606382201681,robo,urbana,7 764,4.0,5.0,1.0,28.0,sí,25.0,20.0,600,coruña,mediador,95.0
24/01/2024,797.3221849217081,alcance,urbana,6 680,16.0,1.0,0.0,51.0,no,52.0,31.0,0,zaragoza,banca seguros,135.0
23/09/2024,2667.5291949504845,ROBO,autopista,9 996,5.0,1.0,0.0,52.0,no,45.0,18.0,600,zaragoza,directo,168.0
21/03/2024,2587.658706497992,robo,urbana,28 979,17.0,1.0,1.0,5.0,no,32.0,40.0,300,sevilla,directo,9.0
23/02/2024,101.26036483646524,golpe en aparcamiento,urbana,3 418,21.0,4.0,0.0,103.0,no,32.0,7.0,0,madrid,banca seguros,43.0
27/12/2024,2449.7084338357868,COLISIÓN FRONTAL,urbana,10 001,1.0,1.0,0.0,46.0,no,36.0,48.0,0,sevilla,mediador,74.0
16/11/2024,6342.516261721622,GOLPE EN APARCAMIENTO,autopista,47 667,15.0,2.0,0.0,31.0,sí,57.0,46.0,600,sevilla,banca seguros,169.0
20/02/2024,1945.1945662163635,salida de vía,interurbana,5 684,4.0,3.0,0.0,91.0,no,55.0,11.0,0,coruña,mediador,8.0
21/05/2024,262.3500786093299,  golpe en aparcamiento ,urbana,12 299,16.0,2.0,0.0,65.0,no,47.0,27.0,0,coruña,mediador,50.0
08/11/2025,757.9403802217764,alcance,interurbana,6 481,17.0,2.0,0.0,57.0,no,45.0,34.0,150,sevilla,mediador,180.0
19/11/2025,828.0073710161529,alcance,interurbana,9 474,3.0,1.0,0.0,30.0,no,32.0,17.0,300,sevilla,mediador,46.0
08/11/2024,873.03220164225,robo,autopista,7 595,14.0,3.0,0.0,2.0,no,28.0,48.0,300,madrid,mediador,73.0
30/06/2025,776.8152030621518,alcance,urbana,9 928,2.0,2.0,0.0,34.0,no,64.0,2.0,0,barcelona,banca seguros,29.0
21/06/2025,1882.9843712124402,SALIDA DE VÍA,interurbana,20 832,12.0,2.0,0.0,69.0,no,30.0,23.0,300,madrid,banca seguros,177.0
10/12/2024,969.951327073663,golpe en aparcamiento,autopista,29 733,13.0,1.0,0.0,53.0,sí,45.0,1.0,0,coruña,directo,35.0
01/12/2025,1052.0537145421526,golpe en aparcamiento,interurbana,18 874,3.0,1.0,0.0,117.0,no,40.0,24.0,150,sevilla,banca seguros,75.0
02/04/2024,368.4832807355195,alcance,urbana,11 156,16.0,2.0,0.0,26.0,no,35.0,19.0,0,valencia,directo,134.0
01/01/2025,957.3541055696649,alcance,interurbana,7 101,4.0,1.0,0.0,65.0,no,47.0,20.0,0,coruña,banca seguros,79.0
03/11/2025,1959.9429990391977,colision frontal,urbana,7 436,20.0,1.0,0.0,50.0,sí,43.0,10.0,150,madrid,banca seguros,41.0
30/03/2024,365.58189871439345,golpe en aparcamiento,urbana,19 357,11.0,1.0,0.0,59.0,no,37.0,42.0,0,madrid,banca seguros,134.0
21/11/2025,510.2194979466315,golpe en aparcamiento,urbana,12 759,7.0,1.0,0.0,61.0,no,44.0,34.0,0,barcelona,mediador,78.0
17/04/2024,1789.8490221276943,ROBO,interurbana,6 251,5.0,3.0,1.0,34.0,sí,42.0,31.0,600,coruña,directo,19.0
09/03/2025,828.3811142520366,alcance,interurbana,11 680,20.0,1.0,0.0,60.0,sí,64.0,45.0,600,zaragoza,mediador,97.0
29/03/2024,3197.694602812251,ALCANCE,interurbana,21 556,16.0,1.0,0.0,57.0,no,42.0,46.0,0,valencia,directo,62.0
28/05/2025,587.1145564725243,alcance,urbana,19 378,17.0,2.0,0.0,50.0,no,44.0,50.0,150,zaragoza,banca seguros,89.0
09/06/2025,1772.501735077482,  alcance ,autopista,8 685,18.0,2.0,0.0,75.0,sí,45.0,14.0,0,barcelona,directo,164.0
26/01/2025,1013.6487179177569,golpe en aparcamiento,urbana,6 976,2.0,5.0,0.0,58.0,sí,37.0,1.0,0,zaragoza,mediador,144.0
21/08/2024,2025.29194026612,alcance,urbana,17 130,10.0,1.0,0.0,50.0,sí,34.0,4.0,0,zaragoza,mediador,112.0
01/04/2025,1911.2019656303357,alcance,interurbana,11 642,17.0,3.0,2.0,33.0,no,42.0,11.0,0,valencia,directo,37.0
15/11/2024,1216.9120116357242,  alcance ,interurbana,5 878,17.0,2.0,0.0,51.0,sí,53.0,4.0,300,valencia,directo,157.0
21/05/2025,4690.065741002391,salida de vía,urbana,21 892,8.0,1.0,0.0,70.0,no,61.0,29.0,600,zaragoza,directo,10.0
04/04/2025,1447.5520289597102,robo,urbana,16 386,3.0,2.0,0.0,53.0,sí,34.0,44.0,0,zaragoza,mediador,53.0
15/01/2025,1018.6650289303719,golpe en aparcamiento,urbana,14 657,18.0,2.0,0.0,74.0,no,30.0,23.0,0,barcelona,mediador,169.0
07/08/2024,1548.5210879056801,  colisión frontal ,urbana,4 517,14.0,1.0,1.0,106.0,sí,34.0,23.0,0,barcelona,banca seguros,72.0
09/02/2025,640.9266661257777,alcance,interurbana,12 385,4.0,1.0,1.0,28.0,no,53.0,6.0,0,madrid,mediador,21.0
06/10/2025,1101.8654192013078,colisión frontal,urbana,3 248,4.0,3.0,0.0,34.0,no,36.0,14.0,150,barcelona,mediador,147.0
24/12/2024,795.3415916955424,alcance,urbana,16 172,21.0,1.0,0.0,8.0,sí,18.0,16.0,0,sevilla,mediador,8.0
03/08/2025,987.1923548529571,alcance,interurbana,16 165,16.0,1.0,0.0,10.0,sí,38.0,11.0,300,valencia,directo,131.0
22/02/2024,4766.172344142087,COLISIÓN FRONTAL,interurbana,12 561,19.0,2.0,0.0,61.0,sí,35.0,14.0,150,zaragoza,directo,157.0
15/12/2024,1570.5190510996165,colisión frontal,urbana,10 806,11.0,2.0,1.0,79.0,no,52.0,30.0,600,barcelona,mediador,72.0
10/05/2024,2558.3902645652815,  alcance ,autopista,23 784,0.0,1.0,0.0,61.0,no,33.0,25.0,0,barcelona,banca seguros,60.0
11/01/2024,1165.0546071042788,alcance,urbana,15 111,5.0,3.0,0.0,40.0,no,49.0,18.0,0,coruña,directo,61.0
11/05/2025,2024.2288243298406,salida de vía,urbana,13 233,2.0,1.0,0.0,16.0,no,32.0,36.0,0,coruña,banca seguros,99.0
04/09/2025,878.8467631407649,alcance,interurbana,15 984,8.0,2.0,0.0,34.0,no,47.0,30.0,0,valencia,mediador,175.0
07/09/2024,2570.8534222519497,colisión frontal,urbana,8 808,5.0,1.0,0.0,27.0,no,24.0,24.0,300,zaragoza,directo,59.0
04/10/2024,871.4226223375887,salida de vía,autopista,4 375,14.0,1.0,0.0,30.0,no,53.0,42.0,0,madrid,banca seguros,19.0
24/06/2025,9714.522290990843,incendio,autopista,18 422,3.0,1.0,0.0,31.0,no,45.0,11.0,600,valencia,mediador,122.0
27/07/2025,3001.1226629922626,alcance,urbana,10 291,6.0,1.0,0.0,55.0,no,21.0,20.0,150,sevilla,mediador,34.0
28/03/2024,550.4399887697732,alcance,urbana,10 159,10.0,2.0,0.0,69.0,no,50.0,11.0,300,sevilla,banca seguros,109.0
22/12/2025,1724.884764383065,colisión frontal,urbana,12 680,17.0,3.0,0.0,47.0,no,39.0,42.0,0,sevilla,directo,25.0
02/05/2025,5075.0672053130875,colisión frontal,autopista,5 765,9.0,3.0,1.0,50.0,no,47.0,3.0,300,sevilla,mediador,152.0
23/02/2025,1833.5125811650512,ALCANCE,urbana,16 232,16.0,1.0,0.0,53.0,sí,49.0,20.0,300,sevilla,mediador,107.0
15/06/2024,1145.425679053974,alcance,autopista,12 935,18.0,1.0,0.0,30.0,no,36.0,11.0,0,coruña,banca seguros,78.0
08/08/2024,1587.7786488075817,alcance,interurbana,13 872,13.0,1.0,0.0,69.0,sí,50.0,31.0,0,madrid,directo,48.0
15/11/2024,3027.947456270817,alcance,urbana,15 978,20.0,3.0,2.0,32.0,sí,40.0,39.0,0,valencia,mediador,98.0
16/02/2025,2865.8781925722637,salida de vía,autopista,16 128,4.0,1.0,0.0,35.0,no,57.0,45.0,600,sevilla,directo,175.0
19/03/2025,293.4653635030951,  golpe en aparcamiento ,autopista,8 782,18.0,3.0,0.0,28.0,no,31.0,17.0,150,barcelona,directo,48.0
23/06/2025,2731.5316798559566,SALIDA DE VÍA,autopista,8 051,6.0,3.0,0.0,58.0,no,18.0,23.0,150,valencia,mediador,101.0
08/03/2025,526.7861288899733,golpe en aparcamiento,autopista,16 569,16.0,1.0,3.0,22.0,sí,51.0,24.0,0,barcelona,banca seguros,129.0
20/05/2025,20952.898837151675,incendio,autopista,11 830,10.0,2.0,0.0,63.0,sí,56.0,39.0,150,madrid,banca seguros,131.0
30/01/2024,1740.8151170109652,  alcance ,interurbana,5 075,2.0,2.0,0.0,46.0,no,43.0,13.0,0,coruña,mediador,25.0
07/03/2025,636.9945039418354,alcance,urbana,11 749,8.0,2.0,0.0,71.0,sí,57.0,23.0,0,coruña,mediador,98.0
01/08/2024,8515.957089669484,colisión frontal,urbana,22 475,15.0,1.0,0.0,57.0,no,40.0,40.0,0,valencia,mediador,172.0
05/02/2025,3191.1539859360414,  salida de vía ,urbana,7 479,17.0,3.0,0.0,68.0,sí,51.0,6.0,0,valencia,mediador,77.0
16/02/2024,890.8799964845088,golpe en aparcamiento,urbana,18 224,22.0,2.0,0.0,52.0,no,62.0,41.0,300,madrid,directo,74.0
07/12/2025,289.50756709182406,golpe en aparcamiento,urbana,16 739,10.0,1.0,0.0,39.0,no,23.0,25.0,150,coruña,banca seguros,153.0
17/09/2025,403.7967923412753,alcance,urbana,3 721,14.0,3.0,0.0,50.0,sí,56.0,4.0,300,madrid,banca seguros,106.0
11/06/2024,936.8654765593848,robo,interurbana,6 679,15.0,1.0,0.0,48.0,no,60.0,9.0,0,barcelona,directo,132.0
19/05/2024,2030.6021611359483,robo,urbana,6 251,15.0,1.0,0.0,33.0,sí,61.0,6.0,600,sevilla,directo,131.0
13/04/2024,3673.637635978352,alcance,autopista,30 874,14.0,1.0,0.0,34.0,no,63.0,35.0,150,sevilla,directo,52.0
24/11/2024,1253.875405825405,alcance,urbana,10 405,16.0,2.0,0.0,75.0,N/D,40.0,39.0,0,zaragoza,banca seguros,88.0
18/09/2025,516.7574800471583,alcance,interurbana,10 616,20.0,1.0,1.0,88.0,no,18.0,9.0,0,coruña,directo,59.0
25/04/2025,1254.3547716335447,alcance,urbana,10 870,19.0,2.0,0.0,1.0,no,32.0,4.0,0,barcelona,mediador,13.0
09/03/2025,746.1386498357753,  golpe en aparcamiento ,autopista,17 543,3.0,1.0,0.0,11.0,no,61.0,23.0,600,coruña,mediador,171.0
28/06/2024,713.0032097927827,golpe en aparcamiento,urbana,35 491,11.0,3.0,0.0,45.0,no,50.0,15.0,0,zaragoza,mediador,55.0
07/06/2024,400.87615954161487,golpe en aparcamiento,urbana,6 816,7.0,2.0,0.0,76.0,no,41.0,20.0,150,barcelona,banca seguros,41.0
03/10/2024,624.2103516850625,GOLPE EN APARCAMIENTO,urbana,4 678,14.0,2.0,0.0,26.0,no,51.0,50.0,0,sevilla,banca seguros,77.0
20/12/2024,1560.4251577326822,alcance,urbana,6 472,8.0,4.0,0.0,107.0,no,32.0,14.0,150,valencia,directo,15.0
15/05/2025,453.226973689895,alcance,urbana,4 208,17.0,1.0,0.0,70.0,no,18.0,35.0,0,valencia,directo,17.0
19/07/2024,284.3714797913068,golpe en aparcamiento,urbana,10 144,12.0,1.0,1.0,64.0,no,48.0,38.0,0,madrid,directo,80.0
16/08/2025,584.2892448185062,golpe en aparcamiento,interurbana,15 224,2.0,1.0,1.0,49.0,no,47.0,23.0,0,barcelona,mediador,112.0
26/04/2024,415.8242328163577,alcance,urbana,12 918,2.0,1.0,0.0,0.0,sí,65.0,31.0,150,sevilla,banca seguros,174.0
29/08/2025,2933.6126129491313,alcance,urbana,8 625,4.0,1.0,0.0,40.0,no,45.0,19.0,0,coruña,directo,33.0
07/09/2025,4299.273268367044,colisión frontal,interurbana,22 138,11.0,2.0,0.0,78.0,no,21.0,38.0,600,coruña,banca seguros,148.0
07/03/2024,2253.704957129058,  alcance ,interurbana,25 007,22.0,4.0,0.0,44.0,no,53.0,32.0,600,madrid,directo,107.0
03/12/2025,2507.9888819111716,golpe en aparcamiento,interurbana,17 797,4.0,1.0,0.0,69.0,sí,44.0,24.0,0,valencia,mediador,149.0
19/06/2024,976.0379684168815,golpe en aparcamiento,interurbana,36 824,12.0,2.0,0.0,52.0,no,20.0,4.0,150,valencia,mediador,136.0
12/05/2024,1180.8877943928662,golpe en aparcamiento,urbana,13 808,20.0,3.0,1.0,52.0,sí,43.0,20.0,150,coruña,mediador,19.0
13/07/2025,559.2857650105187,  alcance ,urbana,4 521,17.0,2.0,0.0,82.0,no,24.0,19.0,300,madrid,directo,159.0
18/08/2024,357.2946496886034,golpe en aparcamiento,urbana,4 415,3.0,1.0,0.0,63.0,sí,22.0,0.0,0,coruña,mediador,16.0
30/07/2025,380.59405875618353,alcance,autopista,2 674,22.0,2.0,0.0,55.0,sí,29.0,47.0,0,valencia,mediador,73.0
12/07/2025,318.86750557882226,golpe en aparcamiento,urbana,13 704,6.0,3.0,0.0,0.0,no,18.0,32.0,0,valencia,directo,164.0
05/09/2024,13043.095555639238,  incendio ,urbana,4 721,4.0,4.0,2.0,77.0,no,33.0,17.0,0,zaragoza,mediador,70.0
06/05/2024,327.0838673455549,alcance,interurbana,7 898,14.0,1.0,0.0,51.0,no,33.0,1.0,0,barcelona,mediador,6.0
25/11/2024,1459.5972359923833,alcance,interurbana,4 418,6.0,1.0,2.0,58.0,no,40.0,17.0,600,zaragoza,mediador,62.0
27/08/2024,854.4195847499223,alcance,urbana,19 089,16.0,1.0,0.0,35.0,no,33.0,24.0,300,coruña,banca seguros,134.0
03/03/2025,15880.826409286026,  salida de vía ,interurbana,22 510,17.0,2.0,1.0,62.0,no,41.0,31.0,0,valencia,banca seguros,37.0
08/05/2025,1588.5605273200958,alcance,interurbana,13 099,4.0,3.0,0.0,41.0,no,51.0,31.0,300,madrid,banca seguros,153.0
17/02/2024,1961.175200952261,alcance,autopista,10 015,19.0,1.0,0.0,65.0,no,23.0,31.0,300,madrid,mediador,127.0
30/03/2024,269.5463618281276,alcance,autopista,3 392,18.0,3.0,2.0,25.0,no,55.0,30.0,600,coruña,directo,66.0
23/12/2025,9573.348904336377,incendio,autopista,4 459,0.0,1.0,0.0,76.0,no,29.0,45.0,150,sevilla,banca seguros,2.0
15/01/2025,820.6671118675692,  alcance ,interurbana,17 641,20.0,1.0,0.0,32.0,sí,19.0,6.0,600,madrid,mediador,96.0
18/11/2025,6795.854357728921,colisión frontal,urbana,14 308,4.0,4.0,0.0,58.0,sí,41.0,37.0,300,coruña,directo,37.0
04/10/2025,1022.4776925570844,alcance,interurbana,12 477,18.0,1.0,1.0,17.0,no,45.0,21.0,150,coruña,mediador,8.0
23/11/2025,1054.971447544267,ROBO,autopista,7 337,2.0,1.0,0.0,83.0,N/D,32.0,44.0,150,barcelona,directo,58.0
13/06/2024,205.1445133694983,golpe en aparcamiento,urbana,10 891,16.0,4.0,0.0,63.0,no,47.0,37.0,0,sevilla,mediador,156.0
02/07/2025,321.01120382689413,GOLPE EN APARCAMIENTO,interurbana,10 061,22.0,1.0,0.0,61.0,sí,42.0,40.0,150,madrid,mediador,165.0
07/10/2024,350.5069764102017,golpe en aparcamiento,urbana,6 406,6.0,2.0,0.0,75.0,no,35.0,29.0,0,coruña,mediador,9.0
02/09/2024,1981.926190207565,alcance,interurbana,12 417,7.0,2.0,0.0,0.0,no,40.0,14.0,600,valencia,directo,80.0
18/06/2024,2253.1785300071538,alcance,urbana,26 264,11.0,1.0,1.0,41.0,no,36.0,8.0,0,barcelona,directo,160.0
23/10/2024,1383.365930575404,golpe en aparcamiento,urbana,34 876,12.0,1.0,0.0,50.0,no,36.0,15.0,0,zaragoza,mediador,10.0
30/08/2025,5274.215629610353,colisión frontal,autopista,6 611,1.0,3.0,0.0,68.0,no,42.0,8.0,150,zaragoza,mediador,149.0
01/08/2025,7615.831808749849,colisión frontal,autopista,34 223,12.0,3.0,0.0,42.0,no,51.0,39.0,0,coruña,mediador,154.0
03/07/2024,435.85449530310274,golpe en aparcamiento,interurbana,15 248,12.0,2.0,0.0,58.0,no,41.0,50.0,0,zaragoza,mediador,21.0
26/08/2024,2230.4276648436426,  alcance ,urbana,22 811,5.0,4.0,1.0,87.0,no,57.0,30.0,300,madrid,banca seguros,24.0
01/09/2024,2243.671161356634,salida de vía,interurbana,11 801,6.0,1.0,0.0,29.0,no,80.0,20.0,0,barcelona,mediador,99.0
11/12/2024,3319.192791016873,colisión frontal,urbana,15 350,6.0,3.0,1.0,52.0,N/D,41.0,42.0,0,valencia,directo,25.0
15/03/2025,565.602654671847,GOLPE EN APARCAMIENTO,autopista,12 516,7.0,1.0,1.0,45.0,sí,49.0,48.0,150,madrid,mediador,173.0
06/07/2024,1562.5034923638063,alcance,interurbana,26 176,18.0,1.0,0.0,40.0,no,18.0,24.0,600,madrid,mediador,135.0
30/04/2024,780.3709517216694,alcance,urbana,2 215,9.0,5.0,0.0,39.0,N/D,18.0,49.0,0,zaragoza,mediador,54.0
25/05/2024,1060.5226112855057,colisión frontal,urbana,11 039,14.0,2.0,0.0,15.0,sí,43.0,37.0,150,sevilla,directo,60.0
30/09/2025,1371.3207469231113,colisión frontal,urbana,21 916,18.0,1.0,0.0,14.0,no,31.0,22.0,150,valencia,mediador,61.0
21/10/2024,906.5927987672711,golpe en aparcamiento,urbana,13 481,10.0,4.0,0.0,39.0,no,52.0,18.0,0,madrid,directo,44.0
19/02/2025,381.6036022211359,golpe en aparcamiento,urbana,9 744,12.0,2.0,0.0,78.0,no,22.0,26.0,0,coruña,directo,49.0
08/09/2024,2367.959613074697,alcance,urbana,15 392,15.0,2.0,0.0,26.0,no,34.0,25.0,0,valencia,directo,119.0
20/05/2024,723.2112503754213,golpe en aparcamiento,urbana,15 079,2.0,1.0,0.0,35.0,no,47.0,21.0,300,zaragoza,banca seguros,10.0
06/08/2025,14594.388354625176,incendio,autopista,3 397,16.0,4.0,0.0,16.0,sí,54.0,18.0,150,madrid,mediador,174.0
11/09/2025,13112.308713125247,INCENDIO,autopista,9 999,1.0,4.0,2.0,17.0,no,19.0,2.0,150,zaragoza,mediador,20.0
21/03/2025,1047.797637473403,alcance,urbana,8 900,15.0,3.0,0.0,38.0,no,21.0,4.0,300,zaragoza,mediador,173.0
16/02/2024,976.0321642832571,golpe en aparcamiento,urbana,16 257,19.0,1.0,1.0,48.0,sí,52.0,22.0,150,coruña,mediador,73.0
06/10/2025,421.38773293832867,colisión frontal,urbana,4 670,3.0,2.0,0.0,29.0,no,35.0,41.0,0,zaragoza,mediador,151.0
11/10/2024,636.8481246827116,alcance,interurbana,5 511,10.0,1.0,0.0,62.0,N/D,58.0,38.0,300,valencia,mediador,67.0
30/07/2025,472.01839928604204,golpe en aparcamiento,interurbana,7 075,15.0,2.0,0.0,53.0,N/D,18.0,12.0,0,madrid,mediador,172.0
22/04/2025,794.8846832386197,GOLPE EN APARCAMIENTO,urbana,18 479,6.0,1.0,0.0,68.0,no,52.0,40.0,0,barcelona,mediador,124.0
26/01/2024,7062.666023456196,colisión frontal,interurbana,11 728,2.0,2.0,5.0,12.0,sí,52.0,28.0,0,madrid,directo,87.0
01/01/2025,1013.1078645568047,  salida de vía ,urbana,7 808,13.0,2.0,0.0,49.0,no,48.0,37.0,600,zaragoza,mediador,128.0
29/03/2024,996.2791335096185,salida de vía,interurbana,6 581,9.0,1.0,0.0,41.0,no,25.0,35.0,300,sevilla,mediador,22.0
04/07/2024,1253.2630374886273,robo,urbana,34 954,21.0,1.0,0.0,95.0,no,47.0,37.0,0,sevilla,mediador,147.0
10/12/2024,1470.5847194703542,  alcance ,urbana,10 812,4.0,1.0,0.0,20.0,sí,28.0,3.0,150,valencia,mediador,77.0
02/10/2024,1747.578928374359,robo,interurbana,5 867,16.0,1.0,0.0,49.0,no,18.0,0.0,600,coruña,mediador,13.0
16/03/2025,880.7290137670839,alcance,urbana,4 672,3.0,5.0,0.0,39.0,sí,34.0,36.0,0,zaragoza,mediador,98.0
28/07/2025,1467.1783227603892,salida de via,urbana,7 711,13.0,1.0,0.0,65.0,no,37.0,25.0,0,barcelona,directo,95.0
19/06/2025,1265.452857416232,salida de vía,interurbana,5 599,5.0,2.0,0.0,0.0,sí,22.0,32.0,150,valencia,mediador,109.0
18/06/2025,1299.4546528618841,golpe en aparcamiento,urbana,19 203,16.0,2.0,0.0,25.0,sí,23.0,32.0,150,madrid,mediador,125.0
08/10/2025,2587.928819321678,salida de vía,urbana,10 510,1.0,1.0,1.0,83.0,N/D,28.0,33.0,0,coruña,mediador,108.0
09/06/2024,541.5126483473132,golpe en aparcamiento,interurbana,9 635,7.0,4.0,0.0,17.0,no,54.0,31.0,0,zaragoza,mediador,136.0
09/06/2024,2453.104608922392,ROBO,urbana,20 075,13.0,2.0,0.0,57.0,no,39.0,42.0,300,madrid,mediador,173.0
15/07/2025,1575.7465903327457,colisión frontal,urbana,10 670,19.0,1.0,1.0,36.0,no,39.0,40.0,0,madrid,directo,164.0
30/09/2024,2962.0097211699285,salida de vía,urbana,8 951,16.0,1.0,0.0,69.0,no,50.0,23.0,0,valencia,mediador,114.0
02/02/2025,365.4701853591454,golpe en aparcamiento,interurbana,2 549,8.0,1.0,1.0,78.0,sí,40.0,8.0,0,madrid,banca seguros,51.0
20/10/2024,6063.485894317103,alcance,urbana,6 647,3.0,5.0,3.0,32.0,sí,48.0,36.0,150,sevilla,mediador,2.0
30/03/2025,529.2131479521059,GOLPE EN APARCAMIENTO,urbana,6 595,15.0,1.0,1.0,44.0,sí,33.0,32.0,300,coruña,mediador,96.0
11/10/2024,185.59925108964785,golpe en aparcamiento,urbana,5 458,22.0,2.0,0.0,22.0,no,38.0,40.0,150,zaragoza,mediador,83.0
23/02/2025,507.32209298688434,golpe en aparcamiento,urbana,8 761,21.0,2.0,0.0,49.0,no,31.0,11.0,300,sevilla,mediador,23.0
28/11/2024,842.4196733982337,salida de vía,urbana,9 998,19.0,1.0,0.0,70.0,sí,55.0,28.0,0,sevilla,directo,60.0
13/04/2024,2252.3244008934466,golpe en aparcamiento,interurbana,17 672,16.0,2.0,0.0,14.0,no,39.0,36.0,150,madrid,banca seguros,48.0
27/12/2025,2914.80027480742,colisión frontal,urbana,4 836,1.0,1.0,0.0,78.0,no,54.0,11.0,0,sevilla,mediador,105.0
11/09/2024,900.5433862548948,alcance,interurbana,5 660,11.0,2.0,0.0,44.0,no,46.0,46.0,150,madrid,mediador,123.0
23/05/2024,602.5405423096805,alcance,urbana,16 075,18.0,1.0,0.0,33.0,no,55.0,5.0,0,sevilla,mediador,158.0
09/07/2025,830.807282447804,golpe en aparcamiento,interurbana,15 267,5.0,1.0,0.0,81.0,no,48.0,1.0,0,coruña,directo,37.0
10/10/2025,2375.7399051928933,  alcance ,autopista,10 541,19.0,4.0,0.0,54.0,sí,53.0,39.0,150,sevilla,banca seguros,72.0
25/09/2025,2119.5857104897045,golpe en aparcamiento,autopista,15 426,6.0,3.0,1.0,30.0,no,42.0,38.0,300,zaragoza,mediador,59.0
04/04/2025,939.4869790602213,alcance,urbana,23 360,17.0,1.0,0.0,26.0,no,33.0,49.0,0,zaragoza,mediador,119.0
23/07/2024,352.34848227252263,golpe en aparcamiento,interurbana,6 037,1.0,1.0,0.0,37.0,no,72.0,36.0,0,sevilla,mediador,17.0
11/09/2025,2664.386872241932,colisión frontal,interurbana,8 941,22.0,1.0,0.0,36.0,no,41.0,44.0,0,coruña,directo,180.0
31/07/2024,753.2826215918965,golpe en aparcamiento,urbana,11 130,1.0,1.0,0.0,58.0,no,33.0,22.0,0,sevilla,mediador,47.0
01/12/2024,2525.0361245574877,alcance,urbana,22 358,21.0,1.0,0.0,47.0,sí,44.0,37.0,0,sevilla,mediador,153.0
04/12/2024,1066.0050284050164,alcance,urbana,4 323,14.0,2.0,0.0,108.0,sí,37.0,17.0,150,valencia,directo,12.0
29/01/2025,2395.3489551025095,robo,urbana,6 387,15.0,4.0,0.0,99.0,no,49.0,15.0,0,zaragoza,mediador,45.0
28/09/2025,1370.1925335572414,salida de via,autopista,12 294,19.0,1.0,0.0,13.0,no,50.0,9.0,600,sevilla,mediador,136.0
25/01/2025,839.877717533731,alcance,urbana,10 375,15.0,1.0,0.0,36.0,sí,69.0,46.0,0,madrid,directo,42.0
08/10/2025,3092.024372957311,salida de vía,autopista,7 265,20.0,1.0,0.0,8.0,no,45.0,18.0,0,coruña,banca seguros,35.0
09/05/2025,1988.006178823432,salida de vía,urbana,24 965,9.0,2.0,0.0,80.0,no,34.0,13.0,300,madrid,mediador,105.0
10/02/2024,1993.5071041534902,alcance,interurbana,5 158,1.0,3.0,4.0,87.0,no,37.0,3.0,150,madrid,banca seguros,28.0
24/04/2025,751.2322894437117,golpe en aparcamiento,interurbana,12 712,11.0,2.0,0.0,8.0,no,40.0,49.0,0,sevilla,directo,105.0
30/04/2025,482.3850467254279,golpe en aparcamiento,urbana,6 796,8.0,3.0,0.0,50.0,no,47.0,17.0,600,sevilla,banca seguros,148.0
25/12/2025,706.2203800445735,golpe en aparcamiento,urbana,11 070,0.0,2.0,0.0,65.0,no,30.0,20.0,0,zaragoza,directo,22.0
05/06/2025,1524.6489395593876,alcance,urbana,7 092,0.0,2.0,1.0,46.0,no,49.0,4.0,0,sevilla,mediador,107.0
30/12/2025,2569.1258615454108,alcance,autopista,21 345,4.0,4.0,0.0,66.0,no,43.0,6.0,0,coruña,directo,107.0
06/07/2025,18302.462868324506,incendio,interurbana,19 236,12.0,1.0,0.0,41.0,no,36.0,19.0,300,barcelona,mediador,175.0
29/07/2025,1484.4647646988153,salida de vía,urbana,13 968,5.0,2.0,0.0,66.0,sí,54.0,36.0,0,madrid,mediador,88.0
12/01/2024,1681.1691327779913,SALIDA DE VÍA,urbana,26 270,10.0,2.0,1.0,17.0,no,74.0,14.0,0,madrid,banca seguros,90.0
31/08/2025,3501.5335124409175,alcance,autopista,36 631,15.0,1.0,0.0,76.0,no,58.0,49.0,0,valencia,mediador,70.0
16/04/2024,4317.192863591475,colisión frontal,autopista,10 513,3.0,2.0,0.0,38.0,no,33.0,15.0,150,barcelona,mediador,119.0
24/01/2024,753.6273550538723,golpe en aparcamiento,autopista,16 639,0.0,2.0,0.0,42.0,no,52.0,49.0,0,sevilla,directo,70.0
19/01/2024,395.7424774338266,GOLPE EN APARCAMIENTO,urbana,4 961,1.0,1.0,0.0,34.0,sí,49.0,10.0,300,valencia,directo,177.0
12/09/2024,948.8068262679562,alcance,urbana,76 374,10.0,3.0,0.0,69.0,no,32.0,28.0,300,coruña,banca seguros,147.0
19/01/2024,1297.9385128151118,golpe en aparcamiento,autopista,9 983,12.0,1.0,0.0,47.0,N/D,67.0,26.0,600,zaragoza,directo,139.0
06/06/2024,913.3531656676957,robo,urbana,5 056,17.0,1.0,2.0,69.0,sí,41.0,15.0,300,sevilla,banca seguros,171.0
15/08/2024,671.013404042108,alcance,urbana,5 909,2.0,3.0,0.0,12.0,sí,50.0,11.0,0,madrid,directo,47.0
24/07/2025,13508.959395832035,salida de vía,urbana,43 010,17.0,4.0,0.0,51.0,sí,49.0,36.0,0,zaragoza,banca seguros,48.0
25/05/2024,1362.4729444195266,alcance,urbana,23 666,9.0,2.0,0.0,61.0,no,61.0,40.0,150,madrid,directo,91.0
04/09/2024,882.3066593820984,alcance,urbana,4 768,1.0,2.0,0.0,43.0,no,32.0,36.0,0,zaragoza,mediador,98.0
02/07/2024,6193.710117244929,colisión frontal,urbana,14 284,14.0,1.0,0.0,78.0,sí,52.0,30.0,150,coruña,directo,95.0
08/01/2025,589.346862086721,  golpe en aparcamiento ,urbana,9 028,6.0,2.0,0.0,74.0,sí,44.0,23.0,150,coruña,directo,173.0
20/07/2025,998.5836062977548,COLISIÓN FRONTAL,urbana,6 883,20.0,2.0,0.0,36.0,no,35.0,14.0,0,barcelona,mediador,93.0
20/06/2025,718.6567669383104,salida de vía,urbana,14 886,2.0,1.0,1.0,44.0,no,24.0,13.0,0,valencia,mediador,114.0
01/04/2024,2220.478922262421,colisión frontal,urbana,7 592,1.0,2.0,2.0,0.0,N/D,42.0,48.0,0,zaragoza,directo,17.0
15/03/2024,1675.8428240901405,  golpe en aparcamiento ,interurbana,7 656,18.0,3.0,0.0,56.0,sí,63.0,25.0,300,zaragoza,directo,70.0
17/12/2024,4176.4917306234465,colisión frontal,urbana,9 119,8.0,4.0,0.0,71.0,no,41.0,41.0,0,coruña,banca seguros,72.0
30/12/2024,1523.5250443159962,colisión frontal,urbana,4 604,12.0,1.0,0.0,108.0,no,59.0,11.0,150,valencia,directo,168.0
19/12/2025,2211.2591720432106,SALIDA DE VÍA,interurbana,2 657,11.0,1.0,1.0,74.0,no,49.0,1.0,0,zaragoza,directo,27.0
09/08/2024,287.76370951064337,golpe en aparcamiento,urbana,7 932,0.0,2.0,0.0,37.0,N/D,59.0,11.0,150,sevilla,directo,82.0
27/09/2024,363.5477487486904,golpe en aparcamiento,urbana,5 100,2.0,2.0,0.0,63.0,no,44.0,1.0,0,sevilla,directo,31.0
09/02/2024,746.0904572160507,golpe en aparcamiento,interurbana,24 761,11.0,1.0,0.0,48.0,N/D,18.0,9.0,150,madrid,mediador,169.0
02/06/2024,363.1309471028865,  golpe en aparcamiento ,urbana,8 555,5.0,1.0,0.0,33.0,sí,51.0,9.0,300,barcelona,directo,166.0
06/05/2025,348.1473784067026,alcance,interurbana,5 203,12.0,1.0,0.0,38.0,sí,43.0,32.0,300,coruña,banca seguros,130.0
12/01/2024,492.68366090957693,alcance,autopista,2 602,21.0,2.0,0.0,58.0,no,18.0,31.0,0,barcelona,banca seguros,116.0
20/07/2025,280.59119513685323,alcance,urbana,15 713,8.0,1.0,0.0,56.0,no,21.0,25.0,150,valencia,mediador,68.0
27/07/2025,529.0758415368115,ALCANCE,urbana,5 160,15.0,2.0,0.0,69.0,sí,48.0,14.0,0,barcelona,directo,11.0
02/06/2025,635.3773495634696,alcance,interurbana,13 714,5.0,1.0,0.0,82.0,sí,33.0,2.0,150,coruña,banca seguros,46.0
24/09/2025,816.6980799041697,  alcance ,urbana,7 961,11.0,2.0,0.0,55.0,sí,44.0,12.0,0,zaragoza,directo,4.0
13/01/2024,584.8588603642372,golpe en aparcamiento,interurbana,20 685,6.0,1.0,0.0,49.0,sí,28.0,21.0,0,sevilla,directo,61.0
25/12/2025,1353.8843629551145,alcance,interurbana,7 638,3.0,1.0,1.0,55.0,no,31.0,2.0,300,madrid,directo,158.0
26/02/2025,2682.4420794473817,alcance,urbana,16 376,8.0,1.0,0.0,61.0,N/D,73.0,44.0,150,valencia,mediador,165.0
18/04/2025,1248.7945768612265,  robo ,urbana,8 213,6.0,2.0,0.0,83.0,sí,23.0,35.0,300,barcelona,mediador,149.0
16/08/2025,7844.354198790352,incendio,autopista,4 149,15.0,1.0,0.0,50.0,sí,69.0,3.0,150,barcelona,directo,150.0
15/11/2024,283.7517789216185,  golpe en aparcamiento ,interurbana,2 951,21.0,3.0,0.0,48.0,sí,31.0,26.0,150,sevilla,mediador,122.0
17/06/2025,433.14294402063996,golpe en aparcamiento,urbana,13 300,17.0,2.0,0.0,32.0,sí,44.0,48.0,0,valencia,directo,118.0
24/12/2024,8334.241292714803,colisión frontal,autopista,28 596,20.0,2.0,2.0,86.0,sí,33.0,3.0,0,coruña,directo,20.0
10/01/2024,47815.65925824149,incendio,interurbana,15 797,13.0,2.0,0.0,22.0,no,50.0,31.0,600,valencia,banca seguros,21.0
06/07/2024,391.1171898530276,alcance,urbana,2 588,20.0,1.0,0.0,22.0,no,53.0,18.0,0,barcelona,directo,82.0
16/12/2025,6756.8971994213425,salida de vía,autopista,13 860,20.0,1.0,1.0,69.0,sí,50.0,29.0,0,madrid,mediador,54.0
08/11/2024,1043.8083118616637,  golpe en aparcamiento ,interurbana,11 243,4.0,1.0,0.0,52.0,no,30.0,44.0,150,coruña,mediador,78.0
03/11/2025,697.1773504483161,robo,urbana,8 733,4.0,1.0,0.0,60.0,no,46.0,18.0,600,madrid,mediador,164.0
05/01/2025,2821.4557675012607,salida de vía,autopista,8 470,1.0,2.0,0.0,77.0,no,36.0,0.0,0,barcelona,mediador,171.0
27/10/2024,796.6602593432951,golpe en aparcamiento,autopista,21 283,20.0,1.0,0.0,5.0,sí,55.0,48.0,150,sevilla,directo,35.0
13/07/2025,7581.47951353226,  incendio ,urbana,16 289,10.0,1.0,0.0,45.0,no,54.0,43.0,150,valencia,directo,4.0
01/01/2025,829.3715734428343,  golpe en aparcamiento ,interurbana,15 335,6.0,1.0,0.0,44.0,no,35.0,26.0,600,barcelona,banca seguros,62.0
31/10/2024,160.96112323859307,golpe en aparcamiento,urbana,5 670,1.0,2.0,0.0,53.0,no,44.0,23.0,0,coruña,directo,25.0
24/01/2025,2092.9122670772445,  alcance ,autopista,23 700,17.0,3.0,0.0,78.0,no,49.0,39.0,150,sevilla,banca seguros,148.0
01/01/2024,2180.261357545697,salida de vía,interurbana,8 153,4.0,1.0,0.0,43.0,sí,48.0,32.0,0,madrid,mediador,160.0
23/05/2024,1416.8591024563036,SALIDA DE VÍA,interurbana,7 614,15.0,1.0,0.0,23.0,sí,64.0,27.0,0,coruña,banca seguros,44.0
27/04/2025,2440.708673924214,salida de vía,urbana,10 989,3.0,2.0,0.0,94.0,no,65.0,32.0,0,sevilla,directo,143.0
24/05/2024,2937.649865049543,alcance,urbana,17 322,17.0,1.0,1.0,30.0,sí,32.0,44.0,300,coruña,mediador,153.0
18/05/2024,912.9510883659641,alcance,interurbana,9 231,15.0,1.0,0.0,29.0,no,59.0,49.0,0,zaragoza,banca seguros,126.0
09/12/2025,1684.1831601411407,  alcance ,autopista,12 546,8.0,2.0,0.0,47.0,sí,51.0,47.0,0,sevilla,mediador,136.0
24/04/2025,9152.34893124621,salida de vía,urbana,26 889,17.0,2.0,0.0,41.0,no,64.0,41.0,150,barcelona,mediador,135.0
12/12/2025,687.1449278239935,golpe en aparcamiento,autopista,7 656,12.0,1.0,0.0,26.0,no,36.0,7.0,600,madrid,directo,155.0
14/03/2024,1108.4206379664693,colisión frontal,urbana,5 850,0.0,3.0,0.0,67.0,no,46.0,16.0,150,valencia,banca seguros,123.0
23/02/2025,873.273216287833,salida de vía,urbana,5 785,0.0,1.0,0.0,67.0,no,54.0,12.0,300,coruña,banca seguros,9.0
20/04/2025,625.2247610581213,golpe en aparcamiento,urbana,7 970,8.0,1.0,0.0,66.0,no,59.0,49.0,600,madrid,mediador,34.0
19/06/2025,4308.849367924938,robo,interurbana,14 096,6.0,1.0,2.0,78.0,sí,57.0,16.0,300,valencia,mediador,33.0
27/12/2024,4303.2657885204635,colisión frontal,interurbana,9 323,6.0,1.0,0.0,3.0,no,37.0,24.0,300,coruña,mediador,88.0
16/03/2025,680.939878625595,robo,urbana,10 111,13.0,2.0,0.0,44.0,no,33.0,37.0,150,zaragoza,directo,140.0
14/12/2025,3302.888927516882,salida de vía,autopista,14 043,19.0,1.0,0.0,97.0,sí,33.0,20.0,150,sevilla,directo,133.0
23/10/2024,913.5943739629325,golpe en aparcamiento,autopista,11 488,10.0,2.0,0.0,28.0,no,70.0,7.0,600,valencia,mediador,24.0
30/06/2025,2066.9684076194562,  robo ,interurbana,12 028,22.0,1.0,0.0,5.0,sí,54.0,45.0,0,coruña,banca seguros,172.0
23/12/2025,561.2142710299861,golpe en aparcamiento,autopista,12 962,12.0,2.0,0.0,34.0,no,45.0,50.0,300,madrid,directo,3.0
18/06/2024,4361.329542665041,robo,urbana,9 560,16.0,2.0,2.0,96.0,no,53.0,40.0,0,coruña,banca seguros,38.0
11/01/2025,2318.808187015218,golpe en aparcamiento,urbana,33 539,15.0,1.0,1.0,58.0,sí,53.0,24.0,0,madrid,mediador,179.0
28/07/2024,839.6586476468943,golpe en aparcamiento,urbana,18 404,3.0,1.0,0.0,66.0,no,55.0,23.0,0,coruña,mediador,114.0
27/07/2024,625.6673038575433,alcance,urbana,7 035,2.0,1.0,0.0,67.0,no,41.0,29.0,0,barcelona,mediador,163.0
10/10/2025,840.5054302085399,golpe en aparcamiento,interurbana,22 433,21.0,1.0,0.0,57.0,sí,23.0,32.0,150,valencia,banca seguros,39.0
14/04/2025,5217.988760738626,colisión frontal,urbana,16 919,11.0,3.0,0.0,72.0,sí,41.0,4.0,0,zaragoza,mediador,162.0
27/01/2024,3321.1797851509154,colisión frontal,urbana,20 147,3.0,1.0,0.0,61.0,no,45.0,0.0,300,barcelona,directo,93.0
08/07/2024,1604.8360627320058,  colisión frontal ,interurbana,4 106,18.0,2.0,0.0,44.0,sí,36.0,6.0,0,sevilla,directo,131.0
23/01/2025,580.7706917517799,alcance,urbana,8 986,0.0,1.0,2.0,66.0,no,25.0,47.0,0,valencia,mediador,118.0
10/11/2024,4038.117987553605,golpe en aparcamiento,autopista,17 079,7.0,4.0,0.0,54.0,sí,56.0,27.0,0,barcelona,mediador,89.0
25/02/2025,403.00113488746933,golpe en aparcamiento,interurbana,11 111,18.0,2.0,0.0,19.0,no,40.0,39.0,150,sevilla,banca seguros,53.0
06/04/2025,872.8679645568774,colisión frontal,interurbana,6 007,11.0,2.0,0.0,95.0,no,57.0,48.0,150,madrid,mediador,106.0
13/10/2025,415.0909254501145,alcance,urbana,21 308,3.0,1.0,0.0,60.0,no,57.0,26.0,0,zaragoza,mediador,112.0
23/03/2024,662.4603366626011,  salida de vía ,urbana,10 718,0.0,2.0,0.0,80.0,no,38.0,46.0,300,barcelona,directo,45.0
02/09/2024,177.34790593371557,golpe en aparcamiento,urbana,4 964,9.0,2.0,0.0,0.0,no,57.0,20.0,150,coruña,directo,54.0
29/07/2024,951.4099636505579,GOLPE EN APARCAMIENTO,urbana,28 488,16.0,2.0,0.0,42.0,no,57.0,11.0,0,barcelona,directo,155.0
17/07/2025,1336.6379997710867,  golpe en aparcamiento ,urbana,11 622,17.0,2.0,3.0,43.0,no,34.0,0.0,0,barcelona,banca seguros,134.0
05/06/2024,220.7362325430697,golpe en aparcamiento,urbana,10 434,9.0,1.0,0.0,70.0,no,65.0,16.0,600,madrid,directo,97.0
28/09/2024,1829.2441791148176,salida de vía,interurbana,15 420,3.0,3.0,1.0,78.0,no,48.0,30.0,150,valencia,directo,94.0
21/05/2025,26696.137928310516,incendio,interurbana,4 943,2.0,1.0,1.0,57.0,no,56.0,15.0,150,zaragoza,mediador,52.0
24/11/2025,1284.6338114264283,robo,urbana,11 451,13.0,3.0,0.0,32.0,no,39.0,10.0,600,sevilla,mediador,12.0
05/03/2025,2177.830719028707,salida de vía,autopista,8 844,18.0,5.0,0.0,83.0,sí,64.0,12.0,150,coruña,mediador,86.0
12/10/2024,597.5358438690299,golpe en aparcamiento,urbana,8 131,10.0,5.0,0.0,61.0,no,48.0,4.0,0,barcelona,mediador,97.0
30/07/2024,459.15461188309894,golpe en aparcamiento,urbana,16 632,8.0,1.0,0.0,35.0,sí,24.0,44.0,300,barcelona,banca seguros,28.0
27/08/2025,1944.0077362839438,colisión frontal,urbana,8 671,9.0,1.0,0.0,14.0,no,32.0,27.0,150,coruña,mediador,178.0
28/02/2024,3068.019707588625,salida de vía,urbana,9 583,5.0,3.0,1.0,64.0,no,50.0,9.0,300,sevilla,mediador,167.0
02/08/2024,1137.4086858720111,alcance,autopista,27 757,21.0,3.0,0.0,53.0,no,18.0,42.0,300,barcelona,mediador,176.0
20/12/2024,2340.1677120228433,golpe en aparcamiento,urbana,14 966,10.0,2.0,1.0,84.0,no,24.0,17.0,0,madrid,mediador,135.0
24/05/2025,9795.940393915656,salida de vía,interurbana,18 051,0.0,1.0,0.0,49.0,no,52.0,11.0,150,zaragoza,mediador,29.0
03/08/2025,670.1604415966868,GOLPE EN APARCAMIENTO,urbana,13 502,2.0,3.0,0.0,55.0,sí,49.0,46.0,0,madrid,banca seguros,47.0
10/10/2024,1360.5343738894733,salida de vía,interurbana,8 806,5.0,1.0,0.0,96.0,no,68.0,0.0,0,coruña,mediador,162.0
06/07/2025,1236.8177467948722,golpe en aparcamiento,urbana,9 140,7.0,2.0,0.0,61.0,no,58.0,24.0,300,coruña,banca seguros,56.0
14/03/2025,1375.8844605873776,  golpe en aparcamiento ,urbana,23 864,12.0,1.0,0.0,68.0,sí,48.0,13.0,0,barcelona,directo,89.0
24/11/2024,570.4286977873226,golpe en aparcamiento,urbana,16 982,18.0,2.0,0.0,28.0,sí,36.0,1.0,150,madrid,banca seguros,25.0
07/02/2025,384.45437280492,golpe en aparcamiento,autopista,9 242,2.0,3.0,0.0,22.0,no,50.0,5.0,0,barcelona,mediador,28.0
14/12/2025,1966.279959623816,alcance,autopista,14 292,6.0,1.0,0.0,65.0,sí,54.0,20.0,0,barcelona,directo,133.0
28/12/2025,3058.7994037439526,ALCANCE,autopista,18 839,9.0,1.0,0.0,83.0,sí,49.0,11.0,600,coruña,mediador,128.0
20/09/2024,693.0251320752876,golpe en aparcamiento,urbana,15 668,18.0,2.0,0.0,69.0,no,37.0,38.0,150,sevilla,mediador,93.0
15/01/2024,1271.0294745814058,ALCANCE,urbana,13 514,7.0,2.0,0.0,8.0,no,34.0,7.0,150,coruña,mediador,106.0
22/05/2025,12326.655416333428,  incendio ,autopista,5 499,19.0,5.0,0.0,79.0,no,51.0,32.0,300,valencia,mediador,160.0
07/12/2024,639.4070071767982,golpe en aparcamiento,urbana,14 423,22.0,3.0,0.0,57.0,no,32.0,42.0,150,zaragoza,mediador,73.0
19/09/2025,12870.321095736115,incendio,interurbana,8 556,16.0,1.0,1.0,18.0,no,53.0,45.0,0,barcelona,mediador,167.0
07/01/2025,2620.9036123960236,golpe en aparcamiento,urbana,11 340,1.0,5.0,0.0,73.0,no,44.0,48.0,150,barcelona,mediador,115.0
08/01/2024,996.6923709025555,salida de vía,urbana,6 688,21.0,3.0,0.0,20.0,no,42.0,23.0,0,sevilla,directo,25.0
13/08/2025,466.3737214473873,alcance,autopista,6 776,22.0,2.0,0.0,74.0,no,51.0,47.0,150,coruña,mediador,104.0
13/08/2024,3771.273933757943,salida de via,urbana,9 494,7.0,2.0,1.0,24.0,sí,33.0,43.0,0,madrid,mediador,33.0
16/10/2025,1007.8231979987828,salida de via,urbana,4 388,0.0,2.0,0.0,82.0,no,32.0,12.0,150,zaragoza,banca seguros,105.0
13/05/2025,1041.290750279067,golpe en aparcamiento,urbana,9 698,17.0,1.0,0.0,37.0,no,36.0,45.0,150,coruña,banca seguros,173.0
15/03/2024,1373.452527115055,colisión frontal,urbana,4 973,8.0,2.0,0.0,47.0,no,72.0,6.0,150,sevilla,banca seguros,53.0
24/11/2024,693.638771909113,alcance,interurbana,3 265,18.0,3.0,0.0,34.0,no,42.0,29.0,0,sevilla,mediador,10.0
28/09/2025,5715.005180754261,incendio,urbana,11 509,9.0,1.0,0.0,14.0,sí,40.0,5.0,0,coruña,mediador,152.0
06/11/2025,4447.758923626475,robo,interurbana,7 214,5.0,5.0,0.0,67.0,no,26.0,18.0,300,sevilla,directo,20.0
15/08/2025,1152.0455112367154,  alcance ,interurbana,9 665,2.0,2.0,0.0,36.0,no,81.0,21.0,300,madrid,mediador,38.0
20/06/2024,2525.43547641032,  salida de vía ,urbana,16 491,3.0,2.0,0.0,41.0,no,69.0,26.0,150,coruña,mediador,161.0
22/01/2024,3286.083043661314,robo,interurbana,30 893,5.0,2.0,0.0,67.0,sí,41.0,38.0,150,madrid,mediador,40.0
20/10/2025,1405.5399393659802,robo,interurbana,8 553,5.0,3.0,0.0,39.0,no,41.0,3.0,0,coruña,directo,67.0
01/07/2025,1238.635301496685,  alcance ,urbana,11 711,0.0,1.0,0.0,36.0,sí,47.0,48.0,600,zaragoza,mediador,66.0
14/11/2024,1186.9335990913219,colisión frontal,autopista,12 194,6.0,1.0,0.0,54.0,no,46.0,30.0,150,coruña,banca seguros,133.0
19/09/2025,1071.8649176452723,robo,urbana,9 555,4.0,1.0,0.0,62.0,no,44.0,6.0,0,barcelona,mediador,50.0
17/02/2025,3179.1069869344747,alcance,urbana,23 529,1.0,1.0,1.0,85.0,no,72.0,15.0,300,barcelona,mediador,168.0
13/02/2025,2036.1803558327322,alcance,interurbana,11 732,19.0,5.0,0.0,43.0,no,48.0,19.0,150,zaragoza,directo,72.0
11/01/2024,317.50075233411917,golpe en aparcamiento,autopista,21 531,16.0,1.0,0.0,49.0,sí,44.0,17.0,300,coruña,banca seguros,160.0
11/04/2024,1702.4587733074593,alcance,interurbana,8 229,14.0,2.0,0.0,48.0,sí,43.0,22.0,150,barcelona,directo,158.0
14/04/2025,3961.4909134826826,alcance,interurbana,23 446,12.0,3.0,0.0,84.0,sí,55.0,34.0,150,coruña,mediador,14.0
20/05/2025,797.4192361583406,alcance,interurbana,12 997,9.0,3.0,0.0,12.0,no,47.0,46.0,600,barcelona,banca seguros,147.0
15/06/2025,4434.403468172463,colision frontal,urbana,26 999,5.0,1.0,0.0,48.0,no,42.0,7.0,0,barcelona,mediador,18.0
17/10/2024,1830.9200971466018,salida de vía,interurbana,16 367,8.0,1.0,0.0,22.0,no,46.0,29.0,0,coruña,mediador,25.0
16/05/2025,1054.0553877010307,golpe en aparcamiento,urbana,14 728,0.0,4.0,0.0,87.0,no,23.0,26.0,0,coruña,directo,84.0
13/04/2024,3193.4041373939517,alcance,urbana,16 551,0.0,2.0,0.0,88.0,no,35.0,19.0,0,sevilla,directo,38.0
04/02/2025,743.1624254030712,alcance,interurbana,19 833,3.0,1.0,0.0,74.0,sí,69.0,15.0,300,madrid,directo,71.0
02/02/2024,3589.048564320988,alcance,urbana,31 827,17.0,1.0,0.0,69.0,N/D,41.0,31.0,300,barcelona,directo,115.0
02/07/2024,2172.147330822383,alcance,interurbana,9 644,6.0,2.0,0.0,49.0,no,46.0,31.0,150,madrid,mediador,158.0
03/04/2024,352.32672187125894,  golpe en aparcamiento ,urbana,7 924,9.0,1.0,0.0,61.0,no,49.0,12.0,300,barcelona,directo,7.0
04/07/2025,5324.526988568741,alcance,interurbana,21 633,3.0,3.0,0.0,80.0,sí,58.0,41.0,0,valencia,directo,176.0
16/07/2025,700.0880411620524,golpe en aparcamiento,interurbana,22 446,14.0,1.0,0.0,37.0,sí,73.0,9.0,0,madrid,mediador,136.0
26/03/2024,3049.5907714286104,colisión frontal,urbana,7 974,0.0,1.0,0.0,91.0,sí,56.0,30.0,600,madrid,mediador,80.0
16/11/2024,1461.8630270724288,alcance,interurbana,13 472,12.0,1.0,2.0,66.0,no,58.0,28.0,150,barcelona,mediador,56.0
09/12/2025,1461.480583140587,salida de vía,urbana,5 411,11.0,1.0,0.0,51.0,no,39.0,31.0,150,madrid,mediador,98.0
22/07/2024,1844.5699914348493,salida de vía,interurbana,5 412,9.0,1.0,2.0,20.0,no,43.0,36.0,600,coruña,directo,31.0
07/10/2024,609.2885035663592,GOLPE EN APARCAMIENTO,urbana,17 344,5.0,1.0,0.0,34.0,sí,39.0,45.0,150,coruña,directo,171.0
16/09/2024,4033.344532850741,salida de vía,autopista,10 634,3.0,2.0,0.0,90.0,sí,52.0,15.0,0,valencia,mediador,55.0
08/11/2025,4041.456174678307,salida de vía,urbana,13 360,14.0,4.0,0.0,65.0,no,32.0,36.0,0,valencia,mediador,75.0
06/09/2024,444.6850015639049,alcance,interurbana,7 276,17.0,3.0,0.0,5.0,sí,53.0,4.0,150,madrid,banca seguros,141.0
12/03/2025,1249.5525259832505,salida de via,interurbana,7 936,18.0,1.0,0.0,85.0,no,49.0,39.0,0,madrid,mediador,21.0
03/09/2024,449.68568888359374,golpe en aparcamiento,urbana,9 028,10.0,1.0,1.0,61.0,no,62.0,12.0,150,sevilla,directo,42.0
08/06/2024,1025.909719957709,alcance,urbana,22 865,4.0,1.0,1.0,34.0,no,45.0,24.0,150,zaragoza,directo,178.0
27/12/2025,2612.8063495557694,colisión frontal,interurbana,4 146,2.0,1.0,1.0,3.0,no,63.0,8.0,150,valencia,directo,116.0
12/08/2024,623.7848339971353,golpe en aparcamiento,urbana,11 758,9.0,1.0,0.0,18.0,no,63.0,27.0,0,coruña,mediador,77.0
31/12/2024,2097.6005221548735,golpe en aparcamiento,urbana,22 334,4.0,2.0,0.0,42.0,sí,62.0,30.0,600,zaragoza,mediador,69.0
29/09/2024,4253.146925217294,  alcance ,autopista,34 977,4.0,2.0,0.0,53.0,no,29.0,50.0,0,coruña,mediador,70.0
10/07/2024,1604.371496526804,  alcance ,interurbana,8 322,21.0,4.0,0.0,7.0,sí,49.0,5.0,0,barcelona,mediador,48.0
28/07/2025,11747.764977206738,incendio,autopista,14 356,20.0,2.0,2.0,27.0,no,38.0,27.0,300,madrid,mediador,162.0
12/09/2024,3534.9382763481008,salida de vía,interurbana,21 031,17.0,1.0,0.0,33.0,no,47.0,47.0,0,sevilla,banca seguros,163.0
14/04/2025,7312.06008968126,colisión frontal,urbana,23 246,12.0,2.0,6.0,35.0,no,45.0,22.0,0,valencia,directo,16.0
18/03/2024,1772.0659857991498,colision frontal,interurbana,5 971,18.0,2.0,0.0,64.0,no,45.0,22.0,150,valencia,banca seguros,7.0
02/12/2025,583.4630366789411,golpe en aparcamiento,urbana,12 484,16.0,2.0,1.0,77.0,no,61.0,21.0,0,coruña,mediador,10.0
14/12/2025,181.29448160765878,golpe en aparcamiento,urbana,7 159,14.0,1.0,0.0,80.0,no,18.0,44.0,0,barcelona,mediador,104.0
06/10/2024,2476.6501570021137,colisión frontal,interurbana,3 340,15.0,1.0,0.0,45.0,no,49.0,0.0,150,sevilla,banca seguros,49.0
01/01/2025,950.7277486308806,alcance,interurbana,15 496,14.0,2.0,0.0,74.0,no,55.0,34.0,0,sevilla,directo,162.0
25/01/2025,5007.639950631668,robo,urbana,13 301,14.0,2.0,0.0,82.0,sí,55.0,41.0,300,sevilla,directo,160.0
16/11/2025,902.5723511455047,salida de vía,urbana,17 074,19.0,1.0,0.0,49.0,no,49.0,26.0,0,madrid,mediador,124.0
05/10/2024,1752.2260982269738,golpe en aparcamiento,urbana,17 588,17.0,2.0,0.0,86.0,no,39.0,17.0,600,sevilla,banca seguros,132.0
03/08/2024,6605.468716744296,colisión frontal,urbana,23 513,11.0,1.0,0.0,54.0,sí,47.0,13.0,600,sevilla,mediador,38.0
05/04/2025,211.2016915554961,GOLPE EN APARCAMIENTO,interurbana,4 467,1.0,1.0,0.0,58.0,no,39.0,17.0,300,zaragoza,mediador,85.0
07/06/2024,2989.5667500567147,colisión frontal,interurbana,7 347,10.0,1.0,0.0,79.0,no,23.0,38.0,0,valencia,mediador,162.0
12/12/2024,489.330593253202,GOLPE EN APARCAMIENTO,interurbana,32 620,16.0,1.0,0.0,28.0,no,43.0,13.0,150,barcelona,mediador,32.0
27/05/2025,1432.8053527705827,colisión frontal,interurbana,6 906,11.0,1.0,1.0,30.0,no,35.0,5.0,0,madrid,mediador,94.0
07/04/2024,1358.0688759526734,GOLPE EN APARCAMIENTO,urbana,24 827,10.0,4.0,0.0,74.0,no,57.0,15.0,0,valencia,directo,109.0
03/04/2024,758.6964896962322,alcance,urbana,3 676,15.0,2.0,1.0,0.0,no,41.0,1.0,300,valencia,directo,83.0
07/01/2025,1979.4239254087895,alcance,urbana,17 244,5.0,2.0,0.0,81.0,no,52.0,31.0,300,barcelona,directo,6.0
07/11/2024,1437.1529572964625,alcance,urbana,7 532,9.0,2.0,0.0,87.0,N/D,33.0,42.0,0,valencia,mediador,1.0
19/02/2025,4904.542187089146,colision frontal,urbana,13 019,10.0,2.0,1.0,93.0,no,51.0,33.0,0,valencia,directo,30.0
14/07/2024,928.1587660023697,alcance,urbana,4 258,4.0,3.0,2.0,66.0,no,29.0,1.0,0,valencia,mediador,17.0
13/07/2024,201.0039383751002,golpe en aparcamiento,interurbana,6 524,20.0,4.0,1.0,78.0,sí,49.0,8.0,0,coruña,mediador,35.0
17/08/2025,431.05859066458623,colisión frontal,urbana,5 461,5.0,1.0,0.0,22.0,no,51.0,38.0,0,madrid,directo,121.0
23/11/2024,3231.5794895481213,robo,autopista,8 949,17.0,1.0,1.0,55.0,no,42.0,47.0,0,sevilla,banca seguros,115.0
04/12/2025,2666.5044829794465,colisión frontal,urbana,16 283,15.0,2.0,0.0,31.0,sí,34.0,40.0,0,coruña,mediador,136.0
04/05/2024,403.3913375884008,alcance,interurbana,7 332,17.0,1.0,0.0,41.0,no,49.0,4.0,150,sevilla,mediador,110.0
26/09/2024,2374.8407028532756,alcance,autopista,8 738,22.0,1.0,0.0,66.0,no,48.0,30.0,0,coruña,banca seguros,151.0
30/10/2025,427.7061544008099,  golpe en aparcamiento ,urbana,7 133,16.0,3.0,0.0,39.0,no,47.0,33.0,0,zaragoza,mediador,28.0
10/02/2024,2865.1777065489637,salida de vía,urbana,5 823,8.0,1.0,0.0,21.0,no,66.0,4.0,600,sevilla,banca seguros,67.0
19/02/2024,371.3747589117213,  alcance ,interurbana,12 158,18.0,1.0,0.0,53.0,no,40.0,38.0,0,zaragoza,directo,101.0
01/06/2025,2587.2280468266435,colisión frontal,urbana,31 419,9.0,2.0,0.0,23.0,sí,36.0,17.0,150,coruña,directo,153.0
12/11/2025,1628.537489163169,robo,urbana,15 190,15.0,1.0,0.0,66.0,no,21.0,30.0,0,coruña,mediador,18.0
06/09/2025,5028.543852585398,colisión frontal,interurbana,25 935,12.0,1.0,0.0,40.0,no,50.0,15.0,0,madrid,mediador,104.0
14/06/2025,2801.570315489878,salida de vía,urbana,9 805,14.0,2.0,3.0,41.0,no,47.0,23.0,0,barcelona,mediador,131.0
29/12/2024,5789.3597093181315,incendio,interurbana,13 281,11.0,1.0,1.0,19.0,no,46.0,40.0,0,zaragoza,directo,12.0
29/11/2025,549.9416388174727,golpe en aparcamiento,urbana,2 564,1.0,1.0,0.0,28.0,sí,53.0,0.0,300,valencia,banca seguros,142.0
09/09/2024,727.8619572764039,golpe en aparcamiento,urbana,20 375,15.0,1.0,0.0,110.0,no,43.0,33.0,600,sevilla,banca seguros,148.0
17/05/2024,2370.2252572865214,salida de vía,urbana,7 765,20.0,2.0,0.0,77.0,sí,38.0,19.0,150,valencia,directo,140.0
01/02/2025,587.5492774973922,golpe en aparcamiento,urbana,8 734,20.0,2.0,2.0,94.0,no,34.0,48.0,150,valencia,mediador,77.0
22/05/2025,4383.251176424668,alcance,interurbana,20 347,0.0,1.0,0.0,59.0,sí,49.0,18.0,0,barcelona,mediador,33.0
17/10/2024,501.7272326496797,  alcance ,interurbana,10 676,13.0,5.0,0.0,31.0,no,55.0,16.0,150,madrid,mediador,177.0
15/04/2025,990.4438891614051,golpe en aparcamiento,urbana,13 784,7.0,2.0,0.0,38.0,sí,36.0,2.0,150,sevilla,mediador,75.0
04/03/2024,2309.2130418226598,ROBO,urbana,15 860,3.0,1.0,2.0,102.0,no,68.0,26.0,300,sevilla,mediador,28.0
03/03/2025,528.4605152434008,ALCANCE,interurbana,26 160,21.0,2.0,0.0,63.0,no,48.0,44.0,600,sevilla,directo,9.0
16/01/2024,809.0082413316334,golpe en aparcamiento,urbana,20 023,15.0,1.0,1.0,40.0,no,39.0,41.0,0,sevilla,directo,159.0
09/11/2025,1762.0729780954534,ALCANCE,interurbana,6 707,4.0,1.0,0.0,49.0,no,69.0,4.0,0,valencia,directo,92.0
31/10/2024,614.4997982361919,  alcance ,interurbana,24 804,20.0,1.0,0.0,26.0,no,42.0,41.0,0,valencia,mediador,75.0
13/02/2025,917.9241824146545,alcance,urbana,7 601,6.0,1.0,0.0,35.0,no,36.0,14.0,150,zaragoza,mediador,46.0
21/05/2025,1399.7186974711178,GOLPE EN APARCAMIENTO,urbana,11 795,12.0,3.0,2.0,83.0,no,36.0,28.0,0,zaragoza,directo,138.0
22/12/2025,2223.6615389865115,colisión frontal,urbana,12 509,10.0,2.0,0.0,53.0,no,49.0,48.0,0,sevilla,mediador,74.0
22/08/2024,3319.202749292588,alcance,interurbana,11 938,9.0,1.0,1.0,55.0,sí,26.0,43.0,150,coruña,banca seguros,143.0
13/12/2025,4262.112372598123,robo,urbana,12 204,4.0,1.0,0.0,28.0,sí,58.0,25.0,150,sevilla,directo,90.0
09/04/2024,2490.290252907794,alcance,urbana,8 004,0.0,1.0,0.0,86.0,no,46.0,28.0,0,barcelona,mediador,48.0
01/07/2025,1256.765722625577,golpe en aparcamiento,urbana,27 047,16.0,2.0,1.0,31.0,no,21.0,42.0,0,sevilla,banca seguros,73.0
25/09/2025,1200.0761745494256,alcance,interurbana,14 620,22.0,1.0,0.0,35.0,sí,47.0,7.0,150,coruña,mediador,109.0
25/10/2024,480.50184947939005,alcance,urbana,1 911,14.0,1.0,0.0,38.0,no,21.0,37.0,0,valencia,banca seguros,61.0
23/06/2024,3209.3595749061287,colisión frontal,interurbana,5 007,8.0,1.0,0.0,35.0,no,62.0,22.0,300,barcelona,directo,61.0
20/02/2025,762.8886730712231,golpe en aparcamiento,autopista,5 506,7.0,2.0,0.0,61.0,no,51.0,8.0,300,zaragoza,mediador,47.0
24/09/2024,3028.6713426304595,  robo ,autopista,26 906,14.0,1.0,1.0,82.0,no,48.0,29.0,600,coruña,mediador,170.0
09/10/2024,2563.185405936251,salida de vía,urbana,7 804,11.0,3.0,1.0,63.0,sí,66.0,41.0,150,barcelona,directo,94.0
26/05/2024,1178.0055592492602,alcance,interurbana,8 816,6.0,4.0,0.0,89.0,no,67.0,6.0,150,coruña,directo,32.0
31/03/2024,1222.1947360290799,salida de vía,urbana,10 988,12.0,1.0,0.0,99.0,no,51.0,8.0,0,zaragoza,mediador,56.0
24/06/2025,730.4931891068754,golpe en aparcamiento,autopista,24 155,18.0,1.0,1.0,37.0,sí,52.0,38.0,150,barcelona,directo,67.0
25/12/2024,1257.2546386677143,robo,urbana,10 703,19.0,1.0,0.0,60.0,no,47.0,2.0,0,sevilla,banca seguros,145.0
02/09/2024,198.96277742293336,golpe en aparcamiento,autopista,6 834,15.0,3.0,0.0,73.0,no,42.0,5.0,300,coruña,directo,45.0
23/08/2025,1302.8230455727064,  alcance ,urbana,20 225,21.0,2.0,1.0,48.0,no,44.0,41.0,0,sevilla,directo,153.0
07/11/2025,1569.5622358978799,golpe en aparcamiento,urbana,16 649,6.0,1.0,0.0,22.0,sí,32.0,21.0,150,valencia,banca seguros,101.0
18/01/2024,6407.799617429795,salida de vía,autopista,8 094,14.0,3.0,0.0,39.0,no,57.0,45.0,0,sevilla,mediador,30.0
17/04/2025,2222.607683517074,alcance,autopista,8 811,20.0,1.0,0.0,93.0,sí,41.0,37.0,300,valencia,directo,138.0
23/11/2024,822.5047703461553,colisión frontal,urbana,6 780,1.0,1.0,0.0,15.0,sí,57.0,14.0,300,valencia,mediador,172.0
20/08/2024,502.2110496676004,golpe en aparcamiento,interurbana,2 357,2.0,2.0,1.0,25.0,sí,55.0,24.0,0,madrid,mediador,74.0
10/01/2025,481.2062114937003,golpe en aparcamiento,urbana,23 600,5.0,1.0,0.0,61.0,no,30.0,0.0,0,zaragoza,mediador,148.0
15/06/2024,191.69890141078082,golpe en aparcamiento,autopista,5 820,17.0,1.0,0.0,13.0,no,49.0,30.0,300,sevilla,mediador,30.0
08/12/2024,3837.625852241359,salida de vía,urbana,21 566,9.0,2.0,0.0,106.0,no,42.0,11.0,600,madrid,mediador,52.0
04/10/2024,1356.7766865441604,alcance,interurbana,23 100,6.0,1.0,1.0,44.0,no,22.0,23.0,0,valencia,directo,149.0
20/05/2025,387.7817716834051,alcance,urbana,5 307,1.0,2.0,0.0,50.0,no,57.0,34.0,0,madrid,directo,140.0
27/09/2024,805.4988772988878,robo,urbana,9 210,21.0,1.0,0.0,29.0,no,54.0,13.0,0,barcelona,directo,110.0
07/10/2024,3512.1901390952507,salida de vía,urbana,21 685,5.0,2.0,0.0,58.0,no,34.0,30.0,0,sevilla,directo,69.0
19/03/2025,2781.536578477764,golpe en aparcamiento,interurbana,18 958,2.0,1.0,0.0,89.0,N/D,52.0,6.0,0,barcelona,directo,21.0
28/03/2024,1070.3237741518224,  alcance ,urbana,23 932,15.0,1.0,0.0,56.0,no,61.0,7.0,0,sevilla,mediador,51.0
04/07/2024,2342.3186917636863,golpe en aparcamiento,interurbana,30 451,2.0,1.0,0.0,67.0,sí,68.0,49.0,300,sevilla,mediador,136.0
27/12/2025,330.4463867413608,golpe en aparcamiento,urbana,5 478,2.0,2.0,0.0,38.0,sí,36.0,3.0,600,zaragoza,directo,162.0
03/06/2024,7744.478810557983,colision frontal,autopista,8 925,21.0,4.0,0.0,38.0,sí,18.0,0.0,0,sevilla,mediador,109.0
03/08/2025,830.3737117773362,alcance,urbana,12 745,0.0,3.0,0.0,52.0,N/D,50.0,46.0,0,zaragoza,mediador,180.0
24/02/2024,5010.692803538606,salida de via,autopista,12 949,10.0,1.0,0.0,69.0,no,32.0,19.0,600,barcelona,mediador,42.0
24/06/2025,1609.086569635061,salida de vía,urbana,15 593,18.0,3.0,0.0,15.0,sí,37.0,9.0,0,sevilla,mediador,63.0
27/02/2025,184.03290889277793,golpe en aparcamiento,autopista,3 270,7.0,1.0,0.0,67.0,sí,56.0,50.0,300,coruña,directo,30.0
24/10/2024,518.3439589572158,GOLPE EN APARCAMIENTO,urbana,8 198,0.0,2.0,0.0,95.0,sí,48.0,16.0,300,madrid,mediador,30.0
22/03/2025,1191.924132298941,golpe en aparcamiento,urbana,24 606,12.0,5.0,0.0,46.0,no,44.0,13.0,600,sevilla,directo,157.0
12/09/2025,1882.581285022474,alcance,urbana,5 430,6.0,4.0,0.0,95.0,sí,60.0,7.0,600,sevilla,mediador,79.0
07/10/2025,5006.14510233046,colisión frontal,interurbana,13 705,4.0,4.0,1.0,74.0,no,26.0,3.0,600,barcelona,directo,170.0
03/06/2025,4600.57528926418,colisión frontal,urbana,7 362,11.0,1.0,0.0,59.0,no,22.0,44.0,150,coruña,mediador,69.0
14/06/2025,1967.2501612013925,  alcance ,autopista,9 765,8.0,2.0,0.0,30.0,no,36.0,22.0,300,zaragoza,directo,90.0
16/04/2024,1410.9623146221368,alcance,urbana,13 267,12.0,5.0,0.0,59.0,no,45.0,46.0,0,barcelona,mediador,130.0
01/04/2025,384.03808787071864,GOLPE EN APARCAMIENTO,interurbana,5 608,22.0,3.0,0.0,42.0,no,41.0,43.0,0,sevilla,directo,121.0
30/08/2025,1598.2626197748777,alcance,interurbana,15 189,12.0,1.0,0.0,53.0,sí,48.0,32.0,150,madrid,banca seguros,83.0
19/02/2025,2545.4281749501583,golpe en aparcamiento,interurbana,30 922,2.0,2.0,0.0,67.0,sí,44.0,13.0,150,coruña,mediador,155.0
21/12/2025,588.8728046590151,golpe en aparcamiento,urbana,10 389,9.0,4.0,0.0,60.0,no,34.0,6.0,300,madrid,mediador,180.0
31/01/2025,170.76760996914146,golpe en aparcamiento,interurbana,7 861,17.0,1.0,0.0,61.0,no,19.0,27.0,0,madrid,directo,141.0
01/12/2024,5888.5784487568635,colisión frontal,autopista,9 866,15.0,4.0,0.0,7.0,no,51.0,24.0,0,barcelona,mediador,107.0
03/04/2024,480.75367224508574,alcance,urbana,6 475,17.0,3.0,1.0,37.0,no,63.0,7.0,600,madrid,mediador,128.0
12/02/2025,513.6965168246895,  golpe en aparcamiento ,urbana,6 340,12.0,1.0,0.0,72.0,sí,34.0,8.0,300,zaragoza,banca seguros,141.0
30/08/2024,95.29235112421264,golpe en aparcamiento,urbana,4 837,18.0,1.0,0.0,70.0,sí,51.0,23.0,600,sevilla,mediador,45.0
28/06/2024,673.8129428453964,alcance,interurbana,9 536,13.0,1.0,0.0,7.0,no,34.0,41.0,0,coruña,directo,46.0
26/10/2025,597.2630149459436,robo,urbana,11 333,2.0,2.0,0.0,44.0,no,57.0,32.0,300,barcelona,directo,157.0
19/10/2025,2023.0837320768399,salida de vía,interurbana,13 081,7.0,1.0,0.0,73.0,N/D,42.0,42.0,150,coruña,mediador,95.0
15/02/2024,693.517765585691,alcance,urbana,20 555,14.0,1.0,0.0,8.0,no,35.0,2.0,0,zaragoza,mediador,97.0
22/04/2025,3588.970904674436,colisión frontal,urbana,10 692,7.0,1.0,0.0,44.0,sí,62.0,36.0,300,valencia,mediador,107.0
10/06/2025,2335.171688838401,colisión frontal,urbana,9 014,1.0,1.0,0.0,49.0,N/D,56.0,46.0,0,sevilla,directo,166.0
06/05/2025,1963.666209645564,salida de vía,urbana,7 682,0.0,2.0,0.0,47.0,sí,40.0,8.0,150,coruña,mediador,173.0
13/12/2024,878.281787775253,golpe en aparcamiento,urbana,14 465,2.0,1.0,0.0,61.0,no,74.0,20.0,600,sevilla,banca seguros,6.0
20/09/2025,927.7195084441846,alcance,interurbana,9 394,14.0,2.0,0.0,93.0,no,58.0,43.0,0,valencia,mediador,1.0
05/12/2025,2292.4018652618674,colisión frontal,interurbana,29 882,0.0,4.0,0.0,38.0,no,47.0,34.0,0,madrid,directo,129.0
21/02/2024,2133.9841715165585,golpe en aparcamiento,urbana,17 801,18.0,3.0,0.0,65.0,N/D,73.0,42.0,150,barcelona,mediador,180.0
12/11/2025,3210.0417519577877,colisión frontal,urbana,5 630,8.0,1.0,1.0,57.0,no,61.0,34.0,0,madrid,mediador,88.0
26/10/2025,1693.383098053588,colisión frontal,interurbana,15 742,12.0,1.0,0.0,58.0,no,46.0,33.0,0,sevilla,banca seguros,127.0
24/07/2025,3598.578045949614,  colisión frontal ,interurbana,8 250,15.0,2.0,0.0,54.0,sí,58.0,22.0,0,sevilla,directo,40.0
21/09/2024,379.97919852436627,alcance,urbana,7 194,15.0,2.0,0.0,115.0,sí,58.0,10.0,300,sevilla,directo,134.0
13/08/2024,803.4485927389446,golpe en aparcamiento,autopista,8 308,1.0,1.0,3.0,60.0,no,18.0,12.0,0,valencia,mediador,162.0
20/11/2025,335.603701186722,golpe en aparcamiento,interurbana,6 617,13.0,1.0,0.0,52.0,no,45.0,28.0,300,valencia,mediador,6.0
23/07/2024,2667.807805437609,salida de vía,urbana,7 925,18.0,3.0,1.0,52.0,no,63.0,8.0,0,valencia,directo,113.0
05/08/2024,1022.8348845119783,alcance,interurbana,20 613,12.0,2.0,0.0,22.0,no,53.0,23.0,150,barcelona,mediador,68.0
10/06/2025,1102.923015547715,salida de vía,interurbana,5 993,8.0,1.0,0.0,14.0,no,48.0,45.0,150,barcelona,banca seguros,87.0
24/06/2024,527.9351864970364,golpe en aparcamiento,urbana,10 203,10.0,2.0,0.0,44.0,no,40.0,22.0,600,madrid,mediador,146.0
12/05/2024,7430.093141366527,colision frontal,interurbana,11 974,0.0,3.0,0.0,49.0,no,40.0,1.0,0,sevilla,directo,89.0
08/05/2024,323.34202428962044,alcance,urbana,22 242,19.0,1.0,0.0,59.0,no,51.0,37.0,150,valencia,banca seguros,154.0
24/10/2025,1019.8401570995668,salida de vía,urbana,14 467,4.0,1.0,0.0,58.0,no,42.0,33.0,0,coruña,mediador,23.0
06/04/2025,2821.859777733005,salida de vía,urbana,8 687,18.0,2.0,1.0,34.0,sí,52.0,40.0,150,barcelona,directo,166.0
26/05/2024,3378.77985518029,salida de vía,interurbana,14 431,11.0,1.0,0.0,12.0,no,56.0,3.0,600,coruña,directo,171.0
09/11/2025,2623.3347949277418,alcance,interurbana,48 954,4.0,1.0,0.0,19.0,no,37.0,30.0,600,sevilla,directo,87.0
30/06/2025,2943.3540842198,alcance,interurbana,40 590,11.0,4.0,0.0,22.0,N/D,33.0,29.0,300,coruña,mediador,114.0
07/04/2024,1148.0224534502138,golpe en aparcamiento,autopista,19 170,6.0,1.0,0.0,39.0,N/D,36.0,16.0,0,valencia,mediador,31.0
06/06/2025,1046.2070082960704,  salida de vía ,urbana,5 726,10.0,4.0,0.0,75.0,no,21.0,20.0,0,madrid,mediador,80.0
10/05/2025,2417.748705845947,SALIDA DE VÍA,autopista,6 012,0.0,3.0,1.0,31.0,N/D,59.0,8.0,300,barcelona,mediador,96.0
07/08/2025,2129.583337207935,GOLPE EN APARCAMIENTO,interurbana,16 169,17.0,1.0,0.0,81.0,sí,46.0,38.0,600,sevilla,mediador,28.0
12/04/2024,570.0534108303291,alcance,urbana,10 474,17.0,1.0,0.0,46.0,no,57.0,20.0,600,zaragoza,mediador,127.0
18/11/2025,3249.8691589319533,salida de vía,urbana,5 749,9.0,2.0,0.0,39.0,no,66.0,26.0,150,valencia,mediador,171.0
13/04/2025,1212.9956688093714,alcance,interurbana,17 669,8.0,2.0,0.0,6.0,no,52.0,50.0,150,coruña,banca seguros,172.0
24/09/2025,2158.3511485712775,salida de vía,urbana,11 864,17.0,4.0,0.0,68.0,no,85.0,4.0,150,valencia,mediador,30.0
29/03/2025,1154.4636526237787,ROBO,interurbana,4 931,21.0,3.0,0.0,72.0,no,26.0,3.0,0,valencia,mediador,33.0
22/06/2024,1834.1698026533754,alcance,autopista,6 587,6.0,3.0,0.0,22.0,no,28.0,28.0,600,madrid,directo,107.0
06/03/2024,799.5105355271119,golpe en aparcamiento,interurbana,14 373,0.0,3.0,0.0,28.0,no,49.0,29.0,0,madrid,mediador,153.0
02/10/2024,1941.8411213364632,golpe en aparcamiento,interurbana,11 145,16.0,2.0,0.0,64.0,no,46.0,11.0,150,zaragoza,directo,149.0
10/02/2025,931.536776899857,  alcance ,interurbana,8 575,8.0,1.0,0.0,20.0,no,38.0,34.0,150,barcelona,directo,110.0
06/12/2025,2113.4078073019177,  alcance ,urbana,13 953,12.0,2.0,0.0,94.0,no,30.0,11.0,300,zaragoza,banca seguros,5.0
03/08/2025,1709.3121704747202,golpe en aparcamiento,autopista,3 570,1.0,4.0,1.0,37.0,sí,68.0,32.0,0,coruña,mediador,109.0
09/05/2025,3611.956268173692,salida de vía,urbana,24 048,16.0,1.0,0.0,44.0,N/D,49.0,19.0,600,valencia,mediador,180.0
23/07/2025,2630.7692331665316,robo,interurbana,13 506,9.0,4.0,0.0,88.0,no,31.0,30.0,0,valencia,directo,120.0
27/04/2024,8784.917812164736,incendio,autopista,7 344,19.0,1.0,0.0,26.0,no,63.0,29.0,300,sevilla,mediador,123.0
21/12/2024,2484.750039130877,GOLPE EN APARCAMIENTO,autopista,9 760,21.0,2.0,1.0,61.0,no,38.0,11.0,0,madrid,directo,150.0
29/04/2024,1302.6458075342034,alcance,interurbana,30 995,16.0,1.0,1.0,45.0,no,37.0,30.0,300,sevilla,mediador,113.0
09/09/2025,959.4914041521755,salida de vía,urbana,19 039,7.0,1.0,0.0,71.0,no,53.0,26.0,0,zaragoza,directo,176.0
16/11/2024,1090.5354411366554,  alcance ,interurbana,4 057,15.0,1.0,3.0,55.0,sí,59.0,49.0,0,coruña,directo,65.0
22/03/2024,1562.8226510348372,robo,urbana,5 367,4.0,2.0,0.0,55.0,no,67.0,4.0,0,coruña,directo,78.0
12/03/2025,3183.014206662265,colisión frontal,interurbana,20 009,4.0,1.0,0.0,51.0,no,55.0,31.0,300,barcelona,banca seguros,142.0
13/06/2024,1382.1333907129533,alcance,urbana,19 188,1.0,3.0,0.0,55.0,no,55.0,32.0,0,zaragoza,mediador,48.0
07/03/2025,1533.1911722200916,salida de vía,urbana,8 896,4.0,2.0,0.0,33.0,no,82.0,6.0,300,zaragoza,mediador,150.0
31/01/2025,1809.9969741977368,colisión frontal,interurbana,11 623,19.0,2.0,0.0,66.0,no,21.0,24.0,300,madrid,banca seguros,94.0
17/03/2024,4080.028309205884,colision frontal,interurbana,14 581,13.0,2.0,3.0,28.0,no,44.0,5.0,0,barcelona,mediador,98.0
10/07/2025,2699.6090553775803,ALCANCE,autopista,12 183,2.0,3.0,0.0,87.0,sí,27.0,43.0,300,valencia,banca seguros,135.0
26/08/2024,1299.7310376559906,GOLPE EN APARCAMIENTO,urbana,6 964,16.0,2.0,0.0,86.0,sí,38.0,27.0,300,sevilla,directo,153.0
03/11/2025,1186.5576808994686,golpe en aparcamiento,interurbana,26 479,22.0,2.0,0.0,31.0,no,77.0,37.0,0,coruña,mediador,133.0
11/10/2025,8760.186338193509,colision frontal,urbana,14 304,0.0,1.0,0.0,0.0,sí,45.0,41.0,0,madrid,banca seguros,148.0
25/07/2024,2410.258081018433,alcance,urbana,17 151,3.0,1.0,2.0,77.0,sí,39.0,12.0,300,zaragoza,banca seguros,43.0
25/07/2024,1835.6663523687334,colisión frontal,interurbana,9 690,2.0,1.0,0.0,65.0,no,60.0,36.0,600,madrid,mediador,46.0
17/08/2024,2315.3940291806657,ALCANCE,interurbana,19 363,19.0,1.0,0.0,85.0,no,44.0,28.0,0,barcelona,directo,151.0
22/12/2024,722.7066701749778,salida de via,urbana,6 666,2.0,4.0,0.0,59.0,sí,24.0,18.0,600,barcelona,banca seguros,171.0
29/10/2024,7102.4271758281075,robo,interurbana,19 430,2.0,4.0,1.0,73.0,sí,49.0,46.0,600,valencia,banca seguros,27.0
31/12/2024,3633.6371881797354,  salida de vía ,interurbana,7 931,1.0,1.0,2.0,84.0,no,32.0,9.0,0,madrid,directo,108.0
08/10/2024,265.25675184828043,alcance,interurbana,6 492,13.0,1.0,0.0,15.0,no,26.0,24.0,300,sevilla,mediador,137.0
26/10/2025,453.28818765473017,golpe en aparcamiento,urbana,6 897,3.0,1.0,1.0,58.0,no,40.0,37.0,0,coruña,directo,145.0
26/07/2024,1990.1164378136652,robo,interurbana,18 816,19.0,2.0,0.0,70.0,sí,47.0,17.0,300,madrid,mediador,44.0
01/05/2025,7397.31305910202,colisión frontal,urbana,21 382,11.0,3.0,0.0,65.0,no,62.0,25.0,300,barcelona,directo,168.0
26/09/2024,2765.371583456872,COLISIÓN FRONTAL,interurbana,12 752,15.0,1.0,0.0,64.0,no,43.0,10.0,150,zaragoza,mediador,123.0
07/10/2025,1737.8344506068881,colisión frontal,urbana,7 400,22.0,3.0,0.0,41.0,sí,68.0,33.0,0,madrid,mediador,39.0
12/08/2025,314.0273985963605,golpe en aparcamiento,urbana,6 883,8.0,1.0,0.0,30.0,no,36.0,36.0,150,zaragoza,mediador,56.0
29/08/2025,1163.144222360257,alcance,autopista,15 546,8.0,2.0,1.0,20.0,sí,39.0,7.0,300,valencia,mediador,62.0
14/12/2025,3897.4315720918376,colisión frontal,urbana,6 679,16.0,1.0,0.0,38.0,no,52.0,22.0,300,coruña,directo,116.0
17/05/2025,791.5261908085524,golpe en aparcamiento,interurbana,18 149,15.0,1.0,0.0,60.0,no,53.0,50.0,150,madrid,directo,60.0
16/07/2024,176.3033830598592,alcance,urbana,4 231,2.0,1.0,0.0,72.0,no,45.0,40.0,150,madrid,directo,147.0
23/11/2024,1050.7535692170934,COLISIÓN FRONTAL,urbana,10 665,14.0,1.0,0.0,91.0,sí,31.0,40.0,150,barcelona,directo,86.0
02/04/2024,1168.3237340971064,alcance,urbana,7 619,20.0,4.0,0.0,22.0,no,50.0,7.0,150,coruña,mediador,15.0
19/04/2025,2351.9843908417333,robo,urbana,7 553,2.0,2.0,0.0,4.0,no,55.0,13.0,600,zaragoza,banca seguros,128.0
27/04/2025,624.3756694477153,alcance,interurbana,3 419,21.0,3.0,0.0,95.0,sí,40.0,34.0,300,barcelona,directo,2.0
22/09/2025,648.3075289679563,robo,interurbana,4 086,10.0,2.0,0.0,47.0,no,31.0,46.0,150,barcelona,mediador,112.0
19/02/2024,682.3469321407463,ROBO,urbana,7 137,10.0,3.0,0.0,86.0,no,27.0,38.0,600,coruña,directo,174.0
18/12/2025,3594.458142343369,colisión frontal,urbana,10 365,18.0,1.0,0.0,44.0,no,42.0,34.0,0,valencia,directo,70.0
29/07/2025,28259.666092845655,incendio,urbana,10 008,10.0,1.0,0.0,29.0,no,48.0,46.0,0,madrid,mediador,40.0
14/02/2025,2395.054355211802,  golpe en aparcamiento ,interurbana,76 147,18.0,3.0,0.0,50.0,no,62.0,5.0,300,zaragoza,banca seguros,145.0
25/10/2025,1481.2917925084603,alcance,urbana,9 485,16.0,1.0,0.0,69.0,sí,54.0,1.0,600,zaragoza,directo,142.0
09/11/2025,5547.042674498546,salida de vía,autopista,8 799,9.0,4.0,1.0,85.0,sí,43.0,4.0,150,coruña,mediador,156.0
04/11/2025,483.7995778365891,alcance,urbana,3 687,1.0,2.0,0.0,33.0,sí,67.0,27.0,0,barcelona,mediador,88.0
08/03/2025,2592.214983215344,  salida de vía ,urbana,9 823,2.0,1.0,0.0,63.0,no,63.0,32.0,0,barcelona,mediador,125.0
20/08/2024,1419.7650291686632,salida de via,urbana,6 578,15.0,5.0,0.0,24.0,no,32.0,13.0,150,sevilla,mediador,81.0
10/09/2025,876.0811645603912,alcance,urbana,5 907,5.0,2.0,0.0,86.0,sí,47.0,0.0,0,madrid,mediador,53.0
11/09/2024,2159.1945168437255,SALIDA DE VÍA,autopista,8 267,12.0,2.0,0.0,36.0,no,33.0,38.0,0,valencia,mediador,24.0
16/11/2025,954.8672328667491,alcance,urbana,9 577,0.0,3.0,0.0,23.0,no,52.0,0.0,0,madrid,banca seguros,28.0
18/09/2025,670.0944594165491,golpe en aparcamiento,urbana,25 729,21.0,2.0,1.0,23.0,sí,32.0,39.0,600,coruña,directo,174.0
08/06/2025,270.3566163427145,alcance,urbana,2 605,16.0,1.0,0.0,25.0,no,36.0,17.0,0,zaragoza,mediador,144.0
06/04/2025,769.3502469883459,golpe en aparcamiento,interurbana,18 509,14.0,1.0,1.0,0.0,sí,41.0,34.0,300,madrid,directo,65.0
19/01/2024,1428.6914867521407,golpe en aparcamiento,urbana,13 979,0.0,1.0,0.0,65.0,sí,35.0,11.0,0,barcelona,directo,153.0
03/07/2025,1707.2874607062831,colisión frontal,urbana,9 005,10.0,1.0,0.0,69.0,no,30.0,40.0,0,valencia,banca seguros,136.0
21/09/2024,1357.5934740772157,alcance,urbana,9 465,13.0,2.0,0.0,75.0,no,39.0,42.0,300,barcelona,mediador,51.0
19/01/2024,876.1262016632357,  golpe en aparcamiento ,urbana,11 057,2.0,1.0,1.0,71.0,no,22.0,20.0,0,zaragoza,directo,31.0
21/09/2025,4018.8089478764914,colisión frontal,urbana,14 717,15.0,1.0,0.0,51.0,sí,42.0,31.0,150,sevilla,mediador,67.0
12/10/2024,649.4747573565273,robo,urbana,4 796,15.0,2.0,0.0,44.0,sí,75.0,28.0,300,sevilla,banca seguros,42.0
01/06/2025,5416.573534505445,colisión frontal,urbana,13 942,9.0,2.0,0.0,82.0,no,49.0,12.0,600,coruña,directo,128.0
05/09/2025,759.1009987751272,colisión frontal,urbana,11 297,9.0,1.0,0.0,63.0,no,50.0,43.0,150,madrid,mediador,170.0
12/12/2024,480.5679193212788,alcance,interurbana,5 728,22.0,2.0,0.0,38.0,no,56.0,9.0,150,madrid,banca seguros,167.0
19/05/2024,1824.5954553770655,colisión frontal,urbana,6 817,6.0,3.0,0.0,47.0,sí,46.0,27.0,0,madrid,directo,11.0
27/06/2025,2186.691538458335,golpe en aparcamiento,urbana,26 867,15.0,2.0,0.0,35.0,no,63.0,26.0,300,valencia,mediador,82.0
10/01/2025,17510.16119665073,incendio,autopista,13 543,13.0,1.0,0.0,28.0,no,54.0,29.0,150,valencia,directo,180.0
26/09/2025,1187.3305221517032,golpe en aparcamiento,urbana,15 424,10.0,2.0,1.0,11.0,no,50.0,32.0,0,barcelona,mediador,30.0
05/11/2025,643.5497088776015,golpe en aparcamiento,urbana,12 242,15.0,1.0,0.0,71.0,no,63.0,34.0,300,coruña,banca seguros,106.0
08/04/2025,580.9862158325244,golpe en aparcamiento,autopista,30 822,7.0,1.0,0.0,48.0,no,49.0,38.0,150,zaragoza,mediador,148.0
24/08/2024,522.0864360192587,golpe en aparcamiento,interurbana,21 683,11.0,2.0,0.0,62.0,sí,50.0,43.0,0,coruña,directo,80.0
12/09/2024,1143.5795634180286,golpe en aparcamiento,autopista,19 951,9.0,2.0,0.0,29.0,N/D,40.0,23.0,0,zaragoza,mediador,12.0
28/07/2024,1211.9275956129813,golpe en aparcamiento,autopista,46 990,10.0,2.0,0.0,53.0,sí,70.0,32.0,150,madrid,mediador,23.0
01/03/2025,1062.938800271034,salida de vía,interurbana,4 400,14.0,4.0,0.0,91.0,no,27.0,28.0,600,zaragoza,directo,90.0
21/11/2024,689.412019524139,golpe en aparcamiento,urbana,10 602,12.0,3.0,1.0,50.0,no,65.0,17.0,300,coruña,directo,152.0
20/12/2024,219.3258200818503,GOLPE EN APARCAMIENTO,urbana,4 649,5.0,2.0,0.0,62.0,no,37.0,50.0,150,sevilla,mediador,153.0
05/12/2024,266.7321052582519,ALCANCE,interurbana,9 706,16.0,2.0,0.0,87.0,sí,34.0,49.0,0,valencia,directo,21.0
12/12/2025,694.9580569802157,golpe en aparcamiento,urbana,10 453,13.0,3.0,0.0,71.0,no,47.0,47.0,0,valencia,mediador,93.0
08/07/2024,1242.5851930607093,alcance,urbana,9 025,21.0,1.0,0.0,49.0,no,55.0,45.0,300,zaragoza,mediador,180.0
30/09/2024,3100.4274606748195,robo,urbana,11 270,4.0,5.0,0.0,88.0,sí,56.0,13.0,0,sevilla,directo,48.0
21/09/2025,1739.691667990876,COLISIÓN FRONTAL,urbana,8 855,6.0,2.0,0.0,28.0,no,48.0,24.0,600,sevilla,mediador,115.0
25/11/2025,449.3308378739044,alcance,urbana,3 470,17.0,1.0,0.0,51.0,no,18.0,1.0,300,madrid,mediador,78.0
01/01/2024,685.6170220985788,salida de vía,urbana,3 796,5.0,1.0,0.0,97.0,sí,73.0,14.0,300,barcelona,banca seguros,2.0
04/12/2024,6475.957034992596,colisión frontal,urbana,8 151,14.0,4.0,1.0,75.0,sí,64.0,40.0,0,zaragoza,directo,83.0
02/09/2024,1360.290172099494,  golpe en aparcamiento ,urbana,3 341,2.0,5.0,0.0,78.0,sí,39.0,36.0,300,coruña,banca seguros,16.0
30/10/2024,2126.246384060322,robo,urbana,17 036,10.0,2.0,0.0,76.0,no,40.0,43.0,600,zaragoza,mediador,96.0
03/10/2024,2236.5356586505054,alcance,interurbana,10 177,21.0,1.0,0.0,66.0,no,68.0,30.0,0,sevilla,banca seguros,107.0
03/10/2024,1274.8842381879356,golpe en aparcamiento,interurbana,10 719,1.0,1.0,0.0,57.0,no,43.0,2.0,600,coruña,directo,180.0
22/10/2024,307.04446365668906,alcance,urbana,4 894,16.0,1.0,0.0,51.0,sí,25.0,24.0,300,barcelona,directo,87.0
08/03/2024,418.42841112762454,golpe en aparcamiento,interurbana,5 794,5.0,1.0,0.0,76.0,no,39.0,15.0,150,madrid,mediador,137.0
06/01/2025,3455.023823312481,incendio,urbana,9 683,22.0,1.0,0.0,59.0,no,39.0,27.0,0,sevilla,mediador,119.0
18/07/2025,6825.901734917903,colisión frontal,urbana,22 964,6.0,1.0,1.0,55.0,no,20.0,21.0,0,sevilla,mediador,149.0
13/09/2025,2187.0134908054983,salida de vía,autopista,8 573,4.0,2.0,0.0,40.0,no,50.0,21.0,150,madrid,mediador,113.0
18/01/2025,772.7719347845076,GOLPE EN APARCAMIENTO,urbana,29 903,2.0,3.0,1.0,31.0,no,61.0,9.0,0,barcelona,mediador,103.0
27/10/2024,2036.1082519040376,salida de vía,autopista,7 777,9.0,2.0,0.0,61.0,N/D,33.0,28.0,0,sevilla,mediador,155.0
16/02/2024,14054.538577545454,incendio,interurbana,11 611,20.0,1.0,0.0,87.0,sí,29.0,24.0,150,sevilla,banca seguros,3.0
11/02/2024,1006.2472269086188,colisión frontal,urbana,7 431,7.0,1.0,0.0,62.0,no,43.0,13.0,0,sevilla,mediador,155.0
06/07/2024,1006.4360657284171,golpe en aparcamiento,interurbana,5 016,9.0,2.0,2.0,16.0,no,48.0,49.0,600,sevilla,mediador,138.0
08/05/2024,8159.679622780064,COLISIÓN FRONTAL,interurbana,24 156,20.0,1.0,0.0,39.0,no,31.0,42.0,150,valencia,mediador,10.0
12/03/2025,619.2143393107592,ALCANCE,interurbana,3 111,2.0,2.0,0.0,47.0,no,47.0,43.0,0,madrid,mediador,180.0
15/01/2024,1171.635846700373,golpe en aparcamiento,urbana,11 132,11.0,1.0,2.0,59.0,no,52.0,0.0,300,madrid,directo,22.0
17/02/2025,293.7519098886581,  golpe en aparcamiento ,urbana,4 099,6.0,1.0,0.0,107.0,no,41.0,18.0,600,valencia,banca seguros,28.0
28/07/2024,2485.536549595494,robo,urbana,53 592,5.0,2.0,0.0,28.0,no,18.0,26.0,0,barcelona,directo,132.0
25/09/2024,593.4563468226775,alcance,urbana,17 960,16.0,1.0,0.0,59.0,no,57.0,17.0,150,barcelona,mediador,163.0
20/07/2024,161.06161623922495,golpe en aparcamiento,interurbana,3 952,4.0,1.0,0.0,67.0,N/D,51.0,22.0,0,valencia,mediador,67.0
30/12/2024,3975.278741569137,SALIDA DE VÍA,interurbana,15 177,5.0,1.0,3.0,50.0,no,23.0,18.0,0,madrid,banca seguros,148.0
27/08/2025,4823.519926858673,colision frontal,autopista,6 878,11.0,2.0,0.0,45.0,no,28.0,35.0,300,zaragoza,directo,39.0
02/04/2024,719.0458417270878,  golpe en aparcamiento ,urbana,9 055,20.0,1.0,0.0,53.0,no,37.0,7.0,0,barcelona,mediador,53.0
08/10/2025,11761.340198023716,incendio,urbana,6 654,16.0,1.0,0.0,50.0,no,49.0,36.0,600,madrid,mediador,107.0
23/05/2024,5376.14027185885,colisión frontal,autopista,19 398,0.0,1.0,1.0,53.0,sí,41.0,39.0,300,sevilla,directo,45.0
04/07/2024,653.6403419318248,golpe en aparcamiento,urbana,22 006,2.0,2.0,0.0,42.0,sí,55.0,16.0,150,barcelona,mediador,95.0
13/11/2024,757.6717122351407,alcance,urbana,15 863,8.0,1.0,0.0,60.0,no,18.0,27.0,300,barcelona,directo,146.0
05/02/2024,5508.364857650484,salida de vía,interurbana,39 211,6.0,4.0,0.0,22.0,no,37.0,42.0,0,madrid,mediador,20.0
30/08/2024,5367.250250293359,alcance,autopista,19 564,1.0,1.0,0.0,20.0,no,30.0,0.0,300,coruña,mediador,110.0
25/08/2024,517.1329342819744,golpe en aparcamiento,urbana,11 485,11.0,1.0,0.0,47.0,no,75.0,8.0,150,barcelona,directo,38.0
07/04/2025,1369.5806801184492,alcance,interurbana,11 135,8.0,1.0,0.0,0.0,no,50.0,37.0,0,coruña,directo,26.0
03/08/2025,1460.9199486395921,colisión frontal,interurbana,6 817,4.0,1.0,0.0,41.0,no,23.0,29.0,0,madrid,banca seguros,106.0
03/04/2024,2630.472427758304,salida de vía,urbana,7 305,1.0,1.0,1.0,44.0,no,74.0,25.0,0,valencia,directo,111.0
04/12/2025,366.92627976256716,golpe en aparcamiento,urbana,11 109,20.0,2.0,0.0,21.0,sí,30.0,38.0,0,zaragoza,mediador,21.0
06/05/2025,1414.7630092494603,alcance,urbana,8 593,14.0,1.0,0.0,53.0,no,46.0,29.0,300,barcelona,directo,84.0
01/06/2025,1067.7491633924471,alcance,urbana,4 704,14.0,1.0,7.0,52.0,sí,62.0,49.0,300,coruña,directo,175.0
05/05/2024,5218.444553517355,robo,interurbana,36 858,21.0,1.0,0.0,38.0,sí,33.0,4.0,0,coruña,mediador,100.0
19/04/2025,842.4623222779596,golpe en aparcamiento,urbana,23 996,13.0,1.0,0.0,44.0,sí,38.0,2.0,300,madrid,mediador,14.0
11/04/2025,377.46747077992467,golpe en aparcamiento,urbana,6 465,2.0,2.0,0.0,23.0,no,49.0,46.0,0,zaragoza,mediador,42.0
25/11/2024,1478.216300650478,golpe en aparcamiento,autopista,13 392,7.0,2.0,0.0,64.0,N/D,41.0,46.0,600,valencia,mediador,51.0
22/07/2025,714.1131414191999,  golpe en aparcamiento ,interurbana,4 678,18.0,5.0,0.0,69.0,no,34.0,23.0,150,zaragoza,directo,136.0
09/10/2025,376.22818593635355,golpe en aparcamiento,urbana,5 441,0.0,3.0,0.0,45.0,no,45.0,50.0,150,sevilla,directo,33.0
02/02/2024,767.1174297744358,golpe en aparcamiento,urbana,4 098,2.0,3.0,1.0,52.0,sí,23.0,45.0,0,madrid,mediador,99.0
18/09/2025,821.3448443873816,alcance,interurbana,9 751,14.0,5.0,0.0,52.0,sí,57.0,37.0,0,madrid,directo,38.0
26/06/2024,2253.088576784982,  colisión frontal ,urbana,4 821,21.0,2.0,0.0,33.0,N/D,43.0,11.0,600,sevilla,mediador,105.0
30/01/2024,2593.2489895819654,alcance,autopista,6 326,9.0,1.0,0.0,67.0,sí,34.0,1.0,600,valencia,mediador,107.0
27/05/2025,2128.0822033537993,colisión frontal,autopista,6 049,22.0,1.0,0.0,48.0,no,61.0,29.0,300,barcelona,mediador,88.0
14/11/2024,29936.53355412594,COLISIÓN FRONTAL,interurbana,36 197,21.0,4.0,0.0,64.0,sí,34.0,10.0,600,valencia,directo,45.0
03/09/2025,2028.3258254722284,alcance,interurbana,32 349,13.0,2.0,0.0,18.0,no,46.0,30.0,0,coruña,mediador,68.0
08/12/2024,3052.219390331414,COLISIÓN FRONTAL,urbana,4 889,3.0,1.0,3.0,69.0,no,35.0,38.0,300,coruña,directo,76.0
03/05/2025,572.1280846334693,golpe en aparcamiento,interurbana,5 998,2.0,5.0,0.0,55.0,no,42.0,36.0,0,barcelona,banca seguros,147.0
03/05/2024,620.4513814468403,GOLPE EN APARCAMIENTO,urbana,12 419,20.0,1.0,0.0,64.0,sí,39.0,14.0,0,barcelona,directo,56.0
27/06/2025,3180.702575691485,ROBO,urbana,8 447,12.0,3.0,0.0,43.0,sí,23.0,1.0,300,barcelona,banca seguros,74.0
09/08/2024,1960.2861057521577,salida de vía,interurbana,8 594,5.0,4.0,0.0,64.0,N/D,71.0,43.0,150,barcelona,directo,24.0
03/12/2024,3250.069667829502,robo,autopista,7 817,16.0,2.0,0.0,41.0,no,63.0,15.0,0,barcelona,mediador,66.0
27/08/2025,4161.035902142778,colisión frontal,interurbana,20 625,18.0,1.0,0.0,18.0,sí,61.0,9.0,150,zaragoza,directo,48.0
22/03/2024,2558.7102454968067,colisión frontal,urbana,11 707,0.0,2.0,0.0,41.0,no,44.0,12.0,300,coruña,banca seguros,12.0
14/08/2024,3153.8110214823164,salida de via,urbana,32 536,20.0,1.0,1.0,78.0,sí,41.0,43.0,150,valencia,mediador,156.0
28/07/2024,10506.188801903256,SALIDA DE VÍA,interurbana,16 357,0.0,3.0,0.0,66.0,sí,41.0,20.0,600,zaragoza,mediador,83.0
24/01/2025,1818.1057741593015,alcance,urbana,22 751,15.0,2.0,0.0,35.0,sí,38.0,9.0,0,zaragoza,mediador,12.0
18/10/2024,1218.317073475849,colision frontal,urbana,5 851,0.0,3.0,0.0,99.0,no,50.0,48.0,150,zaragoza,mediador,86.0
03/01/2025,608.6419138713761,ALCANCE,autopista,13 647,9.0,2.0,0.0,71.0,sí,73.0,9.0,0,zaragoza,mediador,168.0
25/08/2025,2609.4759600207417,  alcance ,urbana,13 036,11.0,3.0,0.0,53.0,no,43.0,19.0,0,coruña,directo,80.0
22/02/2025,2325.3964479870397,robo,autopista,12 483,14.0,1.0,0.0,90.0,no,45.0,9.0,150,valencia,mediador,153.0
01/12/2024,2402.7582077422235,salida de vía,interurbana,9 537,0.0,1.0,0.0,47.0,N/D,42.0,46.0,0,madrid,banca seguros,40.0
05/04/2024,1707.6765970246672,alcance,autopista,40 394,20.0,4.0,0.0,60.0,no,66.0,17.0,0,zaragoza,banca seguros,152.0
27/03/2025,1067.145041242217,colisión frontal,urbana,7 126,10.0,2.0,0.0,53.0,no,57.0,18.0,0,sevilla,directo,134.0
14/12/2024,1234.4382550410637,colisión frontal,urbana,3 877,11.0,1.0,0.0,44.0,sí,51.0,27.0,300,barcelona,banca seguros,6.0
20/03/2024,1227.90278792562,alcance,urbana,8 791,8.0,2.0,1.0,15.0,sí,47.0,0.0,0,zaragoza,mediador,136.0
15/04/2024,1107.9229542369815,golpe en aparcamiento,interurbana,23 629,2.0,1.0,0.0,99.0,no,29.0,34.0,0,madrid,directo,94.0
31/01/2024,3505.0605658620184,  salida de vía ,urbana,19 501,14.0,2.0,0.0,23.0,no,51.0,10.0,0,valencia,mediador,109.0
28/10/2025,239.01286059117467,golpe en aparcamiento,urbana,5 094,8.0,1.0,2.0,43.0,no,43.0,37.0,0,madrid,banca seguros,158.0
01/03/2024,1367.411440176361,alcance,interurbana,8 768,3.0,3.0,0.0,81.0,no,29.0,3.0,150,sevilla,directo,159.0
05/10/2024,1216.2994330563606,golpe en aparcamiento,urbana,23 576,7.0,2.0,0.0,73.0,no,45.0,20.0,0,barcelona,mediador,89.0
01/10/2025,442.4753390310558,golpe en aparcamiento,autopista,11 459,18.0,1.0,0.0,68.0,no,22.0,15.0,150,barcelona,mediador,80.0
05/05/2025,3249.137100342282,colisión frontal,urbana,10 440,18.0,2.0,0.0,63.0,no,59.0,11.0,0,madrid,directo,86.0
10/06/2025,849.5960058806647,colision frontal,urbana,11 574,12.0,2.0,0.0,25.0,no,26.0,0.0,0,zaragoza,mediador,152.0
06/02/2024,2996.3647735130016,robo,interurbana,15 090,10.0,3.0,0.0,31.0,sí,34.0,22.0,0,sevilla,directo,64.0
30/01/2025,2809.145180888184,robo,autopista,8 092,3.0,1.0,1.0,73.0,no,30.0,36.0,300,sevilla,directo,138.0
17/03/2025,1008.2559130948827,salida de vía,autopista,5 350,21.0,3.0,0.0,75.0,no,67.0,25.0,0,madrid,mediador,151.0
17/02/2025,941.8448971935219,alcance,urbana,10 176,10.0,1.0,0.0,82.0,no,49.0,13.0,300,sevilla,mediador,20.0
08/05/2025,215.85598985626288,golpe en aparcamiento,urbana,10 554,13.0,1.0,0.0,41.0,no,66.0,32.0,150,coruña,mediador,91.0
06/08/2025,338.53578489612505,robo,urbana,2 611,19.0,3.0,0.0,34.0,no,30.0,43.0,0,madrid,mediador,58.0
06/10/2025,60451.70769742013,  incendio ,urbana,34 775,15.0,1.0,0.0,19.0,sí,59.0,27.0,0,coruña,directo,23.0
24/05/2025,1598.6328964243196,golpe en aparcamiento,interurbana,11 328,1.0,4.0,0.0,50.0,sí,39.0,29.0,300,barcelona,directo,98.0
02/01/2024,3762.932008023394,incendio,interurbana,3 885,14.0,2.0,0.0,42.0,sí,42.0,8.0,300,sevilla,mediador,101.0
13/11/2025,2562.860512149997,alcance,interurbana,26 335,20.0,1.0,0.0,104.0,sí,32.0,21.0,300,coruña,directo,13.0
17/12/2024,1113.4854713409518,alcance,urbana,3 247,20.0,1.0,0.0,72.0,sí,69.0,19.0,150,coruña,directo,160.0
02/12/2024,854.8894894571025,  golpe en aparcamiento ,interurbana,10 988,17.0,3.0,1.0,0.0,no,42.0,37.0,0,coruña,mediador,55.0
09/09/2025,3350.8629374522534,alcance,interurbana,39 782,2.0,1.0,0.0,15.0,no,52.0,44.0,0,coruña,mediador,162.0
01/06/2025,5007.928216946374,colisión frontal,urbana,14 443,13.0,1.0,0.0,34.0,N/D,24.0,46.0,0,zaragoza,banca seguros,116.0
26/03/2024,991.9249243845718,salida de vía,interurbana,15 161,18.0,2.0,0.0,79.0,no,52.0,40.0,0,zaragoza,mediador,69.0
13/11/2025,1601.0959455627906,alcance,autopista,35 637,13.0,4.0,0.0,72.0,no,43.0,25.0,0,valencia,mediador,150.0
28/02/2024,495.3389882130956,golpe en aparcamiento,urbana,5 894,20.0,2.0,1.0,54.0,N/D,38.0,25.0,0,madrid,directo,136.0
07/05/2025,2266.8516986380555,alcance,autopista,24 637,18.0,1.0,0.0,13.0,sí,54.0,43.0,0,zaragoza,directo,153.0
17/11/2025,1259.8058753466971,alcance,urbana,9 142,22.0,1.0,1.0,6.0,no,49.0,21.0,0,sevilla,directo,156.0
12/04/2024,3950.7158815112784,salida de vía,urbana,17 928,4.0,2.0,0.0,51.0,sí,56.0,36.0,0,madrid,banca seguros,29.0
28/07/2024,1725.269401408971,colisión frontal,urbana,7 371,6.0,2.0,0.0,47.0,no,67.0,35.0,0,sevilla,mediador,127.0
27/04/2024,884.0653941008393,alcance,interurbana,16 647,18.0,2.0,0.0,20.0,no,71.0,11.0,600,barcelona,mediador,81.0
31/07/2024,387.9006201888808,alcance,urbana,6 716,20.0,1.0,0.0,55.0,no,50.0,9.0,300,valencia,directo,73.0
14/10/2024,4171.811306907732,  alcance ,urbana,25 491,6.0,3.0,0.0,87.0,sí,38.0,25.0,0,zaragoza,mediador,81.0
13/02/2024,2257.322184027159,colisión frontal,urbana,11 381,11.0,1.0,0.0,29.0,sí,31.0,36.0,300,coruña,mediador,166.0
06/04/2025,758.0274394516839,salida de via,urbana,3 874,1.0,2.0,0.0,50.0,sí,31.0,28.0,0,valencia,mediador,82.0
24/08/2025,235.60848888019902,golpe en aparcamiento,interurbana,9 511,8.0,1.0,0.0,45.0,no,33.0,45.0,300,coruña,banca seguros,149.0
03/09/2025,1127.5732851191246,golpe en aparcamiento,urbana,15 617,0.0,2.0,0.0,40.0,sí,39.0,11.0,150,barcelona,banca seguros,107.0
31/07/2025,5671.5479433019755,  colisión frontal ,autopista,14 544,3.0,1.0,0.0,61.0,sí,30.0,26.0,0,sevilla,banca seguros,154.0
11/08/2024,1530.2113618380017,colisión frontal,urbana,14 109,20.0,1.0,0.0,51.0,N/D,31.0,39.0,150,barcelona,directo,12.0
21/01/2024,1913.8206557341784,colisión frontal,interurbana,9 559,16.0,1.0,1.0,105.0,no,25.0,44.0,0,valencia,mediador,25.0
22/12/2025,844.8245905477052,golpe en aparcamiento,interurbana,4 522,17.0,1.0,1.0,62.0,no,45.0,6.0,0,zaragoza,mediador,132.0
11/06/2024,665.6092599802255,alcance,interurbana,10 264,13.0,3.0,0.0,68.0,no,35.0,28.0,300,valencia,directo,108.0
16/08/2025,2796.319713847525,COLISIÓN FRONTAL,urbana,7 088,11.0,4.0,0.0,52.0,no,74.0,22.0,150,madrid,directo,15.0
03/05/2024,872.5262214216729,golpe en aparcamiento,urbana,37 893,13.0,4.0,0.0,59.0,no,54.0,9.0,150,valencia,banca seguros,109.0
16/10/2024,876.0135480406034,GOLPE EN APARCAMIENTO,autopista,13 565,1.0,1.0,0.0,66.0,no,38.0,46.0,0,coruña,banca seguros,87.0
28/05/2025,2561.723515118337,salida de via,autopista,11 411,22.0,3.0,0.0,61.0,sí,58.0,17.0,0,valencia,mediador,179.0
15/08/2025,4234.643986978904,robo,urbana,52 684,22.0,4.0,0.0,79.0,no,48.0,27.0,600,valencia,mediador,2.0
12/12/2025,1628.820346592511,golpe en aparcamiento,urbana,17 477,7.0,2.0,1.0,41.0,sí,35.0,41.0,0,barcelona,mediador,140.0
25/06/2024,2101.385872837623,robo,urbana,11 178,14.0,1.0,0.0,45.0,no,39.0,27.0,0,valencia,mediador,86.0
15/09/2025,496.3732411535319,golpe en aparcamiento,autopista,5 470,21.0,1.0,0.0,50.0,no,42.0,38.0,300,zaragoza,directo,20.0
09/10/2024,2755.627867066638,robo,urbana,16 197,8.0,2.0,3.0,54.0,sí,71.0,14.0,0,barcelona,banca seguros,127.0
12/03/2024,1289.9086016170768,alcance,interurbana,9 055,10.0,3.0,0.0,55.0,sí,45.0,12.0,0,coruña,directo,132.0
05/08/2024,1622.9804370639204,colisión frontal,interurbana,18 299,5.0,1.0,0.0,43.0,no,18.0,30.0,0,valencia,directo,147.0
24/02/2024,521.0065266363849,golpe en aparcamiento,urbana,45 890,10.0,3.0,0.0,29.0,no,77.0,26.0,600,madrid,mediador,83.0
15/07/2025,354.1356532848953,alcance,urbana,2 485,2.0,2.0,0.0,12.0,no,47.0,44.0,150,valencia,directo,67.0
13/08/2024,1070.1212698755155,alcance,interurbana,11 335,15.0,2.0,0.0,21.0,sí,72.0,2.0,150,coruña,directo,118.0
13/07/2024,623.0400453017517,alcance,interurbana,11 488,18.0,2.0,0.0,68.0,no,35.0,25.0,0,coruña,banca seguros,33.0
31/05/2025,2670.2140096966523,colisión frontal,urbana,6 000,13.0,1.0,3.0,55.0,sí,33.0,0.0,150,sevilla,banca seguros,171.0
06/11/2024,3989.746030113272,robo,urbana,12 296,22.0,4.0,0.0,29.0,no,44.0,18.0,0,barcelona,mediador,85.0
05/04/2025,16274.372985082777,incendio,urbana,10 069,0.0,1.0,0.0,97.0,sí,35.0,46.0,150,coruña,banca seguros,6.0
08/02/2024,441.4024971632505,golpe en aparcamiento,urbana,33 188,9.0,1.0,0.0,40.0,no,54.0,36.0,150,barcelona,banca seguros,121.0
23/02/2025,450.9398164904258,golpe en aparcamiento,urbana,8 283,11.0,2.0,2.0,41.0,no,52.0,0.0,300,valencia,mediador,161.0
19/04/2025,2367.3887755827104,colisión frontal,urbana,20 389,21.0,2.0,0.0,54.0,no,33.0,20.0,300,coruña,directo,96.0
28/11/2025,5552.536136086652,  salida de vía ,autopista,5 109,0.0,3.0,0.0,81.0,no,45.0,34.0,150,valencia,mediador,148.0
09/04/2024,4906.024282347344,ALCANCE,urbana,27 431,1.0,1.0,0.0,33.0,no,47.0,15.0,150,sevilla,directo,125.0
22/05/2024,732.7944154195347,colisión frontal,urbana,3 376,4.0,1.0,0.0,23.0,no,40.0,6.0,150,coruña,mediador,50.0
21/08/2025,425.0023614968561,golpe en aparcamiento,interurbana,11 497,7.0,3.0,0.0,56.0,no,40.0,34.0,0,sevilla,banca seguros,6.0
30/11/2024,1902.7143908513424,alcance,urbana,14 443,9.0,1.0,0.0,64.0,sí,55.0,35.0,0,coruña,banca seguros,172.0
11/11/2024,1171.2802115517527,salida de via,urbana,16 423,17.0,3.0,0.0,71.0,sí,59.0,12.0,150,barcelona,banca seguros,25.0
03/10/2024,5137.272564316963,salida de vía,interurbana,21 308,0.0,3.0,0.0,53.0,sí,62.0,13.0,0,sevilla,mediador,9.0
16/09/2024,876.4295334599627,alcance,interurbana,7 735,21.0,2.0,0.0,71.0,no,29.0,20.0,300,sevilla,mediador,83.0
28/06/2025,942.3128316179882,  robo ,interurbana,16 869,19.0,3.0,0.0,71.0,sí,50.0,30.0,150,zaragoza,directo,136.0
15/01/2024,1453.4319231467123,robo,urbana,12 574,15.0,1.0,0.0,57.0,no,35.0,50.0,300,sevilla,directo,133.0
19/09/2025,2059.483777600475,  salida de vía ,urbana,18 572,2.0,1.0,0.0,27.0,no,56.0,4.0,0,sevilla,mediador,167.0
03/04/2024,1116.989021665483,golpe en aparcamiento,urbana,10 814,15.0,2.0,0.0,71.0,no,44.0,2.0,0,valencia,directo,4.0
27/09/2024,2957.6593791598743,colisión frontal,interurbana,7 363,10.0,1.0,0.0,42.0,sí,30.0,6.0,0,coruña,directo,53.0
23/07/2024,573.4896358913628,alcance,urbana,9 675,20.0,1.0,0.0,51.0,no,64.0,6.0,0,zaragoza,banca seguros,166.0
05/12/2025,1152.683399730999,golpe en aparcamiento,urbana,22 458,8.0,4.0,0.0,8.0,no,43.0,47.0,0,valencia,mediador,55.0
06/02/2024,1048.5100559468242,golpe en aparcamiento,urbana,8 933,15.0,1.0,2.0,95.0,no,18.0,34.0,0,valencia,directo,83.0
14/03/2024,3933.7131088474603,salida de vía,interurbana,15 471,5.0,1.0,0.0,76.0,N/D,39.0,31.0,0,zaragoza,directo,135.0
11/06/2024,851.277543734666,ROBO,urbana,6 245,10.0,2.0,0.0,23.0,no,69.0,31.0,0,zaragoza,mediador,146.0
01/07/2024,877.654451539655,ROBO,urbana,4 930,7.0,1.0,0.0,45.0,sí,37.0,47.0,0,barcelona,directo,148.0
12/10/2024,11075.649905556056,incendio,urbana,8 283,11.0,1.0,1.0,9.0,no,54.0,29.0,150,sevilla,banca seguros,100.0
15/03/2024,546.8953542602138,golpe en aparcamiento,urbana,9 194,18.0,1.0,0.0,56.0,no,59.0,34.0,300,barcelona,directo,47.0
18/12/2025,830.3963409547697,  golpe en aparcamiento ,interurbana,15 061,13.0,2.0,1.0,5.0,sí,18.0,40.0,300,valencia,mediador,119.0
10/02/2025,569.0361243376774,alcance,interurbana,9 191,18.0,2.0,1.0,42.0,no,48.0,24.0,150,coruña,directo,86.0
29/03/2024,1040.6450515217318,  alcance ,interurbana,18 830,18.0,2.0,0.0,72.0,no,37.0,18.0,150,madrid,mediador,180.0
11/12/2025,4839.179442248898,SALIDA DE VÍA,autopista,21 852,18.0,1.0,0.0,94.0,no,61.0,36.0,0,zaragoza,directo,106.0
06/09/2024,283.3154736560001,golpe en aparcamiento,urbana,6 566,19.0,1.0,1.0,63.0,sí,54.0,32.0,300,sevilla,directo,83.0
28/01/2025,594.8982893483447,alcance,urbana,9 542,9.0,3.0,0.0,51.0,no,27.0,41.0,0,coruña,mediador,79.0
18/04/2025,8563.486011172818,ALCANCE,autopista,19 360,1.0,3.0,0.0,65.0,no,71.0,41.0,600,coruña,mediador,86.0
20/03/2024,3007.2442068584687,colisión frontal,urbana,22 577,21.0,1.0,0.0,56.0,no,43.0,2.0,0,madrid,banca seguros,21.0
17/09/2024,682.0744249043514,golpe en aparcamiento,interurbana,9 373,21.0,2.0,0.0,22.0,sí,38.0,4.0,0,barcelona,mediador,146.0
13/05/2024,3442.477071009436,  salida de vía ,urbana,14 979,3.0,3.0,1.0,37.0,no,34.0,30.0,300,madrid,mediador,58.0
30/11/2024,1423.5339065917187,salida de via,urbana,7 171,12.0,2.0,0.0,35.0,no,24.0,37.0,0,barcelona,directo,150.0
17/05/2024,690.6304537223905,alcance,interurbana,7 753,22.0,4.0,0.0,67.0,no,35.0,42.0,0,coruña,mediador,25.0
29/05/2025,344.5811744842049,ALCANCE,urbana,7 738,11.0,2.0,2.0,60.0,no,55.0,32.0,600,coruña,directo,98.0
03/11/2025,885.8891714060803,salida de vía,urbana,5 977,17.0,2.0,0.0,48.0,no,47.0,50.0,300,coruña,mediador,46.0
07/09/2024,764.3271704772112,alcance,urbana,12 270,16.0,1.0,0.0,72.0,sí,74.0,37.0,600,coruña,banca seguros,130.0
23/03/2025,1112.618832985128,salida de vía,urbana,13 282,17.0,1.0,0.0,26.0,no,37.0,10.0,0,barcelona,banca seguros,148.0
30/01/2025,606.7365234571869,golpe en aparcamiento,urbana,18 271,10.0,2.0,0.0,38.0,sí,29.0,17.0,0,sevilla,mediador,154.0
19/12/2024,2272.433660429341,  salida de vía ,urbana,8 859,14.0,1.0,0.0,39.0,sí,46.0,2.0,300,madrid,mediador,34.0
02/12/2024,994.3163018628487,golpe en aparcamiento,urbana,15 567,22.0,4.0,0.0,97.0,no,51.0,2.0,300,coruña,directo,100.0
25/08/2024,440.11960376657925,  alcance ,autopista,4 937,6.0,1.0,0.0,56.0,no,37.0,2.0,300,valencia,directo,165.0
15/06/2025,465.92025420626175,GOLPE EN APARCAMIENTO,urbana,6 619,4.0,1.0,1.0,33.0,sí,36.0,41.0,300,coruña,mediador,110.0
23/09/2025,974.234469522407,golpe en aparcamiento,urbana,15 591,16.0,2.0,0.0,46.0,sí,31.0,10.0,300,zaragoza,mediador,126.0
29/09/2024,1342.5966807394345,alcance,urbana,7 047,5.0,1.0,3.0,80.0,no,48.0,30.0,150,valencia,mediador,69.0
27/11/2024,650.2891274876164,golpe en aparcamiento,urbana,9 211,22.0,2.0,0.0,24.0,no,46.0,19.0,0,madrid,mediador,68.0
28/01/2024,419.44765186826453,golpe en aparcamiento,urbana,9 953,15.0,2.0,0.0,42.0,no,38.0,0.0,600,barcelona,banca seguros,171.0
07/02/2024,1311.660556960139,  alcance ,urbana,8 241,1.0,2.0,0.0,95.0,no,33.0,29.0,0,sevilla,directo,31.0
23/10/2025,1499.0039079488633,colisión frontal,interurbana,4 596,21.0,2.0,0.0,55.0,sí,50.0,12.0,300,madrid,banca seguros,164.0
03/04/2025,25728.416975411896,incendio,interurbana,14 629,19.0,1.0,1.0,0.0,no,45.0,6.0,150,barcelona,mediador,142.0
18/09/2024,6472.58968812086,incendio,urbana,17 053,21.0,2.0,1.0,46.0,no,49.0,16.0,0,zaragoza,directo,53.0
18/10/2025,2595.1599423155,colisión frontal,urbana,11 647,7.0,3.0,0.0,37.0,sí,51.0,15.0,300,barcelona,mediador,100.0
20/02/2025,1115.3557411238687,  robo ,interurbana,6 962,20.0,1.0,0.0,47.0,no,65.0,0.0,600,barcelona,directo,175.0
23/06/2025,346.8751753304962,GOLPE EN APARCAMIENTO,urbana,14 362,3.0,1.0,0.0,64.0,sí,41.0,25.0,150,sevilla,directo,84.0
06/10/2024,1041.4785808704394,golpe en aparcamiento,interurbana,6 640,9.0,2.0,2.0,57.0,sí,43.0,30.0,300,madrid,mediador,64.0
25/04/2024,1863.535284896086,salida de vía,urbana,14 202,13.0,2.0,0.0,71.0,no,38.0,11.0,0,zaragoza,directo,150.0
09/06/2024,2377.4440227129844,alcance,urbana,20 129,8.0,3.0,0.0,79.0,sí,55.0,16.0,0,barcelona,banca seguros,110.0
20/04/2024,3246.2557449150986,alcance,autopista,13 297,20.0,4.0,0.0,80.0,sí,47.0,12.0,0,valencia,mediador,19.0
02/06/2024,1330.7301079290212,SALIDA DE VÍA,urbana,16 612,13.0,2.0,0.0,68.0,sí,41.0,34.0,150,madrid,directo,17.0
31/12/2024,1705.29938809648,robo,urbana,15 530,6.0,2.0,1.0,68.0,no,35.0,8.0,150,madrid,directo,174.0
22/01/2025,1463.7300492768788,golpe en aparcamiento,urbana,28 760,5.0,1.0,0.0,67.0,no,56.0,42.0,150,zaragoza,mediador,24.0
29/05/2025,2250.6422938937626,ROBO,interurbana,3 937,21.0,2.0,0.0,40.0,no,22.0,3.0,0,zaragoza,banca seguros,28.0
13/11/2024,617.1559193336525,golpe en aparcamiento,urbana,17 352,17.0,2.0,0.0,67.0,no,54.0,21.0,150,sevilla,mediador,180.0
19/07/2025,664.1510893274877,  alcance ,urbana,5 944,16.0,1.0,1.0,74.0,sí,45.0,31.0,300,madrid,mediador,143.0
08/09/2024,2735.114850319603,salida de vía,urbana,7 228,12.0,1.0,0.0,37.0,no,29.0,30.0,0,madrid,mediador,140.0
16/04/2025,3665.8032160451594,  alcance ,interurbana,8 652,6.0,1.0,0.0,23.0,sí,39.0,36.0,0,zaragoza,directo,17.0
05/02/2025,538.9762866874457,golpe en aparcamiento,interurbana,9 029,9.0,1.0,0.0,39.0,no,54.0,35.0,0,coruña,banca seguros,169.0
17/08/2024,492.64730382949966,golpe en aparcamiento,urbana,7 607,10.0,2.0,0.0,68.0,no,36.0,8.0,0,barcelona,mediador,139.0
15/04/2025,270.8351221932992,golpe en aparcamiento,urbana,2 604,7.0,2.0,0.0,47.0,no,73.0,32.0,300,madrid,banca seguros,25.0
26/11/2024,467.6090841791616,  golpe en aparcamiento ,urbana,6 154,5.0,2.0,0.0,77.0,no,63.0,16.0,0,madrid,mediador,29.0
12/04/2025,1700.4786281856066,alcance,urbana,12 140,9.0,1.0,0.0,48.0,no,52.0,6.0,600,madrid,directo,60.0
03/11/2025,3271.9198584359265,robo,interurbana,18 148,10.0,4.0,0.0,69.0,N/D,67.0,21.0,300,madrid,banca seguros,19.0
07/05/2024,1261.167686291988,alcance,urbana,8 531,1.0,3.0,0.0,0.0,no,39.0,15.0,150,barcelona,banca seguros,142.0
01/12/2024,2355.8584963631665,salida de vía,urbana,18 853,20.0,2.0,0.0,0.0,sí,51.0,10.0,150,coruña,banca seguros,148.0
30/03/2025,3238.077669934276,salida de vía,urbana,4 954,6.0,5.0,1.0,21.0,N/D,27.0,33.0,300,madrid,mediador,175.0
15/11/2025,607.192101559746,GOLPE EN APARCAMIENTO,urbana,6 697,6.0,1.0,0.0,69.0,no,24.0,32.0,600,sevilla,mediador,96.0
07/06/2024,604.5128787713594,  alcance ,urbana,9 549,22.0,5.0,0.0,56.0,no,48.0,3.0,150,valencia,mediador,75.0
10/05/2025,1271.4845847371896,  salida de vía ,interurbana,4 455,5.0,2.0,0.0,95.0,no,18.0,10.0,300,coruña,mediador,157.0
02/06/2025,1948.5891181554696,colisión frontal,urbana,3 150,17.0,1.0,0.0,73.0,sí,66.0,26.0,300,valencia,mediador,154.0
05/09/2025,1308.914457749732,alcance,autopista,13 926,2.0,2.0,0.0,55.0,no,54.0,48.0,150,sevilla,mediador,62.0
08/02/2025,2179.5260502693422,alcance,urbana,15 018,22.0,1.0,0.0,0.0,no,42.0,4.0,0,valencia,mediador,33.0
25/01/2025,2676.9350525202267,salida de vía,autopista,4 736,16.0,1.0,0.0,67.0,sí,24.0,12.0,0,zaragoza,banca seguros,122.0
10/11/2024,2881.8333988441186,ALCANCE,urbana,9 341,13.0,1.0,0.0,85.0,no,38.0,1.0,150,barcelona,mediador,20.0
20/01/2024,1761.8886204654468,golpe en aparcamiento,urbana,15 591,0.0,2.0,0.0,42.0,sí,64.0,50.0,0,barcelona,mediador,172.0
08/06/2024,1580.5684118266734,colisión frontal,urbana,5 745,14.0,1.0,0.0,36.0,sí,36.0,17.0,300,zaragoza,directo,168.0
14/05/2025,13000.79926848851,  incendio ,autopista,18 938,15.0,1.0,0.0,66.0,sí,57.0,15.0,0,madrid,banca seguros,77.0
09/02/2025,3423.6523586674407,salida de vía,urbana,8 123,1.0,1.0,1.0,39.0,sí,49.0,27.0,0,coruña,mediador,42.0
17/06/2024,246.52991557889575,golpe en aparcamiento,urbana,6 914,13.0,2.0,2.0,86.0,no,57.0,23.0,0,valencia,banca seguros,87.0
21/03/2025,2132.416771194071,golpe en aparcamiento,autopista,8 278,13.0,1.0,0.0,25.0,sí,38.0,11.0,150,coruña,banca seguros,160.0
05/09/2024,958.0381391082694,robo,urbana,23 970,6.0,1.0,1.0,78.0,no,52.0,44.0,150,barcelona,banca seguros,109.0
14/09/2024,958.9564177212213,alcance,urbana,12 275,20.0,4.0,4.0,52.0,sí,27.0,25.0,0,sevilla,banca seguros,159.0
21/04/2025,3116.55226871146,colisión frontal,interurbana,20 155,3.0,2.0,1.0,59.0,no,46.0,19.0,300,zaragoza,mediador,40.0
13/04/2025,817.0516204828689,GOLPE EN APARCAMIENTO,urbana,18 913,20.0,2.0,0.0,36.0,no,52.0,24.0,0,zaragoza,mediador,60.0
14/10/2025,853.8233900073898,  salida de vía ,urbana,9 283,5.0,2.0,0.0,62.0,no,60.0,35.0,300,coruña,mediador,55.0
27/05/2025,1179.920176076276,GOLPE EN APARCAMIENTO,urbana,14 433,7.0,1.0,1.0,13.0,no,42.0,49.0,0,coruña,banca seguros,174.0
08/05/2025,8148.608680798184,incendio,autopista,4 720,17.0,2.0,0.0,7.0,sí,49.0,39.0,0,barcelona,mediador,29.0
08/02/2024,876.5086374671482,golpe en aparcamiento,urbana,16 615,3.0,2.0,1.0,58.0,no,18.0,38.0,600,sevilla,mediador,178.0
26/05/2024,276.56818247626876,golpe en aparcamiento,urbana,8 703,19.0,3.0,0.0,78.0,no,45.0,30.0,0,madrid,directo,139.0
16/10/2024,1423.3331121207177,alcance,interurbana,47 830,15.0,3.0,0.0,61.0,no,60.0,50.0,150,zaragoza,mediador,19.0
06/02/2025,1085.6501671550905,robo,interurbana,6 686,16.0,1.0,0.0,53.0,no,37.0,22.0,0,zaragoza,banca seguros,92.0
03/05/2025,1387.036652720281,alcance,urbana,19 212,11.0,1.0,0.0,63.0,sí,47.0,8.0,0,valencia,mediador,45.0
25/11/2025,1398.8904177856652,alcance,interurbana,15 237,8.0,1.0,2.0,25.0,no,49.0,15.0,300,sevilla,mediador,178.0
22/04/2024,2783.916391756609,  salida de vía ,autopista,8 000,7.0,1.0,0.0,30.0,no,41.0,16.0,300,coruña,directo,129.0
11/06/2025,1720.7922928015391,SALIDA DE VÍA,urbana,5 908,9.0,2.0,0.0,55.0,sí,45.0,24.0,150,coruña,banca seguros,25.0
01/08/2024,499.38744687970393,GOLPE EN APARCAMIENTO,interurbana,2 518,0.0,2.0,0.0,79.0,sí,48.0,29.0,0,coruña,mediador,45.0
03/02/2025,3856.6294309653877,COLISIÓN FRONTAL,autopista,22 383,7.0,2.0,0.0,54.0,no,32.0,10.0,600,sevilla,mediador,59.0
04/06/2024,1446.2090616008068,alcance,urbana,13 848,7.0,1.0,0.0,30.0,no,55.0,6.0,600,valencia,mediador,174.0
29/09/2025,2101.6377950174247,alcance,urbana,22 179,19.0,1.0,1.0,83.0,N/D,59.0,5.0,0,barcelona,banca seguros,23.0
26/11/2024,551.6485296927053,alcance,urbana,7 993,3.0,2.0,0.0,88.0,sí,43.0,34.0,300,zaragoza,mediador,125.0
25/07/2024,2676.5655120739248,salida de vía,urbana,6 939,0.0,2.0,0.0,48.0,sí,31.0,5.0,300,barcelona,mediador,95.0
06/08/2024,373.34220555637626,golpe en aparcamiento,interurbana,15 186,1.0,1.0,0.0,16.0,sí,36.0,32.0,0,zaragoza,directo,97.0
07/02/2024,3586.511190327441,  golpe en aparcamiento ,urbana,34 751,14.0,4.0,0.0,56.0,no,32.0,31.0,0,barcelona,mediador,9.0
05/10/2024,511.5399980487582,alcance,urbana,7 444,1.0,1.0,0.0,0.0,no,68.0,13.0,150,valencia,banca seguros,6.0
30/01/2024,58651.94442763653,incendio,autopista,8 362,3.0,1.0,0.0,71.0,sí,63.0,7.0,0,sevilla,banca seguros,16.0
22/12/2025,784.8396707288628,  golpe en aparcamiento ,interurbana,12 348,2.0,3.0,0.0,26.0,no,52.0,20.0,0,coruña,directo,35.0
07/01/2025,6715.431493679835,colisión frontal,autopista,51 547,7.0,1.0,0.0,76.0,no,51.0,34.0,150,valencia,mediador,168.0
22/10/2025,2113.896792281762,colisión frontal,interurbana,4 078,14.0,1.0,1.0,49.0,sí,43.0,41.0,0,barcelona,directo,102.0
11/12/2025,456.45164420562355,golpe en aparcamiento,interurbana,8 857,15.0,2.0,1.0,16.0,no,27.0,20.0,0,zaragoza,directo,100.0
10/03/2025,12851.642052804222,incendio,interurbana,37 403,4.0,2.0,0.0,20.0,no,51.0,45.0,300,madrid,banca seguros,105.0
08/02/2024,1528.2897243876705,alcance,urbana,6 557,7.0,2.0,0.0,44.0,sí,44.0,39.0,0,coruña,directo,80.0
05/09/2024,306.7273671400478,  golpe en aparcamiento ,autopista,12 155,4.0,1.0,0.0,105.0,no,44.0,25.0,0,madrid,directo,94.0
20/12/2024,944.6663185981554,alcance,urbana,7 854,14.0,1.0,0.0,65.0,sí,57.0,34.0,300,barcelona,mediador,27.0
30/12/2024,23455.751375358024,incendio,interurbana,21 020,10.0,1.0,1.0,40.0,no,48.0,26.0,300,valencia,mediador,180.0
19/11/2025,1828.4601401280006,ROBO,urbana,15 332,8.0,1.0,0.0,69.0,no,46.0,6.0,0,zaragoza,banca seguros,62.0
19/12/2025,19594.47750308659,incendio,urbana,12 045,13.0,1.0,0.0,12.0,sí,60.0,45.0,300,coruña,directo,97.0
11/02/2024,4222.286879212846,INCENDIO,interurbana,7 233,17.0,2.0,2.0,75.0,no,42.0,41.0,300,coruña,directo,42.0
08/11/2025,378.4999794068095,golpe en aparcamiento,urbana,18 872,1.0,1.0,0.0,125.0,no,47.0,8.0,0,barcelona,mediador,7.0
01/02/2024,3329.4325427826925,colision frontal,interurbana,14 878,1.0,1.0,0.0,53.0,sí,66.0,22.0,150,madrid,mediador,8.0
07/12/2024,1274.5440012503136,golpe en aparcamiento,interurbana,24 253,14.0,1.0,1.0,53.0,sí,55.0,29.0,300,barcelona,directo,119.0
18/06/2024,147.50964578426633,golpe en aparcamiento,autopista,2 925,16.0,4.0,0.0,46.0,no,36.0,45.0,150,coruña,banca seguros,76.0
13/11/2025,1423.2899247541868,salida de vía,urbana,5 177,2.0,1.0,0.0,56.0,no,65.0,3.0,0,barcelona,mediador,49.0
30/09/2024,1040.2500330829319,alcance,urbana,13 818,12.0,1.0,0.0,23.0,no,39.0,3.0,0,coruña,mediador,79.0
04/02/2024,3097.27233303916,colision frontal,autopista,14 719,5.0,1.0,0.0,63.0,no,48.0,16.0,600,valencia,banca seguros,75.0
04/05/2025,477.99172652187184,alcance,urbana,4 236,12.0,3.0,0.0,52.0,sí,35.0,29.0,0,valencia,directo,74.0
09/08/2025,1204.8663070055466,  golpe en aparcamiento ,interurbana,4 938,14.0,2.0,0.0,93.0,sí,68.0,7.0,300,madrid,mediador,142.0
02/03/2025,615.5022597898444,alcance,urbana,11 275,20.0,5.0,0.0,24.0,no,55.0,9.0,150,sevilla,directo,8.0
23/03/2025,1037.2062020204667,golpe en aparcamiento,urbana,18 704,15.0,4.0,0.0,60.0,sí,42.0,45.0,600,barcelona,directo,80.0
26/06/2024,2045.0260854887815,colisión frontal,urbana,12 165,3.0,1.0,1.0,22.0,no,47.0,30.0,0,barcelona,mediador,41.0
08/06/2024,4895.5188563603,COLISIÓN FRONTAL,urbana,20 167,15.0,1.0,0.0,29.0,N/D,30.0,0.0,0,valencia,banca seguros,60.0
05/06/2025,1460.9811954249458,golpe en aparcamiento,urbana,22 644,5.0,5.0,1.0,89.0,no,47.0,0.0,150,valencia,directo,91.0
04/03/2025,739.085702149457,alcance,interurbana,4 902,12.0,1.0,0.0,67.0,no,61.0,36.0,150,valencia,mediador,170.0
06/09/2024,1663.9302548388757,  colisión frontal ,interurbana,6 674,20.0,1.0,0.0,11.0,no,18.0,32.0,600,sevilla,banca seguros,70.0
21/12/2025,1648.5448757132162,robo,urbana,15 893,2.0,2.0,0.0,71.0,sí,48.0,32.0,600,sevilla,directo,17.0
12/06/2025,498.06247566823447,  golpe en aparcamiento ,urbana,30 617,13.0,1.0,1.0,41.0,no,59.0,21.0,0,madrid,banca seguros,35.0
26/04/2025,9159.764405074873,colisión frontal,interurbana,7 902,19.0,4.0,1.0,51.0,sí,61.0,45.0,0,barcelona,directo,150.0
21/02/2025,1046.3400966342908,alcance,urbana,21 029,1.0,1.0,0.0,32.0,no,45.0,39.0,150,barcelona,mediador,102.0
20/02/2025,2735.4877683380346,alcance,autopista,9 980,0.0,2.0,0.0,35.0,sí,24.0,30.0,300,sevilla,banca seguros,135.0
20/06/2024,2267.294640297172,golpe en aparcamiento,urbana,84 160,8.0,2.0,1.0,42.0,no,64.0,41.0,300,coruña,mediador,131.0
27/01/2024,2479.4058912932187,alcance,urbana,31 530,17.0,1.0,1.0,26.0,N/D,24.0,23.0,300,coruña,directo,61.0
17/12/2024,1431.4150442577243,salida de vía,interurbana,4 771,2.0,2.0,0.0,31.0,N/D,49.0,5.0,0,sevilla,mediador,102.0
11/11/2024,1232.419049796372,golpe en aparcamiento,urbana,16 766,8.0,5.0,1.0,75.0,no,46.0,49.0,600,sevilla,mediador,104.0
21/07/2025,1187.7480771196308,golpe en aparcamiento,urbana,21 738,1.0,1.0,0.0,74.0,sí,68.0,40.0,600,barcelona,directo,1.0
14/02/2024,680.1887714635207,golpe en aparcamiento,autopista,9 566,4.0,5.0,0.0,47.0,no,44.0,32.0,300,valencia,directo,35.0
18/02/2024,2393.348578556719,golpe en aparcamiento,autopista,17 541,4.0,2.0,0.0,40.0,no,50.0,2.0,0,barcelona,directo,100.0
03/04/2025,166.0592484116166,golpe en aparcamiento,urbana,11 004,16.0,4.0,0.0,13.0,no,22.0,36.0,150,madrid,directo,23.0
27/12/2024,2433.121707160681,salida de vía,urbana,8 881,13.0,1.0,0.0,54.0,no,37.0,32.0,0,zaragoza,mediador,90.0
26/09/2025,255.99671570752062,alcance,urbana,5 678,6.0,1.0,0.0,39.0,sí,52.0,27.0,0,sevilla,mediador,15.0
04/04/2024,2622.4271991533815,alcance,urbana,7 313,4.0,1.0,1.0,70.0,sí,28.0,4.0,0,zaragoza,banca seguros,153.0
19/05/2025,2938.1969616328593,alcance,autopista,38 445,1.0,4.0,0.0,78.0,no,23.0,22.0,300,coruña,directo,116.0
31/10/2025,301.8249425676047,golpe en aparcamiento,urbana,2 090,8.0,2.0,0.0,75.0,no,48.0,39.0,0,valencia,mediador,24.0
16/11/2025,2309.653793577361,alcance,interurbana,9 912,12.0,2.0,0.0,53.0,sí,40.0,11.0,0,sevilla,mediador,82.0
10/01/2024,1957.2559991927824,  alcance ,urbana,7 161,0.0,4.0,4.0,73.0,no,48.0,47.0,300,madrid,directo,79.0
26/01/2025,2344.81041538693,salida de vía,interurbana,25 449,5.0,4.0,0.0,53.0,no,25.0,15.0,150,madrid,mediador,94.0
06/01/2025,6503.026735340633,incendio,urbana,5 095,5.0,3.0,0.0,31.0,no,44.0,34.0,150,coruña,mediador,131.0
10/02/2024,2452.432402468407,colisión frontal,autopista,9 382,17.0,2.0,0.0,21.0,no,26.0,19.0,150,zaragoza,mediador,10.0
09/05/2025,502.223416051916,golpe en aparcamiento,urbana,24 985,14.0,1.0,0.0,52.0,no,48.0,6.0,0,valencia,banca seguros,171.0
09/01/2024,17237.702814023003,salida de vía,urbana,36 410,1.0,5.0,1.0,77.0,no,48.0,17.0,150,barcelona,directo,27.0
01/03/2024,4030.6227661856815,golpe en aparcamiento,autopista,31 546,1.0,4.0,1.0,66.0,no,74.0,42.0,150,barcelona,directo,5.0
07/02/2024,1626.011574930404,  salida de vía ,interurbana,9 151,11.0,1.0,0.0,57.0,no,49.0,29.0,150,sevilla,directo,99.0
03/12/2025,931.2676436271977,golpe en aparcamiento,urbana,24 589,9.0,1.0,0.0,54.0,sí,30.0,26.0,150,sevilla,directo,178.0
29/08/2025,984.0783784512549,golpe en aparcamiento,interurbana,19 376,15.0,3.0,0.0,58.0,no,51.0,6.0,0,coruña,directo,7.0
28/08/2025,1989.3491288255143,  colisión frontal ,interurbana,8 604,12.0,1.0,0.0,50.0,no,20.0,23.0,0,madrid,mediador,109.0
27/03/2024,1799.0497092809023,alcance,interurbana,7 047,22.0,1.0,0.0,42.0,sí,41.0,12.0,600,zaragoza,directo,140.0
30/10/2024,7327.036612149127,  salida de vía ,urbana,18 255,11.0,1.0,0.0,70.0,no,27.0,39.0,150,coruña,mediador,171.0
25/06/2025,20982.63541990848,colisión frontal,interurbana,26 774,15.0,5.0,0.0,51.0,sí,40.0,27.0,0,barcelona,banca seguros,12.0
11/03/2025,2256.5985237369214,alcance,interurbana,8 601,1.0,1.0,0.0,64.0,sí,45.0,30.0,150,valencia,directo,21.0
20/07/2024,306.89029029876855,golpe en aparcamiento,interurbana,6 900,9.0,2.0,0.0,64.0,sí,37.0,9.0,0,madrid,mediador,167.0
19/06/2024,1289.0863910238227,alcance,urbana,10 113,2.0,2.0,0.0,62.0,no,49.0,23.0,0,valencia,directo,21.0
01/03/2024,469.13403489121947,colisión frontal,urbana,6 263,7.0,1.0,0.0,85.0,no,48.0,38.0,150,sevilla,banca seguros,69.0
28/03/2024,3079.0744915491628,salida de vía,urbana,38 756,21.0,1.0,2.0,29.0,no,22.0,27.0,0,sevilla,banca seguros,113.0
28/12/2024,3831.1287522182997,colisión frontal,autopista,15 436,4.0,1.0,0.0,79.0,sí,28.0,48.0,150,valencia,mediador,119.0
05/09/2024,4000.2029387523626,salida de vía,urbana,15 250,11.0,2.0,0.0,82.0,sí,66.0,16.0,0,sevilla,directo,29.0
20/02/2025,3691.9828118561923,  salida de vía ,urbana,15 392,6.0,2.0,1.0,73.0,sí,32.0,15.0,150,zaragoza,mediador,4.0
30/04/2024,1391.1563380524756,alcance,urbana,20 008,19.0,1.0,0.0,2.0,no,29.0,14.0,0,zaragoza,directo,169.0
29/04/2025,1155.8920580832028,alcance,urbana,9 998,15.0,1.0,2.0,41.0,no,65.0,3.0,300,madrid,mediador,102.0
30/12/2024,1599.6830534724154,salida de vía,interurbana,9 670,3.0,1.0,0.0,68.0,sí,66.0,14.0,0,coruña,banca seguros,120.0
30/01/2024,1811.0769482636706,golpe en aparcamiento,interurbana,9 571,10.0,1.0,0.0,38.0,sí,53.0,30.0,0,zaragoza,banca seguros,7.0
02/04/2025,1585.49979063901,golpe en aparcamiento,autopista,11 376,21.0,2.0,0.0,39.0,no,62.0,30.0,0,sevilla,mediador,121.0
24/05/2025,2631.5727889159534,robo,urbana,6 518,14.0,1.0,1.0,82.0,sí,25.0,25.0,0,valencia,mediador,145.0
22/10/2025,3105.2391301394496,SALIDA DE VÍA,interurbana,28 635,20.0,1.0,0.0,46.0,sí,49.0,36.0,300,coruña,directo,8.0
07/02/2024,1597.1918511082567,salida de vía,urbana,17 038,12.0,2.0,2.0,33.0,sí,52.0,48.0,600,zaragoza,directo,38.0
14/05/2024,993.2260109049854,golpe en aparcamiento,interurbana,45 061,5.0,1.0,0.0,64.0,no,53.0,19.0,0,sevilla,mediador,144.0
02/02/2025,549.6596387819218,alcance,urbana,15 756,13.0,5.0,0.0,50.0,sí,50.0,27.0,300,coruña,mediador,106.0
16/06/2025,542.5881575713154,golpe en aparcamiento,autopista,5 081,0.0,1.0,0.0,90.0,no,39.0,4.0,0,valencia,directo,180.0
29/03/2024,1398.8631889527771,golpe en aparcamiento,interurbana,15 198,8.0,1.0,0.0,78.0,no,50.0,27.0,300,madrid,mediador,39.0
05/08/2024,1002.6274696884678,golpe en aparcamiento,urbana,26 662,3.0,1.0,0.0,50.0,no,25.0,11.0,0,madrid,mediador,84.0
19/02/2024,2552.667013333718,alcance,urbana,9 090,0.0,3.0,0.0,51.0,sí,46.0,16.0,0,barcelona,mediador,7.0
01/11/2024,1667.9428602320156,alcance,urbana,4 891,9.0,1.0,0.0,60.0,sí,24.0,19.0,0,madrid,mediador,62.0
12/12/2024,496.8184463684911,alcance,urbana,4 409,20.0,2.0,2.0,28.0,no,38.0,10.0,300,barcelona,directo,98.0
18/06/2025,446.7030538919954,golpe en aparcamiento,autopista,14 389,6.0,2.0,0.0,49.0,no,55.0,43.0,0,sevilla,banca seguros,139.0
25/02/2024,799.7567695435672,golpe en aparcamiento,autopista,7 606,3.0,3.0,1.0,42.0,no,41.0,16.0,0,coruña,mediador,24.0
14/12/2025,1099.5929815694021,ROBO,urbana,12 246,3.0,2.0,1.0,113.0,no,45.0,17.0,300,coruña,mediador,92.0
14/02/2024,315.6344976678245,  alcance ,urbana,6 399,5.0,1.0,0.0,59.0,no,55.0,47.0,0,barcelona,mediador,118.0
07/07/2025,1324.4944931246948,salida de vía,interurbana,3 516,17.0,1.0,0.0,19.0,no,48.0,34.0,150,madrid,mediador,5.0
29/01/2025,9745.707907551521,colision frontal,urbana,13 488,6.0,4.0,0.0,75.0,sí,48.0,29.0,0,barcelona,directo,126.0
03/10/2024,1745.8883121660606,  alcance ,autopista,27 471,18.0,3.0,0.0,31.0,no,43.0,44.0,0,zaragoza,mediador,16.0
08/01/2025,4221.443236382546,COLISIÓN FRONTAL,interurbana,11 898,4.0,1.0,0.0,51.0,no,35.0,48.0,0,coruña,mediador,89.0
24/01/2025,1074.0528950415862,robo,interurbana,12 332,8.0,2.0,0.0,61.0,no,54.0,8.0,300,coruña,mediador,52.0
07/08/2024,1151.0204560069271,SALIDA DE VÍA,autopista,7 757,9.0,2.0,1.0,55.0,no,54.0,49.0,0,madrid,banca seguros,117.0
17/10/2025,460.18334742340005,golpe en aparcamiento,urbana,13 143,22.0,2.0,0.0,73.0,no,39.0,33.0,150,sevilla,banca seguros,3.0
16/10/2025,1094.0728962710627,alcance,urbana,10 506,20.0,3.0,0.0,63.0,no,45.0,48.0,150,madrid,directo,155.0
02/09/2025,1209.639454343575,alcance,interurbana,10 688,8.0,1.0,1.0,69.0,no,44.0,21.0,300,sevilla,mediador,93.0
17/09/2024,1768.4015331994794,robo,urbana,17 091,19.0,1.0,0.0,71.0,no,18.0,39.0,0,madrid,mediador,66.0
15/05/2024,682.3311061726805,alcance,interurbana,4 377,0.0,1.0,0.0,86.0,no,55.0,21.0,600,valencia,mediador,76.0
28/06/2025,231.50724094759022,golpe en aparcamiento,urbana,11 306,13.0,4.0,0.0,83.0,no,29.0,21.0,300,sevilla,directo,117.0
27/10/2024,1656.6235101801171,alcance,interurbana,8 318,9.0,3.0,0.0,54.0,no,26.0,44.0,0,valencia,mediador,68.0
02/08/2025,2404.4683199204574,salida de vía,interurbana,10 078,15.0,4.0,0.0,6.0,no,45.0,0.0,0,madrid,directo,63.0
12/06/2025,2977.6179574594576,golpe en aparcamiento,autopista,19 616,15.0,5.0,0.0,76.0,sí,28.0,44.0,300,zaragoza,banca seguros,39.0
09/08/2025,1326.4107120992735,ROBO,autopista,5 102,3.0,2.0,0.0,48.0,no,40.0,20.0,300,valencia,mediador,54.0
19/08/2025,20480.20137080489,incendio,urbana,47 851,2.0,1.0,0.0,85.0,no,26.0,25.0,600,barcelona,banca seguros,20.0
13/07/2025,1918.4953777198525,robo,autopista,13 911,17.0,1.0,0.0,101.0,no,41.0,44.0,150,zaragoza,banca seguros,123.0
14/09/2025,722.3685281570024,salida de via,interurbana,5 314,19.0,3.0,0.0,45.0,N/D,41.0,37.0,150,valencia,mediador,24.0
24/06/2025,977.8985783114487,golpe en aparcamiento,urbana,14 368,16.0,2.0,0.0,51.0,sí,60.0,2.0,600,madrid,directo,10.0
10/11/2025,1110.5848278693907,  golpe en aparcamiento ,urbana,16 658,12.0,3.0,0.0,51.0,no,47.0,19.0,0,valencia,mediador,94.0
10/03/2024,1984.6128320684188,colision frontal,autopista,11 116,19.0,1.0,0.0,42.0,no,51.0,9.0,150,barcelona,mediador,174.0
14/11/2024,7814.040254706588,COLISIÓN FRONTAL,urbana,18 775,9.0,2.0,1.0,58.0,no,42.0,35.0,0,valencia,banca seguros,57.0
30/06/2025,767.7471438453605,golpe en aparcamiento,interurbana,19 388,22.0,1.0,0.0,102.0,no,78.0,24.0,0,zaragoza,directo,138.0
28/12/2024,1520.7001243591587,  colisión frontal ,urbana,4 646,15.0,1.0,0.0,77.0,no,64.0,18.0,600,coruña,banca seguros,165.0
29/10/2024,1994.5658846157464,  salida de vía ,interurbana,14 540,9.0,4.0,0.0,25.0,no,30.0,48.0,150,zaragoza,mediador,19.0
29/04/2025,2420.217953883428,alcance,autopista,11 702,4.0,1.0,0.0,55.0,no,61.0,3.0,600,barcelona,mediador,57.0
04/05/2024,1813.5758754511758,golpe en aparcamiento,autopista,11 959,3.0,1.0,0.0,79.0,no,30.0,45.0,300,valencia,mediador,105.0
09/08/2025,610.3642393451847,ALCANCE,interurbana,11 414,21.0,1.0,0.0,97.0,no,67.0,0.0,0,barcelona,mediador,76.0
12/10/2024,828.8234208600287,golpe en aparcamiento,interurbana,32 229,19.0,2.0,0.0,36.0,no,41.0,5.0,600,barcelona,banca seguros,19.0
20/07/2024,1441.8817899717849,golpe en aparcamiento,urbana,11 515,9.0,4.0,0.0,55.0,sí,39.0,43.0,150,valencia,directo,129.0
30/05/2024,864.3966850243146,SALIDA DE VÍA,interurbana,13 294,15.0,2.0,0.0,84.0,no,57.0,41.0,0,valencia,mediador,173.0
08/01/2024,2159.8261020649106,  alcance ,interurbana,22 383,3.0,3.0,0.0,52.0,no,41.0,25.0,0,zaragoza,mediador,173.0
14/07/2024,8262.815466298433,golpe en aparcamiento,urbana,79 964,4.0,2.0,0.0,18.0,sí,42.0,35.0,150,barcelona,mediador,113.0
03/08/2025,1267.0755198201157,  alcance ,interurbana,10 621,1.0,3.0,0.0,96.0,no,34.0,4.0,150,zaragoza,mediador,126.0
10/11/2025,1029.030564713132,golpe en aparcamiento,urbana,12 033,14.0,4.0,0.0,104.0,no,42.0,21.0,300,coruña,banca seguros,168.0
11/12/2025,690.7932225270041,  golpe en aparcamiento ,autopista,11 794,9.0,2.0,0.0,76.0,sí,87.0,21.0,150,coruña,banca seguros,107.0
10/01/2024,615.3342702778089,  golpe en aparcamiento ,interurbana,25 950,8.0,1.0,0.0,47.0,no,47.0,34.0,300,valencia,directo,75.0
07/11/2024,367.21049831856493,golpe en aparcamiento,interurbana,20 407,10.0,1.0,0.0,29.0,no,25.0,46.0,0,valencia,directo,180.0
09/09/2025,1206.5269065224363,alcance,urbana,11 272,4.0,2.0,0.0,21.0,no,32.0,35.0,150,sevilla,directo,68.0
05/01/2025,441.94827776814884,GOLPE EN APARCAMIENTO,urbana,9 743,0.0,1.0,1.0,31.0,no,47.0,1.0,150,sevilla,mediador,49.0
08/01/2024,4983.478914435855,salida de vía,urbana,6 698,9.0,1.0,0.0,52.0,sí,59.0,45.0,0,sevilla,banca seguros,18.0
04/07/2024,638.4206413650481,alcance,urbana,9 447,5.0,1.0,0.0,5.0,sí,35.0,19.0,600,zaragoza,directo,59.0
15/06/2024,1117.862388611319,alcance,urbana,8 302,5.0,3.0,0.0,99.0,N/D,65.0,39.0,150,zaragoza,mediador,131.0
12/08/2024,449.79485553804625,golpe en aparcamiento,autopista,5 659,7.0,1.0,0.0,36.0,no,44.0,50.0,600,madrid,mediador,14.0
07/11/2024,2183.0032568653983,alcance,interurbana,21 347,21.0,3.0,0.0,33.0,sí,52.0,21.0,0,zaragoza,mediador,148.0
26/07/2024,953.8003645120136,alcance,autopista,14 957,20.0,1.0,0.0,67.0,sí,26.0,11.0,0,barcelona,banca seguros,138.0
19/10/2025,25355.77910968671,incendio,urbana,27 325,12.0,2.0,3.0,25.0,no,18.0,19.0,300,valencia,directo,28.0
02/04/2025,490.9390996082532,golpe en aparcamiento,urbana,9 216,8.0,1.0,0.0,70.0,sí,71.0,8.0,150,barcelona,mediador,8.0
17/03/2024,300.4270708226734,golpe en aparcamiento,urbana,8 680,15.0,1.0,0.0,24.0,no,33.0,37.0,300,barcelona,mediador,56.0
22/07/2024,742.999657986983,alcance,urbana,8 623,12.0,2.0,1.0,41.0,sí,59.0,29.0,150,sevilla,mediador,24.0
06/10/2025,8329.025333988127,incendio,urbana,9 348,8.0,1.0,0.0,27.0,no,42.0,10.0,0,zaragoza,mediador,58.0
25/11/2024,1310.9394277487906,salida de vía,urbana,8 223,16.0,1.0,0.0,51.0,no,31.0,18.0,0,valencia,mediador,28.0
05/04/2025,2162.7440792140223,  colisión frontal ,urbana,11 845,9.0,2.0,0.0,48.0,no,46.0,35.0,0,barcelona,banca seguros,38.0
05/03/2025,2717.534300461906,colisión frontal,urbana,14 608,21.0,5.0,1.0,76.0,no,22.0,18.0,150,sevilla,directo,176.0
16/03/2025,613.3295917770841,  alcance ,interurbana,8 781,1.0,1.0,0.0,76.0,sí,48.0,7.0,0,zaragoza,mediador,32.0
14/04/2025,819.2313398683425,  robo ,urbana,2 436,2.0,4.0,0.0,20.0,no,18.0,43.0,600,madrid,banca seguros,67.0
24/08/2025,4914.161774335479,incendio,interurbana,3 350,15.0,3.0,0.0,63.0,no,66.0,50.0,0,valencia,banca seguros,133.0
27/07/2024,1618.5160633195917,golpe en aparcamiento,interurbana,10 455,2.0,2.0,0.0,10.0,sí,40.0,22.0,0,coruña,directo,42.0
24/03/2025,8480.662847355521,COLISIÓN FRONTAL,interurbana,24 385,9.0,1.0,0.0,6.0,no,60.0,44.0,150,barcelona,banca seguros,20.0
17/07/2025,2042.4688668295703,salida de vía,urbana,4 179,3.0,2.0,0.0,57.0,sí,63.0,11.0,0,zaragoza,banca seguros,77.0
28/12/2024,1551.0428201577422,  golpe en aparcamiento ,interurbana,25 370,10.0,1.0,0.0,28.0,no,37.0,30.0,300,coruña,mediador,133.0
25/04/2024,4773.651424642879,salida de vía,urbana,15 099,15.0,3.0,0.0,79.0,sí,33.0,36.0,0,valencia,mediador,66.0
29/11/2025,884.0428674110503,alcance,interurbana,8 805,2.0,1.0,0.0,21.0,N/D,28.0,17.0,300,barcelona,directo,136.0
01/05/2025,243.5290244301802,golpe en aparcamiento,urbana,8 981,10.0,4.0,0.0,52.0,no,63.0,0.0,300,valencia,banca seguros,27.0
29/11/2024,1243.079066859391,alcance,urbana,10 400,22.0,1.0,0.0,42.0,no,20.0,44.0,600,barcelona,mediador,62.0
24/09/2025,3729.8854200286787,colisión frontal,urbana,13 931,9.0,1.0,1.0,50.0,no,50.0,8.0,300,coruña,directo,86.0
25/08/2025,1786.9957990134287,golpe en aparcamiento,urbana,12 208,3.0,5.0,0.0,8.0,sí,58.0,47.0,0,madrid,banca seguros,161.0
17/02/2025,397.4060314798142,golpe en aparcamiento,interurbana,7 566,18.0,2.0,1.0,57.0,no,30.0,12.0,300,valencia,mediador,28.0
15/10/2024,769.2656870542663,golpe en aparcamiento,urbana,18 907,19.0,4.0,0.0,69.0,sí,52.0,43.0,150,zaragoza,mediador,40.0
14/03/2024,299.8418592242572,golpe en aparcamiento,urbana,14 336,9.0,1.0,0.0,51.0,no,39.0,15.0,0,barcelona,banca seguros,103.0
02/10/2024,474.230107545395,salida de vía,urbana,4 839,6.0,2.0,1.0,55.0,no,43.0,36.0,0,zaragoza,directo,9.0
08/08/2025,507.7045880456384,golpe en aparcamiento,interurbana,9 357,17.0,2.0,0.0,38.0,no,63.0,19.0,0,barcelona,mediador,118.0
27/06/2025,11037.972582880131,incendio,interurbana,9 846,10.0,1.0,0.0,21.0,no,54.0,18.0,150,sevilla,mediador,159.0
01/09/2025,862.2166208425319,alcance,urbana,10 481,11.0,2.0,0.0,77.0,sí,24.0,2.0,150,barcelona,mediador,63.0
06/04/2024,727.8731327303116,golpe en aparcamiento,interurbana,6 417,5.0,1.0,1.0,74.0,sí,63.0,44.0,0,valencia,mediador,128.0
21/04/2024,4571.788308104045,colisión frontal,interurbana,18 148,2.0,2.0,0.0,83.0,no,30.0,24.0,150,valencia,directo,59.0
18/08/2025,367.0610018920863,ALCANCE,urbana,7 470,19.0,4.0,0.0,37.0,no,36.0,13.0,150,madrid,mediador,36.0
03/11/2024,15130.342107496497,incendio,urbana,4 235,19.0,3.0,1.0,36.0,no,43.0,46.0,150,zaragoza,mediador,47.0
16/08/2025,945.2453606843,alcance,urbana,18 902,14.0,1.0,0.0,61.0,N/D,27.0,40.0,0,madrid,directo,26.0
29/07/2025,965.5954839630655,alcance,urbana,8 477,2.0,1.0,0.0,59.0,no,52.0,32.0,0,barcelona,directo,120.0
07/01/2024,2122.214521150477,  robo ,urbana,9 574,4.0,2.0,0.0,43.0,no,37.0,17.0,300,zaragoza,directo,7.0
03/07/2025,325.6603426215332,golpe en aparcamiento,interurbana,8 594,3.0,1.0,1.0,48.0,no,41.0,23.0,0,sevilla,mediador,127.0
23/10/2025,1320.2225654035512,golpe en aparcamiento,interurbana,7 197,3.0,1.0,0.0,61.0,no,63.0,22.0,300,zaragoza,banca seguros,4.0
27/06/2024,1544.0821592966702,ALCANCE,interurbana,10 993,1.0,2.0,0.0,60.0,no,49.0,20.0,300,valencia,banca seguros,25.0
05/02/2024,2390.0334388241195,salida de vía,interurbana,9 341,13.0,2.0,0.0,70.0,no,44.0,0.0,150,madrid,mediador,117.0
31/07/2024,20596.337080528254,colision frontal,urbana,15 481,4.0,5.0,0.0,69.0,no,19.0,42.0,0,coruña,mediador,91.0
19/05/2025,553.0628367911145,golpe en aparcamiento,urbana,24 432,22.0,1.0,3.0,78.0,no,50.0,6.0,300,barcelona,mediador,27.0
04/10/2025,1612.323197470761,salida de via,urbana,11 824,21.0,1.0,0.0,65.0,no,25.0,0.0,300,sevilla,mediador,48.0
18/05/2024,881.2205510905399,robo,urbana,7 302,18.0,2.0,0.0,21.0,no,54.0,42.0,150,barcelona,directo,35.0
09/07/2025,37770.91326955364,colisión frontal,autopista,21 105,6.0,4.0,1.0,20.0,sí,37.0,29.0,300,zaragoza,directo,153.0
10/07/2025,458.54067458967097,  golpe en aparcamiento ,autopista,12 390,21.0,1.0,1.0,71.0,no,41.0,36.0,300,valencia,mediador,68.0
26/03/2025,2091.1317344295976,alcance,urbana,13 306,17.0,5.0,0.0,58.0,no,53.0,45.0,150,madrid,directo,116.0
06/11/2025,2274.385468766848,colisión frontal,urbana,12 179,0.0,2.0,0.0,47.0,no,51.0,22.0,0,zaragoza,directo,140.0
06/10/2025,557.3791524001689,ALCANCE,urbana,11 547,18.0,2.0,0.0,76.0,no,34.0,45.0,600,valencia,directo,174.0
03/03/2025,554.1548340066804,salida de vía,interurbana,2 508,10.0,1.0,0.0,27.0,sí,45.0,28.0,150,zaragoza,mediador,122.0
10/09/2024,7351.142734547221,salida de vía,autopista,16 502,6.0,5.0,0.0,43.0,no,67.0,41.0,0,valencia,mediador,180.0
10/03/2025,3785.1475008884877,incendio,urbana,7 302,11.0,2.0,2.0,32.0,no,55.0,28.0,0,zaragoza,directo,48.0
14/12/2025,491.24856107316793,robo,urbana,5 109,21.0,2.0,0.0,34.0,N/D,55.0,24.0,0,barcelona,mediador,168.0
13/11/2024,716.9542191235147,golpe en aparcamiento,urbana,7 437,8.0,1.0,1.0,32.0,no,21.0,40.0,0,sevilla,directo,100.0
01/08/2025,822.8179805288221,  robo ,urbana,16 481,19.0,1.0,0.0,60.0,no,45.0,1.0,0,zaragoza,mediador,178.0
11/12/2024,3479.9294144062924,COLISIÓN FRONTAL,urbana,5 292,20.0,1.0,2.0,20.0,sí,29.0,40.0,150,barcelona,directo,104.0
15/05/2024,4606.3752260304655,salida de vía,autopista,30 931,8.0,2.0,0.0,33.0,no,35.0,3.0,300,zaragoza,mediador,99.0
03/06/2025,2677.2912182574864,alcance,autopista,10 684,10.0,3.0,0.0,79.0,no,35.0,11.0,300,barcelona,directo,47.0
14/07/2025,1756.3812189930609,golpe en aparcamiento,interurbana,13 386,19.0,1.0,1.0,67.0,sí,46.0,16.0,600,sevilla,directo,27.0
26/03/2024,9747.513736675923,alcance,interurbana,26 981,2.0,2.0,0.0,58.0,sí,39.0,4.0,0,barcelona,mediador,54.0
18/01/2024,2628.2696728767114,robo,urbana,44 180,4.0,1.0,0.0,18.0,no,51.0,4.0,0,barcelona,directo,166.0
13/06/2025,5886.125609272865,COLISIÓN FRONTAL,autopista,10 404,10.0,3.0,0.0,36.0,N/D,30.0,36.0,0,zaragoza,mediador,147.0
26/01/2025,359.70321729524125,alcance,urbana,9 476,17.0,1.0,0.0,56.0,no,35.0,6.0,0,coruña,mediador,25.0
23/04/2025,721.2858088631482,golpe en aparcamiento,urbana,9 038,18.0,4.0,0.0,60.0,sí,35.0,2.0,0,sevilla,banca seguros,24.0
17/09/2025,630.4817359094387,alcance,interurbana,4 895,11.0,2.0,1.0,97.0,sí,46.0,14.0,0,sevilla,mediador,57.0
22/04/2025,2306.6928972141827,robo,autopista,15 444,19.0,3.0,0.0,65.0,sí,46.0,24.0,0,barcelona,mediador,62.0
27/12/2025,727.581847705008,golpe en aparcamiento,interurbana,20 614,18.0,2.0,0.0,33.0,no,51.0,20.0,600,madrid,mediador,120.0
19/09/2025,2994.3911244259475,  golpe en aparcamiento ,interurbana,23 198,10.0,1.0,1.0,54.0,no,40.0,43.0,600,coruña,directo,173.0
06/12/2025,714.0617116417587,golpe en aparcamiento,urbana,13 211,0.0,1.0,0.0,54.0,sí,57.0,32.0,600,coruña,directo,116.0
04/01/2024,942.5164155150878,alcance,interurbana,8 880,19.0,4.0,0.0,55.0,no,24.0,17.0,300,zaragoza,mediador,101.0
11/02/2024,531.5050538032905,golpe en aparcamiento,urbana,12 401,4.0,3.0,0.0,57.0,no,47.0,31.0,300,sevilla,banca seguros,7.0
17/10/2025,1012.6126324750909,alcance,urbana,8 077,5.0,1.0,0.0,11.0,no,49.0,30.0,0,sevilla,directo,139.0
17/10/2025,338.0889716560999,golpe en aparcamiento,urbana,5 265,9.0,1.0,0.0,40.0,sí,43.0,35.0,0,valencia,mediador,99.0
31/07/2024,422.6290447092189,golpe en aparcamiento,autopista,8 933,17.0,2.0,0.0,64.0,no,36.0,19.0,0,barcelona,directo,21.0
17/10/2024,1394.3255401279803,salida de vía,autopista,8 958,16.0,4.0,2.0,39.0,N/D,44.0,28.0,300,valencia,banca seguros,76.0
26/05/2024,602.1439645157484,GOLPE EN APARCAMIENTO,interurbana,11 982,17.0,1.0,0.0,78.0,N/D,56.0,11.0,300,madrid,directo,80.0
08/07/2024,1603.685528194704,alcance,interurbana,7 554,21.0,4.0,0.0,18.0,no,67.0,21.0,150,coruña,mediador,17.0
26/05/2024,2894.597938963849,colision frontal,urbana,9 951,17.0,5.0,0.0,61.0,no,69.0,13.0,300,sevilla,mediador,8.0
05/09/2025,3535.4921590813683,alcance,interurbana,15 040,2.0,1.0,1.0,37.0,sí,62.0,21.0,600,zaragoza,mediador,42.0
26/05/2024,1024.7513667145765,alcance,interurbana,10 803,6.0,2.0,0.0,44.0,sí,51.0,33.0,0,sevilla,directo,144.0
06/08/2025,1771.9325923507101,alcance,urbana,28 917,12.0,1.0,0.0,24.0,no,47.0,5.0,0,valencia,mediador,107.0
05/06/2024,457.3544346735243,golpe en aparcamiento,interurbana,16 214,20.0,2.0,0.0,70.0,no,56.0,47.0,0,madrid,mediador,4.0
22/01/2025,826.4311539013412,alcance,urbana,9 640,20.0,2.0,0.0,72.0,sí,48.0,13.0,0,sevilla,mediador,76.0
13/04/2024,5272.931936489288,colisión frontal,interurbana,27 792,7.0,3.0,0.0,35.0,no,47.0,9.0,0,barcelona,banca seguros,151.0
27/02/2024,1905.47125289665,  salida de vía ,urbana,6 045,15.0,1.0,0.0,84.0,sí,33.0,49.0,150,madrid,mediador,11.0
17/12/2025,292.2286603533403,golpe en aparcamiento,urbana,3 213,15.0,1.0,0.0,74.0,sí,46.0,8.0,300,sevilla,mediador,60.0
20/01/2025,764.9555790475277,golpe en aparcamiento,urbana,6 919,1.0,1.0,0.0,61.0,sí,29.0,26.0,300,valencia,banca seguros,141.0
29/07/2024,2305.871689065459,colisión frontal,interurbana,6 072,15.0,4.0,0.0,32.0,no,31.0,17.0,0,zaragoza,banca seguros,126.0
22/05/2025,17797.70847395185,incendio,autopista,7 636,21.0,1.0,0.0,75.0,no,57.0,40.0,0,madrid,mediador,48.0
04/11/2024,1250.0736076266262,ALCANCE,autopista,20 709,6.0,3.0,0.0,56.0,no,70.0,10.0,0,sevilla,mediador,102.0
12/04/2024,2476.015224799329,alcance,interurbana,14 261,17.0,4.0,1.0,93.0,no,59.0,15.0,0,zaragoza,mediador,3.0
04/01/2024,1138.7039745280786,golpe en aparcamiento,urbana,16 775,5.0,5.0,0.0,55.0,no,48.0,14.0,600,sevilla,mediador,36.0
06/07/2025,5080.592773403346,salida de vía,urbana,8 624,7.0,1.0,0.0,71.0,sí,30.0,14.0,300,barcelona,directo,38.0
16/02/2024,1426.4200170404563,robo,urbana,20 948,9.0,1.0,0.0,43.0,sí,38.0,40.0,0,barcelona,mediador,35.0
10/04/2025,507.62545470551777,GOLPE EN APARCAMIENTO,urbana,12 540,8.0,1.0,0.0,77.0,sí,33.0,44.0,0,zaragoza,banca seguros,16.0
20/01/2025,669.5803821842794,golpe en aparcamiento,urbana,26 796,12.0,2.0,0.0,24.0,no,18.0,9.0,0,barcelona,banca seguros,28.0
27/04/2024,141.81964324528542,alcance,urbana,7 555,20.0,1.0,0.0,83.0,no,30.0,10.0,300,barcelona,mediador,50.0
19/07/2025,610.7959342704921,  alcance ,urbana,14 069,17.0,1.0,0.0,63.0,no,37.0,21.0,0,zaragoza,mediador,180.0
11/04/2024,800.4099149834306,alcance,urbana,7 181,8.0,1.0,0.0,112.0,sí,22.0,45.0,0,madrid,mediador,4.0
27/09/2025,2290.4735918328656,COLISIÓN FRONTAL,urbana,8 107,6.0,3.0,1.0,29.0,sí,30.0,18.0,0,sevilla,mediador,36.0
14/04/2024,4919.96142882582,SALIDA DE VÍA,interurbana,27 456,22.0,2.0,0.0,88.0,no,39.0,5.0,0,madrid,mediador,104.0
17/05/2024,2452.484718425541,salida de vía,urbana,13 291,11.0,1.0,0.0,54.0,sí,31.0,50.0,300,madrid,mediador,115.0
24/11/2025,4501.712140018595,colisión frontal,interurbana,16 370,6.0,2.0,0.0,76.0,no,18.0,29.0,300,coruña,mediador,89.0
30/06/2025,1883.2650263457435,alcance,autopista,7 783,16.0,1.0,0.0,75.0,sí,34.0,50.0,0,madrid,directo,39.0
01/04/2025,181.53679350032434,golpe en aparcamiento,interurbana,6 334,8.0,1.0,1.0,89.0,no,61.0,8.0,300,barcelona,banca seguros,122.0
26/04/2025,413.31907582502635,golpe en aparcamiento,urbana,5 605,15.0,1.0,1.0,44.0,no,51.0,39.0,150,coruña,directo,151.0
06/10/2025,2912.852023203256,salida de vía,urbana,29 238,8.0,1.0,0.0,46.0,no,55.0,23.0,150,coruña,directo,92.0
26/09/2025,1383.3836951412452,alcance,urbana,29 886,3.0,1.0,0.0,43.0,sí,34.0,20.0,0,coruña,directo,50.0
02/01/2025,577.972405751053,golpe en aparcamiento,interurbana,3 346,7.0,3.0,1.0,53.0,no,40.0,47.0,0,coruña,directo,1.0
17/09/2025,1286.7864696173167,  salida de vía ,interurbana,8 257,8.0,1.0,0.0,75.0,sí,65.0,37.0,0,coruña,mediador,24.0
01/04/2024,1866.7164306988293,GOLPE EN APARCAMIENTO,urbana,33 126,2.0,1.0,0.0,17.0,sí,61.0,27.0,0,valencia,mediador,145.0
18/05/2024,890.5282530848043,robo,urbana,5 662,15.0,1.0,0.0,27.0,sí,34.0,9.0,300,barcelona,mediador,66.0
04/02/2024,5772.987349752786,colisión frontal,urbana,13 278,2.0,2.0,2.0,63.0,no,56.0,30.0,150,sevilla,directo,53.0
18/11/2025,582.9542542072635,  golpe en aparcamiento ,urbana,19 680,8.0,3.0,0.0,61.0,sí,60.0,25.0,150,sevilla,banca seguros,122.0
23/11/2024,2637.999927943005,colisión frontal,autopista,4 996,7.0,1.0,0.0,34.0,no,51.0,26.0,0,zaragoza,banca seguros,20.0
06/07/2024,733.32369140233,golpe en aparcamiento,urbana,20 874,17.0,2.0,0.0,58.0,sí,64.0,44.0,0,madrid,directo,29.0
26/04/2025,10839.32253847418,incendio,urbana,15 976,18.0,3.0,0.0,86.0,sí,21.0,9.0,150,zaragoza,directo,170.0
07/06/2024,894.3624995637603,golpe en aparcamiento,interurbana,13 642,1.0,1.0,0.0,49.0,no,49.0,10.0,0,madrid,directo,16.0
27/08/2024,2718.2036765968223,salida de vía,urbana,9 402,0.0,1.0,0.0,78.0,sí,55.0,9.0,0,madrid,directo,31.0
16/09/2024,2824.189424244356,  robo ,autopista,15 788,5.0,1.0,0.0,52.0,no,66.0,46.0,150,madrid,mediador,79.0
07/12/2025,354.51155231508955,  golpe en aparcamiento ,interurbana,9 418,0.0,1.0,0.0,82.0,no,42.0,32.0,600,barcelona,banca seguros,102.0
27/08/2024,2277.8058922500104,alcance,urbana,13 624,15.0,2.0,0.0,41.0,sí,43.0,43.0,0,coruña,banca seguros,178.0
11/04/2024,3725.8154722452546,robo,autopista,8 327,2.0,3.0,0.0,75.0,no,25.0,35.0,0,madrid,directo,58.0
02/06/2025,1462.5931864053562,alcance,urbana,26 133,20.0,1.0,0.0,67.0,no,46.0,19.0,0,madrid,directo,175.0
06/12/2025,1014.2058052981943,golpe en aparcamiento,urbana,10 769,0.0,2.0,0.0,33.0,no,69.0,24.0,0,madrid,mediador,19.0
17/09/2025,279.55427576254357,alcance,urbana,10 452,2.0,2.0,0.0,52.0,no,56.0,49.0,0,coruña,banca seguros,62.0
31/05/2025,909.4658305675267,alcance,interurbana,11 508,22.0,2.0,0.0,79.0,sí,51.0,49.0,150,madrid,banca seguros,65.0
28/07/2025,216.78503276295842,golpe en aparcamiento,urbana,8 916,20.0,2.0,0.0,40.0,no,18.0,12.0,600,coruña,mediador,3.0
06/06/2024,2022.6728476984074,salida de via,interurbana,14 495,4.0,1.0,0.0,49.0,no,32.0,46.0,0,madrid,mediador,34.0
15/07/2025,265.2232076233412,ALCANCE,urbana,3 958,1.0,1.0,0.0,60.0,sí,23.0,14.0,0,sevilla,banca seguros,168.0
29/01/2024,1515.4798138529418,alcance,interurbana,21 579,8.0,4.0,0.0,72.0,sí,61.0,6.0,0,zaragoza,directo,135.0
14/05/2024,1991.5042431175323,robo,interurbana,14 546,20.0,1.0,0.0,47.0,no,32.0,29.0,0,barcelona,mediador,79.0
08/08/2024,1127.1247427676844,robo,interurbana,7 040,2.0,2.0,0.0,43.0,no,34.0,12.0,0,valencia,banca seguros,29.0
25/05/2025,585.4007936650734,golpe en aparcamiento,urbana,10 135,8.0,2.0,1.0,37.0,sí,43.0,36.0,150,valencia,mediador,99.0
13/05/2024,1675.2893979466755,alcance,autopista,4 648,4.0,4.0,2.0,83.0,sí,41.0,47.0,0,coruña,banca seguros,99.0
05/10/2025,476.08388322387754,alcance,urbana,9 788,5.0,1.0,0.0,27.0,no,64.0,14.0,0,barcelona,mediador,26.0
24/01/2024,1178.5630115830472,colisión frontal,urbana,6 215,13.0,2.0,0.0,39.0,sí,51.0,38.0,0,coruña,mediador,92.0
26/06/2024,6724.278324595782,incendio,interurbana,3 939,0.0,1.0,0.0,51.0,sí,42.0,11.0,600,barcelona,mediador,128.0
26/04/2024,1023.1396472017017,golpe en aparcamiento,interurbana,28 750,8.0,1.0,0.0,120.0,no,37.0,7.0,0,zaragoza,directo,126.0
08/03/2024,2958.7624020684443,salida de vía,autopista,13 638,13.0,1.0,0.0,40.0,no,38.0,1.0,0,barcelona,directo,4.0
09/03/2025,685.7275238409268,GOLPE EN APARCAMIENTO,urbana,32 829,19.0,2.0,1.0,98.0,no,63.0,24.0,300,valencia,directo,150.0
26/08/2024,3144.895119178467,salida de vía,urbana,9 278,14.0,1.0,0.0,7.0,sí,18.0,1.0,0,zaragoza,directo,59.0
06/04/2025,319.63482196600404,  alcance ,urbana,3 811,12.0,1.0,0.0,27.0,no,24.0,24.0,0,coruña,mediador,122.0
23/02/2024,12572.96098400589,ROBO,autopista,21 770,4.0,4.0,0.0,62.0,sí,44.0,2.0,0,coruña,mediador,105.0
25/01/2025,3629.278446861425,salida de vía,urbana,21 738,11.0,2.0,0.0,7.0,no,43.0,36.0,0,madrid,directo,40.0
11/06/2024,1908.436997551247,colisión frontal,urbana,14 668,6.0,1.0,0.0,92.0,no,45.0,30.0,0,zaragoza,mediador,57.0
26/04/2025,1500.7196853975163,salida de vía,interurbana,13 119,14.0,1.0,1.0,7.0,no,30.0,49.0,150,valencia,banca seguros,60.0
03/07/2025,724.5681115470153,alcance,urbana,14 636,5.0,3.0,2.0,64.0,no,50.0,5.0,0,coruña,mediador,28.0
01/09/2025,2412.11590978339,alcance,interurbana,14 467,0.0,3.0,0.0,91.0,sí,48.0,32.0,150,coruña,mediador,16.0
04/12/2025,4026.391012717596,salida de vía,autopista,9 744,21.0,1.0,0.0,32.0,sí,26.0,35.0,0,sevilla,mediador,92.0
22/12/2025,1073.4031653631018,alcance,autopista,10 063,1.0,3.0,0.0,71.0,no,39.0,36.0,300,barcelona,mediador,129.0
25/05/2025,2169.907180098607,robo,autopista,7 819,1.0,1.0,2.0,49.0,no,61.0,46.0,0,madrid,directo,148.0
28/10/2025,494.90033716253225,  golpe en aparcamiento ,interurbana,4 917,9.0,1.0,0.0,56.0,N/D,41.0,41.0,0,valencia,mediador,25.0
25/07/2025,1270.0116121250908,  alcance ,urbana,9 761,6.0,4.0,0.0,21.0,no,25.0,20.0,0,sevilla,directo,57.0
14/06/2025,791.3550569004523,alcance,urbana,6 049,21.0,1.0,0.0,12.0,no,54.0,13.0,150,barcelona,directo,93.0
27/11/2025,4426.229781129244,ALCANCE,urbana,52 777,3.0,1.0,0.0,65.0,no,59.0,16.0,600,madrid,mediador,115.0
19/03/2024,5284.341331106414,colisión frontal,urbana,9 059,10.0,1.0,0.0,42.0,sí,55.0,33.0,0,madrid,banca seguros,84.0
19/04/2024,586.1525562122584,alcance,urbana,17 971,12.0,2.0,0.0,72.0,N/D,70.0,19.0,150,barcelona,directo,114.0
16/08/2024,6665.456353752898,colisión frontal,urbana,17 725,20.0,5.0,2.0,75.0,no,62.0,44.0,0,valencia,mediador,148.0
13/06/2025,5963.606998108894,salida de via,interurbana,11 660,6.0,1.0,0.0,45.0,sí,39.0,50.0,0,valencia,banca seguros,145.0
17/01/2025,1218.0472990846013,salida de vía,urbana,6 748,22.0,1.0,1.0,67.0,no,38.0,28.0,0,barcelona,mediador,83.0
17/06/2025,2131.067611999997,robo,interurbana,18 022,20.0,1.0,0.0,25.0,sí,49.0,38.0,300,zaragoza,mediador,103.0
20/03/2025,1798.5280910487475,alcance,urbana,5 261,22.0,5.0,1.0,7.0,no,51.0,17.0,300,zaragoza,mediador,4.0
26/07/2025,6642.075837463629,salida de vía,urbana,19 354,3.0,1.0,1.0,66.0,sí,72.0,42.0,0,coruña,directo,90.0
05/06/2025,1969.665251623666,  robo ,urbana,22 535,20.0,2.0,0.0,61.0,sí,36.0,25.0,0,madrid,directo,38.0
15/08/2024,871.2154396625107,golpe en aparcamiento,urbana,34 145,16.0,1.0,3.0,59.0,no,46.0,9.0,0,coruña,mediador,114.0
19/04/2025,748.7097341334378,salida de vía,interurbana,5 463,7.0,2.0,0.0,36.0,sí,54.0,48.0,0,valencia,directo,91.0
30/09/2024,432.13605935226036,ALCANCE,interurbana,4 707,6.0,1.0,0.0,23.0,sí,47.0,13.0,150,valencia,banca seguros,22.0
19/01/2024,3092.5252485546243,alcance,urbana,19 749,19.0,1.0,0.0,68.0,no,51.0,31.0,0,zaragoza,directo,170.0
21/01/2024,1233.920977956106,salida de vía,urbana,7 200,0.0,1.0,0.0,37.0,sí,36.0,49.0,150,coruña,directo,71.0
21/05/2025,171.3578763584833,golpe en aparcamiento,urbana,12 049,18.0,1.0,0.0,50.0,no,56.0,3.0,150,sevilla,mediador,6.0
13/03/2024,2707.1917560065494,salida de vía,urbana,17 557,21.0,1.0,1.0,50.0,N/D,41.0,35.0,150,valencia,directo,64.0
05/09/2025,1503.728128514858,colision frontal,interurbana,5 791,9.0,1.0,0.0,49.0,no,26.0,42.0,300,zaragoza,mediador,121.0
24/12/2024,5119.723478441805,alcance,interurbana,48 619,1.0,5.0,0.0,17.0,no,37.0,27.0,300,zaragoza,banca seguros,132.0
27/01/2024,3982.4340239722533,colisión frontal,interurbana,12 007,15.0,3.0,0.0,59.0,no,61.0,18.0,150,valencia,mediador,121.0
25/09/2024,592.4559095761127,alcance,urbana,10 945,15.0,1.0,0.0,45.0,no,35.0,27.0,150,zaragoza,mediador,67.0
23/11/2024,3685.8798820095267,colisión frontal,urbana,16 929,12.0,3.0,0.0,72.0,no,44.0,20.0,600,sevilla,mediador,153.0
07/11/2024,547.1610991424367,GOLPE EN APARCAMIENTO,autopista,13 851,8.0,1.0,0.0,79.0,sí,36.0,49.0,300,zaragoza,directo,166.0
07/03/2024,306.01332500090854,  alcance ,urbana,2 846,12.0,1.0,2.0,26.0,no,33.0,12.0,0,sevilla,directo,5.0
08/05/2025,2374.8218100061413,salida de vía,interurbana,7 448,13.0,1.0,0.0,57.0,sí,56.0,20.0,150,valencia,banca seguros,156.0
15/07/2025,2075.206957201226,alcance,urbana,18 238,7.0,2.0,0.0,28.0,no,37.0,15.0,300,coruña,directo,131.0
08/05/2024,1729.9622651850289,  alcance ,urbana,20 162,21.0,2.0,0.0,48.0,sí,44.0,16.0,150,coruña,directo,153.0
06/07/2024,1290.8567648954238,  golpe en aparcamiento ,urbana,14 145,6.0,5.0,1.0,66.0,sí,45.0,45.0,150,barcelona,banca seguros,136.0
17/06/2024,1292.6552256047853,ALCANCE,interurbana,25 297,5.0,4.0,0.0,56.0,no,54.0,15.0,0,zaragoza,mediador,42.0
26/12/2025,5610.272293924372,  incendio ,urbana,6 959,5.0,1.0,1.0,56.0,no,44.0,27.0,0,barcelona,mediador,23.0
16/06/2025,1196.1845601618809,robo,interurbana,7 488,12.0,1.0,0.0,73.0,no,47.0,33.0,300,sevilla,mediador,78.0
01/11/2025,1253.8166028170924,  golpe en aparcamiento ,urbana,15 588,4.0,2.0,0.0,45.0,no,38.0,40.0,150,madrid,mediador,13.0
26/07/2025,205.0554616192392,golpe en aparcamiento,urbana,14 613,4.0,1.0,0.0,59.0,no,40.0,50.0,0,madrid,mediador,76.0
29/12/2025,7486.796435858702,incendio,urbana,7 827,6.0,3.0,0.0,65.0,no,35.0,17.0,300,valencia,directo,175.0
21/09/2024,14910.5417918747,  incendio ,urbana,12 438,0.0,3.0,3.0,91.0,no,38.0,37.0,0,barcelona,banca seguros,146.0
15/04/2025,641.2000895589385,golpe en aparcamiento,urbana,15 359,19.0,1.0,2.0,48.0,no,69.0,19.0,150,zaragoza,directo,68.0
10/08/2024,2227.4306807979624,alcance,urbana,34 649,2.0,5.0,0.0,90.0,sí,46.0,4.0,0,zaragoza,banca seguros,94.0
14/05/2024,9207.531673448037,colisión frontal,interurbana,14 973,11.0,1.0,0.0,85.0,sí,35.0,42.0,0,zaragoza,directo,87.0
05/03/2024,1796.167806804434,salida de vía,interurbana,12 059,0.0,1.0,0.0,38.0,no,31.0,25.0,150,valencia,directo,3.0
14/05/2025,641.4310453663969,GOLPE EN APARCAMIENTO,urbana,7 641,2.0,2.0,0.0,16.0,sí,24.0,4.0,0,barcelona,directo,1.0
03/05/2024,6495.820855369417,salida de vía,urbana,36 343,14.0,1.0,0.0,42.0,no,21.0,11.0,0,zaragoza,banca seguros,51.0
11/10/2025,6097.572803682578,salida de via,interurbana,12 983,2.0,1.0,0.0,32.0,no,77.0,26.0,300,sevilla,banca seguros,94.0
06/09/2024,2905.7770826264514,GOLPE EN APARCAMIENTO,urbana,16 062,1.0,2.0,0.0,49.0,sí,40.0,44.0,600,sevilla,banca seguros,106.0
16/05/2024,2747.1485350439393,colisión frontal,interurbana,19 157,4.0,2.0,0.0,89.0,no,55.0,32.0,300,sevilla,directo,153.0
22/09/2025,1381.300552426669,ALCANCE,urbana,6 723,2.0,4.0,0.0,72.0,sí,50.0,40.0,150,zaragoza,mediador,19.0
04/12/2025,950.7874507691077,robo,urbana,2 376,2.0,3.0,0.0,66.0,no,18.0,35.0,0,sevilla,mediador,123.0
15/11/2025,153.4851632565735,golpe en aparcamiento,urbana,7 654,19.0,1.0,0.0,54.0,no,27.0,7.0,0,zaragoza,directo,134.0
04/12/2024,630.3564524786391,golpe en aparcamiento,urbana,21 204,19.0,1.0,0.0,66.0,no,42.0,30.0,0,sevilla,directo,139.0
02/07/2025,1190.745395268742,  robo ,urbana,10 656,17.0,1.0,0.0,54.0,no,52.0,2.0,0,sevilla,mediador,157.0
24/07/2024,1814.8701621531488,salida de vía,interurbana,8 217,14.0,3.0,0.0,47.0,no,36.0,10.0,0,madrid,mediador,21.0
26/02/2025,1718.2495558043668,salida de vía,autopista,11 646,2.0,1.0,0.0,44.0,no,53.0,15.0,0,coruña,directo,104.0
17/07/2024,10860.044044692184,incendio,urbana,6 284,11.0,3.0,0.0,32.0,sí,38.0,35.0,0,zaragoza,directo,124.0
05/06/2025,11936.088760471615,colisión frontal,interurbana,11 543,6.0,4.0,0.0,29.0,sí,55.0,45.0,300,valencia,mediador,32.0
20/05/2025,3078.55960184559,robo,urbana,2 242,14.0,2.0,2.0,33.0,sí,37.0,35.0,0,coruña,banca seguros,176.0
19/09/2025,584.9741787637706,  alcance ,urbana,9 731,21.0,1.0,1.0,25.0,no,40.0,24.0,150,madrid,mediador,151.0
25/07/2024,2645.2912215267456,salida de vía,interurbana,12 454,10.0,1.0,2.0,13.0,no,49.0,19.0,0,valencia,directo,50.0
05/10/2024,2380.3906350231346,colisión frontal,interurbana,7 771,18.0,2.0,0.0,37.0,no,67.0,45.0,600,barcelona,mediador,84.0
09/03/2024,487.0563371522385,golpe en aparcamiento,urbana,2 604,1.0,1.0,1.0,86.0,no,59.0,43.0,150,madrid,mediador,169.0
17/08/2025,559.4910846268732,alcance,urbana,3 411,10.0,1.0,0.0,76.0,no,34.0,22.0,150,zaragoza,mediador,30.0
14/07/2024,973.6209051612982,alcance,urbana,11 495,17.0,2.0,0.0,50.0,no,37.0,8.0,0,zaragoza,banca seguros,50.0
26/04/2025,702.2132157396373,salida de vía,urbana,4 211,2.0,1.0,0.0,41.0,no,51.0,43.0,600,zaragoza,directo,127.0
26/06/2025,1633.3894208790891,alcance,urbana,5 651,17.0,1.0,1.0,76.0,no,57.0,40.0,300,madrid,directo,67.0
21/04/2024,5026.6631388210635,  salida de vía ,autopista,27 596,11.0,1.0,0.0,38.0,sí,40.0,37.0,600,barcelona,banca seguros,136.0
21/01/2025,349.0440797804444,alcance,autopista,6 365,16.0,2.0,0.0,1.0,no,34.0,1.0,0,sevilla,mediador,63.0
16/12/2024,1301.734644594093,alcance,urbana,10 172,1.0,4.0,1.0,35.0,no,29.0,4.0,600,barcelona,mediador,71.0
28/03/2024,2948.0869937092225,ROBO,interurbana,8 124,8.0,2.0,1.0,62.0,no,60.0,3.0,150,zaragoza,mediador,76.0
01/11/2025,3851.874751198089,robo,autopista,13 069,0.0,5.0,0.0,41.0,no,52.0,23.0,600,zaragoza,mediador,43.0
05/08/2024,1096.002512572949,alcance,urbana,8 537,0.0,1.0,0.0,10.0,no,20.0,28.0,0,coruña,mediador,154.0
17/04/2024,2716.9365566786287,alcance,urbana,14 174,13.0,1.0,0.0,121.0,no,43.0,47.0,0,madrid,mediador,33.0
28/06/2025,9292.406544319814,colisión frontal,interurbana,19 427,19.0,5.0,2.0,68.0,no,64.0,20.0,0,coruña,directo,112.0
23/10/2024,561.5106675535649,golpe en aparcamiento,urbana,11 461,20.0,1.0,0.0,41.0,no,20.0,48.0,300,sevilla,banca seguros,119.0
07/02/2025,485.22952671460126,golpe en aparcamiento,urbana,17 085,4.0,4.0,0.0,24.0,no,33.0,28.0,300,madrid,banca seguros,47.0
01/08/2025,197.7612891996638,golpe en aparcamiento,urbana,8 640,22.0,1.0,1.0,45.0,no,44.0,48.0,0,zaragoza,banca seguros,10.0
11/01/2025,211.37026678196128,golpe en aparcamiento,urbana,5 328,7.0,5.0,0.0,29.0,no,55.0,0.0,0,valencia,mediador,23.0
01/09/2024,2375.488484867601,salida de vía,autopista,23 607,22.0,2.0,0.0,67.0,sí,20.0,7.0,600,sevilla,directo,32.0
09/03/2024,14518.195482102301,colisión frontal,urbana,33 181,21.0,1.0,0.0,51.0,sí,18.0,29.0,300,barcelona,banca seguros,80.0
21/08/2025,1930.2944631426496,ROBO,urbana,6 829,4.0,2.0,0.0,63.0,no,35.0,16.0,300,barcelona,directo,25.0
09/11/2025,438.8245633405593,golpe en aparcamiento,interurbana,8 146,13.0,1.0,1.0,23.0,sí,55.0,34.0,0,sevilla,mediador,138.0
31/01/2024,967.8238178209804,golpe en aparcamiento,urbana,20 405,6.0,2.0,0.0,62.0,no,35.0,13.0,150,zaragoza,banca seguros,135.0
19/05/2025,693.9430719502271,golpe en aparcamiento,urbana,11 240,21.0,1.0,0.0,59.0,sí,25.0,42.0,150,madrid,banca seguros,6.0
06/11/2025,905.3435808590963,golpe en aparcamiento,urbana,11 337,16.0,3.0,2.0,52.0,sí,83.0,10.0,150,zaragoza,mediador,4.0
15/05/2025,767.8374849605508,alcance,urbana,4 528,16.0,1.0,0.0,77.0,no,37.0,42.0,600,sevilla,directo,115.0
12/12/2024,144.27432064807334,golpe en aparcamiento,urbana,11 841,19.0,1.0,0.0,8.0,no,66.0,28.0,150,sevilla,directo,89.0
07/05/2024,1308.1541968017607,alcance,urbana,15 525,22.0,5.0,0.0,55.0,no,49.0,13.0,0,sevilla,mediador,10.0
25/01/2025,1609.462804539247,alcance,urbana,6 659,11.0,4.0,0.0,24.0,N/D,66.0,8.0,150,barcelona,directo,89.0
03/12/2024,503.9510930114421,golpe en aparcamiento,interurbana,3 933,17.0,3.0,1.0,41.0,sí,48.0,44.0,0,coruña,directo,92.0
11/02/2025,4700.118424740016,colisión frontal,autopista,9 887,20.0,4.0,1.0,43.0,no,41.0,44.0,150,valencia,mediador,128.0
01/10/2024,351.60180129486804,golpe en aparcamiento,autopista,8 374,19.0,2.0,0.0,83.0,no,48.0,19.0,600,zaragoza,mediador,75.0
24/03/2024,1088.7560082579012,alcance,interurbana,10 087,7.0,1.0,0.0,59.0,no,21.0,4.0,300,coruña,mediador,62.0
20/10/2024,1393.2001759694563,salida de vía,urbana,8 688,17.0,4.0,0.0,61.0,N/D,38.0,38.0,600,coruña,directo,53.0
08/05/2025,2711.283184511126,colisión frontal,urbana,9 332,22.0,2.0,0.0,66.0,no,49.0,31.0,150,valencia,directo,50.0
07/09/2025,2077.842443661527,salida de vía,urbana,6 704,19.0,2.0,0.0,73.0,no,27.0,25.0,0,barcelona,mediador,59.0
07/07/2025,3732.798730181582,colisión frontal,urbana,7 781,7.0,4.0,0.0,81.0,sí,57.0,6.0,0,zaragoza,banca seguros,136.0
04/05/2025,1312.011357618771,ALCANCE,interurbana,21 575,1.0,2.0,0.0,49.0,sí,54.0,5.0,600,madrid,banca seguros,105.0
08/10/2024,1572.45088532785,colision frontal,urbana,21 877,11.0,2.0,0.0,59.0,no,42.0,5.0,0,sevilla,directo,175.0
29/01/2024,2032.9145458911848,golpe en aparcamiento,interurbana,19 203,0.0,4.0,0.0,43.0,no,71.0,20.0,600,coruña,directo,117.0
12/09/2025,261.77649953531443,golpe en aparcamiento,urbana,3 743,11.0,1.0,0.0,62.0,no,48.0,19.0,0,madrid,mediador,125.0
02/08/2024,1501.1122263496875,golpe en aparcamiento,interurbana,8 729,4.0,2.0,0.0,19.0,no,52.0,25.0,0,zaragoza,banca seguros,97.0
20/04/2025,118.98718053712554,golpe en aparcamiento,urbana,4 424,15.0,2.0,0.0,48.0,sí,18.0,26.0,0,sevilla,mediador,73.0
04/03/2025,2880.4017927097984,salida de vía,urbana,54 826,2.0,3.0,0.0,47.0,no,45.0,4.0,0,valencia,mediador,139.0
27/07/2024,1202.4363527643225,robo,interurbana,9 628,18.0,2.0,0.0,62.0,sí,43.0,39.0,600,valencia,banca seguros,122.0
23/05/2025,324.5204263447836,golpe en aparcamiento,urbana,15 318,4.0,4.0,0.0,26.0,no,52.0,0.0,0,coruña,mediador,31.0
03/05/2024,9756.637452839821,  colisión frontal ,urbana,10 413,5.0,1.0,0.0,62.0,sí,23.0,38.0,300,sevilla,directo,113.0
15/07/2024,1615.4507493506173,COLISIÓN FRONTAL,urbana,4 916,4.0,3.0,0.0,19.0,no,49.0,10.0,600,zaragoza,mediador,46.0
17/06/2025,396.2793959933144,alcance,urbana,8 245,21.0,2.0,0.0,52.0,no,47.0,30.0,150,barcelona,mediador,141.0
30/08/2024,1064.1683864293373,golpe en aparcamiento,urbana,12 388,13.0,3.0,2.0,66.0,no,58.0,45.0,300,zaragoza,mediador,23.0
28/07/2025,785.0108543350636,golpe en aparcamiento,autopista,5 982,1.0,2.0,0.0,49.0,no,42.0,1.0,0,zaragoza,directo,115.0
29/01/2024,2132.894209109385,golpe en aparcamiento,interurbana,27 048,1.0,3.0,0.0,39.0,sí,49.0,17.0,0,zaragoza,banca seguros,67.0
15/02/2024,1416.2136733172706,alcance,urbana,17 615,16.0,1.0,0.0,56.0,sí,33.0,8.0,300,sevilla,mediador,35.0
19/10/2025,673.1025416702629,golpe en aparcamiento,urbana,7 641,3.0,4.0,2.0,77.0,no,45.0,21.0,0,coruña,mediador,151.0
13/02/2024,751.2420097194483,golpe en aparcamiento,urbana,8 219,22.0,2.0,0.0,35.0,no,40.0,0.0,0,madrid,directo,167.0
29/06/2024,1237.0265423828992,robo,urbana,19 721,18.0,1.0,0.0,90.0,sí,61.0,38.0,0,sevilla,banca seguros,67.0
16/05/2025,491.88341689854013,GOLPE EN APARCAMIENTO,urbana,6 436,2.0,1.0,0.0,78.0,sí,43.0,32.0,0,sevilla,banca seguros,72.0
28/02/2025,265.60102502142473,golpe en aparcamiento,interurbana,3 381,13.0,4.0,0.0,51.0,no,38.0,31.0,0,sevilla,mediador,152.0
23/07/2025,2709.7844189135562,alcance,autopista,6 532,15.0,1.0,1.0,77.0,sí,64.0,44.0,600,sevilla,directo,43.0
03/11/2024,324.1657244748401,  golpe en aparcamiento ,autopista,6 813,17.0,1.0,0.0,52.0,no,53.0,49.0,0,madrid,mediador,29.0
05/07/2025,1320.1336804833209,ALCANCE,urbana,7 570,16.0,3.0,1.0,19.0,no,34.0,11.0,0,sevilla,mediador,140.0
02/01/2024,1085.1012206977366,alcance,urbana,15 232,20.0,2.0,0.0,26.0,no,35.0,15.0,0,sevilla,banca seguros,32.0
24/03/2024,1681.76331565624,robo,autopista,6 544,21.0,3.0,0.0,47.0,sí,43.0,50.0,0,madrid,banca seguros,4.0
18/06/2025,2005.220866346763,colisión frontal,urbana,4 984,22.0,3.0,1.0,51.0,sí,49.0,47.0,0,zaragoza,mediador,178.0
21/05/2025,1330.7604969824997,golpe en aparcamiento,autopista,15 004,10.0,1.0,0.0,19.0,sí,25.0,2.0,0,sevilla,banca seguros,105.0
07/07/2025,1007.4071197787974,  alcance ,urbana,6 216,15.0,2.0,1.0,48.0,sí,52.0,10.0,0,sevilla,banca seguros,151.0
18/02/2024,6158.483963934603,colisión frontal,autopista,15 003,0.0,3.0,0.0,72.0,no,35.0,21.0,0,barcelona,mediador,39.0
22/09/2024,1425.6087534306644,  robo ,urbana,33 015,10.0,1.0,1.0,43.0,no,40.0,29.0,0,coruña,banca seguros,48.0
01/09/2024,1423.3079319788872,ALCANCE,interurbana,8 432,2.0,2.0,0.0,73.0,no,66.0,26.0,150,madrid,banca seguros,21.0
14/07/2025,6979.156100659968,salida de vía,urbana,18 807,22.0,1.0,0.0,84.0,sí,46.0,40.0,150,coruña,directo,94.0
31/07/2024,582.3709680173731,golpe en aparcamiento,urbana,4 203,20.0,5.0,1.0,8.0,no,27.0,19.0,300,zaragoza,banca seguros,38.0
19/02/2025,1055.174406134999,golpe en aparcamiento,urbana,4 035,2.0,1.0,0.0,63.0,no,44.0,23.0,300,valencia,mediador,57.0
07/08/2024,1525.0955524204903,salida de via,interurbana,9 426,15.0,4.0,0.0,119.0,no,37.0,46.0,0,valencia,directo,140.0
21/01/2024,607.6750591399073,golpe en aparcamiento,urbana,8 803,11.0,2.0,0.0,67.0,sí,46.0,23.0,150,sevilla,mediador,65.0
04/06/2024,1636.0367670830312,salida de vía,autopista,11 100,18.0,2.0,0.0,52.0,no,27.0,48.0,0,coruña,mediador,100.0
20/05/2025,2810.80976422616,colisión frontal,autopista,8 028,13.0,1.0,0.0,56.0,no,36.0,28.0,300,sevilla,mediador,78.0
06/02/2024,1565.117564306727,  alcance ,interurbana,17 688,14.0,2.0,2.0,22.0,no,31.0,25.0,0,barcelona,mediador,58.0
29/08/2025,1387.1369226426725,alcance,interurbana,13 234,8.0,1.0,0.0,57.0,no,18.0,49.0,150,sevilla,directo,11.0
24/10/2025,2646.5592092140782,salida de vía,urbana,13 477,6.0,2.0,0.0,30.0,no,25.0,39.0,0,coruña,directo,140.0
13/03/2025,3198.923429784448,colisión frontal,interurbana,18 571,21.0,1.0,2.0,76.0,no,33.0,45.0,0,sevilla,directo,160.0
28/11/2025,3350.8802519209507,robo,urbana,22 101,1.0,1.0,1.0,64.0,sí,42.0,9.0,0,madrid,directo,116.0
25/11/2024,497.55464440667953,  golpe en aparcamiento ,urbana,12 036,10.0,2.0,0.0,62.0,no,23.0,26.0,300,zaragoza,mediador,136.0
30/10/2024,404.823848363342,golpe en aparcamiento,urbana,5 169,14.0,1.0,0.0,64.0,no,73.0,8.0,0,madrid,directo,149.0
09/12/2025,488.1065655741175,  alcance ,urbana,6 944,22.0,1.0,0.0,57.0,sí,18.0,14.0,300,coruña,directo,115.0
18/05/2024,7355.048192661532,colisión frontal,interurbana,31 416,17.0,1.0,3.0,48.0,no,62.0,45.0,300,sevilla,mediador,8.0
07/03/2025,6979.703091058327,colisión frontal,interurbana,13 829,8.0,1.0,0.0,54.0,sí,56.0,34.0,300,barcelona,mediador,42.0
04/02/2024,2918.8225071041616,ALCANCE,urbana,18 102,17.0,2.0,0.0,0.0,no,47.0,23.0,600,valencia,mediador,108.0
13/10/2025,20690.509278749738,incendio,urbana,24 673,10.0,1.0,0.0,61.0,no,36.0,44.0,0,zaragoza,directo,52.0
20/06/2025,7570.598091977376,colisión frontal,urbana,10 815,16.0,3.0,0.0,108.0,no,53.0,15.0,600,valencia,mediador,26.0
18/06/2024,656.1178741465533,alcance,autopista,7 013,14.0,1.0,0.0,58.0,no,53.0,18.0,150,valencia,banca seguros,153.0
17/10/2024,2146.95211312211,salida de vía,urbana,10 360,1.0,3.0,0.0,75.0,sí,42.0,10.0,600,sevilla,directo,117.0
19/12/2024,512.8388633109527,golpe en aparcamiento,interurbana,20 111,18.0,3.0,0.0,64.0,no,58.0,25.0,600,coruña,banca seguros,22.0
02/06/2024,3997.8309161228735,robo,autopista,11 109,0.0,2.0,0.0,69.0,sí,48.0,14.0,600,barcelona,banca seguros,165.0
01/11/2024,483.99695744270946,golpe en aparcamiento,interurbana,11 570,13.0,1.0,0.0,53.0,sí,47.0,11.0,600,sevilla,mediador,122.0
10/04/2024,483.18707032992614,  golpe en aparcamiento ,autopista,23 579,0.0,1.0,0.0,33.0,no,45.0,44.0,600,madrid,mediador,122.0
29/04/2025,1744.140950703563,robo,urbana,7 928,16.0,3.0,0.0,41.0,sí,52.0,18.0,0,zaragoza,mediador,163.0
16/03/2025,1100.9107726857478,  alcance ,interurbana,5 113,11.0,3.0,0.0,45.0,no,64.0,33.0,300,sevilla,banca seguros,85.0
17/06/2024,33079.339404554325,incendio,interurbana,15 974,10.0,2.0,0.0,60.0,no,31.0,26.0,0,valencia,mediador,15.0
18/11/2025,754.5405361783407,salida de vía,urbana,9 339,15.0,4.0,0.0,64.0,no,37.0,8.0,300,valencia,mediador,18.0
22/05/2024,587.5156534484859,golpe en aparcamiento,urbana,13 931,6.0,1.0,0.0,79.0,no,18.0,43.0,300,zaragoza,mediador,67.0
26/06/2025,413.98112667567005,golpe en aparcamiento,autopista,18 899,13.0,2.0,1.0,15.0,no,48.0,4.0,0,sevilla,mediador,156.0
13/10/2025,1559.8439620919248,salida de vía,urbana,12 601,8.0,2.0,0.0,67.0,no,42.0,43.0,150,sevilla,mediador,29.0
20/12/2025,1131.7330904699645,ALCANCE,urbana,12 007,16.0,1.0,2.0,46.0,N/D,57.0,17.0,0,madrid,directo,60.0
14/01/2024,702.8861057689327,colisión frontal,urbana,8 794,12.0,1.0,0.0,0.0,no,31.0,39.0,300,coruña,mediador,4.0
26/09/2025,1063.9360538523044,salida de vía,urbana,12 103,4.0,3.0,0.0,50.0,no,51.0,49.0,150,zaragoza,directo,43.0
04/11/2025,843.6254091719035,alcance,interurbana,7 111,15.0,1.0,0.0,79.0,no,27.0,30.0,0,coruña,mediador,73.0
10/08/2025,901.3015028541274,alcance,urbana,13 190,0.0,1.0,0.0,53.0,no,41.0,0.0,0,coruña,banca seguros,89.0
05/06/2025,495.19339768028937,golpe en aparcamiento,interurbana,10 034,19.0,1.0,0.0,70.0,no,50.0,48.0,150,barcelona,mediador,117.0
14/05/2024,555.7902351211379,robo,urbana,5 152,11.0,1.0,0.0,73.0,no,35.0,5.0,300,sevilla,banca seguros,20.0
17/06/2024,131.4718278320071,golpe en aparcamiento,urbana,3 895,7.0,2.0,0.0,59.0,no,75.0,42.0,0,zaragoza,directo,122.0
19/02/2025,2486.511594106394,  alcance ,urbana,19 295,10.0,3.0,1.0,70.0,no,38.0,42.0,300,zaragoza,mediador,50.0
09/02/2024,3613.3619013412563,colisión frontal,interurbana,10 291,5.0,1.0,0.0,35.0,N/D,21.0,34.0,0,valencia,directo,42.0
27/05/2025,13620.927642091658,incendio,urbana,10 265,8.0,1.0,0.0,69.0,no,41.0,48.0,150,madrid,mediador,13.0
09/09/2024,1138.0389723140913,alcance,urbana,16 897,21.0,1.0,0.0,65.0,sí,66.0,13.0,0,madrid,directo,34.0
22/03/2025,22373.650238131726,COLISIÓN FRONTAL,interurbana,39 479,22.0,5.0,0.0,31.0,sí,32.0,28.0,0,sevilla,mediador,154.0
11/08/2025,59447.66960369615,incendio,autopista,7 932,0.0,3.0,0.0,65.0,no,41.0,21.0,0,coruña,banca seguros,102.0
10/04/2024,3020.264852567163,alcance,urbana,23 029,12.0,3.0,0.0,29.0,no,42.0,13.0,150,zaragoza,banca seguros,168.0
24/07/2024,314.65542293401734,GOLPE EN APARCAMIENTO,urbana,7 192,2.0,2.0,0.0,61.0,no,39.0,29.0,300,barcelona,directo,100.0
01/08/2024,1629.2194643109256,golpe en aparcamiento,urbana,22 944,21.0,3.0,0.0,28.0,no,40.0,10.0,0,madrid,mediador,7.0
20/11/2025,556.4830195112534,  salida de vía ,interurbana,5 048,2.0,1.0,0.0,43.0,no,68.0,2.0,150,zaragoza,mediador,99.0
23/04/2025,2025.5181593063078,  golpe en aparcamiento ,autopista,27 627,3.0,2.0,0.0,41.0,no,50.0,18.0,150,barcelona,mediador,134.0
24/07/2025,1527.4384483516985,COLISIÓN FRONTAL,urbana,10 154,9.0,2.0,0.0,82.0,no,30.0,7.0,150,coruña,mediador,153.0
19/04/2024,3398.2909440238373,alcance,interurbana,10 913,16.0,2.0,0.0,48.0,no,41.0,24.0,300,madrid,banca seguros,25.0
20/08/2025,3461.9441749378807,salida de vía,autopista,41 835,9.0,1.0,0.0,81.0,no,30.0,0.0,300,coruña,banca seguros,20.0
18/01/2025,2158.329653080299,SALIDA DE VÍA,autopista,7 442,4.0,3.0,0.0,77.0,no,39.0,50.0,0,zaragoza,directo,177.0
28/01/2024,802.4807577629279,alcance,urbana,18 142,2.0,3.0,0.0,76.0,no,28.0,11.0,300,barcelona,directo,70.0
19/12/2024,2657.469338430039,colisión frontal,autopista,6 558,13.0,4.0,3.0,45.0,no,33.0,42.0,300,valencia,mediador,42.0
16/07/2025,6242.415706048875,incendio,interurbana,3 008,4.0,1.0,0.0,81.0,sí,73.0,15.0,150,madrid,mediador,64.0
01/04/2024,765.8728711379097,alcance,autopista,14 541,18.0,1.0,0.0,45.0,no,41.0,18.0,0,barcelona,directo,63.0
30/12/2025,1835.08934041552,robo,interurbana,8 390,1.0,2.0,0.0,69.0,sí,30.0,7.0,300,valencia,directo,118.0
06/04/2025,668.9467750758799,alcance,interurbana,1 833,12.0,2.0,0.0,70.0,no,65.0,50.0,150,valencia,mediador,69.0
27/09/2024,541.7714248860726,golpe en aparcamiento,autopista,12 003,20.0,2.0,0.0,19.0,sí,32.0,24.0,600,barcelona,banca seguros,177.0
29/09/2024,1413.369872145155,SALIDA DE VÍA,urbana,14 102,15.0,2.0,0.0,67.0,no,39.0,33.0,150,coruña,mediador,64.0
06/08/2025,1690.6107645449874,robo,urbana,6 659,20.0,3.0,1.0,63.0,no,54.0,22.0,0,zaragoza,mediador,60.0
08/12/2025,1205.1589908132667,salida de via,urbana,7 148,6.0,1.0,0.0,64.0,no,24.0,29.0,0,valencia,mediador,45.0
03/05/2025,4104.423271233053,salida de vía,urbana,19 346,7.0,3.0,0.0,59.0,no,61.0,17.0,0,coruña,directo,168.0
31/05/2024,609.388003206544,golpe en aparcamiento,urbana,23 247,9.0,2.0,0.0,75.0,sí,30.0,49.0,0,zaragoza,banca seguros,124.0
08/10/2025,1027.3232409377406,salida de vía,urbana,6 052,21.0,3.0,0.0,39.0,no,64.0,14.0,300,barcelona,directo,172.0
04/01/2024,5499.625745659958,salida de vía,urbana,53 409,3.0,1.0,0.0,62.0,sí,56.0,22.0,0,zaragoza,mediador,9.0
22/11/2024,308.9063564721082,golpe en aparcamiento,autopista,7 840,20.0,1.0,0.0,30.0,sí,51.0,46.0,150,barcelona,directo,118.0
06/11/2024,4502.383631803322,colisión frontal,urbana,10 982,6.0,1.0,0.0,45.0,sí,64.0,28.0,300,coruña,mediador,146.0
06/07/2025,20667.18407660235,incendio,urbana,8 054,14.0,3.0,0.0,51.0,no,61.0,31.0,150,madrid,mediador,173.0
24/06/2024,2660.337800254284,colisión frontal,urbana,11 711,5.0,3.0,0.0,39.0,no,61.0,32.0,0,coruña,mediador,80.0
05/01/2024,3961.098661818383,robo,urbana,13 336,9.0,4.0,0.0,62.0,no,56.0,18.0,300,zaragoza,directo,130.0
27/08/2025,2058.641856901471,colision frontal,urbana,7 087,9.0,1.0,0.0,97.0,no,62.0,45.0,150,sevilla,mediador,76.0
04/06/2024,463.88493758510424,golpe en aparcamiento,urbana,6 124,12.0,2.0,0.0,55.0,no,44.0,13.0,0,valencia,directo,39.0
01/07/2024,974.0358805917197,alcance,urbana,16 975,6.0,2.0,2.0,55.0,no,63.0,5.0,0,sevilla,mediador,118.0
07/09/2024,940.3788850551081,ALCANCE,urbana,10 244,4.0,1.0,1.0,22.0,no,29.0,50.0,0,zaragoza,mediador,48.0
31/01/2024,5737.468896245873,  salida de vía ,urbana,19 592,14.0,2.0,0.0,58.0,no,44.0,3.0,300,coruña,directo,23.0
12/11/2025,329.38069277328043,golpe en aparcamiento,urbana,7 950,21.0,1.0,0.0,45.0,no,30.0,9.0,0,barcelona,mediador,166.0
01/08/2024,1423.438757305599,alcance,autopista,8 574,17.0,3.0,0.0,69.0,sí,34.0,36.0,0,valencia,mediador,116.0
16/02/2025,3722.288831152706,SALIDA DE VÍA,urbana,41 312,19.0,2.0,0.0,42.0,no,33.0,29.0,150,valencia,directo,68.0
11/07/2024,80.36874558247963,GOLPE EN APARCAMIENTO,urbana,7 457,21.0,1.0,0.0,16.0,no,33.0,26.0,150,zaragoza,banca seguros,7.0
19/05/2025,1070.4256199651427,alcance,interurbana,8 635,0.0,2.0,0.0,50.0,sí,33.0,29.0,0,coruña,directo,160.0
02/04/2024,1738.8632266208374,robo,interurbana,7 921,4.0,2.0,0.0,34.0,no,55.0,9.0,150,barcelona,mediador,40.0
19/01/2024,98361.16687224417,incendio,interurbana,7 601,10.0,5.0,0.0,82.0,sí,50.0,21.0,600,barcelona,directo,131.0
08/03/2025,816.2994174996536,alcance,urbana,7 592,16.0,3.0,0.0,77.0,no,26.0,1.0,0,sevilla,mediador,117.0
30/07/2025,1871.261020375611,colisión frontal,urbana,8 413,15.0,1.0,0.0,41.0,no,47.0,17.0,150,zaragoza,banca seguros,177.0
01/01/2024,2698.0614965836107,colisión frontal,urbana,12 177,8.0,3.0,0.0,26.0,no,40.0,18.0,300,zaragoza,banca seguros,8.0
24/08/2024,2431.7341280985434,alcance,interurbana,12 039,19.0,3.0,0.0,91.0,no,34.0,6.0,150,sevilla,mediador,17.0
09/12/2025,371.3627840001543,golpe en aparcamiento,urbana,12 367,5.0,1.0,0.0,52.0,sí,51.0,22.0,300,valencia,mediador,48.0
26/04/2025,9163.89709084968,incendio,interurbana,13 445,15.0,1.0,2.0,51.0,no,39.0,5.0,300,madrid,mediador,170.0
29/09/2024,994.9649146181275,GOLPE EN APARCAMIENTO,interurbana,13 390,9.0,2.0,0.0,110.0,no,45.0,32.0,150,sevilla,banca seguros,140.0
27/12/2024,1046.091980604978,alcance,urbana,12 873,14.0,4.0,0.0,39.0,no,27.0,47.0,600,sevilla,mediador,25.0
28/02/2025,1945.462489500161,salida de vía,autopista,4 568,9.0,2.0,0.0,25.0,no,48.0,11.0,600,zaragoza,mediador,67.0
11/03/2024,8181.238207355252,colisión frontal,interurbana,6 915,4.0,3.0,0.0,33.0,sí,25.0,1.0,0,sevilla,directo,160.0
04/06/2024,1045.8182776178728,alcance,urbana,8 090,16.0,3.0,0.0,83.0,no,39.0,32.0,600,coruña,directo,118.0
13/09/2025,1490.582969900975,salida de vía,urbana,14 199,17.0,2.0,0.0,47.0,no,60.0,11.0,0,sevilla,banca seguros,67.0
24/11/2025,606.098969531583,alcance,urbana,22 857,6.0,2.0,0.0,82.0,no,46.0,49.0,0,madrid,mediador,105.0
24/08/2025,490.92534258099477,  golpe en aparcamiento ,interurbana,5 100,21.0,2.0,1.0,81.0,no,51.0,36.0,0,zaragoza,mediador,44.0
24/10/2024,668.1197331281097,  alcance ,interurbana,19 837,20.0,2.0,0.0,74.0,sí,19.0,48.0,0,coruña,directo,106.0
19/01/2025,491.61622773059753,golpe en aparcamiento,interurbana,3 936,9.0,1.0,0.0,73.0,no,51.0,41.0,600,zaragoza,directo,22.0
03/06/2024,293.3499310707376,golpe en aparcamiento,autopista,4 788,14.0,2.0,1.0,47.0,no,37.0,25.0,300,coruña,banca seguros,29.0
30/06/2025,500.97755378860165,golpe en aparcamiento,interurbana,7 968,19.0,3.0,0.0,59.0,no,49.0,50.0,600,barcelona,banca seguros,85.0
26/07/2024,962.3507332598602,  alcance ,autopista,6 225,16.0,2.0,1.0,63.0,no,52.0,37.0,0,valencia,directo,67.0
11/03/2025,4769.05745206141,robo,interurbana,13 616,3.0,2.0,0.0,48.0,sí,48.0,24.0,0,madrid,mediador,146.0
30/11/2024,2366.1910123609723,robo,urbana,15 997,9.0,3.0,0.0,52.0,no,49.0,7.0,150,valencia,directo,161.0
16/07/2025,643.4035439581397,alcance,urbana,5 615,13.0,2.0,1.0,44.0,no,53.0,25.0,0,madrid,directo,86.0
04/08/2025,3524.2180328742234,colisión frontal,autopista,6 046,12.0,1.0,0.0,29.0,sí,38.0,34.0,300,sevilla,directo,95.0
01/03/2025,670.1734900935126,salida de vía,urbana,5 321,6.0,1.0,0.0,66.0,no,42.0,0.0,600,coruña,mediador,22.0
27/01/2024,2418.3292643552095,alcance,interurbana,26 339,3.0,3.0,1.0,99.0,no,26.0,17.0,0,coruña,directo,84.0
17/02/2024,1113.5752862346314,robo,urbana,5 105,16.0,4.0,0.0,52.0,no,62.0,45.0,0,barcelona,mediador,11.0
28/04/2024,1381.358916100575,salida de vía,urbana,3 203,9.0,2.0,0.0,71.0,no,56.0,11.0,150,madrid,banca seguros,95.0
12/11/2025,1359.3311214304401,  colisión frontal ,urbana,9 039,6.0,1.0,0.0,23.0,no,41.0,39.0,0,coruña,directo,66.0
16/04/2024,1759.0373023481134,robo,urbana,8 101,3.0,1.0,0.0,40.0,no,52.0,44.0,300,zaragoza,banca seguros,95.0
11/05/2025,2081.2987472061445,golpe en aparcamiento,interurbana,11 051,11.0,4.0,1.0,64.0,sí,32.0,14.0,0,coruña,mediador,75.0
03/05/2025,1454.8344664349781,alcance,urbana,6 243,20.0,5.0,0.0,73.0,no,45.0,20.0,0,coruña,directo,2.0
13/06/2024,260.37876445350497,golpe en aparcamiento,interurbana,7 495,17.0,2.0,0.0,80.0,no,41.0,49.0,600,zaragoza,mediador,25.0
11/03/2024,3816.252925388307,robo,urbana,16 874,1.0,1.0,0.0,51.0,no,59.0,48.0,150,barcelona,banca seguros,74.0
18/02/2025,3225.028171230378,  salida de vía ,urbana,9 337,4.0,5.0,0.0,39.0,sí,31.0,44.0,0,barcelona,directo,168.0
10/11/2024,1130.268621294956,  alcance ,interurbana,4 207,9.0,1.0,0.0,51.0,sí,46.0,48.0,150,valencia,mediador,112.0
21/11/2025,5788.09791408051,colision frontal,urbana,26 105,9.0,1.0,0.0,40.0,no,43.0,46.0,0,valencia,banca seguros,22.0
20/09/2025,2665.8725301182326,ROBO,urbana,25 254,4.0,1.0,0.0,77.0,no,54.0,37.0,150,sevilla,mediador,68.0
28/06/2024,286.0005401992549,golpe en aparcamiento,interurbana,11 575,17.0,2.0,0.0,3.0,sí,44.0,34.0,300,madrid,directo,77.0
27/01/2024,2061.3589884597063,robo,interurbana,6 541,5.0,2.0,0.0,71.0,sí,44.0,33.0,0,zaragoza,mediador,168.0
06/04/2024,1038.943464458292,  alcance ,urbana,21 554,1.0,1.0,0.0,28.0,no,28.0,4.0,0,valencia,directo,43.0
12/09/2024,5553.33202090576,colisión frontal,urbana,10 163,3.0,3.0,0.0,43.0,no,40.0,38.0,0,barcelona,banca seguros,79.0
20/10/2025,1145.7137375782956,alcance,urbana,7 545,22.0,1.0,0.0,8.0,no,48.0,16.0,150,barcelona,banca seguros,1.0
01/07/2024,541.960527162068,alcance,urbana,4 751,18.0,2.0,0.0,57.0,no,55.0,9.0,300,barcelona,banca seguros,73.0
17/06/2024,1531.8720739262044,alcance,urbana,28 314,7.0,2.0,0.0,54.0,N/D,62.0,38.0,0,barcelona,directo,126.0
13/04/2024,4345.695239177375,alcance,urbana,23 143,3.0,2.0,0.0,64.0,no,32.0,48.0,600,valencia,directo,159.0
28/03/2024,1459.181227871767,golpe en aparcamiento,interurbana,25 021,16.0,4.0,1.0,70.0,no,49.0,32.0,150,madrid,mediador,143.0
01/02/2024,647.1427031291539,golpe en aparcamiento,interurbana,13 981,6.0,3.0,1.0,79.0,no,43.0,30.0,150,zaragoza,mediador,174.0
13/04/2025,1159.1620093730169,alcance,urbana,20 731,0.0,1.0,0.0,87.0,sí,48.0,27.0,150,valencia,banca seguros,56.0
26/02/2024,2932.891661824299,colisión frontal,urbana,13 867,11.0,1.0,0.0,84.0,no,21.0,16.0,0,sevilla,mediador,83.0
13/12/2025,3196.580813257309,robo,autopista,20 402,12.0,4.0,0.0,42.0,no,18.0,41.0,150,zaragoza,directo,150.0
05/08/2024,4415.504330583136,colisión frontal,urbana,17 438,19.0,1.0,0.0,0.0,N/D,46.0,28.0,0,barcelona,mediador,1.0
05/03/2025,2996.803240604644,colision frontal,urbana,19 719,12.0,4.0,0.0,63.0,no,75.0,2.0,0,sevilla,banca seguros,66.0
12/02/2024,1525.8810757283452,golpe en aparcamiento,urbana,21 178,1.0,1.0,1.0,43.0,no,18.0,46.0,150,madrid,directo,73.0
25/07/2024,2263.9247260183815,alcance,interurbana,10 546,5.0,4.0,0.0,54.0,no,54.0,4.0,150,valencia,directo,24.0
25/04/2024,1392.5766943885098,  salida de vía ,autopista,5 305,22.0,4.0,0.0,51.0,no,60.0,22.0,600,madrid,banca seguros,165.0
05/01/2024,8487.69133476484,colision frontal,urbana,12 503,2.0,2.0,1.0,78.0,no,34.0,3.0,0,valencia,banca seguros,123.0
02/03/2025,1404.3828339521142,salida de vía,urbana,4 735,5.0,1.0,0.0,40.0,no,66.0,4.0,0,sevilla,directo,83.0
11/03/2025,3210.781377934291,colision frontal,urbana,19 691,4.0,1.0,0.0,104.0,sí,39.0,30.0,600,barcelona,mediador,52.0
12/09/2025,849.5585011607743,  golpe en aparcamiento ,urbana,10 231,4.0,3.0,0.0,99.0,no,53.0,46.0,0,zaragoza,mediador,90.0
29/05/2024,3601.500447124604,salida de vía,interurbana,20 938,14.0,1.0,0.0,27.0,no,24.0,23.0,150,sevilla,banca seguros,42.0
22/10/2024,344.4919359414213,alcance,interurbana,14 517,21.0,2.0,0.0,52.0,no,49.0,26.0,150,coruña,mediador,19.0
07/07/2024,1188.1922460081523,  salida de vía ,autopista,3 509,3.0,2.0,0.0,0.0,no,69.0,15.0,600,zaragoza,directo,164.0
12/04/2025,1771.8062026409907,golpe en aparcamiento,urbana,36 842,5.0,1.0,0.0,63.0,sí,60.0,4.0,300,barcelona,mediador,167.0
25/10/2024,432.1196080538096,golpe en aparcamiento,urbana,8 658,8.0,3.0,0.0,59.0,no,53.0,46.0,300,valencia,banca seguros,32.0
16/03/2024,806.0101910970816,alcance,urbana,18 276,6.0,1.0,0.0,16.0,sí,50.0,8.0,300,madrid,directo,29.0
31/01/2024,4644.707889122767,salida de vía,autopista,9 943,14.0,1.0,1.0,75.0,no,29.0,12.0,0,madrid,banca seguros,78.0
30/06/2024,285.3193270774823,GOLPE EN APARCAMIENTO,urbana,3 746,18.0,1.0,0.0,33.0,sí,38.0,15.0,300,madrid,mediador,180.0
01/07/2025,1880.414478103687,colisión frontal,autopista,8 752,18.0,1.0,0.0,18.0,no,31.0,29.0,300,sevilla,banca seguros,155.0
07/01/2024,886.4484072667656,robo,interurbana,5 659,20.0,1.0,0.0,96.0,no,55.0,40.0,0,barcelona,mediador,56.0
04/11/2025,1703.9570713215433,alcance,urbana,10 056,21.0,2.0,2.0,69.0,no,39.0,44.0,0,sevilla,directo,22.0
04/12/2025,1734.965320745951,ALCANCE,interurbana,23 479,17.0,2.0,1.0,33.0,no,57.0,25.0,0,sevilla,directo,160.0
27/10/2024,7662.34367934301,SALIDA DE VÍA,interurbana,30 214,0.0,3.0,0.0,38.0,sí,41.0,6.0,150,barcelona,directo,87.0
14/01/2025,2539.410715533592,salida de vía,interurbana,10 760,2.0,2.0,0.0,65.0,sí,38.0,20.0,0,sevilla,directo,4.0
27/05/2024,544.5492140455927,golpe en aparcamiento,urbana,9 830,2.0,2.0,1.0,10.0,no,49.0,50.0,0,sevilla,mediador,140.0
26/10/2024,7792.945441240401,SALIDA DE VÍA,interurbana,16 340,18.0,5.0,0.0,34.0,sí,37.0,15.0,150,barcelona,mediador,104.0
12/04/2024,334.1656695963843,golpe en aparcamiento,urbana,7 506,20.0,1.0,0.0,84.0,sí,27.0,6.0,0,barcelona,mediador,46.0
16/01/2024,752.31782522319,alcance,urbana,17 850,11.0,3.0,0.0,27.0,no,41.0,9.0,0,barcelona,mediador,79.0
06/05/2024,634.6951730937546,golpe en aparcamiento,autopista,9 652,4.0,1.0,0.0,96.0,no,32.0,9.0,600,barcelona,mediador,31.0
04/08/2024,324.45421915996246,alcance,urbana,11 279,8.0,1.0,1.0,46.0,no,51.0,6.0,150,zaragoza,directo,44.0
22/10/2024,963.1474288293667,colisión frontal,urbana,6 167,10.0,3.0,0.0,54.0,no,64.0,23.0,300,sevilla,mediador,5.0
06/03/2025,9671.823632449545,colisión frontal,interurbana,25 954,21.0,1.0,0.0,24.0,sí,62.0,50.0,150,madrid,banca seguros,8.0
17/08/2024,1026.0885512892603,alcance,urbana,12 932,20.0,2.0,0.0,51.0,no,43.0,3.0,0,zaragoza,banca seguros,31.0
10/06/2025,685.6935759858844,golpe en aparcamiento,urbana,15 474,15.0,1.0,1.0,61.0,sí,58.0,5.0,600,sevilla,mediador,83.0
06/01/2024,15854.913188331715,incendio,urbana,14 996,13.0,1.0,0.0,34.0,no,40.0,29.0,600,valencia,mediador,178.0
28/11/2024,2852.346953160731,robo,interurbana,22 364,2.0,1.0,0.0,44.0,sí,47.0,2.0,0,zaragoza,banca seguros,68.0
11/10/2024,1733.0789971170364,alcance,interurbana,6 421,9.0,3.0,0.0,79.0,sí,28.0,38.0,0,madrid,directo,135.0
28/07/2025,1478.267048641758,golpe en aparcamiento,interurbana,17 125,13.0,4.0,0.0,76.0,sí,51.0,14.0,0,madrid,mediador,26.0
05/06/2025,3833.499560890287,alcance,autopista,30 115,21.0,4.0,0.0,32.0,sí,26.0,10.0,600,madrid,mediador,89.0
07/08/2024,2475.815780692551,salida de vía,urbana,18 933,4.0,2.0,0.0,41.0,sí,39.0,18.0,600,sevilla,mediador,114.0
24/12/2024,17100.6023657282,incendio,urbana,5 630,6.0,2.0,0.0,53.0,sí,46.0,16.0,150,barcelona,banca seguros,147.0
04/02/2025,2831.6941340885646,salida de vía,interurbana,16 459,5.0,1.0,1.0,79.0,sí,35.0,36.0,150,barcelona,banca seguros,68.0
01/03/2024,9932.0080930847,colisión frontal,interurbana,10 223,10.0,2.0,2.0,35.0,sí,38.0,1.0,0,madrid,directo,168.0
12/07/2025,2290.490941570841,golpe en aparcamiento,urbana,57 694,12.0,1.0,1.0,55.0,no,51.0,41.0,150,barcelona,mediador,10.0
01/03/2024,2734.051918790831,colision frontal,urbana,13 708,1.0,1.0,2.0,70.0,no,43.0,33.0,0,coruña,directo,2.0
25/12/2024,735.5068185679133,salida de vía,urbana,9 028,1.0,2.0,0.0,85.0,sí,38.0,42.0,0,barcelona,mediador,70.0
20/04/2024,4265.219536169587,colisión frontal,autopista,5 064,7.0,2.0,0.0,22.0,no,41.0,33.0,0,madrid,mediador,13.0
08/08/2024,1766.9270164329575,salida de vía,interurbana,6 105,1.0,1.0,0.0,58.0,sí,35.0,38.0,600,valencia,banca seguros,76.0
18/04/2024,3723.730350657836,salida de vía,autopista,5 464,8.0,3.0,0.0,98.0,no,32.0,15.0,0,zaragoza,directo,94.0
02/09/2025,1909.869873628679,ALCANCE,urbana,16 161,10.0,1.0,0.0,27.0,sí,59.0,6.0,150,coruña,mediador,156.0
02/11/2024,10251.922917025142,incendio,urbana,6 607,13.0,3.0,0.0,11.0,no,46.0,43.0,0,sevilla,mediador,1.0
27/10/2024,1140.3796471285332,golpe en aparcamiento,urbana,14 020,6.0,3.0,0.0,81.0,sí,49.0,24.0,300,coruña,mediador,86.0
21/03/2024,745.0490352999641,golpe en aparcamiento,interurbana,12 339,0.0,2.0,0.0,68.0,no,45.0,19.0,300,zaragoza,directo,52.0
31/12/2024,1476.162911280432,robo,urbana,13 113,3.0,1.0,0.0,43.0,no,30.0,26.0,0,valencia,mediador,40.0
12/06/2025,2166.615137027146,alcance,urbana,45 644,13.0,2.0,0.0,64.0,no,34.0,15.0,0,barcelona,mediador,61.0
06/02/2024,1056.539167514547,alcance,urbana,12 918,3.0,2.0,1.0,67.0,no,44.0,45.0,0,coruña,mediador,179.0
03/05/2025,1977.0528894905706,golpe en aparcamiento,interurbana,16 600,12.0,4.0,2.0,45.0,N/D,32.0,10.0,150,madrid,banca seguros,81.0
08/12/2025,4064.8254997002423,colision frontal,urbana,21 263,22.0,2.0,0.0,33.0,no,56.0,18.0,150,barcelona,banca seguros,59.0
01/01/2025,5015.004571936185,alcance,interurbana,14 987,3.0,3.0,0.0,83.0,sí,38.0,34.0,0,coruña,mediador,74.0
13/08/2024,1684.976407203792,salida de vía,autopista,9 316,18.0,2.0,2.0,47.0,no,57.0,42.0,150,madrid,mediador,169.0
24/04/2025,1951.4538926895516,colisión frontal,urbana,6 624,21.0,2.0,0.0,59.0,sí,88.0,38.0,0,valencia,mediador,93.0
19/02/2024,905.9207993699825,robo,urbana,23 290,6.0,1.0,0.0,44.0,no,54.0,16.0,600,coruña,mediador,29.0
10/02/2024,893.6311860283529,  alcance ,urbana,6 301,20.0,5.0,0.0,65.0,sí,18.0,41.0,150,sevilla,directo,123.0
18/11/2025,4388.195217870611,colision frontal,urbana,23 177,10.0,2.0,0.0,47.0,sí,58.0,43.0,300,valencia,mediador,71.0
25/10/2025,4648.137786887505,  colisión frontal ,interurbana,15 145,7.0,1.0,0.0,25.0,sí,72.0,45.0,300,zaragoza,mediador,13.0
06/09/2024,800.5425717116087,golpe en aparcamiento,urbana,21 951,6.0,1.0,0.0,41.0,no,50.0,29.0,300,zaragoza,directo,73.0
01/10/2025,526.4647968340545,golpe en aparcamiento,interurbana,12 262,5.0,2.0,0.0,35.0,N/D,32.0,8.0,0,zaragoza,mediador,8.0
29/01/2024,3546.938260522044,alcance,urbana,34 460,19.0,1.0,0.0,51.0,sí,18.0,18.0,150,barcelona,mediador,137.0
27/06/2024,550.9248563998475,  colisión frontal ,urbana,8 696,22.0,1.0,1.0,46.0,no,36.0,11.0,0,coruña,mediador,70.0
25/08/2025,696.9021790267199,salida de vía,urbana,8 509,13.0,2.0,0.0,70.0,no,52.0,27.0,150,sevilla,directo,105.0
19/09/2025,1932.1428978998326,robo,urbana,5 746,0.0,1.0,0.0,49.0,sí,30.0,28.0,600,barcelona,banca seguros,166.0
26/03/2025,3940.4907922139523,  colisión frontal ,urbana,18 056,1.0,3.0,1.0,55.0,sí,44.0,1.0,0,barcelona,mediador,179.0
27/08/2025,1297.8396383350025,ALCANCE,autopista,4 182,4.0,2.0,0.0,95.0,no,52.0,31.0,600,zaragoza,banca seguros,153.0
27/08/2025,4968.4169094949975,SALIDA DE VÍA,interurbana,65 614,5.0,2.0,0.0,55.0,sí,69.0,38.0,0,coruña,mediador,166.0
12/03/2024,1045.55872547988,colisión frontal,interurbana,10 008,15.0,1.0,1.0,84.0,no,65.0,31.0,150,madrid,mediador,163.0
10/03/2024,3565.0020120350346,colisión frontal,urbana,16 876,12.0,1.0,0.0,75.0,sí,29.0,20.0,0,coruña,mediador,113.0
07/09/2025,807.6824549652811,alcance,interurbana,11 255,5.0,1.0,0.0,32.0,no,69.0,17.0,150,valencia,banca seguros,133.0
23/03/2025,3183.3782966826534,  colisión frontal ,urbana,17 229,22.0,2.0,0.0,35.0,no,41.0,32.0,150,madrid,directo,163.0
27/01/2024,715.3168501713099,  alcance ,urbana,6 834,6.0,1.0,0.0,87.0,N/D,57.0,29.0,150,valencia,banca seguros,163.0
06/05/2025,379.11705293299553,GOLPE EN APARCAMIENTO,urbana,8 133,0.0,1.0,1.0,79.0,sí,44.0,29.0,0,madrid,mediador,155.0
30/05/2024,1721.4182746629406,alcance,urbana,21 263,22.0,2.0,0.0,65.0,no,31.0,24.0,0,zaragoza,banca seguros,166.0
07/10/2025,426.9953385092645,salida de vía,interurbana,4 909,8.0,1.0,0.0,61.0,no,53.0,12.0,150,valencia,banca seguros,29.0
29/06/2024,2099.3142446438615,alcance,autopista,39 564,21.0,2.0,1.0,30.0,no,50.0,21.0,0,barcelona,mediador,125.0
17/05/2024,820.1223631111473,salida de via,urbana,9 665,1.0,1.0,0.0,69.0,sí,53.0,35.0,0,barcelona,mediador,10.0
31/10/2025,3089.344311188457,golpe en aparcamiento,autopista,24 124,4.0,3.0,0.0,77.0,sí,63.0,28.0,150,barcelona,mediador,175.0
17/12/2024,5911.34699843507,alcance,interurbana,17 255,8.0,5.0,1.0,22.0,no,39.0,19.0,150,coruña,banca seguros,117.0
16/08/2024,271.0950200087643,golpe en aparcamiento,urbana,5 963,14.0,2.0,0.0,37.0,no,60.0,33.0,300,zaragoza,directo,77.0
24/03/2024,1030.4700606746335,alcance,interurbana,14 657,7.0,2.0,1.0,44.0,no,44.0,37.0,0,madrid,mediador,89.0
08/12/2024,228.24203665114362,golpe en aparcamiento,interurbana,7 019,11.0,2.0,0.0,36.0,no,32.0,23.0,0,valencia,directo,103.0
07/06/2025,549.3135565160895,golpe en aparcamiento,interurbana,6 797,20.0,2.0,0.0,61.0,sí,51.0,11.0,600,sevilla,directo,44.0
26/12/2024,766.6730002725791,alcance,urbana,5 504,2.0,1.0,0.0,68.0,sí,39.0,1.0,150,valencia,directo,120.0
11/01/2025,1901.6930402913156,colisión frontal,urbana,4 744,10.0,3.0,1.0,41.0,no,41.0,24.0,0,barcelona,mediador,135.0
31/10/2024,586.9943457781368,GOLPE EN APARCAMIENTO,interurbana,13 885,20.0,1.0,0.0,82.0,no,87.0,38.0,0,zaragoza,mediador,135.0
01/12/2025,1471.3339967637114,alcance,urbana,27 932,8.0,4.0,0.0,48.0,sí,33.0,38.0,0,barcelona,directo,78.0
30/07/2025,807.2301358507667,  alcance ,interurbana,21 236,22.0,2.0,0.0,61.0,no,47.0,31.0,300,valencia,mediador,173.0
15/11/2024,2237.446244141712,SALIDA DE VÍA,interurbana,6 765,18.0,2.0,0.0,23.0,no,32.0,49.0,0,sevilla,mediador,44.0
28/07/2024,2142.055151275005,robo,urbana,13 810,21.0,4.0,0.0,86.0,no,72.0,27.0,0,sevilla,banca seguros,29.0
28/12/2025,1495.2389014611927,alcance,urbana,31 570,9.0,1.0,0.0,67.0,sí,33.0,19.0,150,valencia,mediador,145.0
22/12/2025,1375.923416992676,  golpe en aparcamiento ,interurbana,13 071,19.0,4.0,0.0,82.0,no,55.0,18.0,300,sevilla,banca seguros,38.0
10/11/2025,729.4545603105223,salida de vía,urbana,6 475,3.0,4.0,0.0,70.0,no,64.0,32.0,300,coruña,mediador,179.0
05/01/2024,404.3371243022835,golpe en aparcamiento,autopista,7 312,13.0,3.0,0.0,45.0,sí,44.0,20.0,0,coruña,directo,151.0
24/03/2024,19135.323881332966,incendio,urbana,19 049,14.0,1.0,0.0,63.0,no,71.0,7.0,0,valencia,banca seguros,153.0
13/09/2024,4680.41906916925,ROBO,urbana,15 343,15.0,1.0,0.0,68.0,sí,60.0,41.0,0,barcelona,banca seguros,99.0
28/04/2024,472.3767520114685,golpe en aparcamiento,urbana,5 472,3.0,3.0,0.0,60.0,no,28.0,14.0,600,zaragoza,directo,26.0
07/08/2025,4504.010862184427,salida de vía,autopista,19 871,19.0,5.0,0.0,27.0,sí,45.0,39.0,600,barcelona,mediador,100.0
19/10/2025,439.26447129429164,colisión frontal,urbana,4 524,20.0,1.0,0.0,89.0,no,34.0,12.0,300,sevilla,mediador,10.0
13/04/2024,1101.272327517813,golpe en aparcamiento,urbana,8 493,2.0,4.0,0.0,36.0,sí,36.0,13.0,300,zaragoza,mediador,137.0
15/12/2024,265.78661613200245,  golpe en aparcamiento ,urbana,8 964,11.0,1.0,0.0,46.0,no,31.0,27.0,150,sevilla,directo,86.0
05/11/2024,1352.678977329427,alcance,urbana,14 386,11.0,1.0,0.0,62.0,no,37.0,37.0,150,valencia,directo,142.0
15/01/2024,387.73259197058303,golpe en aparcamiento,urbana,7 549,21.0,2.0,0.0,68.0,no,31.0,43.0,150,madrid,banca seguros,176.0
04/02/2024,936.9571963934613,robo,interurbana,7 205,11.0,2.0,0.0,67.0,N/D,54.0,44.0,0,coruña,mediador,158.0
04/08/2025,4210.149691877158,robo,urbana,28 225,17.0,1.0,0.0,25.0,no,57.0,9.0,0,sevilla,mediador,68.0
06/08/2025,2506.2993177740586,alcance,interurbana,9 330,2.0,2.0,0.0,52.0,N/D,39.0,2.0,0,barcelona,banca seguros,144.0
19/09/2024,962.8543978091667,ALCANCE,autopista,5 725,1.0,1.0,0.0,47.0,sí,26.0,50.0,600,sevilla,mediador,151.0
22/01/2024,934.5643558408229,alcance,urbana,21 488,17.0,2.0,0.0,64.0,sí,39.0,30.0,0,sevilla,directo,56.0
01/01/2025,235.92690261176173,golpe en aparcamiento,urbana,10 734,4.0,1.0,0.0,52.0,no,52.0,41.0,600,sevilla,directo,102.0
09/02/2025,4578.5744392183615,salida de vía,urbana,37 936,19.0,1.0,1.0,25.0,sí,49.0,14.0,150,valencia,directo,54.0
16/07/2025,4356.237391109041,robo,urbana,12 322,16.0,1.0,0.0,91.0,no,32.0,50.0,0,madrid,directo,108.0
19/07/2025,6228.6413397369715,robo,autopista,25 448,4.0,1.0,2.0,63.0,no,47.0,10.0,600,valencia,directo,46.0
03/07/2025,308.5825198040358,  alcance ,urbana,5 816,6.0,3.0,1.0,56.0,no,54.0,14.0,0,madrid,mediador,79.0
28/10/2025,65.26406322879288,GOLPE EN APARCAMIENTO,autopista,2 031,8.0,1.0,0.0,56.0,sí,64.0,6.0,300,madrid,banca seguros,98.0
27/09/2024,1226.606992596349,robo,urbana,7 101,1.0,5.0,0.0,36.0,no,70.0,0.0,600,zaragoza,mediador,179.0
11/08/2025,606.9517346478419,alcance,interurbana,6 005,12.0,2.0,0.0,76.0,no,50.0,26.0,600,madrid,directo,7.0
24/05/2024,5113.310984560614,colisión frontal,interurbana,5 677,12.0,4.0,0.0,56.0,sí,30.0,29.0,0,sevilla,directo,50.0
24/09/2024,352.40828368927987,alcance,urbana,2 494,22.0,4.0,1.0,34.0,sí,53.0,8.0,0,coruña,mediador,115.0
29/09/2024,1966.664960550294,alcance,urbana,36 164,21.0,3.0,0.0,53.0,no,23.0,21.0,0,coruña,mediador,157.0
20/11/2024,1784.6892747836127,golpe en aparcamiento,urbana,19 669,5.0,5.0,0.0,49.0,no,41.0,9.0,600,madrid,banca seguros,161.0
23/08/2024,743.2637851042284,salida de vía,urbana,12 721,16.0,1.0,0.0,58.0,no,50.0,35.0,150,valencia,directo,42.0
27/05/2025,1977.0186571338866,colisión frontal,urbana,8 222,7.0,2.0,0.0,64.0,no,58.0,48.0,0,coruña,directo,142.0
19/05/2025,3783.7819349502447,COLISIÓN FRONTAL,autopista,11 751,4.0,2.0,0.0,0.0,sí,27.0,33.0,300,zaragoza,banca seguros,22.0
04/10/2024,1178.6071725806112,alcance,urbana,10 966,21.0,2.0,0.0,14.0,no,81.0,0.0,150,sevilla,directo,65.0
02/10/2024,1202.0897373543282,alcance,interurbana,8 141,5.0,3.0,0.0,91.0,no,57.0,47.0,150,sevilla,directo,111.0
31/08/2024,1255.5904746862668,  alcance ,interurbana,16 352,13.0,4.0,0.0,31.0,no,69.0,14.0,300,coruña,directo,51.0
03/05/2025,434.5480906336305,  golpe en aparcamiento ,urbana,14 166,9.0,1.0,0.0,69.0,no,38.0,9.0,600,barcelona,mediador,17.0
14/12/2025,1657.2785166670378,alcance,autopista,10 472,12.0,2.0,0.0,59.0,no,55.0,14.0,600,madrid,directo,20.0
05/09/2025,854.941614015713,salida de vía,urbana,2 173,2.0,2.0,1.0,38.0,sí,26.0,47.0,150,barcelona,mediador,102.0
29/07/2024,12316.489467723519,  robo ,interurbana,21 651,1.0,2.0,0.0,87.0,sí,41.0,47.0,150,sevilla,mediador,64.0
02/05/2025,3830.83022872677,ROBO,urbana,21 172,15.0,2.0,0.0,77.0,no,42.0,31.0,300,sevilla,directo,111.0
13/12/2024,1463.4588500706698,ALCANCE,urbana,8 133,22.0,1.0,0.0,38.0,no,39.0,9.0,150,valencia,banca seguros,176.0
15/01/2025,848.9719154839738,alcance,urbana,15 505,12.0,1.0,0.0,91.0,no,44.0,46.0,150,zaragoza,mediador,86.0
10/12/2025,582.83900436005,alcance,interurbana,13 664,22.0,1.0,0.0,96.0,no,49.0,17.0,0,zaragoza,mediador,10.0
05/12/2025,5857.262917143678,  salida de vía ,autopista,20 475,14.0,3.0,0.0,49.0,N/D,52.0,41.0,150,coruña,mediador,20.0
17/02/2025,411.33282858642957,alcance,interurbana,5 439,22.0,1.0,0.0,46.0,no,27.0,12.0,0,valencia,directo,19.0
25/09/2024,2463.4033843259526,  colisión frontal ,urbana,8 902,17.0,3.0,1.0,69.0,sí,18.0,25.0,0,madrid,banca seguros,60.0
05/11/2025,154.17950497229901,golpe en aparcamiento,urbana,13 527,3.0,1.0,2.0,86.0,no,54.0,33.0,0,zaragoza,directo,168.0
21/08/2025,2912.2919894560605,salida de vía,urbana,14 600,7.0,1.0,0.0,31.0,no,47.0,48.0,150,sevilla,banca seguros,46.0
29/11/2024,4276.550604032284,golpe en aparcamiento,autopista,39 407,21.0,5.0,0.0,11.0,no,74.0,21.0,0,zaragoza,directo,38.0
13/08/2025,3297.9151669054945,alcance,interurbana,18 427,9.0,1.0,2.0,73.0,sí,34.0,31.0,0,coruña,mediador,17.0
08/03/2025,408.7745110120907,alcance,urbana,9 917,4.0,1.0,0.0,50.0,no,35.0,12.0,150,valencia,directo,8.0
04/06/2025,2290.2811070645334,alcance,autopista,23 757,17.0,3.0,0.0,25.0,no,75.0,16.0,150,coruña,directo,180.0
18/01/2024,973.3808228534259,alcance,autopista,7 682,13.0,3.0,0.0,75.0,no,60.0,45.0,0,sevilla,mediador,76.0
24/06/2024,1434.6753358983615,alcance,autopista,8 122,3.0,1.0,0.0,80.0,no,46.0,50.0,300,coruña,mediador,129.0
05/08/2025,584.3252804401078,alcance,urbana,10 235,4.0,1.0,0.0,89.0,no,30.0,50.0,0,madrid,mediador,137.0
26/02/2025,878.0419722990617,robo,urbana,4 274,19.0,1.0,0.0,37.0,no,31.0,17.0,600,madrid,banca seguros,59.0
10/06/2025,872.4120302551245,alcance,urbana,6 267,6.0,2.0,0.0,75.0,no,40.0,7.0,0,coruña,directo,55.0
19/07/2025,437.6795654031023,GOLPE EN APARCAMIENTO,urbana,12 308,16.0,1.0,0.0,35.0,no,32.0,29.0,150,madrid,directo,165.0
26/09/2025,1031.0724203821355,COLISIÓN FRONTAL,interurbana,4 380,13.0,1.0,0.0,59.0,no,39.0,7.0,0,valencia,mediador,54.0
15/09/2024,1758.408413595503,golpe en aparcamiento,autopista,16 213,1.0,2.0,1.0,91.0,no,36.0,25.0,600,madrid,mediador,107.0
30/04/2024,1046.7263825332352,golpe en aparcamiento,autopista,15 654,13.0,1.0,0.0,30.0,no,23.0,42.0,0,madrid,banca seguros,134.0
11/11/2025,1017.8303158485265,salida de vía,interurbana,3 724,2.0,2.0,0.0,75.0,no,45.0,29.0,0,barcelona,directo,100.0
25/08/2024,513.86180351498,alcance,interurbana,9 661,9.0,1.0,0.0,42.0,no,46.0,17.0,600,madrid,directo,126.0
17/12/2025,1768.7233844400448,  alcance ,urbana,19 279,19.0,2.0,2.0,35.0,no,19.0,31.0,0,coruña,mediador,120.0
02/05/2024,1162.227843706298,alcance,urbana,6 558,12.0,2.0,0.0,113.0,no,37.0,46.0,150,madrid,mediador,156.0
19/08/2025,2252.918580194012,  salida de vía ,interurbana,3 521,19.0,1.0,0.0,56.0,N/D,22.0,40.0,300,valencia,mediador,160.0
15/06/2025,5864.593841859098,colisión frontal,urbana,23 492,21.0,1.0,0.0,21.0,sí,39.0,15.0,0,madrid,directo,13.0
25/06/2024,228.89602224401995,golpe en aparcamiento,urbana,9 734,22.0,1.0,0.0,64.0,no,28.0,15.0,600,sevilla,directo,16.0
12/01/2025,4423.576570277961,alcance,autopista,21 081,10.0,3.0,0.0,28.0,sí,47.0,24.0,0,zaragoza,directo,46.0
22/09/2024,1450.5833598008985,alcance,urbana,11 334,18.0,3.0,1.0,62.0,no,35.0,46.0,300,madrid,directo,81.0
02/05/2025,408.7186939588868,golpe en aparcamiento,urbana,12 578,2.0,1.0,0.0,54.0,sí,44.0,5.0,600,zaragoza,mediador,175.0
29/03/2025,439.14142177529203,golpe en aparcamiento,urbana,6 919,1.0,1.0,0.0,31.0,no,47.0,22.0,0,sevilla,mediador,93.0
12/05/2024,1115.719346865242,golpe en aparcamiento,interurbana,12 158,3.0,1.0,0.0,28.0,no,32.0,9.0,0,valencia,mediador,26.0
08/05/2025,20839.971829862065,incendio,urbana,11 788,8.0,2.0,0.0,59.0,no,57.0,47.0,0,valencia,mediador,46.0
18/02/2024,219.31760677490738,golpe en aparcamiento,urbana,7 824,9.0,2.0,0.0,49.0,sí,66.0,3.0,0,barcelona,directo,99.0
10/06/2025,2084.450890457126,golpe en aparcamiento,urbana,27 805,7.0,1.0,0.0,31.0,sí,60.0,18.0,600,coruña,mediador,39.0
23/09/2025,2663.7721333821537,colisión frontal,urbana,5 083,7.0,1.0,0.0,52.0,sí,54.0,30.0,150,sevilla,directo,168.0
13/09/2024,656.417403724653,alcance,urbana,6 610,16.0,1.0,1.0,29.0,no,82.0,47.0,0,madrid,mediador,68.0
10/04/2024,797.2878168988918,alcance,interurbana,2 507,8.0,1.0,0.0,67.0,sí,57.0,19.0,0,sevilla,directo,2.0
07/03/2025,2682.9449286327663,alcance,urbana,29 409,18.0,1.0,0.0,50.0,no,53.0,48.0,300,madrid,banca seguros,88.0
09/03/2024,558.3125508232408,golpe en aparcamiento,urbana,9 355,4.0,2.0,0.0,20.0,no,67.0,17.0,0,sevilla,directo,96.0
12/03/2025,3897.005349226285,  salida de vía ,interurbana,27 653,2.0,2.0,0.0,0.0,no,41.0,23.0,0,sevilla,directo,134.0
25/10/2025,1163.539204720655,alcance,urbana,24 605,16.0,2.0,0.0,2.0,N/D,34.0,22.0,150,coruña,mediador,95.0
24/08/2024,763.5985194533224,salida de vía,interurbana,8 969,18.0,1.0,0.0,50.0,no,47.0,48.0,300,madrid,mediador,123.0
24/05/2025,1076.986270183118,alcance,urbana,7 787,14.0,2.0,0.0,56.0,no,53.0,9.0,300,zaragoza,directo,83.0
29/11/2025,5990.762067060808,salida de vía,urbana,35 708,0.0,1.0,0.0,92.0,no,35.0,13.0,0,barcelona,mediador,166.0
12/10/2024,1156.980068283432,golpe en aparcamiento,urbana,14 660,10.0,3.0,0.0,35.0,no,34.0,18.0,150,valencia,banca seguros,21.0
01/06/2025,1060.2198863823292,robo,urbana,4 802,4.0,4.0,0.0,63.0,no,53.0,27.0,150,sevilla,mediador,148.0
03/08/2025,774.3867743031096,alcance,urbana,4 517,7.0,1.0,1.0,30.0,no,36.0,49.0,0,madrid,banca seguros,75.0
02/11/2025,2798.0428344664388,robo,interurbana,10 079,5.0,3.0,1.0,29.0,N/D,52.0,20.0,300,zaragoza,mediador,78.0
18/07/2024,9659.354392265743,incendio,interurbana,15 316,22.0,2.0,0.0,27.0,no,18.0,20.0,300,coruña,mediador,106.0
02/09/2024,273.760280433366,  alcance ,urbana,8 778,19.0,1.0,2.0,79.0,no,42.0,49.0,150,sevilla,directo,177.0
20/01/2024,1377.4218487938901,alcance,autopista,11 489,14.0,1.0,0.0,35.0,no,53.0,45.0,150,barcelona,directo,131.0
31/05/2024,2527.180377874273,salida de via,autopista,12 020,7.0,1.0,0.0,33.0,no,30.0,42.0,0,coruña,directo,114.0
17/06/2025,2369.847712014837,robo,interurbana,11 616,18.0,2.0,0.0,61.0,no,44.0,41.0,0,valencia,mediador,55.0
14/08/2024,7181.983873355793,  incendio ,interurbana,8 182,5.0,2.0,0.0,59.0,no,65.0,47.0,0,sevilla,mediador,9.0
18/09/2024,1691.21730004678,alcance,urbana,15 356,8.0,1.0,1.0,113.0,sí,49.0,44.0,0,barcelona,directo,118.0
02/06/2025,139.0506761739493,alcance,urbana,4 541,11.0,1.0,0.0,20.0,no,54.0,27.0,0,valencia,directo,123.0
02/04/2024,564.3532438558772,golpe en aparcamiento,urbana,11 138,20.0,1.0,1.0,47.0,no,41.0,21.0,600,sevilla,mediador,51.0
21/08/2025,1477.830542624413,golpe en aparcamiento,urbana,37 660,17.0,1.0,0.0,26.0,no,31.0,13.0,0,barcelona,mediador,180.0
21/08/2025,333.58743054859013,golpe en aparcamiento,interurbana,2 163,6.0,1.0,0.0,45.0,no,34.0,30.0,0,valencia,directo,151.0
29/12/2025,6451.5296298084995,colisión frontal,interurbana,9 667,6.0,1.0,0.0,45.0,sí,33.0,25.0,0,coruña,directo,91.0
20/09/2024,887.8714541149011,golpe en aparcamiento,interurbana,10 481,20.0,2.0,2.0,14.0,sí,26.0,11.0,600,valencia,directo,49.0
02/10/2024,1077.2870297596457,colisión frontal,autopista,5 095,16.0,1.0,0.0,49.0,no,42.0,1.0,150,barcelona,banca seguros,47.0
18/11/2024,4538.879752225603,salida de vía,urbana,15 236,3.0,1.0,0.0,51.0,no,28.0,14.0,0,zaragoza,mediador,10.0
08/08/2024,2687.684403889446,salida de vía,interurbana,12 873,16.0,2.0,0.0,16.0,no,25.0,40.0,0,valencia,directo,97.0
20/11/2025,1476.7723894197054,golpe en aparcamiento,autopista,10 704,13.0,3.0,0.0,26.0,no,44.0,44.0,300,valencia,mediador,95.0
12/03/2025,1229.3876634948333,alcance,interurbana,4 929,5.0,1.0,0.0,20.0,no,42.0,18.0,150,valencia,banca seguros,109.0
19/11/2024,389.0662191591163,golpe en aparcamiento,urbana,16 885,17.0,2.0,0.0,75.0,no,71.0,31.0,150,coruña,mediador,55.0
08/10/2025,1854.7808560116766,alcance,urbana,7 109,14.0,1.0,0.0,41.0,no,65.0,32.0,150,zaragoza,mediador,93.0
12/09/2024,2567.37176107486,SALIDA DE VÍA,urbana,29 435,13.0,3.0,0.0,35.0,no,51.0,33.0,600,madrid,mediador,109.0
21/03/2025,891.9293733540079,  robo ,urbana,10 484,12.0,2.0,0.0,73.0,no,31.0,6.0,300,madrid,banca seguros,108.0
07/06/2025,295.0889808510204,alcance,urbana,8 458,5.0,2.0,0.0,35.0,no,48.0,50.0,150,valencia,mediador,162.0
21/04/2025,842.558240928745,alcance,autopista,5 030,7.0,4.0,0.0,10.0,sí,32.0,35.0,0,coruña,directo,1.0
09/06/2025,5294.338496764064,SALIDA DE VÍA,autopista,56 433,7.0,1.0,0.0,67.0,sí,45.0,2.0,0,barcelona,mediador,46.0
31/05/2025,2186.331791000001,  colisión frontal ,autopista,12 797,0.0,4.0,0.0,49.0,no,66.0,0.0,0,sevilla,mediador,114.0
19/02/2025,3701.8240425285067,COLISIÓN FRONTAL,urbana,13 601,4.0,2.0,1.0,46.0,sí,38.0,4.0,150,madrid,mediador,143.0
26/09/2025,409.9093544286111,golpe en aparcamiento,interurbana,12 533,9.0,2.0,0.0,67.0,no,35.0,47.0,150,barcelona,mediador,83.0
25/07/2024,2779.7015386097787,salida de vía,urbana,5 371,8.0,4.0,0.0,76.0,no,51.0,39.0,600,zaragoza,directo,77.0
28/12/2024,6109.311684528096,  robo ,urbana,20 417,2.0,3.0,0.0,26.0,no,44.0,22.0,300,barcelona,mediador,100.0
26/10/2025,833.3673417861198,salida de vía,urbana,6 479,14.0,2.0,0.0,45.0,sí,46.0,39.0,300,sevilla,directo,20.0
10/08/2024,5449.140330201747,salida de vía,urbana,5 055,11.0,5.0,0.0,29.0,N/D,48.0,46.0,0,valencia,mediador,73.0
20/09/2024,255.11820992150558,golpe en aparcamiento,urbana,19 419,2.0,1.0,0.0,11.0,no,39.0,36.0,600,madrid,banca seguros,74.0
30/08/2025,427.46491288079324,  golpe en aparcamiento ,interurbana,14 660,14.0,1.0,0.0,49.0,sí,19.0,30.0,150,valencia,banca seguros,175.0
27/07/2025,1186.8529314003254,robo,urbana,11 723,8.0,2.0,1.0,56.0,no,47.0,11.0,300,barcelona,directo,121.0
03/05/2024,944.6975650168321,alcance,urbana,15 630,21.0,2.0,0.0,53.0,sí,30.0,31.0,150,zaragoza,mediador,38.0
22/08/2025,701.4208175798182,golpe en aparcamiento,autopista,6 079,0.0,1.0,0.0,17.0,no,21.0,44.0,0,madrid,banca seguros,75.0
08/04/2024,2296.6427913927077,golpe en aparcamiento,urbana,12 954,5.0,3.0,0.0,55.0,no,57.0,42.0,0,sevilla,directo,170.0
07/04/2024,993.6596734130654,alcance,interurbana,6 113,7.0,3.0,0.0,71.0,no,35.0,31.0,0,zaragoza,banca seguros,135.0
04/09/2024,4048.372783352176,alcance,autopista,6 389,3.0,4.0,0.0,86.0,no,44.0,23.0,0,coruña,mediador,116.0
29/07/2025,5964.788243531848,alcance,interurbana,28 211,3.0,5.0,0.0,52.0,sí,21.0,41.0,300,sevilla,mediador,18.0
02/04/2025,772.647042160903,golpe en aparcamiento,interurbana,17 124,2.0,1.0,0.0,103.0,no,44.0,0.0,600,madrid,mediador,158.0
09/10/2025,1716.4149099319943,golpe en aparcamiento,autopista,29 412,11.0,1.0,0.0,65.0,no,32.0,19.0,150,zaragoza,directo,89.0
29/06/2024,1533.216770311935,colisión frontal,interurbana,2 050,12.0,2.0,3.0,55.0,sí,34.0,35.0,150,madrid,directo,3.0
17/03/2024,1145.744521529058,ROBO,interurbana,25 593,19.0,1.0,0.0,88.0,no,27.0,1.0,0,madrid,directo,94.0
12/12/2025,1258.7538899047001,alcance,interurbana,7 219,16.0,2.0,0.0,67.0,no,36.0,14.0,150,sevilla,directo,47.0
16/06/2025,292.17312932486124,  golpe en aparcamiento ,interurbana,29 768,22.0,1.0,0.0,55.0,no,35.0,39.0,150,madrid,mediador,58.0
21/02/2025,3719.411432312868,colisión frontal,urbana,5 753,5.0,1.0,0.0,13.0,no,20.0,34.0,600,coruña,directo,33.0
27/11/2025,891.2889027034506,ROBO,urbana,5 380,8.0,1.0,1.0,42.0,N/D,47.0,33.0,150,valencia,mediador,143.0
27/03/2024,1939.2655641033475,alcance,autopista,10 194,4.0,1.0,1.0,42.0,no,30.0,28.0,0,zaragoza,directo,54.0
07/05/2025,8370.057160025079,incendio,urbana,7 974,19.0,2.0,1.0,44.0,no,60.0,31.0,150,coruña,directo,36.0
29/06/2025,3867.134139465471,colisión frontal,urbana,10 287,15.0,3.0,0.0,102.0,N/D,52.0,17.0,0,zaragoza,mediador,118.0
07/09/2025,91.50916726240163,  alcance ,urbana,4 556,8.0,1.0,0.0,58.0,no,44.0,10.0,300,valencia,mediador,78.0
19/08/2025,936.201246964136,golpe en aparcamiento,urbana,15 091,6.0,2.0,0.0,32.0,sí,53.0,35.0,300,barcelona,directo,113.0
16/11/2024,2151.344925007081,alcance,interurbana,28 619,4.0,1.0,0.0,18.0,sí,51.0,3.0,300,coruña,directo,43.0
13/01/2024,492.72206619937697,golpe en aparcamiento,urbana,6 196,8.0,3.0,1.0,54.0,sí,37.0,18.0,150,sevilla,mediador,130.0
26/12/2025,715.4318671176425,SALIDA DE VÍA,urbana,5 907,21.0,1.0,0.0,19.0,no,42.0,42.0,0,zaragoza,directo,139.0
12/11/2024,5634.240667746292,colisión frontal,urbana,19 020,12.0,4.0,0.0,91.0,no,42.0,16.0,0,madrid,mediador,105.0
05/11/2024,83430.76460807516,INCENDIO,urbana,18 285,0.0,1.0,0.0,47.0,no,38.0,26.0,150,coruña,mediador,142.0
04/05/2025,5098.0818352693905,ROBO,urbana,13 811,5.0,4.0,0.0,6.0,no,41.0,23.0,150,madrid,mediador,151.0
23/06/2025,2874.026013577592,alcance,urbana,13 190,16.0,3.0,0.0,45.0,sí,51.0,43.0,150,valencia,mediador,16.0
23/01/2025,165.50618039739535,alcance,autopista,3 163,6.0,1.0,0.0,64.0,sí,54.0,18.0,150,valencia,directo,85.0
06/11/2025,1918.3539876301174,alcance,urbana,5 716,15.0,3.0,1.0,75.0,no,27.0,11.0,150,barcelona,mediador,19.0
16/01/2024,1842.6954601408959,  golpe en aparcamiento ,interurbana,16 885,12.0,2.0,0.0,69.0,sí,35.0,29.0,0,zaragoza,mediador,100.0
06/07/2024,2347.2040797468944,alcance,interurbana,13 627,9.0,1.0,0.0,32.0,no,38.0,4.0,0,barcelona,mediador,24.0
21/10/2024,110.57412124133053,golpe en aparcamiento,urbana,2 966,2.0,1.0,0.0,0.0,no,48.0,40.0,0,barcelona,directo,132.0
27/07/2025,924.7859995265624,golpe en aparcamiento,interurbana,19 760,0.0,1.0,3.0,58.0,no,63.0,43.0,300,madrid,banca seguros,118.0
28/01/2025,424.95851793649024,  golpe en aparcamiento ,interurbana,3 770,6.0,1.0,0.0,35.0,sí,36.0,33.0,150,sevilla,mediador,107.0
05/08/2025,1701.4126400166303,salida de vía,urbana,10 250,2.0,1.0,1.0,50.0,no,55.0,13.0,0,valencia,mediador,3.0
09/05/2024,1108.5076244024303,alcance,autopista,13 431,13.0,2.0,0.0,69.0,no,47.0,3.0,150,barcelona,mediador,119.0
07/11/2025,1724.6116034059078,golpe en aparcamiento,interurbana,26 983,12.0,5.0,2.0,49.0,no,57.0,15.0,600,zaragoza,directo,77.0
24/04/2024,1271.5055501959455,alcance,urbana,8 397,9.0,2.0,1.0,54.0,no,46.0,10.0,600,sevilla,mediador,101.0
15/02/2024,1043.6755865754487,golpe en aparcamiento,urbana,28 258,3.0,3.0,0.0,90.0,no,36.0,18.0,600,madrid,banca seguros,171.0
17/06/2024,1890.553967711712,  salida de vía ,urbana,4 390,22.0,2.0,0.0,82.0,no,31.0,4.0,600,coruña,directo,165.0
14/09/2024,2514.8877285823764,  alcance ,urbana,12 896,6.0,4.0,0.0,50.0,no,62.0,18.0,600,madrid,directo,81.0
10/07/2024,814.4789479720935,robo,urbana,3 970,20.0,3.0,0.0,55.0,no,52.0,15.0,0,madrid,directo,145.0
20/07/2025,379.24671071046413,golpe en aparcamiento,urbana,7 862,12.0,1.0,1.0,60.0,no,30.0,4.0,300,barcelona,mediador,177.0
05/11/2025,1182.1992279869557,golpe en aparcamiento,autopista,24 453,12.0,1.0,0.0,57.0,no,53.0,41.0,0,sevilla,mediador,164.0
22/08/2025,2168.1265409455173,SALIDA DE VÍA,interurbana,10 291,6.0,2.0,0.0,69.0,sí,43.0,31.0,0,coruña,mediador,137.0
18/06/2025,783.8449516290734,golpe en aparcamiento,urbana,10 226,20.0,5.0,0.0,46.0,no,18.0,15.0,150,zaragoza,mediador,98.0
30/06/2025,1917.3219501738413,golpe en aparcamiento,urbana,9 894,5.0,4.0,0.0,46.0,sí,37.0,10.0,300,coruña,mediador,63.0
09/08/2025,2230.328562292753,alcance,autopista,8 631,14.0,2.0,0.0,76.0,no,56.0,1.0,300,coruña,banca seguros,14.0
04/06/2025,41918.68253078465,colisión frontal,interurbana,38 649,6.0,4.0,0.0,42.0,sí,57.0,19.0,0,sevilla,directo,137.0
04/01/2025,1725.3918573005328,incendio,urbana,6 421,12.0,1.0,0.0,69.0,no,46.0,6.0,0,madrid,banca seguros,56.0
12/01/2024,4543.8419155424945,golpe en aparcamiento,autopista,13 000,14.0,2.0,0.0,39.0,sí,53.0,40.0,0,barcelona,mediador,56.0
15/03/2024,9995.401784958221,  incendio ,autopista,15 577,21.0,2.0,0.0,85.0,no,18.0,22.0,0,zaragoza,banca seguros,156.0
21/10/2024,294.1089459681285,  golpe en aparcamiento ,interurbana,7 233,22.0,1.0,0.0,72.0,no,58.0,32.0,0,madrid,mediador,54.0
11/12/2024,1874.716675731178,salida de vía,autopista,5 678,0.0,1.0,0.0,62.0,no,66.0,6.0,0,sevilla,directo,48.0
18/06/2025,9629.012091775856,colision frontal,autopista,11 339,22.0,5.0,0.0,61.0,sí,40.0,18.0,0,coruña,mediador,74.0
24/11/2025,2145.5035709299004,alcance,interurbana,12 803,2.0,1.0,0.0,57.0,sí,39.0,38.0,300,madrid,banca seguros,90.0
03/12/2025,2090.266421509806,colisión frontal,interurbana,7 497,2.0,2.0,0.0,63.0,no,57.0,30.0,0,barcelona,directo,118.0
23/07/2024,7061.499810393628,salida de vía,autopista,17 200,20.0,1.0,0.0,46.0,no,45.0,47.0,300,barcelona,banca seguros,22.0
02/09/2024,1332.4399197317762,alcance,autopista,11 268,11.0,2.0,1.0,116.0,no,28.0,6.0,150,coruña,mediador,48.0
13/10/2025,1201.3219636382732,golpe en aparcamiento,interurbana,18 338,9.0,3.0,0.0,83.0,sí,39.0,25.0,0,barcelona,directo,89.0
08/08/2025,519.2280742142619,golpe en aparcamiento,urbana,10 956,21.0,1.0,0.0,19.0,no,55.0,2.0,0,madrid,mediador,154.0
12/08/2025,1747.7729187774873,salida de vía,urbana,15 647,9.0,2.0,0.0,59.0,sí,31.0,15.0,0,sevilla,mediador,175.0
24/09/2025,319.57177567059426,GOLPE EN APARCAMIENTO,urbana,6 016,11.0,2.0,1.0,29.0,no,38.0,12.0,0,valencia,banca seguros,32.0
12/10/2025,1073.9580713875832,golpe en aparcamiento,autopista,10 792,19.0,2.0,0.0,61.0,no,23.0,39.0,0,coruña,banca seguros,49.0
09/02/2025,2446.579208690416,robo,interurbana,11 522,10.0,3.0,0.0,40.0,no,36.0,6.0,150,barcelona,mediador,120.0
31/07/2024,830.1184876054385,  golpe en aparcamiento ,urbana,9 319,3.0,3.0,0.0,39.0,no,36.0,37.0,0,zaragoza,mediador,17.0
21/02/2025,905.4356400043405,alcance,interurbana,12 893,17.0,2.0,2.0,62.0,no,31.0,50.0,0,madrid,banca seguros,7.0
16/02/2025,2427.3608600967545,colisión frontal,interurbana,4 279,0.0,2.0,0.0,59.0,N/D,39.0,18.0,150,zaragoza,mediador,114.0
20/12/2025,713.8887500370708,alcance,autopista,6 594,22.0,1.0,0.0,18.0,no,47.0,13.0,300,barcelona,mediador,150.0
02/09/2025,1837.6284458970893,robo,urbana,6 499,1.0,1.0,0.0,46.0,sí,29.0,4.0,150,valencia,banca seguros,151.0
17/01/2025,1600.777311813518,golpe en aparcamiento,autopista,3 284,10.0,3.0,0.0,22.0,no,30.0,33.0,0,sevilla,mediador,60.0
09/01/2025,5068.374914879443,salida de vía,interurbana,11 895,18.0,1.0,0.0,50.0,sí,48.0,9.0,600,valencia,banca seguros,87.0
20/08/2025,617.652646532006,alcance,interurbana,13 601,0.0,1.0,0.0,16.0,no,34.0,34.0,150,coruña,mediador,53.0
27/01/2024,1909.0310043223915,salida de vía,urbana,10 193,6.0,1.0,0.0,82.0,N/D,32.0,18.0,0,barcelona,banca seguros,5.0
21/06/2024,584.9326744340104,golpe en aparcamiento,urbana,11 519,7.0,1.0,1.0,116.0,no,51.0,6.0,150,sevilla,directo,30.0
18/07/2025,1021.4327311701428,golpe en aparcamiento,interurbana,3 498,0.0,2.0,0.0,13.0,no,57.0,2.0,0,valencia,mediador,143.0
08/11/2024,2754.941585031042,  salida de vía ,urbana,12 131,10.0,1.0,0.0,74.0,no,78.0,37.0,0,madrid,mediador,107.0
13/08/2024,8567.213819175337,salida de vía,autopista,22 921,1.0,1.0,0.0,68.0,no,43.0,16.0,0,madrid,directo,145.0
20/03/2024,2744.0660235826494,salida de vía,urbana,7 709,15.0,3.0,0.0,51.0,no,46.0,14.0,300,coruña,mediador,75.0
25/08/2024,1434.3883944567608,alcance,urbana,11 003,14.0,2.0,0.0,125.0,no,54.0,11.0,300,sevilla,mediador,25.0
15/01/2024,2099.767352708372,colisión frontal,urbana,7 896,17.0,4.0,0.0,66.0,no,35.0,19.0,300,zaragoza,directo,14.0
03/05/2025,540.9269705802104,salida de via,urbana,2 398,5.0,1.0,0.0,61.0,no,42.0,18.0,0,valencia,mediador,113.0
06/01/2024,268.4927376513,  salida de vía ,urbana,2 467,12.0,1.0,1.0,59.0,sí,32.0,19.0,300,coruña,mediador,45.0
25/03/2024,1010.7958638253912,alcance,urbana,17 839,10.0,2.0,0.0,60.0,no,29.0,1.0,0,barcelona,mediador,155.0
16/08/2025,694.8192191854185,salida de vía,urbana,15 537,21.0,1.0,0.0,62.0,no,33.0,15.0,0,madrid,directo,127.0
08/04/2024,13219.033951537509,alcance,autopista,29 548,1.0,1.0,1.0,54.0,no,42.0,18.0,0,zaragoza,mediador,126.0
16/12/2024,457.1515462913753,golpe en aparcamiento,urbana,7 363,9.0,1.0,0.0,56.0,no,34.0,33.0,150,barcelona,mediador,36.0
01/11/2024,1448.9444251158056,ALCANCE,interurbana,11 702,16.0,2.0,0.0,58.0,no,22.0,25.0,300,sevilla,mediador,130.0
18/02/2025,2926.1922224868067,robo,urbana,10 191,1.0,3.0,0.0,54.0,no,42.0,9.0,150,sevilla,directo,88.0
26/04/2025,838.6797489287513,alcance,urbana,11 624,5.0,1.0,0.0,49.0,no,61.0,27.0,300,zaragoza,directo,73.0
13/05/2025,1399.1065838212696,  alcance ,interurbana,12 526,6.0,1.0,0.0,42.0,no,28.0,21.0,0,coruña,mediador,79.0
09/10/2025,6929.561557692156,SALIDA DE VÍA,interurbana,13 705,11.0,4.0,1.0,22.0,no,31.0,28.0,0,valencia,mediador,70.0
10/11/2024,671.937265770353,alcance,urbana,27 244,9.0,1.0,1.0,38.0,N/D,41.0,32.0,0,valencia,directo,159.0
09/07/2024,9229.963549663778,incendio,urbana,13 478,16.0,1.0,0.0,90.0,no,37.0,34.0,0,barcelona,mediador,130.0
03/11/2025,551.4176778304302,golpe en aparcamiento,urbana,10 217,20.0,5.0,0.0,55.0,no,69.0,44.0,0,barcelona,banca seguros,159.0
07/11/2024,5469.619203396067,colisión frontal,urbana,42 095,14.0,2.0,0.0,89.0,sí,54.0,50.0,150,madrid,banca seguros,141.0
09/04/2024,1691.5488058462895,golpe en aparcamiento,urbana,18 277,7.0,2.0,0.0,26.0,sí,21.0,40.0,300,madrid,mediador,64.0
17/01/2024,3574.6110945815503,salida de vía,urbana,41 210,2.0,1.0,0.0,9.0,no,73.0,40.0,300,coruña,mediador,135.0
14/03/2024,702.0643637559401,alcance,urbana,10 122,10.0,4.0,0.0,77.0,no,70.0,7.0,300,coruña,mediador,103.0
16/06/2025,24368.972504169367,  salida de vía ,autopista,38 313,12.0,1.0,0.0,43.0,sí,20.0,32.0,150,barcelona,mediador,78.0
13/06/2024,16956.86415446531,colisión frontal,autopista,11 512,19.0,2.0,0.0,21.0,sí,34.0,34.0,0,zaragoza,directo,53.0
06/03/2025,3572.6926754549536,colisión frontal,urbana,6 248,2.0,1.0,0.0,27.0,sí,54.0,33.0,300,madrid,mediador,123.0
28/01/2024,1279.4719436430435,golpe en aparcamiento,urbana,14 251,7.0,4.0,1.0,8.0,no,29.0,4.0,0,valencia,mediador,7.0
07/12/2025,1143.2583918064022,golpe en aparcamiento,interurbana,21 254,18.0,3.0,0.0,39.0,no,28.0,3.0,0,sevilla,mediador,21.0
16/09/2025,2084.238681341823,salida de via,urbana,3 504,17.0,3.0,0.0,40.0,sí,35.0,28.0,300,valencia,directo,6.0
02/05/2024,1637.5000419015694,golpe en aparcamiento,autopista,22 371,3.0,2.0,0.0,40.0,no,30.0,41.0,150,barcelona,directo,56.0
27/03/2024,509.78429485943934,golpe en aparcamiento,interurbana,44 475,6.0,2.0,0.0,42.0,no,47.0,1.0,0,sevilla,directo,78.0
14/04/2024,2097.906054422649,alcance,autopista,6 595,14.0,1.0,0.0,54.0,sí,29.0,9.0,150,barcelona,banca seguros,112.0
25/03/2025,1273.6437050595966,salida de via,interurbana,5 329,4.0,3.0,1.0,29.0,no,46.0,46.0,0,barcelona,mediador,167.0
29/03/2024,906.8754825401206,salida de vía,interurbana,12 607,3.0,4.0,0.0,84.0,sí,40.0,6.0,0,zaragoza,banca seguros,9.0
26/09/2024,1723.8965627870157,salida de vía,urbana,7 036,14.0,1.0,0.0,70.0,sí,63.0,46.0,600,barcelona,mediador,175.0
04/11/2024,850.991862031606,alcance,autopista,6 718,17.0,2.0,0.0,19.0,sí,42.0,2.0,0,madrid,directo,57.0
11/12/2025,1104.983394419505,alcance,interurbana,5 420,0.0,1.0,0.0,63.0,sí,44.0,43.0,0,coruña,mediador,173.0
07/02/2025,2282.7310776212994,robo,urbana,25 189,14.0,1.0,0.0,39.0,no,46.0,11.0,150,valencia,directo,101.0
05/09/2024,2267.0556041556174,SALIDA DE VÍA,interurbana,4 568,13.0,1.0,0.0,54.0,no,37.0,25.0,600,coruña,banca seguros,62.0
02/09/2024,241.70560841422005,golpe en aparcamiento,urbana,5 286,11.0,3.0,0.0,28.0,N/D,38.0,19.0,0,sevilla,mediador,120.0
20/06/2025,1102.4519392782895,salida de vía,urbana,11 853,8.0,1.0,0.0,49.0,no,32.0,18.0,0,madrid,directo,118.0
21/01/2024,1638.1034849240286,robo,urbana,11 113,14.0,1.0,0.0,27.0,no,50.0,11.0,150,barcelona,mediador,174.0
27/09/2025,2966.6285728494336,salida de vía,autopista,18 539,2.0,1.0,0.0,32.0,no,29.0,23.0,0,sevilla,mediador,147.0
19/08/2024,1262.1786566828628,robo,urbana,6 869,13.0,1.0,1.0,54.0,no,31.0,41.0,0,coruña,banca seguros,117.0
15/08/2025,335.34077414315874,  golpe en aparcamiento ,interurbana,8 402,19.0,2.0,0.0,52.0,sí,53.0,35.0,300,coruña,mediador,76.0
10/10/2024,2626.790612240738,salida de vía,autopista,16 139,19.0,2.0,0.0,44.0,sí,39.0,16.0,300,coruña,directo,39.0
18/01/2025,2100.704799461377,alcance,interurbana,14 880,17.0,4.0,1.0,71.0,no,40.0,49.0,150,madrid,directo,58.0
12/11/2025,571.9638157763006,salida de vía,urbana,6 290,6.0,1.0,0.0,17.0,no,49.0,9.0,0,zaragoza,mediador,161.0
14/11/2024,630.0016520960185,golpe en aparcamiento,urbana,15 658,4.0,1.0,0.0,94.0,no,46.0,43.0,300,sevilla,mediador,76.0
17/06/2025,2432.4924237194923,robo,interurbana,18 405,6.0,1.0,0.0,29.0,no,52.0,9.0,0,valencia,directo,23.0
04/05/2025,417.27941156764444,golpe en aparcamiento,interurbana,6 563,15.0,2.0,0.0,50.0,no,45.0,24.0,150,zaragoza,mediador,179.0
27/11/2024,565.0188540250907,golpe en aparcamiento,urbana,25 671,10.0,1.0,1.0,33.0,no,38.0,3.0,0,barcelona,mediador,67.0
05/04/2025,1381.3075126489246,golpe en aparcamiento,urbana,17 745,5.0,1.0,0.0,4.0,sí,20.0,21.0,0,zaragoza,banca seguros,109.0
09/05/2025,971.340241549302,alcance,urbana,12 790,11.0,1.0,0.0,45.0,no,43.0,18.0,600,coruña,directo,77.0
18/09/2024,282.521855153903,alcance,urbana,2 849,5.0,1.0,2.0,49.0,sí,29.0,16.0,0,valencia,banca seguros,131.0
10/09/2025,1187.5060646664892,golpe en aparcamiento,urbana,12 310,0.0,3.0,0.0,40.0,no,56.0,5.0,300,madrid,banca seguros,112.0
30/09/2024,1894.0628555666176,alcance,urbana,17 858,7.0,1.0,0.0,35.0,no,33.0,15.0,150,sevilla,mediador,1.0
21/02/2024,4987.489234192505,salida de via,autopista,13 748,19.0,1.0,0.0,44.0,no,37.0,3.0,0,zaragoza,directo,174.0
14/11/2024,702.9939473696325,golpe en aparcamiento,interurbana,9 424,0.0,4.0,0.0,13.0,sí,53.0,8.0,150,zaragoza,mediador,36.0
30/01/2025,1902.6471510124336,colisión frontal,urbana,4 528,18.0,4.0,1.0,81.0,no,42.0,7.0,0,zaragoza,directo,149.0
29/05/2025,1135.4503647056943,alcance,interurbana,15 670,20.0,1.0,0.0,53.0,no,22.0,26.0,0,zaragoza,banca seguros,174.0
16/05/2025,9388.946471198635,incendio,urbana,4 823,10.0,1.0,0.0,60.0,no,34.0,44.0,300,zaragoza,banca seguros,53.0
02/08/2024,371.8292303170422,golpe en aparcamiento,urbana,5 762,9.0,2.0,0.0,86.0,no,29.0,15.0,150,barcelona,mediador,36.0
18/02/2025,922.0893475240584,alcance,urbana,10 806,6.0,1.0,1.0,68.0,no,39.0,12.0,0,zaragoza,banca seguros,84.0
25/12/2024,4897.709038671921,salida de vía,urbana,20 379,11.0,1.0,0.0,106.0,no,54.0,48.0,600,madrid,mediador,111.0
19/09/2024,1415.778573724357,alcance,autopista,1 955,2.0,2.0,1.0,11.0,sí,79.0,11.0,150,sevilla,banca seguros,147.0
10/07/2025,29416.472600944915,incendio,interurbana,12 195,1.0,1.0,0.0,77.0,no,38.0,38.0,600,coruña,banca seguros,61.0
15/04/2024,1238.7069563265184,ALCANCE,urbana,8 124,6.0,1.0,0.0,34.0,sí,59.0,10.0,0,barcelona,directo,122.0
03/11/2024,1388.4183380958732,  golpe en aparcamiento ,urbana,25 310,15.0,3.0,0.0,41.0,no,58.0,4.0,0,sevilla,mediador,51.0
22/01/2025,940.5851462400888,salida de vía,interurbana,11 571,0.0,1.0,2.0,47.0,no,43.0,17.0,150,sevilla,banca seguros,156.0
29/11/2024,1550.9112164809992,robo,urbana,16 789,13.0,3.0,0.0,54.0,sí,33.0,29.0,600,madrid,directo,102.0
08/08/2024,11503.36983466064,colision frontal,interurbana,17 369,5.0,1.0,1.0,34.0,sí,48.0,0.0,0,zaragoza,directo,31.0
25/03/2025,4185.623425928212,salida de vía,interurbana,18 609,16.0,2.0,0.0,50.0,sí,47.0,27.0,300,sevilla,mediador,48.0
20/09/2024,1267.019116082303,golpe en aparcamiento,autopista,10 551,17.0,4.0,0.0,49.0,no,40.0,30.0,0,barcelona,directo,117.0
08/02/2024,1179.9033953355329,robo,interurbana,12 953,2.0,1.0,0.0,72.0,no,54.0,50.0,0,zaragoza,mediador,140.0
23/05/2024,2961.177388824587,  salida de vía ,autopista,19 874,11.0,1.0,1.0,64.0,sí,29.0,36.0,0,barcelona,mediador,121.0
21/09/2025,2265.615631004512,salida de vía,urbana,14 549,1.0,1.0,0.0,55.0,no,33.0,1.0,150,sevilla,directo,88.0
07/12/2025,1229.9821179413157,GOLPE EN APARCAMIENTO,urbana,37 678,19.0,1.0,0.0,2.0,no,56.0,22.0,150,zaragoza,banca seguros,147.0
17/03/2025,5799.010982307942,COLISIÓN FRONTAL,autopista,18 488,15.0,1.0,0.0,69.0,sí,36.0,25.0,0,sevilla,mediador,34.0
07/03/2024,8808.823761099316,colisión frontal,interurbana,21 796,4.0,3.0,0.0,26.0,no,53.0,50.0,150,zaragoza,banca seguros,130.0
28/05/2025,1068.4903128330925,alcance,interurbana,5 123,22.0,1.0,1.0,105.0,N/D,49.0,40.0,150,sevilla,mediador,145.0
06/08/2024,1703.1758909018668,alcance,autopista,9 409,18.0,2.0,0.0,61.0,sí,30.0,43.0,150,coruña,mediador,90.0
02/05/2024,2401.6458867053634,alcance,interurbana,20 683,8.0,3.0,0.0,85.0,no,36.0,13.0,300,sevilla,banca seguros,139.0
06/11/2025,2923.3953477487166,salida de vía,urbana,7 265,16.0,1.0,0.0,53.0,sí,29.0,32.0,600,coruña,directo,83.0
19/02/2024,1740.3633034030674,salida de vía,urbana,5 848,12.0,1.0,0.0,87.0,no,59.0,27.0,0,coruña,banca seguros,4.0
06/11/2025,639.3632670803013,alcance,urbana,4 422,5.0,2.0,0.0,81.0,no,42.0,22.0,150,sevilla,banca seguros,153.0
02/08/2025,10901.973051603707,salida de vía,interurbana,15 819,4.0,2.0,0.0,44.0,N/D,57.0,16.0,150,coruña,mediador,106.0
08/07/2025,2418.8257470817066,robo,interurbana,5 487,11.0,4.0,0.0,0.0,sí,58.0,15.0,150,coruña,banca seguros,19.0
29/03/2025,1447.182467323988,golpe en aparcamiento,urbana,16 782,21.0,5.0,0.0,67.0,no,26.0,9.0,300,zaragoza,banca seguros,90.0
07/03/2024,1427.7514649345671,  alcance ,autopista,4 442,15.0,1.0,0.0,36.0,sí,44.0,28.0,150,sevilla,directo,112.0
16/09/2024,557.5686698973462,ALCANCE,interurbana,1 340,4.0,1.0,3.0,47.0,N/D,30.0,28.0,150,zaragoza,directo,62.0
31/07/2024,1111.7175218851023,robo,interurbana,9 480,16.0,1.0,0.0,40.0,no,54.0,40.0,0,barcelona,directo,18.0
05/01/2024,6192.37509501231,colisión frontal,urbana,21 139,20.0,2.0,1.0,63.0,sí,26.0,38.0,150,coruña,mediador,150.0
14/03/2024,2601.638369192251,COLISIÓN FRONTAL,urbana,5 616,4.0,1.0,0.0,96.0,no,66.0,35.0,0,madrid,directo,147.0
15/09/2024,274.5221327019448,alcance,autopista,2 422,0.0,2.0,0.0,50.0,no,44.0,34.0,300,coruña,banca seguros,4.0
24/06/2025,1970.4228336613912,salida de vía,urbana,13 745,7.0,1.0,0.0,15.0,sí,44.0,33.0,150,valencia,directo,92.0
29/03/2025,1918.5493562252193,salida de vía,urbana,8 203,21.0,1.0,0.0,52.0,no,43.0,9.0,0,coruña,mediador,145.0
24/01/2025,897.6146941243596,colisión frontal,urbana,6 290,5.0,1.0,0.0,42.0,sí,58.0,49.0,0,coruña,banca seguros,97.0
14/11/2024,713.0206807206683,golpe en aparcamiento,urbana,16 560,8.0,1.0,0.0,64.0,sí,44.0,35.0,0,madrid,mediador,104.0
16/06/2025,2075.605536506263,robo,urbana,5 767,12.0,1.0,0.0,70.0,sí,42.0,16.0,600,barcelona,mediador,49.0
16/01/2024,32234.19041715581,incendio,urbana,63 221,22.0,2.0,0.0,56.0,no,40.0,17.0,150,sevilla,mediador,120.0
07/08/2025,1177.5093309595625,alcance,urbana,12 157,18.0,2.0,0.0,79.0,N/D,32.0,21.0,0,coruña,banca seguros,37.0
16/08/2025,298.6375996097181,  alcance ,urbana,14 157,22.0,2.0,0.0,83.0,N/D,52.0,7.0,150,madrid,mediador,118.0
04/02/2025,717.1505388044538,alcance,urbana,10 194,4.0,1.0,0.0,68.0,no,33.0,36.0,150,coruña,mediador,66.0
08/03/2025,822.9620114149847,golpe en aparcamiento,urbana,6 729,3.0,2.0,0.0,0.0,no,40.0,12.0,0,madrid,directo,118.0
01/05/2025,890.3038788002373,GOLPE EN APARCAMIENTO,urbana,11 476,17.0,1.0,0.0,92.0,sí,49.0,29.0,0,barcelona,mediador,8.0
31/12/2024,2448.19097212762,SALIDA DE VÍA,autopista,7 238,2.0,3.0,0.0,92.0,no,53.0,43.0,0,barcelona,directo,84.0
19/09/2025,3114.9964659779907,  salida de vía ,urbana,22 343,18.0,3.0,1.0,12.0,N/D,47.0,35.0,300,valencia,mediador,18.0
04/03/2025,769.001648638675,salida de via,interurbana,5 386,3.0,2.0,0.0,58.0,no,74.0,11.0,150,coruña,mediador,29.0
02/11/2024,835.0999664312213,ALCANCE,urbana,7 355,6.0,3.0,0.0,69.0,no,36.0,47.0,0,coruña,directo,127.0
04/12/2024,2359.332537954026,salida de vía,urbana,10 604,7.0,2.0,0.0,0.0,N/D,59.0,21.0,150,coruña,banca seguros,160.0
07/09/2024,3064.7128255643565,alcance,urbana,16 406,4.0,2.0,0.0,35.0,no,58.0,7.0,600,barcelona,banca seguros,76.0
01/08/2024,1469.505041661754,SALIDA DE VÍA,autopista,10 038,16.0,2.0,0.0,46.0,no,49.0,46.0,0,barcelona,banca seguros,169.0
05/06/2025,529.7338935876757,golpe en aparcamiento,autopista,20 815,19.0,1.0,0.0,81.0,no,55.0,27.0,600,valencia,mediador,141.0
22/11/2025,613.6308559890282,ALCANCE,urbana,10 878,18.0,1.0,0.0,64.0,no,42.0,41.0,0,zaragoza,mediador,72.0
18/02/2024,5856.95012749494,salida de vía,autopista,14 620,6.0,2.0,3.0,53.0,no,61.0,2.0,0,coruña,directo,25.0
13/09/2025,2132.3023521777263,alcance,autopista,6 493,4.0,1.0,1.0,31.0,sí,57.0,42.0,600,coruña,directo,148.0
06/04/2024,1814.4862691429778,alcance,autopista,13 718,14.0,1.0,0.0,33.0,N/D,30.0,2.0,150,zaragoza,mediador,74.0
18/11/2024,220.80525596549043,alcance,urbana,6 802,1.0,1.0,0.0,34.0,no,26.0,7.0,0,sevilla,directo,108.0
14/12/2025,729.0020648075349,golpe en aparcamiento,urbana,16 105,8.0,1.0,0.0,60.0,no,30.0,39.0,0,valencia,mediador,71.0
27/11/2025,580.5415568542461,golpe en aparcamiento,urbana,10 836,6.0,1.0,0.0,29.0,sí,39.0,22.0,150,barcelona,directo,93.0
22/02/2024,686.8829774749028,golpe en aparcamiento,urbana,9 511,19.0,3.0,2.0,71.0,sí,22.0,7.0,600,coruña,mediador,12.0
11/06/2024,5640.183777764183,salida de via,urbana,10 273,20.0,4.0,0.0,26.0,sí,39.0,35.0,0,barcelona,mediador,4.0
30/05/2024,1370.193746990505,alcance,urbana,14 093,10.0,1.0,0.0,0.0,no,50.0,37.0,0,zaragoza,mediador,63.0
03/10/2025,2265.0874837803904,colisión frontal,urbana,12 788,13.0,1.0,0.0,20.0,no,52.0,20.0,600,valencia,mediador,26.0
03/02/2025,476.4297596323335,ALCANCE,urbana,4 054,7.0,1.0,0.0,56.0,sí,49.0,17.0,150,barcelona,mediador,53.0
06/10/2025,1280.8008731110979,colisión frontal,urbana,10 201,2.0,1.0,0.0,87.0,no,49.0,23.0,0,valencia,banca seguros,46.0
28/02/2024,1080.1599529528958,golpe en aparcamiento,interurbana,26 329,21.0,4.0,0.0,68.0,sí,25.0,21.0,150,madrid,mediador,79.0
09/09/2024,1284.1314611101639,colisión frontal,urbana,7 434,14.0,1.0,0.0,80.0,sí,54.0,5.0,600,barcelona,banca seguros,120.0
18/10/2024,601.2891080052021,salida de vía,interurbana,3 488,2.0,3.0,0.0,57.0,no,73.0,37.0,0,sevilla,banca seguros,136.0
12/02/2025,1283.5029385416544,salida de vía,interurbana,14 412,9.0,2.0,0.0,36.0,sí,55.0,49.0,0,zaragoza,mediador,84.0
25/08/2024,223.11415915740787,  golpe en aparcamiento ,urbana,5 074,6.0,1.0,0.0,56.0,no,35.0,0.0,0,barcelona,banca seguros,172.0
07/10/2024,1757.7912589605658,golpe en aparcamiento,autopista,12 675,19.0,2.0,0.0,73.0,no,47.0,14.0,150,valencia,mediador,41.0
23/12/2025,3061.1512276369635,colisión frontal,urbana,4 356,19.0,1.0,0.0,68.0,no,63.0,42.0,150,barcelona,mediador,111.0
25/05/2024,425.7842523038304,alcance,interurbana,7 063,4.0,3.0,0.0,47.0,no,18.0,37.0,300,coruña,mediador,36.0
14/07/2025,1669.673479175455,alcance,interurbana,23 476,21.0,1.0,1.0,96.0,no,66.0,13.0,150,sevilla,mediador,17.0
31/08/2024,583.6713478764135,GOLPE EN APARCAMIENTO,autopista,9 538,5.0,1.0,0.0,22.0,no,27.0,48.0,300,sevilla,banca seguros,104.0
30/01/2024,1785.3811884169158,salida de vía,interurbana,15 466,20.0,5.0,1.0,104.0,no,45.0,31.0,300,zaragoza,directo,49.0
15/02/2024,1120.8975899802413,salida de vía,autopista,6 121,18.0,1.0,0.0,88.0,sí,39.0,26.0,0,zaragoza,mediador,158.0
10/12/2024,727.5762735539323,golpe en aparcamiento,urbana,19 012,3.0,1.0,1.0,68.0,no,51.0,16.0,300,valencia,banca seguros,4.0
04/11/2024,864.2888317981508,golpe en aparcamiento,interurbana,10 558,11.0,1.0,0.0,74.0,no,67.0,49.0,150,valencia,directo,169.0
21/08/2025,6812.368356500348,incendio,urbana,16 623,15.0,3.0,0.0,45.0,sí,66.0,1.0,150,sevilla,directo,107.0
16/01/2024,1480.135658483286,salida de vía,urbana,7 026,0.0,3.0,1.0,36.0,sí,24.0,6.0,0,madrid,banca seguros,155.0
07/01/2024,332.2289739878186,golpe en aparcamiento,urbana,3 875,1.0,1.0,0.0,52.0,no,42.0,36.0,0,madrid,mediador,49.0
10/05/2025,220.14579808303625,alcance,urbana,12 324,14.0,1.0,0.0,78.0,no,38.0,42.0,300,coruña,mediador,59.0
16/12/2024,2421.516662726894,salida de vía,urbana,4 721,2.0,1.0,0.0,20.0,no,44.0,29.0,0,madrid,directo,174.0
25/03/2024,352.8396674708532,  salida de vía ,urbana,5 040,2.0,1.0,0.0,38.0,no,69.0,14.0,0,madrid,banca seguros,151.0
20/08/2024,9608.524121847662,colisión frontal,interurbana,21 358,3.0,1.0,0.0,52.0,no,39.0,32.0,150,zaragoza,mediador,89.0
27/09/2024,519.4694481084496,  robo ,urbana,11 507,19.0,1.0,0.0,68.0,N/D,31.0,34.0,0,zaragoza,mediador,159.0
28/02/2024,1003.8473452379154,alcance,interurbana,16 054,4.0,3.0,0.0,25.0,no,73.0,35.0,150,coruña,mediador,166.0
07/08/2024,7346.886537126135,robo,interurbana,30 373,4.0,4.0,0.0,49.0,sí,40.0,15.0,0,coruña,mediador,68.0
05/05/2024,1117.4358151583401,  golpe en aparcamiento ,urbana,6 080,4.0,4.0,0.0,39.0,sí,52.0,38.0,600,madrid,banca seguros,59.0
21/04/2024,693.1357689278767,golpe en aparcamiento,urbana,16 346,11.0,1.0,0.0,31.0,no,24.0,28.0,0,valencia,mediador,38.0
30/07/2024,2790.9247973894885,colisión frontal,urbana,9 176,3.0,5.0,0.0,71.0,no,40.0,12.0,0,valencia,mediador,176.0
03/01/2025,2808.732950872341,alcance,urbana,14 432,7.0,4.0,1.0,40.0,no,36.0,6.0,300,valencia,mediador,127.0
17/12/2024,819.0291747754327,salida de vía,urbana,4 691,12.0,2.0,0.0,79.0,no,26.0,44.0,0,sevilla,mediador,37.0
27/01/2024,826.8196408241906,robo,urbana,5 845,1.0,2.0,0.0,33.0,no,40.0,13.0,0,barcelona,banca seguros,35.0
16/10/2025,956.5935821565915,alcance,urbana,12 969,21.0,2.0,0.0,102.0,N/D,57.0,13.0,0,zaragoza,banca seguros,128.0
19/12/2025,1398.340155806191,alcance,interurbana,10 082,2.0,2.0,0.0,72.0,no,42.0,50.0,300,madrid,banca seguros,90.0
03/06/2024,3412.2383057147326,colisión frontal,urbana,16 080,2.0,1.0,0.0,51.0,no,50.0,16.0,0,zaragoza,banca seguros,30.0
09/04/2024,498.2479408286115,GOLPE EN APARCAMIENTO,urbana,17 411,9.0,4.0,0.0,73.0,no,31.0,26.0,150,zaragoza,directo,164.0
06/09/2025,802.5797923942195,salida de vía,interurbana,5 306,2.0,4.0,0.0,53.0,no,61.0,40.0,150,zaragoza,banca seguros,147.0
11/11/2025,2166.444519017886,golpe en aparcamiento,urbana,12 587,5.0,3.0,0.0,54.0,no,41.0,39.0,0,zaragoza,mediador,52.0
30/10/2025,291.9002583933239,  alcance ,urbana,3 481,5.0,1.0,0.0,36.0,no,76.0,12.0,300,madrid,mediador,156.0
25/05/2025,1188.2050798682099,  alcance ,interurbana,10 887,20.0,1.0,0.0,57.0,no,45.0,28.0,150,madrid,mediador,36.0
15/09/2024,4036.961028895696,  alcance ,interurbana,32 820,19.0,2.0,0.0,57.0,no,18.0,1.0,600,valencia,mediador,131.0
30/07/2025,3244.2796754885635,alcance,autopista,15 040,9.0,1.0,1.0,32.0,no,52.0,8.0,150,zaragoza,banca seguros,105.0
05/05/2024,363.0332734063213,golpe en aparcamiento,interurbana,9 893,18.0,2.0,0.0,52.0,N/D,74.0,15.0,0,madrid,directo,34.0
19/07/2024,1174.6743272446236,alcance,interurbana,30 946,1.0,1.0,0.0,74.0,no,32.0,2.0,150,zaragoza,mediador,125.0
13/02/2024,3621.713008746218,alcance,urbana,12 391,5.0,2.0,0.0,90.0,no,46.0,24.0,0,valencia,mediador,50.0
15/11/2024,2575.7899364579257,COLISIÓN FRONTAL,interurbana,9 027,22.0,5.0,0.0,100.0,no,53.0,27.0,600,madrid,directo,64.0
16/03/2024,463.59365753753934,alcance,autopista,5 784,1.0,1.0,0.0,23.0,no,48.0,28.0,0,valencia,directo,79.0
04/11/2024,3293.4633964715313,salida de vía,interurbana,19 771,22.0,2.0,0.0,78.0,no,51.0,31.0,0,madrid,directo,6.0
17/02/2024,1043.603674686939,ALCANCE,interurbana,13 825,21.0,2.0,0.0,87.0,no,43.0,34.0,150,sevilla,mediador,143.0
20/05/2025,2142.698541039214,robo,autopista,5 576,15.0,4.0,0.0,78.0,sí,66.0,45.0,600,valencia,mediador,6.0
05/08/2024,1039.1823175961754,alcance,urbana,9 116,14.0,5.0,1.0,57.0,sí,44.0,3.0,300,coruña,banca seguros,10.0
13/11/2024,2016.267625216911,alcance,autopista,33 147,3.0,1.0,2.0,33.0,no,62.0,18.0,0,sevilla,mediador,76.0
09/03/2025,920.0544795150643,GOLPE EN APARCAMIENTO,autopista,30 262,14.0,4.0,0.0,35.0,no,47.0,4.0,150,valencia,mediador,117.0
02/09/2024,522.4476192885116,colision frontal,urbana,5 379,20.0,3.0,1.0,90.0,N/D,46.0,27.0,600,sevilla,banca seguros,8.0
26/09/2025,4574.249286554459,salida de vía,urbana,22 683,9.0,1.0,0.0,69.0,sí,71.0,38.0,0,madrid,mediador,113.0
11/05/2025,347.21964303569536,COLISIÓN FRONTAL,interurbana,4 772,21.0,2.0,0.0,28.0,N/D,55.0,42.0,600,coruña,banca seguros,138.0
30/06/2024,262.15718846723837,golpe en aparcamiento,interurbana,15 459,20.0,1.0,0.0,32.0,sí,55.0,24.0,300,sevilla,mediador,162.0
18/08/2025,4008.795377964011,alcance,urbana,24 661,0.0,3.0,1.0,19.0,no,42.0,15.0,0,zaragoza,banca seguros,55.0
26/08/2025,5555.497821525003,salida de vía,urbana,27 192,3.0,1.0,0.0,62.0,no,55.0,6.0,150,zaragoza,mediador,74.0
23/10/2025,1925.9168722622053,alcance,urbana,25 072,5.0,2.0,0.0,48.0,N/D,33.0,1.0,300,zaragoza,mediador,109.0
20/09/2024,1595.2756438276394,golpe en aparcamiento,urbana,17 217,4.0,3.0,0.0,54.0,no,38.0,3.0,300,barcelona,directo,54.0
10/02/2024,332.87090771013106,golpe en aparcamiento,urbana,10 408,21.0,2.0,0.0,85.0,no,60.0,3.0,0,valencia,directo,151.0
09/12/2025,780.7707908493317,alcance,interurbana,7 750,7.0,2.0,0.0,49.0,no,62.0,29.0,0,valencia,directo,169.0
28/05/2024,1886.5946010540506,robo,urbana,2 997,8.0,2.0,2.0,57.0,no,58.0,45.0,150,madrid,mediador,126.0
21/08/2024,632.3061573111636,golpe en aparcamiento,urbana,38 294,6.0,1.0,0.0,24.0,no,63.0,44.0,0,valencia,mediador,160.0
17/10/2025,8540.92269133996,robo,urbana,14 011,3.0,2.0,0.0,27.0,sí,41.0,49.0,0,sevilla,directo,133.0
03/07/2025,703.0062813619279,alcance,urbana,9 236,1.0,2.0,0.0,80.0,sí,60.0,30.0,300,sevilla,mediador,108.0
19/02/2024,1663.7214355811489,alcance,autopista,9 998,3.0,2.0,0.0,67.0,no,41.0,43.0,0,valencia,banca seguros,50.0
26/11/2025,1536.7117928249388,ALCANCE,urbana,11 143,14.0,1.0,1.0,108.0,no,48.0,7.0,0,barcelona,mediador,16.0
30/08/2025,3219.990295836385,robo,interurbana,16 591,12.0,3.0,0.0,9.0,no,37.0,15.0,600,coruña,banca seguros,39.0
19/12/2025,8624.092801620043,  colisión frontal ,autopista,7 815,4.0,2.0,0.0,56.0,sí,57.0,12.0,0,zaragoza,directo,58.0
16/04/2024,9613.807619864912,incendio,urbana,15 530,14.0,2.0,0.0,41.0,no,49.0,4.0,150,valencia,directo,110.0
02/12/2024,416.8930600889131,ALCANCE,urbana,10 903,13.0,2.0,0.0,49.0,no,52.0,16.0,0,zaragoza,mediador,85.0
08/10/2024,3702.8527825215538,colisión frontal,urbana,24 910,4.0,1.0,0.0,65.0,sí,43.0,40.0,300,madrid,directo,5.0
10/10/2025,1066.4353496492272,golpe en aparcamiento,autopista,9 470,4.0,1.0,0.0,61.0,sí,26.0,43.0,150,zaragoza,mediador,35.0
07/04/2024,1190.7726270028224,  alcance ,urbana,16 576,2.0,1.0,0.0,57.0,sí,26.0,17.0,600,valencia,directo,62.0
06/08/2025,810.4955465299128,ALCANCE,urbana,20 383,13.0,1.0,0.0,74.0,no,40.0,32.0,150,barcelona,mediador,27.0
23/03/2024,244.2025594774986,golpe en aparcamiento,urbana,6 381,8.0,2.0,0.0,107.0,N/D,49.0,26.0,600,madrid,mediador,9.0
26/07/2024,4058.2820510541997,colisión frontal,urbana,15 825,3.0,1.0,1.0,10.0,sí,44.0,6.0,0,valencia,mediador,131.0
09/02/2024,1368.1256944297927,alcance,urbana,9 360,10.0,4.0,0.0,73.0,no,64.0,39.0,0,madrid,directo,161.0
02/07/2025,744.9070246575876,alcance,interurbana,4 072,9.0,2.0,0.0,68.0,N/D,56.0,7.0,150,sevilla,banca seguros,171.0
22/07/2025,3671.7329184141554,alcance,autopista,15 556,5.0,4.0,0.0,85.0,no,32.0,40.0,0,madrid,directo,101.0
03/08/2024,578.639331791327,golpe en aparcamiento,urbana,10 478,3.0,2.0,0.0,55.0,no,50.0,28.0,300,zaragoza,mediador,123.0
02/07/2024,2070.4852160523446,golpe en aparcamiento,interurbana,14 610,5.0,4.0,0.0,47.0,no,18.0,34.0,150,barcelona,banca seguros,28.0
20/02/2025,2310.504753861709,colisión frontal,urbana,20 203,7.0,2.0,0.0,12.0,sí,66.0,28.0,300,valencia,directo,113.0
23/07/2025,401.1901527841338,alcance,urbana,4 296,5.0,1.0,0.0,55.0,no,40.0,34.0,0,barcelona,directo,148.0
04/05/2025,251.23579815219333,golpe en aparcamiento,urbana,5 316,6.0,2.0,1.0,51.0,no,43.0,5.0,150,barcelona,directo,99.0
19/02/2024,2049.387049095979,robo,urbana,13 384,14.0,1.0,0.0,47.0,no,33.0,4.0,0,barcelona,mediador,177.0
14/11/2024,3227.131865180196,salida de vía,urbana,7 016,16.0,1.0,1.0,29.0,sí,34.0,20.0,0,sevilla,directo,92.0
22/05/2024,1570.7242473202941,alcance,urbana,10 085,5.0,3.0,0.0,92.0,no,61.0,45.0,0,valencia,mediador,140.0
26/01/2025,667.4562495646718,golpe en aparcamiento,interurbana,9 627,16.0,2.0,0.0,64.0,no,49.0,25.0,0,coruña,directo,160.0
27/01/2025,1016.766352525673,robo,autopista,12 404,4.0,2.0,0.0,41.0,no,36.0,21.0,150,coruña,directo,7.0
16/05/2024,2548.7886744920734,salida de vía,autopista,6 238,21.0,1.0,2.0,39.0,sí,61.0,4.0,0,madrid,directo,5.0
10/06/2024,4492.9905979756,colisión frontal,autopista,15 596,4.0,5.0,0.0,86.0,N/D,49.0,14.0,300,sevilla,directo,134.0
02/03/2024,2259.6206288799317,colisión frontal,urbana,12 047,6.0,1.0,1.0,7.0,no,42.0,50.0,150,valencia,directo,171.0
15/05/2024,3717.2083226177,alcance,interurbana,7 927,20.0,4.0,0.0,65.0,sí,56.0,31.0,600,coruña,directo,13.0
21/03/2024,1151.9766729772841,salida de vía,autopista,2 201,13.0,1.0,0.0,26.0,no,51.0,6.0,300,coruña,mediador,171.0
27/09/2025,1055.2048835830142,  golpe en aparcamiento ,autopista,16 642,6.0,3.0,0.0,76.0,sí,48.0,6.0,150,valencia,banca seguros,32.0
16/09/2024,249.45583293656247,alcance,urbana,3 785,15.0,1.0,0.0,77.0,no,56.0,28.0,0,valencia,mediador,100.0
07/12/2025,31122.375087319742,incendio,interurbana,11 689,11.0,5.0,0.0,93.0,no,31.0,38.0,300,madrid,mediador,8.0
23/02/2025,3810.6495103671145,  salida de vía ,urbana,8 328,22.0,5.0,0.0,44.0,no,56.0,25.0,150,sevilla,directo,67.0
23/11/2025,1260.585951011953,SALIDA DE VÍA,interurbana,9 989,4.0,1.0,1.0,48.0,sí,59.0,37.0,0,coruña,mediador,64.0
08/09/2025,949.848888585577,golpe en aparcamiento,interurbana,8 778,19.0,1.0,4.0,94.0,sí,66.0,35.0,0,madrid,directo,133.0
27/07/2024,2416.362637103995,alcance,urbana,27 061,0.0,3.0,0.0,55.0,no,48.0,20.0,0,sevilla,banca seguros,35.0
08/11/2025,1291.004806999984,  robo ,urbana,17 102,14.0,1.0,0.0,113.0,no,44.0,12.0,0,sevilla,mediador,132.0
04/06/2025,1290.2585302863752,COLISIÓN FRONTAL,interurbana,4 864,11.0,1.0,0.0,65.0,no,46.0,36.0,0,coruña,banca seguros,140.0
30/11/2025,2066.450609166822,golpe en aparcamiento,autopista,21 160,3.0,2.0,0.0,48.0,sí,66.0,48.0,0,valencia,mediador,54.0
14/03/2024,730.1958727964438,golpe en aparcamiento,interurbana,13 487,3.0,3.0,3.0,53.0,sí,34.0,36.0,150,zaragoza,mediador,31.0
31/01/2024,7578.633620617349,colisión frontal,urbana,12 985,1.0,3.0,0.0,78.0,no,41.0,20.0,150,sevilla,mediador,150.0
11/05/2025,623.6662850711538,robo,interurbana,5 188,20.0,1.0,0.0,10.0,no,33.0,12.0,0,coruña,mediador,82.0
26/11/2024,1509.6672218476301,golpe en aparcamiento,autopista,11 786,10.0,3.0,0.0,31.0,no,60.0,46.0,150,valencia,banca seguros,83.0
03/09/2025,5036.5296747964485,ALCANCE,urbana,34 459,4.0,2.0,0.0,40.0,no,39.0,11.0,0,zaragoza,mediador,135.0
06/07/2025,934.0973652589678,alcance,urbana,7 885,17.0,1.0,0.0,59.0,no,63.0,19.0,150,madrid,directo,24.0
12/09/2024,2862.9103226318834,colisión frontal,urbana,5 209,9.0,2.0,0.0,52.0,sí,43.0,49.0,150,coruña,directo,36.0
09/02/2025,2674.2642345588015,colisión frontal,urbana,12 055,15.0,1.0,1.0,47.0,sí,49.0,32.0,150,barcelona,directo,138.0
12/08/2024,936.0311744305554,alcance,urbana,8 019,13.0,1.0,0.0,11.0,sí,24.0,36.0,600,zaragoza,mediador,179.0
03/04/2025,1906.9237941715733,colisión frontal,urbana,27 212,10.0,1.0,0.0,99.0,no,18.0,21.0,150,coruña,directo,94.0
22/02/2025,529.605123549023,GOLPE EN APARCAMIENTO,interurbana,9 932,8.0,1.0,0.0,49.0,no,45.0,39.0,600,coruña,mediador,141.0
14/03/2025,2333.8323643924077,salida de vía,urbana,30 698,5.0,1.0,0.0,31.0,sí,52.0,26.0,600,coruña,mediador,179.0
08/08/2025,3742.6013263353193,colisión frontal,urbana,12 145,10.0,1.0,0.0,43.0,no,24.0,38.0,0,madrid,mediador,125.0
23/02/2025,806.1969480357138,golpe en aparcamiento,interurbana,14 532,10.0,2.0,1.0,58.0,sí,41.0,6.0,300,zaragoza,directo,99.0
05/08/2024,757.893541914156,golpe en aparcamiento,urbana,14 651,11.0,1.0,0.0,73.0,sí,48.0,48.0,150,valencia,banca seguros,68.0
20/07/2025,1606.6139679466723,golpe en aparcamiento,urbana,10 625,1.0,1.0,0.0,81.0,no,50.0,8.0,600,sevilla,mediador,1.0
28/09/2024,1626.5903531380347,COLISIÓN FRONTAL,autopista,8 430,5.0,1.0,0.0,70.0,sí,28.0,36.0,150,madrid,mediador,124.0
09/07/2024,834.4948619846856,ALCANCE,autopista,11 686,1.0,2.0,0.0,93.0,sí,60.0,21.0,150,zaragoza,directo,16.0
30/08/2024,1206.513243852347,  colisión frontal ,autopista,5 779,7.0,1.0,0.0,53.0,sí,31.0,36.0,600,barcelona,directo,158.0
16/04/2024,1214.9890860197895,golpe en aparcamiento,urbana,18 877,3.0,4.0,3.0,36.0,no,57.0,42.0,0,zaragoza,mediador,47.0
11/02/2024,1117.8152407148066,alcance,urbana,7 139,17.0,4.0,0.0,54.0,sí,68.0,17.0,0,coruña,directo,86.0
24/08/2025,3039.4152752396876,salida de vía,interurbana,11 174,1.0,1.0,0.0,66.0,sí,32.0,25.0,600,zaragoza,directo,70.0
11/11/2024,6612.59990456246,alcance,autopista,17 895,1.0,5.0,0.0,91.0,no,54.0,40.0,300,coruña,mediador,71.0
23/06/2025,715.0708262369394,golpe en aparcamiento,interurbana,14 464,13.0,2.0,0.0,42.0,no,40.0,35.0,150,valencia,mediador,9.0
29/12/2024,4108.9809740372975,salida de vía,autopista,19 580,0.0,1.0,0.0,29.0,sí,34.0,49.0,0,zaragoza,directo,20.0
21/06/2024,1472.8631583370743,salida de vía,urbana,7 668,15.0,2.0,0.0,43.0,no,70.0,28.0,600,coruña,banca seguros,53.0
29/11/2025,1158.3331997668388,alcance,interurbana,10 942,16.0,1.0,0.0,94.0,no,52.0,48.0,0,sevilla,mediador,127.0
10/08/2024,954.0566397054906,alcance,urbana,6 088,8.0,3.0,0.0,64.0,no,51.0,2.0,300,sevilla,directo,175.0
10/11/2025,1496.0921324843866,robo,urbana,7 646,15.0,1.0,0.0,35.0,no,23.0,43.0,0,sevilla,directo,97.0
16/06/2025,367.16629753094657,alcance,autopista,5 901,13.0,2.0,0.0,41.0,no,56.0,21.0,0,madrid,directo,160.0
13/09/2024,737.7151299713128,golpe en aparcamiento,interurbana,11 343,9.0,3.0,0.0,39.0,no,48.0,26.0,0,madrid,mediador,100.0
30/01/2025,1611.6748670714785,alcance,interurbana,5 199,2.0,4.0,0.0,49.0,sí,46.0,34.0,0,valencia,mediador,151.0
20/04/2024,2413.5981749862717,salida de vía,autopista,16 704,0.0,2.0,0.0,73.0,no,34.0,28.0,150,valencia,mediador,93.0
14/08/2024,6646.4109132506865,colisión frontal,autopista,8 685,0.0,4.0,0.0,85.0,no,57.0,15.0,0,zaragoza,mediador,121.0
28/06/2024,2701.6515128311357,salida de vía,interurbana,12 725,7.0,1.0,0.0,65.0,no,42.0,16.0,0,madrid,mediador,121.0
15/12/2024,891.3372955016781,alcance,urbana,5 788,6.0,3.0,0.0,60.0,no,47.0,29.0,300,valencia,banca seguros,91.0
06/12/2025,557.5973136498133,golpe en aparcamiento,interurbana,7 181,11.0,1.0,0.0,60.0,sí,18.0,3.0,0,valencia,banca seguros,115.0
18/02/2025,1682.11409824717,  golpe en aparcamiento ,autopista,33 546,7.0,2.0,0.0,30.0,sí,55.0,23.0,600,coruña,banca seguros,39.0
09/03/2025,279.47519396886287,golpe en aparcamiento,autopista,7 952,22.0,1.0,0.0,29.0,no,32.0,15.0,0,barcelona,directo,162.0
24/01/2024,736.2178730849889,robo,urbana,19 309,12.0,1.0,1.0,85.0,no,26.0,28.0,150,barcelona,banca seguros,136.0
07/03/2024,184.75206927651232,  golpe en aparcamiento ,urbana,6 984,20.0,2.0,0.0,78.0,sí,54.0,14.0,300,madrid,mediador,175.0
06/07/2025,5574.957254997159,alcance,autopista,11 437,3.0,2.0,0.0,60.0,no,20.0,14.0,150,valencia,mediador,98.0
22/02/2024,1584.4886732649861,alcance,urbana,16 048,10.0,1.0,0.0,18.0,no,31.0,17.0,300,barcelona,mediador,24.0
06/01/2025,3277.1716591902887,alcance,urbana,26 718,5.0,4.0,0.0,43.0,no,54.0,22.0,600,barcelona,mediador,165.0
11/01/2025,1046.0085145528967,ALCANCE,urbana,6 044,1.0,2.0,0.0,44.0,sí,40.0,31.0,300,zaragoza,mediador,6.0
02/01/2024,1041.7262892412646,colisión frontal,interurbana,6 461,14.0,1.0,0.0,75.0,no,22.0,41.0,600,coruña,mediador,10.0
26/05/2024,613.4637822269827,golpe en aparcamiento,interurbana,24 439,10.0,1.0,0.0,28.0,no,65.0,20.0,150,barcelona,mediador,38.0
31/10/2025,6438.211358380841,robo,urbana,15 703,13.0,2.0,0.0,78.0,sí,28.0,37.0,300,sevilla,banca seguros,46.0
09/06/2024,309.45342533020687,golpe en aparcamiento,urbana,7 020,5.0,2.0,0.0,44.0,no,58.0,19.0,300,madrid,mediador,171.0
12/04/2025,1730.7903040132308,  golpe en aparcamiento ,urbana,29 370,2.0,4.0,1.0,31.0,sí,50.0,45.0,300,madrid,mediador,54.0
05/12/2024,1573.1898279024397,SALIDA DE VÍA,interurbana,13 081,12.0,2.0,3.0,84.0,no,33.0,20.0,300,madrid,directo,75.0
13/06/2025,402.85631889376987,golpe en aparcamiento,interurbana,13 753,6.0,2.0,0.0,45.0,no,37.0,11.0,150,sevilla,mediador,169.0
10/11/2025,969.1044610606623,alcance,interurbana,11 763,16.0,1.0,0.0,12.0,no,44.0,32.0,150,barcelona,directo,42.0
01/05/2025,2978.4034720369127,colisión frontal,interurbana,16 437,14.0,2.0,0.0,48.0,no,42.0,42.0,0,valencia,mediador,101.0
04/04/2024,1524.9338790640827,  salida de vía ,autopista,5 127,18.0,1.0,0.0,17.0,no,39.0,18.0,0,valencia,mediador,178.0
22/11/2025,2096.1565996055006,alcance,interurbana,8 262,10.0,5.0,0.0,24.0,no,18.0,38.0,300,sevilla,directo,37.0
03/02/2024,400.55270941769965,salida de vía,urbana,5 221,5.0,1.0,0.0,70.0,no,18.0,17.0,150,sevilla,directo,8.0
30/12/2025,867.6125750184154,  colisión frontal ,urbana,3 808,11.0,2.0,0.0,21.0,sí,36.0,33.0,0,madrid,directo,48.0
01/06/2024,513.0446978338977,golpe en aparcamiento,interurbana,7 871,16.0,1.0,0.0,42.0,no,31.0,36.0,150,sevilla,mediador,53.0
09/12/2025,744.1062779726788,ALCANCE,urbana,6 227,2.0,1.0,0.0,62.0,no,50.0,21.0,600,zaragoza,mediador,87.0
27/06/2025,754.4204533795679,golpe en aparcamiento,interurbana,5 463,5.0,1.0,0.0,94.0,no,35.0,11.0,150,sevilla,mediador,24.0
07/07/2025,660.1719049689724,golpe en aparcamiento,urbana,11 895,9.0,5.0,0.0,107.0,sí,48.0,8.0,600,barcelona,mediador,5.0
30/07/2024,583.4576637659977,ROBO,urbana,5 942,20.0,1.0,1.0,99.0,no,23.0,19.0,0,coruña,mediador,174.0
25/01/2024,7197.072016168348,alcance,interurbana,14 184,3.0,3.0,0.0,57.0,sí,66.0,5.0,0,madrid,mediador,59.0
13/10/2025,2184.904607578001,ALCANCE,urbana,29 109,17.0,1.0,0.0,72.0,no,50.0,9.0,300,barcelona,mediador,69.0
02/05/2024,5061.867231166992,SALIDA DE VÍA,autopista,8 027,7.0,1.0,2.0,49.0,no,67.0,13.0,300,sevilla,directo,107.0
08/09/2025,566.153938157859,alcance,urbana,6 599,15.0,1.0,0.0,12.0,no,44.0,45.0,0,zaragoza,directo,147.0
23/05/2024,944.0654759638679,golpe en aparcamiento,urbana,12 925,6.0,1.0,0.0,37.0,no,44.0,45.0,0,coruña,mediador,11.0
14/04/2024,279.8595036188128,  golpe en aparcamiento ,autopista,6 216,8.0,1.0,0.0,38.0,no,31.0,0.0,0,coruña,banca seguros,48.0
01/05/2025,1660.9005888718607,golpe en aparcamiento,urbana,17 626,13.0,4.0,1.0,34.0,N/D,39.0,41.0,300,sevilla,directo,80.0
24/04/2025,2057.8424763431904,alcance,interurbana,11 635,1.0,2.0,0.0,65.0,sí,32.0,11.0,0,barcelona,directo,75.0
05/01/2025,532.5080685204355,golpe en aparcamiento,interurbana,14 682,13.0,1.0,0.0,45.0,no,52.0,49.0,0,valencia,mediador,96.0
08/02/2025,19801.403991193412,INCENDIO,interurbana,13 455,19.0,1.0,0.0,59.0,sí,49.0,42.0,600,madrid,banca seguros,16.0
24/05/2024,1551.4404784338014,  alcance ,autopista,8 751,12.0,1.0,0.0,40.0,sí,48.0,42.0,150,barcelona,directo,144.0
13/04/2024,5642.017621023067,salida de vía,interurbana,2 612,6.0,2.0,0.0,28.0,sí,54.0,6.0,150,sevilla,mediador,62.0
25/07/2024,977.1835299247027,alcance,interurbana,16 271,18.0,2.0,0.0,64.0,no,62.0,9.0,150,barcelona,mediador,2.0
25/12/2025,382.3466507170593,golpe en aparcamiento,urbana,7 532,11.0,1.0,0.0,73.0,no,18.0,42.0,0,zaragoza,banca seguros,105.0
28/07/2024,1965.5863546538476,SALIDA DE VÍA,urbana,11 933,11.0,2.0,0.0,51.0,no,50.0,19.0,300,sevilla,directo,160.0
17/04/2025,1331.5824026938483,golpe en aparcamiento,urbana,10 471,13.0,2.0,0.0,73.0,sí,41.0,38.0,0,zaragoza,mediador,115.0
11/11/2024,2184.770528753814,colisión frontal,urbana,6 063,8.0,1.0,0.0,82.0,sí,35.0,23.0,0,coruña,directo,34.0
25/07/2025,3114.3687899608017,ROBO,urbana,25 748,15.0,2.0,0.0,42.0,sí,58.0,50.0,150,madrid,directo,146.0
08/05/2024,1348.6920435253212,ALCANCE,urbana,5 214,6.0,1.0,1.0,88.0,sí,57.0,21.0,600,sevilla,directo,176.0
18/09/2025,5610.9500242720815,robo,urbana,18 855,11.0,1.0,0.0,10.0,no,61.0,35.0,600,valencia,directo,89.0
27/08/2024,1090.6994070933783,ALCANCE,urbana,14 183,20.0,1.0,0.0,97.0,N/D,46.0,11.0,0,valencia,directo,109.0
07/06/2025,665.6652142219989,alcance,interurbana,8 025,19.0,1.0,0.0,89.0,sí,42.0,50.0,0,madrid,directo,130.0
02/11/2024,2074.1548349359705,colisión frontal,interurbana,4 625,8.0,1.0,0.0,72.0,no,36.0,31.0,0,coruña,directo,43.0
01/12/2025,566.5571824351459,alcance,urbana,11 621,12.0,1.0,0.0,41.0,no,40.0,37.0,0,barcelona,mediador,1.0
30/12/2025,514.436666620247,golpe en aparcamiento,interurbana,7 445,9.0,1.0,0.0,67.0,sí,51.0,40.0,0,coruña,mediador,35.0
27/02/2025,1127.962453756593,golpe en aparcamiento,urbana,9 507,9.0,1.0,0.0,27.0,sí,27.0,4.0,300,valencia,mediador,56.0
21/07/2025,3564.220811936736,alcance,interurbana,14 224,21.0,3.0,1.0,71.0,sí,29.0,29.0,0,barcelona,mediador,22.0
24/11/2025,3353.6273955862057,salida de vía,urbana,14 276,18.0,1.0,2.0,55.0,sí,40.0,6.0,0,madrid,directo,135.0
04/02/2024,1048.318621536594,robo,urbana,14 525,16.0,1.0,0.0,60.0,sí,46.0,35.0,0,madrid,banca seguros,11.0
07/09/2025,7558.383455242264,incendio,interurbana,4 313,3.0,1.0,7.0,56.0,sí,33.0,0.0,150,barcelona,mediador,69.0
26/12/2024,321.8337183463171,golpe en aparcamiento,urbana,6 653,11.0,5.0,0.0,20.0,no,59.0,46.0,150,sevilla,mediador,16.0
13/01/2025,1522.0116894766415,robo,interurbana,11 240,5.0,2.0,0.0,67.0,no,25.0,27.0,300,coruña,mediador,68.0
12/04/2024,3393.9770063704495,COLISIÓN FRONTAL,autopista,17 576,10.0,1.0,0.0,96.0,no,42.0,42.0,150,sevilla,directo,87.0
28/09/2025,969.9902456107568,alcance,interurbana,9 469,0.0,1.0,0.0,58.0,no,41.0,48.0,150,zaragoza,directo,116.0
27/09/2024,988.3082645292232,salida de vía,urbana,6 907,11.0,1.0,0.0,16.0,no,39.0,8.0,300,sevilla,mediador,25.0
12/08/2024,4035.7405620377904,robo,urbana,8 600,12.0,2.0,0.0,83.0,sí,56.0,48.0,0,zaragoza,directo,159.0
26/01/2025,692.9650922325728,alcance,urbana,10 405,3.0,1.0,0.0,45.0,sí,26.0,35.0,0,valencia,banca seguros,177.0
04/04/2025,2373.367813352016,alcance,urbana,11 606,8.0,3.0,0.0,92.0,sí,30.0,10.0,600,coruña,directo,22.0
25/03/2024,3530.3201107710042,salida de vía,urbana,11 204,9.0,4.0,0.0,80.0,no,53.0,3.0,150,sevilla,banca seguros,124.0
16/07/2024,1228.3395536588346,golpe en aparcamiento,interurbana,7 683,16.0,3.0,0.0,45.0,no,82.0,6.0,300,barcelona,banca seguros,47.0
12/04/2025,522.8923302602229,alcance,urbana,6 854,21.0,1.0,0.0,53.0,sí,19.0,18.0,300,sevilla,directo,84.0
14/11/2025,646.8053425345354,golpe en aparcamiento,urbana,26 052,2.0,3.0,0.0,39.0,sí,35.0,41.0,300,valencia,directo,180.0
19/07/2024,573.2327999512089,colisión frontal,urbana,7 579,9.0,5.0,0.0,51.0,no,61.0,41.0,150,madrid,mediador,35.0
23/02/2024,12518.008434004974,salida de vía,interurbana,34 253,6.0,1.0,0.0,66.0,no,65.0,37.0,300,zaragoza,directo,140.0
19/09/2024,796.954688744085,golpe en aparcamiento,interurbana,13 874,3.0,1.0,0.0,57.0,sí,18.0,11.0,600,sevilla,directo,152.0
30/07/2025,934.8476529480037,robo,interurbana,2 882,11.0,1.0,0.0,94.0,no,49.0,23.0,150,zaragoza,mediador,127.0
24/09/2025,1079.1551760397801,alcance,interurbana,7 025,0.0,1.0,0.0,60.0,sí,25.0,20.0,300,valencia,mediador,98.0
01/02/2024,791.7639835333957,golpe en aparcamiento,interurbana,7 197,5.0,1.0,0.0,83.0,no,51.0,42.0,600,barcelona,directo,44.0
26/12/2024,4720.262036836722,colisión frontal,interurbana,26 515,22.0,4.0,0.0,90.0,no,55.0,3.0,0,valencia,directo,112.0
04/06/2025,715.0612305072851,golpe en aparcamiento,autopista,5 613,13.0,1.0,0.0,40.0,sí,44.0,13.0,600,coruña,mediador,147.0
08/09/2025,1828.296144236283,salida de vía,urbana,33 424,11.0,1.0,0.0,45.0,no,39.0,8.0,150,valencia,directo,105.0
26/07/2025,1525.1384970872364,alcance,interurbana,14 522,6.0,1.0,0.0,19.0,no,39.0,36.0,150,madrid,mediador,127.0
18/02/2025,1612.2136256758633,salida de vía,urbana,9 455,19.0,2.0,1.0,46.0,no,33.0,6.0,0,barcelona,directo,147.0
15/10/2024,972.7219104933232,alcance,urbana,20 170,9.0,1.0,0.0,8.0,no,47.0,36.0,0,barcelona,directo,79.0
14/07/2025,407.97554150296185,golpe en aparcamiento,urbana,3 775,21.0,4.0,0.0,32.0,no,38.0,13.0,600,valencia,directo,48.0
04/08/2025,1296.2046121675633,golpe en aparcamiento,autopista,17 188,9.0,1.0,0.0,34.0,no,35.0,10.0,150,valencia,directo,96.0
17/06/2024,791.8147787572963,alcance,urbana,15 769,15.0,2.0,0.0,60.0,sí,45.0,18.0,0,madrid,mediador,56.0
24/05/2024,2320.037097243402,salida de vía,urbana,12 279,10.0,1.0,0.0,78.0,N/D,31.0,27.0,150,coruña,banca seguros,78.0
14/09/2025,2990.307989776925,robo,urbana,25 207,20.0,3.0,0.0,37.0,sí,43.0,19.0,300,zaragoza,directo,168.0
17/04/2024,1640.8789761045834,golpe en aparcamiento,urbana,8 480,0.0,2.0,0.0,108.0,sí,64.0,49.0,150,zaragoza,directo,72.0
21/04/2024,1884.4651370903618,salida de vía,urbana,14 374,18.0,1.0,1.0,87.0,sí,18.0,37.0,600,madrid,mediador,134.0
21/11/2025,344.3326224049344,golpe en aparcamiento,urbana,6 287,21.0,2.0,0.0,32.0,no,33.0,19.0,150,sevilla,mediador,54.0
27/11/2025,1423.4858107308387,alcance,interurbana,11 716,4.0,1.0,0.0,75.0,no,56.0,38.0,150,coruña,mediador,15.0
06/08/2025,4791.926788902864,incendio,urbana,3 811,6.0,1.0,0.0,28.0,no,18.0,24.0,150,valencia,mediador,172.0
03/09/2024,2252.824100091297,salida de vía,urbana,10 693,19.0,5.0,0.0,44.0,no,36.0,32.0,0,barcelona,mediador,33.0
25/03/2025,1810.3606755182568,SALIDA DE VÍA,urbana,18 793,11.0,2.0,0.0,45.0,no,50.0,49.0,0,valencia,banca seguros,100.0
17/03/2025,1735.121577216419,robo,urbana,5 999,16.0,1.0,1.0,82.0,sí,44.0,37.0,0,madrid,directo,44.0
08/02/2024,2110.1613182208057,colisión frontal,interurbana,10 453,1.0,4.0,0.0,71.0,sí,40.0,30.0,0,valencia,directo,157.0
05/12/2025,5243.945898475202,  colisión frontal ,autopista,8 769,2.0,3.0,1.0,81.0,no,34.0,29.0,0,valencia,mediador,98.0
25/07/2025,450.5217027962104,alcance,urbana,7 858,18.0,1.0,0.0,79.0,sí,18.0,50.0,150,madrid,mediador,107.0
10/10/2024,742.8267476230267,ALCANCE,urbana,13 108,1.0,1.0,0.0,50.0,no,48.0,40.0,150,valencia,mediador,153.0
09/03/2024,2363.0859833824356,salida de via,urbana,11 305,9.0,2.0,1.0,76.0,sí,28.0,19.0,150,coruña,directo,164.0
11/11/2025,4297.368619452208,colision frontal,interurbana,17 605,10.0,3.0,0.0,53.0,no,46.0,9.0,150,valencia,banca seguros,67.0
16/04/2025,837.4804157295835,golpe en aparcamiento,urbana,7 235,13.0,1.0,0.0,25.0,N/D,60.0,40.0,150,sevilla,mediador,117.0
03/04/2024,1293.0160267697484,alcance,autopista,13 420,16.0,3.0,0.0,10.0,no,61.0,19.0,300,coruña,banca seguros,29.0
18/08/2025,438.64755219702676,alcance,interurbana,14 110,1.0,1.0,0.0,45.0,no,18.0,4.0,0,barcelona,directo,92.0
12/12/2025,2751.102586946187,colisión frontal,urbana,8 501,16.0,1.0,1.0,47.0,N/D,42.0,40.0,150,barcelona,mediador,11.0
30/05/2025,2051.585314009802,salida de via,urbana,23 123,1.0,1.0,0.0,8.0,no,54.0,30.0,150,barcelona,mediador,63.0
27/06/2024,1323.0654843752238,colisión frontal,urbana,6 281,3.0,3.0,0.0,18.0,no,30.0,15.0,150,zaragoza,directo,80.0
14/10/2024,216.45810698991383,golpe en aparcamiento,urbana,9 069,7.0,2.0,0.0,64.0,sí,47.0,35.0,150,coruña,mediador,156.0
02/06/2025,747.9649447806065,alcance,urbana,7 922,5.0,1.0,1.0,42.0,no,51.0,37.0,0,madrid,mediador,86.0
06/11/2024,445.7632171218873,robo,urbana,9 758,9.0,1.0,0.0,40.0,no,26.0,8.0,300,coruña,banca seguros,168.0
04/02/2024,712.8728178769005,golpe en aparcamiento,interurbana,9 259,9.0,2.0,0.0,78.0,no,24.0,45.0,600,valencia,mediador,75.0
01/06/2025,453.2187515600886,alcance,urbana,4 507,2.0,2.0,0.0,71.0,no,42.0,0.0,0,zaragoza,banca seguros,120.0
17/06/2024,479.20027280265646,golpe en aparcamiento,urbana,5 816,21.0,1.0,0.0,41.0,sí,44.0,19.0,150,madrid,mediador,129.0
05/05/2025,1266.7851366909986,SALIDA DE VÍA,urbana,2 976,0.0,2.0,1.0,37.0,no,19.0,33.0,300,sevilla,mediador,103.0
27/04/2024,1836.7328028657419,robo,urbana,12 131,4.0,1.0,0.0,79.0,no,27.0,22.0,0,sevilla,banca seguros,91.0
11/12/2024,2643.1532121613186,  alcance ,autopista,6 271,14.0,2.0,0.0,80.0,no,63.0,23.0,600,sevilla,mediador,25.0
07/06/2025,1072.0874158102667,golpe en aparcamiento,interurbana,27 684,12.0,1.0,0.0,80.0,sí,32.0,23.0,150,coruña,mediador,108.0
08/02/2025,370.4189123974321,golpe en aparcamiento,urbana,10 606,22.0,1.0,0.0,53.0,no,32.0,4.0,0,madrid,mediador,136.0
14/11/2025,13729.458122389657,incendio,interurbana,6 467,3.0,4.0,0.0,65.0,no,45.0,34.0,600,zaragoza,mediador,160.0
12/04/2025,1133.4279214793435,colision frontal,urbana,8 558,3.0,1.0,0.0,25.0,no,25.0,37.0,0,sevilla,banca seguros,11.0
13/06/2025,2144.4341769785606,alcance,interurbana,17 338,6.0,1.0,1.0,43.0,no,34.0,29.0,600,coruña,directo,161.0
22/09/2025,518.7034042261396,salida de vía,urbana,3 168,21.0,1.0,0.0,26.0,no,54.0,9.0,0,madrid,directo,42.0
31/03/2025,753.538474078837,salida de vía,urbana,10 385,22.0,1.0,0.0,27.0,no,54.0,1.0,600,zaragoza,directo,175.0
29/05/2024,1581.3449797509138,alcance,interurbana,10 383,8.0,1.0,2.0,86.0,no,62.0,48.0,150,barcelona,directo,179.0
23/05/2024,510.1103873251118,colisión frontal,urbana,4 698,14.0,1.0,0.0,19.0,no,33.0,43.0,150,coruña,mediador,48.0
10/12/2024,591.6859842541826,golpe en aparcamiento,urbana,17 464,11.0,2.0,2.0,90.0,no,43.0,39.0,300,valencia,directo,129.0
06/10/2025,541.8058914350017,alcance,interurbana,4 222,13.0,1.0,0.0,33.0,no,39.0,44.0,150,barcelona,mediador,141.0
27/01/2024,1046.0454386008212,golpe en aparcamiento,interurbana,16 158,4.0,1.0,0.0,49.0,sí,49.0,22.0,0,coruña,mediador,73.0
10/11/2025,33355.315797953044,incendio,urbana,28 229,8.0,1.0,0.0,36.0,no,19.0,0.0,300,valencia,mediador,39.0
20/05/2025,728.4832347940585,alcance,interurbana,9 504,21.0,1.0,0.0,47.0,sí,39.0,28.0,150,valencia,directo,4.0
06/04/2025,2734.411179265496,alcance,urbana,35 731,14.0,1.0,0.0,67.0,N/D,69.0,5.0,0,barcelona,banca seguros,46.0
26/04/2024,325.0174969005833,golpe en aparcamiento,urbana,5 917,5.0,1.0,0.0,47.0,sí,21.0,6.0,0,valencia,mediador,32.0
22/11/2024,1406.9809436575265,salida de vía,interurbana,7 921,8.0,3.0,1.0,0.0,no,76.0,46.0,600,sevilla,banca seguros,177.0
11/07/2024,5793.509419073047,colisión frontal,autopista,9 841,18.0,1.0,0.0,41.0,N/D,64.0,3.0,0,barcelona,directo,97.0
13/08/2024,2666.294280204216,colisión frontal,autopista,8 426,9.0,2.0,0.0,64.0,no,64.0,24.0,0,sevilla,directo,43.0
20/12/2025,2035.3935037082456,  colisión frontal ,autopista,9 682,13.0,3.0,0.0,63.0,sí,72.0,23.0,0,valencia,mediador,118.0
27/08/2024,1657.6609612625923,salida de vía,autopista,10 393,8.0,1.0,0.0,75.0,no,34.0,35.0,150,valencia,banca seguros,97.0
11/11/2025,767.3781767959206,golpe en aparcamiento,urbana,11 386,12.0,2.0,0.0,65.0,no,57.0,19.0,0,sevilla,banca seguros,21.0
04/12/2024,2641.067866043809,salida de vía,urbana,24 105,14.0,1.0,0.0,1.0,sí,50.0,41.0,0,coruña,mediador,138.0
01/03/2025,4207.584436865741,salida de vía,urbana,6 535,2.0,2.0,0.0,110.0,no,29.0,2.0,600,zaragoza,directo,63.0
08/08/2024,477.2877980720688,golpe en aparcamiento,urbana,5 642,18.0,5.0,0.0,70.0,no,44.0,31.0,300,coruña,mediador,81.0
10/11/2025,705.2228119047574,golpe en aparcamiento,autopista,5 996,16.0,2.0,0.0,63.0,no,32.0,35.0,0,barcelona,banca seguros,177.0
28/07/2024,125.26624032274346,golpe en aparcamiento,urbana,2 203,2.0,1.0,0.0,44.0,no,62.0,31.0,0,coruña,directo,81.0
14/04/2024,1895.50460523025,alcance,interurbana,24 782,10.0,2.0,0.0,22.0,no,50.0,43.0,0,sevilla,mediador,86.0
02/11/2024,351.0398965005793,alcance,urbana,2 821,10.0,1.0,0.0,13.0,no,59.0,3.0,150,sevilla,directo,40.0
29/12/2024,280.51308563902535,golpe en aparcamiento,urbana,8 123,11.0,2.0,0.0,48.0,no,55.0,26.0,0,zaragoza,mediador,94.0
12/12/2025,46961.45114911163,incendio,urbana,50 801,1.0,1.0,0.0,29.0,no,48.0,0.0,150,valencia,mediador,106.0
01/01/2024,3869.177020623002,  colisión frontal ,urbana,8 587,2.0,3.0,0.0,72.0,no,46.0,45.0,0,zaragoza,banca seguros,109.0
17/01/2025,2433.010332912583,alcance,urbana,20 567,11.0,1.0,0.0,41.0,no,73.0,46.0,300,valencia,banca seguros,76.0
13/12/2024,1406.8391391034388,alcance,autopista,25 476,22.0,2.0,0.0,67.0,no,34.0,42.0,300,barcelona,mediador,108.0
03/04/2024,1346.914972306413,ALCANCE,urbana,14 992,16.0,2.0,3.0,69.0,sí,28.0,42.0,0,sevilla,mediador,44.0
26/06/2025,15974.4470862707,colisión frontal,autopista,25 070,20.0,3.0,0.0,26.0,sí,29.0,22.0,150,coruña,mediador,81.0
12/07/2024,379.95981042324854,alcance,urbana,7 854,12.0,2.0,0.0,48.0,no,38.0,2.0,300,madrid,directo,69.0
09/08/2025,265.14314049812435,alcance,urbana,6 806,20.0,1.0,0.0,32.0,sí,51.0,41.0,0,barcelona,banca seguros,79.0
02/06/2024,2329.170263801812,SALIDA DE VÍA,interurbana,7 787,14.0,3.0,0.0,77.0,sí,19.0,47.0,0,sevilla,directo,175.0
07/07/2025,829.7516233563664,golpe en aparcamiento,interurbana,22 496,10.0,1.0,0.0,75.0,no,47.0,1.0,150,barcelona,banca seguros,117.0
09/09/2025,4839.230837775526,  colisión frontal ,urbana,7 909,5.0,2.0,0.0,103.0,sí,48.0,17.0,600,coruña,mediador,31.0
30/10/2025,1611.2472913173656,alcance,urbana,11 956,12.0,1.0,0.0,57.0,no,47.0,37.0,300,barcelona,directo,7.0
21/10/2025,4605.079955888176,  salida de vía ,autopista,10 726,11.0,1.0,1.0,69.0,no,27.0,45.0,0,barcelona,mediador,147.0
26/09/2025,1144.43622046622,alcance,interurbana,6 739,1.0,1.0,0.0,44.0,no,51.0,49.0,0,zaragoza,mediador,52.0
12/02/2024,782.8869577395782,robo,urbana,13 469,17.0,2.0,0.0,96.0,no,30.0,7.0,300,barcelona,mediador,140.0
21/12/2024,1381.7260517833702,salida de vía,urbana,17 690,14.0,2.0,1.0,64.0,no,41.0,25.0,0,sevilla,mediador,147.0
08/12/2024,2773.1049276474755,alcance,interurbana,33 491,12.0,1.0,0.0,88.0,N/D,44.0,10.0,300,madrid,directo,99.0
17/08/2025,508.29581198986426,golpe en aparcamiento,urbana,5 248,2.0,1.0,0.0,13.0,sí,45.0,32.0,300,sevilla,banca seguros,138.0
03/05/2025,2100.1257383952993,salida de via,interurbana,12 201,10.0,2.0,1.0,71.0,sí,51.0,28.0,0,madrid,mediador,107.0
04/12/2024,1259.5300155014552,golpe en aparcamiento,interurbana,21 427,8.0,1.0,0.0,76.0,no,40.0,43.0,150,sevilla,mediador,62.0
29/04/2024,1619.0756915358934,alcance,autopista,15 814,17.0,4.0,0.0,28.0,no,31.0,0.0,0,coruña,mediador,67.0
28/01/2025,11049.254119482252,incendio,interurbana,29 515,7.0,1.0,0.0,54.0,no,43.0,36.0,300,madrid,directo,168.0
03/05/2024,403.2352966361265,  golpe en aparcamiento ,urbana,3 836,2.0,1.0,0.0,99.0,no,43.0,28.0,150,sevilla,mediador,117.0
21/01/2025,3248.34794606991,robo,autopista,15 616,14.0,2.0,0.0,112.0,sí,48.0,39.0,300,coruña,mediador,14.0
20/06/2025,27128.525654733898,colisión frontal,autopista,16 714,10.0,5.0,2.0,56.0,sí,18.0,10.0,0,madrid,mediador,148.0
19/06/2025,748.0668718424614,golpe en aparcamiento,urbana,12 861,11.0,3.0,0.0,66.0,sí,53.0,46.0,600,sevilla,directo,163.0
21/01/2024,1154.9680128149585,salida de vía,urbana,10 377,21.0,1.0,0.0,138.0,sí,73.0,40.0,0,zaragoza,mediador,56.0
02/07/2025,640.6965428759062,alcance,autopista,8 519,19.0,2.0,1.0,90.0,no,62.0,44.0,300,valencia,mediador,70.0
20/03/2024,993.876386837551,ALCANCE,interurbana,11 295,18.0,2.0,0.0,94.0,N/D,18.0,35.0,0,zaragoza,directo,161.0
01/07/2024,5170.626644505258,colisión frontal,urbana,8 639,17.0,3.0,1.0,41.0,sí,25.0,49.0,300,valencia,mediador,99.0
03/09/2025,715.2793458976379,GOLPE EN APARCAMIENTO,urbana,18 067,21.0,1.0,0.0,16.0,no,61.0,5.0,600,coruña,directo,115.0
16/11/2025,3300.048943334666,robo,urbana,12 692,0.0,4.0,0.0,67.0,sí,71.0,41.0,600,sevilla,mediador,37.0
28/09/2025,884.1977174276589,alcance,interurbana,20 208,3.0,1.0,0.0,57.0,sí,46.0,41.0,0,barcelona,directo,139.0
29/01/2024,7857.84012676147,salida de vía,autopista,10 539,9.0,2.0,0.0,55.0,no,40.0,11.0,300,coruña,banca seguros,104.0
17/09/2025,3406.7498789379947,colisión frontal,urbana,8 850,5.0,2.0,0.0,0.0,no,33.0,7.0,0,madrid,directo,161.0
25/06/2025,2718.1297903771388,  colisión frontal ,urbana,10 044,7.0,1.0,0.0,35.0,sí,54.0,9.0,300,valencia,mediador,127.0
24/05/2025,6989.111949361651,salida de vía,autopista,22 590,14.0,1.0,0.0,37.0,no,38.0,29.0,0,madrid,mediador,80.0
11/01/2024,576.6135623820284,golpe en aparcamiento,urbana,9 074,6.0,1.0,0.0,41.0,sí,42.0,39.0,150,valencia,mediador,140.0
06/04/2025,632.4337551753126,alcance,interurbana,11 257,19.0,2.0,0.0,107.0,no,38.0,46.0,300,madrid,banca seguros,57.0
17/08/2024,395.57927491050856,golpe en aparcamiento,urbana,3 956,1.0,2.0,0.0,33.0,sí,57.0,42.0,600,valencia,mediador,8.0
08/12/2024,980.4139077379918,golpe en aparcamiento,interurbana,9 434,21.0,3.0,0.0,79.0,sí,32.0,14.0,600,barcelona,mediador,170.0
18/08/2025,2332.2862747651598,  salida de vía ,interurbana,11 654,17.0,2.0,0.0,69.0,sí,27.0,24.0,600,valencia,mediador,162.0
27/03/2025,3166.208705528605,  colisión frontal ,interurbana,27 943,6.0,1.0,0.0,29.0,no,35.0,16.0,600,sevilla,mediador,15.0
23/08/2025,1104.532845506039,  alcance ,interurbana,8 270,0.0,1.0,0.0,74.0,no,33.0,20.0,0,madrid,directo,122.0
23/03/2025,269.9139024472617,golpe en aparcamiento,autopista,8 043,9.0,1.0,0.0,57.0,no,30.0,28.0,300,valencia,mediador,42.0
20/06/2024,3146.3054999542987,  colisión frontal ,urbana,19 937,12.0,2.0,0.0,1.0,no,58.0,42.0,0,barcelona,mediador,124.0
31/08/2024,1249.043108630014,alcance,urbana,16 976,7.0,1.0,1.0,68.0,sí,58.0,45.0,300,valencia,mediador,83.0
30/07/2025,841.4878212508096,robo,interurbana,13 502,11.0,1.0,0.0,61.0,no,36.0,40.0,150,valencia,mediador,103.0
06/04/2024,963.9443987640358,alcance,urbana,7 705,10.0,3.0,0.0,64.0,sí,54.0,23.0,150,zaragoza,mediador,95.0
16/01/2025,1762.960361899536,salida de via,interurbana,16 002,10.0,1.0,0.0,102.0,no,36.0,28.0,0,valencia,directo,93.0
09/08/2025,1247.8846521842945,GOLPE EN APARCAMIENTO,interurbana,22 891,2.0,1.0,0.0,41.0,no,52.0,4.0,0,coruña,mediador,119.0
10/01/2025,3677.2777200449004,SALIDA DE VÍA,autopista,13 143,5.0,1.0,1.0,92.0,no,47.0,4.0,0,sevilla,mediador,61.0
24/02/2024,927.3499958792937,golpe en aparcamiento,urbana,17 497,8.0,1.0,0.0,72.0,sí,19.0,13.0,300,sevilla,mediador,13.0
10/06/2025,2187.370041337184,salida de vía,urbana,8 919,18.0,1.0,0.0,58.0,no,30.0,30.0,0,valencia,banca seguros,22.0
29/01/2024,1235.4615858820605,alcance,urbana,9 378,22.0,1.0,0.0,62.0,sí,47.0,5.0,150,coruña,mediador,175.0
20/10/2024,1038.2749305856044,golpe en aparcamiento,urbana,9 406,8.0,1.0,0.0,40.0,sí,31.0,26.0,600,zaragoza,directo,20.0
06/10/2025,206.45810995760337,golpe en aparcamiento,urbana,2 980,4.0,4.0,0.0,38.0,no,43.0,38.0,0,zaragoza,directo,13.0
15/08/2025,1613.381634114116,golpe en aparcamiento,urbana,14 640,6.0,4.0,0.0,55.0,no,30.0,47.0,300,sevilla,banca seguros,122.0
14/06/2025,1094.4220306296636,golpe en aparcamiento,interurbana,7 584,0.0,1.0,0.0,42.0,no,34.0,32.0,0,coruña,mediador,49.0
17/04/2024,1431.223293333025,  salida de vía ,urbana,16 196,1.0,2.0,1.0,100.0,no,54.0,9.0,300,zaragoza,banca seguros,144.0
29/05/2024,5281.074451021663,incendio,urbana,14 134,2.0,1.0,0.0,84.0,no,58.0,13.0,300,coruña,directo,88.0
01/10/2024,281.94543005438385,alcance,urbana,4 687,17.0,1.0,0.0,97.0,no,52.0,43.0,300,zaragoza,mediador,1.0
06/04/2025,870.3199149114376,ALCANCE,urbana,7 402,22.0,1.0,0.0,58.0,sí,52.0,19.0,0,sevilla,mediador,95.0
08/07/2024,2663.6943037905376,salida de vía,urbana,21 514,8.0,3.0,0.0,28.0,no,45.0,17.0,300,sevilla,mediador,157.0
04/02/2025,2197.780990332206,alcance,urbana,13 988,5.0,1.0,1.0,38.0,sí,38.0,43.0,300,valencia,mediador,140.0
17/06/2024,791.3392459793719,ALCANCE,urbana,9 287,2.0,1.0,1.0,69.0,no,25.0,4.0,600,sevilla,mediador,44.0
09/11/2025,638.0376228175973,  salida de vía ,urbana,4 904,4.0,1.0,0.0,42.0,no,30.0,7.0,300,madrid,mediador,120.0
28/11/2025,3393.009621348717,alcance,urbana,14 056,21.0,5.0,0.0,80.0,no,27.0,42.0,0,madrid,banca seguros,164.0
09/07/2024,1458.2625888583275,salida de vía,urbana,40 585,14.0,1.0,0.0,11.0,no,37.0,6.0,300,madrid,banca seguros,4.0
25/12/2024,4417.789167790336,  colisión frontal ,interurbana,11 792,12.0,2.0,0.0,52.0,sí,50.0,41.0,0,zaragoza,mediador,159.0
22/01/2025,11373.293076188365,colisión frontal,interurbana,27 987,4.0,1.0,0.0,44.0,sí,47.0,13.0,150,madrid,directo,65.0
29/08/2024,3021.1390737536576,alcance,interurbana,5 847,2.0,2.0,0.0,68.0,no,45.0,7.0,150,sevilla,banca seguros,170.0
07/09/2024,2544.7088579715733,  alcance ,urbana,28 772,6.0,1.0,2.0,44.0,sí,53.0,0.0,600,coruña,directo,3.0
21/03/2025,844.0422624550778,robo,autopista,5 993,6.0,1.0,1.0,32.0,no,22.0,16.0,0,sevilla,directo,114.0
08/08/2024,1587.3492172869526,colisión frontal,interurbana,8 354,22.0,1.0,0.0,45.0,no,48.0,24.0,150,barcelona,banca seguros,165.0
07/12/2024,2859.2437774564596,alcance,urbana,11 065,5.0,4.0,0.0,0.0,no,61.0,39.0,0,coruña,mediador,24.0
15/07/2025,1915.9765480964015,golpe en aparcamiento,autopista,16 647,13.0,1.0,0.0,72.0,no,41.0,8.0,0,madrid,directo,109.0
19/06/2025,3483.1373573395376,alcance,interurbana,10 981,15.0,2.0,0.0,62.0,no,48.0,9.0,0,sevilla,directo,51.0
20/05/2024,874.9912705987277,alcance,urbana,7 588,21.0,2.0,0.0,48.0,N/D,50.0,10.0,0,madrid,mediador,167.0
06/07/2025,586.6637883640537,golpe en aparcamiento,urbana,18 061,5.0,4.0,0.0,70.0,no,30.0,16.0,150,sevilla,banca seguros,113.0
30/03/2024,1432.094188584289,alcance,urbana,6 570,6.0,1.0,0.0,114.0,no,29.0,41.0,150,valencia,banca seguros,155.0
29/02/2024,576.5925045137119,golpe en aparcamiento,urbana,15 010,7.0,5.0,0.0,48.0,no,35.0,21.0,300,valencia,banca seguros,96.0
06/05/2024,1452.42469186471,robo,autopista,5 832,1.0,1.0,0.0,90.0,no,52.0,41.0,0,coruña,directo,73.0
08/03/2025,384.4306518077396,golpe en aparcamiento,urbana,9 203,11.0,1.0,0.0,35.0,no,69.0,1.0,300,valencia,banca seguros,48.0
18/05/2025,243.7812340802489,  golpe en aparcamiento ,urbana,12 523,17.0,1.0,0.0,66.0,sí,44.0,41.0,0,sevilla,mediador,138.0
12/06/2025,1899.9229269964494,ALCANCE,urbana,16 132,11.0,1.0,0.0,61.0,sí,73.0,43.0,600,valencia,directo,152.0
29/01/2025,256.0136196200167,golpe en aparcamiento,urbana,6 757,13.0,1.0,0.0,39.0,no,20.0,0.0,0,valencia,directo,148.0
23/07/2025,719.9759126833403,colisión frontal,urbana,4 842,18.0,1.0,0.0,37.0,no,30.0,21.0,600,valencia,directo,133.0
06/01/2025,1897.230240696128,salida de vía,urbana,15 677,5.0,2.0,0.0,46.0,sí,42.0,10.0,150,sevilla,mediador,24.0
01/12/2024,856.6920969571628,golpe en aparcamiento,autopista,18 658,5.0,2.0,0.0,1.0,no,42.0,28.0,150,sevilla,mediador,22.0
07/05/2024,12528.369405105157,incendio,interurbana,6 524,10.0,2.0,0.0,51.0,no,24.0,45.0,0,sevilla,directo,177.0
21/07/2024,2067.1998929800516,  alcance ,interurbana,15 288,15.0,1.0,0.0,29.0,sí,49.0,28.0,0,zaragoza,mediador,32.0
14/10/2024,2630.979068034627,salida de vía,urbana,5 263,14.0,2.0,0.0,34.0,no,35.0,8.0,150,sevilla,mediador,122.0
25/12/2024,4682.701619870422,ROBO,autopista,8 543,8.0,5.0,0.0,11.0,no,31.0,33.0,0,valencia,mediador,167.0
01/11/2024,2818.181602030213,colisión frontal,autopista,20 212,3.0,2.0,0.0,84.0,no,62.0,36.0,0,barcelona,directo,91.0
07/11/2025,5430.439705764825,alcance,autopista,10 891,16.0,2.0,0.0,56.0,no,37.0,14.0,0,madrid,directo,46.0
28/10/2025,447.6918468935402,golpe en aparcamiento,urbana,23 186,17.0,1.0,0.0,107.0,no,41.0,39.0,0,madrid,banca seguros,169.0
07/07/2025,13592.996504961726,colision frontal,autopista,32 328,15.0,1.0,3.0,61.0,sí,58.0,28.0,0,coruña,mediador,55.0
09/02/2024,1366.1148704399588,alcance,urbana,7 781,7.0,4.0,0.0,37.0,no,44.0,10.0,150,sevilla,directo,65.0
08/04/2024,518.5064211079186,golpe en aparcamiento,urbana,10 387,4.0,2.0,0.0,75.0,sí,40.0,15.0,300,madrid,mediador,83.0
12/12/2025,1379.9626748576268,colisión frontal,urbana,8 198,11.0,1.0,0.0,42.0,no,20.0,3.0,300,barcelona,banca seguros,178.0
01/02/2024,1152.887269003996,alcance,interurbana,14 997,22.0,2.0,0.0,59.0,sí,31.0,0.0,150,sevilla,banca seguros,126.0
22/08/2024,11440.071200967337,INCENDIO,autopista,7 992,16.0,1.0,0.0,63.0,N/D,52.0,20.0,0,zaragoza,banca seguros,102.0
29/12/2025,1498.5489049289574,golpe en aparcamiento,urbana,22 397,17.0,1.0,0.0,24.0,no,48.0,14.0,300,zaragoza,banca seguros,39.0
29/09/2024,1286.5269025052464,colisión frontal,autopista,6 250,6.0,1.0,0.0,68.0,sí,59.0,5.0,0,madrid,directo,45.0
05/01/2024,1225.824369329876,alcance,urbana,42 717,3.0,1.0,0.0,5.0,no,67.0,45.0,300,valencia,mediador,53.0
28/05/2024,840.202889528742,alcance,urbana,8 240,13.0,1.0,1.0,78.0,sí,35.0,14.0,0,barcelona,directo,36.0
13/10/2025,1367.8891830989153,salida de vía,urbana,12 507,14.0,4.0,1.0,0.0,no,31.0,10.0,300,sevilla,directo,178.0
22/06/2025,1419.2610238013594,alcance,urbana,19 170,6.0,2.0,1.0,58.0,no,43.0,23.0,300,valencia,directo,109.0
14/07/2025,6711.769811432079,salida de vía,autopista,16 100,9.0,4.0,0.0,23.0,sí,60.0,41.0,150,zaragoza,banca seguros,14.0
05/08/2024,3437.382206126472,colisión frontal,urbana,29 048,8.0,2.0,0.0,62.0,sí,55.0,45.0,150,valencia,directo,39.0
25/12/2024,487.1409270872881,golpe en aparcamiento,urbana,26 395,8.0,2.0,0.0,76.0,no,65.0,19.0,0,sevilla,directo,133.0
23/06/2025,1852.6354915701127,alcance,autopista,10 705,22.0,5.0,0.0,41.0,no,56.0,37.0,300,zaragoza,mediador,111.0
15/09/2024,2454.6917033985187,alcance,interurbana,6 273,20.0,3.0,0.0,55.0,no,55.0,30.0,0,sevilla,banca seguros,1.0
09/03/2025,2617.510799461318,colisión frontal,interurbana,8 163,19.0,2.0,0.0,84.0,N/D,46.0,24.0,600,valencia,mediador,87.0
18/08/2024,4038.967961463719,salida de vía,interurbana,17 621,7.0,2.0,1.0,51.0,sí,34.0,15.0,0,barcelona,mediador,155.0
05/07/2024,8310.132246101033,incendio,autopista,7 366,9.0,1.0,0.0,24.0,sí,28.0,41.0,0,zaragoza,mediador,122.0
28/07/2025,1115.7645065528068,robo,interurbana,6 902,7.0,2.0,0.0,55.0,no,45.0,27.0,300,sevilla,directo,172.0
06/10/2024,1648.668396445182,robo,interurbana,27 588,14.0,2.0,0.0,61.0,no,44.0,16.0,0,valencia,banca seguros,79.0
22/08/2024,273.22344671771987,alcance,urbana,3 656,6.0,1.0,1.0,49.0,no,40.0,30.0,600,sevilla,directo,61.0
28/12/2024,1142.7890681767472,alcance,urbana,9 774,9.0,1.0,0.0,62.0,no,62.0,2.0,300,zaragoza,mediador,157.0
07/01/2024,309.0494643468219,salida de vía,urbana,5 972,8.0,1.0,0.0,56.0,no,52.0,5.0,0,coruña,mediador,64.0
03/12/2024,3380.9328488351853,  salida de vía ,interurbana,12 559,3.0,4.0,1.0,12.0,sí,59.0,50.0,150,valencia,directo,63.0
17/12/2024,753.472720718834,alcance,interurbana,15 306,13.0,2.0,0.0,90.0,no,62.0,23.0,150,barcelona,mediador,172.0
27/04/2024,11336.482899032211,  incendio ,interurbana,7 512,15.0,1.0,0.0,80.0,no,20.0,34.0,0,valencia,mediador,47.0
14/11/2025,347.0829945845708,GOLPE EN APARCAMIENTO,urbana,5 254,11.0,2.0,1.0,67.0,sí,52.0,24.0,150,zaragoza,mediador,127.0
12/11/2024,850.1156697484685,golpe en aparcamiento,urbana,10 515,4.0,1.0,1.0,84.0,no,58.0,30.0,0,sevilla,directo,74.0
01/09/2024,480.82470633360543,golpe en aparcamiento,autopista,8 507,11.0,1.0,1.0,26.0,no,67.0,43.0,150,coruña,mediador,106.0
13/03/2024,4112.574160076631,colisión frontal,urbana,8 414,0.0,1.0,0.0,48.0,no,64.0,22.0,150,barcelona,mediador,15.0
12/05/2025,1952.8606144476594,alcance,interurbana,8 707,1.0,2.0,1.0,74.0,no,46.0,41.0,0,zaragoza,directo,23.0
22/06/2025,230.24079511624785,golpe en aparcamiento,urbana,6 401,0.0,2.0,0.0,51.0,no,50.0,10.0,300,zaragoza,mediador,37.0
03/07/2025,3657.9925025621224,COLISIÓN FRONTAL,interurbana,12 834,2.0,1.0,0.0,41.0,no,40.0,3.0,0,sevilla,mediador,53.0
08/09/2024,1026.7726779834395,golpe en aparcamiento,interurbana,28 583,21.0,2.0,0.0,18.0,no,30.0,15.0,150,zaragoza,directo,90.0
27/03/2025,1551.8970902820865,robo,urbana,9 430,13.0,1.0,0.0,74.0,sí,45.0,13.0,0,coruña,mediador,180.0
12/11/2024,457.1281413048578,golpe en aparcamiento,urbana,22 649,19.0,2.0,0.0,50.0,sí,32.0,17.0,0,madrid,banca seguros,142.0
02/02/2025,3003.6944840596093,colisión frontal,urbana,19 735,16.0,1.0,0.0,40.0,no,41.0,35.0,0,coruña,banca seguros,31.0
22/02/2024,2390.383956314097,  alcance ,interurbana,27 038,0.0,1.0,0.0,73.0,no,33.0,47.0,0,barcelona,mediador,72.0
14/04/2025,2735.919372057129,COLISIÓN FRONTAL,autopista,7 065,8.0,2.0,0.0,62.0,no,39.0,23.0,0,barcelona,mediador,176.0
31/08/2024,840.4043144899963,  alcance ,autopista,21 902,18.0,1.0,2.0,51.0,no,51.0,1.0,0,coruña,mediador,164.0
12/08/2024,2493.354069492661,SALIDA DE VÍA,autopista,10 938,22.0,3.0,0.0,28.0,no,50.0,16.0,0,valencia,directo,110.0
10/11/2025,309.5990316192542,golpe en aparcamiento,urbana,17 972,17.0,1.0,0.0,42.0,no,67.0,47.0,0,barcelona,mediador,160.0
18/04/2024,443.61611228390086,alcance,interurbana,3 838,18.0,1.0,0.0,72.0,no,26.0,33.0,0,valencia,directo,124.0
05/01/2024,14256.606059693278,incendio,autopista,3 328,12.0,4.0,1.0,87.0,sí,50.0,48.0,300,sevilla,banca seguros,2.0
17/01/2025,982.1202598057336,GOLPE EN APARCAMIENTO,urbana,14 715,2.0,3.0,0.0,55.0,no,44.0,3.0,0,valencia,mediador,51.0
22/03/2024,947.058853489645,golpe en aparcamiento,autopista,27 367,3.0,1.0,3.0,17.0,no,29.0,29.0,600,madrid,mediador,121.0
27/03/2024,2712.0679059302734,alcance,interurbana,13 145,12.0,4.0,0.0,8.0,no,36.0,26.0,0,sevilla,mediador,69.0
02/02/2024,1079.462119837837,alcance,urbana,4 361,3.0,1.0,1.0,13.0,sí,43.0,7.0,150,zaragoza,mediador,169.0
22/07/2025,692.9107032640774,ROBO,interurbana,2 867,9.0,1.0,0.0,80.0,sí,58.0,0.0,300,barcelona,directo,125.0
01/08/2024,1238.5286799060846,SALIDA DE VÍA,interurbana,6 775,20.0,5.0,0.0,69.0,no,58.0,39.0,0,coruña,directo,151.0
18/05/2024,835.982220636914,colisión frontal,autopista,2 840,9.0,1.0,0.0,34.0,no,28.0,24.0,600,zaragoza,directo,75.0
16/01/2025,46091.64985371544,incendio,autopista,20 476,7.0,2.0,1.0,73.0,sí,59.0,26.0,300,zaragoza,mediador,143.0
23/07/2025,686.759964288577,alcance,urbana,2 852,9.0,3.0,0.0,83.0,no,29.0,8.0,150,valencia,banca seguros,68.0
22/04/2024,1427.4618632666502,salida de via,interurbana,16 553,7.0,2.0,0.0,18.0,no,18.0,22.0,150,sevilla,directo,105.0
20/04/2024,2945.866620747422,alcance,interurbana,17 966,22.0,2.0,1.0,71.0,sí,38.0,20.0,150,valencia,mediador,162.0
27/01/2024,1402.2488224743117,golpe en aparcamiento,interurbana,16 016,21.0,4.0,0.0,64.0,no,34.0,18.0,600,valencia,mediador,108.0
06/09/2024,26294.172007091387,INCENDIO,autopista,18 664,22.0,2.0,0.0,47.0,no,60.0,9.0,0,coruña,directo,46.0
26/02/2025,277.39053263939854,golpe en aparcamiento,autopista,8 926,5.0,2.0,0.0,42.0,no,48.0,19.0,150,valencia,directo,43.0
08/01/2025,3985.0635602120733,salida de vía,urbana,39 618,10.0,2.0,0.0,47.0,no,35.0,12.0,600,coruña,banca seguros,88.0
20/10/2025,2124.168342179429,colisión frontal,autopista,7 367,12.0,1.0,0.0,77.0,no,34.0,32.0,600,zaragoza,banca seguros,34.0
27/04/2025,835.3800774198961,salida de vía,urbana,12 579,1.0,3.0,0.0,0.0,no,57.0,49.0,300,coruña,mediador,58.0
30/01/2024,431.07474854092544,  golpe en aparcamiento ,interurbana,4 263,10.0,2.0,0.0,60.0,N/D,58.0,33.0,150,sevilla,mediador,178.0
26/03/2024,1009.0093125249059,alcance,urbana,11 571,17.0,1.0,0.0,63.0,no,53.0,30.0,0,sevilla,banca seguros,180.0
04/02/2024,829.0344505101245,alcance,urbana,7 557,7.0,2.0,0.0,5.0,no,21.0,14.0,600,valencia,directo,35.0
25/10/2025,1129.2943026708758,  colisión frontal ,urbana,8 065,20.0,1.0,0.0,82.0,sí,49.0,17.0,150,zaragoza,mediador,32.0
05/07/2025,1778.0815670079332,  salida de vía ,urbana,9 000,11.0,1.0,0.0,0.0,no,51.0,15.0,150,barcelona,directo,142.0
06/10/2024,552.5574803296371,golpe en aparcamiento,urbana,2 877,2.0,5.0,0.0,48.0,sí,18.0,50.0,600,madrid,directo,117.0
12/11/2024,4680.774791323722,colisión frontal,autopista,8 280,17.0,2.0,0.0,38.0,no,41.0,21.0,0,barcelona,directo,50.0
09/12/2025,6655.12049580777,salida de vía,urbana,19 381,11.0,2.0,3.0,59.0,sí,78.0,15.0,0,coruña,mediador,120.0
26/05/2024,3401.9922317725677,colisión frontal,urbana,22 564,21.0,4.0,1.0,46.0,sí,18.0,45.0,150,madrid,directo,77.0
24/06/2024,2663.8243570599657,salida de via,interurbana,13 536,16.0,2.0,0.0,100.0,no,59.0,21.0,150,madrid,directo,143.0
22/05/2025,1120.1941761277071,alcance,autopista,26 712,16.0,3.0,0.0,119.0,no,48.0,10.0,0,barcelona,directo,23.0
24/01/2025,1466.1079794454467,salida de vía,interurbana,7 685,1.0,1.0,0.0,7.0,no,42.0,46.0,0,zaragoza,mediador,66.0
01/01/2025,15675.85874867351,colisión frontal,autopista,7 407,17.0,1.0,0.0,46.0,sí,22.0,13.0,300,coruña,directo,54.0
08/02/2024,262.8451296118913,golpe en aparcamiento,urbana,7 901,13.0,1.0,0.0,71.0,sí,41.0,36.0,0,barcelona,directo,6.0
09/06/2025,5739.661481762952,colisión frontal,autopista,11 513,21.0,2.0,0.0,51.0,N/D,48.0,36.0,0,madrid,directo,174.0
17/11/2024,2683.6257280315504,colisión frontal,urbana,19 696,4.0,1.0,0.0,94.0,no,46.0,22.0,150,valencia,mediador,149.0
11/02/2025,3470.9729733016834,ROBO,urbana,10 514,22.0,4.0,0.0,84.0,no,50.0,3.0,150,barcelona,mediador,144.0
23/07/2025,485.1629288243304,golpe en aparcamiento,interurbana,8 733,15.0,1.0,0.0,59.0,no,20.0,41.0,0,coruña,mediador,1.0
01/06/2024,696.830788802036,alcance,interurbana,3 623,3.0,2.0,0.0,59.0,no,80.0,17.0,300,barcelona,banca seguros,64.0
09/11/2024,1459.9684987681942,salida de vía,interurbana,18 684,3.0,2.0,0.0,7.0,no,48.0,48.0,600,valencia,banca seguros,39.0
17/02/2024,2343.3279663774915,colisión frontal,urbana,6 172,17.0,3.0,0.0,49.0,no,21.0,20.0,0,sevilla,mediador,29.0
11/06/2024,396.55773578112604,alcance,urbana,8 739,19.0,2.0,0.0,24.0,no,49.0,4.0,0,valencia,mediador,59.0
07/01/2025,367.5021609556476,alcance,autopista,10 713,9.0,1.0,1.0,61.0,no,37.0,30.0,150,valencia,mediador,38.0
24/11/2024,3581.957435782319,  salida de vía ,urbana,7 831,10.0,2.0,0.0,49.0,sí,47.0,36.0,600,zaragoza,directo,131.0
16/11/2025,7166.149492434094,incendio,urbana,18 669,22.0,3.0,0.0,83.0,no,38.0,13.0,300,coruña,mediador,49.0
18/01/2024,411.0004123607026,alcance,urbana,4 466,14.0,1.0,0.0,72.0,no,79.0,33.0,150,zaragoza,banca seguros,37.0
21/07/2025,1331.540838383096,salida de vía,urbana,21 624,21.0,2.0,0.0,93.0,no,33.0,0.0,0,zaragoza,mediador,75.0
23/08/2024,6545.348345966079,incendio,interurbana,4 504,4.0,1.0,0.0,15.0,no,46.0,49.0,150,valencia,mediador,43.0
09/05/2025,802.5854234386012,golpe en aparcamiento,autopista,9 817,8.0,1.0,0.0,57.0,sí,52.0,39.0,150,barcelona,mediador,125.0
18/04/2025,4783.0047354911885,robo,urbana,19 532,10.0,2.0,0.0,78.0,sí,42.0,6.0,0,zaragoza,directo,64.0
08/03/2025,2343.9453049691365,robo,autopista,12 137,7.0,1.0,0.0,50.0,no,32.0,39.0,150,sevilla,mediador,18.0
03/03/2025,1816.539004464944,salida de vía,urbana,11 784,2.0,3.0,2.0,69.0,no,28.0,29.0,0,coruña,directo,66.0
19/05/2025,2981.951387548934,salida de vía,autopista,12 032,3.0,2.0,0.0,33.0,sí,52.0,47.0,0,valencia,mediador,163.0
20/11/2025,495.50373588028094,golpe en aparcamiento,urbana,13 045,3.0,1.0,0.0,79.0,sí,56.0,35.0,300,sevilla,banca seguros,75.0
25/09/2024,726.181798989666,golpe en aparcamiento,autopista,4 411,7.0,5.0,1.0,67.0,no,57.0,31.0,300,sevilla,directo,148.0
15/09/2025,1419.994313491759,golpe en aparcamiento,urbana,13 013,10.0,3.0,0.0,78.0,no,48.0,44.0,600,valencia,mediador,157.0
12/02/2024,472.46288253010624,golpe en aparcamiento,urbana,4 110,5.0,2.0,1.0,12.0,sí,40.0,2.0,300,madrid,banca seguros,131.0
29/09/2025,982.6795997557782,robo,urbana,6 066,8.0,1.0,0.0,76.0,no,56.0,12.0,150,valencia,directo,71.0
12/04/2024,1663.6678578263632,salida de via,interurbana,6 583,14.0,2.0,0.0,47.0,sí,55.0,33.0,150,madrid,mediador,106.0
01/05/2025,1918.6412695597842,salida de vía,urbana,12 782,17.0,4.0,0.0,32.0,sí,43.0,38.0,300,zaragoza,mediador,25.0
05/07/2024,971.4570971688132,ALCANCE,urbana,14 069,13.0,2.0,0.0,15.0,no,54.0,2.0,0,barcelona,mediador,39.0
14/10/2025,1178.608321681407,golpe en aparcamiento,urbana,5 868,22.0,2.0,0.0,54.0,no,70.0,7.0,600,coruña,banca seguros,17.0
10/07/2025,821.0916507250523,  alcance ,interurbana,11 135,3.0,2.0,0.0,77.0,no,46.0,24.0,150,zaragoza,directo,2.0
03/01/2025,1088.299553493867,alcance,autopista,6 335,18.0,1.0,0.0,66.0,no,18.0,5.0,0,barcelona,banca seguros,33.0
29/12/2025,1004.846883291472,colisión frontal,urbana,27 350,18.0,1.0,0.0,40.0,no,65.0,49.0,300,valencia,mediador,37.0
04/04/2024,1181.44697369217,  alcance ,urbana,16 799,17.0,1.0,0.0,52.0,sí,44.0,4.0,0,zaragoza,mediador,72.0
10/05/2025,334.32233995495733,golpe en aparcamiento,urbana,3 528,1.0,1.0,2.0,31.0,no,52.0,41.0,0,coruña,directo,147.0
12/05/2024,1729.6045224916295,  colisión frontal ,urbana,10 662,2.0,2.0,0.0,67.0,no,33.0,8.0,600,sevilla,directo,61.0
19/10/2025,2161.1725614238458,golpe en aparcamiento,urbana,39 006,0.0,5.0,0.0,29.0,no,45.0,46.0,0,zaragoza,directo,55.0
27/09/2025,856.8173667842017,golpe en aparcamiento,urbana,10 364,11.0,1.0,0.0,67.0,sí,21.0,14.0,300,coruña,mediador,146.0
24/08/2025,875.1850401268988,golpe en aparcamiento,autopista,7 120,0.0,1.0,0.0,0.0,no,55.0,39.0,150,barcelona,mediador,56.0
12/12/2025,1789.8729346780271,colisión frontal,urbana,10 942,10.0,3.0,0.0,6.0,no,50.0,32.0,0,barcelona,mediador,51.0
27/07/2025,227.27900758559323,ALCANCE,urbana,3 277,15.0,1.0,0.0,75.0,no,34.0,20.0,150,coruña,mediador,55.0
08/12/2024,773.6436487021235,golpe en aparcamiento,urbana,11 154,2.0,2.0,0.0,14.0,no,46.0,14.0,300,valencia,mediador,79.0
11/04/2024,1736.7482912489745,robo,interurbana,6 138,17.0,3.0,0.0,52.0,no,33.0,8.0,300,sevilla,banca seguros,98.0
19/09/2025,464.725487200649,alcance,urbana,6 627,13.0,1.0,0.0,24.0,sí,68.0,27.0,0,zaragoza,directo,159.0
31/03/2024,663.4371741703688,salida de vía,interurbana,7 602,5.0,1.0,0.0,53.0,no,63.0,39.0,0,coruña,banca seguros,60.0
04/12/2025,4197.200435578779,robo,urbana,23 788,18.0,3.0,0.0,25.0,sí,26.0,37.0,0,valencia,mediador,170.0
12/10/2024,745.5745216725361,golpe en aparcamiento,interurbana,11 310,7.0,3.0,0.0,90.0,no,21.0,0.0,300,sevilla,banca seguros,11.0
28/06/2024,1958.3601471202676,colision frontal,urbana,10 266,21.0,2.0,0.0,73.0,no,30.0,19.0,0,barcelona,mediador,79.0
16/05/2024,320.1649742943153,GOLPE EN APARCAMIENTO,urbana,10 828,16.0,1.0,0.0,128.0,no,23.0,35.0,0,valencia,mediador,16.0
29/11/2024,3629.4789170049644,robo,interurbana,2 893,20.0,2.0,0.0,80.0,sí,25.0,49.0,300,madrid,banca seguros,107.0
03/05/2024,1587.913368226503,golpe en aparcamiento,interurbana,10 725,2.0,1.0,0.0,51.0,no,41.0,41.0,300,zaragoza,mediador,106.0
09/03/2025,14711.61063797774,incendio,interurbana,11 155,12.0,2.0,0.0,47.0,sí,33.0,47.0,0,coruña,directo,169.0
25/10/2024,4778.821544726468,salida de vía,interurbana,37 461,13.0,1.0,0.0,72.0,no,19.0,22.0,300,barcelona,mediador,158.0
11/01/2024,3978.3678925901004,salida de vía,interurbana,16 018,6.0,1.0,0.0,74.0,no,47.0,47.0,150,sevilla,mediador,168.0
06/05/2024,711.5707450305791,golpe en aparcamiento,urbana,5 723,19.0,2.0,0.0,80.0,no,38.0,24.0,300,zaragoza,mediador,129.0
17/01/2024,753.9395575638871,alcance,urbana,7 466,9.0,1.0,0.0,36.0,no,44.0,34.0,0,barcelona,mediador,43.0
10/12/2024,966.3217382288764,golpe en aparcamiento,urbana,14 697,18.0,3.0,0.0,23.0,sí,69.0,31.0,150,valencia,mediador,126.0
08/07/2024,787.8783432896684,golpe en aparcamiento,interurbana,21 252,10.0,1.0,0.0,44.0,no,52.0,1.0,0,madrid,directo,140.0
11/12/2024,3084.0810370159215,salida de vía,urbana,11 095,15.0,1.0,0.0,73.0,no,32.0,43.0,0,sevilla,mediador,56.0
30/04/2024,1176.9030386070683,alcance,urbana,12 700,18.0,1.0,0.0,35.0,sí,64.0,19.0,300,zaragoza,mediador,139.0
04/11/2024,1012.6695217804622,alcance,autopista,4 957,7.0,1.0,2.0,39.0,no,72.0,21.0,300,barcelona,directo,177.0
17/06/2025,2843.2501552572107,golpe en aparcamiento,interurbana,24 695,4.0,1.0,0.0,62.0,sí,49.0,14.0,0,zaragoza,banca seguros,34.0
03/10/2024,1706.5664170918133,robo,urbana,23 694,19.0,1.0,0.0,63.0,no,20.0,10.0,300,zaragoza,directo,88.0
03/01/2025,937.0616521733391,alcance,urbana,9 497,14.0,2.0,0.0,73.0,no,49.0,39.0,300,barcelona,banca seguros,92.0
24/02/2024,1043.0847271596838,SALIDA DE VÍA,interurbana,13 344,17.0,1.0,0.0,98.0,no,34.0,43.0,300,sevilla,mediador,79.0
16/07/2025,3247.493919977702,salida de vía,urbana,10 860,13.0,1.0,0.0,11.0,no,43.0,45.0,150,madrid,mediador,72.0
14/03/2025,528.81690449913,golpe en aparcamiento,interurbana,10 160,19.0,1.0,0.0,66.0,sí,61.0,45.0,150,zaragoza,directo,65.0
27/12/2025,1176.5338450407746,golpe en aparcamiento,urbana,37 798,9.0,2.0,0.0,53.0,sí,37.0,3.0,0,valencia,directo,157.0
04/10/2024,2319.8106199068957,salida de vía,interurbana,8 120,20.0,1.0,0.0,52.0,no,54.0,28.0,300,sevilla,mediador,142.0
07/08/2024,1605.584560200936,ROBO,interurbana,5 678,6.0,1.0,0.0,24.0,no,29.0,49.0,300,zaragoza,directo,135.0
21/03/2024,3015.2337500421254,colisión frontal,urbana,4 624,21.0,5.0,0.0,74.0,sí,41.0,11.0,600,madrid,mediador,153.0
15/05/2025,529.0929814951776,  alcance ,interurbana,9 777,12.0,1.0,2.0,28.0,no,76.0,38.0,0,barcelona,directo,129.0
01/10/2025,3276.4283198197,salida de vía,urbana,21 385,21.0,4.0,0.0,45.0,no,24.0,40.0,0,coruña,mediador,119.0
27/11/2025,22910.641964020968,  incendio ,urbana,13 085,1.0,5.0,0.0,0.0,no,35.0,11.0,0,zaragoza,directo,121.0
17/02/2024,1855.1694459360642,colisión frontal,interurbana,12 463,3.0,1.0,0.0,83.0,no,64.0,43.0,600,sevilla,mediador,49.0
25/03/2025,435.2512319873311,golpe en aparcamiento,interurbana,6 878,6.0,4.0,0.0,42.0,no,50.0,41.0,0,coruña,mediador,17.0
17/10/2025,310.64245077389273,golpe en aparcamiento,interurbana,8 849,20.0,1.0,0.0,0.0,sí,54.0,39.0,150,coruña,mediador,119.0
17/05/2025,3280.0114997427368,alcance,autopista,23 505,7.0,1.0,0.0,37.0,sí,25.0,35.0,300,barcelona,banca seguros,12.0
17/05/2024,1061.4491064100587,ALCANCE,urbana,15 104,12.0,2.0,0.0,60.0,no,27.0,15.0,0,sevilla,mediador,145.0
11/09/2024,4982.726395240354,salida de vía,interurbana,21 152,13.0,2.0,0.0,64.0,N/D,58.0,2.0,150,madrid,directo,45.0
01/04/2024,1590.9639750263755,  alcance ,urbana,11 367,14.0,4.0,1.0,79.0,no,53.0,42.0,150,valencia,mediador,75.0
23/04/2025,3364.6709814203846,alcance,interurbana,10 505,13.0,4.0,1.0,50.0,no,59.0,30.0,0,barcelona,directo,114.0
03/05/2024,913.2619799154329,  alcance ,interurbana,7 436,13.0,2.0,0.0,81.0,sí,18.0,30.0,150,zaragoza,mediador,70.0
22/11/2025,3481.0192322993926,alcance,interurbana,18 213,20.0,5.0,0.0,69.0,no,49.0,27.0,600,sevilla,directo,178.0
28/09/2024,5772.81364963283,SALIDA DE VÍA,urbana,65 556,17.0,1.0,0.0,74.0,no,75.0,29.0,150,sevilla,banca seguros,178.0
03/11/2025,7026.449679444867,colisión frontal,urbana,14 774,3.0,4.0,0.0,73.0,no,34.0,47.0,0,sevilla,mediador,164.0
05/11/2024,4613.5120986329275,alcance,interurbana,15 234,22.0,1.0,0.0,77.0,sí,35.0,41.0,600,valencia,banca seguros,61.0
04/11/2024,1805.9020300324141,robo,urbana,12 333,18.0,2.0,0.0,24.0,sí,18.0,49.0,0,coruña,mediador,153.0
10/01/2025,5208.826782116043,GOLPE EN APARCAMIENTO,autopista,23 645,11.0,2.0,0.0,50.0,no,41.0,10.0,0,valencia,mediador,91.0
06/12/2024,1575.9049069495925,alcance,urbana,19 502,14.0,1.0,0.0,24.0,sí,56.0,26.0,150,sevilla,directo,126.0
06/10/2024,697.9076613379086,golpe en aparcamiento,interurbana,9 826,1.0,1.0,0.0,54.0,sí,50.0,27.0,0,zaragoza,mediador,117.0
26/04/2024,636.3365547013576,golpe en aparcamiento,interurbana,5 468,9.0,2.0,0.0,42.0,no,64.0,24.0,0,valencia,mediador,138.0
03/08/2025,14546.151707321487,incendio,interurbana,17 706,0.0,1.0,1.0,26.0,sí,19.0,27.0,600,valencia,mediador,90.0
25/04/2025,1163.7078699279512,alcance,urbana,9 903,14.0,2.0,1.0,42.0,no,46.0,48.0,0,barcelona,banca seguros,70.0
24/01/2025,665.9003247928429,alcance,interurbana,12 661,13.0,2.0,0.0,47.0,no,43.0,1.0,0,zaragoza,mediador,112.0
13/05/2024,392.75668209231674,golpe en aparcamiento,urbana,10 028,13.0,2.0,0.0,41.0,sí,51.0,0.0,0,sevilla,banca seguros,51.0
24/04/2025,490.57955519739,alcance,urbana,12 955,7.0,1.0,1.0,51.0,no,48.0,48.0,0,zaragoza,mediador,47.0
31/03/2025,299.8019689416239,golpe en aparcamiento,urbana,5 536,9.0,1.0,0.0,20.0,sí,25.0,26.0,0,sevilla,banca seguros,133.0
11/04/2024,2807.2344063096434,salida de via,interurbana,7 644,20.0,1.0,0.0,39.0,no,30.0,33.0,0,madrid,mediador,5.0
14/06/2024,148.4466272102074,alcance,urbana,2 332,9.0,1.0,0.0,47.0,no,56.0,40.0,600,sevilla,banca seguros,21.0
11/04/2025,326.50674914628087,golpe en aparcamiento,interurbana,6 722,20.0,1.0,0.0,94.0,no,54.0,44.0,0,valencia,directo,117.0
16/07/2025,8185.580831096556,robo,urbana,11 693,9.0,1.0,0.0,39.0,no,72.0,23.0,600,valencia,mediador,77.0
19/03/2024,2361.6253930796843,COLISIÓN FRONTAL,interurbana,13 661,14.0,2.0,0.0,62.0,no,36.0,31.0,0,zaragoza,mediador,100.0
19/11/2025,3265.9011934812793,robo,urbana,10 127,20.0,5.0,0.0,42.0,sí,39.0,4.0,600,zaragoza,banca seguros,144.0
22/09/2025,7286.3750915375895,colisión frontal,interurbana,35 660,19.0,1.0,0.0,40.0,sí,41.0,6.0,300,madrid,mediador,112.0
06/07/2025,2838.5316614282196,golpe en aparcamiento,autopista,20 119,11.0,1.0,0.0,67.0,sí,26.0,50.0,600,barcelona,mediador,14.0
17/04/2024,2241.513233486579,  alcance ,interurbana,13 563,8.0,5.0,1.0,29.0,sí,34.0,37.0,0,zaragoza,directo,69.0
10/01/2025,461.4096819354871,  golpe en aparcamiento ,urbana,10 376,12.0,1.0,1.0,35.0,no,48.0,0.0,300,zaragoza,directo,15.0
26/04/2025,10981.273065646834,incendio,urbana,14 514,7.0,1.0,0.0,76.0,no,36.0,21.0,300,madrid,mediador,116.0
05/05/2025,280.1964202147098,alcance,interurbana,6 663,9.0,2.0,1.0,61.0,no,37.0,17.0,600,sevilla,banca seguros,149.0
14/03/2025,428.2447040428614,GOLPE EN APARCAMIENTO,urbana,8 933,5.0,2.0,0.0,49.0,no,46.0,9.0,300,zaragoza,banca seguros,40.0
12/02/2025,488.96532352129356,golpe en aparcamiento,interurbana,14 458,18.0,2.0,0.0,86.0,N/D,32.0,24.0,300,valencia,directo,47.0
14/03/2024,6199.192461948196,robo,autopista,37 618,5.0,3.0,0.0,19.0,no,55.0,25.0,0,madrid,mediador,52.0
28/07/2025,2572.8541590416858,alcance,interurbana,36 598,16.0,1.0,0.0,75.0,no,44.0,39.0,300,sevilla,directo,49.0
01/04/2024,393.67474138874826,GOLPE EN APARCAMIENTO,urbana,1 964,8.0,2.0,0.0,60.0,no,36.0,8.0,0,sevilla,banca seguros,146.0
06/10/2024,901.4772362019636,golpe en aparcamiento,urbana,7 319,0.0,2.0,0.0,83.0,no,61.0,49.0,150,coruña,mediador,80.0
30/03/2025,4379.844758555359,alcance,autopista,33 670,7.0,1.0,0.0,110.0,sí,27.0,50.0,300,zaragoza,directo,113.0
23/06/2025,574.7738785771847,salida de via,urbana,10 081,14.0,2.0,0.0,46.0,no,59.0,20.0,300,barcelona,banca seguros,35.0
06/02/2024,203.10604386656033,golpe en aparcamiento,urbana,4 684,4.0,1.0,0.0,29.0,no,31.0,5.0,150,valencia,directo,57.0
13/04/2025,920.699806834606,golpe en aparcamiento,urbana,19 150,8.0,2.0,0.0,11.0,no,18.0,3.0,0,sevilla,directo,22.0
10/07/2024,21236.183261828886,incendio,urbana,13 076,17.0,1.0,1.0,54.0,sí,55.0,46.0,150,zaragoza,mediador,154.0
01/12/2025,497.0603293173001,alcance,urbana,10 839,17.0,4.0,0.0,0.0,no,53.0,46.0,0,zaragoza,banca seguros,58.0
14/01/2025,305.8775279706771,GOLPE EN APARCAMIENTO,interurbana,5 591,11.0,2.0,0.0,14.0,N/D,57.0,33.0,0,sevilla,banca seguros,28.0
23/09/2024,213.23646256886985,GOLPE EN APARCAMIENTO,urbana,7 588,13.0,2.0,0.0,63.0,no,46.0,36.0,300,zaragoza,mediador,74.0
28/04/2024,9346.160481852392,COLISIÓN FRONTAL,autopista,26 122,6.0,1.0,2.0,62.0,no,44.0,1.0,150,barcelona,mediador,74.0
31/08/2024,458.84789904886475,alcance,urbana,8 816,11.0,2.0,0.0,80.0,no,26.0,31.0,150,zaragoza,directo,166.0
28/04/2025,444.355933252289,golpe en aparcamiento,urbana,6 092,2.0,1.0,0.0,61.0,no,50.0,5.0,0,coruña,directo,136.0
26/01/2024,1658.1484157977354,salida de vía,urbana,5 126,7.0,2.0,0.0,42.0,no,57.0,25.0,150,coruña,mediador,118.0
18/02/2025,1904.5213615140694,colisión frontal,urbana,25 762,17.0,1.0,0.0,59.0,sí,40.0,50.0,0,barcelona,mediador,41.0
21/07/2024,5088.342026138961,colisión frontal,urbana,6 680,19.0,1.0,0.0,21.0,N/D,40.0,21.0,0,zaragoza,banca seguros,177.0
04/07/2024,1470.8670386930785,golpe en aparcamiento,interurbana,19 882,0.0,1.0,2.0,77.0,sí,33.0,3.0,0,sevilla,mediador,101.0
18/11/2025,806.1935118756174,GOLPE EN APARCAMIENTO,urbana,19 744,15.0,1.0,0.0,52.0,sí,47.0,40.0,150,coruña,mediador,1.0
17/12/2024,589.5235899008362,golpe en aparcamiento,urbana,35 130,5.0,1.0,0.0,23.0,no,31.0,3.0,600,zaragoza,mediador,39.0
16/05/2025,1664.2866502070713,golpe en aparcamiento,urbana,11 336,5.0,2.0,0.0,73.0,sí,55.0,21.0,300,madrid,mediador,39.0
17/12/2024,1657.5697280545046,  robo ,interurbana,8 674,0.0,1.0,0.0,79.0,no,47.0,49.0,150,valencia,mediador,149.0
05/01/2024,1500.1744543929444,golpe en aparcamiento,urbana,8 711,12.0,4.0,2.0,55.0,sí,28.0,25.0,0,valencia,directo,64.0
20/10/2025,1717.6690791938465,salida de vía,interurbana,12 278,21.0,2.0,0.0,55.0,sí,36.0,41.0,150,sevilla,directo,96.0
19/09/2024,666.2071559132239,golpe en aparcamiento,interurbana,31 900,16.0,2.0,0.0,45.0,no,21.0,43.0,150,valencia,directo,160.0
19/02/2024,2073.9992358044665,GOLPE EN APARCAMIENTO,autopista,19 444,14.0,2.0,0.0,128.0,no,32.0,13.0,300,madrid,banca seguros,134.0
20/04/2025,2836.855280149809,robo,autopista,7 228,18.0,2.0,0.0,17.0,no,34.0,31.0,150,coruña,banca seguros,153.0
14/05/2024,1660.5784320728656,alcance,urbana,13 748,5.0,1.0,0.0,55.0,no,42.0,48.0,0,zaragoza,directo,159.0
01/05/2025,4096.228190452905,salida de vía,autopista,10 917,1.0,4.0,0.0,64.0,no,30.0,44.0,0,zaragoza,mediador,41.0
03/04/2025,579.9657202609924,ALCANCE,urbana,14 363,8.0,3.0,0.0,0.0,no,54.0,0.0,0,coruña,directo,23.0
15/04/2024,967.4028771307848,ALCANCE,urbana,10 254,1.0,1.0,0.0,54.0,no,52.0,32.0,0,barcelona,banca seguros,141.0
17/09/2025,3657.6004286475268,colisión frontal,urbana,10 862,15.0,2.0,3.0,75.0,no,57.0,5.0,0,barcelona,directo,170.0
05/05/2024,230.2854511404975,  golpe en aparcamiento ,urbana,9 248,6.0,2.0,0.0,72.0,no,57.0,24.0,0,coruña,directo,159.0
12/12/2024,2268.5877674736994,alcance,autopista,15 363,4.0,1.0,0.0,37.0,N/D,39.0,3.0,0,zaragoza,mediador,64.0
20/05/2025,1069.0445050170354,alcance,autopista,8 640,22.0,4.0,0.0,79.0,no,40.0,50.0,150,barcelona,directo,173.0
19/11/2025,3404.042046290889,salida de vía,urbana,14 449,10.0,1.0,0.0,72.0,sí,30.0,43.0,600,madrid,banca seguros,129.0
24/10/2025,631.8433187627211,salida de vía,urbana,9 466,21.0,3.0,0.0,26.0,no,54.0,44.0,0,sevilla,directo,9.0
12/08/2025,1658.58459859098,robo,urbana,8 295,16.0,2.0,0.0,18.0,N/D,46.0,7.0,300,zaragoza,banca seguros,92.0
12/06/2024,1140.0636757928694,ALCANCE,interurbana,3 954,11.0,1.0,0.0,75.0,sí,41.0,3.0,300,madrid,mediador,93.0
06/01/2025,1891.018493228786,golpe en aparcamiento,interurbana,20 460,5.0,4.0,1.0,72.0,no,55.0,26.0,600,coruña,mediador,88.0
21/08/2025,1734.9412831251009,COLISIÓN FRONTAL,urbana,15 919,10.0,3.0,0.0,67.0,sí,34.0,44.0,0,madrid,banca seguros,157.0
29/06/2025,9294.83560250593,ROBO,autopista,20 250,7.0,3.0,3.0,58.0,no,38.0,15.0,300,madrid,mediador,7.0
30/07/2024,301.9442999960072,  alcance ,urbana,2 976,16.0,1.0,0.0,65.0,sí,36.0,36.0,600,sevilla,mediador,28.0
23/04/2025,1803.5353484950788,golpe en aparcamiento,interurbana,10 657,7.0,2.0,2.0,57.0,sí,75.0,26.0,0,valencia,mediador,61.0
28/10/2024,510.39424827212673,golpe en aparcamiento,interurbana,8 599,16.0,1.0,0.0,93.0,no,52.0,33.0,0,zaragoza,mediador,62.0
03/09/2025,6716.227594168863,colisión frontal,interurbana,17 651,12.0,2.0,0.0,55.0,no,55.0,50.0,0,zaragoza,banca seguros,30.0
21/04/2024,399.74984815666414,golpe en aparcamiento,urbana,20 786,20.0,2.0,1.0,0.0,no,54.0,12.0,300,valencia,mediador,102.0
19/12/2025,1735.795278984589,golpe en aparcamiento,interurbana,8 947,3.0,2.0,0.0,35.0,sí,23.0,12.0,150,sevilla,directo,19.0
08/07/2025,2572.742834020469,salida de via,interurbana,5 826,21.0,3.0,0.0,92.0,no,57.0,48.0,0,barcelona,directo,13.0
28/08/2024,6690.792595186344,salida de vía,urbana,21 448,5.0,3.0,0.0,106.0,no,45.0,39.0,600,madrid,banca seguros,25.0
12/11/2025,662.1592240715961,alcance,urbana,18 779,7.0,3.0,0.0,29.0,no,46.0,24.0,0,coruña,mediador,46.0
26/12/2024,757.8274204846217,colision frontal,urbana,11 273,10.0,2.0,0.0,65.0,no,53.0,1.0,600,sevilla,mediador,32.0
27/08/2024,7870.837269849504,colisión frontal,urbana,21 779,21.0,1.0,0.0,67.0,no,44.0,37.0,600,zaragoza,mediador,87.0
15/08/2024,483.25776141144104,robo,urbana,11 174,17.0,1.0,0.0,59.0,no,34.0,29.0,150,sevilla,directo,173.0
26/03/2024,1617.4880767959876,alcance,urbana,14 314,3.0,4.0,0.0,82.0,no,28.0,14.0,150,coruña,directo,138.0
15/12/2025,340.3161846073111,golpe en aparcamiento,interurbana,12 314,9.0,2.0,0.0,67.0,sí,27.0,45.0,0,madrid,mediador,9.0
30/06/2025,292.82805700090285,  alcance ,interurbana,2 063,14.0,2.0,0.0,28.0,no,62.0,13.0,600,coruña,directo,127.0
16/01/2025,2413.9571888796213,salida de vía,urbana,7 413,1.0,1.0,0.0,40.0,no,45.0,21.0,0,madrid,mediador,173.0
08/04/2024,2643.2596764598306,alcance,urbana,46 890,20.0,4.0,0.0,17.0,no,33.0,28.0,0,madrid,mediador,148.0
30/12/2024,391.1548343224999,golpe en aparcamiento,interurbana,4 100,21.0,1.0,0.0,48.0,sí,18.0,8.0,0,valencia,mediador,124.0
16/12/2024,1113.8505103077282,  golpe en aparcamiento ,urbana,17 838,20.0,2.0,1.0,50.0,sí,59.0,35.0,0,zaragoza,mediador,60.0
01/11/2025,1128.1045387938102,robo,urbana,11 767,7.0,1.0,0.0,0.0,sí,55.0,2.0,0,zaragoza,mediador,100.0
23/12/2025,1798.675058874268,golpe en aparcamiento,urbana,29 796,17.0,1.0,0.0,100.0,sí,47.0,6.0,150,zaragoza,directo,128.0
01/07/2024,2075.2132521207513,salida de vía,autopista,9 005,1.0,1.0,0.0,52.0,no,41.0,13.0,300,madrid,directo,117.0
24/08/2025,12293.262992215172,  salida de vía ,interurbana,33 688,5.0,1.0,0.0,96.0,N/D,40.0,27.0,600,zaragoza,directo,47.0
23/11/2024,560.5626580056287,golpe en aparcamiento,urbana,16 765,13.0,1.0,2.0,81.0,no,57.0,34.0,0,zaragoza,mediador,153.0
29/08/2025,1222.0119405031176,robo,interurbana,9 471,18.0,3.0,0.0,46.0,no,54.0,47.0,150,zaragoza,directo,81.0
15/09/2024,5780.324366707733,incendio,urbana,17 354,13.0,1.0,2.0,12.0,no,58.0,17.0,600,barcelona,mediador,102.0
29/12/2024,685.04200092319,ALCANCE,urbana,12 024,6.0,2.0,0.0,23.0,no,49.0,34.0,0,coruña,banca seguros,10.0
30/07/2024,970.6220382430726,alcance,urbana,7 823,2.0,5.0,0.0,54.0,sí,39.0,40.0,0,coruña,directo,93.0
06/08/2025,410.44965720420987,golpe en aparcamiento,urbana,12 924,5.0,2.0,0.0,59.0,no,27.0,48.0,0,barcelona,directo,177.0
07/07/2024,699.8611416734154,ALCANCE,interurbana,22 636,13.0,1.0,0.0,35.0,no,53.0,35.0,0,madrid,mediador,99.0
23/10/2025,620.8294434931278,alcance,interurbana,18 052,5.0,1.0,0.0,59.0,sí,60.0,40.0,150,coruña,directo,144.0
14/07/2024,390.6536554494959,golpe en aparcamiento,urbana,3 843,3.0,2.0,0.0,35.0,N/D,38.0,21.0,300,coruña,directo,40.0
10/04/2024,323.1772769240068,GOLPE EN APARCAMIENTO,autopista,7 309,7.0,1.0,3.0,72.0,sí,19.0,27.0,600,sevilla,banca seguros,152.0
17/03/2024,3381.2917604219388,salida de vía,urbana,10 919,19.0,3.0,0.0,40.0,sí,25.0,44.0,150,barcelona,directo,35.0
11/09/2024,626.3350132700339,golpe en aparcamiento,interurbana,15 173,14.0,4.0,0.0,58.0,no,61.0,34.0,0,sevilla,directo,140.0
01/09/2024,165.53417691513343,GOLPE EN APARCAMIENTO,interurbana,4 890,20.0,1.0,1.0,42.0,no,82.0,42.0,0,sevilla,banca seguros,61.0
30/11/2024,673.290517767015,golpe en aparcamiento,urbana,24 778,0.0,1.0,1.0,60.0,no,26.0,42.0,150,madrid,mediador,116.0
30/05/2025,1610.4434691700899,robo,autopista,2 909,1.0,1.0,3.0,71.0,sí,49.0,1.0,600,coruña,mediador,43.0
21/03/2025,400.9829406554778,golpe en aparcamiento,interurbana,11 884,21.0,1.0,0.0,41.0,no,74.0,1.0,0,coruña,banca seguros,101.0
20/01/2025,2356.6160578076388,colisión frontal,urbana,8 077,16.0,1.0,0.0,68.0,no,33.0,29.0,0,madrid,banca seguros,116.0
16/11/2024,279.69437503254954,golpe en aparcamiento,urbana,25 169,21.0,1.0,1.0,67.0,sí,55.0,43.0,150,madrid,directo,21.0
12/02/2025,4761.654524444189,robo,urbana,34 573,6.0,2.0,0.0,80.0,sí,28.0,3.0,0,sevilla,mediador,133.0
22/05/2024,2272.7838167475297,alcance,urbana,21 720,13.0,2.0,0.0,78.0,no,45.0,3.0,0,coruña,mediador,78.0
03/05/2025,1032.0887936753584,salida de vía,urbana,7 574,3.0,2.0,0.0,57.0,no,51.0,13.0,0,sevilla,banca seguros,60.0
25/02/2024,660.9273066715101,ALCANCE,autopista,9 731,13.0,1.0,0.0,32.0,no,73.0,46.0,0,sevilla,directo,5.0
20/11/2025,2273.00902432376,alcance,interurbana,13 956,3.0,1.0,0.0,31.0,no,44.0,25.0,300,sevilla,directo,18.0
17/09/2025,114.63071446261313,golpe en aparcamiento,interurbana,13 317,17.0,1.0,0.0,37.0,no,77.0,26.0,600,barcelona,directo,6.0
13/07/2025,1149.9055569919537,alcance,interurbana,16 635,19.0,1.0,0.0,37.0,no,41.0,21.0,0,madrid,directo,67.0
03/05/2025,2410.804682425371,incendio,urbana,5 904,7.0,1.0,0.0,76.0,no,41.0,14.0,0,coruña,directo,68.0
31/10/2024,2126.4113596155335,alcance,interurbana,24 389,4.0,4.0,0.0,47.0,no,35.0,42.0,150,zaragoza,directo,16.0
13/08/2024,538.2926538379096,golpe en aparcamiento,urbana,26 445,21.0,1.0,1.0,52.0,no,60.0,2.0,0,barcelona,banca seguros,155.0
04/12/2024,189.34205433395675,golpe en aparcamiento,urbana,10 042,10.0,1.0,0.0,13.0,no,66.0,8.0,0,coruña,mediador,58.0
17/09/2024,504.68987529286346,alcance,urbana,4 364,9.0,1.0,1.0,46.0,N/D,57.0,34.0,600,valencia,directo,24.0
27/07/2024,1877.1984350426467,alcance,autopista,7 036,3.0,2.0,0.0,72.0,no,46.0,14.0,0,madrid,directo,135.0
24/02/2024,1216.1057719748385,alcance,interurbana,20 433,17.0,2.0,2.0,16.0,sí,49.0,9.0,0,barcelona,mediador,24.0
11/11/2024,304.74356785271084,golpe en aparcamiento,urbana,7 649,20.0,1.0,0.0,62.0,no,42.0,19.0,300,coruña,mediador,155.0
18/02/2025,577.8373746453093,alcance,urbana,5 116,16.0,4.0,0.0,93.0,no,74.0,3.0,150,coruña,directo,38.0
19/10/2024,19127.24421544492,INCENDIO,urbana,7 285,19.0,2.0,0.0,38.0,no,57.0,9.0,300,sevilla,mediador,56.0
10/06/2025,1665.978063016939,colisión frontal,urbana,7 363,2.0,1.0,1.0,39.0,no,24.0,48.0,0,sevilla,mediador,173.0
25/03/2025,1790.4646807291401,  golpe en aparcamiento ,urbana,16 057,9.0,2.0,0.0,44.0,sí,28.0,34.0,150,barcelona,mediador,118.0
04/10/2024,1882.3936425227546,ALCANCE,urbana,12 360,21.0,3.0,0.0,50.0,N/D,52.0,38.0,0,madrid,mediador,72.0
08/07/2024,1266.8323624208758,alcance,urbana,15 389,9.0,1.0,0.0,0.0,sí,39.0,31.0,0,valencia,mediador,118.0
22/08/2025,3511.3938489353814,robo,urbana,9 175,3.0,1.0,0.0,4.0,sí,27.0,49.0,0,coruña,directo,81.0
13/08/2024,143.30946492191956,golpe en aparcamiento,urbana,6 697,1.0,1.0,0.0,62.0,no,61.0,19.0,0,zaragoza,mediador,132.0
14/11/2025,1782.0333393220492,salida de via,interurbana,9 836,6.0,2.0,0.0,41.0,no,21.0,4.0,0,valencia,mediador,47.0
08/03/2024,478.9186177491417,alcance,urbana,3 201,22.0,1.0,0.0,42.0,no,44.0,47.0,0,sevilla,mediador,17.0
10/12/2024,1862.4370229229132,robo,urbana,23 551,22.0,1.0,0.0,7.0,sí,62.0,7.0,300,barcelona,mediador,111.0
05/07/2025,1267.7756571109417,alcance,urbana,24 906,18.0,1.0,0.0,45.0,sí,32.0,10.0,150,barcelona,banca seguros,175.0
12/03/2024,1712.8404625878297,golpe en aparcamiento,urbana,47 801,20.0,1.0,0.0,63.0,no,18.0,21.0,600,zaragoza,banca seguros,91.0
14/12/2025,2622.9876001659004,  salida de vía ,interurbana,10 529,7.0,1.0,0.0,66.0,sí,41.0,46.0,0,madrid,directo,175.0
23/12/2024,2963.989362459252,  golpe en aparcamiento ,interurbana,28 542,14.0,1.0,0.0,23.0,no,51.0,50.0,0,barcelona,mediador,32.0
21/09/2024,2388.3535991862345,robo,urbana,6 612,7.0,2.0,0.0,72.0,sí,50.0,28.0,0,sevilla,directo,140.0
07/04/2025,1185.8932767925266,  salida de vía ,autopista,15 520,1.0,2.0,0.0,33.0,no,34.0,16.0,150,sevilla,mediador,38.0
16/01/2025,208.48339268793194,GOLPE EN APARCAMIENTO,urbana,8 908,19.0,1.0,0.0,55.0,no,36.0,11.0,600,valencia,mediador,118.0
26/04/2024,2561.0996839219783,golpe en aparcamiento,urbana,18 398,10.0,3.0,0.0,12.0,no,50.0,32.0,150,madrid,mediador,168.0
24/02/2024,608.3497806636573,  alcance ,interurbana,3 748,2.0,1.0,0.0,0.0,sí,30.0,48.0,150,coruña,directo,109.0
29/03/2024,5896.871043114797,robo,interurbana,15 571,20.0,1.0,0.0,60.0,no,55.0,10.0,0,sevilla,mediador,43.0
27/11/2024,728.6754773120092,robo,interurbana,6 500,4.0,2.0,0.0,82.0,no,47.0,19.0,150,valencia,banca seguros,30.0
11/11/2025,697.7385462152954,robo,urbana,4 837,21.0,1.0,0.0,69.0,no,23.0,31.0,600,sevilla,mediador,133.0
23/08/2025,326.74011321874116,golpe en aparcamiento,urbana,8 034,6.0,3.0,0.0,31.0,sí,48.0,31.0,0,valencia,mediador,168.0
23/05/2024,798.6556350158661,  golpe en aparcamiento ,interurbana,5 916,13.0,2.0,0.0,36.0,sí,53.0,16.0,0,madrid,directo,143.0
06/09/2024,329.27664952532285,alcance,urbana,4 624,1.0,1.0,0.0,26.0,no,36.0,17.0,150,barcelona,directo,64.0
29/10/2024,8937.78730154102,salida de vía,autopista,49 857,20.0,5.0,0.0,72.0,no,40.0,1.0,600,sevilla,banca seguros,17.0
21/08/2024,1446.8622560868032,salida de vía,urbana,6 300,20.0,4.0,0.0,74.0,N/D,53.0,41.0,600,valencia,mediador,78.0
14/08/2024,692.3568464657324,golpe en aparcamiento,autopista,15 878,20.0,2.0,0.0,57.0,no,23.0,34.0,150,barcelona,mediador,96.0
26/11/2025,15484.374433194045,incendio,autopista,5 957,17.0,3.0,0.0,29.0,sí,34.0,17.0,600,coruña,mediador,133.0
03/02/2025,3049.1009828418496,colisión frontal,urbana,43 760,14.0,1.0,0.0,66.0,no,33.0,25.0,0,madrid,mediador,40.0
02/05/2024,1507.6646485441754,robo,interurbana,6 841,2.0,1.0,0.0,50.0,no,33.0,32.0,0,valencia,banca seguros,116.0
27/07/2024,3446.856775753347,robo,interurbana,13 126,18.0,4.0,0.0,64.0,sí,61.0,47.0,150,coruña,directo,116.0
25/11/2025,1885.6873853793109,alcance,interurbana,19 129,20.0,2.0,0.0,42.0,no,41.0,26.0,0,sevilla,banca seguros,170.0
10/07/2025,4699.928212283843,colision frontal,interurbana,7 445,9.0,1.0,0.0,74.0,no,33.0,33.0,150,valencia,mediador,55.0
22/10/2024,1088.6858766796329,ALCANCE,interurbana,5 081,22.0,5.0,0.0,58.0,no,18.0,2.0,0,zaragoza,mediador,21.0
05/12/2024,2641.5315284482153,incendio,interurbana,5 107,14.0,1.0,0.0,44.0,no,47.0,36.0,0,sevilla,directo,157.0
04/05/2024,585.9163336661603,colisión frontal,urbana,5 722,20.0,1.0,0.0,53.0,no,34.0,31.0,300,barcelona,mediador,42.0
15/11/2024,3842.5440713793932,salida de vía,interurbana,6 042,4.0,3.0,0.0,97.0,sí,67.0,48.0,300,coruña,mediador,72.0
27/09/2025,615.5367684223091,salida de vía,urbana,4 990,18.0,2.0,0.0,39.0,no,32.0,17.0,600,barcelona,directo,142.0
05/03/2024,1624.9161600694276,alcance,interurbana,5 337,8.0,4.0,1.0,32.0,sí,45.0,45.0,0,valencia,directo,150.0
27/09/2025,2542.1769939691685,salida de vía,urbana,10 456,20.0,1.0,0.0,114.0,no,53.0,10.0,150,barcelona,mediador,167.0
14/08/2025,443.36711823912384,salida de vía,urbana,9 257,9.0,1.0,0.0,41.0,no,37.0,41.0,150,coruña,directo,119.0
03/04/2025,941.0051965667661,salida de vía,urbana,6 240,16.0,1.0,0.0,34.0,no,47.0,8.0,150,zaragoza,directo,88.0
16/05/2025,1153.2839922475166,alcance,autopista,9 075,8.0,2.0,0.0,66.0,no,36.0,37.0,0,sevilla,mediador,12.0
18/04/2025,265.13492181905514,ALCANCE,urbana,2 104,15.0,5.0,0.0,19.0,no,37.0,26.0,0,coruña,mediador,154.0
23/10/2025,98.95886555655801,golpe en aparcamiento,urbana,15 082,22.0,1.0,0.0,89.0,sí,67.0,38.0,300,zaragoza,mediador,134.0
12/10/2024,1419.1527526914742,alcance,autopista,10 674,10.0,1.0,1.0,28.0,no,60.0,18.0,0,coruña,mediador,136.0
04/12/2024,1101.807047462118,golpe en aparcamiento,autopista,11 184,16.0,2.0,0.0,57.0,sí,65.0,39.0,300,coruña,banca seguros,125.0
28/01/2025,904.1390725763735,salida de vía,urbana,4 098,22.0,1.0,1.0,55.0,no,25.0,22.0,0,valencia,mediador,50.0
29/02/2024,1599.5834344146265,colisión frontal,interurbana,7 754,1.0,2.0,0.0,15.0,sí,56.0,33.0,150,madrid,mediador,71.0
06/08/2025,1463.4619570988623,golpe en aparcamiento,interurbana,11 849,1.0,2.0,1.0,92.0,sí,36.0,29.0,300,madrid,directo,3.0
05/08/2024,9148.865468784452,colisión frontal,urbana,19 410,9.0,1.0,2.0,28.0,sí,38.0,38.0,300,coruña,mediador,148.0
23/06/2025,5033.273148268432,salida de vía,interurbana,4 604,9.0,4.0,0.0,32.0,sí,29.0,47.0,0,barcelona,mediador,158.0
10/02/2024,7362.602054200582,colisión frontal,interurbana,32 996,5.0,4.0,2.0,79.0,no,59.0,39.0,0,zaragoza,directo,5.0
24/10/2025,989.0678219868533,  salida de vía ,urbana,10 804,18.0,1.0,0.0,46.0,N/D,33.0,9.0,300,sevilla,banca seguros,136.0
28/10/2025,5280.611511367831,salida de vía,urbana,9 074,4.0,3.0,0.0,58.0,no,59.0,32.0,0,barcelona,banca seguros,69.0
22/01/2024,1357.6251440206179,alcance,interurbana,7 412,20.0,3.0,0.0,16.0,no,18.0,0.0,300,valencia,banca seguros,159.0
05/02/2024,1798.160609835321,alcance,interurbana,7 711,6.0,1.0,0.0,41.0,no,69.0,3.0,150,valencia,mediador,11.0
25/01/2024,779.6763538319444,alcance,urbana,15 618,12.0,3.0,0.0,49.0,no,20.0,49.0,600,zaragoza,mediador,159.0
26/05/2024,450.9003520981201,golpe en aparcamiento,interurbana,8 336,21.0,2.0,1.0,36.0,no,42.0,44.0,300,sevilla,directo,119.0
23/12/2024,254.9427388479476,  alcance ,interurbana,8 279,1.0,1.0,0.0,59.0,no,21.0,50.0,0,madrid,mediador,44.0
04/10/2024,252.47798553338768,alcance,urbana,10 526,17.0,1.0,0.0,46.0,no,41.0,33.0,0,sevilla,mediador,69.0
26/08/2025,3966.118932170481,colisión frontal,urbana,26 419,19.0,1.0,0.0,62.0,no,22.0,6.0,150,coruña,banca seguros,174.0
05/09/2025,1743.349847602155,  colisión frontal ,urbana,11 150,10.0,2.0,0.0,45.0,no,47.0,30.0,600,zaragoza,banca seguros,54.0
19/07/2024,1537.6129150631227,robo,urbana,4 945,17.0,2.0,1.0,33.0,no,67.0,33.0,0,valencia,directo,143.0
08/12/2024,16494.77938691831,colisión frontal,urbana,61 524,17.0,4.0,0.0,48.0,no,40.0,30.0,600,valencia,mediador,81.0
21/12/2025,381.56981501462104,golpe en aparcamiento,interurbana,11 628,19.0,1.0,0.0,50.0,no,38.0,24.0,300,barcelona,mediador,75.0
11/10/2024,752.2230885816381,golpe en aparcamiento,urbana,13 534,8.0,1.0,0.0,18.0,no,18.0,0.0,600,barcelona,banca seguros,35.0
03/05/2025,1522.2766170387915,salida de vía,autopista,4 392,20.0,2.0,0.0,27.0,N/D,40.0,11.0,300,barcelona,banca seguros,68.0
20/04/2025,549.2844123229427,golpe en aparcamiento,autopista,7 237,2.0,1.0,0.0,64.0,no,76.0,48.0,150,coruña,mediador,163.0
14/01/2025,299.5809840949626,golpe en aparcamiento,urbana,16 154,10.0,1.0,0.0,54.0,no,72.0,45.0,150,barcelona,directo,149.0
10/09/2025,699.6041976323096,robo,urbana,6 530,22.0,2.0,0.0,83.0,sí,54.0,44.0,300,sevilla,directo,83.0
07/12/2024,2994.859254083442,colisión frontal,urbana,6 350,9.0,3.0,0.0,56.0,sí,47.0,13.0,0,barcelona,mediador,34.0
25/09/2024,1812.2260854371734,ROBO,urbana,11 302,13.0,1.0,0.0,26.0,sí,57.0,50.0,0,madrid,directo,12.0
03/04/2024,2394.5341836197445,golpe en aparcamiento,interurbana,8 068,5.0,4.0,0.0,30.0,sí,40.0,48.0,0,valencia,mediador,41.0
29/03/2024,3306.60225340269,salida de vía,urbana,10 858,12.0,1.0,0.0,35.0,sí,42.0,49.0,0,valencia,directo,44.0
22/04/2024,890.9305545516843,alcance,urbana,9 594,11.0,4.0,0.0,48.0,no,25.0,9.0,0,coruña,directo,40.0
28/11/2024,1738.9369902692195,alcance,autopista,12 731,22.0,1.0,0.0,53.0,no,56.0,11.0,0,madrid,directo,123.0
11/01/2025,1532.4084043557311,golpe en aparcamiento,autopista,19 703,18.0,3.0,2.0,49.0,no,43.0,29.0,0,valencia,directo,9.0
03/08/2024,2233.2342662021874,robo,urbana,12 022,15.0,1.0,0.0,57.0,sí,39.0,25.0,0,zaragoza,mediador,133.0
23/01/2025,760.6847184779061,ROBO,interurbana,18 861,2.0,1.0,0.0,74.0,no,61.0,2.0,0,coruña,directo,140.0
20/08/2024,521.2512958066077,salida de vía,urbana,14 299,21.0,1.0,0.0,48.0,no,36.0,38.0,0,valencia,directo,83.0
26/04/2024,1812.118037055301,alcance,interurbana,9 883,21.0,4.0,0.0,39.0,no,59.0,44.0,150,madrid,mediador,32.0
15/06/2024,2441.9224393371032,  alcance ,urbana,29 055,6.0,3.0,0.0,20.0,sí,50.0,48.0,0,madrid,mediador,17.0
17/02/2025,379.03024566737133,alcance,interurbana,9 930,16.0,2.0,1.0,55.0,no,37.0,13.0,150,valencia,banca seguros,34.0
29/06/2025,985.3364588800551,  alcance ,autopista,8 575,12.0,1.0,0.0,14.0,N/D,19.0,11.0,150,madrid,directo,53.0
28/07/2024,342.3686845676796,alcance,urbana,3 055,4.0,1.0,0.0,41.0,no,69.0,50.0,150,sevilla,directo,65.0
25/03/2025,731.4694959957785,golpe en aparcamiento,interurbana,7 699,8.0,4.0,0.0,56.0,sí,63.0,14.0,300,sevilla,mediador,64.0
07/09/2025,1084.1330903119922,GOLPE EN APARCAMIENTO,autopista,9 786,12.0,1.0,1.0,0.0,sí,31.0,36.0,150,sevilla,mediador,148.0
25/02/2024,502.46689153114903,alcance,autopista,6 357,3.0,1.0,0.0,55.0,no,22.0,22.0,0,zaragoza,directo,9.0
19/03/2024,383.09068895989486,GOLPE EN APARCAMIENTO,urbana,11 574,1.0,1.0,0.0,48.0,no,46.0,20.0,0,coruña,directo,159.0
10/04/2025,673.4841041407112,alcance,autopista,8 305,19.0,2.0,0.0,80.0,no,84.0,19.0,300,coruña,banca seguros,174.0
07/09/2025,2063.2036996395664,colision frontal,urbana,15 134,0.0,3.0,0.0,18.0,no,37.0,18.0,600,barcelona,mediador,173.0
21/11/2025,2947.3601520456923,salida de vía,autopista,11 864,16.0,1.0,0.0,50.0,sí,41.0,15.0,600,sevilla,directo,106.0
22/04/2025,1491.926846567933,alcance,autopista,9 189,9.0,2.0,1.0,58.0,no,43.0,21.0,300,madrid,mediador,129.0
17/08/2025,1658.0171783410228,golpe en aparcamiento,autopista,5 431,16.0,5.0,0.0,51.0,sí,36.0,5.0,300,zaragoza,mediador,163.0
14/08/2025,733.0608864602676,robo,urbana,14 911,22.0,4.0,0.0,81.0,no,62.0,26.0,0,coruña,mediador,148.0
22/07/2025,1223.8089895572523,alcance,urbana,10 178,4.0,1.0,0.0,58.0,no,40.0,13.0,300,valencia,directo,111.0
14/05/2025,643.9369298972821,alcance,urbana,23 546,11.0,3.0,0.0,12.0,no,57.0,1.0,0,barcelona,mediador,142.0
16/05/2024,1748.7692306358176,golpe en aparcamiento,interurbana,11 536,1.0,1.0,1.0,47.0,N/D,46.0,43.0,300,coruña,mediador,84.0
29/08/2025,520.9775579100383,alcance,autopista,2 409,16.0,1.0,0.0,70.0,no,23.0,21.0,150,coruña,mediador,19.0
18/02/2024,627.6102386757369,golpe en aparcamiento,interurbana,31 992,8.0,2.0,0.0,29.0,sí,48.0,10.0,300,zaragoza,directo,11.0
16/11/2025,401.30172506575576,golpe en aparcamiento,interurbana,14 332,11.0,2.0,0.0,46.0,no,32.0,44.0,0,barcelona,mediador,11.0
09/11/2024,3058.6220504573166,salida de vía,urbana,5 439,1.0,5.0,1.0,28.0,no,55.0,24.0,0,coruña,mediador,106.0
22/10/2024,272.3989684235827,  golpe en aparcamiento ,urbana,2 540,9.0,3.0,0.0,31.0,sí,58.0,43.0,0,zaragoza,banca seguros,122.0
09/05/2024,296.2444706507966,golpe en aparcamiento,autopista,5 013,18.0,1.0,2.0,69.0,no,43.0,38.0,0,zaragoza,directo,31.0
27/08/2025,1277.9955957857517,golpe en aparcamiento,urbana,23 361,16.0,1.0,0.0,45.0,sí,34.0,27.0,300,barcelona,mediador,34.0
21/05/2024,244.0132561386016,alcance,interurbana,7 358,2.0,4.0,0.0,19.0,no,42.0,29.0,300,valencia,mediador,174.0
29/03/2024,908.9007048114016,salida de vía,autopista,7 306,18.0,1.0,0.0,46.0,no,60.0,34.0,150,madrid,mediador,91.0
02/04/2024,874.9057060852018,golpe en aparcamiento,urbana,4 336,4.0,1.0,2.0,45.0,no,52.0,27.0,0,zaragoza,mediador,23.0
17/12/2024,432.60158314943686,golpe en aparcamiento,urbana,9 784,20.0,3.0,0.0,62.0,sí,57.0,12.0,0,zaragoza,directo,73.0
20/09/2024,5753.917281159002,salida de vía,urbana,12 663,9.0,3.0,0.0,100.0,no,88.0,34.0,150,madrid,banca seguros,175.0
22/02/2024,2309.5302784764835,robo,interurbana,14 739,0.0,1.0,0.0,34.0,no,50.0,45.0,300,zaragoza,mediador,140.0
28/02/2025,48440.08444061067,incendio,urbana,38 252,15.0,3.0,0.0,71.0,no,57.0,15.0,0,sevilla,directo,15.0
18/05/2024,1284.8539770555,golpe en aparcamiento,autopista,19 985,16.0,2.0,1.0,34.0,no,28.0,8.0,600,sevilla,mediador,2.0
31/03/2024,1188.0916697864093,alcance,urbana,5 477,12.0,2.0,0.0,46.0,sí,38.0,22.0,300,zaragoza,banca seguros,97.0
28/12/2025,2870.9135011915446,ALCANCE,urbana,15 254,0.0,4.0,1.0,65.0,sí,72.0,48.0,0,sevilla,directo,165.0
21/12/2025,1400.7476794530396,salida de vía,urbana,16 720,20.0,2.0,0.0,33.0,sí,38.0,47.0,300,madrid,mediador,149.0
04/07/2024,1105.5373728009051,golpe en aparcamiento,urbana,31 298,19.0,3.0,1.0,60.0,no,36.0,48.0,300,sevilla,directo,175.0
11/07/2025,805.9942107816041,golpe en aparcamiento,autopista,11 669,9.0,1.0,0.0,58.0,no,78.0,48.0,300,barcelona,mediador,58.0
04/02/2024,2458.3151664032544,colisión frontal,urbana,13 380,6.0,1.0,0.0,21.0,no,46.0,2.0,0,madrid,directo,121.0
19/12/2025,401.14531404349134,ALCANCE,urbana,8 155,16.0,1.0,0.0,57.0,no,48.0,44.0,600,madrid,directo,31.0
04/10/2025,3022.95636076522,colisión frontal,urbana,8 992,6.0,2.0,0.0,77.0,no,62.0,35.0,0,valencia,directo,24.0
23/07/2025,7268.3499346382705,  salida de vía ,autopista,8 350,7.0,1.0,0.0,94.0,sí,50.0,38.0,600,barcelona,directo,98.0
01/08/2024,25823.829062932393,incendio,urbana,23 847,5.0,1.0,1.0,33.0,sí,18.0,31.0,300,barcelona,mediador,75.0
03/12/2024,1937.7285919804383,golpe en aparcamiento,urbana,28 774,18.0,1.0,0.0,75.0,no,24.0,46.0,0,zaragoza,mediador,131.0
17/09/2025,585.3385893088868,  golpe en aparcamiento ,urbana,8 812,18.0,3.0,0.0,67.0,sí,57.0,37.0,0,sevilla,directo,80.0
13/01/2024,376.66718945435895,golpe en aparcamiento,autopista,7 440,21.0,1.0,0.0,45.0,no,33.0,39.0,0,madrid,directo,131.0
30/04/2024,1945.2339825639406,golpe en aparcamiento,urbana,16 088,20.0,2.0,0.0,22.0,sí,24.0,32.0,150,zaragoza,banca seguros,28.0
11/10/2025,1323.649914922498,  colisión frontal ,urbana,14 593,15.0,1.0,0.0,63.0,no,37.0,6.0,600,coruña,mediador,6.0
03/05/2024,2332.522623475181,golpe en aparcamiento,interurbana,21 330,21.0,4.0,0.0,60.0,no,43.0,10.0,300,zaragoza,mediador,158.0
09/03/2024,393.33931332754696,GOLPE EN APARCAMIENTO,urbana,15 340,7.0,1.0,0.0,40.0,sí,22.0,31.0,300,barcelona,directo,74.0
28/03/2025,1972.711638153961,salida de vía,urbana,4 467,18.0,1.0,0.0,63.0,sí,34.0,39.0,0,zaragoza,mediador,28.0
26/04/2024,567.7750394919346,golpe en aparcamiento,interurbana,9 008,3.0,1.0,1.0,59.0,no,38.0,11.0,150,sevilla,banca seguros,93.0
28/05/2024,1396.1359204994249,salida de via,urbana,7 752,8.0,1.0,3.0,23.0,no,54.0,31.0,300,valencia,mediador,119.0
16/11/2025,294.1344797397955,golpe en aparcamiento,urbana,7 062,11.0,1.0,0.0,0.0,sí,34.0,35.0,0,valencia,directo,23.0
11/07/2024,942.2261391086129,golpe en aparcamiento,urbana,38 777,2.0,2.0,0.0,37.0,no,40.0,34.0,150,madrid,mediador,15.0
28/04/2025,10239.526028780283,incendio,interurbana,12 018,15.0,2.0,3.0,80.0,sí,42.0,39.0,600,coruña,banca seguros,158.0
14/08/2025,2434.656912334946,GOLPE EN APARCAMIENTO,interurbana,7 630,10.0,4.0,2.0,82.0,no,56.0,20.0,0,madrid,mediador,180.0
18/03/2025,1345.4731620323219,salida de vía,urbana,8 032,10.0,1.0,0.0,82.0,no,49.0,32.0,0,valencia,directo,79.0
20/08/2024,4426.353869808537,colisión frontal,urbana,20 961,11.0,2.0,0.0,35.0,no,72.0,16.0,0,sevilla,mediador,75.0
24/03/2025,1118.6204663244512,  golpe en aparcamiento ,urbana,10 631,19.0,5.0,0.0,38.0,no,28.0,28.0,300,barcelona,mediador,19.0
16/03/2024,3799.9747949171556,colisión frontal,interurbana,14 639,11.0,1.0,0.0,52.0,no,18.0,2.0,300,madrid,mediador,20.0
06/05/2025,533.1175746053519,alcance,urbana,12 831,17.0,1.0,0.0,45.0,no,34.0,25.0,600,valencia,mediador,137.0
28/01/2024,1690.207020223897,alcance,interurbana,5 796,6.0,1.0,0.0,73.0,no,37.0,35.0,0,coruña,directo,106.0
26/07/2025,542.8070685121392,golpe en aparcamiento,urbana,15 847,5.0,1.0,0.0,93.0,sí,39.0,9.0,150,madrid,mediador,17.0
16/07/2024,1556.4843117963317,robo,interurbana,13 109,0.0,1.0,0.0,56.0,no,35.0,40.0,300,coruña,directo,70.0
02/08/2025,1762.7664345532216,GOLPE EN APARCAMIENTO,autopista,11 420,22.0,4.0,0.0,85.0,sí,38.0,0.0,150,sevilla,directo,124.0
03/11/2024,2538.6783670688665,  robo ,interurbana,31 458,8.0,1.0,0.0,51.0,sí,46.0,15.0,300,sevilla,banca seguros,140.0
30/01/2025,2901.208441877692,alcance,urbana,60 400,7.0,1.0,0.0,15.0,no,65.0,21.0,150,valencia,banca seguros,44.0
06/10/2025,1994.160813216785,colisión frontal,urbana,14 407,5.0,1.0,0.0,99.0,no,46.0,11.0,0,sevilla,banca seguros,53.0
20/02/2024,1178.6586176243995,colisión frontal,urbana,5 599,22.0,2.0,2.0,0.0,no,33.0,23.0,150,madrid,banca seguros,76.0
19/07/2025,4584.97083616435,colisión frontal,autopista,18 613,9.0,2.0,0.0,71.0,no,44.0,42.0,0,valencia,directo,173.0
07/10/2025,1003.4759310864808,golpe en aparcamiento,urbana,14 413,5.0,2.0,0.0,85.0,N/D,20.0,46.0,300,valencia,mediador,143.0
27/03/2024,1179.1841259115645,golpe en aparcamiento,urbana,8 760,1.0,1.0,1.0,61.0,sí,34.0,33.0,150,barcelona,directo,81.0
12/05/2024,1502.0119504434344,  salida de vía ,urbana,15 788,4.0,3.0,0.0,30.0,N/D,45.0,3.0,0,coruña,mediador,107.0
08/01/2025,514.1517663324157,golpe en aparcamiento,urbana,14 055,14.0,1.0,0.0,36.0,no,48.0,35.0,0,valencia,mediador,117.0
24/05/2024,916.9095061913064,alcance,urbana,8 142,11.0,1.0,1.0,46.0,sí,60.0,22.0,300,sevilla,mediador,173.0
09/08/2024,3828.8652283492365,colisión frontal,autopista,8 248,14.0,1.0,0.0,76.0,sí,45.0,21.0,0,coruña,directo,3.0
06/10/2025,573.6055109872354,alcance,autopista,8 937,16.0,2.0,0.0,40.0,no,57.0,47.0,300,barcelona,directo,26.0
11/01/2025,701.917547741083,golpe en aparcamiento,urbana,17 850,15.0,2.0,0.0,42.0,no,67.0,7.0,300,zaragoza,directo,103.0
25/07/2024,766.9282081337268,alcance,urbana,4 938,18.0,2.0,1.0,63.0,no,40.0,0.0,600,coruña,mediador,70.0
17/03/2025,625.8394854195811,alcance,autopista,5 840,19.0,1.0,0.0,40.0,no,30.0,22.0,300,sevilla,mediador,89.0
24/07/2025,1570.9784121360512,alcance,interurbana,33 916,6.0,3.0,0.0,49.0,sí,23.0,43.0,600,sevilla,banca seguros,134.0
30/10/2024,6520.240555111331,salida de vía,interurbana,17 529,3.0,1.0,5.0,37.0,sí,41.0,34.0,0,barcelona,mediador,95.0
03/05/2024,630.0399125929708,  salida de vía ,urbana,5 251,16.0,4.0,0.0,88.0,N/D,37.0,49.0,0,madrid,directo,131.0
13/11/2024,564.4740726623953,golpe en aparcamiento,urbana,25 029,3.0,2.0,0.0,61.0,no,33.0,20.0,300,sevilla,directo,2.0
07/02/2024,19471.398534772517,robo,urbana,85 271,5.0,1.0,1.0,9.0,sí,57.0,34.0,600,valencia,mediador,118.0
30/07/2024,582.3496530547137,salida de vía,autopista,6 697,18.0,1.0,0.0,62.0,no,74.0,50.0,0,coruña,directo,13.0
17/11/2024,655.7795126926045,alcance,autopista,8 233,14.0,1.0,0.0,54.0,no,41.0,43.0,600,barcelona,mediador,2.0
01/05/2024,1402.2854707332986,robo,autopista,8 444,13.0,2.0,0.0,74.0,no,48.0,9.0,0,coruña,banca seguros,149.0
12/10/2025,839.844160806265,golpe en aparcamiento,urbana,37 232,20.0,1.0,1.0,57.0,no,47.0,17.0,0,barcelona,banca seguros,113.0
03/05/2024,1520.7397679684966,colisión frontal,urbana,14 112,21.0,3.0,1.0,61.0,no,58.0,40.0,300,zaragoza,directo,61.0
17/01/2025,659.3317311534621,golpe en aparcamiento,urbana,7 049,6.0,1.0,0.0,88.0,sí,43.0,36.0,150,barcelona,mediador,178.0
01/05/2025,1531.611593020885,robo,urbana,12 929,11.0,1.0,0.0,55.0,no,31.0,11.0,300,madrid,banca seguros,174.0
08/08/2025,716.0044792337397,  colisión frontal ,urbana,2 991,2.0,2.0,0.0,84.0,no,69.0,17.0,300,madrid,banca seguros,31.0
27/04/2025,465.51977232191757,alcance,urbana,5 918,2.0,2.0,0.0,44.0,no,53.0,7.0,300,sevilla,directo,117.0
15/04/2024,432.72159696441463,alcance,interurbana,7 668,16.0,2.0,0.0,53.0,sí,26.0,36.0,300,valencia,banca seguros,125.0
14/04/2025,1382.5046086462046,SALIDA DE VÍA,urbana,6 416,6.0,1.0,0.0,63.0,no,44.0,38.0,0,coruña,mediador,160.0
06/02/2025,1206.8297023952764,salida de vía,urbana,3 166,11.0,2.0,0.0,24.0,no,41.0,24.0,150,sevilla,mediador,172.0
28/06/2025,491.3584821927575,alcance,urbana,6 633,10.0,1.0,0.0,0.0,sí,73.0,46.0,300,coruña,banca seguros,71.0
26/11/2024,361.6014150100736,  golpe en aparcamiento ,autopista,6 034,17.0,2.0,0.0,70.0,no,61.0,41.0,0,valencia,banca seguros,66.0
03/06/2025,382.2702359158414,golpe en aparcamiento,interurbana,7 000,6.0,2.0,2.0,123.0,no,37.0,40.0,300,zaragoza,directo,37.0
12/12/2025,2248.1200034131703,  alcance ,autopista,12 477,6.0,5.0,0.0,86.0,sí,58.0,7.0,150,coruña,directo,153.0
21/07/2024,14162.195266288163,incendio,interurbana,7 920,16.0,3.0,1.0,40.0,sí,38.0,2.0,600,sevilla,directo,30.0
06/05/2024,1208.4809740998064,robo,urbana,16 233,16.0,1.0,0.0,69.0,no,62.0,36.0,300,zaragoza,mediador,176.0
10/02/2024,2944.666789528821,ROBO,urbana,9 507,20.0,1.0,0.0,46.0,no,51.0,42.0,0,barcelona,directo,134.0
13/08/2024,781.3532905231286,alcance,urbana,10 386,21.0,1.0,1.0,26.0,sí,45.0,36.0,0,sevilla,mediador,136.0
21/09/2024,605.4825722095649,alcance,urbana,11 941,11.0,1.0,0.0,80.0,no,47.0,42.0,0,coruña,mediador,141.0
30/12/2025,2324.120901692842,salida de vía,interurbana,13 210,12.0,2.0,0.0,69.0,no,53.0,25.0,0,barcelona,mediador,84.0
16/09/2024,751.1963186356008,golpe en aparcamiento,autopista,9 729,4.0,1.0,0.0,29.0,no,53.0,5.0,0,zaragoza,banca seguros,123.0
17/08/2024,3077.8289506513947,SALIDA DE VÍA,interurbana,21 145,0.0,1.0,0.0,68.0,no,63.0,50.0,150,barcelona,mediador,23.0
03/05/2024,11714.134293190078,colision frontal,autopista,32 246,0.0,2.0,0.0,26.0,no,69.0,15.0,600,barcelona,mediador,89.0
11/05/2025,1708.0218928145214,alcance,autopista,5 486,19.0,3.0,0.0,55.0,sí,39.0,28.0,150,barcelona,banca seguros,82.0
22/04/2025,548.8696625082823,golpe en aparcamiento,autopista,11 611,17.0,1.0,0.0,62.0,sí,52.0,12.0,150,coruña,mediador,138.0
21/09/2024,36299.70258209925,incendio,autopista,15 949,13.0,2.0,0.0,6.0,no,63.0,34.0,300,valencia,banca seguros,85.0
04/06/2025,115172.48462603508,incendio,autopista,59 163,15.0,1.0,0.0,47.0,sí,28.0,40.0,0,barcelona,directo,156.0
25/08/2025,1479.3317501829943,alcance,urbana,10 809,13.0,2.0,0.0,72.0,no,72.0,7.0,0,sevilla,mediador,70.0
21/04/2024,1817.6491389664438,robo,urbana,21 771,12.0,1.0,1.0,40.0,no,23.0,13.0,0,madrid,banca seguros,4.0
16/07/2025,750.4601328496951,salida de vía,urbana,20 080,20.0,1.0,0.0,26.0,sí,27.0,18.0,0,sevilla,mediador,23.0
17/07/2025,2435.3678473432115,ALCANCE,interurbana,24 574,0.0,1.0,0.0,28.0,sí,59.0,30.0,0,sevilla,mediador,50.0
20/02/2025,4953.168175123007,  salida de vía ,autopista,16 632,4.0,2.0,0.0,58.0,no,45.0,36.0,0,zaragoza,banca seguros,71.0
18/05/2025,2421.557833419592,alcance,urbana,33 212,9.0,3.0,0.0,40.0,sí,47.0,0.0,0,barcelona,directo,128.0
21/09/2024,1706.9397450806496,salida de vía,urbana,7 218,6.0,4.0,0.0,11.0,no,34.0,10.0,600,zaragoza,directo,147.0
27/06/2024,4432.931585361048,salida de vía,urbana,12 133,7.0,4.0,1.0,46.0,sí,53.0,39.0,600,madrid,directo,132.0
26/01/2025,17930.08708348805,salida de vía,interurbana,51 196,2.0,3.0,0.0,82.0,no,37.0,3.0,150,coruña,mediador,122.0
07/12/2024,1473.9599428376525,alcance,urbana,10 979,0.0,1.0,0.0,39.0,sí,30.0,18.0,0,barcelona,mediador,91.0
26/12/2024,423.4116001760527,salida de via,interurbana,5 380,12.0,1.0,0.0,129.0,sí,39.0,7.0,600,madrid,mediador,150.0
30/12/2025,469.8083390382879,golpe en aparcamiento,interurbana,15 305,6.0,1.0,0.0,57.0,no,61.0,31.0,300,valencia,mediador,175.0
03/07/2025,179.34809973124922,golpe en aparcamiento,urbana,5 900,9.0,2.0,0.0,64.0,no,49.0,30.0,300,madrid,mediador,22.0
03/01/2025,360.479787896423,GOLPE EN APARCAMIENTO,urbana,8 307,5.0,2.0,0.0,39.0,sí,47.0,2.0,0,barcelona,mediador,130.0
21/03/2025,1934.068099574306,  alcance ,urbana,55 562,16.0,3.0,0.0,26.0,sí,53.0,32.0,300,barcelona,mediador,167.0
21/12/2025,166.96954029305442,golpe en aparcamiento,urbana,4 955,21.0,1.0,0.0,51.0,N/D,29.0,14.0,300,zaragoza,mediador,145.0
27/05/2025,329.5407594929632,golpe en aparcamiento,interurbana,23 026,6.0,1.0,0.0,55.0,no,52.0,35.0,150,sevilla,mediador,150.0
24/10/2024,1187.3795577174028,ROBO,urbana,4 709,20.0,1.0,0.0,69.0,sí,63.0,34.0,150,barcelona,mediador,150.0
14/01/2024,712.3203331148321,alcance,urbana,6 595,12.0,2.0,0.0,46.0,no,27.0,3.0,0,sevilla,mediador,9.0
28/11/2025,759.0837561940975,alcance,interurbana,13 646,7.0,2.0,0.0,24.0,no,47.0,48.0,600,coruña,mediador,156.0
15/10/2025,11191.537768794537,incendio,urbana,2 133,17.0,3.0,0.0,72.0,sí,52.0,27.0,300,sevilla,mediador,59.0
24/10/2025,670.7183910344947,salida de vía,urbana,10 374,13.0,1.0,0.0,65.0,no,52.0,14.0,300,madrid,directo,76.0
24/03/2025,1884.6297016930455,SALIDA DE VÍA,urbana,15 673,13.0,2.0,1.0,58.0,sí,22.0,7.0,150,coruña,mediador,127.0
19/10/2025,523.9928513883573,alcance,urbana,3 244,18.0,1.0,1.0,77.0,no,44.0,26.0,0,sevilla,directo,121.0
21/01/2024,695.4283255918302,golpe en aparcamiento,interurbana,13 685,1.0,2.0,0.0,78.0,sí,36.0,21.0,300,zaragoza,mediador,51.0
27/01/2024,5408.375868686608,alcance,autopista,15 735,8.0,1.0,0.0,7.0,no,42.0,40.0,0,valencia,mediador,70.0
15/09/2025,883.999935723494,alcance,urbana,11 876,2.0,2.0,0.0,62.0,sí,73.0,34.0,0,barcelona,directo,100.0
11/10/2024,882.6425323367669,alcance,urbana,15 062,0.0,1.0,0.0,59.0,sí,55.0,24.0,0,sevilla,directo,166.0
17/06/2025,398.0612442866403,alcance,urbana,6 895,4.0,1.0,0.0,35.0,no,47.0,29.0,0,madrid,mediador,1.0
17/02/2024,368.3410666079689,golpe en aparcamiento,urbana,3 852,11.0,3.0,1.0,47.0,sí,40.0,16.0,0,madrid,mediador,105.0
06/12/2024,846.4738676639668,salida de vía,autopista,8 443,22.0,3.0,0.0,48.0,no,31.0,0.0,0,zaragoza,mediador,171.0
03/06/2025,968.0345252541633,  alcance ,urbana,17 991,8.0,1.0,3.0,65.0,no,48.0,46.0,0,sevilla,mediador,43.0
30/08/2024,1301.2403328486405,salida de vía,interurbana,6 340,20.0,1.0,0.0,12.0,sí,41.0,10.0,0,coruña,mediador,179.0
19/07/2024,1854.1022989620305,colision frontal,urbana,13 427,16.0,1.0,0.0,45.0,no,43.0,3.0,150,zaragoza,directo,65.0
21/08/2024,1346.7705373730194,alcance,interurbana,6 145,20.0,2.0,0.0,42.0,N/D,37.0,24.0,0,sevilla,mediador,118.0
30/05/2024,7243.697503094699,salida de vía,interurbana,29 799,5.0,4.0,1.0,17.0,no,30.0,2.0,0,sevilla,mediador,95.0
31/03/2025,5263.409459435806,colisión frontal,autopista,14 807,13.0,5.0,0.0,63.0,no,39.0,33.0,300,barcelona,mediador,137.0
30/10/2024,6645.425240268364,alcance,interurbana,15 278,3.0,4.0,1.0,76.0,no,71.0,45.0,300,coruña,mediador,96.0
06/07/2025,955.3832050210805,alcance,urbana,73 242,8.0,1.0,0.0,54.0,no,45.0,18.0,0,valencia,banca seguros,95.0
30/05/2024,740.1403541349912,alcance,urbana,8 335,9.0,1.0,0.0,61.0,no,37.0,5.0,300,madrid,mediador,48.0
14/08/2025,925.146001084067,robo,urbana,11 258,20.0,4.0,0.0,83.0,sí,64.0,38.0,600,valencia,mediador,38.0
13/07/2025,2411.744226902899,  salida de vía ,urbana,15 810,6.0,3.0,0.0,81.0,sí,31.0,4.0,0,valencia,directo,105.0
05/01/2025,2261.821720301592,golpe en aparcamiento,autopista,17 747,2.0,4.0,1.0,71.0,no,58.0,31.0,0,sevilla,directo,10.0
06/11/2024,920.1139356174043,golpe en aparcamiento,interurbana,15 277,8.0,1.0,0.0,17.0,no,30.0,49.0,0,sevilla,mediador,119.0
15/04/2025,694.8567763790174,alcance,interurbana,7 202,2.0,2.0,0.0,35.0,no,35.0,20.0,0,sevilla,mediador,14.0
30/05/2024,470.0242878883291,golpe en aparcamiento,urbana,9 916,9.0,2.0,0.0,56.0,no,21.0,26.0,300,sevilla,mediador,180.0
21/05/2025,1123.9336298477672,alcance,urbana,4 898,20.0,5.0,0.0,46.0,no,52.0,31.0,600,zaragoza,directo,36.0
03/10/2024,908.9520300422736,golpe en aparcamiento,interurbana,23 226,8.0,2.0,0.0,52.0,no,44.0,15.0,0,coruña,mediador,10.0
31/05/2025,754.4113173043987,alcance,urbana,9 434,3.0,1.0,0.0,93.0,no,44.0,31.0,300,barcelona,mediador,132.0
21/10/2025,5900.513938614049,SALIDA DE VÍA,urbana,18 012,4.0,2.0,0.0,16.0,no,54.0,5.0,150,coruña,directo,75.0
18/05/2025,989.5071946254128,colisión frontal,urbana,4 911,8.0,2.0,0.0,31.0,no,43.0,25.0,300,coruña,mediador,70.0
30/06/2025,2884.534786219347,  colisión frontal ,urbana,16 911,2.0,1.0,0.0,16.0,sí,46.0,24.0,0,zaragoza,directo,115.0
27/11/2025,1101.9102697486624,salida de vía,interurbana,4 917,21.0,1.0,0.0,80.0,no,41.0,22.0,150,valencia,mediador,78.0
12/09/2025,333.64410628637006,golpe en aparcamiento,autopista,6 862,19.0,4.0,0.0,41.0,no,35.0,5.0,300,barcelona,banca seguros,48.0
02/08/2025,4368.781712110512,colisión frontal,urbana,26 675,17.0,1.0,0.0,52.0,no,63.0,18.0,0,sevilla,mediador,100.0
11/02/2025,2649.135754844837,salida de vía,urbana,11 556,11.0,4.0,0.0,37.0,sí,22.0,8.0,300,coruña,banca seguros,33.0
18/01/2024,1125.3151975638868,ROBO,interurbana,13 375,10.0,3.0,0.0,46.0,no,34.0,36.0,0,sevilla,mediador,37.0
02/12/2025,3218.4613967721994,COLISIÓN FRONTAL,urbana,4 028,19.0,1.0,1.0,74.0,no,59.0,8.0,0,madrid,mediador,15.0
07/10/2025,5328.460012060413,robo,urbana,10 407,10.0,5.0,0.0,98.0,no,20.0,47.0,0,valencia,mediador,6.0
30/10/2025,261.07428736029476,golpe en aparcamiento,urbana,4 233,16.0,1.0,0.0,62.0,no,36.0,2.0,300,barcelona,mediador,96.0
13/05/2025,580.9924522970545,alcance,urbana,15 331,8.0,2.0,0.0,67.0,sí,58.0,32.0,150,madrid,directo,21.0
12/07/2025,735.3534289270989,robo,urbana,6 651,19.0,4.0,0.0,58.0,sí,40.0,50.0,600,madrid,mediador,109.0
09/04/2024,751.301699468021,alcance,urbana,25 210,20.0,1.0,0.0,60.0,N/D,46.0,43.0,0,coruña,banca seguros,118.0
22/02/2025,2121.968922992924,robo,interurbana,13 187,3.0,3.0,0.0,52.0,no,56.0,28.0,600,madrid,mediador,116.0
24/12/2024,7725.234090906567,incendio,urbana,5 372,15.0,3.0,0.0,59.0,no,42.0,50.0,0,valencia,directo,90.0
18/10/2025,281.4149928005817,golpe en aparcamiento,autopista,10 553,18.0,1.0,1.0,64.0,sí,31.0,26.0,300,coruña,mediador,148.0
23/11/2024,12330.193547184053,COLISIÓN FRONTAL,autopista,25 962,5.0,3.0,0.0,54.0,no,39.0,38.0,0,coruña,mediador,85.0
13/11/2024,745.2286197294881,alcance,interurbana,3 457,4.0,1.0,0.0,32.0,no,34.0,12.0,0,sevilla,mediador,114.0
26/04/2025,2398.687494689009,robo,interurbana,7 696,17.0,2.0,0.0,39.0,no,43.0,50.0,150,madrid,directo,27.0
14/11/2024,1609.9854273880771,golpe en aparcamiento,urbana,29 788,8.0,4.0,0.0,66.0,no,41.0,46.0,300,coruña,mediador,33.0
25/07/2025,2438.2711840891775,golpe en aparcamiento,autopista,18 927,22.0,2.0,0.0,71.0,no,33.0,40.0,0,coruña,mediador,110.0
13/07/2025,362.5718796952513,golpe en aparcamiento,urbana,8 600,4.0,2.0,0.0,46.0,sí,41.0,1.0,150,barcelona,directo,61.0
03/07/2025,1965.1727254930645,golpe en aparcamiento,interurbana,25 567,19.0,3.0,1.0,94.0,sí,58.0,31.0,300,madrid,mediador,141.0
18/10/2024,647.997226766873,COLISIÓN FRONTAL,urbana,3 078,6.0,1.0,0.0,59.0,no,43.0,34.0,0,barcelona,mediador,180.0
07/03/2025,590.7159719018653,salida de vía,urbana,5 605,18.0,1.0,0.0,34.0,no,52.0,11.0,0,valencia,directo,149.0
02/11/2024,1205.4208179817633,golpe en aparcamiento,interurbana,8 775,17.0,1.0,0.0,17.0,N/D,51.0,15.0,0,barcelona,directo,125.0
18/10/2024,4455.998098867453,  golpe en aparcamiento ,autopista,21 879,2.0,2.0,0.0,61.0,sí,36.0,11.0,0,coruña,mediador,111.0
23/07/2024,770.1000713377013,alcance,urbana,10 978,1.0,1.0,0.0,57.0,no,31.0,45.0,150,coruña,directo,71.0
11/10/2025,624.7001084042868,  alcance ,urbana,10 988,13.0,2.0,0.0,56.0,no,28.0,41.0,150,barcelona,mediador,24.0
06/07/2025,1406.805881354422,robo,urbana,10 458,18.0,3.0,0.0,0.0,sí,44.0,28.0,150,barcelona,mediador,55.0
09/06/2024,1377.6815094908582,  alcance ,autopista,9 884,5.0,2.0,0.0,64.0,no,56.0,17.0,0,zaragoza,mediador,154.0
11/02/2025,868.1235376116639,ALCANCE,autopista,15 739,9.0,2.0,0.0,97.0,sí,65.0,26.0,0,sevilla,mediador,57.0
12/06/2025,4731.453525158886,robo,urbana,7 330,10.0,2.0,0.0,44.0,no,40.0,14.0,600,madrid,mediador,47.0
12/10/2025,10808.804865173935,incendio,urbana,7 251,13.0,2.0,0.0,1.0,sí,38.0,42.0,0,barcelona,mediador,39.0
20/09/2025,1540.9037308863424,alcance,urbana,13 671,13.0,4.0,0.0,93.0,sí,27.0,38.0,150,madrid,banca seguros,5.0
22/07/2024,4646.408460456223,salida de vía,urbana,12 937,8.0,2.0,0.0,35.0,no,27.0,44.0,0,zaragoza,mediador,18.0
02/08/2025,2410.267118793859,  alcance ,urbana,16 569,2.0,2.0,1.0,83.0,no,58.0,1.0,150,sevilla,mediador,41.0
17/01/2024,238.95101213950628,  golpe en aparcamiento ,urbana,12 558,0.0,1.0,0.0,62.0,no,62.0,30.0,300,coruña,banca seguros,141.0
14/09/2025,2673.062594352253,alcance,autopista,18 092,14.0,4.0,0.0,33.0,no,43.0,12.0,0,barcelona,mediador,42.0
14/04/2024,5587.997602663914,alcance,interurbana,31 520,12.0,3.0,0.0,41.0,sí,47.0,44.0,0,sevilla,mediador,133.0
08/04/2024,356.6439636083496,GOLPE EN APARCAMIENTO,urbana,8 770,21.0,1.0,0.0,74.0,sí,35.0,25.0,300,barcelona,mediador,141.0
22/12/2024,1327.2599320920606,golpe en aparcamiento,autopista,8 272,8.0,1.0,3.0,49.0,no,36.0,23.0,150,madrid,directo,175.0
13/06/2025,1343.6760010671546,GOLPE EN APARCAMIENTO,interurbana,13 854,11.0,2.0,0.0,33.0,N/D,35.0,47.0,150,coruña,banca seguros,166.0
20/02/2025,586.5150632640273,alcance,urbana,6 339,15.0,4.0,0.0,60.0,no,68.0,50.0,300,madrid,directo,132.0
05/11/2024,2074.989172722018,colisión frontal,urbana,16 865,22.0,1.0,0.0,67.0,no,37.0,31.0,150,madrid,directo,31.0
11/08/2024,6092.849135326625,alcance,interurbana,11 184,9.0,3.0,0.0,83.0,sí,39.0,45.0,0,sevilla,banca seguros,56.0
01/10/2025,901.5648521228763,alcance,urbana,5 299,16.0,4.0,0.0,6.0,sí,39.0,29.0,0,coruña,mediador,128.0
21/05/2025,210.0183928955078,golpe en aparcamiento,urbana,8 427,1.0,1.0,0.0,30.0,sí,21.0,29.0,0,zaragoza,banca seguros,164.0
02/12/2025,1978.0490252157047,salida de vía,urbana,14 252,12.0,1.0,0.0,48.0,no,51.0,26.0,600,madrid,mediador,20.0
01/05/2024,762.8055359704314,golpe en aparcamiento,interurbana,5 876,22.0,1.0,0.0,27.0,sí,28.0,40.0,0,zaragoza,mediador,66.0
03/03/2025,2279.1411096531338,ALCANCE,interurbana,20 168,21.0,3.0,0.0,48.0,no,30.0,42.0,0,madrid,mediador,169.0
16/05/2024,5527.547279407891,incendio,urbana,9 970,14.0,1.0,2.0,39.0,no,61.0,10.0,300,madrid,banca seguros,66.0
04/11/2025,1940.0111478163658,alcance,autopista,14 542,6.0,1.0,0.0,11.0,no,77.0,18.0,0,madrid,mediador,174.0
14/03/2024,174.46610093513326,golpe en aparcamiento,urbana,4 980,9.0,1.0,0.0,30.0,no,37.0,28.0,300,sevilla,banca seguros,128.0
12/04/2025,2326.1927949215806,colisión frontal,interurbana,11 199,1.0,1.0,0.0,59.0,no,47.0,42.0,600,sevilla,mediador,41.0
05/07/2025,371.45884828806015,golpe en aparcamiento,urbana,13 409,10.0,1.0,0.0,56.0,no,62.0,46.0,150,valencia,banca seguros,22.0
19/12/2024,2813.420407365711,salida de via,urbana,8 142,11.0,1.0,0.0,35.0,sí,34.0,3.0,0,valencia,directo,82.0
24/05/2024,387.2238983734072,alcance,urbana,2 783,10.0,1.0,0.0,35.0,sí,43.0,3.0,300,barcelona,mediador,175.0
07/09/2025,555.6908663853851,  alcance ,urbana,7 991,13.0,1.0,1.0,73.0,no,49.0,15.0,0,madrid,mediador,95.0
12/08/2025,1498.8073588946277,golpe en aparcamiento,autopista,15 779,0.0,2.0,0.0,71.0,no,46.0,43.0,0,barcelona,directo,89.0
27/07/2025,482.72880512069247,golpe en aparcamiento,interurbana,9 096,0.0,4.0,0.0,52.0,no,49.0,27.0,150,barcelona,banca seguros,24.0
19/01/2024,1893.7510689362798,alcance,interurbana,16 494,22.0,2.0,0.0,37.0,no,44.0,35.0,150,madrid,directo,15.0
19/08/2025,1991.6736706467848,ALCANCE,interurbana,12 241,7.0,1.0,1.0,41.0,no,69.0,26.0,0,valencia,directo,56.0
15/01/2025,839.0413145523481,alcance,urbana,7 977,22.0,1.0,0.0,62.0,sí,55.0,39.0,600,zaragoza,directo,63.0
23/08/2024,1107.2518259705785,colisión frontal,urbana,10 856,18.0,2.0,0.0,55.0,no,64.0,2.0,0,sevilla,banca seguros,22.0
05/04/2025,790.3540748183258,alcance,interurbana,13 756,19.0,1.0,0.0,32.0,sí,47.0,17.0,150,madrid,banca seguros,179.0
11/05/2024,1083.0567663016473,salida de vía,urbana,12 618,12.0,1.0,0.0,56.0,sí,34.0,8.0,150,madrid,directo,58.0
26/09/2025,8941.883097949476,incendio,interurbana,10 916,14.0,1.0,2.0,54.0,N/D,43.0,37.0,300,barcelona,mediador,148.0
19/05/2025,853.189553908181,alcance,autopista,16 656,7.0,1.0,1.0,59.0,no,82.0,4.0,150,valencia,banca seguros,64.0
03/04/2025,989.1796048347599,golpe en aparcamiento,urbana,4 027,14.0,4.0,0.0,58.0,no,46.0,36.0,0,madrid,mediador,156.0
17/11/2024,7847.089586054307,  robo ,urbana,42 469,11.0,1.0,0.0,51.0,no,59.0,39.0,300,barcelona,banca seguros,147.0
27/08/2024,5814.164475347472,incendio,interurbana,4 421,22.0,2.0,1.0,81.0,no,52.0,29.0,0,valencia,mediador,49.0
04/01/2025,3240.8706653588742,salida de vía,urbana,8 205,17.0,2.0,0.0,68.0,no,28.0,25.0,0,valencia,banca seguros,94.0
07/06/2025,300.2741099816326,  alcance ,urbana,12 974,21.0,1.0,0.0,73.0,no,34.0,19.0,150,sevilla,banca seguros,67.0
02/05/2025,1126.59794159074,alcance,autopista,10 113,18.0,2.0,0.0,42.0,sí,27.0,37.0,300,sevilla,mediador,49.0
05/06/2025,168.09179358932627,golpe en aparcamiento,urbana,3 957,18.0,2.0,0.0,41.0,no,41.0,6.0,150,barcelona,directo,137.0
31/10/2024,421.666625565437,golpe en aparcamiento,urbana,3 956,13.0,1.0,0.0,62.0,sí,69.0,10.0,300,sevilla,directo,168.0
22/04/2024,1899.7999382960008,  alcance ,interurbana,5 887,5.0,3.0,2.0,49.0,sí,24.0,10.0,300,sevilla,mediador,74.0
19/12/2024,533.2366271480689,golpe en aparcamiento,urbana,6 227,9.0,2.0,0.0,69.0,sí,67.0,12.0,0,sevilla,mediador,90.0
06/05/2025,1371.9245232113271,alcance,urbana,23 308,21.0,2.0,0.0,119.0,no,71.0,43.0,0,madrid,mediador,75.0
01/11/2024,30193.13134133258,incendio,interurbana,21 408,15.0,1.0,1.0,57.0,no,61.0,1.0,0,coruña,banca seguros,120.0
21/09/2025,1705.4737929246814,colisión frontal,urbana,6 278,15.0,3.0,0.0,52.0,no,43.0,2.0,0,coruña,directo,45.0
12/09/2024,732.3276475035915,robo,interurbana,5 702,5.0,1.0,0.0,58.0,no,42.0,20.0,300,madrid,banca seguros,28.0
01/10/2024,4161.36428759697,colisión frontal,urbana,14 479,3.0,2.0,0.0,49.0,no,57.0,6.0,150,barcelona,banca seguros,63.0
25/11/2025,1197.2989794151238,golpe en aparcamiento,urbana,12 775,17.0,1.0,0.0,51.0,sí,57.0,23.0,150,coruña,mediador,44.0
31/03/2024,4756.502871537262,colisión frontal,interurbana,9 077,5.0,3.0,1.0,46.0,sí,42.0,25.0,150,barcelona,mediador,19.0
04/08/2025,993.8222952780359,ROBO,urbana,20 474,14.0,1.0,0.0,55.0,no,18.0,35.0,0,barcelona,mediador,151.0
05/03/2025,3222.4433449792723,salida de vía,interurbana,19 783,0.0,1.0,0.0,31.0,no,32.0,48.0,0,coruña,banca seguros,16.0
07/11/2024,1370.3127517665469,golpe en aparcamiento,urbana,8 105,8.0,2.0,0.0,33.0,sí,41.0,43.0,0,valencia,mediador,153.0
15/05/2025,705.9418898528266,GOLPE EN APARCAMIENTO,interurbana,30 585,5.0,3.0,0.0,62.0,no,41.0,15.0,150,zaragoza,mediador,28.0
22/11/2024,674.309402910785,golpe en aparcamiento,urbana,12 865,11.0,3.0,0.0,29.0,no,62.0,34.0,0,madrid,mediador,135.0
06/11/2024,837.9550465732393,alcance,urbana,7 837,12.0,2.0,0.0,46.0,no,33.0,0.0,600,zaragoza,banca seguros,162.0
27/09/2025,770.2442908474865,  alcance ,urbana,14 129,8.0,1.0,1.0,55.0,no,18.0,2.0,0,zaragoza,banca seguros,28.0
23/07/2024,738.3706409084498,alcance,interurbana,7 184,18.0,1.0,1.0,81.0,sí,58.0,14.0,600,zaragoza,mediador,70.0
24/03/2024,817.0046559643176,  alcance ,urbana,14 334,20.0,1.0,1.0,70.0,no,36.0,47.0,300,madrid,directo,87.0
07/10/2024,36433.05448164155,incendio,urbana,14 787,7.0,2.0,0.0,71.0,sí,54.0,19.0,300,valencia,directo,71.0
20/10/2024,1796.0755573146337,SALIDA DE VÍA,urbana,3 689,9.0,1.0,2.0,49.0,sí,74.0,3.0,600,madrid,directo,134.0
04/02/2025,1131.9018286900302,golpe en aparcamiento,interurbana,45 630,11.0,1.0,0.0,46.0,N/D,32.0,19.0,600,madrid,mediador,169.0
15/12/2024,279.2654424705589,  golpe en aparcamiento ,autopista,3 527,7.0,2.0,0.0,30.0,N/D,56.0,34.0,150,zaragoza,directo,74.0
18/08/2024,1497.8651337404242,ALCANCE,urbana,8 980,0.0,5.0,0.0,34.0,no,51.0,1.0,600,coruña,mediador,36.0
27/05/2025,2477.041927127807,salida de vía,urbana,18 039,1.0,4.0,0.0,85.0,sí,33.0,40.0,150,madrid,mediador,104.0
26/09/2025,735.1053183018521,ALCANCE,urbana,7 407,16.0,1.0,0.0,84.0,no,28.0,25.0,300,sevilla,directo,64.0
17/05/2024,2187.143700991196,alcance,urbana,15 699,1.0,1.0,0.0,102.0,sí,69.0,18.0,600,madrid,directo,95.0
15/03/2024,1060.9481369362459,alcance,interurbana,6 563,3.0,1.0,0.0,47.0,no,41.0,10.0,0,valencia,mediador,73.0
05/01/2024,954.4994560945962,salida de via,urbana,3 707,18.0,1.0,2.0,36.0,no,43.0,3.0,150,zaragoza,directo,35.0
24/07/2025,493.17418525843027,golpe en aparcamiento,autopista,13 426,1.0,1.0,0.0,57.0,no,40.0,11.0,300,sevilla,directo,86.0
09/10/2025,3586.9340048304225,salida de vía,autopista,12 288,3.0,1.0,0.0,52.0,no,45.0,23.0,0,valencia,banca seguros,51.0
22/05/2025,3966.798535894402,  colisión frontal ,interurbana,12 141,4.0,2.0,0.0,0.0,sí,51.0,11.0,0,sevilla,mediador,23.0
09/05/2025,11187.681181236456,salida de vía,urbana,12 826,22.0,3.0,0.0,38.0,no,35.0,40.0,0,sevilla,banca seguros,152.0
30/09/2025,1113.9498314640728,golpe en aparcamiento,urbana,11 815,2.0,1.0,0.0,35.0,no,49.0,16.0,300,coruña,banca seguros,124.0
14/11/2025,467.4731684861166,golpe en aparcamiento,urbana,11 015,12.0,1.0,0.0,56.0,sí,23.0,49.0,150,madrid,directo,96.0
15/12/2025,35795.810857698794,incendio,interurbana,34 025,1.0,1.0,0.0,35.0,no,55.0,30.0,600,sevilla,directo,22.0
16/09/2025,2889.6527257551916,salida de via,interurbana,13 952,15.0,1.0,0.0,92.0,no,65.0,33.0,0,sevilla,mediador,110.0
17/01/2024,1158.5483969167935,salida de vía,urbana,11 533,21.0,1.0,2.0,50.0,no,30.0,44.0,0,barcelona,banca seguros,129.0
18/05/2025,186.54824857782089,alcance,urbana,6 547,22.0,1.0,1.0,72.0,no,45.0,23.0,150,madrid,mediador,39.0
11/03/2025,786.1925722689191,golpe en aparcamiento,urbana,8 420,8.0,1.0,0.0,71.0,sí,46.0,27.0,0,barcelona,directo,138.0
08/03/2025,970.2818859250968,alcance,urbana,4 847,1.0,1.0,0.0,82.0,sí,40.0,17.0,150,coruña,directo,129.0
27/10/2025,29580.820591165593,incendio,autopista,9 322,2.0,1.0,0.0,37.0,no,29.0,23.0,0,madrid,banca seguros,102.0
23/07/2025,2960.691849691981,ROBO,urbana,15 800,1.0,1.0,0.0,16.0,sí,40.0,14.0,300,valencia,mediador,162.0
03/05/2025,1083.2249166185993,golpe en aparcamiento,autopista,5 692,20.0,1.0,2.0,43.0,no,39.0,0.0,150,valencia,directo,107.0
02/10/2025,955.5586540565197,  alcance ,urbana,6 523,7.0,4.0,0.0,46.0,no,42.0,23.0,600,barcelona,banca seguros,125.0
22/11/2024,3340.3432951633868,salida de vía,urbana,8 323,11.0,1.0,0.0,81.0,no,57.0,8.0,0,sevilla,banca seguros,26.0
08/10/2025,680.5441980381547,golpe en aparcamiento,urbana,11 669,7.0,2.0,0.0,36.0,no,47.0,8.0,0,sevilla,banca seguros,3.0
09/10/2025,1079.3876363303964,alcance,autopista,6 107,21.0,2.0,0.0,4.0,sí,67.0,10.0,0,valencia,banca seguros,61.0
28/02/2024,584.578642951959,golpe en aparcamiento,interurbana,5 750,2.0,1.0,0.0,0.0,no,39.0,25.0,300,madrid,banca seguros,11.0
01/10/2025,908.7007728520082,golpe en aparcamiento,urbana,6 859,7.0,1.0,0.0,38.0,no,25.0,17.0,0,sevilla,banca seguros,110.0
06/11/2025,360.7745556763916,alcance,autopista,4 977,7.0,1.0,2.0,81.0,no,48.0,13.0,0,sevilla,banca seguros,165.0
06/12/2024,9688.60149196945,robo,urbana,9 548,17.0,2.0,1.0,55.0,no,42.0,43.0,150,zaragoza,mediador,85.0
27/05/2024,14685.627419283943,incendio,urbana,14 587,17.0,2.0,1.0,0.0,no,29.0,14.0,0,coruña,directo,124.0
29/08/2024,617.683710804513,ALCANCE,urbana,5 335,21.0,1.0,2.0,96.0,sí,35.0,23.0,0,sevilla,banca seguros,159.0
10/06/2024,1033.624073397816,alcance,urbana,12 798,22.0,2.0,1.0,94.0,no,42.0,36.0,150,madrid,directo,135.0
12/09/2024,359.00303908391146,golpe en aparcamiento,urbana,11 690,20.0,1.0,0.0,51.0,no,29.0,8.0,300,zaragoza,directo,8.0
05/11/2024,277.2706787925501,golpe en aparcamiento,interurbana,6 730,10.0,1.0,0.0,99.0,no,36.0,31.0,0,barcelona,directo,148.0
21/02/2025,932.4280290760632,alcance,urbana,5 124,12.0,1.0,0.0,87.0,sí,44.0,7.0,0,madrid,mediador,92.0
11/10/2024,45382.592599389194,incendio,urbana,28 408,9.0,1.0,0.0,42.0,no,47.0,2.0,150,sevilla,directo,123.0
30/08/2025,1625.0969382658252,salida de via,interurbana,9 767,21.0,2.0,0.0,64.0,sí,34.0,9.0,300,sevilla,mediador,82.0
23/01/2024,2443.999042830139,colision frontal,urbana,17 235,13.0,1.0,0.0,64.0,sí,47.0,33.0,150,sevilla,mediador,28.0
24/08/2025,226.3475529696007,golpe en aparcamiento,urbana,3 623,19.0,1.0,0.0,58.0,sí,28.0,39.0,600,valencia,directo,53.0
12/05/2024,240.96843403629458,golpe en aparcamiento,autopista,8 210,20.0,4.0,0.0,28.0,no,23.0,44.0,0,barcelona,mediador,163.0
26/02/2024,1982.255429005601,alcance,interurbana,24 643,9.0,1.0,0.0,7.0,no,22.0,13.0,0,barcelona,banca seguros,64.0
03/03/2024,1436.1022124275235,  robo ,urbana,12 942,10.0,1.0,0.0,43.0,sí,33.0,21.0,600,sevilla,banca seguros,69.0
12/08/2024,2957.3035990813028,colisión frontal,urbana,28 696,13.0,2.0,1.0,81.0,no,60.0,24.0,150,madrid,mediador,91.0
14/05/2024,643.6528474142291,alcance,interurbana,47 470,2.0,2.0,0.0,32.0,no,54.0,12.0,300,sevilla,banca seguros,149.0
16/08/2025,575.3335781625713,golpe en aparcamiento,autopista,12 370,22.0,1.0,1.0,93.0,no,33.0,48.0,300,zaragoza,banca seguros,4.0
18/07/2025,1409.7601010454089,robo,autopista,6 082,19.0,1.0,0.0,78.0,sí,48.0,41.0,600,valencia,banca seguros,6.0
28/09/2024,2954.007132622533,alcance,urbana,8 572,21.0,1.0,1.0,47.0,sí,35.0,19.0,300,sevilla,mediador,171.0
07/01/2024,1227.8326695701853,golpe en aparcamiento,interurbana,13 397,10.0,1.0,0.0,39.0,sí,43.0,27.0,0,barcelona,directo,43.0
21/01/2024,314.56611716815087,golpe en aparcamiento,interurbana,5 941,2.0,1.0,0.0,38.0,N/D,45.0,49.0,0,barcelona,directo,167.0
30/10/2025,290.3423810413852,alcance,urbana,7 567,10.0,1.0,0.0,43.0,no,56.0,12.0,600,valencia,directo,63.0
14/11/2024,577.6998672715222,alcance,urbana,10 158,14.0,1.0,0.0,35.0,no,34.0,29.0,300,madrid,mediador,63.0
04/12/2024,4233.060104654534,colisión frontal,urbana,15 099,10.0,1.0,1.0,83.0,no,50.0,14.0,300,sevilla,banca seguros,128.0
08/09/2024,600.1465380147876,golpe en aparcamiento,interurbana,15 722,19.0,1.0,1.0,1.0,sí,54.0,30.0,600,sevilla,mediador,45.0
08/08/2024,2549.015608741028,alcance,urbana,38 666,20.0,1.0,0.0,95.0,sí,74.0,9.0,300,zaragoza,directo,180.0
18/10/2024,3573.390412190281,colision frontal,interurbana,7 448,0.0,4.0,0.0,38.0,N/D,48.0,22.0,0,zaragoza,mediador,163.0
22/11/2025,34143.860489773644,incendio,interurbana,67 201,0.0,5.0,0.0,20.0,no,46.0,33.0,0,barcelona,banca seguros,124.0
08/12/2024,3726.7272900328726,robo,interurbana,22 447,20.0,2.0,0.0,63.0,sí,49.0,45.0,150,madrid,banca seguros,42.0
25/05/2024,1811.491531260772,salida de vía,urbana,8 218,7.0,1.0,0.0,45.0,sí,65.0,4.0,0,coruña,mediador,133.0
07/07/2024,476.5812246224841,  golpe en aparcamiento ,urbana,19 805,15.0,4.0,1.0,78.0,sí,52.0,37.0,600,sevilla,directo,82.0
08/04/2024,2297.636909255098,colisión frontal,urbana,11 681,3.0,1.0,0.0,49.0,no,19.0,27.0,150,madrid,mediador,32.0
26/05/2024,570.7039492980253,alcance,urbana,4 916,0.0,1.0,0.0,85.0,no,18.0,2.0,300,madrid,banca seguros,99.0
14/07/2025,1555.7602345449448,golpe en aparcamiento,urbana,16 432,9.0,4.0,0.0,25.0,sí,78.0,9.0,0,sevilla,banca seguros,35.0
19/04/2024,1691.9320205629579,alcance,autopista,37 138,11.0,1.0,0.0,42.0,no,79.0,25.0,0,coruña,mediador,42.0
22/05/2025,699.6732600273062,salida de via,urbana,5 602,8.0,1.0,0.0,33.0,sí,42.0,4.0,150,coruña,mediador,47.0
25/08/2024,1927.1667322973858,salida de vía,interurbana,14 369,2.0,4.0,0.0,37.0,no,59.0,45.0,150,madrid,banca seguros,180.0
11/11/2025,5798.225988513822,colisión frontal,autopista,18 872,2.0,1.0,1.0,54.0,no,34.0,2.0,0,madrid,directo,28.0
11/12/2025,761.188232540933,colisión frontal,urbana,2 622,12.0,2.0,1.0,22.0,no,29.0,26.0,300,zaragoza,mediador,50.0
02/03/2025,504.70144527440317,golpe en aparcamiento,interurbana,26 112,19.0,1.0,0.0,55.0,no,54.0,33.0,600,valencia,mediador,30.0
05/07/2024,885.6780897414367,alcance,urbana,27 144,4.0,1.0,1.0,54.0,no,50.0,7.0,0,sevilla,mediador,69.0
21/10/2024,4348.9753771368705,colisión frontal,autopista,14 782,6.0,2.0,0.0,26.0,no,18.0,42.0,0,coruña,mediador,176.0
09/06/2024,1882.9577706329753,robo,urbana,20 786,20.0,1.0,1.0,53.0,no,72.0,22.0,0,zaragoza,directo,117.0
15/04/2025,17001.274888430355,COLISIÓN FRONTAL,urbana,54 498,15.0,1.0,0.0,44.0,N/D,50.0,13.0,600,barcelona,mediador,53.0
23/04/2024,658.7193976090465,golpe en aparcamiento,urbana,9 267,5.0,1.0,0.0,58.0,no,39.0,11.0,0,coruña,directo,113.0
29/09/2024,1401.9108787087703,alcance,urbana,7 840,12.0,1.0,0.0,48.0,sí,45.0,47.0,300,coruña,mediador,71.0
22/09/2025,1190.4727675657682,  alcance ,interurbana,8 573,6.0,1.0,0.0,86.0,sí,59.0,4.0,0,madrid,directo,141.0
12/01/2024,346.6368936277411,alcance,interurbana,6 322,17.0,1.0,1.0,48.0,no,38.0,4.0,0,zaragoza,banca seguros,165.0
11/04/2025,1920.977716173753,alcance,urbana,35 977,18.0,1.0,0.0,35.0,sí,27.0,0.0,150,zaragoza,directo,84.0
03/06/2025,3375.3732197688687,colisión frontal,urbana,9 209,5.0,3.0,0.0,40.0,sí,65.0,45.0,0,coruña,directo,50.0
05/04/2024,498.82656461840526,alcance,urbana,7 617,5.0,3.0,0.0,30.0,no,79.0,30.0,0,coruña,mediador,25.0
05/03/2024,4675.663089536152,robo,urbana,40 592,14.0,2.0,0.0,73.0,no,27.0,17.0,0,barcelona,directo,101.0
21/02/2024,720.3966839322877,alcance,urbana,10 455,2.0,2.0,0.0,25.0,N/D,37.0,26.0,0,zaragoza,directo,102.0
01/11/2024,2476.55239449203,colisión frontal,urbana,20 916,12.0,3.0,0.0,36.0,sí,53.0,3.0,0,zaragoza,banca seguros,85.0
08/04/2025,877.8568977179203,colisión frontal,autopista,6 621,13.0,2.0,0.0,116.0,N/D,28.0,18.0,600,sevilla,banca seguros,111.0
09/05/2024,370.045752267717,golpe en aparcamiento,urbana,15 912,15.0,2.0,0.0,30.0,no,28.0,47.0,600,barcelona,directo,108.0
02/01/2025,1208.3488639530956,SALIDA DE VÍA,urbana,5 786,15.0,2.0,0.0,47.0,no,25.0,2.0,0,barcelona,banca seguros,152.0
28/06/2024,1621.0762492592235,golpe en aparcamiento,interurbana,13 413,1.0,4.0,1.0,67.0,no,53.0,36.0,0,coruña,mediador,20.0
30/09/2024,1111.4905303996543,alcance,autopista,13 453,3.0,3.0,0.0,23.0,no,58.0,41.0,600,sevilla,directo,61.0
28/08/2024,649.7582999204715,alcance,urbana,9 533,15.0,5.0,0.0,48.0,sí,18.0,10.0,150,sevilla,mediador,17.0
31/01/2025,1110.28184568735,colisión frontal,urbana,8 733,2.0,3.0,0.0,37.0,no,25.0,22.0,300,coruña,banca seguros,141.0
18/05/2024,8612.79078165552,incendio,autopista,8 560,3.0,1.0,0.0,59.0,no,41.0,10.0,0,zaragoza,directo,90.0
14/08/2024,294.142095099074,golpe en aparcamiento,urbana,5 995,8.0,2.0,0.0,64.0,no,40.0,15.0,0,madrid,mediador,66.0
06/01/2024,810.3914083944122,alcance,interurbana,3 712,5.0,1.0,0.0,59.0,no,52.0,41.0,300,valencia,mediador,46.0
20/08/2025,8162.342372772535,incendio,autopista,3 573,17.0,2.0,0.0,34.0,no,45.0,16.0,300,coruña,mediador,63.0
11/06/2025,20282.524442118396,INCENDIO,urbana,13 344,0.0,1.0,0.0,63.0,sí,33.0,13.0,0,valencia,banca seguros,175.0
09/03/2025,713.8046748940586,GOLPE EN APARCAMIENTO,interurbana,14 832,18.0,2.0,0.0,32.0,sí,18.0,47.0,300,coruña,directo,127.0
13/12/2024,1878.483689041202,salida de vía,urbana,7 385,18.0,4.0,0.0,56.0,no,41.0,24.0,150,zaragoza,banca seguros,131.0
09/11/2024,1266.2330028024162,golpe en aparcamiento,interurbana,20 110,11.0,2.0,0.0,41.0,N/D,71.0,13.0,0,coruña,banca seguros,70.0
31/01/2025,398.9136920147624,alcance,urbana,4 413,5.0,2.0,1.0,30.0,no,41.0,0.0,0,madrid,mediador,28.0
08/03/2025,386.9859310698611,GOLPE EN APARCAMIENTO,urbana,9 659,17.0,2.0,0.0,59.0,sí,54.0,6.0,0,zaragoza,banca seguros,87.0
10/07/2025,524.5305421547187,GOLPE EN APARCAMIENTO,urbana,7 983,21.0,1.0,0.0,17.0,no,58.0,36.0,600,zaragoza,directo,53.0
19/08/2024,1896.0516020773532,salida de vía,interurbana,9 243,6.0,2.0,0.0,67.0,no,28.0,20.0,0,madrid,mediador,144.0
09/03/2025,1762.6099369187143,alcance,interurbana,14 432,14.0,2.0,1.0,77.0,sí,46.0,31.0,0,madrid,banca seguros,46.0
27/04/2024,11663.144987982636,  colisión frontal ,urbana,19 918,18.0,2.0,0.0,83.0,sí,51.0,44.0,0,coruña,directo,29.0
23/06/2024,377.533349678476,golpe en aparcamiento,urbana,13 979,18.0,1.0,0.0,67.0,no,20.0,4.0,600,valencia,mediador,162.0
03/09/2025,1308.6307224935397,alcance,urbana,7 520,21.0,3.0,0.0,91.0,sí,37.0,12.0,150,coruña,mediador,176.0
27/07/2024,149.59441029140652,alcance,urbana,11 757,5.0,2.0,0.0,48.0,no,35.0,40.0,0,barcelona,mediador,67.0
10/06/2025,1895.4505361571835,alcance,urbana,48 647,10.0,2.0,0.0,33.0,no,29.0,5.0,300,valencia,banca seguros,103.0
18/05/2024,351.94744418640374,GOLPE EN APARCAMIENTO,urbana,10 332,1.0,1.0,1.0,44.0,no,44.0,39.0,0,coruña,banca seguros,17.0
22/10/2025,3073.0828933923444,alcance,autopista,11 296,6.0,1.0,0.0,62.0,sí,63.0,39.0,0,barcelona,mediador,131.0
10/10/2025,2048.0520552398543,salida de vía,urbana,15 924,7.0,1.0,0.0,45.0,sí,47.0,50.0,0,barcelona,directo,142.0
23/01/2024,1165.2281553132877,salida de vía,urbana,10 761,16.0,2.0,0.0,39.0,no,37.0,48.0,0,coruña,directo,19.0
04/10/2025,611.2566223037996,golpe en aparcamiento,interurbana,10 299,11.0,2.0,0.0,45.0,no,33.0,50.0,0,valencia,directo,117.0
23/11/2025,291.5086585735686,alcance,urbana,13 704,19.0,1.0,0.0,70.0,no,27.0,43.0,300,sevilla,mediador,70.0
16/05/2024,513.7900550119421,salida de vía,urbana,7 848,15.0,2.0,0.0,41.0,no,42.0,6.0,0,barcelona,banca seguros,125.0
30/06/2024,877.6203841775427,alcance,urbana,10 242,3.0,3.0,0.0,68.0,no,59.0,0.0,600,zaragoza,banca seguros,134.0
29/07/2024,5676.044797674421,colisión frontal,urbana,16 756,2.0,1.0,0.0,9.0,no,18.0,23.0,600,madrid,mediador,132.0
08/12/2025,3658.1482314470804,salida de vía,urbana,18 548,2.0,1.0,0.0,61.0,no,28.0,16.0,600,valencia,mediador,51.0
28/08/2025,3891.9429370530925,robo,urbana,9 600,18.0,5.0,0.0,48.0,N/D,37.0,17.0,0,valencia,directo,135.0
29/12/2024,912.137385578043,ALCANCE,urbana,10 413,13.0,1.0,0.0,58.0,sí,47.0,2.0,300,madrid,mediador,135.0
19/12/2025,2371.0228218108873,alcance,interurbana,11 604,13.0,3.0,0.0,99.0,sí,68.0,12.0,300,barcelona,mediador,162.0
01/03/2024,3062.4951162918655,golpe en aparcamiento,autopista,13 222,7.0,1.0,1.0,69.0,sí,52.0,19.0,300,madrid,mediador,152.0
03/10/2025,3539.298786445085,salida de via,autopista,14 276,9.0,2.0,0.0,37.0,no,40.0,5.0,150,barcelona,directo,112.0
02/02/2024,1774.1304147325056,alcance,interurbana,9 913,14.0,5.0,0.0,43.0,no,40.0,42.0,0,madrid,mediador,167.0
08/01/2024,3709.8304214350965,SALIDA DE VÍA,urbana,31 300,6.0,1.0,0.0,25.0,no,44.0,9.0,150,barcelona,mediador,9.0
12/09/2025,416.594578622807,golpe en aparcamiento,urbana,4 414,13.0,3.0,1.0,68.0,no,39.0,29.0,0,coruña,directo,5.0
15/04/2024,702.2070665138339,golpe en aparcamiento,urbana,8 270,3.0,2.0,2.0,51.0,no,26.0,35.0,150,zaragoza,mediador,28.0
15/03/2025,345.30409384224816,golpe en aparcamiento,urbana,6 495,12.0,1.0,0.0,48.0,sí,44.0,31.0,150,barcelona,mediador,71.0
05/08/2025,274.78728593797086,GOLPE EN APARCAMIENTO,autopista,6 085,20.0,4.0,0.0,36.0,no,27.0,44.0,0,madrid,mediador,134.0
22/01/2025,1229.1001011100534,  alcance ,interurbana,9 007,16.0,3.0,0.0,65.0,sí,37.0,15.0,0,barcelona,mediador,132.0
05/07/2025,2370.2220477127216,alcance,urbana,17 056,17.0,3.0,2.0,60.0,sí,46.0,38.0,0,barcelona,directo,86.0
22/09/2025,22194.097079475006,incendio,interurbana,13 218,3.0,1.0,0.0,65.0,sí,44.0,24.0,300,valencia,mediador,170.0
24/06/2024,94.0287910069523,  golpe en aparcamiento ,urbana,2 331,18.0,1.0,0.0,50.0,no,65.0,30.0,0,zaragoza,mediador,147.0
15/02/2025,823.6728372822704,alcance,interurbana,11 707,12.0,1.0,0.0,46.0,sí,33.0,16.0,150,madrid,directo,52.0
09/09/2024,1146.9550863991703,golpe en aparcamiento,interurbana,33 262,5.0,2.0,0.0,51.0,no,28.0,11.0,0,zaragoza,directo,65.0
25/04/2025,453.0704864870521,golpe en aparcamiento,urbana,31 218,8.0,1.0,0.0,81.0,sí,47.0,12.0,0,sevilla,mediador,19.0
02/12/2024,1515.6441852786963,  robo ,urbana,17 943,11.0,1.0,0.0,6.0,sí,44.0,35.0,150,coruña,mediador,65.0
25/08/2024,6397.5143974836565,  salida de vía ,interurbana,16 078,15.0,3.0,0.0,57.0,no,36.0,42.0,0,valencia,mediador,152.0
18/02/2025,767.8458996914097,alcance,urbana,16 019,10.0,2.0,0.0,33.0,no,61.0,47.0,150,sevilla,mediador,165.0
21/06/2024,1917.3038839588844,colisión frontal,urbana,8 474,6.0,1.0,0.0,32.0,no,49.0,10.0,0,madrid,banca seguros,45.0
25/10/2024,1527.1768252619265,SALIDA DE VÍA,autopista,3 817,17.0,5.0,0.0,88.0,no,38.0,42.0,150,barcelona,mediador,176.0
18/10/2025,2244.783228083744,robo,urbana,6 532,12.0,1.0,0.0,64.0,sí,42.0,35.0,0,coruña,mediador,141.0
08/12/2024,148.1462711159151,golpe en aparcamiento,interurbana,2 884,17.0,1.0,0.0,74.0,no,50.0,13.0,600,coruña,banca seguros,99.0
28/10/2025,463.29494198918053,golpe en aparcamiento,autopista,6 079,19.0,5.0,0.0,49.0,no,37.0,40.0,300,coruña,mediador,33.0
19/12/2025,490.8360297370669,golpe en aparcamiento,interurbana,11 439,9.0,1.0,0.0,0.0,no,42.0,32.0,300,coruña,directo,31.0
24/08/2025,1787.9446930522731,golpe en aparcamiento,interurbana,40 928,15.0,2.0,0.0,81.0,no,64.0,28.0,0,madrid,directo,81.0
09/02/2025,1224.4541003488227,alcance,autopista,5 382,15.0,1.0,1.0,45.0,no,55.0,32.0,300,madrid,directo,164.0
16/09/2025,4450.849576357737,salida de via,interurbana,19 580,3.0,4.0,0.0,39.0,no,44.0,4.0,0,barcelona,mediador,99.0
14/01/2025,629.9478416403347,golpe en aparcamiento,interurbana,7 012,10.0,4.0,0.0,47.0,no,30.0,4.0,0,madrid,mediador,5.0
30/06/2025,358.44613307179105,golpe en aparcamiento,interurbana,5 560,0.0,1.0,0.0,69.0,no,29.0,41.0,150,sevilla,mediador,178.0
14/05/2025,1338.4572191345026,salida de via,autopista,15 131,17.0,1.0,0.0,42.0,no,27.0,4.0,300,barcelona,directo,42.0
19/01/2024,3131.476618751573,salida de vía,interurbana,7 237,22.0,2.0,0.0,67.0,no,33.0,39.0,150,valencia,mediador,140.0
03/10/2024,10357.41372479584,robo,autopista,16 916,0.0,3.0,0.0,57.0,no,35.0,38.0,300,zaragoza,mediador,112.0
21/05/2024,1643.029343634771,golpe en aparcamiento,interurbana,14 487,21.0,1.0,0.0,93.0,sí,26.0,22.0,150,sevilla,directo,43.0
01/12/2024,2709.967984311671,salida de vía,interurbana,11 998,7.0,1.0,0.0,40.0,no,25.0,21.0,0,zaragoza,directo,95.0
05/04/2025,2079.3771723836308,salida de vía,urbana,9 338,11.0,1.0,1.0,81.0,no,58.0,42.0,150,valencia,mediador,121.0
14/05/2024,1036.1508722216856,colisión frontal,urbana,3 376,20.0,5.0,0.0,58.0,N/D,29.0,48.0,0,sevilla,banca seguros,84.0
12/06/2025,710.1843993290288,alcance,urbana,12 468,17.0,1.0,1.0,67.0,no,39.0,19.0,0,madrid,mediador,18.0
28/06/2024,1302.0538639983522,colisión frontal,urbana,10 064,16.0,2.0,0.0,84.0,no,27.0,11.0,0,valencia,banca seguros,122.0
28/11/2024,4433.1558254518395,SALIDA DE VÍA,autopista,19 188,10.0,2.0,0.0,22.0,no,35.0,16.0,0,sevilla,mediador,171.0
15/06/2024,6286.132203671035,incendio,urbana,7 399,6.0,1.0,0.0,45.0,sí,72.0,29.0,600,zaragoza,directo,81.0
30/05/2025,9608.137777220285,  colisión frontal ,urbana,9 402,17.0,3.0,1.0,54.0,no,43.0,47.0,0,sevilla,mediador,84.0
15/08/2024,2114.3019219519047,GOLPE EN APARCAMIENTO,urbana,37 895,7.0,1.0,0.0,71.0,no,57.0,30.0,600,valencia,mediador,145.0
10/05/2024,416.2043452270693,alcance,urbana,3 571,15.0,1.0,0.0,40.0,no,46.0,0.0,150,valencia,banca seguros,76.0
24/08/2024,2723.0736203703104,robo,interurbana,10 106,8.0,1.0,0.0,34.0,no,52.0,35.0,300,zaragoza,mediador,142.0
26/07/2025,1524.0843771955683,salida de vía,urbana,6 835,17.0,1.0,0.0,85.0,no,47.0,38.0,150,madrid,mediador,78.0
07/04/2024,460.39938017074445,alcance,urbana,12 164,12.0,2.0,0.0,60.0,no,29.0,44.0,150,zaragoza,mediador,19.0
08/02/2025,432.31013312574925,golpe en aparcamiento,urbana,6 148,2.0,4.0,2.0,70.0,sí,50.0,46.0,300,coruña,directo,128.0
15/10/2025,3049.787961652293,SALIDA DE VÍA,interurbana,17 840,22.0,1.0,0.0,73.0,no,18.0,49.0,150,madrid,mediador,170.0
13/11/2025,597.4972330724135,  golpe en aparcamiento ,urbana,20 763,6.0,1.0,2.0,77.0,sí,70.0,33.0,0,valencia,directo,65.0
17/01/2024,153.1576076883975,golpe en aparcamiento,urbana,6 875,4.0,1.0,0.0,43.0,no,51.0,47.0,0,sevilla,mediador,155.0
27/04/2025,1169.6708885388016,golpe en aparcamiento,interurbana,6 636,14.0,2.0,0.0,66.0,no,41.0,17.0,0,barcelona,directo,143.0
26/12/2024,5421.323400203815,salida de vía,urbana,15 496,16.0,1.0,0.0,73.0,no,43.0,10.0,150,barcelona,directo,168.0
12/09/2024,1680.4371782902374,  salida de vía ,urbana,24 647,22.0,1.0,0.0,43.0,no,51.0,44.0,150,coruña,directo,80.0
29/08/2024,1156.4038356367462,alcance,urbana,13 994,11.0,2.0,0.0,58.0,no,73.0,15.0,0,barcelona,directo,22.0
25/04/2025,601.8772243034771,alcance,interurbana,3 739,16.0,3.0,0.0,90.0,no,62.0,12.0,0,zaragoza,mediador,62.0
10/02/2025,1900.0104823088288,golpe en aparcamiento,interurbana,25 462,20.0,1.0,0.0,63.0,sí,57.0,30.0,0,barcelona,mediador,121.0
20/09/2024,1589.0964063510698,golpe en aparcamiento,interurbana,17 790,6.0,1.0,0.0,116.0,N/D,56.0,47.0,150,valencia,mediador,148.0
25/03/2025,1204.5558462350255,golpe en aparcamiento,urbana,19 598,13.0,2.0,0.0,52.0,no,49.0,45.0,150,madrid,mediador,119.0
16/10/2024,1531.6071807087053,  golpe en aparcamiento ,autopista,17 229,20.0,1.0,1.0,64.0,sí,62.0,28.0,0,sevilla,mediador,117.0
25/10/2025,1866.6514054700012,golpe en aparcamiento,interurbana,35 481,11.0,2.0,0.0,42.0,no,38.0,35.0,300,madrid,mediador,83.0
01/07/2024,716.1389337212237,GOLPE EN APARCAMIENTO,interurbana,12 316,11.0,2.0,0.0,24.0,no,48.0,45.0,0,sevilla,mediador,91.0
08/01/2024,500.6739452928666,ROBO,interurbana,7 002,20.0,2.0,2.0,14.0,no,67.0,15.0,0,valencia,mediador,17.0
10/10/2025,12826.995420595438,salida de vía,autopista,51 715,7.0,1.0,0.0,89.0,sí,52.0,14.0,150,coruña,directo,145.0
03/02/2024,341.47400019520353,golpe en aparcamiento,interurbana,8 142,18.0,1.0,0.0,68.0,no,53.0,13.0,0,valencia,mediador,31.0
27/10/2024,1863.6125614041075,alcance,autopista,12 839,14.0,1.0,0.0,69.0,sí,71.0,17.0,600,sevilla,mediador,94.0
24/09/2024,273.0462101544787,golpe en aparcamiento,urbana,8 145,19.0,2.0,1.0,12.0,sí,68.0,18.0,0,sevilla,mediador,101.0
27/07/2025,2547.137201236188,robo,urbana,22 904,5.0,2.0,0.0,34.0,sí,50.0,11.0,300,zaragoza,banca seguros,124.0
30/12/2025,942.2098177500691,alcance,interurbana,11 840,3.0,1.0,0.0,56.0,no,37.0,24.0,600,zaragoza,mediador,141.0
22/01/2025,655.3946654089909,alcance,interurbana,6 459,9.0,1.0,0.0,61.0,no,37.0,16.0,300,barcelona,mediador,15.0
19/03/2025,643.0584188463763,robo,urbana,9 039,19.0,1.0,0.0,31.0,no,58.0,1.0,150,coruña,mediador,95.0
05/09/2024,864.6682039586844,alcance,urbana,14 838,3.0,4.0,0.0,50.0,no,31.0,28.0,0,valencia,banca seguros,68.0
17/12/2024,1197.0680218992184,alcance,urbana,9 461,15.0,2.0,1.0,64.0,sí,52.0,22.0,0,coruña,directo,133.0
16/12/2024,4182.908389540487,salida de vía,autopista,13 369,0.0,2.0,0.0,47.0,no,59.0,50.0,0,barcelona,directo,60.0
27/02/2025,1534.0440538594376,alcance,urbana,14 928,10.0,3.0,1.0,32.0,no,44.0,22.0,600,coruña,directo,13.0
23/08/2024,2906.0988835817448,alcance,urbana,29 456,9.0,2.0,0.0,47.0,no,54.0,13.0,300,sevilla,banca seguros,74.0
28/02/2025,3819.012294188785,ROBO,autopista,5 479,13.0,1.0,0.0,38.0,sí,53.0,19.0,600,sevilla,directo,27.0
23/11/2024,9633.837180870327,incendio,urbana,23 375,3.0,1.0,0.0,64.0,no,28.0,4.0,300,barcelona,banca seguros,155.0
12/05/2025,2147.323412447942,golpe en aparcamiento,autopista,18 701,19.0,1.0,0.0,79.0,no,26.0,42.0,0,barcelona,directo,99.0
24/10/2024,167.9011749948738,golpe en aparcamiento,urbana,5 881,21.0,1.0,0.0,61.0,no,45.0,19.0,300,barcelona,directo,92.0
10/04/2024,2037.8125849961043,  colisión frontal ,interurbana,7 437,8.0,1.0,0.0,45.0,no,43.0,9.0,0,madrid,mediador,125.0
10/04/2024,1577.0645081100006,  alcance ,interurbana,25 902,0.0,1.0,0.0,96.0,no,58.0,1.0,300,sevilla,mediador,35.0
15/03/2024,5928.367767174769,colisión frontal,interurbana,24 433,19.0,3.0,1.0,45.0,no,54.0,29.0,0,barcelona,mediador,163.0
10/10/2024,1235.466344403838,golpe en aparcamiento,urbana,14 629,10.0,1.0,0.0,27.0,no,41.0,24.0,300,sevilla,mediador,67.0
13/05/2024,8371.825774856008,incendio,urbana,7 944,7.0,3.0,2.0,66.0,no,75.0,33.0,0,zaragoza,mediador,125.0
22/11/2025,2551.9191980479204,salida de vía,urbana,13 309,8.0,4.0,0.0,43.0,sí,34.0,6.0,0,madrid,directo,53.0
11/07/2024,2112.203062838833,golpe en aparcamiento,urbana,15 628,0.0,4.0,1.0,77.0,sí,54.0,18.0,600,barcelona,directo,101.0
11/04/2025,1333.0737408697598,colisión frontal,urbana,7 335,20.0,3.0,0.0,85.0,no,41.0,5.0,150,madrid,mediador,166.0
03/11/2025,513.3467450893055,golpe en aparcamiento,interurbana,4 084,5.0,2.0,0.0,28.0,sí,46.0,31.0,300,madrid,mediador,166.0
28/10/2024,868.7920900258074,golpe en aparcamiento,interurbana,17 036,21.0,1.0,0.0,56.0,no,42.0,10.0,150,barcelona,mediador,167.0
21/07/2024,6949.52479916414,colisión frontal,interurbana,14 106,14.0,1.0,0.0,80.0,no,65.0,40.0,0,barcelona,mediador,39.0
10/09/2024,3728.0695190322144,salida de vía,interurbana,25 304,17.0,1.0,0.0,68.0,no,38.0,17.0,150,barcelona,mediador,53.0
24/10/2024,398.43939836668676,golpe en aparcamiento,interurbana,10 123,3.0,1.0,0.0,52.0,no,39.0,49.0,0,zaragoza,mediador,122.0
14/06/2025,1396.1516264451052,alcance,interurbana,5 212,7.0,5.0,1.0,44.0,no,31.0,2.0,600,sevilla,banca seguros,177.0
11/01/2024,1154.5101849914313,colisión frontal,urbana,8 528,18.0,2.0,0.0,39.0,no,20.0,15.0,0,barcelona,banca seguros,14.0
16/03/2024,2787.7710502679442,ALCANCE,interurbana,8 683,4.0,1.0,0.0,51.0,no,34.0,24.0,0,coruña,banca seguros,77.0
27/11/2025,5953.475704221429,salida de vía,autopista,27 209,6.0,1.0,1.0,64.0,no,42.0,35.0,0,zaragoza,banca seguros,86.0
08/04/2024,9389.110680810541,colision frontal,autopista,34 658,16.0,2.0,9.0,45.0,no,52.0,5.0,0,valencia,mediador,179.0
06/11/2024,1063.8290722519487,golpe en aparcamiento,urbana,20 353,4.0,1.0,0.0,66.0,no,35.0,1.0,0,sevilla,banca seguros,27.0
14/05/2024,973.2751345904596,GOLPE EN APARCAMIENTO,interurbana,11 198,21.0,3.0,4.0,95.0,sí,33.0,18.0,0,zaragoza,mediador,16.0
18/09/2024,312.55735349488043,golpe en aparcamiento,interurbana,10 111,17.0,2.0,0.0,31.0,sí,61.0,45.0,0,madrid,mediador,151.0
17/09/2024,4054.092966906069,colisión frontal,urbana,18 405,5.0,1.0,0.0,50.0,N/D,50.0,4.0,0,valencia,mediador,23.0
10/01/2025,7520.128571740173,incendio,interurbana,10 513,1.0,1.0,0.0,98.0,no,57.0,37.0,0,barcelona,banca seguros,49.0
08/10/2024,407.82596849528574,  alcance ,interurbana,8 807,16.0,1.0,0.0,76.0,no,51.0,19.0,0,valencia,banca seguros,91.0
26/04/2024,645.0039764866677,alcance,urbana,16 490,18.0,2.0,0.0,5.0,no,33.0,34.0,300,valencia,mediador,33.0
13/11/2025,291.9868303472339,golpe en aparcamiento,urbana,20 826,17.0,2.0,0.0,54.0,N/D,50.0,2.0,0,valencia,mediador,8.0
16/09/2025,1070.1016848562303,  golpe en aparcamiento ,urbana,17 710,11.0,4.0,0.0,26.0,no,43.0,26.0,0,madrid,mediador,120.0
17/11/2024,1580.3779166109339,COLISIÓN FRONTAL,autopista,6 320,21.0,1.0,0.0,28.0,sí,26.0,22.0,150,barcelona,mediador,83.0
14/12/2025,982.4850996572115,alcance,urbana,9 820,17.0,1.0,0.0,63.0,no,52.0,33.0,150,madrid,mediador,67.0
04/09/2025,6486.218329600514,  colisión frontal ,urbana,27 580,4.0,1.0,0.0,53.0,no,48.0,27.0,0,valencia,banca seguros,103.0
18/09/2024,1826.0508093302196,COLISIÓN FRONTAL,urbana,11 157,7.0,2.0,0.0,49.0,no,41.0,46.0,150,madrid,mediador,154.0
14/09/2024,301.45201622275994,  golpe en aparcamiento ,urbana,2 123,6.0,4.0,0.0,42.0,sí,20.0,22.0,300,madrid,directo,144.0
25/12/2025,737.3043898071901,golpe en aparcamiento,interurbana,25 257,8.0,1.0,0.0,59.0,no,33.0,24.0,150,sevilla,directo,55.0
08/05/2025,2420.335271067856,ALCANCE,interurbana,6 178,1.0,3.0,0.0,65.0,sí,41.0,17.0,600,coruña,mediador,110.0
04/02/2025,3896.2822304690667,colision frontal,interurbana,6 748,13.0,4.0,0.0,97.0,no,52.0,6.0,0,valencia,directo,120.0
03/05/2024,1903.8408334755077,robo,interurbana,8 734,7.0,1.0,0.0,70.0,sí,54.0,25.0,150,valencia,mediador,130.0
26/12/2025,6109.548717325118,robo,urbana,34 851,13.0,1.0,1.0,81.0,no,63.0,32.0,300,madrid,mediador,108.0
29/01/2025,3818.628847141213,salida de via,urbana,15 003,1.0,1.0,0.0,54.0,no,37.0,19.0,300,zaragoza,mediador,170.0
07/02/2025,2258.615956640961,salida de vía,urbana,5 466,21.0,3.0,0.0,32.0,no,35.0,18.0,0,coruña,mediador,110.0
02/06/2024,2136.723844996262,colisión frontal,urbana,6 183,9.0,3.0,0.0,68.0,N/D,19.0,4.0,150,barcelona,directo,161.0
01/07/2024,888.1399042389197,alcance,urbana,26 356,4.0,1.0,0.0,17.0,no,35.0,15.0,0,coruña,mediador,180.0
20/11/2025,3448.810184562993,colisión frontal,autopista,13 632,12.0,2.0,0.0,71.0,no,65.0,22.0,150,valencia,directo,51.0
17/11/2025,1383.7755849238622,salida de via,interurbana,4 040,9.0,1.0,0.0,27.0,no,34.0,13.0,600,sevilla,banca seguros,64.0
02/10/2024,637.1550733034435,golpe en aparcamiento,autopista,4 308,0.0,2.0,1.0,92.0,no,28.0,50.0,150,barcelona,directo,4.0
17/08/2024,665.9619392179684,golpe en aparcamiento,autopista,7 314,21.0,1.0,0.0,54.0,N/D,45.0,1.0,600,coruña,mediador,107.0
27/06/2024,7778.206188219311,alcance,interurbana,46 151,7.0,5.0,0.0,51.0,sí,68.0,41.0,150,madrid,directo,123.0
19/04/2025,20087.765874464552,INCENDIO,interurbana,37 418,9.0,1.0,0.0,18.0,no,36.0,8.0,0,zaragoza,mediador,9.0
21/04/2024,3164.8470739261643,colisión frontal,urbana,19 307,0.0,1.0,0.0,79.0,no,32.0,28.0,0,barcelona,mediador,28.0
26/04/2025,1538.8843106548727,COLISIÓN FRONTAL,urbana,8 643,21.0,1.0,0.0,53.0,no,36.0,15.0,150,madrid,mediador,136.0
09/03/2025,1445.323717438145,colisión frontal,urbana,14 912,16.0,1.0,0.0,75.0,sí,25.0,16.0,600,valencia,mediador,83.0
16/07/2025,4707.381096813138,salida de vía,autopista,11 035,16.0,2.0,0.0,115.0,no,22.0,43.0,300,madrid,directo,87.0
04/12/2024,577.8338234985008,alcance,interurbana,5 056,8.0,1.0,0.0,15.0,sí,42.0,19.0,300,madrid,banca seguros,163.0
22/07/2024,1156.6072660379377,golpe en aparcamiento,interurbana,11 861,1.0,1.0,1.0,40.0,no,32.0,29.0,600,sevilla,directo,105.0
10/03/2025,5126.724179746675,colisión frontal,urbana,12 190,1.0,1.0,1.0,70.0,sí,58.0,11.0,0,barcelona,directo,48.0
07/07/2024,628.6424473340139,alcance,interurbana,10 753,16.0,1.0,0.0,36.0,no,56.0,16.0,150,valencia,mediador,9.0
04/06/2025,3230.105161634249,  salida de vía ,interurbana,12 144,5.0,1.0,0.0,115.0,no,29.0,2.0,0,sevilla,mediador,6.0
13/11/2025,676.5967308346137,  colisión frontal ,urbana,6 269,7.0,1.0,0.0,49.0,no,46.0,39.0,0,madrid,mediador,7.0
19/08/2025,2914.683439349628,colisión frontal,urbana,12 078,8.0,4.0,0.0,37.0,sí,31.0,28.0,0,barcelona,directo,44.0
09/08/2025,591.970209415216,alcance,urbana,3 352,13.0,1.0,0.0,53.0,no,59.0,17.0,600,barcelona,mediador,11.0
29/05/2025,388.8588969356513,golpe en aparcamiento,interurbana,17 860,0.0,2.0,0.0,37.0,no,61.0,17.0,0,coruña,mediador,142.0
25/01/2024,4904.860258854467,colisión frontal,autopista,7 554,11.0,1.0,0.0,74.0,sí,36.0,37.0,600,sevilla,directo,85.0
26/02/2025,605.8415646885261,golpe en aparcamiento,autopista,7 686,17.0,4.0,0.0,81.0,no,34.0,13.0,150,valencia,mediador,97.0
10/08/2025,2818.3409505265504,colisión frontal,urbana,4 996,4.0,2.0,0.0,65.0,no,61.0,25.0,0,madrid,banca seguros,87.0
26/06/2025,843.7681007323557,golpe en aparcamiento,urbana,12 373,17.0,1.0,0.0,80.0,no,52.0,5.0,600,barcelona,mediador,65.0
30/01/2025,1970.175806504547,  salida de vía ,urbana,19 466,22.0,2.0,0.0,61.0,sí,23.0,23.0,0,coruña,directo,154.0
24/08/2024,2345.0703893435243,salida de vía,autopista,14 100,2.0,1.0,0.0,77.0,no,53.0,9.0,0,valencia,mediador,21.0
02/09/2024,2900.0061499918315,colisión frontal,interurbana,7 220,4.0,4.0,0.0,45.0,no,24.0,6.0,150,valencia,mediador,173.0
12/08/2024,1571.3019965059727,colisión frontal,urbana,8 556,9.0,3.0,0.0,28.0,sí,28.0,33.0,150,sevilla,mediador,109.0
07/06/2025,708.3904246979268,golpe en aparcamiento,interurbana,10 980,21.0,1.0,0.0,56.0,N/D,71.0,40.0,150,coruña,mediador,119.0
11/08/2025,1013.8000800368252,robo,urbana,11 271,16.0,3.0,0.0,52.0,sí,59.0,9.0,150,barcelona,mediador,28.0
15/04/2025,2875.666246226876,golpe en aparcamiento,interurbana,32 652,18.0,5.0,0.0,39.0,no,53.0,1.0,150,coruña,mediador,147.0
31/03/2025,1585.7424760415934,alcance,autopista,15 194,21.0,1.0,0.0,53.0,no,54.0,37.0,0,zaragoza,directo,91.0
28/03/2025,2815.2515378226235,  colisión frontal ,interurbana,7 918,19.0,1.0,0.0,50.0,sí,59.0,26.0,0,coruña,mediador,153.0
15/08/2024,1262.8197366511222,golpe en aparcamiento,urbana,22 169,13.0,1.0,2.0,38.0,no,35.0,23.0,150,coruña,mediador,100.0
07/11/2024,390.9192868097157,golpe en aparcamiento,interurbana,12 351,16.0,1.0,1.0,0.0,no,41.0,6.0,0,sevilla,directo,132.0
08/08/2024,2184.3560046433076,robo,autopista,11 532,6.0,2.0,1.0,37.0,sí,18.0,23.0,0,coruña,mediador,170.0
28/10/2024,552.0618748037473,alcance,urbana,8 969,12.0,2.0,0.0,46.0,sí,46.0,40.0,0,zaragoza,directo,121.0
07/10/2024,1082.1658265449878,COLISIÓN FRONTAL,urbana,16 076,6.0,1.0,0.0,72.0,N/D,59.0,30.0,0,coruña,mediador,162.0
20/08/2025,2894.969414459162,robo,interurbana,43 828,14.0,4.0,1.0,94.0,no,43.0,20.0,150,madrid,mediador,55.0
27/08/2024,973.2116383808484,colisión frontal,urbana,5 240,14.0,3.0,1.0,69.0,no,52.0,38.0,0,zaragoza,banca seguros,6.0
30/03/2025,6678.164648101152,colisión frontal,autopista,19 101,15.0,1.0,0.0,97.0,no,41.0,30.0,0,coruña,mediador,123.0
31/05/2025,1577.7092709623848,alcance,interurbana,17 116,15.0,1.0,2.0,13.0,no,37.0,13.0,0,coruña,mediador,3.0
21/08/2024,156.92625401897578,golpe en aparcamiento,urbana,15 283,19.0,1.0,0.0,72.0,sí,28.0,41.0,300,sevilla,mediador,137.0
20/04/2024,168.59821336056973,alcance,interurbana,4 522,13.0,1.0,0.0,49.0,no,34.0,33.0,0,sevilla,mediador,152.0
05/02/2024,2303.9039862683867,alcance,autopista,10 357,9.0,5.0,0.0,34.0,sí,52.0,49.0,0,valencia,mediador,26.0
06/06/2025,1293.6483245068794,alcance,autopista,6 296,21.0,2.0,0.0,96.0,sí,42.0,43.0,0,madrid,mediador,114.0
14/03/2025,11483.26688143268,incendio,urbana,5 883,2.0,4.0,0.0,81.0,no,29.0,13.0,150,sevilla,mediador,171.0
14/09/2025,1411.6195038558808,  golpe en aparcamiento ,interurbana,8 496,2.0,1.0,1.0,109.0,no,21.0,46.0,150,barcelona,mediador,158.0
13/04/2024,7695.419875089775,colisión frontal,urbana,10 961,7.0,3.0,0.0,33.0,sí,34.0,24.0,0,coruña,mediador,93.0
23/10/2024,1239.4242239775185,alcance,urbana,20 439,10.0,2.0,0.0,26.0,sí,39.0,10.0,0,sevilla,mediador,45.0
19/05/2025,278.6760653129264,  golpe en aparcamiento ,interurbana,7 902,12.0,4.0,1.0,54.0,sí,88.0,28.0,0,zaragoza,directo,42.0
24/10/2025,2798.367847921035,alcance,autopista,12 745,19.0,4.0,0.0,58.0,sí,62.0,11.0,0,sevilla,mediador,54.0
24/05/2025,1562.6815387425731,alcance,interurbana,7 280,10.0,1.0,0.0,36.0,no,18.0,3.0,0,barcelona,banca seguros,87.0
26/11/2025,254.1851281151861,golpe en aparcamiento,urbana,8 755,10.0,2.0,0.0,33.0,no,62.0,19.0,150,sevilla,mediador,19.0
23/03/2025,278.26173702324115,golpe en aparcamiento,urbana,10 341,15.0,2.0,0.0,63.0,sí,56.0,20.0,300,coruña,mediador,130.0
24/02/2024,1047.8856275444423,  alcance ,urbana,11 187,8.0,3.0,0.0,65.0,no,58.0,37.0,150,coruña,directo,149.0
03/12/2024,3443.520300731499,alcance,urbana,11 778,14.0,2.0,2.0,30.0,sí,44.0,50.0,0,barcelona,directo,52.0
13/11/2024,807.0632737050553,golpe en aparcamiento,urbana,21 055,7.0,1.0,1.0,51.0,no,20.0,40.0,0,valencia,banca seguros,171.0
05/05/2024,266.2337884093984,alcance,interurbana,4 535,7.0,1.0,0.0,87.0,no,55.0,0.0,0,madrid,mediador,17.0
05/08/2025,3309.2678564091143,alcance,urbana,28 616,14.0,1.0,0.0,41.0,no,31.0,1.0,150,coruña,mediador,174.0
22/09/2025,294.9672834983256,GOLPE EN APARCAMIENTO,urbana,4 852,6.0,2.0,0.0,87.0,sí,38.0,15.0,150,coruña,mediador,72.0
17/10/2024,192.38335090012305,golpe en aparcamiento,interurbana,4 232,10.0,1.0,0.0,9.0,no,50.0,43.0,300,madrid,directo,81.0
31/12/2024,1051.549718467943,golpe en aparcamiento,interurbana,4 459,16.0,5.0,0.0,44.0,no,47.0,31.0,0,madrid,directo,30.0
15/04/2025,4534.677390784475,colisión frontal,urbana,11 393,6.0,5.0,0.0,26.0,sí,50.0,50.0,300,sevilla,banca seguros,29.0
27/11/2025,928.8197686147095,golpe en aparcamiento,urbana,20 180,18.0,1.0,0.0,41.0,no,39.0,43.0,600,madrid,banca seguros,116.0
18/12/2025,215.49588272685673,  golpe en aparcamiento ,urbana,2 816,18.0,2.0,0.0,47.0,no,47.0,22.0,150,valencia,directo,175.0
24/05/2024,1186.8163919283218,alcance,autopista,14 259,3.0,1.0,0.0,46.0,no,41.0,2.0,0,madrid,directo,159.0
27/10/2024,769.7179421984075,alcance,interurbana,15 379,20.0,2.0,0.0,45.0,no,57.0,9.0,600,valencia,banca seguros,95.0
23/12/2024,2343.6618209946605,salida de vía,interurbana,16 454,21.0,1.0,0.0,52.0,no,60.0,46.0,0,madrid,mediador,101.0
30/06/2024,1010.0173939113731,alcance,interurbana,19 256,8.0,2.0,0.0,86.0,sí,36.0,34.0,300,barcelona,directo,53.0
28/11/2024,4036.4770094677765,  colisión frontal ,urbana,9 794,0.0,2.0,3.0,50.0,sí,47.0,0.0,0,barcelona,mediador,51.0
23/03/2025,977.8955447971895,alcance,urbana,5 777,0.0,1.0,2.0,48.0,no,39.0,9.0,150,valencia,directo,156.0
04/09/2024,3230.5340002613993,alcance,urbana,33 217,1.0,3.0,1.0,72.0,no,38.0,20.0,150,valencia,directo,85.0
06/12/2024,994.0783302280221,salida de via,autopista,5 639,7.0,3.0,1.0,37.0,no,47.0,18.0,300,barcelona,mediador,149.0
28/06/2025,2580.234123921177,  alcance ,urbana,24 325,11.0,3.0,1.0,35.0,sí,41.0,9.0,0,coruña,directo,138.0
09/07/2024,1850.5123930430561,ALCANCE,urbana,12 811,14.0,4.0,1.0,56.0,no,70.0,5.0,0,zaragoza,directo,175.0
11/10/2024,4901.209410775342,colisión frontal,autopista,7 074,13.0,3.0,1.0,79.0,sí,55.0,12.0,0,barcelona,directo,116.0
08/02/2024,1372.2246481206137,salida de vía,urbana,4 960,16.0,1.0,0.0,31.0,sí,35.0,29.0,0,madrid,mediador,44.0
15/02/2024,5472.134636296196,salida de vía,autopista,2 131,10.0,5.0,3.0,37.0,sí,70.0,6.0,0,zaragoza,directo,160.0
08/01/2025,1925.7252814753472,robo,urbana,13 811,17.0,2.0,0.0,60.0,sí,46.0,37.0,300,coruña,mediador,124.0
30/04/2025,2604.0859901824456,salida de vía,urbana,7 226,7.0,1.0,0.0,77.0,sí,56.0,48.0,0,valencia,mediador,130.0
06/02/2025,2527.9342275428435,golpe en aparcamiento,interurbana,14 478,3.0,2.0,0.0,78.0,sí,56.0,48.0,0,coruña,banca seguros,160.0
29/11/2024,3100.5902438101334,robo,autopista,14 052,22.0,1.0,0.0,53.0,sí,40.0,29.0,600,sevilla,mediador,156.0
17/08/2025,1182.712176018361,golpe en aparcamiento,urbana,26 112,0.0,2.0,1.0,52.0,no,47.0,28.0,300,coruña,mediador,136.0
07/05/2025,733.9788974690173,  alcance ,urbana,6 570,19.0,1.0,0.0,67.0,no,50.0,4.0,0,zaragoza,directo,50.0
18/01/2025,1836.0163078267087,salida de vía,autopista,7 874,3.0,1.0,0.0,47.0,no,47.0,29.0,0,madrid,banca seguros,107.0
09/10/2024,2494.3871823419845,colisión frontal,interurbana,18 719,11.0,1.0,1.0,77.0,no,49.0,8.0,150,zaragoza,mediador,57.0
19/11/2025,911.5488525794198,alcance,interurbana,15 468,19.0,4.0,0.0,34.0,no,39.0,9.0,600,zaragoza,directo,120.0
27/10/2025,528.1549706761663,  golpe en aparcamiento ,autopista,8 384,14.0,5.0,0.0,8.0,no,23.0,37.0,600,valencia,directo,6.0
11/10/2025,4301.8287367436615,alcance,interurbana,39 661,19.0,2.0,0.0,19.0,sí,49.0,31.0,300,barcelona,directo,8.0
30/08/2024,6247.899854068072,colisión frontal,autopista,8 205,1.0,2.0,0.0,40.0,no,31.0,26.0,0,zaragoza,mediador,2.0
22/10/2024,220.16790810280932,golpe en aparcamiento,urbana,3 637,16.0,1.0,2.0,50.0,no,35.0,1.0,0,sevilla,mediador,46.0
10/05/2024,1313.3881057122442,golpe en aparcamiento,interurbana,27 305,2.0,2.0,0.0,81.0,no,38.0,30.0,150,madrid,directo,114.0
06/08/2025,996.4164444763921,alcance,urbana,10 040,5.0,2.0,0.0,15.0,no,54.0,49.0,300,barcelona,mediador,139.0
04/11/2025,2138.7951810561913,golpe en aparcamiento,interurbana,15 545,2.0,2.0,0.0,32.0,sí,42.0,48.0,300,sevilla,mediador,160.0
11/06/2025,711.9372534820272,salida de via,urbana,6 388,6.0,2.0,0.0,44.0,no,44.0,32.0,0,valencia,mediador,138.0
15/03/2025,2722.2190080980254,salida de vía,urbana,5 223,1.0,1.0,4.0,69.0,no,30.0,43.0,300,valencia,directo,86.0
17/08/2025,420.99630043994455,golpe en aparcamiento,urbana,11 459,6.0,1.0,0.0,86.0,no,37.0,16.0,0,valencia,directo,52.0
04/04/2024,1039.3596710259492,alcance,urbana,10 633,7.0,1.0,0.0,78.0,no,45.0,36.0,0,valencia,mediador,131.0
31/01/2024,1912.5683363199241,colisión frontal,autopista,8 740,21.0,1.0,1.0,56.0,no,43.0,23.0,150,valencia,directo,63.0
02/04/2025,9087.80460616909,alcance,urbana,7 990,15.0,4.0,1.0,43.0,sí,60.0,41.0,0,coruña,mediador,97.0
21/02/2025,398.01622395596974,golpe en aparcamiento,urbana,10 817,22.0,1.0,0.0,73.0,no,49.0,29.0,300,zaragoza,directo,115.0
13/11/2025,1694.05483789854,salida de vía,urbana,5 463,16.0,5.0,0.0,57.0,sí,30.0,49.0,0,valencia,directo,164.0
14/11/2025,1322.7583231140252,alcance,urbana,22 845,5.0,1.0,1.0,49.0,no,43.0,26.0,0,sevilla,mediador,17.0
05/09/2025,270.0080782771632,GOLPE EN APARCAMIENTO,interurbana,13 180,16.0,5.0,1.0,26.0,sí,41.0,28.0,0,madrid,directo,34.0
26/03/2025,46241.029951615295,incendio,autopista,17 456,7.0,2.0,0.0,53.0,sí,41.0,26.0,0,sevilla,mediador,40.0
05/06/2025,254.8077253110253,GOLPE EN APARCAMIENTO,urbana,3 955,21.0,2.0,0.0,13.0,no,47.0,48.0,300,sevilla,directo,106.0
10/01/2024,730.8388196915382,golpe en aparcamiento,autopista,17 522,8.0,3.0,0.0,10.0,no,44.0,46.0,300,sevilla,mediador,74.0
07/09/2024,1369.1717461645353,GOLPE EN APARCAMIENTO,interurbana,12 728,19.0,1.0,0.0,87.0,no,33.0,24.0,0,barcelona,directo,133.0
30/01/2025,892.5393385521696,golpe en aparcamiento,autopista,11 556,3.0,2.0,1.0,53.0,no,56.0,1.0,0,sevilla,mediador,71.0
01/03/2025,1277.21837349573,salida de via,autopista,19 082,22.0,1.0,0.0,32.0,no,60.0,27.0,150,madrid,directo,160.0
25/12/2024,4016.1892926918995,colision frontal,interurbana,8 474,2.0,2.0,0.0,56.0,no,44.0,0.0,0,zaragoza,mediador,130.0
16/07/2024,8463.132962476084,robo,urbana,43 304,10.0,1.0,0.0,70.0,N/D,53.0,18.0,150,madrid,mediador,124.0
28/03/2025,1307.1160802602733,SALIDA DE VÍA,interurbana,4 820,9.0,1.0,1.0,46.0,no,37.0,21.0,0,madrid,mediador,11.0
11/01/2024,7781.771584655141,robo,interurbana,14 633,5.0,3.0,0.0,24.0,no,39.0,43.0,0,madrid,mediador,159.0
20/01/2025,4412.663855070161,alcance,urbana,8 142,12.0,1.0,1.0,86.0,no,58.0,26.0,150,madrid,mediador,88.0
05/08/2024,950.0782103098297,alcance,interurbana,17 679,15.0,1.0,0.0,56.0,no,73.0,50.0,0,zaragoza,banca seguros,97.0
13/09/2025,2115.9729003677453,SALIDA DE VÍA,autopista,15 999,14.0,1.0,0.0,43.0,no,47.0,0.0,0,sevilla,banca seguros,22.0
01/12/2024,6091.9917388803715,salida de vía,urbana,29 946,16.0,1.0,1.0,25.0,no,41.0,15.0,300,sevilla,directo,125.0
09/01/2025,2239.611240728369,salida de vía,interurbana,14 967,17.0,4.0,0.0,102.0,no,66.0,45.0,0,sevilla,directo,150.0
05/04/2024,3854.8658797011262,colisión frontal,interurbana,12 281,3.0,4.0,0.0,47.0,no,29.0,1.0,150,barcelona,directo,3.0
25/07/2024,3167.9636909226174,salida de vía,autopista,5 880,22.0,2.0,1.0,14.0,no,44.0,12.0,600,sevilla,mediador,98.0
08/04/2025,1698.3326441041334,alcance,urbana,16 928,8.0,1.0,0.0,61.0,no,58.0,42.0,0,valencia,directo,159.0
06/04/2024,902.2033406943847,ALCANCE,interurbana,6 464,11.0,1.0,0.0,53.0,no,32.0,2.0,0,coruña,directo,149.0
27/09/2024,927.0208739379701,alcance,interurbana,9 194,18.0,1.0,0.0,31.0,no,48.0,13.0,0,sevilla,mediador,81.0
28/08/2024,22632.612724618117,incendio,urbana,3 590,20.0,1.0,0.0,29.0,sí,29.0,28.0,300,barcelona,directo,65.0
06/12/2024,1956.1298585602462,salida de vía,urbana,15 640,18.0,2.0,0.0,40.0,no,39.0,39.0,600,zaragoza,banca seguros,167.0
24/05/2024,3682.595121890013,robo,autopista,10 242,6.0,1.0,0.0,34.0,sí,45.0,16.0,600,madrid,banca seguros,5.0
30/01/2024,1758.988615124854,alcance,autopista,20 631,0.0,1.0,0.0,34.0,N/D,48.0,35.0,150,coruña,mediador,175.0
03/05/2025,1296.9892320532203,GOLPE EN APARCAMIENTO,urbana,13 079,6.0,1.0,0.0,79.0,no,48.0,40.0,0,sevilla,directo,58.0
08/12/2025,536.3679629173797,golpe en aparcamiento,interurbana,25 806,17.0,2.0,0.0,67.0,no,74.0,25.0,300,valencia,mediador,156.0
11/05/2025,683.7196316048427,golpe en aparcamiento,interurbana,7 553,12.0,1.0,0.0,56.0,no,27.0,19.0,150,barcelona,mediador,119.0
30/03/2024,3701.7517213443202,alcance,interurbana,10 506,7.0,3.0,0.0,67.0,N/D,57.0,2.0,300,valencia,directo,12.0
09/10/2024,1437.778879178463,golpe en aparcamiento,autopista,35 094,20.0,1.0,1.0,28.0,sí,43.0,2.0,0,madrid,mediador,35.0
20/02/2024,1731.5728367482393,alcance,interurbana,22 530,10.0,1.0,0.0,38.0,no,47.0,1.0,0,barcelona,directo,35.0
26/01/2024,378.5965287708425,golpe en aparcamiento,interurbana,8 822,19.0,1.0,0.0,49.0,no,71.0,47.0,0,zaragoza,banca seguros,67.0
11/05/2025,4607.6694642848515,golpe en aparcamiento,autopista,39 226,1.0,2.0,0.0,34.0,sí,65.0,28.0,0,coruña,directo,81.0
04/07/2024,10082.241124999598,incendio,interurbana,6 762,6.0,1.0,0.0,21.0,no,26.0,1.0,150,madrid,directo,71.0
31/08/2024,1474.0082780363675,  colisión frontal ,urbana,25 320,17.0,1.0,0.0,48.0,no,39.0,8.0,0,barcelona,mediador,77.0
17/11/2024,448.93754652959564,golpe en aparcamiento,urbana,13 170,7.0,1.0,1.0,62.0,no,25.0,29.0,0,coruña,directo,9.0
28/04/2025,6652.816076494084,COLISIÓN FRONTAL,interurbana,6 522,14.0,2.0,1.0,83.0,sí,25.0,4.0,300,barcelona,directo,70.0
06/04/2025,21233.354462848303,incendio,autopista,17 353,19.0,2.0,0.0,18.0,sí,43.0,7.0,0,valencia,banca seguros,174.0
04/11/2025,837.3134500272315,alcance,urbana,12 527,8.0,1.0,0.0,39.0,sí,51.0,20.0,150,madrid,directo,144.0
15/09/2024,1418.362241684529,  golpe en aparcamiento ,urbana,17 757,17.0,1.0,0.0,64.0,sí,52.0,27.0,0,valencia,banca seguros,27.0
28/03/2024,1087.3769276264045,robo,autopista,5 546,3.0,2.0,0.0,48.0,sí,34.0,22.0,300,zaragoza,banca seguros,63.0
15/11/2024,3513.5471032659107,salida de vía,interurbana,11 400,20.0,1.0,1.0,58.0,N/D,52.0,23.0,600,zaragoza,mediador,28.0
30/01/2024,664.2965944016586,  alcance ,urbana,9 913,1.0,1.0,1.0,38.0,no,70.0,48.0,300,sevilla,banca seguros,40.0
28/02/2024,566.2501850613608,  golpe en aparcamiento ,autopista,8 032,5.0,1.0,0.0,35.0,no,19.0,8.0,0,coruña,banca seguros,133.0
19/10/2024,1411.2808759291427,robo,urbana,7 425,16.0,2.0,0.0,23.0,no,54.0,9.0,600,valencia,mediador,10.0
17/10/2025,1594.1573172431224,alcance,urbana,11 772,8.0,3.0,1.0,77.0,no,51.0,43.0,300,madrid,banca seguros,36.0
09/04/2024,4853.232981577604,colisión frontal,autopista,16 879,20.0,1.0,0.0,50.0,no,30.0,23.0,0,madrid,banca seguros,116.0
16/07/2025,1170.4205210788216,salida de vía,autopista,2 822,20.0,3.0,0.0,24.0,no,19.0,41.0,0,barcelona,mediador,3.0
19/09/2024,4435.09593007036,salida de vía,autopista,10 538,21.0,1.0,0.0,47.0,sí,47.0,47.0,150,sevilla,mediador,67.0
31/01/2024,977.7608842909599,golpe en aparcamiento,interurbana,17 393,14.0,2.0,0.0,59.0,sí,55.0,30.0,300,valencia,mediador,27.0
23/11/2025,3657.2864701576364,robo,urbana,18 203,9.0,1.0,1.0,68.0,sí,33.0,41.0,600,zaragoza,directo,21.0
03/11/2024,1071.8689833944657,alcance,interurbana,3 577,2.0,1.0,0.0,65.0,sí,28.0,22.0,600,barcelona,mediador,77.0
08/05/2025,591.4712865764271,colisión frontal,urbana,6 238,21.0,1.0,0.0,60.0,no,22.0,47.0,0,valencia,mediador,83.0
25/10/2024,35624.28604256691,INCENDIO,interurbana,16 839,4.0,2.0,0.0,65.0,no,42.0,38.0,300,madrid,mediador,20.0
25/11/2024,9928.055939643376,salida de vía,urbana,23 147,18.0,2.0,1.0,51.0,sí,31.0,41.0,0,valencia,mediador,162.0
06/07/2024,1414.4947696063527,colisión frontal,urbana,12 823,8.0,2.0,0.0,72.0,no,39.0,26.0,0,coruña,banca seguros,70.0
29/09/2025,1760.9789892876133,salida de vía,interurbana,6 242,9.0,1.0,0.0,31.0,sí,19.0,11.0,0,valencia,mediador,106.0
11/11/2024,1840.2532906699153,alcance,autopista,8 351,4.0,4.0,0.0,42.0,no,72.0,39.0,150,valencia,mediador,148.0
01/11/2024,4438.29465661314,salida de via,urbana,29 993,7.0,3.0,0.0,35.0,no,38.0,36.0,0,madrid,mediador,177.0
29/07/2025,1411.895701577682,alcance,interurbana,18 829,18.0,3.0,0.0,64.0,sí,62.0,46.0,150,sevilla,banca seguros,157.0
19/10/2025,123.57960798271779,golpe en aparcamiento,urbana,5 472,15.0,1.0,0.0,73.0,no,27.0,47.0,0,coruña,mediador,153.0
29/08/2024,7900.214405936244,  salida de vía ,interurbana,9 927,9.0,5.0,0.0,44.0,no,42.0,27.0,150,madrid,directo,134.0
18/11/2025,1062.2271259012373,alcance,urbana,8 401,18.0,2.0,0.0,54.0,no,42.0,24.0,150,madrid,mediador,52.0
02/05/2025,2817.140255284659,colision frontal,urbana,16 013,19.0,2.0,0.0,50.0,no,54.0,0.0,0,barcelona,mediador,148.0
09/04/2024,2390.2329764040937,golpe en aparcamiento,interurbana,21 740,4.0,4.0,0.0,94.0,no,22.0,33.0,600,barcelona,directo,164.0
18/04/2024,1070.0272705218676,golpe en aparcamiento,urbana,12 808,8.0,1.0,2.0,41.0,N/D,28.0,16.0,300,zaragoza,mediador,21.0
20/05/2024,2180.743484495529,salida de vía,urbana,12 117,10.0,2.0,0.0,28.0,no,38.0,20.0,600,valencia,mediador,26.0
09/09/2025,4647.622640051182,robo,interurbana,9 425,12.0,4.0,1.0,86.0,no,30.0,29.0,150,sevilla,mediador,68.0
04/10/2024,283.93341841018,GOLPE EN APARCAMIENTO,urbana,6 732,1.0,2.0,0.0,53.0,no,64.0,36.0,300,sevilla,mediador,170.0
09/08/2024,1352.051016317814,salida de vía,urbana,10 224,11.0,2.0,0.0,77.0,no,36.0,21.0,300,barcelona,directo,131.0
18/03/2025,720.2091552979672,GOLPE EN APARCAMIENTO,urbana,18 330,21.0,2.0,0.0,64.0,no,39.0,30.0,0,madrid,directo,110.0
10/07/2025,3200.4600032158405,robo,interurbana,21 869,1.0,4.0,0.0,41.0,sí,38.0,31.0,0,zaragoza,mediador,133.0
23/12/2025,759.3017451053674,  golpe en aparcamiento ,urbana,10 756,7.0,1.0,0.0,82.0,no,36.0,6.0,0,barcelona,directo,38.0
27/10/2025,1099.7524858946229,alcance,interurbana,21 383,22.0,1.0,0.0,62.0,no,67.0,15.0,300,sevilla,mediador,55.0
23/05/2025,752.6422354067058,colisión frontal,interurbana,8 005,6.0,2.0,0.0,66.0,N/D,82.0,50.0,0,coruña,directo,169.0
21/06/2024,2033.7874795032892,colisión frontal,autopista,6 705,11.0,1.0,0.0,7.0,no,63.0,42.0,300,sevilla,mediador,112.0
26/01/2025,819.3101173940033,  robo ,urbana,10 445,22.0,3.0,0.0,21.0,no,36.0,5.0,150,barcelona,mediador,163.0
02/04/2025,452.02305439575633,  golpe en aparcamiento ,urbana,9 302,21.0,5.0,0.0,13.0,no,41.0,16.0,0,madrid,directo,74.0
19/12/2024,2218.07112891007,alcance,interurbana,33 161,22.0,1.0,1.0,63.0,no,29.0,25.0,150,sevilla,directo,73.0
25/08/2024,733.8681403418333,GOLPE EN APARCAMIENTO,urbana,15 061,18.0,1.0,0.0,57.0,no,18.0,42.0,0,coruña,mediador,46.0
02/12/2024,1270.2695697250265,colisión frontal,interurbana,9 759,5.0,2.0,0.0,80.0,N/D,26.0,49.0,300,coruña,directo,141.0
10/08/2024,841.2343704591577,salida de via,urbana,3 619,5.0,1.0,0.0,29.0,no,18.0,12.0,0,madrid,banca seguros,134.0
11/07/2025,399.68729683564743,golpe en aparcamiento,urbana,5 651,11.0,3.0,0.0,89.0,no,47.0,8.0,0,madrid,mediador,156.0
18/05/2024,14513.468957651387,incendio,urbana,9 097,12.0,2.0,1.0,108.0,sí,53.0,32.0,300,zaragoza,mediador,57.0
28/04/2025,8416.476080143708,  incendio ,interurbana,8 824,11.0,1.0,0.0,52.0,no,34.0,27.0,150,madrid,mediador,116.0
23/05/2025,1676.238319433455,robo,autopista,13 107,13.0,2.0,0.0,83.0,no,39.0,36.0,0,sevilla,banca seguros,71.0
16/08/2025,2368.75715452332,  alcance ,interurbana,23 116,21.0,1.0,0.0,65.0,no,51.0,43.0,300,zaragoza,mediador,27.0
25/05/2025,15255.408455591449,incendio,urbana,14 762,9.0,2.0,2.0,55.0,no,40.0,37.0,0,madrid,mediador,49.0
02/01/2025,1112.8468318574037,alcance,autopista,10 235,12.0,1.0,1.0,24.0,no,31.0,49.0,600,zaragoza,directo,34.0
02/01/2025,1321.463207315664,alcance,urbana,12 017,1.0,4.0,0.0,55.0,sí,34.0,22.0,600,barcelona,mediador,71.0
01/08/2025,313.547488461885,golpe en aparcamiento,interurbana,4 417,11.0,2.0,0.0,69.0,sí,52.0,13.0,600,madrid,mediador,29.0
15/09/2024,160.4828404733405,golpe en aparcamiento,urbana,6 570,15.0,3.0,0.0,78.0,no,47.0,31.0,150,zaragoza,mediador,4.0
14/04/2025,1349.8971395358412,alcance,interurbana,6 568,13.0,4.0,0.0,61.0,N/D,54.0,6.0,0,valencia,mediador,76.0
04/09/2024,335.80187083813337,golpe en aparcamiento,urbana,13 674,13.0,2.0,0.0,44.0,no,43.0,3.0,0,sevilla,mediador,15.0
30/04/2025,581.2867312100291,alcance,urbana,7 280,12.0,1.0,1.0,99.0,sí,56.0,27.0,0,valencia,mediador,45.0
02/07/2024,5414.847666985347,salida de vía,urbana,51 578,10.0,1.0,0.0,86.0,no,39.0,15.0,0,barcelona,mediador,122.0
06/10/2025,333.7027025349843,robo,urbana,8 992,5.0,1.0,0.0,62.0,sí,36.0,8.0,150,sevilla,mediador,97.0
17/02/2025,362.58049240536366,golpe en aparcamiento,interurbana,9 219,19.0,2.0,0.0,58.0,sí,59.0,31.0,0,coruña,mediador,68.0
05/02/2025,415.42932935241,alcance,interurbana,5 288,20.0,2.0,0.0,82.0,no,45.0,37.0,0,coruña,directo,143.0
11/04/2024,1021.1882780397134,golpe en aparcamiento,interurbana,7 301,4.0,1.0,0.0,96.0,no,41.0,14.0,600,valencia,mediador,119.0
26/08/2025,1410.1805359971022,alcance,urbana,5 440,14.0,4.0,0.0,108.0,no,42.0,41.0,0,sevilla,mediador,29.0
07/05/2024,3616.768445820527,salida de vía,autopista,6 605,18.0,1.0,0.0,28.0,sí,61.0,6.0,0,valencia,mediador,64.0
31/10/2025,2582.1953012947183,golpe en aparcamiento,interurbana,23 964,21.0,1.0,0.0,59.0,sí,55.0,9.0,0,barcelona,directo,151.0
01/05/2024,2312.0481940300842,GOLPE EN APARCAMIENTO,interurbana,17 357,6.0,1.0,0.0,22.0,no,46.0,10.0,0,barcelona,mediador,93.0
22/02/2025,341.41547702963777,  golpe en aparcamiento ,urbana,13 374,17.0,1.0,3.0,31.0,no,42.0,24.0,0,sevilla,mediador,142.0
18/03/2025,913.955863733462,alcance,urbana,14 935,7.0,2.0,0.0,49.0,no,21.0,47.0,300,madrid,mediador,90.0
16/09/2024,1671.9100782974756,alcance,urbana,3 410,12.0,1.0,0.0,52.0,sí,23.0,42.0,300,coruña,banca seguros,119.0
17/02/2025,4067.1693204899716,robo,interurbana,15 110,1.0,2.0,0.0,15.0,sí,19.0,11.0,300,barcelona,mediador,151.0
20/11/2024,10904.244008796286,COLISIÓN FRONTAL,autopista,11 831,4.0,4.0,0.0,76.0,no,41.0,35.0,0,zaragoza,directo,100.0
15/07/2025,694.283793322867,alcance,autopista,2 496,7.0,3.0,0.0,60.0,no,42.0,32.0,300,coruña,banca seguros,30.0
27/05/2025,3839.0626030533213,alcance,interurbana,12 611,22.0,4.0,1.0,38.0,sí,45.0,35.0,0,madrid,directo,99.0
14/08/2024,1160.7657293187162,SALIDA DE VÍA,urbana,11 768,20.0,2.0,0.0,59.0,no,74.0,3.0,300,madrid,mediador,31.0
06/10/2025,5008.190627832123,colisión frontal,urbana,8 508,18.0,4.0,0.0,61.0,no,18.0,31.0,600,sevilla,banca seguros,68.0
22/01/2024,2348.086118877494,salida de vía,urbana,18 941,1.0,1.0,1.0,48.0,sí,44.0,12.0,150,barcelona,directo,130.0
08/07/2024,1825.0989146600602,alcance,interurbana,22 726,9.0,1.0,0.0,80.0,no,18.0,33.0,600,sevilla,directo,103.0
20/03/2025,817.1347775694381,robo,interurbana,3 459,8.0,1.0,0.0,47.0,no,46.0,22.0,300,coruña,mediador,82.0
02/08/2025,2247.435607395402,ROBO,urbana,11 762,15.0,2.0,5.0,26.0,no,43.0,50.0,0,barcelona,directo,119.0
21/03/2024,1811.1045835890686,alcance,interurbana,3 133,12.0,2.0,1.0,59.0,no,22.0,49.0,0,zaragoza,mediador,79.0
28/05/2025,602.1644820428945,golpe en aparcamiento,autopista,8 762,16.0,1.0,0.0,88.0,sí,57.0,35.0,150,madrid,directo,120.0
17/07/2025,262.46271437639496,  alcance ,urbana,7 974,17.0,2.0,0.0,76.0,no,25.0,7.0,0,coruña,mediador,60.0
18/11/2024,1499.0527890497208,colisión frontal,urbana,17 172,11.0,1.0,0.0,33.0,no,37.0,31.0,0,zaragoza,directo,38.0
03/11/2025,3212.7559701013456,salida de vía,autopista,22 109,6.0,3.0,1.0,2.0,no,75.0,8.0,300,barcelona,banca seguros,78.0
18/04/2025,4283.940727031943,golpe en aparcamiento,interurbana,33 431,7.0,1.0,1.0,54.0,no,45.0,43.0,300,madrid,mediador,120.0
02/06/2024,1927.7914195286157,colisión frontal,urbana,12 849,12.0,2.0,0.0,25.0,no,45.0,27.0,0,valencia,mediador,9.0
23/10/2025,1710.2624102944171,COLISIÓN FRONTAL,interurbana,8 390,13.0,1.0,0.0,86.0,no,44.0,6.0,150,sevilla,banca seguros,88.0
12/03/2024,2108.0758356130177,alcance,autopista,27 327,3.0,5.0,0.0,69.0,no,40.0,17.0,0,madrid,mediador,158.0
30/11/2024,4145.437178928436,incendio,urbana,5 362,19.0,1.0,1.0,60.0,no,38.0,2.0,0,barcelona,banca seguros,167.0
25/06/2024,1886.1917021342056,alcance,interurbana,13 990,4.0,1.0,0.0,41.0,N/D,46.0,20.0,0,barcelona,banca seguros,78.0
17/12/2025,3634.5889602201605,colisión frontal,interurbana,8 287,22.0,3.0,1.0,12.0,no,18.0,12.0,0,madrid,mediador,7.0
20/12/2025,2134.958298407658,salida de vía,urbana,28 064,17.0,1.0,0.0,117.0,no,50.0,29.0,0,sevilla,mediador,94.0
27/10/2025,1003.0541068155427,golpe en aparcamiento,autopista,8 622,17.0,4.0,0.0,37.0,no,29.0,19.0,300,sevilla,mediador,64.0
04/08/2024,2941.4560615438845,robo,interurbana,15 742,5.0,3.0,1.0,21.0,no,48.0,47.0,0,coruña,directo,79.0
12/12/2024,1596.7956423396029,alcance,urbana,13 719,1.0,5.0,0.0,47.0,no,28.0,29.0,600,madrid,banca seguros,161.0
10/05/2025,1815.5037356772352,alcance,urbana,34 569,15.0,1.0,0.0,28.0,no,71.0,11.0,0,sevilla,directo,15.0
12/11/2024,985.8901644421505,alcance,urbana,6 343,6.0,3.0,0.0,37.0,no,77.0,12.0,0,valencia,mediador,132.0
18/06/2025,965.73364803806,alcance,urbana,24 402,7.0,2.0,0.0,68.0,no,57.0,47.0,0,sevilla,mediador,177.0
12/06/2024,1708.5852902919398,  colisión frontal ,interurbana,4 025,15.0,2.0,0.0,76.0,sí,56.0,29.0,150,zaragoza,directo,109.0
08/03/2025,734.255996799959,golpe en aparcamiento,urbana,13 756,12.0,2.0,1.0,49.0,no,71.0,27.0,300,sevilla,mediador,162.0
10/06/2025,947.9350880929577,GOLPE EN APARCAMIENTO,urbana,20 980,21.0,1.0,0.0,54.0,no,71.0,1.0,150,barcelona,directo,66.0
05/08/2025,789.4986962898167,alcance,urbana,8 690,9.0,1.0,0.0,65.0,N/D,63.0,49.0,0,coruña,mediador,45.0
13/10/2025,1502.8206171239688,golpe en aparcamiento,autopista,25 960,14.0,3.0,0.0,86.0,no,38.0,41.0,0,madrid,mediador,81.0
27/09/2025,1333.7714844201516,  robo ,interurbana,7 713,15.0,1.0,0.0,57.0,no,54.0,11.0,300,barcelona,mediador,69.0
02/05/2025,1897.6662320852683,robo,interurbana,10 743,17.0,4.0,1.0,47.0,no,54.0,11.0,600,barcelona,directo,73.0
20/01/2025,3826.6819154500763,robo,interurbana,6 976,20.0,2.0,0.0,66.0,no,53.0,22.0,300,sevilla,directo,133.0
28/12/2024,317.3851106400848,golpe en aparcamiento,interurbana,4 327,1.0,1.0,2.0,102.0,no,40.0,29.0,0,sevilla,mediador,131.0
19/05/2024,2300.956756142105,SALIDA DE VÍA,urbana,5 856,9.0,2.0,0.0,12.0,no,41.0,7.0,300,madrid,mediador,155.0
17/03/2024,1193.4208540914537,colisión frontal,urbana,6 641,12.0,4.0,0.0,32.0,sí,69.0,2.0,0,valencia,mediador,170.0
14/04/2025,5922.714766227114,robo,urbana,15 050,16.0,4.0,0.0,42.0,sí,28.0,47.0,300,madrid,mediador,167.0
05/09/2025,3161.294292849042,colisión frontal,urbana,15 556,17.0,3.0,0.0,106.0,sí,41.0,12.0,0,coruña,banca seguros,69.0
22/07/2024,1542.079394608963,golpe en aparcamiento,urbana,22 426,4.0,1.0,0.0,47.0,sí,37.0,17.0,150,valencia,mediador,150.0
07/05/2025,1461.3055117905083,ROBO,urbana,13 782,1.0,1.0,0.0,32.0,no,34.0,4.0,600,barcelona,mediador,67.0
10/12/2025,2135.2995992502524,salida de vía,urbana,7 983,22.0,2.0,0.0,68.0,no,46.0,26.0,0,sevilla,directo,41.0
09/07/2024,4490.588846865214,robo,autopista,6 617,1.0,4.0,1.0,60.0,sí,58.0,20.0,300,valencia,banca seguros,133.0
06/04/2024,747.4018820168028,golpe en aparcamiento,urbana,11 311,16.0,4.0,1.0,75.0,no,50.0,24.0,0,zaragoza,directo,109.0
19/06/2025,1297.903567122205,salida de vía,interurbana,3 442,2.0,4.0,0.0,33.0,sí,41.0,41.0,0,barcelona,banca seguros,150.0
06/12/2025,1101.6137393904114,alcance,interurbana,14 911,22.0,1.0,1.0,50.0,no,43.0,10.0,600,barcelona,mediador,131.0
02/11/2024,1729.3040083461615,  golpe en aparcamiento ,autopista,16 570,4.0,1.0,0.0,72.0,no,36.0,11.0,0,zaragoza,directo,113.0
08/03/2024,539.089011237516,golpe en aparcamiento,urbana,17 075,8.0,1.0,0.0,76.0,no,45.0,45.0,0,valencia,mediador,109.0
07/12/2025,2494.647308060825,colisión frontal,urbana,14 196,11.0,1.0,0.0,62.0,sí,72.0,17.0,150,madrid,directo,54.0
12/10/2025,769.3875221016519,salida de vía,interurbana,2 916,9.0,4.0,0.0,21.0,no,48.0,19.0,0,madrid,mediador,140.0
17/06/2024,1055.110297291628,salida de vía,interurbana,15 555,14.0,1.0,0.0,54.0,no,38.0,42.0,0,zaragoza,mediador,103.0
18/12/2024,424.4294797671098,alcance,interurbana,2 913,4.0,2.0,1.0,58.0,no,52.0,49.0,600,madrid,mediador,10.0
22/11/2024,4028.4299285489724,  alcance ,interurbana,18 886,7.0,3.0,0.0,93.0,no,40.0,46.0,300,madrid,mediador,177.0
20/09/2025,1000.8746300925881,salida de via,urbana,8 404,1.0,2.0,0.0,46.0,sí,40.0,9.0,150,zaragoza,directo,159.0
05/05/2024,1318.3333977843154,colisión frontal,urbana,3 270,17.0,1.0,0.0,37.0,sí,33.0,21.0,300,valencia,directo,167.0
28/02/2025,1171.6507910950454,alcance,urbana,6 140,18.0,1.0,0.0,82.0,no,75.0,8.0,0,zaragoza,mediador,160.0
08/07/2025,662.4678968023467,alcance,urbana,17 984,10.0,2.0,0.0,28.0,no,28.0,21.0,150,sevilla,mediador,115.0
25/03/2025,848.7235088435762,golpe en aparcamiento,urbana,23 959,11.0,4.0,1.0,106.0,no,48.0,18.0,0,barcelona,banca seguros,48.0
11/04/2024,15374.913280093244,colisión frontal,urbana,6 630,15.0,5.0,0.0,107.0,N/D,55.0,48.0,0,sevilla,banca seguros,10.0
26/06/2025,300.30710484976237,golpe en aparcamiento,interurbana,11 208,14.0,1.0,0.0,31.0,no,36.0,44.0,300,sevilla,directo,70.0
01/11/2025,9633.786293682322,salida de vía,urbana,39 726,22.0,5.0,0.0,104.0,sí,45.0,20.0,0,sevilla,mediador,150.0
10/04/2025,762.7802231675399,alcance,urbana,5 711,1.0,3.0,0.0,61.0,no,22.0,32.0,0,zaragoza,mediador,14.0
29/06/2024,855.4966285162667,alcance,interurbana,14 607,0.0,1.0,0.0,26.0,no,53.0,46.0,0,barcelona,directo,27.0
16/08/2025,2534.321430307146,  alcance ,urbana,22 857,0.0,4.0,0.0,100.0,sí,78.0,20.0,300,sevilla,mediador,122.0
10/04/2025,2454.037512576444,salida de vía,urbana,19 439,17.0,4.0,0.0,25.0,sí,41.0,32.0,150,madrid,mediador,158.0
02/10/2024,756.8456717801793,golpe en aparcamiento,autopista,15 872,20.0,4.0,1.0,74.0,no,18.0,12.0,150,zaragoza,banca seguros,111.0
11/06/2025,1120.8229353672762,robo,urbana,5 169,2.0,1.0,0.0,39.0,sí,41.0,46.0,150,barcelona,mediador,32.0
28/11/2025,812.0311164230678,alcance,urbana,6 818,6.0,1.0,0.0,11.0,no,46.0,38.0,150,barcelona,mediador,141.0
07/01/2024,2041.2849083897822,SALIDA DE VÍA,urbana,26 634,11.0,2.0,1.0,50.0,no,50.0,11.0,600,sevilla,directo,60.0
23/06/2024,1126.866707716995,golpe en aparcamiento,urbana,11 701,22.0,1.0,0.0,97.0,no,46.0,29.0,300,barcelona,directo,98.0
01/02/2025,607.6499838711609,golpe en aparcamiento,urbana,8 345,11.0,1.0,0.0,52.0,N/D,46.0,42.0,300,barcelona,mediador,55.0
11/11/2024,1569.464106487926,  salida de vía ,interurbana,15 721,11.0,1.0,2.0,56.0,no,42.0,28.0,150,madrid,directo,68.0
03/06/2024,1010.9231101923252,colisión frontal,urbana,8 746,4.0,1.0,0.0,52.0,sí,72.0,34.0,600,coruña,mediador,172.0
02/08/2024,11215.640876345231,colisión frontal,interurbana,23 932,16.0,1.0,2.0,46.0,sí,31.0,13.0,0,madrid,directo,126.0
21/09/2024,1784.5005074462586,  alcance ,autopista,7 202,9.0,5.0,2.0,62.0,no,52.0,20.0,300,coruña,banca seguros,80.0
01/12/2024,1199.3440641782215,golpe en aparcamiento,autopista,8 574,1.0,5.0,0.0,49.0,sí,38.0,6.0,0,coruña,mediador,84.0
31/05/2024,9393.548990891288,SALIDA DE VÍA,autopista,23 761,16.0,1.0,0.0,37.0,no,56.0,48.0,150,barcelona,mediador,120.0
14/06/2025,2395.5868776935627,robo,autopista,6 476,1.0,1.0,0.0,74.0,sí,49.0,17.0,600,zaragoza,banca seguros,89.0
24/05/2025,18893.752770767624,incendio,interurbana,8 210,5.0,5.0,0.0,25.0,no,88.0,41.0,300,sevilla,directo,2.0
14/06/2024,2667.4829317994554,alcance,interurbana,18 279,6.0,2.0,2.0,54.0,no,56.0,9.0,150,coruña,directo,1.0
02/01/2024,568.8224903084506,golpe en aparcamiento,autopista,5 539,18.0,2.0,0.0,21.0,no,57.0,15.0,150,zaragoza,directo,84.0
25/11/2025,1376.1464943119713,golpe en aparcamiento,urbana,16 071,5.0,3.0,0.0,47.0,no,70.0,47.0,300,zaragoza,directo,110.0
20/11/2024,480.0064283707805,ALCANCE,urbana,26 516,9.0,2.0,0.0,26.0,sí,56.0,20.0,150,coruña,directo,55.0
15/09/2025,466.43107665406455,golpe en aparcamiento,autopista,3 879,11.0,1.0,2.0,53.0,no,52.0,3.0,0,sevilla,mediador,74.0
25/04/2025,2647.3480407882703,colisión frontal,urbana,7 093,20.0,1.0,1.0,26.0,sí,43.0,38.0,0,valencia,mediador,23.0
02/10/2024,1975.73041857825,robo,interurbana,4 539,4.0,2.0,0.0,55.0,no,35.0,20.0,150,sevilla,directo,132.0
23/06/2024,914.7537120489214,ALCANCE,urbana,21 862,5.0,1.0,0.0,48.0,no,47.0,19.0,600,barcelona,directo,1.0
09/05/2024,816.0764764571455,alcance,urbana,4 387,15.0,3.0,0.0,47.0,sí,24.0,28.0,0,barcelona,mediador,2.0
28/05/2024,217.1954376452823,golpe en aparcamiento,urbana,6 382,0.0,1.0,0.0,64.0,no,28.0,15.0,300,zaragoza,mediador,39.0
09/06/2024,599.5586718660173,golpe en aparcamiento,urbana,10 128,5.0,1.0,0.0,36.0,no,50.0,18.0,300,madrid,directo,82.0
13/07/2024,3276.3575895844738,salida de vía,urbana,12 414,20.0,1.0,1.0,46.0,no,47.0,33.0,0,sevilla,mediador,75.0
06/12/2025,3283.535489113976,alcance,interurbana,23 633,17.0,1.0,1.0,26.0,sí,66.0,1.0,150,barcelona,directo,89.0
06/12/2025,1094.7513634358836,GOLPE EN APARCAMIENTO,urbana,47 001,0.0,1.0,0.0,15.0,no,33.0,21.0,300,valencia,mediador,10.0
23/09/2024,738.5012181310399,ALCANCE,interurbana,17 657,1.0,1.0,0.0,39.0,no,22.0,46.0,300,valencia,directo,1.0
24/03/2024,1013.8399038860621,alcance,urbana,8 446,8.0,2.0,0.0,59.0,sí,48.0,3.0,150,zaragoza,mediador,177.0
12/08/2024,1919.89086240779,alcance,interurbana,11 631,1.0,3.0,0.0,62.0,no,39.0,12.0,0,barcelona,mediador,146.0
04/03/2024,17061.392815281186,incendio,autopista,6 497,9.0,1.0,0.0,46.0,no,26.0,18.0,0,coruña,mediador,121.0
20/05/2024,1881.9708301412356,alcance,urbana,41 753,18.0,1.0,0.0,52.0,no,45.0,1.0,150,zaragoza,directo,51.0
28/04/2024,1108.4721666175853,colisión frontal,urbana,8 689,8.0,1.0,0.0,52.0,sí,54.0,48.0,0,valencia,mediador,49.0
13/11/2024,6876.989670268072,COLISIÓN FRONTAL,urbana,25 016,20.0,1.0,0.0,18.0,sí,27.0,19.0,300,coruña,directo,148.0
06/08/2024,2573.526368513236,colisión frontal,urbana,6 979,7.0,4.0,1.0,66.0,no,42.0,25.0,0,madrid,directo,119.0
19/07/2024,214.94486120678678,golpe en aparcamiento,urbana,5 564,19.0,1.0,0.0,49.0,no,57.0,33.0,0,sevilla,mediador,144.0
24/03/2025,1303.2510699468837,alcance,urbana,10 046,20.0,2.0,0.0,64.0,no,32.0,3.0,300,coruña,banca seguros,84.0
26/04/2025,7929.994705520509,robo,interurbana,24 240,4.0,5.0,0.0,60.0,no,64.0,1.0,150,barcelona,mediador,32.0
22/03/2025,180.3295675957858,golpe en aparcamiento,urbana,2 792,16.0,1.0,0.0,66.0,no,65.0,6.0,0,sevilla,mediador,122.0
30/11/2024,9367.279359265327,colisión frontal,urbana,21 660,13.0,5.0,0.0,44.0,no,52.0,8.0,300,zaragoza,mediador,104.0
23/03/2024,482.5754360935866,alcance,autopista,17 127,19.0,2.0,0.0,30.0,sí,50.0,34.0,0,zaragoza,directo,33.0
24/12/2024,1114.082406464666,alcance,urbana,6 948,11.0,1.0,0.0,1.0,no,81.0,50.0,0,sevilla,mediador,176.0
27/05/2024,1073.902587220017,alcance,urbana,9 921,15.0,2.0,0.0,45.0,N/D,42.0,5.0,300,barcelona,mediador,79.0
06/10/2024,932.4065105897886,golpe en aparcamiento,interurbana,6 835,12.0,2.0,0.0,72.0,sí,61.0,1.0,0,coruña,mediador,140.0
25/05/2025,606.2154347606826,golpe en aparcamiento,urbana,8 964,1.0,4.0,0.0,16.0,no,56.0,17.0,300,zaragoza,mediador,105.0
12/09/2025,3668.159800415194,salida de vía,interurbana,12 226,15.0,1.0,0.0,31.0,sí,42.0,28.0,0,zaragoza,mediador,40.0
02/05/2025,888.0074460398689,alcance,interurbana,7 956,16.0,1.0,0.0,36.0,no,39.0,37.0,0,madrid,mediador,46.0
15/06/2024,2350.711312174554,SALIDA DE VÍA,interurbana,12 955,9.0,2.0,0.0,22.0,sí,51.0,50.0,0,madrid,mediador,37.0
15/04/2024,201.03751052726435,golpe en aparcamiento,urbana,1 920,7.0,1.0,2.0,93.0,no,50.0,50.0,0,coruña,mediador,156.0
09/01/2025,5935.739772673337,colision frontal,urbana,16 426,4.0,1.0,0.0,33.0,no,42.0,23.0,150,sevilla,banca seguros,145.0
29/06/2024,580.0152791737764,GOLPE EN APARCAMIENTO,urbana,10 636,1.0,4.0,0.0,50.0,no,62.0,5.0,0,coruña,directo,37.0
26/01/2024,352.0831166775025,ALCANCE,urbana,6 323,21.0,1.0,0.0,66.0,no,38.0,20.0,0,coruña,directo,58.0
26/05/2024,5025.846670992564,colisión frontal,urbana,7 479,15.0,2.0,1.0,84.0,no,39.0,31.0,150,valencia,mediador,30.0
10/05/2025,1839.045872464814,alcance,urbana,8 754,3.0,3.0,0.0,0.0,sí,57.0,43.0,300,barcelona,mediador,147.0
12/02/2024,566.6048133513423,salida de vía,urbana,14 806,19.0,2.0,0.0,83.0,no,30.0,13.0,0,valencia,mediador,118.0
20/01/2025,2132.578383168177,alcance,autopista,8 676,18.0,2.0,0.0,58.0,no,49.0,20.0,0,zaragoza,directo,29.0
25/07/2024,206.4412936641951,golpe en aparcamiento,urbana,5 890,22.0,2.0,0.0,30.0,no,44.0,41.0,150,zaragoza,directo,22.0
07/05/2024,120.51724846229207,alcance,urbana,4 123,7.0,1.0,0.0,34.0,no,49.0,6.0,150,barcelona,mediador,77.0
01/10/2025,3951.7450039089395,alcance,interurbana,14 843,3.0,1.0,0.0,62.0,sí,50.0,28.0,150,zaragoza,banca seguros,162.0
16/09/2025,4792.550922209818,salida de via,interurbana,6 649,19.0,2.0,0.0,98.0,no,65.0,46.0,0,sevilla,mediador,61.0
01/08/2024,398.88796849164936,golpe en aparcamiento,urbana,18 357,10.0,2.0,0.0,33.0,no,45.0,43.0,0,zaragoza,directo,47.0
06/06/2025,2929.8446037655012,robo,autopista,11 391,15.0,2.0,0.0,18.0,no,60.0,44.0,150,zaragoza,mediador,126.0
28/03/2025,748.26633507533,alcance,autopista,13 026,2.0,3.0,0.0,34.0,sí,53.0,8.0,0,sevilla,mediador,159.0
25/04/2024,1824.643620257562,alcance,urbana,7 595,14.0,1.0,0.0,43.0,no,40.0,40.0,600,barcelona,mediador,49.0
12/05/2025,896.3450212989853,alcance,interurbana,5 447,19.0,1.0,0.0,45.0,sí,18.0,47.0,0,barcelona,directo,83.0
24/11/2025,505.08361309906894,golpe en aparcamiento,urbana,8 275,19.0,1.0,0.0,13.0,no,51.0,35.0,300,sevilla,directo,160.0
24/06/2024,853.7139811680953,  alcance ,urbana,12 243,8.0,2.0,0.0,47.0,no,46.0,30.0,0,barcelona,directo,36.0
11/01/2025,1358.3033700072317,alcance,urbana,22 072,22.0,2.0,0.0,63.0,sí,46.0,5.0,150,sevilla,mediador,118.0
27/11/2024,4828.894267146508,robo,urbana,17 556,2.0,2.0,0.0,87.0,no,39.0,40.0,0,valencia,mediador,96.0
19/11/2025,6566.9999253381875,incendio,interurbana,4 893,10.0,2.0,0.0,40.0,no,58.0,20.0,0,coruña,mediador,11.0
06/04/2025,1163.015107444156,alcance,interurbana,13 328,4.0,1.0,1.0,41.0,no,38.0,29.0,300,valencia,mediador,52.0
13/08/2024,277.8383530310675,robo,urbana,3 615,21.0,2.0,0.0,68.0,no,47.0,47.0,0,madrid,mediador,108.0
04/01/2024,1556.6702915850067,salida de vía,urbana,17 046,11.0,2.0,0.0,45.0,no,31.0,24.0,300,valencia,directo,43.0
10/06/2024,976.1037557566297,golpe en aparcamiento,urbana,13 212,22.0,1.0,0.0,75.0,sí,54.0,4.0,0,sevilla,mediador,24.0
29/10/2024,3684.5221051506037,colisión frontal,autopista,14 710,21.0,2.0,0.0,83.0,no,60.0,17.0,150,valencia,mediador,5.0
21/12/2024,2020.6488848289414,robo,urbana,17 869,20.0,3.0,0.0,48.0,no,50.0,30.0,150,sevilla,banca seguros,144.0
26/01/2025,1325.5685718115494,golpe en aparcamiento,autopista,13 245,21.0,3.0,0.0,52.0,no,46.0,46.0,150,sevilla,banca seguros,51.0
26/12/2024,1317.9196592539608,  golpe en aparcamiento ,interurbana,38 579,1.0,2.0,2.0,43.0,sí,50.0,39.0,150,barcelona,directo,146.0
19/10/2025,1399.1748941459573,salida de vía,autopista,5 175,12.0,1.0,1.0,34.0,sí,56.0,17.0,0,valencia,banca seguros,166.0
10/08/2025,11847.143395825542,salida de vía,autopista,10 597,14.0,2.0,0.0,84.0,no,46.0,23.0,300,sevilla,mediador,70.0
28/07/2024,1032.4904221715171,  salida de vía ,urbana,9 538,4.0,1.0,0.0,75.0,no,41.0,11.0,0,madrid,mediador,156.0
22/05/2024,2771.237838570726,salida de vía,urbana,5 154,14.0,3.0,0.0,45.0,sí,52.0,10.0,600,sevilla,directo,54.0
21/10/2024,1930.9653095202227,  colisión frontal ,interurbana,4 052,21.0,1.0,2.0,103.0,no,31.0,8.0,0,coruña,directo,10.0
12/11/2024,469.30334157691715,alcance,urbana,4 857,4.0,1.0,0.0,74.0,no,47.0,17.0,300,zaragoza,mediador,66.0
13/12/2025,5272.238076007879,colisión frontal,autopista,10 694,12.0,3.0,0.0,34.0,sí,66.0,45.0,0,barcelona,directo,1.0
03/03/2025,2864.044868366915,alcance,autopista,41 831,17.0,1.0,0.0,61.0,no,43.0,27.0,0,zaragoza,mediador,63.0
29/05/2024,980.2902317495829,golpe en aparcamiento,urbana,7 974,1.0,1.0,0.0,45.0,sí,53.0,18.0,300,barcelona,mediador,66.0
21/08/2024,2574.230919054705,alcance,interurbana,16 835,16.0,1.0,0.0,52.0,sí,40.0,37.0,150,barcelona,directo,12.0
21/10/2025,3217.7705940894266,colisión frontal,urbana,8 939,19.0,4.0,0.0,9.0,no,32.0,13.0,150,zaragoza,directo,34.0
05/07/2025,755.0496674207852,salida de vía,urbana,7 126,19.0,1.0,0.0,65.0,no,32.0,45.0,150,barcelona,directo,65.0
13/10/2024,1382.2600416147122,robo,urbana,20 590,12.0,1.0,0.0,65.0,no,31.0,5.0,300,sevilla,directo,124.0
26/03/2025,430.46768167756505,golpe en aparcamiento,urbana,6 605,16.0,3.0,0.0,37.0,sí,18.0,12.0,150,sevilla,mediador,162.0
12/01/2024,485.2786076733914,golpe en aparcamiento,urbana,13 014,4.0,1.0,0.0,69.0,no,40.0,34.0,300,valencia,mediador,7.0
06/09/2025,2910.523952992244,alcance,urbana,45 412,13.0,1.0,0.0,50.0,sí,39.0,12.0,600,coruña,mediador,24.0
05/03/2024,239.36014499510657,golpe en aparcamiento,urbana,3 081,2.0,1.0,2.0,34.0,no,30.0,31.0,600,sevilla,banca seguros,171.0
09/08/2025,1909.0429530761678,alcance,urbana,7 705,5.0,1.0,1.0,51.0,sí,59.0,41.0,150,coruña,banca seguros,81.0
27/03/2025,1530.518847903294,GOLPE EN APARCAMIENTO,interurbana,23 207,1.0,1.0,0.0,92.0,N/D,56.0,8.0,150,barcelona,banca seguros,39.0
12/12/2024,1163.8917821686346,golpe en aparcamiento,interurbana,7 058,14.0,1.0,0.0,38.0,no,42.0,29.0,0,valencia,mediador,65.0
18/02/2025,2254.478040166454,colisión frontal,autopista,15 200,22.0,2.0,0.0,6.0,sí,22.0,15.0,0,barcelona,mediador,66.0
14/11/2024,7149.677863307225,salida de vía,urbana,52 810,9.0,2.0,0.0,61.0,no,26.0,19.0,600,valencia,mediador,31.0
26/10/2025,249.9008057414767,golpe en aparcamiento,urbana,8 280,19.0,2.0,0.0,56.0,sí,67.0,23.0,0,zaragoza,banca seguros,174.0
02/05/2025,1838.1044437597127,ALCANCE,urbana,17 744,3.0,1.0,0.0,11.0,sí,18.0,40.0,150,sevilla,directo,34.0
12/11/2024,565.3525800989596,ALCANCE,autopista,11 348,3.0,3.0,0.0,63.0,no,35.0,28.0,300,valencia,mediador,40.0
20/01/2025,3330.4538061065327,  robo ,urbana,25 115,19.0,2.0,0.0,46.0,no,26.0,49.0,0,madrid,directo,178.0
18/01/2025,746.9625835704137,alcance,interurbana,16 324,6.0,1.0,0.0,44.0,no,59.0,41.0,150,valencia,banca seguros,26.0
25/10/2024,882.247276337617,robo,interurbana,8 223,19.0,1.0,0.0,39.0,no,40.0,37.0,150,madrid,mediador,7.0
15/08/2024,975.0322768221313,colisión frontal,urbana,8 488,13.0,2.0,0.0,41.0,no,37.0,17.0,0,sevilla,banca seguros,73.0
07/06/2024,3466.7722929921733,alcance,urbana,19 774,15.0,1.0,0.0,56.0,no,45.0,18.0,0,coruña,directo,177.0
30/09/2025,735.6801444154052,alcance,interurbana,4 629,8.0,1.0,0.0,90.0,no,40.0,49.0,300,zaragoza,directo,3.0
26/11/2024,516.7025968194303,GOLPE EN APARCAMIENTO,urbana,7 060,22.0,2.0,0.0,33.0,sí,48.0,2.0,0,madrid,mediador,132.0
29/06/2024,1432.2132896216813,salida de vía,urbana,7 451,15.0,3.0,0.0,52.0,sí,62.0,27.0,150,coruña,directo,39.0
22/02/2024,1251.541124013587,robo,urbana,12 037,19.0,2.0,0.0,38.0,no,64.0,4.0,150,madrid,banca seguros,169.0
13/04/2025,272.6396372834153,alcance,interurbana,3 436,19.0,2.0,0.0,53.0,sí,66.0,2.0,0,madrid,directo,145.0
19/02/2024,960.9449109487277,alcance,urbana,11 591,6.0,1.0,0.0,66.0,no,47.0,18.0,150,sevilla,mediador,4.0
04/12/2024,2915.9883760911807,  salida de vía ,interurbana,13 008,20.0,1.0,0.0,52.0,no,38.0,5.0,300,sevilla,directo,88.0
24/11/2024,369.2024736457574,alcance,urbana,4 689,3.0,2.0,0.0,30.0,no,54.0,18.0,600,sevilla,mediador,48.0
02/08/2024,902.4777730413451,alcance,urbana,12 734,12.0,1.0,0.0,62.0,no,53.0,38.0,0,madrid,mediador,125.0
28/09/2024,3670.0358019182754,colisión frontal,urbana,21 103,19.0,2.0,0.0,81.0,no,49.0,17.0,150,valencia,mediador,87.0
15/11/2024,1264.693600160599,colisión frontal,urbana,4 010,17.0,2.0,0.0,46.0,no,18.0,44.0,150,zaragoza,directo,10.0
27/07/2024,799.4765542598046,robo,interurbana,4 358,14.0,2.0,1.0,64.0,no,62.0,49.0,600,sevilla,banca seguros,29.0
25/05/2025,505.0927876200318,alcance,interurbana,13 409,15.0,1.0,0.0,19.0,no,42.0,23.0,0,coruña,banca seguros,71.0
28/08/2024,1930.8896115170169,colisión frontal,interurbana,9 007,13.0,2.0,0.0,54.0,no,41.0,37.0,0,sevilla,banca seguros,91.0
30/10/2025,470.4992826381336,golpe en aparcamiento,interurbana,4 196,7.0,1.0,2.0,30.0,no,49.0,47.0,600,sevilla,banca seguros,77.0
04/07/2024,1981.7120706501928,salida de vía,urbana,23 100,11.0,1.0,0.0,77.0,no,38.0,0.0,600,sevilla,mediador,64.0
10/12/2024,5559.001694390679,colisión frontal,urbana,22 046,16.0,1.0,0.0,44.0,no,25.0,19.0,0,coruña,mediador,105.0
31/07/2024,3661.777142560705,ALCANCE,urbana,27 621,16.0,1.0,0.0,42.0,sí,39.0,8.0,150,valencia,banca seguros,135.0
27/02/2025,935.4550634529254,golpe en aparcamiento,autopista,12 546,12.0,1.0,0.0,68.0,no,41.0,8.0,0,sevilla,directo,119.0
25/09/2024,1216.2196857360395,robo,urbana,2 582,13.0,4.0,1.0,71.0,no,61.0,22.0,600,coruña,banca seguros,69.0
07/02/2024,900.5187527650529,colisión frontal,urbana,6 244,0.0,1.0,0.0,91.0,no,49.0,46.0,300,sevilla,banca seguros,81.0
08/04/2024,1516.0152400795291,  alcance ,urbana,18 309,13.0,1.0,0.0,71.0,no,41.0,35.0,0,barcelona,mediador,42.0
15/10/2025,588.5731881009096,  golpe en aparcamiento ,interurbana,7 219,3.0,1.0,0.0,43.0,sí,49.0,46.0,150,madrid,directo,107.0
14/02/2024,4065.4787297755684,colisión frontal,urbana,12 376,18.0,4.0,0.0,42.0,no,36.0,49.0,150,valencia,mediador,14.0
17/10/2025,2092.18044147193,ROBO,urbana,17 432,20.0,2.0,0.0,52.0,sí,54.0,18.0,300,sevilla,banca seguros,30.0
02/04/2024,590.739798017841,ALCANCE,urbana,5 433,6.0,4.0,0.0,45.0,no,33.0,36.0,0,madrid,mediador,82.0
11/07/2025,1879.4991261769285,robo,urbana,31 480,18.0,2.0,3.0,44.0,no,39.0,17.0,0,valencia,banca seguros,172.0
26/03/2024,895.1575525166934,alcance,urbana,8 064,5.0,1.0,0.0,48.0,no,18.0,9.0,0,zaragoza,directo,173.0
22/09/2025,1084.5880327791704,  alcance ,urbana,9 471,4.0,1.0,0.0,0.0,sí,19.0,15.0,600,barcelona,banca seguros,10.0
25/09/2025,683.6977083829291,alcance,urbana,12 248,15.0,1.0,0.0,28.0,no,26.0,18.0,0,coruña,banca seguros,12.0
03/08/2025,740.9138115670386,golpe en aparcamiento,interurbana,9 744,1.0,2.0,0.0,48.0,no,48.0,8.0,150,sevilla,directo,49.0
24/12/2025,5605.181964404261,colisión frontal,urbana,20 005,17.0,1.0,0.0,73.0,no,29.0,2.0,150,barcelona,directo,179.0
21/06/2025,2424.4435247641195,salida de vía,interurbana,10 122,4.0,1.0,0.0,52.0,sí,22.0,44.0,0,sevilla,mediador,133.0
08/01/2025,4170.479895932442,alcance,urbana,30 282,4.0,2.0,0.0,45.0,sí,28.0,11.0,150,barcelona,mediador,128.0
04/07/2025,913.5608049594504,alcance,urbana,28 712,5.0,1.0,0.0,80.0,sí,54.0,41.0,0,valencia,directo,103.0
05/06/2025,5251.624103991748,  colisión frontal ,interurbana,5 459,15.0,1.0,0.0,65.0,sí,38.0,36.0,150,valencia,banca seguros,71.0
15/03/2025,2743.0234564234934,colisión frontal,urbana,17 037,6.0,1.0,1.0,37.0,no,23.0,48.0,150,sevilla,mediador,23.0
20/03/2025,2007.349413992947,  alcance ,autopista,5 651,13.0,1.0,1.0,25.0,no,42.0,33.0,150,coruña,directo,180.0
12/01/2025,5194.541833074266,golpe en aparcamiento,interurbana,32 761,17.0,2.0,0.0,58.0,no,54.0,1.0,0,barcelona,mediador,12.0
21/03/2024,1774.8106143476857,golpe en aparcamiento,autopista,5 606,0.0,4.0,0.0,13.0,sí,24.0,49.0,0,coruña,directo,124.0
30/01/2024,1038.8165854554713,golpe en aparcamiento,interurbana,8 131,3.0,1.0,0.0,68.0,sí,61.0,5.0,0,zaragoza,mediador,174.0
12/04/2024,5493.697073738602,alcance,urbana,19 050,5.0,3.0,1.0,43.0,no,49.0,48.0,0,zaragoza,mediador,33.0
15/06/2025,2222.5437178267034,alcance,urbana,12 977,1.0,1.0,1.0,46.0,no,54.0,20.0,0,madrid,mediador,134.0
11/12/2025,2533.707191986358,salida de vía,urbana,7 125,10.0,2.0,0.0,76.0,no,69.0,2.0,600,valencia,directo,168.0
30/06/2024,1020.4985792980764,  robo ,autopista,13 667,8.0,2.0,0.0,60.0,sí,30.0,9.0,0,barcelona,banca seguros,98.0
25/01/2025,1738.5683152784893,robo,urbana,6 673,1.0,1.0,0.0,47.0,sí,51.0,6.0,0,coruña,mediador,104.0
28/12/2025,1297.0691293935063,alcance,urbana,18 282,13.0,2.0,0.0,57.0,no,75.0,34.0,150,coruña,mediador,153.0
26/04/2025,328.21186990529344,  golpe en aparcamiento ,urbana,9 570,20.0,1.0,1.0,79.0,no,33.0,41.0,0,valencia,mediador,118.0
11/05/2024,1443.3462697668133,  salida de vía ,urbana,8 301,21.0,3.0,0.0,81.0,sí,50.0,10.0,0,coruña,mediador,78.0
24/04/2024,928.8741865861225,golpe en aparcamiento,interurbana,11 073,2.0,2.0,0.0,55.0,no,66.0,49.0,300,madrid,mediador,180.0
20/07/2025,316.9314928896379,  salida de vía ,interurbana,4 965,7.0,1.0,0.0,58.0,sí,51.0,24.0,0,barcelona,mediador,115.0
08/08/2025,619.9678480786089,  alcance ,urbana,26 105,5.0,2.0,0.0,50.0,no,35.0,47.0,0,coruña,banca seguros,46.0
16/04/2025,4562.82088184708,COLISIÓN FRONTAL,interurbana,18 322,18.0,1.0,0.0,62.0,no,58.0,33.0,0,valencia,mediador,103.0
19/03/2024,2138.5055601077647,COLISIÓN FRONTAL,urbana,15 894,9.0,1.0,0.0,71.0,sí,40.0,24.0,0,barcelona,mediador,84.0
01/07/2025,1901.4295965284373,golpe en aparcamiento,interurbana,16 989,4.0,1.0,0.0,65.0,sí,18.0,49.0,300,barcelona,mediador,4.0
09/04/2025,977.8880165365523,salida de vía,urbana,7 285,17.0,1.0,0.0,9.0,sí,48.0,8.0,600,sevilla,directo,71.0
26/11/2024,5275.36709093616,incendio,urbana,5 231,14.0,2.0,0.0,65.0,no,38.0,35.0,150,zaragoza,mediador,28.0
11/11/2025,7286.120934063871,colisión frontal,urbana,7 908,2.0,4.0,0.0,72.0,no,24.0,21.0,150,zaragoza,directo,16.0
03/06/2024,536.9936076750712,golpe en aparcamiento,autopista,10 610,22.0,1.0,0.0,88.0,sí,51.0,0.0,150,barcelona,mediador,145.0
20/02/2025,282.2540347597029,golpe en aparcamiento,interurbana,8 449,22.0,3.0,0.0,31.0,no,21.0,41.0,150,madrid,directo,8.0
02/10/2025,424.0575041787377,golpe en aparcamiento,urbana,3 416,8.0,2.0,0.0,52.0,sí,61.0,20.0,0,zaragoza,directo,131.0
22/07/2024,497.424958075757,golpe en aparcamiento,urbana,4 888,22.0,2.0,0.0,88.0,no,50.0,13.0,150,madrid,directo,10.0
21/06/2025,669.3395745227855,alcance,urbana,18 433,18.0,1.0,0.0,22.0,no,50.0,22.0,600,valencia,directo,78.0
28/05/2024,228.80158081229328,  golpe en aparcamiento ,urbana,7 939,17.0,5.0,0.0,54.0,no,37.0,50.0,600,zaragoza,directo,60.0
15/02/2024,2155.2928478042218,colisión frontal,interurbana,14 376,7.0,1.0,0.0,25.0,sí,56.0,29.0,0,valencia,mediador,169.0
11/04/2025,1007.7779118815444,golpe en aparcamiento,interurbana,8 215,21.0,1.0,0.0,64.0,no,40.0,17.0,150,barcelona,mediador,143.0
31/03/2025,7985.476448492856,salida de vía,interurbana,15 153,0.0,1.0,0.0,20.0,no,18.0,41.0,300,coruña,mediador,85.0
18/01/2025,271.6248849451713,GOLPE EN APARCAMIENTO,interurbana,5 543,1.0,1.0,0.0,49.0,no,54.0,31.0,0,madrid,banca seguros,126.0
01/01/2025,406.245736795369,golpe en aparcamiento,urbana,8 115,18.0,1.0,0.0,60.0,sí,60.0,13.0,0,sevilla,mediador,179.0
09/02/2025,298.7545967141336,golpe en aparcamiento,interurbana,6 991,8.0,1.0,0.0,40.0,sí,49.0,47.0,0,madrid,mediador,7.0
05/04/2025,735.6814029155155,GOLPE EN APARCAMIENTO,autopista,10 074,13.0,2.0,0.0,83.0,no,55.0,7.0,0,barcelona,mediador,29.0
28/10/2024,9489.193585886182,incendio,urbana,12 243,16.0,1.0,0.0,45.0,no,18.0,15.0,0,zaragoza,directo,123.0
16/09/2025,1651.8846156244979,alcance,interurbana,17 851,4.0,1.0,0.0,64.0,sí,29.0,42.0,300,barcelona,directo,167.0
20/11/2025,2496.501406920283,salida de vía,urbana,18 730,6.0,1.0,0.0,91.0,no,45.0,25.0,0,zaragoza,directo,69.0
14/09/2024,3822.8024922654445,GOLPE EN APARCAMIENTO,autopista,18 069,5.0,1.0,0.0,45.0,no,55.0,49.0,150,coruña,banca seguros,112.0
31/08/2025,2221.1009340447754,salida de vía,urbana,20 820,22.0,1.0,1.0,82.0,sí,18.0,38.0,0,sevilla,directo,166.0
21/04/2025,250.62377436263236,  golpe en aparcamiento ,urbana,11 453,20.0,1.0,0.0,23.0,no,35.0,37.0,300,madrid,mediador,17.0
12/10/2025,173.11983536112976,golpe en aparcamiento,urbana,5 372,4.0,1.0,0.0,9.0,no,43.0,11.0,300,madrid,mediador,17.0
24/07/2024,1942.1668181897314,colisión frontal,urbana,9 809,4.0,5.0,0.0,37.0,no,63.0,11.0,300,valencia,directo,107.0
15/07/2024,1062.2419001931955,robo,urbana,8 525,9.0,1.0,1.0,44.0,no,55.0,32.0,600,sevilla,mediador,41.0
06/04/2024,1093.336083468196,alcance,interurbana,5 186,3.0,5.0,0.0,36.0,no,41.0,37.0,300,valencia,mediador,24.0
08/09/2024,1379.7916012857634,colisión frontal,autopista,6 519,8.0,1.0,0.0,0.0,no,35.0,21.0,0,sevilla,mediador,149.0
12/07/2024,230.24735449793755,golpe en aparcamiento,urbana,4 771,9.0,1.0,0.0,20.0,no,29.0,46.0,0,zaragoza,mediador,117.0
10/03/2025,412.143197720232,golpe en aparcamiento,interurbana,10 935,0.0,1.0,0.0,92.0,no,45.0,34.0,300,valencia,banca seguros,87.0
06/05/2025,5983.842825715477,robo,interurbana,15 249,15.0,1.0,5.0,101.0,no,52.0,5.0,0,zaragoza,directo,127.0
26/05/2024,9193.51420390139,salida de vía,urbana,27 944,12.0,5.0,0.0,31.0,no,45.0,42.0,0,sevilla,mediador,114.0
29/07/2024,715.4702008807552,alcance,interurbana,8 593,7.0,5.0,0.0,27.0,sí,46.0,21.0,300,barcelona,mediador,53.0
13/03/2024,3381.5502090578516,salida de vía,urbana,11 020,0.0,1.0,0.0,44.0,no,22.0,5.0,600,valencia,mediador,53.0
26/07/2025,921.0977493797631,golpe en aparcamiento,interurbana,16 046,11.0,1.0,0.0,0.0,sí,45.0,39.0,0,sevilla,mediador,57.0
14/03/2024,4098.804766823585,alcance,autopista,15 818,2.0,3.0,0.0,50.0,no,47.0,37.0,0,zaragoza,directo,154.0
04/04/2024,736.8249626872548,golpe en aparcamiento,interurbana,9 002,9.0,2.0,0.0,79.0,sí,58.0,46.0,0,coruña,mediador,7.0
31/03/2025,1954.2077787227,  salida de vía ,urbana,11 975,20.0,3.0,0.0,0.0,no,55.0,4.0,300,coruña,mediador,148.0
08/12/2024,2617.716143351679,salida de vía,interurbana,5 601,16.0,1.0,0.0,86.0,no,49.0,11.0,0,coruña,mediador,41.0
02/04/2025,6555.778833431082,salida de via,autopista,10 641,8.0,4.0,1.0,36.0,no,48.0,7.0,0,sevilla,directo,179.0
10/07/2025,268.45455593007,alcance,interurbana,3 557,8.0,1.0,0.0,21.0,sí,48.0,8.0,150,madrid,mediador,38.0
04/08/2024,520.4336277304074,golpe en aparcamiento,urbana,5 790,10.0,2.0,0.0,80.0,no,80.0,46.0,300,barcelona,mediador,91.0
17/01/2024,1120.5179865145617,golpe en aparcamiento,autopista,23 005,6.0,1.0,0.0,82.0,no,53.0,10.0,150,madrid,directo,32.0
12/12/2025,3177.1615337821518,colisión frontal,urbana,4 643,20.0,1.0,0.0,37.0,no,51.0,1.0,300,barcelona,mediador,25.0
28/02/2025,1602.5740173767033,alcance,autopista,9 699,1.0,2.0,0.0,17.0,no,18.0,18.0,300,barcelona,banca seguros,23.0
25/03/2024,1038.516777294005,colisión frontal,urbana,10 922,18.0,1.0,1.0,68.0,no,71.0,21.0,0,barcelona,banca seguros,148.0
03/12/2024,690.6181137697793,golpe en aparcamiento,interurbana,23 104,20.0,1.0,0.0,57.0,no,53.0,21.0,300,zaragoza,banca seguros,25.0
10/02/2025,1711.3900656711935,alcance,urbana,11 207,0.0,2.0,1.0,30.0,sí,45.0,49.0,0,barcelona,directo,72.0
26/11/2025,4221.847829384615,  colisión frontal ,interurbana,12 017,1.0,3.0,1.0,62.0,no,48.0,41.0,0,zaragoza,banca seguros,44.0
29/07/2025,418.385201846807,robo,urbana,3 779,20.0,2.0,0.0,34.0,no,47.0,5.0,300,valencia,directo,5.0
21/07/2024,313.75445739081755,golpe en aparcamiento,urbana,13 207,4.0,1.0,2.0,41.0,no,26.0,2.0,150,sevilla,mediador,98.0
22/07/2025,7529.011587536867,alcance,interurbana,24 611,9.0,1.0,1.0,82.0,sí,46.0,33.0,300,madrid,mediador,87.0
26/01/2024,1829.6443764638275,salida de via,autopista,14 502,19.0,2.0,0.0,59.0,no,55.0,0.0,0,valencia,directo,104.0
22/06/2024,514.2259603305372,alcance,urbana,5 826,21.0,1.0,0.0,39.0,N/D,31.0,1.0,150,sevilla,directo,124.0
14/05/2024,533.3919775689799,golpe en aparcamiento,urbana,10 622,6.0,2.0,0.0,49.0,no,57.0,31.0,0,sevilla,mediador,39.0
27/11/2024,767.1325770971517,GOLPE EN APARCAMIENTO,urbana,18 272,7.0,1.0,0.0,41.0,no,43.0,48.0,150,madrid,directo,98.0
31/01/2025,2077.0444748816,alcance,autopista,7 910,15.0,1.0,0.0,47.0,no,64.0,10.0,600,zaragoza,directo,156.0
01/10/2024,778.0394228070633,golpe en aparcamiento,urbana,14 298,19.0,2.0,0.0,48.0,sí,75.0,38.0,0,valencia,mediador,170.0
21/06/2024,705.2828758208072,alcance,urbana,20 125,12.0,1.0,0.0,0.0,sí,62.0,25.0,0,zaragoza,banca seguros,144.0
07/06/2024,269.0989000142216,alcance,urbana,7 018,20.0,1.0,0.0,69.0,sí,39.0,11.0,150,coruña,directo,41.0
20/12/2025,772.9835210049779,robo,urbana,22 647,16.0,2.0,0.0,40.0,no,40.0,10.0,300,madrid,directo,74.0
14/04/2025,410.3810856598614,GOLPE EN APARCAMIENTO,urbana,9 124,20.0,2.0,3.0,67.0,no,67.0,22.0,0,barcelona,directo,156.0
04/05/2024,706.5097036049717,alcance,urbana,9 660,21.0,1.0,0.0,52.0,sí,47.0,19.0,600,sevilla,mediador,34.0
14/07/2024,2360.984371252134,  salida de vía ,interurbana,8 579,2.0,3.0,0.0,57.0,no,59.0,32.0,150,coruña,directo,16.0
28/08/2024,1199.5902378189805,GOLPE EN APARCAMIENTO,urbana,19 010,4.0,2.0,0.0,54.0,sí,38.0,43.0,0,barcelona,mediador,77.0
30/05/2024,1383.339624896898,SALIDA DE VÍA,urbana,46 820,21.0,1.0,0.0,28.0,N/D,79.0,41.0,150,zaragoza,directo,71.0
02/10/2024,1298.1333950535723,salida de vía,urbana,26 473,17.0,1.0,0.0,66.0,no,18.0,15.0,150,zaragoza,mediador,29.0
06/02/2024,4104.92956480277,  alcance ,interurbana,23 858,9.0,1.0,0.0,19.0,N/D,21.0,27.0,0,barcelona,directo,71.0
23/12/2024,1350.2218759132693,colisión frontal,urbana,7 254,5.0,1.0,0.0,74.0,no,35.0,15.0,0,valencia,directo,92.0
06/10/2024,3275.1047574361523,salida de vía,interurbana,31 456,15.0,1.0,0.0,41.0,N/D,30.0,7.0,0,zaragoza,directo,69.0
01/04/2024,290.5176387938558,ALCANCE,urbana,11 494,6.0,2.0,0.0,36.0,no,22.0,24.0,600,sevilla,mediador,73.0
31/03/2024,1477.342742392128,alcance,interurbana,9 148,13.0,1.0,0.0,48.0,sí,57.0,36.0,150,coruña,directo,103.0
01/09/2024,2448.118589194858,salida de vía,urbana,21 047,17.0,2.0,1.0,68.0,sí,48.0,28.0,300,madrid,mediador,178.0
31/12/2024,1963.562992137493,salida de via,urbana,6 490,9.0,1.0,0.0,68.0,no,18.0,3.0,150,barcelona,directo,175.0
26/01/2024,4708.224024358082,salida de vía,urbana,12 497,2.0,3.0,0.0,48.0,sí,48.0,38.0,300,coruña,mediador,29.0
02/06/2025,600.5718710478371,golpe en aparcamiento,urbana,12 684,4.0,3.0,0.0,39.0,no,64.0,44.0,300,madrid,directo,41.0
16/02/2024,12495.531009961182,salida de vía,interurbana,20 969,0.0,4.0,0.0,45.0,sí,41.0,9.0,300,zaragoza,banca seguros,156.0
11/06/2025,463.03695155531676,salida de vía,autopista,3 507,4.0,1.0,0.0,70.0,no,35.0,16.0,0,sevilla,mediador,92.0
01/11/2024,584.1448912762594,golpe en aparcamiento,urbana,5 217,0.0,3.0,0.0,6.0,sí,26.0,50.0,0,sevilla,directo,171.0
23/08/2025,415.30415653172446,robo,interurbana,9 212,20.0,2.0,0.0,39.0,sí,62.0,22.0,0,coruña,banca seguros,62.0
11/09/2024,578.3905029594582,golpe en aparcamiento,urbana,17 596,22.0,3.0,1.0,30.0,no,26.0,6.0,0,barcelona,mediador,30.0
01/04/2025,875.613165943672,alcance,urbana,9 741,11.0,2.0,4.0,53.0,no,63.0,6.0,300,zaragoza,banca seguros,73.0
12/08/2024,951.847103719893,salida de vía,urbana,14 371,8.0,3.0,0.0,46.0,no,50.0,32.0,300,madrid,mediador,176.0
26/06/2025,5535.456380619031,robo,urbana,14 326,6.0,2.0,1.0,54.0,no,41.0,34.0,300,coruña,banca seguros,106.0
28/10/2024,2905.6389873434705,colisión frontal,interurbana,6 752,17.0,2.0,0.0,71.0,no,50.0,18.0,150,madrid,directo,27.0
10/04/2025,580.3183662353614,golpe en aparcamiento,autopista,2 563,17.0,1.0,0.0,59.0,no,64.0,45.0,0,zaragoza,directo,160.0
30/07/2025,360.7879261530178,alcance,urbana,7 341,21.0,2.0,0.0,69.0,no,49.0,5.0,0,coruña,banca seguros,53.0
01/05/2024,3605.7543059404784,colisión frontal,autopista,9 872,0.0,1.0,0.0,72.0,no,42.0,26.0,0,valencia,mediador,141.0
21/10/2024,303.6726351754951,golpe en aparcamiento,urbana,4 855,5.0,2.0,0.0,57.0,no,20.0,24.0,0,sevilla,banca seguros,42.0
15/10/2024,4758.563144923822,colisión frontal,interurbana,20 508,8.0,1.0,0.0,55.0,N/D,42.0,4.0,150,valencia,directo,170.0
03/01/2024,3193.7489610754546,salida de vía,interurbana,8 486,1.0,2.0,0.0,75.0,no,22.0,1.0,150,madrid,mediador,141.0
01/09/2025,9910.513611732425,  colisión frontal ,interurbana,25 291,3.0,1.0,0.0,55.0,no,41.0,50.0,150,barcelona,mediador,81.0
29/04/2025,531.769460740402,golpe en aparcamiento,autopista,11 321,12.0,2.0,1.0,44.0,sí,35.0,45.0,0,valencia,directo,66.0
23/10/2024,1428.129824822667,golpe en aparcamiento,urbana,60 991,14.0,1.0,0.0,37.0,N/D,49.0,9.0,0,coruña,banca seguros,113.0
19/11/2025,675.0733427861995,  robo ,urbana,2 843,20.0,2.0,0.0,12.0,no,40.0,47.0,0,valencia,mediador,63.0
09/12/2025,1904.52755361473,salida de vía,autopista,10 010,21.0,3.0,0.0,14.0,no,56.0,40.0,0,coruña,mediador,152.0
27/08/2024,1036.7268065093183,salida de vía,interurbana,18 780,19.0,3.0,1.0,63.0,sí,41.0,50.0,300,sevilla,mediador,180.0
13/11/2024,171.48542441800225,alcance,urbana,2 910,15.0,1.0,0.0,70.0,no,55.0,25.0,150,sevilla,banca seguros,82.0
18/05/2024,1731.3965855484978,salida de vía,interurbana,10 253,13.0,1.0,0.0,33.0,no,41.0,1.0,0,zaragoza,mediador,170.0
22/01/2025,1206.496914357232,alcance,urbana,20 032,9.0,1.0,0.0,69.0,no,45.0,14.0,0,valencia,mediador,127.0
14/09/2024,1520.9678641909732,alcance,interurbana,50 331,11.0,2.0,0.0,60.0,no,38.0,39.0,0,barcelona,directo,129.0
09/09/2025,1382.2185366616816,alcance,autopista,60 495,22.0,1.0,0.0,95.0,no,44.0,40.0,0,valencia,directo,65.0
13/07/2025,4204.031206801405,robo,urbana,19 088,10.0,2.0,4.0,50.0,sí,51.0,46.0,150,zaragoza,mediador,18.0
18/01/2025,719.5128289058165,golpe en aparcamiento,urbana,11 015,0.0,1.0,0.0,36.0,no,38.0,29.0,0,sevilla,directo,95.0
04/01/2025,2104.541722747273,alcance,urbana,4 934,17.0,4.0,3.0,72.0,sí,54.0,28.0,150,zaragoza,mediador,26.0
03/11/2025,2106.342110513759,colisión frontal,urbana,17 217,9.0,1.0,0.0,43.0,no,86.0,40.0,150,madrid,banca seguros,57.0
16/12/2024,3591.392032827508,alcance,interurbana,23 544,5.0,3.0,0.0,22.0,sí,39.0,45.0,600,coruña,mediador,29.0
03/03/2024,926.7889273483971,salida de vía,urbana,6 991,8.0,3.0,0.0,56.0,sí,46.0,25.0,150,coruña,mediador,143.0
12/07/2025,406.57319326995844,golpe en aparcamiento,urbana,40 734,10.0,1.0,0.0,46.0,sí,48.0,30.0,600,zaragoza,banca seguros,114.0
31/01/2025,706.4630902069424,golpe en aparcamiento,urbana,9 368,8.0,1.0,0.0,34.0,no,33.0,12.0,300,barcelona,mediador,77.0
05/05/2025,562.2123117083266,golpe en aparcamiento,urbana,6 353,6.0,1.0,0.0,41.0,no,46.0,19.0,150,madrid,mediador,29.0
26/05/2024,573.6387729623265,robo,autopista,7 996,6.0,1.0,0.0,38.0,no,54.0,19.0,0,coruña,mediador,51.0
29/12/2024,1367.4905583794086,alcance,urbana,14 489,1.0,1.0,0.0,70.0,no,35.0,29.0,0,madrid,mediador,116.0
23/11/2024,9014.640121557688,robo,urbana,23 238,7.0,2.0,0.0,40.0,sí,21.0,46.0,0,barcelona,mediador,41.0
14/10/2025,642.2686345606556,alcance,urbana,10 952,19.0,1.0,0.0,36.0,sí,26.0,34.0,0,zaragoza,mediador,76.0
09/11/2024,6538.682421064907,colisión frontal,autopista,12 289,17.0,3.0,1.0,63.0,no,26.0,48.0,0,coruña,directo,97.0
18/03/2025,384.6272116727796,GOLPE EN APARCAMIENTO,urbana,6 432,17.0,1.0,0.0,60.0,sí,57.0,43.0,0,sevilla,mediador,163.0
21/01/2024,1019.1876947221554,robo,urbana,4 101,19.0,2.0,0.0,36.0,sí,45.0,12.0,0,barcelona,directo,20.0
04/07/2024,2301.084988056618,colisión frontal,interurbana,15 587,17.0,2.0,0.0,22.0,sí,68.0,11.0,600,valencia,banca seguros,168.0
18/09/2024,1016.7822523556181,ALCANCE,urbana,15 977,6.0,1.0,0.0,50.0,sí,31.0,25.0,150,sevilla,mediador,161.0
20/05/2025,3813.367991265066,  salida de vía ,autopista,6 728,1.0,1.0,1.0,34.0,no,55.0,14.0,0,coruña,banca seguros,77.0
09/01/2024,1437.8935364750548,golpe en aparcamiento,interurbana,19 002,1.0,3.0,1.0,81.0,no,22.0,34.0,0,barcelona,mediador,166.0
24/01/2024,477.27819891321076,alcance,interurbana,4 616,14.0,4.0,0.0,32.0,no,39.0,46.0,0,zaragoza,mediador,16.0
30/03/2024,3055.35256015851,alcance,autopista,26 691,16.0,2.0,0.0,67.0,no,49.0,25.0,600,zaragoza,banca seguros,18.0
03/12/2024,812.2968802844982,alcance,urbana,13 770,12.0,3.0,0.0,87.0,sí,31.0,14.0,300,sevilla,mediador,161.0
26/04/2024,1939.3140161473543,alcance,urbana,54 793,7.0,2.0,0.0,24.0,no,44.0,2.0,300,coruña,mediador,7.0
23/11/2025,8554.721534380158,incendio,interurbana,16 784,19.0,1.0,0.0,23.0,no,38.0,11.0,150,zaragoza,directo,30.0
02/11/2025,2154.3086981179804,alcance,urbana,15 187,18.0,1.0,0.0,32.0,no,37.0,21.0,0,sevilla,mediador,100.0
28/08/2024,300.69408547129854,golpe en aparcamiento,interurbana,6 686,17.0,2.0,0.0,43.0,no,25.0,14.0,300,barcelona,directo,31.0
18/05/2024,5318.194544691937,colision frontal,urbana,9 611,3.0,1.0,2.0,52.0,no,37.0,34.0,150,valencia,directo,21.0
20/11/2024,2138.8485890826437,salida de vía,urbana,6 840,3.0,2.0,0.0,70.0,no,50.0,44.0,0,barcelona,mediador,140.0
16/09/2025,1458.8686023457283,salida de vía,urbana,12 946,17.0,1.0,0.0,36.0,N/D,38.0,33.0,0,valencia,mediador,48.0
11/02/2025,4029.6888405735667,colisión frontal,urbana,7 501,1.0,1.0,0.0,79.0,sí,64.0,33.0,0,coruña,mediador,115.0
25/09/2024,723.8028132905895,  salida de vía ,urbana,5 757,6.0,1.0,0.0,32.0,no,42.0,41.0,300,zaragoza,banca seguros,124.0
19/01/2025,1692.6908084923714,colisión frontal,urbana,4 973,4.0,4.0,0.0,49.0,sí,59.0,19.0,150,valencia,banca seguros,7.0
18/04/2025,2127.3028166634463,alcance,autopista,6 867,5.0,2.0,0.0,64.0,sí,27.0,50.0,0,sevilla,directo,122.0
06/07/2025,1319.2243261156082,alcance,interurbana,28 880,21.0,1.0,0.0,103.0,sí,62.0,48.0,300,madrid,mediador,99.0
24/01/2024,885.2383691807742,salida de vía,autopista,6 316,1.0,1.0,0.0,87.0,no,31.0,1.0,150,coruña,mediador,173.0
11/08/2025,1882.9539835928165,alcance,interurbana,12 898,15.0,1.0,0.0,51.0,no,27.0,44.0,150,barcelona,directo,144.0
07/08/2024,721.6210668346313,alcance,urbana,19 494,19.0,2.0,0.0,54.0,no,54.0,8.0,0,sevilla,mediador,42.0
31/10/2024,5331.647287276568,alcance,interurbana,22 256,12.0,1.0,0.0,55.0,sí,38.0,18.0,150,sevilla,mediador,43.0
04/01/2024,5717.237472336456,SALIDA DE VÍA,urbana,14 363,6.0,3.0,0.0,69.0,no,50.0,20.0,0,madrid,directo,15.0
20/05/2024,1331.5766496420113,alcance,urbana,12 196,20.0,1.0,0.0,19.0,sí,51.0,6.0,300,barcelona,banca seguros,107.0
01/07/2024,1339.4881810696875,ALCANCE,urbana,3 679,12.0,5.0,2.0,30.0,no,66.0,6.0,300,valencia,banca seguros,14.0
19/01/2024,1653.781909251177,alcance,autopista,17 279,6.0,2.0,1.0,83.0,no,35.0,25.0,150,barcelona,directo,158.0
15/02/2025,336.7997319878053,GOLPE EN APARCAMIENTO,urbana,11 122,0.0,3.0,0.0,73.0,no,43.0,42.0,300,zaragoza,directo,47.0
06/09/2024,724.2147049583082,alcance,autopista,18 380,3.0,2.0,1.0,97.0,no,56.0,20.0,300,madrid,directo,117.0
02/01/2024,4313.418233382646,robo,autopista,10 437,2.0,1.0,0.0,75.0,no,44.0,28.0,0,valencia,mediador,73.0
26/06/2024,8734.66622256645,robo,urbana,22 735,6.0,4.0,4.0,54.0,no,53.0,34.0,0,zaragoza,banca seguros,82.0
12/07/2025,3335.3699666132784,salida de vía,urbana,15 215,10.0,3.0,0.0,54.0,no,58.0,26.0,0,madrid,banca seguros,104.0
18/11/2024,2079.184366816931,  alcance ,autopista,10 985,11.0,1.0,0.0,54.0,no,74.0,33.0,0,zaragoza,banca seguros,65.0
30/12/2025,1143.214449875387,  golpe en aparcamiento ,urbana,10 804,10.0,1.0,1.0,11.0,no,54.0,34.0,300,sevilla,directo,26.0
07/01/2024,296.4318602529814,golpe en aparcamiento,urbana,4 935,21.0,4.0,1.0,38.0,N/D,53.0,33.0,600,sevilla,mediador,154.0
04/07/2024,702.3726360965422,alcance,urbana,4 708,16.0,1.0,0.0,23.0,no,32.0,6.0,300,sevilla,banca seguros,6.0
04/04/2024,763.4374353794128,golpe en aparcamiento,urbana,26 722,17.0,1.0,0.0,80.0,no,24.0,46.0,0,coruña,banca seguros,105.0
09/10/2024,1192.1612194178965,salida de vía,urbana,7 811,19.0,1.0,2.0,0.0,no,56.0,48.0,0,madrid,mediador,13.0
02/07/2024,1295.7190991741284,salida de vía,urbana,11 090,3.0,1.0,0.0,25.0,N/D,18.0,37.0,150,madrid,mediador,178.0
09/01/2024,148.37012897777763,golpe en aparcamiento,interurbana,1 703,19.0,2.0,1.0,38.0,sí,60.0,0.0,600,madrid,banca seguros,66.0
09/03/2025,218.3703712775945,golpe en aparcamiento,urbana,2 630,8.0,1.0,0.0,31.0,no,43.0,15.0,600,coruña,mediador,39.0
21/01/2025,786.3933940664698,robo,interurbana,4 798,1.0,2.0,0.0,42.0,no,31.0,4.0,300,coruña,banca seguros,175.0
11/09/2025,3981.747082720528,salida de vía,interurbana,5 695,0.0,2.0,2.0,45.0,no,28.0,6.0,300,sevilla,directo,116.0
06/05/2025,1776.5842675506037,alcance,urbana,7 026,0.0,2.0,0.0,92.0,no,59.0,16.0,0,barcelona,directo,56.0
16/01/2025,776.0234383380106,golpe en aparcamiento,interurbana,8 673,19.0,2.0,0.0,58.0,no,40.0,19.0,0,sevilla,mediador,20.0
21/08/2024,2051.497740088911,colisión frontal,urbana,16 998,2.0,2.0,0.0,40.0,sí,48.0,35.0,0,madrid,mediador,57.0
05/03/2024,758.8953051219662,golpe en aparcamiento,urbana,11 801,12.0,1.0,0.0,91.0,no,42.0,6.0,300,madrid,directo,172.0
08/09/2025,971.9309576084021,golpe en aparcamiento,interurbana,25 690,17.0,1.0,0.0,9.0,no,31.0,23.0,300,zaragoza,mediador,83.0
15/02/2024,574.1107430634459,salida de via,urbana,9 184,3.0,1.0,0.0,62.0,sí,48.0,43.0,0,coruña,mediador,77.0
28/05/2025,11187.325526896486,colisión frontal,urbana,10 400,11.0,2.0,0.0,86.0,no,44.0,27.0,600,barcelona,mediador,111.0
16/08/2025,546.9285044351736,alcance,autopista,5 785,20.0,2.0,0.0,44.0,N/D,29.0,2.0,300,sevilla,mediador,125.0
22/04/2024,2963.279703596005,colision frontal,urbana,7 397,5.0,1.0,0.0,94.0,no,43.0,14.0,0,barcelona,banca seguros,92.0
31/05/2024,2767.322793065104,alcance,interurbana,15 926,15.0,1.0,0.0,40.0,no,30.0,20.0,300,coruña,mediador,169.0
15/01/2025,444.07794839896894,golpe en aparcamiento,urbana,17 716,8.0,3.0,0.0,49.0,no,30.0,19.0,150,coruña,banca seguros,95.0
06/02/2024,2625.9548545453513,ALCANCE,autopista,10 642,12.0,2.0,0.0,89.0,sí,49.0,29.0,0,sevilla,directo,149.0
04/06/2025,703.8160366231785,alcance,urbana,10 475,19.0,2.0,0.0,36.0,no,41.0,4.0,0,barcelona,mediador,30.0
11/09/2025,8446.031547111545,colisión frontal,autopista,10 496,12.0,1.0,1.0,15.0,no,42.0,3.0,0,sevilla,directo,132.0
26/04/2024,4398.076667667525,robo,interurbana,11 602,14.0,2.0,0.0,50.0,no,47.0,2.0,0,sevilla,banca seguros,152.0
10/12/2024,1731.489261000709,golpe en aparcamiento,autopista,8 975,1.0,3.0,0.0,60.0,sí,55.0,28.0,600,valencia,mediador,105.0
24/01/2025,1824.6638383916948,alcance,autopista,19 873,11.0,3.0,0.0,37.0,no,56.0,11.0,150,valencia,mediador,82.0
01/04/2025,2178.0598877309553,salida de vía,urbana,27 264,12.0,2.0,2.0,46.0,no,31.0,13.0,150,coruña,banca seguros,170.0
14/12/2025,531.9342630415548,golpe en aparcamiento,urbana,12 454,5.0,1.0,0.0,42.0,no,62.0,15.0,600,coruña,mediador,146.0
29/12/2024,150.72678742177732,golpe en aparcamiento,urbana,6 590,3.0,1.0,0.0,71.0,no,47.0,15.0,0,valencia,mediador,78.0
05/03/2024,620.3897385087665,golpe en aparcamiento,interurbana,4 357,7.0,4.0,1.0,88.0,no,27.0,8.0,0,zaragoza,directo,35.0
22/11/2024,403.5882535400518,alcance,urbana,10 067,15.0,1.0,0.0,12.0,no,54.0,23.0,0,zaragoza,banca seguros,109.0
30/05/2025,730.080646538885,COLISIÓN FRONTAL,urbana,4 128,10.0,2.0,0.0,62.0,no,76.0,28.0,0,zaragoza,directo,115.0
03/11/2025,1114.3645839621097,alcance,interurbana,11 693,0.0,2.0,1.0,25.0,no,41.0,4.0,150,valencia,directo,80.0
05/01/2025,1828.3772994325222,  alcance ,autopista,18 107,4.0,1.0,1.0,56.0,no,49.0,16.0,300,valencia,directo,8.0
30/04/2024,868.099616671253,SALIDA DE VÍA,urbana,9 730,13.0,2.0,2.0,25.0,no,70.0,40.0,0,zaragoza,directo,170.0
25/09/2024,573.9655919095625,SALIDA DE VÍA,urbana,8 927,15.0,3.0,0.0,31.0,no,23.0,34.0,0,valencia,directo,55.0
25/10/2024,2717.6294199664067,salida de vía,interurbana,16 848,4.0,1.0,0.0,43.0,no,35.0,36.0,0,sevilla,mediador,157.0
19/10/2025,213.51081946861757,golpe en aparcamiento,urbana,14 752,12.0,1.0,0.0,52.0,no,42.0,36.0,150,coruña,mediador,115.0
07/08/2025,449.48281300763375,robo,urbana,2 949,9.0,2.0,0.0,66.0,no,37.0,31.0,0,madrid,mediador,132.0
03/09/2025,231.95466280620917,alcance,interurbana,2 906,9.0,2.0,0.0,48.0,no,51.0,14.0,300,sevilla,mediador,154.0
07/07/2025,1083.418815821699,alcance,interurbana,17 390,12.0,4.0,0.0,62.0,no,28.0,5.0,150,zaragoza,banca seguros,47.0
13/12/2024,1035.468986718331,colisión frontal,urbana,7 273,12.0,1.0,0.0,64.0,sí,36.0,22.0,150,valencia,directo,15.0
02/07/2025,1352.9230650854997,alcance,interurbana,8 314,13.0,1.0,0.0,32.0,no,55.0,38.0,0,madrid,mediador,168.0
07/09/2024,869.7187824782242,alcance,urbana,12 375,6.0,1.0,0.0,69.0,sí,29.0,23.0,0,madrid,banca seguros,127.0
14/10/2024,420.56443503570915,golpe en aparcamiento,urbana,8 454,15.0,2.0,0.0,48.0,N/D,40.0,20.0,300,madrid,directo,74.0
14/06/2025,471.69128045355234,golpe en aparcamiento,urbana,37 281,2.0,1.0,0.0,44.0,no,25.0,36.0,300,sevilla,directo,71.0
13/02/2024,1323.4780742599671,golpe en aparcamiento,autopista,6 596,8.0,5.0,0.0,22.0,no,23.0,18.0,0,barcelona,directo,45.0
26/03/2025,745.1181264931662,salida de via,urbana,17 463,7.0,2.0,0.0,59.0,no,45.0,37.0,300,sevilla,directo,148.0
19/03/2024,2193.799271756411,alcance,urbana,9 832,1.0,1.0,0.0,70.0,no,43.0,28.0,0,barcelona,mediador,22.0
07/03/2025,3418.6313649312665,salida de vía,urbana,13 429,9.0,2.0,0.0,78.0,sí,37.0,6.0,300,sevilla,mediador,8.0
29/06/2024,958.3452156532445,alcance,interurbana,12 761,6.0,2.0,0.0,54.0,sí,52.0,1.0,0,madrid,mediador,68.0
24/10/2024,1372.2374177221034,alcance,urbana,5 109,19.0,5.0,0.0,83.0,no,39.0,0.0,0,madrid,directo,79.0
26/05/2024,316.32709277309965,golpe en aparcamiento,urbana,11 680,14.0,1.0,0.0,28.0,no,31.0,48.0,300,sevilla,banca seguros,91.0
07/01/2025,685.3553201180695,golpe en aparcamiento,interurbana,11 122,16.0,1.0,0.0,30.0,no,38.0,41.0,600,coruña,mediador,54.0
12/06/2024,1479.0909979333587,alcance,urbana,7 444,12.0,1.0,0.0,47.0,sí,27.0,15.0,0,zaragoza,mediador,160.0
20/07/2025,567.9379631476905,salida de via,interurbana,2 910,13.0,1.0,0.0,52.0,no,44.0,46.0,150,coruña,mediador,58.0
21/07/2024,2862.583645839266,alcance,urbana,8 276,7.0,2.0,1.0,49.0,no,18.0,8.0,0,valencia,banca seguros,53.0
13/07/2024,782.6776798644987,robo,interurbana,8 122,13.0,2.0,3.0,49.0,no,36.0,38.0,300,sevilla,mediador,16.0
29/10/2025,1181.2900111940633,alcance,interurbana,13 389,16.0,1.0,0.0,33.0,sí,44.0,12.0,0,barcelona,directo,121.0
12/04/2025,530.275003366881,alcance,interurbana,3 682,18.0,2.0,0.0,63.0,sí,25.0,23.0,150,valencia,banca seguros,19.0
18/01/2024,726.2933337853775,ALCANCE,interurbana,9 947,14.0,1.0,0.0,66.0,sí,36.0,5.0,0,zaragoza,banca seguros,67.0
29/04/2025,4851.501497508476,SALIDA DE VÍA,urbana,25 852,8.0,1.0,0.0,15.0,no,41.0,40.0,150,zaragoza,mediador,160.0
12/07/2024,472.80738831073666,alcance,autopista,3 526,10.0,2.0,0.0,49.0,no,48.0,27.0,300,madrid,mediador,7.0
19/07/2025,830.8973217391315,GOLPE EN APARCAMIENTO,interurbana,5 918,11.0,2.0,0.0,38.0,sí,51.0,14.0,600,madrid,mediador,85.0
03/10/2024,3460.5202508991842,robo,interurbana,7 458,15.0,1.0,1.0,54.0,N/D,20.0,21.0,0,zaragoza,mediador,29.0
25/12/2024,2547.2744508233786,salida de via,urbana,34 261,8.0,1.0,0.0,62.0,no,47.0,5.0,0,barcelona,mediador,113.0
24/07/2025,1207.463900743836,salida de vía,urbana,9 323,3.0,1.0,0.0,59.0,no,48.0,0.0,300,sevilla,mediador,13.0
09/08/2025,1528.7358768093625,alcance,autopista,16 682,20.0,2.0,0.0,47.0,sí,36.0,26.0,0,valencia,directo,35.0
21/09/2025,5427.203728579731,incendio,urbana,8 240,13.0,1.0,0.0,18.0,no,54.0,13.0,150,coruña,banca seguros,24.0
21/03/2025,1406.218507688804,GOLPE EN APARCAMIENTO,urbana,13 728,19.0,3.0,0.0,49.0,no,20.0,38.0,150,madrid,banca seguros,78.0
04/08/2024,1700.6189627632268,alcance,urbana,26 246,3.0,1.0,3.0,68.0,no,30.0,38.0,0,coruña,mediador,75.0
22/06/2025,706.981639858122,alcance,urbana,12 751,15.0,1.0,0.0,34.0,no,41.0,33.0,150,zaragoza,banca seguros,168.0
14/04/2025,17609.47178413048,  colisión frontal ,urbana,14 519,4.0,4.0,0.0,83.0,sí,24.0,39.0,0,sevilla,mediador,79.0
22/09/2024,10300.265634960077,salida de vía,autopista,34 591,6.0,1.0,0.0,65.0,no,43.0,37.0,0,sevilla,mediador,101.0
30/05/2024,7130.452157470711,salida de via,autopista,10 691,4.0,1.0,0.0,50.0,sí,44.0,12.0,300,zaragoza,mediador,72.0
05/08/2025,280.74910860655694,golpe en aparcamiento,urbana,7 556,19.0,2.0,0.0,62.0,no,53.0,17.0,300,valencia,directo,160.0
21/12/2024,512.1361720696975,golpe en aparcamiento,autopista,13 375,10.0,1.0,0.0,48.0,no,40.0,8.0,0,valencia,banca seguros,176.0
13/09/2024,593.1014676017028,salida de vía,urbana,8 137,15.0,1.0,1.0,44.0,no,68.0,17.0,0,madrid,mediador,145.0
14/11/2024,648.6773894708965,golpe en aparcamiento,urbana,9 046,6.0,2.0,0.0,34.0,sí,35.0,3.0,600,barcelona,banca seguros,124.0
25/02/2025,908.3264380551618,golpe en aparcamiento,urbana,16 829,22.0,2.0,1.0,45.0,sí,79.0,14.0,600,coruña,mediador,4.0
05/04/2025,2918.3817325584505,colisión frontal,urbana,8 561,12.0,2.0,0.0,61.0,no,60.0,15.0,300,valencia,mediador,47.0
01/04/2024,2606.6619547072937,salida de vía,interurbana,5 239,11.0,2.0,0.0,61.0,sí,64.0,50.0,0,valencia,mediador,31.0
25/04/2024,8557.493643176183,salida de vía,urbana,25 554,3.0,2.0,0.0,82.0,no,42.0,44.0,0,sevilla,directo,21.0
02/09/2024,648.4918840453842,GOLPE EN APARCAMIENTO,urbana,19 669,9.0,1.0,0.0,101.0,no,45.0,31.0,300,valencia,directo,54.0
05/01/2025,694.9648250692725,golpe en aparcamiento,autopista,4 252,13.0,1.0,0.0,76.0,no,44.0,31.0,0,sevilla,banca seguros,32.0
15/04/2025,15766.339751139103,colisión frontal,autopista,25 364,12.0,5.0,1.0,33.0,no,46.0,12.0,150,zaragoza,banca seguros,24.0
26/04/2025,841.7486789961357,colisión frontal,urbana,6 496,22.0,1.0,0.0,55.0,no,74.0,13.0,0,zaragoza,directo,105.0
28/04/2025,2809.189922188464,golpe en aparcamiento,urbana,19 674,0.0,4.0,1.0,86.0,sí,20.0,43.0,0,valencia,mediador,44.0
04/01/2024,5723.288187300403,colisión frontal,urbana,13 633,15.0,2.0,1.0,38.0,sí,55.0,25.0,300,barcelona,mediador,145.0
04/04/2024,922.7931927213957,salida de vía,urbana,15 728,9.0,2.0,0.0,47.0,no,33.0,38.0,300,madrid,mediador,167.0
21/01/2025,936.5894432982617,alcance,urbana,7 642,9.0,1.0,0.0,41.0,no,54.0,20.0,150,zaragoza,directo,59.0
25/11/2025,2288.574632299882,colisión frontal,urbana,12 808,1.0,3.0,0.0,83.0,no,59.0,6.0,0,zaragoza,directo,47.0
19/04/2025,1704.8596331116519,colision frontal,urbana,14 850,19.0,1.0,0.0,34.0,no,39.0,45.0,0,valencia,mediador,2.0
14/01/2024,2865.1681774438944,salida de vía,interurbana,12 940,6.0,1.0,0.0,59.0,no,24.0,8.0,150,coruña,directo,81.0
20/04/2025,478.0652252460357,alcance,autopista,9 658,3.0,1.0,2.0,46.0,no,42.0,21.0,300,sevilla,banca seguros,146.0
13/02/2025,7418.1317450992465,colisión frontal,urbana,13 184,6.0,3.0,2.0,50.0,no,33.0,48.0,150,sevilla,mediador,178.0
30/01/2025,1331.0587633480554,alcance,urbana,9 109,3.0,1.0,0.0,80.0,sí,19.0,28.0,150,valencia,directo,67.0
08/04/2024,1354.8840799348477,alcance,interurbana,15 185,14.0,2.0,0.0,24.0,no,26.0,34.0,0,zaragoza,banca seguros,129.0
19/12/2025,834.0561107852978,alcance,urbana,9 745,5.0,4.0,0.0,38.0,no,35.0,44.0,0,coruña,directo,146.0
05/12/2025,1026.9500593225932,  colisión frontal ,urbana,4 319,18.0,2.0,0.0,41.0,no,25.0,16.0,600,zaragoza,mediador,133.0
03/07/2024,1444.7130654920861,alcance,urbana,13 934,1.0,2.0,1.0,19.0,no,41.0,17.0,600,valencia,mediador,2.0
04/09/2024,1578.5406466621373,alcance,interurbana,9 784,14.0,1.0,1.0,56.0,no,44.0,32.0,0,madrid,mediador,73.0
31/12/2024,317.9000528832975,golpe en aparcamiento,urbana,7 430,11.0,2.0,0.0,100.0,no,34.0,49.0,0,coruña,directo,128.0
09/02/2025,659.1735487177301,alcance,urbana,8 976,6.0,1.0,0.0,36.0,sí,46.0,47.0,0,barcelona,mediador,118.0
14/04/2024,1863.5098763926117,colisión frontal,urbana,15 864,8.0,1.0,0.0,68.0,no,70.0,48.0,0,barcelona,directo,109.0
16/12/2024,4894.424033340877,colisión frontal,urbana,39 139,18.0,2.0,0.0,53.0,no,45.0,44.0,0,valencia,mediador,179.0
12/09/2024,1467.23378105557,golpe en aparcamiento,interurbana,24 733,4.0,2.0,0.0,61.0,sí,61.0,8.0,0,barcelona,directo,13.0
27/01/2024,1506.0547712869636,golpe en aparcamiento,interurbana,2 778,18.0,4.0,0.0,71.0,no,48.0,38.0,150,barcelona,directo,132.0
11/10/2024,774.5159475913147,alcance,urbana,17 568,5.0,1.0,0.0,47.0,no,25.0,10.0,0,barcelona,banca seguros,63.0
07/02/2025,1362.273450681926,colisión frontal,autopista,4 540,20.0,2.0,0.0,78.0,no,40.0,6.0,0,coruña,banca seguros,132.0
14/07/2025,596.3472572984331,golpe en aparcamiento,urbana,11 084,12.0,1.0,1.0,59.0,N/D,44.0,41.0,0,valencia,mediador,64.0
29/06/2025,1794.9395619322177,robo,urbana,17 533,21.0,1.0,0.0,40.0,no,37.0,33.0,600,valencia,mediador,4.0
21/07/2024,3665.96927764904,alcance,interurbana,20 222,11.0,4.0,0.0,64.0,no,51.0,50.0,150,zaragoza,directo,24.0
11/10/2025,5032.231814971539,colisión frontal,autopista,14 274,6.0,3.0,0.0,57.0,no,28.0,49.0,0,valencia,banca seguros,31.0
03/01/2024,1603.1692317301051,golpe en aparcamiento,interurbana,18 474,14.0,4.0,0.0,70.0,no,28.0,19.0,0,valencia,mediador,154.0
02/04/2025,226.8270586163076,golpe en aparcamiento,urbana,6 541,15.0,2.0,0.0,58.0,no,66.0,30.0,0,zaragoza,mediador,76.0
26/07/2024,4013.919459666276,ROBO,interurbana,24 826,2.0,2.0,0.0,17.0,sí,35.0,37.0,150,madrid,mediador,130.0
25/01/2024,3918.979307205933,colisión frontal,interurbana,5 967,14.0,2.0,1.0,79.0,no,55.0,19.0,0,coruña,mediador,69.0
03/10/2024,2865.7415145837804,alcance,autopista,19 207,12.0,3.0,0.0,28.0,sí,37.0,40.0,150,valencia,mediador,39.0
25/05/2025,3611.735460280794,salida de vía,urbana,10 832,2.0,1.0,0.0,53.0,sí,48.0,24.0,0,barcelona,mediador,80.0
02/10/2025,1451.9590039996885,golpe en aparcamiento,interurbana,18 264,7.0,3.0,0.0,31.0,no,62.0,15.0,0,madrid,directo,127.0
31/05/2024,2474.5433250570045,colisión frontal,urbana,14 452,0.0,1.0,0.0,78.0,no,66.0,33.0,0,barcelona,mediador,138.0
27/07/2024,1873.9936988066884,COLISIÓN FRONTAL,urbana,8 443,9.0,2.0,0.0,28.0,no,68.0,34.0,300,valencia,banca seguros,133.0
25/10/2025,1251.5288917106575,alcance,urbana,13 071,4.0,1.0,0.0,108.0,no,55.0,23.0,300,barcelona,mediador,165.0
09/07/2024,1024.1521550390735,salida de via,urbana,7 015,4.0,1.0,0.0,10.0,no,66.0,39.0,150,madrid,mediador,147.0
24/10/2024,241.07280752636123,golpe en aparcamiento,urbana,7 846,6.0,1.0,0.0,43.0,no,40.0,22.0,0,barcelona,directo,80.0
24/12/2024,747.36229162917,ALCANCE,interurbana,10 872,8.0,1.0,1.0,74.0,no,50.0,6.0,150,sevilla,banca seguros,53.0
10/11/2025,88314.53584918466,INCENDIO,autopista,53 143,3.0,1.0,2.0,77.0,no,30.0,17.0,600,madrid,directo,32.0
18/03/2025,526.0188859781261,ALCANCE,urbana,12 411,5.0,1.0,0.0,25.0,no,44.0,2.0,150,sevilla,mediador,161.0
16/12/2025,1693.0520790960984,colision frontal,urbana,3 662,6.0,2.0,0.0,45.0,no,44.0,9.0,0,barcelona,banca seguros,24.0
05/01/2024,438.41878164835896,SALIDA DE VÍA,urbana,1 716,6.0,4.0,0.0,61.0,sí,53.0,17.0,150,madrid,mediador,64.0
06/04/2024,205.83289855914168,alcance,urbana,4 329,17.0,2.0,0.0,39.0,no,61.0,28.0,300,valencia,directo,85.0
24/09/2025,2744.471881775271,alcance,urbana,24 734,4.0,4.0,0.0,6.0,no,42.0,29.0,0,zaragoza,mediador,134.0
13/12/2025,1834.3803541285663,alcance,urbana,20 259,13.0,5.0,0.0,71.0,no,38.0,37.0,600,valencia,directo,133.0
07/10/2025,1107.9960852384884,alcance,urbana,19 521,13.0,2.0,0.0,85.0,no,37.0,26.0,0,valencia,mediador,105.0
10/08/2024,618.5389184095661,alcance,interurbana,13 861,6.0,2.0,0.0,51.0,sí,55.0,5.0,300,madrid,mediador,139.0
12/08/2024,1230.602085823628,salida de vía,interurbana,17 616,8.0,1.0,0.0,0.0,sí,64.0,3.0,600,sevilla,directo,5.0
29/12/2025,3020.9691026339638,robo,urbana,21 020,17.0,5.0,0.0,52.0,no,71.0,16.0,0,barcelona,mediador,1.0
11/04/2025,756.9976528041916,salida de vía,interurbana,2 982,11.0,4.0,0.0,88.0,sí,26.0,16.0,0,coruña,mediador,72.0
29/12/2025,996.2360668946444,golpe en aparcamiento,autopista,7 728,1.0,4.0,0.0,29.0,sí,52.0,48.0,150,madrid,banca seguros,120.0
20/03/2024,494.9672591473442,alcance,urbana,9 840,21.0,3.0,0.0,75.0,no,35.0,38.0,150,coruña,banca seguros,50.0
05/04/2024,2004.9761858590746,salida de via,interurbana,22 160,7.0,3.0,0.0,43.0,sí,31.0,34.0,150,madrid,mediador,37.0
10/12/2025,5522.733132950528,salida de vía,interurbana,7 106,9.0,3.0,0.0,51.0,sí,44.0,13.0,300,madrid,directo,133.0
30/12/2024,3426.066803008613,salida de vía,autopista,12 846,21.0,2.0,0.0,91.0,no,74.0,8.0,150,madrid,mediador,56.0
04/09/2025,2459.8968018609326,golpe en aparcamiento,autopista,33 896,12.0,2.0,0.0,26.0,no,78.0,9.0,150,coruña,mediador,156.0
06/06/2025,665.0139514804912,alcance,interurbana,5 384,14.0,2.0,0.0,34.0,sí,40.0,23.0,300,valencia,banca seguros,134.0
11/03/2025,1113.6779734972363,alcance,urbana,12 458,14.0,1.0,0.0,96.0,no,41.0,38.0,600,valencia,mediador,162.0
31/03/2025,1330.9958333014533,golpe en aparcamiento,urbana,8 101,21.0,1.0,0.0,49.0,sí,31.0,4.0,150,valencia,banca seguros,124.0
14/08/2024,1846.9811167558537,colisión frontal,interurbana,5 250,3.0,1.0,0.0,51.0,no,62.0,39.0,0,madrid,mediador,28.0
24/04/2025,1911.2966484157553,robo,urbana,5 778,0.0,5.0,0.0,40.0,no,32.0,20.0,150,coruña,banca seguros,147.0
23/09/2024,648.802664199882,GOLPE EN APARCAMIENTO,interurbana,6 596,3.0,1.0,0.0,15.0,no,43.0,49.0,150,zaragoza,directo,131.0
25/05/2025,1092.8652047513447,golpe en aparcamiento,urbana,13 951,8.0,2.0,0.0,63.0,no,68.0,45.0,150,zaragoza,mediador,66.0
24/07/2024,3725.5776374820557,SALIDA DE VÍA,urbana,24 125,21.0,3.0,0.0,79.0,no,47.0,18.0,600,madrid,directo,148.0
26/01/2025,6331.360680392769,alcance,interurbana,23 132,12.0,4.0,0.0,12.0,sí,18.0,20.0,150,sevilla,mediador,26.0
02/12/2025,2732.6592717339468,colisión frontal,interurbana,16 353,21.0,1.0,0.0,47.0,no,42.0,29.0,150,sevilla,directo,23.0
17/08/2024,760.4964799644878,golpe en aparcamiento,urbana,10 189,21.0,3.0,0.0,66.0,no,55.0,19.0,150,valencia,directo,49.0
17/08/2025,389.8714890634729,alcance,urbana,9 271,19.0,3.0,0.0,54.0,no,60.0,24.0,150,madrid,mediador,161.0
09/03/2024,2594.6715156387154,colisión frontal,urbana,3 105,5.0,1.0,4.0,50.0,no,23.0,3.0,150,coruña,mediador,71.0
15/12/2025,1453.9145457338393,salida de via,interurbana,10 050,16.0,1.0,0.0,42.0,sí,57.0,28.0,0,coruña,mediador,55.0
11/06/2025,1362.4744845906066,ALCANCE,interurbana,10 014,8.0,3.0,0.0,52.0,no,65.0,25.0,0,zaragoza,banca seguros,76.0
08/12/2024,300.71968295640767,ALCANCE,urbana,5 535,11.0,3.0,1.0,73.0,no,61.0,36.0,300,coruña,mediador,29.0
16/07/2025,787.7886804328208,golpe en aparcamiento,interurbana,7 356,1.0,2.0,0.0,44.0,no,53.0,33.0,150,coruña,mediador,131.0
09/09/2025,3474.1208610740396,  robo ,interurbana,22 599,15.0,1.0,2.0,40.0,no,46.0,13.0,0,zaragoza,directo,85.0
22/06/2025,429.40169099570437,golpe en aparcamiento,urbana,12 729,17.0,1.0,1.0,42.0,no,49.0,12.0,150,sevilla,directo,107.0
06/02/2024,1017.6454696475189,salida de vía,interurbana,8 611,21.0,3.0,0.0,45.0,no,32.0,12.0,600,barcelona,banca seguros,130.0
10/01/2024,3742.4758616928034,colisión frontal,autopista,11 954,4.0,1.0,0.0,72.0,sí,53.0,21.0,0,zaragoza,directo,103.0
19/05/2025,16677.977051575817,incendio,interurbana,9 068,17.0,1.0,0.0,60.0,sí,41.0,26.0,300,valencia,mediador,12.0
02/11/2024,7497.096853803258,robo,urbana,12 141,13.0,1.0,0.0,53.0,no,40.0,21.0,0,zaragoza,mediador,43.0
10/05/2024,548.120520773274,alcance,urbana,4 303,19.0,3.0,1.0,22.0,no,39.0,37.0,0,coruña,mediador,133.0
14/09/2025,1023.7468258785946,colisión frontal,urbana,10 869,22.0,1.0,0.0,24.0,no,42.0,29.0,150,madrid,banca seguros,109.0
23/02/2024,7433.780150993814,salida de via,urbana,21 908,6.0,3.0,0.0,71.0,no,39.0,2.0,300,valencia,mediador,155.0
29/06/2025,3848.952941984691,colisión frontal,urbana,17 827,14.0,1.0,0.0,50.0,sí,34.0,11.0,0,sevilla,banca seguros,146.0
22/02/2025,578.4023996995692,alcance,urbana,4 144,9.0,1.0,0.0,74.0,no,61.0,37.0,600,zaragoza,mediador,178.0
11/10/2025,6353.798334959951,incendio,urbana,8 841,7.0,1.0,0.0,46.0,no,53.0,3.0,0,zaragoza,mediador,173.0
24/12/2024,934.5214685048633,GOLPE EN APARCAMIENTO,interurbana,14 473,5.0,1.0,0.0,47.0,no,52.0,3.0,300,zaragoza,mediador,28.0
28/01/2024,1722.2489809510912,alcance,autopista,4 921,15.0,2.0,0.0,71.0,sí,44.0,6.0,0,barcelona,mediador,110.0
31/07/2024,307.00240926989517,ALCANCE,urbana,9 096,18.0,3.0,0.0,58.0,no,43.0,30.0,150,sevilla,mediador,31.0
06/06/2025,4901.20478284107,colision frontal,interurbana,9 721,19.0,3.0,1.0,56.0,no,47.0,9.0,300,zaragoza,banca seguros,55.0
27/03/2025,1994.067149261347,golpe en aparcamiento,interurbana,10 066,9.0,2.0,0.0,71.0,no,51.0,17.0,600,madrid,mediador,159.0
16/02/2024,1794.0121759000087,colisión frontal,interurbana,20 104,18.0,1.0,0.0,83.0,no,42.0,26.0,0,zaragoza,banca seguros,31.0
02/08/2024,377.69494399392534,  alcance ,urbana,4 761,8.0,1.0,0.0,19.0,no,72.0,6.0,0,madrid,mediador,87.0
13/11/2025,2846.454801090972,robo,urbana,12 038,12.0,4.0,0.0,47.0,no,42.0,21.0,600,coruña,mediador,28.0
23/03/2024,1561.5741745106575,alcance,interurbana,14 432,14.0,1.0,0.0,65.0,sí,56.0,3.0,600,valencia,mediador,2.0
07/12/2025,22403.787765613062,colisión frontal,urbana,9 445,13.0,5.0,0.0,63.0,no,24.0,14.0,0,valencia,directo,121.0
24/10/2024,5534.713689423456,salida de vía,interurbana,13 458,1.0,4.0,1.0,58.0,no,49.0,1.0,600,valencia,directo,137.0
18/11/2024,4384.376436699104,colisión frontal,autopista,33 423,1.0,1.0,0.0,10.0,no,18.0,0.0,600,zaragoza,banca seguros,35.0
01/04/2025,588.7676761125348,alcance,urbana,8 573,9.0,1.0,1.0,25.0,no,37.0,27.0,600,valencia,mediador,143.0
07/02/2025,431.52091249871796,GOLPE EN APARCAMIENTO,urbana,12 414,2.0,1.0,0.0,41.0,no,47.0,12.0,0,valencia,directo,76.0
30/01/2024,907.2330637725992,  alcance ,urbana,9 874,2.0,2.0,0.0,46.0,no,47.0,31.0,150,valencia,mediador,1.0
01/02/2024,927.9513525247293,golpe en aparcamiento,interurbana,20 112,12.0,1.0,0.0,26.0,no,70.0,17.0,0,coruña,mediador,85.0
14/12/2024,1857.5925695095295,colisión frontal,interurbana,24 906,21.0,1.0,0.0,45.0,sí,43.0,46.0,0,sevilla,banca seguros,87.0
29/03/2024,22788.8071940299,incendio,urbana,30 339,4.0,1.0,0.0,59.0,no,40.0,6.0,0,madrid,mediador,34.0
29/08/2024,1337.0132409768805,salida de vía,urbana,11 336,7.0,1.0,0.0,64.0,no,63.0,8.0,0,barcelona,directo,13.0
07/04/2024,496.70931032278725,golpe en aparcamiento,urbana,13 384,7.0,3.0,0.0,89.0,no,50.0,8.0,150,barcelona,mediador,163.0
11/09/2025,395.04218531339865,golpe en aparcamiento,urbana,14 674,22.0,1.0,0.0,46.0,no,33.0,13.0,600,sevilla,mediador,156.0
20/04/2025,770.2136409919663,  alcance ,interurbana,17 462,19.0,1.0,1.0,66.0,no,38.0,3.0,300,coruña,banca seguros,48.0
24/08/2025,1583.001655445099,robo,autopista,11 517,6.0,2.0,0.0,67.0,no,47.0,21.0,0,barcelona,mediador,67.0
10/11/2024,995.1827078923292,  alcance ,urbana,12 492,4.0,3.0,0.0,54.0,sí,31.0,49.0,0,barcelona,directo,155.0
01/10/2024,2354.8471092449954,alcance,autopista,5 964,15.0,2.0,0.0,45.0,no,51.0,16.0,150,madrid,mediador,104.0
09/05/2025,957.8336932892997,alcance,urbana,14 648,0.0,3.0,3.0,39.0,no,40.0,1.0,300,madrid,directo,164.0
27/01/2025,1877.9863438037069,salida de vía,urbana,12 622,19.0,2.0,0.0,32.0,no,55.0,43.0,0,barcelona,directo,142.0
09/06/2024,3943.6535496379834,  colisión frontal ,urbana,10 702,14.0,3.0,0.0,16.0,no,18.0,39.0,0,barcelona,mediador,66.0
17/10/2024,1026.1613221056682,golpe en aparcamiento,interurbana,26 794,11.0,1.0,0.0,71.0,N/D,26.0,42.0,150,barcelona,mediador,33.0
03/05/2024,743.7976691594005,GOLPE EN APARCAMIENTO,urbana,5 407,15.0,4.0,0.0,79.0,sí,72.0,39.0,0,zaragoza,directo,6.0
20/12/2024,1855.119448673458,  alcance ,autopista,16 802,1.0,1.0,0.0,39.0,no,19.0,35.0,0,madrid,mediador,53.0
11/03/2024,3629.348303972755,  alcance ,autopista,33 460,6.0,3.0,1.0,20.0,no,42.0,36.0,300,sevilla,directo,8.0
16/07/2025,1466.110340699343,alcance,urbana,16 778,5.0,2.0,3.0,63.0,no,56.0,25.0,300,valencia,banca seguros,44.0
02/10/2024,4126.433663859546,salida de vía,urbana,13 197,4.0,3.0,2.0,59.0,no,52.0,29.0,600,coruña,banca seguros,167.0
15/03/2025,200.09911087517244,golpe en aparcamiento,urbana,9 747,12.0,1.0,1.0,63.0,no,45.0,45.0,0,sevilla,banca seguros,103.0
28/02/2025,699.1959529415999,  golpe en aparcamiento ,interurbana,10 087,22.0,2.0,0.0,54.0,no,53.0,10.0,0,coruña,directo,116.0
18/05/2025,1945.748830716512,alcance,urbana,30 539,20.0,4.0,0.0,80.0,no,70.0,49.0,150,madrid,mediador,78.0
01/03/2025,26754.67796062966,incendio,urbana,25 677,6.0,3.0,0.0,62.0,sí,41.0,7.0,300,sevilla,mediador,180.0
17/02/2025,630.837619831084,alcance,urbana,28 883,14.0,1.0,0.0,98.0,no,23.0,38.0,300,coruña,mediador,83.0
12/06/2024,9389.687254961626,SALIDA DE VÍA,urbana,16 284,0.0,5.0,0.0,44.0,N/D,56.0,36.0,150,coruña,directo,54.0
27/02/2025,659.9870425009957,golpe en aparcamiento,urbana,17 509,8.0,1.0,0.0,16.0,no,39.0,0.0,0,barcelona,banca seguros,92.0
11/03/2025,2753.2525732291747,salida de vía,urbana,26 939,20.0,1.0,1.0,27.0,no,37.0,24.0,150,sevilla,directo,107.0
09/09/2024,2612.7312575546916,salida de via,interurbana,10 336,7.0,1.0,1.0,59.0,sí,24.0,0.0,0,barcelona,directo,24.0
19/07/2024,310.76544092732064,alcance,autopista,9 246,20.0,1.0,0.0,60.0,no,53.0,9.0,0,valencia,banca seguros,2.0
17/08/2024,2453.185228765437,  alcance ,autopista,28 050,1.0,3.0,0.0,35.0,no,35.0,47.0,150,coruña,mediador,163.0
19/07/2024,18133.25369398236,colisión frontal,autopista,8 520,9.0,5.0,0.0,0.0,sí,43.0,41.0,0,zaragoza,banca seguros,160.0
14/10/2025,360.35599355560214,GOLPE EN APARCAMIENTO,urbana,8 678,10.0,2.0,2.0,49.0,sí,42.0,3.0,0,barcelona,directo,91.0
17/03/2024,566.4819270502381,  salida de vía ,urbana,8 887,4.0,1.0,1.0,50.0,no,45.0,40.0,0,zaragoza,mediador,67.0
19/08/2025,2152.850443085523,salida de vía,autopista,6 377,21.0,2.0,1.0,58.0,no,63.0,48.0,600,sevilla,directo,2.0
22/08/2024,563.6262600006227,golpe en aparcamiento,autopista,16 152,14.0,2.0,0.0,88.0,sí,46.0,50.0,300,valencia,mediador,26.0
13/11/2024,1054.6715299601672,golpe en aparcamiento,urbana,14 215,15.0,2.0,0.0,70.0,no,22.0,13.0,300,coruña,directo,154.0
01/05/2024,1736.488260614795,ROBO,interurbana,9 085,18.0,1.0,0.0,21.0,no,50.0,2.0,600,barcelona,banca seguros,142.0
16/05/2024,12176.2232080552,ROBO,interurbana,17 617,8.0,2.0,1.0,20.0,sí,38.0,13.0,300,coruña,banca seguros,27.0
13/01/2025,3522.3794434595816,colisión frontal,autopista,13 566,1.0,1.0,0.0,11.0,sí,47.0,26.0,0,madrid,mediador,92.0
05/03/2025,751.4934313548166,robo,autopista,3 589,11.0,1.0,0.0,52.0,no,41.0,34.0,150,valencia,directo,32.0
23/09/2024,2723.127574529116,colisión frontal,interurbana,13 981,6.0,1.0,0.0,64.0,sí,55.0,19.0,300,sevilla,directo,164.0
01/10/2024,731.5547034568816,colisión frontal,urbana,3 828,17.0,5.0,1.0,37.0,no,28.0,1.0,0,sevilla,mediador,9.0
05/09/2025,976.0445358400572,robo,urbana,7 401,5.0,2.0,0.0,26.0,sí,37.0,48.0,300,coruña,directo,54.0
06/10/2025,1454.8294616686094,  robo ,urbana,5 043,6.0,3.0,0.0,76.0,sí,73.0,28.0,150,barcelona,mediador,47.0
08/08/2024,1636.6590445632762,golpe en aparcamiento,interurbana,32 593,5.0,2.0,0.0,35.0,no,68.0,5.0,150,coruña,banca seguros,169.0
16/03/2024,22047.476200319867,incendio,urbana,24 165,2.0,2.0,0.0,0.0,no,25.0,26.0,300,zaragoza,banca seguros,175.0
02/08/2025,4034.8237461810345,colisión frontal,urbana,12 136,22.0,1.0,0.0,52.0,sí,50.0,39.0,0,zaragoza,directo,122.0
14/06/2024,433.7471443873163,golpe en aparcamiento,urbana,12 935,11.0,1.0,0.0,47.0,sí,30.0,43.0,0,coruña,mediador,163.0
30/09/2025,3705.2244027015454,alcance,autopista,12 149,5.0,5.0,0.0,66.0,no,43.0,26.0,150,zaragoza,banca seguros,44.0
21/06/2025,775.2227782381038,salida de vía,urbana,17 865,20.0,1.0,0.0,25.0,no,38.0,38.0,0,sevilla,directo,37.0
15/10/2024,2265.493966516129,colisión frontal,urbana,13 154,16.0,1.0,0.0,50.0,N/D,40.0,26.0,0,valencia,mediador,133.0
23/07/2025,487.42039658360665,golpe en aparcamiento,interurbana,9 328,12.0,1.0,1.0,35.0,sí,25.0,27.0,0,valencia,mediador,120.0
22/02/2025,4843.747415798646,SALIDA DE VÍA,autopista,27 489,4.0,2.0,0.0,57.0,no,30.0,36.0,150,sevilla,directo,103.0
27/06/2025,11945.491545373425,salida de vía,autopista,22 111,21.0,1.0,1.0,14.0,N/D,66.0,28.0,0,valencia,mediador,34.0
29/10/2025,3369.7166096091446,COLISIÓN FRONTAL,autopista,11 944,3.0,1.0,1.0,86.0,no,36.0,8.0,150,madrid,directo,104.0
06/10/2025,1965.8463367019706,salida de via,interurbana,6 568,17.0,4.0,0.0,82.0,no,61.0,29.0,150,barcelona,directo,135.0
20/03/2024,849.1998280371693,alcance,urbana,3 409,11.0,1.0,1.0,8.0,no,49.0,25.0,0,sevilla,banca seguros,168.0
29/08/2025,2682.945659869414,salida de vía,autopista,6 107,21.0,3.0,2.0,48.0,no,44.0,41.0,0,sevilla,banca seguros,145.0
09/04/2025,769.7999922174965,  salida de vía ,autopista,5 488,21.0,2.0,0.0,2.0,no,36.0,20.0,0,barcelona,mediador,81.0
07/01/2024,552.2148247992834,robo,urbana,3 396,2.0,1.0,0.0,43.0,no,54.0,39.0,300,madrid,mediador,40.0
18/09/2024,635.2708418061344,alcance,urbana,11 873,14.0,2.0,0.0,42.0,sí,22.0,27.0,300,barcelona,mediador,74.0
01/10/2025,820.5437954119573,alcance,urbana,5 053,2.0,1.0,0.0,25.0,no,26.0,19.0,0,barcelona,mediador,68.0
12/12/2025,1594.068367333153,alcance,interurbana,8 958,13.0,2.0,1.0,58.0,no,19.0,3.0,150,coruña,mediador,166.0
29/04/2025,839.669031731188,ALCANCE,urbana,13 360,3.0,2.0,1.0,63.0,no,25.0,8.0,0,madrid,mediador,147.0
27/03/2024,2771.048966935756,salida de vía,urbana,9 014,12.0,1.0,0.0,0.0,no,62.0,15.0,600,sevilla,mediador,46.0
10/09/2024,3743.55871129101,  incendio ,urbana,8 924,11.0,1.0,0.0,28.0,no,22.0,41.0,300,sevilla,mediador,10.0
05/09/2025,4153.32806267763,colisión frontal,interurbana,7 689,4.0,1.0,0.0,72.0,no,62.0,37.0,150,valencia,banca seguros,97.0
10/04/2024,781.0690912644338,golpe en aparcamiento,interurbana,19 339,2.0,2.0,1.0,53.0,sí,52.0,23.0,300,sevilla,mediador,100.0
26/08/2025,744.0057658593913,golpe en aparcamiento,urbana,23 693,16.0,2.0,0.0,55.0,no,42.0,40.0,0,coruña,banca seguros,160.0
17/11/2025,446.7457912598759,  alcance ,urbana,18 447,6.0,2.0,0.0,33.0,no,60.0,24.0,0,barcelona,directo,78.0
26/02/2024,2895.2376369022063,ALCANCE,autopista,15 309,16.0,4.0,0.0,94.0,no,56.0,45.0,150,valencia,directo,39.0
23/09/2024,416.24511973575994,golpe en aparcamiento,interurbana,4 384,4.0,4.0,0.0,48.0,no,45.0,33.0,150,coruña,mediador,36.0
26/03/2025,444.17608625078884,alcance,urbana,9 588,19.0,1.0,0.0,24.0,no,56.0,45.0,300,zaragoza,directo,70.0
12/02/2025,384.9989625841162,alcance,interurbana,5 691,22.0,1.0,0.0,60.0,sí,27.0,2.0,0,coruña,mediador,103.0
14/09/2024,2024.6328583528389,golpe en aparcamiento,autopista,10 913,7.0,1.0,1.0,61.0,no,36.0,21.0,0,madrid,directo,151.0
21/03/2025,551.8407704657357,alcance,urbana,7 881,5.0,1.0,0.0,20.0,no,41.0,36.0,0,madrid,mediador,32.0
13/01/2024,798.9954534884678,golpe en aparcamiento,interurbana,8 316,19.0,2.0,0.0,62.0,sí,24.0,49.0,600,zaragoza,directo,125.0
17/09/2025,1011.7224715536796,alcance,interurbana,8 599,10.0,2.0,0.0,48.0,no,67.0,24.0,0,madrid,mediador,111.0
04/05/2024,1881.0254097736677,  salida de vía ,interurbana,10 755,14.0,1.0,0.0,33.0,no,35.0,35.0,0,madrid,banca seguros,142.0
15/07/2025,899.9280307172469,alcance,interurbana,12 600,20.0,1.0,0.0,7.0,sí,45.0,30.0,0,coruña,directo,160.0
11/05/2024,3716.535063307734,colisión frontal,interurbana,20 845,18.0,1.0,1.0,4.0,no,63.0,9.0,600,madrid,banca seguros,5.0
15/03/2025,48020.95416286687,incendio,autopista,18 054,22.0,5.0,0.0,63.0,sí,52.0,33.0,0,valencia,banca seguros,50.0
28/08/2024,1687.0314304854924,salida de vía,autopista,9 308,17.0,1.0,0.0,67.0,sí,26.0,29.0,0,sevilla,directo,30.0
18/11/2025,659.7450699994222,golpe en aparcamiento,urbana,4 447,18.0,1.0,0.0,38.0,no,38.0,19.0,0,madrid,mediador,108.0
29/02/2024,1572.6727649408035,alcance,urbana,5 821,3.0,1.0,0.0,33.0,no,43.0,6.0,600,barcelona,mediador,169.0
29/07/2024,3056.0612975940817,colisión frontal,urbana,7 632,1.0,4.0,0.0,57.0,no,68.0,1.0,150,valencia,mediador,45.0
28/05/2025,962.75064066884,golpe en aparcamiento,urbana,6 792,2.0,2.0,0.0,52.0,no,50.0,45.0,150,barcelona,mediador,143.0
26/09/2025,233.17009572215494,GOLPE EN APARCAMIENTO,urbana,6 840,17.0,2.0,0.0,41.0,no,20.0,10.0,0,zaragoza,banca seguros,64.0
10/10/2025,2325.664980429118,robo,urbana,12 665,12.0,2.0,0.0,23.0,no,69.0,43.0,150,barcelona,mediador,92.0
24/04/2025,3074.5861234428744,robo,autopista,12 415,7.0,1.0,0.0,56.0,N/D,44.0,49.0,0,barcelona,directo,128.0
28/06/2024,1013.4858944982147,  salida de vía ,urbana,3 024,7.0,3.0,0.0,64.0,no,26.0,6.0,150,zaragoza,mediador,138.0
26/12/2025,3571.9225873247055,alcance,urbana,18 303,2.0,2.0,0.0,42.0,no,59.0,25.0,150,sevilla,directo,78.0
14/01/2025,718.3552710227596,golpe en aparcamiento,urbana,11 121,5.0,2.0,0.0,74.0,no,45.0,8.0,0,barcelona,banca seguros,1.0
06/09/2024,2736.047180545166,alcance,urbana,8 123,4.0,4.0,2.0,63.0,sí,53.0,40.0,150,coruña,directo,159.0
07/11/2025,627.9357027146173,golpe en aparcamiento,interurbana,8 886,8.0,2.0,0.0,65.0,no,30.0,39.0,300,valencia,banca seguros,86.0
09/06/2025,389.536819643418,alcance,urbana,6 678,21.0,1.0,0.0,43.0,no,44.0,27.0,300,zaragoza,mediador,99.0
15/08/2024,362.34640768527873,golpe en aparcamiento,urbana,15 694,6.0,1.0,0.0,68.0,no,41.0,0.0,300,coruña,banca seguros,119.0
28/04/2025,1067.430235495183,alcance,urbana,14 295,1.0,1.0,0.0,104.0,sí,43.0,48.0,0,madrid,directo,47.0
01/06/2025,35782.17575365658,incendio,interurbana,31 787,11.0,2.0,0.0,47.0,no,48.0,23.0,300,madrid,directo,68.0
28/04/2025,3449.3581725287013,alcance,urbana,22 500,22.0,1.0,0.0,59.0,no,35.0,41.0,0,barcelona,directo,20.0
24/10/2025,173.1812900786174,  golpe en aparcamiento ,urbana,7 723,2.0,1.0,0.0,58.0,no,47.0,43.0,300,sevilla,directo,114.0
09/07/2024,953.3320311089791,golpe en aparcamiento,interurbana,10 399,1.0,1.0,1.0,52.0,no,25.0,48.0,300,coruña,mediador,7.0
07/12/2024,2867.5746998304257,salida de vía,urbana,20 709,6.0,1.0,0.0,11.0,sí,61.0,0.0,0,coruña,directo,47.0
15/07/2025,5706.044608071179,salida de vía,urbana,67 104,22.0,1.0,0.0,40.0,no,46.0,19.0,0,zaragoza,mediador,42.0
21/03/2025,342.2237805529344,alcance,urbana,6 657,16.0,1.0,0.0,71.0,no,18.0,30.0,0,sevilla,directo,18.0
09/04/2024,183.5244642477961,golpe en aparcamiento,urbana,6 005,18.0,1.0,0.0,24.0,no,39.0,28.0,300,barcelona,directo,94.0
06/02/2024,2860.3319081481523,colisión frontal,urbana,7 469,22.0,4.0,3.0,72.0,no,52.0,15.0,0,valencia,directo,132.0
14/12/2025,1825.954569785243,alcance,urbana,10 095,9.0,3.0,0.0,70.0,sí,45.0,19.0,0,barcelona,mediador,110.0
09/06/2024,2483.128249710021,salida de via,interurbana,9 813,7.0,1.0,0.0,42.0,sí,46.0,39.0,0,barcelona,directo,150.0
16/12/2025,591.8565071884743,golpe en aparcamiento,urbana,6 832,13.0,1.0,1.0,47.0,sí,36.0,1.0,150,valencia,mediador,142.0
27/06/2025,1454.859923258921,alcance,urbana,17 097,9.0,3.0,0.0,76.0,sí,64.0,3.0,600,valencia,directo,172.0
16/04/2025,6023.599034896387,salida de vía,autopista,16 327,6.0,2.0,0.0,46.0,no,46.0,2.0,150,zaragoza,banca seguros,104.0
27/05/2024,1128.6104079748354,robo,interurbana,17 826,15.0,1.0,0.0,78.0,no,47.0,43.0,0,coruña,directo,40.0
21/09/2025,2296.1265497996656,robo,autopista,17 663,2.0,1.0,0.0,83.0,no,37.0,4.0,0,barcelona,banca seguros,58.0
14/06/2025,4799.729672208785,colisión frontal,urbana,39 355,16.0,1.0,0.0,55.0,sí,38.0,35.0,300,coruña,directo,128.0
20/06/2025,2965.7188966085096,alcance,interurbana,20 667,19.0,4.0,0.0,38.0,sí,45.0,27.0,150,valencia,directo,103.0
20/05/2024,3467.908424524678,robo,urbana,9 988,12.0,4.0,0.0,32.0,sí,60.0,37.0,150,sevilla,directo,168.0
12/09/2024,1605.9935344512353,alcance,urbana,18 401,3.0,1.0,0.0,28.0,no,27.0,3.0,0,zaragoza,directo,97.0
01/11/2024,1771.2446710461109,salida de vía,urbana,10 976,1.0,2.0,0.0,62.0,no,55.0,29.0,0,madrid,mediador,145.0
27/04/2024,584.0410946341718,GOLPE EN APARCAMIENTO,urbana,6 401,19.0,3.0,1.0,61.0,no,42.0,44.0,0,coruña,mediador,54.0
10/08/2025,815.8735686458463,golpe en aparcamiento,urbana,12 399,15.0,2.0,0.0,91.0,no,53.0,12.0,300,sevilla,banca seguros,51.0
14/11/2024,466.8154503708084,alcance,urbana,7 187,22.0,1.0,0.0,27.0,sí,48.0,5.0,300,zaragoza,directo,83.0
12/02/2025,987.2054205005168,golpe en aparcamiento,interurbana,13 583,2.0,2.0,1.0,31.0,no,18.0,43.0,0,zaragoza,mediador,173.0
01/04/2025,1022.7546845205987,  alcance ,urbana,11 194,3.0,3.0,0.0,81.0,no,45.0,46.0,300,zaragoza,banca seguros,51.0
29/10/2024,230.72083818942897,golpe en aparcamiento,urbana,19 965,21.0,1.0,1.0,49.0,no,31.0,48.0,0,valencia,mediador,17.0
06/04/2024,3249.9830770765325,salida de vía,autopista,8 031,1.0,1.0,0.0,96.0,no,32.0,18.0,0,madrid,banca seguros,138.0
12/10/2025,870.9202002282734,robo,urbana,8 052,13.0,1.0,0.0,40.0,no,30.0,17.0,600,barcelona,mediador,100.0
28/04/2025,729.213292565618,golpe en aparcamiento,urbana,35 767,15.0,1.0,0.0,69.0,sí,61.0,46.0,600,zaragoza,banca seguros,144.0
23/04/2025,124.41481855381656,golpe en aparcamiento,interurbana,3 695,17.0,1.0,0.0,40.0,no,55.0,30.0,150,zaragoza,mediador,20.0
13/02/2024,1395.973888125535,salida de vía,urbana,16 882,6.0,1.0,0.0,58.0,no,44.0,46.0,150,barcelona,mediador,92.0
16/04/2024,3257.068878539936,salida de via,urbana,16 354,2.0,1.0,0.0,83.0,no,37.0,36.0,0,barcelona,mediador,72.0
04/01/2024,1985.398735376932,ALCANCE,interurbana,14 964,16.0,2.0,0.0,51.0,N/D,53.0,5.0,150,coruña,mediador,156.0
25/09/2024,1944.8876302031035,ALCANCE,autopista,22 406,3.0,2.0,0.0,46.0,no,67.0,47.0,150,coruña,directo,160.0
04/05/2025,2349.9002040536916,  colisión frontal ,interurbana,9 905,9.0,1.0,0.0,71.0,no,36.0,48.0,150,madrid,banca seguros,21.0
05/08/2024,768.1772280457907,golpe en aparcamiento,urbana,24 793,21.0,3.0,0.0,58.0,no,33.0,12.0,600,sevilla,mediador,51.0
24/04/2025,2045.7620785426363,salida de vía,autopista,13 056,1.0,1.0,1.0,91.0,sí,41.0,23.0,150,valencia,mediador,149.0
04/04/2025,8227.313060785897,incendio,urbana,19 846,10.0,1.0,0.0,52.0,no,61.0,41.0,0,valencia,directo,117.0
27/05/2025,1961.8810875256672,alcance,urbana,20 380,2.0,3.0,0.0,85.0,no,18.0,17.0,0,sevilla,mediador,165.0
19/02/2024,392.7858144938442,alcance,urbana,21 097,19.0,1.0,0.0,20.0,no,77.0,43.0,300,barcelona,directo,16.0
06/06/2024,1649.524284461644,  alcance ,urbana,22 593,14.0,1.0,0.0,0.0,sí,47.0,21.0,0,coruña,banca seguros,115.0
05/05/2025,702.0799499170886,alcance,urbana,14 731,22.0,1.0,0.0,67.0,no,54.0,38.0,0,valencia,mediador,144.0
16/04/2024,547.925631174942,robo,interurbana,5 301,13.0,1.0,0.0,72.0,sí,75.0,14.0,0,zaragoza,directo,49.0
19/02/2024,605.0714588307435,alcance,interurbana,8 476,17.0,1.0,0.0,91.0,sí,35.0,13.0,150,zaragoza,banca seguros,74.0
30/04/2025,631.4711496634827,alcance,urbana,7 785,17.0,2.0,0.0,46.0,sí,26.0,19.0,600,zaragoza,mediador,62.0
20/12/2025,284.18559090054833,alcance,autopista,9 496,7.0,1.0,0.0,82.0,no,35.0,12.0,0,sevilla,mediador,51.0
25/07/2025,820.0820617451492,golpe en aparcamiento,urbana,18 154,13.0,3.0,0.0,33.0,no,27.0,6.0,300,barcelona,banca seguros,11.0
25/10/2024,276.02215531752813,golpe en aparcamiento,urbana,5 839,12.0,1.0,0.0,10.0,sí,64.0,0.0,0,valencia,directo,130.0
07/02/2024,2837.1560872857785,  salida de vía ,autopista,11 566,21.0,2.0,0.0,48.0,no,43.0,39.0,0,barcelona,mediador,106.0
21/09/2024,1117.0674392248,robo,urbana,9 501,15.0,2.0,0.0,28.0,N/D,22.0,19.0,600,valencia,banca seguros,129.0
10/12/2025,1358.8219618141406,salida de vía,interurbana,5 349,13.0,3.0,0.0,87.0,sí,53.0,42.0,0,sevilla,directo,37.0
29/05/2024,325.22035055717254,alcance,urbana,7 386,20.0,1.0,0.0,64.0,no,42.0,5.0,600,sevilla,mediador,23.0
25/06/2024,2002.0475811693134,robo,autopista,5 024,9.0,1.0,0.0,21.0,no,40.0,19.0,300,madrid,mediador,7.0
20/01/2025,2892.80099100695,robo,urbana,20 855,0.0,2.0,0.0,29.0,sí,56.0,38.0,0,sevilla,directo,141.0
12/08/2025,413.8701857615247,golpe en aparcamiento,urbana,16 657,2.0,1.0,0.0,53.0,sí,40.0,34.0,0,zaragoza,mediador,37.0
21/08/2024,295.96544877833935,golpe en aparcamiento,urbana,3 365,2.0,3.0,0.0,48.0,sí,51.0,47.0,300,coruña,mediador,149.0
23/11/2024,430.9687404908596,alcance,interurbana,6 420,14.0,1.0,0.0,46.0,no,65.0,12.0,150,coruña,mediador,122.0
08/01/2025,2988.9598160327077,salida de vía,urbana,12 192,22.0,1.0,1.0,54.0,sí,36.0,34.0,0,coruña,mediador,164.0
19/02/2024,1075.7803275470142,colisión frontal,interurbana,5 786,11.0,1.0,2.0,66.0,no,43.0,45.0,300,valencia,banca seguros,87.0
22/12/2025,427.4136565946159,alcance,interurbana,4 982,2.0,1.0,0.0,96.0,no,58.0,0.0,600,valencia,banca seguros,170.0
02/02/2025,577.0563745098692,GOLPE EN APARCAMIENTO,urbana,22 308,18.0,1.0,0.0,52.0,no,31.0,2.0,0,barcelona,mediador,127.0
29/06/2024,3443.1077929255684,colisión frontal,urbana,22 171,6.0,1.0,0.0,55.0,no,31.0,11.0,300,madrid,mediador,54.0
20/02/2025,4301.887230853791,colisión frontal,interurbana,9 280,1.0,1.0,0.0,66.0,N/D,46.0,5.0,0,coruña,directo,160.0
16/12/2024,3073.2725578253603,COLISIÓN FRONTAL,autopista,17 306,4.0,1.0,0.0,73.0,no,39.0,35.0,600,sevilla,directo,178.0
27/04/2025,298.86279671963104,golpe en aparcamiento,urbana,6 081,1.0,1.0,0.0,22.0,sí,41.0,45.0,150,barcelona,mediador,14.0
04/04/2025,942.5341346122291,golpe en aparcamiento,interurbana,8 428,15.0,1.0,0.0,46.0,no,32.0,6.0,0,coruña,directo,80.0
11/02/2025,1091.6549474282058,alcance,autopista,5 452,12.0,2.0,0.0,19.0,no,46.0,16.0,600,coruña,mediador,93.0
08/05/2025,119.4066333424837,golpe en aparcamiento,urbana,3 317,16.0,1.0,0.0,58.0,sí,68.0,11.0,0,coruña,banca seguros,29.0
10/04/2025,415.50358637426905,golpe en aparcamiento,urbana,8 324,21.0,2.0,0.0,47.0,sí,18.0,28.0,600,madrid,banca seguros,91.0
16/05/2025,13658.335164377733,incendio,autopista,8 328,10.0,1.0,0.0,62.0,N/D,59.0,38.0,600,zaragoza,banca seguros,143.0
24/03/2025,1825.6320129082967,colisión frontal,urbana,11 489,13.0,1.0,1.0,38.0,no,55.0,35.0,150,coruña,mediador,104.0
24/07/2024,1028.0252336877377,colision frontal,urbana,6 161,5.0,1.0,0.0,25.0,no,24.0,4.0,0,zaragoza,mediador,105.0
12/03/2024,580.0167456883504,golpe en aparcamiento,autopista,8 227,3.0,3.0,0.0,28.0,no,42.0,26.0,0,coruña,banca seguros,57.0
20/06/2024,1716.3694953656754,golpe en aparcamiento,urbana,27 182,6.0,1.0,0.0,54.0,no,61.0,28.0,0,barcelona,mediador,4.0
16/03/2025,2012.5559191101502,GOLPE EN APARCAMIENTO,urbana,29 516,3.0,4.0,0.0,18.0,sí,44.0,43.0,0,madrid,mediador,108.0
06/02/2024,4905.355513487628,SALIDA DE VÍA,interurbana,18 503,15.0,2.0,2.0,63.0,no,23.0,10.0,0,coruña,mediador,20.0
08/07/2024,1427.4104902320132,alcance,interurbana,9 231,18.0,2.0,0.0,0.0,sí,61.0,20.0,0,barcelona,directo,174.0
22/10/2025,3326.173349035084,COLISIÓN FRONTAL,urbana,6 027,1.0,2.0,0.0,60.0,no,49.0,17.0,0,valencia,mediador,121.0
11/06/2024,810.608963244725,alcance,autopista,3 169,12.0,3.0,0.0,21.0,no,41.0,10.0,0,sevilla,mediador,38.0
06/02/2025,3355.411310384891,alcance,urbana,13 067,3.0,1.0,0.0,46.0,no,50.0,43.0,0,valencia,mediador,34.0
21/05/2025,2319.019052045571,alcance,urbana,10 916,4.0,2.0,3.0,17.0,sí,41.0,3.0,0,valencia,mediador,21.0
14/12/2024,3083.2151109608817,incendio,urbana,3 865,22.0,2.0,1.0,114.0,no,30.0,21.0,150,sevilla,mediador,64.0
03/02/2024,39261.845674038246,incendio,autopista,8 046,19.0,2.0,0.0,49.0,no,54.0,50.0,300,barcelona,directo,115.0
26/05/2025,22630.67647903707,incendio,interurbana,12 148,3.0,2.0,0.0,89.0,no,48.0,35.0,0,sevilla,mediador,130.0
11/10/2025,1501.5208501842897,colisión frontal,urbana,12 081,0.0,3.0,1.0,63.0,no,48.0,34.0,0,madrid,directo,168.0
10/02/2024,1995.171181938517,colisión frontal,interurbana,8 584,20.0,2.0,0.0,90.0,no,40.0,45.0,0,zaragoza,directo,138.0
19/06/2025,2823.4710266000047,alcance,urbana,23 039,1.0,4.0,0.0,19.0,no,32.0,21.0,0,valencia,mediador,44.0
26/05/2024,5965.475012697418,salida de via,urbana,185 214,17.0,3.0,1.0,53.0,no,32.0,20.0,0,coruña,banca seguros,42.0
18/04/2025,1961.1239635329152,salida de vía,interurbana,4 468,8.0,3.0,0.0,65.0,no,45.0,35.0,600,coruña,directo,27.0
26/06/2024,5067.719825616226,salida de via,interurbana,17 837,2.0,2.0,0.0,23.0,no,55.0,0.0,0,madrid,mediador,81.0
19/04/2024,1024.9915721712239,  golpe en aparcamiento ,urbana,18 937,21.0,3.0,0.0,18.0,no,46.0,32.0,300,barcelona,banca seguros,161.0
11/05/2025,1132.371997012528,golpe en aparcamiento,interurbana,11 655,8.0,1.0,0.0,49.0,sí,29.0,24.0,300,valencia,mediador,101.0
11/10/2024,1547.9495971780168,alcance,autopista,5 544,19.0,1.0,0.0,55.0,no,54.0,9.0,600,coruña,directo,169.0
10/05/2025,540.643294516637,alcance,urbana,17 916,7.0,2.0,0.0,65.0,no,55.0,18.0,300,madrid,mediador,164.0
16/05/2024,999.7013270433399,golpe en aparcamiento,interurbana,9 637,0.0,2.0,0.0,60.0,no,66.0,11.0,150,barcelona,mediador,48.0
31/07/2024,1690.6964422148671,GOLPE EN APARCAMIENTO,interurbana,11 778,4.0,3.0,0.0,53.0,no,50.0,11.0,300,madrid,directo,45.0
21/03/2024,1786.1315369994013,alcance,urbana,13 585,2.0,4.0,0.0,30.0,no,43.0,38.0,600,sevilla,banca seguros,36.0
06/11/2025,1601.6910464637526,colisión frontal,interurbana,8 187,9.0,1.0,0.0,49.0,sí,49.0,17.0,300,madrid,mediador,60.0
31/07/2024,1279.3291717416969,alcance,urbana,20 114,7.0,4.0,0.0,84.0,no,18.0,45.0,0,sevilla,mediador,12.0
29/08/2025,1409.6040911429436,alcance,urbana,15 394,14.0,2.0,1.0,46.0,no,30.0,47.0,0,madrid,banca seguros,176.0
14/07/2024,647.9160305032939,robo,urbana,12 337,19.0,2.0,0.0,71.0,no,43.0,23.0,0,zaragoza,mediador,50.0
14/10/2025,1134.643508930143,alcance,urbana,3 000,8.0,1.0,0.0,52.0,no,50.0,15.0,0,madrid,banca seguros,179.0
19/05/2024,488.2035076458882,golpe en aparcamiento,urbana,11 115,0.0,2.0,0.0,93.0,no,41.0,13.0,300,madrid,mediador,53.0
26/10/2024,1847.7630349611845,robo,autopista,8 738,17.0,2.0,0.0,39.0,no,43.0,48.0,0,coruña,mediador,147.0
30/06/2025,5940.176831584523,salida de vía,autopista,17 979,16.0,3.0,0.0,103.0,sí,36.0,22.0,300,zaragoza,directo,38.0
08/08/2025,2253.7444900980095,alcance,urbana,60 764,13.0,2.0,0.0,30.0,no,49.0,17.0,150,zaragoza,mediador,22.0
07/04/2024,408.20013191285943,salida de vía,urbana,4 347,12.0,1.0,0.0,46.0,no,66.0,19.0,300,sevilla,directo,104.0
15/04/2025,361.37909974449485,alcance,urbana,13 878,2.0,1.0,0.0,81.0,no,35.0,28.0,150,madrid,mediador,119.0
03/05/2024,1163.6570807344824,alcance,interurbana,14 110,10.0,2.0,0.0,36.0,no,59.0,44.0,300,coruña,mediador,74.0
26/10/2024,761.0253099013153,golpe en aparcamiento,interurbana,15 744,10.0,3.0,0.0,61.0,sí,18.0,28.0,0,valencia,directo,167.0
23/01/2024,1970.1345119090033,golpe en aparcamiento,autopista,21 547,22.0,2.0,4.0,15.0,no,54.0,2.0,0,barcelona,mediador,94.0
08/10/2025,2269.8587887463636,alcance,interurbana,28 541,19.0,1.0,0.0,63.0,sí,47.0,5.0,300,barcelona,mediador,128.0
12/09/2025,440.79292664172016,ALCANCE,urbana,3 897,0.0,1.0,0.0,68.0,no,46.0,40.0,0,zaragoza,directo,146.0
04/09/2025,1458.778715865254,alcance,interurbana,19 919,6.0,2.0,1.0,25.0,no,64.0,29.0,300,valencia,banca seguros,127.0
13/06/2024,7405.251014374624,  alcance ,urbana,17 168,2.0,4.0,0.0,51.0,no,29.0,8.0,600,zaragoza,banca seguros,177.0
03/01/2025,193.7562208507246,golpe en aparcamiento,urbana,5 677,15.0,1.0,1.0,43.0,no,42.0,31.0,600,valencia,banca seguros,44.0
29/01/2025,206.191299805298,GOLPE EN APARCAMIENTO,urbana,7 217,20.0,1.0,0.0,70.0,no,32.0,46.0,150,madrid,directo,42.0
24/01/2024,1570.780292696819,  golpe en aparcamiento ,autopista,27 970,15.0,2.0,0.0,75.0,no,18.0,41.0,300,madrid,mediador,45.0
26/01/2024,12932.307262179647,COLISIÓN FRONTAL,urbana,18 173,17.0,4.0,2.0,58.0,no,65.0,46.0,150,barcelona,mediador,96.0
04/10/2024,1873.022047969932,  golpe en aparcamiento ,autopista,26 310,7.0,1.0,0.0,26.0,no,72.0,11.0,300,valencia,mediador,106.0
01/08/2024,6427.432819461909,robo,urbana,12 019,0.0,1.0,0.0,64.0,no,48.0,29.0,0,sevilla,mediador,108.0
19/09/2025,108.37789260264702,golpe en aparcamiento,urbana,3 555,13.0,2.0,0.0,14.0,sí,50.0,47.0,150,valencia,directo,142.0
26/12/2025,1540.3757062428288,GOLPE EN APARCAMIENTO,interurbana,12 193,18.0,1.0,0.0,54.0,N/D,53.0,28.0,0,valencia,directo,25.0
28/09/2025,1853.7971833254812,salida de vía,urbana,14 011,9.0,4.0,0.0,71.0,N/D,28.0,25.0,0,zaragoza,mediador,105.0
11/08/2025,349.54951570666145,alcance,urbana,5 017,14.0,2.0,0.0,19.0,no,40.0,41.0,300,coruña,mediador,10.0
02/12/2024,1613.2415662971925,ALCANCE,urbana,8 608,10.0,3.0,0.0,38.0,no,42.0,7.0,600,madrid,directo,50.0
21/09/2024,1475.7959382413403,COLISIÓN FRONTAL,interurbana,10 057,21.0,1.0,0.0,59.0,no,29.0,29.0,300,sevilla,mediador,118.0
17/09/2025,501.8201338326748,ALCANCE,urbana,9 076,12.0,1.0,0.0,6.0,sí,50.0,8.0,0,zaragoza,mediador,104.0
21/02/2024,1711.6427555781988,salida de vía,urbana,4 949,11.0,1.0,0.0,83.0,sí,60.0,31.0,0,barcelona,directo,155.0
18/07/2024,952.7477575113761,alcance,interurbana,18 648,5.0,1.0,1.0,64.0,no,55.0,18.0,300,zaragoza,mediador,49.0
16/10/2025,1178.087646003854,alcance,urbana,8 122,22.0,1.0,0.0,80.0,sí,49.0,46.0,0,sevilla,mediador,110.0
19/10/2025,1254.7057975187342,colisión frontal,urbana,5 764,3.0,5.0,1.0,29.0,no,67.0,36.0,0,zaragoza,mediador,22.0
13/06/2025,169.4479905771027,golpe en aparcamiento,urbana,9 373,20.0,3.0,0.0,74.0,no,32.0,41.0,0,valencia,directo,5.0
10/02/2025,966.0944094028254,golpe en aparcamiento,interurbana,4 339,2.0,1.0,1.0,102.0,sí,37.0,37.0,150,valencia,banca seguros,107.0
01/09/2024,620.7946980793594,golpe en aparcamiento,interurbana,14 037,18.0,1.0,0.0,44.0,no,57.0,16.0,600,madrid,mediador,111.0
22/01/2024,699.5075748382674,golpe en aparcamiento,urbana,7 342,21.0,2.0,0.0,0.0,no,44.0,47.0,300,sevilla,mediador,133.0
26/02/2025,830.4945721929122,  golpe en aparcamiento ,urbana,3 726,11.0,4.0,0.0,53.0,sí,46.0,41.0,150,coruña,mediador,18.0
25/09/2025,555.8028687962585,salida de vía,interurbana,4 067,4.0,2.0,1.0,38.0,no,62.0,17.0,0,sevilla,mediador,48.0
18/11/2024,2720.9511172875164,  golpe en aparcamiento ,urbana,16 123,11.0,4.0,0.0,46.0,no,66.0,10.0,0,sevilla,banca seguros,25.0
21/08/2025,1588.7686720168495,ALCANCE,interurbana,11 276,6.0,2.0,1.0,57.0,no,24.0,34.0,150,sevilla,banca seguros,43.0
13/10/2024,988.9577078302593,alcance,interurbana,4 909,9.0,1.0,0.0,27.0,sí,56.0,11.0,0,madrid,mediador,83.0
04/01/2024,1014.679789830903,robo,urbana,3 293,20.0,1.0,0.0,47.0,no,54.0,3.0,0,valencia,directo,170.0
01/09/2024,4322.8167954710125,salida de vía,autopista,34 896,8.0,3.0,0.0,44.0,no,30.0,12.0,600,zaragoza,banca seguros,10.0
18/11/2024,238.65001910552178,  alcance ,interurbana,4 207,9.0,1.0,0.0,70.0,N/D,36.0,13.0,0,madrid,directo,71.0
13/06/2025,697.030401187167,salida de vía,interurbana,10 194,2.0,3.0,0.0,64.0,no,54.0,29.0,300,valencia,banca seguros,127.0
25/08/2024,1157.0107296999322,GOLPE EN APARCAMIENTO,autopista,6 446,14.0,2.0,1.0,70.0,no,18.0,5.0,300,coruña,directo,142.0
06/04/2024,935.8855181646838,salida de vía,urbana,4 968,21.0,3.0,0.0,74.0,sí,33.0,37.0,0,sevilla,directo,9.0
20/07/2025,855.7330260160372,golpe en aparcamiento,autopista,6 903,4.0,1.0,0.0,16.0,sí,48.0,14.0,0,sevilla,mediador,72.0
30/08/2024,1060.0103470847198,  colisión frontal ,urbana,4 274,10.0,1.0,0.0,28.0,no,31.0,3.0,300,coruña,directo,35.0
05/02/2024,1395.156031136509,salida de vía,autopista,10 326,11.0,3.0,0.0,95.0,N/D,26.0,30.0,0,zaragoza,mediador,100.0
13/10/2024,753.6746136220529,  golpe en aparcamiento ,autopista,11 938,10.0,2.0,0.0,52.0,sí,24.0,42.0,300,madrid,mediador,119.0
24/05/2024,1314.2968414978573,ALCANCE,urbana,25 626,9.0,1.0,0.0,57.0,sí,84.0,38.0,600,zaragoza,mediador,168.0
01/06/2024,279.0677967961359,GOLPE EN APARCAMIENTO,urbana,18 332,17.0,2.0,0.0,29.0,no,41.0,0.0,0,sevilla,directo,100.0
17/04/2024,980.4505153653579,colision frontal,interurbana,4 258,0.0,1.0,0.0,29.0,no,55.0,45.0,0,zaragoza,directo,63.0
20/09/2024,744.0536025736528,golpe en aparcamiento,interurbana,17 120,12.0,2.0,0.0,85.0,no,41.0,23.0,0,barcelona,mediador,158.0
17/05/2025,2005.6545402153279,salida de vía,urbana,10 611,22.0,2.0,0.0,53.0,no,49.0,33.0,0,valencia,directo,125.0
08/08/2024,1142.8717234861972,alcance,urbana,9 258,10.0,1.0,1.0,48.0,sí,60.0,22.0,0,sevilla,banca seguros,45.0
11/10/2025,1184.1096388991898,colisión frontal,urbana,6 624,12.0,4.0,0.0,60.0,no,41.0,31.0,300,sevilla,mediador,56.0
04/06/2024,881.5956988569498,GOLPE EN APARCAMIENTO,autopista,4 270,4.0,2.0,0.0,60.0,sí,42.0,50.0,600,zaragoza,directo,100.0
25/05/2025,4538.258385482206,colisión frontal,interurbana,7 476,10.0,1.0,0.0,68.0,N/D,65.0,21.0,0,zaragoza,mediador,136.0
17/09/2024,1103.7842055779226,ALCANCE,autopista,3 651,7.0,2.0,0.0,47.0,sí,48.0,15.0,0,valencia,mediador,80.0
27/03/2024,3338.2788230751116,robo,interurbana,17 497,1.0,1.0,0.0,65.0,sí,47.0,13.0,0,valencia,mediador,50.0
09/02/2025,562.7204079562517,ALCANCE,urbana,12 509,9.0,2.0,0.0,70.0,sí,24.0,42.0,0,barcelona,banca seguros,76.0
18/07/2025,1169.4741763527932,ALCANCE,urbana,5 369,5.0,3.0,0.0,60.0,sí,48.0,25.0,0,madrid,mediador,10.0
21/10/2024,963.3871267190398,robo,urbana,11 172,19.0,4.0,0.0,36.0,no,40.0,36.0,300,sevilla,banca seguros,156.0
15/02/2025,989.2994750806444,colisión frontal,interurbana,6 065,4.0,1.0,0.0,73.0,N/D,46.0,24.0,300,madrid,mediador,8.0
19/07/2024,1932.045728390801,colisión frontal,urbana,14 267,11.0,2.0,0.0,67.0,sí,42.0,31.0,300,madrid,directo,171.0
29/07/2024,1957.1759383198948,ALCANCE,interurbana,21 088,5.0,2.0,0.0,47.0,no,30.0,27.0,0,sevilla,banca seguros,101.0
21/04/2025,2199.830789432615,salida de via,interurbana,24 981,10.0,4.0,0.0,67.0,sí,51.0,2.0,300,zaragoza,mediador,165.0
29/10/2024,742.0377599253247,  golpe en aparcamiento ,urbana,19 518,5.0,1.0,0.0,79.0,no,39.0,45.0,0,zaragoza,mediador,88.0
04/06/2024,505.223450986289,golpe en aparcamiento,autopista,4 585,1.0,5.0,1.0,52.0,no,30.0,10.0,600,coruña,directo,25.0
31/08/2024,662.3450777700189,  salida de vía ,interurbana,2 858,9.0,2.0,0.0,54.0,no,49.0,23.0,0,valencia,mediador,165.0
17/06/2025,3316.1510339831825,salida de vía,urbana,11 571,15.0,1.0,1.0,41.0,no,40.0,21.0,0,coruña,directo,38.0
23/12/2025,2067.991207024851,  golpe en aparcamiento ,interurbana,17 740,13.0,2.0,2.0,30.0,no,58.0,24.0,300,sevilla,banca seguros,110.0
03/08/2025,24260.92102856591,incendio,autopista,11 236,15.0,2.0,0.0,74.0,sí,47.0,16.0,150,madrid,mediador,64.0
20/08/2024,809.6451298712743,alcance,autopista,5 331,14.0,5.0,0.0,86.0,no,25.0,34.0,0,sevilla,mediador,78.0
20/07/2025,2961.8873496829265,robo,urbana,7 288,20.0,5.0,0.0,107.0,N/D,36.0,36.0,0,madrid,banca seguros,113.0
15/04/2025,1290.1810631302587,  robo ,urbana,5 431,0.0,2.0,0.0,28.0,sí,18.0,35.0,150,coruña,banca seguros,96.0
18/02/2024,565.6142048581241,alcance,interurbana,7 887,19.0,3.0,0.0,59.0,sí,40.0,20.0,0,zaragoza,mediador,104.0
02/07/2025,12794.71098624684,incendio,urbana,14 940,20.0,3.0,3.0,52.0,sí,61.0,29.0,150,zaragoza,banca seguros,50.0
22/04/2025,5363.786988399732,alcance,autopista,56 222,3.0,2.0,0.0,66.0,no,43.0,46.0,150,barcelona,banca seguros,106.0
10/01/2025,3618.8125158137186,salida de vía,urbana,29 634,12.0,1.0,2.0,44.0,sí,68.0,45.0,600,coruña,directo,100.0
13/11/2025,457.83619758051094,golpe en aparcamiento,interurbana,13 126,10.0,1.0,0.0,68.0,sí,46.0,38.0,0,madrid,mediador,42.0
10/07/2024,801.2299863075636,  golpe en aparcamiento ,interurbana,15 322,14.0,1.0,0.0,51.0,no,38.0,20.0,600,madrid,mediador,100.0
04/05/2024,837.2569794005295,alcance,autopista,3 750,13.0,1.0,0.0,37.0,sí,36.0,6.0,150,coruña,directo,111.0
09/01/2024,2460.5651650836094,GOLPE EN APARCAMIENTO,interurbana,16 746,22.0,2.0,2.0,39.0,no,36.0,23.0,0,zaragoza,directo,70.0
05/09/2025,8926.870328354635,colisión frontal,interurbana,19 797,10.0,2.0,0.0,35.0,no,34.0,44.0,300,barcelona,directo,27.0
30/07/2025,502.7043613435141,golpe en aparcamiento,interurbana,9 125,5.0,2.0,0.0,85.0,sí,62.0,42.0,150,sevilla,directo,22.0
29/05/2025,4867.662683612166,alcance,urbana,27 863,15.0,3.0,0.0,21.0,sí,55.0,1.0,0,coruña,mediador,166.0
30/08/2025,1362.7389520066017,robo,interurbana,8 621,14.0,2.0,0.0,44.0,no,48.0,50.0,600,sevilla,directo,86.0
16/01/2025,10036.048493249536,salida de via,interurbana,25 715,10.0,5.0,0.0,113.0,no,40.0,18.0,150,valencia,directo,148.0
22/08/2025,1194.1496550287684,colisión frontal,interurbana,5 375,0.0,2.0,0.0,67.0,no,46.0,26.0,150,sevilla,directo,49.0
02/04/2025,756.5724280092095,GOLPE EN APARCAMIENTO,urbana,22 792,3.0,1.0,0.0,45.0,no,22.0,31.0,0,madrid,directo,43.0
31/03/2025,658.701519858553,golpe en aparcamiento,urbana,13 739,1.0,2.0,0.0,57.0,sí,50.0,48.0,150,barcelona,banca seguros,43.0
29/11/2025,2915.7829133535965,colisión frontal,urbana,11 525,12.0,2.0,0.0,25.0,no,47.0,17.0,0,coruña,mediador,166.0
07/10/2025,776.1233349364404,alcance,urbana,7 186,1.0,2.0,1.0,64.0,sí,35.0,41.0,150,coruña,directo,147.0
15/05/2024,1153.7982446284086,golpe en aparcamiento,urbana,9 903,5.0,1.0,0.0,40.0,sí,35.0,41.0,150,zaragoza,mediador,80.0
05/03/2024,2732.46985683563,ROBO,urbana,16 630,7.0,1.0,1.0,6.0,sí,68.0,14.0,0,valencia,mediador,22.0
01/07/2024,2688.4201409033117,robo,autopista,6 801,7.0,3.0,1.0,49.0,no,41.0,44.0,150,coruña,mediador,94.0
22/03/2025,762.5113980034062,golpe en aparcamiento,interurbana,11 029,17.0,1.0,1.0,49.0,sí,31.0,16.0,300,coruña,directo,1.0
04/01/2025,194.56580077111846,golpe en aparcamiento,urbana,4 769,12.0,1.0,0.0,65.0,no,54.0,31.0,600,madrid,mediador,155.0
08/03/2024,1885.8173067279033,colisión frontal,urbana,23 800,6.0,1.0,0.0,50.0,sí,64.0,22.0,0,madrid,mediador,12.0
10/11/2024,350.1194020815972,golpe en aparcamiento,urbana,4 596,3.0,3.0,0.0,66.0,sí,53.0,13.0,300,valencia,mediador,63.0
02/03/2024,1046.3400339820412,golpe en aparcamiento,urbana,15 473,1.0,5.0,0.0,15.0,no,53.0,38.0,300,madrid,mediador,144.0
05/06/2024,3152.90788582747,salida de vía,interurbana,16 874,12.0,1.0,0.0,49.0,sí,22.0,8.0,0,barcelona,banca seguros,129.0
26/12/2024,859.4531460834572,colisión frontal,urbana,3 694,17.0,4.0,1.0,47.0,no,48.0,48.0,150,sevilla,mediador,63.0
03/05/2025,1674.7044750336463,robo,urbana,8 486,17.0,1.0,1.0,45.0,no,40.0,29.0,600,sevilla,banca seguros,122.0
07/06/2024,223.85788847656016,golpe en aparcamiento,interurbana,9 666,21.0,1.0,0.0,46.0,no,45.0,2.0,600,sevilla,banca seguros,79.0
28/06/2024,1041.7101578683807,  golpe en aparcamiento ,interurbana,17 426,16.0,1.0,0.0,71.0,sí,49.0,16.0,600,madrid,mediador,29.0
26/08/2025,1794.7926337396557,robo,urbana,14 800,7.0,4.0,0.0,8.0,no,21.0,22.0,150,zaragoza,mediador,36.0
15/06/2025,3322.1578520953185,alcance,interurbana,11 618,22.0,1.0,0.0,53.0,N/D,56.0,39.0,300,barcelona,directo,121.0
06/09/2024,735.5478517264094,robo,urbana,3 539,6.0,1.0,0.0,68.0,sí,46.0,48.0,150,zaragoza,banca seguros,79.0
25/08/2025,716.0649795676959,alcance,urbana,5 898,6.0,1.0,1.0,77.0,no,45.0,49.0,300,madrid,directo,151.0
04/08/2025,906.2906686496672,alcance,urbana,12 055,13.0,3.0,0.0,35.0,no,35.0,5.0,0,zaragoza,mediador,159.0
04/11/2024,2413.068777361175,GOLPE EN APARCAMIENTO,urbana,16 255,13.0,3.0,0.0,12.0,sí,18.0,28.0,0,madrid,mediador,158.0
20/04/2024,785.2703891159505,golpe en aparcamiento,interurbana,20 334,1.0,2.0,0.0,25.0,no,38.0,18.0,300,coruña,mediador,97.0
23/10/2024,6308.964465889615,incendio,urbana,9 113,21.0,1.0,0.0,37.0,no,39.0,25.0,150,sevilla,mediador,84.0
23/08/2025,298.3541792091663,  robo ,interurbana,2 943,8.0,2.0,0.0,41.0,no,60.0,8.0,0,madrid,directo,89.0
30/01/2025,1763.9299234986772,colisión frontal,urbana,5 774,22.0,4.0,0.0,69.0,sí,49.0,19.0,0,barcelona,mediador,140.0
09/12/2024,1011.9072901990123,golpe en aparcamiento,urbana,36 986,13.0,3.0,0.0,3.0,sí,38.0,18.0,0,barcelona,mediador,147.0
24/05/2025,902.1005692006362,salida de vía,urbana,13 107,19.0,1.0,0.0,27.0,no,41.0,13.0,150,madrid,mediador,140.0
12/10/2024,3557.240895813045,incendio,urbana,11 538,6.0,2.0,0.0,28.0,no,46.0,20.0,300,sevilla,mediador,180.0
09/11/2025,421.651784114963,GOLPE EN APARCAMIENTO,urbana,10 243,17.0,5.0,1.0,65.0,no,35.0,50.0,150,sevilla,banca seguros,104.0
20/08/2024,8834.81012043547,robo,autopista,30 008,18.0,5.0,0.0,27.0,no,41.0,19.0,0,zaragoza,mediador,8.0
27/12/2024,534.1311028718925,golpe en aparcamiento,urbana,12 446,19.0,1.0,1.0,71.0,no,45.0,4.0,150,barcelona,directo,78.0
09/05/2024,1023.5794721041092,golpe en aparcamiento,interurbana,5 682,19.0,5.0,3.0,38.0,N/D,27.0,31.0,0,sevilla,directo,178.0
20/11/2024,4343.955362178289,salida de vía,urbana,6 971,17.0,2.0,0.0,17.0,no,29.0,49.0,0,madrid,mediador,139.0
17/10/2024,17344.063898046374,incendio,urbana,20 102,11.0,2.0,0.0,84.0,no,62.0,3.0,150,barcelona,banca seguros,140.0
07/04/2024,383.34459594830633,  golpe en aparcamiento ,urbana,6 642,10.0,1.0,0.0,94.0,no,24.0,30.0,0,coruña,mediador,139.0
07/07/2024,3625.4045718804527,  robo ,interurbana,15 651,14.0,2.0,0.0,62.0,sí,39.0,5.0,600,barcelona,mediador,98.0
02/02/2024,1397.4768380340622,alcance,autopista,9 618,4.0,2.0,0.0,40.0,no,34.0,44.0,600,valencia,banca seguros,70.0
04/10/2025,285.8176412284329,golpe en aparcamiento,urbana,10 950,6.0,1.0,0.0,75.0,N/D,35.0,12.0,600,sevilla,mediador,111.0
25/04/2025,489.78779894702063,golpe en aparcamiento,interurbana,7 901,1.0,1.0,0.0,59.0,no,28.0,50.0,0,valencia,banca seguros,175.0
18/11/2024,3757.905967706295,salida de vía,urbana,15 423,3.0,1.0,0.0,43.0,no,49.0,29.0,0,coruña,mediador,62.0
09/05/2024,1224.895518218845,robo,interurbana,13 276,12.0,1.0,0.0,50.0,sí,65.0,27.0,300,barcelona,directo,52.0
07/12/2025,378.2095570323296,golpe en aparcamiento,autopista,3 633,7.0,2.0,1.0,100.0,no,47.0,15.0,0,madrid,mediador,63.0
18/05/2024,869.8049684713169,alcance,urbana,8 384,3.0,1.0,2.0,105.0,no,42.0,40.0,150,coruña,banca seguros,31.0
31/03/2025,19704.06705863455,incendio,autopista,6 261,11.0,1.0,0.0,62.0,sí,46.0,41.0,150,barcelona,directo,139.0
25/08/2024,736.7254069160507,alcance,interurbana,21 968,7.0,2.0,3.0,22.0,sí,31.0,33.0,600,zaragoza,mediador,88.0
28/02/2025,1505.6901923595708,alcance,urbana,10 267,5.0,3.0,2.0,22.0,no,50.0,17.0,150,zaragoza,mediador,169.0
01/08/2025,5870.646781355951,golpe en aparcamiento,urbana,51 080,12.0,4.0,1.0,36.0,no,36.0,43.0,300,coruña,banca seguros,52.0
10/03/2024,3174.684558622719,robo,urbana,7 642,14.0,4.0,0.0,66.0,sí,60.0,46.0,150,zaragoza,directo,93.0
12/05/2024,1869.3162437432593,colisión frontal,urbana,20 465,14.0,1.0,0.0,4.0,no,60.0,17.0,150,coruña,mediador,79.0
01/08/2025,588.4317066519459,  golpe en aparcamiento ,autopista,5 198,6.0,1.0,0.0,61.0,no,38.0,13.0,300,barcelona,directo,128.0
20/01/2025,494.66525117074747,golpe en aparcamiento,interurbana,4 225,6.0,2.0,0.0,70.0,no,31.0,2.0,600,valencia,banca seguros,118.0
18/04/2025,3113.414570572257,colisión frontal,urbana,7 470,1.0,2.0,2.0,42.0,sí,43.0,23.0,0,coruña,directo,160.0
27/08/2024,189.39997337441108,ALCANCE,urbana,6 495,18.0,2.0,0.0,38.0,no,40.0,5.0,0,madrid,mediador,126.0
11/02/2024,686.5264304723827,golpe en aparcamiento,urbana,14 006,19.0,4.0,0.0,46.0,N/D,49.0,25.0,150,zaragoza,mediador,154.0
17/06/2025,877.0246627509332,golpe en aparcamiento,interurbana,6 699,2.0,2.0,0.0,78.0,no,51.0,46.0,150,barcelona,mediador,87.0
26/05/2024,470.9001629169888,alcance,urbana,17 406,17.0,2.0,0.0,89.0,no,43.0,35.0,0,zaragoza,directo,87.0
09/10/2025,1185.4586453007746,alcance,interurbana,15 776,21.0,4.0,0.0,49.0,sí,56.0,14.0,0,barcelona,mediador,3.0
05/11/2025,3858.600089741295,golpe en aparcamiento,interurbana,16 589,7.0,2.0,0.0,79.0,no,20.0,34.0,150,valencia,mediador,108.0
18/07/2025,835.5921459447593,alcance,interurbana,8 375,10.0,1.0,3.0,46.0,no,70.0,10.0,300,zaragoza,mediador,40.0
22/02/2024,748.7739751936289,alcance,autopista,4 757,4.0,1.0,0.0,38.0,no,39.0,49.0,0,sevilla,directo,156.0
28/10/2024,18474.71922159868,colisión frontal,autopista,25 663,6.0,1.0,0.0,54.0,no,67.0,3.0,600,madrid,mediador,40.0
15/03/2024,703.063576062932,golpe en aparcamiento,interurbana,18 434,11.0,3.0,0.0,19.0,no,37.0,10.0,300,sevilla,mediador,24.0
15/10/2025,252.71316146905977,  golpe en aparcamiento ,urbana,13 734,20.0,4.0,0.0,48.0,no,33.0,42.0,150,barcelona,mediador,19.0
21/09/2025,674.1455231262911,golpe en aparcamiento,interurbana,6 746,16.0,1.0,0.0,58.0,no,47.0,18.0,600,valencia,directo,62.0
05/04/2024,786.4908524088607,GOLPE EN APARCAMIENTO,interurbana,10 843,17.0,1.0,0.0,0.0,no,49.0,2.0,300,coruña,directo,74.0
03/05/2024,2700.0380823216065,alcance,interurbana,8 502,9.0,1.0,0.0,60.0,no,45.0,39.0,150,zaragoza,mediador,70.0
02/01/2025,2384.5278723027095,alcance,urbana,15 161,13.0,1.0,2.0,74.0,no,45.0,3.0,0,zaragoza,mediador,127.0
07/02/2025,792.1054091142418,alcance,interurbana,8 828,14.0,1.0,0.0,78.0,no,39.0,7.0,150,zaragoza,mediador,161.0
23/05/2024,1653.5713772926817,ALCANCE,urbana,8 483,0.0,1.0,0.0,25.0,sí,50.0,30.0,0,barcelona,directo,29.0
14/08/2024,2991.2152172924084,colisión frontal,urbana,25 848,21.0,3.0,0.0,70.0,sí,55.0,10.0,0,valencia,mediador,141.0
05/11/2025,444.3530695136225,golpe en aparcamiento,urbana,6 437,15.0,2.0,0.0,82.0,no,46.0,11.0,0,coruña,mediador,151.0
30/09/2025,1009.677846318295,golpe en aparcamiento,urbana,10 896,9.0,2.0,0.0,64.0,sí,23.0,36.0,150,madrid,mediador,88.0
24/08/2025,8884.325033541365,SALIDA DE VÍA,interurbana,38 911,8.0,4.0,0.0,81.0,sí,20.0,43.0,300,barcelona,directo,85.0
21/01/2024,2736.518334899965,alcance,interurbana,40 778,16.0,4.0,0.0,61.0,no,38.0,36.0,0,coruña,mediador,138.0
14/07/2024,1163.9492263440766,alcance,interurbana,14 845,13.0,3.0,2.0,43.0,no,27.0,35.0,0,zaragoza,mediador,111.0
27/01/2024,574.979800898137,golpe en aparcamiento,autopista,9 093,20.0,2.0,0.0,78.0,no,18.0,14.0,300,barcelona,directo,159.0
13/07/2025,308.5494722193325,golpe en aparcamiento,urbana,21 720,19.0,3.0,0.0,37.0,no,59.0,40.0,300,zaragoza,directo,66.0
29/05/2024,516.9633856684585,golpe en aparcamiento,interurbana,12 533,9.0,1.0,0.0,61.0,sí,50.0,20.0,150,zaragoza,directo,69.0
25/04/2024,1650.6502575260474,alcance,autopista,6 897,16.0,1.0,2.0,90.0,no,38.0,46.0,0,barcelona,mediador,131.0
03/12/2025,5185.570234448221,ROBO,interurbana,14 120,6.0,1.0,0.0,62.0,no,59.0,46.0,0,madrid,mediador,32.0
10/03/2025,992.8216590847207,  golpe en aparcamiento ,autopista,33 385,2.0,2.0,0.0,41.0,no,50.0,5.0,0,coruña,mediador,93.0
26/07/2025,986.7519615080429,  alcance ,urbana,9 265,7.0,3.0,0.0,89.0,sí,32.0,13.0,600,barcelona,mediador,13.0
04/10/2025,511.15770547194904,alcance,urbana,5 432,21.0,1.0,0.0,48.0,sí,25.0,33.0,0,sevilla,banca seguros,166.0
31/07/2024,534.2782909938209,golpe en aparcamiento,urbana,2 596,0.0,4.0,0.0,28.0,no,61.0,23.0,150,valencia,mediador,43.0
01/08/2024,1403.08643744799,alcance,autopista,7 717,17.0,2.0,0.0,62.0,sí,47.0,29.0,0,barcelona,directo,124.0
24/02/2025,1344.836878302858,ROBO,interurbana,13 687,12.0,2.0,0.0,30.0,no,33.0,1.0,300,coruña,banca seguros,133.0
29/09/2024,847.0593596379698,golpe en aparcamiento,autopista,10 561,4.0,5.0,0.0,83.0,no,32.0,14.0,150,coruña,mediador,116.0
24/09/2024,1518.9126654202398,salida de vía,urbana,8 926,12.0,5.0,0.0,20.0,sí,31.0,14.0,150,madrid,directo,65.0
10/12/2024,781.7436701542579,SALIDA DE VÍA,urbana,7 187,4.0,1.0,0.0,68.0,sí,44.0,26.0,0,valencia,mediador,4.0
02/10/2025,2897.8338618409007,salida de via,interurbana,10 826,6.0,2.0,0.0,57.0,sí,34.0,5.0,150,barcelona,mediador,113.0
03/10/2024,1678.3749551048704,SALIDA DE VÍA,interurbana,11 851,6.0,1.0,0.0,43.0,sí,62.0,13.0,150,zaragoza,mediador,31.0
21/10/2025,6790.549174384171,colisión frontal,interurbana,8 920,8.0,5.0,0.0,61.0,sí,30.0,2.0,600,coruña,mediador,125.0
24/02/2024,4850.154456554059,colisión frontal,interurbana,10 331,12.0,4.0,0.0,45.0,no,49.0,15.0,0,coruña,directo,61.0
31/01/2024,2001.8452249471522,salida de vía,urbana,10 547,17.0,1.0,0.0,93.0,no,39.0,39.0,300,sevilla,mediador,36.0
02/08/2024,896.7674196848991,golpe en aparcamiento,interurbana,5 311,1.0,3.0,0.0,0.0,sí,49.0,43.0,300,sevilla,banca seguros,90.0
15/10/2024,204.41511578875975,  golpe en aparcamiento ,interurbana,4 050,13.0,2.0,0.0,45.0,no,55.0,3.0,0,barcelona,directo,168.0
18/07/2024,1462.351423270203,salida de vía,urbana,14 724,17.0,1.0,0.0,89.0,N/D,33.0,37.0,300,valencia,directo,79.0
22/10/2024,1476.1510539605924,robo,urbana,21 935,6.0,1.0,1.0,50.0,no,33.0,21.0,0,coruña,mediador,171.0
12/08/2024,2671.447285734642,salida de via,urbana,5 149,10.0,1.0,0.0,43.0,sí,21.0,8.0,300,zaragoza,directo,134.0
24/03/2025,1301.7098204347217,golpe en aparcamiento,urbana,23 481,0.0,1.0,0.0,45.0,sí,53.0,37.0,0,barcelona,banca seguros,41.0
09/08/2025,528.801911654036,alcance,urbana,16 108,1.0,1.0,0.0,60.0,no,56.0,35.0,0,valencia,mediador,120.0
15/10/2025,3055.01770566652,salida de vía,interurbana,13 319,22.0,1.0,0.0,91.0,no,40.0,48.0,150,zaragoza,directo,158.0
01/09/2025,1103.0692506811795,alcance,urbana,10 627,3.0,4.0,0.0,50.0,no,33.0,30.0,0,madrid,mediador,162.0
01/05/2024,1344.474575769653,golpe en aparcamiento,interurbana,38 598,6.0,1.0,0.0,73.0,N/D,54.0,19.0,150,sevilla,mediador,109.0
24/08/2024,2570.630853151916,alcance,urbana,23 056,2.0,1.0,0.0,45.0,no,65.0,1.0,0,valencia,mediador,142.0
03/09/2025,1426.9600526094819,alcance,urbana,15 529,17.0,5.0,0.0,13.0,no,55.0,12.0,300,madrid,directo,71.0
20/08/2025,3183.7191586247013,colision frontal,urbana,15 115,13.0,4.0,0.0,64.0,no,48.0,38.0,300,zaragoza,mediador,106.0
07/04/2025,906.4374865083946,alcance,autopista,8 897,12.0,5.0,0.0,81.0,no,19.0,36.0,600,sevilla,mediador,105.0
11/09/2024,1168.9747591837602,colisión frontal,urbana,4 445,0.0,1.0,0.0,76.0,sí,52.0,45.0,0,valencia,mediador,97.0
04/12/2025,7657.498149721346,incendio,interurbana,5 895,18.0,4.0,0.0,15.0,sí,41.0,3.0,300,valencia,mediador,71.0
08/01/2025,141.46487961742224,golpe en aparcamiento,urbana,4 161,10.0,1.0,0.0,85.0,sí,40.0,32.0,600,zaragoza,mediador,6.0
24/07/2025,740.002124126255,alcance,autopista,9 984,0.0,2.0,0.0,30.0,no,70.0,2.0,150,madrid,directo,178.0
10/01/2025,458.0614936381723,golpe en aparcamiento,urbana,22 377,17.0,3.0,0.0,56.0,no,47.0,7.0,150,coruña,mediador,66.0
04/07/2024,5812.614351669794,incendio,urbana,10 636,15.0,5.0,0.0,35.0,no,52.0,43.0,600,barcelona,directo,175.0
17/10/2024,2212.2178120105514,colision frontal,urbana,14 261,15.0,1.0,1.0,38.0,no,50.0,17.0,150,zaragoza,banca seguros,169.0
02/05/2024,888.87038835476,alcance,autopista,5 307,16.0,4.0,0.0,54.0,no,59.0,1.0,300,coruña,mediador,45.0
17/10/2025,1127.595134643825,salida de vía,urbana,47 430,8.0,2.0,0.0,68.0,no,50.0,31.0,0,sevilla,mediador,96.0
18/11/2025,839.2700673375657,alcance,interurbana,10 506,22.0,2.0,0.0,12.0,sí,50.0,40.0,300,zaragoza,directo,35.0
03/08/2024,559.3358415220872,golpe en aparcamiento,urbana,11 766,4.0,2.0,0.0,53.0,no,42.0,24.0,150,zaragoza,mediador,160.0
16/08/2024,1370.2738185602034,robo,autopista,8 499,18.0,1.0,2.0,23.0,no,48.0,24.0,300,madrid,mediador,98.0
26/01/2025,1584.2569401375788,ALCANCE,interurbana,9 651,1.0,2.0,0.0,43.0,no,51.0,23.0,300,valencia,directo,180.0
17/09/2025,185.55173810983186,golpe en aparcamiento,urbana,5 211,21.0,1.0,1.0,26.0,sí,45.0,46.0,300,valencia,directo,111.0
01/11/2025,597.2088708557309,golpe en aparcamiento,interurbana,7 776,0.0,2.0,0.0,71.0,N/D,60.0,18.0,0,valencia,mediador,144.0
10/06/2025,532.4098997489832,golpe en aparcamiento,urbana,4 929,13.0,1.0,0.0,63.0,no,69.0,50.0,0,zaragoza,mediador,81.0
19/10/2024,1131.882601647214,colisión frontal,interurbana,5 404,22.0,2.0,0.0,89.0,no,18.0,32.0,0,valencia,mediador,30.0
10/08/2025,2141.0052529914988,alcance,interurbana,7 803,9.0,1.0,0.0,78.0,no,25.0,3.0,300,valencia,directo,62.0
02/03/2024,2452.6943870637747,salida de vía,interurbana,16 112,11.0,4.0,0.0,40.0,no,38.0,17.0,0,valencia,directo,67.0
06/09/2024,627.4616403622764,alcance,urbana,26 061,17.0,3.0,0.0,33.0,no,40.0,10.0,0,zaragoza,mediador,169.0
03/03/2024,280.34159554483716,golpe en aparcamiento,urbana,6 280,21.0,4.0,0.0,55.0,no,75.0,0.0,0,zaragoza,directo,98.0
01/12/2025,840.9034443812064,golpe en aparcamiento,urbana,11 613,9.0,2.0,3.0,51.0,no,51.0,27.0,0,sevilla,banca seguros,33.0
20/08/2025,4279.754975106144,robo,urbana,27 998,2.0,1.0,0.0,64.0,sí,51.0,7.0,300,barcelona,directo,105.0
12/07/2024,1371.7621634446216,alcance,autopista,31 045,16.0,1.0,0.0,70.0,no,35.0,34.0,150,sevilla,mediador,67.0
13/01/2025,2811.330527505154,colisión frontal,urbana,5 897,18.0,2.0,0.0,37.0,no,36.0,29.0,0,zaragoza,mediador,30.0
13/07/2024,2132.1905308715914,alcance,urbana,17 560,10.0,2.0,0.0,45.0,sí,60.0,50.0,600,sevilla,directo,146.0
09/09/2024,3780.946558587925,  robo ,urbana,18 123,9.0,2.0,0.0,33.0,N/D,53.0,1.0,150,madrid,banca seguros,106.0
09/07/2024,2171.8278594263575,salida de vía,urbana,29 431,4.0,1.0,0.0,68.0,no,52.0,31.0,0,zaragoza,banca seguros,164.0
23/09/2024,3122.8577267505425,ROBO,urbana,25 617,7.0,1.0,1.0,83.0,no,41.0,19.0,0,valencia,banca seguros,132.0
16/04/2024,1543.8638787041764,robo,urbana,4 010,21.0,1.0,0.0,38.0,no,40.0,8.0,150,barcelona,mediador,137.0
03/06/2025,375.64153338015933,golpe en aparcamiento,urbana,7 429,16.0,1.0,0.0,69.0,sí,37.0,41.0,0,madrid,directo,162.0
20/09/2025,3304.2332533379886,alcance,urbana,16 311,15.0,4.0,1.0,59.0,no,57.0,28.0,150,zaragoza,directo,84.0
22/11/2025,2890.0444097945315,  robo ,urbana,16 186,16.0,1.0,0.0,60.0,sí,56.0,36.0,0,madrid,banca seguros,146.0
25/11/2024,862.9597397195661,  alcance ,urbana,23 982,12.0,1.0,0.0,76.0,N/D,36.0,1.0,0,barcelona,mediador,78.0
06/11/2024,557.241819204494,alcance,urbana,15 823,3.0,1.0,0.0,5.0,no,24.0,6.0,150,zaragoza,mediador,119.0
10/12/2024,500.6737687720637,golpe en aparcamiento,urbana,15 565,21.0,2.0,0.0,30.0,N/D,59.0,24.0,0,sevilla,directo,66.0
03/06/2025,3092.4225455339256,robo,urbana,14 098,10.0,2.0,0.0,47.0,no,23.0,3.0,150,coruña,directo,46.0
23/05/2024,2227.784973975831,alcance,autopista,11 850,16.0,2.0,0.0,25.0,no,58.0,33.0,0,barcelona,banca seguros,19.0
04/03/2025,790.755220876937,alcance,interurbana,11 121,2.0,2.0,0.0,58.0,no,37.0,30.0,0,zaragoza,directo,157.0
26/02/2024,79.85905685714363,  golpe en aparcamiento ,urbana,6 594,22.0,1.0,1.0,38.0,no,25.0,49.0,600,coruña,mediador,23.0
06/08/2024,1990.0703236133702,alcance,interurbana,14 614,4.0,4.0,0.0,11.0,sí,50.0,39.0,0,sevilla,directo,2.0
16/10/2024,5415.5614431947715,  colisión frontal ,urbana,27 355,3.0,3.0,1.0,60.0,no,45.0,11.0,150,sevilla,directo,86.0
13/04/2024,5718.545051717724,salida de via,interurbana,15 794,0.0,2.0,0.0,50.0,no,32.0,9.0,0,valencia,mediador,102.0
06/07/2025,691.5868125870728,  alcance ,urbana,5 564,11.0,1.0,0.0,35.0,no,44.0,32.0,150,valencia,directo,79.0
05/10/2024,5313.444017583815,incendio,interurbana,6 930,18.0,1.0,0.0,56.0,no,54.0,49.0,600,barcelona,mediador,84.0
16/10/2024,606.6544571178391,alcance,urbana,11 713,14.0,4.0,0.0,30.0,N/D,54.0,31.0,0,madrid,mediador,120.0
24/11/2025,3313.8189817847715,COLISIÓN FRONTAL,autopista,13 316,13.0,2.0,0.0,41.0,sí,68.0,36.0,150,sevilla,mediador,131.0
11/02/2024,466.68663040706014,  alcance ,urbana,7 328,14.0,2.0,0.0,61.0,no,30.0,37.0,0,sevilla,mediador,179.0
01/06/2025,3513.3818154795536,salida de vía,urbana,6 629,4.0,1.0,0.0,38.0,no,34.0,20.0,300,sevilla,directo,129.0
01/09/2025,386.07768460563346,golpe en aparcamiento,urbana,11 074,22.0,1.0,0.0,38.0,no,52.0,20.0,0,madrid,banca seguros,36.0
27/03/2024,733.7992828844865,golpe en aparcamiento,urbana,7 357,11.0,5.0,0.0,76.0,no,45.0,5.0,300,zaragoza,banca seguros,143.0
15/07/2025,1167.5177859819162,colisión frontal,urbana,9 100,3.0,1.0,1.0,63.0,no,44.0,2.0,0,zaragoza,mediador,166.0
11/04/2024,2662.6735480117377,robo,urbana,9 933,10.0,5.0,0.0,71.0,no,35.0,23.0,0,valencia,mediador,59.0
02/03/2025,5599.740383777868,salida de vía,urbana,8 088,6.0,1.0,0.0,35.0,sí,60.0,2.0,0,barcelona,mediador,50.0
13/12/2024,3194.864326412777,  robo ,autopista,9 115,7.0,1.0,0.0,46.0,sí,47.0,45.0,0,zaragoza,mediador,8.0
25/03/2025,187.09950145578298,golpe en aparcamiento,urbana,2 849,5.0,3.0,0.0,64.0,sí,38.0,0.0,600,barcelona,mediador,112.0
17/06/2025,1269.538897781423,golpe en aparcamiento,autopista,5 987,15.0,1.0,0.0,80.0,no,59.0,34.0,600,barcelona,banca seguros,30.0
17/08/2024,8502.224060513085,incendio,urbana,18 690,20.0,3.0,0.0,69.0,no,46.0,14.0,0,barcelona,mediador,108.0
19/01/2025,7567.199408068582,salida de vía,interurbana,63 990,1.0,3.0,0.0,56.0,no,33.0,7.0,300,sevilla,mediador,27.0
06/02/2025,4082.2895688556023,alcance,interurbana,30 200,12.0,3.0,0.0,65.0,no,39.0,22.0,0,barcelona,mediador,114.0
03/03/2025,5301.3530574947745,robo,urbana,33 797,9.0,2.0,0.0,37.0,sí,42.0,20.0,150,valencia,mediador,56.0
26/11/2024,8856.368949269257,  incendio ,interurbana,6 345,4.0,1.0,0.0,60.0,no,52.0,19.0,300,sevilla,directo,19.0
17/03/2024,2181.374282818714,colisión frontal,urbana,6 934,21.0,1.0,0.0,67.0,no,46.0,37.0,300,madrid,directo,23.0
31/10/2025,14463.207166899212,COLISIÓN FRONTAL,urbana,36 460,2.0,1.0,0.0,15.0,sí,50.0,17.0,0,coruña,mediador,10.0
17/01/2024,600.0264654718825,golpe en aparcamiento,interurbana,12 514,14.0,3.0,0.0,58.0,N/D,75.0,33.0,150,valencia,banca seguros,105.0
10/08/2024,3357.090281774454,colision frontal,interurbana,12 121,12.0,2.0,0.0,48.0,no,32.0,16.0,600,barcelona,directo,56.0
01/12/2024,4709.97261250654,alcance,urbana,32 337,13.0,1.0,0.0,74.0,sí,39.0,48.0,0,madrid,mediador,79.0
27/07/2024,300.84821670846395,golpe en aparcamiento,interurbana,4 792,7.0,1.0,0.0,72.0,no,47.0,49.0,0,madrid,mediador,154.0
23/04/2024,1018.6103968756722,ALCANCE,urbana,11 913,7.0,1.0,2.0,124.0,sí,52.0,28.0,300,barcelona,mediador,166.0
13/11/2025,2589.6749830375843,robo,interurbana,19 725,0.0,2.0,0.0,61.0,no,31.0,41.0,0,valencia,mediador,158.0
04/11/2024,534.7805752318748,  golpe en aparcamiento ,urbana,12 241,4.0,1.0,0.0,50.0,no,32.0,19.0,0,madrid,directo,155.0
02/01/2025,573.1975430136038,golpe en aparcamiento,interurbana,9 601,19.0,3.0,0.0,57.0,N/D,45.0,42.0,600,valencia,directo,88.0
16/01/2025,18351.682166713148,incendio,urbana,8 251,5.0,1.0,0.0,78.0,sí,46.0,42.0,0,madrid,mediador,59.0
07/06/2025,1747.916969422363,salida de vía,interurbana,11 576,22.0,2.0,1.0,47.0,no,43.0,47.0,0,valencia,mediador,57.0
08/07/2025,449.7832678007911,alcance,urbana,2 147,10.0,2.0,0.0,23.0,N/D,32.0,22.0,0,valencia,directo,58.0
10/06/2024,2508.8322375930293,alcance,urbana,25 817,3.0,1.0,0.0,59.0,sí,33.0,36.0,0,coruña,banca seguros,7.0
14/06/2025,742.0324657851363,golpe en aparcamiento,autopista,9 902,7.0,2.0,0.0,49.0,sí,58.0,10.0,150,barcelona,directo,116.0
03/02/2024,435.5491889586107,golpe en aparcamiento,urbana,17 961,11.0,1.0,0.0,0.0,no,64.0,34.0,150,madrid,mediador,162.0
09/10/2024,501.6836371344115,golpe en aparcamiento,urbana,4 750,9.0,1.0,0.0,34.0,no,59.0,41.0,600,madrid,mediador,13.0
25/03/2024,677.1521947962034,golpe en aparcamiento,autopista,21 094,22.0,2.0,0.0,4.0,no,63.0,31.0,600,coruña,mediador,91.0
09/03/2025,444.0724250268858,golpe en aparcamiento,urbana,14 721,10.0,1.0,0.0,52.0,no,47.0,28.0,300,barcelona,mediador,7.0
31/07/2024,610.7244147797045,ALCANCE,urbana,13 679,9.0,3.0,0.0,47.0,no,36.0,23.0,300,valencia,mediador,115.0
22/03/2024,633.0876966207134,alcance,interurbana,14 732,9.0,1.0,0.0,51.0,sí,63.0,32.0,600,valencia,mediador,21.0
14/11/2024,1952.8883204526735,alcance,interurbana,8 808,18.0,1.0,0.0,62.0,sí,46.0,10.0,150,zaragoza,mediador,118.0
16/04/2024,567.4135458522695,golpe en aparcamiento,interurbana,13 586,22.0,2.0,0.0,85.0,N/D,18.0,6.0,0,zaragoza,directo,61.0
10/02/2024,2902.511345368696,salida de vía,urbana,19 452,7.0,1.0,0.0,45.0,no,60.0,47.0,600,valencia,directo,136.0
26/03/2025,857.6370526317125,  golpe en aparcamiento ,urbana,18 965,4.0,2.0,0.0,57.0,no,41.0,18.0,0,barcelona,mediador,27.0
25/12/2025,776.0871556126592,ALCANCE,urbana,7 418,1.0,1.0,0.0,87.0,no,42.0,21.0,150,sevilla,mediador,15.0
07/09/2025,2744.0342058977876,salida de via,interurbana,23 295,21.0,4.0,0.0,61.0,no,18.0,15.0,0,barcelona,mediador,152.0
02/11/2025,304.2714073776271,alcance,urbana,13 279,12.0,2.0,0.0,54.0,no,56.0,15.0,150,madrid,mediador,156.0
04/11/2025,1447.742370925077,alcance,autopista,11 003,15.0,2.0,0.0,34.0,no,41.0,43.0,600,zaragoza,directo,58.0
30/09/2024,1248.1449628548157,robo,autopista,10 708,19.0,1.0,0.0,12.0,sí,43.0,8.0,300,zaragoza,banca seguros,66.0
07/04/2025,555.0406014349,golpe en aparcamiento,urbana,13 168,14.0,1.0,0.0,34.0,no,37.0,16.0,600,zaragoza,directo,68.0
21/01/2024,595.7309233635906,golpe en aparcamiento,interurbana,5 762,1.0,1.0,1.0,14.0,no,36.0,36.0,150,zaragoza,directo,34.0
05/06/2024,10919.288677277349,colisión frontal,urbana,16 118,21.0,1.0,0.0,72.0,sí,48.0,45.0,0,coruña,directo,131.0
25/05/2025,1740.1338143842602,alcance,urbana,3 606,4.0,4.0,2.0,33.0,sí,54.0,15.0,600,sevilla,mediador,4.0
05/10/2025,1283.2262143087503,alcance,autopista,15 258,18.0,1.0,0.0,48.0,no,51.0,19.0,300,coruña,mediador,46.0
14/08/2025,210.56987506823637,alcance,urbana,4 435,15.0,2.0,0.0,46.0,sí,45.0,28.0,0,valencia,banca seguros,116.0
23/07/2025,3113.0958602413693,alcance,urbana,13 836,15.0,5.0,2.0,69.0,N/D,28.0,30.0,150,barcelona,mediador,53.0
25/07/2025,486.5853864352253,golpe en aparcamiento,urbana,5 624,3.0,1.0,0.0,78.0,no,48.0,26.0,0,madrid,mediador,20.0
27/09/2024,218.99635598472818,golpe en aparcamiento,interurbana,5 718,7.0,1.0,0.0,59.0,no,44.0,6.0,300,zaragoza,mediador,23.0
06/05/2024,789.6173530957083,colisión frontal,urbana,3 925,5.0,1.0,0.0,73.0,no,57.0,50.0,0,valencia,mediador,141.0
09/04/2025,253.3223547479903,ALCANCE,autopista,4 507,21.0,1.0,0.0,64.0,sí,65.0,28.0,0,coruña,mediador,26.0
18/03/2025,3477.5435455206257,salida de vía,interurbana,17 964,13.0,2.0,3.0,51.0,no,27.0,47.0,0,valencia,mediador,87.0
07/03/2024,1296.2283081070195,salida de vía,interurbana,35 851,13.0,2.0,0.0,99.0,no,53.0,8.0,150,zaragoza,banca seguros,7.0
22/05/2025,5096.301370124463,colision frontal,urbana,7 878,2.0,2.0,0.0,96.0,no,33.0,2.0,300,madrid,directo,5.0
25/08/2025,5828.000174982418,alcance,urbana,31 258,3.0,1.0,1.0,72.0,sí,48.0,8.0,600,sevilla,mediador,146.0
20/10/2024,521.2851463525529,golpe en aparcamiento,interurbana,20 356,12.0,2.0,0.0,42.0,no,36.0,24.0,0,valencia,mediador,163.0
05/07/2025,5631.25611132515,salida de vía,autopista,30 157,7.0,2.0,1.0,65.0,no,42.0,12.0,300,madrid,mediador,79.0
27/12/2025,897.8947297760773,alcance,urbana,6 722,19.0,1.0,0.0,33.0,sí,46.0,46.0,0,sevilla,mediador,49.0
25/04/2024,2141.580509682257,robo,autopista,7 644,15.0,2.0,0.0,14.0,sí,63.0,50.0,300,coruña,directo,61.0
18/05/2025,118.88415977368814,alcance,urbana,3 117,17.0,1.0,0.0,0.0,no,36.0,15.0,150,barcelona,mediador,66.0
01/09/2025,650.2552884786082,alcance,urbana,8 461,10.0,1.0,0.0,36.0,no,59.0,42.0,600,madrid,mediador,94.0
04/02/2025,255.24173105130382,golpe en aparcamiento,urbana,12 900,19.0,2.0,0.0,43.0,no,61.0,49.0,300,sevilla,directo,136.0
11/09/2024,10857.255515234641,  colisión frontal ,urbana,23 047,1.0,2.0,2.0,54.0,no,28.0,13.0,150,valencia,banca seguros,89.0
21/09/2025,462.14110474152915,golpe en aparcamiento,interurbana,9 985,16.0,1.0,0.0,91.0,no,56.0,22.0,300,coruña,mediador,18.0
07/04/2025,828.363690672275,golpe en aparcamiento,interurbana,4 370,9.0,2.0,0.0,64.0,N/D,53.0,7.0,0,coruña,mediador,2.0
28/01/2025,1926.6652834398806,alcance,autopista,20 012,6.0,1.0,0.0,18.0,sí,57.0,21.0,600,barcelona,mediador,167.0
06/04/2025,2875.2707529767013,alcance,urbana,9 441,4.0,3.0,0.0,2.0,no,53.0,23.0,150,sevilla,banca seguros,37.0
30/06/2024,2224.221189545187,robo,autopista,16 466,14.0,3.0,0.0,64.0,sí,41.0,32.0,0,valencia,mediador,179.0
15/07/2024,36148.21498399996,incendio,urbana,18 373,12.0,4.0,1.0,38.0,sí,37.0,32.0,150,barcelona,directo,91.0
07/03/2024,3251.1913612649246,alcance,interurbana,29 853,21.0,1.0,2.0,25.0,no,46.0,34.0,600,sevilla,directo,160.0
13/01/2024,684.2814873605955,golpe en aparcamiento,interurbana,5 920,8.0,1.0,3.0,52.0,no,41.0,47.0,300,madrid,mediador,104.0
08/09/2025,1577.5752123312736,alcance,urbana,13 526,0.0,4.0,1.0,72.0,sí,59.0,10.0,300,barcelona,mediador,54.0
22/01/2025,641.577685324322,golpe en aparcamiento,urbana,24 939,16.0,2.0,0.0,43.0,no,52.0,11.0,600,valencia,mediador,67.0
25/06/2025,425.7371486443946,alcance,urbana,6 585,18.0,1.0,0.0,70.0,sí,32.0,37.0,300,barcelona,mediador,166.0
29/09/2024,1308.941015923042,  robo ,autopista,6 766,8.0,1.0,0.0,53.0,no,38.0,2.0,150,madrid,mediador,28.0
27/03/2025,799.1321640703181,robo,urbana,10 829,22.0,1.0,0.0,68.0,N/D,54.0,22.0,0,madrid,banca seguros,6.0
13/09/2024,5262.354091772575,robo,interurbana,20 987,7.0,5.0,2.0,37.0,no,63.0,23.0,300,barcelona,banca seguros,134.0
20/07/2025,1507.13159063804,alcance,urbana,15 675,15.0,1.0,0.0,55.0,N/D,46.0,38.0,150,zaragoza,mediador,144.0
13/04/2025,912.9521769455356,robo,urbana,17 897,17.0,1.0,0.0,54.0,sí,46.0,25.0,600,valencia,mediador,56.0
12/08/2024,422.8528386981655,alcance,urbana,2 903,11.0,3.0,0.0,55.0,sí,58.0,7.0,300,madrid,mediador,146.0
13/08/2025,2396.7246960663533,ALCANCE,urbana,31 062,18.0,1.0,0.0,65.0,sí,51.0,48.0,0,coruña,mediador,11.0
17/07/2024,4839.9776102175,colision frontal,autopista,17 577,2.0,1.0,0.0,44.0,sí,51.0,4.0,150,barcelona,mediador,118.0
18/01/2024,141.73323464481308,golpe en aparcamiento,urbana,6 883,3.0,1.0,0.0,61.0,no,39.0,13.0,0,coruña,mediador,122.0
29/10/2025,3411.4778808739875,alcance,interurbana,14 215,20.0,1.0,0.0,19.0,N/D,59.0,37.0,0,sevilla,mediador,17.0
13/05/2024,1771.3472578269386,alcance,urbana,18 146,9.0,1.0,0.0,12.0,no,44.0,23.0,600,barcelona,directo,7.0
11/06/2025,1527.259493621582,COLISIÓN FRONTAL,urbana,10 084,14.0,1.0,0.0,28.0,sí,51.0,33.0,0,sevilla,mediador,101.0
11/05/2025,2972.427659218881,salida de vía,urbana,32 165,22.0,2.0,0.0,61.0,sí,23.0,27.0,0,madrid,mediador,16.0
26/10/2024,1893.9491404420646,colisión frontal,autopista,11 665,12.0,1.0,0.0,45.0,sí,59.0,50.0,300,barcelona,directo,88.0
15/06/2025,878.7312149051327,alcance,autopista,9 181,6.0,2.0,0.0,26.0,no,51.0,12.0,0,madrid,mediador,107.0
21/09/2025,516.4322156499593,  robo ,interurbana,3 933,20.0,1.0,0.0,80.0,no,53.0,6.0,0,coruña,banca seguros,97.0
12/08/2025,2172.8078099599475,SALIDA DE VÍA,interurbana,15 496,11.0,5.0,0.0,24.0,sí,31.0,22.0,0,valencia,directo,82.0
15/08/2025,644.3342779106731,alcance,urbana,23 710,2.0,2.0,0.0,30.0,no,38.0,49.0,0,zaragoza,mediador,135.0
13/09/2024,1191.5650743495282,  alcance ,urbana,14 222,12.0,5.0,0.0,68.0,no,38.0,15.0,0,barcelona,directo,177.0
22/04/2024,2787.9737439838937,  golpe en aparcamiento ,urbana,35 511,1.0,5.0,0.0,65.0,sí,41.0,19.0,150,zaragoza,directo,54.0
09/11/2024,1558.3980196092461,  colisión frontal ,urbana,10 288,20.0,1.0,0.0,54.0,no,56.0,4.0,0,coruña,directo,179.0
25/11/2025,1356.1610669360946,alcance,urbana,15 304,18.0,1.0,0.0,67.0,no,58.0,35.0,0,madrid,directo,7.0
13/03/2024,1629.3220104514287,alcance,autopista,12 747,8.0,3.0,1.0,36.0,no,40.0,3.0,0,valencia,banca seguros,17.0
03/03/2025,1730.1702329143095,alcance,interurbana,11 260,17.0,1.0,0.0,33.0,no,23.0,31.0,0,coruña,directo,10.0
10/12/2025,802.8267873814423,alcance,interurbana,10 601,6.0,2.0,0.0,54.0,no,28.0,30.0,300,zaragoza,directo,96.0
10/01/2025,449.24228135866133,golpe en aparcamiento,urbana,16 090,11.0,3.0,1.0,7.0,no,43.0,18.0,300,barcelona,mediador,64.0
31/01/2025,766.7062820115291,alcance,urbana,13 573,16.0,1.0,1.0,57.0,no,36.0,36.0,300,zaragoza,mediador,34.0
21/09/2024,1030.614371668888,ALCANCE,urbana,11 460,17.0,4.0,0.0,41.0,no,54.0,3.0,150,valencia,directo,5.0
05/10/2024,1949.5038273156522,  alcance ,autopista,13 490,15.0,2.0,1.0,33.0,no,29.0,15.0,600,madrid,banca seguros,106.0
08/04/2025,1310.857740895546,golpe en aparcamiento,interurbana,26 462,1.0,2.0,0.0,65.0,sí,57.0,24.0,150,zaragoza,mediador,107.0
23/12/2025,1304.8918218837591,colisión frontal,urbana,6 522,8.0,1.0,0.0,101.0,no,47.0,16.0,150,zaragoza,directo,105.0
16/02/2025,25146.043301809383,incendio,interurbana,14 466,5.0,4.0,1.0,52.0,no,61.0,7.0,600,barcelona,directo,60.0
23/05/2025,5427.319801402291,salida de vía,urbana,20 489,7.0,1.0,0.0,86.0,sí,43.0,46.0,300,valencia,directo,24.0
30/07/2025,603.2508540288201,  golpe en aparcamiento ,autopista,14 363,6.0,2.0,2.0,37.0,no,35.0,34.0,0,sevilla,mediador,57.0
30/07/2024,1831.2618974869551,salida de vía,interurbana,14 712,0.0,1.0,2.0,67.0,no,20.0,26.0,300,madrid,mediador,125.0
14/07/2025,1817.4159417020464,  salida de vía ,autopista,6 878,1.0,1.0,0.0,54.0,sí,40.0,30.0,150,sevilla,directo,12.0
23/02/2024,1979.87936545773,salida de vía,urbana,11 838,17.0,2.0,0.0,22.0,sí,52.0,12.0,150,zaragoza,banca seguros,54.0
07/11/2024,5382.8901660330275,alcance,urbana,16 102,5.0,5.0,1.0,48.0,no,30.0,19.0,0,zaragoza,mediador,52.0
07/12/2025,4836.741814995954,incendio,interurbana,5 371,9.0,2.0,0.0,38.0,no,65.0,9.0,150,coruña,mediador,131.0
19/07/2025,1321.45424848574,alcance,urbana,7 106,3.0,1.0,0.0,32.0,no,52.0,41.0,0,barcelona,mediador,121.0
26/03/2025,459.1699148471983,golpe en aparcamiento,interurbana,8 499,14.0,3.0,0.0,67.0,no,57.0,1.0,150,coruña,mediador,9.0
10/01/2025,4399.912282358172,colisión frontal,urbana,16 392,14.0,3.0,0.0,60.0,no,38.0,43.0,300,zaragoza,banca seguros,67.0
24/07/2025,7985.4443602825495,colisión frontal,urbana,53 328,10.0,2.0,0.0,74.0,sí,51.0,5.0,0,valencia,mediador,119.0
02/08/2025,581.0848899829988,golpe en aparcamiento,urbana,25 710,2.0,3.0,0.0,67.0,N/D,40.0,13.0,150,valencia,mediador,53.0
04/02/2024,392.47643124607737,alcance,urbana,8 276,15.0,1.0,0.0,65.0,no,18.0,30.0,0,valencia,mediador,121.0
16/01/2024,2573.331593792769,salida de vía,interurbana,8 122,4.0,3.0,0.0,80.0,sí,43.0,17.0,0,coruña,banca seguros,98.0
01/08/2025,824.5476499646478,robo,urbana,14 439,2.0,2.0,0.0,29.0,no,27.0,35.0,150,sevilla,mediador,128.0
30/08/2024,3312.578885555392,SALIDA DE VÍA,interurbana,32 864,6.0,1.0,0.0,67.0,no,46.0,40.0,0,valencia,directo,166.0
03/07/2024,2786.067417352557,robo,urbana,17 695,9.0,2.0,0.0,55.0,no,19.0,49.0,0,barcelona,mediador,149.0
24/07/2025,276.21774952583286,alcance,urbana,15 410,17.0,1.0,0.0,62.0,no,37.0,13.0,0,zaragoza,mediador,58.0
18/09/2024,977.0846636807405,  golpe en aparcamiento ,interurbana,20 077,12.0,1.0,0.0,39.0,no,45.0,17.0,300,coruña,mediador,142.0
26/09/2024,667.5830282628996,golpe en aparcamiento,interurbana,10 762,2.0,1.0,0.0,57.0,no,41.0,29.0,150,madrid,mediador,63.0
15/07/2025,888.7320186650982,alcance,urbana,13 549,12.0,1.0,1.0,38.0,sí,34.0,31.0,300,coruña,banca seguros,63.0
04/10/2024,952.3081249087103,alcance,interurbana,14 853,13.0,1.0,0.0,33.0,sí,48.0,18.0,150,coruña,banca seguros,7.0
20/07/2024,6597.064772267161,colisión frontal,interurbana,7 971,18.0,4.0,0.0,83.0,sí,18.0,34.0,150,coruña,mediador,108.0
01/03/2025,3877.817294235682,salida de vía,urbana,24 303,16.0,2.0,0.0,60.0,sí,57.0,45.0,0,madrid,mediador,107.0
08/05/2024,851.2408915926201,ROBO,urbana,4 933,12.0,2.0,1.0,41.0,no,53.0,9.0,0,barcelona,directo,161.0
31/05/2025,311.4523616698658,alcance,urbana,10 141,9.0,1.0,0.0,69.0,sí,31.0,19.0,300,sevilla,banca seguros,61.0
02/02/2024,2947.5899305734447,alcance,interurbana,24 623,14.0,4.0,0.0,45.0,no,32.0,42.0,600,valencia,directo,19.0
06/01/2024,1708.566766684318,robo,interurbana,10 175,12.0,2.0,1.0,61.0,no,49.0,25.0,300,valencia,mediador,172.0
12/11/2025,3623.2046643520152,colisión frontal,urbana,8 728,14.0,1.0,0.0,62.0,no,40.0,16.0,0,zaragoza,mediador,69.0
11/05/2025,1310.161774918389,golpe en aparcamiento,interurbana,10 400,10.0,2.0,0.0,38.0,no,67.0,40.0,150,coruña,mediador,146.0
05/09/2025,1234.7336678970062,SALIDA DE VÍA,interurbana,5 623,6.0,1.0,0.0,44.0,sí,47.0,10.0,0,madrid,mediador,113.0
04/01/2025,863.0145459204127,golpe en aparcamiento,autopista,8 171,2.0,1.0,1.0,14.0,no,36.0,36.0,0,zaragoza,banca seguros,157.0
23/06/2024,3327.10415327392,salida de vía,autopista,12 493,21.0,2.0,0.0,45.0,sí,41.0,7.0,600,madrid,mediador,57.0
30/08/2025,1150.8546537559616,colisión frontal,urbana,6 317,7.0,2.0,0.0,93.0,no,29.0,47.0,0,coruña,mediador,125.0
31/08/2024,1511.508408963352,robo,interurbana,13 959,20.0,3.0,0.0,82.0,sí,22.0,9.0,0,madrid,mediador,14.0
11/05/2025,2507.106107885526,salida de vía,interurbana,16 269,18.0,1.0,2.0,66.0,no,49.0,7.0,0,barcelona,mediador,163.0
10/12/2024,504.7587455157101,  alcance ,urbana,4 319,11.0,1.0,0.0,15.0,no,29.0,14.0,0,barcelona,mediador,69.0
29/09/2024,760.070792799711,alcance,interurbana,8 997,2.0,2.0,0.0,79.0,sí,34.0,41.0,600,madrid,mediador,89.0
17/04/2024,1344.381377773682,alcance,interurbana,12 072,11.0,5.0,0.0,56.0,no,18.0,22.0,0,madrid,mediador,34.0
03/10/2024,1180.6199294208259,alcance,interurbana,10 730,22.0,2.0,0.0,96.0,no,56.0,37.0,600,coruña,directo,165.0
21/04/2024,1755.159282149825,salida de via,interurbana,4 486,19.0,4.0,2.0,50.0,no,52.0,37.0,0,zaragoza,mediador,127.0
06/09/2025,755.5806887524429,golpe en aparcamiento,urbana,7 720,16.0,1.0,1.0,33.0,no,43.0,0.0,0,madrid,mediador,123.0
24/01/2025,1151.398359111784,golpe en aparcamiento,interurbana,10 084,11.0,4.0,0.0,51.0,sí,55.0,50.0,300,zaragoza,banca seguros,147.0
14/09/2024,2905.6133267338373,salida de vía,interurbana,25 080,4.0,1.0,0.0,50.0,sí,63.0,13.0,300,valencia,mediador,83.0
11/05/2025,441.2928235594542,alcance,urbana,11 345,21.0,1.0,0.0,51.0,no,71.0,47.0,150,zaragoza,mediador,177.0
31/08/2024,1534.7241923473273,salida de vía,urbana,11 187,20.0,1.0,0.0,53.0,no,36.0,50.0,600,zaragoza,mediador,179.0
14/08/2024,214.00520148932608,salida de vía,urbana,10 165,22.0,1.0,0.0,58.0,no,23.0,49.0,150,coruña,directo,56.0
19/08/2024,1753.2488911490864,golpe en aparcamiento,autopista,5 402,22.0,4.0,0.0,60.0,no,53.0,41.0,0,zaragoza,mediador,162.0
14/06/2025,3028.226133162997,salida de vía,interurbana,4 392,11.0,1.0,0.0,50.0,no,42.0,23.0,600,barcelona,mediador,134.0
09/05/2025,3833.7654327814466,incendio,urbana,2 550,12.0,1.0,0.0,71.0,N/D,30.0,18.0,600,zaragoza,mediador,60.0
11/06/2024,633.256221852823,golpe en aparcamiento,interurbana,6 131,9.0,4.0,0.0,34.0,sí,44.0,25.0,0,coruña,mediador,94.0
18/08/2025,1666.345330701954,colisión frontal,urbana,7 672,15.0,1.0,0.0,10.0,no,41.0,45.0,150,sevilla,mediador,97.0
03/04/2024,2744.320265739532,salida de via,urbana,14 913,21.0,1.0,2.0,62.0,no,32.0,34.0,0,zaragoza,mediador,117.0
20/04/2024,743.929522448362,alcance,autopista,17 348,2.0,4.0,0.0,65.0,no,66.0,38.0,150,coruña,mediador,60.0
27/08/2024,3322.383821581454,salida de vía,urbana,33 628,7.0,1.0,0.0,72.0,no,39.0,50.0,0,madrid,mediador,127.0
12/01/2024,722.7000113870156,alcance,urbana,15 961,18.0,1.0,0.0,54.0,no,40.0,32.0,600,coruña,directo,136.0
01/04/2025,2611.4310277345894,salida de vía,urbana,31 066,15.0,1.0,0.0,30.0,no,39.0,6.0,0,sevilla,mediador,11.0
07/10/2025,1071.4830083986367,salida de vía,urbana,7 006,18.0,1.0,0.0,73.0,no,32.0,1.0,150,zaragoza,banca seguros,78.0
13/08/2024,2366.593596953172,colision frontal,interurbana,9 955,19.0,2.0,0.0,16.0,no,44.0,1.0,0,sevilla,directo,114.0
04/04/2025,419.5267320171968,GOLPE EN APARCAMIENTO,autopista,6 346,8.0,1.0,1.0,49.0,N/D,59.0,35.0,300,valencia,mediador,115.0
21/08/2024,758.697688005054,robo,urbana,7 559,15.0,2.0,0.0,35.0,no,47.0,13.0,150,zaragoza,directo,7.0
30/11/2024,858.9208897450222,ALCANCE,urbana,13 815,2.0,1.0,0.0,56.0,no,66.0,17.0,0,coruña,directo,129.0
08/10/2024,997.9776204121038,golpe en aparcamiento,autopista,19 434,8.0,1.0,2.0,93.0,no,60.0,18.0,150,zaragoza,directo,11.0
20/09/2024,730.4420286235709,alcance,urbana,11 672,10.0,1.0,0.0,66.0,no,53.0,11.0,0,madrid,banca seguros,24.0
20/04/2024,503.5752483059709,GOLPE EN APARCAMIENTO,urbana,7 974,3.0,1.0,0.0,78.0,no,44.0,43.0,150,zaragoza,mediador,6.0
14/02/2025,2311.870870099233,alcance,interurbana,9 287,19.0,1.0,0.0,60.0,sí,18.0,17.0,0,barcelona,directo,75.0
13/05/2025,3672.0907078918444,colisión frontal,urbana,5 472,5.0,2.0,0.0,55.0,sí,67.0,10.0,0,valencia,directo,56.0
10/01/2024,721.7991254280768,  alcance ,urbana,16 596,12.0,1.0,0.0,53.0,no,27.0,24.0,0,zaragoza,banca seguros,131.0
04/04/2025,5072.265903229635,alcance,autopista,8 518,3.0,3.0,0.0,59.0,no,78.0,0.0,0,madrid,banca seguros,88.0
05/03/2025,1309.221991713172,golpe en aparcamiento,urbana,17 836,18.0,2.0,0.0,29.0,no,27.0,24.0,0,valencia,mediador,68.0
16/12/2024,3984.0077371191364,colisión frontal,urbana,22 677,21.0,3.0,0.0,54.0,no,19.0,44.0,150,madrid,mediador,17.0
07/09/2024,2736.3772937215617,colisión frontal,interurbana,8 423,16.0,1.0,0.0,20.0,no,55.0,40.0,0,barcelona,directo,22.0
07/01/2024,291.0280930453717,golpe en aparcamiento,urbana,17 020,2.0,1.0,0.0,66.0,no,64.0,17.0,0,valencia,banca seguros,39.0
09/03/2024,2400.3728216722448,alcance,urbana,25 295,10.0,2.0,0.0,65.0,no,57.0,34.0,300,coruña,directo,180.0
11/03/2025,1108.0341905457742,golpe en aparcamiento,interurbana,24 142,20.0,4.0,0.0,43.0,sí,75.0,8.0,300,zaragoza,directo,60.0
24/07/2025,489.7615408523539,alcance,urbana,5 012,11.0,1.0,0.0,42.0,no,64.0,25.0,0,barcelona,mediador,19.0
22/05/2025,745.2217152017641,golpe en aparcamiento,interurbana,26 874,3.0,1.0,0.0,44.0,no,61.0,16.0,150,barcelona,directo,117.0
27/07/2025,8494.15223304066,salida de vía,interurbana,29 944,0.0,3.0,0.0,78.0,sí,55.0,22.0,0,valencia,banca seguros,21.0
04/07/2024,836.2414488589861,alcance,interurbana,14 981,14.0,2.0,0.0,92.0,no,38.0,47.0,0,sevilla,mediador,40.0
16/06/2024,354.30853141442344,alcance,interurbana,3 602,1.0,2.0,0.0,17.0,no,64.0,36.0,0,barcelona,directo,160.0
13/09/2025,5511.567483504149,  incendio ,autopista,4 284,22.0,2.0,1.0,27.0,no,50.0,23.0,600,sevilla,directo,94.0
06/06/2024,869.9321861827062,colisión frontal,interurbana,3 631,15.0,1.0,0.0,38.0,no,51.0,42.0,300,barcelona,mediador,179.0
09/07/2025,742.4110035338753,GOLPE EN APARCAMIENTO,interurbana,8 422,12.0,1.0,0.0,44.0,no,59.0,50.0,0,barcelona,mediador,1.0
27/12/2025,13446.609438763975,incendio,interurbana,5 591,3.0,2.0,0.0,57.0,sí,49.0,34.0,600,valencia,directo,90.0
23/01/2024,1975.7480510345447,robo,urbana,10 295,17.0,1.0,1.0,54.0,no,31.0,21.0,600,coruña,mediador,113.0
25/04/2024,1946.969550182169,alcance,urbana,19 901,21.0,4.0,0.0,33.0,no,47.0,38.0,0,barcelona,directo,23.0
02/10/2024,1466.3780562120637,alcance,autopista,8 890,18.0,2.0,0.0,48.0,sí,35.0,50.0,0,valencia,directo,69.0
20/06/2025,1493.1094550349565,alcance,urbana,14 365,3.0,5.0,0.0,38.0,no,49.0,34.0,0,sevilla,directo,144.0
07/10/2024,2183.3280637365797,  robo ,autopista,17 758,12.0,2.0,0.0,25.0,no,44.0,45.0,150,barcelona,directo,13.0
25/11/2025,3276.3341223702323,alcance,autopista,10 940,2.0,3.0,0.0,77.0,N/D,39.0,2.0,150,madrid,mediador,120.0
30/06/2025,804.2047246862817,golpe en aparcamiento,interurbana,7 081,6.0,1.0,0.0,70.0,sí,59.0,44.0,300,sevilla,directo,169.0
12/05/2024,4043.1124200739123,alcance,urbana,29 609,5.0,4.0,0.0,55.0,sí,35.0,40.0,0,barcelona,mediador,20.0
17/11/2025,237.79364208230453,golpe en aparcamiento,urbana,9 879,4.0,1.0,0.0,15.0,no,44.0,26.0,150,coruña,mediador,120.0
17/01/2025,1338.758902637635,salida de via,interurbana,13 115,22.0,2.0,0.0,82.0,no,49.0,50.0,150,zaragoza,directo,31.0
08/01/2024,568.6492521708443,alcance,urbana,5 991,6.0,2.0,0.0,37.0,no,44.0,34.0,0,zaragoza,mediador,42.0
09/02/2025,858.5878079758542,golpe en aparcamiento,urbana,5 018,12.0,3.0,0.0,3.0,sí,67.0,1.0,600,barcelona,mediador,170.0
15/12/2025,2242.3591194351598,salida de vía,interurbana,6 369,16.0,2.0,2.0,3.0,no,40.0,27.0,150,valencia,directo,170.0
18/12/2025,738.5652344763281,alcance,urbana,7 900,11.0,1.0,0.0,28.0,no,33.0,34.0,150,madrid,banca seguros,147.0
18/03/2025,6887.9682662373425,colisión frontal,urbana,49 184,17.0,3.0,0.0,47.0,no,55.0,9.0,600,coruña,directo,7.0
17/08/2024,275.39061078169226,golpe en aparcamiento,interurbana,2 023,9.0,5.0,0.0,31.0,no,71.0,28.0,0,sevilla,mediador,63.0
22/12/2024,1543.5284438760366,  colisión frontal ,urbana,2 254,18.0,3.0,0.0,53.0,no,55.0,1.0,0,barcelona,mediador,18.0
30/03/2025,4679.297607942425,salida de vía,interurbana,18 892,9.0,3.0,0.0,63.0,N/D,33.0,6.0,0,valencia,directo,12.0
20/04/2024,3434.7014919729236,SALIDA DE VÍA,urbana,7 910,14.0,1.0,1.0,62.0,sí,38.0,14.0,300,sevilla,directo,88.0
24/12/2024,741.1881573998576,golpe en aparcamiento,urbana,9 084,4.0,5.0,0.0,41.0,sí,36.0,24.0,0,madrid,mediador,23.0
10/03/2025,544.388734598754,golpe en aparcamiento,urbana,7 340,4.0,1.0,2.0,25.0,no,62.0,33.0,0,zaragoza,directo,112.0
15/09/2024,9328.450483884062,salida de via,urbana,19 306,16.0,4.0,0.0,53.0,N/D,39.0,38.0,300,barcelona,directo,145.0
09/03/2025,3053.397893317938,SALIDA DE VÍA,interurbana,5 150,5.0,2.0,0.0,65.0,no,40.0,26.0,150,coruña,banca seguros,19.0
01/08/2024,1621.0198192144203,  alcance ,urbana,10 225,15.0,1.0,0.0,11.0,no,23.0,0.0,150,valencia,banca seguros,106.0
29/10/2024,1609.7085399633354,alcance,urbana,10 588,9.0,4.0,0.0,60.0,sí,24.0,25.0,0,madrid,mediador,98.0
13/06/2024,901.1259049716153,golpe en aparcamiento,interurbana,5 337,2.0,1.0,0.0,77.0,sí,38.0,37.0,300,barcelona,banca seguros,69.0
07/07/2025,797.0375895451956,golpe en aparcamiento,urbana,14 105,3.0,4.0,1.0,71.0,no,47.0,1.0,300,sevilla,directo,74.0
07/09/2025,8658.648689276362,INCENDIO,interurbana,7 699,7.0,1.0,1.0,83.0,no,40.0,43.0,0,coruña,banca seguros,31.0
16/02/2025,1804.3156386262451,colisión frontal,urbana,13 749,22.0,1.0,0.0,105.0,no,38.0,50.0,150,barcelona,directo,15.0
17/01/2024,1178.217732007809,GOLPE EN APARCAMIENTO,urbana,18 091,11.0,2.0,0.0,53.0,sí,62.0,36.0,0,sevilla,mediador,154.0
07/10/2025,3646.04009188259,  salida de vía ,interurbana,18 346,13.0,2.0,0.0,78.0,no,69.0,4.0,0,zaragoza,mediador,5.0
27/02/2024,1591.8784277480452,colisión frontal,urbana,18 189,1.0,1.0,0.0,43.0,no,56.0,39.0,0,sevilla,mediador,146.0
15/03/2024,10181.489038466036,robo,urbana,22 936,19.0,4.0,0.0,35.0,no,46.0,0.0,150,valencia,banca seguros,30.0
09/01/2025,1126.139161673601,colisión frontal,urbana,8 776,6.0,2.0,0.0,22.0,sí,59.0,1.0,150,zaragoza,mediador,118.0
05/08/2024,2855.167635062967,salida de vía,urbana,6 160,7.0,2.0,0.0,25.0,no,50.0,41.0,300,madrid,mediador,26.0
22/04/2024,1096.2895752902716,alcance,urbana,12 197,4.0,1.0,1.0,48.0,no,32.0,7.0,0,sevilla,mediador,161.0
09/04/2024,6500.809979667388,  colisión frontal ,urbana,29 185,15.0,5.0,0.0,64.0,sí,50.0,19.0,0,madrid,mediador,108.0
30/06/2025,4183.960343255928,salida de vía,urbana,32 575,17.0,1.0,1.0,29.0,sí,44.0,19.0,0,madrid,banca seguros,96.0
12/06/2024,1515.3144146557909,alcance,urbana,15 327,9.0,1.0,1.0,25.0,no,43.0,50.0,600,valencia,directo,39.0
21/03/2025,275.2320612226351,golpe en aparcamiento,interurbana,9 540,14.0,1.0,1.0,58.0,no,26.0,41.0,150,sevilla,mediador,142.0
03/10/2025,3467.518187463747,salida de vía,urbana,21 847,15.0,2.0,0.0,75.0,no,39.0,35.0,600,valencia,mediador,47.0
11/05/2024,417.12939448053896,  golpe en aparcamiento ,urbana,11 421,1.0,1.0,0.0,46.0,sí,25.0,30.0,600,valencia,mediador,110.0
18/03/2025,736.7351286068907,alcance,urbana,8 869,9.0,2.0,1.0,28.0,no,55.0,4.0,0,madrid,banca seguros,10.0
19/10/2025,3261.4172357529437,alcance,urbana,38 791,15.0,2.0,0.0,45.0,sí,34.0,34.0,150,zaragoza,mediador,160.0
15/07/2025,1872.8901683980494,ALCANCE,autopista,11 327,3.0,2.0,1.0,0.0,no,37.0,36.0,300,valencia,mediador,117.0
09/10/2025,464.31776260817264,golpe en aparcamiento,interurbana,6 569,5.0,1.0,0.0,81.0,no,37.0,1.0,300,valencia,mediador,31.0
25/03/2024,279.31647894594397,golpe en aparcamiento,urbana,4 906,1.0,1.0,0.0,52.0,no,61.0,32.0,600,barcelona,mediador,13.0
29/12/2025,2175.743125843346,GOLPE EN APARCAMIENTO,autopista,7 617,2.0,4.0,0.0,52.0,no,28.0,0.0,0,coruña,directo,126.0
22/04/2025,1493.9204027041117,colisión frontal,urbana,4 825,5.0,2.0,0.0,75.0,no,60.0,6.0,600,sevilla,directo,102.0
27/08/2025,900.8726957688089,  golpe en aparcamiento ,urbana,3 954,5.0,2.0,0.0,72.0,sí,57.0,8.0,0,madrid,directo,88.0
19/01/2024,1558.4933649082316,ROBO,autopista,9 139,19.0,2.0,0.0,88.0,sí,60.0,8.0,150,valencia,mediador,36.0
08/02/2024,1604.3319793951944,ALCANCE,urbana,14 542,8.0,1.0,0.0,66.0,no,48.0,2.0,0,valencia,mediador,61.0
01/09/2024,6746.460106531695,salida de vía,interurbana,22 046,22.0,3.0,0.0,18.0,sí,42.0,27.0,150,coruña,mediador,60.0
11/09/2025,1041.6174466774464,salida de vía,urbana,17 225,5.0,1.0,1.0,58.0,sí,52.0,7.0,0,barcelona,mediador,105.0
18/10/2024,496.6597289950311,golpe en aparcamiento,urbana,8 428,6.0,4.0,0.0,64.0,N/D,36.0,19.0,0,barcelona,banca seguros,21.0
12/01/2024,640.3138439262884,golpe en aparcamiento,interurbana,6 468,7.0,5.0,0.0,20.0,sí,56.0,12.0,600,zaragoza,directo,36.0
04/03/2025,765.371580441596,golpe en aparcamiento,urbana,9 651,7.0,4.0,0.0,66.0,no,78.0,14.0,300,barcelona,mediador,106.0
30/01/2025,1362.3938772111194,COLISIÓN FRONTAL,interurbana,10 144,15.0,3.0,0.0,42.0,no,41.0,2.0,0,valencia,mediador,137.0
10/05/2025,740.5034617043312,alcance,interurbana,11 939,6.0,2.0,0.0,87.0,no,18.0,8.0,150,valencia,directo,89.0
23/07/2024,347.78676098886507,golpe en aparcamiento,urbana,6 314,19.0,1.0,0.0,86.0,sí,82.0,18.0,0,sevilla,directo,20.0
24/05/2024,410.34782295581147,golpe en aparcamiento,urbana,5 445,1.0,1.0,0.0,53.0,no,50.0,18.0,0,barcelona,directo,23.0
29/09/2025,3240.5405415923965,robo,urbana,20 371,2.0,5.0,0.0,66.0,no,64.0,20.0,0,valencia,mediador,35.0
20/11/2025,149.47990376300606,GOLPE EN APARCAMIENTO,urbana,3 871,22.0,3.0,0.0,46.0,no,46.0,25.0,600,madrid,mediador,178.0
22/11/2025,1649.8138790650828,alcance,urbana,7 655,3.0,4.0,0.0,42.0,sí,71.0,27.0,600,coruña,mediador,123.0
20/10/2025,2024.0505147347521,salida de vía,urbana,10 543,5.0,4.0,0.0,28.0,no,38.0,48.0,600,barcelona,mediador,148.0
10/08/2025,535.2804108518745,golpe en aparcamiento,interurbana,8 612,17.0,3.0,0.0,40.0,no,34.0,16.0,0,zaragoza,directo,175.0
23/04/2024,17826.629198029972,incendio,autopista,9 248,13.0,2.0,0.0,56.0,sí,62.0,23.0,600,madrid,mediador,86.0
06/05/2024,471.7554701351803,ALCANCE,autopista,4 502,21.0,1.0,0.0,86.0,no,60.0,33.0,300,zaragoza,mediador,128.0
14/07/2025,449.19300042825444,golpe en aparcamiento,urbana,26 712,14.0,1.0,1.0,77.0,no,48.0,39.0,600,zaragoza,mediador,97.0
29/01/2025,549.9949122263696,alcance,interurbana,10 351,17.0,2.0,0.0,63.0,N/D,19.0,5.0,300,madrid,mediador,106.0
28/12/2025,838.047831267388,alcance,urbana,11 405,20.0,1.0,1.0,39.0,sí,56.0,28.0,600,madrid,mediador,144.0
08/05/2024,1974.9638376288804,salida de vía,urbana,18 638,20.0,1.0,1.0,103.0,no,36.0,47.0,0,valencia,directo,175.0
06/08/2025,813.0336981528591,alcance,urbana,8 173,1.0,2.0,0.0,32.0,no,41.0,49.0,0,barcelona,banca seguros,73.0
23/04/2024,2434.917138914075,alcance,interurbana,7 783,16.0,1.0,1.0,35.0,sí,53.0,39.0,300,sevilla,mediador,44.0
09/01/2025,1306.6492945342968,golpe en aparcamiento,interurbana,13 022,8.0,3.0,0.0,34.0,no,29.0,30.0,0,madrid,mediador,150.0
09/06/2024,630.5185404530708,salida de via,urbana,4 091,2.0,1.0,0.0,30.0,no,49.0,32.0,300,barcelona,directo,48.0
10/04/2024,150.71617171517332,golpe en aparcamiento,urbana,6 344,16.0,1.0,0.0,36.0,no,51.0,49.0,600,madrid,banca seguros,165.0
02/10/2025,3195.88575774295,salida de vía,autopista,20 316,11.0,1.0,0.0,55.0,no,20.0,43.0,150,barcelona,mediador,46.0
01/08/2025,640.475045486343,GOLPE EN APARCAMIENTO,interurbana,8 727,19.0,1.0,0.0,58.0,no,38.0,3.0,600,madrid,mediador,30.0
10/04/2025,2187.5171115028097,alcance,urbana,11 437,2.0,1.0,2.0,64.0,N/D,38.0,22.0,0,valencia,mediador,99.0
01/01/2025,6704.124105613388,  colisión frontal ,interurbana,24 168,13.0,2.0,0.0,0.0,no,64.0,22.0,0,valencia,mediador,157.0
29/01/2024,1000.7687861515444,alcance,urbana,8 037,19.0,2.0,0.0,37.0,no,65.0,6.0,0,barcelona,mediador,114.0
31/12/2024,623.2253620824761,golpe en aparcamiento,autopista,8 095,5.0,1.0,2.0,72.0,no,37.0,20.0,600,sevilla,banca seguros,50.0
13/09/2025,1660.2492917032964,alcance,urbana,6 622,1.0,1.0,0.0,44.0,sí,41.0,3.0,0,zaragoza,mediador,68.0
01/06/2025,1428.398798141681,golpe en aparcamiento,autopista,20 880,20.0,4.0,1.0,50.0,no,51.0,41.0,300,zaragoza,mediador,36.0
25/03/2025,439.05358538929573,golpe en aparcamiento,urbana,5 104,12.0,2.0,1.0,36.0,sí,48.0,10.0,0,valencia,mediador,71.0
27/12/2025,76.07982546887978,golpe en aparcamiento,urbana,3 041,20.0,1.0,0.0,97.0,N/D,45.0,4.0,0,coruña,mediador,21.0
28/10/2025,318.5244314198094,golpe en aparcamiento,interurbana,19 848,20.0,2.0,0.0,36.0,no,40.0,48.0,0,barcelona,directo,102.0
03/07/2025,3498.6306166842696,colision frontal,urbana,11 989,11.0,1.0,0.0,34.0,no,43.0,18.0,300,barcelona,directo,139.0
25/03/2024,7450.0701570829415,salida de vía,interurbana,10 047,0.0,5.0,2.0,37.0,sí,53.0,8.0,0,coruña,mediador,11.0
28/01/2024,7259.226925950283,golpe en aparcamiento,interurbana,34 129,11.0,2.0,0.0,53.0,sí,56.0,47.0,300,madrid,mediador,154.0
31/07/2025,2889.450027208331,alcance,urbana,17 743,17.0,3.0,0.0,75.0,sí,74.0,9.0,150,barcelona,mediador,127.0
16/03/2025,931.3310729045936,colision frontal,interurbana,3 446,16.0,2.0,0.0,72.0,no,35.0,38.0,0,madrid,banca seguros,78.0
27/08/2025,1052.8696379532064,  alcance ,interurbana,10 511,20.0,1.0,0.0,59.0,sí,29.0,5.0,300,sevilla,mediador,57.0
03/09/2024,6494.458284188469,  robo ,interurbana,21 261,8.0,1.0,1.0,42.0,no,59.0,33.0,300,sevilla,directo,100.0
31/10/2025,1090.0784939550126,SALIDA DE VÍA,interurbana,18 496,11.0,1.0,0.0,66.0,no,67.0,4.0,600,zaragoza,directo,63.0
17/10/2025,14038.10372906621,incendio,urbana,17 344,22.0,3.0,0.0,50.0,no,56.0,28.0,0,sevilla,mediador,111.0
22/03/2025,438.3297854595015,golpe en aparcamiento,interurbana,5 166,7.0,2.0,0.0,94.0,N/D,65.0,49.0,0,madrid,banca seguros,102.0
23/04/2024,1096.1948237635067,golpe en aparcamiento,interurbana,15 262,11.0,1.0,1.0,22.0,no,33.0,36.0,150,valencia,mediador,151.0
09/05/2024,931.6174838131252,golpe en aparcamiento,autopista,14 508,18.0,1.0,0.0,57.0,sí,44.0,10.0,600,sevilla,banca seguros,170.0
18/07/2025,1231.7229933175247,alcance,urbana,6 735,16.0,4.0,0.0,72.0,no,38.0,24.0,0,zaragoza,directo,150.0
18/02/2025,3243.0168086550025,alcance,urbana,9 440,5.0,2.0,0.0,53.0,sí,62.0,26.0,0,coruña,mediador,72.0
16/08/2025,2377.7425445755143,alcance,urbana,23 013,3.0,1.0,0.0,46.0,no,32.0,48.0,300,coruña,banca seguros,31.0
06/12/2025,4304.977605372056,colisión frontal,autopista,20 941,18.0,1.0,0.0,50.0,N/D,18.0,13.0,150,barcelona,directo,172.0
27/07/2025,482.3898671758956,  golpe en aparcamiento ,urbana,20 092,20.0,1.0,0.0,73.0,no,51.0,6.0,150,zaragoza,mediador,143.0
27/04/2025,433.37151175735886,golpe en aparcamiento,urbana,14 610,16.0,1.0,0.0,81.0,no,66.0,21.0,0,coruña,mediador,43.0
21/12/2025,2231.6049061497906,ALCANCE,interurbana,10 984,6.0,2.0,0.0,74.0,no,65.0,9.0,150,valencia,directo,173.0
21/12/2024,851.0326394308098,  alcance ,urbana,10 647,4.0,1.0,2.0,40.0,sí,38.0,33.0,0,madrid,directo,137.0
17/08/2025,505.615470934436,alcance,urbana,4 598,17.0,1.0,0.0,24.0,no,34.0,28.0,300,coruña,banca seguros,59.0
09/01/2024,6264.405233821629,incendio,urbana,8 533,13.0,3.0,1.0,70.0,no,54.0,43.0,300,barcelona,mediador,73.0
05/11/2025,255.55813279018872,golpe en aparcamiento,urbana,7 123,3.0,1.0,0.0,45.0,no,44.0,29.0,600,madrid,directo,79.0
15/01/2025,9654.073424533124,incendio,interurbana,8 268,2.0,2.0,0.0,34.0,no,20.0,7.0,0,zaragoza,mediador,69.0
02/11/2024,2023.3130837816748,alcance,interurbana,21 567,9.0,1.0,0.0,41.0,no,21.0,39.0,0,barcelona,mediador,98.0
27/11/2025,386.4666718190874,golpe en aparcamiento,urbana,6 166,7.0,2.0,0.0,63.0,sí,54.0,41.0,300,coruña,mediador,97.0
14/07/2025,2000.8868285921867,alcance,urbana,16 353,3.0,5.0,3.0,45.0,sí,39.0,10.0,0,zaragoza,directo,95.0
24/08/2024,2762.508973053919,colision frontal,autopista,14 537,20.0,4.0,1.0,59.0,no,45.0,20.0,300,barcelona,mediador,62.0
17/07/2025,971.8733486206995,salida de vía,urbana,9 312,15.0,2.0,0.0,18.0,no,60.0,2.0,600,barcelona,mediador,22.0
04/04/2024,851.3719413290944,salida de vía,autopista,4 361,20.0,2.0,0.0,23.0,no,40.0,33.0,150,zaragoza,banca seguros,116.0
12/12/2025,1662.068825936226,robo,urbana,38 937,8.0,1.0,0.0,64.0,no,47.0,49.0,300,valencia,mediador,124.0
11/01/2024,1312.1877202434246,colisión frontal,urbana,9 880,8.0,2.0,0.0,31.0,no,46.0,40.0,0,barcelona,mediador,99.0
05/09/2024,1935.143917732405,golpe en aparcamiento,interurbana,58 422,4.0,4.0,0.0,101.0,no,62.0,48.0,0,coruña,mediador,32.0
25/07/2025,6538.069305660506,colisión frontal,urbana,23 900,9.0,2.0,0.0,54.0,no,44.0,10.0,300,madrid,mediador,140.0
17/02/2024,396.7797080858097,golpe en aparcamiento,urbana,8 452,19.0,3.0,1.0,85.0,no,27.0,38.0,0,sevilla,mediador,13.0
31/07/2025,889.3140587598966,golpe en aparcamiento,urbana,14 854,13.0,2.0,0.0,52.0,no,47.0,29.0,0,coruña,directo,101.0
06/04/2024,1416.5765992194647,salida de vía,urbana,11 763,7.0,2.0,0.0,44.0,no,63.0,12.0,300,valencia,mediador,38.0
05/11/2025,1640.1067078556764,alcance,urbana,9 938,3.0,2.0,0.0,0.0,no,50.0,0.0,0,coruña,mediador,37.0
21/09/2024,229.61479199696973,golpe en aparcamiento,urbana,3 036,4.0,1.0,0.0,48.0,no,36.0,22.0,600,coruña,mediador,69.0
16/05/2024,1178.704975145628,golpe en aparcamiento,autopista,9 091,3.0,1.0,0.0,43.0,no,36.0,27.0,150,valencia,directo,111.0
26/09/2024,740.3469808734151,alcance,urbana,12 607,7.0,2.0,0.0,48.0,no,42.0,21.0,300,zaragoza,mediador,55.0
12/08/2024,1299.005108696713,alcance,interurbana,38 455,17.0,2.0,0.0,51.0,N/D,36.0,8.0,0,barcelona,banca seguros,12.0
04/02/2025,245.26585953908537,alcance,urbana,6 919,20.0,1.0,0.0,45.0,no,50.0,50.0,600,valencia,directo,104.0
27/05/2025,1646.72334449588,  salida de vía ,urbana,21 210,7.0,2.0,0.0,70.0,no,44.0,16.0,0,zaragoza,directo,89.0
14/04/2024,6748.40522991238,colisión frontal,autopista,6 613,5.0,1.0,0.0,34.0,sí,41.0,14.0,150,madrid,mediador,179.0
23/01/2025,923.8018004530575,alcance,urbana,33 758,6.0,1.0,0.0,65.0,sí,30.0,24.0,300,zaragoza,directo,59.0
13/07/2025,1059.4345057209418,alcance,urbana,27 160,6.0,1.0,0.0,51.0,no,36.0,17.0,150,madrid,mediador,152.0
04/01/2024,1844.1614836002657,salida de via,interurbana,10 522,4.0,4.0,0.0,53.0,sí,59.0,7.0,150,sevilla,directo,147.0
02/03/2025,389.9278409726081,golpe en aparcamiento,urbana,8 721,14.0,2.0,0.0,76.0,no,58.0,4.0,0,sevilla,mediador,139.0
28/10/2025,599.4438119371291,  alcance ,urbana,12 083,8.0,1.0,0.0,32.0,no,67.0,14.0,300,madrid,mediador,117.0
13/12/2025,1065.103912738061,  golpe en aparcamiento ,interurbana,7 581,4.0,1.0,0.0,49.0,no,32.0,18.0,150,zaragoza,directo,97.0
03/10/2025,1136.18609652658,SALIDA DE VÍA,urbana,4 714,15.0,2.0,0.0,51.0,no,39.0,1.0,0,coruña,directo,8.0
26/06/2024,528.5021253202173,GOLPE EN APARCAMIENTO,interurbana,4 071,1.0,1.0,0.0,75.0,sí,29.0,20.0,0,barcelona,mediador,131.0
21/12/2025,985.3725232170816,salida de vía,interurbana,16 038,12.0,1.0,0.0,71.0,no,24.0,12.0,0,barcelona,directo,164.0
21/09/2024,1059.8007439357805,alcance,urbana,7 873,16.0,1.0,0.0,18.0,sí,45.0,15.0,300,zaragoza,directo,133.0
12/06/2024,6002.355073510124,colisión frontal,interurbana,14 112,4.0,1.0,0.0,37.0,no,30.0,17.0,600,coruña,directo,78.0
03/02/2025,3992.2807024102244,  robo ,urbana,11 411,18.0,1.0,0.0,87.0,sí,55.0,35.0,150,zaragoza,mediador,78.0
23/06/2024,1728.1872403849877,salida de vía,urbana,4 416,5.0,1.0,0.0,33.0,sí,40.0,36.0,150,madrid,mediador,168.0
22/02/2025,834.0740868496888,golpe en aparcamiento,autopista,10 181,6.0,4.0,0.0,69.0,no,50.0,15.0,300,madrid,directo,180.0
16/09/2025,386.0234535015091,golpe en aparcamiento,urbana,8 807,16.0,1.0,0.0,31.0,sí,45.0,5.0,300,zaragoza,mediador,73.0
19/10/2024,1518.426043335438,alcance,urbana,12 931,20.0,2.0,0.0,40.0,sí,54.0,27.0,0,valencia,mediador,17.0
30/05/2025,1197.4598047746574,alcance,interurbana,14 924,14.0,2.0,1.0,82.0,no,38.0,17.0,0,valencia,mediador,55.0
26/06/2024,1783.8538681583107,golpe en aparcamiento,autopista,8 618,13.0,1.0,1.0,41.0,no,40.0,40.0,300,coruña,mediador,13.0
10/07/2024,6116.31678413713,  salida de vía ,autopista,10 618,3.0,2.0,0.0,21.0,no,28.0,3.0,150,zaragoza,directo,158.0
18/01/2024,461.5750332241766,golpe en aparcamiento,interurbana,8 196,0.0,1.0,0.0,85.0,no,54.0,42.0,0,valencia,directo,115.0
20/10/2025,763.1586218996185,alcance,urbana,22 459,12.0,1.0,0.0,24.0,N/D,46.0,5.0,0,zaragoza,banca seguros,64.0
23/07/2025,1335.6371055992881,salida de vía,interurbana,7 958,2.0,1.0,0.0,64.0,sí,45.0,15.0,0,coruña,directo,60.0
11/09/2025,29081.62548160738,incendio,urbana,47 433,14.0,2.0,0.0,26.0,sí,59.0,33.0,150,coruña,mediador,86.0
25/10/2025,818.6118651491763,golpe en aparcamiento,urbana,13 690,3.0,2.0,1.0,34.0,sí,39.0,11.0,0,barcelona,banca seguros,156.0
22/04/2024,742.2608594440961,golpe en aparcamiento,urbana,23 767,9.0,3.0,1.0,72.0,no,46.0,37.0,0,madrid,banca seguros,100.0
13/08/2025,2577.675854505706,salida de via,urbana,3 975,13.0,4.0,0.0,49.0,no,29.0,36.0,0,sevilla,banca seguros,3.0
21/11/2025,6877.527607127495,  salida de vía ,interurbana,21 468,3.0,1.0,0.0,60.0,no,35.0,11.0,0,sevilla,mediador,149.0
13/10/2024,563.6327915136127,salida de vía,urbana,3 486,14.0,1.0,0.0,65.0,no,47.0,39.0,150,coruña,banca seguros,173.0
24/06/2025,4249.461323786459,robo,interurbana,20 854,3.0,1.0,0.0,71.0,sí,48.0,23.0,300,barcelona,banca seguros,65.0
19/06/2025,1640.4895441147994,robo,urbana,12 455,7.0,1.0,0.0,31.0,no,50.0,45.0,150,coruña,mediador,60.0
11/04/2024,2424.7742799935672,salida de via,urbana,12 962,22.0,4.0,1.0,56.0,no,49.0,35.0,0,sevilla,mediador,111.0
19/07/2024,2997.8926731613496,alcance,interurbana,28 544,1.0,2.0,0.0,68.0,no,56.0,4.0,600,valencia,banca seguros,34.0
07/09/2025,359.584441716594,golpe en aparcamiento,urbana,9 216,5.0,1.0,1.0,40.0,sí,44.0,5.0,0,sevilla,directo,160.0
25/11/2024,159.86435872743363,  golpe en aparcamiento ,interurbana,7 778,1.0,2.0,0.0,56.0,no,23.0,29.0,150,barcelona,mediador,175.0
23/03/2025,805.5815549103831,alcance,urbana,19 393,6.0,1.0,0.0,0.0,sí,18.0,8.0,0,zaragoza,mediador,116.0
13/06/2025,4215.0894587441335,salida de vía,interurbana,18 284,6.0,1.0,0.0,41.0,no,43.0,48.0,300,valencia,directo,165.0
20/12/2025,828.0685241100224,golpe en aparcamiento,urbana,14 836,7.0,1.0,1.0,55.0,no,55.0,32.0,300,valencia,directo,1.0
07/05/2025,1210.6754025637078,  robo ,urbana,8 810,0.0,1.0,0.0,42.0,sí,46.0,36.0,300,barcelona,directo,104.0
27/09/2025,813.3068095126409,alcance,urbana,9 307,21.0,1.0,0.0,56.0,sí,74.0,44.0,0,coruña,directo,135.0
05/08/2025,2330.4075608049843,alcance,interurbana,12 156,13.0,2.0,0.0,71.0,no,46.0,47.0,0,barcelona,banca seguros,166.0
06/01/2024,1083.3365092267961,golpe en aparcamiento,urbana,24 314,10.0,1.0,0.0,80.0,no,61.0,26.0,0,sevilla,mediador,71.0
22/09/2025,1968.2597882643774,golpe en aparcamiento,urbana,31 636,9.0,1.0,1.0,83.0,sí,65.0,25.0,0,coruña,mediador,92.0
19/04/2025,335.6331467655833,golpe en aparcamiento,urbana,8 093,15.0,4.0,0.0,10.0,no,31.0,14.0,0,sevilla,mediador,64.0
15/05/2025,284.36406923120387,alcance,urbana,3 891,4.0,1.0,1.0,7.0,no,51.0,3.0,0,zaragoza,mediador,5.0
30/04/2024,468.8674471274703,golpe en aparcamiento,interurbana,4 206,0.0,4.0,0.0,30.0,sí,48.0,13.0,600,madrid,mediador,41.0
05/07/2025,773.4868005529229,salida de vía,urbana,5 540,5.0,1.0,0.0,60.0,no,60.0,15.0,150,coruña,mediador,156.0
12/08/2025,425.670137291684,  golpe en aparcamiento ,urbana,9 583,15.0,1.0,0.0,58.0,no,39.0,8.0,600,barcelona,mediador,27.0
31/08/2024,1014.5771119023229,  alcance ,urbana,25 280,22.0,1.0,0.0,91.0,no,38.0,0.0,600,madrid,mediador,164.0
21/02/2025,7640.117868113246,colisión frontal,autopista,12 058,4.0,1.0,1.0,77.0,no,18.0,41.0,0,barcelona,directo,147.0
13/10/2024,1258.9158239850078,alcance,urbana,17 384,12.0,3.0,0.0,80.0,no,46.0,1.0,300,barcelona,directo,142.0
28/03/2025,358.0355248201707,alcance,urbana,6 881,6.0,2.0,0.0,41.0,no,45.0,1.0,0,coruña,mediador,49.0
17/12/2024,810.3355959609876,  golpe en aparcamiento ,interurbana,10 486,11.0,4.0,0.0,5.0,sí,57.0,31.0,150,valencia,mediador,32.0
15/11/2024,1979.358248888538,alcance,urbana,31 506,19.0,3.0,0.0,15.0,no,24.0,38.0,600,madrid,mediador,21.0
04/03/2024,599.4225266235676,alcance,urbana,6 399,11.0,1.0,0.0,53.0,no,62.0,40.0,150,barcelona,banca seguros,64.0
24/11/2024,1622.0894956320235,SALIDA DE VÍA,urbana,13 477,14.0,1.0,1.0,43.0,no,47.0,49.0,0,valencia,directo,11.0
09/12/2025,415.7478461981874,robo,urbana,4 724,14.0,2.0,0.0,72.0,no,41.0,4.0,0,sevilla,directo,180.0
21/04/2024,1307.6365812795818,golpe en aparcamiento,urbana,23 931,6.0,2.0,0.0,59.0,sí,31.0,26.0,150,sevilla,directo,4.0
05/01/2025,6458.6992843943435,colisión frontal,interurbana,9 037,4.0,3.0,0.0,37.0,no,51.0,31.0,150,barcelona,banca seguros,162.0
04/08/2025,573.6982972643041,GOLPE EN APARCAMIENTO,interurbana,6 940,17.0,3.0,0.0,22.0,no,50.0,44.0,150,coruña,banca seguros,109.0
01/01/2024,1690.5718662172249,ROBO,urbana,10 706,15.0,4.0,0.0,77.0,no,61.0,47.0,600,coruña,directo,40.0
01/08/2025,31552.111147016527,incendio,autopista,5 266,15.0,2.0,0.0,41.0,no,37.0,11.0,150,madrid,directo,73.0
23/02/2025,5856.624456876042,  incendio ,autopista,8 724,18.0,2.0,0.0,49.0,no,20.0,17.0,0,barcelona,mediador,169.0
17/04/2025,146.25366476758708,  golpe en aparcamiento ,urbana,4 881,4.0,1.0,0.0,38.0,no,40.0,31.0,300,sevilla,banca seguros,10.0
14/08/2025,318.43295398944554,golpe en aparcamiento,interurbana,6 226,5.0,1.0,0.0,64.0,no,31.0,39.0,300,zaragoza,mediador,173.0
29/03/2025,2136.5685718230466,golpe en aparcamiento,interurbana,12 691,9.0,1.0,0.0,49.0,no,47.0,2.0,0,zaragoza,mediador,61.0
17/02/2025,1182.0874159222142,robo,urbana,4 891,3.0,2.0,0.0,24.0,sí,30.0,36.0,150,valencia,banca seguros,30.0
18/03/2025,982.8867083886274,  alcance ,interurbana,11 865,1.0,1.0,0.0,42.0,no,39.0,18.0,600,coruña,mediador,113.0
21/08/2024,522.1160561657323,  alcance ,urbana,10 115,18.0,1.0,0.0,70.0,no,45.0,29.0,0,madrid,directo,27.0
23/04/2024,337.5930139294145,alcance,interurbana,4 824,1.0,1.0,0.0,57.0,no,31.0,30.0,0,zaragoza,banca seguros,81.0
23/08/2025,1838.339815418156,alcance,urbana,10 346,18.0,2.0,2.0,60.0,no,22.0,23.0,0,valencia,mediador,131.0
09/12/2025,372.99245982805894,GOLPE EN APARCAMIENTO,autopista,3 183,11.0,3.0,0.0,48.0,no,61.0,28.0,0,valencia,mediador,91.0
25/06/2025,2231.2983331975634,colisión frontal,urbana,6 064,6.0,1.0,0.0,51.0,no,68.0,35.0,600,barcelona,mediador,100.0
23/04/2025,836.4909260522088,alcance,urbana,5 016,12.0,5.0,0.0,66.0,no,48.0,2.0,150,zaragoza,banca seguros,48.0
27/05/2025,19820.12332162985,incendio,urbana,19 451,22.0,1.0,0.0,39.0,no,33.0,37.0,0,barcelona,mediador,151.0
20/10/2024,1442.6922653951483,salida de via,urbana,10 224,22.0,1.0,1.0,84.0,sí,62.0,42.0,600,sevilla,directo,144.0
06/06/2025,16551.810749958375,COLISIÓN FRONTAL,urbana,7 940,17.0,5.0,0.0,57.0,sí,36.0,33.0,0,barcelona,banca seguros,168.0
14/07/2025,3596.5546516491877,alcance,interurbana,14 262,11.0,5.0,0.0,60.0,no,51.0,8.0,0,valencia,directo,8.0
08/07/2024,4059.6048371408797,robo,interurbana,8 876,9.0,2.0,0.0,89.0,no,27.0,9.0,150,sevilla,directo,128.0
09/05/2024,485.3272606895934,golpe en aparcamiento,urbana,16 422,5.0,3.0,0.0,68.0,no,44.0,20.0,0,valencia,directo,119.0
12/10/2024,5138.477893559768,colisión frontal,interurbana,17 907,7.0,2.0,0.0,84.0,no,50.0,19.0,0,zaragoza,mediador,180.0
28/02/2024,370.17259519979734,golpe en aparcamiento,interurbana,12 267,12.0,1.0,0.0,8.0,no,41.0,32.0,600,madrid,banca seguros,8.0
16/09/2024,1570.2454494618698,robo,interurbana,14 426,0.0,1.0,0.0,61.0,no,36.0,31.0,0,barcelona,mediador,50.0
30/08/2025,646.5092265979076,alcance,urbana,5 013,12.0,2.0,0.0,34.0,no,32.0,50.0,600,sevilla,directo,72.0
31/10/2025,1205.7198415817638,robo,urbana,14 839,20.0,1.0,0.0,47.0,no,47.0,50.0,600,sevilla,banca seguros,126.0
18/03/2024,47381.268989540404,  incendio ,urbana,17 889,11.0,3.0,0.0,96.0,no,60.0,18.0,0,barcelona,mediador,116.0
24/01/2025,2663.895102019663,alcance,urbana,21 702,15.0,2.0,0.0,34.0,sí,44.0,46.0,150,zaragoza,banca seguros,174.0
28/10/2024,923.3172183342516,  golpe en aparcamiento ,autopista,19 107,12.0,2.0,1.0,20.0,no,32.0,17.0,0,coruña,directo,23.0
30/09/2024,1902.1778556919337,alcance,interurbana,10 600,8.0,1.0,0.0,35.0,sí,43.0,40.0,150,zaragoza,mediador,12.0
14/06/2025,149.89060943925764,golpe en aparcamiento,urbana,10 140,22.0,1.0,0.0,58.0,no,33.0,36.0,0,barcelona,mediador,28.0
04/05/2024,1203.2338461318595,golpe en aparcamiento,interurbana,7 773,1.0,4.0,0.0,31.0,no,41.0,25.0,0,coruña,directo,172.0
13/06/2024,889.5977254926498,golpe en aparcamiento,urbana,40 977,20.0,2.0,0.0,52.0,no,58.0,7.0,150,zaragoza,mediador,61.0
09/07/2025,496.47520178786897,  golpe en aparcamiento ,urbana,4 085,8.0,1.0,1.0,31.0,no,32.0,37.0,0,barcelona,mediador,15.0
23/05/2025,225.02621951978202,golpe en aparcamiento,autopista,8 239,15.0,3.0,0.0,14.0,no,21.0,27.0,0,madrid,mediador,47.0
21/03/2024,2612.445139275751,golpe en aparcamiento,interurbana,51 377,8.0,3.0,0.0,22.0,sí,40.0,30.0,150,valencia,directo,105.0
01/03/2025,1218.3797482172283,  colisión frontal ,urbana,7 068,22.0,1.0,0.0,78.0,sí,56.0,3.0,150,sevilla,directo,162.0
03/01/2024,1933.8373196580637,salida de vía,interurbana,18 788,6.0,1.0,2.0,52.0,no,44.0,4.0,600,madrid,directo,122.0
24/06/2024,539.6564966122223,alcance,urbana,18 160,10.0,1.0,0.0,55.0,no,52.0,19.0,150,zaragoza,directo,109.0
28/01/2025,3075.852791721342,colisión frontal,interurbana,10 610,16.0,1.0,0.0,97.0,no,52.0,46.0,0,valencia,mediador,171.0
04/07/2025,4054.8313668295705,colisión frontal,interurbana,27 726,1.0,3.0,0.0,57.0,no,33.0,29.0,0,sevilla,mediador,141.0
16/06/2024,1311.718137299265,COLISIÓN FRONTAL,autopista,4 303,3.0,2.0,0.0,56.0,no,24.0,48.0,0,madrid,mediador,72.0
27/03/2024,1750.786182539348,alcance,interurbana,18 245,6.0,1.0,0.0,21.0,no,32.0,11.0,0,madrid,mediador,123.0
24/04/2024,6695.922186589155,colisión frontal,interurbana,10 713,6.0,2.0,5.0,35.0,sí,35.0,30.0,0,barcelona,directo,34.0
18/06/2024,1700.0962570185245,salida de vía,urbana,8 544,14.0,4.0,0.0,59.0,sí,40.0,9.0,0,madrid,banca seguros,3.0
02/08/2025,446.1820407171112,alcance,urbana,8 442,14.0,1.0,0.0,46.0,N/D,30.0,34.0,300,valencia,banca seguros,43.0
06/02/2025,456.1166557786785,golpe en aparcamiento,interurbana,6 694,15.0,2.0,0.0,90.0,no,33.0,45.0,300,sevilla,mediador,53.0
07/05/2025,2234.7992407453135,salida de vía,interurbana,8 655,10.0,1.0,2.0,42.0,sí,45.0,30.0,0,coruña,directo,11.0
28/11/2025,745.8368463406921,alcance,urbana,5 714,13.0,2.0,1.0,27.0,no,21.0,18.0,0,barcelona,mediador,160.0
18/06/2024,531.8586096486886,  golpe en aparcamiento ,interurbana,5 854,16.0,1.0,0.0,43.0,no,38.0,46.0,150,madrid,directo,122.0
07/10/2025,6234.906394271377,salida de vía,autopista,31 094,19.0,1.0,1.0,59.0,no,50.0,12.0,0,zaragoza,mediador,144.0
04/05/2024,2118.8459976042864,COLISIÓN FRONTAL,urbana,10 244,15.0,1.0,0.0,77.0,sí,34.0,8.0,0,zaragoza,mediador,103.0
17/06/2024,1295.6667986359337,alcance,urbana,7 202,16.0,1.0,0.0,56.0,sí,43.0,25.0,300,barcelona,directo,123.0
05/10/2024,115.16778207493141,golpe en aparcamiento,urbana,4 379,21.0,1.0,0.0,67.0,sí,28.0,16.0,150,madrid,directo,68.0
10/08/2024,742.8515645368788,ALCANCE,urbana,8 751,9.0,1.0,1.0,90.0,no,42.0,38.0,300,sevilla,directo,138.0
24/05/2025,2139.833158267922,colisión frontal,interurbana,15 718,3.0,2.0,0.0,41.0,no,56.0,33.0,0,barcelona,mediador,174.0
08/06/2025,763.25200906152,alcance,urbana,10 635,17.0,2.0,0.0,17.0,sí,47.0,18.0,150,barcelona,directo,27.0
15/10/2025,398.16326749696924,alcance,autopista,3 978,4.0,4.0,0.0,52.0,no,40.0,41.0,300,coruña,directo,140.0
05/06/2025,827.6589652012685,golpe en aparcamiento,urbana,10 147,19.0,1.0,0.0,72.0,sí,46.0,26.0,0,barcelona,mediador,25.0
14/03/2024,670.69769288662,alcance,interurbana,13 489,12.0,2.0,0.0,51.0,no,51.0,21.0,0,zaragoza,mediador,99.0
20/11/2024,1220.1682443234076,alcance,urbana,8 526,16.0,1.0,0.0,56.0,sí,38.0,49.0,150,madrid,banca seguros,179.0
23/06/2025,2025.1319514490363,ALCANCE,urbana,6 272,18.0,2.0,0.0,24.0,N/D,48.0,32.0,0,valencia,mediador,160.0
17/07/2024,918.5071328295512,golpe en aparcamiento,urbana,9 686,11.0,1.0,0.0,60.0,sí,18.0,42.0,0,zaragoza,directo,145.0
21/12/2024,379.2901388885356,alcance,urbana,6 541,20.0,1.0,0.0,57.0,no,44.0,41.0,0,zaragoza,directo,86.0
26/02/2025,813.7754313298796,ALCANCE,urbana,12 787,7.0,2.0,0.0,33.0,no,58.0,16.0,0,sevilla,banca seguros,57.0
24/10/2025,8978.704812413534,salida de vía,urbana,16 283,9.0,1.0,0.0,55.0,no,42.0,24.0,0,zaragoza,mediador,55.0
26/01/2024,601.1266675562591,golpe en aparcamiento,urbana,16 174,1.0,1.0,2.0,68.0,no,62.0,23.0,300,valencia,directo,116.0
11/03/2025,1287.2688231211391,  alcance ,urbana,19 367,3.0,1.0,0.0,43.0,N/D,62.0,28.0,300,zaragoza,banca seguros,80.0
08/07/2025,1946.1010754319393,alcance,urbana,16 801,14.0,1.0,0.0,66.0,no,48.0,22.0,0,valencia,directo,12.0
26/08/2025,480.92391820925184,alcance,interurbana,4 276,15.0,1.0,1.0,18.0,no,48.0,34.0,150,barcelona,mediador,103.0
18/05/2025,284.63157329895523,golpe en aparcamiento,urbana,11 289,14.0,1.0,0.0,23.0,N/D,37.0,2.0,0,coruña,directo,96.0
19/08/2024,12945.899810579189,incendio,urbana,10 298,13.0,5.0,0.0,59.0,sí,50.0,39.0,0,coruña,mediador,166.0
20/11/2025,1892.5539557321292,alcance,interurbana,13 065,1.0,1.0,0.0,56.0,sí,51.0,17.0,600,sevilla,mediador,72.0
20/01/2025,261.2936892171551,golpe en aparcamiento,urbana,3 259,19.0,1.0,1.0,40.0,no,63.0,46.0,150,valencia,mediador,42.0
01/09/2024,928.9596839895645,incendio,urbana,1 831,7.0,1.0,1.0,72.0,sí,43.0,36.0,300,madrid,banca seguros,131.0
03/05/2025,17854.82236434485,incendio,autopista,5 970,15.0,2.0,0.0,77.0,no,48.0,22.0,600,coruña,mediador,93.0
09/11/2024,842.9247978655885,golpe en aparcamiento,interurbana,12 294,14.0,2.0,0.0,99.0,sí,40.0,10.0,150,barcelona,mediador,134.0
27/07/2025,16737.45070253621,incendio,interurbana,13 066,14.0,4.0,0.0,39.0,no,55.0,8.0,0,madrid,mediador,40.0
22/01/2025,195.03986083621928,golpe en aparcamiento,urbana,7 889,22.0,1.0,0.0,71.0,no,52.0,31.0,300,sevilla,directo,81.0
29/11/2025,3346.5369479378305,alcance,interurbana,10 809,1.0,2.0,0.0,66.0,no,31.0,48.0,300,sevilla,mediador,153.0
23/07/2025,7381.474236295174,salida de vía,urbana,19 643,10.0,1.0,0.0,79.0,no,28.0,14.0,0,valencia,directo,21.0
25/01/2025,629.5966567759251,golpe en aparcamiento,interurbana,8 598,22.0,2.0,0.0,46.0,no,58.0,9.0,300,coruña,banca seguros,71.0
02/01/2024,542.7380156376498,golpe en aparcamiento,urbana,11 817,13.0,2.0,0.0,74.0,sí,41.0,4.0,0,barcelona,banca seguros,52.0
30/07/2025,274.6827463464005,golpe en aparcamiento,interurbana,4 410,2.0,1.0,0.0,50.0,no,56.0,27.0,0,coruña,directo,117.0
02/07/2025,1116.0290947745498,alcance,interurbana,22 210,12.0,1.0,0.0,50.0,no,62.0,35.0,0,barcelona,mediador,173.0
07/04/2025,13436.863673038131,  colisión frontal ,interurbana,13 839,4.0,1.0,1.0,54.0,sí,52.0,5.0,150,sevilla,mediador,170.0
21/08/2025,338.0449950072262,golpe en aparcamiento,urbana,16 109,21.0,1.0,0.0,96.0,no,36.0,9.0,150,zaragoza,mediador,107.0
08/12/2025,625.046571574548,salida de vía,urbana,7 922,11.0,1.0,0.0,19.0,no,43.0,32.0,600,valencia,directo,140.0
08/05/2025,1601.6808041226752,alcance,autopista,26 815,7.0,1.0,0.0,4.0,no,21.0,13.0,0,barcelona,banca seguros,97.0
27/05/2024,601.3805591001093,colisión frontal,urbana,5 727,5.0,2.0,0.0,62.0,no,47.0,27.0,150,sevilla,mediador,105.0
17/11/2025,5723.34844873347,colisión frontal,urbana,13 154,18.0,3.0,2.0,64.0,sí,40.0,41.0,150,madrid,directo,111.0
01/09/2024,4848.225129074262,colision frontal,urbana,10 631,16.0,2.0,1.0,78.0,N/D,54.0,24.0,150,valencia,directo,105.0
07/03/2024,3293.903797324285,SALIDA DE VÍA,autopista,9 137,12.0,4.0,0.0,51.0,sí,43.0,25.0,0,coruña,banca seguros,54.0
30/08/2024,1986.2722947090608,ALCANCE,autopista,10 744,18.0,3.0,1.0,61.0,sí,34.0,2.0,0,coruña,mediador,39.0
09/06/2025,1613.8866398459813,golpe en aparcamiento,urbana,10 517,14.0,1.0,0.0,34.0,sí,69.0,3.0,0,valencia,mediador,130.0
08/02/2025,360.21252199988004,alcance,urbana,7 101,1.0,1.0,0.0,28.0,no,40.0,35.0,300,sevilla,mediador,115.0
19/11/2024,321.0285615189691,golpe en aparcamiento,urbana,8 517,1.0,2.0,0.0,12.0,no,29.0,33.0,300,valencia,directo,15.0
27/06/2024,1742.8029807419248,alcance,autopista,9 281,16.0,4.0,0.0,47.0,no,53.0,39.0,0,coruña,directo,124.0
21/01/2024,2061.2624768453234,robo,urbana,4 160,13.0,5.0,0.0,59.0,sí,50.0,4.0,0,barcelona,mediador,1.0
28/11/2025,2167.5872187054847,  alcance ,urbana,13 271,9.0,4.0,0.0,50.0,sí,52.0,32.0,300,madrid,directo,73.0
10/01/2025,22802.014268106494,incendio,autopista,24 451,5.0,1.0,0.0,18.0,sí,58.0,23.0,0,sevilla,directo,143.0
07/01/2025,10744.333800228316,COLISIÓN FRONTAL,interurbana,5 964,13.0,5.0,2.0,45.0,no,69.0,27.0,0,barcelona,directo,161.0
23/11/2024,979.1940142118525,golpe en aparcamiento,urbana,14 913,12.0,2.0,0.0,45.0,no,44.0,23.0,300,madrid,banca seguros,180.0
17/08/2024,1317.6809137713344,ALCANCE,urbana,23 944,6.0,1.0,0.0,75.0,N/D,37.0,32.0,150,barcelona,directo,85.0
30/08/2025,1560.780434845471,  salida de vía ,autopista,5 577,16.0,1.0,0.0,21.0,no,70.0,43.0,300,zaragoza,banca seguros,51.0
25/05/2024,1852.7961843386615,alcance,interurbana,7 427,10.0,1.0,2.0,49.0,sí,29.0,32.0,0,sevilla,banca seguros,43.0
25/09/2024,771.8441001446178,alcance,autopista,6 507,3.0,1.0,0.0,104.0,no,41.0,5.0,0,valencia,mediador,23.0
14/09/2024,2792.247744852333,ALCANCE,interurbana,28 634,3.0,1.0,2.0,50.0,no,44.0,18.0,150,barcelona,directo,14.0
21/11/2024,1173.5543231201214,colision frontal,urbana,5 636,8.0,2.0,0.0,53.0,no,53.0,42.0,0,zaragoza,banca seguros,106.0
21/12/2025,188.443334726908,golpe en aparcamiento,interurbana,2 266,14.0,2.0,0.0,84.0,no,21.0,31.0,150,zaragoza,directo,20.0
16/07/2024,1098.045311728339,alcance,autopista,8 348,1.0,2.0,0.0,59.0,no,64.0,28.0,0,madrid,mediador,140.0
08/05/2024,1310.2458844647213,robo,urbana,15 318,0.0,2.0,0.0,2.0,no,59.0,21.0,150,madrid,directo,102.0
21/10/2025,420.14003423409605,golpe en aparcamiento,urbana,26 651,16.0,2.0,0.0,36.0,no,35.0,37.0,0,valencia,directo,33.0
30/01/2025,1134.728511549132,golpe en aparcamiento,urbana,21 267,19.0,2.0,0.0,106.0,sí,32.0,31.0,150,zaragoza,directo,101.0
12/02/2025,1914.5914385725328,golpe en aparcamiento,urbana,70 906,13.0,2.0,0.0,31.0,no,18.0,34.0,0,coruña,mediador,86.0
10/01/2024,743.1749133495074,golpe en aparcamiento,urbana,15 522,17.0,3.0,0.0,102.0,no,29.0,2.0,300,zaragoza,directo,140.0
06/02/2024,896.6955566346337,salida de vía,interurbana,12 110,12.0,2.0,1.0,76.0,no,30.0,15.0,150,barcelona,directo,2.0
20/03/2025,2447.338231534637,COLISIÓN FRONTAL,urbana,6 718,9.0,4.0,0.0,57.0,N/D,20.0,21.0,0,madrid,mediador,34.0
04/04/2025,1903.1193503144523,colisión frontal,urbana,4 132,7.0,2.0,0.0,67.0,no,56.0,27.0,0,coruña,banca seguros,146.0
06/09/2025,10891.732938626423,colisión frontal,autopista,23 177,17.0,2.0,2.0,55.0,sí,59.0,46.0,0,barcelona,directo,62.0
13/12/2024,1779.2051297767102,salida de vía,interurbana,7 115,17.0,1.0,0.0,106.0,sí,69.0,1.0,150,sevilla,banca seguros,39.0
05/12/2025,5832.153540420842,robo,autopista,19 814,0.0,1.0,2.0,24.0,N/D,41.0,29.0,150,coruña,mediador,147.0
10/08/2025,7918.59144251017,  colisión frontal ,interurbana,10 161,11.0,2.0,0.0,0.0,no,44.0,30.0,150,zaragoza,banca seguros,107.0
25/02/2024,3021.884001961491,  colisión frontal ,interurbana,12 530,9.0,2.0,0.0,38.0,no,55.0,31.0,300,sevilla,banca seguros,120.0
17/06/2024,1125.431818884376,golpe en aparcamiento,autopista,33 620,16.0,1.0,0.0,96.0,no,56.0,26.0,0,coruña,banca seguros,122.0
28/11/2024,2231.9274738847057,salida de vía,urbana,10 569,21.0,2.0,0.0,68.0,no,41.0,1.0,600,zaragoza,banca seguros,115.0
13/11/2025,282.32118440944885,GOLPE EN APARCAMIENTO,urbana,11 726,22.0,1.0,0.0,32.0,sí,62.0,16.0,150,sevilla,mediador,99.0
18/08/2025,2676.7724952376498,alcance,interurbana,16 470,7.0,2.0,2.0,31.0,no,40.0,46.0,150,madrid,mediador,81.0
10/06/2025,473.92472579045517,golpe en aparcamiento,urbana,7 296,19.0,1.0,0.0,64.0,no,33.0,39.0,300,zaragoza,mediador,10.0
21/07/2024,597.9313042565137,golpe en aparcamiento,interurbana,7 466,15.0,1.0,0.0,65.0,sí,51.0,17.0,600,zaragoza,directo,79.0
13/03/2024,816.2913401687771,golpe en aparcamiento,interurbana,13 354,10.0,2.0,0.0,41.0,no,30.0,11.0,600,barcelona,mediador,16.0
18/07/2024,1098.2220134066567,golpe en aparcamiento,autopista,13 982,18.0,2.0,2.0,12.0,no,23.0,1.0,0,barcelona,mediador,50.0
30/05/2025,5135.27651219107,colisión frontal,interurbana,9 772,14.0,1.0,2.0,59.0,no,45.0,12.0,150,madrid,banca seguros,105.0
12/08/2025,5759.643475957117,  robo ,interurbana,9 065,0.0,1.0,0.0,54.0,sí,35.0,16.0,150,sevilla,mediador,16.0
23/10/2024,1526.3775867764355,alcance,autopista,8 861,4.0,1.0,1.0,43.0,no,37.0,4.0,300,madrid,directo,149.0
06/08/2024,584.9110883723279,golpe en aparcamiento,urbana,17 956,20.0,1.0,2.0,30.0,sí,50.0,25.0,0,valencia,mediador,21.0
18/09/2024,1876.7921860163653,alcance,autopista,12 993,4.0,4.0,0.0,88.0,no,63.0,25.0,150,zaragoza,banca seguros,57.0
10/02/2024,3444.375998392534,COLISIÓN FRONTAL,urbana,10 829,12.0,2.0,0.0,57.0,no,25.0,33.0,300,madrid,directo,69.0
21/10/2024,1624.7116007237546,robo,autopista,4 284,13.0,1.0,0.0,31.0,no,38.0,27.0,0,sevilla,mediador,135.0
23/06/2024,655.7943628058171,golpe en aparcamiento,urbana,4 761,10.0,1.0,0.0,66.0,no,47.0,47.0,0,valencia,banca seguros,101.0
13/02/2024,22501.900848514655,INCENDIO,interurbana,8 557,22.0,4.0,2.0,68.0,sí,63.0,17.0,150,valencia,mediador,58.0
24/03/2025,715.7576617745451,SALIDA DE VÍA,urbana,8 767,13.0,2.0,0.0,79.0,no,42.0,26.0,0,valencia,mediador,43.0
17/02/2025,719.7780789486065,  salida de vía ,urbana,3 903,17.0,1.0,0.0,19.0,N/D,42.0,11.0,300,valencia,mediador,37.0
19/07/2024,3526.5192428143737,salida de vía,interurbana,33 764,15.0,3.0,0.0,71.0,no,30.0,50.0,0,madrid,mediador,99.0
11/07/2025,555.1485111341487,golpe en aparcamiento,urbana,7 979,16.0,1.0,0.0,63.0,no,61.0,1.0,0,coruña,mediador,39.0
07/04/2024,856.4291631666099,alcance,urbana,14 089,0.0,2.0,0.0,50.0,no,48.0,37.0,150,valencia,banca seguros,131.0
31/12/2024,468.11083091220644,  golpe en aparcamiento ,autopista,10 240,18.0,1.0,0.0,64.0,sí,39.0,29.0,300,madrid,directo,153.0
30/08/2025,173.59614832141116,golpe en aparcamiento,urbana,5 785,22.0,1.0,0.0,59.0,no,46.0,45.0,0,madrid,mediador,124.0
24/05/2025,2207.078476460188,salida de vía,interurbana,11 205,20.0,3.0,1.0,58.0,sí,30.0,46.0,0,coruña,directo,30.0
22/11/2024,1588.5567365605436,salida de vía,urbana,9 531,17.0,1.0,0.0,30.0,no,63.0,25.0,150,valencia,mediador,49.0
09/03/2025,1379.3640670836005,alcance,interurbana,9 706,15.0,4.0,0.0,56.0,no,19.0,18.0,0,zaragoza,directo,100.0
19/12/2024,632.5133519800172,golpe en aparcamiento,urbana,10 505,10.0,2.0,0.0,65.0,sí,19.0,20.0,150,madrid,mediador,45.0
13/11/2024,3082.2305803156887,  colisión frontal ,urbana,22 676,4.0,2.0,0.0,48.0,N/D,41.0,38.0,150,zaragoza,mediador,14.0
17/11/2025,770.3106702700744,alcance,urbana,5 841,10.0,1.0,1.0,33.0,no,70.0,44.0,0,zaragoza,mediador,91.0
25/09/2025,267.31252235449364,golpe en aparcamiento,interurbana,8 002,7.0,2.0,0.0,72.0,no,56.0,31.0,0,zaragoza,directo,10.0
10/08/2025,4597.040507617571,alcance,autopista,15 689,3.0,2.0,0.0,39.0,no,51.0,31.0,150,madrid,banca seguros,172.0
17/02/2024,387.04176118783414,alcance,urbana,11 232,14.0,3.0,0.0,20.0,no,49.0,26.0,0,madrid,directo,46.0
07/04/2025,1556.8612646404968,robo,interurbana,7 990,5.0,1.0,1.0,58.0,no,30.0,19.0,300,madrid,mediador,12.0
28/12/2025,1590.0263756753116,golpe en aparcamiento,autopista,18 162,14.0,1.0,0.0,57.0,sí,22.0,44.0,0,madrid,mediador,123.0
31/03/2024,2850.4965658364695,colisión frontal,interurbana,9 523,5.0,2.0,0.0,56.0,no,44.0,36.0,600,valencia,mediador,77.0
25/12/2024,521.9993621226421,alcance,urbana,4 910,10.0,2.0,0.0,39.0,sí,38.0,38.0,0,valencia,mediador,115.0
08/08/2024,2531.366624798776,colision frontal,urbana,16 922,10.0,1.0,0.0,44.0,sí,28.0,12.0,0,zaragoza,mediador,154.0
29/11/2025,6763.434450321884,salida de vía,autopista,15 415,20.0,3.0,0.0,67.0,no,41.0,16.0,0,zaragoza,directo,151.0
30/10/2024,3421.2855803654843,golpe en aparcamiento,autopista,15 148,19.0,2.0,0.0,62.0,N/D,32.0,50.0,300,sevilla,mediador,169.0
29/08/2025,923.7597436585659,golpe en aparcamiento,interurbana,25 984,7.0,1.0,0.0,47.0,no,50.0,42.0,150,madrid,banca seguros,105.0
26/06/2025,3446.513984835176,  golpe en aparcamiento ,interurbana,23 523,11.0,2.0,0.0,55.0,no,56.0,47.0,300,valencia,banca seguros,114.0
03/02/2025,1969.5283510288202,golpe en aparcamiento,interurbana,26 292,5.0,3.0,0.0,3.0,sí,25.0,44.0,0,valencia,mediador,8.0
18/03/2025,367.06756690035365,golpe en aparcamiento,urbana,8 752,21.0,1.0,0.0,97.0,sí,39.0,46.0,0,valencia,mediador,119.0
15/12/2025,1640.9112837202376,salida de vía,interurbana,10 963,18.0,1.0,0.0,32.0,sí,67.0,2.0,150,barcelona,directo,180.0
04/01/2024,1646.7036386466143,  colisión frontal ,interurbana,11 361,13.0,1.0,0.0,48.0,no,52.0,30.0,600,madrid,mediador,167.0
27/08/2024,1551.0283953915728,salida de vía,urbana,7 163,11.0,1.0,0.0,43.0,no,32.0,48.0,150,zaragoza,directo,28.0
10/10/2025,15220.610367138775,INCENDIO,autopista,12 453,19.0,1.0,0.0,39.0,no,34.0,50.0,150,madrid,mediador,15.0
30/08/2025,351.65561988132333,alcance,urbana,19 073,19.0,1.0,0.0,51.0,sí,67.0,39.0,0,zaragoza,mediador,127.0
16/05/2025,1202.654308694376,ROBO,urbana,10 777,13.0,3.0,0.0,35.0,no,27.0,17.0,0,barcelona,mediador,7.0
24/06/2025,3361.375964699228,alcance,autopista,11 222,0.0,1.0,0.0,32.0,N/D,50.0,32.0,150,zaragoza,directo,95.0
30/05/2024,1934.6296969945654,alcance,urbana,19 515,11.0,1.0,0.0,77.0,no,42.0,45.0,150,sevilla,mediador,69.0
27/10/2025,992.1609831371281,  alcance ,urbana,8 700,8.0,1.0,0.0,85.0,no,49.0,28.0,600,valencia,mediador,146.0
22/01/2024,1811.1485157296347,colisión frontal,urbana,7 851,9.0,1.0,0.0,75.0,no,68.0,35.0,300,coruña,directo,135.0
31/03/2024,213.10878026798324,golpe en aparcamiento,urbana,16 166,19.0,1.0,0.0,45.0,no,35.0,21.0,150,sevilla,directo,30.0
03/03/2025,206.13077882277466,golpe en aparcamiento,urbana,7 529,3.0,2.0,0.0,71.0,no,33.0,45.0,150,valencia,directo,117.0
04/05/2024,387.10239084641694,golpe en aparcamiento,urbana,18 610,11.0,2.0,0.0,32.0,no,52.0,41.0,0,coruña,mediador,80.0
14/01/2025,802.7524312068507,golpe en aparcamiento,urbana,8 161,1.0,1.0,1.0,28.0,no,40.0,15.0,0,coruña,directo,180.0
10/05/2024,1621.1565016924371,alcance,urbana,19 920,13.0,2.0,1.0,29.0,sí,63.0,28.0,0,coruña,directo,154.0
10/06/2024,218.8559514990101,golpe en aparcamiento,autopista,5 708,10.0,2.0,0.0,15.0,no,49.0,44.0,150,madrid,banca seguros,7.0
13/05/2024,474.43884779449246,alcance,urbana,7 541,2.0,1.0,1.0,16.0,no,70.0,1.0,150,sevilla,mediador,138.0
12/05/2024,586.1676198126079,  alcance ,urbana,5 655,2.0,1.0,0.0,23.0,no,53.0,43.0,150,sevilla,directo,142.0
12/04/2024,443.35739828128595,alcance,urbana,9 743,21.0,1.0,0.0,49.0,no,51.0,37.0,300,coruña,directo,128.0
08/05/2024,13518.706211989878,incendio,autopista,10 530,13.0,2.0,0.0,33.0,no,68.0,7.0,0,sevilla,mediador,175.0
26/09/2024,1728.149326449763,golpe en aparcamiento,urbana,29 084,18.0,1.0,0.0,63.0,sí,74.0,21.0,0,sevilla,directo,141.0
18/03/2024,332.2722621691052,golpe en aparcamiento,autopista,7 821,16.0,2.0,0.0,31.0,no,67.0,30.0,150,sevilla,directo,45.0
14/04/2025,507.63021235517635,golpe en aparcamiento,urbana,6 076,14.0,1.0,0.0,52.0,no,42.0,28.0,0,madrid,directo,159.0
21/05/2024,1310.9480339585418,alcance,autopista,16 656,6.0,2.0,0.0,80.0,no,42.0,17.0,600,valencia,banca seguros,135.0
29/09/2024,841.0839622931394,golpe en aparcamiento,interurbana,12 509,15.0,2.0,2.0,10.0,sí,33.0,49.0,300,coruña,mediador,109.0
13/10/2025,5402.81547948976,colisión frontal,urbana,27 255,14.0,4.0,0.0,37.0,no,30.0,0.0,300,coruña,mediador,179.0
31/10/2025,1466.6437054007288,golpe en aparcamiento,interurbana,15 820,10.0,1.0,2.0,51.0,N/D,52.0,36.0,300,sevilla,mediador,168.0
17/11/2025,1050.28159979847,golpe en aparcamiento,urbana,12 656,16.0,3.0,0.0,51.0,sí,58.0,0.0,300,coruña,banca seguros,20.0
23/08/2024,489.9097039633186,GOLPE EN APARCAMIENTO,interurbana,15 855,12.0,2.0,2.0,44.0,sí,45.0,10.0,600,sevilla,directo,20.0
04/01/2025,1300.9966458665042,golpe en aparcamiento,urbana,23 664,19.0,1.0,0.0,73.0,no,70.0,18.0,150,barcelona,banca seguros,37.0
06/04/2025,1312.9671503675124,golpe en aparcamiento,autopista,8 805,6.0,2.0,3.0,37.0,no,23.0,23.0,300,zaragoza,mediador,47.0
02/10/2024,601.3193226102296,golpe en aparcamiento,urbana,9 346,6.0,4.0,0.0,21.0,no,34.0,14.0,300,madrid,mediador,143.0
20/01/2024,2088.6181377898315,colision frontal,interurbana,14 105,2.0,1.0,0.0,66.0,no,46.0,5.0,0,barcelona,mediador,143.0
20/10/2025,1614.9507108552602,salida de vía,autopista,14 269,13.0,1.0,0.0,39.0,no,41.0,35.0,0,valencia,directo,30.0
04/11/2024,3189.701562472584,alcance,interurbana,11 464,5.0,1.0,0.0,26.0,sí,57.0,41.0,0,barcelona,directo,175.0
02/01/2024,1781.3136343811682,robo,interurbana,9 651,20.0,1.0,0.0,32.0,sí,46.0,16.0,600,zaragoza,mediador,134.0
11/11/2024,1336.5002040999802,salida de vía,urbana,8 583,17.0,1.0,0.0,16.0,no,54.0,23.0,300,valencia,mediador,72.0
01/02/2024,866.2832870725998,golpe en aparcamiento,autopista,17 969,18.0,2.0,0.0,41.0,no,21.0,36.0,150,coruña,mediador,110.0
12/03/2024,1809.2059135624336,colisión frontal,urbana,4 589,14.0,1.0,1.0,74.0,no,26.0,41.0,0,barcelona,directo,170.0
03/02/2024,1016.5585949587014,golpe en aparcamiento,urbana,22 006,21.0,3.0,0.0,57.0,no,38.0,18.0,0,sevilla,mediador,121.0
04/12/2025,853.6778419755709,golpe en aparcamiento,urbana,15 851,12.0,3.0,1.0,37.0,N/D,67.0,29.0,0,madrid,mediador,106.0
24/01/2024,1043.26445921428,  salida de vía ,urbana,23 621,3.0,1.0,0.0,60.0,no,79.0,41.0,150,zaragoza,directo,19.0
04/01/2024,1684.9020988237494,alcance,interurbana,40 975,10.0,1.0,0.0,34.0,sí,40.0,18.0,300,sevilla,mediador,160.0
18/05/2025,550.2834956879029,golpe en aparcamiento,interurbana,3 230,21.0,3.0,0.0,23.0,no,44.0,19.0,0,barcelona,directo,102.0
03/08/2024,2098.853569054714,salida de vía,urbana,9 961,4.0,3.0,2.0,99.0,no,18.0,5.0,150,madrid,mediador,23.0
07/04/2024,185.2590938248673,golpe en aparcamiento,urbana,4 368,2.0,2.0,0.0,69.0,no,30.0,34.0,0,barcelona,mediador,50.0
22/04/2025,1835.0970879108625,alcance,interurbana,11 301,13.0,2.0,0.0,55.0,no,39.0,41.0,0,coruña,mediador,65.0
18/04/2024,815.3855782630826,GOLPE EN APARCAMIENTO,interurbana,14 758,1.0,2.0,0.0,67.0,no,70.0,26.0,600,zaragoza,mediador,121.0
13/10/2024,1168.595741063008,golpe en aparcamiento,urbana,8 277,7.0,2.0,0.0,39.0,sí,48.0,2.0,300,zaragoza,directo,20.0
07/12/2024,582.3868527864499,salida de via,interurbana,11 388,15.0,1.0,0.0,44.0,sí,18.0,43.0,0,sevilla,banca seguros,105.0
09/05/2025,587.2524832748336,golpe en aparcamiento,urbana,33 082,14.0,1.0,0.0,81.0,no,44.0,0.0,150,madrid,mediador,62.0
13/06/2025,441.3611715112265,golpe en aparcamiento,urbana,6 454,14.0,1.0,0.0,48.0,sí,32.0,4.0,0,madrid,mediador,40.0
28/10/2025,592.0468904326477,robo,urbana,4 933,21.0,2.0,2.0,39.0,no,44.0,44.0,600,coruña,directo,20.0
11/10/2025,1213.7977885651433,golpe en aparcamiento,interurbana,10 865,22.0,2.0,0.0,42.0,no,70.0,20.0,150,madrid,mediador,118.0
24/10/2024,9155.439015897216,  colisión frontal ,urbana,12 784,22.0,3.0,1.0,96.0,sí,47.0,12.0,150,barcelona,mediador,88.0
13/07/2024,1612.4341384122613,colisión frontal,urbana,8 365,18.0,1.0,0.0,39.0,no,62.0,20.0,0,barcelona,banca seguros,132.0
15/11/2025,6615.983234288354,COLISIÓN FRONTAL,interurbana,8 116,10.0,1.0,0.0,80.0,no,66.0,21.0,300,zaragoza,directo,152.0
24/09/2024,339.21942937740204,  alcance ,urbana,17 773,18.0,2.0,1.0,45.0,no,42.0,47.0,0,coruña,directo,90.0
07/05/2024,1790.6192682998178,colision frontal,urbana,8 196,8.0,1.0,0.0,36.0,no,61.0,33.0,150,coruña,mediador,134.0
08/04/2024,613.347168706915,golpe en aparcamiento,autopista,11 729,12.0,3.0,1.0,88.0,no,18.0,25.0,150,valencia,mediador,167.0
28/08/2025,892.9859271453098,  alcance ,urbana,13 326,12.0,1.0,0.0,27.0,sí,35.0,17.0,150,zaragoza,mediador,41.0
06/01/2025,1821.3348868126868,salida de vía,autopista,7 419,16.0,3.0,0.0,66.0,no,40.0,18.0,0,sevilla,mediador,86.0
26/04/2024,554.6613496780457,ROBO,urbana,2 793,12.0,1.0,0.0,46.0,sí,37.0,42.0,0,sevilla,mediador,42.0
23/12/2024,5017.497244209497,alcance,autopista,19 206,9.0,1.0,0.0,28.0,no,39.0,14.0,0,sevilla,banca seguros,42.0
24/08/2024,6309.801533856642,salida de vía,interurbana,5 019,15.0,5.0,0.0,67.0,no,56.0,29.0,0,sevilla,mediador,53.0
24/09/2024,965.7554189801506,alcance,urbana,11 152,4.0,2.0,1.0,16.0,no,38.0,27.0,150,madrid,directo,164.0
27/11/2025,1857.1576855294845,alcance,urbana,22 432,9.0,1.0,0.0,85.0,sí,48.0,39.0,0,valencia,directo,50.0
30/10/2025,796.3079190474581,golpe en aparcamiento,urbana,8 128,15.0,1.0,1.0,47.0,sí,24.0,22.0,0,sevilla,mediador,57.0
19/10/2025,555.350346724823,robo,urbana,5 566,18.0,1.0,0.0,35.0,no,43.0,24.0,0,sevilla,banca seguros,19.0
13/01/2024,1096.1972552390455,  alcance ,urbana,18 578,6.0,1.0,2.0,66.0,no,44.0,0.0,0,barcelona,banca seguros,138.0
11/11/2024,2710.243316873182,colisión frontal,urbana,30 339,22.0,1.0,0.0,50.0,sí,18.0,46.0,150,coruña,mediador,75.0
09/02/2025,609.4930949115029,alcance,urbana,9 394,7.0,2.0,0.0,45.0,sí,40.0,16.0,0,barcelona,mediador,165.0
31/03/2024,1939.0710361837066,robo,interurbana,10 250,22.0,2.0,1.0,31.0,sí,74.0,15.0,0,sevilla,mediador,155.0
19/10/2025,346.74509682317625,alcance,urbana,2 970,10.0,1.0,0.0,64.0,N/D,78.0,7.0,150,zaragoza,directo,171.0
04/01/2025,1457.479736687778,SALIDA DE VÍA,urbana,7 833,3.0,1.0,0.0,72.0,no,27.0,45.0,600,coruña,directo,125.0
30/04/2024,1678.871137620622,alcance,urbana,12 075,6.0,3.0,0.0,15.0,no,48.0,50.0,150,valencia,mediador,51.0
12/11/2025,225.8796738653761,GOLPE EN APARCAMIENTO,autopista,9 711,0.0,1.0,0.0,53.0,no,46.0,37.0,300,coruña,banca seguros,66.0
14/05/2024,834.2360619128624,golpe en aparcamiento,autopista,9 309,10.0,3.0,0.0,53.0,no,49.0,21.0,0,barcelona,directo,36.0
30/09/2025,970.7713297006179,alcance,urbana,11 495,7.0,1.0,0.0,61.0,no,41.0,29.0,0,zaragoza,mediador,148.0
21/07/2025,3706.662026752011,  colisión frontal ,urbana,7 501,14.0,3.0,0.0,22.0,N/D,34.0,37.0,0,madrid,banca seguros,79.0
10/02/2024,1901.5696862984823,alcance,urbana,16 841,3.0,1.0,0.0,59.0,no,51.0,48.0,150,valencia,directo,96.0
11/10/2025,5228.045036415213,colisión frontal,urbana,7 105,2.0,1.0,0.0,59.0,no,35.0,30.0,0,madrid,directo,127.0
23/04/2024,2253.8050880935093,colisión frontal,urbana,10 111,18.0,5.0,1.0,65.0,no,48.0,36.0,150,sevilla,mediador,118.0
09/12/2024,819.6255395887401,robo,interurbana,11 453,19.0,1.0,0.0,56.0,no,49.0,49.0,0,coruña,directo,147.0
30/07/2025,3932.861994265722,  colisión frontal ,interurbana,8 752,22.0,1.0,0.0,57.0,sí,45.0,41.0,0,coruña,directo,45.0
09/05/2024,1564.858478953795,SALIDA DE VÍA,urbana,5 251,3.0,1.0,1.0,62.0,no,31.0,12.0,300,madrid,directo,15.0
24/03/2024,1395.7038740418066,golpe en aparcamiento,interurbana,10 844,3.0,1.0,0.0,81.0,no,39.0,17.0,0,coruña,directo,92.0
28/02/2025,1155.8826254617607,golpe en aparcamiento,autopista,6 231,5.0,1.0,0.0,67.0,sí,38.0,36.0,0,barcelona,directo,27.0
29/11/2024,2325.8225530049285,alcance,urbana,12 582,15.0,2.0,0.0,59.0,sí,68.0,8.0,150,madrid,mediador,118.0
09/04/2024,580.6175964671794,alcance,interurbana,4 681,17.0,2.0,0.0,84.0,no,43.0,1.0,600,zaragoza,banca seguros,6.0
03/05/2024,1042.9778201877014,  golpe en aparcamiento ,interurbana,28 962,1.0,1.0,0.0,82.0,no,48.0,43.0,300,madrid,mediador,137.0
06/06/2024,767.7194578107454,  golpe en aparcamiento ,urbana,13 552,16.0,2.0,0.0,59.0,no,41.0,17.0,150,valencia,directo,163.0
03/05/2025,1493.0481674053847,  salida de vía ,interurbana,7 879,19.0,1.0,1.0,24.0,N/D,55.0,19.0,300,zaragoza,mediador,6.0
16/08/2024,17169.067805664563,incendio,urbana,14 850,7.0,2.0,0.0,77.0,no,75.0,18.0,300,valencia,banca seguros,3.0
18/02/2025,1335.7021177406616,alcance,urbana,21 446,1.0,4.0,1.0,26.0,no,35.0,36.0,0,coruña,mediador,27.0
30/08/2025,3669.6221959041445,colisión frontal,autopista,29 838,13.0,1.0,0.0,45.0,no,48.0,25.0,0,valencia,mediador,143.0
27/04/2024,126.52129618522831,golpe en aparcamiento,urbana,5 990,4.0,2.0,0.0,73.0,no,50.0,34.0,150,valencia,banca seguros,36.0
30/10/2025,818.5580114945607,robo,urbana,14 236,9.0,1.0,0.0,26.0,sí,41.0,4.0,150,sevilla,directo,171.0
04/05/2025,1238.0811096401965,alcance,urbana,39 696,1.0,1.0,0.0,45.0,sí,44.0,15.0,300,barcelona,mediador,116.0
05/11/2025,1416.2922775137338,GOLPE EN APARCAMIENTO,interurbana,22 524,4.0,2.0,0.0,79.0,no,54.0,18.0,150,zaragoza,mediador,131.0
30/09/2025,1859.6235082560856,colisión frontal,urbana,3 242,17.0,1.0,0.0,70.0,no,54.0,9.0,150,zaragoza,mediador,68.0
02/01/2025,585.9569742683288,salida de vía,urbana,6 774,11.0,1.0,0.0,60.0,no,46.0,49.0,0,sevilla,banca seguros,89.0
29/01/2025,592.1117269731172,alcance,autopista,10 480,10.0,5.0,0.0,23.0,no,73.0,30.0,300,zaragoza,mediador,10.0
17/09/2024,266.84502705428775,golpe en aparcamiento,interurbana,2 970,9.0,2.0,0.0,65.0,no,35.0,13.0,0,coruña,mediador,165.0
07/11/2025,3477.33557496798,salida de via,interurbana,18 543,3.0,2.0,0.0,4.0,sí,42.0,29.0,150,sevilla,directo,168.0
30/01/2025,1180.0956997567073,golpe en aparcamiento,urbana,42 089,8.0,1.0,0.0,75.0,no,20.0,43.0,0,sevilla,mediador,78.0
17/11/2025,354.4770026206167,  golpe en aparcamiento ,interurbana,9 650,13.0,3.0,0.0,69.0,no,31.0,15.0,0,valencia,directo,150.0
07/11/2024,1388.640700580529,salida de vía,urbana,15 694,17.0,1.0,0.0,41.0,no,85.0,33.0,150,madrid,mediador,124.0
07/10/2025,154.04469499757118,golpe en aparcamiento,interurbana,5 374,18.0,3.0,0.0,42.0,no,66.0,21.0,0,valencia,banca seguros,15.0
05/07/2024,577.1171437071162,golpe en aparcamiento,urbana,12 936,0.0,1.0,0.0,62.0,no,46.0,44.0,150,barcelona,banca seguros,2.0
24/05/2024,2177.476143905556,alcance,urbana,24 761,10.0,2.0,0.0,44.0,sí,52.0,44.0,0,barcelona,banca seguros,70.0
24/06/2024,930.7215565167967,golpe en aparcamiento,interurbana,21 952,17.0,2.0,0.0,52.0,no,54.0,29.0,0,zaragoza,mediador,86.0
01/04/2024,312.7884563682319,golpe en aparcamiento,autopista,13 801,16.0,3.0,1.0,18.0,no,58.0,7.0,150,madrid,directo,131.0
04/05/2025,2761.368073289463,SALIDA DE VÍA,autopista,20 282,21.0,1.0,0.0,77.0,no,49.0,29.0,0,madrid,mediador,167.0
06/09/2025,7385.7112558289,  alcance ,interurbana,25 334,1.0,4.0,0.0,85.0,no,41.0,14.0,600,barcelona,mediador,90.0
24/01/2024,8562.425975824159,colisión frontal,interurbana,31 210,11.0,1.0,1.0,45.0,no,61.0,4.0,150,madrid,mediador,36.0
13/05/2024,1150.5178446789807,golpe en aparcamiento,urbana,13 600,1.0,1.0,0.0,108.0,sí,40.0,33.0,0,valencia,directo,150.0
10/12/2025,4318.805875065135,COLISIÓN FRONTAL,interurbana,13 522,14.0,2.0,0.0,26.0,no,57.0,43.0,300,barcelona,mediador,10.0
10/08/2025,1299.0513560599095,colisión frontal,urbana,4 303,12.0,1.0,1.0,134.0,no,18.0,36.0,0,zaragoza,directo,168.0
07/02/2024,1030.5169889245756,alcance,interurbana,5 201,2.0,3.0,1.0,56.0,sí,37.0,12.0,150,valencia,mediador,96.0
18/08/2024,1440.9796877454446,golpe en aparcamiento,autopista,10 517,0.0,1.0,0.0,91.0,no,53.0,15.0,0,madrid,mediador,162.0
06/06/2024,791.6470818482752,alcance,urbana,8 816,7.0,2.0,1.0,67.0,sí,51.0,45.0,300,sevilla,mediador,120.0
29/01/2024,3953.923108250237,colision frontal,interurbana,29 425,9.0,3.0,1.0,53.0,no,44.0,27.0,0,zaragoza,mediador,141.0
10/12/2024,297.4428369378039,golpe en aparcamiento,urbana,6 588,13.0,4.0,0.0,17.0,no,52.0,23.0,0,barcelona,mediador,40.0
16/03/2025,2349.026545822635,salida de via,urbana,10 174,12.0,1.0,0.0,0.0,no,30.0,13.0,600,madrid,mediador,165.0
12/04/2025,79023.29225422486,incendio,urbana,32 439,21.0,1.0,1.0,72.0,sí,53.0,40.0,0,barcelona,mediador,78.0
17/11/2024,4797.902238642711,  alcance ,urbana,32 773,10.0,3.0,0.0,93.0,sí,27.0,19.0,0,zaragoza,mediador,68.0
20/11/2024,681.693458626074,GOLPE EN APARCAMIENTO,urbana,14 692,21.0,1.0,0.0,52.0,sí,34.0,23.0,0,zaragoza,mediador,166.0
28/04/2025,615.543309550638,golpe en aparcamiento,urbana,9 170,15.0,1.0,0.0,47.0,sí,68.0,4.0,600,sevilla,mediador,53.0
01/07/2025,781.3487358327066,GOLPE EN APARCAMIENTO,autopista,16 496,16.0,1.0,0.0,81.0,no,18.0,11.0,600,madrid,banca seguros,158.0
23/06/2025,1188.1119813096957,golpe en aparcamiento,autopista,21 517,2.0,3.0,0.0,36.0,no,38.0,0.0,600,madrid,banca seguros,6.0
09/02/2024,1480.5067356807615,golpe en aparcamiento,autopista,8 542,0.0,1.0,0.0,44.0,no,34.0,31.0,300,sevilla,mediador,123.0
14/01/2025,999.5563942447537,salida de vía,urbana,9 056,13.0,1.0,0.0,87.0,no,18.0,29.0,0,coruña,banca seguros,94.0
06/08/2025,1132.159583106719,robo,urbana,9 719,2.0,1.0,0.0,87.0,no,63.0,8.0,300,barcelona,mediador,115.0
14/11/2024,3026.084933721176,salida de vía,urbana,10 012,9.0,2.0,0.0,33.0,no,32.0,31.0,150,sevilla,banca seguros,138.0
31/01/2024,1101.9768987872962,golpe en aparcamiento,interurbana,8 994,12.0,4.0,0.0,46.0,no,58.0,24.0,0,coruña,directo,62.0
14/06/2024,361.8115633718936,ALCANCE,interurbana,2 331,13.0,1.0,0.0,40.0,no,22.0,9.0,300,barcelona,directo,28.0
06/04/2024,914.7179868911339,alcance,urbana,13 070,1.0,2.0,0.0,31.0,no,55.0,16.0,0,madrid,mediador,40.0
15/03/2024,13437.394189367655,incendio,urbana,15 630,9.0,1.0,0.0,20.0,no,28.0,30.0,150,barcelona,banca seguros,32.0
24/06/2025,507.83621969368136,golpe en aparcamiento,interurbana,6 766,0.0,1.0,0.0,60.0,sí,58.0,19.0,600,coruña,mediador,139.0
06/06/2025,2173.404332457989,colisión frontal,interurbana,5 241,2.0,1.0,0.0,27.0,no,57.0,11.0,150,madrid,mediador,114.0
09/11/2024,818.936175501357,alcance,urbana,7 754,6.0,1.0,0.0,44.0,no,31.0,11.0,300,barcelona,banca seguros,84.0
29/10/2025,613.0938545697225,alcance,autopista,9 671,21.0,3.0,0.0,17.0,no,55.0,2.0,150,coruña,banca seguros,47.0
04/01/2025,4497.506493242263,COLISIÓN FRONTAL,urbana,8 408,20.0,1.0,2.0,44.0,no,55.0,17.0,600,zaragoza,mediador,120.0
07/10/2025,804.0983183711504,  golpe en aparcamiento ,urbana,21 587,21.0,1.0,0.0,64.0,no,44.0,19.0,150,sevilla,mediador,139.0
04/03/2024,1183.9811623478538,  robo ,interurbana,6 487,20.0,1.0,1.0,58.0,no,35.0,31.0,300,sevilla,mediador,25.0
28/03/2024,1415.5334649865595,ALCANCE,interurbana,29 510,12.0,2.0,0.0,55.0,no,36.0,5.0,600,valencia,directo,162.0
20/01/2025,2460.343177956108,alcance,urbana,23 793,15.0,2.0,0.0,53.0,no,44.0,36.0,300,coruña,directo,176.0
27/12/2024,2301.7840606689924,alcance,urbana,6 744,1.0,2.0,0.0,31.0,no,27.0,1.0,150,sevilla,mediador,95.0
09/02/2025,271.4702795767275,golpe en aparcamiento,autopista,6 275,18.0,2.0,0.0,14.0,no,40.0,11.0,0,coruña,directo,62.0
14/07/2024,799.9935159740759,robo,autopista,12 996,21.0,3.0,0.0,100.0,no,39.0,9.0,300,coruña,mediador,78.0
17/05/2024,1125.778022124914,colision frontal,interurbana,24 543,20.0,1.0,1.0,36.0,no,43.0,14.0,0,madrid,mediador,123.0
24/02/2024,3489.3789955382676,salida de vía,autopista,16 319,3.0,1.0,0.0,19.0,no,56.0,32.0,150,coruña,banca seguros,90.0
11/01/2024,1564.7996264047122,robo,urbana,26 116,22.0,1.0,0.0,4.0,no,35.0,37.0,0,madrid,directo,49.0
16/11/2025,2296.8972861490342,alcance,urbana,10 833,20.0,4.0,1.0,47.0,sí,46.0,28.0,0,sevilla,mediador,149.0
26/04/2024,168.29563229329338,golpe en aparcamiento,urbana,5 107,13.0,1.0,0.0,87.0,no,57.0,39.0,0,coruña,mediador,134.0
28/03/2025,8301.121322682297,colisión frontal,interurbana,13 426,10.0,4.0,0.0,51.0,no,32.0,46.0,0,valencia,mediador,36.0
05/10/2024,893.9765558947136,golpe en aparcamiento,urbana,22 344,22.0,1.0,0.0,28.0,N/D,54.0,46.0,600,coruña,directo,116.0
06/04/2025,857.1633029158966,alcance,urbana,19 758,15.0,1.0,0.0,51.0,no,35.0,10.0,0,coruña,mediador,178.0
19/07/2025,9975.1381757144,colisión frontal,urbana,23 178,14.0,3.0,1.0,60.0,sí,46.0,2.0,300,valencia,banca seguros,87.0
04/12/2025,2035.3503931145533,salida de vía,interurbana,12 940,17.0,1.0,0.0,65.0,no,32.0,0.0,150,coruña,mediador,128.0
27/05/2025,2420.5030169040165,ALCANCE,urbana,10 341,0.0,2.0,3.0,68.0,sí,28.0,37.0,150,madrid,directo,9.0
21/12/2025,4263.38411229902,  colisión frontal ,interurbana,16 517,10.0,2.0,0.0,46.0,no,44.0,20.0,150,valencia,mediador,114.0
13/03/2024,2912.3400701387427,salida de vía,interurbana,8 062,8.0,4.0,0.0,52.0,sí,59.0,46.0,300,barcelona,mediador,155.0
10/02/2024,4027.835062701963,salida de vía,urbana,21 088,11.0,2.0,0.0,46.0,no,44.0,13.0,0,barcelona,directo,73.0
16/04/2025,1502.493338359493,salida de vía,interurbana,21 417,18.0,1.0,0.0,33.0,no,20.0,14.0,300,zaragoza,mediador,6.0
27/12/2025,4251.1679549204955,robo,urbana,30 492,1.0,1.0,2.0,59.0,sí,61.0,6.0,0,zaragoza,directo,71.0
14/12/2025,612.8313315163538,salida de vía,interurbana,8 139,12.0,1.0,0.0,35.0,sí,52.0,50.0,0,madrid,mediador,97.0
12/03/2025,701.6541307525397,  alcance ,interurbana,13 358,12.0,2.0,1.0,78.0,no,42.0,13.0,150,zaragoza,mediador,163.0
04/09/2024,590.9380622009453,golpe en aparcamiento,urbana,8 006,22.0,2.0,0.0,91.0,sí,35.0,40.0,150,coruña,directo,64.0
05/11/2024,258.0247834336314,alcance,urbana,6 809,13.0,2.0,0.0,35.0,sí,34.0,23.0,0,valencia,directo,116.0
01/06/2025,1006.6472361656898,  salida de vía ,interurbana,7 353,20.0,2.0,0.0,67.0,no,50.0,16.0,0,valencia,mediador,125.0
16/11/2025,1314.9948825449972,alcance,autopista,11 731,14.0,2.0,0.0,19.0,no,20.0,15.0,600,zaragoza,mediador,136.0
03/10/2024,4534.01702113438,alcance,urbana,25 633,11.0,1.0,1.0,13.0,sí,60.0,45.0,0,valencia,mediador,6.0
04/02/2024,252.17072746939004,GOLPE EN APARCAMIENTO,interurbana,3 890,13.0,1.0,0.0,51.0,no,51.0,46.0,0,zaragoza,mediador,99.0
28/10/2025,1141.919968857651,colisión frontal,interurbana,16 175,21.0,1.0,0.0,55.0,no,55.0,5.0,0,sevilla,mediador,10.0
21/06/2025,467.9861017006245,alcance,urbana,6 745,18.0,1.0,0.0,40.0,no,33.0,14.0,0,barcelona,mediador,91.0
19/05/2024,643.3690609927312,alcance,interurbana,5 347,14.0,2.0,0.0,71.0,no,42.0,43.0,0,madrid,mediador,62.0
12/12/2024,3236.1527105296154,alcance,autopista,9 322,20.0,2.0,1.0,0.0,no,22.0,27.0,0,sevilla,mediador,160.0
23/10/2025,2911.399377345975,salida de vía,urbana,11 817,6.0,1.0,0.0,91.0,N/D,27.0,38.0,150,barcelona,mediador,31.0
08/03/2025,794.2195774790359,golpe en aparcamiento,interurbana,12 085,22.0,2.0,0.0,18.0,sí,35.0,14.0,0,madrid,directo,178.0
03/03/2024,2364.9074820313895,colisión frontal,urbana,42 247,5.0,2.0,0.0,43.0,no,21.0,33.0,600,coruña,mediador,148.0
18/07/2024,819.884338925279,salida de via,interurbana,4 382,12.0,2.0,0.0,14.0,no,45.0,6.0,150,madrid,banca seguros,178.0
08/07/2025,527.2954927738309,golpe en aparcamiento,urbana,21 952,22.0,2.0,0.0,64.0,no,53.0,26.0,300,madrid,directo,82.0
18/04/2025,586.1544632661692,alcance,urbana,10 044,14.0,2.0,0.0,56.0,sí,39.0,24.0,0,zaragoza,directo,140.0
09/12/2024,468.81871333409447,golpe en aparcamiento,urbana,16 709,4.0,1.0,0.0,87.0,N/D,42.0,34.0,300,zaragoza,directo,161.0
16/12/2024,932.94067137196,alcance,autopista,16 652,4.0,1.0,1.0,40.0,no,63.0,20.0,600,sevilla,directo,154.0
12/08/2025,1255.7699807797196,golpe en aparcamiento,urbana,23 648,19.0,4.0,2.0,65.0,sí,39.0,2.0,0,zaragoza,mediador,93.0
03/11/2025,3095.7364583782255,incendio,urbana,4 210,6.0,2.0,0.0,69.0,no,49.0,18.0,0,barcelona,banca seguros,29.0
04/03/2024,3519.158727658608,alcance,autopista,18 370,16.0,1.0,1.0,53.0,no,58.0,37.0,150,madrid,directo,38.0
23/03/2024,11319.470055760929,incendio,urbana,16 794,17.0,2.0,0.0,41.0,no,20.0,24.0,600,sevilla,mediador,70.0
24/02/2024,1171.3153044672683,golpe en aparcamiento,urbana,7 493,11.0,5.0,0.0,51.0,sí,36.0,17.0,150,madrid,mediador,78.0
09/05/2024,2762.045470691679,robo,interurbana,7 771,9.0,3.0,2.0,13.0,no,44.0,22.0,300,coruña,directo,1.0
10/06/2024,1578.833514455301,SALIDA DE VÍA,urbana,7 249,20.0,2.0,0.0,8.0,no,32.0,7.0,150,valencia,directo,129.0
22/11/2025,653.3018380220802,alcance,urbana,11 331,20.0,3.0,0.0,49.0,no,42.0,50.0,150,madrid,mediador,102.0
30/07/2024,943.3673798119485,  golpe en aparcamiento ,autopista,7 770,15.0,2.0,0.0,19.0,N/D,41.0,6.0,0,zaragoza,banca seguros,48.0
15/02/2024,2694.807514410822,salida de vía,urbana,10 994,1.0,1.0,0.0,45.0,no,59.0,25.0,600,madrid,mediador,132.0
14/10/2025,888.9650412238476,robo,interurbana,12 291,7.0,1.0,0.0,76.0,no,42.0,41.0,0,coruña,mediador,77.0
24/06/2024,548.8849244192468,alcance,interurbana,6 852,21.0,3.0,0.0,30.0,no,39.0,49.0,0,coruña,directo,54.0
02/12/2024,639.6907716183819,golpe en aparcamiento,autopista,16 357,12.0,1.0,0.0,79.0,no,53.0,26.0,0,valencia,mediador,163.0
27/02/2024,735.5309478027939,GOLPE EN APARCAMIENTO,urbana,4 800,15.0,2.0,2.0,40.0,no,40.0,25.0,300,zaragoza,directo,91.0
05/08/2024,1676.0965703959882,colisión frontal,interurbana,12 716,22.0,1.0,0.0,52.0,no,37.0,3.0,150,barcelona,mediador,111.0
04/05/2025,668.0826031938727,ALCANCE,interurbana,20 462,22.0,1.0,1.0,36.0,no,45.0,32.0,300,zaragoza,directo,50.0
23/10/2025,376.8541301224673,alcance,urbana,10 800,18.0,4.0,1.0,33.0,no,50.0,3.0,0,barcelona,directo,91.0
30/11/2024,4571.0626914396025,robo,interurbana,20 127,4.0,4.0,0.0,38.0,no,51.0,41.0,150,coruña,mediador,63.0
03/01/2025,666.1088447544548,golpe en aparcamiento,urbana,2 896,9.0,1.0,0.0,19.0,sí,65.0,21.0,150,barcelona,mediador,54.0
27/05/2025,885.5853210339823,robo,interurbana,5 626,4.0,1.0,0.0,34.0,no,55.0,49.0,0,madrid,mediador,108.0
24/06/2025,549.5807399688961,alcance,urbana,9 931,0.0,1.0,0.0,45.0,no,46.0,11.0,0,madrid,mediador,120.0
04/07/2025,2828.1189245910273,  robo ,urbana,17 414,19.0,4.0,0.0,27.0,no,43.0,23.0,300,valencia,mediador,161.0
07/02/2025,1695.535266307906,colisión frontal,interurbana,4 270,9.0,2.0,0.0,56.0,no,31.0,7.0,300,valencia,directo,176.0
10/04/2024,640.7685085420185,golpe en aparcamiento,interurbana,36 243,15.0,1.0,0.0,51.0,no,41.0,33.0,300,sevilla,directo,101.0
16/08/2024,1964.6401579217184,golpe en aparcamiento,interurbana,36 984,12.0,1.0,0.0,121.0,no,50.0,40.0,600,zaragoza,mediador,8.0
10/02/2024,1045.8025068442976,  golpe en aparcamiento ,interurbana,28 171,18.0,1.0,0.0,58.0,no,36.0,45.0,600,zaragoza,mediador,136.0
08/02/2024,11154.134442627512,colisión frontal,autopista,7 572,3.0,2.0,1.0,70.0,sí,50.0,44.0,300,zaragoza,mediador,72.0
29/06/2024,3692.2557093640876,salida de vía,interurbana,12 611,6.0,4.0,0.0,69.0,no,45.0,1.0,300,sevilla,banca seguros,21.0
09/07/2025,1553.2401426810793,golpe en aparcamiento,interurbana,23 794,19.0,3.0,0.0,0.0,no,44.0,15.0,0,coruña,banca seguros,54.0
07/03/2025,3243.4856271284434,robo,interurbana,33 696,7.0,2.0,0.0,28.0,sí,51.0,2.0,0,barcelona,mediador,61.0
13/04/2025,3367.359310819948,alcance,urbana,22 311,8.0,2.0,5.0,61.0,N/D,48.0,45.0,300,coruña,banca seguros,5.0
06/06/2025,806.8611760002899,  golpe en aparcamiento ,urbana,12 699,4.0,1.0,0.0,11.0,no,68.0,11.0,0,sevilla,banca seguros,42.0
12/10/2025,962.6279234681464,alcance,urbana,17 298,0.0,1.0,0.0,53.0,sí,71.0,48.0,0,coruña,banca seguros,64.0
14/09/2025,822.535146616435,SALIDA DE VÍA,interurbana,7 137,20.0,1.0,2.0,55.0,no,40.0,42.0,150,sevilla,mediador,135.0
16/10/2025,3481.8742357003553,alcance,urbana,45 541,0.0,4.0,1.0,36.0,sí,37.0,41.0,300,zaragoza,mediador,95.0
03/04/2025,782.0925688397439,alcance,interurbana,6 539,22.0,1.0,0.0,29.0,sí,31.0,46.0,300,zaragoza,mediador,133.0
26/05/2024,324.1818897625528,golpe en aparcamiento,autopista,13 026,18.0,1.0,0.0,17.0,sí,52.0,46.0,150,sevilla,mediador,100.0
24/06/2024,670.9426138118769,alcance,autopista,3 898,21.0,2.0,0.0,39.0,no,64.0,23.0,600,madrid,directo,9.0
30/10/2025,932.21102054218,alcance,interurbana,18 624,15.0,1.0,0.0,61.0,no,59.0,3.0,0,barcelona,mediador,31.0
11/11/2025,7350.831966393287,  robo ,urbana,20 333,7.0,1.0,1.0,81.0,sí,45.0,33.0,300,zaragoza,mediador,2.0
19/08/2024,33166.81716230974,incendio,urbana,12 117,7.0,1.0,0.0,23.0,no,63.0,30.0,300,sevilla,banca seguros,61.0
16/02/2025,250.37494849764175,robo,urbana,6 049,21.0,2.0,0.0,87.0,no,23.0,35.0,150,valencia,mediador,49.0
12/07/2024,12363.85927650303,incendio,urbana,4 238,19.0,2.0,0.0,13.0,no,43.0,2.0,0,valencia,banca seguros,114.0
18/06/2025,486.2872654602997,colisión frontal,urbana,3 342,17.0,3.0,0.0,48.0,no,68.0,20.0,150,valencia,directo,109.0
13/05/2025,906.1304781026997,colisión frontal,interurbana,7 502,12.0,1.0,0.0,69.0,sí,42.0,34.0,150,coruña,directo,47.0
06/06/2025,1217.2176035166851,golpe en aparcamiento,urbana,12 876,19.0,2.0,0.0,77.0,no,26.0,1.0,0,valencia,mediador,14.0
05/12/2025,2420.5839397104673,alcance,interurbana,10 988,16.0,1.0,0.0,81.0,no,64.0,32.0,150,valencia,mediador,56.0
01/07/2025,3004.3895573648024,colisión frontal,autopista,9 170,22.0,4.0,0.0,80.0,no,41.0,33.0,0,valencia,directo,161.0
30/07/2025,3867.433528557221,alcance,urbana,26 144,15.0,4.0,0.0,48.0,no,58.0,6.0,300,sevilla,mediador,179.0
20/05/2025,1187.9645452896068,golpe en aparcamiento,urbana,16 520,20.0,2.0,1.0,85.0,no,60.0,50.0,300,madrid,directo,89.0
03/03/2025,531.8110749279234,  colisión frontal ,urbana,11 109,15.0,1.0,0.0,15.0,no,43.0,3.0,150,sevilla,directo,26.0
20/07/2024,662.3127104805465,  alcance ,urbana,10 188,4.0,2.0,0.0,59.0,no,55.0,47.0,150,zaragoza,mediador,20.0
26/06/2025,863.5853390634778,golpe en aparcamiento,autopista,11 408,6.0,1.0,1.0,66.0,no,60.0,35.0,300,coruña,mediador,35.0
31/08/2025,2405.939758608191,alcance,urbana,20 402,13.0,3.0,1.0,80.0,no,50.0,30.0,0,barcelona,mediador,10.0
13/01/2024,2882.2894400483756,alcance,urbana,20 025,3.0,2.0,1.0,78.0,no,62.0,41.0,300,sevilla,directo,177.0
24/03/2024,843.4987420026984,ROBO,urbana,5 369,9.0,1.0,0.0,26.0,sí,60.0,40.0,0,valencia,directo,50.0
14/08/2025,3164.379511912921,robo,urbana,8 519,11.0,1.0,0.0,41.0,no,41.0,17.0,0,madrid,directo,30.0
15/05/2024,1691.4232926702325,robo,urbana,13 845,2.0,2.0,0.0,67.0,no,45.0,9.0,0,barcelona,mediador,89.0
21/12/2025,2142.3761547066288,salida de vía,urbana,6 870,17.0,2.0,0.0,54.0,no,49.0,14.0,0,coruña,mediador,122.0
24/09/2025,1051.7179293962288,salida de vía,urbana,13 493,14.0,1.0,0.0,48.0,sí,49.0,21.0,0,zaragoza,banca seguros,53.0
15/06/2024,3593.352354006258,salida de vía,interurbana,13 465,18.0,1.0,0.0,57.0,sí,44.0,20.0,300,zaragoza,mediador,17.0
29/03/2025,539.7666774608548,alcance,urbana,7 920,20.0,3.0,0.0,26.0,no,24.0,22.0,0,coruña,mediador,124.0
17/08/2024,492.91381060198324,alcance,urbana,12 765,13.0,1.0,0.0,26.0,sí,42.0,50.0,600,barcelona,mediador,45.0
24/03/2025,3528.5146353220985,colisión frontal,autopista,6 468,10.0,2.0,0.0,61.0,no,19.0,7.0,0,coruña,mediador,25.0
13/08/2025,604.1992441536629,GOLPE EN APARCAMIENTO,interurbana,12 631,18.0,1.0,1.0,41.0,no,61.0,22.0,0,valencia,banca seguros,28.0
29/08/2024,4060.5831905275795,  colisión frontal ,urbana,27 195,8.0,1.0,0.0,46.0,no,48.0,50.0,300,coruña,mediador,6.0
11/07/2025,6176.345620368065,incendio,urbana,6 725,10.0,1.0,0.0,32.0,no,40.0,50.0,150,sevilla,mediador,150.0
06/12/2025,4592.950391824771,alcance,interurbana,30 555,14.0,1.0,0.0,41.0,no,76.0,46.0,300,barcelona,directo,59.0
03/03/2025,1994.0612513583312,alcance,autopista,8 269,8.0,1.0,1.0,69.0,no,26.0,16.0,150,madrid,directo,94.0
27/12/2024,1085.0332977325793,ALCANCE,urbana,7 997,15.0,2.0,0.0,62.0,no,48.0,29.0,300,zaragoza,banca seguros,100.0
05/12/2024,22511.914652917825,INCENDIO,urbana,16 913,3.0,1.0,0.0,17.0,N/D,43.0,41.0,0,valencia,mediador,110.0
03/12/2024,1841.2569413973856,robo,autopista,4 048,19.0,1.0,0.0,72.0,sí,25.0,7.0,150,sevilla,mediador,10.0
14/10/2024,594.389285601338,GOLPE EN APARCAMIENTO,urbana,10 511,16.0,4.0,0.0,44.0,sí,55.0,10.0,300,madrid,banca seguros,98.0
05/06/2024,883.0664832727671,alcance,urbana,6 510,11.0,1.0,0.0,29.0,no,46.0,24.0,300,madrid,mediador,47.0
19/11/2025,27495.258898053544,incendio,interurbana,7 209,10.0,1.0,0.0,52.0,sí,72.0,18.0,300,sevilla,banca seguros,151.0
02/02/2025,928.5719388317,robo,interurbana,7 785,13.0,3.0,0.0,0.0,no,18.0,10.0,150,madrid,banca seguros,46.0
20/05/2025,562.4019734863613,golpe en aparcamiento,autopista,5 608,5.0,3.0,0.0,36.0,no,52.0,14.0,0,coruña,mediador,91.0
29/11/2024,7361.229430731136,robo,interurbana,41 041,20.0,2.0,0.0,87.0,no,88.0,12.0,0,coruña,mediador,89.0
21/06/2025,2180.1000700242525,golpe en aparcamiento,urbana,10 554,12.0,5.0,0.0,56.0,N/D,44.0,26.0,150,madrid,directo,77.0
19/06/2025,2819.6422551246715,salida de vía,urbana,5 452,11.0,2.0,0.0,28.0,sí,29.0,41.0,0,madrid,mediador,17.0
02/12/2024,673.785550632328,golpe en aparcamiento,urbana,14 022,4.0,2.0,0.0,3.0,sí,27.0,40.0,0,valencia,banca seguros,81.0
10/05/2024,1149.1871062081811,alcance,autopista,26 075,21.0,1.0,0.0,26.0,no,32.0,34.0,300,sevilla,mediador,166.0
11/09/2025,6521.84776920236,incendio,urbana,8 194,22.0,2.0,0.0,69.0,no,39.0,44.0,0,sevilla,mediador,29.0
04/03/2024,537.514332027876,golpe en aparcamiento,interurbana,6 972,15.0,1.0,0.0,68.0,no,64.0,24.0,600,madrid,mediador,100.0
22/09/2024,3072.0521597759284,salida de vía,urbana,20 990,6.0,2.0,0.0,77.0,no,54.0,7.0,150,madrid,mediador,156.0
27/08/2025,1676.5364500598284,alcance,interurbana,5 592,3.0,2.0,0.0,67.0,no,59.0,34.0,150,valencia,banca seguros,152.0
10/06/2025,803.046952270659,COLISIÓN FRONTAL,interurbana,9 960,16.0,2.0,0.0,14.0,no,65.0,40.0,150,valencia,mediador,12.0
29/07/2025,901.9358224109517,alcance,interurbana,5 358,17.0,5.0,0.0,75.0,no,37.0,17.0,0,madrid,mediador,72.0
10/08/2024,453.3731870408158,golpe en aparcamiento,autopista,5 482,6.0,1.0,0.0,94.0,no,18.0,47.0,0,zaragoza,mediador,90.0
10/09/2025,919.9065982286419,golpe en aparcamiento,urbana,10 423,9.0,3.0,0.0,47.0,no,70.0,0.0,300,madrid,banca seguros,142.0
16/01/2024,368.47775141672975,golpe en aparcamiento,autopista,2 834,12.0,1.0,0.0,70.0,sí,34.0,3.0,300,zaragoza,directo,16.0
10/01/2025,3314.4545418081757,alcance,interurbana,12 137,17.0,5.0,0.0,71.0,no,71.0,22.0,150,zaragoza,mediador,26.0
24/08/2024,7358.97522182371,SALIDA DE VÍA,urbana,48 091,22.0,1.0,1.0,31.0,no,51.0,28.0,0,coruña,directo,84.0
26/10/2025,4746.985752576079,colision frontal,interurbana,8 885,8.0,5.0,0.0,0.0,no,23.0,26.0,0,coruña,mediador,111.0
24/04/2024,4266.578373439716,GOLPE EN APARCAMIENTO,interurbana,28 390,4.0,1.0,0.0,94.0,N/D,38.0,13.0,300,barcelona,directo,84.0
22/11/2024,870.116599553107,alcance,interurbana,5 215,0.0,2.0,0.0,0.0,no,47.0,47.0,600,barcelona,banca seguros,123.0
12/01/2024,1204.1499052208078,golpe en aparcamiento,urbana,19 431,15.0,4.0,0.0,73.0,no,34.0,19.0,150,sevilla,mediador,35.0
19/03/2024,886.4437883316685,alcance,urbana,8 096,5.0,4.0,0.0,54.0,sí,53.0,30.0,0,valencia,mediador,89.0
05/02/2024,1070.037027374345,alcance,urbana,14 313,19.0,3.0,0.0,70.0,sí,44.0,20.0,150,valencia,directo,1.0
15/11/2024,342.22248365222276,GOLPE EN APARCAMIENTO,urbana,14 683,22.0,1.0,0.0,59.0,sí,39.0,25.0,300,coruña,mediador,95.0
29/01/2024,526.6612769965385,golpe en aparcamiento,urbana,17 722,15.0,2.0,0.0,35.0,no,41.0,34.0,300,barcelona,banca seguros,39.0
28/11/2024,5592.47349359671,colisión frontal,interurbana,14 241,18.0,2.0,1.0,81.0,no,56.0,2.0,0,sevilla,mediador,178.0
17/10/2024,1050.2800390986272,alcance,autopista,9 079,1.0,1.0,0.0,50.0,sí,30.0,37.0,0,zaragoza,directo,59.0
12/03/2025,1277.5563589562964,ALCANCE,urbana,11 072,1.0,3.0,1.0,0.0,no,53.0,33.0,300,coruña,mediador,50.0
29/05/2025,6379.749491722875,colisión frontal,autopista,8 187,22.0,2.0,0.0,54.0,sí,48.0,43.0,0,sevilla,mediador,82.0
06/05/2025,11078.57032363904,incendio,autopista,21 448,22.0,2.0,0.0,46.0,no,32.0,19.0,0,coruña,mediador,51.0
04/09/2025,2925.9548773677516,colisión frontal,urbana,16 762,8.0,1.0,0.0,85.0,N/D,67.0,47.0,0,barcelona,mediador,81.0
17/05/2025,728.4259788755825,golpe en aparcamiento,autopista,16 057,1.0,1.0,0.0,17.0,no,72.0,22.0,300,valencia,banca seguros,169.0
09/06/2025,717.308109758297,robo,urbana,5 862,5.0,2.0,1.0,50.0,sí,50.0,38.0,300,coruña,mediador,19.0
11/07/2024,903.9789454950318,colisión frontal,interurbana,3 525,19.0,2.0,0.0,92.0,no,49.0,42.0,0,madrid,mediador,153.0
10/02/2025,690.2692582654522,GOLPE EN APARCAMIENTO,interurbana,8 076,16.0,1.0,0.0,63.0,no,43.0,5.0,300,barcelona,mediador,143.0
27/04/2025,1003.3416629884722,alcance,autopista,6 032,14.0,3.0,0.0,31.0,no,40.0,7.0,0,coruña,mediador,54.0
23/04/2025,2106.243817940915,salida de vía,interurbana,4 967,4.0,1.0,0.0,30.0,no,40.0,12.0,150,madrid,mediador,136.0
18/03/2025,299.5370558566518,GOLPE EN APARCAMIENTO,urbana,7 792,14.0,1.0,0.0,54.0,no,50.0,43.0,150,barcelona,mediador,50.0
17/01/2024,1323.1533610547579,alcance,autopista,13 373,8.0,1.0,0.0,53.0,no,26.0,44.0,0,valencia,directo,60.0
25/03/2024,2414.8690469622306,colisión frontal,urbana,13 621,11.0,1.0,1.0,67.0,sí,85.0,30.0,300,valencia,mediador,126.0
17/10/2024,3763.1597064503376,robo,interurbana,14 690,10.0,2.0,1.0,42.0,no,32.0,20.0,0,madrid,banca seguros,30.0
31/01/2024,2799.076930543358,colisión frontal,urbana,11 888,2.0,1.0,0.0,52.0,no,53.0,36.0,600,coruña,directo,84.0
15/04/2025,1925.654519460292,salida de vía,interurbana,12 392,9.0,3.0,0.0,56.0,no,26.0,39.0,300,coruña,mediador,5.0
08/08/2025,2528.8421376410897,alcance,interurbana,12 687,8.0,5.0,0.0,73.0,no,54.0,48.0,600,barcelona,mediador,9.0
26/04/2025,2027.547667400972,golpe en aparcamiento,interurbana,8 885,11.0,2.0,0.0,35.0,no,37.0,42.0,300,madrid,mediador,172.0
18/08/2024,1456.7884423516202,robo,urbana,10 394,10.0,1.0,0.0,52.0,N/D,53.0,26.0,0,sevilla,banca seguros,130.0
23/08/2024,3436.943403739594,alcance,urbana,37 287,15.0,2.0,0.0,0.0,no,31.0,50.0,600,sevilla,mediador,177.0
29/06/2024,202.1834224665486,golpe en aparcamiento,urbana,2 754,19.0,3.0,0.0,68.0,sí,44.0,37.0,0,coruña,directo,157.0
13/08/2024,1916.1999937647115,alcance,interurbana,12 654,18.0,3.0,0.0,102.0,no,40.0,44.0,150,barcelona,mediador,9.0
19/01/2024,270.9285979712398,alcance,interurbana,11 322,12.0,1.0,0.0,91.0,no,54.0,24.0,600,valencia,banca seguros,43.0
30/09/2025,669.7413804441256,golpe en aparcamiento,interurbana,3 983,6.0,3.0,0.0,35.0,no,20.0,28.0,300,barcelona,banca seguros,87.0
27/04/2025,1288.3056605895072,GOLPE EN APARCAMIENTO,autopista,12 524,16.0,1.0,0.0,29.0,no,57.0,11.0,150,barcelona,directo,29.0
29/04/2024,2650.948091960849,alcance,interurbana,35 981,19.0,1.0,0.0,59.0,no,69.0,19.0,0,zaragoza,banca seguros,174.0
14/09/2025,2144.3236061313823,alcance,urbana,20 702,22.0,4.0,0.0,9.0,no,48.0,9.0,300,barcelona,mediador,42.0
17/12/2025,664.5123847214961,robo,urbana,10 879,10.0,3.0,0.0,33.0,no,41.0,18.0,300,barcelona,mediador,179.0
11/08/2025,1012.6715411637232,alcance,interurbana,10 784,12.0,1.0,1.0,44.0,no,33.0,1.0,0,valencia,directo,30.0
13/11/2024,2122.405624090418,alcance,urbana,12 753,1.0,3.0,0.0,54.0,no,22.0,13.0,150,madrid,banca seguros,36.0
17/04/2024,904.2525469096788,  alcance ,urbana,17 703,6.0,3.0,0.0,53.0,sí,28.0,23.0,0,madrid,directo,39.0
09/08/2024,1091.246333605134,alcance,urbana,7 331,0.0,1.0,0.0,30.0,no,40.0,22.0,150,zaragoza,mediador,151.0
20/06/2025,879.1252645559239,golpe en aparcamiento,urbana,9 232,10.0,5.0,1.0,43.0,sí,41.0,28.0,300,coruña,banca seguros,2.0
05/06/2025,1736.5914322860797,alcance,urbana,13 872,16.0,5.0,0.0,22.0,no,53.0,18.0,150,valencia,mediador,107.0
29/11/2025,574.8763197474714,alcance,interurbana,10 004,11.0,1.0,0.0,47.0,no,45.0,39.0,300,valencia,mediador,108.0
03/08/2024,2312.0423504150053,GOLPE EN APARCAMIENTO,urbana,14 498,1.0,1.0,0.0,30.0,sí,18.0,34.0,0,zaragoza,banca seguros,61.0
25/07/2024,586.1108150922057,salida de vía,urbana,13 433,8.0,1.0,0.0,51.0,no,46.0,30.0,300,coruña,mediador,137.0
08/12/2024,1417.3406766944222,alcance,urbana,10 031,7.0,1.0,0.0,0.0,sí,44.0,13.0,0,coruña,mediador,46.0
03/10/2025,1639.997829037757,GOLPE EN APARCAMIENTO,urbana,103 622,11.0,1.0,0.0,73.0,no,65.0,45.0,150,madrid,directo,135.0
31/01/2024,632.6450250845327,golpe en aparcamiento,urbana,8 890,7.0,1.0,1.0,66.0,no,39.0,38.0,0,madrid,banca seguros,79.0
06/05/2025,1240.1022780754174,SALIDA DE VÍA,interurbana,8 288,19.0,1.0,1.0,52.0,sí,43.0,32.0,150,madrid,mediador,124.0
28/01/2025,1722.620672639192,alcance,urbana,10 816,15.0,2.0,0.0,55.0,sí,42.0,37.0,150,coruña,directo,27.0
08/02/2024,12145.596673883048,salida de vía,urbana,15 202,9.0,2.0,0.0,54.0,no,67.0,16.0,300,valencia,mediador,5.0
04/05/2025,1210.202676698455,robo,urbana,12 801,8.0,2.0,0.0,64.0,no,58.0,46.0,150,zaragoza,banca seguros,155.0
14/02/2025,2343.2998727131576,  salida de vía ,urbana,12 635,21.0,1.0,0.0,82.0,no,39.0,7.0,150,sevilla,mediador,35.0
08/12/2024,886.208662943864,golpe en aparcamiento,interurbana,20 756,17.0,3.0,0.0,27.0,no,50.0,27.0,600,valencia,directo,139.0
02/06/2025,591.5906551998366,alcance,interurbana,4 795,13.0,1.0,0.0,77.0,no,76.0,4.0,150,sevilla,directo,47.0
19/02/2024,717.3795825627016,robo,interurbana,9 487,11.0,1.0,1.0,64.0,no,23.0,39.0,0,valencia,banca seguros,31.0
13/01/2024,2916.7817901492053,colisión frontal,interurbana,12 317,7.0,1.0,0.0,86.0,no,47.0,15.0,600,sevilla,banca seguros,13.0
05/04/2025,1094.9768062063422,golpe en aparcamiento,autopista,7 900,1.0,1.0,0.0,88.0,no,51.0,19.0,0,madrid,directo,91.0
28/10/2024,1864.4379483246278,alcance,urbana,6 302,20.0,5.0,0.0,101.0,no,59.0,3.0,300,barcelona,mediador,155.0
31/05/2025,703.9948529403538,alcance,autopista,3 321,8.0,1.0,1.0,0.0,no,55.0,34.0,600,barcelona,banca seguros,91.0
26/04/2024,824.881307938297,golpe en aparcamiento,interurbana,12 378,3.0,1.0,0.0,48.0,no,29.0,45.0,150,zaragoza,directo,87.0
15/01/2024,334.23562984223173,golpe en aparcamiento,urbana,7 587,0.0,1.0,0.0,21.0,sí,43.0,34.0,0,madrid,mediador,30.0
05/10/2025,1920.5278635860363,alcance,interurbana,38 153,22.0,1.0,0.0,47.0,sí,38.0,48.0,0,zaragoza,mediador,138.0
29/11/2025,980.2889160836577,salida de vía,urbana,9 076,14.0,2.0,0.0,54.0,sí,45.0,36.0,300,coruña,mediador,132.0
19/01/2025,1583.5540745740082,alcance,interurbana,12 589,14.0,3.0,0.0,48.0,no,30.0,23.0,150,coruña,mediador,159.0
30/09/2025,1608.0844166340923,golpe en aparcamiento,interurbana,31 145,18.0,5.0,0.0,54.0,no,48.0,30.0,0,coruña,mediador,66.0
04/06/2024,28596.91450195579,  incendio ,interurbana,14 186,13.0,4.0,0.0,52.0,sí,58.0,39.0,600,zaragoza,mediador,50.0
15/09/2024,486.4850563860566,golpe en aparcamiento,urbana,6 373,9.0,1.0,0.0,37.0,no,68.0,6.0,0,sevilla,mediador,62.0
28/04/2025,724.9807500860607,golpe en aparcamiento,urbana,17 212,7.0,2.0,2.0,50.0,sí,29.0,47.0,300,sevilla,directo,120.0
24/04/2024,1541.6053214983217,  alcance ,urbana,11 938,4.0,3.0,0.0,46.0,N/D,57.0,1.0,150,sevilla,mediador,93.0
06/04/2024,1115.1420495821026,golpe en aparcamiento,interurbana,25 912,11.0,2.0,0.0,40.0,sí,40.0,8.0,150,barcelona,directo,174.0
12/08/2025,17708.900765434526,incendio,interurbana,14 711,9.0,1.0,0.0,44.0,no,49.0,1.0,150,madrid,mediador,159.0
08/07/2024,3375.120455862292,incendio,interurbana,5 206,16.0,2.0,0.0,64.0,no,37.0,25.0,600,madrid,mediador,139.0
13/08/2024,701.4088809892962,alcance,interurbana,2 422,12.0,1.0,1.0,49.0,sí,66.0,42.0,0,barcelona,directo,101.0
08/08/2024,253.2948033514828,golpe en aparcamiento,autopista,25 085,18.0,3.0,0.0,46.0,no,52.0,47.0,600,madrid,directo,16.0
05/01/2024,3397.1144655278054,colisión frontal,urbana,29 365,14.0,2.0,1.0,39.0,no,18.0,49.0,600,zaragoza,mediador,175.0
28/02/2025,2099.374752009917,colision frontal,urbana,8 782,17.0,2.0,0.0,0.0,no,28.0,16.0,0,madrid,mediador,58.0
24/10/2024,2399.486405689727,golpe en aparcamiento,interurbana,8 898,0.0,5.0,0.0,45.0,sí,62.0,13.0,0,coruña,mediador,144.0
30/01/2024,7935.233460714216,colisión frontal,interurbana,21 523,0.0,4.0,0.0,35.0,no,38.0,6.0,0,madrid,directo,8.0
11/02/2024,3428.9009089980973,ROBO,autopista,13 973,16.0,3.0,1.0,61.0,sí,43.0,35.0,600,barcelona,banca seguros,14.0
07/08/2025,2826.4099543830202,salida de vía,urbana,18 457,1.0,1.0,0.0,36.0,no,29.0,10.0,150,zaragoza,mediador,114.0
27/07/2024,2145.6963833369796,salida de vía,interurbana,18 495,19.0,3.0,0.0,29.0,no,64.0,4.0,0,coruña,mediador,136.0
10/04/2024,2841.794128666995,salida de vía,autopista,20 510,10.0,1.0,0.0,43.0,sí,22.0,4.0,300,coruña,mediador,118.0
14/07/2025,3646.729859369453,colisión frontal,urbana,8 167,6.0,2.0,2.0,62.0,no,46.0,23.0,0,coruña,directo,144.0
01/06/2024,403.06708006833355,golpe en aparcamiento,urbana,6 448,13.0,1.0,0.0,50.0,no,32.0,32.0,0,coruña,directo,52.0
08/11/2024,1383.992630463736,COLISIÓN FRONTAL,urbana,16 633,17.0,2.0,0.0,41.0,no,34.0,26.0,600,coruña,mediador,162.0
18/04/2025,1068.547031717444,salida de via,urbana,7 518,21.0,2.0,0.0,57.0,no,47.0,21.0,150,valencia,directo,23.0
20/09/2024,2360.524975406862,ROBO,interurbana,6 463,22.0,5.0,0.0,50.0,no,47.0,49.0,0,madrid,mediador,142.0
16/04/2024,1288.5730189658893,ALCANCE,interurbana,7 400,21.0,2.0,0.0,29.0,no,39.0,2.0,0,coruña,mediador,158.0
21/11/2024,18633.736796049267,  incendio ,urbana,7 742,6.0,1.0,0.0,59.0,no,22.0,23.0,0,sevilla,directo,75.0
03/02/2024,365.97695194858693,alcance,interurbana,7 969,4.0,1.0,0.0,57.0,no,54.0,49.0,0,barcelona,directo,163.0
23/11/2024,372.3026525659851,golpe en aparcamiento,interurbana,5 982,6.0,4.0,0.0,30.0,no,31.0,11.0,0,madrid,mediador,5.0
14/04/2024,2742.0166933219125,salida de vía,autopista,12 760,14.0,2.0,2.0,53.0,sí,60.0,8.0,0,barcelona,directo,16.0
01/03/2025,651.8969121465543,golpe en aparcamiento,urbana,6 906,20.0,1.0,0.0,80.0,no,42.0,16.0,150,coruña,mediador,24.0
26/04/2024,3709.5843532826616,colisión frontal,urbana,3 987,1.0,1.0,1.0,24.0,sí,38.0,0.0,0,valencia,directo,134.0
04/06/2025,779.9715667363334,ALCANCE,interurbana,16 590,11.0,1.0,0.0,55.0,no,63.0,17.0,150,coruña,mediador,127.0
10/03/2025,723.3976501419385,alcance,urbana,11 825,14.0,5.0,0.0,57.0,no,41.0,6.0,0,coruña,mediador,37.0
30/07/2024,8355.847491521272,salida de vía,autopista,15 710,22.0,5.0,0.0,48.0,no,51.0,14.0,150,zaragoza,mediador,73.0
04/08/2025,505.17040903896657,  alcance ,urbana,8 557,10.0,2.0,0.0,52.0,no,26.0,47.0,150,madrid,directo,48.0
05/01/2025,6651.435313652384,INCENDIO,urbana,9 122,14.0,1.0,0.0,31.0,no,43.0,13.0,150,coruña,banca seguros,71.0
15/04/2025,4475.015699666292,robo,urbana,16 232,13.0,4.0,0.0,56.0,no,35.0,11.0,0,zaragoza,mediador,98.0
29/05/2025,1866.0654602102347,  colisión frontal ,autopista,4 088,0.0,1.0,0.0,40.0,no,59.0,3.0,0,barcelona,directo,79.0
16/10/2025,5011.501693213102,incendio,urbana,6 567,5.0,1.0,0.0,25.0,no,46.0,38.0,600,coruña,banca seguros,18.0
17/09/2024,1667.1781036787409,robo,interurbana,8 298,0.0,2.0,0.0,54.0,no,59.0,35.0,600,sevilla,directo,75.0
25/07/2025,328.1172340183659,  alcance ,interurbana,9 514,15.0,1.0,0.0,23.0,sí,38.0,39.0,0,barcelona,banca seguros,4.0
30/03/2025,1055.780456754227,alcance,urbana,9 997,17.0,1.0,0.0,42.0,sí,55.0,34.0,600,barcelona,mediador,172.0
29/07/2025,6640.648263398877,colisión frontal,urbana,9 376,15.0,2.0,0.0,72.0,sí,59.0,16.0,0,sevilla,mediador,53.0
29/10/2024,1220.9518054031832,GOLPE EN APARCAMIENTO,interurbana,21 148,6.0,4.0,0.0,24.0,no,38.0,26.0,0,valencia,mediador,50.0
22/08/2025,772.6906129652511,golpe en aparcamiento,interurbana,7 890,18.0,1.0,0.0,28.0,sí,34.0,39.0,0,valencia,mediador,144.0
07/08/2024,1060.6282807672696,ALCANCE,autopista,6 738,17.0,1.0,0.0,37.0,no,37.0,20.0,300,valencia,banca seguros,3.0
01/07/2025,477.2522849908268,golpe en aparcamiento,urbana,9 914,6.0,1.0,0.0,62.0,no,45.0,39.0,0,valencia,mediador,25.0
29/03/2025,514.8079996103975,golpe en aparcamiento,autopista,7 051,6.0,2.0,0.0,40.0,no,63.0,23.0,600,barcelona,mediador,29.0
08/06/2024,1309.4157887315323,robo,urbana,11 220,15.0,1.0,0.0,13.0,no,56.0,45.0,0,barcelona,banca seguros,162.0
14/12/2025,2942.7251518308362,colision frontal,urbana,10 666,13.0,2.0,1.0,27.0,sí,45.0,26.0,300,valencia,mediador,104.0
15/05/2025,585.1952362892796,golpe en aparcamiento,urbana,7 975,14.0,1.0,0.0,55.0,no,33.0,22.0,300,sevilla,banca seguros,64.0
12/04/2024,594.980459673177,alcance,urbana,7 223,3.0,2.0,0.0,65.0,no,23.0,13.0,150,sevilla,directo,105.0
12/08/2024,2239.3843267367706,alcance,urbana,14 826,2.0,2.0,0.0,83.0,no,36.0,1.0,0,zaragoza,directo,7.0
14/04/2025,699.1588049608307,alcance,urbana,15 872,4.0,2.0,0.0,66.0,no,54.0,1.0,0,sevilla,mediador,72.0
10/10/2024,759.5244230312304,alcance,urbana,10 388,18.0,1.0,0.0,39.0,sí,65.0,37.0,300,zaragoza,mediador,160.0
18/11/2024,1473.0438141064046,golpe en aparcamiento,autopista,6 537,4.0,2.0,1.0,45.0,sí,35.0,27.0,300,zaragoza,mediador,64.0
24/04/2025,909.9058785888832,  alcance ,urbana,22 786,12.0,2.0,0.0,62.0,no,51.0,38.0,0,coruña,directo,166.0
18/06/2024,520.8442128763039,alcance,interurbana,7 968,18.0,1.0,0.0,48.0,no,54.0,22.0,600,zaragoza,mediador,110.0
20/02/2025,500.91665512626724,golpe en aparcamiento,urbana,7 728,14.0,3.0,0.0,30.0,no,52.0,48.0,300,coruña,mediador,28.0
04/01/2024,1853.8357208700263,colisión frontal,urbana,12 713,12.0,1.0,0.0,25.0,no,42.0,1.0,150,barcelona,directo,39.0
24/03/2024,1616.5250405757388,golpe en aparcamiento,urbana,15 038,11.0,5.0,0.0,45.0,no,59.0,3.0,600,zaragoza,mediador,119.0
21/02/2024,2739.262668135914,alcance,autopista,15 085,21.0,3.0,1.0,51.0,no,22.0,8.0,300,sevilla,mediador,19.0
09/01/2024,4114.69750431235,colisión frontal,urbana,6 186,11.0,1.0,0.0,88.0,no,60.0,38.0,0,coruña,mediador,91.0
13/03/2025,1117.4237700285007,salida de vía,urbana,6 561,3.0,2.0,0.0,48.0,no,59.0,0.0,0,zaragoza,directo,175.0
26/04/2024,638.4478143743239,GOLPE EN APARCAMIENTO,urbana,13 650,11.0,1.0,0.0,75.0,sí,73.0,30.0,150,zaragoza,banca seguros,166.0
16/09/2024,4507.039802189747,colisión frontal,urbana,11 209,6.0,1.0,0.0,19.0,sí,40.0,7.0,150,zaragoza,directo,165.0
30/01/2025,1012.367544355046,alcance,urbana,26 052,6.0,2.0,0.0,75.0,no,52.0,24.0,150,barcelona,mediador,180.0
19/07/2025,370.3363403626119,golpe en aparcamiento,autopista,9 921,0.0,2.0,0.0,72.0,no,44.0,13.0,300,coruña,mediador,45.0
23/06/2025,1264.7010468956869,alcance,interurbana,15 242,1.0,3.0,0.0,63.0,no,68.0,32.0,0,coruña,directo,122.0
03/04/2025,406.2749605019314,golpe en aparcamiento,interurbana,5 368,7.0,1.0,0.0,57.0,no,48.0,2.0,0,zaragoza,mediador,162.0
22/06/2025,642.7683890105642,GOLPE EN APARCAMIENTO,urbana,14 387,3.0,2.0,2.0,32.0,no,21.0,35.0,150,zaragoza,banca seguros,130.0
25/04/2025,1768.6034889007374,  alcance ,urbana,5 331,17.0,4.0,0.0,74.0,no,81.0,14.0,300,madrid,banca seguros,167.0
16/03/2024,468.4814215037608,alcance,autopista,4 251,3.0,1.0,0.0,86.0,no,42.0,0.0,0,valencia,directo,41.0
01/11/2024,18116.3898540467,incendio,interurbana,9 051,22.0,2.0,0.0,8.0,sí,38.0,20.0,0,madrid,directo,31.0
21/03/2024,400.63308664977257,alcance,urbana,17 831,2.0,1.0,1.0,61.0,no,54.0,8.0,0,sevilla,banca seguros,141.0
15/08/2025,585.7752478926171,GOLPE EN APARCAMIENTO,urbana,6 341,2.0,2.0,1.0,51.0,no,39.0,11.0,0,sevilla,mediador,53.0
22/10/2024,405.333287003973,golpe en aparcamiento,urbana,10 540,20.0,1.0,0.0,67.0,no,40.0,49.0,0,zaragoza,mediador,134.0
23/01/2025,372.00346705302644,salida de vía,urbana,8 969,16.0,1.0,0.0,70.0,sí,34.0,30.0,0,zaragoza,mediador,145.0
18/11/2025,1835.463463358698,salida de vía,interurbana,23 046,21.0,1.0,0.0,11.0,no,62.0,3.0,150,barcelona,directo,81.0
06/09/2025,13310.4168867679,incendio,autopista,4 796,5.0,1.0,0.0,45.0,no,54.0,43.0,300,valencia,banca seguros,86.0
05/03/2024,3001.580337693608,alcance,autopista,8 927,19.0,1.0,0.0,41.0,sí,30.0,0.0,150,zaragoza,mediador,84.0
26/03/2024,930.3412732881251,  golpe en aparcamiento ,urbana,7 350,7.0,2.0,0.0,43.0,no,35.0,20.0,0,coruña,mediador,91.0
13/04/2025,3461.4169215092434,colisión frontal,interurbana,31 565,18.0,1.0,1.0,33.0,no,30.0,43.0,300,sevilla,banca seguros,131.0
16/02/2024,746.1302554998406,golpe en aparcamiento,interurbana,13 116,22.0,2.0,0.0,32.0,N/D,37.0,35.0,150,sevilla,directo,14.0
27/02/2024,2407.681936692074,  alcance ,interurbana,38 415,19.0,2.0,1.0,29.0,no,26.0,11.0,0,coruña,mediador,48.0
27/09/2024,735.1121080241795,alcance,urbana,12 073,8.0,1.0,0.0,60.0,no,46.0,44.0,150,valencia,directo,155.0
30/01/2024,1334.670630997295,alcance,urbana,10 575,8.0,1.0,0.0,63.0,sí,58.0,27.0,300,coruña,mediador,70.0
24/09/2025,193.6481001198444,golpe en aparcamiento,urbana,6 180,18.0,2.0,0.0,33.0,no,33.0,35.0,150,madrid,banca seguros,45.0
22/06/2024,1514.0581083032582,alcance,urbana,27 241,17.0,4.0,0.0,81.0,no,42.0,49.0,300,coruña,banca seguros,5.0
21/04/2024,424.42229297713493,alcance,interurbana,11 701,4.0,2.0,0.0,49.0,sí,56.0,14.0,0,valencia,mediador,151.0
17/01/2025,323.2325642650856,GOLPE EN APARCAMIENTO,interurbana,15 312,0.0,1.0,0.0,67.0,no,36.0,19.0,0,coruña,mediador,91.0
06/02/2024,3672.286866721213,salida de vía,urbana,27 826,14.0,2.0,0.0,78.0,N/D,46.0,26.0,0,barcelona,banca seguros,17.0
08/10/2025,4330.8423802061625,robo,interurbana,13 850,18.0,3.0,0.0,66.0,sí,44.0,43.0,0,sevilla,banca seguros,117.0
29/01/2024,4359.903097388498,alcance,interurbana,6 924,15.0,1.0,0.0,31.0,sí,33.0,28.0,600,barcelona,mediador,28.0
09/01/2025,246.81350825572227,golpe en aparcamiento,autopista,6 279,7.0,2.0,0.0,64.0,no,32.0,15.0,150,zaragoza,mediador,174.0
21/12/2024,454.45665274667965,golpe en aparcamiento,urbana,10 381,10.0,2.0,1.0,91.0,no,50.0,46.0,0,coruña,directo,101.0
12/03/2025,917.4978532435041,alcance,interurbana,21 004,21.0,3.0,0.0,54.0,no,38.0,46.0,300,valencia,directo,177.0
30/12/2024,2678.255639559326,colisión frontal,interurbana,9 500,21.0,1.0,1.0,33.0,sí,39.0,37.0,0,sevilla,directo,165.0
30/09/2024,371.99625709065975,golpe en aparcamiento,urbana,13 473,9.0,1.0,0.0,22.0,no,63.0,15.0,0,valencia,directo,180.0
02/07/2025,1660.1645538200264,alcance,autopista,6 213,8.0,3.0,0.0,44.0,no,38.0,16.0,0,barcelona,directo,174.0
31/03/2024,1939.8328099730138,salida de vía,urbana,13 391,0.0,1.0,0.0,84.0,sí,44.0,46.0,300,coruña,mediador,71.0
16/03/2025,2082.934746210879,ROBO,urbana,7 186,21.0,3.0,0.0,57.0,no,54.0,6.0,150,barcelona,directo,146.0
13/04/2024,10525.48942078922,SALIDA DE VÍA,interurbana,23 717,8.0,2.0,0.0,39.0,no,70.0,12.0,300,barcelona,directo,40.0
22/01/2024,3689.5972518942654,  colisión frontal ,urbana,8 924,16.0,1.0,0.0,20.0,no,54.0,1.0,0,sevilla,mediador,45.0
06/05/2024,1243.9235733734674,salida de via,urbana,3 290,0.0,5.0,0.0,35.0,sí,45.0,35.0,150,valencia,mediador,161.0
26/10/2024,16131.531545546643,incendio,urbana,8 816,0.0,1.0,0.0,73.0,no,51.0,38.0,300,coruña,banca seguros,30.0
04/11/2024,247.81426239819763,golpe en aparcamiento,autopista,9 562,0.0,2.0,1.0,68.0,no,53.0,39.0,0,barcelona,directo,76.0
20/01/2024,1656.798972510638,  colisión frontal ,interurbana,6 722,16.0,2.0,0.0,48.0,no,30.0,29.0,150,valencia,mediador,60.0
06/05/2025,186.0432386099356,golpe en aparcamiento,urbana,3 836,8.0,1.0,0.0,93.0,no,41.0,45.0,0,barcelona,mediador,115.0
13/12/2024,2542.116974832683,alcance,interurbana,8 487,13.0,1.0,2.0,43.0,no,61.0,15.0,0,sevilla,mediador,74.0
26/10/2025,1412.9782791860302,alcance,urbana,6 598,20.0,2.0,0.0,61.0,no,18.0,1.0,300,barcelona,mediador,39.0
17/09/2024,2355.0935338090485,salida de vía,interurbana,9 350,15.0,1.0,0.0,52.0,no,59.0,16.0,300,coruña,mediador,47.0
05/12/2024,5775.035858197482,colisión frontal,autopista,9 835,3.0,2.0,0.0,40.0,sí,82.0,17.0,150,madrid,mediador,68.0
03/07/2025,1243.778383068774,ALCANCE,interurbana,6 445,12.0,1.0,0.0,57.0,sí,54.0,32.0,150,zaragoza,directo,177.0
21/03/2024,762.4374302408079,golpe en aparcamiento,urbana,13 245,21.0,1.0,0.0,33.0,no,29.0,47.0,150,zaragoza,mediador,6.0
10/08/2025,1799.9615626363666,  alcance ,urbana,28 055,0.0,1.0,0.0,26.0,sí,46.0,47.0,300,zaragoza,directo,142.0
17/06/2024,547.9923752823821,robo,urbana,2 439,10.0,1.0,0.0,63.0,sí,42.0,11.0,0,barcelona,directo,64.0
06/09/2025,815.642152018379,golpe en aparcamiento,urbana,12 985,5.0,4.0,0.0,28.0,no,45.0,19.0,150,madrid,directo,10.0
01/04/2025,613.7542804520638,alcance,urbana,20 566,1.0,1.0,0.0,47.0,no,57.0,8.0,150,zaragoza,mediador,138.0
25/06/2024,1093.5762706027692,golpe en aparcamiento,autopista,10 402,11.0,2.0,0.0,45.0,no,20.0,39.0,150,zaragoza,mediador,142.0
17/05/2025,9735.055296996074,colisión frontal,urbana,29 844,5.0,1.0,0.0,58.0,sí,34.0,47.0,0,coruña,mediador,75.0
03/10/2024,1286.8886498146678,robo,autopista,6 333,18.0,2.0,2.0,59.0,no,45.0,30.0,0,zaragoza,mediador,93.0
21/02/2024,7167.664461653291,colision frontal,autopista,6 996,6.0,2.0,0.0,84.0,sí,51.0,45.0,0,zaragoza,mediador,165.0
14/03/2024,285.2486595442183,golpe en aparcamiento,urbana,43 803,10.0,2.0,0.0,46.0,no,56.0,5.0,0,coruña,mediador,53.0
23/03/2024,4188.709683676319,colisión frontal,urbana,11 704,0.0,1.0,0.0,12.0,no,54.0,27.0,0,zaragoza,mediador,153.0
06/11/2024,2158.704724728772,alcance,urbana,17 290,10.0,2.0,0.0,22.0,no,42.0,4.0,0,valencia,mediador,8.0
17/07/2024,173.35276686438206,golpe en aparcamiento,urbana,11 208,15.0,3.0,0.0,89.0,no,35.0,28.0,0,zaragoza,mediador,76.0
05/06/2024,802.5296959998739,colisión frontal,interurbana,6 681,18.0,2.0,0.0,64.0,no,46.0,34.0,150,madrid,directo,81.0
10/01/2025,1718.8445030896567,  golpe en aparcamiento ,interurbana,5 300,9.0,1.0,0.0,46.0,sí,34.0,23.0,0,zaragoza,directo,117.0
06/03/2024,3942.549509431296,  colisión frontal ,urbana,15 803,2.0,5.0,0.0,56.0,no,39.0,40.0,0,zaragoza,banca seguros,5.0
26/10/2024,1054.4775586868711,robo,urbana,5 545,13.0,2.0,3.0,34.0,no,40.0,40.0,0,valencia,mediador,50.0
03/06/2025,1899.8839869006574,  alcance ,urbana,9 121,7.0,5.0,0.0,26.0,N/D,55.0,36.0,0,madrid,mediador,43.0
03/07/2024,2698.858208961433,colisión frontal,autopista,13 600,10.0,1.0,0.0,23.0,no,36.0,40.0,0,barcelona,mediador,25.0
05/08/2024,521.6091194622794,ALCANCE,urbana,3 437,5.0,3.0,0.0,52.0,no,27.0,20.0,0,madrid,directo,178.0
28/06/2024,4151.690379139194,colisión frontal,urbana,8 249,19.0,2.0,0.0,67.0,sí,41.0,13.0,0,zaragoza,mediador,154.0
06/12/2024,9936.390947237556,colision frontal,autopista,16 201,19.0,3.0,1.0,56.0,no,23.0,19.0,300,zaragoza,banca seguros,112.0
26/02/2025,927.4539670163127,salida de vía,interurbana,4 813,6.0,2.0,0.0,60.0,sí,32.0,39.0,0,barcelona,directo,23.0
18/09/2025,491.17663044225486,golpe en aparcamiento,interurbana,18 932,20.0,1.0,1.0,11.0,no,35.0,25.0,600,sevilla,banca seguros,177.0
31/07/2024,2394.8602514596114,salida de vía,interurbana,10 015,2.0,3.0,1.0,48.0,no,42.0,26.0,600,valencia,directo,113.0
25/11/2024,1138.5626477255867,colisión frontal,interurbana,3 487,11.0,2.0,0.0,52.0,N/D,46.0,30.0,0,coruña,mediador,3.0
24/05/2024,2373.033155748213,COLISIÓN FRONTAL,urbana,13 957,22.0,3.0,1.0,15.0,no,30.0,12.0,0,coruña,mediador,107.0
02/11/2025,2151.670919394243,golpe en aparcamiento,interurbana,24 084,19.0,1.0,0.0,68.0,no,44.0,42.0,0,sevilla,mediador,78.0
20/10/2024,988.7796631155015,  golpe en aparcamiento ,interurbana,7 090,3.0,2.0,0.0,52.0,sí,33.0,35.0,0,zaragoza,directo,98.0
20/01/2024,712.9087942370084,  golpe en aparcamiento ,interurbana,7 980,18.0,2.0,0.0,65.0,no,41.0,42.0,300,sevilla,mediador,141.0
01/02/2025,254.4856159664337,golpe en aparcamiento,urbana,2 352,11.0,5.0,0.0,0.0,no,46.0,37.0,300,valencia,banca seguros,6.0
21/07/2025,6925.646081828956,incendio,interurbana,15 801,11.0,1.0,1.0,62.0,no,30.0,41.0,300,barcelona,banca seguros,43.0
18/12/2025,589.3268586992427,golpe en aparcamiento,interurbana,11 075,3.0,1.0,0.0,105.0,sí,39.0,43.0,300,barcelona,directo,147.0
12/06/2025,2546.5491939367657,  alcance ,interurbana,21 271,7.0,1.0,0.0,96.0,sí,49.0,32.0,0,coruña,directo,57.0
05/06/2024,175.67916480364508,golpe en aparcamiento,urbana,11 590,18.0,2.0,0.0,73.0,sí,30.0,44.0,0,barcelona,mediador,150.0
26/06/2025,688.9379478719911,golpe en aparcamiento,interurbana,7 046,18.0,5.0,0.0,32.0,sí,33.0,42.0,150,coruña,mediador,120.0
29/07/2024,3221.69501716804,alcance,autopista,10 431,15.0,3.0,0.0,44.0,no,38.0,13.0,300,zaragoza,mediador,158.0
02/11/2024,2190.3855909458557,alcance,interurbana,12 161,1.0,3.0,0.0,34.0,no,57.0,34.0,0,barcelona,directo,96.0
04/07/2024,7640.047328627911,salida de vía,autopista,18 400,6.0,1.0,0.0,74.0,sí,51.0,44.0,0,valencia,banca seguros,19.0
01/03/2024,1877.0661191533206,  salida de vía ,autopista,21 400,7.0,1.0,1.0,41.0,sí,51.0,1.0,150,coruña,banca seguros,106.0
23/04/2024,1445.1677575249764,salida de vía,urbana,7 458,13.0,2.0,0.0,50.0,no,67.0,31.0,0,zaragoza,banca seguros,56.0
05/09/2024,2230.7736275911125,ALCANCE,autopista,19 015,1.0,1.0,1.0,85.0,sí,49.0,12.0,300,valencia,mediador,132.0
22/02/2024,2454.4980684588413,alcance,urbana,22 987,7.0,1.0,3.0,54.0,no,72.0,30.0,300,madrid,banca seguros,33.0
07/02/2025,4254.31906248586,colisión frontal,interurbana,17 425,15.0,1.0,0.0,63.0,sí,32.0,37.0,150,sevilla,mediador,84.0
08/03/2025,531.0112513390768,golpe en aparcamiento,interurbana,15 145,2.0,2.0,0.0,45.0,no,40.0,45.0,0,zaragoza,mediador,78.0
07/02/2024,998.9861748109197,ALCANCE,urbana,7 850,9.0,1.0,1.0,71.0,sí,31.0,25.0,150,madrid,directo,91.0
24/12/2024,514.154317793285,  robo ,urbana,9 225,1.0,2.0,0.0,17.0,no,32.0,26.0,600,coruña,mediador,28.0
13/02/2025,1313.7072087672975,colisión frontal,autopista,8 740,10.0,1.0,0.0,93.0,no,53.0,49.0,150,coruña,directo,42.0
14/07/2024,777.8987508415253,robo,interurbana,3 054,9.0,2.0,0.0,42.0,sí,32.0,15.0,150,madrid,directo,74.0
02/07/2024,1662.6479574198918,robo,urbana,8 427,3.0,4.0,0.0,66.0,no,39.0,39.0,300,sevilla,banca seguros,162.0
23/12/2024,822.3738858683472,alcance,urbana,13 001,8.0,1.0,0.0,52.0,sí,37.0,0.0,600,sevilla,directo,17.0
22/12/2025,2476.510648563243,salida de via,autopista,5 965,14.0,3.0,0.0,49.0,no,51.0,12.0,300,zaragoza,banca seguros,66.0
18/07/2024,2231.080817750529,GOLPE EN APARCAMIENTO,urbana,18 204,4.0,1.0,0.0,46.0,sí,40.0,19.0,300,madrid,banca seguros,159.0
23/04/2024,1472.8637184716897,alcance,interurbana,10 201,11.0,1.0,0.0,44.0,no,50.0,30.0,0,sevilla,directo,164.0
29/01/2025,256.71172735877167,  golpe en aparcamiento ,urbana,11 104,8.0,2.0,0.0,32.0,no,56.0,14.0,0,sevilla,mediador,172.0
29/01/2025,2003.4727116013214,colision frontal,urbana,8 082,19.0,1.0,0.0,54.0,no,41.0,9.0,150,madrid,mediador,146.0
20/11/2025,1740.7578005478815,alcance,urbana,26 873,7.0,2.0,0.0,85.0,sí,55.0,20.0,150,madrid,banca seguros,22.0
27/09/2025,7792.404071120366,alcance,autopista,33 006,3.0,3.0,1.0,35.0,no,40.0,20.0,300,valencia,mediador,113.0
11/04/2025,308.8092298264456,golpe en aparcamiento,interurbana,8 128,8.0,2.0,0.0,50.0,no,47.0,0.0,600,valencia,directo,158.0
11/09/2025,784.0585781296671,  golpe en aparcamiento ,interurbana,5 994,7.0,3.0,0.0,13.0,sí,56.0,24.0,0,zaragoza,directo,94.0
30/05/2025,1513.0433864239308,alcance,autopista,20 604,2.0,1.0,0.0,50.0,sí,55.0,30.0,300,barcelona,banca seguros,4.0
14/10/2024,278.3948811426962,  golpe en aparcamiento ,interurbana,7 452,7.0,1.0,1.0,80.0,no,33.0,6.0,150,barcelona,directo,165.0
30/12/2024,261.57394127394105,alcance,urbana,3 779,8.0,1.0,0.0,68.0,no,49.0,35.0,0,valencia,directo,17.0
05/02/2025,3632.6189769964544,  salida de vía ,urbana,26 006,10.0,2.0,0.0,46.0,sí,36.0,40.0,150,valencia,directo,34.0
19/12/2024,1022.6891973102641,GOLPE EN APARCAMIENTO,urbana,11 013,21.0,2.0,0.0,20.0,no,35.0,30.0,300,barcelona,mediador,6.0
12/07/2025,9931.458726400002,incendio,urbana,18 604,3.0,2.0,0.0,44.0,no,18.0,27.0,150,zaragoza,directo,48.0
16/01/2024,17556.20607729111,incendio,urbana,16 944,17.0,1.0,0.0,31.0,sí,38.0,16.0,0,coruña,directo,122.0
01/05/2025,679.3019693392857,alcance,urbana,35 624,12.0,1.0,0.0,86.0,no,18.0,5.0,300,coruña,mediador,143.0
11/11/2025,685.5058665572958,robo,autopista,3 430,13.0,1.0,1.0,55.0,no,26.0,40.0,300,sevilla,banca seguros,64.0
06/06/2024,1314.3740670916327,ALCANCE,urbana,14 546,0.0,2.0,0.0,80.0,no,44.0,33.0,0,barcelona,directo,91.0
28/04/2025,1993.532198791196,alcance,interurbana,24 860,21.0,2.0,2.0,83.0,sí,27.0,27.0,300,madrid,banca seguros,53.0
30/09/2024,813.7570317277049,salida de vía,urbana,8 891,10.0,1.0,0.0,16.0,no,56.0,43.0,150,coruña,mediador,155.0
16/06/2025,9652.20760676483,incendio,urbana,23 867,14.0,2.0,0.0,23.0,no,44.0,40.0,600,zaragoza,directo,81.0
04/06/2024,356.47098027269624,  golpe en aparcamiento ,interurbana,15 046,15.0,2.0,0.0,7.0,no,49.0,18.0,0,zaragoza,mediador,3.0
13/03/2025,1722.1724985290014,robo,interurbana,4 694,19.0,2.0,0.0,76.0,no,40.0,5.0,600,sevilla,mediador,172.0
14/03/2024,2148.5192622994145,alcance,urbana,10 533,22.0,2.0,1.0,64.0,sí,33.0,48.0,0,madrid,mediador,110.0
11/08/2024,475.79093052734925,alcance,urbana,7 353,15.0,1.0,0.0,10.0,no,36.0,28.0,300,sevilla,mediador,14.0
12/05/2024,4280.589063157334,  salida de vía ,interurbana,25 867,3.0,2.0,1.0,70.0,no,54.0,5.0,0,barcelona,directo,135.0
22/06/2024,428.5715715987186,golpe en aparcamiento,autopista,8 681,11.0,3.0,0.0,48.0,sí,27.0,33.0,150,coruña,mediador,56.0
28/09/2024,914.3489905245349,ALCANCE,autopista,15 954,11.0,1.0,0.0,50.0,no,30.0,5.0,300,madrid,mediador,41.0
14/12/2025,1749.439842067514,salida de via,autopista,14 946,12.0,2.0,0.0,75.0,sí,51.0,44.0,0,zaragoza,directo,129.0
14/10/2025,647.0525956235243,golpe en aparcamiento,urbana,13 737,11.0,4.0,0.0,47.0,no,33.0,3.0,0,barcelona,banca seguros,115.0
28/06/2025,865.5016322069305,ALCANCE,interurbana,17 190,15.0,1.0,0.0,30.0,sí,31.0,12.0,300,madrid,banca seguros,128.0
17/04/2025,1185.9022073293636,alcance,interurbana,6 381,14.0,3.0,1.0,65.0,no,31.0,1.0,300,zaragoza,directo,160.0
12/12/2025,957.6218274864191,ALCANCE,urbana,8 649,12.0,1.0,0.0,54.0,N/D,38.0,8.0,0,valencia,banca seguros,141.0
09/10/2025,3228.1297729396497,colisión frontal,urbana,11 746,2.0,4.0,0.0,63.0,no,42.0,49.0,0,madrid,mediador,42.0
08/09/2025,5120.899897165597,colisión frontal,autopista,17 101,21.0,1.0,1.0,52.0,sí,56.0,26.0,300,valencia,mediador,115.0
14/07/2024,276.5538094147338,golpe en aparcamiento,urbana,7 762,21.0,3.0,1.0,73.0,no,19.0,42.0,150,barcelona,mediador,77.0
26/03/2024,917.8668656264734,salida de via,urbana,6 816,11.0,1.0,0.0,56.0,no,60.0,22.0,600,sevilla,directo,123.0
26/02/2025,1423.5739015387744,robo,urbana,13 395,7.0,2.0,0.0,93.0,no,28.0,20.0,0,valencia,banca seguros,125.0
15/06/2025,133.88147061401045,golpe en aparcamiento,urbana,10 087,16.0,2.0,0.0,70.0,no,44.0,20.0,300,madrid,directo,161.0
13/07/2025,4139.785665834179,salida de vía,interurbana,12 236,17.0,1.0,0.0,44.0,sí,58.0,6.0,150,barcelona,banca seguros,69.0
21/12/2024,4050.415269270122,colisión frontal,interurbana,6 461,14.0,2.0,0.0,68.0,sí,51.0,38.0,300,coruña,directo,56.0
06/07/2025,817.7308111354826,SALIDA DE VÍA,urbana,9 092,20.0,3.0,1.0,33.0,no,36.0,39.0,300,barcelona,directo,81.0
06/07/2025,828.0269752679767,alcance,urbana,13 415,18.0,1.0,3.0,81.0,no,36.0,34.0,0,zaragoza,banca seguros,153.0
27/05/2025,813.9556803427689,robo,urbana,4 680,4.0,1.0,0.0,34.0,sí,88.0,17.0,0,madrid,mediador,92.0
13/08/2025,14899.817935734225,incendio,autopista,15 487,17.0,1.0,0.0,66.0,no,31.0,34.0,0,zaragoza,mediador,93.0
13/09/2024,213.47402754500328,  golpe en aparcamiento ,urbana,6 961,17.0,3.0,0.0,44.0,no,47.0,48.0,300,zaragoza,mediador,142.0
14/06/2024,448.8991556509426,golpe en aparcamiento,urbana,8 226,10.0,1.0,0.0,62.0,sí,43.0,20.0,300,barcelona,mediador,179.0
26/03/2025,1336.9203854819941,golpe en aparcamiento,urbana,8 787,0.0,3.0,0.0,36.0,no,47.0,31.0,150,valencia,directo,94.0
19/08/2025,2348.8573593312312,COLISIÓN FRONTAL,autopista,12 121,13.0,3.0,0.0,66.0,no,47.0,43.0,300,barcelona,directo,15.0
24/04/2025,3086.553181497725,alcance,interurbana,28 805,4.0,4.0,0.0,43.0,sí,39.0,41.0,0,sevilla,directo,120.0
05/03/2024,588.8629811985069,golpe en aparcamiento,urbana,13 419,2.0,1.0,1.0,41.0,no,65.0,28.0,0,barcelona,mediador,44.0
05/07/2025,1629.3514241258533,SALIDA DE VÍA,interurbana,8 789,20.0,1.0,1.0,50.0,no,51.0,4.0,150,sevilla,mediador,159.0
19/07/2024,1662.696590971409,  alcance ,urbana,12 571,0.0,1.0,0.0,95.0,sí,34.0,48.0,0,sevilla,mediador,62.0
29/04/2025,1758.5829256557276,golpe en aparcamiento,interurbana,20 386,22.0,1.0,0.0,32.0,sí,18.0,46.0,300,madrid,mediador,107.0
01/11/2024,2793.6378029937714,colision frontal,interurbana,7 749,7.0,2.0,0.0,83.0,no,31.0,50.0,0,sevilla,mediador,42.0
02/09/2025,10886.112767441027,colisión frontal,interurbana,6 721,14.0,1.0,1.0,6.0,sí,50.0,13.0,300,zaragoza,mediador,13.0
05/11/2025,631.7819032469663,golpe en aparcamiento,urbana,15 368,10.0,1.0,0.0,28.0,no,44.0,44.0,150,valencia,mediador,37.0
09/09/2025,2087.739763879004,golpe en aparcamiento,urbana,29 108,6.0,2.0,0.0,43.0,N/D,43.0,18.0,0,valencia,directo,59.0
12/07/2024,1752.0313885981711,alcance,urbana,13 678,10.0,1.0,0.0,83.0,sí,39.0,42.0,300,zaragoza,banca seguros,156.0
31/12/2024,921.9946318086508,alcance,interurbana,8 324,0.0,1.0,0.0,62.0,no,43.0,44.0,600,barcelona,mediador,84.0
31/03/2025,643.3333521271674,golpe en aparcamiento,autopista,7 377,17.0,3.0,0.0,14.0,no,57.0,43.0,150,barcelona,mediador,93.0
09/04/2025,388.1767770258706,golpe en aparcamiento,urbana,11 251,16.0,2.0,0.0,76.0,no,18.0,18.0,300,madrid,directo,26.0
22/04/2025,877.3033823153355,robo,urbana,8 518,7.0,1.0,0.0,71.0,sí,43.0,15.0,300,coruña,directo,161.0
09/09/2024,501.28298044115485,golpe en aparcamiento,urbana,16 527,3.0,2.0,0.0,61.0,no,59.0,25.0,0,zaragoza,directo,51.0
18/05/2024,239.30954828369426,golpe en aparcamiento,urbana,15 343,17.0,2.0,0.0,24.0,no,51.0,22.0,150,zaragoza,mediador,108.0
11/11/2025,3710.1944256891643,salida de vía,urbana,10 919,0.0,1.0,0.0,75.0,no,27.0,30.0,300,sevilla,mediador,111.0
12/11/2025,1916.1734652086957,salida de vía,urbana,15 438,0.0,1.0,0.0,2.0,no,39.0,33.0,600,zaragoza,directo,172.0
18/03/2025,1207.9656651979863,golpe en aparcamiento,autopista,17 030,4.0,1.0,1.0,79.0,sí,42.0,11.0,300,madrid,directo,105.0
03/12/2024,1783.5464330853786,alcance,autopista,12 746,7.0,2.0,0.0,38.0,no,45.0,27.0,0,valencia,mediador,49.0
02/08/2024,613.1395175121168,GOLPE EN APARCAMIENTO,urbana,6 866,1.0,4.0,0.0,61.0,sí,64.0,18.0,150,madrid,mediador,158.0
15/07/2025,2419.6176750041636,alcance,urbana,27 172,21.0,1.0,4.0,99.0,sí,55.0,50.0,300,madrid,directo,123.0
25/03/2025,655.003918924775,golpe en aparcamiento,urbana,12 141,4.0,3.0,1.0,47.0,sí,60.0,9.0,600,madrid,mediador,118.0
11/01/2024,402.46333627228665,golpe en aparcamiento,urbana,12 725,6.0,1.0,2.0,34.0,no,42.0,48.0,300,zaragoza,mediador,98.0
10/01/2024,3324.0373186045,salida de via,autopista,11 518,4.0,1.0,1.0,77.0,no,54.0,6.0,150,coruña,banca seguros,19.0
27/07/2025,3937.8855968466214,salida de vía,interurbana,22 779,8.0,2.0,1.0,31.0,sí,20.0,11.0,0,barcelona,directo,141.0
02/07/2024,4267.814323836367,salida de vía,interurbana,32 212,1.0,2.0,0.0,32.0,no,40.0,2.0,150,zaragoza,directo,22.0
15/07/2024,848.8393924081082,golpe en aparcamiento,autopista,24 005,18.0,1.0,0.0,37.0,no,19.0,1.0,0,coruña,mediador,38.0
15/04/2024,592.8213491527129,golpe en aparcamiento,autopista,7 622,10.0,2.0,0.0,61.0,no,29.0,20.0,0,madrid,mediador,76.0
02/07/2025,57142.324777369824,incendio,urbana,47 341,11.0,2.0,2.0,68.0,no,32.0,26.0,600,barcelona,directo,96.0
01/01/2024,2474.8239536007927,alcance,autopista,31 896,14.0,1.0,0.0,62.0,no,59.0,44.0,150,madrid,directo,40.0
14/04/2024,2050.41716080533,alcance,autopista,8 989,6.0,3.0,1.0,87.0,sí,38.0,20.0,150,sevilla,mediador,172.0
13/09/2025,3302.6827817288186,robo,urbana,23 005,7.0,2.0,0.0,77.0,sí,35.0,8.0,600,madrid,mediador,83.0
05/07/2024,402.30003957343365,alcance,interurbana,7 374,21.0,2.0,0.0,36.0,no,40.0,48.0,300,barcelona,mediador,111.0
27/08/2024,337.0690611225707,  golpe en aparcamiento ,urbana,10 132,19.0,3.0,0.0,51.0,no,38.0,18.0,300,barcelona,mediador,2.0
09/01/2025,1456.167583611637,golpe en aparcamiento,interurbana,11 275,16.0,1.0,2.0,59.0,sí,29.0,15.0,300,coruña,mediador,97.0
20/01/2024,977.5024475899713,alcance,urbana,2 789,14.0,2.0,0.0,45.0,no,64.0,45.0,150,sevilla,mediador,128.0
28/10/2024,3382.4445417039,alcance,urbana,22 990,0.0,1.0,0.0,82.0,no,45.0,5.0,300,madrid,directo,175.0
10/01/2025,117.54421622897758,golpe en aparcamiento,urbana,9 625,8.0,2.0,0.0,46.0,no,62.0,1.0,0,madrid,mediador,161.0
23/07/2024,6662.778598266042,incendio,urbana,8 036,5.0,1.0,1.0,10.0,no,20.0,44.0,0,sevilla,mediador,77.0
26/02/2025,3343.4663767448988,salida de via,urbana,9 533,2.0,2.0,0.0,69.0,sí,64.0,1.0,300,valencia,mediador,155.0
29/03/2025,1819.8092600974244,alcance,autopista,25 692,11.0,1.0,0.0,27.0,sí,52.0,13.0,0,sevilla,directo,41.0
19/06/2025,4579.965074459246,robo,urbana,14 848,9.0,1.0,0.0,60.0,sí,31.0,20.0,0,sevilla,directo,130.0
01/02/2025,1210.9769032792751,golpe en aparcamiento,interurbana,9 215,5.0,1.0,1.0,45.0,no,41.0,43.0,300,barcelona,mediador,114.0
26/06/2024,2421.2778852260885,ALCANCE,interurbana,19 468,5.0,4.0,0.0,43.0,sí,39.0,5.0,150,sevilla,mediador,42.0
15/10/2025,6258.28387429322,incendio,urbana,11 344,17.0,3.0,0.0,75.0,no,25.0,39.0,600,barcelona,mediador,171.0
31/07/2025,130.59950720350028,  golpe en aparcamiento ,urbana,6 392,17.0,2.0,0.0,42.0,no,55.0,31.0,0,madrid,mediador,117.0
26/02/2025,6375.592692860165,colisión frontal,urbana,13 190,20.0,3.0,0.0,67.0,N/D,37.0,5.0,300,valencia,mediador,7.0
17/06/2025,3110.986810291282,  alcance ,interurbana,27 812,16.0,4.0,0.0,46.0,no,42.0,26.0,600,barcelona,directo,162.0
04/04/2024,5016.505133412278,robo,urbana,16 954,21.0,4.0,0.0,40.0,no,54.0,18.0,0,barcelona,mediador,81.0
10/09/2024,528.3467377292617,alcance,urbana,9 090,17.0,2.0,0.0,36.0,N/D,49.0,32.0,150,sevilla,mediador,129.0
24/04/2025,1453.215550598697,robo,interurbana,7 655,17.0,4.0,0.0,4.0,no,65.0,35.0,150,sevilla,directo,88.0
30/03/2025,1550.6972236888018,salida de via,interurbana,20 407,11.0,1.0,0.0,39.0,sí,60.0,28.0,150,coruña,mediador,6.0
27/10/2024,4967.138083409768,colisión frontal,urbana,7 726,2.0,3.0,1.0,63.0,no,41.0,33.0,150,coruña,mediador,121.0
25/01/2025,3613.871396265113,COLISIÓN FRONTAL,urbana,10 013,18.0,2.0,1.0,44.0,no,53.0,9.0,0,barcelona,banca seguros,82.0
08/09/2025,1569.95485707419,salida de vía,urbana,12 899,14.0,1.0,0.0,27.0,no,35.0,35.0,0,coruña,mediador,44.0
30/03/2024,482.5149273884499,GOLPE EN APARCAMIENTO,urbana,18 193,5.0,1.0,0.0,43.0,no,18.0,15.0,150,sevilla,directo,155.0
25/05/2024,224.29616573690896,golpe en aparcamiento,interurbana,9 690,17.0,1.0,0.0,95.0,no,40.0,23.0,0,zaragoza,banca seguros,105.0
20/07/2024,2747.8597525589735,salida de vía,interurbana,20 404,9.0,2.0,0.0,49.0,sí,39.0,17.0,0,madrid,directo,74.0
29/04/2024,1800.8523402001597,colisión frontal,urbana,22 531,15.0,2.0,1.0,77.0,no,38.0,17.0,300,madrid,mediador,35.0
19/06/2025,442.01077873070864,alcance,urbana,16 489,2.0,4.0,0.0,63.0,N/D,61.0,5.0,300,coruña,banca seguros,140.0
11/07/2024,995.1416909435135,  golpe en aparcamiento ,autopista,17 361,16.0,1.0,0.0,77.0,no,29.0,30.0,0,barcelona,mediador,107.0
18/09/2025,821.9733892033746,golpe en aparcamiento,interurbana,15 407,22.0,1.0,0.0,63.0,no,35.0,33.0,300,madrid,mediador,63.0
01/12/2024,1140.662730367958,robo,urbana,7 179,14.0,2.0,0.0,92.0,no,45.0,39.0,300,barcelona,mediador,91.0
10/10/2025,5801.424416897288,  robo ,urbana,9 367,3.0,1.0,0.0,71.0,no,34.0,40.0,600,zaragoza,mediador,170.0
05/12/2024,559.6541904333142,golpe en aparcamiento,interurbana,6 821,4.0,1.0,0.0,38.0,no,39.0,20.0,300,valencia,mediador,118.0
20/05/2024,693.7840574975974,robo,interurbana,7 012,3.0,1.0,0.0,34.0,N/D,48.0,17.0,0,zaragoza,mediador,178.0
24/06/2025,4220.718933894967,alcance,interurbana,38 290,12.0,1.0,0.0,85.0,no,61.0,17.0,150,sevilla,mediador,41.0
26/09/2024,2095.9944587938226,GOLPE EN APARCAMIENTO,interurbana,6 639,4.0,3.0,0.0,52.0,sí,44.0,30.0,0,barcelona,mediador,37.0
25/07/2024,186.05606253680125,golpe en aparcamiento,interurbana,3 274,4.0,2.0,2.0,17.0,no,43.0,38.0,300,coruña,directo,117.0
20/04/2024,890.0663018204164,alcance,urbana,7 229,13.0,4.0,0.0,27.0,N/D,30.0,17.0,600,madrid,banca seguros,5.0
14/02/2025,2738.95221466502,alcance,autopista,9 302,5.0,5.0,0.0,41.0,sí,74.0,20.0,0,coruña,banca seguros,16.0
29/05/2024,700.8850985054396,  alcance ,interurbana,10 385,5.0,2.0,0.0,48.0,no,23.0,48.0,300,sevilla,mediador,18.0
11/07/2025,13818.87417995639,incendio,interurbana,5 164,19.0,2.0,0.0,79.0,no,40.0,29.0,0,zaragoza,directo,41.0
09/05/2024,2994.096209629742,colisión frontal,interurbana,12 813,22.0,1.0,0.0,52.0,no,49.0,11.0,0,barcelona,mediador,126.0
04/06/2025,2123.641288962872,salida de vía,urbana,12 957,21.0,2.0,1.0,52.0,no,52.0,5.0,600,madrid,directo,115.0
26/11/2024,1037.5747956159016,golpe en aparcamiento,interurbana,14 469,13.0,2.0,1.0,29.0,no,56.0,14.0,0,valencia,mediador,102.0
03/05/2025,1935.9090577186164,ALCANCE,autopista,20 421,20.0,3.0,0.0,14.0,no,32.0,37.0,150,coruña,directo,58.0
06/04/2024,4321.685182265114,  salida de vía ,urbana,18 013,11.0,4.0,0.0,7.0,no,24.0,30.0,300,sevilla,mediador,40.0
05/06/2025,868.1702388185158,ALCANCE,urbana,5 510,14.0,2.0,0.0,54.0,no,48.0,39.0,600,madrid,mediador,97.0
20/02/2025,4742.381500968292,  salida de vía ,interurbana,13 998,18.0,1.0,0.0,40.0,sí,43.0,50.0,0,valencia,mediador,22.0
30/10/2025,1478.3356046162612,colisión frontal,interurbana,3 769,4.0,2.0,0.0,94.0,no,46.0,16.0,600,sevilla,directo,151.0
18/06/2024,912.8218247593453,golpe en aparcamiento,interurbana,22 301,21.0,4.0,0.0,36.0,sí,19.0,6.0,300,valencia,directo,173.0
14/02/2025,1949.2369847979712,alcance,interurbana,9 772,22.0,5.0,0.0,22.0,sí,57.0,17.0,0,madrid,mediador,92.0
15/08/2024,1905.8631075505193,COLISIÓN FRONTAL,interurbana,3 393,9.0,4.0,0.0,3.0,no,42.0,40.0,600,madrid,mediador,126.0
20/11/2025,2865.3010385667453,alcance,interurbana,15 765,14.0,1.0,1.0,5.0,no,50.0,30.0,0,madrid,directo,20.0
26/07/2024,233.85314426465015,alcance,autopista,6 949,20.0,1.0,0.0,37.0,no,78.0,21.0,150,madrid,mediador,46.0
05/03/2025,652.9052573862986,golpe en aparcamiento,urbana,69 813,22.0,1.0,0.0,65.0,no,23.0,30.0,600,sevilla,directo,145.0
10/06/2024,6674.590177645775,incendio,autopista,11 023,15.0,1.0,0.0,81.0,no,47.0,38.0,0,valencia,mediador,32.0
21/01/2024,316.67725495683584,ALCANCE,interurbana,14 533,1.0,2.0,0.0,65.0,no,63.0,1.0,0,sevilla,directo,55.0
31/01/2024,446.644830948722,alcance,urbana,3 997,2.0,2.0,2.0,43.0,N/D,33.0,49.0,300,zaragoza,mediador,133.0
11/06/2024,1635.834185760608,  colisión frontal ,interurbana,9 525,13.0,1.0,0.0,30.0,no,58.0,25.0,150,coruña,mediador,94.0
12/10/2025,3203.912363065896,robo,urbana,9 580,4.0,3.0,0.0,61.0,sí,26.0,43.0,150,barcelona,mediador,146.0
05/12/2025,986.9766963036666,colisión frontal,urbana,3 235,2.0,3.0,0.0,63.0,no,42.0,9.0,0,coruña,mediador,23.0
24/01/2024,1066.8265138775707,GOLPE EN APARCAMIENTO,urbana,13 117,6.0,3.0,0.0,124.0,no,45.0,23.0,0,zaragoza,mediador,74.0
14/11/2025,448.7444849315995,golpe en aparcamiento,urbana,3 582,6.0,1.0,2.0,73.0,sí,57.0,44.0,300,barcelona,banca seguros,19.0
19/07/2025,4924.064957011605,colisión frontal,interurbana,15 558,11.0,2.0,0.0,63.0,no,41.0,25.0,0,barcelona,mediador,78.0
13/06/2024,542.4682441818734,alcance,urbana,14 720,3.0,1.0,0.0,78.0,no,44.0,25.0,150,coruña,mediador,133.0
22/12/2024,3666.560813029884,  salida de vía ,autopista,3 461,14.0,1.0,1.0,64.0,sí,50.0,23.0,0,madrid,directo,78.0
12/08/2025,11523.851460911326,incendio,urbana,7 571,5.0,1.0,2.0,62.0,sí,45.0,21.0,300,coruña,mediador,59.0
27/08/2024,376.7998526071315,golpe en aparcamiento,urbana,22 914,5.0,2.0,0.0,83.0,sí,46.0,40.0,600,valencia,directo,13.0
08/07/2024,1590.1185733461348,SALIDA DE VÍA,urbana,7 802,2.0,1.0,0.0,54.0,no,45.0,12.0,0,valencia,banca seguros,128.0
23/04/2025,306.6835972912226,golpe en aparcamiento,interurbana,5 246,8.0,3.0,0.0,101.0,no,78.0,24.0,300,sevilla,mediador,154.0
09/04/2025,1862.1897372468186,robo,urbana,14 476,10.0,5.0,0.0,27.0,N/D,53.0,45.0,0,madrid,directo,26.0
03/03/2025,1384.431131554763,colisión frontal,urbana,21 774,4.0,1.0,0.0,38.0,no,23.0,39.0,0,coruña,directo,29.0
16/09/2024,988.2782166662988,  alcance ,urbana,12 711,16.0,4.0,0.0,27.0,no,54.0,28.0,0,valencia,banca seguros,45.0
31/03/2025,399.9395989516701,GOLPE EN APARCAMIENTO,urbana,14 902,7.0,1.0,1.0,0.0,no,41.0,41.0,0,valencia,directo,39.0
18/07/2024,6271.80203269208,salida de vía,autopista,12 967,16.0,4.0,0.0,37.0,no,35.0,44.0,0,valencia,banca seguros,23.0
29/07/2025,803.0753295963575,alcance,autopista,7 951,3.0,1.0,0.0,35.0,no,43.0,0.0,150,zaragoza,banca seguros,139.0
07/12/2024,774.5640299385201,golpe en aparcamiento,autopista,12 794,9.0,2.0,0.0,101.0,sí,59.0,3.0,300,madrid,mediador,1.0
21/09/2025,163.36953702370204,golpe en aparcamiento,urbana,5 585,22.0,1.0,1.0,40.0,no,33.0,10.0,300,coruña,mediador,19.0
05/05/2025,896.1758053524815,  alcance ,interurbana,17 370,8.0,3.0,0.0,44.0,no,52.0,29.0,0,valencia,directo,87.0
24/02/2025,584.7015908866805,alcance,interurbana,8 250,1.0,1.0,0.0,90.0,no,29.0,37.0,0,madrid,banca seguros,132.0
07/12/2025,4202.287753392429,golpe en aparcamiento,autopista,13 515,18.0,4.0,0.0,0.0,no,43.0,2.0,0,coruña,mediador,80.0
08/11/2024,888.2871666871272,ALCANCE,urbana,7 490,12.0,2.0,0.0,65.0,sí,39.0,22.0,300,sevilla,directo,47.0
14/09/2025,356.8213970438112,alcance,interurbana,11 044,22.0,2.0,1.0,79.0,sí,48.0,34.0,150,coruña,mediador,34.0
13/12/2025,1195.0756443353278,salida de vía,urbana,14 926,14.0,1.0,0.0,50.0,no,32.0,37.0,300,barcelona,mediador,19.0
13/04/2025,908.2659335503154,golpe en aparcamiento,urbana,9 657,13.0,3.0,1.0,73.0,no,36.0,17.0,300,coruña,mediador,154.0
30/07/2025,819.4660179416925,colisión frontal,urbana,4 344,20.0,2.0,0.0,61.0,no,49.0,35.0,300,zaragoza,mediador,154.0
24/04/2025,3141.2979390949085,  salida de vía ,interurbana,6 636,10.0,4.0,0.0,54.0,no,51.0,41.0,300,madrid,directo,6.0
22/06/2025,781.9032251528463,robo,urbana,12 219,16.0,1.0,0.0,43.0,no,21.0,39.0,0,barcelona,mediador,101.0
20/01/2025,4100.099014718689,  colisión frontal ,autopista,16 593,15.0,4.0,0.0,81.0,no,45.0,38.0,150,coruña,directo,9.0
12/11/2024,614.4664245256504,ALCANCE,urbana,12 867,2.0,2.0,0.0,52.0,no,52.0,21.0,0,valencia,mediador,47.0
06/11/2024,3984.8275952621834,alcance,interurbana,12 440,16.0,4.0,0.0,76.0,sí,21.0,7.0,300,coruña,mediador,169.0
08/09/2025,788.9125792341978,golpe en aparcamiento,urbana,14 313,16.0,1.0,0.0,43.0,sí,28.0,30.0,0,zaragoza,mediador,52.0
24/05/2024,699.3275533293872,golpe en aparcamiento,urbana,18 144,13.0,1.0,1.0,31.0,no,35.0,6.0,0,barcelona,banca seguros,142.0
30/01/2025,1188.279197923336,golpe en aparcamiento,autopista,11 384,4.0,3.0,0.0,66.0,no,53.0,41.0,0,valencia,banca seguros,157.0
02/01/2025,491.50928904641813,golpe en aparcamiento,urbana,6 065,3.0,2.0,0.0,3.0,sí,54.0,17.0,600,valencia,mediador,42.0
07/04/2024,800.0783833032759,alcance,urbana,5 476,6.0,2.0,0.0,62.0,no,61.0,15.0,300,barcelona,directo,123.0
21/12/2025,796.7464412290341,alcance,interurbana,5 017,1.0,2.0,0.0,31.0,no,51.0,14.0,150,coruña,mediador,121.0
08/09/2025,2634.949207075583,robo,interurbana,13 277,14.0,1.0,1.0,91.0,no,42.0,16.0,0,sevilla,mediador,74.0
15/04/2025,2652.8563916134685,robo,urbana,48 928,3.0,2.0,0.0,87.0,no,24.0,46.0,300,valencia,directo,158.0
13/05/2024,834.5640425672037,alcance,interurbana,5 442,15.0,2.0,1.0,53.0,no,57.0,22.0,600,zaragoza,mediador,174.0
29/11/2024,438.9729948374193,golpe en aparcamiento,interurbana,16 033,11.0,2.0,0.0,42.0,no,47.0,44.0,150,valencia,banca seguros,15.0
31/10/2024,3811.4647053453555,alcance,urbana,16 885,13.0,4.0,1.0,51.0,N/D,26.0,20.0,150,barcelona,directo,78.0
05/03/2024,2727.0725397632095,alcance,urbana,31 653,13.0,2.0,0.0,48.0,sí,32.0,16.0,0,valencia,mediador,125.0
24/09/2024,3613.2465926720656,alcance,urbana,9 771,3.0,2.0,0.0,81.0,sí,55.0,9.0,0,sevilla,mediador,173.0
28/02/2024,342.80420207438635,golpe en aparcamiento,urbana,8 892,0.0,1.0,2.0,48.0,no,32.0,20.0,300,madrid,mediador,11.0
13/02/2024,1485.9310709177594,salida de vía,interurbana,4 951,0.0,3.0,1.0,38.0,no,33.0,6.0,600,sevilla,mediador,41.0
04/05/2025,3287.4655508952005,alcance,interurbana,17 836,7.0,4.0,0.0,106.0,no,35.0,37.0,300,madrid,directo,54.0
09/03/2024,302.57473805539433,  golpe en aparcamiento ,autopista,9 281,8.0,2.0,1.0,38.0,no,42.0,33.0,150,madrid,mediador,65.0
07/07/2024,229.14448770658257,golpe en aparcamiento,autopista,12 109,20.0,1.0,0.0,56.0,no,50.0,38.0,0,valencia,mediador,2.0
07/04/2024,286.5151384642423,golpe en aparcamiento,urbana,3 024,13.0,4.0,0.0,104.0,sí,18.0,27.0,0,barcelona,banca seguros,134.0
07/02/2025,6262.311680365725,robo,interurbana,23 218,5.0,5.0,0.0,61.0,sí,38.0,9.0,150,zaragoza,mediador,88.0
19/10/2024,550.8932301518648,golpe en aparcamiento,urbana,3 537,2.0,1.0,0.0,52.0,no,42.0,26.0,600,zaragoza,mediador,38.0
15/09/2024,1356.5946283878852,salida de vía,urbana,18 095,22.0,1.0,1.0,85.0,sí,52.0,49.0,0,zaragoza,mediador,164.0
31/08/2025,2529.6814432395154,salida de via,interurbana,20 936,9.0,3.0,0.0,52.0,sí,43.0,43.0,150,barcelona,banca seguros,72.0
19/08/2024,1456.5219826912207,alcance,autopista,27 189,2.0,3.0,0.0,77.0,no,43.0,36.0,150,barcelona,directo,159.0
18/09/2024,891.8248738725804,alcance,interurbana,15 266,0.0,1.0,0.0,39.0,no,42.0,2.0,0,coruña,banca seguros,3.0
07/02/2024,5123.908538327905,salida de vía,urbana,8 181,8.0,4.0,0.0,48.0,no,55.0,28.0,300,zaragoza,mediador,162.0
15/02/2024,255.23977237965212,alcance,urbana,4 160,13.0,1.0,0.0,95.0,no,35.0,30.0,150,valencia,directo,165.0
22/05/2024,494.1883743297204,alcance,interurbana,5 798,19.0,3.0,0.0,55.0,no,36.0,45.0,150,sevilla,banca seguros,60.0
21/09/2025,749.0576603993972,golpe en aparcamiento,urbana,11 967,8.0,1.0,0.0,34.0,no,52.0,49.0,150,madrid,directo,11.0
27/03/2025,5681.9173415735595,  incendio ,urbana,10 250,6.0,3.0,0.0,69.0,no,71.0,4.0,150,zaragoza,directo,152.0
04/03/2025,361.7467499986558,golpe en aparcamiento,urbana,7 431,4.0,1.0,0.0,64.0,sí,37.0,35.0,0,valencia,banca seguros,59.0
31/01/2025,1496.3325211260124,robo,interurbana,6 846,12.0,4.0,1.0,20.0,sí,35.0,44.0,0,barcelona,directo,9.0
23/11/2025,416.08802522389374,golpe en aparcamiento,urbana,15 063,2.0,2.0,0.0,48.0,no,42.0,45.0,300,valencia,mediador,52.0
27/08/2025,232.58098874497796,  golpe en aparcamiento ,urbana,3 966,17.0,2.0,0.0,12.0,sí,24.0,16.0,0,coruña,banca seguros,14.0
11/01/2024,434.9937821158597,golpe en aparcamiento,interurbana,9 753,21.0,2.0,3.0,92.0,no,71.0,16.0,0,zaragoza,banca seguros,91.0
03/02/2024,3317.969717705602,colisión frontal,urbana,9 300,19.0,1.0,0.0,37.0,no,26.0,12.0,0,coruña,mediador,32.0
10/03/2024,3345.826163314341,colisión frontal,urbana,19 106,6.0,1.0,0.0,53.0,no,56.0,46.0,300,sevilla,directo,133.0
06/03/2025,3378.169625664889,  alcance ,urbana,11 052,10.0,2.0,0.0,70.0,sí,55.0,43.0,300,sevilla,mediador,145.0
31/07/2025,1714.1914861255866,salida de vía,urbana,13 669,3.0,2.0,0.0,19.0,no,28.0,12.0,0,barcelona,mediador,138.0
22/07/2025,492.8877148618905,golpe en aparcamiento,interurbana,19 331,12.0,1.0,0.0,90.0,no,35.0,4.0,0,coruña,directo,53.0
28/04/2024,528.3692565674047,golpe en aparcamiento,urbana,14 599,6.0,1.0,0.0,85.0,no,47.0,1.0,0,sevilla,banca seguros,107.0
07/12/2025,535.6293808689907,alcance,urbana,6 179,16.0,2.0,0.0,20.0,sí,39.0,7.0,150,sevilla,directo,135.0
15/02/2025,577.1968723155625,golpe en aparcamiento,interurbana,3 777,13.0,2.0,0.0,64.0,no,50.0,20.0,600,sevilla,mediador,107.0
06/10/2025,505.3694867659089,golpe en aparcamiento,urbana,12 451,2.0,1.0,0.0,62.0,no,31.0,22.0,0,valencia,banca seguros,158.0
15/09/2025,161.95329598691103,alcance,autopista,6 062,19.0,1.0,0.0,39.0,no,55.0,7.0,0,barcelona,mediador,48.0
06/04/2025,580.0507230525403,golpe en aparcamiento,urbana,12 082,13.0,2.0,0.0,5.0,no,42.0,36.0,300,valencia,banca seguros,62.0
17/05/2024,1717.6285927053827,golpe en aparcamiento,interurbana,12 555,4.0,5.0,0.0,41.0,no,50.0,44.0,0,coruña,mediador,102.0
29/07/2025,1116.8284832184715,golpe en aparcamiento,urbana,6 719,18.0,2.0,0.0,33.0,no,34.0,22.0,150,valencia,banca seguros,140.0
11/12/2024,4303.221462213759,  colisión frontal ,interurbana,25 166,16.0,4.0,0.0,35.0,no,34.0,16.0,150,barcelona,mediador,32.0
06/10/2024,1036.9304795517708,golpe en aparcamiento,autopista,8 806,6.0,1.0,0.0,108.0,no,67.0,37.0,150,madrid,mediador,5.0
03/06/2024,1356.0808047846606,golpe en aparcamiento,urbana,4 259,6.0,2.0,0.0,52.0,sí,37.0,48.0,150,zaragoza,banca seguros,77.0
29/04/2024,1484.2930794371762,golpe en aparcamiento,urbana,22 512,18.0,1.0,0.0,21.0,no,18.0,43.0,0,valencia,directo,2.0
08/05/2025,462.25756533455444,golpe en aparcamiento,urbana,14 440,17.0,1.0,0.0,21.0,no,46.0,47.0,300,sevilla,directo,160.0
03/01/2025,2357.5133660789447,alcance,interurbana,14 769,12.0,5.0,1.0,24.0,no,42.0,37.0,0,sevilla,directo,132.0
11/10/2024,2176.6512699833097,colisión frontal,urbana,8 484,15.0,1.0,1.0,43.0,no,30.0,13.0,150,sevilla,directo,169.0
04/05/2024,646.1833149924719,golpe en aparcamiento,interurbana,12 540,21.0,2.0,0.0,45.0,sí,32.0,38.0,600,coruña,directo,84.0
21/11/2024,856.9303012933783,golpe en aparcamiento,urbana,17 456,20.0,2.0,1.0,48.0,sí,63.0,38.0,150,sevilla,mediador,2.0
21/03/2024,366.2018594502696,golpe en aparcamiento,urbana,8 719,14.0,1.0,1.0,70.0,no,65.0,13.0,300,coruña,directo,12.0
14/10/2025,248.84933507734664,golpe en aparcamiento,urbana,7 074,5.0,1.0,1.0,55.0,sí,42.0,9.0,600,valencia,directo,91.0
01/11/2024,2867.972880903387,salida de vía,urbana,8 796,9.0,1.0,0.0,36.0,no,29.0,46.0,150,zaragoza,directo,145.0
09/07/2024,729.1077381905309,alcance,urbana,36 554,16.0,2.0,0.0,91.0,no,35.0,18.0,300,madrid,directo,173.0
14/02/2025,15607.023885109014,incendio,autopista,9 279,21.0,2.0,0.0,13.0,sí,65.0,41.0,0,valencia,directo,180.0
03/05/2024,1186.0176145878834,alcance,urbana,15 684,18.0,2.0,0.0,11.0,no,42.0,1.0,150,zaragoza,directo,5.0
10/07/2024,222.70452505103987,alcance,urbana,7 255,3.0,1.0,0.0,33.0,sí,54.0,44.0,300,zaragoza,directo,153.0
12/02/2024,1498.322651399506,colisión frontal,autopista,3 997,19.0,1.0,0.0,47.0,sí,47.0,37.0,0,zaragoza,banca seguros,41.0
05/12/2024,557.0525911889195,golpe en aparcamiento,urbana,8 560,7.0,2.0,0.0,71.0,N/D,36.0,32.0,600,madrid,mediador,100.0
12/05/2025,2911.405388468675,colisión frontal,interurbana,19 395,11.0,1.0,2.0,29.0,no,64.0,36.0,150,sevilla,mediador,16.0
11/10/2024,5904.1886078417365,ALCANCE,autopista,20 937,11.0,3.0,0.0,59.0,sí,18.0,1.0,300,zaragoza,mediador,115.0
16/04/2025,1357.2353573633948,robo,interurbana,6 368,13.0,2.0,1.0,50.0,sí,23.0,24.0,0,coruña,mediador,16.0
23/04/2024,896.3767231452205,alcance,urbana,6 627,12.0,5.0,0.0,81.0,no,36.0,50.0,150,zaragoza,directo,6.0
09/05/2024,737.8496457426836,alcance,autopista,9 807,22.0,1.0,0.0,29.0,no,36.0,13.0,0,madrid,directo,118.0
31/05/2025,3961.7588621152877,golpe en aparcamiento,interurbana,23 911,6.0,4.0,0.0,41.0,sí,53.0,12.0,150,madrid,banca seguros,76.0
28/05/2024,527.6062608117926,golpe en aparcamiento,interurbana,13 681,15.0,1.0,0.0,30.0,no,38.0,31.0,300,barcelona,banca seguros,167.0
03/02/2024,295.189404111656,golpe en aparcamiento,interurbana,2 821,12.0,1.0,0.0,76.0,N/D,47.0,40.0,150,madrid,mediador,164.0
23/12/2024,1261.905907422639,colisión frontal,urbana,9 227,1.0,1.0,0.0,36.0,no,55.0,12.0,0,barcelona,mediador,104.0
11/02/2024,295.84095596686933,golpe en aparcamiento,urbana,9 484,15.0,3.0,0.0,60.0,no,67.0,50.0,600,barcelona,directo,75.0
06/01/2025,8213.3541458839,SALIDA DE VÍA,urbana,26 449,1.0,1.0,0.0,16.0,no,65.0,9.0,0,madrid,mediador,131.0
07/12/2024,2515.5161275255364,robo,urbana,9 566,20.0,1.0,0.0,50.0,sí,80.0,11.0,0,sevilla,mediador,171.0
20/02/2025,5300.280338568193,golpe en aparcamiento,autopista,18 692,5.0,3.0,1.0,69.0,sí,39.0,49.0,0,zaragoza,mediador,120.0
12/04/2025,748.3531577433503,golpe en aparcamiento,autopista,20 939,1.0,1.0,0.0,43.0,sí,40.0,20.0,150,valencia,mediador,180.0
12/05/2025,216.1566222651424,GOLPE EN APARCAMIENTO,interurbana,12 532,5.0,1.0,0.0,58.0,N/D,58.0,1.0,0,sevilla,mediador,69.0
05/11/2024,2256.4555988314332,salida de vía,urbana,3 733,20.0,4.0,0.0,74.0,sí,55.0,6.0,300,valencia,mediador,141.0
21/08/2024,719.3307908294304,golpe en aparcamiento,interurbana,31 730,19.0,3.0,0.0,27.0,no,27.0,8.0,300,sevilla,directo,132.0
09/01/2025,2431.9622801308283,colision frontal,interurbana,5 828,10.0,2.0,0.0,62.0,sí,76.0,5.0,0,coruña,banca seguros,43.0
23/03/2025,6031.746599645264,incendio,urbana,4 194,22.0,2.0,0.0,60.0,sí,58.0,47.0,150,coruña,directo,127.0
10/05/2025,3463.602020419498,alcance,autopista,45 206,16.0,5.0,0.0,71.0,no,31.0,50.0,300,barcelona,banca seguros,178.0
16/04/2024,481.7185854557081,golpe en aparcamiento,urbana,15 527,15.0,1.0,0.0,68.0,N/D,31.0,14.0,150,madrid,banca seguros,92.0
15/02/2024,2652.050352920886,ROBO,urbana,24 295,13.0,1.0,0.0,45.0,no,56.0,26.0,0,zaragoza,mediador,172.0
02/02/2025,3362.269553192264,colisión frontal,interurbana,6 955,10.0,2.0,0.0,42.0,no,29.0,3.0,150,madrid,banca seguros,150.0
14/05/2024,7265.037465743483,incendio,interurbana,6 574,22.0,2.0,0.0,18.0,sí,53.0,30.0,150,sevilla,mediador,137.0
19/08/2024,2771.2361922926643,salida de vía,urbana,29 963,16.0,1.0,0.0,38.0,no,57.0,23.0,0,barcelona,banca seguros,78.0
08/08/2025,5518.742665866408,colisión frontal,urbana,10 068,7.0,1.0,0.0,91.0,no,56.0,0.0,0,coruña,mediador,100.0
04/01/2024,1599.5334118720518,SALIDA DE VÍA,autopista,6 250,0.0,2.0,0.0,52.0,no,45.0,18.0,0,coruña,mediador,142.0
16/09/2025,542.0893553865999,alcance,interurbana,5 764,16.0,1.0,0.0,72.0,no,55.0,17.0,150,barcelona,mediador,143.0
22/12/2024,131.6430893223339,golpe en aparcamiento,urbana,2 589,3.0,3.0,0.0,68.0,no,48.0,15.0,0,barcelona,banca seguros,75.0
23/05/2024,629.9646111662918,GOLPE EN APARCAMIENTO,urbana,8 035,0.0,2.0,0.0,0.0,no,40.0,22.0,0,barcelona,directo,156.0
15/01/2025,1584.972166172466,salida de vía,urbana,8 625,1.0,2.0,0.0,25.0,no,53.0,6.0,600,zaragoza,mediador,167.0
12/02/2024,2155.3956891106827,  alcance ,autopista,10 811,1.0,1.0,0.0,39.0,no,38.0,44.0,150,barcelona,mediador,134.0
09/07/2025,647.4013703014805,  golpe en aparcamiento ,urbana,15 448,1.0,1.0,0.0,41.0,sí,58.0,0.0,0,zaragoza,mediador,157.0
26/12/2024,545.3138838599772,golpe en aparcamiento,interurbana,12 055,13.0,1.0,0.0,41.0,no,53.0,7.0,150,barcelona,banca seguros,135.0
29/12/2024,2344.2799268053705,alcance,urbana,33 850,16.0,1.0,0.0,35.0,sí,70.0,10.0,150,barcelona,directo,161.0
15/07/2024,981.5749045251247,alcance,interurbana,5 586,10.0,1.0,0.0,89.0,no,64.0,1.0,600,barcelona,mediador,55.0
27/07/2024,9497.66711476914,COLISIÓN FRONTAL,autopista,32 233,14.0,2.0,0.0,67.0,no,35.0,11.0,150,valencia,directo,168.0
26/07/2024,3976.589347814261,salida de vía,urbana,26 616,16.0,5.0,0.0,59.0,no,58.0,21.0,300,madrid,mediador,34.0
04/04/2025,955.251010184293,alcance,interurbana,19 383,3.0,1.0,0.0,49.0,N/D,30.0,19.0,300,zaragoza,mediador,133.0
10/07/2024,1483.6083623711777,salida de via,urbana,13 465,21.0,3.0,1.0,36.0,no,26.0,14.0,0,sevilla,banca seguros,159.0
09/11/2025,777.376051031995,golpe en aparcamiento,interurbana,7 641,21.0,1.0,0.0,69.0,sí,58.0,41.0,300,zaragoza,directo,103.0
30/08/2025,650.1602164894014,ALCANCE,interurbana,6 621,6.0,1.0,0.0,30.0,sí,49.0,29.0,150,coruña,mediador,78.0
28/11/2025,513.324922491907,alcance,urbana,10 143,21.0,1.0,0.0,42.0,N/D,40.0,9.0,300,valencia,mediador,85.0
12/09/2024,741.4284903432471,robo,urbana,11 259,15.0,1.0,1.0,44.0,no,42.0,41.0,300,zaragoza,directo,44.0
27/05/2025,1399.1468500049737,  salida de vía ,autopista,4 648,17.0,1.0,0.0,35.0,sí,66.0,49.0,0,coruña,banca seguros,149.0
20/01/2024,4228.107062427057,robo,urbana,21 987,3.0,1.0,0.0,82.0,sí,52.0,28.0,150,valencia,directo,26.0
10/12/2025,657.6976527751947,alcance,autopista,5 658,7.0,1.0,0.0,87.0,no,48.0,39.0,600,zaragoza,mediador,163.0
16/03/2025,2185.0273235285,colisión frontal,urbana,5 565,19.0,1.0,0.0,18.0,sí,49.0,21.0,0,sevilla,directo,121.0
29/05/2025,4000.071555270201,alcance,urbana,21 132,19.0,1.0,2.0,76.0,sí,69.0,14.0,300,coruña,mediador,137.0
12/10/2025,566.4703587429318,  golpe en aparcamiento ,urbana,15 290,21.0,1.0,0.0,45.0,no,76.0,13.0,0,barcelona,directo,93.0
15/01/2024,2545.892883577961,robo,urbana,10 767,8.0,4.0,0.0,63.0,N/D,58.0,11.0,600,barcelona,directo,157.0
31/10/2024,2163.397240810569,robo,urbana,34 792,15.0,1.0,0.0,83.0,sí,36.0,46.0,0,barcelona,directo,33.0
14/04/2024,535.0074212957858,alcance,interurbana,5 487,4.0,3.0,0.0,57.0,sí,47.0,43.0,150,barcelona,banca seguros,68.0
17/06/2025,6084.252840092196,alcance,interurbana,22 511,8.0,2.0,0.0,41.0,no,27.0,12.0,300,sevilla,mediador,92.0
25/06/2024,438.5270311486965,golpe en aparcamiento,urbana,7 402,15.0,1.0,0.0,69.0,sí,68.0,45.0,150,sevilla,mediador,121.0
18/06/2025,785.1040855355694,alcance,urbana,14 066,8.0,3.0,0.0,69.0,no,82.0,30.0,150,sevilla,banca seguros,163.0
25/03/2024,5090.939597711808,colisión frontal,interurbana,7 423,15.0,2.0,0.0,0.0,N/D,45.0,43.0,0,madrid,banca seguros,25.0
04/01/2025,591.1042904409129,golpe en aparcamiento,urbana,5 857,22.0,2.0,0.0,78.0,no,64.0,24.0,150,coruña,directo,8.0
26/02/2024,6787.360832070971,SALIDA DE VÍA,urbana,37 733,22.0,1.0,0.0,82.0,no,41.0,34.0,600,zaragoza,mediador,86.0
25/06/2024,956.8239598455647,alcance,urbana,13 757,10.0,1.0,0.0,33.0,sí,39.0,32.0,150,sevilla,mediador,17.0
30/11/2025,959.9276911052287,golpe en aparcamiento,urbana,7 297,9.0,2.0,1.0,6.0,sí,47.0,2.0,0,zaragoza,banca seguros,152.0
29/06/2024,318.4702042091696,alcance,urbana,8 176,10.0,2.0,2.0,68.0,no,18.0,47.0,600,valencia,banca seguros,121.0
08/11/2024,5223.778215069432,incendio,autopista,4 340,22.0,1.0,0.0,41.0,no,39.0,1.0,600,sevilla,directo,140.0
12/09/2024,570.6636455301342,salida de vía,urbana,6 227,9.0,2.0,0.0,34.0,no,45.0,38.0,150,valencia,banca seguros,74.0
30/12/2024,1116.163990983038,colisión frontal,interurbana,7 456,9.0,1.0,0.0,22.0,no,50.0,34.0,300,madrid,directo,30.0
19/03/2025,2590.7472016356687,salida de vía,interurbana,8 648,12.0,5.0,0.0,49.0,sí,43.0,27.0,0,madrid,mediador,114.0
23/03/2025,416.3057775061507,alcance,urbana,20 992,12.0,2.0,0.0,88.0,N/D,37.0,22.0,0,sevilla,directo,52.0
28/03/2024,15826.560760189901,  colisión frontal ,interurbana,13 260,14.0,5.0,2.0,54.0,no,39.0,39.0,0,barcelona,directo,4.0
06/04/2024,24628.351454177704,incendio,urbana,18 151,0.0,2.0,0.0,44.0,sí,25.0,12.0,150,barcelona,mediador,96.0
19/12/2024,1812.3970522495426,colisión frontal,autopista,3 965,10.0,3.0,0.0,55.0,no,72.0,14.0,300,madrid,directo,144.0
06/01/2025,1745.4730946526006,alcance,autopista,16 501,10.0,1.0,0.0,76.0,no,28.0,19.0,600,madrid,mediador,121.0
10/02/2024,2854.892871499628,golpe en aparcamiento,interurbana,24 598,8.0,5.0,0.0,88.0,no,52.0,20.0,0,barcelona,mediador,45.0
13/04/2024,734.5289730505059,ALCANCE,urbana,9 677,7.0,2.0,0.0,46.0,no,43.0,41.0,0,madrid,mediador,141.0
18/08/2024,1066.9628790015672,colisión frontal,urbana,15 890,20.0,2.0,0.0,28.0,no,39.0,11.0,0,valencia,directo,47.0
27/06/2025,3359.080805445809,robo,autopista,11 908,10.0,1.0,0.0,37.0,sí,69.0,26.0,150,madrid,directo,115.0
19/04/2025,1086.9263688911908,alcance,urbana,6 802,2.0,1.0,0.0,70.0,sí,42.0,22.0,300,barcelona,mediador,142.0
11/11/2025,436.5703074182215,  golpe en aparcamiento ,autopista,21 119,18.0,1.0,0.0,68.0,no,53.0,48.0,0,sevilla,banca seguros,20.0
06/02/2025,3528.4027441845615,colisión frontal,interurbana,15 600,3.0,1.0,0.0,73.0,no,65.0,21.0,150,valencia,directo,95.0
09/08/2025,1226.1944731304359,robo,interurbana,17 516,14.0,1.0,0.0,66.0,no,42.0,35.0,150,madrid,mediador,158.0
29/06/2025,148.4752967503465,golpe en aparcamiento,interurbana,6 612,18.0,1.0,0.0,27.0,no,55.0,1.0,0,sevilla,mediador,76.0
14/06/2025,1696.1433642447532,alcance,urbana,10 460,20.0,1.0,1.0,60.0,sí,19.0,36.0,0,zaragoza,banca seguros,117.0
26/01/2025,3226.9024568124273,colisión frontal,autopista,2 901,12.0,1.0,1.0,30.0,no,24.0,23.0,150,valencia,directo,45.0
25/02/2024,330.0716162639292,golpe en aparcamiento,urbana,9 919,19.0,1.0,0.0,43.0,no,31.0,35.0,0,coruña,mediador,14.0
03/05/2025,725.5789296336661,golpe en aparcamiento,urbana,13 547,17.0,1.0,2.0,35.0,no,28.0,12.0,0,madrid,banca seguros,108.0
28/05/2025,4995.722002472259,SALIDA DE VÍA,urbana,25 634,0.0,1.0,0.0,49.0,no,25.0,34.0,0,madrid,banca seguros,180.0
25/02/2024,1985.6341549493307,alcance,urbana,19 671,12.0,3.0,1.0,53.0,no,57.0,10.0,150,barcelona,directo,89.0
30/11/2025,1037.3027512891865,alcance,urbana,5 500,13.0,2.0,1.0,52.0,no,32.0,8.0,150,zaragoza,directo,20.0
02/07/2025,218.71157403208917,golpe en aparcamiento,interurbana,7 666,16.0,1.0,0.0,50.0,sí,44.0,41.0,0,valencia,directo,64.0
02/07/2025,1593.6587369350118,salida de via,urbana,8 088,16.0,4.0,1.0,49.0,sí,58.0,27.0,150,sevilla,mediador,6.0
09/10/2024,8216.68570492112,robo,urbana,24 091,12.0,2.0,0.0,89.0,no,65.0,39.0,0,coruña,directo,169.0
12/04/2025,717.1402327543433,golpe en aparcamiento,urbana,18 403,21.0,2.0,0.0,35.0,no,49.0,39.0,0,sevilla,directo,15.0
10/12/2025,1332.1821521017187,  colisión frontal ,interurbana,11 610,0.0,1.0,0.0,77.0,no,59.0,35.0,0,madrid,banca seguros,126.0
09/05/2025,646.5465561126241,  golpe en aparcamiento ,autopista,12 707,9.0,2.0,0.0,33.0,no,45.0,48.0,150,barcelona,mediador,168.0
16/05/2025,3899.1630370747953,salida de via,interurbana,31 926,22.0,1.0,1.0,89.0,no,42.0,40.0,150,coruña,mediador,53.0
22/05/2024,1810.3134314085423,robo,urbana,13 211,6.0,1.0,0.0,42.0,no,64.0,45.0,0,valencia,mediador,100.0
10/03/2024,1359.1293405248143,alcance,urbana,21 793,14.0,1.0,0.0,21.0,no,26.0,29.0,0,madrid,directo,169.0
15/07/2025,1625.5750479476706,  robo ,interurbana,8 720,11.0,2.0,0.0,16.0,no,35.0,40.0,150,valencia,directo,106.0
25/06/2024,1973.4406994012709,robo,autopista,10 761,22.0,2.0,0.0,67.0,no,69.0,0.0,150,valencia,directo,164.0
26/10/2025,1868.9249221258522,robo,interurbana,10 704,17.0,3.0,0.0,92.0,no,56.0,24.0,150,madrid,mediador,30.0
24/09/2024,839.2860281022915,golpe en aparcamiento,urbana,9 605,10.0,2.0,1.0,64.0,sí,48.0,26.0,0,sevilla,mediador,113.0
10/09/2024,1656.8466423472562,ALCANCE,interurbana,19 616,13.0,1.0,1.0,49.0,no,33.0,28.0,0,coruña,directo,176.0
01/05/2024,989.8605316261039,  alcance ,autopista,15 175,5.0,1.0,0.0,21.0,no,43.0,3.0,0,zaragoza,mediador,101.0
02/12/2024,23497.25485977458,colisión frontal,autopista,17 905,2.0,1.0,0.0,84.0,sí,80.0,23.0,0,zaragoza,directo,26.0
27/04/2024,6112.445624381345,robo,autopista,11 115,1.0,4.0,0.0,43.0,sí,40.0,31.0,0,sevilla,mediador,79.0
07/04/2025,920.2011214245143,golpe en aparcamiento,autopista,28 109,7.0,1.0,0.0,55.0,no,19.0,30.0,300,madrid,mediador,125.0
28/06/2024,882.0450007584006,golpe en aparcamiento,autopista,10 668,11.0,3.0,0.0,30.0,no,49.0,25.0,0,zaragoza,banca seguros,68.0
31/03/2025,675.2983403952702,golpe en aparcamiento,urbana,8 492,17.0,1.0,0.0,38.0,no,57.0,17.0,0,barcelona,mediador,154.0
21/11/2024,3182.5047827027347,robo,interurbana,5 671,9.0,3.0,0.0,83.0,sí,51.0,32.0,0,valencia,mediador,3.0
27/05/2025,188.25334145969572,alcance,urbana,6 933,22.0,1.0,0.0,52.0,no,45.0,25.0,300,coruña,banca seguros,107.0
11/03/2025,994.9821172596081,golpe en aparcamiento,autopista,20 349,12.0,3.0,0.0,41.0,no,59.0,42.0,0,sevilla,mediador,39.0
03/09/2025,1032.604617036659,colision frontal,autopista,6 469,6.0,2.0,0.0,93.0,no,18.0,42.0,0,madrid,directo,87.0
10/04/2025,1457.0722812776846,colisión frontal,urbana,4 697,20.0,2.0,0.0,16.0,no,24.0,38.0,600,barcelona,mediador,148.0
01/10/2024,761.4267409609066,  alcance ,urbana,35 548,20.0,2.0,0.0,44.0,no,39.0,2.0,600,valencia,mediador,174.0
18/07/2024,1872.3442075788596,golpe en aparcamiento,autopista,26 024,0.0,3.0,0.0,32.0,N/D,29.0,44.0,300,madrid,directo,111.0
29/06/2025,4064.7343388143254,colisión frontal,urbana,8 128,1.0,5.0,0.0,42.0,no,42.0,0.0,300,valencia,mediador,123.0
07/01/2025,2229.550505504787,salida de vía,interurbana,7 453,19.0,2.0,0.0,16.0,sí,50.0,22.0,600,madrid,directo,136.0
16/02/2024,1348.711410585457,golpe en aparcamiento,autopista,14 000,0.0,4.0,1.0,34.0,no,56.0,47.0,300,sevilla,mediador,26.0
24/10/2024,1742.5965471789393,salida de via,interurbana,9 159,9.0,1.0,1.0,67.0,no,31.0,2.0,300,valencia,directo,118.0
11/05/2024,396.4046809559765,  golpe en aparcamiento ,urbana,9 680,17.0,1.0,0.0,64.0,sí,52.0,20.0,300,coruña,banca seguros,55.0
14/05/2024,1868.728801012335,salida de vía,interurbana,6 062,12.0,2.0,0.0,23.0,no,34.0,19.0,0,madrid,mediador,22.0
03/10/2025,696.5415962544059,  golpe en aparcamiento ,interurbana,12 192,10.0,1.0,0.0,23.0,sí,41.0,40.0,150,madrid,mediador,100.0
29/07/2024,435.16162561605233,golpe en aparcamiento,urbana,5 270,20.0,1.0,0.0,61.0,no,34.0,6.0,150,valencia,mediador,61.0
01/04/2025,367.79839553969083,golpe en aparcamiento,urbana,6 218,2.0,1.0,1.0,48.0,no,32.0,32.0,300,zaragoza,mediador,172.0
04/03/2025,812.7151632334553,alcance,urbana,6 564,5.0,1.0,0.0,45.0,no,44.0,20.0,300,valencia,directo,54.0
21/09/2024,1402.6188595113751,colisión frontal,urbana,4 894,5.0,1.0,0.0,62.0,sí,28.0,25.0,0,zaragoza,directo,135.0
06/01/2024,2094.5093371241123,COLISIÓN FRONTAL,urbana,9 828,16.0,2.0,0.0,69.0,no,49.0,29.0,0,barcelona,mediador,66.0
07/12/2024,662.8598371136638,golpe en aparcamiento,urbana,6 032,2.0,3.0,0.0,99.0,no,64.0,0.0,150,coruña,directo,102.0
02/06/2025,1365.5531248839377,salida de via,urbana,6 337,7.0,3.0,1.0,33.0,no,45.0,20.0,0,madrid,mediador,164.0
24/04/2025,436.9251844222351,alcance,urbana,2 702,7.0,2.0,0.0,82.0,sí,29.0,23.0,150,coruña,mediador,138.0
25/02/2024,141.67007534106165,ALCANCE,urbana,4 297,7.0,1.0,0.0,29.0,no,76.0,45.0,600,zaragoza,mediador,136.0
18/02/2024,941.4627701987703,alcance,urbana,12 323,1.0,1.0,0.0,59.0,sí,26.0,39.0,0,zaragoza,directo,88.0
31/07/2025,1746.7727061091525,ROBO,urbana,11 251,5.0,4.0,0.0,97.0,sí,32.0,47.0,300,madrid,mediador,72.0
10/03/2024,1564.469039841393,colision frontal,autopista,14 368,22.0,2.0,0.0,61.0,no,57.0,23.0,150,madrid,mediador,23.0
30/04/2025,424.1336822943293,golpe en aparcamiento,interurbana,10 660,2.0,1.0,0.0,49.0,no,47.0,27.0,0,coruña,directo,124.0
07/01/2024,461.45207466782364,ALCANCE,urbana,7 796,7.0,2.0,0.0,24.0,sí,36.0,10.0,150,madrid,banca seguros,25.0
16/12/2025,2130.0615100364175,colisión frontal,urbana,23 229,2.0,3.0,0.0,53.0,no,51.0,24.0,300,madrid,mediador,27.0
04/06/2024,8760.135882949475,colisión frontal,autopista,19 583,13.0,1.0,0.0,66.0,no,18.0,23.0,300,coruña,banca seguros,71.0
21/03/2025,3057.5217821876863,robo,urbana,18 497,6.0,2.0,0.0,1.0,no,34.0,19.0,600,sevilla,directo,79.0
21/05/2025,767.7926267633193,colisión frontal,urbana,6 971,3.0,1.0,1.0,91.0,no,38.0,32.0,0,coruña,directo,78.0
07/08/2024,5393.3085568470915,colisión frontal,interurbana,14 634,22.0,1.0,0.0,77.0,sí,47.0,12.0,0,madrid,mediador,96.0
09/02/2025,252.26019960353636,alcance,urbana,12 710,22.0,1.0,0.0,62.0,sí,58.0,31.0,150,coruña,mediador,125.0
09/03/2024,29472.91228437541,  incendio ,urbana,8 593,10.0,3.0,0.0,51.0,sí,62.0,32.0,600,madrid,mediador,180.0
12/07/2025,459.538936532473,GOLPE EN APARCAMIENTO,urbana,3 860,5.0,1.0,0.0,50.0,no,44.0,0.0,300,zaragoza,directo,20.0
29/05/2024,720.1912144318082,alcance,interurbana,4 367,11.0,4.0,0.0,81.0,no,50.0,27.0,600,madrid,mediador,160.0
29/03/2025,2277.441455888838,colisión frontal,urbana,9 185,3.0,1.0,0.0,77.0,no,19.0,34.0,300,barcelona,directo,153.0
16/09/2025,4825.93838003221,alcance,urbana,11 953,17.0,1.0,0.0,55.0,sí,39.0,13.0,0,barcelona,directo,141.0
21/05/2024,580.7830433758575,alcance,urbana,8 075,2.0,1.0,0.0,51.0,no,54.0,12.0,150,sevilla,banca seguros,87.0
30/09/2024,2364.6328776877467,  alcance ,urbana,19 375,16.0,3.0,1.0,13.0,sí,18.0,12.0,300,valencia,directo,107.0
09/08/2024,1891.623348419629,salida de vía,urbana,20 066,21.0,1.0,0.0,53.0,no,31.0,40.0,300,coruña,mediador,24.0
29/01/2025,189.78860189905262,golpe en aparcamiento,interurbana,12 046,9.0,2.0,0.0,76.0,no,28.0,45.0,600,madrid,directo,162.0
10/10/2024,2638.234935388972,colisión frontal,autopista,7 738,19.0,2.0,0.0,82.0,no,47.0,25.0,300,barcelona,banca seguros,114.0
29/04/2024,980.7458833824928,alcance,urbana,22 915,10.0,1.0,0.0,48.0,no,49.0,43.0,600,sevilla,mediador,131.0
01/01/2025,1399.8968620505484,SALIDA DE VÍA,urbana,22 221,4.0,2.0,0.0,45.0,no,45.0,12.0,0,zaragoza,mediador,77.0
14/11/2025,318.60160488742156,golpe en aparcamiento,urbana,4 496,16.0,1.0,0.0,66.0,no,36.0,50.0,300,valencia,directo,113.0
07/08/2024,395.1641530300297,golpe en aparcamiento,urbana,6 830,3.0,3.0,0.0,68.0,N/D,26.0,41.0,150,madrid,banca seguros,73.0
10/09/2025,412.8752447855592,  alcance ,interurbana,1 941,0.0,1.0,1.0,89.0,sí,22.0,6.0,600,zaragoza,directo,26.0
23/04/2025,389.2998615154912,golpe en aparcamiento,urbana,9 488,13.0,1.0,0.0,39.0,no,19.0,18.0,150,sevilla,directo,138.0
08/06/2024,11067.232833174612,incendio,urbana,9 000,12.0,3.0,0.0,49.0,no,66.0,4.0,0,madrid,mediador,138.0
20/01/2024,1951.340694201257,robo,urbana,11 124,7.0,4.0,0.0,61.0,sí,52.0,35.0,300,barcelona,mediador,133.0
08/08/2025,2558.5410749310804,colisión frontal,autopista,11 484,20.0,4.0,0.0,75.0,no,50.0,48.0,0,madrid,directo,23.0
21/08/2024,17286.019272959747,incendio,interurbana,3 828,1.0,1.0,0.0,92.0,sí,44.0,39.0,0,zaragoza,directo,64.0
18/12/2025,1010.7287927601658,golpe en aparcamiento,urbana,9 584,18.0,1.0,0.0,63.0,no,41.0,17.0,300,zaragoza,directo,148.0
15/08/2024,1745.4128057926514,  salida de vía ,autopista,4 467,2.0,2.0,0.0,72.0,no,30.0,49.0,150,sevilla,directo,7.0
02/06/2024,3302.6617045369417,  salida de vía ,autopista,38 032,20.0,4.0,0.0,72.0,no,34.0,13.0,150,madrid,banca seguros,18.0
14/12/2024,795.1078665094931,alcance,urbana,3 445,12.0,1.0,0.0,48.0,sí,49.0,32.0,600,barcelona,mediador,132.0
05/09/2024,2269.544997249625,salida de vía,interurbana,15 587,0.0,1.0,0.0,49.0,no,56.0,17.0,0,sevilla,banca seguros,93.0
15/12/2024,519.8492015006867,ALCANCE,urbana,9 873,13.0,1.0,0.0,30.0,no,31.0,17.0,300,valencia,mediador,35.0
02/02/2025,3605.6548217039613,alcance,autopista,13 264,8.0,1.0,0.0,119.0,sí,50.0,48.0,0,valencia,mediador,77.0
27/02/2024,1137.6479996120615,alcance,urbana,9 990,8.0,4.0,0.0,24.0,no,45.0,9.0,300,valencia,directo,64.0
05/12/2025,2936.115550138808,colision frontal,urbana,43 195,20.0,1.0,0.0,59.0,no,56.0,47.0,150,sevilla,directo,78.0
26/08/2025,4032.575055748803,  colisión frontal ,urbana,16 153,18.0,1.0,0.0,97.0,N/D,33.0,16.0,600,coruña,directo,38.0
22/09/2024,365.16345381211045,GOLPE EN APARCAMIENTO,interurbana,17 066,10.0,1.0,0.0,22.0,no,45.0,25.0,300,madrid,mediador,8.0
04/02/2024,1385.1669837049387,GOLPE EN APARCAMIENTO,interurbana,18 086,6.0,1.0,0.0,18.0,sí,52.0,17.0,0,zaragoza,mediador,129.0
25/03/2025,3632.05310287684,colisión frontal,interurbana,15 909,8.0,1.0,0.0,84.0,no,51.0,47.0,300,barcelona,directo,141.0
14/12/2024,594.6808999873683,  alcance ,autopista,6 612,21.0,1.0,0.0,13.0,no,48.0,37.0,0,valencia,directo,98.0
26/12/2025,2332.5889902671456,  salida de vía ,autopista,14 094,5.0,2.0,0.0,58.0,sí,30.0,20.0,150,barcelona,directo,78.0
03/12/2024,507.44557836323816,robo,urbana,5 199,19.0,1.0,0.0,53.0,sí,54.0,12.0,0,sevilla,mediador,123.0
16/09/2025,871.6198652624371,  golpe en aparcamiento ,interurbana,12 159,13.0,1.0,1.0,56.0,sí,49.0,27.0,300,coruña,mediador,157.0
08/09/2025,2082.552196393255,golpe en aparcamiento,interurbana,17 294,2.0,4.0,0.0,0.0,sí,40.0,31.0,0,madrid,mediador,160.0
01/04/2025,1534.7548264993018,colisión frontal,urbana,13 298,6.0,1.0,0.0,55.0,sí,67.0,4.0,0,valencia,mediador,141.0
03/01/2025,545.1447527806766,alcance,interurbana,11 597,13.0,1.0,0.0,74.0,no,40.0,36.0,0,barcelona,banca seguros,21.0
21/10/2024,2005.591413459968,alcance,urbana,49 751,10.0,2.0,0.0,39.0,no,44.0,29.0,0,coruña,mediador,1.0
06/12/2025,1394.092521682271,robo,urbana,10 188,19.0,1.0,0.0,15.0,sí,53.0,8.0,150,madrid,mediador,159.0
10/09/2025,3054.8488422025603,colisión frontal,urbana,12 304,21.0,1.0,0.0,51.0,sí,22.0,13.0,300,madrid,directo,36.0
02/02/2025,1907.8103301323135,SALIDA DE VÍA,interurbana,4 799,3.0,3.0,0.0,21.0,no,79.0,42.0,0,zaragoza,mediador,85.0
17/08/2025,1746.010156600394,colisión frontal,urbana,10 365,2.0,2.0,0.0,60.0,sí,64.0,22.0,300,valencia,mediador,102.0
14/03/2025,1964.4181250980905,alcance,interurbana,21 952,16.0,1.0,1.0,50.0,no,44.0,22.0,150,zaragoza,mediador,113.0
21/05/2024,1793.3008024208682,alcance,autopista,26 538,17.0,2.0,0.0,58.0,sí,80.0,43.0,150,zaragoza,mediador,50.0
24/07/2025,2579.898931456943,alcance,autopista,17 905,22.0,2.0,2.0,82.0,no,52.0,12.0,0,valencia,mediador,46.0
01/11/2024,2012.7231050822463,alcance,urbana,22 559,0.0,4.0,2.0,76.0,no,51.0,23.0,0,barcelona,directo,144.0
02/12/2024,800.3359185556133,  colisión frontal ,autopista,6 287,6.0,1.0,1.0,62.0,no,30.0,32.0,300,zaragoza,mediador,66.0
01/06/2025,14040.834200089412,INCENDIO,urbana,14 849,12.0,2.0,0.0,29.0,no,23.0,35.0,300,valencia,directo,169.0
05/01/2025,656.5358578154351,golpe en aparcamiento,interurbana,15 951,4.0,2.0,0.0,73.0,sí,47.0,1.0,150,barcelona,directo,144.0
05/01/2024,23534.91735853994,INCENDIO,autopista,26 552,19.0,2.0,0.0,9.0,no,41.0,28.0,150,barcelona,directo,72.0
12/03/2024,2057.651042958072,alcance,interurbana,19 489,4.0,2.0,0.0,82.0,sí,61.0,21.0,150,zaragoza,mediador,155.0
09/03/2025,18969.24012367022,incendio,interurbana,18 327,5.0,1.0,0.0,51.0,no,22.0,13.0,0,valencia,banca seguros,49.0
16/11/2025,339.86592235221457,golpe en aparcamiento,urbana,5 615,22.0,2.0,0.0,71.0,no,52.0,48.0,0,madrid,directo,13.0
30/07/2024,923.466019567097,golpe en aparcamiento,urbana,3 509,2.0,2.0,0.0,78.0,no,18.0,40.0,150,madrid,directo,154.0
19/03/2025,5096.617075951532,robo,urbana,26 495,12.0,1.0,0.0,63.0,no,58.0,20.0,0,valencia,mediador,94.0
07/08/2024,1152.1208866687812,golpe en aparcamiento,autopista,24 852,20.0,1.0,0.0,97.0,no,30.0,14.0,0,barcelona,mediador,55.0
09/03/2025,1594.2844538649692,robo,urbana,6 961,5.0,1.0,1.0,34.0,no,29.0,36.0,300,valencia,directo,126.0
13/01/2024,4973.619027673217,colisión frontal,urbana,23 861,21.0,2.0,0.0,31.0,no,32.0,26.0,0,zaragoza,mediador,25.0
13/11/2024,721.4198141378744,golpe en aparcamiento,interurbana,22 649,16.0,2.0,1.0,66.0,sí,18.0,42.0,0,sevilla,mediador,4.0
04/04/2025,9952.393999610467,incendio,autopista,8 428,4.0,1.0,2.0,53.0,no,57.0,3.0,300,barcelona,mediador,47.0
28/09/2024,346.739891470301,alcance,autopista,8 888,4.0,1.0,0.0,63.0,sí,56.0,15.0,150,sevilla,mediador,165.0
21/04/2025,279.6107245969379,golpe en aparcamiento,urbana,34 967,7.0,1.0,0.0,16.0,sí,25.0,36.0,600,barcelona,banca seguros,147.0
06/03/2024,357.2205375713627,robo,urbana,1 117,17.0,2.0,1.0,39.0,sí,44.0,45.0,150,zaragoza,directo,121.0
10/08/2024,532.3041150018685,colision frontal,urbana,2 584,11.0,4.0,0.0,59.0,sí,27.0,3.0,0,sevilla,directo,24.0
20/05/2025,1009.9190099377383,golpe en aparcamiento,interurbana,8 260,10.0,2.0,0.0,44.0,sí,52.0,37.0,0,sevilla,directo,35.0
15/06/2025,704.6660616444999,alcance,urbana,8 905,5.0,2.0,1.0,70.0,no,33.0,8.0,0,barcelona,mediador,161.0
30/05/2025,240.36331732232955,ALCANCE,urbana,4 671,10.0,2.0,0.0,103.0,no,65.0,0.0,600,valencia,directo,151.0
16/08/2024,1606.0554766608266,alcance,urbana,5 882,11.0,2.0,0.0,11.0,no,57.0,6.0,150,valencia,mediador,82.0
19/07/2024,403.67424829544444,alcance,urbana,21 364,16.0,1.0,0.0,46.0,no,50.0,25.0,600,valencia,mediador,66.0
07/06/2024,1912.100785005344,salida de via,urbana,9 655,3.0,1.0,0.0,66.0,no,35.0,27.0,300,madrid,directo,158.0
12/04/2024,1188.4614090512966,  golpe en aparcamiento ,urbana,20 394,10.0,1.0,0.0,89.0,no,39.0,33.0,300,madrid,mediador,51.0
21/05/2024,1318.1213392168875,robo,urbana,15 261,18.0,1.0,0.0,76.0,no,46.0,0.0,600,barcelona,banca seguros,28.0
07/09/2024,609.6266783646207,ALCANCE,urbana,16 645,14.0,1.0,0.0,71.0,no,51.0,6.0,150,coruña,directo,113.0
27/04/2024,556.0114362268228,golpe en aparcamiento,interurbana,8 208,8.0,2.0,0.0,24.0,no,62.0,4.0,600,valencia,mediador,78.0
15/04/2024,943.2560229164924,salida de vía,autopista,8 078,20.0,2.0,0.0,16.0,no,46.0,14.0,150,coruña,mediador,67.0
06/07/2025,1126.4400436722283,  alcance ,urbana,28 504,9.0,2.0,0.0,0.0,no,52.0,7.0,300,sevilla,mediador,67.0
07/06/2025,775.9562124059204,alcance,urbana,21 558,16.0,1.0,0.0,57.0,no,64.0,47.0,0,barcelona,directo,30.0
07/02/2025,665.8077010714728,alcance,interurbana,18 486,9.0,1.0,0.0,51.0,sí,44.0,28.0,0,coruña,directo,108.0
06/01/2024,340.4080272368849,alcance,autopista,3 710,19.0,1.0,0.0,70.0,no,70.0,39.0,600,zaragoza,mediador,76.0
06/04/2024,811.7072402354866,golpe en aparcamiento,interurbana,6 475,17.0,2.0,1.0,39.0,no,52.0,46.0,0,zaragoza,mediador,60.0
03/07/2025,599.0150989103863,  alcance ,urbana,12 450,7.0,2.0,0.0,79.0,no,36.0,13.0,0,sevilla,mediador,81.0
04/12/2024,294.9034179309232,alcance,urbana,5 824,19.0,3.0,1.0,59.0,no,48.0,3.0,150,coruña,mediador,109.0
23/11/2025,179.71591002755662,golpe en aparcamiento,urbana,5 559,16.0,1.0,0.0,64.0,no,55.0,29.0,0,valencia,directo,74.0
21/06/2025,456.1856288798835,golpe en aparcamiento,urbana,8 364,11.0,2.0,0.0,60.0,no,52.0,47.0,150,valencia,mediador,58.0
08/06/2025,875.3300630644052,golpe en aparcamiento,urbana,5 300,15.0,4.0,0.0,46.0,no,42.0,40.0,0,sevilla,directo,38.0
25/02/2025,441.0757782614504,golpe en aparcamiento,urbana,11 101,9.0,1.0,0.0,84.0,no,42.0,19.0,150,sevilla,mediador,25.0
10/08/2024,318.08263071051164,golpe en aparcamiento,urbana,6 179,9.0,2.0,0.0,33.0,no,28.0,6.0,0,coruña,mediador,106.0
04/09/2024,561.0377646785824,alcance,urbana,13 996,19.0,2.0,1.0,77.0,no,48.0,10.0,600,coruña,directo,95.0
11/05/2024,712.7526262616086,  alcance ,interurbana,9 672,12.0,3.0,0.0,30.0,sí,49.0,43.0,0,sevilla,banca seguros,112.0
30/06/2024,671.4111823147402,alcance,autopista,10 645,14.0,2.0,0.0,40.0,no,36.0,44.0,0,zaragoza,directo,112.0
04/09/2024,612.1079243900335,golpe en aparcamiento,urbana,15 343,14.0,1.0,0.0,4.0,no,35.0,32.0,150,zaragoza,directo,61.0
03/10/2025,1835.4874714355187,colisión frontal,urbana,9 079,16.0,1.0,0.0,35.0,no,34.0,37.0,300,coruña,directo,146.0
18/10/2024,812.1385153343729,alcance,urbana,6 189,9.0,1.0,0.0,62.0,no,37.0,29.0,150,zaragoza,directo,66.0
30/04/2024,2892.917436316453,salida de vía,urbana,23 799,0.0,2.0,0.0,77.0,no,30.0,17.0,150,sevilla,directo,35.0
26/10/2024,1117.8428422037434,alcance,autopista,6 909,21.0,2.0,0.0,58.0,no,67.0,30.0,150,zaragoza,mediador,114.0
09/04/2025,7148.277486372,colisión frontal,urbana,18 554,21.0,2.0,0.0,34.0,no,40.0,45.0,600,sevilla,mediador,158.0
22/06/2025,4694.496695194401,salida de vía,autopista,3 791,5.0,1.0,0.0,44.0,sí,67.0,0.0,300,sevilla,banca seguros,55.0
21/09/2024,927.5083015191519,salida de vía,urbana,9 595,7.0,3.0,0.0,51.0,no,64.0,42.0,0,barcelona,directo,52.0
22/07/2024,3268.0096516021645,robo,urbana,15 456,20.0,2.0,1.0,27.0,no,18.0,37.0,150,sevilla,banca seguros,9.0
26/05/2024,1072.3880623072785,robo,urbana,16 241,6.0,1.0,0.0,63.0,no,35.0,33.0,300,valencia,banca seguros,83.0
08/04/2025,373.98591278394935,  golpe en aparcamiento ,urbana,22 960,18.0,1.0,0.0,25.0,sí,42.0,44.0,300,sevilla,banca seguros,92.0
12/08/2024,13904.810267889887,salida de vía,autopista,40 631,8.0,4.0,0.0,30.0,no,29.0,17.0,150,valencia,mediador,130.0
02/12/2025,602.3377818882215,golpe en aparcamiento,interurbana,34 173,9.0,2.0,0.0,39.0,no,49.0,10.0,150,madrid,directo,180.0
07/04/2025,5354.247333115746,salida de vía,interurbana,10 171,17.0,4.0,1.0,0.0,sí,61.0,5.0,0,coruña,directo,5.0
11/12/2024,1496.0644284762473,salida de vía,interurbana,9 524,2.0,4.0,0.0,67.0,sí,44.0,33.0,150,coruña,banca seguros,126.0
01/06/2024,204.57455632221092,golpe en aparcamiento,autopista,6 093,10.0,2.0,0.0,88.0,no,43.0,45.0,0,barcelona,mediador,78.0
27/12/2024,2441.040721477979,salida de vía,urbana,40 330,17.0,3.0,0.0,28.0,no,38.0,17.0,0,valencia,mediador,16.0
09/09/2025,2591.609738430304,COLISIÓN FRONTAL,urbana,9 807,18.0,2.0,0.0,92.0,no,47.0,5.0,0,barcelona,mediador,49.0
03/04/2024,10653.587332970652,colisión frontal,urbana,32 933,0.0,1.0,0.0,49.0,sí,40.0,22.0,300,zaragoza,mediador,84.0
26/03/2025,1036.2897838307965,ROBO,urbana,9 546,10.0,2.0,0.0,63.0,no,39.0,9.0,600,sevilla,directo,159.0
14/05/2024,1438.9485957071884,alcance,urbana,6 935,0.0,4.0,1.0,61.0,no,18.0,45.0,300,barcelona,mediador,178.0
15/09/2025,908.8806518307119,GOLPE EN APARCAMIENTO,autopista,11 738,20.0,2.0,0.0,86.0,no,45.0,2.0,300,barcelona,mediador,108.0
24/08/2024,950.7910998969029,salida de vía,interurbana,2 857,19.0,1.0,0.0,77.0,no,26.0,31.0,600,barcelona,directo,23.0
04/07/2025,535.730367660115,alcance,urbana,21 015,13.0,2.0,0.0,25.0,no,44.0,18.0,300,valencia,directo,110.0
01/05/2025,1368.0795057461742,alcance,urbana,10 907,5.0,1.0,0.0,82.0,sí,22.0,3.0,0,coruña,directo,130.0
24/08/2024,1150.9507421525875,colisión frontal,urbana,7 055,12.0,1.0,1.0,25.0,no,61.0,19.0,600,barcelona,banca seguros,50.0
06/07/2024,363.72484861570996,  golpe en aparcamiento ,urbana,11 030,5.0,1.0,0.0,56.0,sí,55.0,38.0,0,sevilla,banca seguros,138.0
03/08/2025,4388.090746186027,colisión frontal,autopista,8 324,9.0,1.0,0.0,17.0,no,33.0,0.0,0,coruña,directo,65.0
18/11/2024,2108.911024350162,alcance,interurbana,12 279,22.0,1.0,0.0,77.0,sí,40.0,17.0,0,coruña,mediador,48.0
16/03/2024,555.4573271718981,alcance,autopista,9 632,17.0,2.0,0.0,44.0,sí,46.0,50.0,0,barcelona,banca seguros,75.0
17/11/2025,504.7689597626881,ROBO,urbana,3 741,8.0,3.0,0.0,53.0,no,37.0,14.0,0,sevilla,mediador,95.0
20/11/2025,993.5150366117634,  golpe en aparcamiento ,urbana,31 577,11.0,1.0,1.0,83.0,no,44.0,28.0,0,coruña,banca seguros,57.0
30/07/2025,1993.2965154450812,alcance,urbana,27 671,9.0,4.0,1.0,0.0,N/D,36.0,13.0,150,barcelona,banca seguros,63.0
11/01/2025,1372.2265960429788,alcance,urbana,27 026,22.0,2.0,0.0,69.0,no,35.0,21.0,0,coruña,mediador,138.0
14/01/2025,3628.8821188456427,alcance,interurbana,31 371,10.0,5.0,0.0,30.0,sí,54.0,9.0,150,valencia,mediador,29.0
21/10/2025,169.34883082688805,  golpe en aparcamiento ,urbana,7 670,6.0,1.0,0.0,59.0,no,41.0,5.0,600,madrid,mediador,75.0
27/09/2025,520.286433758566,golpe en aparcamiento,interurbana,19 741,15.0,1.0,0.0,37.0,no,37.0,14.0,0,valencia,mediador,163.0
01/11/2024,938.3246576341011,robo,urbana,11 963,1.0,1.0,0.0,43.0,no,40.0,20.0,300,coruña,directo,6.0
05/09/2025,1460.1966493050395,golpe en aparcamiento,interurbana,26 938,21.0,1.0,0.0,60.0,no,34.0,37.0,150,coruña,banca seguros,127.0
18/08/2025,1427.0868511992983,golpe en aparcamiento,urbana,22 089,7.0,3.0,0.0,69.0,N/D,40.0,26.0,150,coruña,mediador,120.0
08/06/2024,534.1320490950927,alcance,interurbana,8 511,19.0,1.0,0.0,49.0,no,58.0,22.0,150,madrid,mediador,52.0
09/08/2025,1510.6825381726671,salida de vía,urbana,8 728,9.0,2.0,0.0,11.0,sí,24.0,49.0,300,zaragoza,mediador,180.0
02/04/2024,512.4862685918577,alcance,urbana,5 466,5.0,3.0,0.0,47.0,no,42.0,10.0,150,coruña,directo,101.0
06/09/2024,2852.6101703476565,alcance,urbana,33 969,6.0,2.0,0.0,18.0,sí,48.0,25.0,600,sevilla,mediador,75.0
29/02/2024,2238.1831584369456,colisión frontal,urbana,10 017,7.0,1.0,0.0,95.0,no,48.0,5.0,150,coruña,banca seguros,123.0
16/01/2024,204.71822061557572,golpe en aparcamiento,interurbana,5 381,15.0,2.0,0.0,92.0,sí,43.0,25.0,0,coruña,directo,3.0
09/02/2025,880.6188810394209,golpe en aparcamiento,urbana,26 062,2.0,1.0,0.0,48.0,no,50.0,8.0,150,zaragoza,directo,5.0
07/06/2024,338.94292750891594,salida de vía,urbana,3 418,12.0,1.0,0.0,48.0,no,33.0,38.0,0,valencia,mediador,101.0
11/11/2025,237.47792076768403,golpe en aparcamiento,urbana,19 194,19.0,4.0,0.0,18.0,no,20.0,37.0,0,zaragoza,banca seguros,10.0
24/09/2025,4358.101038219584,COLISIÓN FRONTAL,urbana,7 492,0.0,2.0,0.0,61.0,no,19.0,21.0,150,barcelona,mediador,50.0
14/08/2024,2432.347731807375,colisión frontal,urbana,32 614,12.0,1.0,0.0,111.0,no,48.0,40.0,150,zaragoza,directo,56.0
11/01/2024,491.3846935217884,golpe en aparcamiento,urbana,4 166,5.0,4.0,0.0,21.0,sí,42.0,31.0,0,zaragoza,mediador,15.0
10/02/2024,2791.7227960566292,salida de via,urbana,13 643,15.0,5.0,0.0,43.0,no,20.0,5.0,150,barcelona,mediador,94.0
28/04/2025,1958.023103130966,salida de vía,urbana,9 904,5.0,1.0,0.0,21.0,no,18.0,22.0,0,zaragoza,mediador,143.0
06/06/2025,1269.2811722631316,salida de vía,interurbana,5 160,10.0,1.0,0.0,0.0,no,18.0,42.0,300,madrid,banca seguros,107.0
09/11/2025,2678.5789974613363,ALCANCE,autopista,19 249,4.0,3.0,0.0,17.0,no,43.0,5.0,300,zaragoza,mediador,12.0
05/11/2024,566.4846931916401,golpe en aparcamiento,interurbana,15 803,11.0,2.0,0.0,60.0,no,46.0,48.0,600,coruña,directo,44.0
22/07/2025,2259.0909142719133,robo,urbana,18 055,21.0,1.0,0.0,50.0,no,40.0,15.0,0,barcelona,mediador,9.0
25/11/2024,373.2175287800887,alcance,urbana,23 186,13.0,1.0,0.0,26.0,no,55.0,47.0,150,zaragoza,directo,51.0
10/10/2024,795.9108425149622,golpe en aparcamiento,urbana,11 427,21.0,1.0,0.0,49.0,no,65.0,24.0,150,zaragoza,mediador,67.0
20/06/2024,1218.1330808691848,  robo ,urbana,6 942,15.0,1.0,0.0,31.0,sí,60.0,8.0,600,barcelona,directo,31.0
30/01/2024,1282.7131900208929,alcance,urbana,27 025,15.0,1.0,0.0,48.0,sí,56.0,7.0,150,madrid,directo,2.0
17/04/2024,1023.2546125651301,alcance,urbana,15 337,12.0,3.0,0.0,76.0,sí,45.0,44.0,600,zaragoza,mediador,53.0
24/11/2025,1490.5958961569936,golpe en aparcamiento,autopista,18 902,14.0,1.0,0.0,55.0,no,46.0,4.0,150,coruña,banca seguros,74.0
12/03/2025,843.2914348693168,alcance,autopista,8 351,11.0,2.0,0.0,43.0,no,18.0,21.0,150,sevilla,mediador,85.0
03/07/2024,392.15887366191157,alcance,autopista,10 574,10.0,3.0,0.0,63.0,no,40.0,37.0,150,zaragoza,mediador,39.0
07/10/2025,2241.0379292274706,COLISIÓN FRONTAL,autopista,5 914,3.0,2.0,2.0,45.0,sí,31.0,16.0,600,zaragoza,mediador,164.0
19/07/2024,5428.33805302709,salida de via,urbana,32 338,13.0,2.0,0.0,16.0,sí,47.0,31.0,150,coruña,mediador,46.0
24/10/2024,191.06074600400288,  golpe en aparcamiento ,interurbana,5 022,5.0,2.0,0.0,38.0,sí,41.0,10.0,150,sevilla,mediador,77.0
13/10/2024,1107.5051278076248,alcance,urbana,11 283,5.0,2.0,0.0,75.0,no,67.0,36.0,0,madrid,directo,60.0
23/06/2025,2235.750190668268,salida de vía,urbana,29 619,10.0,1.0,0.0,76.0,no,52.0,16.0,300,barcelona,mediador,109.0
28/07/2024,2145.722737873007,golpe en aparcamiento,autopista,17 717,9.0,4.0,0.0,45.0,sí,43.0,3.0,600,coruña,mediador,60.0
28/10/2025,272.52692389873596,golpe en aparcamiento,urbana,6 212,16.0,2.0,0.0,89.0,no,51.0,45.0,150,coruña,banca seguros,64.0
23/01/2024,1474.4877848491449,colisión frontal,interurbana,5 539,6.0,3.0,0.0,43.0,no,44.0,43.0,150,coruña,mediador,72.0
28/12/2024,5281.876427824382,robo,interurbana,19 410,4.0,2.0,0.0,67.0,no,28.0,28.0,600,madrid,mediador,50.0
22/05/2025,2868.69022755383,salida de vía,urbana,25 983,18.0,1.0,0.0,87.0,no,39.0,34.0,0,zaragoza,banca seguros,4.0
05/06/2024,301.05232958803305,golpe en aparcamiento,urbana,7 887,13.0,5.0,0.0,46.0,no,40.0,7.0,0,barcelona,mediador,148.0
12/04/2024,792.5438750500946,golpe en aparcamiento,interurbana,19 262,5.0,1.0,0.0,24.0,no,47.0,23.0,600,zaragoza,banca seguros,42.0
27/03/2025,279.3828892031351,GOLPE EN APARCAMIENTO,urbana,10 063,9.0,1.0,0.0,48.0,sí,53.0,44.0,0,madrid,mediador,22.0
01/09/2025,358.41848693907536,  golpe en aparcamiento ,urbana,9 869,9.0,1.0,0.0,69.0,sí,55.0,48.0,300,coruña,banca seguros,127.0
06/12/2024,609.4643778864494,golpe en aparcamiento,urbana,4 156,10.0,2.0,0.0,30.0,no,57.0,13.0,0,madrid,banca seguros,69.0
01/04/2024,197.59597205123737,golpe en aparcamiento,urbana,7 278,20.0,1.0,0.0,66.0,no,35.0,14.0,300,madrid,banca seguros,93.0
15/11/2025,2466.6959054224885,colisión frontal,urbana,7 054,1.0,1.0,1.0,32.0,no,39.0,2.0,300,barcelona,directo,114.0
17/02/2025,3093.6182286473954,alcance,autopista,32 538,20.0,3.0,0.0,81.0,no,69.0,21.0,600,sevilla,directo,56.0
25/05/2025,805.52925416417,robo,interurbana,3 015,6.0,1.0,0.0,42.0,no,49.0,50.0,0,valencia,mediador,1.0
02/03/2025,1453.5095179628852,salida de via,urbana,39 667,17.0,1.0,0.0,68.0,no,23.0,9.0,0,barcelona,mediador,173.0
15/10/2024,3806.6253561974963,  robo ,urbana,4 594,1.0,1.0,0.0,67.0,no,52.0,43.0,0,zaragoza,directo,170.0
30/01/2025,1062.1520738781055,SALIDA DE VÍA,urbana,6 919,20.0,1.0,0.0,80.0,no,62.0,50.0,0,sevilla,directo,177.0
01/04/2024,1186.8691675065056,salida de vía,urbana,4 002,2.0,2.0,0.0,46.0,no,52.0,34.0,300,barcelona,mediador,164.0
30/06/2025,283.5399649982342,salida de via,interurbana,1 429,17.0,1.0,0.0,64.0,no,63.0,39.0,0,valencia,mediador,104.0
07/12/2025,1395.539959505195,golpe en aparcamiento,autopista,29 799,15.0,1.0,0.0,28.0,no,39.0,27.0,300,zaragoza,directo,180.0
06/12/2024,907.7923591143124,alcance,autopista,9 348,20.0,2.0,0.0,70.0,sí,45.0,8.0,0,valencia,mediador,180.0
15/02/2024,1517.8218133889957,ALCANCE,urbana,9 834,5.0,1.0,0.0,21.0,no,53.0,43.0,0,madrid,banca seguros,111.0
03/05/2024,858.9509011838016,robo,urbana,5 227,9.0,2.0,0.0,66.0,no,50.0,30.0,150,barcelona,mediador,54.0
16/01/2024,7742.951997032153,colision frontal,interurbana,25 238,7.0,1.0,0.0,37.0,no,66.0,41.0,0,sevilla,mediador,137.0
01/02/2025,1167.0114484417718,alcance,urbana,14 375,19.0,1.0,0.0,29.0,N/D,18.0,41.0,0,coruña,directo,176.0
19/09/2024,824.784057022533,alcance,autopista,4 611,15.0,1.0,0.0,66.0,no,32.0,22.0,600,barcelona,mediador,144.0
17/08/2025,1124.5825867588808,  salida de vía ,urbana,6 514,0.0,1.0,0.0,15.0,sí,38.0,24.0,600,madrid,mediador,124.0
29/11/2024,875.0638480612189,ALCANCE,urbana,11 944,3.0,1.0,0.0,44.0,no,45.0,5.0,0,zaragoza,directo,73.0
09/11/2024,978.3692310591044,alcance,interurbana,8 833,9.0,2.0,0.0,46.0,no,32.0,27.0,150,madrid,banca seguros,70.0
13/08/2024,389.8523552440385,  golpe en aparcamiento ,autopista,2 583,17.0,2.0,0.0,15.0,sí,32.0,26.0,0,barcelona,mediador,28.0
04/11/2025,1248.9244782744533,alcance,urbana,3 426,16.0,4.0,0.0,46.0,no,57.0,20.0,0,zaragoza,mediador,62.0
30/09/2025,835.5234597691099,colisión frontal,urbana,6 625,0.0,2.0,1.0,39.0,no,35.0,39.0,0,madrid,mediador,10.0
14/12/2025,1400.7878328238594,salida de vía,autopista,12 175,0.0,5.0,0.0,55.0,sí,59.0,9.0,0,zaragoza,banca seguros,78.0
11/07/2024,427.0910441125776,golpe en aparcamiento,interurbana,3 464,8.0,1.0,0.0,51.0,no,39.0,26.0,300,sevilla,mediador,17.0
10/07/2025,1078.2956334033527,alcance,interurbana,11 834,15.0,4.0,1.0,59.0,no,25.0,5.0,300,barcelona,mediador,43.0
15/10/2025,1624.511742811884,golpe en aparcamiento,urbana,13 752,19.0,1.0,0.0,46.0,no,64.0,43.0,0,valencia,mediador,78.0
30/08/2025,712.3712783764724,alcance,autopista,3 487,3.0,2.0,0.0,73.0,no,58.0,4.0,0,valencia,directo,38.0
24/01/2025,14534.05782658717,incendio,urbana,4 423,5.0,1.0,0.0,47.0,no,59.0,26.0,300,coruña,directo,52.0
08/03/2025,1062.548552564743,alcance,urbana,23 784,16.0,2.0,1.0,47.0,N/D,56.0,16.0,0,zaragoza,mediador,17.0
17/05/2025,6408.838628539901,colisión frontal,interurbana,23 723,13.0,1.0,0.0,46.0,N/D,48.0,34.0,0,barcelona,banca seguros,159.0
09/09/2024,1924.5480577195797,robo,interurbana,16 451,1.0,2.0,0.0,88.0,no,53.0,2.0,0,zaragoza,directo,138.0
29/08/2025,958.883541717869,golpe en aparcamiento,urbana,28 383,11.0,1.0,0.0,51.0,no,26.0,10.0,300,madrid,banca seguros,60.0
22/02/2024,3963.986874802677,salida de vía,autopista,13 331,21.0,1.0,0.0,39.0,no,65.0,38.0,600,valencia,directo,162.0
24/11/2025,1510.7313276942148,SALIDA DE VÍA,autopista,6 365,22.0,1.0,0.0,39.0,no,56.0,28.0,0,valencia,directo,15.0
01/06/2024,290.62013371469817,golpe en aparcamiento,autopista,15 850,20.0,1.0,0.0,56.0,no,47.0,33.0,300,zaragoza,mediador,106.0
03/01/2024,14380.019769368748,incendio,urbana,20 621,14.0,1.0,0.0,61.0,sí,31.0,25.0,0,zaragoza,banca seguros,8.0
31/10/2025,1123.8411066113401,golpe en aparcamiento,urbana,26 551,5.0,1.0,0.0,55.0,no,25.0,33.0,0,zaragoza,directo,62.0
29/09/2024,1669.0930684601774,robo,urbana,8 350,19.0,3.0,0.0,56.0,sí,77.0,12.0,150,coruña,mediador,104.0
03/04/2025,675.4488528472804,golpe en aparcamiento,interurbana,10 232,11.0,1.0,1.0,39.0,no,44.0,48.0,0,valencia,mediador,5.0
14/12/2024,13619.560893516731,colisión frontal,urbana,41 612,18.0,1.0,0.0,65.0,no,82.0,18.0,300,sevilla,banca seguros,165.0
27/11/2025,567.9626217604256,ALCANCE,urbana,9 692,21.0,2.0,0.0,94.0,sí,53.0,7.0,0,coruña,directo,11.0
26/02/2024,3086.3897722208794,  salida de vía ,autopista,11 632,9.0,1.0,0.0,0.0,no,40.0,31.0,0,zaragoza,directo,109.0
05/10/2025,6256.513835886729,salida de vía,interurbana,25 473,1.0,5.0,0.0,56.0,no,50.0,37.0,0,coruña,banca seguros,21.0
01/09/2024,10357.965980330824,  colisión frontal ,urbana,15 699,9.0,2.0,2.0,34.0,no,37.0,26.0,0,barcelona,directo,112.0
23/05/2024,213.34066185743941,alcance,interurbana,6 445,6.0,2.0,0.0,58.0,no,44.0,42.0,150,valencia,mediador,32.0
30/11/2024,1651.61747465671,salida de vía,urbana,8 678,14.0,1.0,0.0,58.0,no,38.0,46.0,150,zaragoza,banca seguros,165.0
17/09/2025,3075.8156840188494,robo,urbana,18 175,11.0,3.0,2.0,83.0,no,45.0,45.0,300,valencia,mediador,99.0
30/12/2024,936.880160654242,colisión frontal,urbana,5 340,22.0,3.0,0.0,69.0,no,28.0,0.0,300,zaragoza,banca seguros,79.0
03/08/2025,1322.9142719403496,ROBO,interurbana,8 742,9.0,2.0,0.0,42.0,no,42.0,47.0,0,madrid,directo,124.0
29/04/2024,422.9904038833726,golpe en aparcamiento,urbana,7 682,4.0,1.0,0.0,40.0,no,18.0,50.0,0,madrid,directo,17.0
08/11/2024,554.0506134415938,golpe en aparcamiento,autopista,18 258,4.0,3.0,0.0,62.0,no,48.0,46.0,600,valencia,directo,165.0
09/02/2024,1401.7423655258106,alcance,autopista,5 109,4.0,2.0,3.0,120.0,sí,61.0,14.0,300,valencia,banca seguros,8.0
14/12/2025,1596.9292794934224,salida de via,urbana,15 761,1.0,2.0,0.0,63.0,no,31.0,47.0,300,sevilla,banca seguros,25.0
25/08/2024,1588.3649545731707,alcance,urbana,8 162,13.0,2.0,0.0,90.0,no,51.0,46.0,0,valencia,banca seguros,168.0
03/07/2025,1445.4458060072805,alcance,interurbana,17 300,16.0,2.0,2.0,90.0,sí,41.0,14.0,0,coruña,directo,96.0
12/10/2025,394.19807174193977,salida de vía,urbana,3 671,15.0,2.0,0.0,80.0,no,62.0,16.0,300,madrid,mediador,132.0
28/11/2025,400.18834935309746,golpe en aparcamiento,urbana,10 848,18.0,1.0,0.0,26.0,no,59.0,35.0,600,coruña,directo,122.0
18/03/2024,7743.651869791201,colisión frontal,interurbana,16 793,19.0,4.0,1.0,70.0,sí,28.0,17.0,300,barcelona,mediador,112.0
03/04/2025,8365.265281482683,salida de vía,urbana,34 779,12.0,1.0,1.0,68.0,sí,75.0,42.0,150,barcelona,mediador,117.0
14/08/2024,473.99066628714337,golpe en aparcamiento,autopista,15 180,22.0,1.0,1.0,63.0,no,33.0,8.0,0,zaragoza,banca seguros,25.0
19/01/2024,854.2449028904213,golpe en aparcamiento,interurbana,25 042,1.0,3.0,0.0,31.0,sí,56.0,26.0,0,madrid,mediador,75.0
21/05/2024,8249.285077427048,salida de vía,autopista,20 505,7.0,2.0,0.0,65.0,sí,38.0,28.0,600,barcelona,banca seguros,131.0
17/08/2025,701.6167888487292,colisión frontal,urbana,4 078,18.0,1.0,0.0,26.0,no,53.0,0.0,150,zaragoza,mediador,88.0
17/02/2024,5501.556932713697,colisión frontal,urbana,24 092,6.0,2.0,3.0,20.0,sí,49.0,9.0,600,madrid,mediador,121.0
18/02/2024,6293.4800148909935,alcance,interurbana,21 596,5.0,2.0,1.0,70.0,no,61.0,43.0,0,barcelona,banca seguros,99.0
27/09/2024,7515.421865410924,incendio,interurbana,15 903,12.0,1.0,0.0,41.0,no,58.0,4.0,0,valencia,directo,53.0
15/06/2025,1419.3935544397712,golpe en aparcamiento,autopista,9 216,18.0,3.0,0.0,11.0,no,50.0,6.0,300,barcelona,directo,113.0
13/03/2025,267.6177334828411,  golpe en aparcamiento ,urbana,8 261,9.0,1.0,0.0,45.0,no,24.0,24.0,600,valencia,banca seguros,79.0
30/10/2024,1679.7506609245388,  salida de vía ,urbana,17 695,10.0,2.0,0.0,73.0,sí,43.0,20.0,0,sevilla,directo,29.0
11/06/2025,705.7439826320576,golpe en aparcamiento,interurbana,14 414,10.0,1.0,0.0,53.0,no,35.0,11.0,150,zaragoza,banca seguros,174.0
22/04/2024,3321.643036433563,colision frontal,urbana,10 380,6.0,3.0,0.0,51.0,sí,44.0,28.0,0,valencia,mediador,60.0
25/05/2025,3278.1302864910153,salida de vía,urbana,7 417,4.0,1.0,0.0,52.0,no,31.0,23.0,300,sevilla,mediador,124.0
17/06/2025,554.924491032031,golpe en aparcamiento,urbana,26 038,1.0,1.0,0.0,60.0,sí,52.0,17.0,0,sevilla,mediador,98.0
17/11/2024,7028.66693515466,salida de vía,interurbana,11 473,7.0,1.0,0.0,84.0,sí,41.0,7.0,150,barcelona,directo,72.0
29/05/2025,1512.1221289107802,SALIDA DE VÍA,interurbana,16 719,6.0,3.0,0.0,20.0,no,23.0,25.0,0,coruña,directo,123.0
17/04/2025,553.2495198333472,salida de via,urbana,8 729,17.0,1.0,0.0,53.0,sí,52.0,6.0,600,sevilla,mediador,74.0
30/08/2024,930.2378253889492,alcance,interurbana,14 028,9.0,1.0,1.0,45.0,sí,66.0,28.0,0,sevilla,mediador,111.0
11/05/2024,6501.8844096865605,colision frontal,autopista,22 029,20.0,2.0,0.0,39.0,no,38.0,38.0,150,coruña,directo,163.0
04/12/2024,1819.5424546770546,colisión frontal,urbana,10 514,14.0,1.0,0.0,80.0,no,74.0,35.0,0,valencia,mediador,19.0
13/07/2025,13274.97573520605,colisión frontal,urbana,11 557,19.0,3.0,0.0,80.0,sí,23.0,2.0,300,zaragoza,mediador,103.0
23/06/2024,1620.8501687662915,  colisión frontal ,interurbana,9 303,0.0,1.0,0.0,71.0,no,41.0,33.0,150,valencia,mediador,114.0
26/01/2025,487.3636145346813,golpe en aparcamiento,urbana,7 414,15.0,1.0,1.0,1.0,sí,55.0,43.0,150,barcelona,mediador,40.0
19/09/2025,412.2586210353482,salida de via,interurbana,4 332,17.0,2.0,0.0,74.0,no,52.0,28.0,150,barcelona,mediador,31.0
29/10/2024,896.1181281900595,alcance,urbana,6 894,19.0,3.0,2.0,18.0,sí,20.0,7.0,0,sevilla,mediador,69.0
07/01/2024,8155.7605745085,colisión frontal,autopista,6 953,15.0,2.0,0.0,83.0,sí,67.0,37.0,600,madrid,mediador,68.0
22/03/2025,1485.146660889699,  alcance ,interurbana,17 767,15.0,2.0,0.0,40.0,no,46.0,32.0,300,sevilla,mediador,49.0
19/01/2024,1800.9436673675239,salida de vía,interurbana,14 375,20.0,1.0,0.0,55.0,no,19.0,40.0,150,zaragoza,banca seguros,6.0
06/06/2025,884.7955153993189,ALCANCE,urbana,12 769,19.0,2.0,4.0,58.0,no,43.0,0.0,0,coruña,banca seguros,139.0
11/11/2025,3393.5367315800254,alcance,urbana,17 744,13.0,2.0,3.0,15.0,sí,19.0,49.0,300,sevilla,banca seguros,16.0
12/06/2025,3279.4510217850247,colisión frontal,urbana,6 491,8.0,3.0,0.0,55.0,no,63.0,3.0,0,sevilla,mediador,169.0
27/12/2025,1862.8574796864177,colision frontal,urbana,3 937,0.0,2.0,1.0,27.0,no,32.0,38.0,600,coruña,mediador,114.0
06/03/2025,3182.8209493624377,robo,urbana,19 462,5.0,1.0,0.0,79.0,sí,40.0,7.0,0,valencia,mediador,58.0
25/02/2025,1177.7310373474622,golpe en aparcamiento,urbana,17 316,10.0,3.0,1.0,39.0,no,46.0,10.0,150,zaragoza,directo,150.0
16/10/2025,2064.68668995561,robo,urbana,21 986,19.0,2.0,0.0,29.0,no,48.0,39.0,300,zaragoza,directo,147.0
18/08/2025,597.5686773770842,golpe en aparcamiento,interurbana,17 543,17.0,5.0,0.0,67.0,no,35.0,29.0,0,barcelona,mediador,156.0
31/01/2025,1110.4283435011564,alcance,urbana,11 773,4.0,1.0,0.0,40.0,no,45.0,16.0,600,sevilla,banca seguros,171.0
18/03/2025,3511.107060324836,colisión frontal,autopista,5 757,20.0,3.0,0.0,58.0,no,69.0,13.0,0,zaragoza,directo,109.0
16/05/2025,2551.760662640455,  colisión frontal ,urbana,26 270,4.0,3.0,0.0,78.0,N/D,31.0,46.0,150,zaragoza,directo,59.0
04/01/2025,433.07093889825154,golpe en aparcamiento,interurbana,9 613,8.0,1.0,0.0,52.0,N/D,67.0,32.0,150,madrid,mediador,74.0
09/11/2024,2417.5828254857124,incendio,urbana,7 510,22.0,1.0,0.0,43.0,no,63.0,46.0,150,zaragoza,mediador,161.0
12/03/2024,6165.095679596502,robo,interurbana,31 722,21.0,5.0,1.0,86.0,no,55.0,2.0,150,zaragoza,mediador,72.0
22/05/2025,2682.2392906191876,ROBO,urbana,14 117,6.0,1.0,0.0,97.0,sí,29.0,29.0,0,madrid,mediador,113.0
05/02/2024,1117.6771929784209,GOLPE EN APARCAMIENTO,urbana,19 558,7.0,5.0,0.0,64.0,no,55.0,43.0,0,barcelona,mediador,66.0
21/02/2024,840.011635359866,golpe en aparcamiento,autopista,11 809,8.0,1.0,1.0,32.0,N/D,57.0,15.0,150,zaragoza,directo,93.0
20/07/2025,361.22437193062643,golpe en aparcamiento,autopista,10 444,21.0,1.0,1.0,48.0,sí,43.0,32.0,0,barcelona,banca seguros,91.0
21/08/2025,1652.6066354627576,robo,interurbana,5 910,11.0,1.0,0.0,68.0,no,50.0,30.0,0,coruña,directo,154.0
12/09/2025,454.96765995885437,  alcance ,autopista,6 625,17.0,1.0,0.0,38.0,no,79.0,8.0,600,madrid,directo,123.0
17/08/2025,1637.1599540239376,salida de vía,interurbana,8 317,18.0,1.0,0.0,48.0,no,39.0,45.0,300,sevilla,banca seguros,157.0
29/06/2025,569.1114095310754,alcance,urbana,13 568,22.0,2.0,0.0,62.0,sí,68.0,1.0,0,barcelona,mediador,141.0
24/05/2025,387.40553763463316,GOLPE EN APARCAMIENTO,urbana,6 784,1.0,4.0,0.0,44.0,no,38.0,37.0,300,barcelona,directo,45.0
08/04/2025,7681.4988768188705,robo,urbana,27 658,10.0,4.0,0.0,90.0,no,26.0,4.0,0,madrid,mediador,110.0
04/07/2024,709.3171214275997,robo,interurbana,9 355,11.0,2.0,0.0,56.0,no,34.0,7.0,0,zaragoza,mediador,105.0
28/01/2024,5101.903768726314,salida de vía,interurbana,13 076,12.0,3.0,0.0,40.0,no,21.0,17.0,150,barcelona,mediador,77.0
11/08/2025,736.7292777353864,golpe en aparcamiento,autopista,9 765,19.0,1.0,0.0,42.0,no,25.0,30.0,600,valencia,directo,88.0
21/01/2024,5262.538922871893,salida de vía,autopista,13 191,14.0,1.0,1.0,68.0,no,46.0,35.0,0,valencia,mediador,82.0
05/07/2024,685.0405618285095,salida de vía,urbana,3 000,16.0,5.0,0.0,36.0,no,40.0,33.0,150,sevilla,banca seguros,43.0
03/11/2024,1293.5167848874548,GOLPE EN APARCAMIENTO,autopista,22 660,5.0,1.0,0.0,76.0,no,44.0,0.0,0,zaragoza,mediador,124.0
14/07/2025,1084.3637830878365,salida de vía,urbana,4 881,14.0,1.0,0.0,58.0,sí,22.0,25.0,0,valencia,directo,37.0
04/07/2024,1392.877550335178,GOLPE EN APARCAMIENTO,urbana,20 736,19.0,2.0,1.0,48.0,no,61.0,50.0,0,coruña,directo,57.0
10/02/2025,2719.2890760055084,alcance,interurbana,21 536,8.0,2.0,1.0,30.0,no,24.0,25.0,0,sevilla,directo,96.0
07/02/2025,1238.994232014255,salida de vía,interurbana,8 824,1.0,1.0,0.0,21.0,no,47.0,37.0,600,coruña,mediador,86.0
12/06/2025,7806.317197213559,incendio,urbana,4 320,19.0,4.0,2.0,7.0,no,59.0,48.0,600,zaragoza,directo,56.0
19/08/2025,2478.2623220332534,colisión frontal,interurbana,8 107,2.0,1.0,0.0,60.0,no,58.0,50.0,300,madrid,directo,113.0
07/11/2024,833.731288084765,alcance,interurbana,8 827,19.0,5.0,0.0,108.0,no,18.0,9.0,150,valencia,directo,11.0
19/01/2024,2803.997460961173,COLISIÓN FRONTAL,autopista,20 477,19.0,2.0,0.0,17.0,sí,51.0,37.0,150,sevilla,mediador,108.0
07/12/2024,2552.419230175909,robo,interurbana,11 892,12.0,3.0,1.0,36.0,no,43.0,30.0,0,valencia,banca seguros,126.0
08/10/2025,704.4073722829728,golpe en aparcamiento,interurbana,28 623,19.0,1.0,1.0,74.0,no,31.0,36.0,0,zaragoza,mediador,100.0
23/04/2025,1081.3394020974376,golpe en aparcamiento,interurbana,13 318,8.0,1.0,0.0,45.0,no,27.0,19.0,150,coruña,directo,40.0
12/03/2024,2267.856511106024,ROBO,urbana,8 489,15.0,2.0,0.0,56.0,no,39.0,38.0,300,barcelona,banca seguros,177.0
01/12/2024,909.8695103697346,colisión frontal,urbana,3 532,15.0,1.0,0.0,78.0,no,41.0,47.0,0,barcelona,directo,20.0
14/02/2025,1894.41712799637,golpe en aparcamiento,urbana,51 238,11.0,1.0,0.0,56.0,no,54.0,18.0,150,madrid,directo,114.0
04/09/2024,7676.6246045245525,incendio,urbana,5 924,1.0,1.0,0.0,56.0,no,42.0,42.0,150,barcelona,directo,97.0
11/03/2025,1397.2163123540095,golpe en aparcamiento,urbana,22 390,0.0,2.0,0.0,45.0,sí,44.0,41.0,150,sevilla,directo,75.0
25/03/2024,8145.987970697803,colisión frontal,autopista,18 519,13.0,1.0,0.0,61.0,sí,31.0,1.0,600,madrid,directo,136.0
09/11/2024,960.0476211146989,golpe en aparcamiento,autopista,18 586,0.0,1.0,0.0,67.0,no,20.0,28.0,150,coruña,directo,21.0
21/06/2024,1919.2917867588699,alcance,urbana,6 078,15.0,1.0,0.0,6.0,sí,54.0,20.0,600,valencia,directo,142.0
01/11/2025,1174.8922129941877,salida de vía,interurbana,9 548,20.0,1.0,0.0,47.0,no,29.0,17.0,300,sevilla,directo,95.0
08/09/2024,255.6286331038817,golpe en aparcamiento,urbana,6 375,22.0,1.0,0.0,69.0,no,53.0,10.0,150,sevilla,directo,92.0
07/10/2024,1155.4466908570807,golpe en aparcamiento,interurbana,30 449,15.0,5.0,0.0,58.0,sí,67.0,38.0,0,valencia,directo,80.0
06/05/2024,453.6736750889247,ALCANCE,urbana,7 830,2.0,2.0,0.0,63.0,no,36.0,42.0,150,sevilla,mediador,66.0
01/10/2024,2747.5757871361816,colisión frontal,autopista,12 889,15.0,1.0,0.0,31.0,no,34.0,0.0,0,barcelona,directo,172.0
13/11/2024,1710.4251245185583,salida de vía,interurbana,15 766,9.0,1.0,0.0,34.0,no,53.0,41.0,300,barcelona,mediador,141.0
24/01/2025,1603.853245561754,alcance,urbana,10 389,6.0,1.0,0.0,39.0,no,42.0,18.0,300,zaragoza,mediador,26.0
26/04/2025,874.5453940869593,ROBO,autopista,8 314,11.0,2.0,1.0,30.0,no,18.0,40.0,0,madrid,mediador,11.0
07/02/2025,2482.0093647710614,salida de vía,autopista,21 284,8.0,1.0,0.0,3.0,no,18.0,6.0,600,madrid,mediador,97.0
29/05/2024,372.38139397896424,golpe en aparcamiento,interurbana,11 364,18.0,1.0,0.0,57.0,sí,41.0,50.0,300,madrid,banca seguros,178.0
14/08/2025,677.4167390051367,alcance,urbana,6 288,14.0,1.0,0.0,87.0,no,35.0,41.0,0,madrid,mediador,135.0
28/04/2024,531.2963230490179,golpe en aparcamiento,urbana,3 832,22.0,2.0,0.0,69.0,sí,31.0,43.0,150,madrid,directo,10.0
14/12/2024,5487.107184860794,colisión frontal,interurbana,15 174,6.0,2.0,0.0,37.0,sí,32.0,39.0,600,coruña,mediador,53.0
23/02/2025,599.32548779026,GOLPE EN APARCAMIENTO,autopista,6 974,9.0,1.0,0.0,72.0,sí,39.0,35.0,600,barcelona,directo,47.0
17/03/2024,1136.297247102985,colisión frontal,autopista,6 135,6.0,1.0,0.0,63.0,no,68.0,29.0,0,barcelona,mediador,77.0
06/04/2025,33243.04309546008,incendio,autopista,12 735,12.0,3.0,0.0,61.0,sí,54.0,40.0,0,valencia,mediador,13.0
17/01/2025,504.4973508628806,golpe en aparcamiento,urbana,22 788,17.0,2.0,0.0,41.0,no,61.0,23.0,300,madrid,banca seguros,179.0
10/09/2025,429.4601103073317,golpe en aparcamiento,urbana,10 535,6.0,2.0,0.0,89.0,sí,51.0,25.0,0,coruña,mediador,103.0
11/05/2025,1472.8105089938158,salida de vía,interurbana,9 671,6.0,2.0,0.0,41.0,sí,48.0,16.0,300,madrid,directo,81.0
14/11/2025,1454.851712293535,robo,interurbana,6 900,2.0,2.0,1.0,52.0,N/D,42.0,46.0,150,valencia,directo,171.0
04/10/2024,593.0703848815878,golpe en aparcamiento,interurbana,8 489,8.0,2.0,1.0,25.0,no,49.0,31.0,600,sevilla,mediador,135.0
18/03/2024,1671.162851914069,colisión frontal,urbana,4 278,14.0,2.0,1.0,34.0,no,52.0,4.0,300,zaragoza,directo,164.0
11/11/2024,31073.67211203509,incendio,urbana,16 955,14.0,1.0,1.0,4.0,no,44.0,43.0,0,sevilla,directo,154.0
02/08/2025,640.1884152970916,golpe en aparcamiento,urbana,11 057,0.0,3.0,1.0,0.0,no,55.0,21.0,0,coruña,mediador,111.0
25/10/2024,2812.807197227175,  robo ,interurbana,19 272,0.0,1.0,0.0,55.0,no,49.0,13.0,600,zaragoza,mediador,158.0
22/08/2024,593.5721445769921,golpe en aparcamiento,interurbana,2 978,15.0,1.0,0.0,63.0,no,31.0,26.0,0,coruña,banca seguros,110.0
18/08/2024,1436.7905767783736,  alcance ,urbana,26 963,8.0,1.0,0.0,34.0,sí,55.0,10.0,0,zaragoza,directo,54.0
25/02/2025,3518.37002909733,colisión frontal,interurbana,7 437,20.0,1.0,1.0,13.0,sí,45.0,3.0,0,valencia,directo,8.0
09/03/2024,463.5921685000962,  alcance ,urbana,8 250,22.0,3.0,0.0,60.0,no,65.0,16.0,300,coruña,directo,104.0
13/01/2025,3317.2264053922813,salida de via,urbana,4 948,4.0,4.0,0.0,22.0,sí,28.0,45.0,300,zaragoza,directo,108.0
13/04/2025,9096.472715555401,incendio,autopista,7 089,9.0,2.0,0.0,20.0,sí,42.0,28.0,0,zaragoza,directo,57.0
04/05/2025,328.4144627042917,  golpe en aparcamiento ,interurbana,6 397,20.0,1.0,0.0,51.0,no,40.0,13.0,150,madrid,directo,67.0
09/08/2025,1018.7922203378953,  alcance ,autopista,12 603,20.0,1.0,1.0,67.0,sí,38.0,7.0,0,madrid,directo,89.0
23/11/2024,650.6023374784653,alcance,autopista,13 592,18.0,1.0,2.0,23.0,sí,29.0,12.0,0,madrid,banca seguros,126.0
19/01/2024,5688.4184427194705,ROBO,interurbana,4 254,2.0,1.0,0.0,56.0,no,58.0,44.0,300,madrid,banca seguros,45.0
07/06/2025,3179.3381109510274,alcance,urbana,24 571,15.0,1.0,0.0,32.0,sí,50.0,17.0,0,zaragoza,mediador,57.0
29/08/2025,343.6134983690838,golpe en aparcamiento,urbana,8 106,15.0,2.0,0.0,64.0,no,51.0,39.0,300,madrid,mediador,52.0
24/11/2024,2989.299498044715,robo,interurbana,13 351,22.0,1.0,0.0,61.0,no,50.0,36.0,0,coruña,mediador,116.0
08/08/2024,888.964988838354,alcance,urbana,20 766,14.0,1.0,0.0,42.0,no,51.0,14.0,0,sevilla,directo,5.0
23/11/2025,603.4374275989502,golpe en aparcamiento,urbana,7 901,19.0,2.0,0.0,107.0,no,41.0,19.0,150,coruña,mediador,136.0
20/08/2025,1787.1598126998044,colisión frontal,interurbana,15 085,20.0,2.0,1.0,55.0,no,39.0,20.0,0,barcelona,mediador,77.0
05/01/2025,959.2887002718427,golpe en aparcamiento,urbana,22 074,18.0,5.0,0.0,62.0,no,64.0,46.0,150,zaragoza,mediador,16.0
24/03/2024,2254.4137445558986,robo,urbana,14 414,0.0,2.0,0.0,31.0,no,19.0,2.0,150,madrid,mediador,135.0
30/05/2024,555.7633630102353,alcance,autopista,9 736,21.0,3.0,1.0,47.0,sí,61.0,7.0,300,barcelona,directo,171.0
18/02/2025,2208.42342205597,alcance,interurbana,4 704,10.0,4.0,0.0,70.0,no,51.0,0.0,0,sevilla,mediador,71.0
02/02/2024,2617.787875014015,colisión frontal,urbana,12 686,21.0,1.0,0.0,50.0,no,40.0,45.0,150,barcelona,directo,119.0
09/08/2024,1633.9932336107022,alcance,urbana,15 274,10.0,1.0,1.0,75.0,sí,18.0,27.0,0,valencia,mediador,23.0
07/09/2025,16169.255952514683,colisión frontal,interurbana,19 845,18.0,2.0,0.0,42.0,sí,57.0,43.0,0,madrid,mediador,161.0
25/07/2025,1403.789981181357,golpe en aparcamiento,urbana,19 980,0.0,3.0,0.0,34.0,N/D,73.0,1.0,150,zaragoza,directo,22.0
23/04/2024,6456.937485856246,colisión frontal,interurbana,13 341,1.0,1.0,3.0,37.0,sí,29.0,14.0,300,coruña,mediador,131.0
27/02/2024,1149.4946242216913,golpe en aparcamiento,interurbana,9 625,22.0,2.0,1.0,27.0,no,44.0,46.0,0,sevilla,directo,141.0
21/03/2024,3455.2989250551623,salida de vía,interurbana,14 051,16.0,1.0,0.0,21.0,sí,51.0,38.0,0,sevilla,mediador,137.0
23/12/2025,503.8950596151462,golpe en aparcamiento,urbana,28 401,14.0,1.0,0.0,68.0,no,39.0,18.0,150,zaragoza,directo,29.0
05/09/2025,1248.1038602474412,alcance,interurbana,3 866,16.0,2.0,0.0,42.0,sí,44.0,10.0,0,sevilla,mediador,180.0
19/08/2025,661.6621603457617,alcance,urbana,11 372,12.0,1.0,0.0,55.0,no,53.0,43.0,600,valencia,directo,152.0
07/10/2024,371.1759455655641,golpe en aparcamiento,interurbana,8 974,3.0,1.0,1.0,50.0,N/D,46.0,38.0,150,sevilla,mediador,72.0
27/01/2024,1395.0343961161998,colisión frontal,interurbana,9 276,11.0,1.0,1.0,49.0,no,56.0,12.0,150,barcelona,mediador,83.0
30/07/2024,1121.410958242808,golpe en aparcamiento,autopista,10 491,18.0,2.0,0.0,8.0,no,46.0,36.0,0,sevilla,banca seguros,33.0
02/07/2024,1019.1918333058983,alcance,interurbana,10 130,15.0,1.0,0.0,60.0,no,46.0,10.0,0,madrid,directo,108.0
09/09/2024,9727.490956959864,incendio,autopista,11 929,6.0,1.0,0.0,44.0,no,32.0,3.0,300,zaragoza,mediador,109.0
03/07/2025,448.79819765751466,golpe en aparcamiento,urbana,9 278,17.0,3.0,0.0,42.0,sí,56.0,6.0,0,zaragoza,banca seguros,64.0
21/06/2024,5376.615244619489,colisión frontal,interurbana,15 420,12.0,1.0,0.0,29.0,no,18.0,22.0,0,madrid,directo,48.0
30/09/2024,1442.358655994271,salida de vía,urbana,8 769,21.0,1.0,0.0,47.0,sí,46.0,40.0,0,madrid,directo,33.0
11/12/2024,433.9415547638045,alcance,autopista,15 831,12.0,1.0,1.0,53.0,no,43.0,38.0,0,sevilla,banca seguros,156.0
20/05/2024,1149.0991378812917,robo,interurbana,10 020,15.0,1.0,0.0,32.0,N/D,44.0,27.0,0,coruña,directo,21.0
15/10/2024,1158.6555385363245,golpe en aparcamiento,urbana,10 734,16.0,4.0,0.0,40.0,no,46.0,2.0,150,barcelona,mediador,96.0
12/05/2025,538.6587288312606,  colisión frontal ,autopista,9 881,22.0,1.0,1.0,27.0,no,45.0,45.0,0,zaragoza,directo,117.0
24/10/2024,23082.11652384371,  colisión frontal ,autopista,38 623,9.0,2.0,0.0,20.0,no,54.0,22.0,150,barcelona,mediador,107.0
24/10/2025,658.269972381244,alcance,urbana,8 107,10.0,1.0,0.0,43.0,no,49.0,19.0,0,madrid,banca seguros,8.0
14/02/2024,851.267046487905,  alcance ,interurbana,8 115,15.0,2.0,0.0,49.0,sí,56.0,30.0,600,madrid,banca seguros,47.0
06/11/2025,2845.9185625289156,salida de vía,urbana,26 607,4.0,2.0,0.0,92.0,no,27.0,3.0,150,coruña,mediador,14.0
23/11/2024,2425.8833337845954,alcance,autopista,5 701,14.0,4.0,0.0,72.0,no,43.0,29.0,0,coruña,mediador,177.0
04/05/2024,744.7642568536074,golpe en aparcamiento,interurbana,13 760,17.0,2.0,1.0,27.0,no,49.0,27.0,300,zaragoza,directo,34.0
29/10/2025,947.3382282268938,golpe en aparcamiento,interurbana,19 878,3.0,2.0,0.0,71.0,N/D,33.0,35.0,0,zaragoza,directo,33.0
08/10/2024,534.123042729846,alcance,interurbana,4 018,17.0,3.0,0.0,80.0,no,33.0,32.0,0,sevilla,directo,167.0
10/04/2024,1293.2259543244113,alcance,interurbana,13 807,1.0,1.0,0.0,40.0,N/D,25.0,10.0,0,zaragoza,directo,20.0
10/03/2024,7300.4497589574175,colisión frontal,urbana,28 236,3.0,2.0,0.0,44.0,no,40.0,50.0,600,madrid,banca seguros,82.0
25/03/2024,2485.068858193112,salida de vía,urbana,22 610,4.0,2.0,0.0,45.0,no,47.0,37.0,600,madrid,directo,108.0
15/03/2025,3237.4148520627873,  alcance ,urbana,46 099,4.0,3.0,0.0,14.0,sí,22.0,46.0,150,valencia,mediador,157.0
13/12/2025,814.2162006149077,golpe en aparcamiento,interurbana,13 550,8.0,2.0,0.0,50.0,no,60.0,19.0,0,valencia,directo,30.0
31/10/2025,1555.733968591849,golpe en aparcamiento,urbana,25 272,21.0,1.0,0.0,58.0,sí,44.0,21.0,0,valencia,directo,40.0
30/06/2025,408.0566380536876,golpe en aparcamiento,urbana,9 060,3.0,1.0,0.0,25.0,no,55.0,32.0,600,madrid,directo,64.0
14/03/2024,912.5252019901758,golpe en aparcamiento,urbana,14 471,15.0,2.0,0.0,48.0,no,65.0,26.0,150,zaragoza,directo,85.0
03/11/2024,4032.528544498916,SALIDA DE VÍA,urbana,24 654,5.0,3.0,0.0,119.0,no,55.0,43.0,0,madrid,mediador,69.0
03/12/2024,1200.3635906207928,ALCANCE,urbana,29 996,16.0,1.0,0.0,47.0,no,39.0,5.0,300,coruña,banca seguros,144.0
18/12/2025,293.111036116191,golpe en aparcamiento,urbana,6 126,20.0,3.0,3.0,68.0,no,43.0,3.0,0,zaragoza,directo,134.0
24/05/2024,4565.428698426516,colision frontal,urbana,7 127,3.0,2.0,1.0,41.0,sí,30.0,49.0,600,zaragoza,banca seguros,42.0
29/07/2024,1095.7338595288352,  alcance ,interurbana,6 881,11.0,1.0,2.0,92.0,no,57.0,7.0,0,valencia,directo,95.0
07/01/2025,1359.6700343339542,  robo ,interurbana,9 296,9.0,2.0,0.0,94.0,no,30.0,14.0,600,coruña,banca seguros,79.0
12/02/2025,1520.2387985747005,COLISIÓN FRONTAL,interurbana,3 753,6.0,2.0,1.0,48.0,sí,48.0,35.0,0,sevilla,mediador,80.0
25/04/2024,1776.9213743980445,  colisión frontal ,urbana,20 166,20.0,1.0,2.0,85.0,no,55.0,37.0,600,coruña,banca seguros,39.0
01/12/2024,681.8175468160244,golpe en aparcamiento,urbana,17 805,6.0,3.0,0.0,91.0,no,46.0,42.0,0,barcelona,mediador,56.0
23/06/2024,1314.9082706858028,ROBO,urbana,8 617,21.0,1.0,0.0,56.0,no,43.0,50.0,0,valencia,mediador,30.0
27/08/2024,2437.606069279497,salida de vía,urbana,34 901,2.0,2.0,0.0,35.0,no,36.0,14.0,150,valencia,mediador,32.0
28/10/2025,770.7872596047571,golpe en aparcamiento,interurbana,6 904,13.0,2.0,0.0,75.0,no,37.0,30.0,300,madrid,mediador,84.0
17/03/2025,800.9730508978078,alcance,urbana,5 039,11.0,1.0,0.0,47.0,sí,22.0,34.0,0,valencia,mediador,62.0
26/08/2025,6835.006883771325,robo,interurbana,12 013,14.0,1.0,2.0,52.0,no,34.0,21.0,300,madrid,banca seguros,146.0
27/08/2025,249.09352068391598,golpe en aparcamiento,urbana,8 583,11.0,1.0,0.0,76.0,no,38.0,42.0,300,barcelona,banca seguros,77.0
08/08/2024,8277.570576728802,incendio,urbana,6 747,0.0,2.0,0.0,61.0,no,74.0,1.0,600,zaragoza,banca seguros,9.0
07/07/2024,836.8755234613975,colisión frontal,interurbana,13 081,11.0,1.0,0.0,0.0,no,51.0,50.0,0,valencia,mediador,79.0
25/08/2025,3989.2757306311396,alcance,urbana,15 558,0.0,4.0,0.0,59.0,N/D,59.0,9.0,0,coruña,directo,48.0
20/10/2024,407.13667279222034,alcance,urbana,5 625,12.0,1.0,0.0,76.0,no,43.0,26.0,150,sevilla,mediador,174.0
21/03/2025,2271.0048403630117,  colisión frontal ,urbana,8 011,18.0,4.0,0.0,43.0,no,34.0,17.0,600,valencia,mediador,134.0
17/09/2025,1270.8906054125687,alcance,urbana,7 950,12.0,2.0,0.0,44.0,no,24.0,39.0,300,sevilla,mediador,3.0
13/04/2025,830.978932674663,golpe en aparcamiento,autopista,25 849,13.0,1.0,1.0,47.0,no,46.0,11.0,0,sevilla,mediador,69.0
24/04/2025,3762.611617183069,salida de vía,urbana,13 631,18.0,1.0,0.0,81.0,no,47.0,26.0,0,barcelona,mediador,166.0
29/05/2024,568.87040631885,alcance,urbana,7 909,20.0,1.0,0.0,80.0,sí,36.0,42.0,300,madrid,banca seguros,23.0
05/01/2024,2257.8188362613027,robo,urbana,11 023,15.0,1.0,0.0,37.0,no,43.0,2.0,0,zaragoza,mediador,84.0
14/09/2025,4526.025192755067,  robo ,interurbana,29 393,6.0,4.0,0.0,64.0,no,37.0,24.0,0,sevilla,mediador,143.0
22/11/2024,14192.69678810148,incendio,autopista,9 025,4.0,3.0,0.0,62.0,sí,56.0,18.0,0,barcelona,mediador,103.0
27/09/2025,4778.5507200375205,COLISIÓN FRONTAL,urbana,24 161,16.0,4.0,3.0,106.0,sí,46.0,37.0,300,coruña,mediador,43.0
28/03/2025,1076.9304948197075,robo,urbana,8 844,7.0,2.0,0.0,93.0,N/D,50.0,47.0,600,sevilla,directo,110.0
30/10/2025,2124.0860344716907,colision frontal,interurbana,5 280,10.0,3.0,0.0,32.0,no,50.0,2.0,0,barcelona,directo,65.0
05/03/2024,6586.341208615451,colisión frontal,urbana,19 668,12.0,5.0,0.0,80.0,no,55.0,21.0,300,zaragoza,directo,126.0
23/09/2025,1350.350564128669,alcance,autopista,9 884,9.0,1.0,1.0,52.0,no,40.0,13.0,150,coruña,mediador,126.0
22/04/2024,3054.9789199739025,  salida de vía ,interurbana,23 800,6.0,1.0,0.0,0.0,no,53.0,31.0,150,madrid,mediador,103.0
24/11/2025,1978.7950039318653,  robo ,autopista,15 058,0.0,1.0,0.0,98.0,no,48.0,3.0,0,madrid,directo,30.0
10/12/2025,609.8605529422398,alcance,interurbana,8 516,7.0,2.0,0.0,51.0,no,65.0,19.0,300,sevilla,directo,108.0
27/04/2024,1165.801523636761,alcance,urbana,23 781,21.0,1.0,1.0,53.0,no,65.0,31.0,150,zaragoza,banca seguros,119.0
03/10/2025,1113.4412840190646,alcance,urbana,8 114,9.0,1.0,0.0,49.0,no,47.0,33.0,0,zaragoza,mediador,67.0
13/09/2025,620.2693833302058,golpe en aparcamiento,interurbana,6 273,10.0,1.0,0.0,37.0,no,41.0,30.0,0,sevilla,directo,167.0
29/05/2025,356.6735688999505,alcance,urbana,6 043,4.0,2.0,0.0,7.0,no,49.0,19.0,150,madrid,directo,22.0
10/12/2024,1935.4576753723104,salida de vía,urbana,9 041,10.0,2.0,2.0,27.0,no,45.0,10.0,0,valencia,mediador,23.0
28/03/2025,1290.256223182581,golpe en aparcamiento,urbana,20 950,20.0,1.0,0.0,100.0,no,72.0,2.0,0,madrid,mediador,80.0
20/11/2024,1926.7635377018955,alcance,urbana,42 487,11.0,1.0,0.0,63.0,no,39.0,4.0,150,barcelona,directo,2.0
16/06/2024,835.2031720651113,alcance,interurbana,5 408,0.0,3.0,0.0,18.0,no,28.0,17.0,0,sevilla,directo,15.0
15/01/2025,451.1952134116948,golpe en aparcamiento,urbana,16 288,14.0,2.0,1.0,58.0,no,40.0,43.0,0,madrid,mediador,145.0
13/10/2024,800.056290361112,golpe en aparcamiento,autopista,21 606,12.0,2.0,1.0,0.0,sí,41.0,5.0,150,valencia,directo,27.0
12/08/2025,2405.970720545833,colision frontal,urbana,12 792,8.0,3.0,2.0,63.0,sí,35.0,1.0,0,valencia,directo,179.0
26/09/2024,2722.7270567812757,salida de vía,urbana,14 201,0.0,3.0,0.0,35.0,no,39.0,48.0,0,valencia,mediador,100.0
14/12/2025,3902.6236169261842,salida de vía,urbana,25 831,15.0,1.0,0.0,91.0,no,48.0,25.0,600,madrid,banca seguros,102.0
05/07/2024,388.7989660568769,robo,urbana,13 595,19.0,3.0,0.0,74.0,no,33.0,1.0,0,sevilla,mediador,149.0
04/07/2024,1549.1971164856643,salida de vía,interurbana,8 003,7.0,2.0,0.0,107.0,no,56.0,35.0,300,barcelona,mediador,50.0
12/08/2025,1414.0057018027162,  alcance ,interurbana,17 312,15.0,3.0,0.0,64.0,no,29.0,22.0,0,valencia,mediador,18.0
08/01/2024,1588.2243915418126,golpe en aparcamiento,interurbana,20 121,12.0,1.0,0.0,55.0,no,43.0,26.0,150,barcelona,mediador,79.0
05/12/2025,3075.882620727821,robo,urbana,19 656,7.0,2.0,1.0,22.0,no,47.0,8.0,0,barcelona,banca seguros,71.0
06/11/2024,439.4225967990463,alcance,urbana,15 455,6.0,1.0,0.0,42.0,no,27.0,35.0,150,coruña,directo,34.0
01/04/2024,11488.067191284297,incendio,autopista,8 391,3.0,1.0,0.0,49.0,no,22.0,32.0,600,madrid,directo,97.0
26/10/2024,1632.884281331454,  robo ,urbana,14 415,16.0,1.0,0.0,44.0,no,39.0,32.0,300,sevilla,mediador,97.0
09/07/2024,1153.65524057816,GOLPE EN APARCAMIENTO,urbana,13 081,1.0,1.0,0.0,47.0,no,37.0,8.0,150,valencia,mediador,80.0
30/06/2025,4222.000491667083,salida de vía,interurbana,10 837,7.0,2.0,0.0,0.0,no,55.0,36.0,0,coruña,mediador,31.0
05/03/2025,16138.608381464659,incendio,urbana,9 641,20.0,5.0,0.0,21.0,no,39.0,29.0,300,coruña,mediador,151.0
30/12/2024,1386.7078685050178,alcance,urbana,15 102,3.0,2.0,0.0,43.0,no,33.0,32.0,0,coruña,banca seguros,29.0
27/03/2025,146.75651363941068,golpe en aparcamiento,urbana,10 406,6.0,1.0,0.0,96.0,sí,44.0,37.0,150,valencia,directo,133.0
17/12/2024,504.18329542952415,alcance,interurbana,10 431,1.0,2.0,0.0,35.0,no,36.0,37.0,300,barcelona,directo,51.0
08/06/2025,2508.4458118907155,colisión frontal,interurbana,16 443,12.0,1.0,1.0,73.0,no,54.0,28.0,300,coruña,directo,167.0
20/12/2024,5988.290689188247,robo,interurbana,18 517,1.0,1.0,0.0,73.0,no,71.0,4.0,0,madrid,mediador,35.0
06/05/2025,954.6175516386124,salida de vía,interurbana,9 475,19.0,1.0,0.0,21.0,sí,36.0,46.0,0,madrid,mediador,65.0
24/05/2025,421.6599555811553,alcance,urbana,3 112,6.0,1.0,0.0,44.0,sí,49.0,25.0,0,coruña,directo,156.0
26/12/2025,352.66428505482827,alcance,urbana,5 339,4.0,1.0,0.0,69.0,no,18.0,43.0,0,zaragoza,mediador,169.0
09/06/2025,2368.4921399264845,salida de vía,autopista,14 057,18.0,1.0,0.0,45.0,sí,18.0,38.0,150,coruña,banca seguros,21.0
18/09/2024,2719.329136229267,salida de vía,urbana,13 298,3.0,2.0,0.0,82.0,no,32.0,45.0,150,sevilla,mediador,171.0
10/01/2024,3183.1669247032146,  colisión frontal ,urbana,26 756,21.0,1.0,0.0,54.0,no,25.0,15.0,150,sevilla,mediador,178.0
29/07/2024,119.07110180922889,golpe en aparcamiento,urbana,1 602,21.0,4.0,0.0,56.0,no,59.0,42.0,150,barcelona,mediador,115.0
07/08/2024,1597.3678657810015,alcance,urbana,10 169,3.0,3.0,1.0,56.0,no,47.0,33.0,300,sevilla,mediador,14.0
19/08/2025,1585.9869398617263,alcance,interurbana,9 315,1.0,1.0,0.0,18.0,no,35.0,21.0,0,zaragoza,mediador,106.0
28/03/2025,740.9464725370781,colisión frontal,autopista,4 087,13.0,2.0,0.0,70.0,no,25.0,6.0,300,zaragoza,mediador,130.0
11/07/2024,830.9815219085633,golpe en aparcamiento,urbana,39 969,20.0,1.0,0.0,19.0,no,45.0,43.0,600,sevilla,banca seguros,113.0
29/12/2025,1463.5461863294809,alcance,urbana,7 327,7.0,5.0,0.0,50.0,no,37.0,21.0,600,valencia,mediador,142.0
04/10/2025,943.6696960227924,alcance,interurbana,7 842,5.0,1.0,0.0,61.0,sí,38.0,34.0,0,madrid,banca seguros,169.0
12/01/2024,1919.6098552343,salida de vía,urbana,5 644,5.0,1.0,0.0,54.0,no,18.0,4.0,0,zaragoza,directo,56.0
23/05/2025,1209.222927002565,golpe en aparcamiento,autopista,6 801,7.0,5.0,0.0,58.0,no,43.0,37.0,600,valencia,mediador,118.0
21/08/2024,3072.164835495471,colisión frontal,autopista,6 732,5.0,1.0,0.0,41.0,N/D,39.0,10.0,150,madrid,directo,8.0
01/02/2025,5057.211181426325,salida de via,urbana,77 013,13.0,2.0,0.0,50.0,no,52.0,27.0,600,sevilla,mediador,71.0
26/08/2025,4945.712296882192,salida de vía,interurbana,25 140,3.0,1.0,0.0,34.0,no,65.0,30.0,300,coruña,mediador,9.0
08/02/2025,1206.7449577791167,golpe en aparcamiento,interurbana,18 615,13.0,1.0,0.0,76.0,sí,53.0,14.0,0,zaragoza,directo,140.0
18/11/2025,520.6900367321191,alcance,interurbana,3 834,16.0,1.0,0.0,4.0,no,46.0,36.0,150,coruña,banca seguros,114.0
20/06/2024,891.4357977189692,  golpe en aparcamiento ,autopista,9 342,5.0,1.0,0.0,43.0,sí,28.0,40.0,600,coruña,mediador,25.0
22/03/2024,186.94501108041555,golpe en aparcamiento,urbana,8 767,20.0,1.0,1.0,71.0,no,54.0,1.0,600,madrid,directo,81.0
12/07/2024,3231.362564996122,colisión frontal,interurbana,9 652,16.0,1.0,0.0,64.0,sí,44.0,2.0,0,barcelona,banca seguros,166.0
25/12/2025,776.0685740316383,alcance,urbana,9 131,4.0,1.0,0.0,38.0,sí,33.0,20.0,300,zaragoza,banca seguros,91.0
20/05/2025,1585.046583963281,alcance,interurbana,13 710,13.0,2.0,0.0,56.0,no,44.0,29.0,0,madrid,banca seguros,42.0
22/10/2025,250.4904095539475,golpe en aparcamiento,urbana,4 342,12.0,2.0,0.0,0.0,no,50.0,0.0,150,valencia,directo,40.0
16/01/2024,5811.265953753968,robo,urbana,35 603,13.0,1.0,0.0,38.0,no,60.0,25.0,0,zaragoza,banca seguros,177.0
10/02/2024,3071.648179436994,incendio,urbana,3 369,15.0,4.0,0.0,27.0,sí,34.0,49.0,150,coruña,directo,137.0
20/06/2024,2302.706981542338,salida de vía,autopista,22 800,4.0,1.0,0.0,56.0,no,45.0,48.0,0,coruña,mediador,20.0
14/11/2024,1886.3085929747194,salida de vía,urbana,17 084,3.0,2.0,0.0,52.0,no,73.0,25.0,0,sevilla,directo,145.0
29/03/2025,1222.1946074674593,colisión frontal,interurbana,4 824,3.0,1.0,0.0,4.0,no,37.0,5.0,150,barcelona,mediador,3.0
05/02/2025,1479.6136825796616,robo,urbana,5 047,2.0,4.0,0.0,37.0,no,50.0,8.0,300,barcelona,mediador,25.0
14/11/2025,2629.617946735685,salida de vía,interurbana,10 679,9.0,2.0,0.0,36.0,no,61.0,18.0,300,barcelona,directo,63.0
16/09/2024,610.7107887875684,golpe en aparcamiento,interurbana,18 812,22.0,1.0,0.0,40.0,no,50.0,47.0,0,madrid,mediador,73.0
03/11/2025,1314.549426398028,alcance,autopista,8 971,3.0,2.0,0.0,37.0,no,36.0,26.0,150,barcelona,directo,65.0
30/07/2025,3702.015265918276,salida de via,interurbana,10 952,10.0,4.0,1.0,58.0,no,51.0,32.0,150,madrid,mediador,126.0
24/07/2024,365.0083123610118,golpe en aparcamiento,urbana,8 005,22.0,1.0,0.0,38.0,no,52.0,8.0,300,barcelona,directo,59.0
10/12/2025,1757.1823756811948,  golpe en aparcamiento ,interurbana,10 962,12.0,5.0,2.0,75.0,sí,49.0,46.0,0,barcelona,mediador,20.0
06/07/2025,1079.7861495554114,golpe en aparcamiento,interurbana,12 589,14.0,3.0,0.0,90.0,sí,35.0,38.0,0,coruña,mediador,172.0
22/09/2025,296.36624093067354,golpe en aparcamiento,urbana,8 892,13.0,1.0,0.0,18.0,no,58.0,30.0,150,valencia,mediador,145.0
09/04/2025,1019.1746694929462,alcance,interurbana,5 783,16.0,1.0,1.0,37.0,sí,51.0,37.0,600,valencia,mediador,74.0
24/08/2024,1881.462548452557,alcance,urbana,22 608,12.0,1.0,0.0,34.0,no,78.0,45.0,150,zaragoza,mediador,145.0
29/06/2025,327.8869923732572,  golpe en aparcamiento ,urbana,12 405,21.0,2.0,2.0,92.0,no,64.0,46.0,150,zaragoza,mediador,173.0
15/02/2024,1776.3238844823659,salida de vía,urbana,8 196,0.0,5.0,0.0,36.0,no,20.0,12.0,300,coruña,mediador,33.0
01/06/2025,2353.384073656885,colisión frontal,urbana,5 012,15.0,1.0,0.0,27.0,no,36.0,2.0,600,barcelona,mediador,35.0
24/10/2025,1872.3425073623791,alcance,autopista,10 941,19.0,2.0,2.0,79.0,no,40.0,38.0,300,madrid,directo,107.0
11/10/2025,5088.207059309483,robo,interurbana,8 101,12.0,2.0,1.0,25.0,sí,38.0,14.0,0,sevilla,mediador,169.0
05/11/2025,872.8078983397875,golpe en aparcamiento,interurbana,12 192,20.0,1.0,0.0,79.0,no,46.0,28.0,300,sevilla,mediador,51.0
24/01/2024,763.0694876290357,  golpe en aparcamiento ,urbana,12 376,3.0,1.0,0.0,63.0,N/D,30.0,20.0,0,zaragoza,mediador,4.0
27/11/2024,2966.734664956088,alcance,urbana,18 049,3.0,5.0,0.0,57.0,sí,43.0,6.0,600,valencia,directo,40.0
09/01/2025,5069.811861584152,robo,interurbana,18 945,20.0,3.0,0.0,65.0,no,33.0,25.0,300,madrid,mediador,93.0
24/06/2025,673.0345291018352,alcance,urbana,12 302,18.0,5.0,0.0,36.0,no,50.0,13.0,300,madrid,banca seguros,133.0
29/08/2025,1308.1914853384626,alcance,interurbana,21 351,14.0,1.0,0.0,0.0,no,21.0,14.0,0,madrid,mediador,3.0
04/07/2024,515.3394496311074,alcance,interurbana,6 931,12.0,1.0,0.0,55.0,sí,41.0,43.0,0,coruña,mediador,122.0
22/08/2025,794.1735736182998,alcance,urbana,7 118,5.0,3.0,0.0,54.0,no,33.0,12.0,0,valencia,directo,3.0
26/05/2025,1460.683090994637,COLISIÓN FRONTAL,interurbana,8 329,6.0,3.0,0.0,9.0,no,62.0,30.0,300,madrid,banca seguros,171.0
15/07/2025,1573.5560579386859,  golpe en aparcamiento ,autopista,19 306,13.0,5.0,0.0,77.0,no,23.0,38.0,600,coruña,mediador,89.0
07/08/2025,920.4527162803807,golpe en aparcamiento,urbana,20 947,21.0,1.0,0.0,31.0,no,66.0,48.0,300,coruña,mediador,161.0
03/09/2025,386.1693091837252,golpe en aparcamiento,urbana,9 090,20.0,1.0,0.0,49.0,no,40.0,29.0,150,coruña,mediador,137.0
04/09/2025,808.1903055024335,alcance,urbana,16 050,16.0,1.0,0.0,109.0,no,48.0,15.0,0,sevilla,directo,80.0
25/12/2025,46641.99067244082,incendio,urbana,15 068,18.0,1.0,0.0,6.0,no,52.0,32.0,300,sevilla,mediador,164.0
23/01/2024,967.4112883015205,alcance,urbana,14 670,15.0,2.0,0.0,37.0,no,49.0,40.0,150,coruña,banca seguros,16.0
15/03/2024,1977.136411406333,robo,urbana,24 983,17.0,1.0,0.0,51.0,no,25.0,50.0,600,valencia,mediador,120.0
11/02/2025,1745.4671561145512,alcance,interurbana,9 901,21.0,2.0,0.0,64.0,sí,29.0,47.0,300,zaragoza,banca seguros,62.0
18/01/2025,1206.981603012476,golpe en aparcamiento,urbana,7 546,16.0,2.0,0.0,49.0,sí,29.0,15.0,0,sevilla,directo,97.0
17/12/2025,10443.624078257406,colisión frontal,urbana,27 049,3.0,4.0,2.0,49.0,sí,68.0,50.0,0,sevilla,directo,11.0
12/10/2024,2718.372943021674,colisión frontal,urbana,10 011,11.0,3.0,2.0,69.0,no,42.0,32.0,0,madrid,mediador,140.0
24/04/2025,1533.4870031584499,salida de vía,urbana,13 520,22.0,1.0,0.0,63.0,no,24.0,40.0,150,valencia,mediador,166.0
30/06/2024,1530.987213044985,alcance,urbana,13 387,2.0,3.0,0.0,63.0,no,64.0,46.0,0,sevilla,mediador,149.0
22/01/2024,2746.1640385861824,salida de vía,autopista,6 125,7.0,5.0,0.0,71.0,no,39.0,38.0,150,barcelona,directo,167.0
11/09/2024,4112.0626440428005,alcance,urbana,18 219,6.0,2.0,3.0,35.0,sí,38.0,34.0,0,sevilla,banca seguros,20.0
23/04/2025,3731.2314880534477,SALIDA DE VÍA,autopista,29 769,7.0,1.0,0.0,47.0,no,18.0,2.0,0,coruña,directo,163.0
21/01/2025,2248.9248715456797,golpe en aparcamiento,autopista,31 707,1.0,1.0,0.0,68.0,no,39.0,18.0,300,barcelona,mediador,159.0
06/11/2024,2448.76974592111,alcance,interurbana,16 863,1.0,1.0,0.0,30.0,no,35.0,47.0,0,barcelona,directo,113.0
04/04/2025,1618.9836150528276,alcance,urbana,24 797,2.0,1.0,0.0,31.0,no,42.0,15.0,0,coruña,mediador,162.0
21/09/2024,899.4548102856779,robo,urbana,16 342,21.0,2.0,0.0,52.0,no,39.0,42.0,300,coruña,directo,84.0
10/09/2025,1440.5671951825072,golpe en aparcamiento,interurbana,10 234,5.0,4.0,0.0,49.0,sí,50.0,14.0,150,barcelona,directo,61.0
11/04/2024,540.0938531293211,alcance,urbana,3 995,12.0,1.0,2.0,68.0,no,18.0,33.0,150,zaragoza,directo,171.0
11/12/2024,10208.448762879492,COLISIÓN FRONTAL,interurbana,17 542,4.0,2.0,0.0,67.0,N/D,47.0,25.0,600,valencia,directo,110.0
28/10/2024,3921.093751970987,robo,urbana,39 898,19.0,1.0,0.0,56.0,no,48.0,0.0,300,zaragoza,banca seguros,64.0
16/07/2025,2806.677485809616,alcance,urbana,6 652,18.0,5.0,0.0,99.0,no,52.0,21.0,0,sevilla,banca seguros,117.0
15/01/2025,1275.5648078809215,robo,urbana,5 487,13.0,2.0,0.0,66.0,no,48.0,14.0,0,valencia,banca seguros,48.0
26/07/2024,1304.5071629919075,alcance,urbana,9 877,20.0,2.0,0.0,68.0,sí,51.0,4.0,0,sevilla,directo,151.0
26/10/2024,533.8715492568067,golpe en aparcamiento,autopista,10 180,11.0,1.0,0.0,38.0,no,45.0,38.0,300,barcelona,mediador,35.0
