servicio_alta,edad,sexo,dias_ingreso,comorbilidades,ingresos_previos_anio,destino_alta,informe_alta_estructurado,polimedicacion,vive_solo,hospital,tipo_ingreso,fecha_alta,reingreso_30d,distrito_residencia,seguimiento_primaria_7d
digestivo,92.0,hombre,-99.0,1.0,3.0,hospitalización a domicilio,sí,5.0,no,hospital D,N/D,04/03/2025,no,distrito 5,no
CARDIOLOGÍA,69.0,mujer,10.0,4.0,1.0,residencia,no,2.0,sí,hospital F,programado,28/07/2025,no,distrito 1,no
digestivo,26.0,hombre,3.0,1.0,0.0,hospitalización a domicilio,no,2.0,sí,hospital F,urgente,19/11/2024,no,distrito 10,sí
cirugia general,63.0,hombre,10.0,0.0,0.0,domicilio,sí,5.0,no,hospital D,urgente,07/03/2025,no,distrito 3,sí
medicina interna,72.0,mujer,5.0,2.0,0.0,domicilio,sí,6.0,sí,hospital E,urgente,18/07/2025,no,distrito 4,no
  cardiología ,64.0,mujer,5.0,0.0,1.0,domicilio,no,12.0,no,hospital C,programado,01/07/2024,no,distrito 1,no
cardiología,71.0,hombre,3.0,2.0,0.0,hospitalización a domicilio,no,6.0,no,hospital A,programado,06/04/2025,no,distrito 6,sí
cirugía general,71.0,hombre,10.0,3.0,0.0,domicilio,sí,6.0,sí,hospital B,urgente,03/01/2025,si,distrito 3,no
medicina interna,89.0,mujer,6.0,1.0,0.0,residencia,sí,15.0,sí,hospital D,programado,22/11/2024,no,distrito 2,no
medicina interna,70.0,hombre,2.0,16.0,0.0,domicilio,no,5.0,no,hospital D,programado,06/01/2025,si,distrito 5,no
medicina interna,52.0,hombre,8.0,1.0,1.0,domicilio,sí,5.0,no,hospital E,programado,26/10/2025,no,distrito 1,sí
cardiología,79.0,mujer,10.0,3.0,0.0,residencia,no,1.0,no,hospital F,programado,03/09/2024,no,distrito 8,no
cardiología,55.0,hombre,12.0,3.0,2.0,domicilio,sí,5.0,no,hospital C,urgente,04/09/2024,si,distrito 4,no
digestivo,88.0,hombre,-99.0,6.0,4.0,residencia,sí,6.0,sí,hospital D,programado,11/04/2025,si,distrito 1,no
medicina interna,73.0,hombre,13.0,0.0,0.0,domicilio,sí,2.0,no,hospital E,programado,30/06/2025,no,distrito 8,no
cardiología,64.0,hombre,6.0,1.0,4.0,domicilio,sí,10.0,no,hospital C,urgente,01/10/2025,no,distrito 4,sí
traumatología,76.0,mujer,3.0,12.0,0.0,domicilio,sí,12.0,no,hospital A,programado,27/03/2025,no,distrito 3,no
  neumología ,59.0,mujer,7.0,1.0,0.0,centro de media estancia,no,4.0,sí,hospital B,urgente,25/09/2025,no,distrito 9,sí
traumatología,82.0,hombre,14.0,2.0,1.0,domicilio,sí,12.0,sí,hospital C,urgente,23/01/2025,no,distrito 10,sí
medicina interna,60.0,hombre,5.0,7.0,2.0,domicilio,no,16.0,no,hospital E,urgente,29/09/2024,si,distrito 6,sí
digestivo,65.0,hombre,6.0,1.0,0.0,domicilio,no,1.0,sí,hospital D,urgente,06/07/2025,no,distrito 3,sí
cardiología,59.0,mujer,3.0,0.0,0.0,domicilio,no,7.0,no,hospital C,urgente,28/07/2024,no,distrito 10,no
traumatología,45.0,mujer,10.0,0.0,1.0,centro de media estancia,sí,6.0,sí,hospital C,urgente,10/07/2024,no,distrito 9,no
neumología,68.0,mujer,6.0,0.0,0.0,domicilio,sí,2.0,no,hospital C,urgente,12/01/2025,no,distrito 10,sí
  traumatología ,48.0,hombre,5.0,3.0,0.0,residencia,sí,4.0,no,hospital B,urgente,03/08/2024,no,distrito 7,no
medicina interna,87.0,hombre,4.0,0.0,0.0,domicilio,no,18.0,no,hospital F,N/D,15/10/2025,no,distrito 9,sí
medicina interna,59.0,hombre,9.0,9.0,0.0,domicilio,sí,3.0,no,hospital D,programado,11/04/2025,no,distrito 8,no
traumatología,87.0,hombre,7.0,8.0,0.0,residencia,no,8.0,no,hospital B,N/D,07/08/2025,si,distrito 6,sí
  cardiología ,76.0,hombre,8.0,1.0,0.0,domicilio,sí,6.0,no,hospital D,urgente,02/03/2025,no,distrito 3,no
cardiologia,51.0,hombre,4.0,1.0,0.0,domicilio,no,11.0,no,hospital E,programado,25/07/2025,no,distrito 7,sí
cardiología,59.0,mujer,6.0,3.0,1.0,domicilio,sí,2.0,sí,hospital C,programado,14/07/2025,si,distrito 2,no
neumología,41.0,hombre,4.0,2.0,2.0,domicilio,sí,3.0,no,hospital B,programado,16/10/2024,no,distrito 2,sí
  traumatología ,49.0,hombre,1.0,2.0,0.0,domicilio,sí,3.0,no,hospital A,urgente,31/01/2025,no,distrito 8,sí
digestivo,63.0,hombre,10.0,0.0,0.0,domicilio,sí,7.0,no,hospital F,urgente,09/02/2025,no,distrito 10,sí
cirugía general,70.0,hombre,-99.0,2.0,0.0,domicilio,no,14.0,no,hospital D,programado,24/08/2024,no,distrito 1,no
traumatología,39.0,hombre,13.0,1.0,0.0,domicilio,sí,7.0,sí,hospital B,urgente,30/09/2025,no,distrito 7,no
traumatología,93.0,mujer,11.0,5.0,0.0,domicilio,sí,9.0,no,hospital B,urgente,13/09/2024,no,distrito 2,no
  cirugía general ,58.0,mujer,13.0,0.0,0.0,domicilio,sí,4.0,no,hospital E,programado,25/05/2025,no,distrito 7,no
cardiologia,63.0,hombre,17.0,4.0,1.0,domicilio,no,5.0,no,hospital A,urgente,20/11/2025,si,distrito 8,no
medicina interna,48.0,hombre,2.0,12.0,0.0,domicilio,sí,5.0,no,hospital C,urgente,15/10/2025,no,distrito 9,no
cardiología,93.0,hombre,2.0,0.0,2.0,domicilio,sí,1.0,no,hospital A,programado,16/08/2025,si,distrito 5,no
cirugía general,59.0,hombre,3.0,2.0,1.0,residencia,no,5.0,no,hospital D,urgente,31/10/2025,no,distrito 8,no
CARDIOLOGÍA,57.0,hombre,-99.0,3.0,0.0,residencia,sí,3.0,no,hospital F,urgente,20/08/2024,si,distrito 3,sí
medicina interna,65.0,hombre,9.0,2.0,0.0,domicilio,sí,4.0,no,hospital E,urgente,29/07/2025,no,distrito 6,no
  cardiología ,32.0,hombre,9.0,3.0,0.0,domicilio,no,6.0,no,hospital A,programado,25/06/2025,no,distrito 6,no
cirugía general,27.0,mujer,12.0,3.0,2.0,residencia,sí,11.0,no,hospital B,urgente,01/11/2025,si,distrito 8,no
TRAUMATOLOGÍA,61.0,hombre,6.0,5.0,0.0,domicilio,sí,7.0,no,hospital A,urgente,15/05/2025,no,distrito 8,sí
cirugia general,71.0,mujer,1.0,1.0,1.0,domicilio,sí,1.0,no,hospital C,programado,29/08/2024,no,distrito 2,no
TRAUMATOLOGÍA,36.0,mujer,3.0,0.0,0.0,centro de media estancia,sí,8.0,no,hospital E,urgente,19/05/2025,no,distrito 4,no
MEDICINA INTERNA,47.0,mujer,10.0,1.0,0.0,domicilio,no,2.0,no,hospital D,programado,14/09/2025,no,distrito 10,sí
cardiología,73.0,hombre,12.0,2.0,0.0,hospitalización a domicilio,sí,2.0,no,hospital A,urgente,03/08/2024,no,distrito 9,sí
traumatología,86.0,mujer,-99.0,1.0,0.0,domicilio,sí,4.0,no,hospital F,programado,01/06/2024,no,distrito 7,no
medicina interna,69.0,hombre,5.0,3.0,0.0,domicilio,sí,7.0,sí,hospital A,N/D,30/06/2025,no,distrito 10,no
  traumatología ,78.0,hombre,11.0,4.0,0.0,domicilio,sí,3.0,no,hospital C,programado,31/03/2025,no,distrito 5,sí
cirugía general,87.0,mujer,14.0,2.0,0.0,domicilio,sí,6.0,no,hospital C,programado,04/11/2024,no,distrito 1,sí
MEDICINA INTERNA,52.0,mujer,2.0,0.0,0.0,residencia,sí,2.0,no,hospital A,urgente,11/07/2024,no,distrito 7,sí
cirugía general,73.0,hombre,10.0,5.0,0.0,domicilio,no,6.0,sí,hospital F,urgente,07/11/2025,no,distrito 6,sí
  cirugía general ,100.0,hombre,3.0,2.0,2.0,domicilio,sí,8.0,no,hospital F,urgente,09/05/2025,no,distrito 6,no
medicina interna,72.0,mujer,8.0,1.0,0.0,residencia,sí,7.0,sí,hospital B,urgente,23/04/2025,no,distrito 3,sí
digestivo,70.0,mujer,0.0,0.0,4.0,domicilio,sí,10.0,no,hospital E,programado,07/08/2024,no,distrito 3,sí
medicina interna,64.0,mujer,9.0,1.0,1.0,domicilio,sí,10.0,no,hospital D,urgente,14/11/2025,no,distrito 1,no
cirugía general,76.0,hombre,7.0,0.0,0.0,domicilio,sí,4.0,sí,hospital F,urgente,01/07/2024,no,distrito 6,no
medicina interna,68.0,hombre,-99.0,1.0,3.0,domicilio,no,5.0,no,hospital D,urgente,11/08/2024,no,distrito 6,no
medicina interna,90.0,mujer,15.0,8.0,1.0,domicilio,sí,6.0,no,hospital D,urgente,19/05/2025,si,distrito 7,sí
cardiología,83.0,mujer,5.0,0.0,0.0,domicilio,sí,6.0,no,hospital B,programado,25/02/2025,no,distrito 8,no
medicina interna,53.0,hombre,6.0,1.0,0.0,domicilio,no,12.0,no,hospital F,programado,11/07/2024,no,distrito 8,no
NEUMOLOGÍA,66.0,mujer,1.0,8.0,0.0,domicilio,sí,4.0,no,hospital A,urgente,16/04/2025,si,distrito 1,no
medicina interna,43.0,mujer,-99.0,0.0,0.0,domicilio,no,3.0,no,hospital E,urgente,11/04/2025,no,distrito 6,sí
neumología,49.0,mujer,-99.0,1.0,1.0,domicilio,sí,0.0,sí,hospital F,programado,09/07/2024,si,distrito 2,sí
cirugía general,87.0,hombre,-99.0,7.0,0.0,residencia,sí,8.0,no,hospital F,urgente,22/10/2025,si,distrito 9,no
cardiología,68.0,hombre,9.0,2.0,1.0,domicilio,sí,7.0,no,hospital B,urgente,01/09/2024,no,distrito 5,sí
traumatología,88.0,mujer,9.0,3.0,0.0,domicilio,no,7.0,sí,hospital E,urgente,16/02/2025,no,distrito 6,no
digestivo,82.0,hombre,4.0,6.0,3.0,domicilio,no,4.0,sí,hospital E,urgente,22/07/2025,si,distrito 10,no
medicina interna,79.0,hombre,3.0,1.0,0.0,domicilio,no,3.0,no,hospital E,urgente,26/03/2025,no,distrito 7,sí
medicina interna,58.0,mujer,13.0,5.0,1.0,domicilio,sí,10.0,no,hospital F,programado,19/10/2025,no,distrito 4,no
medicina interna,51.0,hombre,10.0,1.0,0.0,domicilio,sí,5.0,sí,hospital C,programado,07/05/2025,no,distrito 7,no
digestivo,65.0,hombre,-99.0,3.0,2.0,centro de media estancia,sí,6.0,no,hospital A,urgente,28/02/2025,no,distrito 1,sí
medicina interna,45.0,hombre,9.0,2.0,0.0,domicilio,no,1.0,no,hospital A,urgente,19/07/2025,no,distrito 2,no
CIRUGÍA GENERAL,100.0,hombre,13.0,2.0,1.0,domicilio,no,3.0,no,hospital B,urgente,23/09/2024,no,distrito 8,no
cirugía general,72.0,mujer,13.0,1.0,0.0,domicilio,sí,8.0,sí,hospital D,programado,10/11/2024,no,distrito 7,sí
medicina interna,53.0,hombre,2.0,0.0,4.0,domicilio,sí,3.0,no,hospital C,urgente,01/02/2025,no,distrito 9,no
medicina interna,55.0,hombre,2.0,1.0,1.0,domicilio,no,5.0,no,hospital D,programado,23/11/2024,si,distrito 4,sí
traumatología,52.0,hombre,-99.0,0.0,2.0,residencia,sí,6.0,no,hospital D,N/D,06/06/2025,no,distrito 6,no
cardiología,56.0,mujer,3.0,0.0,1.0,residencia,no,3.0,no,hospital C,programado,08/11/2024,no,distrito 4,no
medicina interna,39.0,mujer,3.0,3.0,0.0,domicilio,no,10.0,sí,hospital A,programado,07/06/2024,no,distrito 5,no
traumatología,69.0,mujer,11.0,5.0,0.0,domicilio,sí,10.0,no,hospital A,urgente,23/06/2024,no,distrito 1,sí
medicina interna,61.0,hombre,22.0,0.0,2.0,domicilio,sí,1.0,no,hospital F,programado,25/02/2025,no,distrito 5,no
DIGESTIVO,75.0,hombre,4.0,1.0,0.0,domicilio,sí,3.0,sí,hospital A,urgente,01/03/2025,si,distrito 5,sí
medicina interna,58.0,hombre,16.0,0.0,0.0,domicilio,sí,13.0,no,hospital E,programado,16/08/2024,no,distrito 4,no
cardiología,83.0,mujer,6.0,2.0,1.0,domicilio,no,13.0,sí,hospital D,programado,28/04/2025,no,distrito 2,sí
medicina interna,50.0,mujer,7.0,0.0,0.0,centro de media estancia,no,5.0,sí,hospital D,urgente,29/01/2025,no,distrito 10,sí
medicina interna,85.0,hombre,1.0,10.0,0.0,domicilio,sí,5.0,no,hospital A,programado,02/09/2024,si,distrito 7,no
medicina interna,84.0,mujer,4.0,1.0,0.0,domicilio,sí,4.0,no,hospital A,urgente,23/06/2025,no,distrito 1,sí
medicina interna,51.0,mujer,6.0,2.0,0.0,domicilio,sí,6.0,no,hospital A,urgente,27/10/2024,no,distrito 9,no
cardiologia,70.0,hombre,3.0,0.0,0.0,domicilio,no,4.0,no,hospital B,urgente,25/03/2025,no,distrito 8,no
DIGESTIVO,53.0,mujer,15.0,0.0,0.0,domicilio,no,5.0,no,hospital B,programado,01/02/2025,no,distrito 5,sí
cardiología,93.0,hombre,4.0,1.0,0.0,domicilio,sí,4.0,sí,hospital E,urgente,13/09/2024,no,distrito 10,sí
cirugía general,63.0,mujer,15.0,0.0,0.0,domicilio,sí,4.0,no,hospital B,urgente,13/04/2025,no,distrito 3,no
neumología,67.0,hombre,7.0,0.0,1.0,domicilio,no,6.0,no,hospital F,programado,30/07/2025,no,distrito 3,sí
CARDIOLOGÍA,73.0,hombre,7.0,1.0,0.0,domicilio,no,3.0,no,hospital E,N/D,23/12/2024,no,distrito 4,sí
cardiología,45.0,hombre,5.0,4.0,0.0,residencia,no,1.0,no,hospital D,programado,12/02/2025,si,distrito 3,no
DIGESTIVO,55.0,hombre,3.0,0.0,2.0,domicilio,no,4.0,sí,hospital C,programado,25/11/2024,no,distrito 10,sí
traumatología,60.0,hombre,5.0,1.0,0.0,domicilio,sí,11.0,no,hospital B,programado,08/08/2024,no,distrito 7,no
cirugía general,62.0,mujer,8.0,1.0,0.0,domicilio,sí,11.0,no,hospital F,urgente,10/08/2025,no,distrito 2,no
cardiologia,48.0,mujer,27.0,2.0,0.0,domicilio,sí,11.0,no,hospital A,urgente,03/08/2025,no,distrito 1,no
traumatología,63.0,hombre,2.0,3.0,0.0,hospitalización a domicilio,no,15.0,no,hospital F,urgente,30/09/2024,no,distrito 9,no
cardiología,78.0,mujer,4.0,1.0,0.0,centro de media estancia,no,7.0,sí,hospital C,urgente,18/08/2025,no,distrito 9,no
traumatología,62.0,hombre,6.0,5.0,2.0,domicilio,sí,12.0,no,hospital A,urgente,25/05/2025,no,distrito 1,no
cirugía general,55.0,mujer,2.0,4.0,0.0,domicilio,sí,5.0,sí,hospital A,programado,28/06/2025,no,distrito 6,sí
medicina interna,64.0,hombre,9.0,3.0,0.0,domicilio,no,2.0,no,hospital D,urgente,08/06/2025,no,distrito 1,no
digestivo,67.0,hombre,8.0,1.0,2.0,domicilio,sí,7.0,no,hospital E,programado,24/08/2024,no,distrito 1,no
cirugia general,55.0,hombre,9.0,1.0,0.0,residencia,sí,12.0,no,hospital D,urgente,20/12/2024,no,distrito 7,no
CARDIOLOGÍA,66.0,mujer,4.0,16.0,0.0,residencia,sí,4.0,sí,hospital C,urgente,03/07/2025,si,distrito 6,sí
medicina interna,74.0,mujer,5.0,2.0,0.0,domicilio,no,1.0,sí,hospital B,urgente,15/08/2024,no,distrito 3,sí
neumología,41.0,mujer,11.0,5.0,0.0,domicilio,no,3.0,sí,hospital D,urgente,01/11/2025,no,distrito 6,no
MEDICINA INTERNA,67.0,hombre,-99.0,0.0,0.0,domicilio,sí,3.0,no,hospital A,urgente,15/07/2025,no,distrito 2,no
cirugía general,77.0,mujer,1.0,0.0,2.0,domicilio,sí,8.0,no,hospital B,urgente,14/02/2025,no,distrito 10,no
MEDICINA INTERNA,70.0,mujer,9.0,6.0,0.0,domicilio,sí,5.0,sí,hospital F,urgente,04/04/2025,si,distrito 7,no
MEDICINA INTERNA,54.0,hombre,9.0,2.0,0.0,domicilio,no,3.0,sí,hospital D,programado,29/08/2025,no,distrito 9,sí
medicina interna,62.0,mujer,6.0,3.0,0.0,domicilio,no,7.0,no,hospital D,programado,03/04/2025,si,distrito 4,no
digestivo,35.0,mujer,14.0,2.0,0.0,domicilio,no,2.0,no,hospital A,urgente,25/11/2024,si,distrito 10,sí
neumología,94.0,hombre,3.0,4.0,1.0,domicilio,sí,4.0,no,hospital E,programado,31/08/2025,no,distrito 4,sí
digestivo,59.0,hombre,3.0,15.0,1.0,centro de media estancia,sí,7.0,sí,hospital C,urgente,22/06/2024,si,distrito 4,no
digestivo,59.0,hombre,13.0,0.0,0.0,domicilio,no,3.0,no,hospital E,urgente,02/07/2024,no,distrito 5,sí
cirugía general,69.0,hombre,11.0,4.0,1.0,domicilio,no,3.0,no,hospital D,programado,08/12/2024,no,distrito 10,no
CIRUGÍA GENERAL,88.0,hombre,6.0,3.0,0.0,residencia,sí,6.0,no,hospital C,programado,27/01/2025,si,distrito 10,sí
medicina interna,84.0,mujer,4.0,1.0,0.0,domicilio,no,5.0,no,hospital E,urgente,18/06/2024,si,distrito 5,no
traumatología,29.0,hombre,5.0,3.0,0.0,domicilio,sí,3.0,no,hospital F,urgente,15/12/2024,no,distrito 7,sí
cirugía general,72.0,hombre,-99.0,1.0,0.0,centro de media estancia,sí,10.0,no,hospital A,programado,08/12/2024,no,distrito 9,no
neumología,81.0,mujer,2.0,3.0,0.0,domicilio,sí,12.0,no,hospital E,programado,17/10/2025,no,distrito 2,no
cardiología,45.0,hombre,2.0,2.0,2.0,domicilio,sí,2.0,no,hospital B,N/D,17/01/2025,no,distrito 3,no
digestivo,49.0,hombre,2.0,0.0,1.0,domicilio,sí,16.0,no,hospital F,urgente,05/09/2024,no,distrito 4,sí
cirugía general,91.0,hombre,-99.0,0.0,0.0,domicilio,no,1.0,sí,hospital E,urgente,22/10/2024,no,distrito 5,sí
medicina interna,66.0,mujer,2.0,0.0,0.0,domicilio,no,10.0,no,hospital D,urgente,11/07/2024,no,distrito 10,no
MEDICINA INTERNA,59.0,mujer,2.0,4.0,0.0,domicilio,no,7.0,no,hospital B,urgente,14/10/2024,no,distrito 9,no
cardiología,58.0,hombre,2.0,1.0,1.0,domicilio,no,4.0,no,hospital A,N/D,14/05/2025,no,distrito 4,no
medicina interna,60.0,hombre,5.0,0.0,0.0,domicilio,no,2.0,no,hospital E,programado,16/10/2024,no,distrito 6,no
medicina interna,39.0,hombre,3.0,1.0,0.0,domicilio,sí,2.0,sí,hospital F,urgente,26/10/2024,no,distrito 7,no
cirugía general,61.0,hombre,4.0,2.0,1.0,domicilio,no,6.0,no,hospital F,programado,12/09/2024,no,distrito 7,no
medicina interna,83.0,mujer,7.0,1.0,0.0,centro de media estancia,sí,3.0,no,hospital E,urgente,26/10/2025,si,distrito 3,no
medicina interna,44.0,hombre,7.0,1.0,0.0,domicilio,sí,4.0,no,hospital B,urgente,24/10/2024,no,distrito 5,sí
medicina interna,39.0,mujer,7.0,0.0,0.0,domicilio,sí,4.0,no,hospital A,urgente,07/04/2025,si,distrito 6,sí
cardiología,61.0,mujer,7.0,6.0,3.0,domicilio,sí,10.0,sí,hospital F,urgente,04/06/2025,no,distrito 2,no
TRAUMATOLOGÍA,84.0,hombre,5.0,2.0,0.0,domicilio,no,0.0,no,hospital D,urgente,03/09/2025,no,distrito 1,no
cirugia general,48.0,hombre,3.0,5.0,0.0,domicilio,sí,11.0,no,hospital F,urgente,03/04/2025,no,distrito 9,sí
cardiología,51.0,mujer,3.0,0.0,0.0,domicilio,no,5.0,no,hospital A,urgente,28/12/2024,no,distrito 6,no
cardiología,67.0,mujer,9.0,0.0,5.0,domicilio,sí,5.0,sí,hospital C,urgente,03/04/2025,no,distrito 6,no
medicina interna,73.0,mujer,7.0,0.0,0.0,domicilio,no,4.0,no,hospital D,urgente,20/10/2024,no,distrito 6,no
cirugía general,91.0,hombre,3.0,6.0,0.0,domicilio,no,7.0,no,hospital F,programado,22/12/2024,no,distrito 2,no
neumología,100.0,mujer,1.0,7.0,2.0,domicilio,no,10.0,no,hospital B,urgente,15/09/2024,si,distrito 7,no
CARDIOLOGÍA,60.0,hombre,-99.0,2.0,0.0,domicilio,no,18.0,no,hospital E,urgente,24/01/2025,no,distrito 5,sí
medicina interna,54.0,mujer,6.0,3.0,0.0,domicilio,sí,9.0,no,hospital E,urgente,24/03/2025,no,distrito 5,sí
DIGESTIVO,58.0,hombre,6.0,6.0,0.0,domicilio,no,8.0,no,hospital D,urgente,08/12/2024,no,distrito 7,sí
cirugía general,54.0,hombre,17.0,2.0,0.0,domicilio,no,9.0,sí,hospital E,urgente,06/03/2025,no,distrito 4,no
medicina interna,82.0,hombre,3.0,5.0,0.0,domicilio,no,5.0,sí,hospital A,urgente,30/04/2025,si,distrito 9,no
neumología,56.0,mujer,2.0,1.0,0.0,hospitalización a domicilio,no,5.0,sí,hospital E,programado,12/11/2025,no,distrito 4,sí
cardiología,62.0,mujer,3.0,1.0,2.0,domicilio,no,3.0,sí,hospital B,programado,08/06/2025,no,distrito 5,no
  medicina interna ,80.0,hombre,6.0,3.0,0.0,domicilio,sí,4.0,sí,hospital E,programado,25/07/2024,no,distrito 5,no
cirugía general,52.0,hombre,5.0,4.0,0.0,hospitalización a domicilio,sí,12.0,sí,hospital F,urgente,22/08/2024,no,distrito 10,no
neumología,49.0,mujer,6.0,4.0,0.0,residencia,no,3.0,no,hospital D,programado,04/05/2025,no,distrito 1,no
traumatología,73.0,hombre,3.0,6.0,0.0,domicilio,sí,7.0,no,hospital A,urgente,03/11/2025,no,distrito 3,sí
traumatología,55.0,hombre,5.0,0.0,0.0,residencia,sí,2.0,no,hospital D,programado,14/06/2024,no,distrito 3,sí
neumologia,73.0,mujer,2.0,2.0,1.0,domicilio,no,5.0,no,hospital D,urgente,04/03/2025,no,distrito 8,no
  cardiología ,60.0,mujer,5.0,18.0,1.0,domicilio,sí,9.0,no,hospital E,urgente,23/06/2025,si,distrito 2,sí
cirugía general,41.0,hombre,6.0,1.0,0.0,domicilio,sí,4.0,sí,hospital F,N/D,11/05/2025,no,distrito 3,sí
cirugía general,53.0,mujer,4.0,6.0,0.0,domicilio,sí,2.0,no,hospital F,programado,30/12/2024,no,distrito 8,no
cirugía general,68.0,hombre,5.0,0.0,2.0,domicilio,sí,1.0,no,hospital F,programado,04/06/2024,no,distrito 10,sí
cardiología,44.0,hombre,21.0,0.0,0.0,domicilio,sí,9.0,no,hospital F,urgente,29/06/2024,no,distrito 8,no
cardiología,89.0,mujer,5.0,3.0,0.0,domicilio,no,21.0,sí,hospital A,urgente,23/01/2025,no,distrito 7,sí
cirugía general,49.0,hombre,5.0,4.0,0.0,residencia,sí,5.0,no,hospital F,urgente,21/12/2024,no,distrito 1,no
digestivo,37.0,hombre,8.0,1.0,0.0,domicilio,no,7.0,no,hospital C,N/D,28/10/2025,no,distrito 4,no
CARDIOLOGÍA,93.0,mujer,2.0,0.0,0.0,domicilio,sí,5.0,sí,hospital E,programado,28/06/2024,no,distrito 4,sí
medicina interna,62.0,hombre,3.0,0.0,2.0,domicilio,no,4.0,no,hospital E,programado,01/06/2024,no,distrito 6,sí
medicina interna,68.0,mujer,20.0,7.0,1.0,residencia,sí,2.0,no,hospital D,programado,15/08/2024,si,distrito 7,sí
cardiologia,59.0,hombre,6.0,3.0,0.0,domicilio,sí,5.0,no,hospital A,programado,31/12/2024,no,distrito 6,no
  cirugía general ,59.0,hombre,5.0,6.0,0.0,domicilio,no,6.0,no,hospital B,urgente,11/10/2025,no,distrito 2,no
cirugía general,95.0,mujer,9.0,1.0,0.0,domicilio,sí,4.0,no,hospital E,programado,11/06/2024,no,distrito 8,sí
cirugía general,45.0,mujer,6.0,1.0,0.0,domicilio,sí,4.0,sí,hospital D,urgente,23/08/2025,no,distrito 10,sí
cardiología,56.0,hombre,7.0,5.0,0.0,domicilio,no,5.0,no,hospital E,programado,16/09/2024,si,distrito 6,sí
medicina interna,67.0,mujer,6.0,2.0,0.0,residencia,no,0.0,no,hospital B,programado,29/11/2024,si,distrito 3,sí
cirugía general,53.0,hombre,4.0,2.0,0.0,residencia,no,7.0,sí,hospital D,urgente,08/11/2025,si,distrito 5,no
digestivo,65.0,hombre,2.0,3.0,1.0,domicilio,no,8.0,no,hospital A,programado,10/06/2025,no,distrito 2,sí
cardiología,49.0,hombre,5.0,6.0,1.0,domicilio,sí,7.0,no,hospital B,urgente,08/06/2024,no,distrito 6,no
  cirugía general ,78.0,mujer,10.0,7.0,1.0,domicilio,sí,2.0,no,hospital B,programado,03/07/2025,no,distrito 10,no
neumologia,54.0,hombre,6.0,7.0,0.0,domicilio,no,0.0,no,hospital D,urgente,15/09/2025,si,distrito 1,no
  medicina interna ,87.0,hombre,5.0,1.0,0.0,domicilio,sí,32.0,sí,hospital D,programado,18/06/2025,no,distrito 7,sí
medicina interna,75.0,hombre,-99.0,7.0,1.0,domicilio,sí,0.0,no,hospital F,urgente,01/02/2025,no,distrito 10,sí
cardiología,79.0,hombre,15.0,1.0,0.0,domicilio,sí,8.0,no,hospital F,N/D,30/06/2025,no,distrito 7,sí
medicina interna,63.0,mujer,20.0,1.0,1.0,domicilio,sí,4.0,no,hospital D,urgente,12/02/2025,no,distrito 2,sí
cardiología,64.0,mujer,3.0,6.0,0.0,domicilio,sí,2.0,no,hospital F,urgente,15/02/2025,si,distrito 9,no
neumología,80.0,mujer,16.0,2.0,0.0,residencia,sí,10.0,no,hospital C,N/D,03/04/2025,no,distrito 5,no
MEDICINA INTERNA,61.0,hombre,-99.0,1.0,0.0,residencia,sí,4.0,no,hospital E,urgente,30/07/2024,si,distrito 3,no
neumología,57.0,hombre,9.0,0.0,0.0,domicilio,sí,0.0,no,hospital F,urgente,19/03/2025,no,distrito 8,sí
neumología,49.0,hombre,3.0,0.0,2.0,domicilio,sí,11.0,sí,hospital F,urgente,25/01/2025,no,distrito 5,no
CARDIOLOGÍA,31.0,hombre,2.0,11.0,5.0,domicilio,sí,14.0,no,hospital F,urgente,20/06/2024,si,distrito 8,no
digestivo,54.0,mujer,4.0,1.0,0.0,domicilio,sí,5.0,sí,hospital A,urgente,28/09/2025,no,distrito 7,no
CIRUGÍA GENERAL,75.0,hombre,-99.0,5.0,0.0,domicilio,no,5.0,no,hospital B,programado,07/09/2025,si,distrito 10,no
cardiología,65.0,mujer,8.0,0.0,1.0,domicilio,sí,4.0,no,hospital B,urgente,30/10/2024,no,distrito 4,no
traumatología,39.0,mujer,6.0,1.0,1.0,domicilio,sí,4.0,no,hospital A,urgente,09/04/2025,no,distrito 8,no
cirugía general,81.0,mujer,11.0,0.0,0.0,residencia,sí,4.0,no,hospital D,N/D,10/10/2024,no,distrito 4,no
neumología,64.0,mujer,6.0,7.0,2.0,hospitalización a domicilio,no,10.0,no,hospital F,urgente,16/07/2025,si,distrito 1,sí
MEDICINA INTERNA,43.0,hombre,2.0,0.0,1.0,domicilio,sí,8.0,no,hospital F,urgente,23/06/2025,no,distrito 7,sí
CARDIOLOGÍA,73.0,hombre,3.0,2.0,1.0,domicilio,sí,9.0,no,hospital E,urgente,10/10/2025,no,distrito 7,sí
cirugía general,80.0,hombre,6.0,6.0,0.0,hospitalización a domicilio,no,12.0,no,hospital A,urgente,18/10/2024,no,distrito 4,no
digestivo,59.0,mujer,1.0,0.0,0.0,domicilio,sí,11.0,sí,hospital C,programado,19/08/2024,no,distrito 2,no
medicina interna,79.0,mujer,-99.0,1.0,2.0,domicilio,sí,5.0,sí,hospital B,N/D,01/10/2025,no,distrito 6,sí
digestivo,94.0,hombre,6.0,1.0,0.0,hospitalización a domicilio,no,8.0,no,hospital B,urgente,15/04/2025,no,distrito 8,no
digestivo,65.0,mujer,11.0,0.0,0.0,domicilio,sí,2.0,no,hospital B,urgente,03/10/2024,no,distrito 6,no
medicina interna,79.0,mujer,7.0,1.0,0.0,centro de media estancia,sí,2.0,no,hospital A,N/D,06/05/2025,si,distrito 5,no
CIRUGÍA GENERAL,43.0,hombre,2.0,11.0,1.0,domicilio,sí,4.0,no,hospital D,urgente,05/01/2025,no,distrito 9,sí
cardiología,47.0,hombre,3.0,1.0,1.0,domicilio,sí,1.0,sí,hospital D,programado,20/08/2024,no,distrito 10,no
traumatología,70.0,hombre,4.0,1.0,0.0,domicilio,no,3.0,no,hospital A,programado,06/01/2025,no,distrito 3,sí
medicina interna,100.0,hombre,10.0,1.0,0.0,domicilio,sí,5.0,no,hospital C,urgente,18/03/2025,no,distrito 7,no
cardiología,87.0,hombre,6.0,0.0,0.0,domicilio,no,3.0,no,hospital A,urgente,12/02/2025,no,distrito 6,no
digestivo,73.0,hombre,12.0,3.0,1.0,hospitalización a domicilio,sí,8.0,no,hospital D,N/D,16/01/2025,no,distrito 6,sí
TRAUMATOLOGÍA,62.0,hombre,7.0,5.0,3.0,domicilio,sí,10.0,no,hospital A,urgente,10/07/2025,no,distrito 10,no
medicina interna,60.0,mujer,1.0,0.0,3.0,domicilio,sí,3.0,no,hospital B,programado,18/11/2024,no,distrito 5,sí
  neumología ,68.0,hombre,4.0,4.0,0.0,domicilio,sí,17.0,no,hospital B,urgente,20/12/2024,si,distrito 6,no
cardiología,71.0,mujer,7.0,2.0,0.0,domicilio,no,5.0,sí,hospital A,programado,29/01/2025,no,distrito 9,sí
medicina interna,27.0,mujer,7.0,7.0,1.0,domicilio,sí,4.0,no,hospital D,programado,27/07/2024,no,distrito 1,sí
  medicina interna ,18.0,hombre,14.0,1.0,0.0,domicilio,no,0.0,no,hospital F,urgente,04/09/2025,no,distrito 2,sí
digestivo,53.0,hombre,7.0,2.0,1.0,domicilio,sí,3.0,no,hospital F,programado,01/09/2024,no,distrito 3,no
digestivo,45.0,hombre,4.0,1.0,0.0,residencia,sí,1.0,no,hospital C,programado,02/02/2025,no,distrito 3,sí
cirugía general,66.0,hombre,5.0,1.0,0.0,centro de media estancia,sí,4.0,no,hospital F,programado,19/11/2025,no,distrito 6,sí
traumatología,38.0,mujer,-99.0,0.0,5.0,domicilio,sí,12.0,no,hospital A,urgente,18/11/2024,no,distrito 10,sí
cardiología,88.0,hombre,12.0,1.0,0.0,domicilio,no,5.0,no,hospital A,programado,13/12/2024,no,distrito 10,no
cirugía general,26.0,hombre,3.0,5.0,0.0,residencia,sí,11.0,no,hospital E,programado,08/02/2025,no,distrito 1,sí
medicina interna,51.0,mujer,6.0,1.0,1.0,domicilio,sí,5.0,sí,hospital E,urgente,13/06/2025,no,distrito 2,no
medicina interna,60.0,hombre,-99.0,3.0,0.0,domicilio,sí,12.0,no,hospital E,urgente,28/10/2024,no,distrito 10,no
medicina interna,90.0,mujer,10.0,4.0,0.0,domicilio,sí,10.0,no,hospital F,urgente,05/11/2025,no,distrito 9,no
MEDICINA INTERNA,43.0,mujer,22.0,9.0,0.0,hospitalización a domicilio,sí,4.0,sí,hospital C,urgente,08/09/2025,no,distrito 3,no
cirugía general,57.0,hombre,7.0,7.0,0.0,residencia,sí,3.0,no,hospital D,urgente,05/02/2025,si,distrito 10,sí
medicina interna,40.0,hombre,7.0,5.0,0.0,domicilio,sí,5.0,sí,hospital A,urgente,01/08/2025,no,distrito 9,no
cirugía general,83.0,mujer,8.0,1.0,2.0,domicilio,no,6.0,no,hospital C,urgente,23/10/2025,no,distrito 6,no
cirugía general,71.0,hombre,7.0,3.0,0.0,residencia,sí,5.0,no,hospital E,urgente,18/11/2025,si,distrito 9,no
cardiología,46.0,mujer,6.0,4.0,0.0,domicilio,sí,8.0,no,hospital E,urgente,14/09/2025,si,distrito 10,no
medicina interna,80.0,hombre,-99.0,2.0,0.0,domicilio,no,10.0,sí,hospital D,urgente,15/04/2025,no,distrito 6,sí
cardiología,57.0,mujer,8.0,7.0,1.0,domicilio,sí,4.0,sí,hospital A,urgente,17/09/2025,no,distrito 7,no
cirugía general,74.0,mujer,2.0,0.0,3.0,domicilio,sí,1.0,no,hospital F,urgente,02/10/2025,no,distrito 5,sí
medicina interna,78.0,mujer,1.0,4.0,0.0,domicilio,sí,5.0,no,hospital B,N/D,17/09/2025,no,distrito 1,sí
medicina interna,68.0,mujer,4.0,0.0,0.0,domicilio,no,4.0,no,hospital E,urgente,11/07/2025,no,distrito 2,sí
cirugía general,50.0,hombre,9.0,2.0,0.0,residencia,no,2.0,sí,hospital C,urgente,01/05/2025,no,distrito 8,sí
traumatología,39.0,mujer,8.0,0.0,0.0,domicilio,no,2.0,no,hospital D,programado,12/09/2025,no,distrito 10,sí
cardiología,50.0,hombre,11.0,2.0,1.0,domicilio,no,15.0,no,hospital D,urgente,17/10/2025,no,distrito 8,sí
  traumatología ,51.0,mujer,2.0,3.0,0.0,domicilio,sí,13.0,sí,hospital A,urgente,25/07/2025,no,distrito 1,no
  neumología ,66.0,hombre,14.0,5.0,1.0,hospitalización a domicilio,sí,0.0,sí,hospital B,urgente,04/05/2025,no,distrito 1,sí
medicina interna,65.0,mujer,5.0,0.0,0.0,domicilio,sí,7.0,no,hospital B,urgente,18/11/2024,no,distrito 2,sí
medicina interna,88.0,mujer,8.0,1.0,1.0,domicilio,sí,16.0,no,hospital A,programado,05/02/2025,no,distrito 7,no
cardiología,72.0,mujer,9.0,3.0,0.0,hospitalización a domicilio,no,2.0,no,hospital A,urgente,10/08/2024,no,distrito 1,sí
cirugía general,71.0,hombre,14.0,3.0,0.0,domicilio,no,11.0,sí,hospital B,programado,08/07/2024,no,distrito 3,no
TRAUMATOLOGÍA,73.0,hombre,5.0,5.0,0.0,centro de media estancia,sí,8.0,no,hospital D,urgente,29/08/2024,no,distrito 3,no
  medicina interna ,99.0,hombre,-99.0,0.0,1.0,domicilio,sí,7.0,no,hospital F,programado,20/06/2024,no,distrito 6,no
  traumatología ,56.0,hombre,3.0,9.0,5.0,domicilio,no,5.0,sí,hospital B,urgente,03/02/2025,si,distrito 9,sí
medicina interna,62.0,mujer,17.0,9.0,0.0,domicilio,no,1.0,no,hospital B,urgente,27/07/2025,no,distrito 7,no
neumología,37.0,hombre,6.0,1.0,1.0,domicilio,no,6.0,no,hospital D,urgente,27/06/2025,no,distrito 5,no
neumología,55.0,hombre,4.0,7.0,0.0,domicilio,sí,12.0,no,hospital A,programado,07/09/2024,no,distrito 2,sí
medicina interna,56.0,hombre,3.0,1.0,0.0,domicilio,sí,4.0,no,hospital C,urgente,05/07/2025,si,distrito 7,sí
neumologia,63.0,hombre,6.0,12.0,1.0,domicilio,sí,2.0,no,hospital A,urgente,22/10/2025,si,distrito 2,no
  neumología ,34.0,hombre,2.0,0.0,0.0,domicilio,sí,5.0,no,hospital C,urgente,22/10/2024,no,distrito 3,no
traumatología,70.0,mujer,4.0,1.0,0.0,domicilio,no,4.0,sí,hospital F,programado,13/09/2024,no,distrito 2,no
TRAUMATOLOGÍA,77.0,hombre,3.0,2.0,0.0,hospitalización a domicilio,sí,4.0,no,hospital C,urgente,21/04/2025,no,distrito 9,no
cardiología,34.0,hombre,4.0,2.0,0.0,residencia,no,6.0,no,hospital B,urgente,04/12/2024,no,distrito 8,no
medicina interna,65.0,mujer,12.0,3.0,1.0,domicilio,no,4.0,no,hospital F,urgente,14/06/2024,no,distrito 4,no
cardiología,43.0,hombre,8.0,3.0,0.0,domicilio,sí,4.0,no,hospital F,programado,15/08/2025,no,distrito 9,sí
medicina interna,68.0,mujer,7.0,0.0,0.0,domicilio,sí,6.0,no,hospital E,urgente,22/04/2025,no,distrito 2,no
medicina interna,66.0,hombre,2.0,6.0,0.0,domicilio,sí,8.0,sí,hospital D,urgente,10/08/2025,si,distrito 7,no
medicina interna,89.0,hombre,5.0,2.0,0.0,domicilio,no,4.0,no,hospital B,urgente,19/08/2025,no,distrito 3,no
traumatología,62.0,hombre,4.0,3.0,3.0,domicilio,sí,8.0,no,hospital E,urgente,19/09/2025,no,distrito 9,no
  cirugía general ,67.0,mujer,6.0,0.0,1.0,domicilio,sí,5.0,no,hospital A,urgente,10/12/2024,no,distrito 4,sí
traumatología,73.0,hombre,5.0,3.0,0.0,centro de media estancia,sí,11.0,no,hospital B,programado,26/06/2024,no,distrito 4,no
digestivo,88.0,mujer,2.0,1.0,3.0,domicilio,no,4.0,no,hospital D,urgente,03/12/2024,no,distrito 9,no
TRAUMATOLOGÍA,64.0,hombre,7.0,0.0,0.0,domicilio,sí,0.0,no,hospital F,urgente,03/09/2025,no,distrito 9,no
  cardiología ,33.0,hombre,2.0,5.0,1.0,domicilio,sí,4.0,no,hospital F,N/D,07/11/2025,no,distrito 6,no
cirugía general,87.0,mujer,1.0,7.0,1.0,domicilio,sí,5.0,no,hospital B,urgente,05/01/2025,si,distrito 8,sí
cardiología,82.0,mujer,4.0,4.0,1.0,residencia,no,6.0,sí,hospital B,urgente,16/06/2024,no,distrito 2,no
cirugía general,91.0,mujer,4.0,2.0,2.0,domicilio,sí,4.0,no,hospital A,programado,09/08/2025,no,distrito 7,sí
  medicina interna ,94.0,mujer,9.0,8.0,0.0,domicilio,sí,25.0,no,hospital C,urgente,15/11/2025,no,distrito 2,sí
digestivo,63.0,mujer,6.0,0.0,0.0,residencia,sí,3.0,no,hospital D,urgente,27/01/2025,no,distrito 4,sí
neumología,69.0,hombre,8.0,5.0,0.0,domicilio,sí,4.0,no,hospital A,urgente,31/01/2025,no,distrito 5,no
medicina interna,98.0,mujer,18.0,1.0,0.0,centro de media estancia,sí,1.0,no,hospital B,urgente,07/12/2024,si,distrito 2,sí
digestivo,52.0,mujer,5.0,6.0,0.0,domicilio,no,10.0,sí,hospital A,urgente,21/05/2025,no,distrito 10,sí
cirugía general,45.0,hombre,9.0,1.0,1.0,domicilio,sí,0.0,no,hospital B,urgente,21/06/2024,no,distrito 7,sí
cirugía general,69.0,mujer,6.0,0.0,0.0,centro de media estancia,sí,7.0,no,hospital E,programado,01/06/2025,no,distrito 8,no
cirugía general,53.0,mujer,12.0,2.0,0.0,residencia,no,2.0,no,hospital B,programado,22/06/2025,no,distrito 3,sí
cirugía general,78.0,hombre,1.0,7.0,0.0,domicilio,sí,4.0,no,hospital F,urgente,20/10/2024,si,distrito 8,no
traumatología,50.0,mujer,6.0,0.0,1.0,domicilio,no,1.0,no,hospital B,urgente,24/11/2024,no,distrito 8,sí
neumologia,78.0,mujer,6.0,1.0,0.0,domicilio,sí,18.0,no,hospital B,urgente,27/06/2025,no,distrito 6,sí
  medicina interna ,72.0,hombre,9.0,1.0,1.0,domicilio,no,6.0,no,hospital A,urgente,01/03/2025,no,distrito 5,no
medicina interna,62.0,hombre,5.0,0.0,0.0,domicilio,no,16.0,no,hospital E,programado,02/01/2025,no,distrito 3,no
medicina interna,51.0,hombre,4.0,14.0,1.0,domicilio,no,3.0,no,hospital A,programado,10/07/2025,si,distrito 9,no
neumología,65.0,hombre,7.0,0.0,1.0,residencia,sí,8.0,no,hospital D,urgente,24/07/2024,no,distrito 2,sí
DIGESTIVO,36.0,mujer,6.0,0.0,0.0,domicilio,sí,5.0,no,hospital E,programado,21/09/2024,no,distrito 7,sí
medicina interna,61.0,mujer,6.0,0.0,0.0,residencia,sí,3.0,no,hospital E,programado,08/07/2024,no,distrito 5,sí
neumología,89.0,mujer,1.0,0.0,1.0,domicilio,no,6.0,no,hospital A,urgente,19/01/2025,no,distrito 2,sí
cardiología,18.0,mujer,15.0,1.0,0.0,residencia,no,5.0,no,hospital B,urgente,19/01/2025,no,distrito 6,sí
medicina interna,57.0,hombre,5.0,7.0,0.0,domicilio,sí,10.0,no,hospital E,urgente,30/08/2024,no,distrito 1,no
medicina interna,69.0,mujer,4.0,8.0,0.0,domicilio,no,2.0,no,hospital F,urgente,12/11/2025,no,distrito 5,sí
CIRUGÍA GENERAL,18.0,mujer,9.0,2.0,0.0,domicilio,sí,2.0,no,hospital F,N/D,21/10/2025,no,distrito 3,no
  digestivo ,70.0,mujer,15.0,1.0,0.0,domicilio,no,19.0,no,hospital D,urgente,03/08/2025,no,distrito 10,no
NEUMOLOGÍA,91.0,mujer,12.0,2.0,0.0,domicilio,no,4.0,no,hospital E,programado,04/12/2024,si,distrito 7,sí
MEDICINA INTERNA,51.0,hombre,3.0,0.0,0.0,domicilio,sí,1.0,sí,hospital D,urgente,22/10/2024,no,distrito 6,sí
traumatología,96.0,mujer,11.0,1.0,0.0,domicilio,sí,0.0,sí,hospital B,urgente,22/10/2025,no,distrito 7,sí
medicina interna,44.0,mujer,12.0,2.0,0.0,domicilio,sí,1.0,sí,hospital B,urgente,24/01/2025,no,distrito 9,no
medicina interna,67.0,hombre,6.0,4.0,0.0,domicilio,sí,5.0,sí,hospital A,urgente,23/08/2025,no,distrito 10,sí
medicina interna,70.0,hombre,5.0,4.0,0.0,domicilio,sí,5.0,no,hospital D,urgente,12/10/2025,no,distrito 4,no
traumatología,88.0,hombre,-99.0,0.0,0.0,domicilio,sí,10.0,no,hospital A,programado,13/09/2024,no,distrito 4,no
medicina interna,67.0,hombre,0.0,4.0,2.0,residencia,sí,8.0,sí,hospital F,N/D,31/07/2024,no,distrito 7,sí
cirugía general,42.0,hombre,7.0,11.0,0.0,domicilio,no,7.0,no,hospital B,programado,01/09/2025,si,distrito 7,no
cardiología,45.0,mujer,5.0,2.0,2.0,domicilio,sí,5.0,no,hospital A,urgente,06/11/2024,no,distrito 2,no
medicina interna,61.0,hombre,13.0,8.0,1.0,domicilio,sí,4.0,sí,hospital A,urgente,11/10/2025,no,distrito 6,no
cirugía general,80.0,hombre,12.0,3.0,0.0,domicilio,sí,12.0,no,hospital C,urgente,18/11/2025,no,distrito 4,no
neumología,78.0,hombre,6.0,3.0,0.0,residencia,sí,3.0,no,hospital C,urgente,30/05/2025,no,distrito 2,sí
traumatología,54.0,mujer,9.0,3.0,0.0,domicilio,sí,6.0,no,hospital F,urgente,05/01/2025,no,distrito 2,sí
traumatología,74.0,hombre,1.0,8.0,0.0,domicilio,sí,5.0,no,hospital A,programado,10/04/2025,no,distrito 7,no
cirugía general,58.0,mujer,5.0,2.0,0.0,domicilio,sí,16.0,no,hospital C,urgente,05/11/2025,no,distrito 7,no
  digestivo ,74.0,hombre,8.0,4.0,0.0,domicilio,no,0.0,no,hospital F,urgente,09/08/2024,si,distrito 8,sí
cardiologia,83.0,mujer,13.0,5.0,0.0,domicilio,no,5.0,no,hospital B,urgente,18/12/2024,no,distrito 6,no
traumatología,83.0,mujer,3.0,1.0,0.0,domicilio,sí,1.0,sí,hospital D,urgente,10/11/2025,no,distrito 5,no
digestivo,90.0,hombre,6.0,3.0,0.0,domicilio,sí,1.0,sí,hospital F,programado,23/11/2024,no,distrito 3,no
neumología,54.0,mujer,7.0,1.0,1.0,domicilio,no,4.0,no,hospital D,urgente,29/06/2024,no,distrito 7,no
CARDIOLOGÍA,75.0,hombre,9.0,2.0,0.0,residencia,sí,1.0,no,hospital C,programado,13/06/2025,si,distrito 4,sí
medicina interna,75.0,hombre,8.0,2.0,0.0,hospitalización a domicilio,no,4.0,no,hospital C,programado,27/08/2024,no,distrito 1,no
CARDIOLOGÍA,53.0,hombre,13.0,1.0,3.0,domicilio,sí,9.0,no,hospital C,urgente,29/08/2025,si,distrito 5,sí
cardiología,80.0,hombre,9.0,1.0,1.0,domicilio,no,3.0,no,hospital A,urgente,31/10/2024,no,distrito 9,no
cirugia general,56.0,hombre,9.0,3.0,0.0,domicilio,no,3.0,sí,hospital B,urgente,02/06/2024,no,distrito 8,no
cardiología,56.0,hombre,2.0,2.0,0.0,domicilio,no,10.0,no,hospital A,urgente,20/09/2024,no,distrito 3,sí
medicina interna,62.0,mujer,2.0,2.0,5.0,domicilio,no,4.0,no,hospital F,N/D,19/09/2025,no,distrito 7,sí
digestivo,22.0,hombre,9.0,1.0,0.0,domicilio,no,3.0,sí,hospital C,programado,10/02/2025,no,distrito 1,sí
traumatología,73.0,hombre,7.0,0.0,0.0,domicilio,sí,11.0,sí,hospital A,urgente,01/05/2025,no,distrito 5,no
traumatología,69.0,mujer,18.0,0.0,0.0,domicilio,sí,3.0,no,hospital F,urgente,11/04/2025,no,distrito 4,no
neumologia,94.0,mujer,9.0,4.0,1.0,domicilio,sí,10.0,no,hospital A,N/D,18/03/2025,si,distrito 9,no
cardiología,56.0,mujer,13.0,2.0,0.0,residencia,no,11.0,no,hospital B,urgente,18/07/2024,no,distrito 9,no
traumatología,50.0,hombre,8.0,0.0,0.0,domicilio,no,10.0,no,hospital F,urgente,09/04/2025,no,distrito 7,sí
cirugía general,82.0,mujer,-99.0,0.0,0.0,domicilio,no,5.0,no,hospital F,urgente,14/11/2025,no,distrito 3,no
traumatología,47.0,mujer,7.0,5.0,0.0,centro de media estancia,sí,3.0,sí,hospital E,urgente,31/08/2024,no,distrito 5,sí
digestivo,50.0,hombre,5.0,4.0,0.0,domicilio,no,5.0,no,hospital B,urgente,10/06/2024,no,distrito 5,sí
cardiología,38.0,mujer,9.0,1.0,0.0,centro de media estancia,no,5.0,no,hospital B,urgente,09/08/2024,no,distrito 5,no
cardiología,65.0,hombre,4.0,2.0,1.0,domicilio,sí,3.0,no,hospital C,programado,12/07/2025,no,distrito 9,sí
medicina interna,46.0,hombre,9.0,1.0,0.0,hospitalización a domicilio,no,5.0,no,hospital A,urgente,21/06/2024,no,distrito 8,no
  digestivo ,41.0,hombre,10.0,2.0,2.0,domicilio,sí,3.0,no,hospital E,urgente,09/03/2025,no,distrito 10,no
traumatología,50.0,hombre,19.0,6.0,1.0,domicilio,no,4.0,no,hospital C,programado,04/10/2024,no,distrito 9,no
cardiología,84.0,mujer,7.0,2.0,3.0,domicilio,no,5.0,no,hospital F,urgente,19/11/2025,si,distrito 9,sí
digestivo,73.0,mujer,5.0,6.0,0.0,residencia,sí,2.0,sí,hospital B,urgente,03/06/2025,si,distrito 10,no
cirugía general,75.0,hombre,7.0,1.0,0.0,domicilio,sí,4.0,no,hospital A,urgente,03/05/2025,no,distrito 10,no
cirugía general,32.0,mujer,12.0,2.0,2.0,domicilio,sí,16.0,sí,hospital E,urgente,08/09/2025,no,distrito 3,sí
medicina interna,64.0,hombre,4.0,0.0,0.0,domicilio,sí,2.0,no,hospital D,programado,01/07/2025,no,distrito 8,no
neumología,76.0,hombre,2.0,1.0,0.0,domicilio,no,1.0,no,hospital F,programado,28/11/2024,no,distrito 2,sí
cirugía general,64.0,mujer,6.0,3.0,2.0,domicilio,no,7.0,no,hospital F,urgente,28/08/2025,si,distrito 1,no
medicina interna,53.0,mujer,-99.0,0.0,0.0,domicilio,no,7.0,no,hospital C,programado,25/06/2025,no,distrito 3,no
digestivo,56.0,hombre,19.0,2.0,0.0,domicilio,sí,8.0,no,hospital E,urgente,12/10/2024,no,distrito 9,no
cardiología,64.0,mujer,0.0,5.0,0.0,residencia,sí,3.0,sí,hospital A,urgente,08/07/2024,si,distrito 7,no
cirugía general,80.0,hombre,12.0,0.0,1.0,domicilio,sí,5.0,sí,hospital D,urgente,16/10/2024,no,distrito 9,no
medicina interna,72.0,hombre,17.0,0.0,0.0,hospitalización a domicilio,no,8.0,no,hospital C,urgente,21/03/2025,no,distrito 9,sí
CARDIOLOGÍA,64.0,hombre,4.0,0.0,0.0,residencia,sí,10.0,no,hospital B,programado,22/06/2025,no,distrito 6,sí
cardiología,52.0,mujer,20.0,3.0,1.0,residencia,no,2.0,sí,hospital F,urgente,25/12/2024,no,distrito 1,no
  medicina interna ,58.0,hombre,4.0,2.0,0.0,domicilio,no,17.0,no,hospital C,urgente,11/08/2024,no,distrito 1,no
cirugía general,26.0,mujer,14.0,2.0,0.0,domicilio,sí,5.0,no,hospital A,programado,24/03/2025,no,distrito 9,no
medicina interna,76.0,mujer,1.0,3.0,1.0,domicilio,sí,12.0,sí,hospital A,programado,25/04/2025,no,distrito 8,no
medicina interna,64.0,mujer,8.0,2.0,0.0,centro de media estancia,no,2.0,no,hospital C,programado,22/09/2025,no,distrito 5,no
cardiología,79.0,hombre,0.0,3.0,1.0,domicilio,sí,5.0,sí,hospital A,programado,30/12/2024,no,distrito 7,sí
cardiología,70.0,mujer,7.0,2.0,3.0,domicilio,sí,0.0,no,hospital A,urgente,16/10/2024,no,distrito 1,no
neumología,85.0,mujer,5.0,0.0,0.0,domicilio,no,1.0,sí,hospital F,urgente,30/08/2024,no,distrito 2,sí
  cirugía general ,77.0,mujer,2.0,3.0,0.0,domicilio,sí,13.0,no,hospital E,urgente,22/11/2025,si,distrito 7,no
cirugía general,18.0,hombre,13.0,0.0,0.0,domicilio,sí,11.0,no,hospital D,urgente,14/04/2025,no,distrito 8,sí
cirugía general,58.0,mujer,22.0,0.0,0.0,domicilio,no,0.0,no,hospital C,urgente,21/11/2024,no,distrito 6,no
cirugía general,93.0,mujer,0.0,2.0,2.0,centro de media estancia,sí,11.0,no,hospital B,urgente,07/08/2024,no,distrito 5,no
traumatología,66.0,hombre,10.0,3.0,3.0,domicilio,no,0.0,sí,hospital B,programado,01/07/2025,si,distrito 4,no
cirugía general,69.0,mujer,-99.0,0.0,2.0,residencia,sí,4.0,no,hospital A,programado,23/10/2025,no,distrito 6,sí
CARDIOLOGÍA,75.0,mujer,9.0,1.0,0.0,domicilio,no,2.0,no,hospital F,N/D,20/11/2024,no,distrito 3,sí
neumología,100.0,hombre,15.0,8.0,1.0,domicilio,no,7.0,no,hospital A,programado,09/09/2025,si,distrito 2,sí
medicina interna,41.0,hombre,-99.0,0.0,1.0,domicilio,no,1.0,no,hospital A,urgente,22/10/2025,no,distrito 7,no
medicina interna,70.0,hombre,2.0,3.0,1.0,domicilio,no,4.0,no,hospital F,urgente,03/07/2025,no,distrito 7,no
cirugía general,84.0,hombre,3.0,1.0,0.0,residencia,no,6.0,sí,hospital C,urgente,09/12/2024,no,distrito 6,sí
cardiología,75.0,mujer,6.0,0.0,1.0,domicilio,sí,11.0,no,hospital A,urgente,26/08/2024,no,distrito 10,no
cardiología,72.0,mujer,8.0,0.0,0.0,domicilio,sí,10.0,sí,hospital D,programado,15/01/2025,no,distrito 4,no
  neumología ,51.0,mujer,11.0,3.0,0.0,domicilio,no,1.0,sí,hospital B,urgente,08/06/2024,no,distrito 9,no
cirugía general,95.0,mujer,3.0,0.0,1.0,residencia,sí,5.0,no,hospital E,urgente,23/06/2024,no,distrito 10,sí
neumología,27.0,mujer,9.0,0.0,0.0,domicilio,sí,16.0,no,hospital B,urgente,10/03/2025,no,distrito 9,no
neumología,73.0,mujer,6.0,1.0,0.0,domicilio,no,4.0,no,hospital A,urgente,27/02/2025,no,distrito 8,no
traumatología,50.0,hombre,13.0,0.0,0.0,residencia,no,7.0,no,hospital D,programado,04/10/2024,no,distrito 4,no
cardiología,54.0,mujer,4.0,1.0,1.0,domicilio,sí,7.0,sí,hospital D,urgente,08/09/2024,no,distrito 5,no
cirugía general,81.0,hombre,11.0,2.0,1.0,domicilio,no,4.0,no,hospital D,urgente,30/08/2024,no,distrito 6,no
TRAUMATOLOGÍA,61.0,hombre,3.0,1.0,1.0,domicilio,sí,14.0,no,hospital B,programado,08/05/2025,no,distrito 5,no
traumatología,100.0,mujer,6.0,7.0,1.0,domicilio,sí,7.0,sí,hospital A,urgente,18/02/2025,no,distrito 9,no
neumología,79.0,mujer,-99.0,6.0,0.0,domicilio,sí,2.0,no,hospital C,urgente,10/08/2024,no,distrito 3,sí
traumatología,71.0,mujer,3.0,2.0,0.0,residencia,no,7.0,no,hospital E,programado,07/10/2024,si,distrito 9,no
traumatología,45.0,mujer,4.0,3.0,0.0,centro de media estancia,sí,0.0,no,hospital E,programado,03/02/2025,no,distrito 7,no
cardiología,58.0,hombre,7.0,1.0,0.0,domicilio,sí,11.0,no,hospital E,urgente,16/03/2025,no,distrito 7,no
medicina interna,50.0,mujer,11.0,1.0,1.0,hospitalización a domicilio,no,0.0,sí,hospital F,programado,16/03/2025,si,distrito 8,no
medicina interna,78.0,mujer,23.0,9.0,0.0,centro de media estancia,sí,12.0,no,hospital C,urgente,21/08/2025,si,distrito 2,no
TRAUMATOLOGÍA,79.0,mujer,11.0,3.0,1.0,hospitalización a domicilio,sí,7.0,sí,hospital A,urgente,30/10/2025,no,distrito 7,no
traumatología,78.0,hombre,8.0,0.0,0.0,residencia,sí,13.0,no,hospital F,urgente,07/08/2025,no,distrito 3,no
traumatología,70.0,hombre,2.0,0.0,0.0,domicilio,sí,6.0,no,hospital C,urgente,19/07/2024,no,distrito 7,sí
medicina interna,76.0,hombre,7.0,4.0,3.0,residencia,no,6.0,no,hospital B,urgente,26/11/2024,si,distrito 9,no
neumología,51.0,mujer,6.0,0.0,1.0,domicilio,sí,7.0,no,hospital E,programado,16/09/2024,no,distrito 8,no
medicina interna,75.0,hombre,29.0,3.0,0.0,centro de media estancia,no,3.0,no,hospital D,programado,18/11/2025,no,distrito 3,no
traumatología,93.0,hombre,7.0,1.0,0.0,domicilio,no,9.0,no,hospital A,urgente,19/10/2025,no,distrito 4,sí
cirugía general,95.0,mujer,-99.0,1.0,0.0,domicilio,no,1.0,no,hospital F,urgente,02/02/2025,no,distrito 2,sí
cirugía general,57.0,hombre,3.0,3.0,0.0,domicilio,no,16.0,no,hospital E,programado,27/02/2025,no,distrito 1,no
medicina interna,68.0,mujer,2.0,1.0,0.0,residencia,sí,2.0,no,hospital E,urgente,01/02/2025,no,distrito 8,no
medicina interna,54.0,mujer,5.0,3.0,0.0,domicilio,no,19.0,no,hospital D,urgente,01/08/2025,no,distrito 3,sí
cirugía general,51.0,hombre,20.0,2.0,0.0,residencia,sí,13.0,sí,hospital A,urgente,09/01/2025,si,distrito 10,no
neumología,66.0,mujer,10.0,0.0,1.0,domicilio,sí,0.0,no,hospital E,urgente,25/07/2024,no,distrito 7,sí
MEDICINA INTERNA,83.0,mujer,2.0,5.0,1.0,domicilio,no,17.0,no,hospital A,urgente,16/02/2025,no,distrito 7,sí
cardiología,77.0,hombre,9.0,3.0,1.0,domicilio,sí,2.0,sí,hospital D,urgente,11/10/2024,no,distrito 4,sí
cirugía general,66.0,mujer,7.0,2.0,3.0,residencia,sí,7.0,sí,hospital D,urgente,25/06/2024,no,distrito 2,no
traumatología,56.0,hombre,11.0,5.0,0.0,residencia,no,3.0,no,hospital F,urgente,31/03/2025,no,distrito 9,sí
digestivo,60.0,mujer,2.0,6.0,0.0,hospitalización a domicilio,sí,13.0,sí,hospital E,urgente,03/06/2025,no,distrito 7,sí
traumatologia,100.0,hombre,3.0,0.0,0.0,domicilio,no,4.0,no,hospital F,programado,09/08/2024,no,distrito 2,sí
  medicina interna ,50.0,mujer,12.0,5.0,0.0,domicilio,no,9.0,no,hospital F,urgente,19/03/2025,no,distrito 3,sí
digestivo,87.0,mujer,13.0,1.0,1.0,domicilio,no,4.0,no,hospital A,N/D,13/05/2025,no,distrito 4,no
traumatología,75.0,mujer,13.0,4.0,1.0,domicilio,no,11.0,no,hospital B,urgente,13/02/2025,no,distrito 7,no
traumatologia,60.0,mujer,9.0,1.0,3.0,domicilio,no,0.0,sí,hospital A,programado,29/08/2024,no,distrito 8,no
medicina interna,72.0,mujer,4.0,1.0,0.0,domicilio,sí,0.0,no,hospital A,urgente,20/09/2025,no,distrito 6,sí
neumología,57.0,mujer,7.0,0.0,3.0,domicilio,sí,6.0,no,hospital C,urgente,11/12/2024,no,distrito 4,no
DIGESTIVO,71.0,hombre,-99.0,10.0,1.0,hospitalización a domicilio,sí,2.0,no,hospital B,urgente,25/02/2025,no,distrito 8,sí
medicina interna,62.0,mujer,19.0,1.0,0.0,domicilio,sí,3.0,no,hospital B,urgente,09/06/2024,no,distrito 2,no
TRAUMATOLOGÍA,48.0,hombre,3.0,0.0,0.0,domicilio,sí,11.0,no,hospital B,urgente,18/08/2024,no,distrito 8,no
traumatología,41.0,mujer,5.0,2.0,3.0,domicilio,no,9.0,no,hospital D,urgente,05/06/2025,no,distrito 7,no
cirugía general,64.0,hombre,7.0,4.0,0.0,domicilio,sí,0.0,no,hospital A,urgente,29/07/2024,si,distrito 6,sí
traumatología,76.0,mujer,-99.0,0.0,0.0,domicilio,sí,2.0,no,hospital C,urgente,31/03/2025,no,distrito 8,no
medicina interna,41.0,mujer,5.0,2.0,2.0,domicilio,sí,7.0,no,hospital C,urgente,05/06/2024,no,distrito 10,sí
cardiologia,55.0,mujer,3.0,0.0,1.0,domicilio,sí,16.0,sí,hospital E,urgente,07/11/2025,no,distrito 6,sí
neumología,44.0,mujer,17.0,2.0,0.0,residencia,no,7.0,sí,hospital A,urgente,16/02/2025,no,distrito 7,no
CIRUGÍA GENERAL,85.0,hombre,5.0,9.0,0.0,domicilio,sí,3.0,no,hospital C,urgente,15/11/2025,si,distrito 9,no
  cirugía general ,46.0,hombre,7.0,0.0,0.0,domicilio,sí,5.0,no,hospital E,urgente,19/03/2025,no,distrito 3,sí
cardiología,88.0,hombre,6.0,0.0,0.0,domicilio,sí,3.0,no,hospital C,urgente,12/05/2025,no,distrito 6,no
traumatología,83.0,hombre,4.0,1.0,0.0,domicilio,no,5.0,sí,hospital B,urgente,07/07/2025,no,distrito 2,no
medicina interna,21.0,mujer,3.0,0.0,2.0,domicilio,no,6.0,no,hospital E,urgente,12/12/2024,no,distrito 7,no
MEDICINA INTERNA,55.0,hombre,3.0,0.0,0.0,domicilio,no,17.0,no,hospital E,programado,22/07/2025,no,distrito 5,sí
cardiologia,60.0,hombre,-99.0,1.0,1.0,domicilio,sí,6.0,sí,hospital B,urgente,13/05/2025,no,distrito 5,no
neumología,70.0,hombre,1.0,0.0,0.0,domicilio,no,6.0,sí,hospital B,urgente,09/11/2025,no,distrito 8,no
cirugía general,69.0,mujer,-99.0,6.0,0.0,domicilio,sí,6.0,sí,hospital D,urgente,27/08/2024,si,distrito 9,sí
traumatología,46.0,hombre,8.0,0.0,0.0,domicilio,sí,26.0,no,hospital F,urgente,13/08/2024,no,distrito 5,sí
neumología,53.0,hombre,2.0,5.0,0.0,domicilio,no,5.0,no,hospital C,N/D,02/06/2024,no,distrito 8,sí
traumatologia,73.0,mujer,6.0,0.0,0.0,hospitalización a domicilio,no,7.0,no,hospital F,programado,31/01/2025,no,distrito 10,no
traumatología,86.0,mujer,4.0,3.0,0.0,domicilio,no,7.0,no,hospital B,urgente,28/12/2024,no,distrito 5,no
medicina interna,71.0,hombre,3.0,1.0,0.0,domicilio,no,7.0,sí,hospital D,urgente,06/01/2025,no,distrito 6,no
digestivo,82.0,mujer,4.0,1.0,0.0,domicilio,sí,6.0,no,hospital D,urgente,23/11/2024,no,distrito 8,no
neumología,67.0,mujer,3.0,4.0,2.0,domicilio,no,4.0,sí,hospital D,urgente,21/02/2025,si,distrito 1,sí
medicina interna,72.0,mujer,5.0,1.0,0.0,domicilio,sí,2.0,no,hospital C,urgente,30/09/2024,no,distrito 2,sí
digestivo,46.0,mujer,-99.0,4.0,1.0,domicilio,no,0.0,no,hospital A,programado,04/07/2025,no,distrito 7,no
neumología,85.0,mujer,6.0,0.0,0.0,centro de media estancia,no,3.0,sí,hospital B,programado,14/04/2025,no,distrito 2,sí
medicina interna,70.0,hombre,5.0,1.0,4.0,domicilio,no,6.0,sí,hospital E,programado,27/03/2025,no,distrito 5,sí
medicina interna,47.0,hombre,12.0,1.0,1.0,domicilio,no,5.0,sí,hospital D,programado,01/06/2024,no,distrito 3,sí
TRAUMATOLOGÍA,82.0,mujer,5.0,0.0,0.0,domicilio,no,3.0,no,hospital F,urgente,20/06/2025,no,distrito 10,sí
neumología,73.0,hombre,4.0,0.0,0.0,hospitalización a domicilio,no,0.0,no,hospital A,urgente,21/10/2025,no,distrito 4,no
TRAUMATOLOGÍA,88.0,hombre,15.0,3.0,1.0,domicilio,no,6.0,no,hospital B,programado,17/10/2024,no,distrito 3,no
medicina interna,50.0,mujer,7.0,1.0,0.0,hospitalización a domicilio,sí,2.0,no,hospital D,urgente,07/10/2024,no,distrito 10,no
traumatología,73.0,mujer,5.0,7.0,0.0,domicilio,sí,2.0,sí,hospital D,programado,28/03/2025,no,distrito 5,sí
traumatología,72.0,mujer,15.0,0.0,0.0,residencia,no,3.0,no,hospital E,N/D,25/02/2025,no,distrito 3,no
TRAUMATOLOGÍA,49.0,hombre,5.0,1.0,1.0,residencia,sí,6.0,sí,hospital C,urgente,30/09/2025,no,distrito 5,no
  cirugía general ,82.0,mujer,13.0,7.0,2.0,domicilio,sí,5.0,no,hospital A,urgente,30/07/2025,si,distrito 2,no
medicina interna,37.0,mujer,6.0,0.0,0.0,domicilio,sí,16.0,no,hospital B,programado,24/08/2025,no,distrito 1,no
  cirugía general ,77.0,mujer,1.0,2.0,1.0,domicilio,sí,3.0,no,hospital C,programado,22/09/2025,no,distrito 2,sí
traumatología,49.0,hombre,11.0,3.0,0.0,domicilio,sí,5.0,no,hospital C,urgente,21/02/2025,no,distrito 10,sí
  medicina interna ,98.0,hombre,6.0,0.0,0.0,hospitalización a domicilio,no,3.0,no,hospital F,programado,08/10/2025,no,distrito 8,no
  medicina interna ,66.0,mujer,7.0,0.0,0.0,domicilio,sí,4.0,sí,hospital E,urgente,27/10/2024,no,distrito 3,sí
medicina interna,70.0,hombre,10.0,0.0,0.0,domicilio,sí,6.0,no,hospital C,urgente,21/03/2025,no,distrito 10,no
cardiología,50.0,mujer,5.0,3.0,1.0,domicilio,sí,1.0,no,hospital D,programado,15/11/2025,no,distrito 5,no
cirugía general,72.0,mujer,14.0,3.0,0.0,hospitalización a domicilio,no,4.0,sí,hospital D,N/D,15/10/2025,no,distrito 7,no
neumología,96.0,mujer,3.0,1.0,0.0,hospitalización a domicilio,sí,10.0,no,hospital B,programado,08/06/2024,no,distrito 1,sí
cirugía general,82.0,mujer,5.0,1.0,0.0,residencia,sí,2.0,no,hospital B,urgente,04/04/2025,no,distrito 8,no
medicina interna,71.0,mujer,2.0,3.0,2.0,residencia,no,6.0,no,hospital C,programado,19/08/2025,si,distrito 9,no
traumatologia,76.0,mujer,1.0,7.0,1.0,residencia,sí,13.0,sí,hospital A,programado,22/08/2024,no,distrito 10,no
cirugía general,58.0,mujer,8.0,8.0,1.0,residencia,sí,1.0,sí,hospital A,urgente,23/06/2025,no,distrito 10,sí
cirugía general,81.0,hombre,7.0,7.0,0.0,domicilio,no,2.0,no,hospital A,urgente,30/08/2025,no,distrito 3,sí
  cirugía general ,75.0,mujer,2.0,0.0,0.0,hospitalización a domicilio,sí,7.0,no,hospital E,programado,12/09/2025,no,distrito 4,sí
digestivo,67.0,mujer,6.0,0.0,1.0,hospitalización a domicilio,sí,2.0,sí,hospital D,programado,13/11/2025,no,distrito 9,no
  medicina interna ,71.0,hombre,-99.0,3.0,1.0,domicilio,sí,4.0,sí,hospital B,urgente,11/05/2025,si,distrito 1,sí
traumatología,49.0,hombre,1.0,4.0,1.0,domicilio,sí,4.0,no,hospital D,urgente,07/11/2025,si,distrito 6,sí
neumología,49.0,mujer,3.0,0.0,1.0,domicilio,sí,4.0,no,hospital B,programado,17/08/2025,no,distrito 2,sí
  medicina interna ,54.0,mujer,19.0,2.0,0.0,domicilio,no,12.0,no,hospital A,urgente,29/12/2024,si,distrito 9,no
medicina interna,69.0,mujer,2.0,0.0,0.0,hospitalización a domicilio,sí,3.0,no,hospital E,urgente,11/08/2025,no,distrito 5,no
digestivo,83.0,mujer,16.0,2.0,3.0,domicilio,sí,4.0,no,hospital E,programado,12/12/2024,no,distrito 9,sí
cardiología,82.0,hombre,19.0,4.0,0.0,domicilio,no,6.0,no,hospital D,urgente,07/12/2024,si,distrito 9,no
CIRUGÍA GENERAL,74.0,hombre,7.0,6.0,0.0,domicilio,no,4.0,no,hospital D,programado,03/01/2025,no,distrito 2,sí
MEDICINA INTERNA,92.0,hombre,5.0,3.0,0.0,domicilio,sí,5.0,no,hospital E,programado,05/03/2025,no,distrito 7,no
  traumatología ,67.0,mujer,6.0,14.0,1.0,domicilio,sí,11.0,sí,hospital B,urgente,03/07/2024,si,distrito 6,sí
traumatología,72.0,hombre,7.0,0.0,0.0,domicilio,sí,6.0,no,hospital B,urgente,28/07/2024,no,distrito 2,no
cardiología,79.0,mujer,7.0,0.0,2.0,domicilio,no,1.0,no,hospital B,urgente,25/11/2024,no,distrito 5,no
TRAUMATOLOGÍA,64.0,hombre,9.0,1.0,0.0,residencia,no,9.0,no,hospital A,programado,07/07/2025,no,distrito 3,no
  cardiología ,40.0,mujer,7.0,1.0,0.0,residencia,sí,0.0,no,hospital D,urgente,20/12/2024,no,distrito 2,no
traumatología,43.0,mujer,6.0,1.0,1.0,residencia,sí,1.0,no,hospital D,programado,24/07/2025,no,distrito 2,no
cardiología,63.0,mujer,5.0,1.0,2.0,domicilio,no,16.0,no,hospital E,urgente,17/10/2025,no,distrito 3,no
cirugía general,69.0,mujer,7.0,2.0,0.0,domicilio,no,3.0,no,hospital A,urgente,19/12/2024,no,distrito 8,no
digestivo,89.0,hombre,9.0,4.0,0.0,domicilio,sí,13.0,sí,hospital D,programado,21/06/2024,no,distrito 8,no
traumatología,71.0,hombre,9.0,1.0,9.0,domicilio,sí,10.0,no,hospital D,urgente,17/07/2024,no,distrito 9,no
medicina interna,74.0,mujer,16.0,4.0,2.0,hospitalización a domicilio,no,6.0,no,hospital A,urgente,26/06/2024,no,distrito 2,no
medicina interna,67.0,mujer,5.0,0.0,4.0,domicilio,sí,2.0,no,hospital A,programado,19/07/2024,no,distrito 10,no
CARDIOLOGÍA,63.0,mujer,6.0,1.0,1.0,domicilio,sí,3.0,no,hospital D,programado,15/03/2025,no,distrito 3,no
medicina interna,67.0,mujer,5.0,2.0,0.0,domicilio,sí,8.0,no,hospital E,programado,11/10/2024,si,distrito 7,no
traumatología,78.0,hombre,12.0,1.0,0.0,domicilio,sí,5.0,no,hospital D,urgente,21/09/2025,no,distrito 1,sí
medicina interna,64.0,mujer,9.0,0.0,0.0,domicilio,sí,13.0,no,hospital F,urgente,05/03/2025,no,distrito 1,no
traumatología,87.0,mujer,8.0,0.0,0.0,hospitalización a domicilio,sí,5.0,no,hospital A,programado,30/07/2025,no,distrito 2,sí
cardiología,49.0,hombre,2.0,2.0,0.0,domicilio,sí,7.0,no,hospital C,urgente,07/06/2025,no,distrito 3,no
cirugía general,100.0,mujer,4.0,3.0,4.0,domicilio,no,2.0,no,hospital B,urgente,08/04/2025,no,distrito 7,sí
MEDICINA INTERNA,43.0,mujer,-99.0,2.0,1.0,residencia,sí,9.0,sí,hospital E,urgente,17/10/2024,no,distrito 8,sí
traumatología,86.0,hombre,5.0,0.0,0.0,domicilio,sí,14.0,no,hospital C,urgente,12/10/2025,no,distrito 7,no
traumatología,38.0,mujer,7.0,0.0,0.0,domicilio,no,8.0,no,hospital F,urgente,04/10/2024,no,distrito 9,no
cirugía general,54.0,hombre,4.0,0.0,4.0,domicilio,no,4.0,no,hospital E,urgente,16/06/2024,no,distrito 1,sí
cirugía general,89.0,hombre,21.0,7.0,0.0,domicilio,no,3.0,sí,hospital D,programado,22/07/2025,no,distrito 1,sí
medicina interna,83.0,hombre,5.0,0.0,2.0,domicilio,no,8.0,no,hospital F,programado,19/09/2025,no,distrito 5,no
  traumatología ,48.0,hombre,7.0,0.0,3.0,domicilio,no,3.0,sí,hospital A,urgente,01/10/2024,no,distrito 7,sí
cardiología,76.0,hombre,3.0,5.0,0.0,domicilio,sí,4.0,no,hospital E,programado,01/12/2024,si,distrito 3,no
digestivo,73.0,mujer,6.0,0.0,1.0,hospitalización a domicilio,sí,8.0,no,hospital F,urgente,13/01/2025,no,distrito 1,no
cirugía general,55.0,hombre,8.0,1.0,0.0,residencia,sí,8.0,no,hospital C,urgente,04/03/2025,no,distrito 7,no
  traumatología ,51.0,mujer,14.0,0.0,2.0,residencia,sí,0.0,no,hospital B,programado,30/07/2024,no,distrito 3,sí
  neumología ,45.0,mujer,1.0,0.0,0.0,hospitalización a domicilio,sí,0.0,no,hospital F,programado,24/02/2025,no,distrito 6,sí
CARDIOLOGÍA,60.0,mujer,6.0,0.0,1.0,residencia,no,3.0,sí,hospital E,programado,26/07/2024,no,distrito 8,no
medicina interna,53.0,mujer,6.0,4.0,0.0,residencia,no,11.0,no,hospital D,programado,28/05/2025,no,distrito 10,no
cirugía general,53.0,hombre,7.0,2.0,0.0,domicilio,sí,3.0,no,hospital B,urgente,18/10/2024,no,distrito 3,no
traumatologia,74.0,mujer,16.0,2.0,0.0,domicilio,sí,3.0,no,hospital E,programado,30/06/2024,no,distrito 9,sí
  cirugía general ,42.0,hombre,3.0,0.0,1.0,domicilio,sí,7.0,no,hospital E,urgente,16/08/2025,no,distrito 6,sí
digestivo,81.0,mujer,8.0,2.0,1.0,domicilio,sí,3.0,no,hospital B,programado,30/12/2024,no,distrito 6,no
neumología,88.0,hombre,10.0,3.0,2.0,centro de media estancia,sí,13.0,no,hospital B,urgente,26/09/2024,no,distrito 7,sí
medicina interna,50.0,hombre,4.0,1.0,6.0,domicilio,sí,3.0,sí,hospital F,programado,17/08/2024,no,distrito 10,no
  cardiología ,82.0,hombre,5.0,1.0,0.0,domicilio,no,3.0,sí,hospital E,programado,23/09/2024,no,distrito 9,sí
medicina interna,88.0,hombre,3.0,0.0,1.0,domicilio,sí,1.0,no,hospital B,programado,02/10/2025,no,distrito 4,no
cirugia general,45.0,mujer,4.0,2.0,0.0,domicilio,sí,4.0,no,hospital C,urgente,24/09/2025,no,distrito 10,no
digestivo,51.0,hombre,7.0,0.0,0.0,domicilio,sí,1.0,sí,hospital E,urgente,14/10/2024,no,distrito 9,sí
  traumatología ,49.0,mujer,9.0,1.0,0.0,domicilio,sí,4.0,no,hospital B,urgente,18/07/2024,no,distrito 3,sí
  digestivo ,100.0,hombre,2.0,2.0,0.0,domicilio,sí,5.0,sí,hospital E,urgente,31/10/2024,no,distrito 2,sí
cardiología,77.0,mujer,8.0,0.0,0.0,domicilio,sí,2.0,no,hospital D,urgente,03/06/2025,no,distrito 5,no
MEDICINA INTERNA,82.0,hombre,8.0,1.0,0.0,domicilio,no,2.0,no,hospital C,programado,26/10/2024,no,distrito 6,no
  neumología ,48.0,hombre,4.0,1.0,1.0,domicilio,no,11.0,no,hospital C,urgente,06/07/2024,no,distrito 9,no
traumatología,67.0,hombre,3.0,0.0,0.0,domicilio,sí,13.0,no,hospital B,urgente,20/11/2025,no,distrito 1,sí
neumología,66.0,hombre,14.0,3.0,0.0,domicilio,sí,2.0,sí,hospital F,N/D,04/06/2024,no,distrito 9,sí
cirugía general,62.0,mujer,1.0,0.0,0.0,domicilio,sí,1.0,no,hospital F,programado,28/02/2025,no,distrito 1,sí
traumatología,70.0,hombre,3.0,0.0,0.0,domicilio,sí,1.0,no,hospital F,programado,04/12/2024,no,distrito 5,no
traumatología,51.0,mujer,8.0,5.0,0.0,domicilio,sí,7.0,sí,hospital B,urgente,01/02/2025,no,distrito 2,no
traumatología,65.0,mujer,6.0,4.0,1.0,centro de media estancia,sí,2.0,no,hospital A,urgente,09/07/2025,no,distrito 6,no
neumología,66.0,mujer,2.0,1.0,0.0,domicilio,no,12.0,sí,hospital D,urgente,01/09/2025,no,distrito 10,no
digestivo,27.0,hombre,5.0,5.0,0.0,domicilio,no,7.0,no,hospital D,urgente,14/02/2025,si,distrito 10,sí
cirugía general,56.0,hombre,12.0,7.0,0.0,domicilio,no,14.0,no,hospital E,programado,25/09/2025,si,distrito 8,no
cardiología,58.0,mujer,5.0,4.0,1.0,domicilio,no,1.0,no,hospital E,programado,02/03/2025,si,distrito 5,sí
digestivo,54.0,hombre,20.0,12.0,6.0,residencia,sí,5.0,no,hospital B,urgente,09/10/2024,si,distrito 1,sí
medicina interna,54.0,mujer,9.0,5.0,0.0,domicilio,no,2.0,no,hospital B,urgente,13/10/2025,no,distrito 8,no
cirugía general,77.0,mujer,6.0,2.0,0.0,domicilio,sí,3.0,sí,hospital F,urgente,06/02/2025,no,distrito 6,sí
MEDICINA INTERNA,72.0,hombre,15.0,2.0,0.0,residencia,no,10.0,no,hospital B,programado,19/01/2025,no,distrito 9,no
  traumatología ,51.0,hombre,7.0,0.0,2.0,residencia,sí,1.0,no,hospital D,N/D,06/09/2024,no,distrito 8,sí
cirugía general,64.0,mujer,13.0,2.0,2.0,domicilio,sí,7.0,no,hospital D,urgente,03/11/2025,no,distrito 5,no
MEDICINA INTERNA,79.0,mujer,1.0,1.0,0.0,domicilio,no,11.0,no,hospital C,urgente,24/10/2025,no,distrito 3,sí
traumatología,60.0,mujer,4.0,4.0,0.0,domicilio,sí,5.0,no,hospital F,urgente,19/07/2024,no,distrito 4,sí
medicina interna,95.0,mujer,2.0,0.0,0.0,domicilio,sí,5.0,no,hospital D,urgente,18/01/2025,no,distrito 8,no
neumología,89.0,hombre,9.0,0.0,0.0,domicilio,sí,2.0,no,hospital E,N/D,25/12/2024,no,distrito 8,sí
medicina interna,54.0,mujer,4.0,2.0,2.0,domicilio,sí,3.0,sí,hospital A,urgente,04/01/2025,si,distrito 5,no
MEDICINA INTERNA,60.0,mujer,11.0,0.0,0.0,centro de media estancia,sí,2.0,sí,hospital A,urgente,10/10/2024,no,distrito 9,sí
traumatología,67.0,mujer,2.0,0.0,0.0,residencia,no,3.0,no,hospital E,urgente,03/07/2024,no,distrito 5,no
TRAUMATOLOGÍA,91.0,hombre,3.0,2.0,0.0,domicilio,sí,5.0,sí,hospital E,N/D,31/07/2025,si,distrito 8,sí
traumatologia,72.0,hombre,2.0,0.0,4.0,domicilio,sí,4.0,sí,hospital E,urgente,21/04/2025,no,distrito 10,no
cirugia general,81.0,hombre,9.0,0.0,0.0,domicilio,no,6.0,no,hospital E,urgente,19/09/2024,no,distrito 10,no
cirugía general,74.0,hombre,3.0,0.0,0.0,domicilio,sí,11.0,no,hospital C,urgente,15/12/2024,no,distrito 10,no
traumatología,57.0,hombre,5.0,0.0,0.0,domicilio,no,2.0,no,hospital E,programado,10/09/2024,no,distrito 7,sí
cirugía general,76.0,hombre,6.0,7.0,0.0,residencia,no,10.0,no,hospital A,urgente,19/10/2025,si,distrito 3,sí
neumología,54.0,hombre,6.0,4.0,3.0,domicilio,sí,1.0,sí,hospital F,urgente,09/04/2025,no,distrito 10,sí
medicina interna,58.0,hombre,3.0,2.0,0.0,domicilio,sí,3.0,no,hospital C,urgente,23/11/2024,no,distrito 6,no
neumología,68.0,hombre,8.0,7.0,1.0,domicilio,no,1.0,no,hospital E,urgente,25/12/2024,si,distrito 8,sí
traumatología,80.0,hombre,-99.0,3.0,0.0,domicilio,no,4.0,no,hospital A,N/D,20/08/2025,no,distrito 3,no
CIRUGÍA GENERAL,64.0,mujer,10.0,2.0,1.0,hospitalización a domicilio,sí,1.0,no,hospital B,programado,12/06/2024,no,distrito 8,sí
NEUMOLOGÍA,78.0,hombre,18.0,1.0,0.0,centro de media estancia,sí,3.0,no,hospital D,urgente,18/02/2025,no,distrito 9,sí
digestivo,97.0,mujer,8.0,0.0,0.0,residencia,no,4.0,no,hospital B,programado,04/09/2024,no,distrito 8,no
NEUMOLOGÍA,76.0,hombre,16.0,5.0,0.0,domicilio,no,20.0,no,hospital A,urgente,03/10/2024,no,distrito 9,no
traumatología,50.0,hombre,12.0,1.0,2.0,domicilio,sí,6.0,no,hospital D,urgente,01/07/2025,no,distrito 5,sí
medicina interna,59.0,mujer,3.0,8.0,0.0,domicilio,no,7.0,no,hospital B,urgente,07/08/2024,si,distrito 1,sí
medicina interna,55.0,hombre,9.0,2.0,0.0,domicilio,sí,5.0,no,hospital E,programado,20/08/2024,no,distrito 6,sí
cirugía general,41.0,hombre,14.0,1.0,0.0,domicilio,no,7.0,no,hospital D,programado,20/06/2025,no,distrito 6,sí
neumología,68.0,mujer,10.0,0.0,0.0,domicilio,sí,4.0,no,hospital F,programado,27/12/2024,no,distrito 6,no
medicina interna,57.0,mujer,4.0,2.0,1.0,domicilio,no,4.0,sí,hospital A,programado,24/04/2025,no,distrito 7,no
  medicina interna ,57.0,mujer,3.0,0.0,3.0,centro de media estancia,sí,8.0,no,hospital A,programado,14/10/2024,no,distrito 5,sí
  neumología ,57.0,mujer,6.0,1.0,1.0,domicilio,no,0.0,no,hospital E,programado,09/09/2025,no,distrito 9,sí
  medicina interna ,62.0,hombre,13.0,1.0,4.0,domicilio,no,5.0,no,hospital D,urgente,18/04/2025,no,distrito 4,sí
neumología,78.0,hombre,8.0,1.0,1.0,domicilio,sí,1.0,no,hospital D,N/D,14/01/2025,si,distrito 5,no
cardiología,59.0,mujer,2.0,6.0,1.0,hospitalización a domicilio,sí,10.0,no,hospital A,urgente,20/11/2024,si,distrito 8,no
cardiología,42.0,hombre,5.0,1.0,0.0,domicilio,sí,4.0,no,hospital A,urgente,10/08/2024,no,distrito 4,no
digestivo,63.0,hombre,6.0,1.0,0.0,domicilio,sí,8.0,no,hospital C,urgente,14/08/2024,no,distrito 6,no
medicina interna,65.0,hombre,2.0,0.0,0.0,residencia,no,2.0,no,hospital A,urgente,05/12/2024,no,distrito 10,no
neumologia,58.0,mujer,12.0,1.0,0.0,domicilio,sí,10.0,no,hospital F,urgente,17/09/2024,no,distrito 3,sí
traumatología,67.0,mujer,12.0,3.0,0.0,domicilio,sí,5.0,no,hospital D,urgente,02/11/2024,no,distrito 1,sí
medicina interna,93.0,mujer,12.0,0.0,2.0,domicilio,sí,1.0,no,hospital A,urgente,28/06/2025,no,distrito 1,no
cardiología,73.0,hombre,14.0,1.0,0.0,centro de media estancia,sí,4.0,no,hospital E,programado,16/09/2024,no,distrito 6,no
traumatología,73.0,hombre,10.0,1.0,0.0,domicilio,sí,6.0,no,hospital C,urgente,28/10/2025,no,distrito 5,sí
cardiología,63.0,hombre,3.0,4.0,0.0,residencia,no,4.0,no,hospital F,urgente,30/10/2025,no,distrito 4,no
cirugía general,82.0,mujer,2.0,0.0,1.0,domicilio,no,6.0,sí,hospital F,urgente,05/12/2024,no,distrito 10,no
NEUMOLOGÍA,40.0,mujer,5.0,6.0,1.0,domicilio,no,9.0,no,hospital D,urgente,30/09/2025,si,distrito 6,no
NEUMOLOGÍA,34.0,hombre,7.0,2.0,0.0,domicilio,sí,8.0,no,hospital B,programado,13/12/2024,no,distrito 9,no
cardiología,81.0,mujer,9.0,4.0,1.0,domicilio,no,11.0,no,hospital C,urgente,08/12/2024,si,distrito 2,no
neumología,37.0,hombre,2.0,1.0,1.0,domicilio,no,14.0,no,hospital E,urgente,23/10/2024,si,distrito 8,no
medicina interna,80.0,mujer,12.0,0.0,0.0,domicilio,sí,6.0,sí,hospital A,urgente,25/06/2025,no,distrito 5,sí
medicina interna,81.0,hombre,6.0,0.0,0.0,domicilio,no,3.0,no,hospital F,programado,14/07/2025,no,distrito 8,sí
cirugía general,73.0,mujer,14.0,0.0,0.0,residencia,sí,5.0,no,hospital F,urgente,14/10/2025,no,distrito 8,no
cardiología,76.0,mujer,21.0,0.0,2.0,hospitalización a domicilio,sí,4.0,no,hospital B,programado,02/11/2025,no,distrito 4,sí
digestivo,51.0,mujer,7.0,1.0,0.0,domicilio,sí,7.0,no,hospital B,urgente,18/06/2024,no,distrito 10,sí
neumología,76.0,hombre,11.0,1.0,0.0,domicilio,no,7.0,no,hospital A,urgente,16/07/2024,no,distrito 4,no
traumatología,78.0,hombre,10.0,3.0,0.0,domicilio,no,12.0,no,hospital E,urgente,25/07/2025,no,distrito 2,no
cardiología,49.0,mujer,14.0,1.0,0.0,domicilio,no,13.0,no,hospital A,urgente,30/11/2024,no,distrito 9,no
medicina interna,94.0,hombre,5.0,1.0,3.0,domicilio,sí,6.0,no,hospital F,urgente,29/08/2024,no,distrito 7,sí
traumatología,86.0,hombre,12.0,7.0,1.0,domicilio,sí,7.0,no,hospital E,urgente,31/12/2024,no,distrito 7,sí
cirugia general,52.0,hombre,7.0,2.0,0.0,domicilio,sí,3.0,no,hospital E,urgente,15/01/2025,no,distrito 8,no
digestivo,68.0,mujer,2.0,1.0,0.0,centro de media estancia,sí,15.0,no,hospital A,urgente,30/12/2024,no,distrito 7,no
digestivo,97.0,mujer,13.0,4.0,0.0,domicilio,sí,5.0,sí,hospital D,urgente,13/02/2025,no,distrito 10,no
TRAUMATOLOGÍA,66.0,hombre,7.0,4.0,1.0,domicilio,sí,3.0,no,hospital D,programado,05/09/2025,no,distrito 8,sí
neumología,77.0,hombre,5.0,5.0,0.0,centro de media estancia,sí,5.0,no,hospital D,urgente,24/09/2024,no,distrito 3,no
traumatología,30.0,mujer,12.0,0.0,0.0,residencia,no,3.0,no,hospital B,programado,01/11/2024,no,distrito 10,no
cirugía general,46.0,hombre,4.0,0.0,0.0,domicilio,no,5.0,no,hospital A,programado,05/09/2025,no,distrito 3,sí
medicina interna,84.0,hombre,6.0,2.0,0.0,hospitalización a domicilio,no,15.0,no,hospital B,urgente,25/11/2024,si,distrito 6,sí
medicina interna,40.0,hombre,8.0,2.0,5.0,domicilio,no,13.0,sí,hospital F,programado,13/11/2025,no,distrito 5,no
medicina interna,53.0,mujer,6.0,6.0,0.0,domicilio,sí,0.0,sí,hospital C,N/D,17/09/2024,no,distrito 9,sí
medicina interna,44.0,mujer,6.0,1.0,1.0,domicilio,sí,9.0,sí,hospital B,urgente,09/11/2024,no,distrito 1,no
  cirugía general ,65.0,hombre,4.0,4.0,0.0,domicilio,sí,16.0,no,hospital E,programado,16/03/2025,no,distrito 9,sí
  cirugía general ,59.0,mujer,12.0,0.0,0.0,domicilio,sí,2.0,no,hospital A,urgente,27/09/2025,no,distrito 6,no
medicina interna,59.0,mujer,3.0,4.0,0.0,domicilio,no,8.0,no,hospital D,urgente,04/09/2025,si,distrito 5,no
cirugía general,85.0,hombre,7.0,0.0,0.0,centro de media estancia,sí,6.0,no,hospital F,urgente,24/10/2025,no,distrito 2,sí
  medicina interna ,85.0,mujer,6.0,4.0,0.0,centro de media estancia,no,2.0,sí,hospital F,programado,25/02/2025,no,distrito 10,no
DIGESTIVO,100.0,hombre,20.0,3.0,0.0,domicilio,sí,8.0,sí,hospital E,urgente,18/11/2024,si,distrito 6,no
  traumatología ,68.0,hombre,13.0,2.0,0.0,domicilio,no,9.0,no,hospital E,programado,12/07/2024,no,distrito 1,sí
neumología,85.0,mujer,7.0,1.0,0.0,domicilio,sí,8.0,sí,hospital D,urgente,20/04/2025,no,distrito 8,sí
medicina interna,100.0,hombre,2.0,3.0,0.0,domicilio,sí,7.0,no,hospital E,urgente,18/05/2025,no,distrito 9,no
medicina interna,64.0,mujer,10.0,2.0,1.0,residencia,no,3.0,no,hospital A,urgente,25/02/2025,si,distrito 9,no
  cardiología ,35.0,hombre,5.0,4.0,0.0,domicilio,no,11.0,no,hospital E,N/D,08/11/2024,no,distrito 2,no
cirugía general,60.0,mujer,1.0,9.0,2.0,domicilio,no,10.0,sí,hospital D,urgente,11/02/2025,si,distrito 9,sí
medicina interna,47.0,mujer,20.0,0.0,0.0,domicilio,no,0.0,sí,hospital F,urgente,16/11/2024,no,distrito 7,sí
traumatología,86.0,hombre,7.0,1.0,0.0,domicilio,no,1.0,no,hospital C,urgente,20/08/2025,no,distrito 7,sí
cirugía general,66.0,mujer,6.0,8.0,0.0,domicilio,sí,18.0,no,hospital B,programado,18/09/2025,si,distrito 7,sí
cirugía general,81.0,mujer,6.0,6.0,0.0,hospitalización a domicilio,no,1.0,sí,hospital D,programado,10/12/2024,si,distrito 8,no
traumatología,64.0,mujer,5.0,1.0,0.0,domicilio,no,1.0,sí,hospital C,urgente,27/09/2025,no,distrito 1,no
medicina interna,69.0,hombre,19.0,1.0,0.0,domicilio,sí,3.0,no,hospital B,urgente,25/01/2025,no,distrito 4,sí
cirugía general,100.0,mujer,9.0,4.0,2.0,domicilio,no,6.0,no,hospital D,urgente,01/08/2024,no,distrito 1,sí
medicina interna,61.0,mujer,1.0,1.0,0.0,hospitalización a domicilio,sí,1.0,no,hospital D,programado,07/06/2025,no,distrito 8,no
traumatología,55.0,hombre,9.0,2.0,0.0,domicilio,sí,10.0,no,hospital A,programado,07/11/2025,no,distrito 4,sí
traumatología,76.0,hombre,4.0,2.0,0.0,domicilio,sí,2.0,no,hospital C,urgente,19/02/2025,no,distrito 1,sí
medicina interna,60.0,mujer,4.0,0.0,0.0,domicilio,sí,2.0,no,hospital D,programado,09/07/2024,no,distrito 9,sí
MEDICINA INTERNA,63.0,hombre,4.0,0.0,1.0,domicilio,no,3.0,no,hospital C,urgente,27/08/2024,no,distrito 1,no
neumología,70.0,hombre,2.0,4.0,0.0,domicilio,sí,7.0,sí,hospital E,urgente,05/07/2024,si,distrito 10,no
cardiología,48.0,hombre,6.0,2.0,0.0,centro de media estancia,no,8.0,no,hospital D,urgente,24/09/2025,no,distrito 5,no
medicina interna,57.0,mujer,5.0,2.0,1.0,domicilio,sí,9.0,no,hospital F,programado,10/10/2025,no,distrito 5,no
cirugía general,63.0,mujer,10.0,1.0,0.0,domicilio,no,5.0,sí,hospital E,programado,11/08/2024,no,distrito 3,no
cirugía general,76.0,hombre,11.0,6.0,1.0,hospitalización a domicilio,sí,4.0,no,hospital D,urgente,11/07/2025,si,distrito 5,no
medicina interna,64.0,mujer,4.0,11.0,4.0,domicilio,sí,3.0,sí,hospital C,urgente,16/10/2024,no,distrito 7,no
cardiologia,99.0,mujer,1.0,6.0,0.0,domicilio,no,5.0,no,hospital D,urgente,24/03/2025,si,distrito 6,sí
medicina interna,40.0,hombre,2.0,2.0,1.0,domicilio,sí,7.0,no,hospital D,programado,08/01/2025,no,distrito 5,no
medicina interna,57.0,hombre,3.0,0.0,1.0,domicilio,no,8.0,no,hospital C,programado,10/04/2025,no,distrito 8,no
  medicina interna ,65.0,hombre,3.0,2.0,1.0,residencia,no,4.0,sí,hospital E,programado,30/09/2025,no,distrito 10,sí
NEUMOLOGÍA,50.0,mujer,1.0,3.0,2.0,domicilio,sí,7.0,no,hospital B,urgente,24/02/2025,no,distrito 10,sí
  traumatología ,56.0,mujer,16.0,1.0,3.0,domicilio,no,9.0,sí,hospital B,urgente,23/09/2025,no,distrito 6,sí
cirugía general,58.0,hombre,17.0,3.0,0.0,residencia,no,11.0,no,hospital A,urgente,12/11/2024,si,distrito 5,no
medicina interna,63.0,hombre,5.0,0.0,0.0,domicilio,no,7.0,no,hospital D,urgente,23/09/2025,no,distrito 2,no
medicina interna,88.0,hombre,4.0,10.0,1.0,domicilio,no,2.0,no,hospital D,urgente,30/08/2025,si,distrito 9,no
cirugía general,71.0,hombre,10.0,0.0,1.0,domicilio,no,13.0,sí,hospital D,programado,04/10/2025,no,distrito 1,no
digestivo,66.0,mujer,7.0,0.0,0.0,domicilio,no,5.0,no,hospital A,urgente,17/02/2025,no,distrito 3,no
DIGESTIVO,41.0,mujer,3.0,1.0,0.0,domicilio,sí,5.0,no,hospital F,urgente,16/04/2025,no,distrito 4,sí
cirugía general,87.0,mujer,5.0,5.0,3.0,domicilio,no,16.0,no,hospital D,urgente,07/10/2025,no,distrito 5,sí
neumología,52.0,mujer,13.0,4.0,2.0,domicilio,sí,7.0,sí,hospital C,urgente,14/06/2024,no,distrito 5,no
cirugía general,66.0,hombre,0.0,3.0,0.0,residencia,sí,1.0,no,hospital C,urgente,14/03/2025,no,distrito 10,sí
medicina interna,50.0,mujer,2.0,2.0,0.0,domicilio,sí,3.0,no,hospital C,urgente,16/12/2024,no,distrito 7,sí
DIGESTIVO,36.0,hombre,20.0,3.0,0.0,domicilio,no,2.0,sí,hospital B,programado,31/07/2024,no,distrito 10,sí
cardiología,54.0,hombre,5.0,0.0,1.0,domicilio,no,2.0,no,hospital F,urgente,09/04/2025,no,distrito 2,no
cardiología,64.0,hombre,7.0,3.0,0.0,domicilio,no,1.0,no,hospital F,urgente,15/07/2025,no,distrito 6,sí
cardiología,76.0,hombre,11.0,2.0,3.0,domicilio,sí,18.0,no,hospital F,urgente,06/12/2024,no,distrito 8,sí
traumatología,68.0,hombre,6.0,4.0,1.0,hospitalización a domicilio,sí,13.0,sí,hospital D,urgente,07/11/2025,no,distrito 5,no
  neumología ,46.0,mujer,15.0,2.0,1.0,domicilio,sí,4.0,no,hospital A,urgente,03/05/2025,no,distrito 7,no
NEUMOLOGÍA,71.0,mujer,17.0,1.0,4.0,residencia,sí,12.0,no,hospital A,urgente,14/06/2025,no,distrito 3,no
medicina interna,79.0,mujer,8.0,10.0,0.0,domicilio,sí,10.0,no,hospital C,urgente,29/08/2025,si,distrito 9,no
cardiología,48.0,hombre,1.0,1.0,3.0,domicilio,no,4.0,no,hospital C,programado,21/06/2025,no,distrito 2,sí
neumología,94.0,hombre,7.0,2.0,1.0,domicilio,sí,2.0,sí,hospital D,programado,03/12/2024,no,distrito 1,no
neumología,91.0,hombre,5.0,6.0,4.0,domicilio,sí,12.0,no,hospital E,urgente,12/10/2024,no,distrito 7,no
CARDIOLOGÍA,100.0,hombre,11.0,1.0,0.0,centro de media estancia,no,3.0,no,hospital D,urgente,06/10/2024,no,distrito 8,sí
  neumología ,60.0,mujer,3.0,1.0,0.0,domicilio,sí,8.0,no,hospital C,programado,04/08/2024,no,distrito 10,no
cirugía general,64.0,mujer,12.0,2.0,1.0,domicilio,sí,0.0,no,hospital B,urgente,28/06/2025,no,distrito 5,sí
  medicina interna ,49.0,hombre,2.0,1.0,1.0,residencia,sí,7.0,no,hospital E,programado,20/06/2025,no,distrito 1,no
CARDIOLOGÍA,62.0,hombre,-99.0,0.0,0.0,domicilio,sí,1.0,no,hospital D,programado,03/07/2024,no,distrito 4,sí
medicina interna,50.0,hombre,2.0,3.0,2.0,domicilio,no,19.0,no,hospital E,urgente,16/06/2024,no,distrito 5,no
traumatología,77.0,mujer,-99.0,2.0,4.0,domicilio,no,7.0,no,hospital E,programado,01/06/2024,no,distrito 1,no
cardiologia,75.0,hombre,3.0,2.0,0.0,domicilio,no,0.0,no,hospital D,urgente,30/10/2024,no,distrito 7,no
cirugía general,74.0,mujer,5.0,0.0,0.0,hospitalización a domicilio,sí,7.0,sí,hospital A,urgente,10/01/2025,no,distrito 3,no
cirugia general,67.0,hombre,8.0,2.0,2.0,centro de media estancia,no,7.0,no,hospital B,N/D,09/09/2024,si,distrito 7,sí
cirugía general,68.0,hombre,7.0,2.0,1.0,domicilio,sí,7.0,sí,hospital C,urgente,10/04/2025,si,distrito 2,no
digestivo,68.0,mujer,8.0,8.0,1.0,domicilio,sí,10.0,no,hospital D,urgente,22/11/2024,no,distrito 2,sí
traumatologia,74.0,mujer,9.0,4.0,1.0,domicilio,sí,11.0,no,hospital F,programado,18/07/2024,si,distrito 1,sí
traumatología,52.0,mujer,13.0,1.0,0.0,domicilio,sí,7.0,sí,hospital D,programado,22/12/2024,no,distrito 2,no
TRAUMATOLOGÍA,55.0,hombre,5.0,3.0,3.0,domicilio,sí,5.0,no,hospital D,N/D,08/11/2024,no,distrito 9,no
cirugía general,51.0,hombre,4.0,3.0,0.0,domicilio,sí,13.0,no,hospital E,programado,11/06/2025,no,distrito 2,no
cardiología,53.0,hombre,9.0,1.0,0.0,domicilio,no,7.0,no,hospital C,urgente,08/01/2025,no,distrito 6,no
medicina interna,90.0,hombre,-99.0,2.0,0.0,domicilio,sí,0.0,no,hospital E,N/D,04/06/2025,si,distrito 8,no
cirugía general,74.0,hombre,8.0,3.0,2.0,domicilio,no,4.0,no,hospital D,urgente,07/11/2025,no,distrito 3,no
neumologia,79.0,hombre,3.0,2.0,0.0,domicilio,sí,5.0,no,hospital A,urgente,26/09/2024,no,distrito 1,sí
traumatología,50.0,hombre,2.0,0.0,4.0,hospitalización a domicilio,no,3.0,no,hospital F,urgente,10/03/2025,no,distrito 8,no
neumología,71.0,hombre,6.0,1.0,0.0,residencia,no,5.0,no,hospital A,N/D,08/04/2025,no,distrito 10,sí
medicina interna,64.0,hombre,-99.0,0.0,0.0,domicilio,sí,12.0,no,hospital E,urgente,05/06/2025,no,distrito 6,sí
cardiología,64.0,mujer,8.0,1.0,1.0,hospitalización a domicilio,sí,15.0,sí,hospital F,urgente,13/09/2025,no,distrito 10,sí
neumología,56.0,hombre,8.0,0.0,0.0,centro de media estancia,sí,11.0,sí,hospital B,urgente,29/08/2025,no,distrito 6,no
cirugía general,81.0,mujer,-99.0,0.0,3.0,domicilio,sí,9.0,no,hospital B,N/D,31/10/2024,no,distrito 7,sí
cardiología,44.0,hombre,-99.0,1.0,1.0,centro de media estancia,sí,2.0,sí,hospital B,urgente,12/07/2025,no,distrito 7,sí
traumatología,55.0,hombre,3.0,5.0,0.0,domicilio,sí,5.0,no,hospital B,urgente,03/02/2025,no,distrito 9,sí
  cirugía general ,27.0,mujer,16.0,1.0,0.0,domicilio,sí,4.0,no,hospital A,programado,20/09/2024,no,distrito 3,sí
cardiología,68.0,mujer,-99.0,13.0,0.0,centro de media estancia,no,4.0,no,hospital E,urgente,06/07/2024,si,distrito 3,no
traumatología,83.0,mujer,4.0,0.0,0.0,domicilio,sí,4.0,no,hospital E,urgente,16/06/2025,no,distrito 1,sí
cirugía general,47.0,mujer,8.0,1.0,1.0,domicilio,no,8.0,no,hospital B,urgente,03/06/2025,no,distrito 6,no
cardiología,61.0,mujer,8.0,9.0,1.0,residencia,no,6.0,no,hospital E,urgente,26/08/2024,si,distrito 9,no
traumatología,89.0,hombre,5.0,0.0,0.0,hospitalización a domicilio,no,15.0,no,hospital D,programado,27/09/2025,no,distrito 6,sí
  medicina interna ,92.0,mujer,5.0,2.0,0.0,residencia,sí,2.0,no,hospital E,urgente,16/06/2025,no,distrito 10,no
medicina interna,68.0,mujer,1.0,4.0,1.0,domicilio,no,7.0,no,hospital A,programado,29/08/2025,no,distrito 9,no
cirugía general,46.0,hombre,7.0,0.0,0.0,domicilio,no,6.0,no,hospital D,urgente,22/07/2025,no,distrito 5,sí
traumatología,91.0,hombre,10.0,1.0,3.0,domicilio,no,2.0,sí,hospital C,programado,04/06/2024,no,distrito 9,no
traumatología,80.0,hombre,6.0,0.0,0.0,domicilio,no,3.0,no,hospital B,urgente,04/10/2024,no,distrito 2,sí
neumología,76.0,hombre,4.0,1.0,0.0,domicilio,sí,4.0,no,hospital B,urgente,11/11/2024,no,distrito 7,sí
traumatología,42.0,mujer,7.0,6.0,2.0,domicilio,sí,3.0,no,hospital E,urgente,28/10/2024,no,distrito 4,no
cirugía general,28.0,hombre,9.0,0.0,0.0,domicilio,no,11.0,no,hospital A,programado,29/08/2025,no,distrito 7,sí
medicina interna,65.0,hombre,2.0,1.0,0.0,hospitalización a domicilio,no,5.0,no,hospital A,urgente,20/11/2024,no,distrito 9,sí
medicina interna,68.0,mujer,2.0,1.0,1.0,domicilio,sí,0.0,sí,hospital F,programado,10/08/2025,no,distrito 4,no
cardiología,73.0,mujer,3.0,3.0,1.0,domicilio,sí,8.0,no,hospital A,urgente,03/06/2025,si,distrito 3,no
neumología,29.0,hombre,5.0,0.0,1.0,domicilio,sí,4.0,no,hospital C,urgente,20/09/2025,no,distrito 8,no
cardiología,47.0,mujer,4.0,2.0,0.0,domicilio,sí,9.0,no,hospital E,urgente,23/06/2025,no,distrito 3,sí
cirugia general,61.0,mujer,5.0,1.0,0.0,centro de media estancia,sí,7.0,sí,hospital E,programado,15/12/2024,no,distrito 10,no
medicina interna,61.0,hombre,2.0,5.0,0.0,centro de media estancia,no,9.0,no,hospital B,urgente,15/07/2024,si,distrito 8,no
  medicina interna ,84.0,hombre,7.0,2.0,0.0,hospitalización a domicilio,sí,3.0,no,hospital E,programado,12/02/2025,no,distrito 8,no
medicina interna,59.0,mujer,4.0,3.0,0.0,domicilio,sí,8.0,no,hospital E,programado,11/04/2025,si,distrito 4,no
MEDICINA INTERNA,66.0,hombre,2.0,1.0,1.0,hospitalización a domicilio,sí,5.0,no,hospital A,urgente,22/04/2025,no,distrito 9,no
  traumatología ,100.0,hombre,6.0,0.0,0.0,domicilio,no,5.0,no,hospital D,urgente,18/10/2025,si,distrito 9,sí
  medicina interna ,96.0,mujer,6.0,4.0,0.0,domicilio,no,2.0,sí,hospital E,programado,07/06/2025,no,distrito 10,no
cirugía general,90.0,mujer,1.0,0.0,2.0,domicilio,sí,5.0,sí,hospital C,programado,07/07/2025,no,distrito 6,sí
cirugía general,51.0,mujer,11.0,1.0,1.0,domicilio,sí,8.0,no,hospital E,urgente,26/08/2024,no,distrito 7,sí
cardiología,42.0,hombre,5.0,0.0,0.0,domicilio,sí,3.0,sí,hospital A,N/D,30/05/2025,no,distrito 8,no
cirugía general,55.0,hombre,9.0,1.0,1.0,domicilio,sí,6.0,sí,hospital C,urgente,17/05/2025,no,distrito 5,no
digestivo,60.0,hombre,24.0,0.0,1.0,residencia,sí,4.0,no,hospital E,programado,23/01/2025,no,distrito 7,no
digestivo,49.0,hombre,6.0,4.0,0.0,domicilio,sí,9.0,sí,hospital F,urgente,22/07/2025,no,distrito 3,sí
medicina interna,65.0,mujer,4.0,0.0,1.0,residencia,sí,0.0,no,hospital F,programado,28/09/2024,no,distrito 1,no
digestivo,37.0,hombre,5.0,3.0,0.0,residencia,sí,3.0,no,hospital F,urgente,15/06/2025,si,distrito 7,no
CIRUGÍA GENERAL,59.0,hombre,15.0,6.0,0.0,domicilio,no,5.0,no,hospital A,urgente,05/11/2025,no,distrito 3,sí
TRAUMATOLOGÍA,45.0,mujer,4.0,6.0,0.0,domicilio,sí,4.0,no,hospital F,urgente,30/11/2024,no,distrito 3,sí
traumatologia,57.0,hombre,7.0,3.0,1.0,domicilio,no,5.0,no,hospital D,urgente,26/07/2025,no,distrito 10,no
traumatología,55.0,mujer,4.0,1.0,0.0,domicilio,no,2.0,sí,hospital A,programado,09/12/2024,no,distrito 8,no
cirugía general,74.0,mujer,3.0,3.0,0.0,domicilio,sí,1.0,no,hospital F,urgente,17/10/2024,si,distrito 8,no
neumología,58.0,mujer,8.0,1.0,0.0,residencia,sí,8.0,no,hospital A,urgente,20/09/2024,no,distrito 2,no
cirugía general,44.0,hombre,4.0,3.0,0.0,domicilio,no,4.0,no,hospital E,programado,28/12/2024,no,distrito 1,sí
medicina interna,53.0,hombre,12.0,1.0,3.0,domicilio,sí,1.0,no,hospital C,urgente,26/03/2025,no,distrito 2,sí
cirugía general,44.0,hombre,7.0,2.0,0.0,domicilio,sí,8.0,sí,hospital F,urgente,20/11/2025,no,distrito 6,no
TRAUMATOLOGÍA,84.0,mujer,10.0,6.0,1.0,residencia,no,2.0,no,hospital B,urgente,23/08/2025,no,distrito 9,sí
medicina interna,90.0,hombre,15.0,0.0,1.0,domicilio,no,7.0,sí,hospital E,urgente,20/04/2025,no,distrito 10,no
TRAUMATOLOGÍA,84.0,mujer,19.0,4.0,0.0,domicilio,no,0.0,no,hospital D,programado,10/09/2024,no,distrito 1,sí
cirugía general,57.0,mujer,11.0,1.0,1.0,domicilio,sí,10.0,no,hospital F,urgente,05/11/2025,no,distrito 6,sí
medicina interna,56.0,mujer,5.0,3.0,0.0,centro de media estancia,sí,7.0,sí,hospital D,programado,01/09/2024,si,distrito 9,sí
medicina interna,62.0,mujer,10.0,4.0,5.0,domicilio,no,9.0,no,hospital C,urgente,29/06/2024,si,distrito 2,sí
traumatología,53.0,mujer,6.0,2.0,0.0,domicilio,sí,6.0,sí,hospital F,urgente,18/04/2025,no,distrito 8,no
cirugía general,67.0,hombre,-99.0,0.0,2.0,centro de media estancia,sí,10.0,no,hospital E,urgente,31/08/2025,no,distrito 1,no
neumología,46.0,hombre,-99.0,2.0,0.0,domicilio,sí,3.0,no,hospital B,urgente,10/12/2024,no,distrito 1,sí
cardiología,73.0,hombre,10.0,0.0,0.0,hospitalización a domicilio,sí,9.0,no,hospital A,urgente,21/01/2025,no,distrito 5,sí
traumatología,88.0,hombre,10.0,1.0,0.0,hospitalización a domicilio,sí,4.0,no,hospital C,urgente,09/02/2025,no,distrito 5,no
traumatología,56.0,hombre,7.0,0.0,0.0,domicilio,no,3.0,no,hospital A,N/D,14/07/2025,no,distrito 8,sí
CIRUGÍA GENERAL,83.0,mujer,4.0,2.0,0.0,residencia,no,5.0,sí,hospital B,urgente,30/12/2024,si,distrito 5,no
medicina interna,72.0,mujer,8.0,8.0,1.0,domicilio,no,10.0,no,hospital A,urgente,09/06/2024,si,distrito 9,no
  cirugía general ,55.0,mujer,6.0,0.0,0.0,domicilio,sí,0.0,no,hospital A,N/D,23/06/2024,no,distrito 8,sí
neumologia,58.0,hombre,1.0,0.0,0.0,domicilio,sí,3.0,no,hospital A,programado,07/08/2025,no,distrito 2,no
medicina interna,34.0,mujer,5.0,3.0,2.0,domicilio,no,2.0,no,hospital B,urgente,06/05/2025,no,distrito 2,no
  traumatología ,69.0,hombre,2.0,2.0,1.0,residencia,sí,1.0,sí,hospital E,urgente,17/08/2024,no,distrito 4,no
medicina interna,93.0,hombre,5.0,5.0,1.0,domicilio,no,15.0,no,hospital F,programado,31/07/2024,no,distrito 5,no
medicina interna,88.0,hombre,4.0,3.0,0.0,residencia,sí,6.0,sí,hospital F,urgente,17/07/2025,no,distrito 6,sí
MEDICINA INTERNA,73.0,hombre,-99.0,5.0,0.0,domicilio,no,2.0,sí,hospital A,urgente,07/10/2024,no,distrito 10,sí
medicina interna,58.0,hombre,4.0,1.0,0.0,domicilio,sí,5.0,no,hospital B,urgente,17/03/2025,no,distrito 3,no
medicina interna,55.0,mujer,19.0,2.0,0.0,hospitalización a domicilio,sí,1.0,no,hospital D,programado,08/07/2025,no,distrito 1,sí
medicina interna,63.0,hombre,2.0,4.0,1.0,domicilio,sí,5.0,sí,hospital B,programado,22/02/2025,no,distrito 9,no
digestivo,47.0,hombre,5.0,1.0,0.0,residencia,no,4.0,no,hospital C,urgente,26/03/2025,no,distrito 9,sí
cardiología,45.0,mujer,8.0,7.0,1.0,domicilio,sí,2.0,no,hospital B,urgente,16/02/2025,no,distrito 6,sí
cardiologia,74.0,hombre,-99.0,3.0,1.0,residencia,sí,6.0,no,hospital F,programado,22/03/2025,no,distrito 7,no
  cirugía general ,77.0,mujer,6.0,0.0,1.0,domicilio,no,1.0,no,hospital F,urgente,04/06/2025,si,distrito 4,no
MEDICINA INTERNA,67.0,mujer,12.0,9.0,1.0,domicilio,sí,4.0,sí,hospital D,programado,05/07/2024,no,distrito 9,sí
medicina interna,86.0,mujer,-99.0,4.0,0.0,domicilio,sí,4.0,sí,hospital E,urgente,16/04/2025,no,distrito 8,no
NEUMOLOGÍA,77.0,mujer,7.0,1.0,1.0,domicilio,no,1.0,no,hospital E,urgente,18/11/2025,no,distrito 1,no
medicina interna,50.0,mujer,9.0,0.0,0.0,domicilio,sí,8.0,no,hospital D,N/D,10/08/2024,no,distrito 2,no
medicina interna,96.0,hombre,11.0,0.0,0.0,hospitalización a domicilio,sí,1.0,no,hospital A,programado,06/06/2025,no,distrito 4,sí
medicina interna,86.0,hombre,8.0,2.0,1.0,domicilio,no,6.0,sí,hospital F,urgente,24/10/2025,no,distrito 2,sí
medicina interna,69.0,hombre,11.0,1.0,1.0,domicilio,sí,5.0,no,hospital F,urgente,09/10/2025,no,distrito 4,no
  cardiología ,77.0,mujer,12.0,2.0,0.0,hospitalización a domicilio,no,4.0,no,hospital A,programado,04/12/2024,no,distrito 5,no
traumatología,87.0,mujer,1.0,0.0,0.0,hospitalización a domicilio,sí,10.0,no,hospital A,programado,26/12/2024,no,distrito 3,no
cirugía general,49.0,mujer,9.0,1.0,1.0,domicilio,no,1.0,no,hospital C,urgente,12/07/2024,no,distrito 4,sí
digestivo,60.0,hombre,7.0,4.0,0.0,domicilio,sí,14.0,no,hospital E,urgente,06/10/2024,no,distrito 9,no
medicina interna,75.0,mujer,12.0,2.0,0.0,domicilio,sí,1.0,sí,hospital C,urgente,09/08/2024,no,distrito 8,no
medicina interna,84.0,mujer,11.0,2.0,1.0,domicilio,no,4.0,no,hospital E,urgente,21/06/2024,no,distrito 3,sí
cardiología,64.0,mujer,2.0,3.0,0.0,domicilio,sí,8.0,no,hospital A,N/D,06/07/2025,no,distrito 3,no
  traumatología ,56.0,hombre,-99.0,9.0,0.0,domicilio,sí,5.0,no,hospital C,urgente,16/11/2025,si,distrito 9,no
neumología,31.0,hombre,1.0,0.0,0.0,domicilio,sí,5.0,no,hospital E,programado,23/08/2025,no,distrito 9,sí
cirugía general,44.0,hombre,2.0,5.0,1.0,domicilio,sí,4.0,no,hospital D,N/D,20/05/2025,no,distrito 5,sí
medicina interna,61.0,mujer,11.0,0.0,0.0,residencia,sí,3.0,no,hospital E,programado,09/08/2024,no,distrito 5,no
cirugía general,61.0,mujer,9.0,0.0,0.0,domicilio,sí,6.0,sí,hospital A,urgente,01/05/2025,no,distrito 6,sí
traumatología,100.0,mujer,5.0,1.0,0.0,domicilio,sí,14.0,no,hospital D,urgente,06/03/2025,no,distrito 6,no
MEDICINA INTERNA,72.0,hombre,7.0,4.0,1.0,domicilio,no,5.0,no,hospital F,programado,04/05/2025,no,distrito 4,no
neumología,86.0,mujer,1.0,0.0,0.0,domicilio,sí,5.0,no,hospital B,programado,16/08/2025,no,distrito 4,sí
cirugía general,67.0,mujer,10.0,1.0,3.0,domicilio,no,6.0,sí,hospital F,urgente,17/06/2025,no,distrito 8,sí
traumatología,58.0,mujer,2.0,0.0,0.0,domicilio,sí,2.0,no,hospital B,programado,10/06/2025,si,distrito 7,no
traumatología,24.0,hombre,13.0,5.0,0.0,domicilio,no,4.0,no,hospital E,programado,17/04/2025,no,distrito 5,sí
cirugía general,95.0,hombre,9.0,3.0,0.0,domicilio,no,4.0,no,hospital E,programado,08/10/2024,no,distrito 8,sí
digestivo,43.0,hombre,5.0,2.0,0.0,domicilio,sí,8.0,no,hospital B,urgente,08/11/2024,no,distrito 6,sí
cirugía general,63.0,mujer,7.0,2.0,0.0,domicilio,sí,2.0,sí,hospital B,urgente,18/11/2025,no,distrito 8,sí
traumatologia,54.0,mujer,-99.0,0.0,0.0,domicilio,no,8.0,no,hospital A,urgente,23/04/2025,no,distrito 8,sí
cardiología,78.0,mujer,16.0,4.0,0.0,domicilio,no,2.0,no,hospital F,urgente,22/07/2024,no,distrito 1,no
medicina interna,91.0,mujer,14.0,0.0,0.0,domicilio,sí,4.0,no,hospital F,urgente,20/07/2024,no,distrito 1,no
digestivo,54.0,hombre,9.0,0.0,2.0,domicilio,no,2.0,no,hospital B,urgente,26/10/2025,no,distrito 5,sí
neumología,60.0,mujer,-99.0,1.0,0.0,domicilio,sí,1.0,sí,hospital C,urgente,06/10/2024,no,distrito 1,sí
neumología,39.0,hombre,1.0,3.0,0.0,domicilio,sí,0.0,no,hospital B,programado,27/03/2025,si,distrito 5,sí
cirugía general,70.0,hombre,5.0,1.0,3.0,domicilio,no,5.0,sí,hospital F,urgente,01/12/2024,no,distrito 7,sí
cirugía general,48.0,mujer,3.0,0.0,0.0,residencia,sí,9.0,no,hospital A,urgente,25/01/2025,no,distrito 1,sí
medicina interna,79.0,hombre,4.0,2.0,0.0,domicilio,no,5.0,no,hospital A,programado,29/05/2025,no,distrito 6,no
medicina interna,50.0,hombre,-99.0,1.0,1.0,domicilio,no,4.0,no,hospital E,programado,26/03/2025,no,distrito 3,sí
neumología,32.0,mujer,7.0,3.0,0.0,residencia,sí,4.0,no,hospital B,programado,27/01/2025,no,distrito 2,no
cirugía general,55.0,hombre,6.0,0.0,1.0,hospitalización a domicilio,sí,14.0,no,hospital E,urgente,16/07/2024,no,distrito 5,sí
traumatología,84.0,hombre,13.0,4.0,0.0,domicilio,no,5.0,no,hospital C,programado,20/09/2025,no,distrito 4,sí
TRAUMATOLOGÍA,69.0,hombre,4.0,1.0,0.0,centro de media estancia,sí,5.0,no,hospital A,urgente,30/08/2024,no,distrito 1,sí
medicina interna,79.0,hombre,10.0,2.0,3.0,domicilio,sí,6.0,no,hospital D,urgente,09/07/2025,no,distrito 6,no
traumatología,64.0,mujer,2.0,0.0,1.0,domicilio,no,7.0,no,hospital C,urgente,04/09/2025,no,distrito 5,sí
cirugía general,66.0,hombre,3.0,6.0,1.0,domicilio,sí,11.0,no,hospital A,programado,24/03/2025,si,distrito 9,sí
  cirugía general ,80.0,hombre,7.0,3.0,3.0,domicilio,no,6.0,no,hospital C,urgente,30/10/2025,si,distrito 2,sí
cardiología,65.0,hombre,6.0,9.0,0.0,domicilio,sí,5.0,no,hospital F,urgente,19/10/2025,no,distrito 3,no
cirugía general,82.0,mujer,1.0,1.0,0.0,residencia,sí,7.0,no,hospital A,urgente,15/06/2025,no,distrito 2,sí
cirugía general,53.0,mujer,5.0,6.0,0.0,domicilio,sí,18.0,no,hospital E,urgente,05/12/2024,si,distrito 2,no
NEUMOLOGÍA,86.0,hombre,4.0,2.0,2.0,domicilio,no,2.0,no,hospital A,programado,30/12/2024,si,distrito 9,sí
traumatologia,62.0,mujer,1.0,8.0,2.0,domicilio,no,11.0,no,hospital A,urgente,14/07/2024,no,distrito 3,sí
traumatología,56.0,mujer,0.0,1.0,0.0,domicilio,sí,11.0,no,hospital A,urgente,07/07/2024,no,distrito 9,sí
  neumología ,63.0,hombre,3.0,1.0,0.0,domicilio,no,3.0,no,hospital E,urgente,11/07/2024,no,distrito 10,sí
cardiología,43.0,mujer,5.0,2.0,1.0,domicilio,sí,5.0,no,hospital C,programado,17/06/2025,no,distrito 6,sí
traumatología,66.0,hombre,31.0,0.0,0.0,domicilio,sí,4.0,no,hospital A,urgente,25/03/2025,no,distrito 8,no
cirugía general,66.0,mujer,11.0,2.0,2.0,residencia,sí,7.0,no,hospital B,programado,15/09/2025,no,distrito 7,no
medicina interna,54.0,mujer,-99.0,0.0,0.0,domicilio,no,9.0,no,hospital C,urgente,04/10/2024,no,distrito 7,no
medicina interna,80.0,hombre,1.0,1.0,0.0,residencia,no,17.0,no,hospital D,urgente,15/08/2025,no,distrito 7,no
cardiologia,59.0,mujer,3.0,3.0,0.0,domicilio,no,4.0,sí,hospital B,urgente,04/10/2025,no,distrito 2,no
traumatologia,77.0,mujer,4.0,0.0,2.0,domicilio,no,2.0,sí,hospital C,urgente,10/05/2025,no,distrito 9,sí
traumatología,42.0,mujer,28.0,5.0,3.0,domicilio,sí,4.0,sí,hospital F,urgente,06/01/2025,no,distrito 2,no
medicina interna,70.0,hombre,6.0,10.0,0.0,domicilio,sí,6.0,no,hospital D,programado,15/10/2025,no,distrito 7,no
CARDIOLOGÍA,72.0,mujer,4.0,6.0,3.0,domicilio,no,9.0,no,hospital C,urgente,13/09/2024,si,distrito 1,no
medicina interna,65.0,mujer,2.0,2.0,0.0,domicilio,no,8.0,no,hospital C,programado,18/08/2025,no,distrito 5,sí
traumatología,43.0,hombre,11.0,16.0,1.0,domicilio,no,8.0,sí,hospital C,urgente,21/12/2024,no,distrito 3,no
cirugía general,83.0,hombre,7.0,3.0,0.0,domicilio,no,5.0,no,hospital F,programado,06/02/2025,no,distrito 9,sí
traumatología,67.0,hombre,8.0,3.0,0.0,hospitalización a domicilio,sí,0.0,no,hospital E,urgente,20/02/2025,no,distrito 1,no
cirugia general,66.0,mujer,10.0,2.0,0.0,domicilio,no,0.0,no,hospital B,programado,03/12/2024,no,distrito 9,sí
traumatología,63.0,mujer,3.0,0.0,0.0,domicilio,sí,5.0,no,hospital C,urgente,08/06/2025,no,distrito 10,sí
  cardiología ,75.0,mujer,-99.0,0.0,1.0,domicilio,sí,3.0,no,hospital B,programado,08/06/2024,no,distrito 8,no
medicina interna,55.0,hombre,3.0,2.0,0.0,domicilio,no,7.0,no,hospital B,urgente,21/09/2024,si,distrito 2,no
traumatología,90.0,hombre,11.0,3.0,0.0,residencia,no,13.0,no,hospital F,urgente,21/08/2025,no,distrito 10,no
traumatología,48.0,mujer,5.0,0.0,0.0,domicilio,no,6.0,sí,hospital A,programado,13/10/2025,no,distrito 4,no
neumologia,54.0,hombre,8.0,7.0,1.0,domicilio,sí,3.0,sí,hospital A,programado,30/10/2025,no,distrito 9,sí
medicina interna,35.0,hombre,2.0,2.0,0.0,hospitalización a domicilio,no,1.0,no,hospital F,programado,19/01/2025,no,distrito 4,sí
cirugía general,45.0,hombre,7.0,0.0,1.0,domicilio,sí,12.0,no,hospital B,urgente,21/10/2024,no,distrito 1,no
cardiología,72.0,mujer,-99.0,3.0,1.0,domicilio,sí,3.0,sí,hospital D,urgente,26/10/2025,no,distrito 2,no
medicina interna,80.0,hombre,14.0,1.0,3.0,domicilio,sí,7.0,no,hospital A,urgente,11/02/2025,no,distrito 6,no
cirugia general,53.0,mujer,2.0,3.0,0.0,domicilio,sí,6.0,no,hospital C,urgente,17/12/2024,no,distrito 6,no
cardiología,64.0,mujer,10.0,4.0,0.0,domicilio,no,9.0,sí,hospital A,programado,04/09/2024,no,distrito 3,no
traumatología,51.0,mujer,6.0,0.0,0.0,domicilio,sí,4.0,sí,hospital F,N/D,10/09/2025,no,distrito 6,sí
cirugía general,49.0,mujer,4.0,1.0,5.0,domicilio,sí,14.0,no,hospital B,programado,24/11/2024,no,distrito 7,no
cardiología,100.0,mujer,6.0,2.0,0.0,domicilio,no,2.0,sí,hospital C,programado,03/03/2025,no,distrito 3,sí
  digestivo ,54.0,mujer,6.0,0.0,0.0,domicilio,sí,12.0,no,hospital D,urgente,25/01/2025,no,distrito 7,no
  neumología ,73.0,mujer,2.0,6.0,1.0,domicilio,sí,6.0,no,hospital A,urgente,10/07/2025,si,distrito 1,sí
cirugía general,23.0,hombre,9.0,1.0,0.0,domicilio,sí,8.0,sí,hospital F,urgente,21/02/2025,no,distrito 4,sí
medicina interna,56.0,mujer,9.0,5.0,0.0,domicilio,sí,6.0,no,hospital F,programado,27/10/2024,no,distrito 4,sí
  medicina interna ,99.0,hombre,4.0,2.0,1.0,domicilio,sí,16.0,sí,hospital D,urgente,19/11/2024,no,distrito 1,sí
  medicina interna ,73.0,hombre,-99.0,0.0,0.0,domicilio,no,4.0,no,hospital F,urgente,25/03/2025,no,distrito 7,sí
cirugía general,59.0,hombre,5.0,2.0,0.0,centro de media estancia,sí,5.0,sí,hospital C,urgente,12/08/2024,no,distrito 6,no
cardiologia,45.0,mujer,9.0,12.0,1.0,centro de media estancia,sí,11.0,no,hospital B,urgente,17/09/2024,si,distrito 2,sí
cirugía general,44.0,mujer,7.0,7.0,0.0,domicilio,sí,2.0,no,hospital A,urgente,22/12/2024,si,distrito 2,sí
traumatología,100.0,mujer,19.0,0.0,0.0,residencia,no,3.0,no,hospital D,programado,17/02/2025,no,distrito 1,sí
digestivo,44.0,mujer,4.0,2.0,7.0,domicilio,no,8.0,no,hospital D,urgente,16/08/2025,no,distrito 3,no
cardiología,57.0,mujer,10.0,8.0,0.0,domicilio,sí,13.0,no,hospital C,programado,20/08/2025,no,distrito 10,sí
cardiologia,99.0,mujer,2.0,1.0,0.0,domicilio,no,2.0,sí,hospital C,programado,24/12/2024,no,distrito 1,no
traumatología,63.0,hombre,6.0,1.0,0.0,residencia,sí,6.0,no,hospital E,urgente,22/06/2025,no,distrito 7,no
neumología,75.0,hombre,4.0,2.0,1.0,domicilio,sí,11.0,sí,hospital A,urgente,03/08/2024,si,distrito 8,no
traumatología,86.0,mujer,10.0,1.0,0.0,domicilio,sí,2.0,no,hospital A,urgente,02/11/2024,no,distrito 7,sí
medicina interna,85.0,mujer,8.0,3.0,0.0,domicilio,sí,5.0,no,hospital F,programado,30/10/2024,no,distrito 7,sí
digestivo,45.0,hombre,7.0,0.0,0.0,domicilio,sí,3.0,no,hospital E,urgente,03/11/2025,no,distrito 2,no
  medicina interna ,49.0,mujer,-99.0,5.0,0.0,domicilio,sí,13.0,sí,hospital B,urgente,03/04/2025,si,distrito 5,sí
cardiología,63.0,hombre,1.0,14.0,0.0,domicilio,no,4.0,sí,hospital F,programado,28/03/2025,si,distrito 6,sí
neumología,41.0,mujer,4.0,4.0,1.0,domicilio,no,4.0,no,hospital E,urgente,21/10/2025,no,distrito 9,sí
  medicina interna ,32.0,hombre,6.0,1.0,0.0,domicilio,sí,7.0,no,hospital E,urgente,30/08/2024,no,distrito 7,sí
traumatología,55.0,mujer,2.0,5.0,0.0,domicilio,no,7.0,no,hospital B,urgente,01/07/2025,no,distrito 1,sí
cardiología,39.0,hombre,7.0,0.0,0.0,domicilio,no,6.0,no,hospital A,programado,20/11/2025,no,distrito 5,no
medicina interna,47.0,hombre,9.0,7.0,3.0,hospitalización a domicilio,sí,1.0,no,hospital D,urgente,10/08/2024,si,distrito 9,no
digestivo,66.0,mujer,4.0,5.0,0.0,domicilio,no,6.0,no,hospital C,urgente,12/12/2024,no,distrito 4,no
  neumología ,61.0,mujer,6.0,0.0,0.0,domicilio,sí,8.0,no,hospital A,urgente,01/10/2024,no,distrito 6,sí
traumatología,67.0,mujer,5.0,1.0,0.0,domicilio,sí,2.0,no,hospital D,urgente,10/11/2025,no,distrito 2,sí
cardiología,58.0,mujer,8.0,0.0,0.0,residencia,no,20.0,no,hospital E,urgente,05/01/2025,si,distrito 3,no
neumología,70.0,hombre,4.0,3.0,0.0,domicilio,sí,3.0,sí,hospital B,programado,11/03/2025,no,distrito 7,no
medicina interna,32.0,hombre,9.0,3.0,3.0,domicilio,sí,11.0,no,hospital C,urgente,24/10/2024,no,distrito 7,sí
cirugía general,91.0,mujer,21.0,0.0,0.0,domicilio,sí,6.0,no,hospital A,programado,06/04/2025,no,distrito 8,no
medicina interna,80.0,mujer,2.0,3.0,0.0,residencia,sí,4.0,no,hospital F,urgente,11/07/2024,si,distrito 9,no
traumatologia,87.0,hombre,3.0,2.0,0.0,domicilio,no,17.0,sí,hospital A,urgente,24/09/2024,no,distrito 1,sí
cirugía general,86.0,hombre,7.0,9.0,1.0,domicilio,sí,5.0,no,hospital E,programado,19/09/2025,no,distrito 7,sí
  digestivo ,84.0,hombre,0.0,8.0,0.0,domicilio,sí,5.0,no,hospital E,urgente,20/09/2025,si,distrito 9,sí
  medicina interna ,78.0,mujer,8.0,2.0,3.0,domicilio,sí,4.0,no,hospital B,urgente,06/10/2024,no,distrito 3,no
traumatología,66.0,hombre,3.0,0.0,0.0,domicilio,no,12.0,no,hospital F,N/D,02/10/2024,no,distrito 7,sí
cardiologia,92.0,hombre,14.0,0.0,1.0,domicilio,sí,2.0,no,hospital D,urgente,10/11/2025,no,distrito 8,no
cirugía general,73.0,mujer,11.0,0.0,0.0,residencia,no,3.0,no,hospital C,programado,30/09/2024,no,distrito 5,no
  medicina interna ,52.0,hombre,11.0,4.0,1.0,domicilio,sí,2.0,no,hospital D,urgente,11/10/2025,no,distrito 1,sí
DIGESTIVO,90.0,hombre,8.0,0.0,3.0,domicilio,no,6.0,no,hospital F,urgente,15/11/2024,no,distrito 2,no
cirugía general,81.0,hombre,8.0,3.0,0.0,domicilio,sí,10.0,no,hospital F,urgente,22/05/2025,no,distrito 6,no
cardiología,50.0,hombre,10.0,3.0,1.0,domicilio,sí,7.0,no,hospital F,urgente,06/08/2024,no,distrito 9,no
medicina interna,49.0,hombre,3.0,0.0,0.0,domicilio,sí,9.0,no,hospital D,urgente,26/03/2025,no,distrito 4,no
medicina interna,51.0,mujer,16.0,2.0,0.0,domicilio,sí,4.0,no,hospital C,urgente,19/04/2025,no,distrito 7,no
digestivo,54.0,hombre,13.0,0.0,0.0,domicilio,sí,3.0,no,hospital A,urgente,29/07/2025,no,distrito 1,no
DIGESTIVO,83.0,hombre,2.0,2.0,0.0,residencia,sí,6.0,no,hospital F,urgente,14/10/2025,si,distrito 1,no
  cirugía general ,58.0,hombre,6.0,0.0,0.0,domicilio,no,6.0,sí,hospital A,programado,04/02/2025,no,distrito 6,no
medicina interna,44.0,hombre,4.0,1.0,0.0,domicilio,sí,6.0,no,hospital A,programado,27/12/2024,no,distrito 1,no
medicina interna,64.0,mujer,4.0,1.0,1.0,domicilio,sí,10.0,sí,hospital B,programado,03/01/2025,no,distrito 10,sí
  digestivo ,44.0,mujer,3.0,0.0,3.0,domicilio,no,1.0,no,hospital E,urgente,27/07/2024,no,distrito 2,sí
medicina interna,75.0,hombre,6.0,1.0,0.0,domicilio,no,7.0,no,hospital E,urgente,07/10/2025,no,distrito 8,sí
medicina interna,82.0,mujer,6.0,0.0,0.0,domicilio,no,15.0,no,hospital C,urgente,06/06/2025,no,distrito 10,no
traumatologia,65.0,mujer,9.0,1.0,1.0,domicilio,sí,17.0,no,hospital B,urgente,12/07/2024,no,distrito 10,no
traumatologia,60.0,hombre,9.0,1.0,0.0,domicilio,sí,10.0,no,hospital B,urgente,02/09/2025,no,distrito 9,sí
medicina interna,69.0,hombre,4.0,0.0,0.0,domicilio,no,4.0,no,hospital F,urgente,14/06/2024,no,distrito 1,no
medicina interna,52.0,hombre,-99.0,5.0,4.0,domicilio,sí,14.0,sí,hospital F,programado,03/03/2025,si,distrito 10,no
NEUMOLOGÍA,38.0,hombre,13.0,8.0,0.0,domicilio,sí,6.0,no,hospital A,urgente,24/08/2024,no,distrito 9,no
DIGESTIVO,73.0,mujer,3.0,0.0,0.0,domicilio,sí,9.0,no,hospital D,urgente,17/10/2024,no,distrito 1,no
medicina interna,62.0,mujer,5.0,2.0,0.0,residencia,no,2.0,sí,hospital D,programado,08/09/2024,si,distrito 3,no
MEDICINA INTERNA,28.0,hombre,3.0,0.0,0.0,domicilio,sí,14.0,no,hospital B,urgente,16/05/2025,no,distrito 8,sí
neumología,48.0,mujer,3.0,6.0,0.0,hospitalización a domicilio,sí,10.0,no,hospital E,programado,08/10/2025,si,distrito 10,no
neumología,62.0,mujer,17.0,1.0,0.0,residencia,no,6.0,no,hospital B,urgente,27/07/2024,no,distrito 2,no
  cirugía general ,72.0,mujer,17.0,1.0,0.0,domicilio,no,9.0,no,hospital B,urgente,14/05/2025,no,distrito 7,no
CIRUGÍA GENERAL,66.0,mujer,13.0,3.0,0.0,domicilio,no,5.0,no,hospital D,urgente,06/06/2025,no,distrito 10,sí
medicina interna,51.0,mujer,5.0,0.0,0.0,domicilio,sí,5.0,no,hospital F,urgente,01/01/2025,no,distrito 7,sí
neumología,81.0,hombre,7.0,0.0,0.0,centro de media estancia,no,7.0,no,hospital F,programado,30/07/2025,no,distrito 1,sí
neumología,92.0,hombre,3.0,3.0,0.0,domicilio,no,3.0,no,hospital F,urgente,07/08/2024,si,distrito 8,no
digestivo,44.0,hombre,14.0,1.0,0.0,domicilio,sí,1.0,no,hospital C,urgente,16/03/2025,no,distrito 2,sí
  medicina interna ,45.0,hombre,6.0,3.0,1.0,domicilio,no,24.0,sí,hospital A,urgente,22/03/2025,no,distrito 6,sí
cardiología,46.0,hombre,1.0,3.0,0.0,residencia,sí,10.0,no,hospital B,urgente,10/09/2025,no,distrito 10,no
neumología,65.0,hombre,9.0,4.0,0.0,domicilio,no,9.0,no,hospital C,urgente,31/10/2024,si,distrito 10,no
medicina interna,55.0,mujer,3.0,1.0,0.0,residencia,no,2.0,no,hospital F,urgente,06/10/2025,no,distrito 2,no
CIRUGÍA GENERAL,60.0,mujer,5.0,6.0,1.0,centro de media estancia,no,6.0,sí,hospital F,programado,14/09/2024,no,distrito 7,no
cardiología,89.0,mujer,2.0,1.0,0.0,domicilio,no,9.0,sí,hospital F,programado,29/01/2025,no,distrito 1,no
cirugía general,68.0,mujer,4.0,2.0,0.0,domicilio,no,4.0,no,hospital E,programado,13/05/2025,no,distrito 9,no
medicina interna,49.0,hombre,4.0,1.0,1.0,domicilio,sí,7.0,no,hospital D,urgente,07/07/2025,no,distrito 7,no
  medicina interna ,80.0,hombre,8.0,3.0,1.0,domicilio,no,0.0,no,hospital B,programado,05/06/2024,no,distrito 10,sí
cardiología,57.0,hombre,3.0,2.0,1.0,domicilio,no,12.0,no,hospital F,urgente,07/07/2024,no,distrito 10,no
cardiología,74.0,mujer,1.0,3.0,0.0,residencia,sí,2.0,no,hospital A,urgente,15/11/2025,no,distrito 9,sí
digestivo,70.0,mujer,3.0,2.0,0.0,domicilio,sí,16.0,no,hospital B,programado,14/11/2025,no,distrito 8,no
DIGESTIVO,64.0,mujer,10.0,0.0,0.0,domicilio,sí,4.0,no,hospital C,urgente,13/12/2024,no,distrito 10,no
medicina interna,71.0,mujer,-99.0,2.0,0.0,domicilio,no,10.0,sí,hospital B,programado,29/11/2024,no,distrito 4,no
neumologia,58.0,mujer,2.0,0.0,0.0,domicilio,no,3.0,sí,hospital E,programado,21/11/2024,no,distrito 7,no
medicina interna,93.0,mujer,8.0,2.0,0.0,domicilio,sí,6.0,no,hospital B,urgente,16/04/2025,no,distrito 4,no
cirugía general,84.0,hombre,2.0,3.0,1.0,residencia,no,8.0,sí,hospital F,N/D,09/04/2025,si,distrito 5,no
medicina interna,65.0,mujer,10.0,1.0,0.0,domicilio,no,4.0,no,hospital B,urgente,07/10/2024,no,distrito 3,sí
traumatología,57.0,mujer,7.0,3.0,1.0,domicilio,sí,18.0,no,hospital A,urgente,17/08/2024,no,distrito 8,no
neumología,58.0,hombre,2.0,0.0,1.0,domicilio,sí,8.0,no,hospital A,urgente,08/10/2025,no,distrito 5,no
digestivo,67.0,hombre,9.0,2.0,0.0,residencia,sí,10.0,no,hospital B,urgente,11/08/2024,no,distrito 7,no
cardiología,50.0,hombre,6.0,0.0,0.0,domicilio,sí,0.0,sí,hospital A,urgente,04/01/2025,no,distrito 6,sí
traumatología,53.0,mujer,12.0,0.0,0.0,domicilio,no,15.0,no,hospital E,urgente,01/11/2025,no,distrito 6,sí
cardiología,86.0,mujer,9.0,0.0,0.0,domicilio,sí,8.0,sí,hospital A,N/D,17/07/2024,no,distrito 10,no
cirugia general,56.0,mujer,4.0,0.0,0.0,domicilio,no,4.0,no,hospital E,urgente,04/08/2025,no,distrito 10,sí
traumatología,43.0,hombre,22.0,1.0,0.0,domicilio,sí,5.0,sí,hospital D,programado,24/09/2024,no,distrito 6,sí
digestivo,63.0,mujer,3.0,0.0,0.0,domicilio,sí,3.0,no,hospital F,programado,26/01/2025,no,distrito 9,no
neumología,72.0,mujer,5.0,1.0,0.0,residencia,sí,3.0,no,hospital F,programado,22/05/2025,si,distrito 8,no
cardiología,69.0,hombre,9.0,2.0,0.0,residencia,sí,5.0,sí,hospital D,programado,17/07/2025,no,distrito 6,no
traumatología,86.0,mujer,11.0,4.0,3.0,domicilio,sí,8.0,no,hospital C,programado,26/12/2024,no,distrito 1,sí
cardiología,58.0,hombre,4.0,4.0,1.0,residencia,sí,19.0,no,hospital E,urgente,25/03/2025,si,distrito 5,sí
digestivo,52.0,mujer,2.0,2.0,0.0,domicilio,sí,6.0,no,hospital A,urgente,27/08/2024,no,distrito 5,sí
TRAUMATOLOGÍA,54.0,mujer,1.0,3.0,0.0,domicilio,sí,4.0,no,hospital E,urgente,06/09/2025,no,distrito 6,no
cirugía general,74.0,mujer,-99.0,3.0,0.0,domicilio,sí,5.0,no,hospital A,urgente,16/06/2025,no,distrito 6,sí
traumatología,61.0,mujer,12.0,2.0,0.0,domicilio,no,12.0,no,hospital A,urgente,02/07/2025,no,distrito 2,sí
cirugía general,76.0,hombre,10.0,3.0,0.0,residencia,sí,3.0,no,hospital D,urgente,09/10/2025,si,distrito 6,no
medicina interna,93.0,hombre,8.0,0.0,0.0,residencia,no,2.0,no,hospital C,urgente,26/08/2024,no,distrito 8,sí
traumatología,56.0,hombre,13.0,0.0,0.0,domicilio,sí,5.0,sí,hospital C,urgente,23/09/2024,no,distrito 4,no
cardiología,52.0,hombre,10.0,0.0,0.0,residencia,sí,12.0,no,hospital E,programado,16/03/2025,no,distrito 4,sí
medicina interna,77.0,mujer,5.0,2.0,0.0,domicilio,no,18.0,no,hospital A,N/D,07/10/2024,no,distrito 7,no
cirugía general,88.0,hombre,15.0,2.0,5.0,domicilio,no,0.0,no,hospital C,programado,26/05/2025,no,distrito 1,no
neumologia,83.0,mujer,-99.0,0.0,0.0,hospitalización a domicilio,sí,3.0,no,hospital A,programado,28/01/2025,no,distrito 2,no
  medicina interna ,58.0,mujer,8.0,5.0,0.0,domicilio,no,1.0,no,hospital A,urgente,28/09/2024,no,distrito 10,no
CARDIOLOGÍA,57.0,mujer,9.0,0.0,0.0,centro de media estancia,sí,4.0,no,hospital B,urgente,12/01/2025,no,distrito 7,no
neumología,82.0,mujer,8.0,6.0,1.0,hospitalización a domicilio,no,3.0,no,hospital C,urgente,04/07/2024,no,distrito 10,sí
medicina interna,69.0,hombre,8.0,4.0,3.0,domicilio,sí,5.0,no,hospital F,N/D,08/05/2025,si,distrito 2,no
medicina interna,70.0,hombre,8.0,0.0,0.0,residencia,no,13.0,no,hospital C,urgente,30/10/2025,no,distrito 1,no
cardiología,68.0,hombre,3.0,1.0,1.0,domicilio,sí,9.0,sí,hospital B,urgente,01/09/2024,no,distrito 9,no
traumatología,70.0,hombre,5.0,5.0,0.0,domicilio,no,12.0,sí,hospital A,programado,21/07/2025,si,distrito 2,no
traumatologia,97.0,hombre,8.0,2.0,0.0,domicilio,sí,15.0,no,hospital B,urgente,20/06/2025,no,distrito 9,no
digestivo,70.0,mujer,3.0,1.0,0.0,domicilio,sí,2.0,sí,hospital E,urgente,19/08/2025,no,distrito 9,no
neumología,84.0,hombre,3.0,0.0,0.0,domicilio,no,4.0,no,hospital F,urgente,26/09/2024,no,distrito 10,sí
medicina interna,78.0,mujer,-99.0,7.0,0.0,domicilio,sí,2.0,no,hospital D,urgente,24/10/2025,no,distrito 3,sí
traumatología,49.0,hombre,4.0,6.0,0.0,domicilio,no,4.0,no,hospital F,urgente,01/04/2025,si,distrito 5,sí
cardiología,42.0,hombre,7.0,12.0,3.0,domicilio,no,2.0,no,hospital A,programado,04/07/2025,si,distrito 2,no
cirugía general,80.0,mujer,16.0,1.0,0.0,domicilio,no,1.0,no,hospital D,programado,25/10/2025,no,distrito 8,sí
TRAUMATOLOGÍA,61.0,hombre,-99.0,1.0,0.0,domicilio,sí,2.0,sí,hospital C,urgente,04/06/2025,no,distrito 2,sí
cardiología,79.0,mujer,6.0,6.0,0.0,domicilio,no,2.0,no,hospital B,urgente,19/09/2024,si,distrito 3,no
cirugía general,84.0,hombre,11.0,2.0,0.0,domicilio,no,12.0,sí,hospital F,urgente,26/06/2025,no,distrito 6,no
medicina interna,44.0,mujer,14.0,2.0,0.0,domicilio,sí,7.0,no,hospital B,urgente,14/12/2024,no,distrito 1,no
cirugía general,57.0,hombre,2.0,1.0,0.0,domicilio,no,10.0,no,hospital A,programado,04/11/2024,no,distrito 10,sí
  cardiología ,76.0,hombre,4.0,2.0,0.0,residencia,no,11.0,no,hospital E,urgente,30/04/2025,si,distrito 9,no
  digestivo ,60.0,hombre,11.0,9.0,0.0,domicilio,sí,13.0,sí,hospital A,programado,14/07/2024,si,distrito 9,sí
cirugía general,71.0,mujer,7.0,3.0,0.0,domicilio,no,4.0,no,hospital B,urgente,13/03/2025,no,distrito 8,no
  neumología ,74.0,hombre,12.0,5.0,0.0,domicilio,sí,13.0,sí,hospital A,programado,18/07/2024,si,distrito 3,no
medicina interna,87.0,hombre,7.0,1.0,1.0,hospitalización a domicilio,sí,10.0,no,hospital A,urgente,25/11/2024,si,distrito 8,no
MEDICINA INTERNA,63.0,hombre,3.0,0.0,0.0,domicilio,sí,4.0,no,hospital F,urgente,10/04/2025,no,distrito 8,sí
medicina interna,37.0,hombre,9.0,5.0,0.0,domicilio,no,2.0,no,hospital A,urgente,02/05/2025,si,distrito 4,no
cardiología,60.0,hombre,2.0,4.0,0.0,hospitalización a domicilio,sí,3.0,no,hospital F,urgente,25/06/2024,si,distrito 6,sí
neumología,81.0,mujer,6.0,2.0,1.0,residencia,sí,8.0,no,hospital C,urgente,16/08/2024,no,distrito 7,no
cirugia general,68.0,mujer,9.0,3.0,0.0,centro de media estancia,no,11.0,no,hospital B,urgente,13/12/2024,si,distrito 4,sí
neumología,36.0,mujer,3.0,1.0,0.0,domicilio,sí,3.0,sí,hospital A,programado,24/09/2024,no,distrito 2,sí
neumología,34.0,mujer,3.0,6.0,1.0,domicilio,no,12.0,no,hospital F,urgente,16/10/2025,no,distrito 1,sí
cirugía general,55.0,mujer,8.0,1.0,3.0,domicilio,sí,9.0,sí,hospital E,programado,27/09/2025,no,distrito 7,no
cardiología,82.0,hombre,2.0,1.0,0.0,domicilio,sí,8.0,no,hospital A,programado,02/06/2025,si,distrito 3,sí
TRAUMATOLOGÍA,82.0,hombre,4.0,5.0,0.0,centro de media estancia,no,6.0,no,hospital D,urgente,16/01/2025,no,distrito 3,sí
TRAUMATOLOGÍA,77.0,mujer,9.0,0.0,0.0,domicilio,sí,24.0,no,hospital D,programado,26/06/2024,no,distrito 2,no
medicina interna,77.0,mujer,5.0,1.0,2.0,domicilio,sí,13.0,no,hospital D,urgente,22/10/2025,no,distrito 6,sí
cardiologia,63.0,mujer,1.0,9.0,1.0,domicilio,no,14.0,no,hospital B,urgente,12/11/2024,no,distrito 4,no
  digestivo ,63.0,mujer,1.0,3.0,0.0,domicilio,no,4.0,no,hospital D,urgente,26/10/2025,no,distrito 8,no
cardiología,85.0,mujer,6.0,1.0,0.0,domicilio,sí,1.0,no,hospital C,programado,08/10/2024,no,distrito 9,sí
cardiología,80.0,mujer,3.0,2.0,0.0,residencia,no,10.0,no,hospital B,urgente,19/07/2024,no,distrito 6,no
cardiología,70.0,mujer,10.0,2.0,1.0,domicilio,no,6.0,no,hospital F,urgente,25/09/2025,si,distrito 8,no
medicina interna,47.0,hombre,3.0,0.0,0.0,centro de media estancia,no,5.0,no,hospital B,urgente,30/07/2025,no,distrito 5,no
neumologia,40.0,hombre,6.0,0.0,0.0,domicilio,no,6.0,no,hospital F,programado,21/09/2025,no,distrito 8,no
medicina interna,47.0,mujer,5.0,6.0,0.0,domicilio,no,12.0,sí,hospital A,programado,07/09/2024,no,distrito 3,sí
NEUMOLOGÍA,55.0,hombre,-99.0,0.0,0.0,domicilio,no,6.0,no,hospital B,programado,25/11/2024,no,distrito 10,sí
digestivo,71.0,mujer,8.0,1.0,0.0,domicilio,no,4.0,no,hospital D,urgente,13/06/2025,no,distrito 7,no
NEUMOLOGÍA,50.0,mujer,8.0,2.0,0.0,domicilio,sí,14.0,sí,hospital D,programado,24/08/2025,no,distrito 9,no
MEDICINA INTERNA,58.0,hombre,3.0,3.0,0.0,domicilio,no,5.0,no,hospital E,programado,03/07/2024,no,distrito 7,sí
neumología,58.0,hombre,6.0,0.0,0.0,domicilio,sí,6.0,no,hospital C,programado,17/01/2025,no,distrito 6,no
cirugía general,38.0,mujer,13.0,2.0,1.0,domicilio,no,6.0,sí,hospital F,urgente,02/06/2024,no,distrito 7,no
digestivo,52.0,hombre,3.0,0.0,0.0,domicilio,sí,2.0,no,hospital B,programado,28/04/2025,no,distrito 10,sí
digestivo,51.0,hombre,1.0,0.0,0.0,domicilio,sí,7.0,no,hospital F,urgente,15/08/2024,no,distrito 6,no
cardiología,60.0,mujer,6.0,0.0,3.0,domicilio,no,7.0,no,hospital D,programado,15/08/2024,no,distrito 3,no
digestivo,62.0,mujer,7.0,0.0,2.0,domicilio,sí,7.0,sí,hospital C,programado,04/08/2025,no,distrito 9,no
traumatología,88.0,hombre,1.0,4.0,0.0,domicilio,sí,8.0,no,hospital B,urgente,24/05/2025,no,distrito 3,sí
traumatología,85.0,hombre,3.0,5.0,0.0,domicilio,sí,9.0,no,hospital F,urgente,07/09/2024,no,distrito 3,no
neumología,70.0,mujer,16.0,3.0,0.0,hospitalización a domicilio,sí,5.0,no,hospital B,urgente,16/08/2024,no,distrito 8,sí
digestivo,42.0,hombre,3.0,0.0,0.0,centro de media estancia,sí,0.0,sí,hospital E,urgente,11/05/2025,no,distrito 1,sí
cirugía general,68.0,hombre,3.0,0.0,3.0,hospitalización a domicilio,sí,11.0,no,hospital F,urgente,28/06/2025,no,distrito 6,no
  medicina interna ,62.0,hombre,4.0,2.0,0.0,domicilio,sí,2.0,no,hospital E,urgente,19/11/2024,no,distrito 1,sí
medicina interna,62.0,hombre,2.0,1.0,0.0,centro de media estancia,sí,6.0,no,hospital D,programado,22/02/2025,no,distrito 7,sí
digestivo,59.0,hombre,1.0,11.0,2.0,residencia,no,5.0,sí,hospital A,urgente,17/08/2025,si,distrito 4,no
CIRUGÍA GENERAL,53.0,hombre,12.0,0.0,0.0,residencia,no,2.0,sí,hospital C,urgente,29/08/2024,no,distrito 5,no
traumatología,55.0,hombre,9.0,2.0,0.0,residencia,sí,0.0,sí,hospital B,programado,16/06/2024,no,distrito 1,no
traumatología,96.0,hombre,10.0,0.0,1.0,domicilio,sí,14.0,no,hospital A,urgente,06/11/2025,no,distrito 4,no
cirugía general,85.0,mujer,5.0,8.0,0.0,domicilio,sí,3.0,no,hospital B,N/D,12/08/2025,si,distrito 10,no
cirugía general,57.0,mujer,6.0,0.0,1.0,hospitalización a domicilio,no,11.0,no,hospital B,urgente,04/11/2025,no,distrito 5,sí
NEUMOLOGÍA,69.0,mujer,7.0,3.0,1.0,hospitalización a domicilio,no,9.0,sí,hospital E,urgente,04/04/2025,no,distrito 4,sí
  neumología ,57.0,hombre,18.0,0.0,0.0,domicilio,no,3.0,no,hospital B,urgente,26/05/2025,no,distrito 10,no
cirugía general,76.0,mujer,9.0,1.0,0.0,domicilio,sí,1.0,no,hospital A,urgente,25/07/2025,no,distrito 3,sí
cardiología,39.0,mujer,7.0,0.0,0.0,centro de media estancia,sí,6.0,no,hospital A,urgente,04/07/2024,no,distrito 6,sí
neumología,27.0,mujer,3.0,2.0,0.0,domicilio,no,3.0,no,hospital B,urgente,20/08/2024,no,distrito 1,no
medicina interna,89.0,hombre,9.0,1.0,0.0,residencia,sí,2.0,sí,hospital C,urgente,29/04/2025,no,distrito 10,no
traumatología,65.0,hombre,5.0,0.0,1.0,domicilio,no,2.0,sí,hospital B,programado,24/09/2025,no,distrito 4,sí
medicina interna,49.0,mujer,4.0,1.0,1.0,domicilio,no,3.0,no,hospital E,programado,23/06/2025,no,distrito 3,no
  medicina interna ,50.0,mujer,8.0,2.0,1.0,domicilio,sí,14.0,sí,hospital F,urgente,03/05/2025,no,distrito 9,sí
cardiología,32.0,mujer,13.0,0.0,0.0,domicilio,no,4.0,no,hospital F,urgente,03/10/2025,no,distrito 1,no
  cirugía general ,65.0,mujer,7.0,0.0,1.0,domicilio,sí,13.0,sí,hospital E,N/D,02/09/2025,no,distrito 7,no
traumatología,100.0,mujer,-99.0,1.0,0.0,domicilio,sí,2.0,no,hospital B,urgente,20/06/2025,no,distrito 4,no
cirugía general,48.0,hombre,5.0,2.0,4.0,domicilio,no,0.0,no,hospital A,urgente,13/07/2025,no,distrito 8,no
TRAUMATOLOGÍA,78.0,hombre,9.0,5.0,1.0,centro de media estancia,sí,2.0,no,hospital C,urgente,27/01/2025,no,distrito 9,sí
digestivo,57.0,hombre,11.0,0.0,0.0,domicilio,sí,1.0,no,hospital B,N/D,24/09/2025,no,distrito 8,no
cardiología,72.0,mujer,6.0,3.0,0.0,residencia,sí,3.0,no,hospital E,programado,15/11/2025,no,distrito 5,no
medicina interna,72.0,hombre,3.0,1.0,0.0,centro de media estancia,no,12.0,no,hospital D,urgente,10/04/2025,no,distrito 8,no
cirugía general,63.0,mujer,8.0,1.0,0.0,hospitalización a domicilio,no,3.0,no,hospital A,N/D,17/02/2025,no,distrito 1,sí
cirugía general,52.0,mujer,10.0,1.0,0.0,residencia,no,2.0,no,hospital A,urgente,21/10/2025,no,distrito 2,no
NEUMOLOGÍA,83.0,hombre,6.0,2.0,1.0,domicilio,sí,5.0,no,hospital D,urgente,29/05/2025,no,distrito 3,no
cirugía general,57.0,hombre,5.0,2.0,0.0,domicilio,sí,15.0,no,hospital E,N/D,30/12/2024,no,distrito 3,sí
MEDICINA INTERNA,50.0,mujer,2.0,5.0,1.0,domicilio,no,4.0,no,hospital E,programado,10/11/2025,si,distrito 8,sí
  cirugía general ,88.0,mujer,11.0,2.0,3.0,domicilio,sí,1.0,sí,hospital F,urgente,02/03/2025,no,distrito 2,sí
medicina interna,67.0,hombre,-99.0,1.0,1.0,domicilio,sí,8.0,no,hospital F,programado,26/09/2025,no,distrito 8,no
TRAUMATOLOGÍA,52.0,hombre,4.0,0.0,3.0,residencia,sí,8.0,no,hospital F,programado,20/11/2024,no,distrito 10,no
cardiología,49.0,hombre,5.0,2.0,0.0,domicilio,no,14.0,sí,hospital D,programado,23/08/2024,si,distrito 9,sí
cardiología,60.0,mujer,8.0,3.0,0.0,domicilio,no,7.0,sí,hospital F,programado,03/09/2024,no,distrito 9,no
medicina interna,57.0,mujer,6.0,3.0,0.0,domicilio,no,0.0,no,hospital A,urgente,22/12/2024,no,distrito 9,sí
traumatología,88.0,hombre,4.0,7.0,0.0,domicilio,sí,9.0,no,hospital B,programado,27/11/2024,no,distrito 10,sí
traumatología,81.0,mujer,2.0,2.0,1.0,hospitalización a domicilio,sí,4.0,no,hospital A,urgente,18/11/2024,no,distrito 4,sí
medicina interna,45.0,mujer,-99.0,0.0,0.0,domicilio,sí,6.0,no,hospital B,N/D,25/06/2025,no,distrito 3,no
digestivo,100.0,mujer,11.0,2.0,1.0,domicilio,sí,3.0,sí,hospital B,urgente,25/10/2025,no,distrito 6,no
cardiología,71.0,hombre,16.0,6.0,0.0,domicilio,sí,16.0,no,hospital F,urgente,06/11/2024,no,distrito 1,no
medicina interna,65.0,mujer,8.0,10.0,0.0,domicilio,no,14.0,sí,hospital C,urgente,28/03/2025,si,distrito 2,no
medicina interna,100.0,mujer,6.0,2.0,0.0,domicilio,sí,14.0,no,hospital C,urgente,13/09/2024,no,distrito 10,sí
traumatologia,52.0,hombre,6.0,1.0,1.0,domicilio,sí,11.0,no,hospital D,N/D,03/01/2025,no,distrito 2,no
neumología,99.0,hombre,3.0,3.0,0.0,residencia,sí,5.0,no,hospital D,programado,20/07/2024,si,distrito 9,no
traumatología,65.0,mujer,5.0,5.0,0.0,domicilio,sí,5.0,sí,hospital F,programado,27/06/2025,no,distrito 8,sí
cirugía general,69.0,hombre,4.0,1.0,0.0,domicilio,no,17.0,no,hospital C,programado,31/03/2025,no,distrito 8,no
cirugía general,65.0,hombre,15.0,2.0,2.0,domicilio,no,4.0,no,hospital D,urgente,27/04/2025,no,distrito 4,no
medicina interna,79.0,hombre,7.0,0.0,2.0,domicilio,sí,3.0,sí,hospital B,urgente,16/10/2025,no,distrito 3,sí
CARDIOLOGÍA,56.0,hombre,6.0,4.0,0.0,domicilio,no,0.0,sí,hospital C,urgente,08/05/2025,no,distrito 4,sí
digestivo,49.0,mujer,4.0,3.0,0.0,residencia,no,2.0,sí,hospital B,urgente,18/01/2025,no,distrito 4,sí
cardiología,40.0,hombre,8.0,0.0,0.0,domicilio,sí,4.0,sí,hospital B,urgente,22/05/2025,no,distrito 5,sí
cirugía general,75.0,hombre,16.0,3.0,0.0,centro de media estancia,sí,20.0,no,hospital E,N/D,18/12/2024,no,distrito 8,no
cirugía general,79.0,hombre,11.0,2.0,0.0,domicilio,no,1.0,no,hospital E,urgente,05/11/2024,no,distrito 4,no
digestivo,63.0,hombre,10.0,5.0,1.0,domicilio,sí,16.0,no,hospital D,urgente,02/01/2025,no,distrito 5,no
cardiología,79.0,mujer,9.0,7.0,0.0,domicilio,sí,3.0,sí,hospital D,urgente,21/12/2024,no,distrito 9,sí
  digestivo ,78.0,hombre,5.0,0.0,0.0,domicilio,no,10.0,no,hospital A,programado,02/12/2024,no,distrito 3,sí
cardiología,58.0,mujer,11.0,0.0,0.0,residencia,sí,2.0,no,hospital A,programado,04/09/2024,no,distrito 10,no
CIRUGÍA GENERAL,48.0,mujer,10.0,2.0,0.0,domicilio,sí,0.0,sí,hospital E,programado,16/08/2025,no,distrito 4,no
cardiología,59.0,mujer,-99.0,0.0,0.0,domicilio,sí,4.0,no,hospital D,programado,12/09/2025,no,distrito 10,sí
cardiología,86.0,mujer,8.0,2.0,0.0,domicilio,sí,1.0,no,hospital F,urgente,15/07/2024,no,distrito 4,no
medicina interna,58.0,mujer,3.0,4.0,0.0,domicilio,no,12.0,no,hospital F,urgente,15/11/2025,no,distrito 10,no
cirugía general,55.0,mujer,5.0,5.0,0.0,residencia,no,8.0,no,hospital A,urgente,25/08/2024,si,distrito 3,sí
  medicina interna ,59.0,mujer,5.0,0.0,0.0,domicilio,no,6.0,sí,hospital A,urgente,29/06/2024,no,distrito 8,sí
digestivo,75.0,mujer,14.0,3.0,0.0,domicilio,no,4.0,no,hospital A,urgente,21/08/2024,no,distrito 7,sí
digestivo,64.0,mujer,5.0,0.0,0.0,domicilio,sí,4.0,no,hospital B,urgente,03/11/2024,no,distrito 7,no
medicina interna,54.0,mujer,7.0,4.0,0.0,hospitalización a domicilio,no,3.0,sí,hospital E,urgente,19/12/2024,si,distrito 5,sí
traumatología,97.0,mujer,4.0,8.0,0.0,domicilio,no,4.0,sí,hospital B,N/D,26/10/2025,no,distrito 9,sí
TRAUMATOLOGÍA,64.0,mujer,3.0,11.0,0.0,domicilio,sí,8.0,sí,hospital E,urgente,12/06/2025,no,distrito 10,sí
digestivo,96.0,mujer,-99.0,1.0,6.0,residencia,sí,5.0,no,hospital E,programado,15/10/2024,no,distrito 8,sí
medicina interna,53.0,mujer,10.0,1.0,0.0,residencia,no,11.0,no,hospital E,urgente,02/10/2025,no,distrito 4,no
cirugía general,63.0,mujer,4.0,0.0,0.0,domicilio,sí,6.0,sí,hospital E,urgente,10/09/2024,no,distrito 10,no
cardiología,92.0,hombre,16.0,0.0,0.0,centro de media estancia,sí,1.0,sí,hospital E,urgente,29/05/2025,no,distrito 10,sí
cardiología,79.0,hombre,13.0,3.0,0.0,domicilio,sí,2.0,no,hospital C,programado,24/11/2024,no,distrito 5,no
medicina interna,52.0,hombre,5.0,4.0,1.0,domicilio,sí,11.0,no,hospital C,programado,11/08/2025,no,distrito 4,no
  cirugía general ,72.0,hombre,12.0,4.0,0.0,residencia,no,5.0,no,hospital E,urgente,24/08/2025,no,distrito 10,sí
traumatología,77.0,hombre,12.0,1.0,0.0,centro de media estancia,sí,6.0,no,hospital B,programado,23/05/2025,no,distrito 4,sí
cirugía general,83.0,mujer,17.0,0.0,0.0,domicilio,sí,5.0,no,hospital F,urgente,13/07/2025,no,distrito 1,no
CARDIOLOGÍA,67.0,hombre,5.0,0.0,0.0,domicilio,sí,2.0,sí,hospital C,programado,15/05/2025,no,distrito 3,no
cardiología,48.0,hombre,17.0,5.0,0.0,residencia,no,5.0,no,hospital F,urgente,16/07/2024,no,distrito 7,no
traumatología,68.0,mujer,2.0,5.0,1.0,residencia,sí,1.0,no,hospital C,urgente,16/09/2025,no,distrito 8,sí
traumatología,49.0,mujer,12.0,7.0,0.0,domicilio,no,2.0,no,hospital A,urgente,22/07/2024,no,distrito 3,no
cirugía general,83.0,hombre,8.0,3.0,0.0,domicilio,sí,12.0,no,hospital E,urgente,03/08/2025,no,distrito 9,no
traumatología,91.0,hombre,15.0,4.0,0.0,domicilio,sí,2.0,no,hospital B,N/D,27/12/2024,si,distrito 6,sí
digestivo,51.0,hombre,14.0,3.0,0.0,domicilio,sí,5.0,sí,hospital F,N/D,21/07/2024,no,distrito 4,no
neumología,91.0,mujer,8.0,3.0,0.0,domicilio,sí,13.0,no,hospital E,programado,17/01/2025,no,distrito 1,no
CIRUGÍA GENERAL,78.0,mujer,5.0,16.0,1.0,domicilio,no,3.0,sí,hospital F,urgente,03/12/2024,si,distrito 2,no
medicina interna,52.0,hombre,11.0,2.0,0.0,domicilio,sí,4.0,sí,hospital E,urgente,14/06/2025,no,distrito 1,sí
MEDICINA INTERNA,93.0,mujer,1.0,2.0,0.0,domicilio,no,3.0,no,hospital B,urgente,08/09/2025,no,distrito 7,sí
cardiología,78.0,hombre,2.0,1.0,0.0,hospitalización a domicilio,no,19.0,no,hospital C,urgente,20/05/2025,no,distrito 8,no
DIGESTIVO,89.0,mujer,21.0,2.0,4.0,domicilio,no,6.0,no,hospital E,urgente,04/03/2025,no,distrito 5,no
traumatología,72.0,hombre,23.0,2.0,0.0,domicilio,no,1.0,no,hospital A,urgente,18/06/2024,no,distrito 10,no
neumología,87.0,mujer,8.0,2.0,0.0,residencia,sí,6.0,no,hospital F,urgente,02/01/2025,no,distrito 5,no
  cardiología ,85.0,hombre,7.0,1.0,0.0,domicilio,no,8.0,no,hospital D,programado,16/09/2025,no,distrito 7,sí
cirugía general,63.0,mujer,4.0,3.0,0.0,residencia,no,5.0,no,hospital F,urgente,01/12/2024,no,distrito 10,sí
neumología,78.0,mujer,3.0,1.0,0.0,domicilio,sí,4.0,no,hospital F,urgente,16/10/2024,si,distrito 4,no
  traumatología ,54.0,hombre,5.0,1.0,0.0,domicilio,sí,2.0,no,hospital D,programado,23/11/2024,no,distrito 3,no
neumología,66.0,mujer,-99.0,5.0,0.0,domicilio,sí,3.0,sí,hospital A,programado,12/06/2025,no,distrito 5,sí
cirugía general,78.0,hombre,5.0,0.0,1.0,domicilio,sí,13.0,sí,hospital F,urgente,09/11/2025,no,distrito 2,sí
neumología,91.0,hombre,8.0,9.0,1.0,hospitalización a domicilio,sí,3.0,no,hospital D,urgente,31/07/2024,si,distrito 8,sí
  traumatología ,69.0,mujer,5.0,1.0,0.0,domicilio,sí,5.0,no,hospital B,urgente,24/12/2024,no,distrito 5,sí
medicina interna,47.0,hombre,10.0,6.0,1.0,domicilio,sí,0.0,no,hospital B,urgente,24/09/2025,si,distrito 6,sí
medicina interna,58.0,mujer,5.0,4.0,2.0,residencia,sí,2.0,sí,hospital A,urgente,01/11/2025,no,distrito 6,no
  medicina interna ,51.0,hombre,16.0,0.0,1.0,domicilio,sí,6.0,no,hospital B,urgente,07/08/2024,no,distrito 5,no
medicina interna,91.0,mujer,1.0,2.0,0.0,domicilio,no,2.0,sí,hospital C,urgente,08/12/2024,no,distrito 4,no
traumatología,83.0,mujer,6.0,4.0,0.0,domicilio,no,6.0,no,hospital D,urgente,21/06/2025,no,distrito 10,sí
  cardiología ,66.0,hombre,9.0,0.0,0.0,domicilio,sí,1.0,no,hospital D,urgente,21/04/2025,no,distrito 10,no
cardiología,69.0,hombre,6.0,1.0,0.0,domicilio,no,3.0,no,hospital C,urgente,12/09/2025,no,distrito 7,sí
digestivo,65.0,mujer,4.0,4.0,0.0,centro de media estancia,sí,13.0,no,hospital A,urgente,06/06/2024,no,distrito 2,sí
medicina interna,86.0,hombre,4.0,1.0,0.0,domicilio,sí,5.0,no,hospital A,urgente,16/09/2024,no,distrito 4,sí
traumatología,54.0,mujer,4.0,2.0,0.0,domicilio,sí,6.0,sí,hospital D,urgente,16/08/2024,no,distrito 1,sí
medicina interna,64.0,hombre,6.0,6.0,0.0,domicilio,sí,6.0,no,hospital C,urgente,21/06/2025,no,distrito 3,sí
medicina interna,82.0,mujer,9.0,4.0,0.0,domicilio,no,14.0,sí,hospital D,urgente,12/08/2024,si,distrito 1,no
neumología,36.0,hombre,7.0,9.0,1.0,domicilio,sí,8.0,no,hospital E,programado,25/08/2024,si,distrito 7,sí
neumología,70.0,hombre,0.0,7.0,0.0,domicilio,no,3.0,no,hospital F,urgente,04/03/2025,no,distrito 1,sí
NEUMOLOGÍA,73.0,mujer,5.0,0.0,0.0,domicilio,sí,15.0,no,hospital D,programado,05/06/2025,no,distrito 9,no
digestivo,71.0,mujer,10.0,1.0,0.0,domicilio,no,6.0,no,hospital D,urgente,17/11/2025,no,distrito 3,sí
medicina interna,53.0,hombre,6.0,6.0,0.0,domicilio,no,8.0,no,hospital B,urgente,16/07/2024,no,distrito 8,sí
neumología,67.0,hombre,10.0,1.0,1.0,domicilio,no,3.0,no,hospital B,urgente,14/04/2025,no,distrito 8,no
medicina interna,38.0,mujer,-99.0,4.0,0.0,domicilio,no,10.0,no,hospital B,urgente,05/08/2025,no,distrito 7,sí
medicina interna,60.0,mujer,4.0,1.0,1.0,domicilio,no,7.0,no,hospital C,programado,17/03/2025,no,distrito 9,no
  cardiología ,100.0,hombre,7.0,1.0,0.0,domicilio,sí,7.0,no,hospital B,urgente,20/04/2025,no,distrito 6,sí
cardiologia,71.0,mujer,3.0,3.0,0.0,residencia,sí,0.0,no,hospital D,urgente,14/03/2025,si,distrito 5,no
cirugía general,32.0,mujer,9.0,1.0,0.0,domicilio,sí,0.0,no,hospital F,urgente,01/04/2025,no,distrito 6,no
cirugia general,48.0,hombre,14.0,0.0,0.0,hospitalización a domicilio,sí,0.0,no,hospital A,programado,17/10/2025,no,distrito 9,no
digestivo,87.0,hombre,5.0,1.0,0.0,domicilio,sí,8.0,sí,hospital F,programado,09/08/2024,no,distrito 6,no
cardiología,59.0,mujer,15.0,2.0,2.0,domicilio,sí,2.0,sí,hospital F,programado,05/09/2025,no,distrito 1,no
neumología,63.0,mujer,3.0,2.0,0.0,domicilio,sí,2.0,no,hospital D,programado,22/01/2025,no,distrito 8,no
cirugia general,52.0,hombre,9.0,3.0,1.0,residencia,sí,3.0,no,hospital F,urgente,03/08/2024,no,distrito 6,sí
medicina interna,82.0,mujer,3.0,4.0,0.0,hospitalización a domicilio,sí,8.0,no,hospital B,programado,20/01/2025,no,distrito 8,no
medicina interna,54.0,mujer,6.0,4.0,0.0,domicilio,sí,8.0,no,hospital F,urgente,03/10/2025,no,distrito 9,no
cirugía general,64.0,hombre,6.0,2.0,1.0,hospitalización a domicilio,no,3.0,no,hospital D,urgente,24/04/2025,no,distrito 10,no
cardiología,84.0,mujer,3.0,0.0,0.0,domicilio,sí,8.0,sí,hospital B,urgente,20/06/2024,no,distrito 7,sí
MEDICINA INTERNA,97.0,mujer,5.0,3.0,0.0,domicilio,no,2.0,no,hospital D,programado,15/11/2025,si,distrito 9,sí
traumatología,63.0,mujer,-99.0,0.0,2.0,residencia,no,2.0,no,hospital C,programado,20/08/2024,no,distrito 4,no
MEDICINA INTERNA,74.0,mujer,3.0,1.0,0.0,residencia,sí,6.0,no,hospital D,urgente,17/08/2024,no,distrito 4,no
cirugía general,19.0,mujer,6.0,0.0,0.0,domicilio,no,5.0,no,hospital D,urgente,28/07/2024,no,distrito 4,sí
  medicina interna ,73.0,hombre,16.0,2.0,0.0,domicilio,no,7.0,sí,hospital A,urgente,12/04/2025,no,distrito 8,sí
cirugía general,68.0,mujer,7.0,0.0,0.0,domicilio,sí,4.0,no,hospital E,urgente,28/10/2024,no,distrito 7,no
medicina interna,57.0,mujer,1.0,3.0,0.0,domicilio,no,1.0,no,hospital F,programado,02/05/2025,no,distrito 2,sí
cardiología,73.0,hombre,3.0,0.0,0.0,domicilio,no,3.0,no,hospital B,urgente,23/10/2025,no,distrito 2,sí
traumatología,56.0,hombre,2.0,0.0,0.0,domicilio,no,21.0,sí,hospital F,programado,21/09/2024,no,distrito 6,sí
traumatología,40.0,hombre,8.0,7.0,0.0,domicilio,no,10.0,no,hospital D,urgente,26/05/2025,no,distrito 6,no
  cirugía general ,50.0,hombre,1.0,5.0,5.0,centro de media estancia,sí,5.0,no,hospital A,programado,30/08/2025,no,distrito 4,sí
cirugía general,69.0,mujer,4.0,0.0,0.0,domicilio,no,11.0,sí,hospital F,urgente,14/04/2025,no,distrito 10,no
traumatología,32.0,hombre,11.0,2.0,0.0,domicilio,no,1.0,no,hospital B,programado,02/05/2025,no,distrito 1,sí
  medicina interna ,84.0,mujer,4.0,2.0,0.0,domicilio,sí,6.0,no,hospital F,urgente,01/09/2024,si,distrito 3,no
cirugía general,82.0,mujer,6.0,0.0,0.0,domicilio,sí,2.0,no,hospital C,urgente,13/08/2025,no,distrito 4,no
cirugía general,43.0,mujer,6.0,0.0,4.0,domicilio,sí,0.0,no,hospital F,programado,27/04/2025,no,distrito 5,sí
medicina interna,52.0,hombre,2.0,0.0,0.0,domicilio,sí,10.0,no,hospital B,programado,10/10/2025,no,distrito 3,no
digestivo,88.0,hombre,27.0,5.0,6.0,domicilio,no,1.0,no,hospital C,urgente,14/08/2025,si,distrito 9,sí
cirugía general,65.0,mujer,6.0,0.0,5.0,domicilio,no,11.0,no,hospital E,urgente,30/10/2024,no,distrito 7,no
medicina interna,76.0,hombre,3.0,0.0,2.0,domicilio,no,5.0,no,hospital F,urgente,01/05/2025,no,distrito 2,sí
neumología,52.0,hombre,4.0,2.0,0.0,domicilio,sí,18.0,no,hospital D,urgente,14/12/2024,no,distrito 4,sí
TRAUMATOLOGÍA,51.0,mujer,17.0,3.0,0.0,hospitalización a domicilio,sí,0.0,sí,hospital C,urgente,23/09/2025,no,distrito 5,sí
medicina interna,29.0,mujer,9.0,0.0,1.0,domicilio,no,3.0,sí,hospital A,urgente,30/01/2025,no,distrito 10,sí
cirugía general,51.0,mujer,5.0,3.0,2.0,domicilio,sí,15.0,sí,hospital A,urgente,08/07/2024,no,distrito 4,no
traumatología,53.0,hombre,7.0,7.0,0.0,domicilio,no,9.0,no,hospital F,urgente,04/11/2025,no,distrito 5,no
  cirugía general ,60.0,hombre,10.0,4.0,5.0,domicilio,sí,9.0,no,hospital D,programado,22/10/2025,no,distrito 10,no
medicina interna,74.0,hombre,4.0,0.0,2.0,domicilio,sí,1.0,no,hospital E,urgente,30/09/2024,no,distrito 10,no
CARDIOLOGÍA,18.0,hombre,24.0,2.0,2.0,domicilio,sí,7.0,no,hospital F,urgente,30/11/2024,no,distrito 6,sí
  traumatología ,59.0,hombre,3.0,1.0,0.0,domicilio,sí,1.0,sí,hospital D,urgente,20/12/2024,no,distrito 6,no
traumatología,68.0,hombre,-99.0,2.0,0.0,domicilio,no,7.0,no,hospital A,urgente,05/12/2024,no,distrito 10,sí
medicina interna,100.0,mujer,6.0,1.0,0.0,domicilio,sí,5.0,sí,hospital D,urgente,16/06/2025,si,distrito 3,no
cardiología,73.0,mujer,14.0,9.0,0.0,domicilio,sí,1.0,no,hospital B,programado,10/04/2025,no,distrito 1,sí
digestivo,47.0,hombre,3.0,3.0,0.0,centro de media estancia,sí,8.0,no,hospital B,programado,08/11/2024,si,distrito 4,no
  neumología ,58.0,mujer,3.0,2.0,0.0,domicilio,no,3.0,sí,hospital D,programado,22/04/2025,no,distrito 6,no
cirugía general,81.0,hombre,10.0,3.0,0.0,domicilio,no,7.0,no,hospital E,urgente,10/10/2024,no,distrito 10,sí
medicina interna,83.0,mujer,2.0,11.0,0.0,domicilio,no,8.0,no,hospital F,urgente,30/09/2025,si,distrito 8,sí
cardiología,53.0,mujer,3.0,3.0,0.0,domicilio,no,2.0,no,hospital B,urgente,29/03/2025,no,distrito 5,sí
medicina interna,72.0,mujer,8.0,0.0,0.0,domicilio,no,8.0,no,hospital D,programado,19/03/2025,no,distrito 1,no
medicina interna,81.0,hombre,18.0,7.0,0.0,domicilio,no,7.0,no,hospital A,programado,13/04/2025,no,distrito 1,no
neumología,35.0,hombre,8.0,3.0,2.0,residencia,no,0.0,no,hospital E,urgente,21/05/2025,si,distrito 5,sí
neumología,81.0,mujer,3.0,7.0,0.0,domicilio,sí,12.0,no,hospital A,programado,01/10/2024,no,distrito 2,sí
neumologia,95.0,hombre,7.0,0.0,0.0,domicilio,sí,7.0,no,hospital A,N/D,18/05/2025,no,distrito 10,no
medicina interna,82.0,mujer,12.0,0.0,1.0,domicilio,no,10.0,no,hospital B,urgente,19/07/2024,no,distrito 8,no
medicina interna,57.0,hombre,4.0,2.0,4.0,domicilio,no,10.0,no,hospital B,programado,25/09/2025,no,distrito 10,sí
medicina interna,71.0,hombre,9.0,2.0,0.0,domicilio,sí,6.0,no,hospital A,urgente,24/09/2025,no,distrito 10,no
neumología,47.0,hombre,3.0,6.0,0.0,domicilio,sí,5.0,sí,hospital F,programado,19/01/2025,no,distrito 2,no
  medicina interna ,55.0,mujer,16.0,1.0,0.0,domicilio,sí,0.0,no,hospital E,urgente,09/06/2024,no,distrito 5,no
neumología,45.0,hombre,6.0,2.0,1.0,centro de media estancia,no,2.0,no,hospital B,urgente,24/09/2024,no,distrito 9,sí
digestivo,62.0,hombre,4.0,3.0,0.0,domicilio,sí,2.0,no,hospital F,urgente,07/05/2025,no,distrito 4,sí
traumatología,76.0,hombre,8.0,1.0,0.0,domicilio,sí,2.0,sí,hospital D,programado,01/10/2025,no,distrito 6,sí
cirugía general,74.0,mujer,14.0,3.0,0.0,domicilio,sí,4.0,no,hospital B,urgente,03/12/2024,no,distrito 2,no
traumatología,91.0,hombre,5.0,6.0,4.0,residencia,sí,12.0,no,hospital D,urgente,28/03/2025,si,distrito 5,no
  medicina interna ,73.0,hombre,9.0,4.0,2.0,residencia,sí,1.0,no,hospital C,programado,11/08/2025,si,distrito 9,no
  digestivo ,68.0,hombre,3.0,2.0,1.0,domicilio,no,5.0,sí,hospital A,urgente,12/07/2024,no,distrito 4,no
cardiologia,64.0,mujer,9.0,0.0,0.0,centro de media estancia,sí,3.0,no,hospital D,programado,28/10/2025,no,distrito 4,no
neumología,81.0,hombre,4.0,8.0,2.0,residencia,sí,8.0,no,hospital F,urgente,23/07/2025,si,distrito 3,no
medicina interna,57.0,mujer,16.0,3.0,0.0,domicilio,sí,3.0,no,hospital F,programado,12/12/2024,no,distrito 2,sí
medicina interna,83.0,mujer,2.0,2.0,1.0,residencia,no,4.0,no,hospital C,urgente,11/09/2024,si,distrito 10,no
medicina interna,88.0,hombre,2.0,3.0,0.0,domicilio,no,6.0,no,hospital A,programado,17/08/2025,no,distrito 7,no
traumatologia,83.0,mujer,2.0,1.0,0.0,domicilio,sí,9.0,sí,hospital F,urgente,24/03/2025,no,distrito 10,no
medicina interna,58.0,mujer,21.0,0.0,2.0,domicilio,sí,11.0,sí,hospital B,urgente,02/06/2024,no,distrito 8,no
cirugía general,77.0,mujer,8.0,3.0,1.0,domicilio,sí,5.0,no,hospital D,urgente,31/10/2024,no,distrito 8,no
digestivo,73.0,mujer,-99.0,0.0,3.0,domicilio,sí,3.0,sí,hospital B,urgente,19/10/2024,no,distrito 7,no
cirugía general,64.0,hombre,4.0,1.0,0.0,domicilio,no,1.0,no,hospital C,urgente,02/02/2025,no,distrito 3,sí
  neumología ,94.0,mujer,4.0,0.0,1.0,centro de media estancia,sí,0.0,no,hospital C,urgente,04/10/2024,no,distrito 8,no
cirugía general,49.0,hombre,6.0,3.0,1.0,domicilio,sí,0.0,no,hospital B,programado,24/10/2025,no,distrito 8,no
medicina interna,72.0,mujer,2.0,1.0,0.0,domicilio,sí,9.0,no,hospital B,programado,30/10/2024,no,distrito 8,sí
digestivo,52.0,mujer,2.0,2.0,0.0,domicilio,no,21.0,no,hospital E,urgente,07/07/2024,no,distrito 6,no
traumatología,60.0,hombre,10.0,1.0,0.0,domicilio,sí,9.0,no,hospital B,programado,15/03/2025,no,distrito 1,no
medicina interna,64.0,hombre,5.0,0.0,0.0,domicilio,no,3.0,no,hospital C,programado,12/06/2024,no,distrito 10,sí
neumologia,73.0,mujer,9.0,0.0,0.0,domicilio,sí,5.0,sí,hospital D,urgente,26/01/2025,no,distrito 8,sí
digestivo,66.0,mujer,4.0,1.0,1.0,domicilio,no,9.0,sí,hospital E,urgente,17/06/2025,no,distrito 7,sí
neumología,47.0,hombre,-99.0,1.0,0.0,residencia,no,3.0,no,hospital B,urgente,06/11/2024,no,distrito 3,no
cardiología,80.0,hombre,9.0,3.0,0.0,domicilio,sí,8.0,no,hospital A,programado,29/05/2025,no,distrito 8,no
medicina interna,67.0,hombre,4.0,8.0,0.0,domicilio,sí,5.0,no,hospital D,urgente,20/09/2025,no,distrito 4,no
cardiología,60.0,hombre,11.0,2.0,0.0,domicilio,no,4.0,no,hospital D,urgente,05/10/2024,no,distrito 1,no
neumología,72.0,mujer,7.0,2.0,1.0,domicilio,sí,5.0,no,hospital A,urgente,22/08/2024,no,distrito 7,no
neumología,48.0,mujer,8.0,2.0,0.0,domicilio,sí,6.0,no,hospital D,urgente,26/07/2025,no,distrito 7,sí
cardiología,90.0,hombre,5.0,1.0,0.0,hospitalización a domicilio,sí,7.0,no,hospital A,programado,22/10/2024,no,distrito 3,no
CARDIOLOGÍA,45.0,mujer,6.0,5.0,0.0,domicilio,sí,1.0,no,hospital A,urgente,24/07/2025,no,distrito 5,sí
medicina interna,63.0,mujer,7.0,1.0,0.0,domicilio,no,11.0,sí,hospital D,urgente,03/08/2024,no,distrito 8,sí
cirugía general,36.0,hombre,2.0,1.0,0.0,centro de media estancia,sí,2.0,no,hospital F,programado,06/10/2024,no,distrito 2,no
  medicina interna ,66.0,hombre,7.0,0.0,1.0,domicilio,no,4.0,no,hospital E,urgente,24/10/2024,no,distrito 4,no
cardiología,50.0,mujer,6.0,0.0,0.0,domicilio,no,7.0,no,hospital A,urgente,25/10/2025,no,distrito 5,sí
  digestivo ,66.0,hombre,2.0,3.0,0.0,domicilio,sí,11.0,no,hospital A,urgente,19/02/2025,si,distrito 3,sí
cardiología,40.0,mujer,-99.0,4.0,0.0,domicilio,sí,1.0,no,hospital D,programado,16/09/2025,no,distrito 4,no
medicina interna,64.0,mujer,8.0,0.0,3.0,domicilio,sí,2.0,sí,hospital A,programado,11/04/2025,no,distrito 4,no
NEUMOLOGÍA,97.0,mujer,11.0,2.0,0.0,domicilio,no,6.0,no,hospital C,urgente,21/11/2024,no,distrito 1,no
neumología,59.0,hombre,1.0,0.0,0.0,domicilio,sí,3.0,no,hospital E,programado,04/09/2025,no,distrito 10,no
  traumatología ,47.0,hombre,1.0,1.0,1.0,domicilio,no,13.0,no,hospital A,urgente,11/09/2024,no,distrito 2,no
medicina interna,61.0,mujer,17.0,5.0,0.0,domicilio,sí,10.0,sí,hospital F,urgente,10/06/2025,no,distrito 1,no
medicina interna,26.0,hombre,9.0,4.0,0.0,domicilio,sí,0.0,no,hospital B,programado,27/07/2025,no,distrito 5,no
NEUMOLOGÍA,53.0,mujer,7.0,0.0,0.0,domicilio,sí,11.0,no,hospital A,urgente,24/07/2025,no,distrito 10,no
cirugía general,56.0,mujer,26.0,4.0,1.0,domicilio,no,16.0,no,hospital A,urgente,21/02/2025,no,distrito 4,no
cirugía general,40.0,hombre,5.0,1.0,0.0,domicilio,no,15.0,no,hospital A,urgente,03/10/2024,no,distrito 6,no
DIGESTIVO,70.0,hombre,6.0,0.0,0.0,residencia,sí,4.0,sí,hospital D,programado,04/07/2025,no,distrito 4,sí
cirugía general,52.0,hombre,4.0,4.0,0.0,residencia,sí,0.0,no,hospital D,programado,20/11/2025,si,distrito 8,no
traumatología,64.0,hombre,-99.0,0.0,1.0,residencia,sí,4.0,no,hospital E,urgente,12/01/2025,no,distrito 9,sí
traumatologia,91.0,hombre,4.0,1.0,0.0,domicilio,no,6.0,sí,hospital A,urgente,30/08/2025,no,distrito 4,sí
neumología,70.0,hombre,5.0,0.0,0.0,domicilio,sí,15.0,no,hospital C,programado,13/06/2024,no,distrito 9,no
  medicina interna ,48.0,hombre,21.0,0.0,0.0,centro de media estancia,no,16.0,sí,hospital E,urgente,02/10/2025,no,distrito 6,no
cardiología,72.0,mujer,5.0,9.0,1.0,residencia,sí,1.0,no,hospital E,N/D,03/08/2024,si,distrito 4,no
cardiología,65.0,hombre,14.0,1.0,0.0,domicilio,sí,14.0,no,hospital D,N/D,16/07/2024,no,distrito 4,no
cirugía general,29.0,hombre,6.0,3.0,1.0,domicilio,no,16.0,sí,hospital A,urgente,13/05/2025,no,distrito 7,sí
NEUMOLOGÍA,54.0,mujer,6.0,0.0,1.0,domicilio,no,2.0,sí,hospital C,programado,02/01/2025,no,distrito 6,sí
medicina interna,45.0,mujer,3.0,1.0,0.0,centro de media estancia,no,0.0,sí,hospital B,urgente,18/10/2025,no,distrito 3,no
traumatología,50.0,hombre,5.0,5.0,0.0,hospitalización a domicilio,sí,12.0,no,hospital C,programado,17/10/2025,no,distrito 4,no
digestivo,86.0,hombre,16.0,0.0,0.0,domicilio,no,10.0,no,hospital D,urgente,24/02/2025,no,distrito 3,no
CIRUGÍA GENERAL,100.0,hombre,7.0,6.0,0.0,domicilio,sí,1.0,sí,hospital A,urgente,20/08/2024,no,distrito 5,no
cirugía general,50.0,hombre,7.0,2.0,0.0,domicilio,sí,3.0,no,hospital C,urgente,22/12/2024,no,distrito 10,sí
traumatología,49.0,hombre,5.0,0.0,0.0,hospitalización a domicilio,no,5.0,no,hospital A,urgente,04/05/2025,no,distrito 8,sí
  medicina interna ,51.0,hombre,3.0,4.0,4.0,domicilio,sí,5.0,no,hospital F,programado,19/07/2025,si,distrito 5,sí
medicina interna,63.0,hombre,9.0,1.0,0.0,domicilio,sí,9.0,no,hospital B,urgente,02/10/2024,no,distrito 5,sí
digestivo,63.0,hombre,3.0,1.0,0.0,domicilio,no,1.0,no,hospital D,urgente,10/11/2024,no,distrito 7,no
cirugía general,46.0,mujer,5.0,1.0,0.0,domicilio,no,17.0,no,hospital B,urgente,07/11/2025,no,distrito 2,sí
CIRUGÍA GENERAL,59.0,hombre,8.0,1.0,0.0,domicilio,no,4.0,no,hospital E,urgente,08/08/2024,no,distrito 5,sí
CIRUGÍA GENERAL,58.0,hombre,13.0,0.0,0.0,domicilio,sí,11.0,no,hospital D,urgente,09/06/2025,no,distrito 4,sí
CARDIOLOGÍA,55.0,mujer,5.0,1.0,0.0,domicilio,sí,3.0,no,hospital B,programado,22/06/2024,no,distrito 6,sí
medicina interna,84.0,hombre,-99.0,9.0,1.0,centro de media estancia,no,19.0,no,hospital E,urgente,26/07/2025,si,distrito 5,no
cardiología,78.0,hombre,16.0,4.0,0.0,domicilio,sí,15.0,sí,hospital E,urgente,27/10/2025,no,distrito 7,sí
digestivo,56.0,mujer,19.0,5.0,0.0,residencia,no,4.0,no,hospital D,urgente,06/09/2024,no,distrito 6,no
neumología,76.0,hombre,22.0,0.0,2.0,hospitalización a domicilio,sí,11.0,no,hospital A,urgente,29/11/2024,no,distrito 9,sí
cirugía general,37.0,mujer,16.0,6.0,1.0,domicilio,no,4.0,no,hospital A,urgente,06/12/2024,no,distrito 6,sí
CARDIOLOGÍA,99.0,mujer,2.0,0.0,0.0,domicilio,no,13.0,no,hospital D,programado,26/06/2025,no,distrito 7,sí
medicina interna,75.0,hombre,10.0,1.0,2.0,domicilio,no,9.0,no,hospital C,programado,22/11/2025,no,distrito 4,sí
TRAUMATOLOGÍA,54.0,mujer,5.0,3.0,0.0,domicilio,no,12.0,no,hospital A,programado,04/07/2024,no,distrito 7,no
cardiología,58.0,hombre,-99.0,4.0,1.0,domicilio,sí,1.0,no,hospital A,urgente,01/07/2025,no,distrito 3,no
cirugía general,100.0,mujer,3.0,3.0,0.0,domicilio,sí,6.0,no,hospital E,urgente,22/08/2024,si,distrito 5,no
medicina interna,60.0,mujer,4.0,1.0,0.0,domicilio,no,7.0,no,hospital E,programado,25/07/2024,no,distrito 9,sí
CARDIOLOGÍA,53.0,mujer,5.0,1.0,0.0,residencia,sí,4.0,no,hospital C,programado,28/10/2024,no,distrito 4,no
medicina interna,65.0,mujer,4.0,9.0,0.0,domicilio,no,7.0,no,hospital D,urgente,26/09/2025,si,distrito 2,no
medicina interna,58.0,hombre,5.0,0.0,0.0,hospitalización a domicilio,sí,1.0,no,hospital E,urgente,28/06/2025,no,distrito 2,sí
  traumatología ,47.0,hombre,4.0,0.0,1.0,domicilio,no,10.0,no,hospital B,programado,02/09/2024,no,distrito 7,sí
neumología,60.0,hombre,8.0,1.0,1.0,domicilio,sí,3.0,no,hospital A,programado,30/07/2024,no,distrito 3,no
cirugía general,62.0,hombre,9.0,2.0,4.0,domicilio,no,5.0,no,hospital F,urgente,04/08/2024,no,distrito 2,no
cardiología,77.0,mujer,9.0,0.0,1.0,domicilio,no,8.0,no,hospital A,urgente,31/01/2025,no,distrito 4,no
CIRUGÍA GENERAL,49.0,mujer,6.0,10.0,0.0,hospitalización a domicilio,no,13.0,no,hospital D,programado,24/07/2024,si,distrito 2,no
medicina interna,73.0,mujer,13.0,1.0,1.0,domicilio,no,5.0,sí,hospital A,urgente,13/10/2024,no,distrito 10,sí
cirugía general,50.0,hombre,6.0,1.0,2.0,centro de media estancia,no,1.0,no,hospital F,programado,29/07/2024,no,distrito 4,no
traumatología,84.0,hombre,12.0,5.0,2.0,domicilio,no,3.0,no,hospital E,N/D,04/12/2024,si,distrito 7,no
neumología,85.0,mujer,9.0,4.0,0.0,hospitalización a domicilio,sí,0.0,no,hospital A,urgente,04/11/2024,no,distrito 6,no
digestivo,75.0,hombre,3.0,2.0,1.0,domicilio,sí,3.0,no,hospital E,programado,08/11/2024,no,distrito 9,no
medicina interna,83.0,hombre,9.0,0.0,0.0,domicilio,sí,8.0,sí,hospital B,urgente,30/08/2025,no,distrito 9,no
medicina interna,65.0,mujer,13.0,1.0,1.0,domicilio,sí,4.0,no,hospital D,urgente,17/11/2024,no,distrito 6,no
cirugía general,31.0,mujer,12.0,2.0,0.0,domicilio,sí,5.0,sí,hospital D,programado,18/07/2025,no,distrito 5,sí
medicina interna,44.0,hombre,1.0,2.0,4.0,domicilio,sí,7.0,no,hospital E,urgente,16/01/2025,no,distrito 8,no
medicina interna,69.0,mujer,1.0,4.0,0.0,residencia,no,8.0,sí,hospital D,urgente,10/09/2024,si,distrito 8,no
cardiología,90.0,hombre,2.0,0.0,1.0,domicilio,sí,14.0,no,hospital B,programado,01/09/2025,no,distrito 2,sí
medicina interna,81.0,mujer,8.0,3.0,0.0,domicilio,sí,4.0,no,hospital B,programado,13/11/2024,no,distrito 1,no
TRAUMATOLOGÍA,96.0,hombre,1.0,0.0,0.0,domicilio,no,4.0,sí,hospital C,programado,30/06/2025,no,distrito 5,no
neumología,74.0,mujer,-99.0,0.0,2.0,domicilio,sí,15.0,sí,hospital E,urgente,09/04/2025,no,distrito 5,no
medicina interna,73.0,mujer,2.0,5.0,0.0,domicilio,sí,0.0,no,hospital B,urgente,01/03/2025,no,distrito 5,no
traumatología,53.0,hombre,16.0,2.0,0.0,domicilio,sí,21.0,no,hospital B,urgente,27/08/2025,no,distrito 1,no
cirugía general,63.0,mujer,8.0,1.0,0.0,domicilio,no,14.0,no,hospital D,urgente,14/02/2025,no,distrito 5,no
  neumología ,76.0,mujer,5.0,1.0,0.0,centro de media estancia,sí,4.0,sí,hospital E,urgente,24/01/2025,no,distrito 5,sí
digestivo,58.0,hombre,15.0,0.0,0.0,centro de media estancia,no,0.0,no,hospital E,programado,06/07/2025,no,distrito 7,no
medicina interna,77.0,mujer,18.0,2.0,1.0,domicilio,sí,5.0,no,hospital C,urgente,01/08/2025,no,distrito 9,no
cirugía general,94.0,hombre,3.0,1.0,0.0,domicilio,sí,6.0,no,hospital F,urgente,22/03/2025,no,distrito 9,no
digestivo,65.0,hombre,11.0,1.0,2.0,domicilio,sí,1.0,sí,hospital C,programado,04/08/2025,no,distrito 1,sí
medicina interna,84.0,hombre,2.0,1.0,0.0,domicilio,sí,2.0,no,hospital E,programado,01/09/2025,si,distrito 5,sí
medicina interna,63.0,hombre,4.0,1.0,0.0,domicilio,no,13.0,no,hospital A,urgente,10/11/2025,no,distrito 2,no
traumatologia,74.0,hombre,4.0,2.0,0.0,domicilio,sí,5.0,sí,hospital F,programado,08/08/2025,no,distrito 8,sí
digestivo,40.0,hombre,10.0,1.0,1.0,domicilio,no,3.0,no,hospital E,urgente,02/09/2025,no,distrito 2,no
traumatologia,68.0,mujer,10.0,2.0,2.0,domicilio,no,1.0,no,hospital C,urgente,05/12/2024,no,distrito 6,no
cirugía general,53.0,hombre,14.0,5.0,0.0,domicilio,no,8.0,sí,hospital E,urgente,23/08/2024,no,distrito 5,no
medicina interna,65.0,hombre,7.0,3.0,0.0,domicilio,no,0.0,no,hospital E,urgente,27/09/2024,no,distrito 3,no
cardiología,49.0,mujer,9.0,0.0,1.0,domicilio,no,3.0,no,hospital A,urgente,10/01/2025,no,distrito 2,no
cardiología,75.0,mujer,14.0,1.0,0.0,domicilio,sí,1.0,no,hospital E,urgente,13/10/2024,no,distrito 10,no
digestivo,64.0,hombre,-99.0,0.0,1.0,domicilio,sí,5.0,sí,hospital C,urgente,03/11/2024,no,distrito 10,no
cardiología,58.0,hombre,4.0,3.0,1.0,domicilio,sí,8.0,no,hospital C,programado,13/05/2025,si,distrito 10,no
medicina interna,53.0,mujer,18.0,1.0,2.0,domicilio,sí,0.0,no,hospital E,urgente,23/07/2025,no,distrito 7,no
medicina interna,66.0,hombre,7.0,1.0,0.0,domicilio,no,2.0,no,hospital B,urgente,21/10/2025,no,distrito 1,no
medicina interna,100.0,hombre,6.0,3.0,0.0,domicilio,sí,9.0,no,hospital C,urgente,28/08/2025,si,distrito 8,sí
CIRUGÍA GENERAL,52.0,hombre,0.0,6.0,0.0,domicilio,no,9.0,no,hospital E,urgente,20/09/2024,no,distrito 6,no
neumología,68.0,hombre,-99.0,0.0,0.0,residencia,no,3.0,no,hospital F,urgente,23/07/2025,no,distrito 6,sí
  cirugía general ,57.0,mujer,8.0,1.0,2.0,residencia,sí,7.0,sí,hospital B,urgente,16/11/2025,no,distrito 7,no
cardiología,46.0,hombre,5.0,1.0,0.0,domicilio,no,12.0,no,hospital B,urgente,02/06/2024,si,distrito 1,no
MEDICINA INTERNA,61.0,hombre,7.0,0.0,3.0,residencia,sí,2.0,no,hospital A,urgente,15/12/2024,no,distrito 4,no
  neumología ,87.0,hombre,23.0,2.0,2.0,domicilio,no,6.0,sí,hospital D,urgente,27/07/2024,no,distrito 7,sí
medicina interna,58.0,hombre,18.0,2.0,1.0,domicilio,sí,3.0,sí,hospital B,urgente,03/06/2024,no,distrito 1,sí
  neumología ,96.0,mujer,2.0,0.0,0.0,domicilio,no,14.0,sí,hospital D,programado,31/08/2024,no,distrito 8,no
medicina interna,48.0,hombre,2.0,0.0,0.0,domicilio,sí,10.0,no,hospital B,urgente,24/02/2025,no,distrito 1,no
medicina interna,83.0,mujer,6.0,0.0,1.0,domicilio,no,3.0,sí,hospital A,urgente,28/08/2024,no,distrito 6,sí
traumatología,65.0,hombre,-99.0,2.0,0.0,domicilio,no,2.0,no,hospital B,urgente,09/04/2025,no,distrito 6,no
neumología,57.0,hombre,2.0,1.0,0.0,domicilio,no,5.0,sí,hospital C,programado,26/01/2025,no,distrito 2,no
  digestivo ,45.0,mujer,4.0,0.0,0.0,domicilio,no,6.0,no,hospital E,urgente,28/02/2025,no,distrito 6,sí
cardiología,47.0,hombre,15.0,1.0,0.0,domicilio,sí,3.0,no,hospital C,urgente,23/07/2024,no,distrito 6,no
digestivo,48.0,hombre,8.0,0.0,0.0,domicilio,sí,7.0,sí,hospital A,urgente,19/10/2024,no,distrito 4,sí
  traumatología ,70.0,hombre,6.0,9.0,0.0,domicilio,sí,14.0,no,hospital B,urgente,25/02/2025,si,distrito 5,sí
MEDICINA INTERNA,56.0,hombre,11.0,7.0,0.0,hospitalización a domicilio,no,2.0,no,hospital E,programado,03/02/2025,si,distrito 1,no
cirugía general,44.0,mujer,6.0,2.0,0.0,domicilio,sí,7.0,no,hospital A,urgente,14/01/2025,no,distrito 1,no
neumología,61.0,mujer,-99.0,0.0,0.0,domicilio,sí,2.0,sí,hospital C,urgente,30/03/2025,no,distrito 9,no
traumatología,51.0,hombre,4.0,0.0,2.0,domicilio,sí,4.0,sí,hospital B,urgente,01/07/2025,no,distrito 4,sí
cirugía general,75.0,mujer,6.0,1.0,1.0,domicilio,no,1.0,no,hospital D,urgente,20/08/2024,no,distrito 5,no
digestivo,71.0,hombre,-99.0,0.0,0.0,domicilio,sí,4.0,sí,hospital E,programado,13/10/2024,no,distrito 4,sí
cirugía general,56.0,hombre,10.0,3.0,0.0,residencia,no,7.0,no,hospital E,programado,25/02/2025,no,distrito 3,no
digestivo,58.0,hombre,4.0,0.0,0.0,domicilio,no,5.0,sí,hospital D,urgente,18/05/2025,no,distrito 3,sí
cirugia general,76.0,hombre,14.0,5.0,0.0,domicilio,sí,14.0,no,hospital B,programado,19/10/2025,no,distrito 5,sí
medicina interna,76.0,mujer,13.0,3.0,0.0,domicilio,no,10.0,sí,hospital E,urgente,31/10/2025,no,distrito 7,no
medicina interna,59.0,hombre,2.0,2.0,1.0,domicilio,no,8.0,no,hospital D,urgente,24/01/2025,no,distrito 9,sí
DIGESTIVO,45.0,hombre,2.0,2.0,0.0,domicilio,no,13.0,no,hospital D,programado,12/11/2025,no,distrito 7,no
medicina interna,72.0,mujer,3.0,6.0,3.0,domicilio,sí,0.0,no,hospital A,programado,21/11/2025,si,distrito 1,sí
traumatología,84.0,mujer,-99.0,4.0,1.0,domicilio,no,3.0,no,hospital C,programado,30/04/2025,no,distrito 2,no
medicina interna,87.0,mujer,10.0,11.0,0.0,residencia,no,4.0,no,hospital C,urgente,28/02/2025,si,distrito 9,no
cardiologia,74.0,hombre,7.0,1.0,0.0,domicilio,sí,7.0,no,hospital A,urgente,07/07/2025,si,distrito 7,no
digestivo,55.0,hombre,2.0,4.0,1.0,domicilio,no,2.0,no,hospital F,urgente,06/02/2025,no,distrito 8,sí
neumología,72.0,hombre,2.0,0.0,0.0,centro de media estancia,sí,11.0,sí,hospital A,urgente,02/10/2025,no,distrito 8,no
cardiologia,72.0,mujer,7.0,1.0,0.0,domicilio,sí,2.0,no,hospital A,urgente,27/01/2025,no,distrito 9,sí
medicina interna,64.0,hombre,13.0,4.0,0.0,domicilio,sí,10.0,sí,hospital E,urgente,16/12/2024,no,distrito 7,no
  traumatología ,82.0,hombre,8.0,2.0,1.0,domicilio,no,7.0,sí,hospital A,programado,20/06/2024,no,distrito 1,no
medicina interna,73.0,mujer,2.0,1.0,0.0,hospitalización a domicilio,sí,3.0,no,hospital D,programado,15/02/2025,no,distrito 9,sí
neumología,83.0,mujer,11.0,0.0,0.0,domicilio,no,19.0,sí,hospital C,urgente,10/02/2025,no,distrito 1,no
medicina interna,81.0,hombre,7.0,1.0,0.0,hospitalización a domicilio,sí,6.0,no,hospital B,urgente,23/10/2025,no,distrito 4,no
CIRUGÍA GENERAL,72.0,hombre,7.0,1.0,0.0,domicilio,sí,6.0,no,hospital F,urgente,29/04/2025,no,distrito 6,sí
medicina interna,69.0,hombre,5.0,1.0,0.0,domicilio,sí,5.0,no,hospital B,programado,15/06/2025,no,distrito 3,sí
traumatología,57.0,mujer,11.0,1.0,1.0,domicilio,sí,0.0,no,hospital F,urgente,15/07/2025,no,distrito 1,no
cardiología,57.0,hombre,11.0,2.0,1.0,domicilio,sí,3.0,sí,hospital C,N/D,09/06/2025,si,distrito 10,sí
cirugía general,38.0,hombre,4.0,0.0,0.0,domicilio,no,2.0,sí,hospital E,urgente,03/07/2024,no,distrito 9,no
medicina interna,73.0,hombre,-99.0,1.0,0.0,domicilio,no,1.0,sí,hospital F,programado,30/08/2025,no,distrito 5,sí
cardiología,53.0,hombre,8.0,3.0,1.0,domicilio,sí,5.0,no,hospital B,urgente,19/10/2025,no,distrito 8,no
cardiología,76.0,hombre,4.0,6.0,0.0,domicilio,no,3.0,no,hospital E,programado,04/07/2024,si,distrito 7,no
neumología,64.0,hombre,17.0,0.0,0.0,domicilio,sí,2.0,no,hospital C,programado,17/10/2024,no,distrito 8,sí
traumatología,63.0,mujer,3.0,0.0,0.0,domicilio,no,7.0,sí,hospital A,urgente,22/06/2024,no,distrito 9,no
neumología,84.0,mujer,5.0,0.0,1.0,domicilio,sí,4.0,no,hospital E,N/D,23/08/2025,no,distrito 3,no
cirugía general,72.0,hombre,7.0,2.0,1.0,domicilio,sí,5.0,sí,hospital A,urgente,22/01/2025,no,distrito 5,no
medicina interna,94.0,mujer,14.0,0.0,0.0,residencia,sí,6.0,no,hospital E,urgente,09/12/2024,no,distrito 7,sí
digestivo,66.0,mujer,6.0,4.0,0.0,domicilio,no,5.0,sí,hospital B,N/D,09/11/2025,no,distrito 1,sí
neumología,92.0,mujer,5.0,1.0,0.0,domicilio,sí,6.0,no,hospital A,programado,31/10/2025,no,distrito 9,no
neumologia,92.0,mujer,15.0,2.0,0.0,domicilio,no,5.0,no,hospital B,urgente,18/04/2025,si,distrito 9,sí
TRAUMATOLOGÍA,68.0,mujer,10.0,3.0,0.0,domicilio,sí,4.0,no,hospital F,urgente,06/10/2025,si,distrito 9,sí
neumología,71.0,mujer,-99.0,0.0,0.0,hospitalización a domicilio,sí,6.0,no,hospital B,urgente,05/11/2025,no,distrito 1,sí
  cardiología ,82.0,mujer,7.0,1.0,2.0,domicilio,sí,5.0,sí,hospital B,urgente,20/01/2025,no,distrito 4,sí
cirugía general,39.0,hombre,7.0,0.0,0.0,hospitalización a domicilio,sí,4.0,no,hospital F,programado,24/10/2025,no,distrito 3,sí
cardiología,71.0,mujer,12.0,3.0,1.0,centro de media estancia,no,8.0,sí,hospital D,programado,03/11/2025,no,distrito 5,no
medicina interna,100.0,mujer,19.0,0.0,0.0,domicilio,no,2.0,no,hospital A,urgente,30/10/2024,no,distrito 5,sí
  medicina interna ,86.0,hombre,2.0,2.0,0.0,domicilio,sí,2.0,no,hospital A,programado,15/09/2024,no,distrito 6,no
cardiología,73.0,hombre,1.0,2.0,1.0,hospitalización a domicilio,no,3.0,no,hospital B,urgente,03/08/2025,no,distrito 10,no
medicina interna,70.0,hombre,0.0,0.0,0.0,domicilio,sí,20.0,no,hospital A,urgente,20/12/2024,no,distrito 6,sí
TRAUMATOLOGÍA,100.0,hombre,3.0,8.0,0.0,domicilio,no,3.0,no,hospital F,programado,01/06/2024,si,distrito 2,no
cirugía general,62.0,hombre,1.0,5.0,0.0,domicilio,sí,1.0,no,hospital B,programado,16/04/2025,no,distrito 9,sí
medicina interna,29.0,hombre,6.0,3.0,1.0,domicilio,no,19.0,no,hospital A,urgente,02/07/2024,no,distrito 7,no
medicina interna,59.0,hombre,7.0,3.0,0.0,hospitalización a domicilio,sí,4.0,no,hospital C,programado,05/07/2025,no,distrito 4,no
neumología,56.0,hombre,8.0,3.0,1.0,domicilio,no,11.0,sí,hospital A,urgente,18/08/2025,no,distrito 2,no
traumatología,46.0,hombre,2.0,2.0,0.0,domicilio,sí,2.0,sí,hospital B,programado,27/10/2024,no,distrito 5,no
cirugia general,50.0,mujer,12.0,1.0,0.0,domicilio,no,0.0,no,hospital C,urgente,05/10/2025,no,distrito 8,no
traumatología,38.0,mujer,1.0,2.0,2.0,residencia,no,4.0,no,hospital E,urgente,30/05/2025,no,distrito 8,sí
TRAUMATOLOGÍA,100.0,mujer,4.0,8.0,0.0,domicilio,no,7.0,sí,hospital F,programado,28/01/2025,no,distrito 2,sí
cirugía general,53.0,mujer,9.0,3.0,0.0,domicilio,sí,2.0,sí,hospital D,urgente,21/05/2025,no,distrito 1,no
CIRUGÍA GENERAL,81.0,mujer,-99.0,8.0,0.0,domicilio,sí,9.0,no,hospital D,urgente,01/04/2025,si,distrito 6,sí
cirugía general,100.0,mujer,11.0,1.0,1.0,domicilio,no,9.0,sí,hospital D,programado,30/04/2025,no,distrito 8,no
traumatología,56.0,hombre,12.0,3.0,0.0,domicilio,sí,4.0,no,hospital D,programado,20/05/2025,no,distrito 9,sí
medicina interna,59.0,hombre,6.0,2.0,1.0,residencia,no,6.0,sí,hospital E,programado,16/05/2025,no,distrito 4,no
NEUMOLOGÍA,93.0,mujer,6.0,1.0,0.0,domicilio,sí,10.0,sí,hospital A,programado,28/02/2025,no,distrito 8,no
medicina interna,50.0,hombre,6.0,0.0,0.0,domicilio,no,6.0,sí,hospital D,urgente,19/11/2024,no,distrito 9,sí
traumatología,49.0,hombre,-99.0,1.0,1.0,residencia,sí,3.0,no,hospital B,N/D,24/09/2024,no,distrito 2,sí
cardiologia,100.0,hombre,3.0,1.0,0.0,domicilio,no,3.0,no,hospital E,urgente,22/08/2025,no,distrito 7,no
  cirugía general ,45.0,mujer,7.0,0.0,0.0,hospitalización a domicilio,no,4.0,no,hospital F,urgente,16/09/2025,no,distrito 6,no
neumología,60.0,mujer,-99.0,2.0,0.0,domicilio,sí,10.0,sí,hospital E,urgente,28/08/2025,no,distrito 7,no
cirugía general,69.0,mujer,16.0,1.0,1.0,residencia,no,6.0,no,hospital F,urgente,05/10/2025,no,distrito 9,sí
medicina interna,79.0,hombre,3.0,1.0,0.0,domicilio,sí,8.0,sí,hospital B,urgente,25/04/2025,no,distrito 10,sí
digestivo,91.0,mujer,-99.0,0.0,0.0,domicilio,sí,11.0,no,hospital F,urgente,23/07/2024,no,distrito 10,no
medicina interna,55.0,hombre,4.0,0.0,0.0,domicilio,sí,13.0,no,hospital F,programado,25/08/2024,no,distrito 1,no
traumatología,86.0,hombre,4.0,0.0,0.0,domicilio,sí,10.0,no,hospital D,programado,22/08/2025,no,distrito 7,no
neumología,53.0,hombre,10.0,10.0,0.0,residencia,sí,5.0,sí,hospital E,urgente,25/12/2024,si,distrito 10,sí
cardiología,82.0,hombre,14.0,0.0,1.0,domicilio,no,1.0,no,hospital D,urgente,13/12/2024,no,distrito 9,no
traumatología,68.0,mujer,11.0,0.0,0.0,domicilio,no,10.0,no,hospital D,urgente,22/04/2025,no,distrito 10,no
  cirugía general ,99.0,mujer,1.0,1.0,0.0,domicilio,sí,3.0,no,hospital A,urgente,14/10/2024,no,distrito 8,no
neumología,62.0,mujer,-99.0,1.0,6.0,domicilio,no,6.0,sí,hospital C,urgente,15/08/2025,no,distrito 6,no
cirugia general,51.0,hombre,7.0,1.0,0.0,domicilio,no,3.0,no,hospital B,urgente,22/07/2024,no,distrito 2,sí
  cardiología ,40.0,hombre,9.0,0.0,0.0,domicilio,sí,18.0,no,hospital D,programado,29/07/2025,no,distrito 2,no
neumología,83.0,mujer,3.0,4.0,0.0,domicilio,no,6.0,no,hospital F,urgente,19/08/2025,si,distrito 7,no
  cirugía general ,73.0,hombre,25.0,9.0,0.0,domicilio,no,7.0,no,hospital E,programado,08/05/2025,si,distrito 6,no
  cardiología ,44.0,mujer,2.0,3.0,0.0,domicilio,no,5.0,no,hospital D,urgente,09/10/2024,no,distrito 8,no
traumatología,59.0,mujer,6.0,9.0,0.0,residencia,sí,10.0,no,hospital B,programado,24/10/2025,si,distrito 7,no
  digestivo ,83.0,hombre,3.0,0.0,0.0,domicilio,no,6.0,no,hospital F,programado,14/07/2025,no,distrito 6,no
cardiología,43.0,hombre,5.0,1.0,0.0,hospitalización a domicilio,sí,3.0,no,hospital A,urgente,11/12/2024,no,distrito 1,no
CARDIOLOGÍA,84.0,mujer,5.0,2.0,0.0,domicilio,sí,5.0,sí,hospital C,programado,19/09/2025,no,distrito 7,sí
medicina interna,73.0,mujer,3.0,2.0,1.0,residencia,no,1.0,no,hospital F,urgente,14/09/2025,no,distrito 10,no
neumología,76.0,hombre,4.0,4.0,0.0,domicilio,sí,0.0,sí,hospital C,urgente,08/05/2025,no,distrito 6,no
medicina interna,74.0,mujer,3.0,7.0,1.0,domicilio,sí,8.0,sí,hospital D,programado,01/08/2025,no,distrito 10,no
cirugía general,69.0,hombre,7.0,4.0,2.0,domicilio,sí,10.0,no,hospital A,urgente,18/07/2024,no,distrito 1,no
neumología,72.0,mujer,13.0,2.0,0.0,domicilio,no,2.0,sí,hospital F,urgente,29/10/2024,no,distrito 4,no
cardiología,70.0,hombre,8.0,2.0,0.0,domicilio,no,0.0,sí,hospital D,programado,30/08/2025,no,distrito 4,no
cirugía general,81.0,hombre,5.0,0.0,1.0,domicilio,no,6.0,no,hospital C,urgente,02/08/2024,no,distrito 5,no
traumatologia,30.0,hombre,8.0,1.0,1.0,residencia,no,3.0,no,hospital E,programado,29/11/2024,no,distrito 5,sí
traumatologia,52.0,mujer,2.0,0.0,0.0,residencia,sí,5.0,no,hospital A,urgente,09/11/2025,no,distrito 6,no
cardiología,73.0,mujer,3.0,0.0,2.0,hospitalización a domicilio,sí,3.0,no,hospital C,programado,25/08/2024,no,distrito 6,sí
medicina interna,85.0,mujer,9.0,10.0,2.0,domicilio,no,3.0,no,hospital A,urgente,17/09/2024,si,distrito 5,sí
cardiología,77.0,hombre,2.0,3.0,0.0,domicilio,no,8.0,sí,hospital D,N/D,26/06/2025,si,distrito 8,sí
medicina interna,77.0,hombre,3.0,3.0,0.0,domicilio,sí,5.0,no,hospital B,urgente,21/08/2024,no,distrito 9,no
cirugía general,72.0,mujer,4.0,2.0,1.0,domicilio,no,9.0,sí,hospital F,urgente,02/11/2024,no,distrito 3,sí
digestivo,62.0,mujer,2.0,1.0,8.0,hospitalización a domicilio,sí,2.0,no,hospital D,urgente,04/12/2024,si,distrito 7,no
  traumatología ,46.0,mujer,2.0,0.0,0.0,domicilio,no,12.0,no,hospital C,programado,28/09/2024,no,distrito 8,no
  neumología ,75.0,hombre,8.0,1.0,0.0,hospitalización a domicilio,no,10.0,no,hospital F,programado,23/11/2024,si,distrito 8,no
DIGESTIVO,60.0,hombre,6.0,1.0,0.0,domicilio,sí,2.0,sí,hospital F,urgente,15/11/2024,no,distrito 5,no
digestivo,79.0,mujer,8.0,2.0,0.0,domicilio,no,19.0,no,hospital B,programado,21/02/2025,no,distrito 2,no
neumología,58.0,hombre,10.0,1.0,1.0,domicilio,no,11.0,no,hospital C,urgente,16/11/2025,no,distrito 4,no
digestivo,96.0,hombre,9.0,0.0,0.0,hospitalización a domicilio,no,0.0,no,hospital B,N/D,11/11/2025,no,distrito 10,sí
  digestivo ,55.0,mujer,2.0,4.0,0.0,domicilio,sí,3.0,sí,hospital A,urgente,29/12/2024,no,distrito 10,no
medicina interna,74.0,mujer,9.0,6.0,0.0,domicilio,sí,6.0,sí,hospital B,urgente,06/11/2024,no,distrito 7,sí
medicina interna,96.0,hombre,14.0,5.0,1.0,domicilio,no,6.0,no,hospital F,urgente,25/06/2025,si,distrito 5,no
  cirugía general ,72.0,hombre,3.0,0.0,0.0,domicilio,no,5.0,no,hospital C,urgente,12/10/2024,no,distrito 5,no
MEDICINA INTERNA,87.0,mujer,15.0,3.0,0.0,domicilio,sí,4.0,no,hospital C,urgente,28/10/2025,si,distrito 8,no
traumatología,83.0,mujer,11.0,0.0,0.0,domicilio,sí,5.0,no,hospital E,urgente,27/06/2024,no,distrito 9,sí
cardiología,53.0,hombre,1.0,9.0,0.0,residencia,sí,2.0,sí,hospital D,programado,26/12/2024,si,distrito 4,sí
neumologia,43.0,hombre,6.0,4.0,0.0,domicilio,sí,15.0,no,hospital A,urgente,17/08/2025,no,distrito 10,sí
traumatología,37.0,hombre,4.0,0.0,0.0,domicilio,no,8.0,sí,hospital B,urgente,13/12/2024,no,distrito 4,no
medicina interna,36.0,mujer,-99.0,3.0,0.0,domicilio,no,6.0,no,hospital B,programado,07/10/2024,no,distrito 4,no
  medicina interna ,60.0,hombre,9.0,1.0,0.0,hospitalización a domicilio,no,12.0,no,hospital D,urgente,12/07/2024,no,distrito 7,sí
medicina interna,38.0,hombre,0.0,2.0,0.0,domicilio,sí,10.0,sí,hospital D,urgente,11/11/2024,no,distrito 9,sí
medicina interna,82.0,mujer,22.0,1.0,2.0,domicilio,sí,16.0,no,hospital C,urgente,14/04/2025,no,distrito 4,no
medicina interna,51.0,hombre,8.0,2.0,0.0,centro de media estancia,sí,1.0,no,hospital F,urgente,17/02/2025,no,distrito 9,no
medicina interna,72.0,hombre,-99.0,5.0,2.0,residencia,sí,21.0,no,hospital A,urgente,14/07/2024,si,distrito 9,no
MEDICINA INTERNA,44.0,mujer,2.0,0.0,0.0,domicilio,sí,19.0,no,hospital C,urgente,06/03/2025,no,distrito 4,no
cirugía general,73.0,hombre,2.0,1.0,0.0,domicilio,sí,3.0,no,hospital E,programado,27/09/2024,no,distrito 2,no
cirugía general,97.0,hombre,4.0,4.0,0.0,hospitalización a domicilio,no,22.0,sí,hospital B,urgente,26/10/2024,no,distrito 5,sí
medicina interna,89.0,hombre,7.0,2.0,1.0,hospitalización a domicilio,no,2.0,no,hospital C,programado,31/08/2025,no,distrito 10,no
cardiología,67.0,mujer,11.0,5.0,0.0,domicilio,sí,0.0,no,hospital D,urgente,19/08/2024,no,distrito 5,no
traumatologia,50.0,hombre,5.0,0.0,0.0,residencia,sí,7.0,no,hospital A,programado,03/07/2025,no,distrito 10,no
cardiología,76.0,hombre,6.0,2.0,0.0,domicilio,no,8.0,no,hospital C,programado,06/11/2024,no,distrito 2,no
neumología,100.0,hombre,15.0,1.0,1.0,domicilio,no,11.0,no,hospital B,urgente,07/07/2024,no,distrito 2,sí
cardiologia,60.0,hombre,7.0,2.0,1.0,domicilio,sí,4.0,no,hospital D,urgente,11/07/2024,no,distrito 5,sí
digestivo,85.0,mujer,3.0,0.0,0.0,domicilio,no,5.0,no,hospital C,urgente,30/10/2024,no,distrito 2,no
CARDIOLOGÍA,81.0,hombre,6.0,0.0,0.0,domicilio,sí,9.0,no,hospital A,urgente,08/09/2024,no,distrito 4,no
neumología,69.0,hombre,6.0,1.0,1.0,domicilio,sí,8.0,sí,hospital E,urgente,05/07/2025,no,distrito 4,no
cirugía general,70.0,hombre,3.0,6.0,0.0,residencia,no,3.0,sí,hospital C,programado,25/09/2024,si,distrito 8,no
medicina interna,83.0,mujer,8.0,7.0,0.0,domicilio,sí,0.0,no,hospital B,programado,25/07/2025,no,distrito 2,no
neumología,45.0,hombre,6.0,5.0,0.0,domicilio,no,0.0,no,hospital D,programado,26/07/2025,no,distrito 6,no
neumología,66.0,mujer,2.0,3.0,0.0,domicilio,no,4.0,sí,hospital F,urgente,20/09/2025,si,distrito 10,no
neumología,41.0,hombre,1.0,5.0,0.0,domicilio,no,9.0,no,hospital D,urgente,15/06/2024,no,distrito 9,sí
cardiología,75.0,mujer,6.0,5.0,1.0,domicilio,sí,11.0,no,hospital D,urgente,25/08/2025,no,distrito 8,no
traumatología,93.0,mujer,2.0,4.0,0.0,domicilio,no,1.0,no,hospital A,urgente,27/10/2025,no,distrito 5,no
  cirugía general ,64.0,hombre,15.0,0.0,0.0,domicilio,sí,4.0,sí,hospital A,urgente,08/07/2024,no,distrito 9,no
cirugía general,54.0,hombre,8.0,3.0,0.0,residencia,no,17.0,sí,hospital E,programado,22/04/2025,si,distrito 7,no
traumatología,48.0,mujer,4.0,6.0,1.0,domicilio,no,10.0,no,hospital E,programado,01/08/2024,no,distrito 1,sí
  traumatología ,95.0,hombre,14.0,0.0,0.0,domicilio,sí,4.0,sí,hospital F,urgente,30/09/2025,no,distrito 5,no
cirugía general,100.0,hombre,14.0,0.0,0.0,domicilio,sí,9.0,no,hospital D,programado,20/11/2024,no,distrito 5,no
traumatología,54.0,hombre,1.0,4.0,0.0,hospitalización a domicilio,sí,14.0,sí,hospital B,programado,09/12/2024,no,distrito 7,sí
  traumatología ,85.0,hombre,2.0,5.0,0.0,domicilio,sí,2.0,sí,hospital D,urgente,15/06/2025,no,distrito 10,no
medicina interna,100.0,hombre,2.0,4.0,0.0,domicilio,no,0.0,no,hospital D,urgente,02/07/2025,no,distrito 6,no
medicina interna,79.0,hombre,19.0,1.0,0.0,domicilio,no,1.0,no,hospital B,urgente,23/09/2025,no,distrito 4,no
neumología,61.0,mujer,6.0,0.0,0.0,domicilio,sí,13.0,no,hospital E,urgente,31/08/2024,no,distrito 7,no
MEDICINA INTERNA,49.0,mujer,1.0,1.0,0.0,domicilio,sí,8.0,sí,hospital D,urgente,13/03/2025,no,distrito 7,no
traumatología,90.0,hombre,10.0,0.0,0.0,hospitalización a domicilio,sí,4.0,no,hospital B,urgente,28/05/2025,no,distrito 7,no
TRAUMATOLOGÍA,69.0,mujer,6.0,7.0,0.0,domicilio,sí,2.0,no,hospital C,urgente,21/03/2025,no,distrito 5,sí
  traumatología ,68.0,hombre,7.0,1.0,0.0,residencia,no,16.0,sí,hospital C,urgente,21/05/2025,no,distrito 1,sí
  traumatología ,62.0,mujer,8.0,0.0,0.0,domicilio,no,3.0,no,hospital F,urgente,19/11/2024,no,distrito 9,sí
traumatología,76.0,hombre,4.0,1.0,0.0,domicilio,no,4.0,no,hospital D,programado,29/05/2025,no,distrito 9,sí
cirugía general,42.0,hombre,3.0,1.0,0.0,domicilio,sí,0.0,sí,hospital C,urgente,26/10/2025,no,distrito 8,no
medicina interna,39.0,hombre,5.0,2.0,0.0,domicilio,sí,13.0,no,hospital F,urgente,10/01/2025,no,distrito 1,no
  cirugía general ,53.0,mujer,8.0,3.0,0.0,domicilio,sí,7.0,no,hospital B,urgente,15/07/2025,no,distrito 8,no
cardiologia,31.0,mujer,-99.0,3.0,4.0,domicilio,no,6.0,sí,hospital A,urgente,11/04/2025,no,distrito 9,no
cirugía general,56.0,hombre,-99.0,5.0,0.0,domicilio,sí,1.0,no,hospital D,urgente,23/03/2025,no,distrito 1,no
neumologia,53.0,mujer,4.0,1.0,0.0,residencia,no,3.0,no,hospital D,urgente,21/08/2024,no,distrito 10,no
neumología,84.0,hombre,12.0,1.0,0.0,domicilio,sí,11.0,no,hospital B,urgente,03/04/2025,no,distrito 8,no
traumatología,47.0,mujer,7.0,1.0,0.0,domicilio,no,3.0,no,hospital F,urgente,18/11/2024,no,distrito 8,no
medicina interna,61.0,mujer,1.0,1.0,1.0,domicilio,no,6.0,sí,hospital D,urgente,24/01/2025,no,distrito 3,no
neumología,76.0,mujer,5.0,2.0,0.0,domicilio,no,0.0,no,hospital C,programado,27/08/2025,no,distrito 3,sí
cardiologia,59.0,hombre,7.0,0.0,0.0,hospitalización a domicilio,sí,15.0,no,hospital F,urgente,30/12/2024,no,distrito 1,sí
  medicina interna ,87.0,hombre,6.0,0.0,1.0,domicilio,sí,4.0,no,hospital B,programado,25/04/2025,no,distrito 7,no
medicina interna,73.0,hombre,8.0,3.0,0.0,hospitalización a domicilio,sí,2.0,no,hospital F,urgente,21/09/2024,no,distrito 3,no
MEDICINA INTERNA,84.0,hombre,7.0,2.0,0.0,residencia,sí,1.0,sí,hospital E,programado,29/07/2024,no,distrito 2,no
cardiología,97.0,mujer,8.0,0.0,0.0,domicilio,sí,22.0,no,hospital B,programado,26/09/2024,no,distrito 4,sí
MEDICINA INTERNA,87.0,hombre,4.0,7.0,3.0,hospitalización a domicilio,sí,8.0,no,hospital A,urgente,14/08/2025,no,distrito 6,sí
  cardiología ,49.0,mujer,-99.0,3.0,1.0,residencia,no,10.0,sí,hospital B,programado,29/10/2025,no,distrito 3,sí
neumología,51.0,mujer,-99.0,2.0,3.0,domicilio,no,5.0,no,hospital A,urgente,11/03/2025,no,distrito 9,no
cardiología,71.0,mujer,2.0,0.0,0.0,centro de media estancia,no,9.0,sí,hospital E,programado,21/10/2025,no,distrito 5,no
cirugía general,71.0,mujer,2.0,5.0,1.0,domicilio,no,6.0,no,hospital E,N/D,11/09/2025,no,distrito 10,sí
  traumatología ,91.0,mujer,3.0,0.0,0.0,centro de media estancia,sí,2.0,sí,hospital C,N/D,21/01/2025,no,distrito 1,sí
neumología,83.0,mujer,5.0,1.0,0.0,domicilio,no,6.0,sí,hospital F,urgente,01/09/2025,no,distrito 5,sí
digestivo,64.0,hombre,7.0,1.0,0.0,domicilio,sí,3.0,no,hospital E,urgente,29/12/2024,no,distrito 3,sí
traumatología,51.0,mujer,10.0,3.0,1.0,domicilio,sí,4.0,no,hospital C,programado,25/04/2025,no,distrito 2,sí
cardiología,61.0,hombre,13.0,2.0,0.0,domicilio,sí,5.0,no,hospital C,programado,21/06/2024,no,distrito 9,sí
neumología,79.0,hombre,8.0,1.0,0.0,domicilio,no,12.0,no,hospital E,urgente,29/05/2025,no,distrito 3,sí
digestivo,76.0,mujer,10.0,0.0,0.0,domicilio,sí,7.0,no,hospital B,urgente,11/07/2025,no,distrito 3,no
medicina interna,50.0,mujer,6.0,2.0,0.0,domicilio,no,3.0,no,hospital A,urgente,21/07/2024,no,distrito 9,sí
medicina interna,90.0,hombre,4.0,0.0,0.0,domicilio,sí,9.0,no,hospital A,programado,03/07/2025,no,distrito 3,no
  cardiología ,55.0,hombre,15.0,3.0,0.0,residencia,sí,3.0,sí,hospital D,programado,02/06/2025,no,distrito 9,no
MEDICINA INTERNA,69.0,hombre,14.0,4.0,1.0,domicilio,sí,10.0,no,hospital E,urgente,24/08/2024,no,distrito 9,no
cirugía general,59.0,hombre,-99.0,1.0,0.0,domicilio,sí,10.0,no,hospital B,urgente,16/02/2025,no,distrito 1,no
medicina interna,70.0,hombre,8.0,3.0,0.0,residencia,no,15.0,no,hospital F,urgente,17/08/2024,no,distrito 7,no
cirugía general,35.0,hombre,6.0,1.0,0.0,domicilio,sí,14.0,no,hospital C,programado,15/01/2025,no,distrito 7,sí
  neumología ,89.0,mujer,-99.0,11.0,2.0,domicilio,no,2.0,sí,hospital E,programado,13/09/2025,si,distrito 2,no
medicina interna,54.0,mujer,15.0,4.0,0.0,domicilio,sí,2.0,no,hospital D,urgente,25/09/2024,no,distrito 10,sí
traumatología,19.0,hombre,4.0,4.0,1.0,domicilio,sí,7.0,no,hospital E,N/D,18/02/2025,no,distrito 8,sí
traumatología,81.0,mujer,5.0,12.0,0.0,centro de media estancia,sí,18.0,no,hospital A,urgente,30/08/2024,no,distrito 10,sí
digestivo,75.0,hombre,3.0,1.0,1.0,domicilio,sí,7.0,no,hospital C,urgente,17/10/2025,no,distrito 3,no
neumología,51.0,mujer,27.0,2.0,2.0,domicilio,sí,6.0,no,hospital F,urgente,22/12/2024,no,distrito 10,no
medicina interna,81.0,hombre,11.0,5.0,0.0,residencia,sí,13.0,no,hospital A,programado,22/11/2024,si,distrito 7,no
CARDIOLOGÍA,70.0,mujer,6.0,1.0,0.0,domicilio,sí,7.0,no,hospital F,urgente,28/03/2025,no,distrito 1,no
  digestivo ,67.0,mujer,6.0,1.0,0.0,domicilio,sí,7.0,sí,hospital C,urgente,15/10/2024,no,distrito 4,no
neumología,60.0,hombre,7.0,6.0,0.0,domicilio,sí,4.0,sí,hospital B,urgente,27/06/2024,no,distrito 9,sí
medicina interna,63.0,mujer,-99.0,0.0,1.0,domicilio,sí,1.0,no,hospital E,urgente,09/07/2025,no,distrito 1,no
medicina interna,100.0,hombre,13.0,1.0,0.0,domicilio,no,3.0,sí,hospital B,urgente,02/09/2024,no,distrito 3,sí
  neumología ,82.0,mujer,7.0,1.0,1.0,hospitalización a domicilio,sí,0.0,no,hospital E,urgente,14/09/2025,no,distrito 2,no
  neumología ,62.0,hombre,3.0,2.0,1.0,domicilio,no,4.0,no,hospital E,programado,30/06/2024,no,distrito 1,no
medicina interna,65.0,hombre,13.0,1.0,0.0,domicilio,sí,3.0,no,hospital F,urgente,05/08/2025,no,distrito 6,no
cirugía general,48.0,mujer,10.0,1.0,1.0,residencia,sí,4.0,no,hospital E,urgente,20/07/2025,no,distrito 8,no
cirugía general,95.0,mujer,6.0,1.0,0.0,domicilio,sí,3.0,no,hospital E,urgente,10/11/2024,no,distrito 9,sí
neumologia,62.0,hombre,7.0,1.0,0.0,domicilio,sí,3.0,no,hospital B,urgente,16/12/2024,no,distrito 2,sí
neumología,48.0,hombre,12.0,0.0,0.0,domicilio,sí,15.0,no,hospital B,programado,14/02/2025,no,distrito 6,no
cirugía general,93.0,hombre,-99.0,1.0,4.0,centro de media estancia,no,8.0,sí,hospital E,urgente,05/08/2025,no,distrito 2,no
traumatología,35.0,hombre,14.0,4.0,0.0,domicilio,sí,5.0,no,hospital E,urgente,22/01/2025,no,distrito 6,no
traumatología,48.0,hombre,3.0,3.0,0.0,domicilio,sí,2.0,sí,hospital D,urgente,24/06/2025,no,distrito 5,no
medicina interna,80.0,mujer,6.0,1.0,1.0,residencia,sí,2.0,no,hospital E,urgente,14/02/2025,no,distrito 3,no
neumología,91.0,hombre,2.0,2.0,2.0,domicilio,no,3.0,no,hospital A,programado,30/12/2024,si,distrito 3,no
traumatología,97.0,mujer,-99.0,3.0,2.0,domicilio,sí,5.0,no,hospital D,urgente,19/03/2025,si,distrito 7,no
traumatología,81.0,hombre,5.0,1.0,0.0,domicilio,no,4.0,no,hospital E,urgente,11/10/2025,no,distrito 9,no
digestivo,32.0,mujer,6.0,3.0,0.0,domicilio,sí,2.0,no,hospital A,urgente,15/05/2025,no,distrito 9,no
traumatologia,60.0,mujer,-99.0,2.0,0.0,residencia,sí,2.0,no,hospital C,urgente,05/12/2024,no,distrito 5,no
medicina interna,55.0,hombre,7.0,1.0,0.0,domicilio,sí,7.0,no,hospital C,urgente,17/08/2025,no,distrito 5,sí
traumatología,66.0,hombre,8.0,1.0,0.0,hospitalización a domicilio,no,4.0,no,hospital C,urgente,17/03/2025,no,distrito 3,no
  cirugía general ,50.0,mujer,8.0,0.0,0.0,domicilio,no,0.0,sí,hospital D,urgente,28/02/2025,no,distrito 8,sí
cardiología,43.0,mujer,11.0,1.0,0.0,domicilio,sí,7.0,no,hospital E,urgente,20/06/2024,no,distrito 8,no
neumología,72.0,mujer,10.0,3.0,0.0,domicilio,no,4.0,no,hospital C,urgente,23/03/2025,no,distrito 6,no
  cirugía general ,45.0,mujer,8.0,0.0,1.0,hospitalización a domicilio,sí,4.0,no,hospital B,urgente,01/11/2024,no,distrito 5,sí
cirugia general,66.0,hombre,6.0,4.0,1.0,domicilio,sí,2.0,no,hospital F,urgente,19/10/2024,no,distrito 6,sí
medicina interna,70.0,mujer,12.0,0.0,0.0,domicilio,sí,8.0,no,hospital D,urgente,08/08/2025,no,distrito 5,sí
neumología,60.0,hombre,4.0,4.0,0.0,domicilio,sí,6.0,sí,hospital C,programado,16/06/2024,no,distrito 4,sí
cardiología,58.0,mujer,6.0,0.0,0.0,residencia,sí,5.0,no,hospital E,urgente,02/08/2024,no,distrito 6,sí
medicina interna,74.0,mujer,5.0,5.0,0.0,domicilio,no,5.0,no,hospital D,urgente,18/02/2025,si,distrito 1,sí
digestivo,67.0,mujer,11.0,3.0,1.0,residencia,no,3.0,no,hospital C,urgente,18/12/2024,no,distrito 8,sí
cirugía general,72.0,mujer,1.0,6.0,0.0,hospitalización a domicilio,sí,5.0,no,hospital C,programado,28/07/2024,no,distrito 2,no
MEDICINA INTERNA,42.0,mujer,3.0,1.0,0.0,hospitalización a domicilio,no,3.0,no,hospital F,urgente,19/10/2024,no,distrito 1,no
  neumología ,72.0,mujer,19.0,2.0,1.0,domicilio,sí,5.0,no,hospital A,urgente,30/08/2024,no,distrito 3,no
CARDIOLOGÍA,69.0,mujer,14.0,1.0,0.0,domicilio,sí,3.0,sí,hospital D,programado,23/07/2025,no,distrito 2,no
medicina interna,43.0,mujer,10.0,0.0,0.0,domicilio,sí,14.0,no,hospital B,urgente,06/11/2025,no,distrito 10,sí
cardiología,37.0,hombre,17.0,3.0,0.0,domicilio,no,0.0,no,hospital C,urgente,17/06/2025,no,distrito 3,sí
CIRUGÍA GENERAL,33.0,mujer,4.0,0.0,3.0,domicilio,sí,2.0,no,hospital B,programado,24/08/2025,no,distrito 3,no
MEDICINA INTERNA,68.0,hombre,4.0,4.0,0.0,residencia,sí,5.0,no,hospital F,programado,06/07/2025,no,distrito 4,sí
digestivo,45.0,mujer,5.0,3.0,1.0,domicilio,sí,10.0,no,hospital E,programado,15/08/2025,no,distrito 8,no
medicina interna,85.0,mujer,3.0,1.0,0.0,domicilio,sí,5.0,no,hospital A,urgente,28/03/2025,no,distrito 2,no
medicina interna,79.0,hombre,5.0,0.0,0.0,domicilio,sí,13.0,no,hospital D,urgente,15/09/2025,no,distrito 9,no
medicina interna,37.0,hombre,10.0,2.0,1.0,domicilio,sí,1.0,no,hospital B,N/D,29/07/2025,no,distrito 1,no
cirugía general,84.0,hombre,10.0,2.0,0.0,domicilio,sí,17.0,sí,hospital A,urgente,12/01/2025,no,distrito 9,no
medicina interna,68.0,hombre,10.0,0.0,2.0,domicilio,sí,1.0,sí,hospital D,programado,09/10/2024,no,distrito 10,no
MEDICINA INTERNA,54.0,mujer,3.0,5.0,0.0,domicilio,sí,2.0,no,hospital B,urgente,04/10/2024,no,distrito 7,no
cirugía general,56.0,hombre,-99.0,3.0,1.0,domicilio,sí,8.0,no,hospital D,urgente,11/10/2024,no,distrito 7,no
cardiología,77.0,mujer,9.0,8.0,0.0,domicilio,sí,9.0,no,hospital D,programado,19/06/2024,si,distrito 10,sí
digestivo,58.0,mujer,9.0,2.0,0.0,domicilio,sí,3.0,no,hospital F,urgente,19/11/2025,no,distrito 7,sí
neumología,65.0,hombre,2.0,0.0,0.0,domicilio,sí,5.0,no,hospital E,urgente,30/07/2024,no,distrito 2,sí
cirugía general,55.0,mujer,7.0,3.0,0.0,domicilio,sí,10.0,no,hospital C,urgente,23/08/2025,no,distrito 3,sí
medicina interna,26.0,mujer,17.0,4.0,0.0,domicilio,sí,1.0,sí,hospital C,programado,16/10/2025,no,distrito 2,no
cirugía general,91.0,mujer,5.0,0.0,0.0,domicilio,no,4.0,no,hospital D,urgente,01/10/2024,no,distrito 10,no
cirugía general,62.0,hombre,4.0,0.0,1.0,domicilio,no,7.0,no,hospital A,urgente,10/08/2024,no,distrito 1,no
neumología,64.0,hombre,5.0,3.0,3.0,centro de media estancia,sí,1.0,no,hospital E,programado,23/01/2025,si,distrito 1,no
neumología,61.0,mujer,10.0,10.0,0.0,domicilio,sí,6.0,no,hospital E,urgente,11/09/2024,si,distrito 6,sí
  traumatología ,86.0,mujer,2.0,2.0,3.0,centro de media estancia,sí,7.0,no,hospital D,urgente,12/03/2025,no,distrito 4,sí
  neumología ,62.0,mujer,5.0,2.0,0.0,domicilio,no,3.0,no,hospital F,urgente,23/01/2025,no,distrito 10,no
neumología,78.0,hombre,-99.0,5.0,0.0,domicilio,no,1.0,sí,hospital E,urgente,03/11/2025,si,distrito 2,no
neumología,63.0,hombre,7.0,2.0,0.0,domicilio,sí,1.0,sí,hospital E,urgente,02/07/2024,no,distrito 5,no
cirugia general,84.0,hombre,4.0,5.0,0.0,domicilio,no,1.0,sí,hospital A,programado,14/10/2025,no,distrito 8,sí
  cardiología ,77.0,mujer,5.0,1.0,3.0,domicilio,no,3.0,no,hospital B,urgente,02/08/2025,no,distrito 8,no
TRAUMATOLOGÍA,50.0,hombre,10.0,5.0,0.0,hospitalización a domicilio,no,3.0,no,hospital A,urgente,20/06/2025,no,distrito 9,sí
CARDIOLOGÍA,72.0,mujer,15.0,3.0,0.0,domicilio,no,5.0,no,hospital F,urgente,13/11/2024,si,distrito 9,sí
cardiología,63.0,hombre,-99.0,3.0,0.0,domicilio,no,4.0,sí,hospital C,N/D,24/10/2024,no,distrito 10,no
cardiología,53.0,mujer,5.0,2.0,2.0,domicilio,sí,9.0,no,hospital E,programado,26/06/2024,no,distrito 2,sí
medicina interna,73.0,hombre,11.0,2.0,0.0,domicilio,no,10.0,sí,hospital B,urgente,09/06/2024,no,distrito 6,no
cirugía general,58.0,hombre,5.0,1.0,0.0,residencia,no,0.0,no,hospital F,urgente,04/10/2024,no,distrito 6,sí
neumologia,53.0,mujer,-99.0,0.0,1.0,hospitalización a domicilio,no,13.0,no,hospital C,programado,07/08/2025,no,distrito 1,no
neumologia,86.0,mujer,5.0,3.0,3.0,domicilio,no,11.0,no,hospital B,urgente,12/07/2024,no,distrito 8,no
digestivo,59.0,hombre,4.0,1.0,0.0,residencia,sí,8.0,no,hospital F,urgente,11/10/2025,no,distrito 4,sí
neumología,95.0,mujer,12.0,4.0,0.0,domicilio,sí,3.0,no,hospital A,urgente,13/07/2024,no,distrito 3,no
  traumatología ,88.0,hombre,7.0,1.0,0.0,domicilio,no,11.0,no,hospital F,urgente,01/03/2025,no,distrito 9,no
digestivo,49.0,hombre,1.0,3.0,0.0,domicilio,no,4.0,no,hospital E,urgente,20/09/2025,no,distrito 1,no
  neumología ,50.0,mujer,5.0,2.0,0.0,residencia,no,3.0,no,hospital A,programado,14/12/2024,no,distrito 3,sí
medicina interna,61.0,hombre,5.0,0.0,0.0,domicilio,no,2.0,no,hospital C,programado,01/10/2025,no,distrito 9,no
neumología,70.0,hombre,-99.0,5.0,0.0,domicilio,sí,10.0,sí,hospital C,urgente,26/09/2025,no,distrito 10,no
neumología,71.0,hombre,14.0,6.0,0.0,hospitalización a domicilio,no,3.0,no,hospital A,urgente,02/09/2025,no,distrito 9,sí
  cardiología ,57.0,mujer,5.0,0.0,1.0,hospitalización a domicilio,no,6.0,no,hospital A,urgente,31/12/2024,no,distrito 5,sí
neumología,70.0,hombre,9.0,10.0,2.0,domicilio,no,5.0,sí,hospital D,urgente,06/06/2024,si,distrito 10,sí
cardiología,32.0,mujer,8.0,1.0,0.0,domicilio,sí,9.0,sí,hospital B,urgente,17/02/2025,no,distrito 2,no
  medicina interna ,54.0,mujer,5.0,3.0,0.0,hospitalización a domicilio,no,3.0,no,hospital C,urgente,13/06/2024,no,distrito 8,no
NEUMOLOGÍA,85.0,hombre,3.0,5.0,1.0,residencia,sí,13.0,no,hospital D,N/D,28/10/2025,si,distrito 10,no
medicina interna,33.0,hombre,13.0,4.0,1.0,centro de media estancia,sí,13.0,no,hospital D,urgente,17/09/2024,no,distrito 10,no
CARDIOLOGÍA,76.0,mujer,6.0,4.0,0.0,domicilio,sí,7.0,no,hospital C,programado,28/06/2024,no,distrito 7,sí
TRAUMATOLOGÍA,83.0,hombre,5.0,1.0,0.0,domicilio,no,9.0,sí,hospital A,programado,14/11/2024,no,distrito 2,sí
cardiología,68.0,mujer,7.0,0.0,0.0,hospitalización a domicilio,no,3.0,no,hospital F,urgente,04/06/2024,no,distrito 10,no
digestivo,84.0,mujer,2.0,1.0,1.0,residencia,sí,2.0,no,hospital B,programado,03/04/2025,no,distrito 6,no
cardiología,37.0,hombre,3.0,2.0,2.0,domicilio,sí,3.0,no,hospital B,urgente,04/05/2025,no,distrito 9,no
cirugia general,80.0,mujer,7.0,2.0,0.0,domicilio,no,4.0,no,hospital B,urgente,09/07/2025,no,distrito 4,no
  medicina interna ,90.0,mujer,5.0,6.0,1.0,residencia,sí,6.0,sí,hospital F,urgente,07/02/2025,si,distrito 3,sí
cirugía general,98.0,mujer,12.0,1.0,0.0,domicilio,no,7.0,no,hospital B,urgente,01/08/2025,no,distrito 1,no
traumatología,75.0,mujer,2.0,1.0,0.0,centro de media estancia,no,1.0,no,hospital A,urgente,22/01/2025,no,distrito 8,sí
cirugía general,100.0,hombre,-99.0,5.0,0.0,residencia,sí,1.0,no,hospital D,urgente,02/03/2025,no,distrito 8,no
traumatología,67.0,hombre,2.0,0.0,2.0,residencia,no,0.0,no,hospital D,programado,16/02/2025,no,distrito 7,no
digestivo,94.0,mujer,9.0,0.0,3.0,domicilio,sí,3.0,no,hospital D,programado,07/07/2025,no,distrito 9,sí
  traumatología ,68.0,mujer,2.0,0.0,0.0,domicilio,sí,8.0,no,hospital D,urgente,23/12/2024,no,distrito 8,no
  cardiología ,38.0,hombre,-99.0,1.0,1.0,domicilio,sí,9.0,no,hospital A,urgente,11/03/2025,no,distrito 3,sí
cirugía general,69.0,hombre,16.0,2.0,0.0,domicilio,sí,3.0,no,hospital A,urgente,17/09/2025,no,distrito 6,no
cirugía general,73.0,hombre,13.0,7.0,0.0,domicilio,sí,8.0,no,hospital F,urgente,17/10/2025,no,distrito 1,no
cirugia general,60.0,mujer,4.0,1.0,0.0,domicilio,sí,1.0,sí,hospital C,programado,20/06/2025,no,distrito 6,no
neumología,52.0,hombre,4.0,1.0,0.0,domicilio,no,5.0,no,hospital D,urgente,13/03/2025,no,distrito 8,sí
medicina interna,85.0,mujer,15.0,0.0,0.0,domicilio,no,5.0,sí,hospital B,urgente,30/03/2025,no,distrito 9,no
medicina interna,82.0,hombre,10.0,2.0,2.0,residencia,sí,3.0,sí,hospital E,urgente,30/06/2024,no,distrito 8,no
neumología,84.0,hombre,12.0,3.0,4.0,hospitalización a domicilio,sí,6.0,no,hospital D,N/D,06/10/2024,no,distrito 6,no
medicina interna,77.0,mujer,3.0,3.0,2.0,domicilio,sí,1.0,no,hospital F,programado,04/01/2025,no,distrito 2,no
cirugía general,70.0,hombre,6.0,1.0,0.0,domicilio,no,4.0,no,hospital E,programado,23/10/2024,no,distrito 5,sí
neumología,71.0,mujer,7.0,1.0,0.0,domicilio,sí,1.0,no,hospital F,programado,14/04/2025,si,distrito 3,sí
  traumatología ,79.0,hombre,11.0,5.0,0.0,domicilio,no,3.0,no,hospital D,urgente,24/05/2025,no,distrito 2,no
traumatología,46.0,hombre,4.0,1.0,0.0,domicilio,no,12.0,no,hospital D,programado,31/05/2025,no,distrito 9,no
cardiología,47.0,mujer,8.0,5.0,1.0,domicilio,no,5.0,no,hospital B,urgente,13/12/2024,no,distrito 5,sí
traumatología,38.0,hombre,6.0,5.0,1.0,domicilio,no,8.0,sí,hospital B,programado,26/10/2025,no,distrito 3,no
medicina interna,70.0,hombre,9.0,6.0,1.0,domicilio,sí,8.0,no,hospital A,programado,21/08/2025,si,distrito 1,sí
neumología,66.0,hombre,5.0,4.0,1.0,domicilio,sí,4.0,sí,hospital E,urgente,21/09/2024,no,distrito 8,sí
medicina interna,48.0,hombre,-99.0,1.0,1.0,hospitalización a domicilio,no,14.0,no,hospital F,urgente,08/02/2025,no,distrito 3,no
medicina interna,77.0,hombre,5.0,0.0,3.0,domicilio,sí,6.0,no,hospital F,urgente,26/01/2025,no,distrito 4,sí
cardiología,80.0,hombre,3.0,4.0,0.0,domicilio,no,4.0,no,hospital F,urgente,02/12/2024,no,distrito 8,sí
digestivo,82.0,hombre,1.0,2.0,0.0,domicilio,sí,6.0,no,hospital C,urgente,28/07/2024,no,distrito 5,sí
medicina interna,53.0,mujer,12.0,0.0,0.0,domicilio,sí,14.0,sí,hospital F,urgente,07/10/2025,si,distrito 3,no
cardiología,51.0,mujer,14.0,1.0,0.0,hospitalización a domicilio,no,4.0,no,hospital D,urgente,15/06/2024,no,distrito 10,no
cardiología,47.0,mujer,2.0,5.0,0.0,residencia,sí,8.0,no,hospital B,urgente,16/09/2025,si,distrito 2,no
neumología,71.0,hombre,4.0,0.0,3.0,domicilio,sí,4.0,no,hospital F,urgente,29/10/2024,no,distrito 1,sí
cirugía general,65.0,hombre,12.0,0.0,0.0,domicilio,sí,3.0,no,hospital F,programado,20/06/2025,no,distrito 2,no
cirugía general,54.0,hombre,9.0,13.0,1.0,domicilio,sí,5.0,sí,hospital C,urgente,06/11/2025,si,distrito 9,sí
neumología,89.0,mujer,2.0,2.0,4.0,domicilio,sí,7.0,no,hospital B,urgente,11/10/2025,si,distrito 8,sí
traumatología,52.0,mujer,8.0,3.0,0.0,domicilio,no,9.0,sí,hospital E,programado,31/01/2025,no,distrito 5,no
cirugía general,65.0,hombre,8.0,2.0,1.0,domicilio,sí,1.0,no,hospital C,programado,16/11/2024,no,distrito 3,sí
  traumatología ,45.0,hombre,14.0,0.0,0.0,domicilio,sí,3.0,no,hospital A,programado,06/08/2024,no,distrito 10,no
cirugia general,79.0,mujer,0.0,0.0,0.0,domicilio,no,9.0,no,hospital E,urgente,26/12/2024,no,distrito 6,no
CIRUGÍA GENERAL,61.0,mujer,3.0,8.0,0.0,domicilio,no,22.0,no,hospital D,urgente,30/08/2024,no,distrito 2,sí
cardiología,81.0,mujer,14.0,0.0,0.0,domicilio,sí,2.0,no,hospital F,programado,04/08/2024,no,distrito 10,no
digestivo,50.0,hombre,0.0,1.0,0.0,domicilio,sí,6.0,no,hospital B,urgente,23/09/2024,no,distrito 7,sí
cardiologia,74.0,hombre,2.0,0.0,0.0,domicilio,no,4.0,no,hospital D,urgente,09/04/2025,no,distrito 7,no
digestivo,76.0,mujer,8.0,2.0,0.0,domicilio,sí,6.0,no,hospital F,programado,12/01/2025,no,distrito 4,no
neumología,83.0,mujer,3.0,5.0,1.0,residencia,no,1.0,no,hospital F,programado,30/10/2025,si,distrito 6,sí
digestivo,72.0,hombre,17.0,0.0,0.0,domicilio,sí,13.0,no,hospital E,programado,05/11/2024,no,distrito 4,no
  traumatología ,22.0,mujer,6.0,1.0,0.0,domicilio,sí,10.0,no,hospital F,urgente,01/09/2025,no,distrito 3,no
cardiología,87.0,hombre,3.0,8.0,2.0,hospitalización a domicilio,sí,10.0,sí,hospital F,programado,29/10/2024,no,distrito 3,no
neumología,48.0,hombre,3.0,6.0,0.0,domicilio,sí,11.0,no,hospital A,urgente,24/08/2025,no,distrito 7,no
traumatología,77.0,hombre,4.0,4.0,0.0,domicilio,sí,4.0,sí,hospital B,urgente,27/10/2025,no,distrito 7,sí
CIRUGÍA GENERAL,66.0,hombre,6.0,0.0,0.0,domicilio,sí,3.0,sí,hospital C,programado,31/05/2025,no,distrito 9,sí
  traumatología ,76.0,hombre,-99.0,4.0,0.0,domicilio,sí,6.0,sí,hospital D,programado,02/09/2024,no,distrito 10,no
TRAUMATOLOGÍA,67.0,mujer,12.0,0.0,1.0,domicilio,sí,2.0,no,hospital D,urgente,24/08/2024,no,distrito 10,no
medicina interna,62.0,hombre,3.0,1.0,0.0,domicilio,no,6.0,no,hospital B,programado,08/09/2024,si,distrito 6,no
neumología,66.0,mujer,2.0,4.0,4.0,domicilio,no,3.0,no,hospital D,programado,05/12/2024,si,distrito 2,sí
cirugía general,74.0,mujer,6.0,11.0,0.0,domicilio,sí,6.0,no,hospital F,programado,22/07/2025,no,distrito 8,no
MEDICINA INTERNA,79.0,hombre,2.0,11.0,0.0,domicilio,no,9.0,no,hospital F,urgente,30/07/2025,si,distrito 8,no
digestivo,75.0,mujer,5.0,1.0,4.0,domicilio,no,6.0,no,hospital F,urgente,21/02/2025,no,distrito 5,no
traumatología,28.0,hombre,12.0,3.0,0.0,domicilio,sí,3.0,no,hospital D,programado,17/10/2024,no,distrito 4,sí
medicina interna,75.0,mujer,16.0,4.0,1.0,hospitalización a domicilio,sí,5.0,no,hospital E,urgente,17/11/2025,no,distrito 9,no
traumatología,50.0,hombre,12.0,5.0,0.0,domicilio,no,7.0,no,hospital E,urgente,10/07/2024,no,distrito 8,sí
  cirugía general ,64.0,hombre,8.0,0.0,0.0,domicilio,no,6.0,no,hospital F,urgente,18/06/2024,no,distrito 2,sí
cirugía general,64.0,mujer,13.0,5.0,0.0,domicilio,sí,2.0,sí,hospital C,urgente,22/07/2024,no,distrito 8,sí
traumatología,79.0,mujer,8.0,2.0,0.0,domicilio,no,4.0,no,hospital D,urgente,23/06/2025,no,distrito 2,sí
CIRUGÍA GENERAL,62.0,mujer,6.0,0.0,2.0,domicilio,sí,4.0,no,hospital C,urgente,09/10/2025,no,distrito 1,no
cirugía general,57.0,mujer,7.0,2.0,0.0,residencia,no,0.0,sí,hospital B,programado,04/06/2024,si,distrito 9,no
TRAUMATOLOGÍA,75.0,mujer,5.0,8.0,0.0,hospitalización a domicilio,sí,6.0,sí,hospital B,programado,18/06/2024,no,distrito 7,no
cirugía general,75.0,mujer,13.0,1.0,0.0,hospitalización a domicilio,sí,2.0,sí,hospital D,programado,24/09/2025,no,distrito 1,no
traumatología,68.0,mujer,8.0,0.0,0.0,domicilio,no,0.0,no,hospital D,programado,07/06/2024,no,distrito 9,sí
cirugia general,35.0,hombre,1.0,3.0,1.0,domicilio,no,5.0,sí,hospital E,programado,17/06/2024,no,distrito 8,no
traumatologia,63.0,mujer,8.0,0.0,1.0,domicilio,no,0.0,no,hospital D,urgente,15/03/2025,no,distrito 8,no
medicina interna,56.0,hombre,8.0,11.0,1.0,domicilio,sí,3.0,sí,hospital E,urgente,22/11/2025,no,distrito 4,sí
digestivo,64.0,mujer,2.0,3.0,0.0,domicilio,no,16.0,no,hospital D,urgente,09/03/2025,no,distrito 6,sí
  traumatología ,92.0,hombre,10.0,0.0,0.0,domicilio,sí,1.0,sí,hospital D,urgente,05/06/2025,no,distrito 8,no
cardiologia,89.0,mujer,9.0,4.0,0.0,domicilio,sí,6.0,sí,hospital F,programado,02/06/2025,si,distrito 6,no
cardiologia,93.0,hombre,-99.0,0.0,1.0,domicilio,sí,6.0,no,hospital D,programado,20/10/2025,no,distrito 4,no
cardiología,75.0,mujer,6.0,2.0,0.0,residencia,no,13.0,no,hospital F,urgente,14/08/2025,no,distrito 7,no
cardiología,68.0,hombre,4.0,8.0,0.0,residencia,sí,10.0,no,hospital C,programado,13/07/2024,si,distrito 9,no
  digestivo ,48.0,mujer,19.0,3.0,0.0,centro de media estancia,sí,1.0,no,hospital B,urgente,01/08/2025,no,distrito 6,no
traumatología,39.0,hombre,5.0,1.0,3.0,residencia,no,2.0,no,hospital D,programado,05/03/2025,no,distrito 1,sí
medicina interna,86.0,mujer,4.0,5.0,1.0,domicilio,no,4.0,no,hospital F,programado,11/11/2025,si,distrito 8,no
medicina interna,66.0,hombre,6.0,1.0,0.0,domicilio,sí,13.0,no,hospital B,programado,07/07/2025,no,distrito 1,no
  cardiología ,76.0,mujer,4.0,3.0,0.0,domicilio,sí,3.0,no,hospital C,urgente,27/08/2024,si,distrito 2,sí
traumatología,63.0,mujer,3.0,9.0,0.0,domicilio,no,3.0,no,hospital E,programado,17/11/2025,si,distrito 8,no
medicina interna,76.0,mujer,8.0,1.0,0.0,domicilio,sí,8.0,no,hospital C,programado,07/11/2024,no,distrito 8,no
  cirugía general ,54.0,hombre,13.0,0.0,7.0,domicilio,sí,5.0,no,hospital D,urgente,14/11/2024,no,distrito 10,no
cardiología,82.0,hombre,3.0,2.0,0.0,residencia,no,3.0,sí,hospital D,urgente,23/08/2024,no,distrito 6,no
medicina interna,79.0,hombre,4.0,1.0,0.0,domicilio,no,11.0,no,hospital A,urgente,30/06/2025,no,distrito 10,no
medicina interna,50.0,hombre,4.0,1.0,1.0,domicilio,sí,4.0,no,hospital E,programado,11/06/2025,no,distrito 1,no
traumatología,57.0,mujer,4.0,1.0,0.0,domicilio,sí,1.0,sí,hospital C,urgente,18/02/2025,no,distrito 9,no
medicina interna,47.0,mujer,8.0,0.0,0.0,domicilio,sí,6.0,no,hospital B,programado,19/07/2025,no,distrito 1,no
cirugía general,62.0,hombre,9.0,8.0,0.0,domicilio,sí,10.0,no,hospital A,urgente,01/01/2025,no,distrito 4,no
NEUMOLOGÍA,100.0,mujer,10.0,7.0,1.0,centro de media estancia,sí,3.0,no,hospital E,N/D,13/08/2025,no,distrito 3,sí
medicina interna,69.0,mujer,-99.0,0.0,3.0,residencia,sí,7.0,no,hospital D,urgente,03/03/2025,si,distrito 7,sí
  cirugía general ,70.0,hombre,4.0,2.0,1.0,residencia,sí,9.0,no,hospital D,urgente,15/09/2024,si,distrito 4,no
cirugía general,52.0,hombre,5.0,3.0,6.0,domicilio,sí,5.0,no,hospital E,programado,10/10/2025,no,distrito 2,sí
medicina interna,53.0,mujer,2.0,3.0,1.0,domicilio,sí,6.0,no,hospital F,urgente,26/03/2025,no,distrito 3,no
DIGESTIVO,46.0,hombre,3.0,0.0,0.0,centro de media estancia,sí,2.0,sí,hospital A,urgente,27/10/2024,no,distrito 7,no
  medicina interna ,67.0,mujer,8.0,2.0,0.0,domicilio,sí,7.0,sí,hospital D,urgente,23/03/2025,no,distrito 9,sí
medicina interna,73.0,hombre,9.0,6.0,1.0,domicilio,no,3.0,no,hospital D,programado,19/06/2025,no,distrito 5,no
CIRUGÍA GENERAL,68.0,mujer,5.0,2.0,0.0,residencia,no,7.0,no,hospital C,N/D,05/05/2025,si,distrito 7,no
  cirugía general ,51.0,mujer,6.0,3.0,3.0,residencia,sí,2.0,no,hospital C,urgente,13/04/2025,no,distrito 2,sí
neumología,40.0,mujer,-99.0,4.0,2.0,hospitalización a domicilio,sí,8.0,no,hospital D,urgente,24/06/2025,no,distrito 6,no
cirugia general,71.0,hombre,2.0,4.0,0.0,domicilio,sí,5.0,no,hospital B,urgente,22/03/2025,no,distrito 6,no
neumología,78.0,hombre,2.0,1.0,2.0,domicilio,sí,6.0,no,hospital C,urgente,27/03/2025,no,distrito 10,no
traumatología,55.0,hombre,-99.0,1.0,2.0,domicilio,sí,3.0,sí,hospital E,urgente,02/07/2024,no,distrito 9,sí
neumología,71.0,mujer,5.0,3.0,0.0,domicilio,sí,1.0,no,hospital A,urgente,13/06/2024,no,distrito 6,no
neumología,48.0,mujer,7.0,7.0,0.0,residencia,sí,10.0,no,hospital B,urgente,15/08/2025,no,distrito 5,sí
CARDIOLOGÍA,66.0,mujer,18.0,2.0,0.0,domicilio,sí,2.0,sí,hospital E,urgente,02/06/2025,no,distrito 9,no
traumatología,72.0,mujer,-99.0,2.0,0.0,domicilio,sí,8.0,no,hospital C,programado,26/02/2025,no,distrito 7,no
cirugía general,60.0,hombre,8.0,7.0,0.0,residencia,no,4.0,no,hospital C,programado,27/09/2025,si,distrito 4,no
digestivo,75.0,hombre,8.0,9.0,0.0,domicilio,no,0.0,sí,hospital A,urgente,13/03/2025,si,distrito 2,sí
digestivo,51.0,mujer,5.0,2.0,0.0,domicilio,sí,3.0,no,hospital E,urgente,18/11/2024,no,distrito 10,sí
neumología,56.0,mujer,6.0,2.0,1.0,domicilio,sí,6.0,no,hospital D,urgente,20/06/2024,no,distrito 8,no
cirugía general,64.0,hombre,-99.0,2.0,1.0,domicilio,no,5.0,sí,hospital A,programado,13/10/2024,no,distrito 4,no
MEDICINA INTERNA,67.0,hombre,2.0,0.0,0.0,domicilio,no,2.0,no,hospital A,programado,16/04/2025,no,distrito 5,sí
cardiología,73.0,mujer,3.0,0.0,0.0,residencia,no,7.0,no,hospital D,N/D,15/01/2025,no,distrito 10,no
medicina interna,97.0,hombre,5.0,1.0,0.0,residencia,sí,14.0,no,hospital C,programado,21/07/2024,si,distrito 10,no
traumatología,65.0,mujer,6.0,1.0,4.0,domicilio,sí,11.0,no,hospital D,programado,12/08/2025,no,distrito 4,no
cirugía general,65.0,mujer,10.0,0.0,0.0,domicilio,no,13.0,sí,hospital F,urgente,03/07/2025,no,distrito 10,sí
traumatología,66.0,mujer,6.0,0.0,4.0,hospitalización a domicilio,no,4.0,sí,hospital A,urgente,27/01/2025,no,distrito 5,no
medicina interna,77.0,hombre,11.0,0.0,2.0,centro de media estancia,sí,4.0,no,hospital B,urgente,02/10/2024,no,distrito 6,no
medicina interna,44.0,mujer,4.0,1.0,0.0,domicilio,sí,7.0,no,hospital B,N/D,20/09/2025,no,distrito 7,no
cardiología,58.0,mujer,4.0,1.0,0.0,domicilio,sí,1.0,no,hospital A,urgente,06/01/2025,no,distrito 9,no
MEDICINA INTERNA,39.0,hombre,25.0,1.0,0.0,domicilio,no,3.0,sí,hospital B,urgente,08/05/2025,no,distrito 10,no
  traumatología ,66.0,hombre,14.0,1.0,0.0,domicilio,sí,8.0,no,hospital A,urgente,04/01/2025,si,distrito 2,no
cirugía general,85.0,hombre,11.0,1.0,0.0,domicilio,sí,3.0,sí,hospital B,urgente,11/02/2025,no,distrito 2,sí
  medicina interna ,58.0,mujer,22.0,1.0,0.0,residencia,sí,5.0,no,hospital B,N/D,13/05/2025,si,distrito 8,no
  traumatología ,68.0,mujer,9.0,0.0,0.0,domicilio,sí,11.0,no,hospital D,urgente,12/02/2025,no,distrito 8,no
CIRUGÍA GENERAL,41.0,mujer,-99.0,0.0,1.0,residencia,sí,3.0,sí,hospital E,urgente,16/06/2024,no,distrito 2,no
cardiología,69.0,mujer,4.0,3.0,2.0,domicilio,no,1.0,no,hospital B,programado,01/11/2025,si,distrito 5,no
traumatología,41.0,mujer,8.0,2.0,0.0,centro de media estancia,no,2.0,no,hospital F,programado,17/12/2024,no,distrito 2,no
medicina interna,67.0,mujer,-99.0,7.0,0.0,residencia,no,4.0,no,hospital A,urgente,07/04/2025,si,distrito 3,sí
cardiología,83.0,hombre,3.0,1.0,1.0,domicilio,sí,2.0,sí,hospital D,urgente,15/07/2025,no,distrito 7,no
CARDIOLOGÍA,92.0,hombre,6.0,5.0,0.0,domicilio,no,2.0,no,hospital E,urgente,08/03/2025,no,distrito 10,no
traumatología,100.0,hombre,5.0,0.0,0.0,centro de media estancia,no,4.0,no,hospital B,programado,20/03/2025,no,distrito 1,no
traumatología,90.0,hombre,5.0,4.0,1.0,domicilio,no,3.0,no,hospital A,urgente,26/06/2025,no,distrito 4,no
neumología,88.0,mujer,4.0,0.0,1.0,domicilio,sí,4.0,no,hospital A,urgente,19/02/2025,no,distrito 3,no
cardiologia,88.0,hombre,14.0,6.0,0.0,domicilio,sí,5.0,no,hospital F,programado,01/06/2024,si,distrito 5,no
neumologia,70.0,hombre,9.0,3.0,0.0,domicilio,no,12.0,no,hospital A,urgente,27/09/2025,si,distrito 5,sí
traumatologia,47.0,mujer,12.0,2.0,0.0,domicilio,no,12.0,no,hospital C,programado,02/06/2024,no,distrito 2,no
MEDICINA INTERNA,55.0,mujer,11.0,3.0,2.0,domicilio,sí,4.0,sí,hospital B,urgente,21/03/2025,si,distrito 3,sí
cirugía general,44.0,mujer,8.0,9.0,1.0,domicilio,sí,14.0,no,hospital D,urgente,05/07/2024,no,distrito 9,no
neumología,84.0,hombre,14.0,0.0,0.0,centro de media estancia,sí,3.0,no,hospital E,urgente,15/08/2025,no,distrito 10,no
digestivo,50.0,hombre,6.0,1.0,0.0,domicilio,sí,4.0,no,hospital E,programado,08/08/2024,no,distrito 7,sí
digestivo,68.0,hombre,10.0,2.0,0.0,residencia,sí,4.0,no,hospital D,urgente,05/08/2025,no,distrito 7,no
neumología,37.0,mujer,3.0,2.0,2.0,domicilio,no,6.0,sí,hospital B,programado,20/10/2025,si,distrito 10,sí
medicina interna,78.0,hombre,10.0,3.0,1.0,domicilio,sí,5.0,sí,hospital B,programado,08/01/2025,si,distrito 3,no
cirugía general,46.0,mujer,10.0,3.0,0.0,domicilio,no,9.0,no,hospital F,programado,24/09/2024,no,distrito 10,no
digestivo,91.0,hombre,6.0,6.0,1.0,domicilio,sí,3.0,no,hospital D,programado,09/06/2025,no,distrito 8,no
digestivo,43.0,hombre,4.0,0.0,0.0,domicilio,sí,0.0,no,hospital C,urgente,30/01/2025,no,distrito 6,sí
digestivo,78.0,hombre,-99.0,1.0,1.0,domicilio,no,4.0,no,hospital A,urgente,15/08/2024,no,distrito 1,no
traumatología,76.0,hombre,6.0,2.0,0.0,domicilio,sí,9.0,no,hospital B,programado,03/09/2024,no,distrito 6,no
cirugía general,75.0,mujer,5.0,4.0,0.0,domicilio,sí,6.0,no,hospital A,programado,02/07/2025,no,distrito 5,sí
digestivo,84.0,hombre,12.0,1.0,0.0,centro de media estancia,no,8.0,no,hospital D,urgente,13/02/2025,no,distrito 9,sí
medicina interna,80.0,hombre,6.0,1.0,0.0,domicilio,no,0.0,no,hospital E,urgente,04/09/2025,no,distrito 10,no
traumatologia,35.0,mujer,6.0,6.0,1.0,centro de media estancia,no,7.0,no,hospital E,urgente,18/01/2025,no,distrito 3,sí
CIRUGÍA GENERAL,100.0,mujer,9.0,1.0,0.0,domicilio,sí,5.0,no,hospital E,programado,22/11/2025,no,distrito 6,sí
cirugía general,73.0,mujer,4.0,4.0,3.0,domicilio,sí,5.0,no,hospital C,programado,16/08/2024,no,distrito 8,sí
digestivo,35.0,hombre,12.0,3.0,0.0,domicilio,sí,4.0,no,hospital F,programado,31/12/2024,no,distrito 9,no
  neumología ,50.0,hombre,5.0,2.0,0.0,domicilio,sí,8.0,no,hospital D,programado,25/10/2025,no,distrito 9,sí
cirugía general,75.0,mujer,12.0,3.0,2.0,domicilio,sí,2.0,no,hospital E,N/D,13/11/2025,no,distrito 6,no
neumología,79.0,hombre,5.0,5.0,0.0,domicilio,sí,1.0,no,hospital C,urgente,15/09/2025,si,distrito 6,sí
traumatología,64.0,hombre,5.0,3.0,2.0,domicilio,no,6.0,no,hospital D,urgente,22/01/2025,no,distrito 8,no
cirugía general,75.0,hombre,16.0,6.0,0.0,domicilio,no,6.0,no,hospital B,urgente,17/08/2024,si,distrito 2,no
traumatología,46.0,hombre,2.0,1.0,0.0,domicilio,no,0.0,sí,hospital A,urgente,14/04/2025,no,distrito 2,no
medicina interna,83.0,hombre,2.0,0.0,0.0,domicilio,sí,1.0,no,hospital A,programado,10/11/2025,no,distrito 4,sí
cardiologia,78.0,mujer,3.0,3.0,4.0,domicilio,no,3.0,no,hospital C,programado,12/09/2025,si,distrito 5,no
cardiología,43.0,mujer,11.0,2.0,2.0,domicilio,sí,3.0,sí,hospital B,urgente,03/09/2025,no,distrito 1,sí
digestivo,49.0,hombre,3.0,4.0,3.0,residencia,sí,9.0,sí,hospital D,programado,04/06/2025,si,distrito 9,no
CARDIOLOGÍA,46.0,hombre,3.0,0.0,0.0,domicilio,sí,3.0,no,hospital A,urgente,24/07/2024,no,distrito 9,no
medicina interna,45.0,mujer,0.0,8.0,1.0,domicilio,no,8.0,sí,hospital A,programado,27/10/2025,si,distrito 6,no
medicina interna,50.0,hombre,7.0,2.0,0.0,domicilio,no,7.0,sí,hospital A,urgente,23/05/2025,no,distrito 7,sí
medicina interna,33.0,mujer,2.0,6.0,0.0,domicilio,sí,10.0,no,hospital B,urgente,16/07/2024,si,distrito 8,no
medicina interna,40.0,mujer,-99.0,8.0,0.0,domicilio,no,5.0,no,hospital B,urgente,26/04/2025,si,distrito 2,no
cardiología,32.0,mujer,9.0,0.0,1.0,domicilio,no,1.0,no,hospital B,urgente,10/09/2025,no,distrito 7,sí
MEDICINA INTERNA,94.0,mujer,11.0,7.0,0.0,domicilio,sí,7.0,no,hospital C,programado,17/03/2025,si,distrito 5,sí
neumología,72.0,hombre,8.0,0.0,2.0,hospitalización a domicilio,no,2.0,no,hospital F,urgente,24/10/2025,no,distrito 2,sí
medicina interna,48.0,mujer,9.0,0.0,0.0,domicilio,no,11.0,no,hospital E,urgente,03/07/2025,no,distrito 10,no
cirugía general,96.0,mujer,1.0,0.0,0.0,domicilio,sí,5.0,sí,hospital C,urgente,01/06/2025,no,distrito 10,sí
cardiología,31.0,mujer,11.0,0.0,0.0,hospitalización a domicilio,sí,4.0,no,hospital C,urgente,08/08/2025,no,distrito 8,sí
neumologia,67.0,mujer,-99.0,1.0,0.0,domicilio,sí,7.0,sí,hospital F,urgente,14/12/2024,no,distrito 7,sí
neumología,60.0,hombre,4.0,2.0,0.0,domicilio,sí,3.0,sí,hospital D,programado,15/09/2025,no,distrito 7,no
medicina interna,74.0,hombre,4.0,8.0,0.0,domicilio,sí,7.0,no,hospital F,programado,28/06/2025,no,distrito 7,sí
medicina interna,74.0,mujer,8.0,4.0,0.0,domicilio,sí,10.0,no,hospital E,urgente,24/07/2024,no,distrito 5,no
cardiología,85.0,mujer,1.0,1.0,1.0,domicilio,sí,2.0,no,hospital F,urgente,01/11/2024,no,distrito 8,sí
medicina interna,40.0,mujer,5.0,3.0,0.0,domicilio,no,4.0,no,hospital C,N/D,03/05/2025,no,distrito 1,no
  medicina interna ,49.0,mujer,4.0,4.0,1.0,domicilio,sí,5.0,no,hospital C,urgente,26/08/2024,no,distrito 5,sí
cardiologia,80.0,mujer,10.0,2.0,0.0,hospitalización a domicilio,no,5.0,no,hospital D,urgente,01/05/2025,no,distrito 7,no
cirugía general,72.0,hombre,3.0,0.0,1.0,hospitalización a domicilio,no,3.0,no,hospital C,programado,12/06/2025,no,distrito 5,no
cirugía general,69.0,mujer,3.0,4.0,1.0,residencia,no,4.0,sí,hospital B,programado,07/02/2025,si,distrito 8,no
neumología,70.0,hombre,11.0,1.0,1.0,domicilio,no,15.0,no,hospital A,urgente,16/01/2025,no,distrito 8,sí
cardiologia,65.0,hombre,11.0,3.0,0.0,domicilio,sí,9.0,no,hospital D,urgente,30/10/2025,no,distrito 5,no
traumatología,100.0,hombre,5.0,1.0,1.0,domicilio,no,3.0,no,hospital C,urgente,07/09/2025,no,distrito 4,no
medicina interna,64.0,mujer,-99.0,0.0,5.0,domicilio,no,5.0,sí,hospital B,urgente,04/07/2024,no,distrito 6,no
cardiología,60.0,hombre,10.0,0.0,0.0,domicilio,sí,2.0,no,hospital F,urgente,02/05/2025,no,distrito 8,sí
cardiología,77.0,hombre,4.0,1.0,0.0,domicilio,no,7.0,sí,hospital E,urgente,13/10/2025,no,distrito 1,no
neumología,32.0,hombre,19.0,2.0,1.0,domicilio,sí,7.0,no,hospital C,programado,19/04/2025,no,distrito 5,sí
  cirugía general ,19.0,hombre,11.0,0.0,1.0,domicilio,sí,13.0,no,hospital F,programado,03/06/2025,no,distrito 1,no
neumologia,69.0,hombre,2.0,4.0,0.0,domicilio,no,2.0,sí,hospital D,urgente,01/10/2024,si,distrito 1,sí
traumatología,86.0,mujer,3.0,5.0,0.0,residencia,sí,8.0,no,hospital F,urgente,11/08/2024,no,distrito 2,no
medicina interna,70.0,mujer,3.0,2.0,0.0,residencia,no,2.0,no,hospital A,programado,17/09/2024,si,distrito 3,no
digestivo,40.0,hombre,17.0,4.0,1.0,domicilio,no,2.0,no,hospital E,urgente,22/10/2024,no,distrito 6,sí
neumología,65.0,hombre,4.0,11.0,0.0,domicilio,sí,0.0,sí,hospital E,urgente,07/10/2024,si,distrito 4,sí
cardiología,52.0,hombre,6.0,5.0,0.0,domicilio,no,4.0,sí,hospital F,programado,21/06/2025,no,distrito 9,sí
traumatología,77.0,hombre,8.0,2.0,0.0,domicilio,no,7.0,sí,hospital F,urgente,25/08/2025,no,distrito 8,no
cardiología,69.0,hombre,4.0,1.0,0.0,domicilio,no,13.0,sí,hospital B,programado,22/02/2025,no,distrito 1,sí
neumología,73.0,mujer,7.0,0.0,0.0,residencia,sí,4.0,no,hospital C,programado,12/06/2025,si,distrito 5,no
traumatología,59.0,hombre,8.0,2.0,0.0,centro de media estancia,no,3.0,no,hospital A,programado,08/06/2025,no,distrito 7,no
cirugía general,72.0,hombre,-99.0,7.0,0.0,domicilio,no,5.0,no,hospital E,urgente,04/05/2025,no,distrito 5,sí
CIRUGÍA GENERAL,75.0,mujer,8.0,0.0,0.0,centro de media estancia,no,2.0,no,hospital D,programado,22/02/2025,no,distrito 9,no
  medicina interna ,61.0,hombre,6.0,3.0,1.0,domicilio,no,5.0,no,hospital F,urgente,02/12/2024,no,distrito 1,no
cirugía general,54.0,mujer,9.0,4.0,1.0,domicilio,no,5.0,no,hospital D,programado,23/09/2024,no,distrito 4,no
  medicina interna ,71.0,hombre,6.0,1.0,0.0,domicilio,no,17.0,no,hospital F,urgente,18/01/2025,si,distrito 9,no
cardiología,66.0,mujer,15.0,1.0,1.0,hospitalización a domicilio,sí,0.0,sí,hospital C,programado,01/04/2025,no,distrito 7,sí
cirugía general,80.0,mujer,15.0,0.0,0.0,domicilio,no,8.0,no,hospital B,urgente,01/07/2025,no,distrito 7,no
neumología,50.0,hombre,8.0,6.0,3.0,domicilio,no,5.0,no,hospital D,urgente,12/07/2025,no,distrito 9,no
medicina interna,48.0,mujer,3.0,0.0,0.0,residencia,sí,7.0,no,hospital C,urgente,10/12/2024,no,distrito 8,no
medicina interna,51.0,mujer,6.0,3.0,1.0,domicilio,no,2.0,no,hospital C,programado,15/06/2024,no,distrito 6,sí
medicina interna,76.0,hombre,5.0,2.0,1.0,residencia,no,12.0,no,hospital E,urgente,07/06/2024,si,distrito 3,no
  cirugía general ,79.0,hombre,12.0,3.0,0.0,domicilio,sí,1.0,no,hospital F,programado,02/11/2024,no,distrito 7,no
cirugia general,86.0,hombre,7.0,0.0,0.0,domicilio,sí,10.0,sí,hospital F,programado,03/10/2024,no,distrito 10,no
cardiología,66.0,hombre,-99.0,0.0,0.0,domicilio,no,6.0,sí,hospital F,urgente,02/04/2025,no,distrito 4,sí
  traumatología ,53.0,mujer,7.0,0.0,1.0,hospitalización a domicilio,sí,6.0,no,hospital A,urgente,09/06/2024,no,distrito 5,sí
cirugía general,52.0,hombre,2.0,0.0,1.0,domicilio,sí,5.0,no,hospital E,urgente,28/09/2025,no,distrito 5,no
cardiología,66.0,mujer,3.0,2.0,2.0,domicilio,no,8.0,sí,hospital F,urgente,02/09/2025,no,distrito 8,no
  cardiología ,71.0,mujer,11.0,6.0,0.0,residencia,no,2.0,no,hospital D,urgente,13/11/2024,si,distrito 6,sí
cardiología,91.0,mujer,6.0,1.0,2.0,centro de media estancia,sí,3.0,no,hospital F,urgente,01/10/2024,no,distrito 10,sí
medicina interna,87.0,mujer,-99.0,6.0,2.0,domicilio,sí,16.0,no,hospital E,urgente,23/10/2025,si,distrito 5,no
cardiología,72.0,hombre,2.0,0.0,1.0,domicilio,sí,3.0,no,hospital C,urgente,23/09/2024,no,distrito 10,no
neumología,55.0,hombre,1.0,1.0,1.0,domicilio,sí,11.0,no,hospital F,urgente,07/10/2025,no,distrito 5,no
cardiologia,79.0,hombre,4.0,0.0,0.0,domicilio,sí,2.0,sí,hospital B,programado,07/06/2025,no,distrito 6,sí
cardiología,82.0,hombre,1.0,0.0,0.0,domicilio,sí,2.0,sí,hospital E,programado,10/10/2025,no,distrito 8,no
  cirugía general ,72.0,hombre,6.0,4.0,7.0,hospitalización a domicilio,sí,4.0,no,hospital B,programado,03/09/2024,no,distrito 5,sí
  neumología ,79.0,mujer,14.0,1.0,1.0,domicilio,no,4.0,no,hospital C,urgente,26/03/2025,no,distrito 5,no
medicina interna,73.0,hombre,4.0,2.0,1.0,domicilio,no,10.0,sí,hospital F,urgente,20/09/2025,no,distrito 9,sí
  neumología ,69.0,hombre,8.0,0.0,1.0,domicilio,no,10.0,no,hospital D,urgente,29/07/2024,no,distrito 2,sí
digestivo,73.0,hombre,5.0,1.0,0.0,domicilio,no,4.0,no,hospital C,programado,13/10/2024,no,distrito 10,sí
CARDIOLOGÍA,80.0,hombre,9.0,1.0,0.0,domicilio,sí,7.0,no,hospital E,urgente,16/07/2024,no,distrito 5,no
TRAUMATOLOGÍA,64.0,hombre,3.0,2.0,1.0,domicilio,sí,9.0,no,hospital C,urgente,14/06/2025,no,distrito 7,sí
neumología,80.0,hombre,9.0,2.0,0.0,domicilio,sí,8.0,no,hospital E,urgente,15/07/2024,no,distrito 10,no
cardiología,53.0,mujer,8.0,0.0,0.0,residencia,no,9.0,sí,hospital A,urgente,09/01/2025,no,distrito 5,sí
  neumología ,50.0,hombre,1.0,0.0,3.0,domicilio,sí,8.0,no,hospital C,programado,11/05/2025,no,distrito 3,no
cirugía general,60.0,hombre,10.0,0.0,0.0,domicilio,no,5.0,sí,hospital A,programado,18/09/2024,no,distrito 8,sí
medicina interna,72.0,hombre,9.0,3.0,0.0,domicilio,sí,6.0,no,hospital E,urgente,27/03/2025,no,distrito 3,no
traumatología,52.0,mujer,14.0,2.0,0.0,domicilio,sí,2.0,no,hospital D,programado,14/09/2025,no,distrito 10,no
medicina interna,41.0,mujer,9.0,0.0,0.0,residencia,sí,2.0,no,hospital C,programado,08/06/2025,no,distrito 3,no
cirugía general,68.0,mujer,19.0,0.0,0.0,domicilio,no,3.0,no,hospital C,urgente,21/06/2025,no,distrito 7,no
CIRUGÍA GENERAL,61.0,mujer,6.0,4.0,0.0,domicilio,sí,4.0,no,hospital B,programado,04/12/2024,no,distrito 3,sí
cirugia general,48.0,hombre,4.0,4.0,0.0,domicilio,no,10.0,no,hospital F,programado,12/08/2024,no,distrito 2,no
digestivo,58.0,hombre,5.0,1.0,1.0,domicilio,no,4.0,no,hospital D,programado,16/10/2024,no,distrito 6,sí
traumatología,95.0,mujer,3.0,3.0,2.0,domicilio,sí,1.0,no,hospital F,programado,23/03/2025,si,distrito 1,sí
TRAUMATOLOGÍA,63.0,hombre,6.0,10.0,4.0,domicilio,sí,4.0,no,hospital E,urgente,15/08/2025,no,distrito 5,sí
CIRUGÍA GENERAL,82.0,mujer,1.0,2.0,0.0,domicilio,no,0.0,no,hospital C,programado,04/04/2025,no,distrito 5,no
medicina interna,71.0,mujer,5.0,0.0,2.0,centro de media estancia,sí,6.0,no,hospital F,N/D,16/03/2025,no,distrito 8,no
cardiología,93.0,hombre,7.0,5.0,0.0,domicilio,no,4.0,sí,hospital C,urgente,30/08/2024,si,distrito 7,sí
cardiología,90.0,mujer,7.0,2.0,2.0,domicilio,no,4.0,no,hospital D,urgente,13/03/2025,no,distrito 4,no
cardiología,45.0,hombre,2.0,1.0,0.0,domicilio,no,17.0,sí,hospital A,urgente,16/06/2024,no,distrito 2,no
cardiologia,54.0,mujer,-99.0,9.0,0.0,residencia,sí,12.0,no,hospital D,urgente,23/05/2025,si,distrito 3,no
traumatología,45.0,hombre,16.0,0.0,1.0,domicilio,sí,19.0,no,hospital D,urgente,31/10/2025,no,distrito 7,sí
medicina interna,80.0,mujer,1.0,7.0,0.0,domicilio,no,13.0,no,hospital C,urgente,19/07/2025,no,distrito 5,no
medicina interna,96.0,mujer,7.0,2.0,1.0,domicilio,sí,2.0,no,hospital F,urgente,22/09/2024,no,distrito 2,no
neumología,58.0,mujer,7.0,6.0,0.0,domicilio,sí,1.0,no,hospital A,urgente,23/06/2025,no,distrito 10,no
traumatología,62.0,mujer,2.0,0.0,0.0,domicilio,sí,6.0,no,hospital F,urgente,29/12/2024,no,distrito 9,no
CARDIOLOGÍA,52.0,hombre,7.0,6.0,2.0,domicilio,no,6.0,sí,hospital D,urgente,01/07/2025,no,distrito 9,no
medicina interna,74.0,hombre,6.0,4.0,0.0,domicilio,sí,9.0,no,hospital C,urgente,13/07/2024,no,distrito 1,no
traumatología,82.0,mujer,-99.0,11.0,0.0,domicilio,sí,14.0,no,hospital B,urgente,27/10/2025,si,distrito 6,sí
medicina interna,72.0,hombre,5.0,0.0,1.0,domicilio,no,8.0,no,hospital F,N/D,06/11/2025,no,distrito 1,sí
cardiología,70.0,hombre,15.0,0.0,4.0,domicilio,sí,2.0,sí,hospital C,programado,24/08/2025,no,distrito 4,no
  neumología ,82.0,mujer,5.0,8.0,0.0,residencia,sí,5.0,no,hospital E,urgente,18/12/2024,si,distrito 5,no
cirugía general,66.0,hombre,7.0,1.0,0.0,domicilio,sí,2.0,no,hospital A,urgente,15/10/2025,no,distrito 5,no
neumología,63.0,mujer,5.0,4.0,0.0,domicilio,sí,9.0,no,hospital A,urgente,24/01/2025,no,distrito 7,sí
CARDIOLOGÍA,68.0,mujer,3.0,4.0,0.0,domicilio,sí,4.0,sí,hospital F,urgente,28/06/2025,no,distrito 7,no
digestivo,84.0,mujer,13.0,5.0,1.0,residencia,sí,3.0,no,hospital A,urgente,29/09/2024,no,distrito 9,no
neumología,68.0,hombre,9.0,9.0,0.0,domicilio,sí,1.0,no,hospital F,programado,27/05/2025,si,distrito 4,no
cardiología,94.0,mujer,9.0,3.0,0.0,domicilio,sí,1.0,no,hospital F,urgente,26/07/2024,no,distrito 7,no
cirugia general,77.0,mujer,4.0,0.0,0.0,domicilio,sí,2.0,sí,hospital C,urgente,22/10/2024,no,distrito 2,no
cirugía general,62.0,hombre,6.0,1.0,0.0,domicilio,sí,4.0,no,hospital D,urgente,23/08/2025,no,distrito 9,no
neumología,60.0,hombre,6.0,6.0,0.0,domicilio,sí,31.0,no,hospital D,urgente,30/05/2025,no,distrito 10,no
medicina interna,70.0,mujer,13.0,0.0,1.0,domicilio,no,1.0,no,hospital B,urgente,27/07/2024,no,distrito 4,sí
cirugía general,67.0,mujer,4.0,1.0,0.0,residencia,sí,0.0,sí,hospital E,urgente,09/10/2025,no,distrito 9,sí
DIGESTIVO,88.0,hombre,0.0,0.0,0.0,centro de media estancia,sí,3.0,no,hospital B,programado,23/08/2024,no,distrito 1,no
medicina interna,47.0,hombre,7.0,1.0,0.0,domicilio,sí,2.0,sí,hospital C,urgente,20/06/2024,no,distrito 10,no
cardiología,61.0,mujer,3.0,2.0,0.0,domicilio,sí,3.0,no,hospital B,urgente,08/08/2024,si,distrito 2,no
DIGESTIVO,54.0,hombre,9.0,3.0,0.0,hospitalización a domicilio,sí,8.0,no,hospital C,urgente,14/10/2024,no,distrito 5,no
medicina interna,69.0,mujer,7.0,7.0,1.0,domicilio,sí,8.0,no,hospital E,urgente,17/11/2025,no,distrito 6,no
cirugía general,56.0,mujer,5.0,3.0,0.0,domicilio,sí,10.0,no,hospital A,programado,15/10/2025,no,distrito 9,no
digestivo,77.0,mujer,5.0,3.0,0.0,domicilio,no,4.0,no,hospital C,urgente,21/08/2025,no,distrito 5,no
medicina interna,28.0,mujer,16.0,1.0,0.0,domicilio,no,4.0,no,hospital D,urgente,11/08/2025,si,distrito 1,sí
cirugía general,68.0,mujer,19.0,1.0,0.0,hospitalización a domicilio,no,9.0,no,hospital B,urgente,20/10/2025,no,distrito 6,sí
traumatología,100.0,hombre,5.0,0.0,4.0,domicilio,sí,5.0,sí,hospital C,urgente,15/09/2025,no,distrito 3,no
cirugia general,100.0,mujer,2.0,0.0,0.0,domicilio,sí,8.0,sí,hospital E,urgente,26/06/2025,no,distrito 4,sí
  digestivo ,82.0,hombre,9.0,6.0,0.0,domicilio,sí,11.0,no,hospital D,urgente,16/07/2025,no,distrito 3,no
  cirugía general ,50.0,mujer,8.0,1.0,0.0,domicilio,sí,2.0,no,hospital D,urgente,28/11/2024,no,distrito 3,sí
cirugia general,79.0,mujer,4.0,0.0,0.0,domicilio,sí,3.0,sí,hospital F,urgente,18/05/2025,no,distrito 7,sí
traumatología,67.0,hombre,-99.0,0.0,1.0,domicilio,no,8.0,no,hospital B,urgente,17/03/2025,no,distrito 5,no
neumología,69.0,mujer,1.0,0.0,0.0,domicilio,no,4.0,no,hospital F,urgente,21/07/2025,si,distrito 9,sí
cirugía general,48.0,hombre,-99.0,5.0,2.0,domicilio,sí,2.0,no,hospital A,programado,05/04/2025,no,distrito 5,no
CARDIOLOGÍA,46.0,mujer,9.0,4.0,0.0,domicilio,sí,3.0,sí,hospital B,programado,03/09/2024,no,distrito 5,no
medicina interna,55.0,mujer,6.0,7.0,1.0,domicilio,sí,3.0,sí,hospital A,N/D,09/11/2025,si,distrito 9,no
medicina interna,73.0,hombre,1.0,6.0,2.0,domicilio,sí,12.0,sí,hospital D,urgente,09/08/2025,no,distrito 7,sí
digestivo,82.0,hombre,4.0,6.0,1.0,residencia,sí,8.0,no,hospital D,urgente,24/08/2025,no,distrito 2,no
traumatología,90.0,hombre,8.0,7.0,0.0,domicilio,sí,8.0,no,hospital A,urgente,17/10/2024,si,distrito 8,sí
cirugía general,59.0,mujer,4.0,1.0,1.0,domicilio,sí,5.0,no,hospital C,urgente,24/09/2025,no,distrito 6,sí
cirugía general,26.0,hombre,-99.0,3.0,2.0,hospitalización a domicilio,sí,3.0,no,hospital B,programado,17/03/2025,no,distrito 6,sí
digestivo,81.0,hombre,7.0,6.0,0.0,domicilio,no,6.0,sí,hospital A,programado,11/09/2025,no,distrito 8,no
  traumatología ,66.0,mujer,7.0,0.0,0.0,domicilio,sí,3.0,no,hospital A,urgente,23/09/2025,no,distrito 10,no
cirugia general,82.0,hombre,2.0,2.0,1.0,domicilio,sí,2.0,no,hospital F,programado,17/06/2025,no,distrito 3,sí
neumología,59.0,hombre,5.0,5.0,1.0,hospitalización a domicilio,sí,3.0,sí,hospital E,urgente,25/09/2025,no,distrito 10,sí
medicina interna,90.0,mujer,6.0,0.0,0.0,domicilio,sí,7.0,no,hospital D,urgente,12/11/2025,no,distrito 1,sí
traumatología,78.0,mujer,17.0,0.0,0.0,domicilio,sí,6.0,no,hospital A,urgente,22/05/2025,no,distrito 8,no
cirugía general,68.0,hombre,9.0,5.0,0.0,domicilio,sí,11.0,sí,hospital B,urgente,16/11/2024,no,distrito 4,no
cardiología,74.0,mujer,3.0,0.0,0.0,domicilio,no,0.0,no,hospital F,programado,18/04/2025,no,distrito 9,sí
neumología,58.0,mujer,11.0,2.0,0.0,hospitalización a domicilio,no,3.0,no,hospital B,programado,16/09/2024,no,distrito 8,no
  cirugía general ,61.0,hombre,7.0,3.0,0.0,domicilio,sí,16.0,no,hospital F,urgente,24/08/2024,no,distrito 3,no
cardiología,55.0,hombre,7.0,0.0,0.0,domicilio,no,3.0,no,hospital C,urgente,08/10/2024,no,distrito 4,no
traumatologia,54.0,mujer,9.0,0.0,0.0,domicilio,no,9.0,no,hospital C,N/D,27/11/2024,no,distrito 9,no
neumología,72.0,mujer,4.0,3.0,0.0,domicilio,sí,9.0,no,hospital B,programado,01/05/2025,si,distrito 10,no
traumatología,66.0,mujer,6.0,1.0,2.0,domicilio,sí,9.0,no,hospital A,urgente,08/10/2024,si,distrito 10,no
medicina interna,64.0,hombre,13.0,1.0,4.0,domicilio,no,3.0,no,hospital D,programado,28/09/2024,no,distrito 1,no
medicina interna,86.0,hombre,9.0,1.0,1.0,domicilio,no,8.0,sí,hospital A,urgente,06/03/2025,no,distrito 5,no
cardiología,44.0,mujer,7.0,1.0,0.0,domicilio,no,23.0,no,hospital B,urgente,19/08/2024,no,distrito 1,sí
traumatologia,59.0,hombre,14.0,1.0,0.0,domicilio,sí,4.0,no,hospital F,urgente,06/11/2024,no,distrito 10,sí
cirugía general,60.0,hombre,23.0,1.0,1.0,domicilio,sí,17.0,no,hospital B,urgente,23/06/2025,no,distrito 9,no
medicina interna,77.0,mujer,10.0,3.0,1.0,domicilio,no,8.0,no,hospital E,programado,02/08/2024,no,distrito 1,no
medicina interna,65.0,hombre,-99.0,7.0,0.0,domicilio,no,8.0,no,hospital E,programado,17/10/2025,no,distrito 3,no
medicina interna,81.0,hombre,5.0,0.0,1.0,residencia,no,0.0,no,hospital A,urgente,24/12/2024,no,distrito 5,sí
traumatología,72.0,hombre,14.0,3.0,1.0,domicilio,sí,5.0,no,hospital E,urgente,03/06/2024,si,distrito 7,sí
CARDIOLOGÍA,70.0,hombre,2.0,6.0,0.0,domicilio,no,6.0,no,hospital C,programado,30/09/2024,si,distrito 5,sí
neumología,68.0,mujer,18.0,4.0,0.0,domicilio,no,3.0,no,hospital F,urgente,29/06/2025,si,distrito 1,no
  traumatología ,75.0,mujer,13.0,1.0,2.0,domicilio,no,6.0,sí,hospital C,programado,13/06/2025,no,distrito 8,no
cardiología,68.0,mujer,1.0,1.0,0.0,domicilio,sí,7.0,no,hospital E,urgente,26/01/2025,no,distrito 6,no
neumología,65.0,mujer,5.0,8.0,0.0,domicilio,sí,2.0,no,hospital F,urgente,04/12/2024,si,distrito 1,no
cardiología,61.0,hombre,3.0,1.0,0.0,domicilio,sí,2.0,sí,hospital A,urgente,16/07/2025,no,distrito 4,no
MEDICINA INTERNA,66.0,mujer,8.0,1.0,0.0,centro de media estancia,no,4.0,no,hospital C,programado,04/02/2025,no,distrito 8,sí
cardiología,82.0,mujer,4.0,0.0,0.0,domicilio,sí,0.0,no,hospital B,urgente,15/09/2024,no,distrito 3,sí
neumología,73.0,hombre,2.0,1.0,0.0,domicilio,sí,6.0,no,hospital E,urgente,09/01/2025,no,distrito 6,no
  medicina interna ,77.0,hombre,7.0,2.0,2.0,domicilio,no,1.0,sí,hospital C,urgente,09/09/2024,si,distrito 7,sí
traumatología,63.0,hombre,10.0,0.0,0.0,domicilio,no,0.0,no,hospital C,urgente,20/07/2025,no,distrito 10,no
MEDICINA INTERNA,44.0,hombre,7.0,0.0,0.0,domicilio,no,16.0,no,hospital F,N/D,29/07/2025,no,distrito 6,sí
cardiología,74.0,mujer,7.0,2.0,0.0,domicilio,no,4.0,no,hospital E,urgente,24/11/2024,no,distrito 10,no
digestivo,91.0,mujer,9.0,1.0,0.0,domicilio,no,7.0,no,hospital E,programado,31/05/2025,no,distrito 4,no
medicina interna,53.0,mujer,5.0,0.0,0.0,domicilio,sí,4.0,no,hospital E,programado,18/11/2024,no,distrito 3,no
neumología,87.0,mujer,10.0,0.0,0.0,domicilio,no,10.0,no,hospital A,urgente,14/08/2025,no,distrito 5,no
neumología,65.0,hombre,1.0,3.0,5.0,domicilio,sí,2.0,no,hospital F,programado,13/08/2024,no,distrito 3,sí
medicina interna,53.0,mujer,9.0,3.0,1.0,domicilio,no,6.0,no,hospital E,urgente,16/08/2024,no,distrito 3,sí
neumología,98.0,hombre,5.0,5.0,1.0,domicilio,no,0.0,no,hospital B,urgente,16/08/2024,no,distrito 3,sí
cardiología,32.0,hombre,6.0,2.0,0.0,domicilio,sí,7.0,no,hospital A,programado,08/03/2025,no,distrito 1,no
cirugía general,30.0,hombre,7.0,0.0,1.0,hospitalización a domicilio,sí,6.0,no,hospital B,programado,25/08/2024,no,distrito 2,no
cardiología,56.0,mujer,6.0,13.0,0.0,domicilio,sí,6.0,no,hospital E,urgente,07/09/2025,si,distrito 4,sí
traumatología,51.0,hombre,5.0,8.0,0.0,domicilio,no,9.0,no,hospital B,urgente,02/08/2024,no,distrito 10,no
neumología,49.0,mujer,-99.0,4.0,1.0,domicilio,sí,11.0,no,hospital F,urgente,27/02/2025,no,distrito 7,no
medicina interna,44.0,hombre,6.0,5.0,0.0,residencia,sí,10.0,no,hospital C,urgente,13/05/2025,si,distrito 10,no
medicina interna,49.0,mujer,10.0,1.0,1.0,domicilio,sí,8.0,sí,hospital A,N/D,21/09/2025,no,distrito 10,no
cirugía general,80.0,mujer,3.0,0.0,1.0,domicilio,sí,3.0,sí,hospital D,programado,08/11/2024,no,distrito 4,no
neumología,85.0,mujer,3.0,3.0,0.0,domicilio,sí,1.0,sí,hospital D,urgente,06/08/2025,si,distrito 3,no
cirugía general,51.0,hombre,9.0,2.0,0.0,domicilio,no,10.0,no,hospital B,urgente,16/07/2024,no,distrito 1,sí
CIRUGÍA GENERAL,75.0,mujer,18.0,0.0,0.0,domicilio,no,19.0,no,hospital F,programado,16/07/2024,no,distrito 7,no
medicina interna,59.0,mujer,8.0,3.0,1.0,residencia,sí,6.0,no,hospital E,urgente,12/10/2025,no,distrito 10,no
cirugía general,65.0,hombre,5.0,0.0,0.0,domicilio,sí,5.0,sí,hospital F,urgente,25/03/2025,no,distrito 2,sí
neumología,74.0,hombre,7.0,0.0,2.0,domicilio,sí,4.0,no,hospital D,programado,07/07/2025,no,distrito 2,sí
medicina interna,91.0,hombre,4.0,1.0,0.0,centro de media estancia,no,8.0,no,hospital C,programado,25/04/2025,no,distrito 9,sí
traumatología,61.0,mujer,10.0,0.0,1.0,residencia,no,7.0,no,hospital A,urgente,08/06/2024,no,distrito 7,sí
traumatologia,49.0,mujer,20.0,2.0,0.0,domicilio,sí,4.0,no,hospital B,urgente,18/01/2025,no,distrito 6,sí
TRAUMATOLOGÍA,37.0,mujer,2.0,3.0,0.0,domicilio,no,5.0,no,hospital F,urgente,03/11/2025,no,distrito 1,no
medicina interna,80.0,hombre,12.0,3.0,1.0,domicilio,no,6.0,no,hospital F,programado,27/01/2025,no,distrito 1,no
cirugía general,58.0,mujer,4.0,2.0,0.0,domicilio,no,2.0,no,hospital F,urgente,24/06/2024,no,distrito 4,no
  traumatología ,83.0,hombre,6.0,0.0,0.0,domicilio,sí,4.0,no,hospital B,urgente,13/06/2024,no,distrito 10,sí
digestivo,79.0,hombre,7.0,2.0,0.0,domicilio,no,3.0,sí,hospital C,urgente,14/11/2024,no,distrito 4,sí
digestivo,76.0,hombre,7.0,3.0,0.0,domicilio,no,8.0,sí,hospital D,urgente,05/07/2025,no,distrito 7,sí
cardiología,82.0,mujer,11.0,0.0,2.0,domicilio,no,7.0,no,hospital A,programado,28/10/2025,no,distrito 7,sí
  medicina interna ,57.0,hombre,7.0,12.0,3.0,domicilio,no,5.0,no,hospital A,programado,20/11/2025,si,distrito 1,no
neumología,30.0,mujer,8.0,1.0,1.0,domicilio,sí,5.0,no,hospital B,urgente,10/02/2025,no,distrito 5,sí
traumatología,68.0,mujer,10.0,2.0,0.0,domicilio,sí,11.0,no,hospital C,programado,16/03/2025,no,distrito 7,no
CARDIOLOGÍA,57.0,mujer,12.0,1.0,0.0,domicilio,no,2.0,no,hospital B,urgente,10/06/2025,no,distrito 5,no
cardiología,58.0,mujer,8.0,2.0,0.0,domicilio,sí,17.0,no,hospital C,N/D,14/05/2025,no,distrito 6,no
cardiología,67.0,mujer,6.0,3.0,6.0,hospitalización a domicilio,sí,6.0,no,hospital A,urgente,29/07/2025,no,distrito 2,no
  medicina interna ,99.0,hombre,5.0,7.0,0.0,domicilio,no,7.0,no,hospital B,urgente,05/07/2025,si,distrito 6,sí
traumatología,66.0,mujer,3.0,0.0,0.0,domicilio,sí,17.0,no,hospital B,urgente,19/02/2025,no,distrito 7,no
neumología,56.0,hombre,3.0,0.0,0.0,domicilio,sí,5.0,sí,hospital C,urgente,08/01/2025,no,distrito 10,no
medicina interna,62.0,mujer,1.0,6.0,0.0,domicilio,sí,6.0,no,hospital E,urgente,25/07/2024,no,distrito 3,no
medicina interna,67.0,mujer,3.0,5.0,0.0,domicilio,sí,7.0,no,hospital F,programado,04/07/2025,no,distrito 8,sí
neumología,57.0,mujer,10.0,7.0,0.0,domicilio,sí,7.0,sí,hospital F,urgente,30/08/2024,si,distrito 2,no
cardiología,57.0,hombre,2.0,0.0,2.0,domicilio,sí,11.0,sí,hospital D,programado,21/09/2024,no,distrito 7,no
cirugía general,56.0,hombre,8.0,5.0,0.0,centro de media estancia,no,0.0,sí,hospital B,urgente,19/10/2024,no,distrito 2,sí
cardiologia,79.0,hombre,0.0,0.0,0.0,domicilio,no,3.0,no,hospital E,urgente,12/12/2024,no,distrito 7,no
traumatología,100.0,hombre,4.0,1.0,3.0,domicilio,sí,2.0,no,hospital D,urgente,01/01/2025,no,distrito 5,sí
cirugía general,62.0,hombre,6.0,2.0,1.0,domicilio,sí,6.0,sí,hospital A,urgente,13/08/2025,no,distrito 10,sí
digestivo,77.0,hombre,17.0,0.0,0.0,domicilio,sí,10.0,no,hospital D,urgente,23/06/2024,no,distrito 10,no
TRAUMATOLOGÍA,57.0,mujer,10.0,5.0,2.0,domicilio,no,3.0,no,hospital C,urgente,27/10/2025,no,distrito 9,sí
traumatología,70.0,hombre,10.0,6.0,2.0,domicilio,sí,16.0,sí,hospital B,urgente,16/08/2025,no,distrito 5,no
NEUMOLOGÍA,74.0,mujer,13.0,8.0,0.0,domicilio,sí,4.0,no,hospital F,urgente,01/03/2025,si,distrito 3,sí
cardiología,62.0,hombre,10.0,5.0,0.0,domicilio,no,7.0,no,hospital F,programado,12/07/2025,si,distrito 9,sí
cirugia general,80.0,mujer,3.0,1.0,2.0,hospitalización a domicilio,sí,5.0,no,hospital D,programado,19/08/2025,no,distrito 7,sí
DIGESTIVO,37.0,mujer,2.0,1.0,0.0,domicilio,sí,8.0,no,hospital E,urgente,21/04/2025,no,distrito 2,sí
cardiología,65.0,hombre,2.0,1.0,0.0,domicilio,sí,3.0,no,hospital E,programado,14/02/2025,no,distrito 9,sí
  medicina interna ,64.0,mujer,5.0,1.0,3.0,domicilio,sí,2.0,sí,hospital A,urgente,12/10/2024,no,distrito 5,no
MEDICINA INTERNA,63.0,hombre,3.0,1.0,0.0,domicilio,sí,7.0,no,hospital B,urgente,26/03/2025,no,distrito 7,sí
traumatología,74.0,mujer,11.0,2.0,0.0,domicilio,sí,1.0,no,hospital B,urgente,27/06/2024,no,distrito 3,no
digestivo,90.0,mujer,2.0,1.0,0.0,domicilio,no,3.0,no,hospital C,urgente,28/08/2024,no,distrito 8,no
medicina interna,59.0,hombre,2.0,1.0,0.0,domicilio,sí,13.0,no,hospital F,programado,07/07/2025,no,distrito 6,sí
NEUMOLOGÍA,73.0,mujer,4.0,0.0,1.0,domicilio,sí,1.0,no,hospital B,urgente,24/01/2025,no,distrito 3,no
  cardiología ,68.0,hombre,4.0,1.0,1.0,domicilio,no,3.0,no,hospital F,urgente,13/06/2025,no,distrito 7,no
cardiología,55.0,mujer,0.0,3.0,1.0,domicilio,sí,9.0,sí,hospital A,urgente,23/12/2024,no,distrito 1,no
DIGESTIVO,69.0,hombre,4.0,1.0,3.0,domicilio,sí,6.0,no,hospital A,urgente,06/08/2024,no,distrito 1,sí
  traumatología ,58.0,hombre,5.0,1.0,0.0,domicilio,sí,3.0,sí,hospital B,urgente,09/06/2024,no,distrito 2,sí
  medicina interna ,33.0,mujer,-99.0,2.0,0.0,residencia,sí,17.0,sí,hospital F,urgente,27/08/2025,si,distrito 3,no
medicina interna,69.0,hombre,5.0,11.0,0.0,domicilio,sí,9.0,no,hospital C,urgente,11/05/2025,si,distrito 10,no
MEDICINA INTERNA,59.0,hombre,6.0,4.0,0.0,domicilio,no,3.0,no,hospital B,urgente,26/04/2025,no,distrito 8,no
cirugía general,68.0,mujer,12.0,1.0,1.0,domicilio,sí,0.0,no,hospital B,programado,30/10/2024,no,distrito 10,no
medicina interna,100.0,mujer,13.0,1.0,0.0,domicilio,sí,11.0,no,hospital D,urgente,08/09/2025,no,distrito 3,no
cirugía general,44.0,hombre,7.0,2.0,1.0,domicilio,sí,11.0,no,hospital F,programado,28/01/2025,no,distrito 8,no
cirugía general,78.0,hombre,5.0,0.0,0.0,hospitalización a domicilio,no,2.0,no,hospital C,urgente,29/09/2024,no,distrito 10,no
cirugía general,65.0,mujer,18.0,3.0,0.0,domicilio,no,5.0,no,hospital D,urgente,04/06/2025,no,distrito 4,sí
traumatología,98.0,mujer,5.0,0.0,0.0,domicilio,sí,5.0,sí,hospital E,programado,04/02/2025,no,distrito 1,no
cardiología,43.0,hombre,6.0,0.0,0.0,hospitalización a domicilio,sí,0.0,sí,hospital F,urgente,18/10/2024,no,distrito 9,sí
medicina interna,93.0,mujer,4.0,3.0,0.0,domicilio,sí,8.0,no,hospital C,urgente,20/01/2025,si,distrito 8,sí
cirugía general,51.0,hombre,3.0,5.0,0.0,domicilio,sí,7.0,sí,hospital E,urgente,22/01/2025,no,distrito 3,sí
cirugía general,73.0,mujer,10.0,3.0,2.0,domicilio,no,4.0,no,hospital A,programado,13/07/2025,no,distrito 4,no
traumatología,69.0,hombre,17.0,9.0,0.0,residencia,sí,13.0,no,hospital F,urgente,03/05/2025,si,distrito 1,no
neumología,54.0,mujer,5.0,6.0,1.0,domicilio,sí,5.0,no,hospital F,urgente,30/05/2025,si,distrito 9,no
cirugía general,67.0,hombre,7.0,3.0,0.0,residencia,no,3.0,no,hospital B,urgente,08/09/2025,si,distrito 3,sí
traumatología,44.0,hombre,-99.0,6.0,0.0,domicilio,no,5.0,no,hospital E,programado,28/03/2025,no,distrito 9,sí
medicina interna,83.0,mujer,5.0,0.0,0.0,centro de media estancia,no,4.0,no,hospital B,urgente,09/06/2025,no,distrito 9,sí
  traumatología ,66.0,mujer,10.0,0.0,0.0,residencia,sí,4.0,no,hospital C,programado,11/09/2025,no,distrito 7,sí
medicina interna,33.0,hombre,5.0,0.0,0.0,domicilio,sí,5.0,no,hospital E,N/D,10/06/2025,no,distrito 6,no
cirugia general,53.0,hombre,6.0,1.0,1.0,domicilio,no,1.0,no,hospital A,urgente,09/06/2025,no,distrito 4,no
medicina interna,67.0,hombre,4.0,1.0,0.0,domicilio,sí,11.0,no,hospital A,urgente,28/02/2025,no,distrito 6,no
neumología,87.0,mujer,12.0,4.0,0.0,domicilio,sí,4.0,no,hospital E,programado,05/08/2025,si,distrito 3,sí
traumatología,53.0,hombre,7.0,2.0,0.0,residencia,sí,2.0,no,hospital D,programado,26/08/2024,no,distrito 7,no
neumología,81.0,mujer,10.0,0.0,1.0,domicilio,no,5.0,sí,hospital B,urgente,18/09/2024,no,distrito 6,no
medicina interna,83.0,hombre,14.0,1.0,0.0,centro de media estancia,sí,6.0,no,hospital E,urgente,31/10/2025,no,distrito 3,no
cardiología,92.0,mujer,3.0,0.0,0.0,domicilio,no,1.0,no,hospital C,programado,09/08/2025,no,distrito 3,no
traumatología,81.0,mujer,12.0,0.0,1.0,domicilio,sí,3.0,no,hospital E,programado,05/08/2025,no,distrito 9,sí
traumatologia,64.0,hombre,2.0,1.0,0.0,domicilio,no,11.0,no,hospital C,urgente,17/06/2024,no,distrito 3,no
neumología,75.0,hombre,12.0,0.0,0.0,domicilio,sí,5.0,no,hospital B,urgente,10/06/2025,no,distrito 1,no
digestivo,42.0,mujer,10.0,2.0,0.0,domicilio,sí,12.0,sí,hospital B,urgente,03/02/2025,no,distrito 6,no
medicina interna,44.0,hombre,9.0,2.0,0.0,domicilio,sí,2.0,no,hospital C,urgente,25/12/2024,no,distrito 7,sí
neumologia,67.0,hombre,4.0,0.0,0.0,domicilio,no,4.0,sí,hospital F,urgente,13/12/2024,no,distrito 6,sí
medicina interna,92.0,mujer,4.0,1.0,1.0,domicilio,sí,13.0,sí,hospital B,N/D,21/07/2025,no,distrito 1,sí
  traumatología ,79.0,hombre,-99.0,0.0,0.0,residencia,sí,2.0,no,hospital F,urgente,13/06/2025,no,distrito 3,no
cardiología,73.0,hombre,6.0,2.0,0.0,domicilio,no,3.0,no,hospital E,programado,05/08/2025,no,distrito 5,sí
cirugia general,38.0,mujer,4.0,3.0,0.0,domicilio,sí,7.0,no,hospital F,urgente,29/05/2025,no,distrito 4,sí
cardiología,70.0,mujer,1.0,2.0,0.0,domicilio,no,3.0,no,hospital A,N/D,28/06/2024,no,distrito 6,no
traumatología,53.0,hombre,8.0,2.0,0.0,domicilio,sí,3.0,no,hospital F,programado,24/06/2024,no,distrito 7,no
cirugía general,31.0,hombre,7.0,0.0,1.0,domicilio,no,7.0,no,hospital D,urgente,20/03/2025,no,distrito 8,no
medicina interna,54.0,hombre,6.0,3.0,0.0,residencia,no,1.0,sí,hospital D,urgente,29/10/2024,si,distrito 10,no
neumología,76.0,mujer,11.0,2.0,0.0,domicilio,sí,14.0,no,hospital E,programado,27/08/2024,no,distrito 3,no
digestivo,63.0,hombre,7.0,6.0,3.0,domicilio,no,7.0,no,hospital F,urgente,13/07/2025,si,distrito 4,no
digestivo,73.0,mujer,2.0,4.0,0.0,domicilio,no,7.0,sí,hospital A,programado,12/03/2025,no,distrito 6,no
medicina interna,68.0,hombre,-99.0,4.0,2.0,domicilio,sí,2.0,no,hospital D,urgente,28/05/2025,no,distrito 8,no
neumología,60.0,mujer,7.0,0.0,0.0,domicilio,sí,14.0,no,hospital E,urgente,16/08/2025,no,distrito 1,no
cirugía general,67.0,mujer,6.0,1.0,0.0,domicilio,no,8.0,no,hospital E,programado,28/10/2025,no,distrito 2,no
cirugía general,78.0,hombre,-99.0,2.0,0.0,residencia,sí,7.0,no,hospital B,urgente,29/05/2025,no,distrito 3,no
digestivo,65.0,hombre,2.0,9.0,0.0,domicilio,no,3.0,no,hospital B,programado,16/12/2024,si,distrito 5,sí
traumatología,74.0,mujer,6.0,12.0,1.0,domicilio,sí,12.0,no,hospital E,urgente,02/06/2025,no,distrito 2,sí
neumologia,53.0,mujer,8.0,0.0,0.0,residencia,sí,8.0,no,hospital F,urgente,19/09/2024,no,distrito 8,sí
cirugía general,76.0,mujer,9.0,0.0,0.0,domicilio,no,1.0,no,hospital A,programado,08/09/2024,no,distrito 9,sí
cirugía general,66.0,hombre,7.0,9.0,0.0,domicilio,no,4.0,no,hospital F,urgente,24/06/2024,si,distrito 9,sí
medicina interna,59.0,mujer,7.0,4.0,1.0,domicilio,no,6.0,sí,hospital B,urgente,25/06/2024,si,distrito 9,sí
MEDICINA INTERNA,58.0,hombre,12.0,1.0,0.0,domicilio,sí,24.0,no,hospital E,urgente,07/12/2024,no,distrito 7,sí
  medicina interna ,42.0,mujer,2.0,0.0,0.0,hospitalización a domicilio,sí,9.0,no,hospital D,urgente,03/10/2024,no,distrito 8,no
cardiología,32.0,hombre,22.0,2.0,0.0,domicilio,no,7.0,no,hospital D,urgente,01/11/2025,si,distrito 2,sí
medicina interna,75.0,mujer,2.0,0.0,1.0,domicilio,sí,12.0,sí,hospital B,urgente,28/06/2024,no,distrito 8,no
neumología,82.0,hombre,5.0,3.0,0.0,domicilio,no,3.0,no,hospital F,urgente,24/09/2025,no,distrito 3,sí
  traumatología ,78.0,hombre,11.0,2.0,0.0,hospitalización a domicilio,sí,11.0,no,hospital D,urgente,25/06/2025,si,distrito 7,no
medicina interna,85.0,mujer,10.0,8.0,0.0,domicilio,sí,11.0,sí,hospital C,programado,21/08/2025,no,distrito 8,sí
cardiología,42.0,mujer,4.0,2.0,0.0,domicilio,sí,1.0,no,hospital C,urgente,04/01/2025,no,distrito 5,sí
  neumología ,52.0,hombre,6.0,4.0,0.0,domicilio,sí,2.0,sí,hospital F,programado,02/12/2024,no,distrito 10,sí
cirugia general,36.0,hombre,9.0,2.0,1.0,centro de media estancia,sí,1.0,no,hospital C,urgente,20/01/2025,no,distrito 2,no
medicina interna,63.0,hombre,2.0,0.0,4.0,domicilio,sí,4.0,no,hospital C,urgente,10/02/2025,no,distrito 4,no
neumología,55.0,mujer,4.0,1.0,0.0,residencia,no,2.0,sí,hospital F,programado,04/07/2024,si,distrito 1,no
neumología,81.0,hombre,12.0,0.0,1.0,hospitalización a domicilio,sí,4.0,sí,hospital C,urgente,27/06/2024,no,distrito 9,sí
medicina interna,64.0,mujer,7.0,2.0,0.0,domicilio,sí,8.0,sí,hospital F,programado,22/07/2024,no,distrito 5,no
traumatología,72.0,mujer,2.0,3.0,0.0,domicilio,no,6.0,sí,hospital F,urgente,30/08/2024,no,distrito 9,sí
MEDICINA INTERNA,73.0,hombre,5.0,3.0,0.0,domicilio,sí,5.0,no,hospital F,programado,11/02/2025,no,distrito 5,sí
medicina interna,72.0,hombre,9.0,0.0,0.0,residencia,sí,3.0,no,hospital D,urgente,29/01/2025,no,distrito 4,sí
cirugía general,49.0,mujer,4.0,1.0,2.0,domicilio,no,8.0,sí,hospital F,urgente,11/09/2024,no,distrito 9,no
medicina interna,45.0,mujer,2.0,2.0,0.0,domicilio,sí,3.0,no,hospital F,urgente,28/01/2025,si,distrito 8,no
neumología,73.0,mujer,4.0,3.0,0.0,domicilio,sí,7.0,no,hospital F,urgente,27/07/2024,no,distrito 8,no
cirugía general,91.0,mujer,17.0,10.0,0.0,domicilio,sí,2.0,no,hospital F,urgente,06/12/2024,no,distrito 10,sí
medicina interna,53.0,mujer,16.0,5.0,1.0,domicilio,no,6.0,no,hospital F,programado,27/02/2025,si,distrito 7,no
medicina interna,68.0,hombre,18.0,1.0,1.0,hospitalización a domicilio,sí,19.0,no,hospital D,programado,17/08/2024,no,distrito 6,no
digestivo,59.0,mujer,6.0,0.0,0.0,domicilio,sí,10.0,sí,hospital F,programado,28/09/2025,no,distrito 2,no
cirugía general,59.0,mujer,15.0,6.0,0.0,domicilio,sí,2.0,no,hospital C,programado,15/10/2024,si,distrito 6,sí
cirugía general,48.0,hombre,1.0,0.0,0.0,hospitalización a domicilio,sí,3.0,no,hospital C,programado,24/06/2025,no,distrito 3,no
medicina interna,81.0,hombre,9.0,2.0,0.0,domicilio,no,11.0,no,hospital B,urgente,31/08/2025,no,distrito 4,no
  digestivo ,100.0,mujer,8.0,0.0,2.0,domicilio,no,1.0,sí,hospital F,urgente,17/08/2025,no,distrito 10,sí
cirugía general,52.0,mujer,5.0,0.0,0.0,residencia,sí,13.0,sí,hospital C,programado,27/02/2025,no,distrito 10,sí
  cardiología ,67.0,mujer,11.0,0.0,0.0,domicilio,sí,4.0,no,hospital E,urgente,17/12/2024,no,distrito 6,no
medicina interna,52.0,mujer,26.0,0.0,0.0,domicilio,no,4.0,sí,hospital C,urgente,23/07/2024,no,distrito 6,no
medicina interna,61.0,hombre,3.0,3.0,0.0,residencia,no,9.0,no,hospital D,urgente,31/07/2024,no,distrito 9,sí
traumatología,63.0,hombre,3.0,2.0,2.0,hospitalización a domicilio,sí,7.0,sí,hospital E,urgente,03/07/2025,no,distrito 1,sí
traumatología,100.0,hombre,-99.0,3.0,1.0,residencia,sí,2.0,no,hospital D,urgente,31/01/2025,no,distrito 1,no
cirugía general,73.0,mujer,12.0,1.0,0.0,domicilio,sí,1.0,no,hospital C,programado,19/03/2025,no,distrito 1,no
cardiología,76.0,hombre,2.0,2.0,0.0,domicilio,no,4.0,sí,hospital B,urgente,25/10/2025,no,distrito 5,sí
medicina interna,77.0,mujer,6.0,0.0,0.0,domicilio,no,2.0,no,hospital A,programado,24/07/2025,no,distrito 10,sí
cardiología,76.0,hombre,17.0,0.0,0.0,residencia,sí,5.0,no,hospital F,urgente,01/02/2025,no,distrito 1,sí
cardiología,68.0,hombre,5.0,1.0,0.0,residencia,sí,2.0,no,hospital E,urgente,24/11/2024,no,distrito 3,no
digestivo,57.0,mujer,3.0,6.0,2.0,domicilio,sí,2.0,no,hospital F,urgente,27/07/2024,si,distrito 4,sí
NEUMOLOGÍA,27.0,mujer,6.0,0.0,0.0,domicilio,no,11.0,no,hospital C,programado,13/12/2024,si,distrito 3,no
cirugía general,52.0,mujer,9.0,2.0,0.0,domicilio,sí,6.0,no,hospital C,urgente,22/10/2024,no,distrito 6,sí
cirugía general,78.0,mujer,6.0,1.0,4.0,domicilio,sí,1.0,no,hospital A,urgente,28/07/2024,no,distrito 10,sí
TRAUMATOLOGÍA,57.0,mujer,8.0,3.0,0.0,domicilio,sí,12.0,sí,hospital C,urgente,01/01/2025,no,distrito 9,no
neumología,57.0,hombre,3.0,1.0,0.0,domicilio,sí,2.0,no,hospital D,urgente,20/06/2024,no,distrito 3,sí
cirugía general,87.0,hombre,5.0,6.0,3.0,residencia,sí,9.0,no,hospital A,programado,09/03/2025,no,distrito 8,no
digestivo,82.0,hombre,9.0,0.0,1.0,centro de media estancia,no,1.0,sí,hospital E,urgente,28/09/2025,no,distrito 5,no
neumología,55.0,hombre,2.0,0.0,0.0,domicilio,sí,3.0,no,hospital E,programado,27/09/2024,no,distrito 7,no
neumología,58.0,mujer,2.0,1.0,2.0,domicilio,no,16.0,sí,hospital E,programado,01/11/2024,no,distrito 7,no
cardiología,81.0,mujer,0.0,1.0,0.0,centro de media estancia,sí,17.0,no,hospital D,programado,16/11/2025,no,distrito 1,no
traumatología,45.0,hombre,-99.0,0.0,0.0,domicilio,sí,3.0,no,hospital B,urgente,10/06/2024,no,distrito 5,sí
MEDICINA INTERNA,78.0,hombre,2.0,1.0,0.0,centro de media estancia,no,2.0,no,hospital C,programado,19/10/2024,no,distrito 5,sí
medicina interna,45.0,hombre,6.0,7.0,1.0,residencia,sí,5.0,sí,hospital D,urgente,04/04/2025,no,distrito 7,no
cardiología,20.0,mujer,3.0,5.0,0.0,centro de media estancia,sí,8.0,no,hospital E,N/D,08/06/2025,no,distrito 6,sí
traumatología,83.0,mujer,6.0,0.0,0.0,domicilio,no,6.0,sí,hospital D,programado,12/07/2025,no,distrito 3,sí
traumatología,90.0,hombre,3.0,2.0,0.0,domicilio,sí,1.0,no,hospital B,programado,28/09/2024,no,distrito 5,sí
neumología,33.0,mujer,6.0,4.0,0.0,centro de media estancia,no,3.0,no,hospital C,urgente,01/06/2024,no,distrito 9,no
medicina interna,63.0,mujer,4.0,0.0,0.0,hospitalización a domicilio,sí,3.0,no,hospital B,programado,05/10/2025,no,distrito 8,no
traumatología,56.0,mujer,3.0,5.0,0.0,domicilio,no,2.0,no,hospital D,urgente,05/01/2025,no,distrito 2,sí
cardiología,70.0,mujer,11.0,10.0,0.0,domicilio,sí,3.0,no,hospital B,programado,28/06/2025,no,distrito 10,sí
CARDIOLOGÍA,71.0,mujer,6.0,0.0,2.0,domicilio,sí,10.0,no,hospital F,urgente,18/08/2025,no,distrito 9,no
cardiología,51.0,mujer,6.0,2.0,1.0,domicilio,sí,9.0,sí,hospital D,urgente,17/11/2024,no,distrito 4,no
neumología,46.0,mujer,13.0,2.0,1.0,domicilio,no,6.0,no,hospital B,urgente,26/10/2024,si,distrito 7,no
neumología,74.0,mujer,1.0,3.0,0.0,domicilio,sí,1.0,no,hospital E,programado,24/10/2025,no,distrito 4,sí
medicina interna,68.0,mujer,-99.0,1.0,0.0,centro de media estancia,sí,2.0,no,hospital A,urgente,24/07/2024,no,distrito 6,no
neumología,76.0,mujer,8.0,1.0,1.0,domicilio,no,2.0,no,hospital B,programado,28/07/2024,no,distrito 3,sí
medicina interna,73.0,mujer,6.0,3.0,0.0,domicilio,sí,11.0,no,hospital A,urgente,06/05/2025,no,distrito 5,sí
cirugía general,59.0,mujer,14.0,0.0,0.0,residencia,sí,9.0,no,hospital A,urgente,04/01/2025,no,distrito 5,sí
  traumatología ,56.0,hombre,9.0,2.0,0.0,domicilio,no,4.0,no,hospital B,urgente,08/11/2024,si,distrito 8,no
cirugía general,60.0,hombre,16.0,0.0,0.0,domicilio,sí,6.0,no,hospital B,urgente,25/04/2025,no,distrito 2,sí
neumología,59.0,mujer,1.0,0.0,0.0,domicilio,sí,7.0,sí,hospital A,programado,11/04/2025,no,distrito 8,sí
cardiología,80.0,hombre,9.0,4.0,1.0,centro de media estancia,sí,4.0,no,hospital B,programado,20/09/2025,no,distrito 4,no
digestivo,63.0,mujer,4.0,1.0,0.0,domicilio,no,5.0,no,hospital D,urgente,11/03/2025,no,distrito 8,no
MEDICINA INTERNA,57.0,hombre,3.0,9.0,0.0,domicilio,sí,6.0,no,hospital B,programado,21/08/2024,no,distrito 9,no
digestivo,40.0,mujer,14.0,1.0,0.0,domicilio,no,1.0,no,hospital C,urgente,19/06/2024,no,distrito 10,no
MEDICINA INTERNA,78.0,hombre,3.0,1.0,0.0,domicilio,sí,9.0,no,hospital C,urgente,12/07/2025,no,distrito 4,sí
medicina interna,60.0,mujer,11.0,3.0,0.0,hospitalización a domicilio,sí,1.0,no,hospital C,urgente,16/06/2025,si,distrito 1,no
neumología,58.0,hombre,0.0,0.0,1.0,hospitalización a domicilio,sí,7.0,sí,hospital B,urgente,05/10/2025,no,distrito 4,no
cardiologia,73.0,mujer,16.0,1.0,0.0,hospitalización a domicilio,sí,5.0,no,hospital E,urgente,22/04/2025,no,distrito 3,no
DIGESTIVO,68.0,mujer,9.0,2.0,2.0,domicilio,no,7.0,no,hospital E,urgente,15/10/2025,no,distrito 7,sí
neumología,75.0,mujer,3.0,1.0,2.0,domicilio,sí,6.0,no,hospital D,programado,17/10/2024,no,distrito 9,no
cardiología,73.0,mujer,-99.0,0.0,0.0,domicilio,sí,4.0,sí,hospital E,programado,06/10/2025,no,distrito 9,no
cirugía general,93.0,hombre,19.0,0.0,1.0,domicilio,no,13.0,sí,hospital A,programado,15/01/2025,no,distrito 1,no
MEDICINA INTERNA,70.0,mujer,17.0,1.0,0.0,residencia,sí,3.0,no,hospital C,programado,28/09/2024,no,distrito 4,sí
  traumatología ,76.0,mujer,14.0,1.0,0.0,residencia,sí,9.0,sí,hospital D,urgente,03/11/2024,no,distrito 2,no
digestivo,100.0,mujer,1.0,1.0,1.0,domicilio,no,6.0,no,hospital D,urgente,16/05/2025,no,distrito 3,no
NEUMOLOGÍA,85.0,hombre,5.0,3.0,0.0,domicilio,no,1.0,sí,hospital D,programado,15/10/2025,no,distrito 4,sí
cardiología,80.0,mujer,10.0,2.0,0.0,domicilio,no,3.0,no,hospital B,urgente,24/08/2025,no,distrito 1,sí
cirugía general,44.0,mujer,14.0,2.0,5.0,centro de media estancia,sí,7.0,no,hospital D,programado,09/09/2024,no,distrito 7,no
cirugía general,31.0,mujer,2.0,0.0,0.0,domicilio,sí,1.0,no,hospital D,urgente,25/12/2024,no,distrito 2,sí
cirugía general,37.0,mujer,6.0,6.0,1.0,domicilio,no,6.0,sí,hospital C,urgente,24/06/2024,no,distrito 9,sí
cardiología,73.0,hombre,3.0,6.0,1.0,residencia,no,4.0,sí,hospital D,urgente,24/02/2025,si,distrito 4,sí
traumatología,67.0,hombre,4.0,5.0,1.0,domicilio,sí,7.0,no,hospital C,programado,21/07/2025,no,distrito 4,no
traumatología,78.0,hombre,21.0,0.0,0.0,centro de media estancia,sí,6.0,no,hospital E,programado,16/12/2024,no,distrito 9,no
cardiología,77.0,mujer,6.0,3.0,0.0,domicilio,sí,5.0,sí,hospital D,urgente,09/08/2024,no,distrito 10,no
traumatología,95.0,hombre,41.0,1.0,1.0,domicilio,no,1.0,sí,hospital D,urgente,05/06/2025,no,distrito 7,no
digestivo,29.0,hombre,1.0,0.0,0.0,hospitalización a domicilio,sí,4.0,no,hospital C,programado,25/09/2025,no,distrito 10,no
cirugia general,75.0,mujer,10.0,7.0,0.0,domicilio,no,4.0,sí,hospital F,programado,07/05/2025,no,distrito 4,no
neumología,74.0,hombre,5.0,3.0,0.0,domicilio,no,3.0,sí,hospital A,urgente,14/03/2025,si,distrito 3,no
CARDIOLOGÍA,69.0,hombre,5.0,1.0,1.0,domicilio,sí,13.0,no,hospital A,urgente,18/10/2025,no,distrito 6,sí
  digestivo ,91.0,mujer,9.0,4.0,2.0,domicilio,sí,3.0,sí,hospital A,N/D,03/07/2025,si,distrito 5,no
medicina interna,73.0,mujer,4.0,4.0,0.0,domicilio,no,6.0,no,hospital A,programado,24/10/2025,no,distrito 4,no
medicina interna,66.0,hombre,-99.0,1.0,1.0,domicilio,no,4.0,no,hospital A,urgente,09/08/2024,no,distrito 4,no
  neumología ,77.0,mujer,6.0,3.0,0.0,hospitalización a domicilio,no,12.0,no,hospital A,urgente,30/05/2025,no,distrito 6,no
traumatología,83.0,hombre,5.0,6.0,0.0,domicilio,no,3.0,no,hospital D,urgente,20/10/2024,si,distrito 3,no
cardiología,54.0,hombre,3.0,1.0,0.0,residencia,no,2.0,no,hospital E,N/D,10/05/2025,no,distrito 2,no
neumología,54.0,hombre,7.0,0.0,1.0,residencia,sí,5.0,no,hospital C,urgente,04/03/2025,no,distrito 5,no
neumología,72.0,hombre,5.0,2.0,4.0,domicilio,no,8.0,no,hospital B,urgente,20/12/2024,si,distrito 6,no
cardiología,59.0,hombre,3.0,2.0,0.0,domicilio,sí,11.0,sí,hospital E,urgente,26/12/2024,no,distrito 3,sí
traumatología,60.0,mujer,9.0,2.0,0.0,residencia,sí,3.0,no,hospital C,urgente,25/12/2024,no,distrito 2,no
medicina interna,49.0,hombre,3.0,1.0,0.0,domicilio,no,2.0,sí,hospital A,urgente,10/07/2024,no,distrito 5,no
digestivo,41.0,hombre,12.0,7.0,3.0,domicilio,sí,9.0,sí,hospital A,urgente,09/04/2025,no,distrito 1,no
cardiología,67.0,mujer,1.0,1.0,0.0,domicilio,sí,4.0,no,hospital B,urgente,11/08/2024,no,distrito 10,no
cardiología,49.0,hombre,-99.0,0.0,0.0,domicilio,sí,11.0,no,hospital D,urgente,27/10/2024,no,distrito 8,no
medicina interna,100.0,mujer,5.0,2.0,1.0,residencia,no,13.0,sí,hospital F,programado,13/02/2025,no,distrito 9,sí
medicina interna,67.0,hombre,7.0,1.0,0.0,hospitalización a domicilio,no,11.0,no,hospital A,urgente,10/06/2024,no,distrito 6,no
MEDICINA INTERNA,51.0,hombre,4.0,6.0,0.0,domicilio,sí,14.0,no,hospital D,programado,23/12/2024,no,distrito 2,no
medicina interna,61.0,hombre,3.0,4.0,1.0,domicilio,no,4.0,no,hospital E,programado,01/09/2025,no,distrito 10,sí
medicina interna,90.0,mujer,14.0,1.0,0.0,domicilio,no,5.0,no,hospital F,urgente,23/09/2025,no,distrito 4,sí
traumatología,73.0,mujer,5.0,0.0,0.0,centro de media estancia,sí,9.0,no,hospital C,urgente,10/07/2024,no,distrito 4,sí
medicina interna,55.0,mujer,10.0,0.0,1.0,domicilio,sí,3.0,no,hospital D,urgente,25/10/2025,no,distrito 3,no
cirugía general,95.0,mujer,5.0,2.0,0.0,domicilio,sí,2.0,sí,hospital F,urgente,06/08/2025,no,distrito 6,no
digestivo,71.0,hombre,1.0,1.0,0.0,domicilio,no,6.0,no,hospital C,urgente,30/06/2024,no,distrito 9,sí
  medicina interna ,67.0,hombre,11.0,3.0,0.0,domicilio,no,8.0,no,hospital E,programado,07/11/2025,no,distrito 2,no
traumatología,66.0,hombre,7.0,0.0,1.0,domicilio,no,1.0,no,hospital F,urgente,27/12/2024,no,distrito 6,no
medicina interna,66.0,hombre,1.0,0.0,3.0,domicilio,sí,6.0,sí,hospital F,programado,21/07/2024,no,distrito 10,sí
traumatología,90.0,hombre,14.0,2.0,0.0,residencia,sí,8.0,no,hospital C,programado,03/07/2025,no,distrito 3,no
cirugía general,50.0,mujer,7.0,2.0,0.0,hospitalización a domicilio,no,12.0,no,hospital F,urgente,22/06/2024,no,distrito 2,no
neumología,76.0,mujer,1.0,3.0,0.0,domicilio,sí,3.0,no,hospital E,urgente,31/05/2025,no,distrito 2,sí
neumología,51.0,hombre,5.0,0.0,1.0,hospitalización a domicilio,no,13.0,sí,hospital C,urgente,12/04/2025,no,distrito 2,no
cardiología,100.0,hombre,2.0,1.0,0.0,centro de media estancia,sí,5.0,no,hospital F,programado,19/12/2024,no,distrito 7,no
neumología,45.0,mujer,18.0,7.0,0.0,domicilio,no,9.0,no,hospital C,programado,19/06/2025,no,distrito 10,sí
neumología,54.0,mujer,10.0,0.0,1.0,domicilio,no,4.0,no,hospital D,urgente,09/02/2025,no,distrito 2,sí
neumología,54.0,hombre,12.0,3.0,0.0,domicilio,sí,5.0,no,hospital D,urgente,29/09/2024,si,distrito 8,sí
medicina interna,72.0,hombre,5.0,1.0,3.0,domicilio,no,5.0,no,hospital E,programado,12/04/2025,si,distrito 1,no
  digestivo ,89.0,mujer,6.0,0.0,0.0,residencia,no,7.0,sí,hospital E,urgente,26/06/2024,no,distrito 3,no
digestivo,72.0,hombre,4.0,4.0,0.0,domicilio,no,5.0,sí,hospital D,programado,12/07/2024,no,distrito 4,sí
  cirugía general ,64.0,mujer,3.0,4.0,2.0,centro de media estancia,no,1.0,sí,hospital D,urgente,25/09/2024,si,distrito 9,sí
traumatología,69.0,mujer,1.0,6.0,1.0,residencia,sí,1.0,no,hospital C,urgente,25/04/2025,si,distrito 9,no
cirugía general,53.0,mujer,2.0,4.0,0.0,domicilio,no,1.0,no,hospital C,urgente,26/08/2024,no,distrito 1,sí
  neumología ,88.0,mujer,13.0,0.0,1.0,hospitalización a domicilio,no,3.0,no,hospital D,N/D,09/04/2025,no,distrito 8,no
cardiología,58.0,mujer,3.0,3.0,0.0,hospitalización a domicilio,no,8.0,no,hospital B,programado,02/04/2025,no,distrito 10,sí
traumatología,55.0,hombre,3.0,4.0,0.0,domicilio,sí,7.0,no,hospital D,urgente,20/07/2024,no,distrito 5,sí
cardiología,100.0,hombre,11.0,6.0,0.0,domicilio,sí,3.0,no,hospital E,urgente,19/03/2025,no,distrito 8,sí
traumatologia,49.0,mujer,3.0,5.0,0.0,domicilio,no,5.0,no,hospital E,urgente,24/06/2025,no,distrito 8,no
cardiología,84.0,hombre,-99.0,0.0,2.0,domicilio,sí,4.0,no,hospital C,urgente,13/09/2024,no,distrito 5,no
digestivo,65.0,mujer,3.0,4.0,0.0,domicilio,no,5.0,no,hospital E,urgente,01/08/2024,no,distrito 7,no
medicina interna,75.0,hombre,-99.0,0.0,0.0,domicilio,no,26.0,no,hospital F,programado,27/09/2024,si,distrito 7,sí
neumología,54.0,mujer,2.0,3.0,0.0,hospitalización a domicilio,sí,1.0,sí,hospital B,urgente,03/10/2025,no,distrito 7,no
DIGESTIVO,74.0,mujer,9.0,0.0,0.0,domicilio,sí,6.0,no,hospital A,programado,24/03/2025,no,distrito 6,sí
medicina interna,61.0,mujer,13.0,4.0,1.0,domicilio,sí,4.0,sí,hospital B,urgente,06/11/2025,no,distrito 8,sí
neumología,70.0,mujer,4.0,3.0,1.0,domicilio,no,5.0,no,hospital C,programado,15/11/2025,si,distrito 4,sí
cardiología,82.0,hombre,6.0,7.0,0.0,domicilio,sí,1.0,sí,hospital B,urgente,30/06/2024,si,distrito 2,sí
CIRUGÍA GENERAL,77.0,mujer,16.0,1.0,1.0,residencia,sí,7.0,sí,hospital B,N/D,19/02/2025,no,distrito 9,no
digestivo,87.0,mujer,5.0,3.0,0.0,residencia,sí,4.0,no,hospital D,programado,06/11/2025,no,distrito 9,sí
digestivo,53.0,hombre,2.0,3.0,0.0,domicilio,sí,9.0,no,hospital D,urgente,13/02/2025,si,distrito 10,no
cardiología,78.0,hombre,2.0,1.0,0.0,domicilio,no,20.0,no,hospital F,programado,28/12/2024,no,distrito 6,sí
neumología,42.0,mujer,4.0,0.0,0.0,domicilio,sí,3.0,sí,hospital F,urgente,19/04/2025,no,distrito 4,no
neumología,69.0,hombre,17.0,2.0,2.0,domicilio,no,1.0,no,hospital A,urgente,18/07/2024,si,distrito 9,sí
TRAUMATOLOGÍA,87.0,mujer,13.0,1.0,0.0,domicilio,sí,8.0,no,hospital B,urgente,25/05/2025,no,distrito 4,sí
MEDICINA INTERNA,85.0,mujer,2.0,0.0,1.0,domicilio,sí,4.0,sí,hospital E,urgente,09/03/2025,no,distrito 7,sí
cirugía general,70.0,hombre,13.0,0.0,0.0,domicilio,sí,8.0,no,hospital A,programado,08/07/2024,no,distrito 2,sí
MEDICINA INTERNA,61.0,mujer,4.0,4.0,1.0,domicilio,no,1.0,no,hospital B,urgente,23/10/2024,no,distrito 7,sí
medicina interna,73.0,hombre,3.0,2.0,0.0,domicilio,no,7.0,sí,hospital B,urgente,24/08/2024,no,distrito 6,no
  cirugía general ,76.0,mujer,6.0,1.0,0.0,residencia,no,2.0,no,hospital A,programado,04/08/2024,no,distrito 7,sí
traumatología,64.0,hombre,8.0,1.0,0.0,residencia,no,1.0,sí,hospital D,urgente,10/04/2025,si,distrito 3,no
  digestivo ,56.0,hombre,2.0,1.0,0.0,domicilio,no,9.0,no,hospital A,urgente,23/01/2025,no,distrito 5,no
  traumatología ,64.0,hombre,10.0,5.0,2.0,domicilio,sí,8.0,sí,hospital B,programado,28/11/2024,si,distrito 10,no
  medicina interna ,61.0,mujer,2.0,0.0,0.0,domicilio,sí,6.0,no,hospital B,programado,22/08/2025,no,distrito 2,no
cirugía general,35.0,hombre,2.0,1.0,0.0,domicilio,no,6.0,no,hospital C,urgente,29/04/2025,no,distrito 8,no
medicina interna,36.0,mujer,5.0,2.0,0.0,domicilio,sí,24.0,sí,hospital A,urgente,01/08/2024,si,distrito 9,no
cardiologia,31.0,mujer,6.0,5.0,6.0,residencia,no,1.0,no,hospital F,urgente,09/12/2024,si,distrito 2,no
medicina interna,61.0,mujer,1.0,3.0,2.0,domicilio,no,2.0,no,hospital F,urgente,03/08/2025,no,distrito 5,no
traumatología,18.0,mujer,5.0,4.0,0.0,domicilio,sí,6.0,no,hospital B,urgente,23/11/2024,si,distrito 5,no
cirugia general,26.0,mujer,7.0,3.0,0.0,domicilio,no,5.0,no,hospital D,programado,20/08/2025,no,distrito 8,no
traumatología,49.0,hombre,5.0,2.0,0.0,domicilio,sí,2.0,no,hospital D,urgente,13/02/2025,no,distrito 1,sí
neumología,71.0,hombre,6.0,7.0,1.0,domicilio,sí,4.0,no,hospital A,urgente,13/01/2025,no,distrito 2,no
medicina interna,68.0,mujer,2.0,2.0,0.0,hospitalización a domicilio,sí,13.0,no,hospital A,urgente,03/09/2024,si,distrito 3,no
medicina interna,43.0,hombre,7.0,3.0,0.0,domicilio,sí,7.0,no,hospital D,N/D,07/10/2025,si,distrito 4,no
cirugía general,68.0,hombre,5.0,0.0,0.0,residencia,no,2.0,no,hospital E,urgente,27/01/2025,no,distrito 6,sí
traumatología,83.0,hombre,4.0,1.0,0.0,domicilio,no,3.0,sí,hospital C,urgente,25/06/2024,no,distrito 9,no
neumología,29.0,hombre,13.0,4.0,1.0,residencia,sí,26.0,sí,hospital B,urgente,08/04/2025,si,distrito 6,no
traumatologia,51.0,mujer,5.0,2.0,3.0,domicilio,no,2.0,no,hospital D,programado,05/05/2025,si,distrito 10,no
  cardiología ,63.0,hombre,6.0,1.0,0.0,hospitalización a domicilio,sí,0.0,no,hospital B,urgente,31/08/2025,no,distrito 3,no
medicina interna,46.0,mujer,2.0,3.0,1.0,domicilio,sí,3.0,no,hospital C,programado,02/06/2025,no,distrito 10,sí
cirugía general,61.0,hombre,13.0,4.0,0.0,residencia,sí,4.0,no,hospital E,urgente,28/10/2024,no,distrito 3,no
cardiología,51.0,mujer,6.0,5.0,0.0,domicilio,sí,12.0,no,hospital D,urgente,23/08/2024,no,distrito 5,sí
neumología,99.0,hombre,7.0,2.0,0.0,domicilio,no,2.0,no,hospital C,urgente,10/05/2025,no,distrito 5,no
CARDIOLOGÍA,38.0,hombre,6.0,3.0,0.0,domicilio,sí,4.0,sí,hospital C,programado,08/07/2024,no,distrito 10,no
MEDICINA INTERNA,75.0,mujer,6.0,4.0,0.0,domicilio,sí,12.0,no,hospital D,urgente,30/10/2024,no,distrito 6,no
medicina interna,53.0,hombre,7.0,0.0,1.0,domicilio,no,4.0,no,hospital C,programado,15/06/2025,no,distrito 8,no
  traumatología ,99.0,hombre,-99.0,1.0,6.0,domicilio,sí,7.0,no,hospital D,urgente,22/10/2024,no,distrito 6,no
cardiologia,75.0,mujer,-99.0,4.0,1.0,residencia,sí,6.0,sí,hospital E,urgente,08/08/2025,si,distrito 4,sí
  cardiología ,63.0,mujer,6.0,2.0,0.0,domicilio,no,6.0,sí,hospital B,programado,19/12/2024,no,distrito 6,no
digestivo,72.0,mujer,13.0,2.0,1.0,centro de media estancia,no,4.0,no,hospital C,N/D,23/04/2025,no,distrito 8,no
cardiología,78.0,mujer,6.0,6.0,0.0,residencia,sí,7.0,no,hospital F,urgente,18/10/2024,si,distrito 8,no
  medicina interna ,72.0,hombre,1.0,3.0,0.0,domicilio,no,9.0,sí,hospital C,urgente,04/07/2025,si,distrito 4,no
neumología,68.0,hombre,5.0,1.0,3.0,domicilio,sí,3.0,no,hospital B,programado,06/11/2024,si,distrito 5,no
DIGESTIVO,36.0,mujer,9.0,0.0,0.0,centro de media estancia,sí,3.0,no,hospital D,urgente,16/08/2025,no,distrito 1,no
cirugía general,70.0,mujer,3.0,3.0,0.0,domicilio,sí,12.0,sí,hospital F,urgente,25/07/2025,no,distrito 10,no
medicina interna,69.0,mujer,16.0,3.0,1.0,residencia,sí,6.0,no,hospital B,urgente,18/04/2025,si,distrito 9,no
  medicina interna ,79.0,mujer,6.0,1.0,0.0,domicilio,sí,15.0,no,hospital A,programado,19/12/2024,no,distrito 6,no
traumatología,90.0,mujer,7.0,0.0,0.0,domicilio,sí,7.0,no,hospital D,urgente,21/10/2025,no,distrito 6,no
medicina interna,76.0,hombre,7.0,0.0,4.0,domicilio,sí,2.0,no,hospital B,urgente,10/09/2024,no,distrito 3,sí
MEDICINA INTERNA,75.0,hombre,3.0,4.0,0.0,domicilio,no,7.0,no,hospital C,urgente,17/08/2024,si,distrito 1,no
cirugía general,47.0,mujer,5.0,0.0,0.0,domicilio,no,0.0,no,hospital E,programado,14/10/2025,no,distrito 9,no
DIGESTIVO,71.0,mujer,5.0,1.0,1.0,domicilio,sí,6.0,no,hospital B,programado,08/05/2025,no,distrito 9,no
CIRUGÍA GENERAL,92.0,mujer,5.0,0.0,0.0,domicilio,sí,1.0,no,hospital B,programado,26/01/2025,no,distrito 5,sí
  neumología ,81.0,mujer,1.0,2.0,1.0,domicilio,no,4.0,sí,hospital F,urgente,17/07/2024,no,distrito 9,no
cirugía general,47.0,hombre,2.0,0.0,0.0,domicilio,sí,10.0,no,hospital C,urgente,25/08/2025,no,distrito 4,no
traumatología,57.0,hombre,5.0,0.0,2.0,domicilio,no,2.0,no,hospital B,programado,08/01/2025,no,distrito 6,no
cardiología,75.0,mujer,14.0,1.0,1.0,domicilio,sí,15.0,no,hospital E,urgente,26/10/2025,no,distrito 5,sí
neumología,86.0,hombre,7.0,0.0,0.0,domicilio,no,1.0,no,hospital A,urgente,13/08/2024,no,distrito 5,sí
cardiología,85.0,mujer,-99.0,2.0,0.0,residencia,sí,4.0,no,hospital F,urgente,01/10/2024,no,distrito 4,sí
cirugia general,76.0,mujer,4.0,3.0,0.0,centro de media estancia,sí,7.0,sí,hospital C,programado,13/02/2025,no,distrito 3,no
cardiología,33.0,mujer,22.0,1.0,1.0,domicilio,sí,15.0,no,hospital B,N/D,30/10/2024,no,distrito 7,no
  traumatología ,64.0,hombre,12.0,2.0,0.0,domicilio,sí,13.0,no,hospital F,urgente,16/01/2025,si,distrito 6,sí
traumatología,45.0,mujer,16.0,3.0,0.0,domicilio,sí,4.0,no,hospital A,programado,21/04/2025,no,distrito 2,no
traumatología,55.0,mujer,10.0,5.0,0.0,centro de media estancia,no,4.0,no,hospital A,programado,07/11/2024,si,distrito 2,sí
cirugía general,92.0,mujer,13.0,3.0,1.0,domicilio,sí,9.0,no,hospital E,programado,13/04/2025,no,distrito 1,no
medicina interna,76.0,mujer,12.0,1.0,0.0,residencia,no,7.0,no,hospital C,urgente,21/08/2024,no,distrito 6,sí
cirugía general,68.0,mujer,5.0,2.0,0.0,domicilio,sí,8.0,sí,hospital A,urgente,15/06/2024,no,distrito 4,no
medicina interna,62.0,mujer,5.0,4.0,0.0,domicilio,sí,14.0,no,hospital B,urgente,30/09/2024,no,distrito 8,sí
digestivo,100.0,hombre,-99.0,2.0,0.0,domicilio,sí,1.0,no,hospital A,urgente,07/12/2024,no,distrito 4,no
traumatología,89.0,hombre,-99.0,0.0,0.0,domicilio,sí,4.0,sí,hospital D,urgente,30/06/2025,no,distrito 10,sí
digestivo,52.0,mujer,-99.0,7.0,3.0,domicilio,no,3.0,no,hospital D,programado,23/11/2024,si,distrito 2,no
cirugía general,76.0,mujer,5.0,6.0,0.0,domicilio,sí,6.0,sí,hospital A,urgente,20/05/2025,no,distrito 6,sí
neumología,58.0,hombre,1.0,3.0,0.0,domicilio,sí,14.0,no,hospital D,urgente,22/11/2025,no,distrito 7,sí
neumología,35.0,mujer,4.0,2.0,0.0,centro de media estancia,no,8.0,no,hospital E,programado,30/04/2025,no,distrito 7,no
medicina interna,53.0,mujer,4.0,0.0,0.0,domicilio,sí,6.0,no,hospital F,urgente,23/03/2025,no,distrito 10,sí
medicina interna,38.0,hombre,13.0,3.0,0.0,domicilio,sí,6.0,no,hospital C,N/D,15/10/2025,no,distrito 1,sí
traumatología,81.0,hombre,6.0,4.0,0.0,domicilio,no,5.0,no,hospital F,urgente,18/04/2025,no,distrito 2,sí
medicina interna,65.0,mujer,5.0,2.0,1.0,domicilio,sí,10.0,sí,hospital F,urgente,23/10/2025,no,distrito 9,sí
  medicina interna ,98.0,hombre,2.0,3.0,0.0,domicilio,sí,3.0,no,hospital D,urgente,19/09/2024,no,distrito 2,no
digestivo,92.0,hombre,4.0,2.0,0.0,residencia,no,0.0,no,hospital E,N/D,30/09/2025,no,distrito 8,no
medicina interna,53.0,hombre,-99.0,0.0,0.0,domicilio,sí,3.0,no,hospital B,programado,02/09/2024,no,distrito 7,no
digestivo,77.0,mujer,6.0,7.0,0.0,domicilio,sí,8.0,no,hospital E,urgente,18/08/2024,si,distrito 9,no
  neumología ,69.0,hombre,2.0,3.0,1.0,domicilio,sí,3.0,no,hospital F,urgente,06/03/2025,no,distrito 10,no
TRAUMATOLOGÍA,63.0,hombre,13.0,3.0,0.0,domicilio,no,9.0,sí,hospital D,urgente,06/09/2024,no,distrito 2,no
cardiología,53.0,mujer,4.0,0.0,2.0,domicilio,sí,3.0,no,hospital E,programado,10/07/2024,no,distrito 4,no
cardiología,59.0,mujer,3.0,4.0,0.0,domicilio,sí,5.0,sí,hospital F,urgente,05/04/2025,no,distrito 5,no
traumatología,47.0,mujer,2.0,4.0,2.0,domicilio,sí,5.0,no,hospital A,urgente,04/08/2025,no,distrito 2,sí
digestivo,26.0,hombre,3.0,1.0,0.0,domicilio,sí,1.0,no,hospital F,urgente,11/12/2024,no,distrito 9,sí
  cardiología ,100.0,mujer,2.0,4.0,0.0,domicilio,sí,2.0,no,hospital B,N/D,10/06/2025,no,distrito 3,no
traumatología,72.0,hombre,4.0,0.0,0.0,domicilio,sí,6.0,sí,hospital B,N/D,01/07/2025,no,distrito 3,no
medicina interna,72.0,hombre,2.0,2.0,0.0,centro de media estancia,no,6.0,sí,hospital B,urgente,21/07/2025,no,distrito 7,sí
  neumología ,52.0,hombre,-99.0,3.0,0.0,domicilio,sí,2.0,no,hospital C,urgente,07/07/2024,no,distrito 6,no
medicina interna,63.0,hombre,-99.0,2.0,1.0,domicilio,no,8.0,sí,hospital C,N/D,27/10/2025,si,distrito 10,sí
cirugía general,80.0,hombre,4.0,1.0,0.0,domicilio,sí,5.0,sí,hospital B,urgente,09/06/2024,no,distrito 6,no
medicina interna,54.0,mujer,3.0,1.0,0.0,residencia,no,5.0,no,hospital B,programado,16/11/2024,si,distrito 10,sí
cirugía general,73.0,mujer,4.0,2.0,0.0,domicilio,sí,1.0,no,hospital E,urgente,24/09/2024,si,distrito 2,sí
traumatología,75.0,hombre,4.0,0.0,0.0,residencia,no,10.0,no,hospital D,urgente,26/12/2024,no,distrito 8,sí
cirugía general,64.0,hombre,11.0,8.0,0.0,domicilio,sí,3.0,no,hospital E,urgente,14/11/2025,no,distrito 8,no
medicina interna,77.0,hombre,3.0,0.0,0.0,domicilio,no,7.0,sí,hospital F,N/D,10/06/2024,no,distrito 5,no
digestivo,92.0,mujer,4.0,0.0,0.0,hospitalización a domicilio,sí,3.0,sí,hospital E,N/D,19/03/2025,no,distrito 5,no
neumología,52.0,mujer,14.0,2.0,0.0,domicilio,no,1.0,no,hospital D,urgente,23/12/2024,no,distrito 7,no
traumatología,49.0,mujer,7.0,7.0,0.0,domicilio,sí,9.0,no,hospital F,programado,24/07/2024,si,distrito 6,no
medicina interna,66.0,hombre,2.0,5.0,0.0,domicilio,no,5.0,no,hospital D,urgente,06/04/2025,no,distrito 4,no
  cardiología ,79.0,hombre,6.0,1.0,3.0,domicilio,sí,12.0,sí,hospital A,urgente,01/05/2025,no,distrito 3,no
medicina interna,62.0,mujer,9.0,0.0,2.0,residencia,sí,1.0,no,hospital F,urgente,06/01/2025,si,distrito 9,no
medicina interna,90.0,hombre,7.0,0.0,0.0,domicilio,sí,5.0,no,hospital F,programado,17/01/2025,no,distrito 10,sí
cirugía general,75.0,mujer,3.0,2.0,0.0,domicilio,no,1.0,sí,hospital B,urgente,19/07/2025,no,distrito 1,sí
cirugía general,83.0,mujer,5.0,3.0,0.0,hospitalización a domicilio,no,5.0,no,hospital A,programado,08/08/2025,no,distrito 9,sí
medicina interna,86.0,mujer,1.0,2.0,0.0,domicilio,no,8.0,sí,hospital E,N/D,27/12/2024,no,distrito 1,no
cardiología,69.0,mujer,9.0,0.0,0.0,domicilio,no,21.0,no,hospital F,programado,16/04/2025,no,distrito 7,sí
cardiologia,89.0,mujer,5.0,0.0,0.0,domicilio,no,5.0,no,hospital C,urgente,25/05/2025,no,distrito 5,sí
cardiologia,76.0,hombre,5.0,5.0,0.0,domicilio,no,2.0,sí,hospital D,urgente,18/02/2025,si,distrito 2,no
traumatologia,70.0,hombre,8.0,1.0,1.0,domicilio,sí,5.0,no,hospital B,urgente,27/12/2024,no,distrito 1,no
TRAUMATOLOGÍA,56.0,mujer,6.0,0.0,0.0,domicilio,no,10.0,no,hospital A,urgente,18/10/2024,no,distrito 8,sí
cardiología,51.0,hombre,7.0,1.0,0.0,domicilio,no,4.0,no,hospital B,urgente,14/11/2025,no,distrito 1,sí
NEUMOLOGÍA,70.0,mujer,1.0,1.0,0.0,centro de media estancia,sí,1.0,sí,hospital A,urgente,31/03/2025,no,distrito 4,no
medicina interna,62.0,hombre,3.0,2.0,0.0,domicilio,sí,4.0,no,hospital B,programado,13/11/2025,no,distrito 3,no
medicina interna,84.0,hombre,9.0,0.0,0.0,residencia,sí,12.0,no,hospital A,programado,12/08/2025,no,distrito 10,sí
neumología,87.0,mujer,5.0,1.0,0.0,domicilio,no,2.0,no,hospital C,urgente,21/01/2025,no,distrito 4,no
neumología,74.0,mujer,3.0,1.0,1.0,domicilio,no,9.0,no,hospital E,urgente,01/02/2025,no,distrito 8,no
cirugia general,68.0,mujer,11.0,2.0,0.0,domicilio,no,6.0,no,hospital A,urgente,17/10/2024,no,distrito 8,sí
digestivo,61.0,mujer,0.0,0.0,0.0,domicilio,no,1.0,no,hospital D,urgente,20/01/2025,si,distrito 6,no
cardiología,62.0,mujer,6.0,0.0,0.0,domicilio,sí,4.0,sí,hospital F,programado,17/08/2025,no,distrito 3,sí
traumatologia,100.0,mujer,6.0,2.0,1.0,domicilio,sí,5.0,sí,hospital A,urgente,21/07/2025,no,distrito 9,no
medicina interna,69.0,mujer,6.0,1.0,2.0,domicilio,no,7.0,no,hospital B,programado,01/10/2024,si,distrito 9,no
cardiologia,80.0,mujer,12.0,7.0,0.0,domicilio,sí,10.0,sí,hospital B,programado,16/01/2025,si,distrito 10,no
traumatología,87.0,hombre,-99.0,7.0,0.0,domicilio,no,5.0,no,hospital E,urgente,25/03/2025,si,distrito 9,no
medicina interna,46.0,hombre,5.0,0.0,1.0,domicilio,sí,2.0,no,hospital F,programado,12/10/2024,no,distrito 5,no
neumología,54.0,mujer,-99.0,1.0,1.0,centro de media estancia,no,7.0,sí,hospital F,urgente,30/01/2025,no,distrito 10,no
medicina interna,45.0,mujer,9.0,0.0,0.0,residencia,sí,7.0,no,hospital A,urgente,23/12/2024,no,distrito 7,no
neumología,100.0,hombre,15.0,2.0,0.0,domicilio,sí,18.0,no,hospital D,programado,04/11/2025,no,distrito 6,no
medicina interna,100.0,mujer,7.0,1.0,0.0,domicilio,no,3.0,no,hospital C,programado,01/10/2024,no,distrito 9,no
cirugía general,43.0,mujer,3.0,0.0,0.0,domicilio,sí,3.0,sí,hospital F,urgente,10/02/2025,no,distrito 3,no
cardiologia,68.0,mujer,2.0,1.0,0.0,domicilio,sí,2.0,sí,hospital F,programado,01/09/2024,no,distrito 3,no
traumatología,66.0,hombre,6.0,0.0,0.0,domicilio,sí,5.0,no,hospital F,urgente,24/10/2024,no,distrito 5,sí
TRAUMATOLOGÍA,62.0,mujer,16.0,6.0,0.0,domicilio,sí,0.0,sí,hospital C,urgente,18/08/2025,no,distrito 8,no
DIGESTIVO,86.0,hombre,9.0,3.0,3.0,domicilio,no,5.0,no,hospital F,urgente,17/07/2024,no,distrito 6,no
medicina interna,51.0,hombre,26.0,2.0,0.0,residencia,no,2.0,no,hospital D,urgente,01/01/2025,no,distrito 6,sí
medicina interna,71.0,hombre,9.0,1.0,0.0,domicilio,no,15.0,sí,hospital B,urgente,25/04/2025,si,distrito 7,no
medicina interna,82.0,hombre,3.0,1.0,0.0,domicilio,no,7.0,sí,hospital D,urgente,01/11/2024,no,distrito 2,sí
medicina interna,76.0,hombre,8.0,2.0,2.0,hospitalización a domicilio,sí,3.0,no,hospital D,programado,28/04/2025,no,distrito 1,no
MEDICINA INTERNA,72.0,hombre,7.0,1.0,1.0,hospitalización a domicilio,no,0.0,no,hospital C,urgente,02/09/2025,no,distrito 9,no
cardiología,55.0,mujer,8.0,2.0,0.0,residencia,sí,0.0,no,hospital B,N/D,03/08/2025,no,distrito 10,sí
medicina interna,73.0,hombre,10.0,7.0,0.0,domicilio,sí,4.0,sí,hospital F,programado,15/02/2025,si,distrito 5,no
NEUMOLOGÍA,75.0,mujer,7.0,0.0,0.0,domicilio,sí,7.0,no,hospital A,urgente,10/07/2025,no,distrito 9,sí
traumatología,64.0,mujer,16.0,2.0,0.0,domicilio,sí,4.0,no,hospital B,urgente,05/09/2024,no,distrito 5,no
cardiologia,63.0,mujer,9.0,1.0,0.0,domicilio,sí,10.0,no,hospital F,programado,29/10/2025,no,distrito 8,sí
medicina interna,64.0,hombre,10.0,4.0,2.0,residencia,no,5.0,no,hospital D,urgente,11/01/2025,si,distrito 5,no
cirugía general,85.0,mujer,17.0,2.0,0.0,hospitalización a domicilio,no,4.0,no,hospital C,programado,09/07/2025,si,distrito 1,no
traumatología,71.0,mujer,3.0,1.0,3.0,residencia,no,14.0,sí,hospital F,programado,20/01/2025,no,distrito 10,no
medicina interna,52.0,hombre,2.0,0.0,1.0,domicilio,sí,1.0,sí,hospital E,urgente,14/10/2025,no,distrito 9,no
cardiologia,80.0,mujer,3.0,3.0,0.0,domicilio,no,14.0,no,hospital D,urgente,01/04/2025,si,distrito 9,sí
cardiología,74.0,hombre,6.0,9.0,2.0,domicilio,sí,6.0,no,hospital E,urgente,16/06/2025,si,distrito 3,no
cirugía general,49.0,hombre,5.0,3.0,1.0,residencia,no,6.0,sí,hospital A,urgente,18/07/2025,si,distrito 8,no
medicina interna,56.0,hombre,3.0,2.0,1.0,domicilio,sí,2.0,sí,hospital B,programado,26/11/2024,no,distrito 4,no
cardiologia,74.0,hombre,20.0,1.0,0.0,domicilio,sí,1.0,sí,hospital B,urgente,15/11/2025,no,distrito 5,sí
medicina interna,34.0,hombre,12.0,1.0,0.0,residencia,sí,2.0,sí,hospital F,urgente,10/01/2025,no,distrito 7,no
medicina interna,73.0,mujer,3.0,1.0,0.0,domicilio,sí,6.0,no,hospital E,programado,13/07/2025,no,distrito 7,sí
  cirugía general ,56.0,hombre,12.0,1.0,0.0,domicilio,sí,5.0,sí,hospital D,urgente,19/08/2024,no,distrito 6,no
medicina interna,32.0,mujer,3.0,2.0,0.0,domicilio,no,13.0,no,hospital C,urgente,25/05/2025,si,distrito 8,sí
medicina interna,45.0,mujer,4.0,1.0,0.0,domicilio,no,6.0,no,hospital F,urgente,21/03/2025,no,distrito 6,sí
medicina interna,50.0,hombre,6.0,2.0,1.0,domicilio,no,3.0,sí,hospital D,programado,16/07/2025,no,distrito 2,sí
traumatología,90.0,hombre,9.0,2.0,0.0,domicilio,no,3.0,no,hospital B,urgente,20/11/2025,no,distrito 5,no
NEUMOLOGÍA,78.0,mujer,11.0,1.0,0.0,domicilio,sí,3.0,no,hospital B,urgente,14/12/2024,no,distrito 7,no
cirugía general,60.0,mujer,13.0,2.0,0.0,hospitalización a domicilio,sí,9.0,no,hospital A,programado,23/09/2025,no,distrito 5,no
medicina interna,58.0,hombre,6.0,1.0,3.0,domicilio,sí,2.0,no,hospital B,N/D,16/04/2025,no,distrito 6,no
medicina interna,60.0,hombre,1.0,5.0,0.0,residencia,no,0.0,no,hospital A,N/D,11/09/2025,si,distrito 5,sí
cirugia general,63.0,hombre,6.0,1.0,0.0,domicilio,sí,0.0,no,hospital C,urgente,22/11/2025,si,distrito 2,no
medicina interna,71.0,hombre,2.0,2.0,2.0,domicilio,no,3.0,no,hospital E,urgente,03/08/2025,no,distrito 3,sí
medicina interna,78.0,mujer,2.0,1.0,0.0,domicilio,sí,4.0,no,hospital E,programado,31/05/2025,no,distrito 4,no
neumologia,76.0,hombre,16.0,0.0,0.0,domicilio,no,8.0,no,hospital D,urgente,17/08/2025,no,distrito 4,no
medicina interna,68.0,hombre,5.0,13.0,0.0,domicilio,sí,2.0,no,hospital B,programado,14/03/2025,no,distrito 10,no
digestivo,70.0,hombre,7.0,4.0,0.0,domicilio,no,2.0,no,hospital C,programado,01/09/2025,no,distrito 10,sí
medicina interna,78.0,hombre,8.0,0.0,1.0,domicilio,no,8.0,no,hospital B,urgente,11/10/2025,no,distrito 4,sí
MEDICINA INTERNA,66.0,hombre,15.0,4.0,0.0,domicilio,sí,1.0,sí,hospital C,programado,14/05/2025,no,distrito 5,no
  cirugía general ,91.0,mujer,3.0,2.0,0.0,domicilio,sí,0.0,no,hospital D,urgente,13/11/2025,no,distrito 8,sí
digestivo,42.0,mujer,4.0,0.0,0.0,domicilio,sí,8.0,sí,hospital C,urgente,07/07/2024,no,distrito 6,sí
digestivo,71.0,hombre,25.0,4.0,1.0,domicilio,sí,12.0,sí,hospital F,urgente,13/03/2025,no,distrito 8,no
TRAUMATOLOGÍA,71.0,hombre,8.0,11.0,2.0,residencia,sí,3.0,no,hospital E,urgente,21/06/2025,si,distrito 10,sí
medicina interna,51.0,mujer,7.0,4.0,2.0,residencia,sí,8.0,sí,hospital D,programado,18/11/2024,no,distrito 2,no
cardiología,72.0,hombre,3.0,0.0,2.0,domicilio,no,3.0,sí,hospital A,urgente,21/06/2024,no,distrito 6,no
medicina interna,79.0,mujer,13.0,2.0,0.0,domicilio,no,6.0,no,hospital C,programado,18/07/2025,no,distrito 9,sí
medicina interna,75.0,hombre,6.0,1.0,0.0,domicilio,sí,1.0,no,hospital B,programado,08/11/2025,no,distrito 2,no
  cardiología ,61.0,mujer,5.0,4.0,0.0,domicilio,no,14.0,no,hospital A,programado,13/07/2025,no,distrito 5,sí
traumatología,61.0,hombre,5.0,0.0,2.0,domicilio,sí,9.0,no,hospital C,programado,16/09/2024,no,distrito 5,sí
cirugía general,64.0,hombre,1.0,1.0,0.0,residencia,sí,10.0,no,hospital A,urgente,14/12/2024,no,distrito 3,no
medicina interna,73.0,hombre,13.0,4.0,0.0,domicilio,no,3.0,no,hospital B,urgente,11/09/2025,no,distrito 8,sí
medicina interna,72.0,hombre,3.0,0.0,1.0,domicilio,sí,8.0,no,hospital D,N/D,20/05/2025,no,distrito 10,no
  medicina interna ,76.0,mujer,15.0,1.0,3.0,domicilio,sí,2.0,no,hospital E,urgente,25/08/2024,no,distrito 2,no
MEDICINA INTERNA,64.0,mujer,10.0,1.0,1.0,hospitalización a domicilio,sí,10.0,no,hospital E,urgente,18/11/2024,no,distrito 6,sí
cirugía general,52.0,mujer,7.0,0.0,2.0,domicilio,sí,1.0,no,hospital A,N/D,19/09/2025,no,distrito 8,sí
neumologia,24.0,hombre,3.0,5.0,0.0,domicilio,no,4.0,no,hospital C,urgente,01/05/2025,no,distrito 6,no
medicina interna,26.0,mujer,5.0,2.0,1.0,domicilio,sí,0.0,sí,hospital A,N/D,15/09/2025,no,distrito 2,sí
cardiología,100.0,mujer,8.0,6.0,4.0,residencia,sí,7.0,no,hospital B,urgente,18/09/2025,si,distrito 5,no
digestivo,49.0,mujer,25.0,2.0,1.0,domicilio,sí,8.0,no,hospital F,urgente,23/08/2025,no,distrito 10,no
cirugía general,36.0,hombre,3.0,0.0,0.0,centro de media estancia,sí,7.0,no,hospital F,urgente,06/07/2024,no,distrito 3,sí
neumología,73.0,mujer,14.0,9.0,1.0,domicilio,no,5.0,no,hospital C,programado,20/09/2025,si,distrito 10,no
cardiologia,82.0,hombre,-99.0,3.0,0.0,domicilio,no,18.0,sí,hospital C,urgente,22/06/2024,si,distrito 5,sí
cardiología,53.0,mujer,3.0,0.0,0.0,residencia,sí,4.0,no,hospital C,urgente,22/09/2024,no,distrito 1,no
medicina interna,61.0,hombre,3.0,1.0,1.0,centro de media estancia,sí,1.0,no,hospital D,programado,15/11/2024,no,distrito 8,sí
neumología,36.0,hombre,6.0,1.0,0.0,domicilio,no,4.0,no,hospital A,urgente,18/08/2024,no,distrito 1,no
neumología,82.0,mujer,14.0,2.0,0.0,domicilio,no,12.0,no,hospital F,urgente,31/08/2024,no,distrito 4,sí
cardiologia,87.0,mujer,4.0,7.0,0.0,residencia,sí,7.0,no,hospital F,urgente,14/02/2025,no,distrito 8,sí
traumatologia,79.0,hombre,6.0,5.0,2.0,domicilio,sí,6.0,sí,hospital D,urgente,11/09/2024,si,distrito 9,no
medicina interna,57.0,mujer,3.0,1.0,0.0,domicilio,sí,17.0,no,hospital C,urgente,25/02/2025,no,distrito 2,no
CARDIOLOGÍA,79.0,mujer,2.0,3.0,0.0,domicilio,sí,6.0,sí,hospital D,urgente,14/04/2025,no,distrito 6,no
digestivo,82.0,mujer,3.0,1.0,1.0,hospitalización a domicilio,sí,8.0,no,hospital B,urgente,29/06/2024,no,distrito 6,sí
NEUMOLOGÍA,97.0,hombre,9.0,0.0,1.0,domicilio,sí,4.0,sí,hospital A,urgente,13/12/2024,no,distrito 10,sí
MEDICINA INTERNA,83.0,mujer,2.0,1.0,1.0,centro de media estancia,sí,3.0,sí,hospital C,programado,24/09/2025,no,distrito 7,no
cardiología,55.0,mujer,5.0,5.0,0.0,hospitalización a domicilio,no,3.0,no,hospital F,programado,10/07/2025,no,distrito 10,no
  medicina interna ,64.0,mujer,3.0,0.0,0.0,hospitalización a domicilio,no,9.0,no,hospital A,programado,07/02/2025,no,distrito 9,no
medicina interna,50.0,hombre,1.0,1.0,1.0,domicilio,sí,0.0,no,hospital B,urgente,10/05/2025,no,distrito 9,sí
cardiología,78.0,hombre,7.0,1.0,0.0,domicilio,sí,4.0,sí,hospital C,urgente,06/07/2024,no,distrito 1,sí
cirugía general,59.0,hombre,3.0,7.0,3.0,hospitalización a domicilio,no,4.0,sí,hospital C,programado,03/05/2025,si,distrito 9,sí
neumología,66.0,mujer,15.0,1.0,0.0,domicilio,no,2.0,no,hospital D,urgente,28/08/2024,no,distrito 7,no
NEUMOLOGÍA,47.0,hombre,7.0,1.0,0.0,domicilio,no,8.0,sí,hospital A,urgente,17/09/2025,no,distrito 3,sí
medicina interna,82.0,hombre,2.0,1.0,0.0,domicilio,no,6.0,no,hospital F,programado,03/06/2024,no,distrito 7,sí
  medicina interna ,67.0,mujer,3.0,0.0,0.0,domicilio,no,1.0,sí,hospital E,urgente,11/08/2024,no,distrito 2,sí
neumología,81.0,hombre,16.0,2.0,1.0,domicilio,sí,2.0,no,hospital C,programado,16/07/2025,si,distrito 3,sí
traumatología,83.0,hombre,3.0,4.0,0.0,residencia,sí,6.0,sí,hospital F,programado,11/01/2025,no,distrito 10,sí
neumología,60.0,hombre,-99.0,1.0,5.0,domicilio,sí,4.0,sí,hospital A,programado,31/01/2025,no,distrito 7,sí
neumología,48.0,mujer,6.0,1.0,1.0,domicilio,sí,6.0,sí,hospital F,urgente,20/02/2025,no,distrito 7,no
MEDICINA INTERNA,83.0,mujer,7.0,3.0,1.0,domicilio,sí,3.0,sí,hospital D,programado,02/11/2025,no,distrito 3,sí
cardiología,50.0,mujer,6.0,4.0,1.0,domicilio,sí,6.0,no,hospital B,urgente,11/07/2025,no,distrito 8,sí
traumatología,76.0,hombre,8.0,1.0,2.0,domicilio,sí,13.0,no,hospital C,programado,31/07/2024,no,distrito 9,no
cirugía general,66.0,mujer,11.0,4.0,3.0,domicilio,no,10.0,no,hospital B,urgente,10/08/2024,si,distrito 8,no
medicina interna,67.0,mujer,4.0,11.0,0.0,domicilio,sí,8.0,sí,hospital D,urgente,14/02/2025,si,distrito 8,sí
cardiología,93.0,hombre,14.0,3.0,0.0,domicilio,sí,5.0,no,hospital E,N/D,12/07/2024,no,distrito 2,no
cirugía general,86.0,mujer,7.0,3.0,0.0,residencia,sí,10.0,sí,hospital B,urgente,17/07/2025,si,distrito 1,sí
  neumología ,71.0,hombre,1.0,0.0,0.0,domicilio,no,2.0,no,hospital C,urgente,11/11/2025,no,distrito 3,no
traumatología,38.0,mujer,17.0,2.0,0.0,domicilio,no,8.0,no,hospital E,urgente,20/07/2024,no,distrito 8,sí
traumatología,79.0,mujer,4.0,0.0,0.0,domicilio,sí,10.0,no,hospital A,urgente,10/10/2024,no,distrito 5,no
  medicina interna ,50.0,mujer,5.0,1.0,1.0,domicilio,sí,0.0,no,hospital D,programado,15/04/2025,no,distrito 10,no
neumología,99.0,hombre,6.0,5.0,1.0,domicilio,no,10.0,no,hospital E,urgente,30/09/2025,no,distrito 2,sí
traumatología,64.0,mujer,14.0,3.0,1.0,domicilio,sí,4.0,no,hospital B,urgente,17/06/2024,no,distrito 2,no
  cirugía general ,56.0,mujer,-99.0,6.0,0.0,centro de media estancia,no,12.0,no,hospital E,urgente,11/09/2024,no,distrito 8,no
digestivo,71.0,mujer,5.0,6.0,2.0,hospitalización a domicilio,no,15.0,no,hospital D,urgente,11/10/2025,si,distrito 9,sí
medicina interna,74.0,mujer,3.0,0.0,0.0,domicilio,sí,1.0,no,hospital E,programado,23/07/2025,no,distrito 8,sí
traumatologia,73.0,mujer,6.0,0.0,0.0,domicilio,no,5.0,sí,hospital B,urgente,22/11/2024,no,distrito 2,no
medicina interna,18.0,mujer,-99.0,4.0,0.0,centro de media estancia,sí,13.0,no,hospital E,programado,16/07/2025,no,distrito 5,no
  cardiología ,71.0,hombre,16.0,1.0,0.0,domicilio,sí,2.0,sí,hospital C,urgente,03/08/2025,no,distrito 1,no
traumatología,57.0,hombre,6.0,11.0,1.0,domicilio,sí,1.0,sí,hospital C,programado,22/05/2025,si,distrito 2,no
medicina interna,61.0,hombre,3.0,0.0,3.0,domicilio,sí,6.0,sí,hospital F,urgente,30/04/2025,no,distrito 2,no
digestivo,55.0,hombre,26.0,9.0,1.0,residencia,no,4.0,no,hospital B,urgente,29/09/2025,si,distrito 7,no
cardiología,37.0,hombre,3.0,3.0,0.0,domicilio,no,0.0,no,hospital B,urgente,04/11/2024,no,distrito 10,no
neumología,91.0,mujer,7.0,2.0,0.0,residencia,sí,5.0,no,hospital E,programado,18/03/2025,si,distrito 3,no
cardiología,33.0,mujer,4.0,0.0,1.0,domicilio,sí,2.0,sí,hospital E,urgente,30/05/2025,no,distrito 7,no
neumología,43.0,mujer,3.0,0.0,1.0,domicilio,sí,15.0,no,hospital A,urgente,23/07/2025,no,distrito 9,no
MEDICINA INTERNA,97.0,hombre,32.0,4.0,0.0,domicilio,no,4.0,no,hospital F,urgente,09/06/2024,no,distrito 6,no
medicina interna,71.0,hombre,7.0,1.0,0.0,centro de media estancia,no,5.0,no,hospital A,N/D,12/07/2025,no,distrito 5,no
traumatología,64.0,mujer,9.0,2.0,1.0,domicilio,no,7.0,sí,hospital B,programado,27/02/2025,no,distrito 5,no
cardiología,58.0,hombre,7.0,3.0,1.0,residencia,sí,4.0,no,hospital D,urgente,18/09/2024,si,distrito 5,no
digestivo,67.0,hombre,6.0,4.0,1.0,domicilio,no,1.0,no,hospital A,programado,17/06/2024,si,distrito 5,no
medicina interna,86.0,hombre,8.0,1.0,0.0,domicilio,no,6.0,no,hospital B,urgente,11/03/2025,no,distrito 2,no
cardiología,59.0,mujer,2.0,2.0,0.0,centro de media estancia,sí,1.0,no,hospital A,urgente,26/12/2024,si,distrito 6,no
MEDICINA INTERNA,78.0,hombre,8.0,0.0,0.0,domicilio,no,5.0,no,hospital B,N/D,22/10/2024,no,distrito 2,no
cirugía general,68.0,mujer,1.0,1.0,0.0,domicilio,sí,3.0,no,hospital B,programado,15/11/2025,no,distrito 10,sí
traumatología,49.0,hombre,3.0,2.0,0.0,domicilio,sí,0.0,no,hospital E,urgente,28/08/2024,no,distrito 5,no
neumología,69.0,hombre,1.0,0.0,1.0,domicilio,sí,5.0,no,hospital F,urgente,10/01/2025,no,distrito 10,no
traumatología,94.0,mujer,14.0,2.0,1.0,domicilio,sí,2.0,no,hospital B,urgente,17/07/2024,no,distrito 5,sí
DIGESTIVO,58.0,hombre,2.0,1.0,0.0,centro de media estancia,no,2.0,no,hospital B,programado,16/10/2024,no,distrito 2,sí
cirugia general,74.0,mujer,10.0,3.0,0.0,domicilio,no,11.0,no,hospital B,programado,26/10/2025,no,distrito 2,sí
medicina interna,80.0,hombre,7.0,3.0,0.0,domicilio,no,3.0,no,hospital C,urgente,28/07/2024,no,distrito 5,sí
cirugía general,69.0,mujer,12.0,1.0,0.0,domicilio,sí,12.0,no,hospital E,urgente,30/09/2025,no,distrito 2,no
medicina interna,62.0,mujer,15.0,1.0,0.0,domicilio,sí,5.0,no,hospital B,urgente,06/02/2025,no,distrito 5,sí
  cardiología ,74.0,mujer,10.0,0.0,0.0,domicilio,no,6.0,no,hospital F,urgente,27/06/2024,no,distrito 9,no
traumatología,100.0,mujer,2.0,4.0,0.0,domicilio,no,5.0,no,hospital D,urgente,27/05/2025,no,distrito 4,no
medicina interna,68.0,hombre,4.0,1.0,2.0,domicilio,no,11.0,no,hospital B,urgente,24/05/2025,no,distrito 4,sí
neumología,61.0,mujer,21.0,1.0,1.0,centro de media estancia,sí,10.0,no,hospital C,programado,16/10/2024,no,distrito 4,sí
medicina interna,61.0,mujer,5.0,3.0,2.0,centro de media estancia,sí,9.0,sí,hospital C,urgente,20/09/2024,no,distrito 10,sí
MEDICINA INTERNA,61.0,hombre,3.0,0.0,1.0,hospitalización a domicilio,no,3.0,no,hospital F,programado,05/02/2025,si,distrito 3,no
cirugía general,52.0,mujer,15.0,4.0,0.0,domicilio,sí,5.0,no,hospital D,programado,11/10/2025,no,distrito 1,no
cardiología,81.0,mujer,2.0,1.0,0.0,centro de media estancia,no,4.0,sí,hospital D,urgente,07/09/2025,no,distrito 1,sí
neumología,73.0,mujer,1.0,0.0,1.0,domicilio,no,6.0,sí,hospital C,urgente,15/03/2025,no,distrito 2,no
medicina interna,80.0,mujer,11.0,0.0,2.0,residencia,no,9.0,no,hospital B,urgente,31/01/2025,si,distrito 6,sí
  medicina interna ,88.0,hombre,8.0,2.0,0.0,domicilio,sí,7.0,no,hospital E,urgente,28/06/2024,no,distrito 5,sí
traumatología,65.0,mujer,7.0,0.0,1.0,domicilio,no,5.0,sí,hospital F,urgente,26/12/2024,no,distrito 10,no
  medicina interna ,63.0,hombre,5.0,2.0,0.0,residencia,sí,3.0,no,hospital E,N/D,12/06/2025,no,distrito 4,no
cardiología,50.0,hombre,8.0,3.0,0.0,domicilio,sí,4.0,no,hospital E,N/D,07/02/2025,no,distrito 2,sí
cardiología,75.0,mujer,13.0,1.0,0.0,domicilio,sí,15.0,sí,hospital E,urgente,25/06/2025,no,distrito 7,sí
  medicina interna ,76.0,mujer,5.0,3.0,0.0,domicilio,sí,2.0,no,hospital E,programado,02/11/2025,no,distrito 4,no
medicina interna,82.0,hombre,3.0,3.0,0.0,centro de media estancia,sí,5.0,sí,hospital F,urgente,27/08/2024,no,distrito 1,no
traumatologia,63.0,hombre,10.0,3.0,0.0,domicilio,sí,5.0,no,hospital E,programado,14/01/2025,no,distrito 1,sí
cardiología,61.0,mujer,12.0,0.0,0.0,domicilio,sí,3.0,no,hospital D,urgente,11/02/2025,no,distrito 1,sí
cirugía general,52.0,mujer,1.0,1.0,0.0,domicilio,no,4.0,no,hospital C,programado,18/01/2025,no,distrito 5,no
digestivo,51.0,mujer,6.0,2.0,0.0,domicilio,sí,6.0,no,hospital A,programado,13/10/2024,no,distrito 4,no
neumología,69.0,mujer,9.0,6.0,0.0,domicilio,sí,3.0,no,hospital B,N/D,01/08/2024,no,distrito 4,no
  neumología ,56.0,mujer,6.0,1.0,0.0,domicilio,no,0.0,no,hospital C,urgente,30/08/2025,no,distrito 3,sí
neumología,55.0,mujer,6.0,4.0,2.0,domicilio,sí,5.0,no,hospital D,urgente,12/08/2024,no,distrito 3,sí
medicina interna,61.0,hombre,13.0,1.0,0.0,domicilio,sí,11.0,no,hospital C,programado,05/03/2025,no,distrito 10,no
neumología,47.0,mujer,4.0,2.0,0.0,domicilio,sí,8.0,no,hospital F,programado,28/07/2024,no,distrito 3,no
  cardiología ,61.0,mujer,3.0,2.0,1.0,domicilio,no,5.0,no,hospital E,urgente,10/01/2025,no,distrito 2,no
  digestivo ,68.0,hombre,3.0,14.0,1.0,domicilio,sí,15.0,no,hospital F,programado,22/06/2024,no,distrito 9,sí
cardiología,61.0,hombre,3.0,3.0,0.0,domicilio,sí,1.0,no,hospital C,urgente,16/12/2024,no,distrito 9,no
  medicina interna ,75.0,hombre,17.0,0.0,0.0,domicilio,sí,11.0,no,hospital A,urgente,05/02/2025,no,distrito 5,no
neumología,40.0,hombre,2.0,0.0,1.0,domicilio,sí,4.0,no,hospital F,urgente,16/04/2025,no,distrito 8,no
cardiología,52.0,mujer,5.0,4.0,0.0,domicilio,sí,1.0,no,hospital D,urgente,14/01/2025,no,distrito 3,sí
TRAUMATOLOGÍA,62.0,mujer,4.0,9.0,0.0,domicilio,sí,7.0,no,hospital D,urgente,26/10/2024,si,distrito 9,no
medicina interna,59.0,hombre,9.0,1.0,0.0,domicilio,sí,12.0,no,hospital F,programado,31/01/2025,no,distrito 1,no
  cardiología ,60.0,hombre,22.0,3.0,0.0,residencia,no,6.0,no,hospital B,programado,21/06/2024,no,distrito 1,no
neumología,55.0,hombre,0.0,0.0,0.0,hospitalización a domicilio,sí,1.0,no,hospital B,urgente,18/05/2025,no,distrito 3,sí
medicina interna,27.0,mujer,25.0,5.0,0.0,domicilio,sí,6.0,no,hospital A,urgente,11/03/2025,no,distrito 2,no
neumología,59.0,hombre,7.0,0.0,0.0,domicilio,no,18.0,no,hospital E,programado,16/08/2025,no,distrito 8,no
cirugía general,77.0,mujer,3.0,12.0,0.0,domicilio,no,6.0,sí,hospital E,urgente,04/09/2024,si,distrito 2,no
neumología,72.0,mujer,7.0,6.0,4.0,domicilio,sí,5.0,sí,hospital A,urgente,06/09/2025,si,distrito 1,no
MEDICINA INTERNA,68.0,mujer,12.0,1.0,0.0,hospitalización a domicilio,no,7.0,no,hospital D,urgente,11/07/2024,no,distrito 10,no
TRAUMATOLOGÍA,54.0,hombre,4.0,5.0,1.0,domicilio,sí,5.0,no,hospital E,urgente,13/11/2024,no,distrito 6,no
  neumología ,63.0,mujer,9.0,3.0,0.0,domicilio,no,5.0,no,hospital B,programado,01/03/2025,no,distrito 5,no
cirugía general,78.0,hombre,10.0,2.0,0.0,domicilio,no,11.0,no,hospital D,urgente,04/10/2024,no,distrito 3,sí
medicina interna,61.0,hombre,17.0,3.0,0.0,domicilio,no,0.0,sí,hospital A,programado,19/05/2025,no,distrito 4,no
digestivo,72.0,mujer,2.0,2.0,0.0,residencia,no,10.0,sí,hospital B,programado,01/09/2025,no,distrito 8,no
cardiología,84.0,hombre,4.0,3.0,1.0,domicilio,sí,11.0,sí,hospital D,programado,27/07/2024,no,distrito 1,sí
DIGESTIVO,63.0,mujer,6.0,0.0,0.0,domicilio,sí,1.0,no,hospital E,urgente,01/07/2024,no,distrito 10,no
neumología,62.0,mujer,16.0,0.0,0.0,residencia,no,2.0,sí,hospital A,programado,24/06/2024,no,distrito 10,sí
  traumatología ,77.0,hombre,7.0,1.0,0.0,domicilio,no,6.0,no,hospital A,programado,29/11/2024,no,distrito 10,sí
traumatología,60.0,hombre,3.0,0.0,1.0,domicilio,sí,10.0,no,hospital A,urgente,25/09/2024,no,distrito 9,sí
medicina interna,67.0,hombre,2.0,1.0,0.0,domicilio,no,12.0,sí,hospital B,programado,21/01/2025,no,distrito 5,sí
cirugia general,44.0,mujer,3.0,3.0,0.0,domicilio,sí,5.0,sí,hospital D,urgente,23/10/2024,no,distrito 6,no
cirugía general,50.0,hombre,6.0,2.0,0.0,domicilio,no,10.0,sí,hospital C,urgente,18/05/2025,no,distrito 10,no
TRAUMATOLOGÍA,58.0,mujer,3.0,0.0,0.0,domicilio,no,3.0,no,hospital A,urgente,22/07/2024,no,distrito 4,sí
traumatología,77.0,mujer,7.0,1.0,1.0,hospitalización a domicilio,sí,8.0,sí,hospital D,programado,19/08/2024,no,distrito 1,sí
neumologia,49.0,mujer,5.0,7.0,0.0,residencia,no,4.0,sí,hospital A,urgente,19/04/2025,si,distrito 3,no
cardiología,83.0,hombre,13.0,0.0,0.0,domicilio,sí,1.0,no,hospital D,urgente,11/12/2024,no,distrito 8,no
cardiología,68.0,mujer,7.0,4.0,0.0,domicilio,sí,14.0,no,hospital B,programado,09/04/2025,si,distrito 3,no
DIGESTIVO,74.0,hombre,4.0,3.0,0.0,domicilio,sí,6.0,no,hospital A,programado,30/04/2025,no,distrito 9,no
medicina interna,74.0,hombre,9.0,3.0,1.0,domicilio,sí,4.0,no,hospital D,urgente,15/07/2024,no,distrito 4,no
  medicina interna ,69.0,mujer,13.0,0.0,1.0,hospitalización a domicilio,sí,12.0,sí,hospital C,urgente,21/07/2024,no,distrito 8,no
  traumatología ,63.0,hombre,5.0,0.0,0.0,domicilio,sí,2.0,sí,hospital A,urgente,01/12/2024,no,distrito 6,no
traumatología,95.0,mujer,1.0,1.0,0.0,domicilio,no,15.0,no,hospital F,programado,31/07/2025,no,distrito 9,no
digestivo,48.0,mujer,7.0,1.0,0.0,domicilio,sí,8.0,no,hospital A,programado,07/10/2025,no,distrito 2,no
CIRUGÍA GENERAL,60.0,hombre,2.0,2.0,0.0,domicilio,sí,3.0,no,hospital F,urgente,23/09/2025,no,distrito 10,no
traumatología,68.0,mujer,2.0,0.0,0.0,residencia,sí,9.0,no,hospital E,urgente,23/07/2024,no,distrito 9,no
neumología,43.0,hombre,1.0,2.0,3.0,domicilio,no,0.0,no,hospital D,programado,07/09/2024,si,distrito 8,no
  traumatología ,71.0,mujer,4.0,10.0,0.0,domicilio,no,1.0,sí,hospital C,urgente,03/11/2024,si,distrito 7,no
neumología,84.0,hombre,6.0,4.0,1.0,domicilio,sí,9.0,no,hospital F,urgente,15/08/2025,no,distrito 1,sí
cardiología,55.0,hombre,9.0,1.0,0.0,domicilio,no,3.0,no,hospital F,urgente,10/10/2024,no,distrito 3,no
medicina interna,42.0,hombre,8.0,0.0,3.0,domicilio,no,4.0,no,hospital B,programado,10/08/2024,no,distrito 6,sí
  cardiología ,59.0,hombre,11.0,0.0,0.0,domicilio,sí,6.0,no,hospital E,urgente,25/02/2025,no,distrito 5,sí
cirugía general,71.0,hombre,8.0,0.0,0.0,domicilio,sí,5.0,no,hospital D,programado,23/10/2024,no,distrito 5,sí
cirugía general,85.0,mujer,15.0,1.0,0.0,residencia,no,11.0,no,hospital A,urgente,02/12/2024,no,distrito 10,no
  traumatología ,71.0,hombre,-99.0,3.0,0.0,domicilio,sí,2.0,no,hospital C,urgente,09/07/2024,no,distrito 2,no
CIRUGÍA GENERAL,70.0,hombre,11.0,5.0,0.0,domicilio,sí,3.0,no,hospital C,programado,21/07/2024,no,distrito 2,no
medicina interna,72.0,hombre,5.0,10.0,0.0,residencia,no,5.0,no,hospital D,urgente,08/07/2024,si,distrito 3,no
MEDICINA INTERNA,62.0,mujer,12.0,2.0,2.0,domicilio,sí,10.0,no,hospital F,programado,30/07/2024,no,distrito 4,sí
medicina interna,67.0,hombre,11.0,2.0,3.0,domicilio,sí,2.0,no,hospital E,urgente,20/10/2024,no,distrito 4,sí
medicina interna,71.0,mujer,3.0,1.0,1.0,domicilio,no,6.0,no,hospital C,urgente,22/05/2025,no,distrito 2,sí
cirugía general,65.0,hombre,6.0,2.0,0.0,domicilio,sí,3.0,no,hospital D,programado,15/06/2025,no,distrito 7,no
  digestivo ,80.0,hombre,4.0,5.0,0.0,domicilio,sí,5.0,no,hospital A,urgente,25/10/2024,no,distrito 4,no
cardiología,63.0,mujer,11.0,0.0,0.0,residencia,sí,6.0,no,hospital C,urgente,09/09/2025,no,distrito 3,no
medicina interna,71.0,mujer,7.0,7.0,0.0,domicilio,sí,5.0,no,hospital C,programado,01/09/2024,si,distrito 2,sí
cirugía general,59.0,mujer,-99.0,0.0,1.0,domicilio,sí,7.0,no,hospital B,urgente,24/05/2025,no,distrito 10,no
CARDIOLOGÍA,89.0,hombre,3.0,1.0,0.0,domicilio,sí,3.0,no,hospital C,urgente,16/10/2025,no,distrito 7,sí
neumología,59.0,hombre,10.0,1.0,0.0,residencia,no,11.0,no,hospital D,urgente,20/01/2025,no,distrito 8,no
TRAUMATOLOGÍA,68.0,hombre,3.0,1.0,0.0,centro de media estancia,sí,5.0,no,hospital F,urgente,15/08/2024,no,distrito 2,sí
neumología,73.0,mujer,8.0,3.0,0.0,residencia,sí,0.0,no,hospital E,programado,14/03/2025,no,distrito 1,no
medicina interna,73.0,mujer,8.0,0.0,0.0,domicilio,sí,10.0,sí,hospital A,programado,15/09/2024,no,distrito 2,no
neumología,100.0,hombre,9.0,1.0,0.0,domicilio,sí,12.0,sí,hospital E,urgente,09/01/2025,si,distrito 7,sí
cirugía general,83.0,mujer,11.0,0.0,0.0,domicilio,sí,6.0,no,hospital C,urgente,11/07/2024,no,distrito 5,no
neumología,69.0,mujer,6.0,4.0,0.0,domicilio,no,22.0,sí,hospital C,programado,05/10/2024,no,distrito 4,sí
cardiología,79.0,mujer,9.0,4.0,0.0,domicilio,no,5.0,no,hospital E,urgente,30/11/2024,no,distrito 5,no
neumología,58.0,mujer,11.0,0.0,0.0,centro de media estancia,no,3.0,no,hospital A,urgente,04/07/2024,no,distrito 5,sí
medicina interna,78.0,mujer,10.0,9.0,1.0,domicilio,sí,6.0,no,hospital D,programado,30/08/2024,no,distrito 2,no
TRAUMATOLOGÍA,55.0,hombre,5.0,2.0,0.0,domicilio,sí,7.0,sí,hospital F,urgente,13/02/2025,no,distrito 10,no
medicina interna,60.0,mujer,1.0,2.0,0.0,domicilio,sí,2.0,no,hospital D,urgente,09/10/2025,no,distrito 3,sí
DIGESTIVO,73.0,hombre,9.0,2.0,0.0,domicilio,no,5.0,no,hospital A,urgente,22/12/2024,no,distrito 3,no
medicina interna,39.0,hombre,14.0,0.0,0.0,domicilio,no,5.0,no,hospital D,urgente,04/07/2025,no,distrito 6,no
medicina interna,63.0,hombre,9.0,5.0,4.0,domicilio,no,2.0,no,hospital D,programado,08/09/2025,si,distrito 5,no
cardiología,84.0,hombre,7.0,4.0,2.0,hospitalización a domicilio,sí,8.0,no,hospital D,urgente,04/06/2024,si,distrito 1,no
  neumología ,70.0,hombre,1.0,7.0,0.0,residencia,sí,7.0,no,hospital C,programado,08/06/2025,si,distrito 1,sí
traumatologia,53.0,hombre,7.0,1.0,0.0,domicilio,sí,8.0,no,hospital C,urgente,19/09/2025,no,distrito 7,sí
medicina interna,37.0,hombre,3.0,6.0,1.0,domicilio,no,2.0,sí,hospital C,urgente,25/09/2025,si,distrito 3,no
  digestivo ,54.0,hombre,11.0,2.0,4.0,domicilio,sí,3.0,no,hospital E,programado,04/07/2024,no,distrito 5,sí
medicina interna,56.0,hombre,4.0,5.0,0.0,domicilio,no,1.0,no,hospital E,programado,21/11/2024,no,distrito 3,no
medicina interna,73.0,hombre,-99.0,0.0,1.0,domicilio,no,1.0,no,hospital E,programado,24/06/2024,no,distrito 6,no
NEUMOLOGÍA,50.0,mujer,5.0,1.0,1.0,domicilio,no,3.0,no,hospital A,urgente,01/09/2025,no,distrito 7,no
cirugia general,36.0,mujer,4.0,1.0,0.0,domicilio,sí,10.0,no,hospital A,programado,05/02/2025,no,distrito 4,no
CARDIOLOGÍA,49.0,hombre,1.0,1.0,0.0,hospitalización a domicilio,no,4.0,no,hospital E,urgente,15/10/2025,no,distrito 1,sí
  neumología ,46.0,hombre,11.0,4.0,0.0,domicilio,sí,1.0,no,hospital C,urgente,13/01/2025,no,distrito 4,no
medicina interna,61.0,mujer,-99.0,11.0,0.0,domicilio,sí,3.0,no,hospital D,urgente,05/10/2025,si,distrito 1,no
medicina interna,86.0,hombre,9.0,1.0,0.0,domicilio,sí,8.0,sí,hospital C,urgente,29/10/2024,no,distrito 8,no
TRAUMATOLOGÍA,51.0,mujer,10.0,3.0,0.0,domicilio,no,3.0,sí,hospital E,urgente,20/11/2024,no,distrito 1,no
cirugía general,52.0,mujer,5.0,1.0,0.0,domicilio,sí,8.0,sí,hospital F,urgente,21/11/2025,no,distrito 6,sí
NEUMOLOGÍA,60.0,mujer,12.0,1.0,1.0,residencia,sí,4.0,no,hospital B,urgente,10/11/2025,no,distrito 4,no
cardiología,39.0,hombre,4.0,2.0,1.0,domicilio,sí,10.0,sí,hospital F,programado,17/12/2024,no,distrito 8,sí
CARDIOLOGÍA,75.0,hombre,6.0,1.0,0.0,domicilio,sí,2.0,sí,hospital F,urgente,01/10/2025,no,distrito 4,sí
MEDICINA INTERNA,43.0,mujer,2.0,0.0,1.0,domicilio,sí,2.0,sí,hospital C,programado,28/01/2025,no,distrito 10,no
  digestivo ,59.0,mujer,4.0,1.0,0.0,domicilio,sí,13.0,no,hospital F,urgente,05/09/2024,no,distrito 5,no
neumología,57.0,hombre,2.0,3.0,0.0,hospitalización a domicilio,sí,6.0,no,hospital A,urgente,05/09/2025,no,distrito 2,no
traumatologia,84.0,hombre,4.0,0.0,0.0,domicilio,sí,4.0,no,hospital E,urgente,13/10/2024,no,distrito 8,no
medicina interna,18.0,hombre,7.0,1.0,0.0,residencia,sí,8.0,no,hospital A,urgente,18/05/2025,no,distrito 8,no
  medicina interna ,52.0,mujer,14.0,1.0,1.0,domicilio,no,10.0,no,hospital A,urgente,03/11/2025,no,distrito 9,no
digestivo,62.0,hombre,5.0,0.0,1.0,centro de media estancia,sí,4.0,no,hospital E,urgente,05/11/2024,no,distrito 5,no
neumología,61.0,hombre,8.0,4.0,0.0,domicilio,sí,3.0,no,hospital E,urgente,16/02/2025,no,distrito 1,no
medicina interna,84.0,hombre,4.0,1.0,0.0,domicilio,no,4.0,sí,hospital F,urgente,22/03/2025,no,distrito 1,sí
cirugía general,81.0,hombre,3.0,4.0,1.0,domicilio,sí,8.0,no,hospital D,urgente,22/02/2025,no,distrito 10,no
medicina interna,48.0,mujer,6.0,0.0,0.0,domicilio,sí,8.0,no,hospital D,urgente,29/08/2024,no,distrito 3,no
neumología,39.0,hombre,8.0,0.0,0.0,domicilio,sí,1.0,no,hospital C,urgente,12/10/2025,no,distrito 8,no
traumatología,67.0,mujer,-99.0,1.0,0.0,domicilio,no,12.0,no,hospital C,programado,25/06/2024,no,distrito 2,no
medicina interna,65.0,hombre,5.0,4.0,0.0,domicilio,sí,11.0,sí,hospital C,urgente,24/01/2025,no,distrito 10,sí
medicina interna,61.0,mujer,5.0,1.0,1.0,domicilio,sí,9.0,no,hospital F,urgente,28/07/2024,no,distrito 2,no
DIGESTIVO,64.0,hombre,5.0,1.0,0.0,domicilio,no,6.0,no,hospital D,urgente,23/06/2024,no,distrito 5,sí
CARDIOLOGÍA,61.0,hombre,17.0,4.0,0.0,domicilio,sí,5.0,no,hospital C,programado,25/09/2025,no,distrito 1,no
traumatología,23.0,hombre,2.0,0.0,0.0,domicilio,sí,5.0,no,hospital A,programado,03/10/2024,no,distrito 6,sí
medicina interna,61.0,mujer,7.0,1.0,0.0,domicilio,no,5.0,no,hospital D,urgente,25/03/2025,no,distrito 7,sí
neumologia,63.0,hombre,3.0,1.0,0.0,domicilio,sí,1.0,no,hospital F,programado,11/02/2025,no,distrito 1,no
medicina interna,75.0,mujer,-99.0,5.0,0.0,domicilio,no,5.0,no,hospital A,urgente,30/08/2024,si,distrito 6,no
cirugía general,60.0,mujer,14.0,1.0,0.0,domicilio,no,3.0,no,hospital E,urgente,13/10/2025,no,distrito 2,sí
cardiología,67.0,mujer,8.0,2.0,0.0,domicilio,no,14.0,sí,hospital F,urgente,08/10/2024,no,distrito 2,no
neumología,74.0,hombre,1.0,6.0,0.0,hospitalización a domicilio,sí,4.0,no,hospital A,programado,07/11/2024,no,distrito 1,no
cardiología,42.0,hombre,12.0,2.0,0.0,residencia,sí,6.0,no,hospital A,urgente,11/11/2025,no,distrito 2,no
neumología,66.0,mujer,6.0,4.0,0.0,domicilio,no,1.0,no,hospital F,urgente,16/10/2025,no,distrito 3,no
traumatología,49.0,mujer,4.0,4.0,1.0,residencia,no,5.0,no,hospital C,urgente,09/10/2024,no,distrito 8,sí
cirugia general,62.0,mujer,6.0,1.0,0.0,domicilio,no,2.0,no,hospital A,urgente,05/07/2024,no,distrito 8,no
CIRUGÍA GENERAL,88.0,hombre,5.0,0.0,1.0,domicilio,no,2.0,no,hospital C,programado,12/11/2024,no,distrito 6,no
traumatología,23.0,mujer,6.0,1.0,0.0,residencia,no,5.0,no,hospital F,programado,06/11/2024,no,distrito 6,no
neumología,54.0,hombre,8.0,1.0,0.0,centro de media estancia,sí,1.0,sí,hospital F,N/D,14/04/2025,no,distrito 4,sí
cirugía general,70.0,hombre,9.0,5.0,2.0,hospitalización a domicilio,sí,5.0,no,hospital F,urgente,01/11/2025,no,distrito 2,sí
cirugía general,100.0,hombre,6.0,7.0,0.0,domicilio,sí,0.0,no,hospital F,urgente,12/11/2024,si,distrito 6,sí
digestivo,66.0,mujer,3.0,0.0,0.0,domicilio,sí,6.0,sí,hospital A,urgente,31/03/2025,no,distrito 3,no
cardiologia,77.0,mujer,7.0,3.0,2.0,domicilio,no,4.0,sí,hospital F,urgente,01/08/2024,no,distrito 10,no
medicina interna,85.0,mujer,10.0,1.0,0.0,domicilio,sí,7.0,no,hospital E,urgente,26/07/2025,no,distrito 5,sí
traumatología,63.0,hombre,-99.0,3.0,0.0,hospitalización a domicilio,no,12.0,no,hospital A,urgente,12/06/2024,no,distrito 2,sí
cardiología,52.0,mujer,4.0,0.0,1.0,domicilio,no,14.0,no,hospital C,urgente,18/07/2025,no,distrito 5,no
  cirugía general ,70.0,hombre,4.0,0.0,0.0,domicilio,sí,4.0,no,hospital F,programado,27/07/2024,no,distrito 7,sí
cirugía general,92.0,hombre,-99.0,6.0,0.0,hospitalización a domicilio,no,4.0,no,hospital C,urgente,07/06/2025,no,distrito 6,no
digestivo,41.0,mujer,20.0,1.0,1.0,centro de media estancia,no,3.0,no,hospital C,urgente,08/11/2024,no,distrito 1,no
cirugía general,53.0,mujer,8.0,0.0,0.0,hospitalización a domicilio,sí,9.0,sí,hospital E,urgente,30/01/2025,no,distrito 1,sí
traumatología,54.0,hombre,25.0,3.0,1.0,domicilio,sí,0.0,sí,hospital B,urgente,31/07/2025,no,distrito 4,sí
  medicina interna ,78.0,hombre,6.0,3.0,0.0,domicilio,sí,8.0,sí,hospital C,programado,08/08/2024,no,distrito 5,sí
cirugía general,36.0,hombre,6.0,0.0,3.0,hospitalización a domicilio,sí,5.0,no,hospital C,programado,25/09/2024,no,distrito 5,sí
traumatología,73.0,mujer,2.0,4.0,1.0,domicilio,no,10.0,no,hospital F,urgente,27/06/2025,no,distrito 5,no
medicina interna,74.0,mujer,1.0,3.0,0.0,domicilio,no,2.0,no,hospital D,urgente,02/09/2024,si,distrito 8,no
  medicina interna ,58.0,hombre,-99.0,4.0,0.0,residencia,sí,11.0,no,hospital A,urgente,24/11/2024,no,distrito 10,no
traumatologia,58.0,hombre,6.0,3.0,0.0,domicilio,sí,11.0,no,hospital B,urgente,06/04/2025,no,distrito 10,sí
medicina interna,68.0,mujer,9.0,0.0,1.0,domicilio,sí,2.0,no,hospital D,urgente,18/03/2025,no,distrito 4,sí
neumología,38.0,mujer,10.0,1.0,0.0,domicilio,sí,10.0,no,hospital B,urgente,07/07/2024,no,distrito 2,no
neumología,55.0,hombre,3.0,5.0,0.0,domicilio,no,7.0,no,hospital D,urgente,03/09/2024,no,distrito 6,no
cardiologia,46.0,hombre,13.0,4.0,0.0,domicilio,no,2.0,no,hospital B,programado,14/10/2025,no,distrito 8,sí
medicina interna,100.0,hombre,5.0,6.0,1.0,domicilio,sí,6.0,no,hospital E,urgente,21/10/2025,si,distrito 3,sí
cardiología,60.0,hombre,3.0,2.0,0.0,residencia,sí,12.0,no,hospital E,programado,29/11/2024,no,distrito 9,no
cirugia general,48.0,mujer,4.0,2.0,0.0,domicilio,no,21.0,sí,hospital F,urgente,23/12/2024,no,distrito 2,no
CIRUGÍA GENERAL,65.0,hombre,2.0,0.0,1.0,domicilio,sí,8.0,no,hospital C,programado,17/09/2024,no,distrito 2,sí
cardiología,57.0,mujer,2.0,4.0,2.0,domicilio,sí,3.0,no,hospital C,urgente,26/07/2024,no,distrito 9,no
  traumatología ,83.0,mujer,7.0,2.0,7.0,domicilio,sí,4.0,sí,hospital F,urgente,18/06/2025,no,distrito 9,no
neumologia,43.0,hombre,5.0,1.0,0.0,domicilio,no,13.0,sí,hospital D,urgente,01/09/2025,no,distrito 8,no
digestivo,25.0,hombre,-99.0,2.0,0.0,residencia,no,2.0,no,hospital C,urgente,09/05/2025,no,distrito 5,no
neumología,54.0,hombre,3.0,5.0,1.0,domicilio,sí,0.0,no,hospital D,urgente,29/04/2025,si,distrito 1,no
medicina interna,56.0,hombre,6.0,3.0,3.0,domicilio,sí,1.0,no,hospital C,urgente,23/09/2025,no,distrito 6,no
medicina interna,55.0,mujer,3.0,0.0,3.0,domicilio,no,3.0,no,hospital F,urgente,19/11/2024,no,distrito 4,sí
medicina interna,46.0,mujer,10.0,5.0,3.0,domicilio,sí,14.0,no,hospital B,urgente,18/05/2025,si,distrito 9,no
cardiología,75.0,mujer,14.0,0.0,0.0,domicilio,no,1.0,sí,hospital E,programado,05/01/2025,no,distrito 6,no
digestivo,44.0,hombre,2.0,1.0,0.0,residencia,sí,9.0,no,hospital C,programado,31/08/2025,no,distrito 5,sí
traumatología,60.0,hombre,1.0,8.0,1.0,domicilio,sí,7.0,no,hospital C,urgente,13/03/2025,no,distrito 8,no
cirugia general,57.0,hombre,13.0,6.0,1.0,domicilio,sí,2.0,no,hospital F,urgente,17/05/2025,no,distrito 9,no
medicina interna,77.0,hombre,8.0,1.0,0.0,domicilio,sí,8.0,no,hospital D,urgente,07/09/2024,no,distrito 2,no
neumología,85.0,hombre,9.0,0.0,0.0,domicilio,sí,6.0,sí,hospital E,urgente,22/10/2024,no,distrito 2,sí
cirugía general,57.0,mujer,15.0,0.0,0.0,domicilio,sí,7.0,sí,hospital F,programado,07/03/2025,no,distrito 1,sí
medicina interna,94.0,mujer,-99.0,3.0,1.0,hospitalización a domicilio,sí,1.0,no,hospital C,programado,26/03/2025,no,distrito 10,no
traumatologia,87.0,hombre,5.0,0.0,2.0,domicilio,no,2.0,no,hospital F,urgente,11/09/2025,no,distrito 10,no
neumología,88.0,hombre,1.0,1.0,0.0,domicilio,sí,1.0,no,hospital E,N/D,27/10/2025,no,distrito 1,no
medicina interna,70.0,hombre,6.0,2.0,1.0,centro de media estancia,sí,4.0,sí,hospital E,programado,20/04/2025,no,distrito 10,sí
NEUMOLOGÍA,87.0,hombre,2.0,2.0,0.0,centro de media estancia,sí,7.0,no,hospital E,urgente,07/09/2025,si,distrito 8,no
medicina interna,47.0,hombre,-99.0,8.0,0.0,domicilio,sí,0.0,no,hospital E,urgente,07/11/2024,si,distrito 9,sí
cardiología,43.0,mujer,5.0,2.0,0.0,residencia,sí,3.0,no,hospital C,programado,28/08/2024,no,distrito 9,no
cirugía general,60.0,hombre,7.0,1.0,0.0,domicilio,sí,8.0,no,hospital D,urgente,01/08/2025,no,distrito 3,no
medicina interna,86.0,hombre,3.0,1.0,3.0,domicilio,no,2.0,no,hospital D,urgente,18/09/2025,no,distrito 6,no
medicina interna,86.0,hombre,8.0,1.0,0.0,domicilio,no,1.0,no,hospital A,urgente,05/06/2024,no,distrito 2,sí
neumología,82.0,mujer,12.0,5.0,2.0,domicilio,no,5.0,sí,hospital E,urgente,01/04/2025,no,distrito 1,sí
cardiología,84.0,hombre,8.0,5.0,0.0,domicilio,no,2.0,sí,hospital A,programado,23/07/2025,si,distrito 1,no
  cirugía general ,65.0,mujer,-99.0,1.0,0.0,domicilio,no,2.0,no,hospital E,urgente,05/08/2025,no,distrito 5,sí
  cirugía general ,58.0,hombre,-99.0,0.0,0.0,centro de media estancia,sí,9.0,sí,hospital F,programado,30/08/2025,no,distrito 3,no
neumología,69.0,mujer,1.0,6.0,0.0,domicilio,sí,6.0,no,hospital C,urgente,28/06/2025,no,distrito 10,sí
neumología,56.0,mujer,5.0,1.0,1.0,domicilio,no,16.0,no,hospital A,urgente,10/08/2024,no,distrito 9,no
cirugía general,57.0,mujer,19.0,1.0,1.0,domicilio,sí,5.0,no,hospital B,programado,19/06/2025,no,distrito 7,no
medicina interna,39.0,hombre,4.0,4.0,1.0,domicilio,no,9.0,no,hospital A,urgente,13/05/2025,no,distrito 10,sí
  cardiología ,84.0,hombre,9.0,12.0,0.0,domicilio,no,10.0,no,hospital E,urgente,13/02/2025,si,distrito 1,no
TRAUMATOLOGÍA,87.0,mujer,1.0,3.0,0.0,residencia,sí,15.0,sí,hospital F,urgente,04/10/2024,no,distrito 9,sí
cardiología,87.0,hombre,6.0,0.0,0.0,domicilio,no,5.0,no,hospital E,programado,15/09/2024,no,distrito 2,no
cirugía general,86.0,mujer,11.0,3.0,0.0,domicilio,sí,7.0,no,hospital F,programado,23/02/2025,no,distrito 6,no
traumatología,48.0,hombre,2.0,0.0,3.0,hospitalización a domicilio,no,4.0,no,hospital C,programado,24/05/2025,no,distrito 10,sí
medicina interna,51.0,hombre,7.0,0.0,1.0,domicilio,sí,4.0,no,hospital A,N/D,29/06/2025,no,distrito 3,no
cirugía general,50.0,hombre,2.0,2.0,1.0,domicilio,no,1.0,no,hospital A,programado,04/11/2025,no,distrito 3,no
traumatología,52.0,hombre,12.0,3.0,0.0,domicilio,sí,13.0,no,hospital D,urgente,26/07/2025,no,distrito 1,no
traumatología,34.0,hombre,6.0,1.0,0.0,centro de media estancia,sí,9.0,no,hospital E,urgente,02/12/2024,no,distrito 8,sí
CIRUGÍA GENERAL,96.0,mujer,1.0,0.0,1.0,domicilio,no,1.0,sí,hospital B,urgente,05/08/2025,no,distrito 8,no
CIRUGÍA GENERAL,36.0,hombre,9.0,6.0,0.0,centro de media estancia,sí,7.0,no,hospital D,urgente,15/09/2025,no,distrito 10,sí
cirugía general,35.0,hombre,12.0,1.0,2.0,domicilio,no,0.0,sí,hospital C,urgente,02/03/2025,no,distrito 10,no
  neumología ,79.0,mujer,1.0,2.0,0.0,domicilio,no,3.0,no,hospital B,urgente,01/03/2025,no,distrito 4,sí
cardiología,80.0,hombre,2.0,1.0,0.0,domicilio,sí,10.0,sí,hospital D,programado,10/06/2025,no,distrito 6,sí
digestivo,93.0,mujer,1.0,0.0,2.0,domicilio,no,5.0,no,hospital B,urgente,04/03/2025,no,distrito 4,sí
medicina interna,64.0,hombre,8.0,12.0,0.0,domicilio,sí,5.0,no,hospital A,urgente,26/07/2024,no,distrito 10,no
medicina interna,75.0,mujer,6.0,10.0,0.0,domicilio,no,15.0,no,hospital D,urgente,23/08/2024,si,distrito 2,sí
traumatología,100.0,mujer,2.0,0.0,0.0,domicilio,no,7.0,no,hospital F,programado,06/10/2025,no,distrito 4,sí
traumatologia,69.0,hombre,7.0,2.0,0.0,domicilio,sí,6.0,no,hospital E,urgente,30/08/2024,no,distrito 4,no
digestivo,71.0,hombre,6.0,3.0,2.0,domicilio,sí,1.0,no,hospital D,urgente,25/03/2025,no,distrito 9,no
digestivo,61.0,mujer,7.0,4.0,1.0,residencia,no,3.0,no,hospital C,programado,06/04/2025,si,distrito 7,no
medicina interna,61.0,mujer,8.0,0.0,0.0,domicilio,no,9.0,no,hospital F,programado,17/02/2025,no,distrito 2,no
traumatología,68.0,hombre,1.0,1.0,0.0,domicilio,no,6.0,sí,hospital C,programado,06/07/2025,no,distrito 1,no
cirugía general,73.0,hombre,4.0,2.0,0.0,residencia,no,7.0,no,hospital E,urgente,15/01/2025,no,distrito 6,no
neumologia,53.0,mujer,17.0,1.0,1.0,domicilio,sí,6.0,no,hospital A,urgente,09/07/2024,no,distrito 3,no
digestivo,64.0,mujer,-99.0,3.0,0.0,residencia,sí,11.0,no,hospital D,urgente,20/08/2025,no,distrito 3,sí
medicina interna,59.0,hombre,6.0,1.0,0.0,domicilio,sí,5.0,no,hospital C,urgente,08/06/2024,no,distrito 7,no
MEDICINA INTERNA,92.0,hombre,1.0,7.0,0.0,domicilio,sí,5.0,sí,hospital D,urgente,30/08/2024,si,distrito 8,no
cirugia general,60.0,hombre,7.0,1.0,0.0,domicilio,no,6.0,no,hospital A,urgente,08/09/2025,no,distrito 4,sí
  neumología ,68.0,hombre,3.0,1.0,0.0,residencia,sí,2.0,no,hospital E,urgente,01/10/2025,no,distrito 9,no
neumología,78.0,hombre,3.0,8.0,1.0,domicilio,no,7.0,no,hospital A,urgente,12/09/2024,si,distrito 5,no
neumología,57.0,mujer,8.0,3.0,4.0,hospitalización a domicilio,sí,1.0,no,hospital F,programado,03/08/2024,no,distrito 6,sí
traumatología,46.0,mujer,12.0,1.0,0.0,domicilio,sí,10.0,no,hospital C,urgente,02/10/2025,no,distrito 7,no
digestivo,41.0,hombre,6.0,1.0,0.0,domicilio,no,5.0,no,hospital F,urgente,30/12/2024,no,distrito 9,no
medicina interna,79.0,hombre,12.0,1.0,0.0,domicilio,sí,10.0,no,hospital E,urgente,27/08/2024,no,distrito 1,sí
digestivo,42.0,hombre,3.0,1.0,3.0,residencia,sí,0.0,no,hospital A,urgente,11/12/2024,no,distrito 5,no
neumología,49.0,hombre,2.0,6.0,2.0,domicilio,sí,3.0,no,hospital B,urgente,08/02/2025,si,distrito 9,sí
cardiología,59.0,hombre,7.0,1.0,0.0,hospitalización a domicilio,sí,4.0,no,hospital E,urgente,28/06/2024,no,distrito 4,sí
digestivo,63.0,hombre,6.0,3.0,0.0,residencia,no,10.0,no,hospital A,urgente,29/09/2024,no,distrito 8,sí
digestivo,72.0,hombre,11.0,7.0,1.0,domicilio,sí,7.0,no,hospital C,urgente,22/06/2025,no,distrito 7,no
medicina interna,61.0,mujer,4.0,2.0,1.0,domicilio,no,2.0,no,hospital E,urgente,28/08/2024,no,distrito 6,no
medicina interna,83.0,mujer,12.0,1.0,0.0,domicilio,sí,2.0,no,hospital B,programado,27/01/2025,no,distrito 7,no
cardiología,69.0,hombre,1.0,0.0,0.0,domicilio,no,10.0,no,hospital E,urgente,21/10/2024,no,distrito 9,sí
neumología,100.0,mujer,4.0,0.0,1.0,hospitalización a domicilio,no,2.0,no,hospital E,programado,08/11/2025,no,distrito 9,no
cardiología,67.0,mujer,-99.0,3.0,1.0,centro de media estancia,sí,1.0,no,hospital D,urgente,31/08/2025,no,distrito 9,no
cirugía general,79.0,mujer,2.0,7.0,4.0,hospitalización a domicilio,no,1.0,no,hospital C,N/D,04/04/2025,no,distrito 10,no
cirugía general,33.0,mujer,10.0,1.0,2.0,domicilio,no,3.0,sí,hospital F,urgente,16/04/2025,no,distrito 2,sí
cirugía general,57.0,mujer,8.0,0.0,0.0,domicilio,no,18.0,no,hospital B,urgente,16/07/2024,no,distrito 10,no
cirugía general,61.0,mujer,7.0,4.0,0.0,centro de media estancia,no,5.0,sí,hospital B,programado,07/11/2024,no,distrito 10,no
  traumatología ,64.0,hombre,1.0,2.0,2.0,domicilio,no,10.0,no,hospital C,urgente,09/07/2024,no,distrito 6,sí
cardiología,58.0,mujer,7.0,0.0,0.0,domicilio,sí,8.0,sí,hospital C,programado,04/04/2025,no,distrito 1,no
TRAUMATOLOGÍA,46.0,hombre,2.0,0.0,1.0,domicilio,no,16.0,no,hospital A,N/D,05/02/2025,no,distrito 8,no
TRAUMATOLOGÍA,75.0,hombre,6.0,1.0,0.0,domicilio,no,2.0,no,hospital E,urgente,17/06/2024,no,distrito 7,sí
cardiología,54.0,hombre,5.0,4.0,0.0,domicilio,no,1.0,no,hospital D,programado,24/11/2024,no,distrito 1,no
neumología,71.0,hombre,11.0,1.0,0.0,domicilio,no,7.0,sí,hospital F,programado,01/06/2024,no,distrito 6,sí
medicina interna,74.0,hombre,8.0,3.0,3.0,domicilio,sí,3.0,sí,hospital A,programado,16/03/2025,no,distrito 1,sí
cirugía general,55.0,mujer,8.0,1.0,0.0,domicilio,sí,5.0,no,hospital A,programado,15/01/2025,no,distrito 9,sí
medicina interna,76.0,mujer,5.0,0.0,0.0,centro de media estancia,sí,7.0,no,hospital D,urgente,14/02/2025,no,distrito 1,sí
cirugía general,60.0,mujer,3.0,0.0,2.0,domicilio,no,2.0,no,hospital C,programado,15/12/2024,no,distrito 3,sí
medicina interna,81.0,mujer,7.0,7.0,0.0,domicilio,no,2.0,sí,hospital E,urgente,11/01/2025,si,distrito 5,sí
cardiología,36.0,hombre,5.0,3.0,0.0,domicilio,sí,4.0,no,hospital E,urgente,17/09/2025,no,distrito 3,sí
cirugía general,60.0,mujer,18.0,1.0,1.0,domicilio,sí,5.0,no,hospital E,urgente,08/08/2024,no,distrito 1,no
traumatología,41.0,mujer,3.0,3.0,0.0,domicilio,sí,5.0,no,hospital A,programado,21/10/2024,no,distrito 10,sí
neumología,73.0,mujer,-99.0,1.0,2.0,domicilio,no,3.0,no,hospital B,urgente,06/07/2025,no,distrito 1,no
medicina interna,90.0,mujer,-99.0,0.0,0.0,domicilio,sí,10.0,no,hospital B,N/D,11/12/2024,no,distrito 5,sí
cardiología,86.0,hombre,3.0,0.0,0.0,domicilio,sí,4.0,no,hospital F,urgente,07/12/2024,no,distrito 7,sí
cirugía general,100.0,hombre,12.0,2.0,0.0,domicilio,sí,2.0,no,hospital C,programado,26/04/2025,no,distrito 8,sí
neumología,58.0,mujer,9.0,0.0,1.0,domicilio,no,7.0,no,hospital B,urgente,18/11/2025,no,distrito 4,sí
cirugía general,70.0,mujer,6.0,20.0,0.0,domicilio,no,2.0,sí,hospital B,N/D,12/10/2024,si,distrito 4,no
cirugía general,28.0,hombre,7.0,0.0,0.0,domicilio,sí,4.0,no,hospital C,urgente,04/09/2025,no,distrito 6,sí
medicina interna,86.0,mujer,3.0,0.0,2.0,domicilio,sí,3.0,no,hospital B,urgente,03/09/2024,no,distrito 4,sí
medicina interna,54.0,hombre,1.0,11.0,1.0,centro de media estancia,sí,4.0,no,hospital C,urgente,01/07/2025,si,distrito 10,sí
neumología,62.0,hombre,5.0,4.0,0.0,domicilio,sí,2.0,no,hospital F,urgente,28/10/2024,no,distrito 8,no
  cirugía general ,75.0,mujer,6.0,4.0,2.0,domicilio,sí,4.0,no,hospital E,N/D,03/05/2025,si,distrito 4,no
CARDIOLOGÍA,78.0,hombre,13.0,4.0,0.0,residencia,sí,10.0,sí,hospital C,urgente,14/02/2025,no,distrito 8,sí
medicina interna,60.0,hombre,5.0,1.0,0.0,domicilio,no,2.0,no,hospital C,urgente,14/08/2024,no,distrito 5,no
  traumatología ,85.0,hombre,4.0,0.0,0.0,domicilio,no,6.0,no,hospital B,urgente,01/02/2025,no,distrito 3,sí
  traumatología ,72.0,mujer,-99.0,2.0,0.0,domicilio,sí,4.0,no,hospital D,urgente,14/08/2025,no,distrito 7,sí
digestivo,52.0,mujer,3.0,0.0,0.0,domicilio,sí,2.0,no,hospital C,urgente,09/09/2025,no,distrito 6,sí
cirugía general,72.0,hombre,4.0,2.0,0.0,domicilio,no,11.0,no,hospital D,urgente,29/08/2025,no,distrito 6,sí
  traumatología ,75.0,mujer,-99.0,7.0,3.0,domicilio,sí,7.0,no,hospital F,urgente,18/08/2024,si,distrito 4,sí
medicina interna,59.0,mujer,8.0,2.0,0.0,domicilio,sí,9.0,no,hospital C,urgente,03/11/2025,no,distrito 10,sí
medicina interna,55.0,mujer,4.0,0.0,0.0,domicilio,sí,9.0,no,hospital E,urgente,06/06/2025,no,distrito 6,sí
  medicina interna ,69.0,hombre,7.0,3.0,2.0,centro de media estancia,sí,1.0,no,hospital E,urgente,20/10/2025,no,distrito 3,no
medicina interna,47.0,mujer,6.0,3.0,3.0,domicilio,sí,2.0,sí,hospital F,urgente,29/09/2024,no,distrito 9,no
medicina interna,46.0,mujer,2.0,1.0,1.0,centro de media estancia,no,6.0,sí,hospital B,programado,06/09/2025,no,distrito 10,no
cirugía general,60.0,mujer,8.0,0.0,2.0,domicilio,sí,1.0,no,hospital B,programado,25/09/2024,no,distrito 5,sí
medicina interna,69.0,hombre,1.0,4.0,1.0,domicilio,no,7.0,sí,hospital B,urgente,24/12/2024,no,distrito 8,no
traumatología,53.0,hombre,17.0,1.0,0.0,domicilio,no,3.0,sí,hospital D,urgente,20/01/2025,no,distrito 5,no
traumatología,95.0,mujer,2.0,1.0,0.0,domicilio,sí,15.0,no,hospital C,programado,06/08/2024,no,distrito 4,sí
neumología,42.0,mujer,3.0,1.0,0.0,residencia,sí,7.0,no,hospital A,urgente,12/07/2025,no,distrito 2,no
digestivo,94.0,hombre,4.0,7.0,1.0,domicilio,sí,4.0,no,hospital B,programado,12/11/2024,si,distrito 8,no
medicina interna,46.0,mujer,5.0,13.0,0.0,domicilio,no,8.0,no,hospital F,N/D,11/05/2025,no,distrito 10,sí
neumología,58.0,hombre,6.0,5.0,1.0,domicilio,no,0.0,no,hospital E,urgente,01/10/2024,si,distrito 1,no
  medicina interna ,57.0,mujer,10.0,4.0,0.0,domicilio,no,1.0,no,hospital F,programado,20/12/2024,no,distrito 3,sí
digestivo,90.0,hombre,8.0,1.0,0.0,domicilio,sí,4.0,no,hospital B,urgente,07/06/2024,no,distrito 4,no
neumología,58.0,hombre,3.0,4.0,0.0,domicilio,sí,6.0,no,hospital A,programado,02/10/2025,si,distrito 3,no
traumatología,74.0,mujer,7.0,1.0,0.0,domicilio,sí,12.0,no,hospital A,urgente,09/09/2025,no,distrito 3,no
TRAUMATOLOGÍA,52.0,hombre,6.0,1.0,0.0,domicilio,sí,13.0,sí,hospital E,urgente,22/01/2025,no,distrito 6,sí
neumología,85.0,mujer,3.0,2.0,0.0,domicilio,sí,4.0,no,hospital D,urgente,04/08/2024,no,distrito 4,sí
traumatología,57.0,mujer,3.0,6.0,1.0,domicilio,sí,9.0,sí,hospital F,programado,07/07/2024,si,distrito 3,no
cardiología,98.0,mujer,1.0,1.0,0.0,domicilio,sí,15.0,no,hospital E,urgente,31/08/2024,no,distrito 1,sí
CIRUGÍA GENERAL,56.0,mujer,5.0,2.0,0.0,domicilio,sí,3.0,no,hospital D,programado,27/08/2025,no,distrito 2,sí
traumatología,71.0,mujer,8.0,6.0,3.0,residencia,no,3.0,sí,hospital C,programado,30/06/2024,si,distrito 2,no
traumatología,75.0,mujer,2.0,0.0,0.0,domicilio,sí,6.0,sí,hospital A,urgente,29/04/2025,no,distrito 5,no
  neumología ,85.0,mujer,5.0,1.0,3.0,hospitalización a domicilio,sí,7.0,sí,hospital D,urgente,08/06/2024,no,distrito 8,sí
cardiología,40.0,mujer,5.0,6.0,0.0,domicilio,sí,1.0,no,hospital D,N/D,11/12/2024,no,distrito 3,no
cirugia general,54.0,hombre,9.0,1.0,0.0,domicilio,sí,11.0,sí,hospital D,programado,28/01/2025,no,distrito 1,no
neumología,62.0,hombre,7.0,5.0,0.0,hospitalización a domicilio,sí,9.0,no,hospital E,urgente,05/09/2024,no,distrito 1,no
traumatología,46.0,hombre,-99.0,2.0,0.0,domicilio,sí,9.0,no,hospital F,urgente,30/10/2024,no,distrito 4,sí
medicina interna,80.0,hombre,17.0,2.0,0.0,domicilio,sí,3.0,no,hospital F,urgente,26/10/2024,no,distrito 7,no
traumatologia,46.0,hombre,6.0,4.0,0.0,domicilio,sí,0.0,no,hospital F,programado,13/05/2025,no,distrito 5,sí
digestivo,67.0,hombre,4.0,2.0,0.0,domicilio,sí,10.0,sí,hospital C,programado,21/07/2024,no,distrito 6,no
medicina interna,54.0,hombre,9.0,1.0,0.0,residencia,sí,0.0,no,hospital D,urgente,25/09/2024,no,distrito 6,sí
medicina interna,68.0,mujer,11.0,0.0,0.0,domicilio,sí,7.0,no,hospital B,urgente,09/08/2025,no,distrito 7,no
cardiología,18.0,mujer,11.0,2.0,4.0,domicilio,sí,4.0,sí,hospital A,urgente,08/06/2025,no,distrito 7,sí
traumatología,49.0,mujer,10.0,0.0,0.0,hospitalización a domicilio,sí,6.0,no,hospital C,programado,09/06/2024,no,distrito 8,sí
cardiología,68.0,hombre,7.0,1.0,0.0,domicilio,sí,4.0,sí,hospital E,programado,17/01/2025,no,distrito 1,sí
  neumología ,63.0,hombre,4.0,0.0,3.0,domicilio,no,8.0,no,hospital A,urgente,15/11/2025,no,distrito 10,sí
CIRUGÍA GENERAL,49.0,mujer,1.0,2.0,0.0,domicilio,sí,6.0,no,hospital B,programado,23/10/2024,no,distrito 8,sí
CIRUGÍA GENERAL,80.0,hombre,6.0,2.0,1.0,hospitalización a domicilio,sí,4.0,sí,hospital B,urgente,17/06/2025,no,distrito 7,no
cardiología,89.0,mujer,9.0,5.0,0.0,domicilio,sí,0.0,no,hospital F,urgente,18/04/2025,si,distrito 6,no
cardiología,61.0,mujer,12.0,0.0,1.0,domicilio,sí,9.0,no,hospital D,urgente,13/09/2024,no,distrito 2,no
medicina interna,85.0,mujer,15.0,1.0,1.0,domicilio,no,6.0,sí,hospital C,programado,27/01/2025,no,distrito 8,sí
cirugía general,57.0,hombre,4.0,8.0,1.0,domicilio,no,5.0,no,hospital A,urgente,20/08/2025,si,distrito 4,no
cirugía general,51.0,mujer,4.0,6.0,0.0,domicilio,sí,1.0,no,hospital C,urgente,19/09/2024,no,distrito 8,sí
  traumatología ,58.0,hombre,8.0,0.0,2.0,domicilio,sí,2.0,no,hospital D,urgente,05/01/2025,no,distrito 3,no
  medicina interna ,48.0,hombre,9.0,1.0,0.0,hospitalización a domicilio,sí,4.0,no,hospital F,programado,28/07/2025,no,distrito 5,sí
CARDIOLOGÍA,53.0,hombre,4.0,0.0,0.0,hospitalización a domicilio,no,5.0,no,hospital C,urgente,23/04/2025,no,distrito 9,no
medicina interna,65.0,hombre,2.0,4.0,0.0,domicilio,sí,1.0,no,hospital E,programado,16/02/2025,no,distrito 10,no
MEDICINA INTERNA,64.0,hombre,15.0,0.0,0.0,domicilio,sí,7.0,sí,hospital D,urgente,04/11/2024,no,distrito 5,sí
NEUMOLOGÍA,75.0,mujer,12.0,1.0,0.0,domicilio,no,4.0,no,hospital A,urgente,31/07/2024,no,distrito 6,no
cardiología,93.0,hombre,4.0,0.0,1.0,domicilio,sí,11.0,no,hospital B,urgente,06/10/2025,no,distrito 9,no
neumologia,59.0,hombre,5.0,1.0,0.0,domicilio,no,3.0,sí,hospital B,urgente,07/10/2024,si,distrito 1,no
medicina interna,59.0,hombre,11.0,4.0,1.0,domicilio,no,10.0,sí,hospital D,urgente,02/10/2025,no,distrito 2,no
cardiologia,56.0,hombre,-99.0,0.0,0.0,domicilio,sí,7.0,no,hospital A,urgente,21/11/2025,no,distrito 6,no
medicina interna,77.0,hombre,1.0,1.0,3.0,domicilio,no,12.0,sí,hospital E,programado,01/06/2024,no,distrito 1,sí
medicina interna,67.0,mujer,9.0,2.0,1.0,residencia,sí,3.0,no,hospital B,urgente,05/09/2025,no,distrito 3,no
cirugía general,83.0,hombre,5.0,4.0,0.0,domicilio,no,3.0,no,hospital E,urgente,03/09/2024,no,distrito 9,no
cardiología,87.0,hombre,0.0,0.0,0.0,domicilio,sí,4.0,sí,hospital A,urgente,05/06/2024,no,distrito 6,sí
medicina interna,58.0,hombre,5.0,1.0,1.0,hospitalización a domicilio,no,1.0,no,hospital F,urgente,18/04/2025,no,distrito 7,no
digestivo,77.0,mujer,9.0,1.0,0.0,domicilio,sí,3.0,no,hospital C,urgente,01/11/2024,no,distrito 10,no
medicina interna,41.0,mujer,7.0,0.0,0.0,domicilio,no,2.0,sí,hospital E,programado,05/10/2025,no,distrito 4,no
cirugía general,58.0,mujer,1.0,1.0,4.0,domicilio,no,6.0,no,hospital C,urgente,12/09/2025,no,distrito 7,no
traumatología,57.0,hombre,3.0,1.0,0.0,residencia,no,8.0,no,hospital E,urgente,02/07/2025,no,distrito 3,sí
cirugía general,91.0,hombre,9.0,0.0,0.0,domicilio,no,2.0,no,hospital E,programado,16/07/2024,no,distrito 10,no
medicina interna,69.0,mujer,1.0,2.0,2.0,domicilio,sí,1.0,no,hospital B,urgente,16/04/2025,si,distrito 1,sí
traumatología,76.0,hombre,5.0,2.0,0.0,centro de media estancia,sí,7.0,no,hospital D,programado,14/08/2024,no,distrito 9,no
cirugía general,71.0,mujer,3.0,3.0,1.0,domicilio,sí,6.0,no,hospital E,programado,19/10/2025,no,distrito 8,no
medicina interna,81.0,mujer,4.0,7.0,0.0,hospitalización a domicilio,sí,6.0,no,hospital B,urgente,22/08/2024,no,distrito 1,no
medicina interna,100.0,hombre,5.0,4.0,0.0,domicilio,sí,1.0,sí,hospital F,urgente,28/08/2024,si,distrito 5,no
cardiologia,64.0,hombre,3.0,0.0,0.0,residencia,sí,2.0,sí,hospital B,urgente,14/12/2024,no,distrito 7,sí
medicina interna,61.0,hombre,6.0,1.0,1.0,domicilio,sí,10.0,no,hospital D,urgente,21/11/2024,no,distrito 7,sí
  cardiología ,52.0,hombre,7.0,0.0,0.0,domicilio,no,4.0,no,hospital F,programado,30/10/2024,no,distrito 10,no
CIRUGÍA GENERAL,67.0,mujer,6.0,0.0,0.0,domicilio,no,5.0,no,hospital A,urgente,24/08/2025,no,distrito 2,no
NEUMOLOGÍA,51.0,mujer,6.0,4.0,0.0,domicilio,no,1.0,no,hospital A,programado,06/05/2025,si,distrito 6,sí
  medicina interna ,37.0,mujer,1.0,0.0,1.0,domicilio,sí,12.0,no,hospital B,programado,28/03/2025,no,distrito 4,no
medicina interna,90.0,hombre,6.0,0.0,2.0,domicilio,no,3.0,no,hospital E,programado,22/07/2024,no,distrito 9,sí
digestivo,59.0,hombre,9.0,0.0,0.0,residencia,sí,4.0,no,hospital F,urgente,09/12/2024,no,distrito 3,no
cirugía general,62.0,hombre,6.0,3.0,1.0,hospitalización a domicilio,no,8.0,no,hospital C,programado,09/06/2024,si,distrito 4,sí
neumología,91.0,hombre,12.0,2.0,1.0,domicilio,sí,3.0,no,hospital E,urgente,08/09/2024,no,distrito 4,no
digestivo,72.0,hombre,13.0,4.0,0.0,residencia,sí,8.0,no,hospital A,programado,29/03/2025,no,distrito 7,sí
neumología,61.0,mujer,9.0,0.0,0.0,domicilio,sí,10.0,no,hospital A,urgente,08/10/2024,no,distrito 5,sí
digestivo,62.0,mujer,-99.0,7.0,0.0,hospitalización a domicilio,sí,3.0,sí,hospital A,urgente,13/01/2025,no,distrito 1,no
cardiología,49.0,hombre,3.0,1.0,2.0,domicilio,no,5.0,no,hospital B,programado,05/06/2025,no,distrito 3,no
neumología,87.0,mujer,3.0,2.0,1.0,residencia,sí,7.0,no,hospital D,programado,04/08/2024,no,distrito 8,no
  digestivo ,81.0,hombre,8.0,1.0,0.0,domicilio,no,8.0,no,hospital A,urgente,05/09/2024,no,distrito 7,sí
medicina interna,76.0,mujer,12.0,0.0,0.0,domicilio,no,12.0,no,hospital D,urgente,25/09/2024,no,distrito 8,no
  traumatología ,81.0,hombre,10.0,1.0,0.0,domicilio,sí,12.0,no,hospital E,programado,06/11/2024,no,distrito 8,no
medicina interna,74.0,hombre,12.0,7.0,3.0,residencia,no,13.0,sí,hospital D,urgente,18/10/2024,si,distrito 1,sí
medicina interna,65.0,hombre,7.0,1.0,0.0,domicilio,no,4.0,sí,hospital B,urgente,28/12/2024,no,distrito 7,sí
NEUMOLOGÍA,64.0,hombre,14.0,1.0,0.0,domicilio,no,10.0,no,hospital C,programado,14/11/2024,no,distrito 4,no
digestivo,89.0,hombre,12.0,2.0,1.0,domicilio,sí,7.0,sí,hospital A,urgente,30/07/2024,no,distrito 7,no
traumatología,72.0,hombre,8.0,3.0,0.0,domicilio,sí,5.0,no,hospital A,urgente,18/06/2024,no,distrito 4,sí
digestivo,79.0,mujer,4.0,2.0,0.0,domicilio,no,4.0,no,hospital A,urgente,04/01/2025,no,distrito 4,no
cirugía general,32.0,hombre,12.0,0.0,1.0,domicilio,sí,6.0,no,hospital B,programado,13/03/2025,no,distrito 10,no
traumatología,59.0,hombre,14.0,2.0,0.0,domicilio,sí,4.0,no,hospital B,urgente,02/06/2025,no,distrito 5,no
  cirugía general ,57.0,hombre,3.0,1.0,0.0,domicilio,sí,3.0,no,hospital A,urgente,08/09/2024,no,distrito 6,no
cirugía general,97.0,mujer,7.0,3.0,0.0,domicilio,sí,7.0,no,hospital E,urgente,09/06/2025,no,distrito 2,no
medicina interna,68.0,mujer,3.0,0.0,0.0,domicilio,no,4.0,no,hospital E,urgente,22/06/2024,no,distrito 4,no
traumatología,94.0,mujer,10.0,5.0,0.0,residencia,sí,10.0,no,hospital F,programado,29/01/2025,no,distrito 4,no
traumatología,56.0,hombre,11.0,2.0,0.0,residencia,no,8.0,no,hospital F,urgente,27/02/2025,no,distrito 8,no
medicina interna,42.0,hombre,9.0,2.0,0.0,domicilio,sí,7.0,sí,hospital E,urgente,26/06/2025,no,distrito 5,no
DIGESTIVO,63.0,mujer,8.0,3.0,0.0,domicilio,sí,5.0,no,hospital E,urgente,04/08/2025,no,distrito 7,no
cardiología,58.0,mujer,1.0,0.0,1.0,residencia,no,1.0,sí,hospital D,urgente,19/09/2024,no,distrito 6,sí
medicina interna,78.0,hombre,2.0,2.0,1.0,domicilio,sí,9.0,sí,hospital F,urgente,09/10/2024,no,distrito 5,no
medicina interna,51.0,hombre,1.0,1.0,1.0,domicilio,no,2.0,sí,hospital F,urgente,19/09/2024,no,distrito 5,no
traumatología,70.0,mujer,2.0,6.0,1.0,domicilio,no,12.0,no,hospital B,urgente,16/08/2025,no,distrito 1,sí
medicina interna,84.0,hombre,0.0,1.0,0.0,domicilio,no,5.0,no,hospital A,urgente,23/07/2024,no,distrito 1,no
digestivo,78.0,hombre,3.0,2.0,0.0,domicilio,sí,3.0,sí,hospital E,programado,01/07/2024,no,distrito 1,no
  traumatología ,94.0,mujer,7.0,6.0,0.0,domicilio,no,7.0,sí,hospital D,urgente,06/05/2025,si,distrito 4,sí
digestivo,85.0,hombre,8.0,0.0,0.0,domicilio,no,5.0,no,hospital A,programado,19/01/2025,no,distrito 9,no
medicina interna,48.0,hombre,5.0,1.0,0.0,domicilio,sí,4.0,sí,hospital C,programado,25/04/2025,no,distrito 3,no
cardiología,48.0,hombre,5.0,0.0,1.0,hospitalización a domicilio,no,17.0,sí,hospital A,N/D,05/05/2025,no,distrito 4,no
cirugia general,59.0,mujer,5.0,3.0,0.0,hospitalización a domicilio,sí,1.0,sí,hospital F,urgente,21/05/2025,no,distrito 8,no
CARDIOLOGÍA,35.0,hombre,4.0,0.0,1.0,domicilio,no,14.0,no,hospital B,urgente,28/08/2024,no,distrito 6,sí
medicina interna,56.0,mujer,3.0,0.0,0.0,domicilio,no,13.0,sí,hospital D,urgente,22/12/2024,no,distrito 1,no
medicina interna,74.0,hombre,6.0,5.0,0.0,domicilio,sí,8.0,no,hospital F,programado,22/10/2025,no,distrito 5,sí
CIRUGÍA GENERAL,35.0,mujer,7.0,2.0,0.0,domicilio,no,5.0,sí,hospital B,urgente,29/07/2024,no,distrito 4,no
cirugía general,78.0,mujer,11.0,2.0,0.0,domicilio,no,6.0,sí,hospital F,urgente,20/12/2024,no,distrito 8,sí
neumología,71.0,mujer,6.0,2.0,0.0,domicilio,sí,4.0,no,hospital B,urgente,20/10/2024,no,distrito 9,no
medicina interna,58.0,mujer,16.0,0.0,0.0,domicilio,no,5.0,sí,hospital A,N/D,13/08/2024,no,distrito 3,no
cardiología,77.0,hombre,2.0,0.0,0.0,residencia,sí,5.0,no,hospital A,programado,25/03/2025,no,distrito 9,no
cirugía general,78.0,mujer,1.0,6.0,3.0,domicilio,no,1.0,sí,hospital E,programado,24/06/2024,no,distrito 6,no
neumología,68.0,hombre,14.0,3.0,0.0,domicilio,no,15.0,no,hospital D,urgente,22/05/2025,si,distrito 3,no
digestivo,94.0,mujer,1.0,6.0,0.0,hospitalización a domicilio,sí,5.0,no,hospital F,urgente,20/10/2025,no,distrito 9,sí
medicina interna,100.0,mujer,13.0,1.0,0.0,domicilio,sí,10.0,no,hospital C,urgente,10/05/2025,no,distrito 7,no
NEUMOLOGÍA,60.0,hombre,3.0,1.0,1.0,domicilio,no,8.0,no,hospital C,programado,06/11/2024,no,distrito 6,sí
MEDICINA INTERNA,82.0,hombre,1.0,3.0,0.0,residencia,sí,1.0,no,hospital A,programado,16/07/2025,si,distrito 8,no
  traumatología ,84.0,hombre,3.0,2.0,0.0,domicilio,no,0.0,no,hospital D,urgente,17/05/2025,no,distrito 4,no
cirugía general,99.0,mujer,-99.0,0.0,0.0,domicilio,sí,2.0,no,hospital E,urgente,04/11/2024,no,distrito 1,no
cirugía general,56.0,hombre,2.0,1.0,2.0,domicilio,no,5.0,no,hospital B,N/D,06/01/2025,no,distrito 7,no
digestivo,73.0,hombre,3.0,0.0,0.0,domicilio,sí,12.0,no,hospital D,programado,02/10/2024,no,distrito 1,sí
cirugía general,66.0,hombre,13.0,0.0,0.0,hospitalización a domicilio,no,3.0,sí,hospital E,programado,25/07/2024,no,distrito 6,no
cardiología,51.0,mujer,11.0,1.0,1.0,domicilio,sí,7.0,no,hospital E,programado,27/11/2024,no,distrito 8,sí
medicina interna,72.0,mujer,5.0,3.0,1.0,domicilio,sí,4.0,no,hospital E,urgente,01/12/2024,si,distrito 2,sí
traumatologia,100.0,mujer,16.0,0.0,0.0,domicilio,sí,3.0,no,hospital B,urgente,20/12/2024,no,distrito 4,no
neumologia,32.0,mujer,5.0,1.0,0.0,domicilio,no,3.0,no,hospital F,urgente,08/04/2025,no,distrito 8,no
cirugía general,74.0,mujer,11.0,7.0,0.0,domicilio,no,7.0,no,hospital C,urgente,12/05/2025,no,distrito 3,sí
medicina interna,50.0,hombre,2.0,0.0,3.0,domicilio,sí,5.0,no,hospital F,programado,23/08/2025,no,distrito 4,sí
neumología,68.0,hombre,1.0,12.0,0.0,domicilio,no,1.0,sí,hospital D,urgente,31/10/2025,si,distrito 3,no
neumología,67.0,hombre,10.0,0.0,1.0,residencia,sí,4.0,no,hospital A,urgente,28/12/2024,no,distrito 10,no
medicina interna,61.0,mujer,1.0,11.0,0.0,domicilio,no,10.0,sí,hospital E,programado,15/09/2024,si,distrito 6,no
cirugía general,86.0,hombre,12.0,5.0,0.0,domicilio,sí,9.0,sí,hospital D,urgente,10/12/2024,no,distrito 4,sí
traumatología,79.0,mujer,6.0,0.0,1.0,hospitalización a domicilio,no,5.0,no,hospital D,urgente,29/04/2025,no,distrito 3,no
medicina interna,66.0,mujer,4.0,1.0,1.0,domicilio,no,9.0,no,hospital B,urgente,24/11/2024,no,distrito 3,no
medicina interna,49.0,mujer,4.0,9.0,0.0,domicilio,sí,7.0,no,hospital A,urgente,30/10/2025,no,distrito 6,no
  neumología ,62.0,mujer,3.0,0.0,0.0,hospitalización a domicilio,sí,3.0,no,hospital A,urgente,09/05/2025,no,distrito 4,no
digestivo,54.0,mujer,5.0,2.0,0.0,domicilio,no,6.0,no,hospital C,programado,26/11/2024,no,distrito 5,sí
cardiología,58.0,mujer,9.0,1.0,0.0,residencia,no,1.0,no,hospital C,programado,08/08/2024,si,distrito 4,sí
traumatología,44.0,hombre,9.0,1.0,0.0,domicilio,sí,0.0,sí,hospital C,urgente,16/11/2025,no,distrito 8,no
medicina interna,58.0,hombre,13.0,3.0,0.0,domicilio,no,8.0,sí,hospital A,programado,06/11/2025,no,distrito 4,no
digestivo,52.0,hombre,10.0,6.0,0.0,domicilio,no,7.0,sí,hospital A,urgente,27/09/2025,no,distrito 10,no
cirugía general,93.0,mujer,3.0,1.0,2.0,domicilio,sí,5.0,no,hospital A,urgente,03/11/2024,no,distrito 5,sí
  cirugía general ,36.0,hombre,7.0,0.0,0.0,domicilio,sí,7.0,sí,hospital E,urgente,29/11/2024,no,distrito 3,sí
neumología,84.0,mujer,11.0,1.0,1.0,domicilio,no,3.0,no,hospital A,programado,08/09/2025,no,distrito 9,no
traumatología,64.0,hombre,23.0,1.0,1.0,domicilio,sí,11.0,sí,hospital B,programado,17/06/2024,no,distrito 7,no
neumología,79.0,mujer,9.0,0.0,0.0,centro de media estancia,no,12.0,no,hospital B,programado,27/07/2024,no,distrito 1,no
traumatología,54.0,hombre,16.0,5.0,0.0,hospitalización a domicilio,no,4.0,no,hospital A,urgente,18/09/2025,no,distrito 3,sí
traumatología,64.0,hombre,9.0,2.0,0.0,domicilio,no,17.0,no,hospital E,programado,12/10/2025,no,distrito 2,no
cirugía general,73.0,mujer,9.0,4.0,0.0,domicilio,no,9.0,no,hospital E,urgente,09/07/2025,no,distrito 9,sí
medicina interna,59.0,mujer,7.0,0.0,0.0,domicilio,no,9.0,no,hospital B,urgente,23/06/2024,no,distrito 7,no
medicina interna,45.0,hombre,2.0,3.0,0.0,domicilio,no,15.0,sí,hospital E,programado,15/12/2024,si,distrito 3,no
digestivo,35.0,hombre,21.0,1.0,0.0,domicilio,sí,15.0,no,hospital F,programado,17/09/2024,si,distrito 5,no
medicina interna,77.0,hombre,3.0,0.0,1.0,domicilio,sí,10.0,no,hospital B,programado,18/10/2024,no,distrito 6,no
cardiología,49.0,mujer,1.0,0.0,1.0,domicilio,sí,14.0,no,hospital B,urgente,15/06/2025,no,distrito 1,sí
neumología,77.0,mujer,6.0,13.0,0.0,domicilio,sí,6.0,no,hospital E,programado,20/06/2024,si,distrito 1,no
cirugía general,80.0,mujer,5.0,3.0,0.0,domicilio,sí,4.0,no,hospital E,urgente,06/07/2024,no,distrito 5,no
CIRUGÍA GENERAL,46.0,hombre,5.0,1.0,0.0,domicilio,no,13.0,no,hospital D,urgente,29/03/2025,no,distrito 4,no
cardiología,54.0,hombre,16.0,0.0,2.0,residencia,no,1.0,no,hospital D,urgente,20/06/2025,no,distrito 7,sí
traumatología,63.0,hombre,5.0,0.0,0.0,domicilio,no,2.0,sí,hospital C,urgente,03/01/2025,no,distrito 7,sí
digestivo,94.0,hombre,4.0,4.0,4.0,domicilio,no,4.0,sí,hospital F,programado,22/10/2024,no,distrito 3,sí
cardiología,92.0,hombre,3.0,2.0,0.0,hospitalización a domicilio,sí,5.0,no,hospital D,urgente,23/09/2025,no,distrito 8,no
medicina interna,56.0,hombre,2.0,4.0,0.0,domicilio,no,2.0,no,hospital F,urgente,15/09/2024,si,distrito 8,no
medicina interna,41.0,hombre,6.0,1.0,9.0,domicilio,no,4.0,no,hospital B,urgente,02/08/2025,si,distrito 1,sí
  cirugía general ,87.0,hombre,8.0,3.0,0.0,domicilio,sí,9.0,no,hospital D,urgente,04/08/2025,no,distrito 5,sí
medicina interna,64.0,hombre,10.0,3.0,0.0,domicilio,sí,0.0,no,hospital B,programado,04/08/2025,no,distrito 9,no
neumología,64.0,mujer,4.0,1.0,0.0,residencia,sí,9.0,no,hospital A,urgente,15/09/2024,si,distrito 5,sí
  cardiología ,38.0,mujer,24.0,2.0,1.0,centro de media estancia,no,4.0,sí,hospital C,programado,17/05/2025,no,distrito 1,no
neumología,49.0,mujer,-99.0,0.0,0.0,domicilio,sí,7.0,no,hospital F,urgente,10/12/2024,no,distrito 9,no
neumología,71.0,hombre,4.0,3.0,1.0,domicilio,no,4.0,sí,hospital A,programado,21/07/2025,no,distrito 1,sí
cirugia general,64.0,mujer,13.0,6.0,0.0,domicilio,sí,17.0,no,hospital A,programado,04/12/2024,no,distrito 4,sí
cardiología,69.0,hombre,5.0,0.0,3.0,domicilio,sí,14.0,no,hospital A,urgente,19/09/2025,no,distrito 3,no
cirugía general,54.0,mujer,7.0,2.0,0.0,residencia,sí,3.0,no,hospital B,urgente,04/09/2024,no,distrito 2,sí
medicina interna,36.0,hombre,5.0,1.0,0.0,domicilio,sí,4.0,no,hospital A,urgente,30/09/2024,no,distrito 10,sí
  digestivo ,92.0,hombre,9.0,6.0,0.0,domicilio,sí,5.0,no,hospital E,urgente,17/03/2025,no,distrito 4,no
NEUMOLOGÍA,68.0,hombre,5.0,2.0,6.0,domicilio,no,2.0,no,hospital C,urgente,31/10/2025,no,distrito 4,no
medicina interna,49.0,hombre,12.0,0.0,0.0,domicilio,sí,2.0,no,hospital E,urgente,15/04/2025,no,distrito 4,sí
  medicina interna ,71.0,hombre,6.0,4.0,1.0,domicilio,no,7.0,sí,hospital C,programado,31/07/2025,no,distrito 10,no
  medicina interna ,94.0,mujer,2.0,0.0,0.0,domicilio,sí,14.0,no,hospital D,urgente,17/09/2024,no,distrito 9,no
neumología,79.0,mujer,-99.0,11.0,0.0,hospitalización a domicilio,sí,19.0,no,hospital C,urgente,24/02/2025,si,distrito 9,sí
digestivo,66.0,hombre,10.0,12.0,0.0,domicilio,no,9.0,no,hospital A,programado,29/08/2024,no,distrito 8,no
  cirugía general ,40.0,mujer,2.0,0.0,1.0,domicilio,sí,2.0,sí,hospital C,urgente,19/07/2024,no,distrito 9,sí
neumología,85.0,mujer,1.0,0.0,0.0,domicilio,sí,5.0,no,hospital F,urgente,03/09/2024,no,distrito 10,no
cirugia general,66.0,hombre,8.0,0.0,0.0,domicilio,no,13.0,no,hospital E,urgente,24/02/2025,no,distrito 10,no
digestivo,61.0,mujer,3.0,0.0,0.0,domicilio,no,1.0,no,hospital D,urgente,04/02/2025,no,distrito 1,no
cirugía general,55.0,mujer,5.0,4.0,0.0,domicilio,sí,6.0,sí,hospital C,urgente,10/09/2024,si,distrito 8,sí
neumología,67.0,hombre,5.0,0.0,3.0,domicilio,no,5.0,no,hospital A,programado,27/11/2024,no,distrito 5,no
cirugia general,32.0,mujer,9.0,9.0,1.0,domicilio,no,6.0,no,hospital C,urgente,09/11/2025,no,distrito 1,no
cirugía general,66.0,mujer,1.0,0.0,0.0,domicilio,sí,11.0,no,hospital B,urgente,17/07/2024,no,distrito 6,no
cardiología,81.0,hombre,14.0,1.0,0.0,domicilio,sí,7.0,no,hospital F,N/D,07/10/2024,no,distrito 9,sí
cardiología,47.0,mujer,5.0,4.0,4.0,domicilio,no,5.0,no,hospital F,urgente,13/12/2024,no,distrito 10,no
cardiología,58.0,hombre,5.0,9.0,0.0,centro de media estancia,sí,2.0,sí,hospital A,urgente,25/11/2024,no,distrito 4,sí
medicina interna,44.0,mujer,8.0,1.0,1.0,residencia,no,8.0,no,hospital F,programado,11/09/2025,no,distrito 7,sí
CARDIOLOGÍA,68.0,mujer,1.0,4.0,1.0,residencia,no,4.0,no,hospital D,programado,05/06/2024,si,distrito 4,sí
digestivo,87.0,hombre,3.0,1.0,0.0,domicilio,sí,9.0,sí,hospital E,urgente,04/07/2024,no,distrito 5,sí
traumatologia,47.0,hombre,2.0,0.0,0.0,residencia,sí,2.0,no,hospital F,programado,26/08/2025,no,distrito 2,no
traumatología,72.0,hombre,4.0,1.0,0.0,residencia,sí,16.0,sí,hospital A,urgente,21/10/2025,no,distrito 9,no
cardiología,21.0,mujer,1.0,1.0,0.0,hospitalización a domicilio,sí,1.0,no,hospital E,N/D,16/10/2024,no,distrito 9,no
cirugia general,86.0,hombre,1.0,2.0,0.0,domicilio,sí,6.0,no,hospital E,urgente,20/12/2024,no,distrito 6,sí
medicina interna,65.0,mujer,1.0,0.0,0.0,centro de media estancia,no,5.0,sí,hospital D,urgente,19/07/2024,no,distrito 6,no
medicina interna,55.0,mujer,6.0,0.0,0.0,hospitalización a domicilio,no,17.0,no,hospital F,urgente,12/10/2025,no,distrito 8,sí
medicina interna,48.0,hombre,4.0,5.0,2.0,domicilio,sí,4.0,no,hospital B,urgente,26/08/2025,no,distrito 7,sí
cirugía general,39.0,hombre,1.0,6.0,1.0,residencia,no,9.0,no,hospital D,urgente,19/07/2024,si,distrito 4,sí
cirugía general,53.0,hombre,11.0,2.0,0.0,residencia,no,5.0,no,hospital E,urgente,07/12/2024,no,distrito 4,sí
medicina interna,71.0,mujer,5.0,0.0,0.0,domicilio,no,14.0,no,hospital B,urgente,06/12/2024,no,distrito 4,sí
medicina interna,50.0,hombre,17.0,1.0,1.0,domicilio,sí,4.0,no,hospital C,urgente,22/06/2024,no,distrito 1,sí
cirugia general,53.0,mujer,2.0,2.0,0.0,domicilio,no,5.0,no,hospital B,urgente,22/02/2025,no,distrito 1,no
cirugia general,83.0,mujer,-99.0,8.0,1.0,domicilio,no,2.0,no,hospital C,programado,29/08/2024,no,distrito 4,no
digestivo,79.0,hombre,3.0,3.0,0.0,domicilio,no,8.0,no,hospital F,urgente,04/12/2024,si,distrito 4,no
medicina interna,71.0,hombre,4.0,8.0,0.0,domicilio,no,3.0,no,hospital B,N/D,09/06/2024,no,distrito 4,sí
DIGESTIVO,65.0,mujer,1.0,3.0,1.0,domicilio,no,2.0,no,hospital F,programado,11/07/2024,no,distrito 2,no
digestivo,63.0,mujer,6.0,1.0,0.0,residencia,sí,9.0,no,hospital E,urgente,14/12/2024,si,distrito 8,sí
traumatología,51.0,hombre,10.0,0.0,0.0,domicilio,sí,4.0,sí,hospital B,programado,07/02/2025,no,distrito 8,sí
CARDIOLOGÍA,18.0,mujer,1.0,6.0,4.0,domicilio,no,8.0,no,hospital D,urgente,20/12/2024,si,distrito 6,no
cardiología,64.0,hombre,18.0,2.0,0.0,domicilio,sí,9.0,no,hospital F,programado,08/06/2025,no,distrito 5,no
  medicina interna ,68.0,mujer,9.0,0.0,0.0,domicilio,sí,5.0,no,hospital F,urgente,31/01/2025,no,distrito 10,sí
neumologia,68.0,mujer,2.0,0.0,0.0,hospitalización a domicilio,sí,12.0,no,hospital E,urgente,18/10/2025,no,distrito 2,sí
cardiología,77.0,hombre,3.0,3.0,0.0,domicilio,sí,12.0,no,hospital C,urgente,30/04/2025,no,distrito 8,sí
digestivo,77.0,hombre,15.0,0.0,0.0,domicilio,no,2.0,no,hospital B,urgente,26/03/2025,no,distrito 6,sí
medicina interna,64.0,mujer,7.0,0.0,2.0,domicilio,sí,4.0,no,hospital F,urgente,29/06/2024,no,distrito 4,no
CARDIOLOGÍA,68.0,hombre,8.0,0.0,2.0,domicilio,no,4.0,no,hospital C,urgente,03/01/2025,no,distrito 3,no
medicina interna,79.0,hombre,-99.0,2.0,0.0,domicilio,sí,3.0,no,hospital F,programado,14/07/2024,no,distrito 4,no
cirugía general,71.0,mujer,18.0,3.0,1.0,domicilio,no,7.0,no,hospital E,urgente,02/05/2025,no,distrito 7,sí
neumología,37.0,mujer,6.0,0.0,1.0,domicilio,sí,5.0,no,hospital E,urgente,16/03/2025,no,distrito 4,no
medicina interna,90.0,hombre,10.0,3.0,0.0,domicilio,sí,4.0,no,hospital E,N/D,29/11/2024,no,distrito 7,no
traumatologia,82.0,mujer,13.0,3.0,0.0,domicilio,no,2.0,no,hospital B,programado,20/11/2025,no,distrito 10,sí
medicina interna,56.0,hombre,8.0,1.0,0.0,domicilio,sí,4.0,no,hospital E,urgente,20/09/2024,no,distrito 3,no
traumatología,89.0,mujer,9.0,0.0,0.0,centro de media estancia,no,2.0,no,hospital A,urgente,18/10/2024,no,distrito 4,no
medicina interna,48.0,mujer,2.0,4.0,1.0,residencia,no,3.0,no,hospital C,programado,17/06/2024,si,distrito 4,no
cirugía general,53.0,hombre,9.0,4.0,0.0,domicilio,sí,2.0,no,hospital D,N/D,20/11/2024,no,distrito 6,no
medicina interna,77.0,mujer,-99.0,0.0,1.0,domicilio,no,5.0,no,hospital E,programado,30/12/2024,no,distrito 1,sí
CIRUGÍA GENERAL,57.0,hombre,6.0,6.0,1.0,domicilio,sí,14.0,sí,hospital F,urgente,21/05/2025,no,distrito 10,no
  traumatología ,86.0,hombre,4.0,2.0,2.0,domicilio,sí,7.0,sí,hospital E,urgente,07/06/2025,no,distrito 5,no
cardiología,96.0,mujer,10.0,2.0,0.0,centro de media estancia,sí,5.0,no,hospital C,urgente,28/03/2025,no,distrito 5,sí
cirugía general,68.0,hombre,5.0,2.0,0.0,hospitalización a domicilio,no,5.0,sí,hospital F,urgente,05/06/2024,no,distrito 8,no
traumatología,75.0,mujer,6.0,1.0,0.0,residencia,no,1.0,sí,hospital F,urgente,08/08/2024,no,distrito 4,no
neumología,98.0,hombre,2.0,2.0,0.0,centro de media estancia,sí,20.0,no,hospital A,urgente,09/05/2025,no,distrito 6,no
traumatología,65.0,hombre,10.0,1.0,0.0,domicilio,sí,0.0,sí,hospital B,urgente,08/07/2025,no,distrito 2,sí
  neumología ,66.0,mujer,8.0,0.0,1.0,domicilio,sí,3.0,sí,hospital C,programado,01/08/2025,no,distrito 1,sí
medicina interna,51.0,mujer,3.0,9.0,2.0,domicilio,sí,2.0,sí,hospital D,urgente,19/10/2024,no,distrito 7,no
cirugía general,61.0,mujer,-99.0,2.0,1.0,domicilio,no,7.0,no,hospital F,urgente,27/01/2025,no,distrito 6,no
medicina interna,62.0,mujer,4.0,1.0,0.0,domicilio,no,6.0,sí,hospital A,programado,11/10/2024,no,distrito 2,sí
  medicina interna ,41.0,mujer,13.0,0.0,0.0,domicilio,sí,2.0,no,hospital B,urgente,22/05/2025,no,distrito 10,no
cirugía general,86.0,mujer,6.0,1.0,2.0,domicilio,no,17.0,no,hospital E,urgente,09/06/2024,no,distrito 4,no
cirugía general,80.0,hombre,-99.0,4.0,2.0,domicilio,sí,8.0,no,hospital D,urgente,29/11/2024,no,distrito 3,no
cardiología,49.0,mujer,1.0,2.0,0.0,residencia,sí,7.0,sí,hospital F,programado,14/04/2025,si,distrito 8,no
cirugía general,93.0,hombre,3.0,2.0,1.0,domicilio,no,12.0,sí,hospital D,programado,01/12/2024,no,distrito 9,sí
cardiología,62.0,hombre,2.0,0.0,2.0,domicilio,no,6.0,sí,hospital D,urgente,23/08/2025,no,distrito 5,sí
DIGESTIVO,48.0,mujer,5.0,5.0,2.0,domicilio,sí,7.0,sí,hospital B,urgente,22/11/2025,no,distrito 2,sí
medicina interna,75.0,mujer,7.0,2.0,0.0,domicilio,no,3.0,sí,hospital D,programado,21/11/2025,no,distrito 10,sí
medicina interna,73.0,hombre,5.0,2.0,0.0,domicilio,no,8.0,no,hospital D,urgente,02/02/2025,no,distrito 9,no
traumatología,40.0,hombre,8.0,6.0,0.0,residencia,sí,4.0,sí,hospital F,N/D,20/10/2024,no,distrito 5,sí
neumología,100.0,hombre,7.0,6.0,0.0,residencia,sí,6.0,sí,hospital C,programado,15/10/2025,si,distrito 7,sí
cirugía general,35.0,hombre,6.0,4.0,0.0,domicilio,sí,7.0,no,hospital B,programado,21/10/2025,no,distrito 1,no
traumatología,90.0,mujer,12.0,0.0,0.0,residencia,sí,5.0,no,hospital D,urgente,19/07/2024,no,distrito 1,no
  traumatología ,75.0,mujer,7.0,1.0,0.0,centro de media estancia,sí,6.0,no,hospital F,urgente,08/10/2024,no,distrito 9,sí
traumatología,58.0,mujer,3.0,0.0,4.0,domicilio,sí,4.0,no,hospital F,urgente,18/10/2024,no,distrito 2,no
  cirugía general ,60.0,mujer,7.0,4.0,0.0,domicilio,no,5.0,no,hospital B,urgente,22/02/2025,no,distrito 5,sí
traumatologia,54.0,hombre,10.0,4.0,0.0,domicilio,no,4.0,no,hospital D,programado,18/07/2024,no,distrito 6,no
medicina interna,38.0,hombre,4.0,7.0,0.0,domicilio,sí,14.0,no,hospital C,urgente,11/07/2025,no,distrito 1,no
cirugía general,78.0,mujer,6.0,0.0,0.0,domicilio,no,3.0,no,hospital F,urgente,24/10/2024,no,distrito 1,no
digestivo,83.0,mujer,8.0,1.0,0.0,domicilio,no,13.0,no,hospital C,urgente,30/07/2025,no,distrito 7,sí
traumatología,83.0,mujer,3.0,3.0,0.0,domicilio,sí,11.0,no,hospital B,programado,08/02/2025,no,distrito 4,sí
  neumología ,72.0,hombre,4.0,1.0,0.0,domicilio,sí,12.0,no,hospital A,urgente,16/11/2024,no,distrito 8,no
  medicina interna ,80.0,hombre,11.0,0.0,0.0,domicilio,sí,5.0,no,hospital A,programado,29/09/2024,no,distrito 5,no
neumología,82.0,hombre,6.0,1.0,0.0,domicilio,sí,0.0,no,hospital A,urgente,20/09/2025,no,distrito 3,no
medicina interna,88.0,hombre,3.0,2.0,0.0,domicilio,no,4.0,no,hospital F,urgente,22/11/2025,si,distrito 2,sí
neumología,75.0,mujer,12.0,2.0,2.0,domicilio,sí,4.0,sí,hospital B,programado,03/10/2024,no,distrito 9,no
neumologia,73.0,hombre,3.0,3.0,2.0,domicilio,no,10.0,no,hospital F,urgente,15/10/2025,no,distrito 6,sí
cirugía general,81.0,hombre,20.0,8.0,0.0,domicilio,no,20.0,no,hospital B,urgente,04/07/2024,si,distrito 10,no
traumatología,74.0,mujer,5.0,4.0,3.0,domicilio,no,3.0,sí,hospital A,urgente,01/07/2025,no,distrito 10,sí
cardiologia,55.0,mujer,4.0,1.0,7.0,domicilio,sí,6.0,no,hospital A,urgente,23/10/2025,no,distrito 3,sí
cardiología,56.0,mujer,19.0,6.0,0.0,domicilio,sí,13.0,no,hospital D,programado,22/11/2024,si,distrito 3,sí
neumología,91.0,mujer,8.0,1.0,0.0,domicilio,no,7.0,sí,hospital D,urgente,01/08/2025,no,distrito 1,sí
cirugia general,44.0,mujer,10.0,2.0,0.0,domicilio,no,3.0,no,hospital F,N/D,28/10/2025,no,distrito 4,no
medicina interna,67.0,mujer,2.0,2.0,0.0,domicilio,no,8.0,no,hospital B,urgente,10/09/2025,si,distrito 5,no
medicina interna,42.0,mujer,2.0,1.0,0.0,domicilio,sí,3.0,no,hospital B,urgente,09/06/2024,no,distrito 1,no
digestivo,35.0,mujer,12.0,0.0,3.0,hospitalización a domicilio,sí,4.0,no,hospital C,urgente,14/08/2025,no,distrito 7,sí
MEDICINA INTERNA,100.0,mujer,3.0,3.0,2.0,residencia,sí,5.0,no,hospital D,urgente,06/06/2024,no,distrito 7,sí
  cardiología ,65.0,hombre,6.0,3.0,0.0,domicilio,no,1.0,no,hospital C,urgente,12/11/2025,si,distrito 2,no
traumatología,77.0,mujer,4.0,6.0,0.0,centro de media estancia,sí,7.0,no,hospital E,urgente,18/11/2025,si,distrito 9,no
cardiología,84.0,mujer,6.0,5.0,0.0,domicilio,no,8.0,no,hospital C,urgente,19/10/2024,si,distrito 3,sí
NEUMOLOGÍA,75.0,hombre,1.0,0.0,0.0,domicilio,no,4.0,no,hospital A,urgente,18/06/2024,no,distrito 5,no
cirugía general,75.0,hombre,3.0,3.0,0.0,domicilio,no,8.0,no,hospital C,programado,16/10/2024,si,distrito 6,sí
digestivo,56.0,mujer,12.0,0.0,0.0,domicilio,sí,6.0,no,hospital D,programado,03/03/2025,no,distrito 4,sí
cirugía general,53.0,mujer,3.0,1.0,1.0,domicilio,sí,6.0,no,hospital C,programado,04/03/2025,no,distrito 10,sí
neumología,72.0,hombre,5.0,0.0,0.0,domicilio,sí,3.0,no,hospital B,programado,22/11/2024,no,distrito 4,no
cardiología,44.0,hombre,8.0,0.0,2.0,domicilio,no,2.0,no,hospital B,urgente,14/09/2025,no,distrito 4,no
neumologia,73.0,mujer,8.0,1.0,1.0,domicilio,sí,22.0,no,hospital C,urgente,18/08/2025,no,distrito 10,no
digestivo,72.0,mujer,6.0,7.0,0.0,centro de media estancia,sí,4.0,no,hospital B,urgente,25/10/2024,no,distrito 10,sí
digestivo,53.0,hombre,1.0,3.0,0.0,domicilio,no,12.0,no,hospital A,programado,31/08/2024,no,distrito 3,sí
cardiología,100.0,hombre,9.0,1.0,0.0,domicilio,no,5.0,no,hospital B,urgente,12/08/2025,no,distrito 3,sí
  neumología ,63.0,mujer,0.0,3.0,0.0,hospitalización a domicilio,no,3.0,sí,hospital A,urgente,20/04/2025,no,distrito 2,no
cardiología,54.0,mujer,6.0,0.0,3.0,domicilio,sí,1.0,no,hospital D,programado,23/01/2025,no,distrito 7,no
digestivo,62.0,mujer,10.0,2.0,0.0,residencia,sí,5.0,no,hospital E,N/D,15/04/2025,no,distrito 10,sí
cardiología,50.0,hombre,5.0,7.0,1.0,domicilio,sí,3.0,no,hospital F,N/D,10/02/2025,no,distrito 3,no
cirugía general,41.0,hombre,12.0,2.0,2.0,domicilio,no,3.0,no,hospital D,programado,29/10/2025,no,distrito 9,sí
CIRUGÍA GENERAL,74.0,mujer,12.0,1.0,0.0,residencia,sí,10.0,no,hospital A,programado,24/08/2024,no,distrito 9,no
traumatologia,28.0,mujer,2.0,1.0,0.0,residencia,sí,11.0,no,hospital E,programado,29/06/2024,no,distrito 2,sí
cardiología,67.0,hombre,2.0,1.0,1.0,domicilio,sí,9.0,no,hospital B,urgente,19/07/2025,no,distrito 6,no
neumología,68.0,mujer,5.0,2.0,0.0,domicilio,sí,7.0,no,hospital A,urgente,21/10/2024,no,distrito 9,no
cirugía general,84.0,mujer,4.0,3.0,0.0,domicilio,sí,6.0,no,hospital D,urgente,04/09/2024,no,distrito 5,no
DIGESTIVO,81.0,mujer,26.0,2.0,0.0,domicilio,no,2.0,sí,hospital D,urgente,18/08/2024,si,distrito 9,sí
cardiología,56.0,mujer,5.0,0.0,1.0,domicilio,no,6.0,sí,hospital A,programado,08/04/2025,no,distrito 9,sí
DIGESTIVO,53.0,hombre,10.0,1.0,0.0,domicilio,no,6.0,no,hospital B,urgente,21/09/2024,no,distrito 1,no
NEUMOLOGÍA,72.0,mujer,1.0,4.0,0.0,domicilio,sí,4.0,sí,hospital F,urgente,12/05/2025,no,distrito 10,no
  cirugía general ,28.0,hombre,6.0,2.0,2.0,domicilio,no,2.0,no,hospital B,programado,16/10/2025,no,distrito 2,no
cirugía general,66.0,mujer,18.0,1.0,0.0,residencia,no,8.0,no,hospital F,programado,02/08/2024,no,distrito 4,sí
traumatología,66.0,mujer,4.0,13.0,0.0,domicilio,no,0.0,no,hospital D,urgente,01/09/2024,no,distrito 9,no
  cirugía general ,56.0,mujer,7.0,9.0,0.0,domicilio,sí,8.0,no,hospital E,urgente,14/06/2025,no,distrito 7,sí
traumatología,63.0,hombre,16.0,1.0,0.0,domicilio,no,21.0,no,hospital D,programado,20/10/2024,no,distrito 8,no
traumatología,62.0,mujer,11.0,1.0,0.0,residencia,no,2.0,no,hospital D,urgente,16/05/2025,no,distrito 2,no
cirugía general,30.0,mujer,3.0,2.0,1.0,domicilio,sí,10.0,no,hospital D,urgente,15/09/2024,no,distrito 2,no
traumatología,60.0,mujer,12.0,4.0,0.0,residencia,no,15.0,no,hospital D,urgente,03/07/2024,no,distrito 8,sí
digestivo,48.0,hombre,3.0,0.0,2.0,domicilio,no,5.0,no,hospital B,programado,18/10/2025,no,distrito 8,sí
traumatología,81.0,mujer,8.0,1.0,0.0,domicilio,sí,8.0,no,hospital F,programado,06/06/2025,no,distrito 8,sí
neumología,48.0,hombre,7.0,0.0,2.0,domicilio,sí,8.0,no,hospital F,urgente,13/11/2025,no,distrito 7,no
neumología,49.0,mujer,7.0,1.0,0.0,domicilio,sí,6.0,sí,hospital E,urgente,15/03/2025,no,distrito 2,no
digestivo,60.0,hombre,6.0,6.0,0.0,domicilio,no,3.0,no,hospital F,programado,20/07/2025,no,distrito 6,no
digestivo,60.0,mujer,18.0,3.0,1.0,domicilio,sí,1.0,no,hospital B,urgente,15/01/2025,no,distrito 2,no
MEDICINA INTERNA,34.0,hombre,3.0,0.0,0.0,domicilio,sí,0.0,sí,hospital D,urgente,08/08/2025,no,distrito 1,no
traumatologia,63.0,hombre,4.0,6.0,0.0,domicilio,no,5.0,sí,hospital E,urgente,30/04/2025,no,distrito 1,sí
digestivo,85.0,mujer,8.0,6.0,0.0,domicilio,no,7.0,no,hospital A,urgente,02/08/2025,no,distrito 2,no
neumología,77.0,mujer,8.0,0.0,1.0,domicilio,no,6.0,no,hospital E,urgente,17/06/2025,no,distrito 9,no
cirugía general,66.0,hombre,10.0,0.0,2.0,hospitalización a domicilio,sí,1.0,sí,hospital C,urgente,23/05/2025,no,distrito 5,sí
traumatología,49.0,mujer,4.0,0.0,0.0,domicilio,sí,0.0,no,hospital F,programado,21/06/2025,no,distrito 4,no
cardiología,74.0,mujer,3.0,4.0,0.0,domicilio,no,3.0,no,hospital B,urgente,23/06/2024,si,distrito 8,no
cirugía general,60.0,hombre,8.0,1.0,0.0,domicilio,sí,9.0,no,hospital D,urgente,28/02/2025,no,distrito 8,no
neumología,70.0,hombre,7.0,0.0,0.0,centro de media estancia,sí,9.0,sí,hospital B,urgente,03/07/2025,no,distrito 7,no
cardiología,51.0,mujer,2.0,2.0,2.0,domicilio,sí,6.0,no,hospital F,urgente,13/11/2025,no,distrito 4,no
digestivo,58.0,hombre,9.0,4.0,0.0,domicilio,sí,1.0,no,hospital E,urgente,20/12/2024,no,distrito 3,sí
medicina interna,76.0,hombre,5.0,12.0,0.0,domicilio,sí,2.0,no,hospital B,urgente,15/09/2025,si,distrito 1,sí
NEUMOLOGÍA,40.0,hombre,-99.0,5.0,1.0,domicilio,no,4.0,sí,hospital F,urgente,11/11/2024,si,distrito 6,no
CARDIOLOGÍA,69.0,hombre,11.0,10.0,0.0,domicilio,no,3.0,no,hospital F,urgente,26/07/2024,si,distrito 8,no
CIRUGÍA GENERAL,79.0,mujer,13.0,0.0,1.0,centro de media estancia,sí,10.0,no,hospital C,urgente,19/07/2025,no,distrito 7,no
medicina interna,66.0,hombre,7.0,2.0,0.0,domicilio,sí,2.0,no,hospital B,urgente,02/09/2025,no,distrito 10,no
medicina interna,77.0,mujer,5.0,2.0,1.0,domicilio,sí,8.0,no,hospital C,urgente,26/05/2025,si,distrito 5,sí
medicina interna,45.0,mujer,4.0,1.0,0.0,residencia,sí,2.0,no,hospital B,programado,21/09/2025,no,distrito 1,no
traumatologia,71.0,hombre,11.0,0.0,0.0,domicilio,no,5.0,no,hospital E,urgente,04/09/2025,no,distrito 10,no
neumología,67.0,mujer,10.0,1.0,0.0,residencia,no,4.0,no,hospital E,programado,30/10/2024,si,distrito 9,no
neumología,73.0,hombre,6.0,0.0,0.0,residencia,no,9.0,sí,hospital E,urgente,02/07/2024,no,distrito 3,no
traumatología,70.0,hombre,6.0,0.0,0.0,domicilio,no,6.0,no,hospital C,N/D,31/03/2025,no,distrito 1,no
cirugia general,63.0,hombre,9.0,0.0,0.0,residencia,sí,8.0,no,hospital C,urgente,09/11/2025,no,distrito 3,sí
traumatología,71.0,hombre,5.0,0.0,0.0,domicilio,sí,4.0,no,hospital E,programado,22/08/2024,no,distrito 2,sí
medicina interna,66.0,hombre,14.0,1.0,1.0,residencia,sí,12.0,no,hospital E,urgente,02/10/2024,no,distrito 3,sí
digestivo,91.0,hombre,3.0,0.0,3.0,residencia,sí,7.0,no,hospital B,urgente,02/01/2025,no,distrito 1,no
medicina interna,54.0,mujer,10.0,4.0,0.0,domicilio,no,14.0,no,hospital B,programado,12/09/2025,si,distrito 8,no
CARDIOLOGÍA,88.0,hombre,1.0,0.0,0.0,domicilio,sí,11.0,no,hospital C,programado,07/07/2025,si,distrito 3,no
  traumatología ,73.0,hombre,8.0,0.0,0.0,domicilio,no,2.0,sí,hospital C,urgente,20/06/2025,no,distrito 10,no
  traumatología ,65.0,hombre,4.0,3.0,0.0,domicilio,no,24.0,sí,hospital D,programado,04/10/2024,no,distrito 7,sí
cirugía general,84.0,mujer,7.0,3.0,0.0,domicilio,sí,8.0,no,hospital D,programado,13/01/2025,no,distrito 6,sí
  traumatología ,73.0,hombre,5.0,4.0,2.0,domicilio,no,0.0,no,hospital E,urgente,26/10/2024,no,distrito 5,no
cirugía general,59.0,hombre,9.0,3.0,0.0,residencia,no,0.0,no,hospital D,urgente,25/09/2025,si,distrito 4,no
medicina interna,69.0,mujer,1.0,2.0,0.0,domicilio,no,4.0,no,hospital D,urgente,19/07/2024,no,distrito 3,no
NEUMOLOGÍA,64.0,hombre,-99.0,4.0,0.0,domicilio,sí,1.0,sí,hospital A,N/D,20/01/2025,no,distrito 6,no
neumología,57.0,mujer,11.0,5.0,3.0,residencia,sí,6.0,sí,hospital F,programado,20/10/2024,no,distrito 4,no
TRAUMATOLOGÍA,86.0,hombre,9.0,4.0,0.0,domicilio,no,11.0,no,hospital D,N/D,16/09/2025,no,distrito 4,no
traumatología,65.0,hombre,13.0,1.0,0.0,domicilio,no,16.0,sí,hospital B,programado,23/03/2025,no,distrito 10,sí
neumología,80.0,hombre,10.0,10.0,3.0,domicilio,sí,4.0,sí,hospital F,urgente,21/05/2025,si,distrito 3,no
neumología,70.0,mujer,8.0,0.0,0.0,hospitalización a domicilio,sí,2.0,no,hospital A,urgente,16/06/2025,no,distrito 4,no
neumologia,100.0,mujer,2.0,0.0,0.0,domicilio,sí,1.0,no,hospital E,programado,21/01/2025,no,distrito 9,sí
MEDICINA INTERNA,58.0,mujer,5.0,0.0,0.0,domicilio,no,7.0,no,hospital B,programado,14/06/2025,no,distrito 6,sí
  neumología ,76.0,hombre,5.0,2.0,0.0,domicilio,sí,1.0,no,hospital A,urgente,22/07/2024,no,distrito 3,no
neumología,90.0,hombre,16.0,1.0,1.0,residencia,no,0.0,no,hospital A,programado,01/09/2024,si,distrito 3,no
traumatología,72.0,hombre,-99.0,1.0,2.0,domicilio,sí,5.0,sí,hospital E,urgente,19/01/2025,no,distrito 5,no
neumología,49.0,hombre,4.0,3.0,0.0,residencia,no,4.0,sí,hospital E,urgente,06/10/2025,no,distrito 2,sí
digestivo,85.0,hombre,7.0,3.0,0.0,centro de media estancia,no,4.0,sí,hospital C,urgente,12/06/2024,si,distrito 10,no
digestivo,61.0,hombre,7.0,4.0,0.0,domicilio,sí,13.0,no,hospital B,programado,21/07/2024,si,distrito 6,no
medicina interna,43.0,mujer,2.0,3.0,0.0,domicilio,no,9.0,no,hospital F,urgente,21/08/2025,no,distrito 3,sí
MEDICINA INTERNA,55.0,mujer,3.0,1.0,2.0,hospitalización a domicilio,no,6.0,no,hospital C,programado,21/11/2025,no,distrito 8,sí
cirugía general,48.0,hombre,5.0,2.0,1.0,domicilio,no,7.0,sí,hospital B,urgente,11/02/2025,no,distrito 9,sí
medicina interna,54.0,hombre,4.0,1.0,0.0,residencia,no,9.0,no,hospital B,urgente,16/11/2024,no,distrito 4,no
cardiologia,78.0,hombre,9.0,2.0,0.0,domicilio,sí,2.0,no,hospital B,programado,26/05/2025,no,distrito 1,no
medicina interna,60.0,mujer,3.0,2.0,0.0,domicilio,no,2.0,sí,hospital E,N/D,21/10/2025,no,distrito 1,sí
traumatología,59.0,mujer,6.0,3.0,0.0,domicilio,no,10.0,no,hospital B,urgente,22/07/2024,si,distrito 10,sí
cardiología,42.0,mujer,-99.0,5.0,0.0,residencia,sí,9.0,no,hospital B,urgente,04/05/2025,si,distrito 10,no
medicina interna,93.0,hombre,2.0,3.0,0.0,domicilio,no,4.0,sí,hospital B,urgente,29/05/2025,no,distrito 9,no
  cirugía general ,82.0,mujer,8.0,6.0,0.0,domicilio,no,3.0,no,hospital F,N/D,12/02/2025,si,distrito 3,no
neumología,66.0,hombre,-99.0,8.0,0.0,domicilio,sí,5.0,no,hospital B,urgente,06/11/2024,si,distrito 8,sí
medicina interna,70.0,mujer,1.0,0.0,0.0,domicilio,sí,3.0,no,hospital A,urgente,31/03/2025,no,distrito 9,sí
cirugía general,64.0,hombre,6.0,1.0,1.0,hospitalización a domicilio,sí,4.0,no,hospital A,urgente,08/06/2024,no,distrito 4,sí
cardiología,56.0,mujer,5.0,0.0,1.0,centro de media estancia,no,20.0,sí,hospital E,urgente,30/01/2025,no,distrito 5,sí
  neumología ,83.0,hombre,1.0,0.0,0.0,domicilio,sí,7.0,no,hospital E,urgente,11/06/2025,no,distrito 10,no
medicina interna,59.0,hombre,-99.0,0.0,0.0,residencia,sí,9.0,sí,hospital C,programado,03/10/2024,no,distrito 9,no
traumatologia,65.0,mujer,13.0,1.0,0.0,hospitalización a domicilio,sí,3.0,no,hospital E,urgente,19/09/2024,no,distrito 5,no
CIRUGÍA GENERAL,34.0,hombre,3.0,0.0,0.0,domicilio,sí,13.0,no,hospital A,programado,09/11/2025,no,distrito 7,no
medicina interna,57.0,hombre,6.0,1.0,0.0,domicilio,sí,1.0,no,hospital A,urgente,08/12/2024,no,distrito 1,sí
neumología,62.0,mujer,2.0,1.0,2.0,centro de media estancia,no,5.0,no,hospital B,urgente,02/10/2024,no,distrito 10,sí
cardiologia,43.0,hombre,12.0,3.0,0.0,domicilio,sí,4.0,no,hospital B,programado,05/11/2025,no,distrito 1,no
traumatología,72.0,hombre,6.0,1.0,1.0,domicilio,sí,8.0,no,hospital A,urgente,03/02/2025,no,distrito 2,sí
traumatología,38.0,hombre,13.0,3.0,0.0,centro de media estancia,sí,7.0,no,hospital D,urgente,02/08/2024,no,distrito 1,no
digestivo,65.0,mujer,5.0,2.0,0.0,domicilio,no,3.0,no,hospital B,urgente,29/01/2025,no,distrito 9,sí
digestivo,86.0,hombre,3.0,1.0,0.0,domicilio,no,1.0,no,hospital C,urgente,07/02/2025,no,distrito 7,no
traumatología,57.0,hombre,3.0,0.0,0.0,domicilio,no,3.0,no,hospital D,N/D,29/10/2024,no,distrito 8,no
neumología,73.0,hombre,16.0,5.0,1.0,residencia,no,0.0,no,hospital F,urgente,20/05/2025,no,distrito 8,no
medicina interna,85.0,mujer,-99.0,0.0,0.0,residencia,no,10.0,no,hospital F,programado,02/08/2024,no,distrito 5,sí
cirugía general,58.0,mujer,4.0,8.0,1.0,domicilio,no,7.0,no,hospital B,urgente,15/06/2025,no,distrito 10,no
cardiología,52.0,mujer,7.0,0.0,0.0,domicilio,no,5.0,no,hospital D,urgente,09/09/2024,no,distrito 1,sí
medicina interna,78.0,mujer,13.0,3.0,0.0,domicilio,no,2.0,sí,hospital A,programado,01/11/2024,si,distrito 3,sí
digestivo,84.0,mujer,6.0,2.0,1.0,domicilio,no,1.0,no,hospital E,programado,05/05/2025,no,distrito 4,sí
neumología,59.0,mujer,8.0,3.0,5.0,residencia,no,8.0,no,hospital F,urgente,10/03/2025,no,distrito 9,no
digestivo,43.0,hombre,3.0,1.0,1.0,residencia,no,21.0,sí,hospital A,urgente,11/01/2025,no,distrito 2,no
neumologia,48.0,mujer,7.0,5.0,1.0,domicilio,sí,13.0,no,hospital E,urgente,03/05/2025,no,distrito 3,no
cardiología,51.0,hombre,6.0,0.0,1.0,domicilio,no,1.0,no,hospital A,urgente,17/10/2025,no,distrito 1,sí
neumología,72.0,hombre,13.0,0.0,0.0,domicilio,sí,3.0,sí,hospital F,urgente,28/08/2025,no,distrito 10,no
medicina interna,47.0,mujer,-99.0,7.0,0.0,domicilio,sí,8.0,no,hospital B,urgente,20/07/2025,si,distrito 5,sí
neumología,48.0,mujer,-99.0,3.0,0.0,domicilio,sí,1.0,no,hospital B,urgente,09/04/2025,no,distrito 8,no
CARDIOLOGÍA,79.0,hombre,4.0,3.0,0.0,domicilio,no,9.0,sí,hospital A,N/D,21/01/2025,no,distrito 5,no
cirugía general,72.0,hombre,4.0,0.0,2.0,residencia,no,8.0,no,hospital B,urgente,03/03/2025,no,distrito 5,no
CARDIOLOGÍA,74.0,hombre,14.0,3.0,0.0,domicilio,sí,21.0,sí,hospital D,programado,14/07/2024,no,distrito 9,sí
cirugía general,71.0,hombre,-99.0,7.0,3.0,domicilio,sí,3.0,sí,hospital D,N/D,21/11/2024,no,distrito 8,no
CARDIOLOGÍA,41.0,mujer,7.0,5.0,0.0,domicilio,no,5.0,no,hospital A,programado,25/12/2024,no,distrito 4,no
traumatología,75.0,hombre,4.0,5.0,2.0,residencia,no,5.0,no,hospital F,urgente,10/11/2025,si,distrito 2,no
medicina interna,61.0,hombre,6.0,1.0,0.0,domicilio,sí,3.0,no,hospital C,urgente,09/09/2024,no,distrito 4,no
cirugía general,41.0,mujer,2.0,2.0,0.0,domicilio,sí,4.0,no,hospital F,urgente,24/01/2025,no,distrito 9,sí
cirugía general,51.0,mujer,10.0,14.0,0.0,residencia,no,1.0,no,hospital A,urgente,20/05/2025,si,distrito 5,no
digestivo,86.0,hombre,5.0,0.0,0.0,domicilio,sí,5.0,no,hospital E,urgente,15/12/2024,no,distrito 4,no
neumología,94.0,hombre,5.0,3.0,0.0,domicilio,sí,0.0,no,hospital C,urgente,01/05/2025,no,distrito 5,no
TRAUMATOLOGÍA,89.0,mujer,-99.0,0.0,0.0,domicilio,no,15.0,no,hospital F,urgente,10/09/2024,no,distrito 9,no
digestivo,71.0,mujer,1.0,1.0,2.0,domicilio,no,5.0,no,hospital E,programado,01/11/2024,no,distrito 9,no
cardiología,64.0,hombre,11.0,1.0,0.0,domicilio,sí,7.0,no,hospital B,urgente,05/10/2025,si,distrito 8,no
CARDIOLOGÍA,61.0,hombre,2.0,2.0,0.0,residencia,no,2.0,no,hospital E,urgente,05/08/2025,si,distrito 10,no
TRAUMATOLOGÍA,78.0,mujer,4.0,5.0,0.0,domicilio,no,0.0,sí,hospital F,urgente,13/05/2025,si,distrito 4,no
traumatología,47.0,hombre,7.0,1.0,0.0,domicilio,sí,1.0,no,hospital C,urgente,12/12/2024,no,distrito 8,sí
cardiología,56.0,mujer,6.0,5.0,0.0,centro de media estancia,sí,6.0,no,hospital B,programado,10/11/2024,no,distrito 9,sí
medicina interna,66.0,mujer,4.0,0.0,0.0,hospitalización a domicilio,sí,8.0,no,hospital C,programado,29/07/2025,no,distrito 5,no
digestivo,37.0,hombre,1.0,7.0,1.0,domicilio,no,6.0,no,hospital E,urgente,09/11/2024,si,distrito 3,no
cirugía general,61.0,mujer,5.0,2.0,0.0,domicilio,no,2.0,no,hospital D,urgente,25/10/2024,no,distrito 2,sí
traumatología,100.0,hombre,6.0,1.0,0.0,domicilio,sí,1.0,no,hospital E,urgente,24/04/2025,si,distrito 10,no
medicina interna,55.0,mujer,1.0,0.0,0.0,residencia,sí,3.0,no,hospital F,urgente,15/12/2024,si,distrito 10,no
  digestivo ,52.0,hombre,7.0,0.0,1.0,domicilio,sí,9.0,no,hospital E,urgente,29/09/2024,no,distrito 8,no
neumologia,71.0,mujer,-99.0,2.0,1.0,residencia,sí,7.0,no,hospital B,urgente,15/03/2025,no,distrito 10,no
digestivo,88.0,mujer,8.0,1.0,0.0,domicilio,no,5.0,no,hospital F,urgente,27/10/2024,no,distrito 1,sí
cirugía general,86.0,mujer,1.0,0.0,4.0,residencia,no,10.0,no,hospital A,programado,05/07/2025,no,distrito 4,no
medicina interna,84.0,mujer,2.0,9.0,0.0,domicilio,sí,0.0,no,hospital D,programado,16/10/2024,no,distrito 9,sí
CIRUGÍA GENERAL,82.0,mujer,5.0,0.0,0.0,domicilio,sí,7.0,sí,hospital D,programado,10/06/2024,no,distrito 6,sí
cardiología,44.0,mujer,8.0,0.0,0.0,domicilio,no,5.0,no,hospital D,urgente,17/08/2025,no,distrito 2,no
cardiología,46.0,hombre,5.0,0.0,0.0,domicilio,sí,5.0,sí,hospital A,programado,28/04/2025,no,distrito 1,no
  cardiología ,82.0,hombre,4.0,1.0,1.0,domicilio,sí,3.0,no,hospital B,urgente,04/10/2024,no,distrito 5,sí
cirugía general,42.0,mujer,5.0,8.0,1.0,domicilio,no,9.0,no,hospital D,urgente,07/02/2025,si,distrito 8,no
neumología,30.0,hombre,5.0,1.0,0.0,hospitalización a domicilio,no,10.0,no,hospital E,urgente,24/04/2025,no,distrito 4,no
cirugia general,64.0,mujer,14.0,2.0,1.0,domicilio,no,3.0,no,hospital A,urgente,19/10/2024,no,distrito 1,no
cardiología,85.0,hombre,11.0,0.0,2.0,hospitalización a domicilio,sí,21.0,no,hospital E,programado,13/03/2025,no,distrito 8,no
cirugía general,78.0,mujer,17.0,7.0,0.0,domicilio,no,1.0,no,hospital C,N/D,15/10/2025,si,distrito 9,sí
digestivo,57.0,hombre,5.0,1.0,0.0,domicilio,sí,5.0,no,hospital C,urgente,13/08/2025,no,distrito 8,sí
traumatología,63.0,mujer,14.0,2.0,2.0,domicilio,sí,3.0,no,hospital F,programado,09/05/2025,no,distrito 10,no
traumatología,66.0,mujer,4.0,2.0,3.0,residencia,no,13.0,no,hospital B,urgente,16/12/2024,no,distrito 6,sí
digestivo,29.0,hombre,3.0,1.0,0.0,domicilio,no,9.0,no,hospital C,urgente,12/07/2024,no,distrito 1,no
cirugía general,68.0,hombre,-99.0,11.0,0.0,domicilio,no,2.0,sí,hospital E,urgente,16/04/2025,si,distrito 10,sí
traumatología,79.0,hombre,2.0,1.0,0.0,domicilio,sí,2.0,no,hospital A,urgente,05/12/2024,no,distrito 3,sí
cirugia general,47.0,mujer,3.0,4.0,0.0,domicilio,no,2.0,no,hospital C,urgente,26/08/2024,si,distrito 1,no
medicina interna,61.0,hombre,5.0,2.0,1.0,domicilio,sí,4.0,no,hospital F,programado,03/09/2025,no,distrito 2,sí
  medicina interna ,53.0,hombre,5.0,1.0,2.0,domicilio,no,0.0,no,hospital F,programado,02/08/2025,no,distrito 9,no
medicina interna,48.0,hombre,8.0,1.0,0.0,domicilio,sí,12.0,no,hospital E,programado,12/11/2024,no,distrito 8,no
digestivo,45.0,mujer,6.0,0.0,1.0,domicilio,sí,4.0,sí,hospital A,urgente,30/04/2025,no,distrito 1,sí
cirugía general,68.0,hombre,6.0,0.0,1.0,domicilio,no,3.0,no,hospital B,urgente,28/07/2024,no,distrito 6,no
traumatología,74.0,hombre,5.0,0.0,0.0,domicilio,sí,2.0,no,hospital F,urgente,13/06/2025,no,distrito 9,sí
neumología,69.0,mujer,11.0,5.0,1.0,hospitalización a domicilio,sí,9.0,sí,hospital D,programado,25/04/2025,no,distrito 9,no
cirugía general,67.0,mujer,11.0,2.0,0.0,domicilio,sí,9.0,no,hospital F,urgente,23/11/2024,no,distrito 9,sí
cardiología,63.0,hombre,1.0,0.0,0.0,centro de media estancia,sí,7.0,no,hospital C,urgente,23/09/2024,no,distrito 10,no
digestivo,83.0,hombre,7.0,1.0,0.0,domicilio,no,6.0,no,hospital F,urgente,23/07/2025,no,distrito 6,no
traumatología,51.0,mujer,5.0,1.0,0.0,domicilio,no,9.0,no,hospital D,urgente,29/07/2024,no,distrito 8,sí
cirugia general,57.0,hombre,4.0,3.0,0.0,domicilio,sí,2.0,no,hospital B,urgente,23/07/2024,no,distrito 8,no
cardiología,55.0,hombre,3.0,0.0,0.0,domicilio,no,1.0,no,hospital F,urgente,05/07/2025,no,distrito 4,no
cardiología,30.0,mujer,8.0,4.0,2.0,hospitalización a domicilio,sí,3.0,no,hospital A,urgente,30/03/2025,no,distrito 10,no
cirugía general,70.0,hombre,6.0,0.0,1.0,domicilio,no,4.0,no,hospital A,urgente,18/10/2025,no,distrito 9,sí
neumologia,51.0,mujer,4.0,17.0,1.0,centro de media estancia,sí,7.0,no,hospital C,urgente,01/10/2024,si,distrito 4,no
cardiología,59.0,hombre,3.0,0.0,4.0,residencia,no,3.0,no,hospital D,urgente,26/05/2025,no,distrito 5,no
medicina interna,48.0,mujer,5.0,0.0,0.0,residencia,no,6.0,no,hospital F,programado,03/10/2024,no,distrito 4,sí
cirugía general,77.0,mujer,-99.0,0.0,0.0,domicilio,no,7.0,sí,hospital C,urgente,03/02/2025,no,distrito 7,sí
neumología,65.0,mujer,4.0,0.0,0.0,domicilio,no,2.0,no,hospital E,urgente,15/09/2025,no,distrito 2,sí
  cardiología ,42.0,hombre,11.0,2.0,0.0,domicilio,sí,19.0,no,hospital E,urgente,10/11/2025,si,distrito 9,sí
traumatología,90.0,hombre,13.0,2.0,1.0,residencia,no,7.0,no,hospital D,urgente,22/07/2024,si,distrito 10,no
medicina interna,50.0,hombre,1.0,1.0,0.0,domicilio,sí,3.0,no,hospital E,programado,27/08/2024,no,distrito 5,sí
cirugía general,58.0,mujer,12.0,0.0,1.0,domicilio,no,11.0,sí,hospital C,programado,19/06/2024,no,distrito 9,no
CIRUGÍA GENERAL,53.0,mujer,6.0,1.0,3.0,domicilio,sí,6.0,no,hospital D,urgente,11/10/2024,no,distrito 1,no
cardiología,75.0,hombre,8.0,0.0,1.0,domicilio,no,5.0,no,hospital B,urgente,21/03/2025,no,distrito 4,no
cirugía general,52.0,mujer,6.0,5.0,0.0,domicilio,no,4.0,no,hospital B,programado,05/07/2024,no,distrito 5,sí
medicina interna,58.0,mujer,4.0,2.0,0.0,domicilio,no,2.0,sí,hospital B,urgente,14/11/2024,no,distrito 2,sí
cirugía general,77.0,mujer,12.0,3.0,0.0,domicilio,no,1.0,no,hospital B,urgente,09/10/2024,no,distrito 6,sí
neumología,90.0,mujer,7.0,1.0,1.0,domicilio,sí,6.0,no,hospital C,programado,11/06/2024,no,distrito 9,sí
digestivo,66.0,mujer,10.0,1.0,1.0,domicilio,no,3.0,sí,hospital F,urgente,08/11/2025,no,distrito 8,no
medicina interna,85.0,hombre,10.0,5.0,1.0,domicilio,sí,9.0,no,hospital C,urgente,14/10/2025,no,distrito 6,sí
medicina interna,90.0,mujer,18.0,9.0,0.0,domicilio,no,11.0,no,hospital C,urgente,19/11/2025,si,distrito 2,no
  cardiología ,95.0,hombre,4.0,2.0,0.0,domicilio,no,15.0,no,hospital A,urgente,07/07/2024,no,distrito 7,no
digestivo,57.0,mujer,9.0,16.0,2.0,domicilio,sí,10.0,no,hospital D,programado,10/07/2024,si,distrito 4,no
neumología,55.0,hombre,16.0,3.0,0.0,residencia,sí,11.0,no,hospital D,N/D,03/11/2025,si,distrito 4,no
  medicina interna ,61.0,hombre,5.0,2.0,0.0,centro de media estancia,no,3.0,no,hospital F,urgente,25/08/2024,no,distrito 1,sí
medicina interna,62.0,hombre,6.0,3.0,0.0,domicilio,sí,6.0,no,hospital F,urgente,30/06/2025,si,distrito 2,sí
medicina interna,82.0,hombre,4.0,0.0,2.0,domicilio,no,3.0,no,hospital F,urgente,17/08/2025,no,distrito 3,no
cardiologia,59.0,mujer,13.0,0.0,0.0,domicilio,sí,2.0,no,hospital E,programado,03/03/2025,no,distrito 3,sí
neumología,68.0,hombre,-99.0,4.0,0.0,domicilio,sí,0.0,no,hospital D,urgente,25/06/2024,si,distrito 4,no
cardiología,80.0,mujer,7.0,1.0,0.0,domicilio,sí,6.0,no,hospital B,urgente,22/07/2025,no,distrito 3,sí
traumatología,58.0,mujer,10.0,0.0,5.0,domicilio,sí,11.0,no,hospital B,urgente,15/11/2025,no,distrito 9,no
neumología,73.0,hombre,14.0,11.0,0.0,domicilio,no,3.0,no,hospital E,programado,05/01/2025,si,distrito 5,no
digestivo,79.0,hombre,4.0,3.0,0.0,domicilio,sí,6.0,no,hospital B,urgente,17/06/2025,no,distrito 2,no
traumatología,54.0,hombre,-99.0,2.0,3.0,residencia,no,17.0,no,hospital B,programado,11/02/2025,no,distrito 10,no
cardiología,50.0,mujer,12.0,4.0,0.0,domicilio,sí,3.0,no,hospital D,urgente,08/10/2025,no,distrito 8,no
  medicina interna ,58.0,hombre,13.0,2.0,0.0,residencia,sí,6.0,no,hospital A,urgente,03/09/2025,no,distrito 10,no
cirugía general,71.0,mujer,4.0,4.0,1.0,domicilio,sí,5.0,no,hospital D,urgente,15/11/2025,no,distrito 3,sí
  medicina interna ,97.0,hombre,5.0,5.0,0.0,hospitalización a domicilio,sí,4.0,sí,hospital F,urgente,09/05/2025,no,distrito 9,no
medicina interna,62.0,mujer,4.0,1.0,0.0,domicilio,no,6.0,no,hospital C,urgente,10/09/2025,no,distrito 8,no
cirugía general,53.0,mujer,12.0,1.0,0.0,domicilio,sí,5.0,no,hospital D,urgente,14/01/2025,no,distrito 2,no
medicina interna,95.0,hombre,8.0,1.0,0.0,domicilio,no,4.0,no,hospital A,urgente,07/08/2024,no,distrito 8,no
medicina interna,57.0,mujer,5.0,11.0,0.0,domicilio,sí,2.0,no,hospital C,urgente,07/02/2025,no,distrito 4,sí
cirugía general,99.0,hombre,2.0,2.0,0.0,domicilio,sí,6.0,sí,hospital C,urgente,05/04/2025,no,distrito 5,no
cardiología,41.0,hombre,14.0,0.0,0.0,domicilio,sí,3.0,sí,hospital F,N/D,08/11/2025,no,distrito 2,no
medicina interna,100.0,mujer,10.0,6.0,0.0,domicilio,no,2.0,no,hospital E,programado,20/08/2024,si,distrito 6,sí
MEDICINA INTERNA,71.0,hombre,6.0,0.0,1.0,domicilio,sí,14.0,sí,hospital E,urgente,22/11/2025,no,distrito 1,no
neumología,73.0,mujer,5.0,0.0,2.0,domicilio,no,2.0,sí,hospital B,programado,01/06/2024,no,distrito 7,no
cirugía general,55.0,hombre,3.0,0.0,0.0,domicilio,no,3.0,no,hospital E,urgente,11/09/2024,no,distrito 1,sí
medicina interna,72.0,mujer,4.0,3.0,0.0,residencia,no,4.0,no,hospital C,urgente,07/10/2024,no,distrito 7,no
  digestivo ,59.0,mujer,4.0,1.0,0.0,domicilio,sí,13.0,no,hospital C,urgente,08/10/2024,no,distrito 6,no
  medicina interna ,52.0,hombre,3.0,3.0,0.0,domicilio,sí,10.0,no,hospital D,urgente,30/07/2024,no,distrito 3,sí
medicina interna,43.0,mujer,15.0,6.0,0.0,domicilio,sí,11.0,no,hospital D,urgente,02/05/2025,no,distrito 6,sí
  neumología ,49.0,mujer,5.0,2.0,0.0,domicilio,no,4.0,no,hospital F,programado,12/12/2024,no,distrito 7,no
cirugía general,65.0,hombre,-99.0,2.0,0.0,centro de media estancia,no,4.0,no,hospital F,urgente,10/09/2025,no,distrito 7,no
  neumología ,55.0,hombre,11.0,2.0,2.0,hospitalización a domicilio,no,6.0,no,hospital F,urgente,07/08/2025,no,distrito 1,no
neumología,60.0,hombre,10.0,0.0,0.0,domicilio,sí,3.0,no,hospital E,urgente,01/07/2024,si,distrito 2,no
traumatología,95.0,mujer,1.0,1.0,0.0,residencia,sí,9.0,no,hospital D,urgente,03/09/2025,no,distrito 9,no
neumología,99.0,mujer,3.0,0.0,0.0,domicilio,sí,8.0,sí,hospital B,urgente,14/01/2025,no,distrito 5,no
medicina interna,25.0,mujer,1.0,2.0,0.0,domicilio,no,5.0,no,hospital E,urgente,15/10/2025,no,distrito 1,no
medicina interna,69.0,mujer,5.0,2.0,0.0,residencia,sí,12.0,no,hospital D,programado,24/10/2024,no,distrito 4,no
cardiología,74.0,mujer,3.0,2.0,0.0,domicilio,no,7.0,no,hospital F,programado,26/07/2024,si,distrito 7,no
neumología,73.0,hombre,5.0,1.0,1.0,domicilio,sí,7.0,no,hospital A,urgente,29/09/2024,no,distrito 7,sí
traumatología,64.0,mujer,3.0,0.0,1.0,domicilio,sí,6.0,no,hospital E,programado,23/09/2025,no,distrito 7,no
digestivo,40.0,mujer,6.0,0.0,0.0,centro de media estancia,sí,6.0,no,hospital F,N/D,14/04/2025,no,distrito 6,sí
digestivo,83.0,mujer,19.0,1.0,0.0,residencia,no,7.0,no,hospital A,N/D,11/04/2025,si,distrito 2,sí
medicina interna,78.0,mujer,4.0,5.0,3.0,domicilio,sí,1.0,sí,hospital F,programado,06/01/2025,si,distrito 10,no
medicina interna,54.0,mujer,5.0,0.0,0.0,domicilio,sí,4.0,sí,hospital C,programado,03/08/2025,no,distrito 2,sí
medicina interna,53.0,hombre,12.0,0.0,0.0,domicilio,sí,6.0,no,hospital A,programado,07/09/2025,no,distrito 4,no
cardiología,87.0,mujer,11.0,0.0,5.0,domicilio,sí,11.0,no,hospital C,programado,24/12/2024,no,distrito 4,sí
cirugía general,99.0,hombre,14.0,3.0,0.0,domicilio,sí,7.0,sí,hospital A,urgente,23/01/2025,no,distrito 6,no
digestivo,71.0,mujer,8.0,7.0,1.0,centro de media estancia,sí,13.0,no,hospital E,urgente,03/12/2024,no,distrito 7,no
digestivo,72.0,hombre,4.0,1.0,0.0,hospitalización a domicilio,sí,4.0,sí,hospital E,N/D,22/03/2025,no,distrito 8,no
traumatología,84.0,hombre,7.0,0.0,0.0,domicilio,sí,5.0,no,hospital F,urgente,09/11/2025,no,distrito 9,no
cardiologia,92.0,mujer,1.0,0.0,0.0,residencia,no,3.0,no,hospital D,programado,02/02/2025,no,distrito 8,no
  medicina interna ,74.0,hombre,14.0,5.0,0.0,residencia,no,20.0,no,hospital F,urgente,20/12/2024,si,distrito 1,no
cirugía general,51.0,mujer,4.0,11.0,1.0,domicilio,sí,7.0,sí,hospital B,urgente,29/03/2025,si,distrito 5,sí
MEDICINA INTERNA,65.0,hombre,7.0,4.0,0.0,domicilio,sí,2.0,no,hospital E,urgente,09/09/2025,no,distrito 9,sí
cirugia general,36.0,hombre,10.0,3.0,3.0,domicilio,sí,6.0,no,hospital D,urgente,05/02/2025,si,distrito 5,sí
medicina interna,59.0,hombre,14.0,0.0,0.0,domicilio,sí,5.0,sí,hospital D,programado,19/11/2024,no,distrito 3,sí
digestivo,49.0,mujer,11.0,0.0,0.0,domicilio,sí,11.0,no,hospital E,urgente,12/08/2025,no,distrito 7,no
medicina interna,52.0,hombre,4.0,0.0,0.0,domicilio,sí,7.0,no,hospital D,urgente,12/08/2025,no,distrito 2,no
medicina interna,73.0,hombre,8.0,1.0,0.0,domicilio,sí,4.0,sí,hospital C,urgente,10/11/2025,no,distrito 7,sí
  medicina interna ,47.0,hombre,6.0,1.0,0.0,domicilio,sí,14.0,no,hospital F,programado,08/07/2025,no,distrito 3,no
cirugía general,73.0,mujer,2.0,2.0,0.0,domicilio,sí,2.0,no,hospital E,urgente,02/08/2024,no,distrito 8,no
MEDICINA INTERNA,62.0,mujer,22.0,2.0,0.0,domicilio,sí,4.0,no,hospital D,urgente,28/09/2024,si,distrito 8,no
traumatología,42.0,hombre,6.0,0.0,1.0,hospitalización a domicilio,sí,6.0,no,hospital A,urgente,16/08/2025,no,distrito 10,sí
MEDICINA INTERNA,72.0,hombre,2.0,2.0,0.0,domicilio,no,6.0,no,hospital D,programado,25/05/2025,no,distrito 5,sí
  traumatología ,63.0,hombre,13.0,0.0,0.0,residencia,sí,6.0,no,hospital E,urgente,25/02/2025,no,distrito 10,no
  traumatología ,72.0,hombre,6.0,1.0,0.0,domicilio,no,11.0,no,hospital D,urgente,04/10/2025,no,distrito 5,sí
cardiología,32.0,mujer,6.0,2.0,0.0,domicilio,sí,4.0,sí,hospital C,urgente,12/10/2024,no,distrito 7,sí
  medicina interna ,92.0,hombre,8.0,0.0,2.0,domicilio,sí,3.0,no,hospital C,urgente,05/10/2024,no,distrito 3,no
medicina interna,67.0,mujer,4.0,10.0,0.0,domicilio,sí,5.0,no,hospital B,programado,17/02/2025,no,distrito 2,sí
digestivo,90.0,hombre,21.0,1.0,0.0,domicilio,sí,6.0,no,hospital E,urgente,06/11/2024,no,distrito 1,no
cardiología,72.0,hombre,4.0,4.0,0.0,hospitalización a domicilio,sí,5.0,no,hospital A,urgente,15/11/2025,no,distrito 10,sí
CIRUGÍA GENERAL,68.0,hombre,4.0,1.0,1.0,domicilio,no,7.0,sí,hospital A,urgente,07/09/2025,no,distrito 5,no
neumologia,81.0,mujer,2.0,1.0,0.0,residencia,sí,3.0,no,hospital B,programado,20/12/2024,no,distrito 5,no
neumología,70.0,mujer,5.0,2.0,0.0,hospitalización a domicilio,sí,1.0,sí,hospital F,urgente,08/10/2024,no,distrito 6,sí
TRAUMATOLOGÍA,66.0,mujer,2.0,0.0,0.0,domicilio,sí,7.0,no,hospital C,urgente,16/04/2025,no,distrito 2,no
CARDIOLOGÍA,89.0,hombre,17.0,2.0,1.0,domicilio,sí,3.0,sí,hospital D,urgente,26/07/2024,no,distrito 4,no
traumatología,69.0,hombre,-99.0,1.0,0.0,domicilio,no,2.0,sí,hospital D,urgente,19/10/2025,no,distrito 4,sí
traumatología,65.0,hombre,8.0,1.0,1.0,domicilio,no,6.0,no,hospital C,urgente,31/07/2025,no,distrito 4,no
cardiología,31.0,mujer,-99.0,7.0,0.0,domicilio,sí,3.0,no,hospital C,N/D,27/04/2025,no,distrito 7,no
neumología,80.0,hombre,12.0,3.0,0.0,domicilio,no,5.0,no,hospital D,programado,20/12/2024,no,distrito 10,no
MEDICINA INTERNA,94.0,mujer,8.0,1.0,0.0,domicilio,sí,0.0,sí,hospital D,urgente,27/07/2024,no,distrito 7,sí
traumatología,70.0,mujer,6.0,0.0,0.0,domicilio,no,9.0,sí,hospital A,programado,15/09/2024,no,distrito 10,no
cirugía general,67.0,hombre,6.0,6.0,0.0,domicilio,no,12.0,no,hospital E,urgente,04/11/2025,no,distrito 10,no
medicina interna,55.0,hombre,4.0,0.0,1.0,domicilio,sí,17.0,sí,hospital D,urgente,27/10/2025,no,distrito 1,no
traumatología,41.0,hombre,8.0,3.0,0.0,domicilio,sí,9.0,no,hospital D,programado,10/08/2024,no,distrito 4,no
traumatología,84.0,mujer,15.0,1.0,2.0,domicilio,sí,3.0,no,hospital C,urgente,26/07/2024,no,distrito 7,sí
cirugia general,70.0,mujer,9.0,1.0,0.0,domicilio,sí,11.0,sí,hospital F,urgente,28/10/2024,no,distrito 9,no
medicina interna,100.0,mujer,11.0,0.0,4.0,hospitalización a domicilio,sí,8.0,no,hospital F,urgente,13/04/2025,no,distrito 3,no
digestivo,66.0,mujer,7.0,0.0,2.0,hospitalización a domicilio,no,11.0,sí,hospital E,N/D,02/06/2024,no,distrito 7,sí
traumatología,70.0,mujer,4.0,4.0,1.0,domicilio,sí,6.0,no,hospital A,urgente,15/06/2024,no,distrito 2,sí
NEUMOLOGÍA,62.0,hombre,1.0,1.0,0.0,domicilio,sí,10.0,no,hospital D,urgente,19/09/2024,no,distrito 6,no
cirugia general,35.0,hombre,6.0,6.0,1.0,domicilio,sí,7.0,no,hospital E,urgente,27/06/2024,si,distrito 4,no
medicina interna,64.0,mujer,11.0,0.0,0.0,residencia,sí,6.0,no,hospital F,urgente,02/10/2025,no,distrito 6,sí
traumatologia,71.0,hombre,5.0,7.0,0.0,domicilio,no,2.0,no,hospital A,programado,18/01/2025,si,distrito 5,no
medicina interna,53.0,mujer,11.0,0.0,0.0,domicilio,no,8.0,no,hospital E,urgente,11/06/2025,no,distrito 10,no
traumatología,56.0,mujer,5.0,2.0,1.0,centro de media estancia,no,2.0,no,hospital C,programado,11/11/2024,no,distrito 7,sí
medicina interna,49.0,hombre,-99.0,0.0,0.0,domicilio,sí,4.0,no,hospital F,urgente,13/03/2025,si,distrito 10,no
traumatología,88.0,hombre,10.0,0.0,0.0,domicilio,sí,7.0,sí,hospital D,urgente,22/09/2024,no,distrito 8,no
NEUMOLOGÍA,56.0,mujer,7.0,2.0,3.0,hospitalización a domicilio,no,0.0,no,hospital B,urgente,10/06/2024,no,distrito 10,no
cirugía general,22.0,mujer,4.0,7.0,0.0,domicilio,sí,3.0,no,hospital E,urgente,27/10/2025,no,distrito 10,no
medicina interna,55.0,hombre,4.0,1.0,0.0,residencia,sí,2.0,no,hospital E,urgente,06/05/2025,no,distrito 8,sí
cardiología,97.0,mujer,4.0,0.0,2.0,domicilio,sí,6.0,no,hospital C,urgente,03/05/2025,no,distrito 9,sí
medicina interna,72.0,hombre,15.0,5.0,1.0,domicilio,sí,5.0,no,hospital F,urgente,08/08/2024,no,distrito 10,no
medicina interna,88.0,mujer,5.0,0.0,1.0,domicilio,sí,9.0,no,hospital B,programado,13/02/2025,no,distrito 6,no
medicina interna,96.0,mujer,14.0,3.0,2.0,domicilio,no,16.0,no,hospital E,urgente,28/05/2025,no,distrito 10,sí
cardiología,81.0,mujer,2.0,0.0,0.0,residencia,no,3.0,no,hospital F,programado,21/10/2024,no,distrito 9,no
medicina interna,95.0,hombre,5.0,4.0,0.0,domicilio,no,2.0,no,hospital C,urgente,06/03/2025,si,distrito 10,no
CARDIOLOGÍA,51.0,hombre,9.0,0.0,0.0,domicilio,sí,12.0,sí,hospital E,urgente,17/09/2024,no,distrito 7,sí
neumología,59.0,mujer,3.0,0.0,1.0,centro de media estancia,sí,5.0,sí,hospital B,programado,16/06/2025,no,distrito 4,no
cardiología,66.0,mujer,0.0,1.0,1.0,domicilio,sí,4.0,no,hospital C,urgente,01/07/2025,no,distrito 2,sí
medicina interna,68.0,mujer,3.0,3.0,0.0,domicilio,sí,3.0,sí,hospital F,urgente,16/05/2025,no,distrito 3,sí
cardiología,72.0,hombre,14.0,0.0,0.0,domicilio,sí,5.0,no,hospital E,N/D,30/07/2025,no,distrito 2,no
  cardiología ,78.0,hombre,2.0,1.0,0.0,domicilio,sí,2.0,sí,hospital B,programado,31/07/2024,no,distrito 10,sí
medicina interna,67.0,mujer,-99.0,0.0,0.0,domicilio,sí,15.0,no,hospital E,programado,10/10/2025,no,distrito 6,sí
neumología,83.0,mujer,8.0,2.0,0.0,domicilio,sí,2.0,no,hospital F,urgente,05/07/2024,no,distrito 8,sí
traumatología,84.0,hombre,7.0,1.0,0.0,residencia,no,7.0,sí,hospital A,programado,09/07/2025,no,distrito 10,sí
digestivo,81.0,mujer,8.0,0.0,1.0,domicilio,sí,7.0,no,hospital D,programado,28/10/2024,no,distrito 1,no
medicina interna,86.0,hombre,2.0,4.0,2.0,domicilio,no,15.0,no,hospital E,urgente,14/10/2025,si,distrito 8,no
  medicina interna ,68.0,hombre,8.0,1.0,3.0,domicilio,sí,2.0,sí,hospital A,urgente,10/10/2025,no,distrito 8,no
digestivo,84.0,mujer,6.0,1.0,0.0,domicilio,sí,14.0,no,hospital B,urgente,07/03/2025,no,distrito 2,sí
traumatología,81.0,mujer,5.0,0.0,1.0,domicilio,no,3.0,no,hospital F,urgente,14/07/2025,no,distrito 4,no
neumología,70.0,hombre,5.0,2.0,0.0,domicilio,sí,4.0,sí,hospital A,urgente,05/01/2025,no,distrito 1,sí
neumología,41.0,mujer,3.0,2.0,0.0,domicilio,sí,7.0,no,hospital B,urgente,21/12/2024,no,distrito 1,no
medicina interna,73.0,hombre,3.0,8.0,0.0,domicilio,no,3.0,no,hospital D,programado,03/11/2024,no,distrito 9,no
neumología,51.0,hombre,3.0,0.0,1.0,domicilio,no,9.0,sí,hospital F,programado,15/03/2025,no,distrito 1,no
MEDICINA INTERNA,72.0,mujer,6.0,1.0,0.0,hospitalización a domicilio,sí,10.0,no,hospital B,urgente,22/03/2025,no,distrito 8,no
traumatología,28.0,mujer,22.0,5.0,2.0,domicilio,sí,3.0,no,hospital A,programado,07/03/2025,no,distrito 9,sí
TRAUMATOLOGÍA,80.0,hombre,2.0,4.0,0.0,domicilio,sí,3.0,no,hospital A,urgente,11/06/2024,no,distrito 2,no
traumatología,72.0,hombre,8.0,3.0,2.0,domicilio,sí,9.0,sí,hospital A,programado,12/10/2025,no,distrito 3,no
NEUMOLOGÍA,92.0,hombre,9.0,6.0,0.0,domicilio,no,10.0,no,hospital F,urgente,03/08/2025,si,distrito 4,no
medicina interna,82.0,mujer,4.0,1.0,0.0,domicilio,no,2.0,no,hospital D,urgente,28/12/2024,no,distrito 3,sí
digestivo,58.0,hombre,12.0,2.0,0.0,domicilio,sí,8.0,sí,hospital E,urgente,25/06/2025,no,distrito 9,no
  digestivo ,83.0,mujer,4.0,2.0,1.0,domicilio,sí,14.0,sí,hospital B,urgente,31/10/2025,no,distrito 4,sí
medicina interna,62.0,mujer,3.0,4.0,1.0,domicilio,sí,16.0,no,hospital A,urgente,18/12/2024,no,distrito 10,sí
cirugía general,81.0,mujer,5.0,2.0,0.0,hospitalización a domicilio,sí,3.0,no,hospital E,urgente,14/10/2024,no,distrito 9,sí
cirugía general,56.0,mujer,3.0,5.0,2.0,domicilio,sí,15.0,no,hospital D,programado,18/10/2024,no,distrito 10,sí
digestivo,57.0,hombre,11.0,2.0,0.0,hospitalización a domicilio,no,2.0,no,hospital C,programado,23/01/2025,no,distrito 9,sí
cardiologia,48.0,mujer,10.0,5.0,3.0,residencia,no,3.0,no,hospital B,urgente,07/03/2025,si,distrito 10,sí
medicina interna,98.0,hombre,1.0,2.0,0.0,domicilio,sí,1.0,no,hospital E,programado,02/07/2024,no,distrito 2,sí
traumatología,92.0,hombre,4.0,2.0,0.0,residencia,no,2.0,sí,hospital E,urgente,17/11/2024,si,distrito 4,no
medicina interna,69.0,mujer,10.0,0.0,0.0,domicilio,sí,6.0,sí,hospital D,urgente,21/01/2025,no,distrito 10,sí
neumología,61.0,mujer,2.0,0.0,0.0,domicilio,no,4.0,sí,hospital C,urgente,05/08/2024,no,distrito 6,sí
CARDIOLOGÍA,70.0,mujer,3.0,2.0,1.0,residencia,sí,6.0,no,hospital A,urgente,23/09/2024,no,distrito 10,no
medicina interna,82.0,hombre,12.0,2.0,0.0,domicilio,no,1.0,sí,hospital D,urgente,04/03/2025,no,distrito 10,sí
cirugía general,72.0,hombre,2.0,0.0,0.0,domicilio,sí,6.0,no,hospital E,urgente,17/08/2024,no,distrito 7,no
neumología,49.0,hombre,5.0,3.0,0.0,residencia,no,18.0,sí,hospital E,programado,31/07/2025,no,distrito 7,sí
MEDICINA INTERNA,66.0,hombre,2.0,3.0,0.0,centro de media estancia,sí,10.0,no,hospital A,urgente,30/05/2025,no,distrito 1,no
medicina interna,93.0,hombre,3.0,4.0,0.0,domicilio,no,8.0,no,hospital A,urgente,24/10/2025,si,distrito 10,sí
traumatología,56.0,hombre,13.0,1.0,1.0,domicilio,sí,5.0,no,hospital B,programado,23/11/2024,no,distrito 5,no
CIRUGÍA GENERAL,54.0,mujer,5.0,3.0,0.0,hospitalización a domicilio,sí,1.0,no,hospital F,urgente,12/02/2025,no,distrito 2,no
cardiología,73.0,hombre,2.0,0.0,0.0,domicilio,no,0.0,sí,hospital E,urgente,20/07/2024,no,distrito 1,no
cirugía general,52.0,hombre,3.0,3.0,0.0,domicilio,sí,5.0,no,hospital A,urgente,18/06/2025,no,distrito 2,no
TRAUMATOLOGÍA,97.0,mujer,15.0,0.0,1.0,domicilio,no,8.0,no,hospital F,urgente,30/10/2024,no,distrito 10,no
traumatología,89.0,hombre,6.0,1.0,5.0,domicilio,sí,7.0,no,hospital A,urgente,11/04/2025,no,distrito 3,sí
medicina interna,65.0,hombre,8.0,4.0,0.0,domicilio,sí,16.0,no,hospital E,urgente,30/11/2024,no,distrito 9,sí
digestivo,76.0,hombre,7.0,14.0,0.0,domicilio,sí,7.0,sí,hospital A,urgente,01/12/2024,no,distrito 1,sí
CARDIOLOGÍA,89.0,mujer,10.0,5.0,0.0,residencia,no,9.0,no,hospital A,urgente,13/12/2024,si,distrito 10,sí
TRAUMATOLOGÍA,83.0,hombre,8.0,4.0,0.0,residencia,no,5.0,no,hospital C,urgente,05/09/2025,no,distrito 9,no
neumología,65.0,mujer,5.0,3.0,1.0,centro de media estancia,no,14.0,sí,hospital B,N/D,15/08/2024,no,distrito 8,sí
neumología,63.0,mujer,-99.0,0.0,1.0,domicilio,sí,0.0,no,hospital B,urgente,30/06/2024,no,distrito 9,no
traumatologia,54.0,hombre,5.0,0.0,0.0,residencia,sí,18.0,no,hospital A,N/D,30/04/2025,no,distrito 3,no
  digestivo ,74.0,hombre,10.0,1.0,2.0,domicilio,no,7.0,no,hospital B,programado,31/03/2025,no,distrito 6,sí
digestivo,66.0,hombre,-99.0,3.0,0.0,centro de media estancia,sí,7.0,no,hospital D,N/D,21/08/2025,no,distrito 1,sí
neumología,71.0,mujer,-99.0,0.0,1.0,domicilio,no,6.0,sí,hospital F,urgente,31/12/2024,no,distrito 10,no
  medicina interna ,25.0,hombre,3.0,0.0,0.0,domicilio,sí,1.0,no,hospital B,programado,21/02/2025,no,distrito 9,sí
DIGESTIVO,65.0,hombre,-99.0,8.0,0.0,domicilio,no,2.0,no,hospital D,urgente,28/01/2025,si,distrito 3,no
traumatología,62.0,hombre,8.0,0.0,3.0,domicilio,sí,4.0,sí,hospital A,urgente,22/10/2025,no,distrito 9,sí
medicina interna,78.0,mujer,5.0,0.0,2.0,domicilio,sí,4.0,no,hospital E,programado,21/08/2025,no,distrito 5,no
  cardiología ,77.0,hombre,-99.0,9.0,0.0,domicilio,sí,6.0,sí,hospital E,urgente,01/11/2024,no,distrito 7,no
cirugía general,86.0,hombre,7.0,12.0,0.0,domicilio,no,10.0,no,hospital E,urgente,31/12/2024,no,distrito 9,no
MEDICINA INTERNA,52.0,mujer,7.0,0.0,1.0,domicilio,sí,7.0,no,hospital F,programado,14/09/2024,no,distrito 4,no
medicina interna,93.0,mujer,4.0,4.0,0.0,domicilio,sí,5.0,no,hospital D,urgente,25/02/2025,no,distrito 5,sí
cirugia general,54.0,hombre,4.0,3.0,1.0,domicilio,no,9.0,sí,hospital F,urgente,06/07/2025,no,distrito 7,no
medicina interna,63.0,mujer,1.0,1.0,0.0,domicilio,sí,8.0,no,hospital B,urgente,05/06/2025,no,distrito 1,no
cirugía general,76.0,mujer,16.0,6.0,0.0,domicilio,sí,2.0,no,hospital D,urgente,20/08/2025,no,distrito 1,sí
medicina interna,65.0,mujer,9.0,2.0,0.0,residencia,no,8.0,sí,hospital D,urgente,30/09/2024,no,distrito 9,no
medicina interna,80.0,mujer,22.0,0.0,1.0,domicilio,sí,9.0,no,hospital C,urgente,20/10/2025,no,distrito 7,sí
  neumología ,68.0,hombre,1.0,3.0,0.0,domicilio,sí,3.0,no,hospital C,urgente,15/08/2024,si,distrito 8,sí
TRAUMATOLOGÍA,34.0,hombre,-99.0,1.0,0.0,domicilio,sí,4.0,no,hospital A,urgente,01/09/2025,no,distrito 5,no
cardiología,53.0,mujer,9.0,0.0,0.0,hospitalización a domicilio,sí,2.0,no,hospital C,urgente,26/12/2024,no,distrito 7,no
medicina interna,51.0,mujer,17.0,1.0,3.0,domicilio,no,5.0,no,hospital B,urgente,05/09/2024,si,distrito 6,no
digestivo,38.0,mujer,7.0,0.0,1.0,domicilio,no,10.0,sí,hospital E,urgente,27/08/2025,no,distrito 3,no
cirugía general,89.0,mujer,-99.0,2.0,0.0,residencia,sí,6.0,no,hospital C,urgente,25/07/2024,no,distrito 9,sí
traumatología,70.0,mujer,12.0,0.0,0.0,domicilio,sí,2.0,no,hospital A,urgente,12/10/2025,no,distrito 6,no
medicina interna,51.0,hombre,2.0,4.0,0.0,domicilio,sí,1.0,no,hospital A,urgente,07/09/2024,no,distrito 3,sí
cirugia general,68.0,mujer,8.0,1.0,0.0,domicilio,no,4.0,no,hospital D,urgente,23/05/2025,no,distrito 9,sí
digestivo,88.0,hombre,3.0,5.0,1.0,domicilio,sí,7.0,sí,hospital C,programado,08/10/2024,si,distrito 10,no
digestivo,53.0,hombre,2.0,2.0,0.0,domicilio,sí,0.0,no,hospital E,programado,21/11/2024,no,distrito 7,no
medicina interna,91.0,hombre,4.0,1.0,1.0,domicilio,sí,4.0,no,hospital E,urgente,05/11/2024,no,distrito 8,no
NEUMOLOGÍA,83.0,mujer,1.0,1.0,0.0,domicilio,no,4.0,sí,hospital F,urgente,16/02/2025,no,distrito 2,no
neumología,39.0,hombre,-99.0,1.0,0.0,domicilio,sí,7.0,no,hospital C,programado,15/09/2024,no,distrito 6,sí
cirugía general,52.0,mujer,15.0,1.0,1.0,centro de media estancia,sí,7.0,no,hospital C,programado,20/06/2025,no,distrito 1,no
TRAUMATOLOGÍA,58.0,hombre,5.0,3.0,0.0,residencia,no,1.0,no,hospital A,programado,31/08/2025,si,distrito 3,no
DIGESTIVO,63.0,hombre,9.0,0.0,0.0,residencia,sí,3.0,no,hospital F,urgente,10/08/2024,no,distrito 5,no
cirugía general,57.0,hombre,-99.0,1.0,0.0,hospitalización a domicilio,sí,3.0,sí,hospital E,urgente,18/01/2025,no,distrito 6,sí
medicina interna,84.0,mujer,7.0,5.0,2.0,domicilio,sí,3.0,no,hospital F,urgente,03/11/2025,si,distrito 1,no
cirugía general,96.0,mujer,4.0,2.0,0.0,domicilio,no,8.0,no,hospital E,programado,14/06/2024,no,distrito 4,no
NEUMOLOGÍA,43.0,hombre,5.0,5.0,0.0,domicilio,no,5.0,no,hospital E,programado,21/05/2025,no,distrito 3,no
cirugía general,70.0,mujer,8.0,2.0,1.0,domicilio,no,8.0,no,hospital D,urgente,18/05/2025,no,distrito 4,no
medicina interna,100.0,hombre,5.0,5.0,2.0,domicilio,sí,1.0,no,hospital F,programado,31/07/2024,si,distrito 8,sí
cirugia general,74.0,mujer,4.0,4.0,1.0,residencia,sí,3.0,sí,hospital C,programado,28/06/2025,no,distrito 6,sí
neumología,68.0,mujer,11.0,1.0,0.0,domicilio,sí,6.0,no,hospital E,urgente,22/09/2025,no,distrito 4,sí
cardiología,64.0,hombre,8.0,1.0,0.0,residencia,sí,27.0,no,hospital D,urgente,28/09/2024,no,distrito 6,no
neumologia,88.0,hombre,14.0,2.0,1.0,residencia,no,3.0,no,hospital C,urgente,20/02/2025,no,distrito 9,no
cirugía general,68.0,hombre,7.0,1.0,0.0,domicilio,sí,6.0,no,hospital E,programado,03/06/2024,no,distrito 9,sí
CIRUGÍA GENERAL,51.0,mujer,6.0,0.0,0.0,domicilio,sí,8.0,sí,hospital E,urgente,13/06/2025,no,distrito 6,no
  traumatología ,64.0,hombre,2.0,2.0,0.0,domicilio,sí,8.0,no,hospital D,urgente,29/10/2025,no,distrito 2,no
  medicina interna ,65.0,mujer,-99.0,1.0,0.0,domicilio,sí,7.0,no,hospital F,urgente,04/09/2024,no,distrito 1,no
traumatología,45.0,mujer,2.0,2.0,0.0,domicilio,sí,5.0,no,hospital A,urgente,16/11/2024,no,distrito 10,no
cardiología,54.0,hombre,3.0,1.0,0.0,residencia,sí,4.0,no,hospital A,urgente,23/06/2025,si,distrito 1,no
  neumología ,36.0,hombre,7.0,4.0,1.0,domicilio,sí,5.0,no,hospital A,urgente,23/09/2024,no,distrito 6,sí
medicina interna,49.0,mujer,2.0,3.0,1.0,domicilio,sí,4.0,sí,hospital A,urgente,28/10/2025,no,distrito 5,sí
neumología,42.0,mujer,3.0,1.0,1.0,residencia,sí,17.0,no,hospital E,urgente,06/02/2025,no,distrito 9,sí
medicina interna,42.0,mujer,8.0,1.0,0.0,domicilio,sí,2.0,no,hospital A,urgente,08/06/2025,no,distrito 5,no
DIGESTIVO,51.0,mujer,4.0,5.0,0.0,residencia,sí,4.0,no,hospital E,urgente,24/04/2025,si,distrito 2,no
medicina interna,74.0,mujer,3.0,4.0,0.0,residencia,sí,8.0,sí,hospital B,programado,05/07/2025,no,distrito 9,no
neumología,21.0,hombre,2.0,0.0,0.0,domicilio,sí,2.0,no,hospital D,urgente,13/05/2025,no,distrito 1,no
cirugia general,94.0,mujer,3.0,3.0,1.0,residencia,sí,4.0,no,hospital A,urgente,26/05/2025,si,distrito 4,sí
cirugía general,51.0,hombre,9.0,0.0,0.0,domicilio,sí,4.0,sí,hospital F,programado,22/06/2025,no,distrito 3,sí
digestivo,63.0,mujer,3.0,3.0,0.0,hospitalización a domicilio,sí,10.0,sí,hospital F,urgente,31/07/2025,no,distrito 5,no
traumatología,84.0,hombre,8.0,7.0,0.0,domicilio,no,15.0,sí,hospital E,urgente,02/03/2025,no,distrito 1,sí
CARDIOLOGÍA,92.0,hombre,8.0,0.0,0.0,domicilio,sí,7.0,sí,hospital D,urgente,14/07/2025,si,distrito 6,no
digestivo,62.0,hombre,-99.0,0.0,1.0,domicilio,sí,9.0,no,hospital A,N/D,08/05/2025,no,distrito 9,no
CARDIOLOGÍA,51.0,hombre,2.0,2.0,2.0,domicilio,no,0.0,no,hospital C,programado,01/11/2025,no,distrito 8,no
digestivo,69.0,hombre,23.0,6.0,0.0,domicilio,sí,8.0,no,hospital C,urgente,19/04/2025,no,distrito 7,no
  traumatología ,89.0,mujer,1.0,0.0,0.0,domicilio,sí,10.0,no,hospital C,urgente,16/06/2024,no,distrito 5,no
CARDIOLOGÍA,54.0,mujer,10.0,1.0,0.0,hospitalización a domicilio,sí,2.0,no,hospital E,urgente,28/07/2025,no,distrito 2,sí
cardiología,69.0,hombre,4.0,2.0,0.0,domicilio,sí,5.0,no,hospital D,programado,14/04/2025,no,distrito 10,sí
traumatología,60.0,hombre,13.0,0.0,0.0,domicilio,sí,7.0,no,hospital F,urgente,14/10/2025,no,distrito 9,no
cardiología,88.0,hombre,1.0,0.0,1.0,residencia,sí,12.0,sí,hospital B,urgente,31/05/2025,no,distrito 2,sí
medicina interna,83.0,hombre,-99.0,3.0,0.0,hospitalización a domicilio,sí,7.0,no,hospital F,programado,28/03/2025,no,distrito 10,sí
cirugía general,61.0,hombre,3.0,1.0,0.0,residencia,no,13.0,no,hospital C,urgente,17/04/2025,no,distrito 2,sí
  medicina interna ,63.0,hombre,4.0,2.0,0.0,domicilio,sí,1.0,no,hospital D,urgente,22/07/2025,no,distrito 5,sí
digestivo,48.0,mujer,5.0,2.0,0.0,hospitalización a domicilio,sí,11.0,no,hospital B,urgente,04/03/2025,no,distrito 2,sí
  medicina interna ,72.0,mujer,11.0,3.0,1.0,domicilio,no,4.0,no,hospital E,urgente,24/09/2025,si,distrito 7,no
neumología,56.0,mujer,1.0,1.0,0.0,domicilio,no,7.0,no,hospital A,urgente,12/12/2024,no,distrito 5,sí
neumologia,75.0,mujer,4.0,0.0,2.0,domicilio,sí,23.0,no,hospital D,programado,22/09/2025,no,distrito 10,sí
cirugia general,86.0,mujer,2.0,0.0,0.0,domicilio,no,14.0,sí,hospital F,urgente,09/07/2024,no,distrito 4,sí
medicina interna,85.0,mujer,11.0,1.0,0.0,residencia,no,10.0,no,hospital B,urgente,12/05/2025,no,distrito 4,sí
cardiología,54.0,hombre,3.0,3.0,0.0,domicilio,sí,8.0,no,hospital B,urgente,18/12/2024,no,distrito 7,no
medicina interna,64.0,mujer,1.0,2.0,1.0,domicilio,sí,1.0,no,hospital E,urgente,21/02/2025,no,distrito 7,no
cardiologia,70.0,mujer,6.0,5.0,0.0,residencia,sí,4.0,no,hospital A,urgente,17/09/2025,no,distrito 1,sí
cardiologia,48.0,hombre,4.0,4.0,4.0,domicilio,no,5.0,no,hospital A,urgente,28/07/2025,no,distrito 3,no
traumatología,81.0,mujer,3.0,1.0,1.0,domicilio,sí,2.0,no,hospital F,programado,08/05/2025,no,distrito 3,sí
medicina interna,66.0,hombre,2.0,3.0,0.0,domicilio,no,13.0,no,hospital E,urgente,13/08/2025,si,distrito 2,no
traumatología,100.0,hombre,9.0,0.0,0.0,domicilio,no,3.0,no,hospital A,N/D,08/07/2025,no,distrito 7,no
cardiología,49.0,hombre,6.0,3.0,2.0,residencia,sí,14.0,no,hospital B,programado,01/02/2025,no,distrito 6,sí
  medicina interna ,52.0,mujer,2.0,2.0,0.0,domicilio,no,5.0,no,hospital C,urgente,16/02/2025,si,distrito 6,no
medicina interna,44.0,mujer,10.0,3.0,0.0,domicilio,sí,3.0,sí,hospital E,urgente,24/08/2024,no,distrito 10,no
traumatología,78.0,hombre,6.0,0.0,0.0,domicilio,no,3.0,no,hospital A,urgente,21/11/2025,no,distrito 3,sí
cirugía general,71.0,hombre,2.0,1.0,1.0,residencia,no,10.0,no,hospital B,urgente,20/08/2024,si,distrito 10,no
traumatología,59.0,mujer,3.0,4.0,0.0,hospitalización a domicilio,no,3.0,sí,hospital E,urgente,28/06/2025,si,distrito 7,no
medicina interna,56.0,hombre,14.0,0.0,1.0,domicilio,sí,11.0,no,hospital A,urgente,06/07/2025,no,distrito 1,sí
NEUMOLOGÍA,61.0,mujer,7.0,4.0,2.0,domicilio,sí,8.0,no,hospital F,urgente,12/11/2025,no,distrito 2,no
digestivo,58.0,mujer,10.0,3.0,0.0,domicilio,sí,12.0,sí,hospital C,programado,13/12/2024,no,distrito 6,no
CARDIOLOGÍA,67.0,mujer,10.0,0.0,0.0,domicilio,sí,2.0,sí,hospital A,urgente,21/01/2025,no,distrito 6,no
traumatología,90.0,mujer,5.0,2.0,1.0,domicilio,sí,8.0,no,hospital B,programado,31/08/2024,no,distrito 4,no
medicina interna,69.0,hombre,3.0,9.0,1.0,domicilio,sí,14.0,no,hospital B,programado,06/07/2024,si,distrito 6,sí
cirugía general,82.0,hombre,11.0,0.0,0.0,residencia,sí,5.0,no,hospital E,programado,27/06/2025,no,distrito 5,no
medicina interna,87.0,mujer,4.0,2.0,1.0,domicilio,no,2.0,no,hospital D,urgente,19/11/2025,no,distrito 3,no
traumatología,55.0,mujer,5.0,6.0,0.0,domicilio,no,7.0,no,hospital F,programado,06/03/2025,no,distrito 8,sí
digestivo,90.0,mujer,-99.0,1.0,0.0,domicilio,sí,2.0,no,hospital F,urgente,01/07/2025,no,distrito 4,sí
medicina interna,45.0,mujer,1.0,3.0,0.0,domicilio,sí,5.0,no,hospital B,programado,31/03/2025,no,distrito 10,no
medicina interna,74.0,hombre,9.0,1.0,0.0,residencia,sí,5.0,no,hospital D,urgente,02/10/2025,no,distrito 7,no
cardiología,50.0,hombre,12.0,2.0,3.0,hospitalización a domicilio,sí,11.0,no,hospital D,urgente,10/10/2025,no,distrito 7,no
cirugía general,96.0,hombre,1.0,2.0,0.0,domicilio,no,2.0,no,hospital F,programado,24/07/2025,no,distrito 10,sí
medicina interna,68.0,mujer,9.0,0.0,1.0,domicilio,sí,2.0,no,hospital C,programado,31/01/2025,no,distrito 6,no
medicina interna,51.0,mujer,7.0,3.0,0.0,domicilio,sí,4.0,no,hospital A,urgente,07/04/2025,no,distrito 5,sí
medicina interna,66.0,hombre,10.0,1.0,0.0,domicilio,no,11.0,no,hospital F,urgente,28/06/2025,no,distrito 5,no
digestivo,82.0,mujer,3.0,2.0,0.0,domicilio,no,3.0,no,hospital E,programado,23/02/2025,si,distrito 7,sí
medicina interna,66.0,mujer,4.0,0.0,0.0,domicilio,no,6.0,no,hospital C,programado,30/01/2025,no,distrito 6,no
cirugía general,75.0,hombre,3.0,4.0,1.0,domicilio,sí,3.0,sí,hospital E,programado,23/11/2024,si,distrito 10,sí
cardiología,74.0,mujer,2.0,1.0,0.0,domicilio,sí,4.0,sí,hospital A,programado,30/07/2024,no,distrito 4,no
medicina interna,59.0,mujer,13.0,2.0,0.0,domicilio,sí,4.0,no,hospital E,urgente,29/03/2025,no,distrito 9,no
medicina interna,58.0,mujer,-99.0,2.0,0.0,centro de media estancia,sí,9.0,no,hospital A,urgente,14/01/2025,no,distrito 6,sí
cardiología,100.0,mujer,5.0,7.0,1.0,domicilio,no,4.0,no,hospital A,programado,18/08/2024,no,distrito 8,no
medicina interna,47.0,mujer,3.0,1.0,0.0,domicilio,sí,7.0,sí,hospital A,programado,07/09/2024,no,distrito 8,no
medicina interna,59.0,hombre,3.0,0.0,1.0,domicilio,no,0.0,no,hospital C,urgente,12/07/2025,no,distrito 6,sí
traumatología,93.0,mujer,14.0,0.0,0.0,domicilio,sí,9.0,no,hospital F,urgente,12/01/2025,no,distrito 2,sí
cardiología,54.0,hombre,5.0,2.0,1.0,residencia,sí,3.0,no,hospital A,programado,09/07/2024,no,distrito 10,no
cardiología,50.0,hombre,6.0,2.0,0.0,domicilio,sí,1.0,no,hospital B,urgente,14/08/2025,no,distrito 7,no
cardiología,35.0,mujer,4.0,0.0,0.0,domicilio,no,13.0,no,hospital A,programado,28/07/2025,no,distrito 6,sí
cardiología,57.0,hombre,5.0,4.0,0.0,domicilio,sí,16.0,no,hospital E,programado,30/06/2024,no,distrito 2,no
traumatología,37.0,hombre,-99.0,7.0,0.0,hospitalización a domicilio,no,8.0,sí,hospital E,programado,25/02/2025,si,distrito 5,no
cardiología,69.0,hombre,2.0,2.0,1.0,domicilio,no,4.0,no,hospital E,N/D,10/05/2025,no,distrito 3,no
  cardiología ,90.0,mujer,8.0,0.0,0.0,domicilio,sí,6.0,no,hospital C,urgente,24/10/2025,no,distrito 10,no
cardiologia,83.0,mujer,10.0,1.0,1.0,domicilio,no,4.0,no,hospital B,programado,31/05/2025,no,distrito 5,no
cardiología,72.0,hombre,5.0,4.0,2.0,residencia,sí,13.0,no,hospital F,urgente,22/07/2024,no,distrito 8,no
cardiología,18.0,hombre,-99.0,2.0,0.0,domicilio,no,3.0,no,hospital D,urgente,16/08/2024,no,distrito 6,sí
cirugia general,57.0,mujer,2.0,1.0,0.0,domicilio,sí,3.0,sí,hospital D,urgente,17/04/2025,no,distrito 3,no
traumatología,65.0,mujer,-99.0,1.0,0.0,domicilio,sí,9.0,sí,hospital F,N/D,29/08/2024,no,distrito 8,sí
neumología,66.0,hombre,8.0,1.0,1.0,hospitalización a domicilio,sí,4.0,no,hospital A,urgente,29/09/2024,no,distrito 3,sí
digestivo,45.0,hombre,6.0,1.0,3.0,domicilio,sí,10.0,sí,hospital E,urgente,16/10/2025,no,distrito 8,no
digestivo,47.0,mujer,7.0,7.0,0.0,domicilio,sí,4.0,no,hospital E,urgente,15/09/2025,si,distrito 9,no
  medicina interna ,91.0,mujer,10.0,11.0,0.0,residencia,sí,10.0,sí,hospital C,urgente,10/07/2024,si,distrito 4,sí
  traumatología ,74.0,mujer,3.0,1.0,1.0,residencia,no,12.0,no,hospital B,urgente,16/11/2024,no,distrito 9,no
traumatologia,56.0,hombre,20.0,0.0,0.0,domicilio,no,2.0,no,hospital A,urgente,14/11/2024,no,distrito 6,no
  medicina interna ,61.0,mujer,8.0,5.0,0.0,domicilio,no,5.0,no,hospital C,urgente,31/10/2025,si,distrito 4,sí
  cardiología ,73.0,mujer,12.0,2.0,1.0,domicilio,no,6.0,no,hospital D,urgente,14/05/2025,no,distrito 10,sí
medicina interna,50.0,hombre,6.0,1.0,0.0,domicilio,no,3.0,sí,hospital E,programado,13/02/2025,no,distrito 4,sí
cardiología,73.0,mujer,6.0,1.0,0.0,residencia,sí,2.0,no,hospital B,urgente,19/08/2025,no,distrito 2,no
CARDIOLOGÍA,81.0,hombre,18.0,0.0,1.0,domicilio,no,5.0,no,hospital A,programado,17/08/2025,no,distrito 5,sí
neumología,49.0,hombre,3.0,0.0,1.0,domicilio,no,8.0,no,hospital D,urgente,07/10/2024,no,distrito 2,no
CIRUGÍA GENERAL,61.0,mujer,3.0,2.0,0.0,domicilio,sí,2.0,no,hospital D,N/D,19/07/2024,no,distrito 1,no
neumologia,64.0,mujer,-99.0,3.0,0.0,domicilio,no,5.0,no,hospital F,urgente,15/11/2025,no,distrito 1,no
  neumología ,65.0,hombre,7.0,7.0,0.0,domicilio,sí,6.0,sí,hospital D,urgente,23/04/2025,no,distrito 6,no
cardiología,93.0,hombre,10.0,4.0,0.0,hospitalización a domicilio,sí,2.0,no,hospital F,urgente,20/10/2025,no,distrito 2,no
medicina interna,73.0,mujer,6.0,2.0,0.0,hospitalización a domicilio,sí,12.0,no,hospital E,urgente,02/06/2025,no,distrito 9,sí
traumatología,100.0,hombre,7.0,1.0,0.0,centro de media estancia,no,2.0,no,hospital C,urgente,22/12/2024,no,distrito 3,no
medicina interna,71.0,mujer,12.0,1.0,1.0,domicilio,sí,1.0,no,hospital B,programado,03/11/2024,no,distrito 4,no
traumatologia,77.0,hombre,1.0,3.0,0.0,domicilio,no,6.0,no,hospital C,urgente,28/12/2024,no,distrito 5,sí
cardiología,38.0,mujer,7.0,0.0,0.0,domicilio,no,8.0,no,hospital D,urgente,13/04/2025,no,distrito 5,no
cirugía general,69.0,mujer,5.0,0.0,0.0,domicilio,sí,6.0,no,hospital F,urgente,21/07/2025,no,distrito 4,no
medicina interna,49.0,mujer,1.0,1.0,3.0,centro de media estancia,sí,5.0,no,hospital F,urgente,09/05/2025,no,distrito 5,no
medicina interna,65.0,hombre,9.0,6.0,0.0,domicilio,no,4.0,no,hospital C,urgente,15/10/2025,no,distrito 8,no
medicina interna,57.0,mujer,7.0,0.0,0.0,domicilio,no,3.0,no,hospital C,urgente,12/07/2025,no,distrito 1,no
digestivo,63.0,mujer,6.0,0.0,0.0,residencia,no,0.0,no,hospital E,programado,27/12/2024,no,distrito 4,sí
NEUMOLOGÍA,67.0,mujer,-99.0,3.0,0.0,residencia,no,3.0,no,hospital B,urgente,11/03/2025,no,distrito 2,no
medicina interna,66.0,mujer,3.0,5.0,1.0,domicilio,sí,8.0,sí,hospital E,urgente,11/07/2025,no,distrito 9,no
digestivo,72.0,hombre,10.0,0.0,0.0,residencia,sí,1.0,sí,hospital E,programado,26/11/2024,no,distrito 4,sí
CIRUGÍA GENERAL,67.0,hombre,-99.0,2.0,0.0,domicilio,no,2.0,no,hospital E,urgente,17/03/2025,no,distrito 6,no
digestivo,100.0,hombre,5.0,5.0,0.0,domicilio,sí,1.0,no,hospital A,urgente,11/06/2025,no,distrito 1,no
cardiología,69.0,mujer,5.0,0.0,0.0,domicilio,sí,7.0,sí,hospital F,urgente,02/11/2024,no,distrito 10,no
cirugía general,76.0,mujer,3.0,7.0,2.0,centro de media estancia,sí,1.0,sí,hospital A,programado,20/07/2024,no,distrito 3,no
CIRUGÍA GENERAL,59.0,hombre,4.0,2.0,2.0,domicilio,sí,10.0,no,hospital F,urgente,03/12/2024,no,distrito 1,sí
cirugía general,55.0,hombre,0.0,0.0,0.0,domicilio,sí,0.0,no,hospital A,urgente,26/10/2025,no,distrito 7,no
medicina interna,81.0,mujer,-99.0,2.0,0.0,residencia,no,2.0,no,hospital F,urgente,30/11/2024,si,distrito 9,no
medicina interna,95.0,hombre,10.0,1.0,0.0,hospitalización a domicilio,no,7.0,sí,hospital C,programado,22/02/2025,no,distrito 2,sí
TRAUMATOLOGÍA,57.0,hombre,2.0,1.0,0.0,domicilio,sí,6.0,sí,hospital B,urgente,19/02/2025,no,distrito 3,sí
cardiología,82.0,hombre,2.0,8.0,0.0,residencia,no,9.0,no,hospital C,urgente,07/06/2025,si,distrito 10,no
NEUMOLOGÍA,65.0,hombre,5.0,0.0,0.0,domicilio,sí,9.0,sí,hospital A,urgente,07/06/2025,no,distrito 4,no
traumatología,68.0,hombre,8.0,4.0,0.0,hospitalización a domicilio,sí,2.0,no,hospital E,programado,05/09/2025,no,distrito 4,sí
  neumología ,58.0,mujer,11.0,0.0,4.0,domicilio,sí,12.0,no,hospital B,programado,30/06/2025,no,distrito 5,sí
cirugía general,86.0,mujer,7.0,6.0,0.0,domicilio,sí,2.0,no,hospital C,programado,27/06/2024,si,distrito 5,no
medicina interna,92.0,mujer,4.0,1.0,0.0,domicilio,no,1.0,sí,hospital C,urgente,18/09/2024,no,distrito 6,sí
traumatología,80.0,hombre,5.0,2.0,0.0,residencia,sí,1.0,sí,hospital A,urgente,20/04/2025,no,distrito 1,no
cirugía general,48.0,hombre,6.0,2.0,0.0,hospitalización a domicilio,sí,7.0,no,hospital E,programado,24/06/2025,no,distrito 6,no
cardiología,55.0,mujer,-99.0,5.0,0.0,hospitalización a domicilio,sí,7.0,no,hospital B,urgente,28/09/2025,no,distrito 4,no
digestivo,52.0,mujer,7.0,2.0,2.0,domicilio,no,15.0,no,hospital B,urgente,23/03/2025,no,distrito 5,no
traumatología,87.0,hombre,4.0,3.0,3.0,centro de media estancia,sí,2.0,no,hospital D,programado,28/05/2025,no,distrito 3,no
cardiología,93.0,hombre,2.0,3.0,1.0,domicilio,no,6.0,no,hospital C,urgente,14/04/2025,si,distrito 8,sí
cardiología,58.0,hombre,7.0,6.0,0.0,domicilio,no,1.0,no,hospital B,urgente,15/02/2025,no,distrito 5,sí
  neumología ,61.0,hombre,6.0,1.0,0.0,centro de media estancia,no,0.0,sí,hospital A,programado,13/10/2025,no,distrito 10,sí
DIGESTIVO,90.0,hombre,4.0,0.0,1.0,domicilio,sí,10.0,no,hospital A,urgente,12/11/2025,no,distrito 7,sí
digestivo,54.0,mujer,17.0,4.0,0.0,domicilio,no,2.0,no,hospital E,programado,27/05/2025,no,distrito 1,no
medicina interna,94.0,mujer,1.0,2.0,0.0,centro de media estancia,no,19.0,no,hospital D,urgente,07/01/2025,no,distrito 2,no
cirugía general,80.0,mujer,14.0,3.0,0.0,domicilio,no,2.0,no,hospital B,urgente,03/08/2025,no,distrito 9,no
medicina interna,72.0,hombre,18.0,5.0,0.0,domicilio,no,6.0,sí,hospital C,urgente,26/10/2025,si,distrito 6,no
traumatología,87.0,mujer,16.0,2.0,0.0,domicilio,sí,4.0,sí,hospital D,programado,09/05/2025,no,distrito 10,sí
digestivo,62.0,mujer,7.0,3.0,3.0,domicilio,sí,11.0,no,hospital A,urgente,03/09/2024,no,distrito 4,no
  neumología ,77.0,hombre,6.0,0.0,1.0,domicilio,sí,6.0,no,hospital A,urgente,03/09/2025,no,distrito 9,no
digestivo,73.0,mujer,4.0,2.0,0.0,domicilio,sí,9.0,sí,hospital B,urgente,28/01/2025,no,distrito 9,sí
cirugía general,61.0,mujer,1.0,3.0,0.0,domicilio,sí,2.0,sí,hospital B,urgente,12/08/2025,no,distrito 9,no
cirugía general,67.0,hombre,4.0,1.0,0.0,domicilio,sí,2.0,no,hospital E,urgente,27/06/2025,no,distrito 1,no
cardiología,62.0,hombre,4.0,3.0,0.0,domicilio,no,1.0,no,hospital C,urgente,27/07/2025,no,distrito 10,no
neumología,54.0,mujer,14.0,2.0,1.0,domicilio,no,1.0,no,hospital B,urgente,06/08/2025,no,distrito 6,no
  neumología ,64.0,mujer,5.0,7.0,0.0,domicilio,sí,5.0,no,hospital C,urgente,16/12/2024,si,distrito 4,sí
medicina interna,57.0,hombre,6.0,2.0,0.0,residencia,no,5.0,sí,hospital A,programado,17/10/2024,no,distrito 1,no
  neumología ,61.0,mujer,4.0,1.0,0.0,domicilio,sí,0.0,no,hospital B,N/D,04/01/2025,no,distrito 2,sí
medicina interna,47.0,hombre,3.0,8.0,4.0,domicilio,sí,9.0,no,hospital B,programado,23/06/2024,si,distrito 9,sí
cardiología,86.0,mujer,10.0,1.0,3.0,domicilio,sí,7.0,no,hospital A,N/D,22/07/2024,no,distrito 8,sí
digestivo,91.0,mujer,8.0,2.0,1.0,domicilio,no,11.0,no,hospital E,urgente,05/04/2025,si,distrito 4,no
neumología,45.0,hombre,2.0,2.0,0.0,domicilio,no,10.0,no,hospital E,programado,11/06/2025,no,distrito 9,sí
TRAUMATOLOGÍA,68.0,mujer,3.0,4.0,1.0,domicilio,no,1.0,no,hospital C,urgente,29/09/2025,no,distrito 2,no
neumología,58.0,mujer,16.0,4.0,1.0,domicilio,sí,5.0,no,hospital A,urgente,26/08/2025,no,distrito 6,sí
MEDICINA INTERNA,69.0,mujer,10.0,3.0,0.0,residencia,no,9.0,no,hospital C,urgente,03/05/2025,no,distrito 7,sí
digestivo,61.0,hombre,4.0,3.0,0.0,residencia,sí,4.0,no,hospital B,programado,23/02/2025,no,distrito 1,sí
traumatología,36.0,mujer,16.0,6.0,1.0,domicilio,no,10.0,sí,hospital B,programado,02/09/2025,no,distrito 2,sí
cardiología,54.0,hombre,5.0,1.0,0.0,hospitalización a domicilio,sí,5.0,no,hospital A,N/D,30/07/2024,no,distrito 5,sí
medicina interna,37.0,hombre,12.0,8.0,1.0,centro de media estancia,sí,4.0,no,hospital B,urgente,25/07/2025,no,distrito 1,no
traumatología,58.0,mujer,9.0,2.0,0.0,domicilio,no,4.0,no,hospital A,urgente,16/03/2025,no,distrito 8,sí
digestivo,37.0,mujer,6.0,2.0,0.0,domicilio,sí,3.0,no,hospital F,programado,29/10/2025,no,distrito 2,no
traumatología,75.0,hombre,7.0,3.0,0.0,domicilio,sí,10.0,no,hospital A,urgente,20/10/2025,no,distrito 1,sí
digestivo,65.0,mujer,13.0,0.0,0.0,domicilio,sí,8.0,no,hospital B,programado,22/11/2025,no,distrito 8,no
medicina interna,64.0,mujer,16.0,3.0,0.0,domicilio,sí,3.0,no,hospital C,urgente,17/03/2025,no,distrito 2,no
cirugía general,76.0,hombre,4.0,10.0,0.0,domicilio,no,2.0,sí,hospital C,programado,27/08/2025,no,distrito 5,sí
cirugía general,67.0,mujer,10.0,1.0,0.0,domicilio,sí,10.0,no,hospital A,urgente,03/09/2025,no,distrito 1,no
medicina interna,73.0,hombre,5.0,1.0,0.0,domicilio,no,5.0,no,hospital C,urgente,03/08/2024,no,distrito 1,sí
cirugía general,93.0,hombre,5.0,2.0,1.0,centro de media estancia,sí,2.0,no,hospital D,programado,11/12/2024,no,distrito 7,sí
medicina interna,87.0,hombre,5.0,1.0,1.0,hospitalización a domicilio,sí,22.0,sí,hospital B,urgente,25/11/2024,no,distrito 3,no
cardiología,48.0,hombre,5.0,7.0,0.0,centro de media estancia,no,0.0,sí,hospital A,urgente,16/09/2024,si,distrito 6,no
cirugía general,68.0,hombre,9.0,0.0,0.0,residencia,sí,9.0,no,hospital D,urgente,30/07/2024,si,distrito 9,sí
neumología,88.0,mujer,3.0,0.0,0.0,domicilio,no,2.0,sí,hospital A,urgente,08/08/2024,si,distrito 8,sí
digestivo,32.0,hombre,5.0,1.0,0.0,domicilio,sí,6.0,no,hospital B,programado,19/09/2025,no,distrito 6,sí
medicina interna,58.0,hombre,3.0,10.0,0.0,domicilio,no,6.0,no,hospital A,urgente,02/09/2024,no,distrito 1,sí
medicina interna,42.0,mujer,8.0,0.0,0.0,domicilio,sí,7.0,no,hospital F,programado,28/08/2024,no,distrito 2,sí
  digestivo ,19.0,hombre,12.0,5.0,0.0,domicilio,sí,10.0,no,hospital D,urgente,04/09/2025,no,distrito 8,sí
TRAUMATOLOGÍA,62.0,hombre,16.0,4.0,0.0,residencia,sí,13.0,sí,hospital F,urgente,05/08/2025,si,distrito 1,no
CIRUGÍA GENERAL,78.0,mujer,2.0,5.0,0.0,domicilio,sí,8.0,no,hospital E,N/D,01/07/2025,no,distrito 10,no
traumatología,73.0,hombre,9.0,2.0,1.0,domicilio,sí,4.0,sí,hospital D,urgente,23/01/2025,no,distrito 10,sí
cirugía general,58.0,mujer,2.0,0.0,0.0,domicilio,no,18.0,no,hospital E,urgente,02/05/2025,no,distrito 9,sí
digestivo,95.0,mujer,17.0,3.0,0.0,centro de media estancia,no,2.0,no,hospital E,urgente,30/09/2025,no,distrito 6,sí
medicina interna,30.0,mujer,1.0,4.0,0.0,residencia,sí,4.0,sí,hospital E,programado,16/02/2025,si,distrito 2,sí
neumología,33.0,mujer,1.0,1.0,0.0,domicilio,no,9.0,no,hospital C,urgente,06/07/2024,no,distrito 10,sí
neumología,41.0,mujer,2.0,0.0,5.0,domicilio,sí,5.0,sí,hospital D,urgente,08/08/2025,no,distrito 3,no
digestivo,79.0,mujer,6.0,5.0,0.0,residencia,no,0.0,sí,hospital B,urgente,28/08/2025,si,distrito 7,no
cardiología,47.0,hombre,11.0,3.0,0.0,domicilio,sí,4.0,no,hospital A,urgente,16/05/2025,no,distrito 10,no
CIRUGÍA GENERAL,43.0,hombre,7.0,4.0,2.0,hospitalización a domicilio,sí,1.0,no,hospital E,urgente,08/11/2025,no,distrito 1,sí
cirugia general,52.0,mujer,9.0,1.0,0.0,domicilio,sí,5.0,no,hospital A,urgente,21/12/2024,no,distrito 6,no
digestivo,62.0,hombre,22.0,8.0,1.0,domicilio,no,5.0,no,hospital B,urgente,25/01/2025,no,distrito 5,no
MEDICINA INTERNA,92.0,hombre,14.0,2.0,1.0,domicilio,sí,1.0,no,hospital D,urgente,22/07/2025,no,distrito 10,no
neumología,49.0,mujer,6.0,1.0,1.0,domicilio,sí,6.0,no,hospital C,programado,22/02/2025,no,distrito 9,sí
medicina interna,74.0,mujer,15.0,5.0,0.0,residencia,sí,11.0,no,hospital A,urgente,10/02/2025,no,distrito 9,no
cirugía general,37.0,mujer,5.0,16.0,0.0,domicilio,no,8.0,sí,hospital F,programado,15/11/2024,si,distrito 8,no
neumología,98.0,hombre,1.0,1.0,0.0,domicilio,sí,2.0,no,hospital D,urgente,12/05/2025,no,distrito 2,sí
DIGESTIVO,50.0,mujer,16.0,5.0,0.0,domicilio,no,4.0,no,hospital D,urgente,01/05/2025,no,distrito 3,no
medicina interna,41.0,mujer,-99.0,1.0,0.0,domicilio,sí,3.0,no,hospital F,programado,22/12/2024,no,distrito 3,no
cardiología,59.0,mujer,3.0,2.0,0.0,domicilio,sí,18.0,sí,hospital F,urgente,26/03/2025,no,distrito 4,no
digestivo,45.0,mujer,13.0,2.0,0.0,residencia,sí,4.0,no,hospital E,urgente,20/08/2025,no,distrito 4,sí
DIGESTIVO,82.0,mujer,5.0,1.0,0.0,domicilio,sí,1.0,no,hospital F,urgente,02/12/2024,no,distrito 6,no
medicina interna,66.0,hombre,2.0,0.0,0.0,domicilio,no,9.0,no,hospital E,urgente,31/08/2025,no,distrito 7,no
medicina interna,83.0,hombre,3.0,1.0,0.0,domicilio,sí,7.0,sí,hospital F,urgente,02/12/2024,no,distrito 10,no
cirugia general,55.0,hombre,-99.0,6.0,0.0,domicilio,sí,2.0,no,hospital F,urgente,04/11/2024,no,distrito 9,sí
  traumatología ,44.0,hombre,1.0,1.0,0.0,domicilio,sí,1.0,no,hospital B,urgente,29/09/2025,no,distrito 6,no
cardiología,68.0,hombre,4.0,3.0,0.0,residencia,sí,0.0,sí,hospital A,programado,15/02/2025,si,distrito 4,no
cirugía general,58.0,hombre,11.0,0.0,1.0,centro de media estancia,sí,12.0,sí,hospital B,programado,05/07/2025,no,distrito 7,sí
medicina interna,53.0,mujer,4.0,1.0,0.0,domicilio,no,6.0,no,hospital A,urgente,19/11/2025,no,distrito 4,sí
medicina interna,33.0,hombre,4.0,5.0,0.0,domicilio,sí,1.0,no,hospital E,urgente,21/12/2024,no,distrito 8,no
cardiología,69.0,mujer,3.0,1.0,0.0,domicilio,sí,1.0,sí,hospital F,urgente,13/06/2024,no,distrito 10,no
traumatologia,56.0,hombre,1.0,1.0,0.0,domicilio,sí,22.0,no,hospital E,urgente,26/02/2025,no,distrito 6,sí
neumología,60.0,hombre,10.0,1.0,0.0,domicilio,sí,5.0,no,hospital E,N/D,28/02/2025,no,distrito 10,no
neumología,75.0,hombre,11.0,3.0,0.0,domicilio,sí,11.0,sí,hospital A,urgente,16/11/2025,no,distrito 7,no
medicina interna,74.0,hombre,12.0,0.0,1.0,domicilio,sí,11.0,no,hospital B,urgente,19/08/2024,no,distrito 9,sí
CIRUGÍA GENERAL,79.0,hombre,5.0,10.0,0.0,domicilio,no,3.0,no,hospital A,urgente,20/05/2025,si,distrito 1,no
cardiología,52.0,mujer,17.0,1.0,1.0,domicilio,sí,6.0,sí,hospital A,urgente,12/04/2025,no,distrito 10,no
cirugia general,59.0,mujer,6.0,0.0,0.0,domicilio,sí,7.0,no,hospital E,urgente,14/06/2025,no,distrito 4,no
cardiología,72.0,hombre,-99.0,5.0,0.0,domicilio,no,5.0,no,hospital A,programado,29/05/2025,si,distrito 9,sí
medicina interna,74.0,hombre,8.0,5.0,0.0,domicilio,sí,7.0,no,hospital B,urgente,25/07/2024,no,distrito 7,no
medicina interna,64.0,hombre,13.0,3.0,0.0,domicilio,no,1.0,no,hospital F,urgente,04/10/2025,no,distrito 6,sí
cirugía general,100.0,mujer,2.0,3.0,0.0,domicilio,sí,4.0,sí,hospital A,urgente,21/05/2025,no,distrito 10,no
cirugía general,78.0,hombre,-99.0,4.0,0.0,centro de media estancia,no,8.0,sí,hospital D,urgente,21/09/2024,no,distrito 8,no
digestivo,75.0,hombre,4.0,1.0,0.0,domicilio,sí,5.0,no,hospital D,urgente,19/11/2025,no,distrito 4,no
digestivo,77.0,hombre,4.0,5.0,0.0,domicilio,no,14.0,sí,hospital A,urgente,04/03/2025,no,distrito 6,sí
traumatología,74.0,hombre,5.0,2.0,1.0,domicilio,no,29.0,sí,hospital B,urgente,06/10/2025,no,distrito 4,sí
cardiología,41.0,hombre,7.0,3.0,0.0,residencia,sí,6.0,no,hospital B,urgente,07/12/2024,si,distrito 2,sí
medicina interna,78.0,hombre,-99.0,1.0,0.0,domicilio,sí,8.0,no,hospital C,urgente,08/07/2025,no,distrito 6,no
  traumatología ,62.0,hombre,8.0,1.0,0.0,centro de media estancia,no,14.0,no,hospital C,urgente,27/03/2025,no,distrito 9,no
cardiología,52.0,hombre,5.0,2.0,0.0,domicilio,sí,12.0,no,hospital E,urgente,24/09/2024,no,distrito 4,no
MEDICINA INTERNA,96.0,mujer,5.0,5.0,3.0,domicilio,sí,4.0,no,hospital B,programado,05/11/2025,si,distrito 5,sí
digestivo,60.0,mujer,14.0,1.0,0.0,domicilio,no,5.0,sí,hospital C,urgente,02/08/2024,no,distrito 1,no
medicina interna,48.0,hombre,13.0,0.0,0.0,residencia,no,2.0,sí,hospital E,urgente,16/08/2024,no,distrito 2,sí
cardiología,60.0,mujer,4.0,0.0,0.0,domicilio,sí,9.0,no,hospital C,programado,14/06/2025,no,distrito 10,no
digestivo,66.0,mujer,9.0,0.0,0.0,domicilio,sí,22.0,no,hospital A,programado,20/07/2025,no,distrito 6,sí
medicina interna,58.0,hombre,9.0,7.0,0.0,hospitalización a domicilio,no,9.0,no,hospital C,urgente,22/09/2024,si,distrito 10,no
NEUMOLOGÍA,100.0,hombre,15.0,0.0,0.0,domicilio,sí,6.0,no,hospital F,urgente,11/12/2024,no,distrito 4,no
cardiología,66.0,mujer,7.0,0.0,0.0,domicilio,no,12.0,no,hospital A,urgente,08/06/2024,no,distrito 8,sí
cardiología,54.0,mujer,-99.0,9.0,1.0,domicilio,sí,6.0,no,hospital C,programado,12/09/2024,no,distrito 5,sí
medicina interna,76.0,hombre,12.0,1.0,0.0,domicilio,sí,7.0,sí,hospital F,programado,18/07/2024,no,distrito 3,sí
  medicina interna ,41.0,hombre,2.0,0.0,0.0,domicilio,no,3.0,no,hospital C,urgente,21/06/2024,no,distrito 2,no
medicina interna,32.0,hombre,4.0,3.0,0.0,domicilio,no,8.0,no,hospital E,N/D,09/10/2025,no,distrito 3,sí
digestivo,72.0,mujer,14.0,2.0,0.0,domicilio,sí,12.0,no,hospital C,urgente,22/09/2024,no,distrito 1,sí
CARDIOLOGÍA,55.0,mujer,3.0,0.0,0.0,domicilio,no,10.0,no,hospital D,urgente,25/08/2024,no,distrito 3,no
  cardiología ,70.0,mujer,19.0,0.0,0.0,domicilio,sí,13.0,sí,hospital D,urgente,12/02/2025,no,distrito 2,no
medicina interna,65.0,hombre,5.0,1.0,1.0,domicilio,sí,11.0,sí,hospital B,urgente,15/03/2025,no,distrito 2,sí
traumatología,64.0,mujer,8.0,1.0,1.0,domicilio,no,2.0,no,hospital A,urgente,09/11/2024,no,distrito 10,no
digestivo,42.0,hombre,-99.0,0.0,0.0,domicilio,no,4.0,no,hospital F,programado,17/11/2024,no,distrito 8,sí
cardiología,91.0,mujer,2.0,3.0,0.0,domicilio,sí,11.0,no,hospital D,programado,12/06/2025,si,distrito 7,sí
cirugía general,77.0,hombre,12.0,0.0,0.0,domicilio,sí,0.0,no,hospital D,urgente,20/09/2025,no,distrito 6,no
medicina interna,53.0,hombre,3.0,2.0,0.0,domicilio,sí,6.0,sí,hospital E,urgente,08/01/2025,no,distrito 8,sí
traumatología,73.0,mujer,9.0,0.0,2.0,domicilio,sí,5.0,no,hospital A,urgente,21/10/2025,no,distrito 5,sí
digestivo,72.0,mujer,12.0,1.0,0.0,domicilio,sí,12.0,no,hospital F,N/D,26/08/2024,no,distrito 3,sí
NEUMOLOGÍA,49.0,mujer,14.0,6.0,2.0,domicilio,no,10.0,no,hospital E,N/D,07/05/2025,no,distrito 10,sí
  digestivo ,81.0,mujer,9.0,8.0,0.0,domicilio,no,10.0,no,hospital D,urgente,11/01/2025,si,distrito 3,no
cirugía general,57.0,hombre,4.0,5.0,1.0,domicilio,no,18.0,no,hospital E,urgente,22/01/2025,no,distrito 10,sí
traumatología,61.0,mujer,4.0,1.0,0.0,domicilio,no,4.0,no,hospital F,programado,14/10/2024,si,distrito 10,no
traumatología,57.0,hombre,9.0,0.0,0.0,domicilio,no,6.0,no,hospital F,urgente,26/06/2025,no,distrito 8,no
neumología,29.0,mujer,4.0,4.0,0.0,domicilio,no,2.0,no,hospital A,programado,09/10/2024,no,distrito 5,no
neumología,61.0,mujer,9.0,3.0,0.0,domicilio,sí,2.0,no,hospital D,programado,18/07/2024,no,distrito 3,sí
traumatología,74.0,hombre,5.0,0.0,2.0,domicilio,no,2.0,no,hospital A,urgente,18/07/2025,no,distrito 10,sí
neumologia,64.0,mujer,4.0,10.0,1.0,residencia,no,2.0,no,hospital C,urgente,18/01/2025,si,distrito 6,no
medicina interna,74.0,hombre,-99.0,3.0,2.0,domicilio,sí,5.0,no,hospital D,programado,21/12/2024,si,distrito 6,no
medicina interna,57.0,hombre,8.0,6.0,1.0,domicilio,no,13.0,no,hospital B,urgente,11/07/2024,no,distrito 3,no
cirugía general,54.0,hombre,3.0,7.0,0.0,domicilio,sí,12.0,no,hospital D,urgente,17/10/2024,no,distrito 4,no
medicina interna,53.0,mujer,26.0,0.0,0.0,domicilio,sí,3.0,no,hospital B,urgente,04/11/2024,no,distrito 4,no
cirugía general,74.0,hombre,2.0,10.0,4.0,domicilio,no,10.0,sí,hospital D,urgente,12/06/2024,si,distrito 8,no
medicina interna,62.0,hombre,1.0,2.0,0.0,centro de media estancia,sí,6.0,no,hospital F,urgente,20/06/2024,no,distrito 2,sí
  medicina interna ,56.0,hombre,-99.0,3.0,0.0,domicilio,sí,3.0,sí,hospital C,urgente,25/06/2025,no,distrito 8,no
medicina interna,72.0,hombre,4.0,8.0,0.0,domicilio,no,6.0,no,hospital B,urgente,17/04/2025,no,distrito 4,no
CIRUGÍA GENERAL,82.0,hombre,8.0,3.0,1.0,domicilio,sí,22.0,no,hospital B,urgente,26/10/2024,no,distrito 9,sí
medicina interna,60.0,hombre,4.0,6.0,2.0,domicilio,no,4.0,sí,hospital C,programado,10/10/2024,si,distrito 10,no
TRAUMATOLOGÍA,76.0,mujer,6.0,1.0,1.0,domicilio,sí,1.0,sí,hospital D,programado,13/08/2024,no,distrito 2,sí
neumología,74.0,hombre,12.0,3.0,0.0,domicilio,sí,2.0,no,hospital B,N/D,13/11/2024,no,distrito 5,no
traumatología,66.0,hombre,-99.0,5.0,0.0,domicilio,sí,1.0,sí,hospital F,programado,10/09/2025,no,distrito 6,sí
traumatología,75.0,hombre,7.0,2.0,0.0,domicilio,sí,3.0,sí,hospital E,urgente,08/07/2025,no,distrito 1,no
traumatologia,92.0,mujer,3.0,4.0,0.0,domicilio,no,2.0,no,hospital A,urgente,04/10/2025,si,distrito 9,sí
cirugía general,56.0,hombre,17.0,1.0,0.0,residencia,sí,3.0,no,hospital C,urgente,15/11/2024,no,distrito 2,no
  digestivo ,66.0,hombre,10.0,1.0,0.0,domicilio,sí,17.0,no,hospital C,urgente,05/10/2024,no,distrito 8,sí
traumatología,58.0,mujer,4.0,1.0,0.0,domicilio,sí,4.0,no,hospital A,programado,06/08/2025,no,distrito 6,sí
MEDICINA INTERNA,49.0,hombre,8.0,3.0,2.0,residencia,no,2.0,no,hospital E,programado,02/04/2025,si,distrito 1,no
  traumatología ,57.0,hombre,-99.0,2.0,0.0,domicilio,sí,4.0,sí,hospital A,urgente,26/08/2024,no,distrito 4,no
NEUMOLOGÍA,67.0,mujer,5.0,0.0,0.0,domicilio,no,8.0,no,hospital C,urgente,12/07/2024,no,distrito 2,no
traumatología,57.0,mujer,4.0,3.0,0.0,centro de media estancia,sí,5.0,no,hospital F,urgente,10/10/2025,no,distrito 3,sí
neumología,72.0,mujer,8.0,2.0,0.0,domicilio,no,2.0,no,hospital C,programado,21/01/2025,no,distrito 4,sí
traumatología,61.0,hombre,5.0,1.0,0.0,hospitalización a domicilio,sí,2.0,no,hospital B,urgente,06/09/2024,no,distrito 9,sí
  neumología ,67.0,hombre,4.0,1.0,0.0,residencia,no,0.0,no,hospital F,programado,16/04/2025,si,distrito 3,no
cirugía general,68.0,mujer,8.0,0.0,0.0,domicilio,sí,5.0,no,hospital D,programado,24/06/2025,no,distrito 4,sí
medicina interna,72.0,hombre,8.0,3.0,0.0,hospitalización a domicilio,no,9.0,no,hospital E,programado,07/03/2025,no,distrito 5,no
traumatología,77.0,hombre,2.0,3.0,0.0,domicilio,no,11.0,no,hospital C,programado,08/10/2025,no,distrito 4,no
cardiología,72.0,hombre,5.0,3.0,2.0,domicilio,sí,3.0,no,hospital A,programado,14/05/2025,si,distrito 9,no
MEDICINA INTERNA,69.0,hombre,4.0,5.0,0.0,domicilio,no,4.0,sí,hospital C,urgente,16/04/2025,si,distrito 9,sí
digestivo,63.0,hombre,3.0,8.0,0.0,domicilio,sí,20.0,no,hospital F,programado,20/07/2025,si,distrito 7,no
  traumatología ,44.0,mujer,7.0,0.0,0.0,domicilio,sí,4.0,no,hospital E,urgente,19/12/2024,no,distrito 6,sí
medicina interna,59.0,mujer,7.0,0.0,0.0,domicilio,sí,3.0,no,hospital C,programado,28/01/2025,no,distrito 9,sí
medicina interna,93.0,mujer,4.0,2.0,0.0,domicilio,sí,1.0,no,hospital D,urgente,25/09/2024,no,distrito 8,no
traumatología,92.0,hombre,11.0,2.0,0.0,domicilio,sí,5.0,no,hospital B,programado,05/07/2024,no,distrito 3,sí
medicina interna,63.0,mujer,14.0,0.0,0.0,domicilio,sí,11.0,no,hospital B,N/D,04/06/2025,no,distrito 2,no
medicina interna,44.0,mujer,4.0,1.0,0.0,domicilio,sí,0.0,no,hospital F,programado,16/07/2024,no,distrito 1,no
medicina interna,83.0,hombre,5.0,5.0,0.0,domicilio,sí,2.0,no,hospital A,programado,29/04/2025,no,distrito 2,sí
traumatología,50.0,hombre,2.0,4.0,0.0,domicilio,no,0.0,sí,hospital E,urgente,14/12/2024,no,distrito 8,no
CARDIOLOGÍA,56.0,hombre,6.0,3.0,2.0,hospitalización a domicilio,sí,6.0,no,hospital F,urgente,26/07/2025,no,distrito 2,no
  digestivo ,87.0,mujer,0.0,0.0,3.0,domicilio,no,14.0,sí,hospital B,urgente,29/08/2025,no,distrito 1,no
cirugía general,61.0,hombre,6.0,7.0,1.0,domicilio,sí,7.0,no,hospital E,N/D,26/09/2025,no,distrito 3,no
neumología,88.0,mujer,5.0,0.0,0.0,residencia,sí,5.0,no,hospital E,programado,11/08/2024,no,distrito 4,sí
cardiología,48.0,mujer,5.0,6.0,0.0,domicilio,sí,11.0,sí,hospital C,urgente,19/10/2024,si,distrito 5,no
medicina interna,68.0,hombre,4.0,1.0,0.0,domicilio,sí,2.0,no,hospital A,urgente,07/09/2025,si,distrito 1,no
digestivo,37.0,hombre,4.0,2.0,2.0,domicilio,no,5.0,sí,hospital D,urgente,07/07/2024,no,distrito 2,no
neumología,54.0,mujer,5.0,3.0,1.0,centro de media estancia,sí,6.0,no,hospital B,urgente,12/05/2025,no,distrito 2,sí
traumatología,81.0,mujer,9.0,4.0,0.0,hospitalización a domicilio,sí,1.0,no,hospital D,programado,20/03/2025,no,distrito 8,sí
CIRUGÍA GENERAL,79.0,hombre,4.0,1.0,0.0,domicilio,no,7.0,sí,hospital E,urgente,19/07/2024,no,distrito 9,sí
cardiología,53.0,hombre,7.0,4.0,0.0,domicilio,no,8.0,no,hospital E,urgente,30/08/2025,si,distrito 8,no
medicina interna,67.0,mujer,12.0,10.0,0.0,domicilio,sí,2.0,sí,hospital E,urgente,19/09/2024,no,distrito 4,no
cardiología,56.0,mujer,11.0,2.0,1.0,domicilio,sí,12.0,sí,hospital B,urgente,27/10/2024,no,distrito 5,sí
medicina interna,32.0,hombre,1.0,0.0,1.0,domicilio,sí,2.0,no,hospital C,programado,24/09/2024,no,distrito 6,sí
CARDIOLOGÍA,68.0,mujer,2.0,1.0,0.0,domicilio,sí,3.0,no,hospital F,programado,07/10/2025,no,distrito 4,no
cardiología,56.0,hombre,14.0,0.0,0.0,domicilio,sí,5.0,no,hospital D,programado,13/11/2024,no,distrito 1,no
cirugía general,81.0,hombre,6.0,3.0,2.0,domicilio,sí,1.0,sí,hospital D,programado,20/01/2025,si,distrito 6,no
cirugía general,71.0,mujer,4.0,0.0,0.0,hospitalización a domicilio,no,3.0,no,hospital E,programado,10/06/2024,no,distrito 3,sí
cirugía general,100.0,mujer,5.0,0.0,0.0,domicilio,sí,6.0,no,hospital B,urgente,09/10/2024,no,distrito 2,no
cardiologia,47.0,mujer,2.0,3.0,0.0,hospitalización a domicilio,no,5.0,no,hospital A,urgente,06/09/2025,no,distrito 10,no
  traumatología ,59.0,hombre,17.0,1.0,1.0,domicilio,no,5.0,sí,hospital F,urgente,23/10/2025,no,distrito 6,sí
digestivo,90.0,mujer,2.0,2.0,4.0,domicilio,sí,10.0,no,hospital A,programado,06/07/2024,no,distrito 5,no
cardiología,57.0,hombre,-99.0,2.0,0.0,residencia,no,4.0,no,hospital C,programado,28/06/2025,no,distrito 8,no
digestivo,69.0,hombre,8.0,0.0,0.0,hospitalización a domicilio,sí,3.0,no,hospital F,urgente,12/11/2024,no,distrito 6,no
cardiología,41.0,mujer,2.0,0.0,0.0,centro de media estancia,sí,6.0,no,hospital A,programado,09/11/2025,no,distrito 9,sí
cardiología,75.0,mujer,10.0,0.0,1.0,domicilio,sí,6.0,sí,hospital D,urgente,16/07/2025,no,distrito 10,no
medicina interna,51.0,mujer,5.0,9.0,0.0,domicilio,sí,21.0,no,hospital D,programado,26/10/2025,si,distrito 7,no
medicina interna,75.0,hombre,3.0,2.0,0.0,domicilio,sí,9.0,no,hospital E,urgente,20/05/2025,no,distrito 7,no
cardiologia,61.0,hombre,-99.0,5.0,0.0,domicilio,no,2.0,no,hospital B,N/D,13/06/2024,no,distrito 2,sí
cardiologia,48.0,mujer,0.0,0.0,2.0,domicilio,no,3.0,sí,hospital A,programado,21/11/2025,no,distrito 8,no
neumología,62.0,mujer,9.0,2.0,1.0,domicilio,sí,3.0,no,hospital D,urgente,19/02/2025,no,distrito 2,no
cirugía general,59.0,mujer,3.0,1.0,0.0,domicilio,sí,12.0,no,hospital B,N/D,08/11/2025,no,distrito 3,sí
traumatología,41.0,hombre,17.0,2.0,0.0,domicilio,sí,3.0,no,hospital A,urgente,27/06/2025,no,distrito 9,sí
traumatología,81.0,hombre,5.0,4.0,2.0,domicilio,no,3.0,no,hospital C,urgente,08/08/2024,no,distrito 5,no
cirugía general,69.0,mujer,3.0,5.0,0.0,domicilio,no,8.0,sí,hospital E,urgente,15/07/2025,no,distrito 8,no
digestivo,58.0,hombre,4.0,0.0,0.0,domicilio,sí,13.0,no,hospital F,urgente,24/07/2024,no,distrito 10,no
medicina interna,89.0,mujer,7.0,9.0,0.0,domicilio,sí,4.0,sí,hospital F,urgente,10/05/2025,si,distrito 1,sí
neumología,42.0,mujer,4.0,1.0,0.0,centro de media estancia,sí,1.0,no,hospital E,programado,19/12/2024,no,distrito 10,no
TRAUMATOLOGÍA,78.0,mujer,4.0,7.0,0.0,domicilio,no,14.0,sí,hospital A,programado,09/07/2024,no,distrito 8,no
neumología,43.0,hombre,5.0,0.0,1.0,domicilio,no,2.0,no,hospital F,urgente,10/10/2024,no,distrito 4,sí
  cirugía general ,53.0,hombre,8.0,0.0,0.0,centro de media estancia,no,29.0,no,hospital A,programado,25/07/2024,no,distrito 8,no
cardiologia,51.0,hombre,17.0,4.0,0.0,residencia,no,10.0,sí,hospital A,urgente,24/12/2024,no,distrito 8,no
MEDICINA INTERNA,78.0,hombre,2.0,0.0,0.0,residencia,no,2.0,sí,hospital A,programado,14/10/2025,no,distrito 2,no
cirugia general,57.0,mujer,14.0,3.0,0.0,domicilio,sí,3.0,no,hospital F,programado,17/09/2024,no,distrito 3,no
traumatología,56.0,hombre,8.0,4.0,0.0,domicilio,no,3.0,no,hospital F,urgente,23/01/2025,no,distrito 1,sí
traumatología,89.0,hombre,17.0,0.0,0.0,domicilio,no,4.0,no,hospital E,programado,06/08/2024,no,distrito 5,sí
cardiología,53.0,mujer,20.0,3.0,4.0,domicilio,no,4.0,sí,hospital D,programado,11/04/2025,no,distrito 8,sí
  traumatología ,69.0,hombre,16.0,0.0,1.0,centro de media estancia,sí,3.0,sí,hospital D,urgente,10/08/2025,no,distrito 3,no
neumología,39.0,hombre,15.0,1.0,1.0,residencia,sí,11.0,no,hospital D,programado,09/03/2025,no,distrito 3,no
traumatología,48.0,mujer,12.0,4.0,1.0,domicilio,sí,3.0,sí,hospital D,urgente,14/06/2025,no,distrito 7,no
cirugía general,86.0,mujer,2.0,2.0,0.0,hospitalización a domicilio,no,25.0,no,hospital E,programado,22/09/2025,no,distrito 3,no
medicina interna,67.0,hombre,10.0,4.0,0.0,hospitalización a domicilio,sí,2.0,no,hospital A,urgente,24/08/2024,si,distrito 8,sí
medicina interna,81.0,hombre,9.0,1.0,0.0,domicilio,no,5.0,no,hospital B,urgente,26/07/2024,no,distrito 3,sí
cardiología,78.0,hombre,-99.0,0.0,2.0,domicilio,sí,1.0,no,hospital E,urgente,30/08/2025,no,distrito 10,sí
traumatología,55.0,hombre,11.0,0.0,3.0,domicilio,sí,4.0,no,hospital A,urgente,23/07/2024,no,distrito 5,sí
TRAUMATOLOGÍA,100.0,hombre,6.0,1.0,0.0,centro de media estancia,sí,8.0,no,hospital B,urgente,16/05/2025,no,distrito 1,no
NEUMOLOGÍA,86.0,mujer,4.0,2.0,0.0,domicilio,no,5.0,no,hospital A,urgente,28/08/2025,no,distrito 3,no
neumología,41.0,hombre,3.0,5.0,0.0,domicilio,no,4.0,no,hospital D,urgente,02/08/2025,no,distrito 8,no
  medicina interna ,82.0,mujer,16.0,0.0,1.0,domicilio,sí,4.0,no,hospital A,urgente,02/01/2025,no,distrito 4,no
  medicina interna ,71.0,hombre,16.0,4.0,0.0,domicilio,sí,10.0,sí,hospital C,urgente,31/10/2024,no,distrito 5,no
cardiología,74.0,hombre,5.0,1.0,2.0,residencia,sí,1.0,no,hospital E,urgente,06/10/2025,no,distrito 8,no
medicina interna,63.0,mujer,2.0,9.0,0.0,domicilio,no,9.0,no,hospital C,programado,02/07/2025,si,distrito 5,no
traumatología,49.0,hombre,5.0,2.0,1.0,domicilio,no,5.0,no,hospital B,programado,14/06/2025,no,distrito 8,no
neumología,35.0,mujer,1.0,3.0,1.0,hospitalización a domicilio,sí,5.0,no,hospital F,urgente,12/04/2025,no,distrito 6,no
traumatología,84.0,mujer,7.0,4.0,0.0,domicilio,sí,4.0,no,hospital F,programado,24/07/2024,no,distrito 6,sí
traumatología,61.0,mujer,13.0,1.0,2.0,domicilio,no,4.0,no,hospital C,programado,17/11/2025,no,distrito 2,sí
  cardiología ,63.0,hombre,6.0,2.0,1.0,domicilio,sí,8.0,sí,hospital B,programado,28/08/2025,no,distrito 4,no
traumatología,81.0,hombre,7.0,3.0,0.0,domicilio,sí,4.0,sí,hospital E,programado,19/08/2025,no,distrito 10,sí
digestivo,30.0,hombre,1.0,1.0,0.0,domicilio,no,7.0,no,hospital E,urgente,26/02/2025,no,distrito 1,sí
  neumología ,56.0,hombre,-99.0,4.0,0.0,domicilio,sí,2.0,no,hospital F,urgente,17/08/2025,no,distrito 8,no
traumatología,63.0,hombre,4.0,0.0,1.0,domicilio,no,2.0,no,hospital B,urgente,31/10/2025,no,distrito 9,no
cirugía general,63.0,mujer,1.0,5.0,0.0,domicilio,no,12.0,sí,hospital D,programado,15/08/2024,no,distrito 9,no
neumologia,53.0,mujer,2.0,7.0,0.0,domicilio,no,1.0,no,hospital D,urgente,27/11/2024,no,distrito 2,sí
neumología,77.0,mujer,8.0,0.0,0.0,domicilio,sí,5.0,no,hospital F,urgente,12/03/2025,no,distrito 10,no
digestivo,66.0,hombre,5.0,3.0,0.0,residencia,no,1.0,no,hospital D,programado,11/06/2024,no,distrito 9,no
digestivo,49.0,hombre,2.0,2.0,0.0,domicilio,sí,9.0,no,hospital A,urgente,25/01/2025,no,distrito 4,no
medicina interna,69.0,mujer,6.0,3.0,0.0,domicilio,sí,12.0,no,hospital E,programado,19/07/2025,no,distrito 3,no
traumatología,83.0,mujer,10.0,2.0,0.0,domicilio,sí,2.0,no,hospital B,programado,23/10/2024,no,distrito 8,sí
cirugía general,48.0,mujer,8.0,1.0,0.0,domicilio,no,7.0,no,hospital B,urgente,15/10/2024,no,distrito 7,no
neumología,50.0,mujer,16.0,2.0,1.0,domicilio,sí,7.0,no,hospital A,urgente,27/09/2025,no,distrito 4,sí
  cirugía general ,55.0,hombre,-99.0,4.0,3.0,domicilio,no,10.0,no,hospital D,urgente,22/01/2025,no,distrito 4,sí
cirugía general,33.0,hombre,6.0,0.0,0.0,domicilio,sí,7.0,no,hospital A,programado,12/08/2024,no,distrito 3,no
cardiología,67.0,mujer,12.0,4.0,0.0,domicilio,no,6.0,no,hospital B,urgente,22/10/2024,si,distrito 10,sí
medicina interna,89.0,mujer,12.0,6.0,0.0,domicilio,sí,7.0,no,hospital D,programado,04/03/2025,no,distrito 1,no
medicina interna,74.0,mujer,14.0,0.0,1.0,domicilio,sí,3.0,sí,hospital D,urgente,03/08/2024,no,distrito 5,no
medicina interna,100.0,hombre,13.0,0.0,0.0,domicilio,no,1.0,no,hospital D,urgente,07/07/2024,no,distrito 8,no
traumatología,73.0,hombre,10.0,0.0,0.0,domicilio,sí,3.0,no,hospital E,urgente,04/07/2024,no,distrito 3,sí
digestivo,100.0,mujer,5.0,1.0,0.0,domicilio,sí,12.0,no,hospital D,urgente,14/09/2025,no,distrito 2,no
traumatología,59.0,hombre,6.0,3.0,0.0,domicilio,sí,7.0,no,hospital E,programado,17/06/2024,no,distrito 2,no
cirugía general,49.0,mujer,2.0,1.0,0.0,domicilio,no,8.0,no,hospital F,urgente,18/04/2025,no,distrito 7,no
cirugía general,48.0,hombre,5.0,1.0,0.0,hospitalización a domicilio,sí,0.0,sí,hospital A,urgente,28/08/2024,no,distrito 3,sí
traumatología,65.0,mujer,5.0,1.0,0.0,domicilio,sí,3.0,no,hospital E,urgente,01/01/2025,no,distrito 5,no
traumatologia,79.0,mujer,9.0,3.0,0.0,domicilio,no,5.0,no,hospital F,urgente,22/11/2025,si,distrito 10,no
medicina interna,77.0,hombre,18.0,0.0,2.0,centro de media estancia,sí,9.0,no,hospital C,urgente,15/09/2025,no,distrito 7,no
CIRUGÍA GENERAL,68.0,hombre,7.0,0.0,0.0,domicilio,sí,11.0,no,hospital A,programado,29/03/2025,no,distrito 8,no
digestivo,72.0,hombre,13.0,6.0,0.0,domicilio,sí,1.0,no,hospital F,urgente,15/07/2024,si,distrito 7,no
neumología,80.0,mujer,4.0,0.0,0.0,domicilio,no,14.0,no,hospital A,urgente,15/10/2025,no,distrito 10,no
cardiología,83.0,hombre,11.0,7.0,0.0,domicilio,no,5.0,sí,hospital F,urgente,23/02/2025,si,distrito 6,no
cardiología,79.0,mujer,8.0,8.0,0.0,domicilio,no,10.0,no,hospital C,urgente,11/10/2025,si,distrito 7,no
traumatología,70.0,mujer,-99.0,1.0,0.0,hospitalización a domicilio,sí,13.0,no,hospital B,urgente,02/09/2024,no,distrito 2,no
medicina interna,67.0,hombre,15.0,0.0,0.0,domicilio,sí,2.0,no,hospital A,programado,29/05/2025,no,distrito 5,no
digestivo,82.0,mujer,3.0,10.0,4.0,residencia,sí,7.0,no,hospital F,urgente,28/10/2024,si,distrito 8,sí
traumatologia,58.0,hombre,5.0,2.0,1.0,hospitalización a domicilio,no,2.0,no,hospital B,urgente,22/10/2025,no,distrito 8,no
traumatología,64.0,hombre,5.0,10.0,0.0,domicilio,no,2.0,sí,hospital D,programado,13/10/2024,no,distrito 6,sí
cardiología,89.0,hombre,4.0,5.0,3.0,domicilio,sí,7.0,sí,hospital E,urgente,30/04/2025,si,distrito 1,no
digestivo,73.0,mujer,5.0,1.0,0.0,domicilio,no,19.0,sí,hospital C,urgente,22/09/2025,no,distrito 5,sí
cirugia general,91.0,hombre,7.0,0.0,1.0,domicilio,no,3.0,no,hospital E,N/D,24/08/2025,no,distrito 9,no
medicina interna,82.0,mujer,19.0,2.0,0.0,residencia,sí,3.0,no,hospital F,urgente,31/10/2024,no,distrito 2,sí
  cardiología ,79.0,hombre,4.0,1.0,0.0,domicilio,no,3.0,no,hospital D,urgente,26/06/2024,no,distrito 4,no
cirugía general,68.0,hombre,10.0,0.0,0.0,domicilio,no,8.0,sí,hospital A,urgente,24/06/2024,no,distrito 1,sí
TRAUMATOLOGÍA,72.0,hombre,14.0,1.0,0.0,domicilio,sí,4.0,no,hospital A,urgente,23/10/2024,no,distrito 5,no
medicina interna,42.0,hombre,7.0,0.0,2.0,domicilio,no,3.0,no,hospital E,urgente,21/08/2024,no,distrito 7,no
cirugía general,50.0,mujer,4.0,2.0,0.0,domicilio,no,5.0,no,hospital D,urgente,30/03/2025,no,distrito 4,no
cardiología,69.0,hombre,14.0,6.0,0.0,domicilio,sí,7.0,sí,hospital F,urgente,23/02/2025,no,distrito 1,no
neumología,86.0,mujer,20.0,2.0,0.0,domicilio,sí,3.0,no,hospital D,urgente,12/07/2024,no,distrito 6,no
medicina interna,72.0,mujer,11.0,6.0,1.0,domicilio,sí,14.0,no,hospital B,urgente,07/06/2024,si,distrito 5,no
medicina interna,96.0,hombre,6.0,2.0,0.0,residencia,sí,2.0,no,hospital D,urgente,31/07/2025,no,distrito 9,sí
traumatología,42.0,hombre,6.0,2.0,1.0,domicilio,sí,4.0,sí,hospital F,programado,20/09/2024,no,distrito 9,no
traumatología,43.0,hombre,12.0,0.0,1.0,domicilio,no,4.0,no,hospital A,urgente,22/12/2024,no,distrito 5,no
medicina interna,65.0,hombre,2.0,6.0,2.0,hospitalización a domicilio,sí,1.0,no,hospital B,N/D,23/09/2024,si,distrito 10,no
neumologia,76.0,hombre,8.0,6.0,0.0,centro de media estancia,no,8.0,no,hospital A,urgente,14/06/2025,no,distrito 1,sí
cardiología,33.0,hombre,9.0,2.0,1.0,domicilio,no,3.0,no,hospital D,urgente,27/05/2025,no,distrito 4,sí
TRAUMATOLOGÍA,87.0,hombre,14.0,0.0,1.0,domicilio,sí,2.0,no,hospital E,urgente,06/05/2025,no,distrito 6,no
traumatología,69.0,mujer,5.0,0.0,3.0,domicilio,sí,9.0,no,hospital B,urgente,18/09/2024,no,distrito 9,no
cirugía general,72.0,mujer,8.0,1.0,0.0,domicilio,no,11.0,sí,hospital C,programado,20/08/2025,no,distrito 2,no
medicina interna,31.0,hombre,4.0,0.0,0.0,domicilio,no,10.0,no,hospital E,urgente,05/10/2025,no,distrito 8,no
traumatología,91.0,hombre,11.0,0.0,0.0,domicilio,no,0.0,no,hospital E,urgente,29/04/2025,no,distrito 4,no
traumatología,55.0,hombre,6.0,0.0,1.0,domicilio,no,6.0,no,hospital F,urgente,05/09/2025,no,distrito 8,no
medicina interna,70.0,mujer,4.0,1.0,0.0,domicilio,no,9.0,sí,hospital A,urgente,20/06/2024,no,distrito 2,no
cardiología,75.0,mujer,3.0,1.0,2.0,domicilio,sí,9.0,no,hospital E,urgente,18/04/2025,no,distrito 2,no
CIRUGÍA GENERAL,49.0,mujer,3.0,7.0,3.0,centro de media estancia,sí,3.0,no,hospital C,urgente,22/04/2025,no,distrito 9,no
CARDIOLOGÍA,48.0,mujer,4.0,2.0,2.0,domicilio,sí,10.0,sí,hospital F,programado,07/10/2024,no,distrito 3,no
TRAUMATOLOGÍA,54.0,mujer,8.0,3.0,0.0,domicilio,no,6.0,sí,hospital E,urgente,21/01/2025,no,distrito 1,no
traumatología,84.0,mujer,8.0,2.0,0.0,domicilio,sí,5.0,no,hospital D,programado,31/05/2025,no,distrito 6,no
traumatología,65.0,hombre,5.0,2.0,0.0,centro de media estancia,no,11.0,sí,hospital E,programado,09/08/2024,no,distrito 4,no
cardiología,59.0,hombre,13.0,2.0,0.0,domicilio,no,6.0,no,hospital D,urgente,10/12/2024,no,distrito 5,no
medicina interna,52.0,mujer,14.0,5.0,0.0,domicilio,sí,5.0,no,hospital B,urgente,18/10/2024,no,distrito 6,no
medicina interna,68.0,mujer,8.0,10.0,0.0,domicilio,sí,4.0,sí,hospital A,N/D,22/10/2024,no,distrito 9,sí
cirugía general,67.0,mujer,2.0,1.0,0.0,residencia,sí,9.0,no,hospital F,urgente,29/05/2025,no,distrito 1,sí
DIGESTIVO,85.0,mujer,5.0,4.0,0.0,residencia,sí,5.0,no,hospital F,urgente,13/09/2024,no,distrito 3,no
neumología,76.0,mujer,7.0,0.0,0.0,domicilio,sí,5.0,no,hospital A,N/D,27/02/2025,no,distrito 8,no
medicina interna,46.0,hombre,7.0,0.0,0.0,domicilio,no,7.0,sí,hospital C,urgente,25/06/2025,no,distrito 8,sí
cirugía general,71.0,mujer,14.0,0.0,0.0,centro de media estancia,no,19.0,sí,hospital C,urgente,14/07/2024,no,distrito 9,no
medicina interna,66.0,mujer,-99.0,2.0,0.0,domicilio,sí,17.0,no,hospital F,urgente,24/01/2025,no,distrito 7,sí
  cardiología ,90.0,hombre,17.0,0.0,0.0,residencia,no,5.0,sí,hospital D,urgente,02/01/2025,no,distrito 9,no
digestivo,74.0,mujer,1.0,5.0,0.0,centro de media estancia,sí,7.0,sí,hospital C,urgente,06/06/2025,no,distrito 4,sí
  medicina interna ,65.0,mujer,-99.0,1.0,0.0,domicilio,no,6.0,no,hospital F,N/D,27/10/2025,no,distrito 1,sí
neumología,59.0,hombre,1.0,8.0,0.0,domicilio,no,5.0,no,hospital D,programado,04/06/2024,si,distrito 8,no
cirugía general,89.0,hombre,6.0,1.0,0.0,domicilio,sí,7.0,sí,hospital B,programado,08/04/2025,no,distrito 3,sí
cardiología,60.0,hombre,8.0,4.0,2.0,domicilio,sí,6.0,no,hospital F,urgente,20/10/2025,si,distrito 1,no
medicina interna,71.0,mujer,3.0,4.0,2.0,domicilio,no,1.0,no,hospital E,programado,22/12/2024,no,distrito 5,sí
neumología,50.0,hombre,6.0,1.0,0.0,domicilio,sí,2.0,no,hospital C,urgente,12/12/2024,no,distrito 3,no
CARDIOLOGÍA,45.0,hombre,1.0,2.0,0.0,domicilio,sí,3.0,no,hospital E,urgente,06/11/2024,no,distrito 10,sí
cirugía general,62.0,mujer,0.0,5.0,0.0,domicilio,no,3.0,sí,hospital B,N/D,10/04/2025,no,distrito 9,sí
  cardiología ,37.0,mujer,2.0,2.0,0.0,residencia,sí,5.0,no,hospital C,urgente,20/12/2024,no,distrito 10,no
cardiología,88.0,hombre,7.0,5.0,0.0,domicilio,no,6.0,no,hospital A,urgente,30/11/2024,no,distrito 4,no
digestivo,24.0,mujer,-99.0,3.0,1.0,centro de media estancia,sí,12.0,no,hospital F,urgente,03/07/2024,no,distrito 4,no
traumatología,72.0,mujer,3.0,1.0,1.0,residencia,no,4.0,no,hospital D,urgente,31/05/2025,no,distrito 4,no
traumatología,62.0,mujer,1.0,5.0,0.0,domicilio,no,6.0,no,hospital C,programado,24/06/2024,no,distrito 1,sí
medicina interna,93.0,hombre,4.0,1.0,0.0,domicilio,no,1.0,no,hospital C,programado,13/04/2025,no,distrito 2,no
medicina interna,52.0,mujer,-99.0,4.0,0.0,domicilio,no,7.0,sí,hospital D,N/D,19/02/2025,si,distrito 8,sí
medicina interna,78.0,mujer,6.0,0.0,0.0,domicilio,sí,8.0,no,hospital E,urgente,12/04/2025,no,distrito 1,no
traumatología,77.0,mujer,4.0,7.0,0.0,domicilio,no,4.0,no,hospital A,programado,03/01/2025,si,distrito 8,sí
cardiologia,67.0,hombre,5.0,1.0,0.0,residencia,sí,13.0,no,hospital E,urgente,19/08/2024,no,distrito 9,no
medicina interna,25.0,mujer,7.0,2.0,0.0,domicilio,sí,9.0,no,hospital C,programado,10/05/2025,no,distrito 9,no
medicina interna,53.0,hombre,9.0,5.0,0.0,domicilio,no,1.0,no,hospital D,programado,07/04/2025,no,distrito 3,no
medicina interna,67.0,hombre,5.0,2.0,1.0,domicilio,no,4.0,sí,hospital B,urgente,24/11/2024,no,distrito 6,no
medicina interna,64.0,mujer,2.0,2.0,0.0,domicilio,no,8.0,no,hospital C,urgente,08/07/2025,no,distrito 8,no
digestivo,58.0,mujer,6.0,5.0,0.0,domicilio,sí,4.0,no,hospital B,urgente,09/08/2024,no,distrito 4,no
cirugía general,78.0,mujer,5.0,5.0,0.0,domicilio,sí,7.0,sí,hospital E,urgente,08/11/2024,no,distrito 6,sí
medicina interna,42.0,mujer,6.0,0.0,0.0,domicilio,sí,9.0,no,hospital D,urgente,08/10/2024,no,distrito 7,sí
traumatología,66.0,mujer,6.0,4.0,0.0,residencia,no,25.0,sí,hospital E,programado,10/08/2024,si,distrito 6,no
digestivo,53.0,hombre,2.0,2.0,2.0,residencia,sí,1.0,no,hospital B,urgente,13/06/2025,no,distrito 9,no
cardiología,32.0,mujer,2.0,2.0,0.0,residencia,sí,1.0,no,hospital A,urgente,03/07/2024,no,distrito 8,sí
medicina interna,52.0,mujer,7.0,5.0,1.0,domicilio,no,0.0,sí,hospital A,urgente,18/07/2024,no,distrito 1,sí
  cardiología ,57.0,hombre,2.0,0.0,0.0,domicilio,no,5.0,no,hospital A,N/D,04/08/2025,no,distrito 1,no
cardiología,100.0,mujer,10.0,1.0,0.0,residencia,sí,8.0,sí,hospital E,urgente,28/11/2024,no,distrito 2,sí
digestivo,77.0,mujer,3.0,0.0,2.0,domicilio,no,6.0,no,hospital C,urgente,29/08/2024,no,distrito 1,sí
cirugía general,68.0,mujer,4.0,2.0,5.0,domicilio,no,1.0,no,hospital B,urgente,11/03/2025,no,distrito 8,sí
medicina interna,41.0,mujer,7.0,3.0,0.0,domicilio,no,5.0,sí,hospital C,urgente,24/02/2025,no,distrito 6,no
medicina interna,99.0,hombre,7.0,1.0,1.0,residencia,sí,9.0,no,hospital D,urgente,14/09/2025,no,distrito 9,sí
medicina interna,60.0,hombre,13.0,3.0,0.0,domicilio,no,4.0,no,hospital F,programado,18/01/2025,no,distrito 6,sí
cirugía general,46.0,hombre,4.0,1.0,0.0,domicilio,sí,2.0,no,hospital A,urgente,28/10/2025,no,distrito 10,sí
digestivo,68.0,hombre,11.0,3.0,0.0,domicilio,no,13.0,sí,hospital D,urgente,13/07/2025,no,distrito 4,no
cardiologia,59.0,mujer,4.0,0.0,1.0,domicilio,sí,6.0,no,hospital B,urgente,27/05/2025,no,distrito 7,no
traumatología,82.0,mujer,5.0,5.0,1.0,domicilio,sí,3.0,no,hospital F,urgente,20/10/2024,si,distrito 2,no
NEUMOLOGÍA,51.0,hombre,4.0,4.0,0.0,residencia,sí,2.0,no,hospital F,programado,18/12/2024,si,distrito 10,sí
  neumología ,90.0,hombre,7.0,3.0,0.0,domicilio,no,0.0,no,hospital E,programado,28/06/2024,no,distrito 1,sí
neumologia,61.0,mujer,5.0,2.0,1.0,residencia,no,8.0,no,hospital E,urgente,19/09/2025,no,distrito 2,no
digestivo,66.0,mujer,4.0,2.0,1.0,domicilio,sí,5.0,sí,hospital B,urgente,14/07/2025,no,distrito 2,no
medicina interna,46.0,mujer,10.0,5.0,1.0,domicilio,no,4.0,no,hospital A,urgente,10/07/2024,no,distrito 5,sí
CIRUGÍA GENERAL,88.0,mujer,-99.0,3.0,1.0,domicilio,no,6.0,no,hospital A,urgente,18/11/2025,no,distrito 8,no
neumología,34.0,mujer,4.0,8.0,0.0,domicilio,no,12.0,no,hospital B,urgente,08/10/2024,no,distrito 7,no
medicina interna,69.0,mujer,4.0,0.0,1.0,domicilio,no,4.0,no,hospital E,N/D,20/07/2025,no,distrito 9,sí
cardiología,63.0,mujer,5.0,1.0,0.0,domicilio,no,9.0,sí,hospital E,urgente,16/02/2025,no,distrito 2,no
traumatologia,37.0,mujer,6.0,0.0,0.0,domicilio,no,5.0,no,hospital C,urgente,10/10/2024,no,distrito 3,sí
traumatología,68.0,mujer,4.0,1.0,0.0,domicilio,sí,10.0,no,hospital C,programado,19/10/2024,no,distrito 1,no
cardiología,79.0,hombre,6.0,3.0,0.0,domicilio,sí,5.0,no,hospital E,programado,20/06/2024,no,distrito 2,no
NEUMOLOGÍA,90.0,mujer,3.0,5.0,2.0,domicilio,no,10.0,no,hospital C,urgente,10/05/2025,no,distrito 2,no
medicina interna,72.0,mujer,14.0,3.0,0.0,centro de media estancia,no,1.0,no,hospital F,programado,05/07/2025,si,distrito 8,no
NEUMOLOGÍA,68.0,hombre,9.0,2.0,0.0,domicilio,sí,5.0,no,hospital B,urgente,15/03/2025,no,distrito 3,no
cardiología,84.0,mujer,8.0,2.0,0.0,domicilio,sí,4.0,sí,hospital E,urgente,20/06/2025,no,distrito 7,no
cardiología,98.0,hombre,3.0,4.0,0.0,domicilio,no,11.0,sí,hospital B,urgente,21/06/2024,no,distrito 2,no
medicina interna,55.0,hombre,3.0,3.0,1.0,domicilio,sí,7.0,no,hospital A,programado,04/08/2025,no,distrito 6,no
CIRUGÍA GENERAL,69.0,mujer,5.0,4.0,0.0,domicilio,sí,8.0,no,hospital F,urgente,23/10/2024,no,distrito 9,no
cardiologia,81.0,mujer,1.0,1.0,0.0,domicilio,no,15.0,no,hospital A,urgente,17/08/2024,no,distrito 5,no
TRAUMATOLOGÍA,48.0,mujer,24.0,0.0,0.0,domicilio,sí,2.0,sí,hospital C,urgente,29/03/2025,no,distrito 7,no
cardiología,55.0,hombre,9.0,1.0,0.0,residencia,no,3.0,no,hospital A,urgente,18/03/2025,no,distrito 7,sí
medicina interna,60.0,mujer,9.0,4.0,1.0,domicilio,sí,7.0,no,hospital E,urgente,22/11/2025,no,distrito 6,sí
traumatología,63.0,mujer,2.0,1.0,0.0,domicilio,sí,1.0,sí,hospital E,urgente,19/12/2024,no,distrito 9,sí
medicina interna,48.0,hombre,16.0,6.0,0.0,domicilio,no,1.0,sí,hospital A,urgente,07/09/2025,no,distrito 7,no
traumatologia,59.0,hombre,5.0,0.0,0.0,hospitalización a domicilio,no,12.0,sí,hospital D,urgente,06/12/2024,no,distrito 9,no
neumología,69.0,hombre,2.0,0.0,0.0,domicilio,sí,8.0,no,hospital B,urgente,21/02/2025,no,distrito 8,sí
medicina interna,65.0,hombre,3.0,14.0,1.0,domicilio,sí,0.0,no,hospital E,urgente,13/09/2024,si,distrito 6,sí
CIRUGÍA GENERAL,60.0,hombre,1.0,4.0,0.0,domicilio,sí,8.0,sí,hospital E,urgente,14/03/2025,no,distrito 10,no
digestivo,100.0,hombre,16.0,0.0,0.0,centro de media estancia,no,8.0,no,hospital C,urgente,29/07/2025,no,distrito 4,sí
cirugía general,74.0,hombre,4.0,4.0,0.0,domicilio,sí,13.0,sí,hospital A,urgente,25/06/2024,si,distrito 8,no
cardiología,52.0,mujer,5.0,7.0,0.0,domicilio,no,13.0,no,hospital B,programado,08/08/2024,si,distrito 1,no
  cirugía general ,68.0,mujer,11.0,5.0,1.0,hospitalización a domicilio,sí,0.0,no,hospital E,urgente,23/01/2025,no,distrito 2,no
cardiología,71.0,hombre,17.0,4.0,0.0,domicilio,sí,3.0,no,hospital A,urgente,21/10/2025,no,distrito 4,no
CARDIOLOGÍA,45.0,hombre,8.0,2.0,0.0,domicilio,sí,10.0,sí,hospital C,urgente,18/08/2025,no,distrito 5,sí
digestivo,42.0,mujer,2.0,1.0,1.0,domicilio,sí,11.0,sí,hospital F,urgente,24/08/2025,no,distrito 8,no
medicina interna,46.0,hombre,10.0,0.0,0.0,domicilio,no,3.0,no,hospital B,urgente,07/05/2025,no,distrito 3,no
medicina interna,49.0,mujer,6.0,5.0,0.0,residencia,sí,13.0,no,hospital C,urgente,07/08/2025,no,distrito 4,no
cardiología,46.0,hombre,15.0,4.0,0.0,domicilio,no,8.0,sí,hospital D,urgente,18/11/2024,no,distrito 9,sí
neumología,45.0,hombre,8.0,2.0,0.0,domicilio,sí,4.0,sí,hospital C,urgente,15/11/2024,no,distrito 2,no
  cardiología ,100.0,hombre,12.0,1.0,7.0,domicilio,sí,5.0,no,hospital E,programado,12/06/2024,no,distrito 2,no
cirugía general,51.0,hombre,26.0,5.0,1.0,residencia,no,11.0,sí,hospital E,urgente,01/05/2025,si,distrito 1,sí
neumología,82.0,mujer,8.0,3.0,0.0,hospitalización a domicilio,sí,10.0,no,hospital B,programado,13/06/2025,no,distrito 5,no
cirugía general,95.0,mujer,18.0,3.0,0.0,domicilio,sí,5.0,no,hospital E,urgente,31/08/2024,no,distrito 5,sí
neumología,82.0,mujer,8.0,0.0,0.0,domicilio,sí,5.0,no,hospital D,programado,06/07/2024,no,distrito 6,no
neumologia,46.0,hombre,15.0,6.0,1.0,domicilio,sí,7.0,sí,hospital F,urgente,11/02/2025,no,distrito 3,sí
MEDICINA INTERNA,75.0,mujer,6.0,3.0,0.0,hospitalización a domicilio,sí,4.0,no,hospital F,urgente,09/06/2024,no,distrito 6,no
medicina interna,92.0,mujer,2.0,3.0,0.0,domicilio,no,8.0,no,hospital E,urgente,20/06/2024,si,distrito 2,no
medicina interna,76.0,mujer,23.0,1.0,1.0,domicilio,no,8.0,no,hospital F,programado,12/12/2024,no,distrito 2,sí
cirugía general,56.0,hombre,12.0,3.0,0.0,domicilio,sí,1.0,sí,hospital C,programado,08/05/2025,no,distrito 4,sí
digestivo,83.0,hombre,6.0,4.0,0.0,domicilio,sí,0.0,sí,hospital E,programado,20/11/2025,no,distrito 9,no
cardiología,55.0,hombre,11.0,0.0,0.0,domicilio,no,10.0,no,hospital E,urgente,02/11/2024,no,distrito 10,no
traumatología,91.0,mujer,5.0,0.0,0.0,centro de media estancia,no,12.0,no,hospital F,urgente,12/04/2025,no,distrito 10,no
  traumatología ,70.0,mujer,4.0,0.0,0.0,domicilio,no,27.0,no,hospital A,urgente,27/05/2025,no,distrito 10,sí
traumatología,65.0,mujer,2.0,3.0,0.0,domicilio,sí,1.0,sí,hospital D,programado,24/01/2025,no,distrito 10,no
  traumatología ,92.0,mujer,4.0,0.0,0.0,domicilio,no,3.0,no,hospital C,urgente,20/02/2025,no,distrito 9,no
cardiología,71.0,mujer,8.0,3.0,1.0,domicilio,no,1.0,no,hospital E,urgente,06/05/2025,si,distrito 9,no
neumología,56.0,hombre,10.0,8.0,0.0,domicilio,sí,3.0,no,hospital C,urgente,22/11/2025,no,distrito 4,sí
cardiología,71.0,mujer,5.0,4.0,0.0,domicilio,sí,3.0,sí,hospital E,urgente,13/06/2025,no,distrito 9,sí
neumología,85.0,hombre,5.0,2.0,1.0,domicilio,sí,3.0,no,hospital A,N/D,16/08/2025,no,distrito 7,sí
CIRUGÍA GENERAL,84.0,hombre,-99.0,6.0,1.0,domicilio,sí,16.0,sí,hospital B,programado,19/01/2025,no,distrito 6,no
neumología,68.0,hombre,2.0,1.0,0.0,domicilio,no,7.0,sí,hospital E,urgente,23/07/2025,no,distrito 8,no
medicina interna,64.0,hombre,8.0,0.0,0.0,domicilio,sí,2.0,no,hospital B,programado,16/05/2025,no,distrito 10,no
traumatología,86.0,hombre,2.0,4.0,3.0,domicilio,sí,4.0,no,hospital C,urgente,29/08/2025,no,distrito 4,no
cirugía general,55.0,mujer,7.0,1.0,0.0,domicilio,no,1.0,sí,hospital C,urgente,25/06/2024,no,distrito 3,no
medicina interna,69.0,mujer,6.0,2.0,0.0,residencia,no,9.0,sí,hospital B,programado,17/11/2025,no,distrito 6,sí
cirugía general,71.0,mujer,6.0,0.0,0.0,domicilio,no,1.0,no,hospital E,urgente,25/10/2024,no,distrito 8,no
medicina interna,75.0,hombre,6.0,0.0,0.0,centro de media estancia,sí,11.0,sí,hospital C,programado,14/10/2024,no,distrito 9,sí
DIGESTIVO,31.0,hombre,8.0,1.0,2.0,domicilio,sí,8.0,no,hospital D,programado,28/04/2025,no,distrito 3,sí
cardiología,62.0,mujer,11.0,2.0,0.0,domicilio,no,8.0,no,hospital E,urgente,09/11/2025,si,distrito 8,sí
MEDICINA INTERNA,79.0,mujer,2.0,1.0,2.0,domicilio,no,7.0,no,hospital D,urgente,26/10/2024,si,distrito 1,no
cirugía general,41.0,hombre,-99.0,3.0,0.0,domicilio,sí,6.0,sí,hospital C,urgente,04/04/2025,no,distrito 10,sí
medicina interna,41.0,mujer,4.0,6.0,0.0,domicilio,no,6.0,no,hospital A,programado,10/07/2025,si,distrito 7,sí
traumatologia,64.0,hombre,5.0,1.0,0.0,domicilio,sí,8.0,no,hospital C,urgente,24/07/2025,no,distrito 8,no
medicina interna,59.0,hombre,3.0,1.0,0.0,domicilio,sí,1.0,no,hospital F,urgente,22/06/2024,no,distrito 1,no
medicina interna,52.0,mujer,3.0,1.0,2.0,domicilio,sí,4.0,no,hospital D,urgente,01/07/2024,no,distrito 2,no
medicina interna,37.0,hombre,1.0,3.0,0.0,residencia,sí,4.0,sí,hospital B,urgente,13/04/2025,si,distrito 1,sí
traumatología,66.0,mujer,1.0,8.0,0.0,domicilio,sí,2.0,no,hospital A,urgente,21/09/2025,no,distrito 5,sí
neumología,45.0,mujer,1.0,5.0,0.0,domicilio,sí,1.0,no,hospital B,urgente,11/07/2024,no,distrito 6,sí
medicina interna,58.0,mujer,6.0,0.0,0.0,centro de media estancia,no,5.0,no,hospital A,programado,30/12/2024,no,distrito 4,sí
medicina interna,70.0,hombre,1.0,0.0,1.0,residencia,sí,26.0,sí,hospital C,urgente,30/04/2025,no,distrito 9,no
traumatología,77.0,hombre,6.0,2.0,0.0,domicilio,no,12.0,no,hospital F,urgente,23/04/2025,no,distrito 4,sí
cirugía general,39.0,mujer,7.0,0.0,0.0,domicilio,sí,6.0,no,hospital C,programado,24/12/2024,no,distrito 8,no
traumatología,79.0,hombre,3.0,4.0,0.0,domicilio,sí,8.0,no,hospital B,urgente,24/10/2025,no,distrito 6,sí
traumatología,64.0,hombre,1.0,3.0,0.0,domicilio,no,1.0,no,hospital D,programado,28/06/2025,no,distrito 2,sí
  cirugía general ,100.0,hombre,4.0,3.0,0.0,residencia,no,1.0,no,hospital A,urgente,05/12/2024,si,distrito 2,sí
cirugia general,94.0,mujer,4.0,0.0,0.0,residencia,sí,0.0,no,hospital F,urgente,14/02/2025,no,distrito 9,no
traumatología,51.0,hombre,4.0,0.0,0.0,domicilio,no,0.0,no,hospital D,urgente,06/05/2025,no,distrito 8,sí
TRAUMATOLOGÍA,76.0,mujer,19.0,0.0,3.0,centro de media estancia,sí,7.0,no,hospital F,urgente,31/08/2024,no,distrito 7,no
traumatología,34.0,mujer,7.0,0.0,2.0,domicilio,sí,11.0,sí,hospital C,urgente,29/10/2024,no,distrito 1,no
neumología,61.0,hombre,5.0,4.0,0.0,domicilio,sí,6.0,no,hospital A,programado,11/08/2025,no,distrito 9,no
traumatología,70.0,hombre,2.0,3.0,1.0,residencia,no,8.0,sí,hospital D,urgente,12/09/2025,no,distrito 4,no
neumología,81.0,mujer,9.0,0.0,0.0,residencia,sí,5.0,no,hospital E,urgente,07/12/2024,si,distrito 10,sí
cardiología,80.0,hombre,13.0,0.0,0.0,domicilio,no,6.0,sí,hospital A,urgente,05/11/2024,si,distrito 5,no
traumatología,82.0,mujer,6.0,5.0,0.0,hospitalización a domicilio,no,1.0,no,hospital D,urgente,04/07/2024,no,distrito 5,no
medicina interna,54.0,hombre,11.0,1.0,0.0,residencia,sí,5.0,no,hospital D,urgente,12/09/2025,no,distrito 10,sí
  medicina interna ,70.0,hombre,0.0,8.0,0.0,domicilio,no,13.0,no,hospital D,urgente,08/07/2025,si,distrito 1,no
cardiologia,50.0,mujer,5.0,11.0,0.0,domicilio,sí,7.0,no,hospital D,urgente,06/07/2024,si,distrito 7,sí
digestivo,60.0,hombre,6.0,0.0,0.0,domicilio,sí,3.0,no,hospital C,urgente,08/03/2025,no,distrito 2,sí
traumatología,72.0,mujer,4.0,2.0,0.0,residencia,no,10.0,no,hospital D,urgente,14/03/2025,no,distrito 3,no
MEDICINA INTERNA,73.0,hombre,1.0,2.0,0.0,domicilio,sí,3.0,sí,hospital B,urgente,13/03/2025,no,distrito 3,sí
cardiología,80.0,mujer,12.0,0.0,0.0,domicilio,sí,5.0,no,hospital D,programado,25/01/2025,no,distrito 2,sí
cirugía general,61.0,hombre,5.0,1.0,0.0,hospitalización a domicilio,no,0.0,no,hospital E,urgente,18/08/2024,no,distrito 9,no
  digestivo ,49.0,mujer,4.0,1.0,0.0,residencia,sí,12.0,no,hospital C,programado,03/11/2025,no,distrito 7,sí
medicina interna,89.0,mujer,3.0,3.0,0.0,domicilio,no,4.0,no,hospital D,programado,01/12/2024,no,distrito 2,no
cardiología,83.0,hombre,1.0,2.0,0.0,domicilio,no,17.0,sí,hospital A,programado,30/06/2024,no,distrito 2,sí
CIRUGÍA GENERAL,39.0,hombre,3.0,0.0,0.0,domicilio,no,4.0,no,hospital C,urgente,03/04/2025,no,distrito 3,no
neumología,58.0,hombre,4.0,3.0,0.0,residencia,no,1.0,no,hospital F,urgente,18/08/2024,si,distrito 6,no
cardiologia,82.0,mujer,-99.0,5.0,0.0,domicilio,sí,15.0,no,hospital B,urgente,24/10/2024,si,distrito 7,no
DIGESTIVO,59.0,hombre,10.0,3.0,0.0,domicilio,sí,3.0,no,hospital D,urgente,13/04/2025,si,distrito 8,no
medicina interna,57.0,mujer,4.0,0.0,0.0,hospitalización a domicilio,no,5.0,no,hospital F,programado,15/06/2025,no,distrito 1,no
cardiología,55.0,hombre,5.0,3.0,0.0,residencia,no,9.0,sí,hospital E,programado,12/10/2024,no,distrito 10,no
cirugía general,73.0,mujer,3.0,1.0,0.0,domicilio,no,4.0,no,hospital B,urgente,15/10/2025,no,distrito 8,no
cirugía general,100.0,hombre,2.0,0.0,1.0,centro de media estancia,sí,5.0,no,hospital A,N/D,23/11/2024,no,distrito 5,no
digestivo,68.0,mujer,14.0,0.0,0.0,domicilio,no,5.0,sí,hospital B,urgente,19/08/2024,no,distrito 5,sí
traumatología,27.0,mujer,12.0,0.0,1.0,domicilio,sí,0.0,no,hospital C,urgente,09/04/2025,no,distrito 9,no
medicina interna,66.0,hombre,0.0,0.0,0.0,residencia,no,4.0,no,hospital A,urgente,20/06/2024,no,distrito 9,no
cirugia general,58.0,hombre,13.0,0.0,1.0,centro de media estancia,no,20.0,no,hospital B,urgente,05/08/2024,no,distrito 3,no
medicina interna,60.0,mujer,8.0,1.0,0.0,residencia,sí,7.0,sí,hospital A,urgente,01/11/2025,no,distrito 7,no
traumatología,55.0,mujer,5.0,4.0,2.0,domicilio,no,1.0,no,hospital E,programado,24/04/2025,no,distrito 3,no
medicina interna,66.0,hombre,1.0,0.0,0.0,domicilio,sí,1.0,no,hospital E,programado,10/02/2025,no,distrito 1,no
traumatología,38.0,mujer,4.0,0.0,0.0,domicilio,no,6.0,no,hospital D,urgente,24/04/2025,no,distrito 3,sí
traumatología,50.0,mujer,-99.0,5.0,0.0,residencia,sí,24.0,no,hospital A,urgente,23/11/2024,no,distrito 4,sí
medicina interna,44.0,hombre,2.0,3.0,0.0,domicilio,no,8.0,no,hospital A,urgente,18/09/2024,no,distrito 6,no
  medicina interna ,81.0,mujer,-99.0,0.0,0.0,domicilio,sí,5.0,sí,hospital D,urgente,13/08/2024,si,distrito 10,sí
neumología,84.0,hombre,7.0,3.0,4.0,domicilio,sí,8.0,sí,hospital C,urgente,15/08/2024,no,distrito 10,no
  traumatología ,69.0,hombre,-99.0,1.0,0.0,domicilio,sí,11.0,no,hospital C,urgente,12/10/2024,no,distrito 1,no
neumología,54.0,mujer,21.0,2.0,0.0,domicilio,sí,3.0,no,hospital F,urgente,13/11/2024,no,distrito 1,no
medicina interna,98.0,mujer,2.0,2.0,0.0,domicilio,sí,4.0,sí,hospital E,urgente,02/09/2025,si,distrito 10,sí
digestivo,55.0,hombre,4.0,6.0,0.0,domicilio,sí,5.0,no,hospital D,urgente,31/08/2025,no,distrito 9,sí
NEUMOLOGÍA,90.0,hombre,29.0,2.0,0.0,domicilio,sí,13.0,no,hospital B,urgente,10/06/2025,no,distrito 4,no
neumología,56.0,mujer,-99.0,1.0,0.0,domicilio,sí,0.0,sí,hospital A,urgente,17/06/2025,no,distrito 5,no
traumatología,49.0,hombre,3.0,13.0,1.0,domicilio,no,7.0,no,hospital F,programado,17/08/2025,no,distrito 5,sí
neumología,66.0,hombre,0.0,2.0,0.0,domicilio,no,8.0,no,hospital A,urgente,17/07/2025,no,distrito 9,no
medicina interna,51.0,hombre,5.0,5.0,2.0,domicilio,sí,5.0,no,hospital F,urgente,17/11/2025,no,distrito 4,sí
medicina interna,66.0,mujer,5.0,4.0,0.0,domicilio,sí,3.0,no,hospital F,urgente,14/03/2025,no,distrito 4,no
DIGESTIVO,41.0,hombre,2.0,12.0,1.0,domicilio,no,4.0,sí,hospital B,urgente,04/10/2024,no,distrito 2,sí
MEDICINA INTERNA,70.0,hombre,12.0,2.0,4.0,domicilio,no,6.0,sí,hospital A,urgente,06/02/2025,no,distrito 8,sí
medicina interna,32.0,mujer,7.0,0.0,0.0,domicilio,sí,20.0,no,hospital D,urgente,04/11/2025,no,distrito 8,no
CIRUGÍA GENERAL,100.0,hombre,18.0,0.0,0.0,domicilio,sí,12.0,no,hospital C,programado,17/05/2025,no,distrito 9,no
neumología,56.0,hombre,15.0,9.0,2.0,residencia,no,3.0,sí,hospital C,programado,16/09/2025,si,distrito 7,no
  digestivo ,51.0,hombre,14.0,2.0,0.0,domicilio,sí,9.0,sí,hospital F,programado,29/09/2024,no,distrito 6,sí
medicina interna,59.0,hombre,16.0,0.0,0.0,residencia,no,3.0,no,hospital E,urgente,02/11/2025,no,distrito 3,no
  cardiología ,80.0,hombre,6.0,2.0,0.0,domicilio,no,3.0,no,hospital A,urgente,21/02/2025,no,distrito 8,sí
traumatología,48.0,hombre,8.0,1.0,1.0,centro de media estancia,no,5.0,no,hospital E,programado,30/07/2025,no,distrito 5,no
cirugía general,73.0,hombre,14.0,1.0,1.0,residencia,sí,12.0,no,hospital F,urgente,08/10/2025,no,distrito 6,no
digestivo,77.0,mujer,9.0,0.0,0.0,domicilio,no,4.0,no,hospital F,programado,21/05/2025,no,distrito 1,no
medicina interna,63.0,mujer,4.0,6.0,2.0,centro de media estancia,no,11.0,no,hospital E,urgente,27/07/2025,si,distrito 7,sí
medicina interna,63.0,mujer,21.0,2.0,0.0,residencia,no,6.0,sí,hospital C,urgente,20/06/2025,no,distrito 6,sí
neumología,70.0,mujer,5.0,1.0,0.0,domicilio,no,9.0,no,hospital C,programado,23/09/2025,no,distrito 2,no
traumatologia,97.0,mujer,2.0,3.0,0.0,domicilio,sí,5.0,sí,hospital E,urgente,15/11/2024,no,distrito 4,sí
TRAUMATOLOGÍA,75.0,hombre,3.0,6.0,3.0,domicilio,sí,7.0,no,hospital B,urgente,14/04/2025,si,distrito 10,sí
neumología,48.0,mujer,1.0,2.0,4.0,hospitalización a domicilio,sí,2.0,sí,hospital B,urgente,23/06/2025,no,distrito 5,no
MEDICINA INTERNA,73.0,hombre,-99.0,4.0,0.0,residencia,sí,4.0,sí,hospital D,urgente,28/04/2025,no,distrito 5,no
medicina interna,68.0,mujer,4.0,1.0,0.0,domicilio,no,0.0,no,hospital D,urgente,07/03/2025,no,distrito 8,no
medicina interna,70.0,mujer,6.0,1.0,0.0,domicilio,no,7.0,no,hospital D,urgente,25/09/2025,no,distrito 1,no
traumatología,64.0,hombre,12.0,0.0,0.0,domicilio,no,3.0,no,hospital E,urgente,20/03/2025,no,distrito 5,sí
TRAUMATOLOGÍA,43.0,hombre,2.0,1.0,1.0,residencia,sí,3.0,no,hospital C,urgente,30/06/2024,si,distrito 1,no
cardiología,95.0,mujer,6.0,4.0,0.0,domicilio,sí,12.0,sí,hospital F,urgente,13/06/2024,no,distrito 8,no
  digestivo ,72.0,hombre,16.0,0.0,0.0,domicilio,no,7.0,no,hospital D,programado,15/04/2025,no,distrito 5,sí
cardiología,60.0,hombre,-99.0,2.0,0.0,centro de media estancia,no,11.0,sí,hospital B,programado,12/01/2025,no,distrito 3,sí
  cirugía general ,70.0,mujer,10.0,1.0,2.0,hospitalización a domicilio,sí,6.0,no,hospital F,programado,17/11/2025,no,distrito 1,sí
cirugía general,60.0,mujer,3.0,1.0,0.0,domicilio,no,17.0,no,hospital A,urgente,01/10/2025,no,distrito 6,no
cardiología,59.0,hombre,5.0,0.0,0.0,domicilio,sí,13.0,sí,hospital B,urgente,11/07/2025,no,distrito 9,no
  neumología ,77.0,hombre,4.0,5.0,0.0,domicilio,no,6.0,no,hospital D,urgente,08/07/2024,si,distrito 7,no
medicina interna,49.0,hombre,5.0,1.0,0.0,domicilio,sí,2.0,no,hospital C,urgente,20/06/2024,no,distrito 6,no
CARDIOLOGÍA,80.0,mujer,9.0,1.0,0.0,domicilio,no,6.0,no,hospital A,programado,03/06/2024,no,distrito 3,no
neumologia,55.0,hombre,6.0,5.0,0.0,domicilio,no,0.0,no,hospital E,programado,17/09/2025,si,distrito 7,no
  neumología ,71.0,mujer,11.0,0.0,0.0,residencia,no,10.0,no,hospital A,urgente,06/08/2024,no,distrito 3,sí
CIRUGÍA GENERAL,66.0,hombre,-99.0,1.0,1.0,residencia,no,7.0,no,hospital C,urgente,01/10/2025,no,distrito 7,sí
  medicina interna ,65.0,mujer,10.0,0.0,0.0,domicilio,no,8.0,no,hospital A,urgente,01/01/2025,no,distrito 2,sí
cirugía general,35.0,hombre,5.0,4.0,1.0,domicilio,sí,9.0,no,hospital E,urgente,15/02/2025,no,distrito 6,sí
cardiología,79.0,hombre,11.0,0.0,1.0,hospitalización a domicilio,sí,5.0,sí,hospital E,programado,28/05/2025,no,distrito 1,sí
CIRUGÍA GENERAL,65.0,mujer,7.0,5.0,1.0,domicilio,no,10.0,no,hospital D,programado,13/06/2024,no,distrito 8,sí
cirugía general,62.0,mujer,16.0,1.0,0.0,domicilio,no,7.0,no,hospital D,urgente,12/09/2024,no,distrito 8,sí
cardiología,78.0,hombre,5.0,1.0,0.0,domicilio,no,2.0,no,hospital E,urgente,26/05/2025,si,distrito 8,no
  cardiología ,82.0,mujer,7.0,3.0,0.0,domicilio,no,5.0,no,hospital C,programado,23/11/2024,no,distrito 3,no
medicina interna,60.0,hombre,4.0,1.0,0.0,domicilio,no,6.0,no,hospital B,urgente,30/07/2024,no,distrito 6,sí
medicina interna,100.0,hombre,11.0,6.0,1.0,hospitalización a domicilio,no,7.0,no,hospital F,urgente,21/03/2025,si,distrito 4,sí
neumología,69.0,hombre,13.0,0.0,1.0,domicilio,no,2.0,sí,hospital C,urgente,28/12/2024,no,distrito 9,no
cardiología,69.0,hombre,-99.0,2.0,0.0,domicilio,sí,2.0,no,hospital C,N/D,19/07/2024,no,distrito 4,sí
cardiología,76.0,mujer,11.0,5.0,0.0,residencia,no,4.0,no,hospital E,urgente,09/03/2025,no,distrito 1,no
neumología,69.0,hombre,5.0,1.0,0.0,domicilio,sí,3.0,sí,hospital E,urgente,26/10/2024,si,distrito 1,no
  traumatología ,64.0,mujer,9.0,0.0,0.0,domicilio,no,7.0,no,hospital B,urgente,12/04/2025,no,distrito 9,no
traumatología,41.0,hombre,3.0,3.0,1.0,domicilio,sí,2.0,no,hospital E,programado,04/10/2025,no,distrito 8,no
cirugía general,60.0,hombre,2.0,1.0,0.0,domicilio,no,5.0,no,hospital F,urgente,18/01/2025,no,distrito 5,sí
medicina interna,58.0,hombre,6.0,2.0,2.0,domicilio,no,4.0,no,hospital C,urgente,30/08/2024,no,distrito 1,sí
medicina interna,60.0,hombre,3.0,1.0,1.0,domicilio,sí,10.0,no,hospital B,N/D,17/09/2025,no,distrito 10,no
cardiologia,55.0,hombre,6.0,1.0,0.0,domicilio,sí,13.0,no,hospital F,urgente,28/03/2025,no,distrito 1,no
  medicina interna ,90.0,hombre,5.0,4.0,0.0,hospitalización a domicilio,sí,2.0,no,hospital C,urgente,22/11/2025,no,distrito 2,no
cardiología,58.0,mujer,13.0,2.0,0.0,domicilio,no,3.0,no,hospital D,programado,12/07/2024,no,distrito 3,no
cirugía general,42.0,hombre,7.0,3.0,0.0,residencia,no,3.0,no,hospital C,urgente,14/09/2024,si,distrito 8,no
cardiología,51.0,hombre,1.0,2.0,0.0,domicilio,no,2.0,no,hospital E,urgente,15/10/2025,no,distrito 2,no
cardiología,87.0,hombre,7.0,4.0,1.0,centro de media estancia,no,2.0,no,hospital F,urgente,08/09/2024,no,distrito 8,no
cirugía general,56.0,hombre,3.0,3.0,1.0,domicilio,sí,8.0,no,hospital E,urgente,27/04/2025,no,distrito 7,no
cirugía general,45.0,hombre,-99.0,2.0,0.0,centro de media estancia,sí,4.0,no,hospital A,urgente,08/09/2024,no,distrito 7,sí
traumatología,50.0,mujer,8.0,1.0,0.0,domicilio,sí,3.0,no,hospital C,programado,27/10/2024,no,distrito 4,no
medicina interna,46.0,mujer,3.0,5.0,2.0,domicilio,sí,3.0,sí,hospital A,urgente,15/02/2025,no,distrito 2,sí
medicina interna,75.0,mujer,5.0,4.0,0.0,domicilio,sí,2.0,no,hospital F,programado,23/09/2024,no,distrito 8,sí
cirugía general,55.0,hombre,14.0,0.0,5.0,residencia,no,6.0,sí,hospital F,programado,28/07/2025,no,distrito 2,sí
cardiologia,63.0,mujer,4.0,6.0,0.0,domicilio,sí,10.0,no,hospital C,urgente,11/11/2024,no,distrito 8,no
  digestivo ,82.0,mujer,3.0,1.0,0.0,domicilio,sí,7.0,no,hospital F,urgente,23/09/2024,no,distrito 7,no
digestivo,25.0,hombre,9.0,0.0,0.0,domicilio,sí,1.0,no,hospital D,urgente,29/08/2025,no,distrito 10,sí
  digestivo ,56.0,hombre,19.0,5.0,2.0,centro de media estancia,no,2.0,sí,hospital D,programado,15/07/2025,si,distrito 5,sí
CARDIOLOGÍA,65.0,mujer,6.0,3.0,1.0,domicilio,sí,11.0,no,hospital B,programado,18/07/2025,no,distrito 9,no
digestivo,73.0,hombre,5.0,0.0,0.0,residencia,no,1.0,no,hospital C,urgente,08/12/2024,no,distrito 8,no
traumatologia,54.0,hombre,13.0,12.0,0.0,domicilio,no,13.0,no,hospital E,programado,02/04/2025,no,distrito 3,sí
neumología,61.0,hombre,11.0,1.0,0.0,residencia,no,1.0,no,hospital F,urgente,04/06/2025,no,distrito 2,no
medicina interna,58.0,mujer,6.0,6.0,0.0,domicilio,no,3.0,sí,hospital C,urgente,05/03/2025,si,distrito 4,no
cardiología,49.0,hombre,13.0,0.0,0.0,domicilio,sí,9.0,no,hospital A,urgente,04/06/2025,no,distrito 6,no
medicina interna,82.0,mujer,5.0,6.0,0.0,domicilio,no,3.0,no,hospital E,urgente,29/11/2024,no,distrito 6,no
cardiología,79.0,hombre,3.0,1.0,0.0,domicilio,no,4.0,no,hospital B,programado,27/07/2024,no,distrito 1,sí
  medicina interna ,71.0,mujer,8.0,1.0,0.0,domicilio,sí,1.0,sí,hospital E,programado,15/08/2024,no,distrito 9,no
cirugía general,85.0,hombre,13.0,9.0,0.0,domicilio,sí,4.0,sí,hospital F,urgente,26/10/2025,no,distrito 9,sí
traumatología,51.0,hombre,7.0,5.0,0.0,domicilio,sí,8.0,no,hospital F,urgente,30/03/2025,no,distrito 6,no
traumatología,53.0,hombre,7.0,0.0,1.0,hospitalización a domicilio,sí,4.0,sí,hospital A,programado,19/01/2025,no,distrito 3,no
cardiología,58.0,hombre,13.0,7.0,1.0,domicilio,sí,8.0,no,hospital E,urgente,16/09/2025,no,distrito 6,no
neumología,80.0,mujer,7.0,5.0,0.0,domicilio,sí,3.0,no,hospital D,programado,14/10/2024,si,distrito 3,sí
neumología,78.0,mujer,6.0,4.0,0.0,hospitalización a domicilio,sí,12.0,no,hospital D,N/D,17/06/2024,si,distrito 10,sí
cardiología,90.0,mujer,-99.0,1.0,0.0,hospitalización a domicilio,sí,6.0,sí,hospital A,programado,19/12/2024,no,distrito 6,sí
cirugía general,84.0,mujer,8.0,5.0,0.0,centro de media estancia,sí,5.0,sí,hospital E,programado,27/03/2025,si,distrito 3,sí
cirugía general,75.0,mujer,22.0,2.0,0.0,residencia,no,9.0,no,hospital D,programado,08/09/2024,no,distrito 5,no
NEUMOLOGÍA,65.0,hombre,4.0,9.0,1.0,domicilio,sí,10.0,no,hospital E,urgente,20/02/2025,si,distrito 10,no
traumatología,82.0,hombre,2.0,0.0,0.0,residencia,sí,2.0,no,hospital B,urgente,11/06/2024,no,distrito 9,no
cardiología,65.0,hombre,4.0,1.0,1.0,domicilio,sí,3.0,no,hospital B,programado,17/11/2025,no,distrito 3,sí
neumología,51.0,mujer,10.0,5.0,0.0,residencia,sí,4.0,sí,hospital D,programado,24/06/2025,si,distrito 7,sí
medicina interna,73.0,mujer,12.0,0.0,0.0,domicilio,sí,1.0,no,hospital D,urgente,26/08/2024,no,distrito 1,no
cirugía general,58.0,hombre,18.0,2.0,0.0,domicilio,sí,9.0,sí,hospital F,programado,05/03/2025,no,distrito 5,no
digestivo,49.0,mujer,4.0,4.0,0.0,domicilio,no,4.0,sí,hospital E,urgente,22/06/2025,si,distrito 5,sí
neumología,98.0,mujer,7.0,6.0,0.0,hospitalización a domicilio,sí,16.0,no,hospital E,urgente,20/08/2025,no,distrito 3,no
  cardiología ,73.0,hombre,6.0,3.0,0.0,domicilio,sí,10.0,no,hospital B,urgente,10/05/2025,no,distrito 10,sí
neumología,28.0,hombre,12.0,5.0,0.0,domicilio,sí,4.0,sí,hospital E,programado,18/07/2025,no,distrito 1,sí
cirugía general,63.0,hombre,18.0,0.0,1.0,domicilio,no,14.0,no,hospital A,urgente,27/06/2024,no,distrito 4,no
traumatologia,100.0,hombre,-99.0,8.0,0.0,domicilio,sí,5.0,sí,hospital F,urgente,17/04/2025,si,distrito 9,no
  neumología ,72.0,hombre,6.0,5.0,5.0,centro de media estancia,no,4.0,sí,hospital A,N/D,24/10/2025,si,distrito 8,no
cardiologia,47.0,mujer,-99.0,1.0,0.0,domicilio,sí,3.0,no,hospital D,N/D,13/06/2025,no,distrito 4,no
cardiología,79.0,mujer,10.0,1.0,0.0,domicilio,no,5.0,sí,hospital D,urgente,15/02/2025,no,distrito 3,sí
cardiología,67.0,mujer,3.0,3.0,0.0,domicilio,sí,4.0,no,hospital B,N/D,25/10/2025,no,distrito 6,no
traumatología,61.0,hombre,8.0,3.0,2.0,hospitalización a domicilio,sí,0.0,no,hospital F,urgente,05/11/2025,no,distrito 6,no
cirugía general,60.0,mujer,2.0,3.0,0.0,domicilio,sí,4.0,no,hospital B,urgente,30/06/2025,no,distrito 6,sí
traumatología,79.0,hombre,2.0,1.0,2.0,domicilio,no,5.0,no,hospital B,urgente,31/01/2025,si,distrito 6,sí
cirugía general,66.0,mujer,12.0,0.0,0.0,domicilio,no,4.0,no,hospital A,urgente,14/01/2025,no,distrito 1,no
medicina interna,55.0,mujer,8.0,0.0,0.0,hospitalización a domicilio,no,6.0,sí,hospital E,urgente,07/10/2024,no,distrito 3,no
digestivo,39.0,hombre,3.0,3.0,3.0,centro de media estancia,no,3.0,sí,hospital C,urgente,30/06/2024,no,distrito 7,no
cirugía general,42.0,hombre,7.0,9.0,0.0,domicilio,sí,10.0,sí,hospital E,urgente,03/07/2024,no,distrito 9,no
medicina interna,77.0,hombre,8.0,6.0,0.0,domicilio,sí,3.0,no,hospital C,urgente,12/08/2025,no,distrito 3,no
traumatología,63.0,hombre,1.0,0.0,1.0,domicilio,no,1.0,sí,hospital F,urgente,31/07/2025,no,distrito 2,sí
cardiología,60.0,hombre,2.0,5.0,0.0,domicilio,no,6.0,no,hospital D,N/D,30/09/2024,si,distrito 7,sí
digestivo,32.0,hombre,13.0,2.0,1.0,domicilio,sí,0.0,no,hospital B,programado,14/08/2025,no,distrito 9,sí
cardiología,97.0,mujer,4.0,3.0,0.0,domicilio,sí,8.0,no,hospital D,urgente,26/10/2024,si,distrito 2,no
medicina interna,65.0,mujer,5.0,0.0,1.0,domicilio,no,3.0,no,hospital D,urgente,15/08/2025,no,distrito 10,sí
traumatología,78.0,mujer,8.0,2.0,2.0,domicilio,sí,6.0,no,hospital D,urgente,12/02/2025,no,distrito 8,sí
medicina interna,79.0,hombre,8.0,3.0,1.0,domicilio,sí,5.0,no,hospital C,programado,11/07/2025,no,distrito 6,no
neumologia,64.0,hombre,4.0,6.0,0.0,domicilio,no,5.0,no,hospital E,urgente,28/01/2025,no,distrito 10,no
cirugía general,72.0,mujer,11.0,3.0,2.0,domicilio,no,10.0,no,hospital E,urgente,13/10/2024,no,distrito 10,no
medicina interna,41.0,hombre,3.0,0.0,0.0,domicilio,sí,10.0,no,hospital C,programado,14/07/2024,no,distrito 7,no
digestivo,59.0,mujer,1.0,4.0,0.0,domicilio,no,12.0,no,hospital F,urgente,07/04/2025,no,distrito 9,no
TRAUMATOLOGÍA,61.0,mujer,5.0,0.0,1.0,domicilio,sí,7.0,no,hospital A,urgente,27/06/2024,no,distrito 7,sí
neumología,78.0,hombre,3.0,1.0,4.0,domicilio,sí,12.0,sí,hospital D,urgente,28/06/2025,no,distrito 6,sí
neumología,69.0,mujer,3.0,7.0,0.0,domicilio,no,9.0,no,hospital E,urgente,21/11/2024,no,distrito 2,no
medicina interna,95.0,mujer,7.0,4.0,1.0,domicilio,sí,10.0,sí,hospital F,urgente,19/04/2025,no,distrito 6,no
medicina interna,50.0,hombre,6.0,1.0,2.0,domicilio,no,3.0,no,hospital A,urgente,26/08/2025,no,distrito 8,no
  neumología ,50.0,hombre,4.0,0.0,0.0,domicilio,no,3.0,no,hospital C,urgente,14/10/2024,no,distrito 2,sí
  cirugía general ,60.0,mujer,2.0,1.0,0.0,domicilio,no,4.0,no,hospital B,programado,16/11/2025,no,distrito 6,no
digestivo,100.0,hombre,3.0,7.0,0.0,domicilio,sí,0.0,sí,hospital D,urgente,13/07/2024,si,distrito 7,no
digestivo,50.0,mujer,4.0,0.0,2.0,domicilio,no,9.0,no,hospital B,urgente,28/06/2025,no,distrito 8,no
medicina interna,60.0,hombre,2.0,5.0,1.0,domicilio,no,13.0,sí,hospital A,programado,21/07/2025,no,distrito 9,no
TRAUMATOLOGÍA,66.0,mujer,9.0,0.0,0.0,centro de media estancia,sí,1.0,no,hospital F,urgente,19/06/2025,no,distrito 1,sí
digestivo,86.0,hombre,4.0,5.0,1.0,domicilio,sí,6.0,no,hospital E,urgente,13/12/2024,no,distrito 8,no
neumología,54.0,mujer,5.0,2.0,0.0,domicilio,sí,6.0,no,hospital F,urgente,10/03/2025,no,distrito 3,no
medicina interna,77.0,hombre,4.0,6.0,6.0,domicilio,sí,5.0,no,hospital F,urgente,21/05/2025,si,distrito 9,no
medicina interna,74.0,hombre,10.0,0.0,0.0,domicilio,no,6.0,no,hospital F,programado,11/08/2024,no,distrito 1,sí
traumatologia,38.0,mujer,4.0,7.0,1.0,domicilio,sí,0.0,no,hospital F,urgente,22/03/2025,no,distrito 9,sí
traumatología,81.0,mujer,20.0,4.0,0.0,hospitalización a domicilio,no,3.0,no,hospital D,urgente,24/06/2025,no,distrito 2,no
  medicina interna ,65.0,hombre,9.0,1.0,0.0,domicilio,no,4.0,no,hospital A,urgente,16/04/2025,no,distrito 9,sí
cirugía general,80.0,hombre,3.0,7.0,0.0,domicilio,sí,4.0,sí,hospital F,programado,22/11/2025,no,distrito 7,no
traumatología,85.0,mujer,5.0,0.0,0.0,domicilio,sí,0.0,no,hospital C,urgente,19/07/2025,no,distrito 4,no
medicina interna,85.0,hombre,6.0,1.0,1.0,domicilio,no,5.0,no,hospital D,urgente,11/08/2025,si,distrito 2,no
medicina interna,64.0,hombre,13.0,2.0,0.0,domicilio,sí,12.0,no,hospital E,programado,30/01/2025,no,distrito 3,no
cirugía general,88.0,hombre,8.0,1.0,2.0,domicilio,sí,5.0,sí,hospital A,programado,25/07/2025,no,distrito 7,no
TRAUMATOLOGÍA,25.0,mujer,9.0,1.0,0.0,domicilio,sí,1.0,no,hospital A,urgente,01/11/2025,no,distrito 5,no
cirugía general,67.0,mujer,6.0,1.0,1.0,domicilio,no,1.0,no,hospital A,urgente,26/07/2025,no,distrito 4,sí
cardiología,57.0,hombre,2.0,4.0,1.0,domicilio,no,3.0,no,hospital B,urgente,03/06/2025,no,distrito 2,sí
medicina interna,100.0,mujer,6.0,2.0,1.0,domicilio,no,1.0,no,hospital C,urgente,02/05/2025,si,distrito 3,no
  cirugía general ,58.0,hombre,9.0,3.0,0.0,domicilio,no,4.0,no,hospital F,urgente,09/12/2024,no,distrito 10,sí
cirugia general,36.0,mujer,2.0,4.0,1.0,residencia,no,3.0,no,hospital C,programado,26/01/2025,si,distrito 8,sí
cirugía general,43.0,hombre,3.0,4.0,0.0,residencia,sí,2.0,no,hospital B,urgente,30/10/2024,no,distrito 2,sí
neumología,80.0,mujer,2.0,1.0,4.0,domicilio,sí,4.0,no,hospital D,programado,28/01/2025,no,distrito 5,sí
cardiología,52.0,mujer,5.0,2.0,0.0,residencia,sí,6.0,no,hospital A,urgente,02/10/2024,no,distrito 2,sí
cardiología,51.0,hombre,-99.0,5.0,0.0,domicilio,sí,7.0,no,hospital A,urgente,07/06/2024,no,distrito 9,no
cirugía general,57.0,mujer,-99.0,4.0,2.0,domicilio,no,2.0,no,hospital F,urgente,10/01/2025,no,distrito 2,no
medicina interna,44.0,hombre,5.0,4.0,1.0,domicilio,sí,17.0,no,hospital E,programado,26/06/2025,no,distrito 9,no
medicina interna,91.0,hombre,13.0,10.0,1.0,domicilio,no,8.0,sí,hospital C,urgente,10/08/2025,si,distrito 4,sí
neumología,44.0,mujer,7.0,0.0,4.0,domicilio,no,7.0,sí,hospital C,programado,13/08/2024,no,distrito 10,no
cardiología,81.0,mujer,2.0,5.0,0.0,domicilio,sí,9.0,no,hospital E,urgente,22/03/2025,no,distrito 5,sí
medicina interna,48.0,mujer,11.0,1.0,0.0,hospitalización a domicilio,no,9.0,sí,hospital E,urgente,06/01/2025,no,distrito 2,no
medicina interna,55.0,mujer,-99.0,1.0,3.0,domicilio,sí,7.0,no,hospital A,urgente,07/07/2025,no,distrito 6,no
medicina interna,72.0,hombre,9.0,3.0,0.0,domicilio,no,14.0,no,hospital E,programado,27/08/2024,no,distrito 10,no
medicina interna,81.0,hombre,13.0,0.0,1.0,domicilio,sí,14.0,no,hospital A,programado,23/08/2024,no,distrito 4,no
medicina interna,79.0,hombre,17.0,3.0,0.0,domicilio,no,8.0,no,hospital F,urgente,05/10/2024,no,distrito 4,sí
digestivo,56.0,mujer,17.0,3.0,0.0,domicilio,sí,4.0,no,hospital C,urgente,07/06/2024,si,distrito 2,no
DIGESTIVO,74.0,mujer,4.0,1.0,0.0,residencia,sí,0.0,no,hospital E,urgente,16/07/2024,no,distrito 5,sí
medicina interna,66.0,mujer,9.0,2.0,0.0,centro de media estancia,sí,2.0,no,hospital F,urgente,12/12/2024,no,distrito 5,sí
medicina interna,58.0,mujer,14.0,2.0,0.0,domicilio,sí,6.0,no,hospital A,urgente,14/09/2024,no,distrito 2,no
DIGESTIVO,87.0,hombre,10.0,0.0,0.0,domicilio,no,4.0,no,hospital D,urgente,13/07/2024,no,distrito 10,no
cirugía general,76.0,hombre,4.0,2.0,5.0,domicilio,sí,1.0,no,hospital E,programado,21/02/2025,no,distrito 1,no
  cirugía general ,95.0,hombre,2.0,0.0,0.0,domicilio,no,1.0,no,hospital F,programado,26/11/2024,no,distrito 2,no
medicina interna,68.0,mujer,10.0,0.0,1.0,domicilio,sí,7.0,sí,hospital F,urgente,12/12/2024,no,distrito 4,sí
neumologia,100.0,mujer,2.0,2.0,0.0,hospitalización a domicilio,sí,6.0,sí,hospital E,programado,19/09/2025,no,distrito 5,sí
traumatología,100.0,mujer,9.0,0.0,2.0,domicilio,sí,7.0,no,hospital F,urgente,24/07/2025,no,distrito 5,sí
digestivo,84.0,hombre,14.0,5.0,0.0,domicilio,sí,20.0,no,hospital B,programado,14/09/2024,no,distrito 9,no
medicina interna,77.0,hombre,12.0,3.0,2.0,domicilio,sí,11.0,no,hospital F,urgente,14/08/2025,no,distrito 1,no
medicina interna,66.0,mujer,7.0,0.0,2.0,domicilio,sí,21.0,no,hospital E,programado,10/11/2025,no,distrito 7,sí
medicina interna,52.0,hombre,17.0,2.0,1.0,domicilio,no,0.0,sí,hospital C,urgente,08/11/2024,no,distrito 5,no
neumología,81.0,hombre,5.0,0.0,0.0,domicilio,sí,2.0,no,hospital D,programado,26/02/2025,no,distrito 8,sí
cardiología,37.0,mujer,-99.0,2.0,2.0,domicilio,sí,0.0,no,hospital B,urgente,18/09/2025,no,distrito 9,sí
medicina interna,72.0,hombre,4.0,1.0,0.0,domicilio,sí,9.0,no,hospital E,programado,20/06/2024,si,distrito 2,no
  cirugía general ,90.0,hombre,5.0,4.0,0.0,domicilio,sí,2.0,sí,hospital E,urgente,20/09/2024,no,distrito 2,no
cardiología,58.0,mujer,3.0,4.0,0.0,domicilio,sí,8.0,no,hospital A,programado,16/01/2025,no,distrito 3,sí
medicina interna,54.0,hombre,14.0,5.0,1.0,domicilio,sí,4.0,sí,hospital C,urgente,23/09/2025,no,distrito 1,no
cardiologia,80.0,hombre,9.0,0.0,0.0,hospitalización a domicilio,no,4.0,sí,hospital D,urgente,19/11/2024,no,distrito 3,no
medicina interna,95.0,hombre,6.0,1.0,0.0,hospitalización a domicilio,sí,23.0,no,hospital E,urgente,08/10/2024,no,distrito 4,no
traumatologia,45.0,mujer,2.0,1.0,1.0,domicilio,sí,0.0,sí,hospital F,programado,20/01/2025,no,distrito 8,no
neumología,79.0,mujer,1.0,0.0,0.0,hospitalización a domicilio,no,9.0,no,hospital F,N/D,13/11/2024,no,distrito 7,no
neumología,66.0,hombre,8.0,6.0,0.0,domicilio,sí,2.0,no,hospital D,programado,17/04/2025,no,distrito 10,sí
neumología,27.0,mujer,10.0,0.0,0.0,domicilio,no,10.0,no,hospital E,urgente,16/07/2025,no,distrito 6,sí
cirugía general,48.0,mujer,22.0,0.0,0.0,domicilio,no,7.0,no,hospital B,urgente,13/07/2024,no,distrito 5,no
medicina interna,61.0,hombre,2.0,4.0,1.0,domicilio,no,6.0,no,hospital E,urgente,22/11/2024,no,distrito 4,no
medicina interna,61.0,hombre,6.0,3.0,0.0,domicilio,no,12.0,no,hospital C,urgente,05/05/2025,no,distrito 10,no
cirugia general,99.0,hombre,6.0,0.0,1.0,domicilio,sí,9.0,no,hospital A,urgente,04/07/2024,no,distrito 4,no
traumatologia,60.0,hombre,8.0,0.0,0.0,domicilio,no,1.0,no,hospital D,programado,15/11/2024,no,distrito 3,no
medicina interna,76.0,mujer,8.0,3.0,0.0,domicilio,no,2.0,no,hospital D,urgente,27/09/2025,no,distrito 5,sí
neumología,88.0,mujer,4.0,2.0,0.0,domicilio,no,6.0,no,hospital A,N/D,30/06/2024,no,distrito 1,no
medicina interna,92.0,hombre,13.0,3.0,0.0,domicilio,sí,4.0,sí,hospital C,urgente,12/05/2025,no,distrito 5,no
cardiología,69.0,mujer,7.0,0.0,0.0,domicilio,sí,10.0,no,hospital C,urgente,17/08/2024,no,distrito 4,no
traumatologia,75.0,hombre,5.0,2.0,0.0,residencia,no,9.0,sí,hospital F,programado,21/08/2025,no,distrito 2,sí
cardiología,68.0,mujer,15.0,8.0,0.0,centro de media estancia,no,0.0,no,hospital C,urgente,04/01/2025,si,distrito 9,no
traumatología,64.0,mujer,3.0,1.0,0.0,domicilio,sí,2.0,no,hospital D,programado,13/03/2025,no,distrito 7,sí
neumología,61.0,mujer,8.0,3.0,0.0,domicilio,sí,14.0,no,hospital C,programado,16/06/2024,no,distrito 5,no
medicina interna,68.0,hombre,10.0,12.0,0.0,domicilio,no,5.0,sí,hospital F,urgente,22/02/2025,si,distrito 9,no
traumatología,75.0,mujer,15.0,0.0,0.0,domicilio,sí,7.0,no,hospital F,urgente,20/09/2025,no,distrito 7,no
cardiología,53.0,hombre,3.0,1.0,0.0,domicilio,no,14.0,no,hospital A,programado,30/09/2025,no,distrito 7,sí
  cirugía general ,76.0,hombre,6.0,1.0,2.0,domicilio,sí,3.0,no,hospital E,urgente,15/07/2025,no,distrito 1,no
cardiología,35.0,hombre,7.0,3.0,0.0,domicilio,no,4.0,no,hospital F,urgente,14/09/2024,no,distrito 6,sí
traumatología,78.0,mujer,7.0,0.0,0.0,hospitalización a domicilio,sí,19.0,no,hospital A,programado,20/05/2025,no,distrito 4,sí
cirugía general,29.0,mujer,9.0,1.0,0.0,residencia,no,2.0,no,hospital C,urgente,20/04/2025,no,distrito 8,no
traumatología,75.0,mujer,5.0,2.0,1.0,hospitalización a domicilio,sí,2.0,sí,hospital C,urgente,15/10/2025,no,distrito 8,no
neumologia,61.0,mujer,7.0,0.0,3.0,domicilio,no,4.0,sí,hospital F,urgente,23/10/2025,no,distrito 7,sí
digestivo,65.0,mujer,7.0,0.0,3.0,domicilio,sí,7.0,sí,hospital D,urgente,16/01/2025,no,distrito 1,no
medicina interna,77.0,hombre,10.0,3.0,0.0,domicilio,no,6.0,no,hospital B,urgente,29/10/2024,no,distrito 10,sí
medicina interna,64.0,mujer,10.0,2.0,0.0,domicilio,sí,5.0,sí,hospital D,urgente,10/01/2025,no,distrito 9,no
digestivo,53.0,mujer,10.0,0.0,0.0,domicilio,sí,0.0,sí,hospital B,urgente,25/10/2024,no,distrito 9,sí
cirugía general,75.0,hombre,21.0,0.0,0.0,domicilio,sí,4.0,no,hospital A,urgente,24/07/2025,no,distrito 7,no
cardiología,38.0,hombre,3.0,3.0,0.0,domicilio,sí,2.0,no,hospital B,programado,06/04/2025,no,distrito 10,no
neumología,67.0,hombre,5.0,2.0,0.0,hospitalización a domicilio,sí,3.0,no,hospital E,urgente,21/07/2025,no,distrito 6,no
digestivo,68.0,mujer,12.0,4.0,0.0,domicilio,sí,4.0,no,hospital A,urgente,11/04/2025,no,distrito 8,no
medicina interna,71.0,mujer,-99.0,2.0,3.0,domicilio,sí,1.0,sí,hospital E,urgente,16/01/2025,no,distrito 10,sí
medicina interna,63.0,hombre,17.0,1.0,0.0,domicilio,sí,2.0,no,hospital B,urgente,14/03/2025,no,distrito 2,sí
medicina interna,57.0,mujer,10.0,1.0,0.0,domicilio,no,1.0,no,hospital C,urgente,20/10/2025,no,distrito 4,no
traumatología,70.0,hombre,2.0,1.0,0.0,domicilio,no,7.0,no,hospital A,programado,25/06/2024,si,distrito 2,no
DIGESTIVO,71.0,mujer,6.0,1.0,1.0,hospitalización a domicilio,no,4.0,no,hospital B,programado,24/09/2025,no,distrito 6,no
NEUMOLOGÍA,77.0,mujer,2.0,6.0,0.0,domicilio,sí,15.0,sí,hospital D,programado,09/07/2025,no,distrito 5,no
medicina interna,84.0,mujer,17.0,1.0,0.0,domicilio,sí,2.0,no,hospital C,urgente,16/06/2025,no,distrito 9,no
cardiología,74.0,mujer,4.0,0.0,1.0,domicilio,sí,1.0,no,hospital E,urgente,22/08/2024,no,distrito 2,no
digestivo,94.0,mujer,13.0,1.0,0.0,domicilio,no,3.0,no,hospital E,programado,06/10/2025,no,distrito 4,no
neumología,74.0,hombre,19.0,5.0,0.0,hospitalización a domicilio,no,6.0,no,hospital F,urgente,17/05/2025,no,distrito 8,sí
medicina interna,18.0,mujer,4.0,4.0,0.0,domicilio,no,3.0,no,hospital B,N/D,05/11/2024,no,distrito 3,no
cirugía general,73.0,mujer,10.0,1.0,2.0,domicilio,sí,0.0,no,hospital F,urgente,01/08/2025,no,distrito 1,sí
cirugía general,88.0,hombre,1.0,7.0,1.0,hospitalización a domicilio,sí,4.0,no,hospital D,urgente,21/08/2024,si,distrito 10,no
TRAUMATOLOGÍA,61.0,hombre,12.0,2.0,0.0,residencia,sí,4.0,no,hospital A,programado,18/07/2025,no,distrito 3,no
digestivo,80.0,mujer,4.0,0.0,0.0,domicilio,sí,10.0,no,hospital A,programado,24/03/2025,no,distrito 7,no
neumología,98.0,hombre,2.0,2.0,0.0,domicilio,no,8.0,sí,hospital C,urgente,31/07/2025,no,distrito 3,no
digestivo,57.0,hombre,-99.0,0.0,0.0,domicilio,sí,2.0,no,hospital E,urgente,10/08/2024,no,distrito 3,sí
medicina interna,45.0,hombre,14.0,3.0,2.0,domicilio,no,1.0,no,hospital C,urgente,07/01/2025,no,distrito 6,sí
digestivo,89.0,hombre,-99.0,4.0,1.0,domicilio,no,12.0,no,hospital B,programado,09/12/2024,si,distrito 7,sí
neumologia,48.0,mujer,5.0,2.0,0.0,domicilio,sí,4.0,sí,hospital D,programado,21/05/2025,no,distrito 3,sí
TRAUMATOLOGÍA,30.0,mujer,5.0,0.0,1.0,domicilio,sí,4.0,no,hospital A,urgente,02/01/2025,no,distrito 10,sí
cirugía general,52.0,mujer,3.0,2.0,0.0,domicilio,sí,4.0,no,hospital B,programado,23/06/2024,no,distrito 2,no
medicina interna,47.0,hombre,10.0,1.0,0.0,domicilio,no,0.0,no,hospital A,urgente,21/07/2025,no,distrito 9,no
medicina interna,45.0,mujer,9.0,3.0,1.0,domicilio,sí,5.0,sí,hospital A,programado,02/09/2024,no,distrito 4,no
cardiología,46.0,hombre,21.0,3.0,0.0,domicilio,no,7.0,no,hospital E,urgente,08/11/2024,no,distrito 8,no
  traumatología ,49.0,mujer,10.0,2.0,0.0,residencia,no,1.0,no,hospital A,urgente,29/03/2025,no,distrito 2,no
medicina interna,43.0,hombre,6.0,0.0,1.0,hospitalización a domicilio,sí,7.0,no,hospital A,programado,22/03/2025,no,distrito 6,no
cirugía general,75.0,mujer,5.0,2.0,0.0,domicilio,no,2.0,sí,hospital D,programado,18/08/2025,no,distrito 4,no
cardiología,74.0,hombre,15.0,3.0,0.0,domicilio,sí,2.0,no,hospital C,urgente,12/02/2025,no,distrito 10,sí
neumología,69.0,mujer,2.0,3.0,0.0,residencia,no,9.0,no,hospital B,programado,29/09/2025,no,distrito 7,no
neumologia,72.0,hombre,10.0,0.0,0.0,domicilio,sí,7.0,no,hospital F,urgente,12/01/2025,no,distrito 10,sí
NEUMOLOGÍA,85.0,hombre,2.0,3.0,1.0,domicilio,sí,2.0,no,hospital D,urgente,05/01/2025,no,distrito 10,sí
digestivo,73.0,mujer,3.0,0.0,1.0,domicilio,sí,8.0,no,hospital E,urgente,04/09/2025,no,distrito 5,no
cardiologia,50.0,mujer,-99.0,6.0,0.0,centro de media estancia,sí,1.0,no,hospital E,urgente,03/06/2025,no,distrito 8,no
cardiología,62.0,mujer,2.0,5.0,0.0,domicilio,sí,10.0,no,hospital B,programado,05/06/2025,no,distrito 9,no
cirugía general,70.0,hombre,8.0,1.0,0.0,domicilio,sí,5.0,sí,hospital D,urgente,29/06/2024,no,distrito 1,no
CIRUGÍA GENERAL,75.0,mujer,7.0,4.0,0.0,domicilio,sí,5.0,sí,hospital F,programado,23/08/2024,si,distrito 7,sí
digestivo,84.0,mujer,7.0,0.0,1.0,domicilio,sí,5.0,no,hospital D,programado,27/06/2025,no,distrito 6,no
neumología,54.0,mujer,18.0,1.0,3.0,centro de media estancia,sí,1.0,no,hospital C,programado,19/06/2025,no,distrito 7,no
cardiología,78.0,mujer,-99.0,2.0,0.0,domicilio,no,2.0,no,hospital B,urgente,16/07/2025,no,distrito 3,no
traumatología,60.0,mujer,11.0,5.0,0.0,domicilio,sí,2.0,no,hospital A,urgente,17/08/2025,no,distrito 2,sí
medicina interna,64.0,mujer,10.0,5.0,1.0,domicilio,no,2.0,no,hospital C,urgente,01/08/2025,no,distrito 1,no
cirugia general,69.0,mujer,5.0,6.0,0.0,residencia,sí,15.0,no,hospital D,urgente,16/11/2025,si,distrito 3,no
CARDIOLOGÍA,92.0,hombre,9.0,6.0,1.0,hospitalización a domicilio,no,0.0,no,hospital A,urgente,27/11/2024,si,distrito 1,no
cardiología,53.0,mujer,6.0,1.0,2.0,domicilio,no,4.0,no,hospital B,urgente,25/01/2025,no,distrito 5,sí
medicina interna,59.0,mujer,10.0,0.0,2.0,domicilio,no,15.0,no,hospital D,N/D,21/04/2025,no,distrito 10,no
traumatología,34.0,hombre,4.0,6.0,0.0,hospitalización a domicilio,sí,5.0,no,hospital C,urgente,28/10/2024,no,distrito 1,sí
cirugia general,69.0,mujer,-99.0,1.0,0.0,residencia,no,6.0,no,hospital A,urgente,14/12/2024,no,distrito 6,sí
medicina interna,67.0,hombre,9.0,1.0,0.0,domicilio,sí,2.0,no,hospital A,urgente,21/10/2025,no,distrito 10,no
neumologia,78.0,hombre,1.0,0.0,1.0,residencia,sí,2.0,no,hospital D,urgente,22/06/2025,no,distrito 10,no
digestivo,100.0,mujer,4.0,0.0,0.0,domicilio,no,2.0,no,hospital E,urgente,19/10/2025,no,distrito 8,no
traumatologia,77.0,hombre,9.0,0.0,2.0,residencia,sí,3.0,no,hospital A,urgente,05/09/2025,no,distrito 4,sí
neumología,61.0,hombre,2.0,2.0,1.0,centro de media estancia,sí,0.0,sí,hospital D,urgente,09/11/2025,no,distrito 3,sí
neumología,69.0,mujer,-99.0,2.0,0.0,domicilio,sí,3.0,no,hospital C,urgente,22/10/2025,no,distrito 8,sí
medicina interna,30.0,hombre,9.0,1.0,0.0,domicilio,sí,12.0,no,hospital E,programado,17/09/2024,no,distrito 7,sí
traumatología,84.0,hombre,8.0,2.0,0.0,residencia,no,2.0,sí,hospital C,urgente,09/05/2025,no,distrito 7,sí
MEDICINA INTERNA,100.0,mujer,8.0,2.0,0.0,domicilio,sí,5.0,no,hospital B,urgente,10/06/2025,no,distrito 8,no
cirugia general,45.0,hombre,5.0,8.0,0.0,domicilio,sí,10.0,no,hospital D,urgente,24/08/2024,no,distrito 4,sí
cardiología,70.0,mujer,5.0,0.0,0.0,domicilio,sí,4.0,no,hospital E,urgente,20/10/2024,no,distrito 5,sí
medicina interna,47.0,hombre,12.0,8.0,1.0,hospitalización a domicilio,sí,10.0,no,hospital C,urgente,08/07/2025,no,distrito 6,no
MEDICINA INTERNA,68.0,mujer,3.0,1.0,0.0,hospitalización a domicilio,sí,4.0,no,hospital F,urgente,08/08/2024,no,distrito 5,no
traumatología,44.0,mujer,6.0,0.0,0.0,domicilio,sí,8.0,sí,hospital A,urgente,29/07/2025,no,distrito 4,sí
cardiología,69.0,hombre,5.0,0.0,0.0,domicilio,no,1.0,no,hospital D,urgente,21/12/2024,no,distrito 10,no
cirugía general,55.0,mujer,10.0,1.0,1.0,centro de media estancia,sí,1.0,no,hospital E,N/D,20/06/2025,no,distrito 5,no
cirugía general,51.0,mujer,7.0,0.0,0.0,hospitalización a domicilio,sí,5.0,no,hospital D,urgente,30/06/2024,no,distrito 7,sí
medicina interna,56.0,hombre,11.0,3.0,0.0,domicilio,sí,4.0,no,hospital E,programado,29/07/2025,no,distrito 2,no
cardiología,81.0,mujer,10.0,1.0,2.0,domicilio,no,5.0,no,hospital E,urgente,09/12/2024,no,distrito 5,sí
medicina interna,70.0,hombre,8.0,3.0,0.0,residencia,no,6.0,no,hospital B,urgente,29/10/2024,no,distrito 3,no
traumatología,57.0,hombre,3.0,0.0,2.0,domicilio,sí,6.0,sí,hospital B,urgente,15/04/2025,no,distrito 6,sí
neumología,46.0,hombre,1.0,2.0,0.0,domicilio,sí,2.0,no,hospital A,urgente,07/07/2025,no,distrito 1,no
medicina interna,60.0,mujer,4.0,1.0,1.0,domicilio,no,4.0,no,hospital B,urgente,25/11/2024,no,distrito 5,sí
traumatología,57.0,hombre,3.0,2.0,0.0,domicilio,sí,0.0,no,hospital A,urgente,24/04/2025,no,distrito 6,sí
TRAUMATOLOGÍA,71.0,mujer,-99.0,4.0,1.0,domicilio,no,5.0,sí,hospital F,urgente,21/08/2025,si,distrito 5,sí
  cirugía general ,51.0,mujer,2.0,0.0,0.0,residencia,no,7.0,no,hospital A,programado,08/04/2025,no,distrito 1,no
traumatología,74.0,hombre,16.0,2.0,0.0,residencia,no,5.0,no,hospital B,programado,08/08/2024,no,distrito 1,sí
CIRUGÍA GENERAL,51.0,mujer,2.0,1.0,0.0,domicilio,no,6.0,sí,hospital C,programado,19/03/2025,no,distrito 3,sí
digestivo,86.0,hombre,4.0,0.0,0.0,domicilio,sí,3.0,sí,hospital B,programado,11/07/2025,no,distrito 7,no
medicina interna,78.0,mujer,2.0,0.0,0.0,hospitalización a domicilio,sí,3.0,no,hospital D,programado,30/08/2025,no,distrito 10,sí
medicina interna,79.0,hombre,12.0,0.0,0.0,domicilio,no,7.0,no,hospital D,N/D,12/01/2025,no,distrito 1,sí
medicina interna,50.0,mujer,13.0,4.0,1.0,domicilio,sí,2.0,no,hospital C,programado,26/06/2025,no,distrito 7,sí
traumatología,89.0,mujer,9.0,1.0,0.0,domicilio,no,9.0,no,hospital C,programado,03/11/2024,no,distrito 9,no
  traumatología ,96.0,hombre,6.0,4.0,0.0,domicilio,sí,9.0,sí,hospital F,urgente,12/07/2024,no,distrito 9,no
cardiología,64.0,hombre,5.0,6.0,1.0,residencia,sí,1.0,no,hospital A,urgente,08/07/2024,si,distrito 2,no
neumología,66.0,mujer,7.0,6.0,1.0,domicilio,no,6.0,sí,hospital C,urgente,01/07/2025,si,distrito 5,no
medicina interna,54.0,hombre,9.0,1.0,3.0,domicilio,no,1.0,no,hospital D,N/D,12/04/2025,no,distrito 3,sí
  digestivo ,47.0,mujer,13.0,0.0,0.0,domicilio,no,3.0,sí,hospital B,urgente,25/07/2024,no,distrito 8,no
  neumología ,81.0,mujer,9.0,1.0,1.0,residencia,no,1.0,no,hospital B,urgente,21/06/2024,no,distrito 7,sí
cardiología,63.0,mujer,9.0,1.0,1.0,domicilio,sí,1.0,sí,hospital F,N/D,23/04/2025,no,distrito 4,no
medicina interna,85.0,mujer,6.0,8.0,1.0,hospitalización a domicilio,sí,9.0,no,hospital F,urgente,16/10/2025,si,distrito 4,no
medicina interna,80.0,mujer,4.0,1.0,0.0,domicilio,sí,10.0,no,hospital C,urgente,07/07/2024,no,distrito 7,no
traumatología,69.0,hombre,2.0,2.0,0.0,domicilio,no,10.0,no,hospital C,urgente,22/05/2025,si,distrito 9,sí
cirugía general,59.0,hombre,2.0,0.0,0.0,domicilio,sí,4.0,no,hospital C,urgente,10/11/2024,no,distrito 1,sí
medicina interna,59.0,mujer,6.0,11.0,1.0,hospitalización a domicilio,sí,0.0,sí,hospital F,programado,15/09/2024,si,distrito 7,no
  cirugía general ,63.0,hombre,7.0,1.0,1.0,domicilio,sí,13.0,no,hospital A,urgente,13/01/2025,no,distrito 2,no
traumatología,77.0,mujer,8.0,4.0,0.0,domicilio,sí,3.0,no,hospital D,urgente,21/05/2025,si,distrito 5,no
cirugía general,64.0,mujer,10.0,0.0,0.0,domicilio,sí,3.0,no,hospital B,urgente,15/06/2024,no,distrito 7,sí
cardiología,56.0,hombre,12.0,2.0,1.0,domicilio,sí,3.0,no,hospital E,urgente,21/04/2025,no,distrito 6,sí
medicina interna,63.0,hombre,14.0,3.0,6.0,domicilio,sí,8.0,no,hospital D,programado,02/08/2024,no,distrito 2,sí
neumología,77.0,hombre,10.0,2.0,0.0,domicilio,no,4.0,no,hospital F,urgente,01/12/2024,no,distrito 10,sí
medicina interna,46.0,mujer,8.0,5.0,0.0,domicilio,sí,1.0,no,hospital A,urgente,10/09/2025,si,distrito 9,sí
medicina interna,60.0,hombre,15.0,2.0,4.0,centro de media estancia,sí,2.0,no,hospital B,urgente,24/04/2025,no,distrito 6,no
neumología,56.0,mujer,2.0,1.0,0.0,domicilio,sí,11.0,no,hospital B,urgente,25/11/2024,no,distrito 8,sí
  neumología ,58.0,mujer,2.0,4.0,0.0,domicilio,no,2.0,no,hospital E,N/D,06/06/2025,si,distrito 3,no
cardiología,59.0,hombre,-99.0,2.0,3.0,centro de media estancia,no,2.0,no,hospital B,programado,25/10/2025,no,distrito 7,no
cardiología,68.0,mujer,-99.0,1.0,1.0,domicilio,sí,0.0,sí,hospital A,urgente,07/11/2025,no,distrito 2,no
cardiología,54.0,hombre,12.0,4.0,2.0,domicilio,no,5.0,no,hospital F,urgente,13/09/2024,si,distrito 2,no
cardiología,70.0,mujer,11.0,1.0,0.0,hospitalización a domicilio,sí,8.0,no,hospital E,urgente,15/11/2025,no,distrito 4,no
neumología,76.0,hombre,14.0,1.0,1.0,domicilio,sí,11.0,no,hospital E,programado,10/06/2025,no,distrito 8,no
medicina interna,58.0,mujer,9.0,0.0,1.0,domicilio,sí,21.0,no,hospital B,urgente,13/12/2024,no,distrito 2,no
cirugía general,51.0,hombre,6.0,0.0,0.0,domicilio,sí,5.0,no,hospital D,programado,31/12/2024,no,distrito 5,sí
digestivo,71.0,hombre,3.0,1.0,0.0,domicilio,no,3.0,sí,hospital C,urgente,19/09/2025,no,distrito 3,no
traumatología,77.0,mujer,14.0,0.0,0.0,domicilio,sí,10.0,no,hospital B,N/D,18/10/2024,no,distrito 3,sí
CARDIOLOGÍA,60.0,hombre,11.0,8.0,0.0,domicilio,no,10.0,sí,hospital C,urgente,24/08/2024,no,distrito 10,no
cardiología,77.0,mujer,3.0,4.0,1.0,domicilio,no,11.0,no,hospital A,urgente,13/09/2025,si,distrito 7,no
medicina interna,87.0,mujer,3.0,1.0,2.0,domicilio,sí,16.0,sí,hospital F,urgente,08/10/2024,no,distrito 3,sí
neumología,55.0,hombre,21.0,1.0,0.0,domicilio,no,3.0,no,hospital B,urgente,21/08/2025,no,distrito 10,no
cirugía general,92.0,mujer,10.0,4.0,2.0,domicilio,sí,2.0,sí,hospital D,urgente,21/12/2024,si,distrito 6,sí
medicina interna,63.0,hombre,8.0,0.0,3.0,domicilio,sí,5.0,no,hospital B,urgente,26/09/2025,no,distrito 2,no
neumología,67.0,mujer,11.0,3.0,1.0,domicilio,no,2.0,no,hospital E,urgente,27/12/2024,no,distrito 6,sí
cirugia general,67.0,hombre,4.0,7.0,1.0,domicilio,sí,13.0,no,hospital C,urgente,30/07/2025,no,distrito 6,sí
digestivo,86.0,hombre,16.0,2.0,1.0,residencia,no,0.0,no,hospital D,urgente,15/07/2024,no,distrito 3,no
cardiología,80.0,mujer,5.0,5.0,0.0,domicilio,no,2.0,no,hospital D,N/D,01/08/2024,si,distrito 7,no
medicina interna,81.0,hombre,2.0,3.0,0.0,domicilio,no,18.0,no,hospital B,urgente,21/10/2024,si,distrito 2,no
digestivo,78.0,hombre,-99.0,16.0,2.0,domicilio,sí,6.0,no,hospital B,urgente,14/06/2025,si,distrito 7,no
medicina interna,58.0,mujer,11.0,0.0,0.0,centro de media estancia,sí,7.0,no,hospital B,urgente,22/09/2024,no,distrito 7,sí
traumatología,68.0,hombre,6.0,1.0,1.0,centro de media estancia,sí,9.0,no,hospital D,programado,06/06/2025,no,distrito 6,no
traumatología,94.0,mujer,13.0,2.0,0.0,domicilio,sí,7.0,sí,hospital D,urgente,13/09/2024,no,distrito 1,no
medicina interna,72.0,hombre,10.0,4.0,1.0,domicilio,sí,11.0,no,hospital D,urgente,09/04/2025,no,distrito 9,sí
digestivo,63.0,mujer,16.0,1.0,0.0,domicilio,no,1.0,no,hospital F,urgente,26/09/2024,no,distrito 4,no
neumología,30.0,hombre,3.0,3.0,0.0,domicilio,sí,4.0,no,hospital C,programado,03/05/2025,no,distrito 8,no
  cardiología ,48.0,mujer,2.0,0.0,0.0,domicilio,sí,7.0,no,hospital D,urgente,25/08/2025,no,distrito 1,sí
medicina interna,67.0,hombre,4.0,6.0,0.0,domicilio,no,1.0,sí,hospital B,urgente,07/11/2025,si,distrito 1,sí
MEDICINA INTERNA,61.0,hombre,7.0,4.0,0.0,domicilio,sí,0.0,no,hospital B,programado,01/07/2024,no,distrito 9,no
cirugía general,48.0,hombre,4.0,5.0,0.0,domicilio,sí,5.0,no,hospital C,urgente,12/03/2025,no,distrito 3,sí
traumatología,62.0,mujer,5.0,2.0,0.0,domicilio,sí,3.0,no,hospital C,urgente,07/06/2025,no,distrito 9,sí
cardiología,95.0,hombre,3.0,1.0,1.0,domicilio,sí,2.0,no,hospital F,urgente,20/04/2025,no,distrito 2,sí
  cardiología ,58.0,hombre,7.0,1.0,0.0,domicilio,sí,7.0,no,hospital C,programado,29/09/2025,no,distrito 3,sí
  medicina interna ,64.0,hombre,-99.0,1.0,0.0,residencia,sí,5.0,sí,hospital C,programado,24/07/2024,no,distrito 9,no
cirugía general,95.0,hombre,15.0,5.0,1.0,residencia,no,6.0,sí,hospital E,urgente,23/08/2024,no,distrito 7,no
medicina interna,79.0,mujer,15.0,1.0,0.0,domicilio,sí,7.0,no,hospital C,urgente,21/11/2025,no,distrito 3,no
cardiología,95.0,hombre,11.0,3.0,2.0,domicilio,sí,3.0,no,hospital B,urgente,07/10/2025,no,distrito 2,sí
cirugía general,78.0,mujer,4.0,3.0,0.0,domicilio,sí,6.0,no,hospital C,urgente,17/03/2025,no,distrito 3,sí
medicina interna,100.0,hombre,2.0,2.0,0.0,domicilio,sí,8.0,no,hospital F,urgente,13/09/2025,no,distrito 2,sí
traumatología,18.0,mujer,10.0,0.0,0.0,domicilio,sí,3.0,no,hospital C,urgente,16/12/2024,no,distrito 1,no
medicina interna,66.0,hombre,4.0,5.0,1.0,domicilio,sí,3.0,no,hospital F,programado,02/11/2025,no,distrito 2,no
medicina interna,68.0,hombre,3.0,1.0,0.0,domicilio,no,8.0,no,hospital C,urgente,15/09/2025,no,distrito 10,no
traumatología,39.0,hombre,4.0,0.0,5.0,domicilio,no,1.0,no,hospital E,urgente,06/03/2025,no,distrito 6,no
MEDICINA INTERNA,59.0,hombre,20.0,4.0,0.0,domicilio,sí,12.0,sí,hospital B,urgente,19/10/2024,no,distrito 9,sí
digestivo,84.0,mujer,15.0,4.0,1.0,domicilio,no,4.0,sí,hospital B,programado,13/08/2025,si,distrito 4,sí
cardiología,58.0,hombre,2.0,1.0,0.0,domicilio,no,5.0,no,hospital B,urgente,04/09/2025,no,distrito 7,no
neumología,61.0,hombre,5.0,0.0,0.0,domicilio,sí,1.0,no,hospital A,programado,03/09/2025,no,distrito 4,sí
  neumología ,58.0,mujer,15.0,1.0,3.0,residencia,sí,5.0,no,hospital C,N/D,27/11/2024,no,distrito 3,no
neumología,96.0,mujer,7.0,1.0,1.0,domicilio,sí,3.0,sí,hospital D,urgente,10/04/2025,no,distrito 1,sí
cirugía general,49.0,mujer,6.0,7.0,0.0,residencia,sí,10.0,no,hospital F,programado,22/09/2024,si,distrito 5,sí
DIGESTIVO,92.0,hombre,2.0,1.0,0.0,domicilio,no,4.0,sí,hospital A,urgente,26/10/2024,no,distrito 6,no
TRAUMATOLOGÍA,71.0,hombre,-99.0,2.0,4.0,domicilio,sí,4.0,no,hospital F,urgente,16/07/2024,no,distrito 8,sí
cardiología,73.0,hombre,16.0,9.0,1.0,hospitalización a domicilio,sí,3.0,sí,hospital B,programado,01/08/2024,no,distrito 2,no
neumología,77.0,hombre,7.0,2.0,2.0,residencia,no,5.0,no,hospital E,urgente,28/11/2024,no,distrito 9,sí
medicina interna,58.0,hombre,4.0,1.0,0.0,centro de media estancia,sí,7.0,no,hospital A,urgente,05/10/2025,no,distrito 7,no
neumología,46.0,mujer,5.0,0.0,0.0,residencia,sí,5.0,no,hospital E,programado,22/10/2024,no,distrito 3,no
medicina interna,60.0,mujer,4.0,0.0,0.0,domicilio,sí,1.0,no,hospital A,urgente,08/08/2025,no,distrito 4,no
medicina interna,61.0,mujer,2.0,0.0,0.0,domicilio,sí,4.0,no,hospital D,urgente,18/11/2024,no,distrito 4,sí
digestivo,65.0,mujer,4.0,0.0,1.0,domicilio,sí,3.0,no,hospital D,urgente,20/02/2025,no,distrito 1,no
medicina interna,63.0,mujer,-99.0,6.0,0.0,residencia,sí,12.0,sí,hospital B,urgente,23/05/2025,si,distrito 1,no
neumología,70.0,mujer,8.0,4.0,0.0,domicilio,sí,1.0,no,hospital F,urgente,02/07/2024,no,distrito 4,no
traumatología,66.0,mujer,13.0,2.0,0.0,domicilio,no,10.0,no,hospital E,urgente,12/06/2025,no,distrito 4,sí
traumatología,77.0,mujer,9.0,14.0,0.0,domicilio,sí,2.0,no,hospital D,urgente,12/01/2025,si,distrito 8,sí
digestivo,68.0,mujer,7.0,5.0,0.0,domicilio,no,5.0,no,hospital C,urgente,05/11/2025,no,distrito 5,sí
  medicina interna ,95.0,hombre,11.0,0.0,0.0,residencia,no,0.0,no,hospital E,urgente,26/12/2024,si,distrito 2,sí
medicina interna,68.0,mujer,6.0,7.0,0.0,domicilio,no,1.0,no,hospital B,urgente,20/11/2025,si,distrito 4,sí
  medicina interna ,82.0,hombre,-99.0,0.0,2.0,domicilio,no,0.0,no,hospital C,urgente,22/10/2025,no,distrito 2,sí
neumologia,88.0,hombre,12.0,0.0,0.0,residencia,no,9.0,no,hospital A,urgente,23/01/2025,no,distrito 2,no
cardiología,48.0,hombre,7.0,4.0,1.0,domicilio,no,12.0,no,hospital C,urgente,17/06/2024,no,distrito 5,no
cirugía general,56.0,mujer,4.0,0.0,0.0,domicilio,sí,1.0,no,hospital E,urgente,21/09/2024,no,distrito 1,no
cardiología,66.0,hombre,13.0,2.0,1.0,hospitalización a domicilio,no,6.0,no,hospital F,programado,21/10/2025,no,distrito 6,no
cardiología,42.0,mujer,2.0,2.0,0.0,domicilio,sí,1.0,sí,hospital A,programado,13/08/2025,no,distrito 6,sí
cardiología,53.0,mujer,4.0,2.0,1.0,domicilio,sí,8.0,sí,hospital A,urgente,29/06/2024,si,distrito 8,no
digestivo,59.0,hombre,1.0,0.0,0.0,domicilio,sí,2.0,no,hospital E,urgente,06/08/2025,no,distrito 7,sí
medicina interna,76.0,hombre,1.0,3.0,0.0,domicilio,sí,5.0,no,hospital D,urgente,25/06/2025,si,distrito 5,no
digestivo,43.0,mujer,5.0,1.0,0.0,centro de media estancia,sí,3.0,no,hospital F,programado,15/07/2024,si,distrito 9,sí
  neumología ,46.0,mujer,5.0,2.0,2.0,domicilio,no,4.0,no,hospital E,urgente,19/09/2025,no,distrito 1,no
traumatología,28.0,mujer,8.0,2.0,0.0,domicilio,no,4.0,sí,hospital C,urgente,15/10/2024,no,distrito 5,no
traumatología,44.0,hombre,2.0,4.0,0.0,domicilio,sí,4.0,no,hospital B,urgente,27/12/2024,si,distrito 4,no
medicina interna,60.0,mujer,6.0,15.0,0.0,domicilio,no,3.0,sí,hospital D,urgente,17/07/2024,no,distrito 7,sí
CIRUGÍA GENERAL,75.0,mujer,12.0,2.0,1.0,domicilio,no,22.0,no,hospital A,programado,13/11/2024,no,distrito 3,no
neumología,87.0,mujer,2.0,1.0,0.0,residencia,no,3.0,no,hospital B,urgente,20/03/2025,no,distrito 9,sí
  digestivo ,71.0,mujer,10.0,4.0,0.0,domicilio,sí,3.0,no,hospital F,urgente,21/05/2025,no,distrito 8,sí
traumatología,51.0,hombre,18.0,2.0,0.0,domicilio,sí,10.0,sí,hospital C,programado,15/09/2025,si,distrito 5,no
neumología,67.0,mujer,8.0,4.0,1.0,domicilio,sí,9.0,no,hospital C,urgente,06/02/2025,no,distrito 9,sí
traumatología,58.0,mujer,2.0,1.0,0.0,centro de media estancia,sí,17.0,no,hospital D,urgente,12/11/2024,no,distrito 9,no
digestivo,54.0,hombre,14.0,1.0,1.0,domicilio,sí,7.0,sí,hospital B,programado,10/02/2025,no,distrito 5,sí
cirugía general,70.0,mujer,3.0,5.0,0.0,domicilio,sí,6.0,no,hospital D,urgente,06/04/2025,no,distrito 3,sí
MEDICINA INTERNA,48.0,mujer,2.0,5.0,0.0,centro de media estancia,sí,1.0,no,hospital D,urgente,06/12/2024,si,distrito 9,no
  digestivo ,61.0,hombre,7.0,1.0,0.0,domicilio,sí,15.0,no,hospital D,programado,13/06/2025,no,distrito 3,sí
medicina interna,44.0,hombre,2.0,1.0,6.0,hospitalización a domicilio,sí,10.0,no,hospital A,urgente,14/05/2025,no,distrito 2,no
cirugía general,44.0,hombre,-99.0,1.0,0.0,domicilio,no,8.0,no,hospital A,urgente,29/06/2024,no,distrito 10,sí
traumatología,23.0,mujer,8.0,3.0,0.0,domicilio,no,4.0,sí,hospital D,urgente,01/11/2025,no,distrito 3,sí
digestivo,87.0,hombre,15.0,2.0,0.0,domicilio,sí,5.0,no,hospital B,urgente,14/11/2025,no,distrito 7,sí
cirugia general,45.0,hombre,11.0,13.0,0.0,domicilio,no,2.0,no,hospital D,programado,05/03/2025,si,distrito 9,no
cirugía general,63.0,mujer,3.0,0.0,5.0,hospitalización a domicilio,no,1.0,no,hospital B,urgente,26/10/2024,no,distrito 1,sí
neumología,51.0,mujer,6.0,1.0,0.0,domicilio,no,0.0,sí,hospital D,programado,26/04/2025,no,distrito 3,sí
cirugía general,71.0,hombre,7.0,0.0,4.0,domicilio,no,8.0,no,hospital F,urgente,16/02/2025,no,distrito 6,sí
neumología,40.0,hombre,-99.0,2.0,0.0,hospitalización a domicilio,no,4.0,sí,hospital F,urgente,01/09/2025,no,distrito 5,no
cardiología,38.0,hombre,12.0,9.0,1.0,residencia,no,13.0,no,hospital B,programado,31/03/2025,si,distrito 6,sí
neumología,83.0,mujer,17.0,2.0,3.0,domicilio,sí,2.0,sí,hospital A,programado,13/02/2025,no,distrito 10,sí
CARDIOLOGÍA,51.0,hombre,6.0,8.0,2.0,domicilio,sí,4.0,no,hospital B,programado,06/06/2025,si,distrito 9,no
neumología,86.0,mujer,5.0,6.0,0.0,centro de media estancia,sí,11.0,no,hospital B,urgente,16/09/2025,no,distrito 6,sí
cardiología,62.0,mujer,5.0,2.0,0.0,domicilio,no,10.0,sí,hospital F,programado,01/09/2025,no,distrito 3,no
cirugía general,62.0,hombre,9.0,3.0,0.0,residencia,no,15.0,no,hospital A,urgente,06/07/2024,no,distrito 8,sí
MEDICINA INTERNA,73.0,mujer,20.0,5.0,0.0,domicilio,sí,11.0,no,hospital D,urgente,26/12/2024,si,distrito 3,no
medicina interna,66.0,hombre,12.0,15.0,1.0,domicilio,sí,2.0,no,hospital F,programado,04/07/2025,si,distrito 3,sí
traumatología,66.0,hombre,8.0,0.0,0.0,domicilio,no,10.0,no,hospital A,urgente,14/02/2025,no,distrito 10,sí
cirugía general,82.0,mujer,11.0,3.0,0.0,domicilio,sí,5.0,sí,hospital F,urgente,08/12/2024,no,distrito 9,no
neumologia,71.0,mujer,-99.0,4.0,0.0,domicilio,sí,2.0,sí,hospital A,urgente,14/08/2025,si,distrito 6,no
medicina interna,81.0,hombre,1.0,2.0,2.0,domicilio,sí,4.0,no,hospital D,urgente,06/02/2025,no,distrito 10,sí
cirugía general,90.0,mujer,11.0,1.0,0.0,domicilio,no,6.0,no,hospital F,urgente,18/06/2025,no,distrito 3,sí
neumología,48.0,mujer,6.0,6.0,0.0,domicilio,no,18.0,no,hospital A,urgente,25/03/2025,no,distrito 10,no
traumatología,54.0,hombre,-99.0,2.0,0.0,residencia,sí,11.0,no,hospital F,programado,27/05/2025,no,distrito 1,sí
cirugía general,44.0,mujer,11.0,1.0,0.0,residencia,sí,7.0,no,hospital B,urgente,07/04/2025,no,distrito 7,no
  medicina interna ,57.0,hombre,3.0,11.0,0.0,residencia,no,2.0,no,hospital B,urgente,06/10/2025,si,distrito 2,no
medicina interna,95.0,mujer,11.0,9.0,0.0,domicilio,no,11.0,sí,hospital D,N/D,27/09/2025,si,distrito 4,no
  cirugía general ,55.0,mujer,7.0,1.0,1.0,domicilio,sí,12.0,no,hospital F,programado,16/12/2024,no,distrito 6,sí
traumatología,66.0,hombre,5.0,3.0,0.0,hospitalización a domicilio,sí,5.0,no,hospital C,urgente,27/05/2025,si,distrito 6,no
medicina interna,37.0,mujer,2.0,0.0,0.0,hospitalización a domicilio,no,9.0,no,hospital D,urgente,15/11/2024,no,distrito 6,no
cardiologia,65.0,hombre,-99.0,4.0,0.0,domicilio,no,1.0,no,hospital F,programado,10/09/2024,si,distrito 5,sí
cardiología,52.0,mujer,23.0,1.0,0.0,domicilio,no,6.0,no,hospital B,urgente,19/06/2025,no,distrito 4,sí
cardiología,63.0,hombre,4.0,0.0,0.0,domicilio,no,8.0,sí,hospital B,urgente,19/08/2024,no,distrito 6,no
medicina interna,54.0,hombre,12.0,1.0,0.0,domicilio,no,7.0,no,hospital D,urgente,01/07/2025,no,distrito 4,no
cirugía general,76.0,mujer,2.0,0.0,0.0,domicilio,no,4.0,sí,hospital A,urgente,18/11/2025,no,distrito 2,sí
medicina interna,47.0,hombre,-99.0,1.0,1.0,domicilio,sí,7.0,no,hospital A,urgente,01/03/2025,no,distrito 4,no
cirugía general,69.0,hombre,10.0,6.0,1.0,domicilio,sí,4.0,sí,hospital F,urgente,17/06/2025,no,distrito 5,no
cirugía general,48.0,hombre,6.0,6.0,0.0,domicilio,sí,2.0,sí,hospital D,urgente,27/07/2025,no,distrito 3,sí
  medicina interna ,70.0,hombre,1.0,5.0,0.0,domicilio,no,2.0,no,hospital D,programado,20/06/2024,si,distrito 2,sí
medicina interna,94.0,hombre,6.0,1.0,0.0,domicilio,no,6.0,no,hospital F,N/D,18/06/2024,no,distrito 8,no
neumología,92.0,mujer,3.0,0.0,0.0,residencia,sí,0.0,no,hospital D,urgente,11/12/2024,no,distrito 7,no
medicina interna,67.0,mujer,3.0,6.0,0.0,domicilio,sí,6.0,no,hospital D,urgente,03/02/2025,no,distrito 3,no
traumatología,53.0,hombre,12.0,2.0,0.0,domicilio,no,7.0,no,hospital D,urgente,14/09/2024,no,distrito 8,no
neumología,100.0,hombre,-99.0,2.0,2.0,domicilio,sí,3.0,no,hospital B,programado,19/11/2025,no,distrito 7,no
medicina interna,66.0,hombre,4.0,0.0,0.0,domicilio,sí,1.0,no,hospital E,programado,08/10/2025,no,distrito 8,no
CIRUGÍA GENERAL,100.0,hombre,8.0,0.0,0.0,domicilio,sí,7.0,no,hospital D,urgente,24/09/2024,no,distrito 6,no
traumatología,56.0,mujer,-99.0,3.0,0.0,domicilio,no,9.0,sí,hospital F,urgente,13/11/2025,si,distrito 10,no
medicina interna,60.0,mujer,7.0,0.0,0.0,domicilio,sí,12.0,sí,hospital F,urgente,22/03/2025,no,distrito 5,sí
  cardiología ,72.0,mujer,5.0,4.0,1.0,domicilio,sí,1.0,no,hospital F,urgente,02/01/2025,no,distrito 8,no
traumatología,46.0,mujer,5.0,0.0,0.0,domicilio,no,8.0,sí,hospital E,urgente,09/06/2025,no,distrito 8,sí
CIRUGÍA GENERAL,67.0,hombre,2.0,0.0,0.0,domicilio,sí,3.0,no,hospital D,urgente,22/09/2025,no,distrito 6,sí
cardiologia,45.0,hombre,5.0,0.0,0.0,hospitalización a domicilio,no,0.0,no,hospital A,programado,15/06/2024,no,distrito 1,no
cardiología,72.0,hombre,3.0,3.0,0.0,residencia,no,1.0,no,hospital E,N/D,08/03/2025,si,distrito 7,no
medicina interna,52.0,mujer,9.0,8.0,1.0,residencia,no,1.0,no,hospital F,urgente,20/02/2025,si,distrito 4,no
traumatología,58.0,mujer,0.0,1.0,0.0,domicilio,sí,9.0,no,hospital F,urgente,06/07/2024,no,distrito 2,sí
CIRUGÍA GENERAL,78.0,mujer,9.0,5.0,0.0,domicilio,sí,6.0,no,hospital C,urgente,26/09/2024,si,distrito 5,no
neumología,100.0,mujer,4.0,0.0,1.0,domicilio,no,8.0,no,hospital D,urgente,07/10/2024,no,distrito 1,no
medicina interna,94.0,hombre,5.0,7.0,0.0,domicilio,sí,2.0,no,hospital F,urgente,12/08/2025,si,distrito 7,no
medicina interna,56.0,hombre,3.0,2.0,0.0,domicilio,sí,2.0,no,hospital A,urgente,09/06/2025,no,distrito 4,no
digestivo,43.0,mujer,7.0,4.0,0.0,domicilio,no,3.0,no,hospital B,urgente,18/11/2024,no,distrito 8,no
medicina interna,64.0,mujer,5.0,2.0,0.0,domicilio,sí,0.0,no,hospital A,urgente,04/06/2025,si,distrito 4,no
cirugía general,82.0,mujer,11.0,2.0,0.0,domicilio,no,9.0,sí,hospital B,programado,19/11/2024,no,distrito 5,no
cardiología,58.0,mujer,5.0,2.0,0.0,domicilio,sí,3.0,sí,hospital A,urgente,13/09/2025,no,distrito 7,no
cirugía general,59.0,hombre,11.0,19.0,0.0,domicilio,sí,2.0,sí,hospital B,programado,09/06/2025,no,distrito 2,sí
cardiologia,89.0,mujer,8.0,2.0,0.0,domicilio,no,8.0,no,hospital C,urgente,25/10/2024,si,distrito 5,no
cirugía general,43.0,mujer,3.0,6.0,0.0,domicilio,sí,6.0,no,hospital B,programado,08/03/2025,no,distrito 2,sí
cirugía general,46.0,mujer,3.0,2.0,0.0,domicilio,sí,8.0,no,hospital C,urgente,04/02/2025,no,distrito 4,sí
medicina interna,71.0,mujer,3.0,3.0,2.0,domicilio,sí,4.0,no,hospital D,programado,24/07/2024,no,distrito 3,sí
  cirugía general ,90.0,mujer,7.0,4.0,0.0,domicilio,no,3.0,sí,hospital E,programado,19/08/2025,no,distrito 7,sí
cirugía general,54.0,mujer,11.0,10.0,0.0,domicilio,sí,3.0,no,hospital C,urgente,26/01/2025,si,distrito 6,no
MEDICINA INTERNA,69.0,hombre,0.0,5.0,0.0,centro de media estancia,sí,9.0,no,hospital D,programado,15/04/2025,no,distrito 8,no
medicina interna,75.0,mujer,3.0,3.0,0.0,residencia,sí,17.0,no,hospital C,urgente,17/10/2025,no,distrito 4,sí
medicina interna,64.0,mujer,8.0,0.0,1.0,domicilio,sí,8.0,no,hospital D,urgente,06/08/2025,no,distrito 8,no
cirugía general,24.0,mujer,12.0,3.0,0.0,domicilio,sí,13.0,no,hospital B,urgente,21/12/2024,no,distrito 8,sí
cardiología,57.0,hombre,13.0,6.0,1.0,domicilio,sí,4.0,no,hospital A,urgente,17/10/2025,no,distrito 7,sí
CIRUGÍA GENERAL,73.0,hombre,8.0,1.0,0.0,domicilio,no,4.0,no,hospital F,urgente,15/09/2025,no,distrito 5,sí
traumatología,100.0,hombre,1.0,5.0,1.0,domicilio,sí,11.0,no,hospital A,urgente,13/10/2025,si,distrito 1,sí
traumatología,72.0,hombre,5.0,1.0,0.0,domicilio,sí,2.0,no,hospital D,programado,06/12/2024,no,distrito 2,no
traumatología,94.0,mujer,7.0,0.0,1.0,domicilio,no,9.0,no,hospital E,urgente,30/08/2025,no,distrito 3,no
cirugía general,85.0,hombre,0.0,6.0,0.0,domicilio,no,4.0,sí,hospital C,programado,20/08/2025,si,distrito 4,sí
cardiología,22.0,mujer,10.0,5.0,0.0,residencia,sí,29.0,no,hospital E,urgente,13/06/2024,si,distrito 2,no
neumología,58.0,hombre,2.0,11.0,0.0,domicilio,no,6.0,no,hospital E,urgente,02/05/2025,si,distrito 1,sí
  cirugía general ,85.0,hombre,-99.0,11.0,1.0,domicilio,sí,3.0,no,hospital D,urgente,30/12/2024,si,distrito 2,no
cardiología,65.0,mujer,3.0,7.0,0.0,domicilio,sí,1.0,no,hospital A,N/D,07/06/2025,no,distrito 5,no
cirugía general,74.0,hombre,2.0,4.0,1.0,domicilio,sí,9.0,no,hospital F,urgente,17/03/2025,no,distrito 5,no
CIRUGÍA GENERAL,49.0,mujer,6.0,1.0,0.0,domicilio,sí,2.0,no,hospital B,urgente,21/11/2025,no,distrito 1,no
  cirugía general ,69.0,mujer,12.0,1.0,1.0,residencia,sí,1.0,no,hospital E,programado,18/06/2024,no,distrito 10,no
cardiología,51.0,mujer,3.0,1.0,0.0,domicilio,no,6.0,sí,hospital A,urgente,16/06/2025,no,distrito 8,no
neumología,72.0,hombre,13.0,1.0,1.0,domicilio,sí,4.0,no,hospital C,programado,04/10/2025,no,distrito 9,sí
medicina interna,60.0,hombre,7.0,2.0,0.0,domicilio,sí,0.0,sí,hospital C,programado,25/09/2024,no,distrito 5,no
  medicina interna ,75.0,hombre,9.0,0.0,1.0,domicilio,no,8.0,no,hospital B,programado,22/05/2025,no,distrito 3,no
digestivo,58.0,mujer,-99.0,0.0,0.0,domicilio,no,0.0,no,hospital C,programado,08/04/2025,no,distrito 5,sí
  neumología ,43.0,hombre,1.0,2.0,0.0,domicilio,no,1.0,sí,hospital F,urgente,14/10/2024,si,distrito 1,sí
digestivo,65.0,mujer,4.0,1.0,0.0,residencia,no,3.0,no,hospital B,programado,20/10/2025,no,distrito 5,sí
cardiología,43.0,mujer,-99.0,8.0,1.0,domicilio,sí,2.0,sí,hospital E,urgente,15/07/2025,no,distrito 9,no
traumatología,80.0,hombre,9.0,6.0,0.0,domicilio,no,13.0,no,hospital E,urgente,04/09/2024,no,distrito 3,no
  digestivo ,97.0,mujer,8.0,0.0,0.0,residencia,sí,1.0,sí,hospital A,urgente,10/06/2024,no,distrito 5,no
medicina interna,82.0,mujer,14.0,2.0,1.0,domicilio,sí,2.0,sí,hospital C,urgente,14/05/2025,no,distrito 4,no
traumatología,72.0,mujer,12.0,2.0,0.0,residencia,no,2.0,sí,hospital E,urgente,16/07/2024,no,distrito 10,no
traumatología,68.0,hombre,11.0,3.0,0.0,domicilio,sí,2.0,no,hospital E,urgente,01/11/2024,no,distrito 6,sí
traumatología,29.0,hombre,5.0,0.0,2.0,residencia,no,5.0,no,hospital A,programado,07/10/2025,no,distrito 1,no
cirugía general,56.0,hombre,12.0,0.0,0.0,residencia,no,0.0,sí,hospital C,programado,06/08/2025,no,distrito 8,no
traumatología,69.0,hombre,4.0,2.0,0.0,residencia,sí,6.0,no,hospital D,urgente,28/04/2025,no,distrito 8,no
medicina interna,61.0,hombre,16.0,0.0,1.0,domicilio,no,3.0,sí,hospital D,urgente,16/09/2025,no,distrito 9,sí
cirugía general,92.0,mujer,15.0,0.0,0.0,centro de media estancia,sí,5.0,no,hospital E,urgente,06/04/2025,no,distrito 8,no
traumatología,83.0,mujer,4.0,1.0,0.0,domicilio,sí,2.0,no,hospital A,urgente,26/01/2025,no,distrito 5,sí
neumologia,53.0,mujer,7.0,0.0,3.0,domicilio,no,7.0,sí,hospital D,urgente,29/06/2025,no,distrito 7,no
cardiología,69.0,hombre,16.0,4.0,1.0,domicilio,sí,12.0,no,hospital C,N/D,04/08/2024,no,distrito 3,no
medicina interna,63.0,hombre,1.0,0.0,4.0,hospitalización a domicilio,no,2.0,no,hospital D,urgente,21/12/2024,no,distrito 4,sí
digestivo,85.0,hombre,6.0,1.0,0.0,domicilio,sí,6.0,no,hospital E,urgente,23/06/2025,no,distrito 4,sí
medicina interna,76.0,hombre,2.0,1.0,0.0,residencia,sí,7.0,no,hospital C,programado,03/12/2024,no,distrito 7,no
traumatología,44.0,mujer,11.0,3.0,0.0,domicilio,no,7.0,no,hospital B,urgente,26/12/2024,no,distrito 7,no
  cardiología ,69.0,hombre,5.0,4.0,0.0,domicilio,sí,3.0,no,hospital A,urgente,25/12/2024,no,distrito 3,no
cirugía general,64.0,mujer,1.0,0.0,0.0,domicilio,no,12.0,no,hospital E,urgente,08/07/2024,no,distrito 5,sí
traumatología,66.0,hombre,2.0,1.0,1.0,domicilio,sí,4.0,no,hospital C,programado,06/01/2025,no,distrito 8,no
cardiología,69.0,mujer,11.0,3.0,1.0,hospitalización a domicilio,no,5.0,no,hospital C,urgente,11/02/2025,no,distrito 3,no
cirugía general,57.0,hombre,13.0,1.0,1.0,domicilio,sí,3.0,no,hospital C,urgente,20/02/2025,no,distrito 10,no
cirugía general,60.0,hombre,0.0,6.0,2.0,domicilio,sí,4.0,no,hospital F,urgente,07/04/2025,no,distrito 8,sí
medicina interna,32.0,hombre,7.0,4.0,0.0,domicilio,sí,3.0,sí,hospital A,urgente,13/04/2025,no,distrito 8,sí
  cirugía general ,52.0,mujer,7.0,0.0,0.0,domicilio,sí,12.0,sí,hospital B,urgente,27/03/2025,no,distrito 5,sí
neumología,56.0,hombre,16.0,1.0,1.0,domicilio,no,1.0,no,hospital A,urgente,01/09/2024,no,distrito 8,no
medicina interna,75.0,hombre,14.0,3.0,1.0,domicilio,sí,7.0,no,hospital E,programado,21/02/2025,no,distrito 3,no
neumología,40.0,hombre,14.0,2.0,2.0,domicilio,no,2.0,sí,hospital A,urgente,20/04/2025,si,distrito 1,sí
medicina interna,42.0,mujer,2.0,1.0,1.0,hospitalización a domicilio,no,8.0,no,hospital C,urgente,07/06/2025,no,distrito 4,no
cirugia general,42.0,mujer,16.0,0.0,0.0,domicilio,no,14.0,no,hospital E,urgente,23/06/2024,no,distrito 8,sí
neumología,80.0,hombre,3.0,4.0,4.0,domicilio,no,17.0,sí,hospital D,urgente,06/12/2024,si,distrito 7,no
traumatología,51.0,mujer,13.0,4.0,0.0,domicilio,sí,12.0,no,hospital A,urgente,15/04/2025,no,distrito 2,sí
neumología,59.0,hombre,2.0,1.0,1.0,domicilio,no,4.0,sí,hospital D,programado,22/02/2025,no,distrito 9,sí
digestivo,63.0,hombre,4.0,1.0,2.0,domicilio,no,0.0,no,hospital B,urgente,18/08/2024,no,distrito 2,sí
medicina interna,48.0,hombre,37.0,0.0,5.0,domicilio,sí,6.0,no,hospital E,urgente,06/10/2025,no,distrito 4,sí
  medicina interna ,58.0,mujer,6.0,3.0,0.0,hospitalización a domicilio,no,7.0,no,hospital F,urgente,20/11/2024,no,distrito 5,no
  medicina interna ,62.0,mujer,8.0,1.0,0.0,hospitalización a domicilio,no,12.0,no,hospital B,urgente,10/08/2024,si,distrito 5,sí
cirugía general,55.0,mujer,11.0,1.0,0.0,domicilio,sí,3.0,no,hospital D,urgente,21/03/2025,no,distrito 3,no
neumología,78.0,hombre,12.0,0.0,1.0,domicilio,no,1.0,no,hospital A,urgente,04/08/2025,no,distrito 9,sí
DIGESTIVO,78.0,hombre,6.0,2.0,0.0,domicilio,no,7.0,no,hospital A,urgente,03/07/2025,no,distrito 4,sí
cirugía general,66.0,hombre,5.0,0.0,1.0,residencia,sí,17.0,no,hospital E,programado,29/07/2024,si,distrito 8,sí
TRAUMATOLOGÍA,36.0,mujer,8.0,2.0,0.0,domicilio,sí,2.0,sí,hospital A,urgente,13/03/2025,no,distrito 6,sí
cardiologia,78.0,hombre,5.0,1.0,0.0,domicilio,sí,5.0,no,hospital A,urgente,26/10/2024,no,distrito 8,sí
medicina interna,39.0,mujer,23.0,1.0,1.0,residencia,no,0.0,no,hospital A,programado,03/03/2025,no,distrito 7,no
medicina interna,38.0,mujer,16.0,2.0,1.0,domicilio,no,6.0,no,hospital E,urgente,30/09/2024,no,distrito 10,sí
medicina interna,55.0,hombre,3.0,1.0,0.0,domicilio,sí,1.0,sí,hospital A,urgente,06/11/2024,no,distrito 3,sí
cirugia general,77.0,hombre,8.0,4.0,0.0,domicilio,sí,8.0,sí,hospital A,urgente,09/05/2025,no,distrito 9,no
cardiología,47.0,hombre,6.0,1.0,0.0,hospitalización a domicilio,no,9.0,no,hospital A,urgente,31/01/2025,no,distrito 7,no
medicina interna,81.0,hombre,5.0,0.0,0.0,domicilio,sí,5.0,no,hospital B,programado,19/02/2025,no,distrito 1,no
medicina interna,89.0,mujer,4.0,1.0,0.0,domicilio,sí,4.0,no,hospital A,urgente,26/09/2024,no,distrito 3,no
traumatologia,62.0,hombre,11.0,3.0,1.0,domicilio,sí,6.0,no,hospital A,urgente,06/12/2024,no,distrito 10,sí
cirugía general,68.0,mujer,3.0,4.0,2.0,domicilio,no,7.0,no,hospital D,urgente,15/10/2025,si,distrito 8,no
digestivo,85.0,mujer,2.0,1.0,0.0,hospitalización a domicilio,no,7.0,no,hospital B,urgente,19/11/2025,no,distrito 3,sí
traumatología,82.0,mujer,3.0,0.0,0.0,domicilio,sí,5.0,no,hospital D,urgente,14/11/2024,no,distrito 2,sí
medicina interna,68.0,mujer,10.0,3.0,0.0,residencia,sí,3.0,no,hospital A,programado,09/09/2024,no,distrito 7,sí
cardiología,64.0,mujer,8.0,1.0,0.0,domicilio,sí,1.0,no,hospital B,programado,30/08/2024,no,distrito 9,sí
neumología,64.0,mujer,10.0,1.0,2.0,domicilio,sí,5.0,no,hospital F,urgente,14/11/2024,no,distrito 4,no
neumologia,59.0,mujer,16.0,2.0,0.0,hospitalización a domicilio,sí,8.0,no,hospital F,urgente,12/11/2024,no,distrito 10,no
cardiología,67.0,mujer,27.0,1.0,0.0,domicilio,sí,1.0,no,hospital E,programado,03/03/2025,no,distrito 10,no
cirugía general,81.0,hombre,7.0,0.0,0.0,domicilio,no,4.0,no,hospital C,urgente,14/10/2025,no,distrito 8,sí
digestivo,45.0,mujer,8.0,1.0,1.0,domicilio,no,2.0,no,hospital B,urgente,05/08/2024,no,distrito 3,sí
neumología,37.0,mujer,11.0,18.0,0.0,hospitalización a domicilio,sí,2.0,sí,hospital E,urgente,30/07/2025,no,distrito 2,no
  medicina interna ,89.0,mujer,9.0,0.0,0.0,domicilio,sí,2.0,no,hospital F,programado,20/09/2025,no,distrito 5,no
cardiología,57.0,mujer,-99.0,5.0,0.0,domicilio,no,0.0,sí,hospital F,urgente,22/08/2024,no,distrito 6,no
traumatología,71.0,hombre,9.0,6.0,0.0,domicilio,sí,29.0,no,hospital C,urgente,25/08/2024,si,distrito 9,no
digestivo,66.0,mujer,21.0,1.0,0.0,domicilio,sí,6.0,no,hospital A,urgente,03/08/2025,no,distrito 9,sí
traumatología,45.0,mujer,4.0,6.0,0.0,hospitalización a domicilio,sí,7.0,sí,hospital F,urgente,26/09/2024,no,distrito 3,no
TRAUMATOLOGÍA,61.0,mujer,10.0,0.0,0.0,domicilio,sí,14.0,no,hospital E,programado,22/12/2024,no,distrito 9,sí
cirugía general,34.0,mujer,2.0,1.0,1.0,domicilio,no,4.0,no,hospital A,programado,07/06/2025,no,distrito 9,sí
medicina interna,86.0,hombre,11.0,6.0,0.0,hospitalización a domicilio,sí,25.0,no,hospital F,programado,14/06/2025,no,distrito 6,no
MEDICINA INTERNA,46.0,hombre,-99.0,0.0,7.0,residencia,sí,7.0,no,hospital D,urgente,04/06/2024,no,distrito 5,sí
digestivo,69.0,hombre,6.0,0.0,0.0,domicilio,no,6.0,sí,hospital E,urgente,24/10/2025,no,distrito 9,sí
digestivo,77.0,mujer,3.0,0.0,2.0,domicilio,no,0.0,no,hospital A,urgente,22/11/2024,no,distrito 7,no
cardiología,57.0,hombre,4.0,2.0,1.0,hospitalización a domicilio,sí,11.0,sí,hospital D,urgente,02/11/2024,si,distrito 7,sí
  cardiología ,18.0,hombre,4.0,4.0,0.0,domicilio,no,4.0,no,hospital B,urgente,03/10/2024,no,distrito 5,no
traumatología,24.0,hombre,4.0,0.0,0.0,domicilio,sí,0.0,no,hospital C,programado,20/10/2024,no,distrito 5,sí
medicina interna,89.0,hombre,8.0,1.0,0.0,centro de media estancia,sí,0.0,sí,hospital D,urgente,21/08/2024,no,distrito 4,sí
traumatologia,57.0,hombre,6.0,2.0,0.0,domicilio,no,3.0,sí,hospital E,urgente,27/12/2024,no,distrito 1,no
cardiología,47.0,mujer,16.0,6.0,0.0,domicilio,sí,1.0,sí,hospital F,programado,07/09/2024,no,distrito 2,no
cardiología,100.0,mujer,-99.0,0.0,0.0,domicilio,sí,14.0,no,hospital D,programado,18/01/2025,no,distrito 2,no
medicina interna,86.0,hombre,4.0,6.0,0.0,domicilio,sí,2.0,no,hospital D,urgente,09/03/2025,si,distrito 2,no
cardiología,75.0,hombre,16.0,3.0,0.0,domicilio,no,0.0,sí,hospital E,urgente,08/07/2025,no,distrito 2,no
  cardiología ,54.0,mujer,7.0,3.0,1.0,domicilio,sí,14.0,no,hospital B,urgente,22/03/2025,si,distrito 2,no
  neumología ,75.0,hombre,1.0,5.0,0.0,residencia,sí,4.0,no,hospital E,N/D,30/03/2025,si,distrito 1,sí
traumatología,58.0,mujer,5.0,0.0,0.0,domicilio,sí,8.0,no,hospital D,urgente,30/01/2025,no,distrito 4,sí
cardiología,53.0,mujer,8.0,0.0,0.0,domicilio,sí,1.0,sí,hospital D,urgente,22/11/2024,no,distrito 6,sí
cardiologia,47.0,mujer,4.0,3.0,0.0,domicilio,no,9.0,no,hospital E,N/D,26/09/2024,no,distrito 10,no
medicina interna,67.0,hombre,3.0,1.0,0.0,domicilio,no,4.0,no,hospital D,programado,04/08/2024,no,distrito 8,no
digestivo,59.0,hombre,7.0,1.0,0.0,domicilio,sí,4.0,no,hospital A,urgente,30/09/2025,no,distrito 5,sí
MEDICINA INTERNA,55.0,hombre,15.0,6.0,0.0,domicilio,no,10.0,no,hospital D,programado,06/05/2025,si,distrito 8,no
traumatología,52.0,hombre,9.0,2.0,0.0,domicilio,no,12.0,no,hospital D,programado,20/08/2025,no,distrito 6,no
medicina interna,100.0,mujer,6.0,1.0,0.0,domicilio,no,1.0,no,hospital D,programado,16/03/2025,si,distrito 3,no
  cardiología ,36.0,hombre,9.0,0.0,0.0,residencia,sí,2.0,no,hospital E,urgente,07/09/2025,no,distrito 8,no
traumatología,48.0,hombre,5.0,2.0,2.0,hospitalización a domicilio,sí,6.0,no,hospital C,urgente,12/12/2024,no,distrito 10,sí
  medicina interna ,65.0,mujer,5.0,1.0,0.0,domicilio,sí,5.0,no,hospital E,urgente,03/06/2024,no,distrito 10,no
  cardiología ,80.0,mujer,5.0,3.0,2.0,domicilio,no,4.0,no,hospital E,programado,25/10/2025,si,distrito 9,sí
cirugía general,68.0,mujer,7.0,2.0,2.0,residencia,sí,9.0,no,hospital E,urgente,26/08/2024,no,distrito 5,sí
cardiología,96.0,hombre,10.0,1.0,0.0,domicilio,no,10.0,sí,hospital C,urgente,29/05/2025,no,distrito 9,sí
cirugía general,54.0,mujer,20.0,8.0,0.0,domicilio,no,8.0,no,hospital E,urgente,22/12/2024,no,distrito 4,no
neumología,32.0,hombre,13.0,1.0,1.0,hospitalización a domicilio,sí,2.0,sí,hospital E,programado,12/06/2025,no,distrito 5,no
medicina interna,41.0,hombre,11.0,5.0,0.0,domicilio,sí,7.0,no,hospital E,programado,29/12/2024,no,distrito 5,no
cardiologia,63.0,mujer,15.0,0.0,2.0,hospitalización a domicilio,no,4.0,no,hospital D,urgente,03/07/2024,no,distrito 7,no
traumatologia,84.0,hombre,3.0,5.0,0.0,domicilio,sí,4.0,no,hospital A,urgente,27/03/2025,no,distrito 9,no
MEDICINA INTERNA,56.0,mujer,3.0,4.0,0.0,domicilio,no,7.0,no,hospital A,urgente,07/05/2025,si,distrito 6,no
cirugía general,62.0,hombre,3.0,3.0,2.0,domicilio,no,8.0,sí,hospital E,programado,09/08/2025,no,distrito 1,sí
  cardiología ,93.0,hombre,1.0,4.0,0.0,domicilio,no,13.0,no,hospital B,programado,02/08/2025,no,distrito 10,sí
cirugía general,49.0,mujer,7.0,1.0,0.0,domicilio,sí,7.0,no,hospital B,urgente,02/08/2024,no,distrito 8,sí
cirugía general,34.0,hombre,2.0,0.0,0.0,domicilio,sí,2.0,no,hospital E,programado,25/07/2024,no,distrito 4,no
medicina interna,76.0,mujer,5.0,7.0,0.0,domicilio,sí,6.0,no,hospital D,urgente,03/08/2025,si,distrito 6,sí
cirugía general,43.0,hombre,6.0,1.0,4.0,residencia,no,11.0,no,hospital A,N/D,05/07/2025,no,distrito 7,sí
digestivo,76.0,hombre,17.0,1.0,0.0,domicilio,no,4.0,no,hospital F,urgente,20/11/2024,no,distrito 2,no
traumatología,69.0,hombre,15.0,1.0,1.0,domicilio,sí,7.0,no,hospital B,urgente,05/11/2025,si,distrito 5,sí
cardiología,50.0,hombre,18.0,2.0,0.0,domicilio,sí,9.0,no,hospital D,urgente,29/01/2025,no,distrito 3,sí
traumatología,85.0,hombre,13.0,12.0,0.0,domicilio,sí,9.0,no,hospital B,urgente,09/06/2024,no,distrito 8,no
medicina interna,65.0,mujer,5.0,0.0,0.0,domicilio,no,10.0,no,hospital B,urgente,18/06/2025,no,distrito 8,sí
medicina interna,70.0,hombre,-99.0,1.0,0.0,domicilio,sí,3.0,no,hospital F,urgente,22/08/2024,no,distrito 2,sí
traumatología,84.0,mujer,-99.0,3.0,0.0,domicilio,sí,0.0,no,hospital C,programado,23/08/2024,no,distrito 9,no
neumologia,39.0,hombre,6.0,0.0,2.0,domicilio,sí,12.0,sí,hospital C,urgente,18/05/2025,no,distrito 7,sí
traumatología,65.0,mujer,3.0,4.0,0.0,residencia,no,4.0,no,hospital F,urgente,27/08/2025,no,distrito 8,no
digestivo,30.0,mujer,17.0,4.0,0.0,domicilio,no,2.0,sí,hospital C,N/D,12/01/2025,no,distrito 6,no
medicina interna,65.0,hombre,7.0,1.0,1.0,domicilio,sí,2.0,no,hospital A,programado,31/07/2025,no,distrito 7,no
  digestivo ,45.0,mujer,-99.0,1.0,0.0,domicilio,no,12.0,no,hospital B,programado,20/10/2025,no,distrito 5,sí
digestivo,54.0,hombre,10.0,1.0,0.0,domicilio,sí,10.0,no,hospital D,urgente,06/10/2025,no,distrito 5,sí
medicina interna,51.0,hombre,3.0,7.0,0.0,residencia,sí,2.0,no,hospital A,urgente,16/06/2025,si,distrito 5,no
cardiología,92.0,hombre,9.0,3.0,0.0,residencia,no,9.0,no,hospital B,urgente,27/09/2024,si,distrito 9,sí
neumología,72.0,hombre,8.0,0.0,0.0,domicilio,sí,3.0,no,hospital B,programado,12/11/2024,no,distrito 8,no
medicina interna,84.0,mujer,5.0,5.0,1.0,residencia,sí,15.0,no,hospital A,urgente,22/10/2024,si,distrito 6,no
traumatología,55.0,mujer,4.0,5.0,0.0,domicilio,sí,25.0,no,hospital C,urgente,26/07/2024,no,distrito 4,sí
neumología,64.0,mujer,2.0,0.0,0.0,domicilio,sí,5.0,no,hospital C,programado,30/06/2024,no,distrito 3,sí
neumología,99.0,mujer,14.0,1.0,0.0,residencia,no,1.0,sí,hospital C,urgente,25/07/2024,no,distrito 3,no
cardiología,63.0,mujer,1.0,5.0,0.0,domicilio,no,4.0,sí,hospital F,urgente,18/10/2024,no,distrito 4,no
  cirugía general ,53.0,hombre,6.0,1.0,0.0,domicilio,sí,2.0,no,hospital A,programado,13/07/2024,no,distrito 2,sí
medicina interna,84.0,mujer,12.0,3.0,0.0,domicilio,no,16.0,no,hospital B,urgente,21/07/2024,no,distrito 1,no
CARDIOLOGÍA,75.0,mujer,2.0,1.0,0.0,domicilio,sí,4.0,no,hospital B,urgente,05/02/2025,no,distrito 6,no
medicina interna,65.0,mujer,6.0,4.0,0.0,domicilio,sí,2.0,no,hospital B,urgente,17/06/2024,no,distrito 2,no
medicina interna,85.0,hombre,-99.0,0.0,1.0,domicilio,sí,4.0,no,hospital D,urgente,11/07/2025,no,distrito 5,no
  cardiología ,84.0,mujer,-99.0,3.0,2.0,domicilio,sí,0.0,no,hospital C,urgente,14/03/2025,no,distrito 1,no
  traumatología ,67.0,hombre,4.0,2.0,0.0,domicilio,sí,4.0,no,hospital E,urgente,24/04/2025,no,distrito 8,sí
neumología,63.0,hombre,-99.0,3.0,0.0,domicilio,sí,0.0,no,hospital C,urgente,19/10/2025,no,distrito 6,sí
  medicina interna ,61.0,mujer,15.0,3.0,0.0,residencia,sí,4.0,no,hospital B,programado,02/03/2025,si,distrito 9,sí
digestivo,77.0,hombre,8.0,2.0,0.0,residencia,no,2.0,no,hospital C,urgente,29/08/2024,si,distrito 2,sí
cardiologia,44.0,mujer,4.0,3.0,1.0,domicilio,sí,2.0,no,hospital A,programado,31/07/2025,no,distrito 2,no
medicina interna,63.0,hombre,-99.0,1.0,6.0,hospitalización a domicilio,sí,6.0,no,hospital C,programado,07/06/2024,no,distrito 7,no
MEDICINA INTERNA,59.0,mujer,4.0,9.0,0.0,domicilio,sí,4.0,no,hospital F,programado,11/07/2024,si,distrito 8,sí
traumatología,83.0,mujer,7.0,0.0,0.0,domicilio,sí,4.0,no,hospital B,urgente,19/04/2025,no,distrito 9,no
cirugía general,70.0,hombre,-99.0,5.0,1.0,residencia,no,2.0,no,hospital E,urgente,07/04/2025,si,distrito 10,sí
digestivo,41.0,mujer,2.0,0.0,0.0,domicilio,sí,0.0,no,hospital D,N/D,22/05/2025,no,distrito 1,no
cardiología,80.0,hombre,5.0,0.0,0.0,domicilio,sí,2.0,sí,hospital A,urgente,28/05/2025,no,distrito 8,sí
cardiología,57.0,hombre,3.0,2.0,4.0,domicilio,no,15.0,no,hospital C,programado,26/07/2025,no,distrito 8,no
cirugía general,88.0,mujer,1.0,6.0,1.0,residencia,sí,1.0,sí,hospital E,programado,02/06/2025,si,distrito 3,no
  traumatología ,94.0,mujer,9.0,2.0,0.0,domicilio,sí,4.0,no,hospital D,urgente,16/12/2024,no,distrito 1,sí
medicina interna,75.0,mujer,22.0,5.0,0.0,centro de media estancia,no,1.0,no,hospital F,urgente,05/06/2025,no,distrito 3,no
medicina interna,43.0,mujer,5.0,2.0,1.0,domicilio,sí,4.0,no,hospital D,urgente,07/04/2025,no,distrito 2,sí
cirugía general,50.0,mujer,13.0,3.0,0.0,hospitalización a domicilio,no,1.0,no,hospital D,programado,26/08/2025,no,distrito 10,no
medicina interna,82.0,mujer,3.0,2.0,0.0,domicilio,no,5.0,no,hospital F,urgente,17/07/2025,no,distrito 2,no
cardiología,49.0,mujer,1.0,3.0,1.0,domicilio,no,3.0,no,hospital A,urgente,30/08/2025,si,distrito 5,no
  medicina interna ,78.0,hombre,5.0,1.0,1.0,domicilio,sí,5.0,no,hospital D,urgente,25/08/2024,no,distrito 6,sí
cirugía general,100.0,hombre,1.0,2.0,0.0,domicilio,no,1.0,no,hospital B,urgente,08/08/2025,no,distrito 2,sí
traumatología,84.0,hombre,2.0,4.0,0.0,domicilio,no,12.0,no,hospital E,urgente,17/01/2025,no,distrito 7,sí
medicina interna,46.0,mujer,17.0,2.0,0.0,domicilio,no,3.0,no,hospital A,urgente,11/09/2025,no,distrito 3,no
CARDIOLOGÍA,59.0,mujer,10.0,0.0,3.0,domicilio,no,9.0,sí,hospital B,urgente,30/08/2024,no,distrito 7,sí
cardiología,72.0,hombre,10.0,3.0,0.0,residencia,sí,9.0,no,hospital B,urgente,24/08/2025,no,distrito 7,no
  cirugía general ,52.0,mujer,2.0,2.0,1.0,domicilio,no,1.0,sí,hospital F,programado,01/08/2025,no,distrito 6,no
medicina interna,44.0,hombre,12.0,2.0,0.0,domicilio,no,3.0,sí,hospital C,urgente,10/09/2024,no,distrito 5,no
  digestivo ,71.0,hombre,4.0,18.0,1.0,domicilio,sí,7.0,no,hospital A,urgente,05/04/2025,si,distrito 10,sí
neumología,83.0,mujer,1.0,0.0,0.0,domicilio,no,8.0,sí,hospital C,programado,27/08/2024,no,distrito 2,sí
cardiologia,38.0,mujer,2.0,1.0,0.0,domicilio,no,17.0,sí,hospital E,urgente,19/09/2024,no,distrito 3,no
neumología,71.0,mujer,6.0,1.0,0.0,domicilio,sí,2.0,no,hospital B,N/D,02/07/2024,no,distrito 4,sí
cirugía general,77.0,hombre,10.0,1.0,0.0,domicilio,sí,4.0,no,hospital F,urgente,07/04/2025,no,distrito 1,sí
cirugía general,91.0,mujer,-99.0,3.0,0.0,hospitalización a domicilio,sí,6.0,no,hospital C,programado,19/06/2025,no,distrito 3,sí
medicina interna,43.0,mujer,17.0,4.0,0.0,domicilio,no,21.0,no,hospital A,programado,15/05/2025,no,distrito 4,no
medicina interna,60.0,mujer,9.0,1.0,0.0,domicilio,no,6.0,no,hospital C,urgente,26/08/2024,no,distrito 10,no
cirugía general,52.0,mujer,-99.0,2.0,0.0,domicilio,sí,1.0,no,hospital F,urgente,04/09/2024,no,distrito 7,sí
medicina interna,88.0,hombre,-99.0,0.0,2.0,domicilio,no,5.0,sí,hospital A,urgente,27/07/2025,no,distrito 9,no
medicina interna,44.0,hombre,10.0,0.0,0.0,domicilio,sí,6.0,no,hospital B,programado,24/02/2025,no,distrito 6,no
medicina interna,29.0,mujer,13.0,0.0,0.0,domicilio,sí,12.0,no,hospital D,programado,01/12/2024,no,distrito 4,sí
medicina interna,88.0,mujer,14.0,8.0,0.0,domicilio,sí,4.0,no,hospital B,urgente,30/09/2025,no,distrito 7,sí
cardiología,96.0,mujer,5.0,2.0,0.0,domicilio,sí,7.0,no,hospital A,urgente,12/05/2025,no,distrito 7,sí
neumología,77.0,mujer,4.0,0.0,0.0,residencia,no,2.0,sí,hospital E,urgente,22/08/2025,no,distrito 2,no
digestivo,74.0,mujer,6.0,0.0,0.0,centro de media estancia,no,11.0,no,hospital E,N/D,23/08/2024,no,distrito 4,no
  cardiología ,73.0,mujer,8.0,1.0,0.0,residencia,sí,2.0,no,hospital D,programado,13/06/2024,no,distrito 3,sí
neumologia,82.0,hombre,13.0,4.0,0.0,centro de media estancia,sí,17.0,no,hospital F,programado,11/04/2025,si,distrito 2,no
medicina interna,43.0,hombre,7.0,2.0,3.0,domicilio,sí,7.0,no,hospital A,urgente,21/08/2025,no,distrito 8,no
cardiología,37.0,mujer,2.0,0.0,0.0,centro de media estancia,sí,3.0,sí,hospital D,urgente,28/10/2024,no,distrito 5,no
neumología,65.0,hombre,18.0,2.0,0.0,domicilio,sí,11.0,no,hospital F,N/D,27/09/2024,no,distrito 2,sí
cardiología,61.0,mujer,6.0,4.0,0.0,domicilio,no,4.0,no,hospital E,urgente,26/04/2025,no,distrito 9,sí
medicina interna,71.0,hombre,19.0,0.0,0.0,domicilio,sí,1.0,no,hospital D,urgente,21/04/2025,si,distrito 4,sí
cardiología,76.0,mujer,2.0,1.0,0.0,centro de media estancia,no,3.0,sí,hospital F,urgente,31/10/2025,no,distrito 3,no
digestivo,46.0,hombre,3.0,2.0,0.0,domicilio,sí,5.0,no,hospital A,programado,07/12/2024,si,distrito 9,sí
traumatología,91.0,mujer,7.0,1.0,0.0,domicilio,no,4.0,sí,hospital C,programado,19/05/2025,no,distrito 5,no
neumología,46.0,mujer,14.0,0.0,0.0,domicilio,no,1.0,no,hospital D,programado,08/06/2024,no,distrito 2,no
cirugía general,64.0,mujer,11.0,5.0,1.0,domicilio,sí,3.0,sí,hospital E,urgente,17/09/2025,no,distrito 9,sí
medicina interna,63.0,hombre,6.0,4.0,0.0,residencia,sí,4.0,sí,hospital B,urgente,30/12/2024,si,distrito 5,sí
medicina interna,74.0,hombre,6.0,2.0,0.0,domicilio,sí,5.0,no,hospital D,urgente,29/04/2025,no,distrito 10,sí
cirugía general,88.0,hombre,-99.0,1.0,0.0,centro de media estancia,sí,3.0,no,hospital F,urgente,06/08/2025,no,distrito 5,no
traumatología,38.0,mujer,2.0,2.0,2.0,domicilio,sí,11.0,no,hospital C,programado,28/11/2024,no,distrito 1,no
traumatología,77.0,mujer,8.0,0.0,0.0,domicilio,no,3.0,no,hospital C,programado,14/10/2025,no,distrito 2,sí
neumologia,53.0,mujer,1.0,0.0,0.0,domicilio,sí,3.0,no,hospital A,urgente,03/07/2025,no,distrito 1,no
cardiología,77.0,mujer,8.0,3.0,0.0,domicilio,no,11.0,no,hospital C,urgente,14/09/2024,no,distrito 6,no
cardiología,54.0,hombre,11.0,3.0,1.0,domicilio,no,7.0,no,hospital E,programado,08/09/2025,si,distrito 7,no
CIRUGÍA GENERAL,70.0,hombre,7.0,0.0,1.0,domicilio,no,10.0,no,hospital F,urgente,27/09/2025,no,distrito 2,no
traumatología,47.0,mujer,6.0,6.0,0.0,domicilio,sí,5.0,no,hospital D,urgente,28/07/2025,no,distrito 1,sí
medicina interna,64.0,mujer,10.0,8.0,1.0,domicilio,sí,8.0,no,hospital E,programado,12/09/2024,si,distrito 2,no
cardiología,63.0,mujer,8.0,6.0,1.0,centro de media estancia,sí,16.0,no,hospital E,urgente,27/09/2024,si,distrito 4,no
cardiología,74.0,hombre,3.0,4.0,0.0,hospitalización a domicilio,sí,6.0,no,hospital C,programado,18/12/2024,no,distrito 2,no
digestivo,57.0,hombre,30.0,4.0,0.0,domicilio,sí,3.0,no,hospital B,urgente,15/08/2025,no,distrito 6,no
cirugía general,78.0,mujer,6.0,1.0,0.0,domicilio,sí,1.0,sí,hospital F,urgente,08/11/2025,no,distrito 2,no
cardiología,60.0,mujer,-99.0,0.0,0.0,domicilio,no,6.0,sí,hospital D,programado,19/11/2025,no,distrito 5,no
CARDIOLOGÍA,78.0,mujer,4.0,1.0,2.0,domicilio,sí,7.0,no,hospital C,urgente,26/07/2025,no,distrito 4,no
cirugía general,66.0,mujer,3.0,1.0,0.0,domicilio,no,2.0,no,hospital C,urgente,01/12/2024,no,distrito 7,sí
cardiología,80.0,hombre,5.0,5.0,1.0,domicilio,no,14.0,no,hospital F,urgente,04/08/2024,si,distrito 4,no
traumatología,68.0,hombre,14.0,0.0,0.0,centro de media estancia,sí,7.0,no,hospital B,programado,15/06/2024,no,distrito 10,no
traumatología,44.0,hombre,3.0,0.0,0.0,domicilio,no,8.0,no,hospital A,urgente,19/10/2024,no,distrito 9,no
cardiología,86.0,hombre,3.0,7.0,0.0,centro de media estancia,no,1.0,no,hospital E,programado,23/12/2024,si,distrito 2,no
medicina interna,73.0,hombre,2.0,1.0,0.0,centro de media estancia,no,2.0,sí,hospital F,urgente,13/04/2025,no,distrito 8,no
cardiología,66.0,mujer,3.0,5.0,0.0,domicilio,sí,8.0,no,hospital F,programado,19/11/2024,no,distrito 4,no
cardiología,76.0,hombre,2.0,8.0,1.0,domicilio,sí,12.0,no,hospital B,urgente,06/04/2025,si,distrito 1,sí
cirugía general,100.0,mujer,5.0,7.0,0.0,domicilio,sí,2.0,no,hospital C,urgente,11/11/2024,si,distrito 10,no
digestivo,42.0,mujer,1.0,3.0,1.0,residencia,sí,9.0,no,hospital A,N/D,13/08/2025,si,distrito 7,no
cardiologia,78.0,hombre,6.0,3.0,0.0,domicilio,no,19.0,no,hospital F,urgente,31/05/2025,no,distrito 7,no
  neumología ,49.0,hombre,10.0,0.0,0.0,domicilio,sí,5.0,no,hospital E,N/D,13/01/2025,no,distrito 10,no
traumatología,49.0,mujer,2.0,0.0,0.0,domicilio,no,11.0,no,hospital D,N/D,13/06/2024,no,distrito 9,no
medicina interna,60.0,hombre,2.0,0.0,2.0,residencia,sí,2.0,sí,hospital B,programado,04/08/2024,no,distrito 4,no
  digestivo ,71.0,hombre,-99.0,1.0,0.0,domicilio,sí,5.0,no,hospital C,programado,11/10/2024,no,distrito 7,sí
cardiología,65.0,mujer,4.0,4.0,0.0,hospitalización a domicilio,sí,5.0,sí,hospital C,urgente,09/07/2025,no,distrito 3,no
digestivo,73.0,hombre,13.0,2.0,1.0,domicilio,no,1.0,sí,hospital A,urgente,30/05/2025,no,distrito 4,sí
medicina interna,43.0,hombre,7.0,2.0,0.0,domicilio,no,12.0,no,hospital F,urgente,13/08/2024,no,distrito 3,sí
  traumatología ,64.0,hombre,7.0,2.0,0.0,residencia,sí,1.0,no,hospital C,urgente,11/05/2025,no,distrito 7,sí
medicina interna,33.0,mujer,-99.0,3.0,0.0,hospitalización a domicilio,sí,2.0,no,hospital F,urgente,14/09/2024,no,distrito 6,no
cardiologia,59.0,mujer,4.0,4.0,3.0,domicilio,sí,0.0,sí,hospital E,N/D,30/06/2025,si,distrito 9,no
traumatología,59.0,mujer,13.0,8.0,0.0,residencia,sí,0.0,sí,hospital D,urgente,25/01/2025,si,distrito 3,no
medicina interna,28.0,mujer,1.0,5.0,0.0,domicilio,no,14.0,no,hospital E,urgente,24/04/2025,no,distrito 9,no
cardiología,88.0,hombre,10.0,0.0,0.0,hospitalización a domicilio,no,17.0,no,hospital F,programado,01/05/2025,no,distrito 9,no
medicina interna,80.0,mujer,6.0,2.0,0.0,domicilio,sí,12.0,no,hospital D,urgente,18/01/2025,si,distrito 5,no
cardiología,91.0,hombre,12.0,7.0,1.0,domicilio,sí,4.0,sí,hospital D,urgente,28/05/2025,no,distrito 1,no
traumatología,62.0,hombre,-99.0,4.0,0.0,domicilio,sí,8.0,no,hospital E,urgente,22/07/2025,no,distrito 1,no
MEDICINA INTERNA,44.0,mujer,4.0,2.0,1.0,domicilio,sí,13.0,no,hospital E,urgente,01/11/2025,no,distrito 10,no
CIRUGÍA GENERAL,36.0,hombre,10.0,3.0,1.0,centro de media estancia,sí,4.0,no,hospital A,urgente,26/12/2024,no,distrito 5,sí
medicina interna,48.0,mujer,8.0,0.0,2.0,domicilio,sí,3.0,no,hospital B,urgente,01/04/2025,no,distrito 6,sí
cardiología,38.0,hombre,7.0,1.0,1.0,residencia,no,1.0,no,hospital F,programado,01/01/2025,no,distrito 7,sí
CIRUGÍA GENERAL,84.0,hombre,9.0,3.0,0.0,hospitalización a domicilio,sí,8.0,sí,hospital E,programado,16/10/2024,no,distrito 9,sí
medicina interna,57.0,mujer,5.0,11.0,1.0,domicilio,no,7.0,no,hospital E,urgente,17/05/2025,si,distrito 1,sí
  medicina interna ,75.0,hombre,6.0,5.0,0.0,residencia,sí,6.0,no,hospital C,urgente,18/02/2025,no,distrito 3,sí
medicina interna,55.0,hombre,11.0,3.0,0.0,residencia,sí,2.0,no,hospital D,urgente,06/10/2024,no,distrito 7,sí
cirugía general,68.0,hombre,4.0,11.0,0.0,domicilio,sí,4.0,no,hospital E,urgente,05/11/2024,si,distrito 9,sí
medicina interna,47.0,mujer,3.0,0.0,1.0,domicilio,sí,2.0,sí,hospital C,urgente,06/11/2025,no,distrito 2,sí
neumología,41.0,hombre,2.0,5.0,0.0,domicilio,sí,1.0,sí,hospital B,urgente,27/08/2025,no,distrito 5,no
medicina interna,57.0,hombre,6.0,1.0,0.0,domicilio,no,4.0,no,hospital E,urgente,24/08/2024,no,distrito 6,no
cirugía general,63.0,mujer,12.0,0.0,1.0,domicilio,no,6.0,no,hospital F,urgente,16/08/2025,no,distrito 3,sí
  cardiología ,68.0,mujer,14.0,4.0,1.0,residencia,sí,4.0,no,hospital E,programado,23/02/2025,no,distrito 1,no
cirugía general,95.0,hombre,-99.0,1.0,0.0,domicilio,sí,6.0,no,hospital A,programado,26/10/2025,no,distrito 10,sí
medicina interna,70.0,mujer,3.0,1.0,0.0,domicilio,sí,23.0,no,hospital D,urgente,17/01/2025,no,distrito 9,no
CIRUGÍA GENERAL,60.0,hombre,23.0,3.0,1.0,residencia,no,1.0,no,hospital F,urgente,27/01/2025,no,distrito 8,sí
traumatologia,93.0,mujer,9.0,1.0,0.0,domicilio,no,5.0,no,hospital C,programado,27/07/2024,no,distrito 4,no
cirugía general,59.0,hombre,11.0,2.0,3.0,domicilio,no,5.0,no,hospital C,urgente,24/10/2025,no,distrito 2,no
cardiología,63.0,mujer,10.0,4.0,0.0,domicilio,no,10.0,no,hospital B,N/D,21/09/2025,no,distrito 8,no
digestivo,30.0,hombre,7.0,0.0,0.0,domicilio,no,13.0,no,hospital C,programado,29/05/2025,no,distrito 8,sí
cirugía general,57.0,mujer,22.0,10.0,0.0,domicilio,no,6.0,no,hospital A,urgente,16/04/2025,si,distrito 5,sí
digestivo,57.0,mujer,4.0,0.0,0.0,domicilio,sí,3.0,no,hospital B,urgente,30/09/2025,no,distrito 2,sí
CIRUGÍA GENERAL,83.0,mujer,20.0,1.0,0.0,domicilio,no,19.0,sí,hospital D,N/D,18/12/2024,no,distrito 2,no
medicina interna,65.0,mujer,3.0,0.0,1.0,domicilio,sí,1.0,sí,hospital D,urgente,17/05/2025,no,distrito 2,no
neumología,48.0,hombre,1.0,6.0,3.0,domicilio,sí,2.0,sí,hospital E,urgente,30/08/2025,no,distrito 3,no
MEDICINA INTERNA,69.0,mujer,9.0,0.0,0.0,domicilio,no,5.0,no,hospital E,urgente,20/04/2025,no,distrito 3,no
medicina interna,75.0,mujer,9.0,4.0,3.0,domicilio,sí,10.0,no,hospital E,urgente,15/08/2024,no,distrito 2,sí
cardiología,35.0,mujer,8.0,1.0,0.0,domicilio,no,4.0,no,hospital E,urgente,26/10/2024,no,distrito 9,sí
neumología,48.0,hombre,13.0,1.0,2.0,residencia,sí,0.0,no,hospital C,urgente,05/08/2024,no,distrito 9,no
traumatología,84.0,mujer,6.0,0.0,0.0,domicilio,sí,3.0,sí,hospital F,urgente,08/09/2025,no,distrito 5,sí
medicina interna,82.0,hombre,11.0,6.0,2.0,domicilio,no,9.0,sí,hospital B,urgente,07/05/2025,no,distrito 10,no
digestivo,92.0,mujer,2.0,0.0,0.0,domicilio,sí,21.0,sí,hospital D,urgente,06/07/2024,no,distrito 7,no
cirugía general,65.0,hombre,11.0,1.0,0.0,domicilio,sí,6.0,no,hospital D,urgente,13/06/2025,no,distrito 5,sí
  medicina interna ,59.0,mujer,3.0,6.0,0.0,centro de media estancia,sí,12.0,no,hospital D,urgente,17/08/2024,si,distrito 4,no
CIRUGÍA GENERAL,63.0,mujer,7.0,4.0,1.0,domicilio,sí,5.0,no,hospital C,programado,04/06/2024,no,distrito 1,sí
CARDIOLOGÍA,67.0,hombre,8.0,1.0,0.0,domicilio,sí,2.0,no,hospital D,urgente,10/11/2025,no,distrito 6,no
digestivo,57.0,mujer,11.0,2.0,0.0,domicilio,no,3.0,no,hospital C,programado,02/04/2025,no,distrito 9,sí
digestivo,36.0,mujer,9.0,1.0,3.0,domicilio,sí,4.0,no,hospital A,urgente,07/11/2025,no,distrito 10,sí
medicina interna,83.0,mujer,13.0,1.0,1.0,domicilio,sí,12.0,no,hospital A,programado,15/02/2025,no,distrito 1,sí
traumatología,77.0,hombre,3.0,1.0,0.0,domicilio,sí,4.0,no,hospital B,urgente,17/03/2025,no,distrito 5,sí
traumatología,73.0,hombre,4.0,0.0,0.0,domicilio,no,6.0,no,hospital F,programado,27/04/2025,no,distrito 10,sí
cardiología,59.0,hombre,9.0,3.0,0.0,domicilio,no,12.0,no,hospital B,urgente,15/04/2025,no,distrito 2,sí
traumatología,85.0,hombre,6.0,2.0,0.0,domicilio,no,11.0,no,hospital A,urgente,20/06/2025,si,distrito 5,no
medicina interna,69.0,mujer,3.0,1.0,0.0,domicilio,sí,9.0,no,hospital E,programado,16/10/2024,no,distrito 1,no
neumología,65.0,mujer,4.0,2.0,0.0,domicilio,no,16.0,no,hospital A,urgente,04/08/2025,no,distrito 4,no
neumologia,52.0,hombre,12.0,0.0,1.0,domicilio,no,11.0,no,hospital F,urgente,19/09/2025,no,distrito 9,sí
neumología,27.0,hombre,16.0,1.0,1.0,residencia,sí,1.0,no,hospital B,urgente,03/07/2024,no,distrito 10,sí
traumatología,72.0,hombre,4.0,1.0,1.0,domicilio,sí,0.0,sí,hospital F,urgente,05/09/2025,no,distrito 5,sí
medicina interna,62.0,hombre,4.0,0.0,0.0,residencia,sí,3.0,no,hospital A,urgente,09/04/2025,no,distrito 8,no
cardiología,67.0,hombre,4.0,4.0,0.0,domicilio,sí,8.0,no,hospital F,urgente,30/06/2024,no,distrito 5,no
MEDICINA INTERNA,69.0,mujer,14.0,6.0,0.0,domicilio,sí,4.0,no,hospital E,urgente,13/01/2025,no,distrito 3,sí
  traumatología ,59.0,mujer,5.0,0.0,2.0,domicilio,sí,7.0,no,hospital F,urgente,06/06/2025,no,distrito 8,sí
cardiología,42.0,hombre,5.0,4.0,0.0,domicilio,sí,14.0,sí,hospital D,programado,10/08/2025,no,distrito 1,no
  cirugía general ,86.0,mujer,-99.0,1.0,1.0,residencia,sí,1.0,no,hospital D,urgente,03/10/2024,no,distrito 3,sí
digestivo,75.0,mujer,-99.0,1.0,0.0,domicilio,no,10.0,no,hospital F,urgente,03/05/2025,no,distrito 6,sí
medicina interna,96.0,mujer,9.0,5.0,0.0,domicilio,sí,10.0,sí,hospital E,urgente,28/04/2025,no,distrito 7,no
traumatología,73.0,mujer,4.0,1.0,0.0,centro de media estancia,no,7.0,no,hospital B,urgente,25/06/2025,no,distrito 3,no
medicina interna,90.0,mujer,16.0,2.0,4.0,residencia,sí,1.0,no,hospital F,urgente,31/10/2024,no,distrito 10,sí
cardiología,52.0,hombre,3.0,0.0,0.0,hospitalización a domicilio,sí,9.0,no,hospital D,programado,14/08/2024,no,distrito 1,no
medicina interna,43.0,mujer,-99.0,2.0,1.0,residencia,sí,4.0,sí,hospital F,programado,02/01/2025,no,distrito 5,no
medicina interna,85.0,hombre,10.0,3.0,1.0,domicilio,no,9.0,no,hospital A,urgente,28/07/2025,si,distrito 7,no
traumatología,63.0,hombre,8.0,0.0,0.0,domicilio,sí,0.0,no,hospital C,urgente,08/07/2024,no,distrito 1,sí
digestivo,74.0,mujer,1.0,8.0,3.0,domicilio,sí,14.0,sí,hospital A,programado,15/02/2025,si,distrito 7,no
medicina interna,65.0,mujer,8.0,1.0,0.0,domicilio,no,13.0,no,hospital D,urgente,15/08/2025,no,distrito 10,sí
cardiología,62.0,hombre,3.0,4.0,0.0,domicilio,sí,8.0,no,hospital F,programado,09/12/2024,no,distrito 9,no
  cirugía general ,68.0,hombre,13.0,0.0,0.0,domicilio,no,6.0,no,hospital A,programado,29/01/2025,no,distrito 10,no
cirugía general,57.0,hombre,23.0,1.0,1.0,domicilio,sí,1.0,sí,hospital B,programado,04/06/2025,no,distrito 7,sí
traumatología,54.0,mujer,32.0,1.0,1.0,domicilio,sí,7.0,sí,hospital D,programado,10/09/2025,no,distrito 3,no
traumatología,86.0,mujer,8.0,3.0,2.0,hospitalización a domicilio,no,8.0,no,hospital C,programado,31/08/2024,no,distrito 1,sí
cardiologia,56.0,hombre,5.0,3.0,0.0,domicilio,sí,8.0,sí,hospital D,urgente,05/07/2024,no,distrito 1,no
medicina interna,67.0,hombre,12.0,2.0,0.0,domicilio,sí,1.0,no,hospital D,urgente,17/10/2025,no,distrito 4,sí
traumatología,67.0,mujer,5.0,4.0,1.0,domicilio,sí,10.0,sí,hospital A,urgente,15/09/2024,no,distrito 2,sí
cirugía general,68.0,mujer,5.0,8.0,0.0,domicilio,sí,10.0,no,hospital C,N/D,26/07/2024,no,distrito 10,no
MEDICINA INTERNA,84.0,hombre,-99.0,1.0,0.0,domicilio,sí,4.0,no,hospital A,programado,25/10/2024,no,distrito 3,sí
medicina interna,18.0,mujer,-99.0,2.0,1.0,domicilio,no,8.0,no,hospital C,urgente,16/10/2024,no,distrito 7,no
traumatología,74.0,mujer,9.0,5.0,0.0,domicilio,sí,6.0,no,hospital C,urgente,21/08/2025,no,distrito 10,no
cardiología,71.0,hombre,8.0,0.0,0.0,domicilio,no,10.0,no,hospital B,urgente,17/01/2025,no,distrito 1,no
cardiología,41.0,hombre,11.0,1.0,1.0,hospitalización a domicilio,no,4.0,sí,hospital E,programado,29/04/2025,no,distrito 9,sí
cirugia general,23.0,mujer,-99.0,5.0,1.0,residencia,no,13.0,sí,hospital D,urgente,04/09/2024,no,distrito 6,sí
traumatología,55.0,hombre,9.0,3.0,1.0,centro de media estancia,sí,2.0,no,hospital C,programado,09/10/2025,no,distrito 2,no
cardiología,54.0,hombre,8.0,2.0,0.0,domicilio,no,3.0,sí,hospital C,programado,20/04/2025,no,distrito 9,no
cirugía general,66.0,hombre,7.0,1.0,0.0,domicilio,no,9.0,no,hospital C,urgente,19/09/2024,no,distrito 9,no
cardiología,58.0,hombre,6.0,0.0,1.0,domicilio,sí,6.0,no,hospital A,urgente,07/10/2024,no,distrito 8,sí
cardiología,89.0,hombre,7.0,6.0,0.0,residencia,sí,3.0,no,hospital F,programado,14/06/2025,si,distrito 9,no
medicina interna,96.0,mujer,7.0,2.0,0.0,domicilio,no,12.0,no,hospital E,urgente,28/04/2025,no,distrito 9,no
MEDICINA INTERNA,90.0,mujer,2.0,2.0,1.0,domicilio,no,8.0,no,hospital B,programado,08/06/2025,no,distrito 3,sí
cirugía general,64.0,mujer,4.0,4.0,0.0,domicilio,sí,0.0,sí,hospital C,urgente,23/08/2024,no,distrito 1,no
cirugia general,67.0,hombre,2.0,4.0,0.0,domicilio,no,1.0,no,hospital E,urgente,14/01/2025,si,distrito 4,sí
digestivo,48.0,hombre,16.0,1.0,5.0,domicilio,sí,3.0,no,hospital A,urgente,11/09/2024,no,distrito 3,no
traumatología,76.0,hombre,9.0,2.0,5.0,residencia,sí,2.0,sí,hospital B,programado,29/07/2025,no,distrito 9,no
traumatología,58.0,hombre,22.0,9.0,0.0,residencia,no,6.0,sí,hospital D,programado,16/07/2024,si,distrito 3,sí
  medicina interna ,39.0,mujer,2.0,7.0,1.0,domicilio,no,2.0,no,hospital D,programado,08/10/2024,no,distrito 6,sí
cirugía general,100.0,mujer,2.0,1.0,1.0,domicilio,sí,12.0,no,hospital D,urgente,30/06/2025,no,distrito 1,no
medicina interna,81.0,mujer,10.0,0.0,0.0,centro de media estancia,sí,5.0,no,hospital C,urgente,02/08/2025,no,distrito 9,no
MEDICINA INTERNA,72.0,hombre,9.0,0.0,0.0,domicilio,sí,5.0,no,hospital A,urgente,22/06/2024,no,distrito 4,sí
digestivo,74.0,hombre,-99.0,0.0,0.0,domicilio,sí,3.0,no,hospital E,urgente,26/04/2025,no,distrito 2,sí
digestivo,80.0,mujer,2.0,5.0,0.0,domicilio,sí,5.0,no,hospital C,urgente,22/08/2024,si,distrito 2,no
medicina interna,59.0,mujer,6.0,1.0,0.0,domicilio,sí,7.0,no,hospital C,urgente,13/10/2025,no,distrito 9,sí
cirugía general,85.0,mujer,4.0,0.0,4.0,domicilio,sí,2.0,no,hospital F,urgente,21/08/2024,no,distrito 4,no
CARDIOLOGÍA,47.0,mujer,3.0,1.0,0.0,domicilio,sí,4.0,no,hospital D,urgente,27/01/2025,no,distrito 8,no
cardiología,100.0,hombre,10.0,3.0,0.0,domicilio,no,6.0,no,hospital A,urgente,23/07/2024,si,distrito 7,sí
cirugía general,45.0,mujer,5.0,2.0,1.0,domicilio,no,5.0,no,hospital D,programado,11/11/2025,no,distrito 2,no
traumatología,76.0,mujer,3.0,0.0,0.0,centro de media estancia,sí,3.0,sí,hospital F,urgente,29/03/2025,no,distrito 6,sí
  cardiología ,45.0,mujer,17.0,1.0,0.0,domicilio,sí,4.0,sí,hospital B,programado,27/02/2025,no,distrito 9,no
cirugía general,85.0,hombre,4.0,1.0,0.0,domicilio,sí,12.0,sí,hospital E,urgente,16/03/2025,no,distrito 10,no
  medicina interna ,78.0,mujer,8.0,3.0,0.0,domicilio,sí,3.0,no,hospital D,urgente,30/03/2025,no,distrito 4,sí
  cirugía general ,84.0,hombre,4.0,5.0,2.0,residencia,sí,6.0,sí,hospital B,urgente,03/02/2025,si,distrito 10,no
medicina interna,76.0,hombre,6.0,0.0,1.0,domicilio,no,11.0,sí,hospital F,programado,19/07/2025,si,distrito 3,sí
digestivo,53.0,hombre,2.0,2.0,0.0,residencia,no,11.0,sí,hospital C,urgente,20/02/2025,no,distrito 1,no
medicina interna,62.0,mujer,12.0,0.0,0.0,domicilio,no,3.0,no,hospital D,programado,12/02/2025,no,distrito 7,sí
neumología,67.0,hombre,-99.0,0.0,1.0,domicilio,no,11.0,no,hospital D,urgente,13/12/2024,no,distrito 2,sí
cardiología,55.0,hombre,4.0,0.0,0.0,residencia,no,9.0,sí,hospital B,N/D,25/01/2025,no,distrito 7,no
neumologia,80.0,mujer,4.0,1.0,5.0,domicilio,no,3.0,no,hospital F,urgente,16/11/2024,si,distrito 4,no
digestivo,50.0,mujer,6.0,1.0,1.0,domicilio,sí,1.0,no,hospital A,urgente,15/11/2025,no,distrito 9,sí
medicina interna,51.0,hombre,4.0,1.0,2.0,domicilio,sí,3.0,no,hospital D,urgente,03/11/2024,no,distrito 6,no
neumología,53.0,hombre,2.0,7.0,0.0,domicilio,sí,3.0,sí,hospital D,programado,15/01/2025,si,distrito 4,no
cardiología,70.0,hombre,13.0,2.0,0.0,domicilio,sí,0.0,sí,hospital C,urgente,31/07/2024,no,distrito 10,no
  neumología ,39.0,hombre,2.0,0.0,0.0,domicilio,sí,8.0,no,hospital A,urgente,26/07/2024,no,distrito 7,no
  digestivo ,83.0,hombre,3.0,3.0,0.0,domicilio,sí,7.0,no,hospital F,urgente,30/05/2025,no,distrito 5,no
  medicina interna ,73.0,mujer,16.0,1.0,1.0,domicilio,no,11.0,no,hospital C,urgente,02/08/2024,no,distrito 4,no
CIRUGÍA GENERAL,59.0,hombre,7.0,5.0,0.0,domicilio,no,4.0,no,hospital E,programado,16/12/2024,no,distrito 6,no
traumatología,57.0,hombre,2.0,13.0,1.0,domicilio,sí,21.0,no,hospital A,programado,06/04/2025,no,distrito 10,sí
neumología,60.0,hombre,3.0,2.0,1.0,centro de media estancia,sí,13.0,no,hospital A,programado,22/09/2025,si,distrito 9,sí
digestivo,33.0,hombre,5.0,9.0,0.0,residencia,sí,6.0,no,hospital F,urgente,03/01/2025,no,distrito 8,no
medicina interna,76.0,mujer,3.0,3.0,0.0,domicilio,sí,5.0,no,hospital D,programado,26/08/2025,si,distrito 8,sí
cirugía general,66.0,hombre,7.0,1.0,1.0,domicilio,no,0.0,no,hospital A,urgente,20/09/2024,no,distrito 9,no
medicina interna,57.0,mujer,5.0,3.0,0.0,residencia,sí,4.0,sí,hospital B,urgente,18/07/2024,no,distrito 10,no
traumatología,74.0,hombre,3.0,0.0,2.0,domicilio,sí,9.0,no,hospital B,urgente,14/07/2024,no,distrito 6,no
medicina interna,48.0,hombre,5.0,1.0,0.0,domicilio,sí,11.0,no,hospital F,urgente,27/05/2025,no,distrito 1,no
neumología,43.0,hombre,11.0,3.0,0.0,centro de media estancia,no,17.0,no,hospital F,programado,29/06/2025,no,distrito 5,sí
MEDICINA INTERNA,69.0,mujer,16.0,1.0,0.0,hospitalización a domicilio,sí,7.0,no,hospital B,N/D,01/12/2024,no,distrito 3,sí
TRAUMATOLOGÍA,68.0,hombre,4.0,3.0,0.0,domicilio,no,3.0,no,hospital B,programado,11/09/2024,no,distrito 6,no
  cirugía general ,42.0,mujer,-99.0,4.0,2.0,domicilio,no,3.0,no,hospital D,urgente,30/07/2024,no,distrito 9,no
digestivo,59.0,mujer,3.0,2.0,0.0,domicilio,sí,2.0,no,hospital A,urgente,27/03/2025,no,distrito 7,sí
traumatología,68.0,mujer,9.0,3.0,3.0,domicilio,no,8.0,no,hospital F,urgente,03/09/2025,no,distrito 2,no
cirugía general,67.0,hombre,2.0,0.0,0.0,domicilio,sí,8.0,no,hospital B,urgente,20/07/2024,no,distrito 2,sí
  cardiología ,59.0,hombre,5.0,2.0,0.0,domicilio,sí,9.0,sí,hospital B,programado,03/08/2024,no,distrito 4,sí
digestivo,68.0,hombre,6.0,8.0,0.0,hospitalización a domicilio,sí,6.0,no,hospital A,urgente,13/07/2025,si,distrito 7,sí
cardiología,20.0,mujer,7.0,2.0,0.0,domicilio,sí,6.0,no,hospital B,urgente,08/05/2025,si,distrito 6,sí
cirugía general,58.0,mujer,6.0,6.0,0.0,residencia,no,4.0,no,hospital F,programado,22/09/2025,si,distrito 2,no
cardiología,72.0,hombre,9.0,0.0,0.0,domicilio,no,8.0,no,hospital D,programado,13/05/2025,no,distrito 10,no
digestivo,73.0,mujer,8.0,3.0,0.0,domicilio,sí,7.0,no,hospital C,urgente,03/06/2024,no,distrito 5,no
traumatología,64.0,mujer,4.0,0.0,0.0,domicilio,no,1.0,sí,hospital D,urgente,27/05/2025,no,distrito 9,no
cardiología,72.0,mujer,2.0,6.0,1.0,residencia,no,7.0,no,hospital B,programado,26/08/2025,si,distrito 3,no
medicina interna,91.0,hombre,3.0,3.0,0.0,domicilio,sí,8.0,sí,hospital B,programado,04/06/2024,no,distrito 10,sí
medicina interna,62.0,mujer,2.0,0.0,1.0,domicilio,no,13.0,no,hospital D,urgente,04/01/2025,no,distrito 2,sí
cirugía general,42.0,hombre,-99.0,0.0,1.0,domicilio,sí,9.0,no,hospital C,programado,19/06/2025,no,distrito 2,no
traumatologia,29.0,mujer,11.0,2.0,0.0,domicilio,sí,2.0,no,hospital A,urgente,14/06/2024,no,distrito 4,no
cirugía general,83.0,hombre,10.0,0.0,0.0,domicilio,no,4.0,no,hospital A,urgente,12/01/2025,no,distrito 8,sí
cardiología,100.0,hombre,13.0,1.0,0.0,domicilio,no,9.0,no,hospital A,programado,26/07/2024,no,distrito 3,no
neumología,73.0,mujer,12.0,9.0,0.0,hospitalización a domicilio,sí,1.0,no,hospital D,urgente,09/07/2024,si,distrito 8,no
traumatología,91.0,hombre,17.0,0.0,1.0,hospitalización a domicilio,sí,14.0,no,hospital E,urgente,17/09/2025,no,distrito 1,no
cirugía general,80.0,mujer,6.0,0.0,0.0,centro de media estancia,sí,3.0,no,hospital D,programado,26/06/2025,no,distrito 8,no
medicina interna,72.0,hombre,-99.0,2.0,1.0,domicilio,sí,3.0,no,hospital A,urgente,05/06/2025,si,distrito 3,sí
neumología,18.0,hombre,3.0,0.0,1.0,residencia,sí,4.0,sí,hospital B,N/D,14/03/2025,no,distrito 7,sí
cardiología,49.0,hombre,2.0,1.0,2.0,domicilio,no,2.0,sí,hospital F,urgente,25/02/2025,no,distrito 6,no
cardiología,74.0,hombre,9.0,0.0,3.0,domicilio,sí,7.0,no,hospital D,urgente,15/11/2025,no,distrito 6,no
neumología,52.0,mujer,2.0,2.0,0.0,domicilio,sí,0.0,no,hospital E,urgente,27/10/2024,no,distrito 7,no
cirugía general,50.0,hombre,4.0,4.0,1.0,hospitalización a domicilio,sí,0.0,no,hospital C,urgente,27/10/2024,no,distrito 8,no
cardiología,60.0,hombre,3.0,1.0,0.0,domicilio,sí,13.0,no,hospital C,urgente,04/10/2025,no,distrito 3,no
medicina interna,62.0,hombre,6.0,2.0,0.0,residencia,no,4.0,no,hospital F,urgente,29/08/2024,no,distrito 5,sí
digestivo,48.0,hombre,2.0,8.0,0.0,domicilio,no,12.0,no,hospital E,urgente,25/10/2025,no,distrito 7,no
traumatología,73.0,mujer,8.0,3.0,0.0,domicilio,sí,1.0,no,hospital B,urgente,09/11/2024,no,distrito 9,no
cirugía general,65.0,mujer,28.0,4.0,0.0,domicilio,sí,6.0,no,hospital B,urgente,27/06/2025,no,distrito 6,no
MEDICINA INTERNA,53.0,mujer,10.0,4.0,0.0,domicilio,no,10.0,sí,hospital D,programado,15/10/2025,no,distrito 5,sí
cardiología,83.0,hombre,2.0,1.0,0.0,domicilio,no,13.0,no,hospital C,urgente,08/05/2025,no,distrito 8,no
neumología,34.0,mujer,6.0,6.0,2.0,domicilio,sí,7.0,sí,hospital F,programado,19/11/2024,no,distrito 4,no
digestivo,82.0,hombre,25.0,10.0,0.0,domicilio,sí,14.0,no,hospital A,programado,24/11/2024,no,distrito 5,no
cirugía general,66.0,mujer,5.0,5.0,1.0,domicilio,no,6.0,no,hospital B,N/D,03/10/2024,no,distrito 4,sí
  medicina interna ,81.0,mujer,1.0,3.0,0.0,residencia,sí,5.0,no,hospital E,urgente,22/08/2024,si,distrito 9,sí
DIGESTIVO,45.0,mujer,4.0,3.0,0.0,domicilio,no,0.0,no,hospital D,urgente,09/02/2025,no,distrito 1,sí
medicina interna,40.0,mujer,8.0,3.0,1.0,domicilio,no,1.0,no,hospital B,urgente,05/09/2024,no,distrito 8,no
neumología,73.0,mujer,9.0,7.0,0.0,domicilio,sí,6.0,no,hospital D,urgente,20/10/2024,no,distrito 10,no
cirugía general,89.0,hombre,7.0,2.0,0.0,residencia,sí,5.0,no,hospital C,programado,08/04/2025,si,distrito 9,sí
neumología,70.0,hombre,6.0,6.0,0.0,domicilio,no,5.0,no,hospital E,programado,06/09/2025,si,distrito 8,no
cardiología,76.0,hombre,6.0,2.0,0.0,domicilio,no,9.0,sí,hospital F,programado,02/09/2025,no,distrito 7,no
  cirugía general ,78.0,hombre,6.0,3.0,2.0,domicilio,no,3.0,no,hospital D,urgente,16/09/2024,no,distrito 1,no
cirugia general,71.0,hombre,3.0,0.0,0.0,domicilio,sí,3.0,no,hospital A,urgente,20/10/2024,no,distrito 5,sí
neumología,40.0,mujer,14.0,4.0,4.0,domicilio,sí,2.0,no,hospital A,N/D,02/11/2024,no,distrito 10,sí
traumatología,44.0,hombre,-99.0,3.0,0.0,domicilio,sí,2.0,no,hospital A,urgente,23/10/2024,no,distrito 5,no
cardiología,65.0,hombre,21.0,0.0,1.0,domicilio,sí,5.0,no,hospital C,programado,21/07/2025,no,distrito 5,no
medicina interna,75.0,mujer,13.0,1.0,0.0,residencia,no,2.0,sí,hospital C,programado,01/06/2024,no,distrito 6,no
medicina interna,78.0,mujer,14.0,2.0,0.0,hospitalización a domicilio,sí,11.0,sí,hospital D,urgente,19/04/2025,no,distrito 9,no
traumatología,100.0,mujer,5.0,3.0,0.0,domicilio,no,7.0,no,hospital D,urgente,21/08/2025,no,distrito 5,no
traumatología,45.0,hombre,-99.0,1.0,0.0,centro de media estancia,sí,2.0,sí,hospital C,urgente,17/02/2025,no,distrito 7,sí
cardiología,90.0,hombre,-99.0,2.0,0.0,hospitalización a domicilio,sí,2.0,no,hospital D,programado,12/12/2024,si,distrito 10,sí
neumologia,65.0,hombre,3.0,3.0,1.0,domicilio,sí,5.0,sí,hospital B,urgente,27/04/2025,si,distrito 4,sí
cardiología,66.0,hombre,18.0,2.0,0.0,domicilio,sí,8.0,no,hospital D,programado,03/10/2025,no,distrito 3,sí
cirugía general,51.0,mujer,5.0,0.0,3.0,domicilio,no,7.0,no,hospital F,urgente,24/05/2025,no,distrito 5,sí
traumatologia,45.0,mujer,5.0,1.0,0.0,domicilio,sí,5.0,sí,hospital B,urgente,22/09/2024,no,distrito 10,no
digestivo,56.0,mujer,2.0,4.0,0.0,domicilio,no,1.0,no,hospital E,N/D,04/08/2025,no,distrito 6,no
medicina interna,58.0,mujer,4.0,0.0,2.0,domicilio,sí,12.0,sí,hospital F,urgente,04/08/2024,no,distrito 6,sí
  digestivo ,63.0,hombre,10.0,0.0,0.0,domicilio,no,13.0,no,hospital E,urgente,29/08/2024,si,distrito 9,sí
cardiología,83.0,mujer,2.0,1.0,0.0,domicilio,sí,0.0,no,hospital A,urgente,15/07/2025,no,distrito 4,no
traumatología,58.0,mujer,2.0,2.0,0.0,domicilio,no,3.0,no,hospital F,urgente,14/09/2024,no,distrito 8,sí
traumatologia,51.0,mujer,4.0,4.0,2.0,domicilio,sí,1.0,no,hospital E,programado,03/09/2025,no,distrito 9,no
medicina interna,80.0,mujer,18.0,0.0,3.0,domicilio,no,4.0,no,hospital E,urgente,23/10/2024,no,distrito 2,no
neumología,43.0,hombre,10.0,2.0,0.0,domicilio,sí,8.0,no,hospital D,urgente,05/03/2025,no,distrito 6,no
cirugía general,31.0,mujer,4.0,0.0,2.0,domicilio,no,8.0,no,hospital C,urgente,14/09/2024,no,distrito 8,no
medicina interna,32.0,mujer,4.0,5.0,0.0,domicilio,no,6.0,no,hospital C,urgente,22/11/2024,no,distrito 2,no
medicina interna,72.0,mujer,14.0,6.0,1.0,domicilio,sí,12.0,no,hospital B,urgente,19/08/2024,no,distrito 3,no
cirugía general,33.0,hombre,16.0,1.0,0.0,domicilio,sí,9.0,no,hospital F,programado,30/12/2024,no,distrito 6,sí
medicina interna,71.0,hombre,2.0,0.0,1.0,domicilio,sí,2.0,no,hospital F,urgente,04/09/2025,si,distrito 1,no
CIRUGÍA GENERAL,82.0,mujer,8.0,0.0,0.0,domicilio,no,5.0,no,hospital F,urgente,25/01/2025,no,distrito 9,no
medicina interna,62.0,hombre,8.0,1.0,0.0,hospitalización a domicilio,no,0.0,sí,hospital E,urgente,01/10/2025,no,distrito 3,sí
cardiologia,57.0,mujer,3.0,0.0,0.0,domicilio,no,7.0,sí,hospital F,programado,26/06/2024,no,distrito 4,no
cirugia general,52.0,mujer,11.0,6.0,0.0,domicilio,no,9.0,no,hospital A,urgente,26/06/2024,si,distrito 9,no
cirugia general,74.0,hombre,9.0,0.0,1.0,domicilio,no,3.0,no,hospital D,programado,03/03/2025,no,distrito 3,no
MEDICINA INTERNA,59.0,hombre,3.0,1.0,1.0,domicilio,sí,14.0,no,hospital A,programado,31/03/2025,no,distrito 2,no
traumatología,60.0,mujer,2.0,1.0,0.0,domicilio,sí,1.0,no,hospital B,N/D,11/06/2024,no,distrito 7,no
cirugía general,31.0,hombre,4.0,1.0,0.0,domicilio,sí,5.0,sí,hospital A,urgente,21/01/2025,no,distrito 10,no
cardiologia,54.0,hombre,8.0,2.0,0.0,domicilio,no,8.0,sí,hospital A,programado,26/11/2024,no,distrito 8,sí
digestivo,84.0,hombre,3.0,1.0,0.0,centro de media estancia,sí,2.0,no,hospital F,programado,27/10/2025,no,distrito 4,no
medicina interna,63.0,hombre,4.0,6.0,0.0,residencia,sí,10.0,no,hospital D,urgente,27/08/2024,si,distrito 8,sí
neumología,55.0,mujer,17.0,0.0,0.0,domicilio,sí,2.0,sí,hospital E,N/D,27/07/2025,no,distrito 8,no
digestivo,51.0,mujer,10.0,6.0,0.0,centro de media estancia,no,8.0,sí,hospital D,urgente,18/08/2024,si,distrito 9,no
cirugía general,81.0,mujer,4.0,0.0,1.0,domicilio,sí,9.0,no,hospital D,urgente,11/03/2025,no,distrito 5,sí
medicina interna,49.0,mujer,4.0,2.0,0.0,domicilio,no,4.0,no,hospital D,urgente,13/08/2025,no,distrito 1,sí
CIRUGÍA GENERAL,72.0,mujer,0.0,5.0,0.0,domicilio,sí,6.0,no,hospital C,N/D,09/04/2025,no,distrito 5,no
neumología,79.0,hombre,2.0,0.0,0.0,domicilio,sí,21.0,no,hospital A,urgente,12/07/2024,no,distrito 1,sí
  medicina interna ,63.0,hombre,14.0,2.0,1.0,domicilio,sí,9.0,no,hospital C,urgente,06/09/2024,no,distrito 6,no
medicina interna,85.0,mujer,9.0,3.0,0.0,domicilio,no,3.0,no,hospital B,programado,03/08/2025,no,distrito 7,no
digestivo,30.0,hombre,2.0,0.0,0.0,domicilio,sí,12.0,sí,hospital E,urgente,09/07/2024,no,distrito 8,no
  digestivo ,67.0,hombre,4.0,7.0,2.0,domicilio,no,11.0,no,hospital F,programado,12/02/2025,no,distrito 5,no
  medicina interna ,81.0,mujer,18.0,5.0,1.0,domicilio,sí,1.0,sí,hospital D,urgente,11/05/2025,no,distrito 9,no
  medicina interna ,100.0,hombre,-99.0,0.0,0.0,domicilio,sí,9.0,no,hospital E,programado,10/03/2025,no,distrito 7,sí
medicina interna,61.0,hombre,9.0,0.0,3.0,domicilio,sí,12.0,no,hospital C,urgente,02/06/2024,no,distrito 5,sí
traumatología,71.0,mujer,10.0,1.0,0.0,domicilio,no,5.0,no,hospital D,urgente,10/07/2024,si,distrito 9,sí
cardiología,70.0,mujer,8.0,4.0,1.0,domicilio,sí,9.0,no,hospital F,urgente,22/11/2025,no,distrito 6,no
  medicina interna ,90.0,hombre,19.0,1.0,1.0,domicilio,sí,15.0,no,hospital F,urgente,26/11/2024,no,distrito 6,sí
cirugía general,59.0,hombre,4.0,3.0,2.0,domicilio,sí,4.0,no,hospital A,urgente,01/06/2024,no,distrito 4,sí
cardiología,65.0,mujer,3.0,0.0,1.0,domicilio,sí,2.0,no,hospital B,urgente,20/10/2025,no,distrito 3,no
traumatología,43.0,hombre,5.0,0.0,2.0,residencia,sí,5.0,no,hospital E,programado,10/08/2024,no,distrito 1,sí
neumología,69.0,mujer,9.0,7.0,0.0,domicilio,sí,3.0,no,hospital F,urgente,07/06/2024,no,distrito 3,no
medicina interna,56.0,mujer,6.0,4.0,1.0,centro de media estancia,no,2.0,no,hospital F,programado,09/11/2024,no,distrito 4,sí
digestivo,53.0,mujer,11.0,2.0,1.0,domicilio,sí,2.0,no,hospital A,programado,17/07/2024,no,distrito 3,no
traumatología,31.0,hombre,7.0,4.0,0.0,domicilio,no,9.0,sí,hospital E,programado,10/07/2024,no,distrito 4,no
cardiología,59.0,hombre,5.0,1.0,1.0,domicilio,no,17.0,sí,hospital B,programado,27/07/2024,no,distrito 7,sí
medicina interna,80.0,hombre,11.0,4.0,3.0,domicilio,no,5.0,no,hospital E,programado,23/04/2025,si,distrito 4,no
neumología,75.0,hombre,5.0,1.0,0.0,residencia,no,4.0,no,hospital E,urgente,18/06/2024,no,distrito 6,sí
neumología,55.0,hombre,6.0,2.0,0.0,residencia,sí,3.0,no,hospital B,programado,26/12/2024,no,distrito 6,no
medicina interna,89.0,hombre,9.0,1.0,0.0,domicilio,sí,5.0,no,hospital F,programado,08/06/2024,no,distrito 4,sí
neumología,100.0,hombre,20.0,3.0,1.0,centro de media estancia,sí,1.0,no,hospital A,urgente,31/03/2025,no,distrito 8,no
digestivo,58.0,hombre,15.0,0.0,0.0,residencia,sí,4.0,sí,hospital F,programado,07/09/2025,no,distrito 2,no
traumatología,76.0,hombre,-99.0,0.0,0.0,domicilio,sí,5.0,sí,hospital F,programado,21/12/2024,no,distrito 8,no
cardiología,56.0,mujer,1.0,4.0,0.0,domicilio,sí,7.0,no,hospital B,urgente,19/09/2025,no,distrito 9,sí
NEUMOLOGÍA,65.0,mujer,9.0,0.0,0.0,domicilio,no,5.0,no,hospital E,urgente,15/08/2024,no,distrito 4,no
neumología,74.0,hombre,9.0,7.0,0.0,domicilio,no,0.0,no,hospital A,urgente,09/06/2025,no,distrito 6,sí
cardiología,70.0,mujer,9.0,1.0,1.0,domicilio,no,5.0,no,hospital E,urgente,06/04/2025,no,distrito 6,sí
NEUMOLOGÍA,83.0,hombre,9.0,0.0,2.0,domicilio,no,4.0,sí,hospital E,urgente,21/08/2025,no,distrito 6,no
neumologia,78.0,hombre,3.0,7.0,0.0,hospitalización a domicilio,no,10.0,no,hospital D,urgente,14/08/2024,no,distrito 5,no
medicina interna,62.0,hombre,4.0,3.0,0.0,domicilio,sí,1.0,no,hospital A,N/D,19/04/2025,no,distrito 2,no
cardiología,67.0,hombre,6.0,3.0,0.0,domicilio,no,5.0,no,hospital A,urgente,06/05/2025,no,distrito 7,sí
medicina interna,85.0,hombre,9.0,0.0,0.0,domicilio,no,8.0,sí,hospital F,N/D,17/06/2024,no,distrito 8,sí
neumología,98.0,hombre,6.0,1.0,0.0,centro de media estancia,no,7.0,no,hospital D,urgente,30/01/2025,no,distrito 8,sí
cardiología,50.0,mujer,14.0,0.0,0.0,domicilio,sí,6.0,sí,hospital A,urgente,29/10/2025,no,distrito 10,sí
medicina interna,87.0,mujer,4.0,8.0,0.0,domicilio,no,1.0,no,hospital C,urgente,20/10/2024,si,distrito 6,no
  cardiología ,71.0,mujer,6.0,2.0,2.0,residencia,no,3.0,no,hospital F,urgente,19/01/2025,no,distrito 8,sí
medicina interna,87.0,hombre,5.0,3.0,2.0,domicilio,no,5.0,no,hospital D,programado,04/07/2025,no,distrito 9,no
medicina interna,52.0,mujer,2.0,0.0,3.0,centro de media estancia,no,15.0,no,hospital E,programado,19/08/2025,no,distrito 3,no
NEUMOLOGÍA,33.0,hombre,11.0,6.0,0.0,domicilio,no,1.0,no,hospital E,urgente,05/09/2025,no,distrito 7,no
traumatología,96.0,mujer,12.0,2.0,2.0,domicilio,no,5.0,sí,hospital C,programado,05/06/2025,no,distrito 10,no
cirugia general,85.0,mujer,5.0,2.0,0.0,domicilio,no,1.0,no,hospital E,programado,03/08/2025,no,distrito 1,no
neumología,72.0,hombre,2.0,2.0,0.0,domicilio,sí,5.0,no,hospital E,urgente,13/01/2025,no,distrito 7,sí
medicina interna,65.0,mujer,4.0,0.0,0.0,domicilio,no,3.0,no,hospital F,urgente,24/03/2025,no,distrito 9,no
medicina interna,91.0,hombre,7.0,0.0,0.0,domicilio,no,1.0,no,hospital B,programado,06/11/2024,no,distrito 1,no
  medicina interna ,78.0,hombre,10.0,3.0,1.0,domicilio,no,8.0,no,hospital D,urgente,16/04/2025,no,distrito 7,sí
medicina interna,78.0,mujer,2.0,1.0,0.0,hospitalización a domicilio,no,2.0,sí,hospital A,programado,28/09/2025,no,distrito 9,sí
  medicina interna ,48.0,mujer,1.0,1.0,0.0,domicilio,no,13.0,no,hospital D,urgente,03/11/2025,no,distrito 3,no
CIRUGÍA GENERAL,73.0,mujer,11.0,0.0,0.0,domicilio,no,3.0,sí,hospital E,urgente,05/11/2025,no,distrito 9,no
digestivo,49.0,mujer,12.0,1.0,0.0,hospitalización a domicilio,sí,2.0,no,hospital F,programado,09/02/2025,no,distrito 4,sí
traumatología,82.0,mujer,8.0,5.0,0.0,domicilio,sí,1.0,no,hospital C,urgente,03/05/2025,si,distrito 3,no
medicina interna,48.0,mujer,8.0,5.0,0.0,domicilio,sí,11.0,no,hospital E,urgente,10/07/2025,si,distrito 7,no
medicina interna,100.0,mujer,21.0,0.0,0.0,domicilio,sí,0.0,no,hospital D,urgente,22/07/2024,no,distrito 7,no
medicina interna,72.0,mujer,2.0,2.0,1.0,domicilio,sí,10.0,no,hospital F,urgente,05/01/2025,no,distrito 8,sí
digestivo,82.0,mujer,5.0,0.0,1.0,domicilio,sí,5.0,no,hospital A,urgente,12/10/2025,no,distrito 2,sí
traumatología,41.0,mujer,9.0,5.0,1.0,domicilio,sí,4.0,no,hospital D,urgente,27/03/2025,no,distrito 10,no
digestivo,45.0,mujer,7.0,2.0,0.0,domicilio,no,8.0,no,hospital E,urgente,03/10/2025,si,distrito 9,no
medicina interna,65.0,mujer,6.0,2.0,0.0,domicilio,sí,15.0,no,hospital E,urgente,28/10/2024,no,distrito 10,sí
neumología,85.0,hombre,4.0,0.0,3.0,domicilio,sí,4.0,no,hospital E,urgente,04/10/2024,si,distrito 4,no
traumatología,44.0,hombre,10.0,1.0,0.0,domicilio,no,5.0,no,hospital E,urgente,27/11/2024,no,distrito 8,sí
medicina interna,60.0,mujer,15.0,6.0,0.0,domicilio,sí,3.0,sí,hospital A,programado,04/04/2025,no,distrito 6,no
neumología,100.0,hombre,9.0,4.0,1.0,domicilio,sí,14.0,no,hospital B,programado,23/02/2025,si,distrito 2,sí
traumatología,55.0,mujer,2.0,0.0,0.0,domicilio,sí,8.0,no,hospital B,urgente,11/04/2025,no,distrito 8,sí
traumatología,70.0,mujer,17.0,0.0,1.0,domicilio,sí,7.0,no,hospital A,urgente,20/08/2025,no,distrito 5,no
cardiología,89.0,hombre,4.0,1.0,13.0,domicilio,sí,10.0,no,hospital C,programado,04/11/2024,no,distrito 1,sí
cardiología,100.0,hombre,11.0,0.0,1.0,domicilio,sí,3.0,sí,hospital A,urgente,01/07/2025,no,distrito 4,no
cirugía general,93.0,mujer,5.0,0.0,0.0,hospitalización a domicilio,no,13.0,no,hospital B,urgente,07/08/2025,no,distrito 4,no
medicina interna,45.0,hombre,13.0,5.0,1.0,domicilio,no,1.0,no,hospital A,N/D,11/12/2024,no,distrito 3,sí
cardiología,36.0,hombre,15.0,1.0,0.0,domicilio,sí,3.0,no,hospital C,urgente,07/03/2025,no,distrito 7,sí
  cirugía general ,61.0,mujer,12.0,2.0,2.0,domicilio,no,8.0,no,hospital C,urgente,14/11/2024,no,distrito 2,sí
medicina interna,67.0,mujer,4.0,0.0,3.0,domicilio,sí,8.0,sí,hospital C,urgente,16/11/2024,no,distrito 5,sí
traumatología,61.0,hombre,5.0,1.0,0.0,domicilio,sí,0.0,no,hospital C,urgente,02/08/2025,no,distrito 8,sí
cardiologia,53.0,mujer,4.0,0.0,1.0,domicilio,sí,10.0,no,hospital A,urgente,13/08/2025,no,distrito 7,no
medicina interna,30.0,hombre,5.0,2.0,2.0,domicilio,sí,1.0,no,hospital E,urgente,16/09/2025,no,distrito 6,sí
  traumatología ,66.0,hombre,5.0,1.0,2.0,domicilio,sí,2.0,no,hospital C,programado,29/09/2024,no,distrito 7,no
traumatología,75.0,hombre,9.0,1.0,0.0,residencia,no,13.0,no,hospital F,urgente,23/06/2024,no,distrito 7,sí
cirugía general,95.0,mujer,10.0,5.0,0.0,domicilio,no,7.0,no,hospital C,programado,03/10/2024,si,distrito 2,sí
traumatología,59.0,mujer,9.0,2.0,1.0,domicilio,no,6.0,sí,hospital C,urgente,27/09/2025,no,distrito 5,no
cirugía general,70.0,mujer,-99.0,2.0,0.0,domicilio,sí,5.0,no,hospital E,urgente,11/04/2025,no,distrito 1,sí
cirugia general,89.0,hombre,16.0,2.0,1.0,domicilio,sí,0.0,no,hospital E,urgente,03/02/2025,si,distrito 4,sí
neumología,81.0,mujer,12.0,5.0,0.0,domicilio,no,2.0,no,hospital D,programado,17/09/2024,si,distrito 2,no
traumatología,80.0,hombre,2.0,2.0,0.0,residencia,sí,17.0,no,hospital D,programado,13/10/2024,no,distrito 6,sí
CARDIOLOGÍA,79.0,mujer,-99.0,0.0,1.0,domicilio,no,9.0,no,hospital F,urgente,04/05/2025,no,distrito 1,no
cardiología,62.0,hombre,5.0,2.0,0.0,domicilio,sí,8.0,no,hospital C,urgente,22/09/2024,no,distrito 5,no
traumatologia,40.0,mujer,3.0,0.0,3.0,domicilio,sí,11.0,no,hospital E,urgente,09/06/2024,no,distrito 8,sí
cirugía general,53.0,mujer,1.0,6.0,0.0,hospitalización a domicilio,no,13.0,no,hospital A,N/D,24/03/2025,no,distrito 1,no
medicina interna,71.0,hombre,12.0,2.0,0.0,domicilio,sí,11.0,sí,hospital F,urgente,30/05/2025,si,distrito 2,no
NEUMOLOGÍA,52.0,mujer,9.0,0.0,3.0,domicilio,sí,4.0,no,hospital F,urgente,20/08/2025,no,distrito 7,sí
neumología,92.0,mujer,13.0,2.0,0.0,domicilio,sí,4.0,no,hospital E,urgente,12/08/2025,no,distrito 2,sí
medicina interna,82.0,hombre,2.0,2.0,0.0,domicilio,no,4.0,no,hospital B,urgente,19/05/2025,no,distrito 6,sí
neumología,91.0,mujer,9.0,1.0,1.0,residencia,sí,3.0,sí,hospital A,urgente,14/06/2025,si,distrito 9,no
medicina interna,91.0,mujer,3.0,2.0,0.0,domicilio,sí,9.0,no,hospital B,urgente,12/10/2024,no,distrito 8,no
  medicina interna ,55.0,hombre,3.0,3.0,0.0,centro de media estancia,no,6.0,sí,hospital F,urgente,22/10/2025,no,distrito 4,no
medicina interna,68.0,hombre,5.0,2.0,1.0,domicilio,sí,3.0,sí,hospital F,urgente,05/08/2025,no,distrito 7,no
medicina interna,51.0,hombre,15.0,14.0,1.0,domicilio,sí,2.0,no,hospital C,urgente,12/03/2025,si,distrito 3,sí
neumología,62.0,mujer,10.0,5.0,0.0,domicilio,no,5.0,no,hospital B,programado,22/07/2025,no,distrito 5,sí
cardiología,72.0,hombre,1.0,2.0,0.0,residencia,no,12.0,sí,hospital F,urgente,13/10/2025,no,distrito 7,sí
medicina interna,85.0,mujer,4.0,5.0,1.0,residencia,sí,2.0,no,hospital C,urgente,09/06/2024,no,distrito 10,no
medicina interna,54.0,mujer,12.0,0.0,0.0,domicilio,no,0.0,no,hospital C,urgente,12/05/2025,no,distrito 3,no
medicina interna,41.0,mujer,16.0,1.0,0.0,residencia,sí,4.0,sí,hospital B,urgente,12/05/2025,no,distrito 1,no
traumatología,56.0,hombre,-99.0,5.0,1.0,domicilio,no,3.0,no,hospital A,programado,26/08/2024,no,distrito 9,no
medicina interna,61.0,hombre,3.0,2.0,0.0,centro de media estancia,no,6.0,no,hospital D,urgente,27/04/2025,no,distrito 2,sí
  neumología ,83.0,mujer,4.0,0.0,4.0,domicilio,sí,1.0,no,hospital B,programado,06/07/2024,no,distrito 6,sí
medicina interna,79.0,mujer,13.0,4.0,0.0,domicilio,sí,12.0,no,hospital B,urgente,07/05/2025,no,distrito 10,sí
medicina interna,57.0,hombre,7.0,0.0,0.0,domicilio,no,20.0,sí,hospital F,urgente,14/11/2025,no,distrito 10,sí
cardiología,61.0,mujer,6.0,3.0,0.0,domicilio,sí,11.0,no,hospital B,urgente,11/10/2024,no,distrito 4,no
cirugía general,85.0,hombre,6.0,1.0,0.0,domicilio,sí,4.0,no,hospital F,urgente,21/11/2024,no,distrito 7,no
cardiología,76.0,mujer,5.0,3.0,1.0,centro de media estancia,sí,4.0,no,hospital D,urgente,15/08/2025,no,distrito 4,no
medicina interna,50.0,mujer,-99.0,1.0,3.0,hospitalización a domicilio,sí,10.0,no,hospital D,urgente,02/05/2025,no,distrito 4,sí
medicina interna,78.0,hombre,6.0,2.0,0.0,domicilio,no,6.0,no,hospital B,urgente,08/09/2024,no,distrito 3,no
cirugía general,92.0,hombre,10.0,2.0,0.0,centro de media estancia,no,8.0,sí,hospital C,urgente,11/10/2024,no,distrito 6,no
traumatología,71.0,mujer,9.0,2.0,0.0,hospitalización a domicilio,sí,6.0,no,hospital D,programado,10/11/2024,no,distrito 10,sí
digestivo,79.0,mujer,2.0,2.0,0.0,domicilio,no,6.0,sí,hospital D,urgente,17/07/2024,no,distrito 8,no
traumatología,100.0,mujer,9.0,0.0,1.0,domicilio,sí,6.0,no,hospital F,programado,02/09/2025,no,distrito 4,no
medicina interna,96.0,hombre,5.0,2.0,2.0,domicilio,no,5.0,no,hospital B,programado,16/01/2025,no,distrito 1,no
cardiología,75.0,mujer,8.0,2.0,0.0,domicilio,sí,3.0,no,hospital A,urgente,25/09/2024,no,distrito 4,sí
medicina interna,69.0,hombre,4.0,3.0,0.0,hospitalización a domicilio,no,8.0,no,hospital D,N/D,29/11/2024,si,distrito 9,no
cirugía general,58.0,hombre,5.0,2.0,4.0,hospitalización a domicilio,no,2.0,no,hospital B,urgente,06/07/2024,no,distrito 2,sí
NEUMOLOGÍA,53.0,hombre,6.0,5.0,0.0,domicilio,no,2.0,sí,hospital F,urgente,28/01/2025,si,distrito 6,sí
neumología,53.0,mujer,9.0,0.0,1.0,domicilio,sí,11.0,sí,hospital A,urgente,16/01/2025,si,distrito 6,sí
  neumología ,49.0,mujer,6.0,2.0,1.0,residencia,sí,11.0,no,hospital A,urgente,02/10/2025,no,distrito 8,no
neumología,49.0,hombre,-99.0,3.0,0.0,domicilio,sí,2.0,no,hospital C,urgente,28/10/2024,no,distrito 2,no
medicina interna,68.0,hombre,8.0,0.0,0.0,centro de media estancia,sí,7.0,no,hospital D,urgente,08/07/2025,no,distrito 3,no
digestivo,43.0,mujer,10.0,5.0,0.0,hospitalización a domicilio,no,2.0,no,hospital D,urgente,07/12/2024,no,distrito 9,sí
cirugía general,69.0,hombre,5.0,5.0,0.0,domicilio,sí,1.0,no,hospital C,programado,20/08/2024,no,distrito 9,no
cardiología,80.0,hombre,5.0,3.0,2.0,domicilio,sí,3.0,no,hospital D,urgente,05/08/2025,no,distrito 9,sí
medicina interna,83.0,hombre,-99.0,1.0,0.0,domicilio,sí,1.0,no,hospital D,urgente,01/08/2025,si,distrito 2,no
medicina interna,68.0,mujer,-99.0,3.0,1.0,domicilio,no,3.0,no,hospital E,programado,17/06/2025,no,distrito 5,no
cardiologia,65.0,mujer,5.0,1.0,0.0,domicilio,sí,3.0,no,hospital B,urgente,06/02/2025,no,distrito 9,sí
TRAUMATOLOGÍA,53.0,mujer,7.0,0.0,0.0,domicilio,sí,1.0,no,hospital D,programado,30/06/2025,no,distrito 10,no
CIRUGÍA GENERAL,67.0,hombre,5.0,4.0,4.0,domicilio,sí,3.0,no,hospital F,urgente,04/08/2025,no,distrito 6,no
cirugía general,78.0,mujer,3.0,0.0,0.0,domicilio,no,5.0,no,hospital B,programado,13/12/2024,no,distrito 4,sí
neumología,67.0,mujer,11.0,5.0,0.0,residencia,no,2.0,sí,hospital E,programado,11/11/2024,si,distrito 8,no
cardiología,76.0,hombre,8.0,4.0,0.0,residencia,no,6.0,sí,hospital C,urgente,01/06/2025,no,distrito 7,sí
  digestivo ,28.0,hombre,14.0,0.0,0.0,domicilio,no,1.0,no,hospital C,N/D,28/01/2025,no,distrito 7,no
neumología,64.0,hombre,8.0,3.0,6.0,domicilio,sí,6.0,no,hospital C,urgente,01/12/2024,si,distrito 1,sí
traumatología,76.0,mujer,5.0,0.0,0.0,domicilio,sí,10.0,no,hospital F,urgente,14/08/2025,no,distrito 7,no
cardiología,73.0,mujer,2.0,3.0,0.0,domicilio,sí,7.0,sí,hospital D,urgente,10/05/2025,si,distrito 5,no
traumatología,56.0,hombre,12.0,2.0,1.0,domicilio,sí,10.0,no,hospital C,programado,06/10/2024,no,distrito 8,no
medicina interna,41.0,mujer,10.0,0.0,0.0,centro de media estancia,sí,8.0,sí,hospital A,urgente,19/08/2024,no,distrito 1,sí
traumatología,57.0,mujer,3.0,1.0,0.0,centro de media estancia,sí,10.0,no,hospital B,programado,09/05/2025,no,distrito 6,no
cardiología,46.0,mujer,2.0,1.0,0.0,domicilio,sí,7.0,no,hospital E,urgente,20/06/2024,no,distrito 3,sí
cardiología,23.0,hombre,5.0,5.0,0.0,domicilio,sí,5.0,no,hospital C,urgente,06/01/2025,no,distrito 10,sí
  medicina interna ,75.0,hombre,1.0,1.0,0.0,domicilio,no,5.0,no,hospital C,programado,21/03/2025,no,distrito 2,sí
digestivo,61.0,mujer,5.0,2.0,1.0,domicilio,no,1.0,no,hospital E,N/D,10/07/2025,no,distrito 2,no
traumatologia,70.0,hombre,6.0,0.0,0.0,domicilio,no,7.0,no,hospital D,urgente,29/06/2025,no,distrito 1,sí
MEDICINA INTERNA,99.0,mujer,4.0,0.0,0.0,domicilio,no,0.0,no,hospital D,urgente,30/06/2025,no,distrito 7,no
cardiología,73.0,hombre,2.0,1.0,1.0,domicilio,no,7.0,no,hospital E,urgente,02/05/2025,no,distrito 2,no
digestivo,59.0,hombre,5.0,2.0,0.0,domicilio,no,11.0,no,hospital B,programado,24/06/2025,si,distrito 1,no
traumatología,82.0,hombre,16.0,4.0,0.0,hospitalización a domicilio,sí,7.0,no,hospital F,programado,22/12/2024,no,distrito 9,no
neumología,51.0,hombre,20.0,3.0,0.0,residencia,sí,2.0,no,hospital F,urgente,25/08/2024,no,distrito 5,no
MEDICINA INTERNA,67.0,hombre,1.0,3.0,1.0,centro de media estancia,sí,3.0,sí,hospital F,urgente,31/07/2024,si,distrito 1,no
neumología,51.0,hombre,0.0,0.0,0.0,domicilio,sí,18.0,sí,hospital E,urgente,26/10/2024,no,distrito 7,no
cardiologia,63.0,mujer,12.0,2.0,1.0,domicilio,no,3.0,sí,hospital D,urgente,06/07/2025,no,distrito 4,sí
MEDICINA INTERNA,44.0,mujer,21.0,0.0,0.0,domicilio,sí,9.0,sí,hospital E,programado,25/09/2025,no,distrito 7,sí
cardiología,61.0,mujer,9.0,4.0,3.0,domicilio,sí,4.0,no,hospital F,urgente,25/11/2024,no,distrito 5,no
cardiología,66.0,mujer,0.0,2.0,0.0,domicilio,sí,7.0,no,hospital E,urgente,12/01/2025,no,distrito 5,sí
digestivo,63.0,mujer,13.0,1.0,2.0,domicilio,no,2.0,sí,hospital A,urgente,16/07/2025,no,distrito 9,sí
cardiologia,61.0,hombre,6.0,4.0,0.0,residencia,no,5.0,no,hospital F,urgente,19/11/2025,no,distrito 1,no
traumatología,56.0,mujer,-99.0,5.0,0.0,centro de media estancia,sí,4.0,no,hospital D,programado,03/11/2024,no,distrito 4,no
cardiología,78.0,mujer,9.0,1.0,0.0,domicilio,sí,6.0,no,hospital F,programado,14/01/2025,no,distrito 10,no
  cirugía general ,62.0,mujer,4.0,10.0,0.0,domicilio,no,1.0,no,hospital E,urgente,11/09/2024,no,distrito 1,no
cardiologia,49.0,mujer,3.0,3.0,1.0,domicilio,sí,15.0,no,hospital F,programado,29/12/2024,no,distrito 10,no
NEUMOLOGÍA,61.0,mujer,4.0,1.0,0.0,domicilio,sí,6.0,sí,hospital F,urgente,11/01/2025,no,distrito 2,no
medicina interna,21.0,mujer,9.0,2.0,1.0,domicilio,sí,8.0,no,hospital C,urgente,28/09/2024,no,distrito 1,no
neumología,39.0,hombre,1.0,7.0,1.0,domicilio,sí,3.0,sí,hospital B,urgente,20/11/2025,no,distrito 2,sí
cardiología,76.0,hombre,6.0,0.0,1.0,residencia,sí,6.0,no,hospital D,programado,07/03/2025,no,distrito 8,no
medicina interna,50.0,hombre,1.0,5.0,0.0,domicilio,sí,4.0,no,hospital F,urgente,29/08/2024,no,distrito 5,no
NEUMOLOGÍA,82.0,hombre,14.0,3.0,0.0,domicilio,sí,0.0,no,hospital B,urgente,04/08/2025,no,distrito 2,sí
  traumatología ,43.0,hombre,2.0,1.0,0.0,domicilio,no,4.0,no,hospital F,programado,19/10/2024,no,distrito 5,no
neumología,70.0,hombre,5.0,0.0,1.0,domicilio,sí,5.0,no,hospital A,urgente,05/10/2024,si,distrito 5,no
medicina interna,52.0,hombre,4.0,0.0,0.0,domicilio,sí,5.0,no,hospital C,urgente,18/06/2024,no,distrito 4,no
neumología,73.0,mujer,4.0,4.0,0.0,domicilio,no,4.0,no,hospital F,urgente,06/09/2024,no,distrito 8,sí
cardiología,46.0,mujer,13.0,0.0,0.0,domicilio,no,12.0,no,hospital C,urgente,26/08/2024,no,distrito 10,sí
cirugía general,53.0,hombre,7.0,0.0,1.0,domicilio,no,2.0,sí,hospital E,urgente,15/01/2025,no,distrito 5,no
cirugía general,70.0,hombre,7.0,11.0,0.0,domicilio,sí,4.0,no,hospital D,urgente,12/03/2025,si,distrito 2,no
digestivo,51.0,mujer,10.0,1.0,1.0,centro de media estancia,no,9.0,sí,hospital A,programado,25/07/2025,no,distrito 4,no
traumatología,29.0,hombre,6.0,1.0,0.0,domicilio,no,4.0,sí,hospital B,urgente,01/08/2025,no,distrito 5,no
cardiologia,52.0,hombre,3.0,0.0,1.0,domicilio,no,14.0,sí,hospital E,urgente,28/09/2025,no,distrito 10,no
cirugía general,100.0,mujer,1.0,0.0,1.0,domicilio,sí,7.0,no,hospital E,urgente,25/01/2025,no,distrito 2,sí
cardiología,78.0,mujer,23.0,2.0,0.0,domicilio,sí,6.0,no,hospital C,N/D,31/12/2024,no,distrito 8,sí
medicina interna,88.0,hombre,4.0,2.0,2.0,domicilio,sí,4.0,sí,hospital B,urgente,16/06/2025,no,distrito 6,no
CARDIOLOGÍA,84.0,hombre,6.0,3.0,0.0,residencia,no,5.0,no,hospital C,programado,03/04/2025,si,distrito 5,sí
NEUMOLOGÍA,92.0,hombre,3.0,3.0,2.0,domicilio,sí,2.0,no,hospital F,urgente,25/08/2025,no,distrito 1,no
cirugía general,56.0,mujer,-99.0,3.0,0.0,hospitalización a domicilio,sí,14.0,no,hospital A,urgente,30/10/2025,no,distrito 3,no
  neumología ,62.0,mujer,17.0,0.0,0.0,domicilio,sí,4.0,sí,hospital C,urgente,07/11/2024,no,distrito 2,sí
cardiología,62.0,hombre,18.0,18.0,1.0,domicilio,sí,7.0,no,hospital B,programado,19/10/2025,si,distrito 7,no
medicina interna,84.0,mujer,3.0,4.0,0.0,domicilio,sí,3.0,sí,hospital D,urgente,07/09/2025,no,distrito 2,no
neumología,89.0,mujer,-99.0,0.0,2.0,domicilio,no,5.0,no,hospital A,urgente,04/05/2025,no,distrito 10,sí
medicina interna,78.0,mujer,9.0,2.0,5.0,domicilio,sí,2.0,sí,hospital A,N/D,25/12/2024,no,distrito 5,no
medicina interna,70.0,hombre,4.0,2.0,0.0,domicilio,sí,10.0,no,hospital B,urgente,16/08/2025,no,distrito 6,no
traumatología,64.0,hombre,13.0,0.0,0.0,domicilio,no,7.0,sí,hospital E,programado,22/01/2025,no,distrito 3,sí
medicina interna,53.0,mujer,9.0,1.0,1.0,centro de media estancia,sí,23.0,no,hospital B,N/D,15/11/2025,no,distrito 7,sí
MEDICINA INTERNA,59.0,hombre,2.0,2.0,0.0,hospitalización a domicilio,no,3.0,no,hospital B,programado,09/09/2025,no,distrito 3,no
  cardiología ,37.0,mujer,1.0,3.0,0.0,domicilio,sí,7.0,no,hospital F,urgente,15/10/2025,no,distrito 8,sí
traumatología,38.0,mujer,5.0,3.0,0.0,residencia,sí,9.0,no,hospital C,programado,05/03/2025,no,distrito 4,sí
medicina interna,70.0,mujer,11.0,0.0,1.0,domicilio,sí,14.0,no,hospital E,programado,16/08/2024,no,distrito 5,no
traumatologia,71.0,hombre,1.0,2.0,0.0,domicilio,no,4.0,sí,hospital A,programado,29/09/2024,no,distrito 7,no
traumatología,87.0,mujer,4.0,3.0,0.0,domicilio,no,4.0,no,hospital E,urgente,07/07/2025,si,distrito 9,no
medicina interna,39.0,hombre,12.0,4.0,2.0,domicilio,sí,4.0,no,hospital A,programado,26/09/2024,si,distrito 6,no
neumologia,92.0,hombre,2.0,9.0,0.0,domicilio,no,6.0,no,hospital D,N/D,30/10/2025,si,distrito 9,sí
traumatologia,87.0,mujer,13.0,0.0,0.0,domicilio,sí,4.0,sí,hospital B,programado,19/06/2024,no,distrito 7,sí
  cirugía general ,70.0,hombre,7.0,10.0,0.0,domicilio,no,17.0,no,hospital E,programado,23/11/2024,no,distrito 6,no
neumologia,65.0,mujer,14.0,2.0,0.0,domicilio,sí,7.0,no,hospital C,urgente,19/11/2024,no,distrito 9,no
digestivo,92.0,hombre,-99.0,5.0,0.0,domicilio,sí,4.0,sí,hospital C,urgente,27/01/2025,si,distrito 10,no
cirugía general,80.0,mujer,-99.0,0.0,2.0,centro de media estancia,no,5.0,no,hospital F,urgente,26/04/2025,si,distrito 1,sí
  cirugía general ,55.0,hombre,7.0,0.0,1.0,domicilio,no,1.0,no,hospital C,N/D,01/11/2025,no,distrito 1,no
medicina interna,68.0,hombre,7.0,0.0,0.0,domicilio,no,3.0,no,hospital A,urgente,27/08/2025,no,distrito 2,sí
medicina interna,51.0,mujer,7.0,1.0,2.0,domicilio,sí,9.0,no,hospital D,urgente,01/08/2024,no,distrito 7,sí
  cirugía general ,81.0,hombre,9.0,8.0,3.0,domicilio,sí,5.0,no,hospital E,programado,05/02/2025,si,distrito 3,no
medicina interna,55.0,hombre,13.0,4.0,0.0,centro de media estancia,no,9.0,sí,hospital B,urgente,17/02/2025,si,distrito 4,sí
traumatología,54.0,hombre,4.0,2.0,1.0,domicilio,sí,14.0,no,hospital D,urgente,18/06/2025,no,distrito 1,sí
  traumatología ,62.0,hombre,3.0,0.0,0.0,domicilio,no,11.0,no,hospital D,urgente,22/10/2024,si,distrito 2,no
cirugía general,53.0,hombre,5.0,6.0,2.0,domicilio,sí,7.0,no,hospital F,urgente,01/10/2025,no,distrito 5,no
medicina interna,75.0,hombre,2.0,0.0,0.0,domicilio,sí,2.0,no,hospital F,urgente,25/12/2024,no,distrito 5,sí
digestivo,74.0,hombre,4.0,2.0,3.0,domicilio,sí,2.0,no,hospital D,programado,11/12/2024,no,distrito 9,sí
CARDIOLOGÍA,62.0,mujer,5.0,2.0,0.0,residencia,no,5.0,no,hospital C,urgente,16/08/2025,si,distrito 5,no
traumatología,99.0,mujer,1.0,1.0,1.0,domicilio,no,6.0,no,hospital C,urgente,01/05/2025,no,distrito 5,no
traumatología,49.0,hombre,12.0,4.0,0.0,domicilio,sí,5.0,sí,hospital E,programado,23/04/2025,no,distrito 1,no
digestivo,66.0,hombre,17.0,1.0,2.0,residencia,sí,6.0,no,hospital C,urgente,01/05/2025,no,distrito 3,no
cardiología,64.0,hombre,6.0,3.0,0.0,domicilio,no,2.0,no,hospital D,urgente,12/08/2025,no,distrito 5,sí
cardiología,74.0,mujer,18.0,0.0,0.0,domicilio,no,3.0,sí,hospital E,programado,08/06/2024,no,distrito 1,no
traumatología,66.0,hombre,2.0,4.0,1.0,domicilio,sí,8.0,no,hospital E,urgente,27/08/2024,no,distrito 2,no
cirugía general,58.0,hombre,17.0,2.0,0.0,domicilio,sí,3.0,sí,hospital C,urgente,04/07/2025,no,distrito 2,no
traumatología,53.0,mujer,2.0,0.0,1.0,domicilio,no,5.0,no,hospital D,programado,30/09/2024,no,distrito 6,no
medicina interna,56.0,mujer,4.0,1.0,0.0,domicilio,sí,8.0,no,hospital A,urgente,06/08/2024,si,distrito 4,sí
medicina interna,77.0,mujer,2.0,6.0,0.0,domicilio,sí,6.0,no,hospital E,urgente,12/02/2025,no,distrito 3,no
medicina interna,61.0,hombre,5.0,2.0,0.0,centro de media estancia,no,8.0,sí,hospital A,urgente,06/09/2025,no,distrito 2,sí
medicina interna,70.0,hombre,8.0,0.0,2.0,hospitalización a domicilio,no,1.0,no,hospital A,programado,02/12/2024,no,distrito 3,no
  traumatología ,56.0,mujer,22.0,6.0,0.0,domicilio,sí,1.0,no,hospital B,urgente,30/10/2024,no,distrito 1,no
digestivo,63.0,mujer,22.0,0.0,0.0,centro de media estancia,sí,19.0,no,hospital A,urgente,29/07/2024,no,distrito 3,no
medicina interna,78.0,mujer,6.0,1.0,1.0,domicilio,sí,7.0,no,hospital E,urgente,04/10/2024,no,distrito 9,no
neumología,71.0,mujer,7.0,5.0,1.0,domicilio,no,11.0,no,hospital F,urgente,11/04/2025,si,distrito 7,sí
cirugía general,57.0,hombre,-99.0,6.0,0.0,domicilio,sí,25.0,no,hospital F,programado,24/06/2024,no,distrito 3,no
cardiología,84.0,hombre,-99.0,1.0,2.0,centro de media estancia,sí,1.0,no,hospital F,urgente,29/10/2025,no,distrito 6,no
cirugía general,76.0,hombre,5.0,1.0,0.0,domicilio,sí,3.0,no,hospital E,urgente,02/11/2025,no,distrito 6,no
traumatología,100.0,mujer,10.0,4.0,8.0,domicilio,no,5.0,sí,hospital C,urgente,22/09/2025,si,distrito 4,no
cirugía general,64.0,hombre,10.0,2.0,0.0,domicilio,sí,3.0,no,hospital C,urgente,04/02/2025,no,distrito 4,sí
traumatologia,55.0,mujer,3.0,2.0,0.0,domicilio,sí,7.0,no,hospital B,urgente,07/09/2024,no,distrito 3,no
  cardiología ,95.0,hombre,2.0,12.0,2.0,domicilio,no,4.0,sí,hospital C,urgente,01/02/2025,si,distrito 1,no
MEDICINA INTERNA,43.0,mujer,3.0,5.0,0.0,domicilio,no,6.0,no,hospital C,urgente,03/11/2024,no,distrito 9,no
cirugía general,72.0,mujer,8.0,1.0,1.0,domicilio,no,1.0,no,hospital C,programado,06/06/2024,no,distrito 9,sí
cirugia general,68.0,mujer,6.0,1.0,0.0,domicilio,sí,11.0,no,hospital E,urgente,29/09/2024,no,distrito 9,sí
NEUMOLOGÍA,68.0,hombre,6.0,15.0,0.0,domicilio,sí,2.0,no,hospital F,urgente,21/08/2024,si,distrito 10,no
neumología,77.0,hombre,5.0,4.0,0.0,hospitalización a domicilio,sí,7.0,no,hospital C,programado,22/07/2024,no,distrito 9,no
cardiología,66.0,hombre,8.0,9.0,0.0,domicilio,sí,3.0,no,hospital E,programado,12/11/2024,no,distrito 10,sí
neumología,63.0,mujer,9.0,2.0,0.0,domicilio,sí,3.0,no,hospital A,programado,06/07/2024,no,distrito 1,no
digestivo,55.0,hombre,6.0,3.0,0.0,domicilio,sí,9.0,no,hospital C,urgente,19/09/2025,no,distrito 1,sí
cirugía general,62.0,mujer,-99.0,2.0,0.0,domicilio,no,2.0,no,hospital A,urgente,08/09/2024,no,distrito 6,sí
CARDIOLOGÍA,58.0,hombre,5.0,3.0,0.0,domicilio,no,1.0,no,hospital F,urgente,30/03/2025,no,distrito 1,no
  traumatología ,100.0,mujer,8.0,0.0,0.0,domicilio,sí,13.0,no,hospital C,urgente,21/09/2024,no,distrito 5,sí
cardiología,70.0,mujer,17.0,0.0,2.0,residencia,no,2.0,sí,hospital B,N/D,23/11/2024,no,distrito 8,sí
digestivo,27.0,mujer,25.0,8.0,0.0,centro de media estancia,no,12.0,no,hospital D,programado,12/06/2025,si,distrito 9,no
digestivo,58.0,hombre,3.0,4.0,1.0,hospitalización a domicilio,sí,5.0,no,hospital F,programado,23/06/2025,no,distrito 7,no
digestivo,73.0,mujer,1.0,3.0,1.0,domicilio,no,3.0,no,hospital C,urgente,12/10/2024,si,distrito 6,no
cardiología,71.0,hombre,2.0,8.0,0.0,domicilio,sí,0.0,no,hospital E,programado,07/07/2024,no,distrito 9,no
neumología,73.0,mujer,4.0,6.0,1.0,hospitalización a domicilio,no,3.0,no,hospital A,urgente,10/09/2024,no,distrito 8,sí
cardiología,66.0,mujer,10.0,15.0,3.0,domicilio,sí,4.0,no,hospital B,urgente,08/01/2025,si,distrito 4,sí
cirugía general,79.0,hombre,13.0,1.0,0.0,domicilio,no,1.0,sí,hospital E,urgente,28/07/2025,no,distrito 3,sí
NEUMOLOGÍA,34.0,hombre,12.0,9.0,1.0,domicilio,sí,3.0,no,hospital D,programado,30/05/2025,no,distrito 6,no
neumología,46.0,mujer,12.0,4.0,0.0,domicilio,sí,1.0,no,hospital D,programado,02/08/2024,no,distrito 8,no
MEDICINA INTERNA,51.0,hombre,9.0,0.0,0.0,domicilio,no,3.0,sí,hospital A,programado,30/05/2025,no,distrito 1,no
digestivo,45.0,hombre,1.0,9.0,2.0,domicilio,no,5.0,no,hospital C,programado,18/11/2025,si,distrito 8,sí
NEUMOLOGÍA,65.0,mujer,6.0,0.0,3.0,domicilio,sí,6.0,no,hospital F,urgente,03/11/2025,no,distrito 7,sí
traumatología,73.0,hombre,8.0,0.0,2.0,domicilio,sí,13.0,no,hospital A,urgente,03/06/2025,no,distrito 2,no
NEUMOLOGÍA,67.0,mujer,-99.0,0.0,1.0,domicilio,no,3.0,sí,hospital E,urgente,17/11/2024,no,distrito 4,no
cardiología,76.0,hombre,14.0,1.0,1.0,domicilio,sí,7.0,no,hospital E,urgente,19/07/2024,no,distrito 5,no
cirugía general,60.0,mujer,8.0,1.0,0.0,domicilio,sí,5.0,no,hospital B,urgente,27/08/2025,no,distrito 9,no
medicina interna,93.0,mujer,5.0,1.0,1.0,residencia,sí,4.0,no,hospital F,programado,01/11/2025,si,distrito 6,no
digestivo,62.0,mujer,2.0,0.0,0.0,domicilio,no,3.0,sí,hospital D,urgente,06/08/2025,no,distrito 5,no
digestivo,70.0,mujer,3.0,3.0,0.0,residencia,no,5.0,no,hospital D,urgente,02/08/2025,no,distrito 3,sí
medicina interna,91.0,mujer,16.0,10.0,1.0,centro de media estancia,no,2.0,no,hospital E,programado,13/08/2024,si,distrito 1,no
cirugía general,85.0,mujer,5.0,3.0,2.0,domicilio,no,6.0,sí,hospital F,urgente,21/08/2024,no,distrito 9,sí
cardiología,71.0,hombre,9.0,5.0,0.0,domicilio,sí,1.0,no,hospital A,programado,18/11/2024,si,distrito 2,sí
traumatología,76.0,mujer,9.0,4.0,0.0,domicilio,no,9.0,no,hospital E,urgente,21/12/2024,no,distrito 2,no
  medicina interna ,55.0,hombre,1.0,5.0,0.0,domicilio,sí,11.0,no,hospital E,urgente,18/11/2025,no,distrito 9,no
neumología,86.0,hombre,16.0,2.0,0.0,domicilio,no,3.0,no,hospital B,programado,16/10/2024,no,distrito 9,no
medicina interna,46.0,mujer,5.0,1.0,1.0,domicilio,sí,6.0,no,hospital A,urgente,19/10/2024,no,distrito 5,no
cirugía general,92.0,mujer,4.0,4.0,0.0,domicilio,sí,2.0,no,hospital F,programado,06/10/2025,no,distrito 3,no
medicina interna,69.0,hombre,4.0,5.0,0.0,domicilio,no,3.0,no,hospital B,programado,18/05/2025,no,distrito 4,no
cirugía general,72.0,mujer,2.0,8.0,0.0,domicilio,sí,11.0,no,hospital B,programado,05/01/2025,si,distrito 3,no
  neumología ,30.0,mujer,7.0,2.0,0.0,domicilio,sí,3.0,no,hospital A,N/D,03/06/2024,no,distrito 8,sí
cardiología,67.0,hombre,6.0,1.0,1.0,domicilio,sí,1.0,no,hospital A,urgente,03/09/2025,no,distrito 5,no
cirugia general,82.0,mujer,19.0,6.0,0.0,domicilio,no,2.0,sí,hospital B,urgente,11/08/2025,no,distrito 10,sí
CARDIOLOGÍA,41.0,hombre,6.0,3.0,0.0,domicilio,no,3.0,no,hospital E,urgente,11/02/2025,no,distrito 9,no
cardiología,72.0,mujer,22.0,5.0,0.0,domicilio,no,2.0,no,hospital A,programado,06/09/2025,no,distrito 1,no
neumología,57.0,hombre,3.0,4.0,0.0,residencia,sí,3.0,no,hospital B,urgente,11/04/2025,si,distrito 4,sí
cirugía general,76.0,mujer,9.0,5.0,0.0,domicilio,sí,1.0,no,hospital A,urgente,10/09/2024,no,distrito 10,no
traumatología,78.0,hombre,7.0,0.0,2.0,domicilio,sí,7.0,sí,hospital D,urgente,30/11/2024,no,distrito 8,no
  medicina interna ,28.0,hombre,15.0,3.0,2.0,domicilio,sí,3.0,no,hospital F,urgente,27/08/2024,si,distrito 6,no
  cardiología ,63.0,mujer,2.0,0.0,0.0,domicilio,sí,6.0,sí,hospital A,urgente,08/09/2024,no,distrito 3,no
traumatología,51.0,hombre,-99.0,0.0,1.0,domicilio,sí,11.0,no,hospital A,programado,18/07/2024,no,distrito 3,no
cardiología,45.0,hombre,5.0,7.0,0.0,hospitalización a domicilio,sí,8.0,no,hospital D,urgente,30/01/2025,no,distrito 9,no
neumología,60.0,hombre,13.0,3.0,1.0,domicilio,sí,3.0,no,hospital F,programado,09/03/2025,no,distrito 10,sí
cardiología,60.0,hombre,7.0,2.0,1.0,domicilio,sí,5.0,sí,hospital B,urgente,24/07/2024,no,distrito 7,sí
cardiología,23.0,hombre,18.0,3.0,0.0,domicilio,no,12.0,sí,hospital C,urgente,03/10/2025,no,distrito 2,no
cardiología,53.0,hombre,2.0,1.0,0.0,hospitalización a domicilio,no,10.0,no,hospital A,programado,13/10/2025,no,distrito 6,no
CARDIOLOGÍA,49.0,hombre,7.0,0.0,1.0,domicilio,sí,15.0,sí,hospital D,urgente,22/12/2024,no,distrito 2,no
neumología,73.0,hombre,6.0,2.0,0.0,domicilio,no,5.0,sí,hospital A,urgente,10/08/2024,no,distrito 6,sí
neumología,100.0,mujer,19.0,4.0,0.0,domicilio,no,4.0,no,hospital E,urgente,10/12/2024,no,distrito 7,no
  cirugía general ,65.0,hombre,5.0,0.0,0.0,centro de media estancia,sí,7.0,no,hospital C,urgente,14/07/2025,no,distrito 7,no
digestivo,57.0,hombre,-99.0,2.0,0.0,domicilio,sí,5.0,sí,hospital A,programado,08/07/2024,no,distrito 1,no
medicina interna,72.0,mujer,6.0,0.0,0.0,hospitalización a domicilio,sí,6.0,no,hospital B,urgente,13/11/2025,no,distrito 9,sí
medicina interna,58.0,hombre,21.0,2.0,0.0,domicilio,no,3.0,no,hospital E,programado,16/06/2025,no,distrito 3,no
cardiologia,72.0,mujer,12.0,0.0,0.0,domicilio,sí,7.0,no,hospital F,urgente,01/06/2024,no,distrito 4,no
NEUMOLOGÍA,75.0,hombre,4.0,0.0,0.0,domicilio,no,8.0,no,hospital C,N/D,06/11/2024,no,distrito 2,sí
medicina interna,88.0,hombre,3.0,0.0,0.0,domicilio,sí,1.0,no,hospital C,programado,14/06/2024,no,distrito 1,no
traumatología,74.0,hombre,14.0,0.0,0.0,domicilio,sí,8.0,no,hospital C,urgente,07/08/2025,no,distrito 1,sí
neumología,78.0,hombre,9.0,7.0,0.0,domicilio,no,1.0,no,hospital A,programado,20/01/2025,no,distrito 1,no
TRAUMATOLOGÍA,69.0,mujer,10.0,2.0,1.0,hospitalización a domicilio,no,9.0,no,hospital E,urgente,23/12/2024,no,distrito 10,no
traumatología,65.0,mujer,8.0,1.0,0.0,domicilio,sí,10.0,no,hospital E,urgente,05/12/2024,no,distrito 1,no
DIGESTIVO,62.0,hombre,6.0,2.0,1.0,residencia,sí,13.0,no,hospital E,programado,24/01/2025,si,distrito 1,sí
digestivo,76.0,mujer,1.0,1.0,0.0,hospitalización a domicilio,sí,3.0,sí,hospital D,programado,26/09/2025,no,distrito 4,no
digestivo,82.0,mujer,11.0,2.0,0.0,residencia,sí,1.0,no,hospital C,urgente,22/04/2025,no,distrito 3,no
medicina interna,85.0,hombre,4.0,5.0,0.0,residencia,no,6.0,no,hospital E,programado,25/08/2025,no,distrito 4,no
cardiología,61.0,hombre,9.0,1.0,0.0,domicilio,sí,4.0,no,hospital C,programado,17/11/2025,no,distrito 10,sí
cirugía general,54.0,mujer,2.0,1.0,0.0,domicilio,sí,0.0,no,hospital E,urgente,24/08/2024,no,distrito 10,sí
medicina interna,63.0,mujer,7.0,0.0,0.0,hospitalización a domicilio,sí,1.0,no,hospital A,urgente,16/11/2024,no,distrito 7,no
cirugía general,44.0,hombre,19.0,8.0,1.0,residencia,sí,3.0,no,hospital D,programado,11/12/2024,si,distrito 7,sí
medicina interna,72.0,mujer,7.0,1.0,1.0,domicilio,sí,2.0,sí,hospital B,urgente,07/08/2024,no,distrito 5,sí
cardiología,65.0,mujer,-99.0,3.0,0.0,domicilio,no,3.0,no,hospital A,programado,05/02/2025,si,distrito 2,sí
cardiología,62.0,mujer,6.0,1.0,0.0,domicilio,sí,0.0,no,hospital D,programado,31/08/2024,no,distrito 8,no
medicina interna,69.0,mujer,9.0,0.0,0.0,domicilio,sí,9.0,no,hospital E,programado,22/07/2025,si,distrito 6,sí
medicina interna,68.0,hombre,3.0,0.0,1.0,residencia,no,3.0,no,hospital A,programado,03/10/2024,no,distrito 8,no
digestivo,60.0,mujer,-99.0,3.0,0.0,domicilio,no,8.0,sí,hospital A,urgente,04/08/2025,no,distrito 7,sí
traumatología,63.0,hombre,-99.0,3.0,2.0,domicilio,sí,9.0,no,hospital A,urgente,14/02/2025,no,distrito 5,no
traumatología,62.0,hombre,-99.0,2.0,0.0,domicilio,no,14.0,no,hospital B,urgente,22/09/2025,no,distrito 1,sí
traumatología,60.0,mujer,4.0,2.0,0.0,domicilio,sí,5.0,sí,hospital C,programado,31/07/2025,si,distrito 4,no
medicina interna,77.0,hombre,9.0,3.0,3.0,domicilio,sí,5.0,no,hospital B,urgente,05/05/2025,no,distrito 3,no
cirugía general,59.0,hombre,3.0,9.0,0.0,domicilio,sí,1.0,sí,hospital E,urgente,04/06/2024,si,distrito 9,no
cirugía general,75.0,mujer,8.0,4.0,1.0,domicilio,no,2.0,no,hospital E,N/D,14/07/2024,no,distrito 2,sí
traumatología,63.0,mujer,12.0,3.0,0.0,centro de media estancia,no,0.0,no,hospital C,urgente,17/03/2025,no,distrito 1,no
medicina interna,87.0,hombre,9.0,0.0,0.0,domicilio,sí,1.0,sí,hospital B,urgente,12/09/2024,no,distrito 3,sí
cardiología,70.0,hombre,1.0,1.0,0.0,domicilio,sí,2.0,sí,hospital E,urgente,30/12/2024,no,distrito 6,sí
digestivo,90.0,hombre,6.0,3.0,1.0,domicilio,sí,7.0,no,hospital B,programado,04/08/2024,no,distrito 6,no
medicina interna,65.0,mujer,10.0,7.0,0.0,centro de media estancia,no,0.0,sí,hospital B,urgente,11/11/2024,si,distrito 7,no
cirugía general,31.0,hombre,8.0,1.0,1.0,domicilio,no,3.0,sí,hospital E,urgente,02/09/2025,no,distrito 2,sí
cardiología,92.0,hombre,4.0,3.0,4.0,domicilio,sí,9.0,no,hospital F,urgente,27/08/2024,no,distrito 10,sí
medicina interna,54.0,mujer,2.0,0.0,0.0,domicilio,sí,12.0,no,hospital B,urgente,05/12/2024,no,distrito 4,no
neumología,45.0,mujer,4.0,1.0,1.0,residencia,sí,8.0,no,hospital D,programado,16/08/2025,no,distrito 6,sí
CARDIOLOGÍA,54.0,hombre,2.0,0.0,0.0,domicilio,no,11.0,sí,hospital D,programado,29/09/2025,no,distrito 5,sí
cirugía general,70.0,hombre,-99.0,5.0,0.0,residencia,sí,3.0,no,hospital C,urgente,08/08/2024,si,distrito 10,sí
neumología,38.0,mujer,6.0,7.0,0.0,domicilio,no,9.0,no,hospital C,urgente,15/01/2025,no,distrito 2,sí
neumología,56.0,mujer,11.0,4.0,1.0,domicilio,sí,1.0,no,hospital F,urgente,03/03/2025,no,distrito 2,no
cardiología,56.0,hombre,9.0,0.0,0.0,residencia,no,3.0,no,hospital E,programado,10/11/2025,no,distrito 1,no
cardiología,56.0,mujer,11.0,2.0,0.0,domicilio,sí,1.0,sí,hospital E,urgente,18/09/2025,no,distrito 5,sí
cardiología,57.0,hombre,3.0,0.0,4.0,domicilio,no,8.0,no,hospital C,urgente,01/06/2025,no,distrito 9,no
digestivo,76.0,mujer,32.0,2.0,0.0,domicilio,no,1.0,sí,hospital C,programado,25/02/2025,no,distrito 9,no
medicina interna,87.0,mujer,1.0,5.0,1.0,domicilio,sí,0.0,no,hospital B,programado,17/12/2024,si,distrito 8,sí
medicina interna,75.0,mujer,14.0,2.0,0.0,domicilio,sí,4.0,no,hospital A,N/D,10/06/2024,no,distrito 10,no
neumología,54.0,mujer,3.0,10.0,4.0,residencia,no,3.0,no,hospital A,programado,12/07/2025,si,distrito 10,sí
digestivo,56.0,hombre,7.0,0.0,0.0,domicilio,sí,4.0,no,hospital A,programado,02/10/2025,no,distrito 2,no
traumatología,62.0,mujer,9.0,2.0,1.0,hospitalización a domicilio,sí,2.0,no,hospital E,urgente,18/09/2024,no,distrito 4,no
medicina interna,64.0,mujer,8.0,2.0,0.0,domicilio,sí,8.0,sí,hospital A,urgente,08/08/2024,no,distrito 3,sí
cardiología,81.0,hombre,17.0,1.0,0.0,centro de media estancia,sí,3.0,no,hospital E,urgente,10/08/2024,no,distrito 9,no
traumatología,50.0,mujer,6.0,3.0,0.0,hospitalización a domicilio,no,2.0,no,hospital E,programado,13/07/2025,no,distrito 9,sí
cardiología,44.0,hombre,8.0,1.0,0.0,hospitalización a domicilio,sí,4.0,no,hospital A,urgente,06/11/2025,no,distrito 5,no
cardiología,70.0,mujer,3.0,2.0,0.0,hospitalización a domicilio,sí,2.0,sí,hospital E,urgente,04/09/2024,no,distrito 7,no
cirugía general,98.0,hombre,1.0,2.0,0.0,domicilio,no,4.0,no,hospital C,programado,21/12/2024,no,distrito 10,sí
cirugía general,56.0,mujer,19.0,6.0,0.0,domicilio,sí,11.0,no,hospital F,programado,16/05/2025,no,distrito 6,sí
cirugia general,54.0,mujer,4.0,1.0,0.0,residencia,sí,5.0,no,hospital E,urgente,08/12/2024,no,distrito 10,sí
medicina interna,67.0,hombre,3.0,2.0,0.0,domicilio,sí,12.0,no,hospital F,programado,29/10/2024,no,distrito 4,no
cirugía general,64.0,mujer,2.0,6.0,0.0,domicilio,no,14.0,sí,hospital C,urgente,12/06/2024,no,distrito 2,sí
cardiologia,75.0,mujer,9.0,26.0,0.0,centro de media estancia,sí,9.0,no,hospital D,urgente,18/01/2025,si,distrito 10,no
medicina interna,63.0,mujer,5.0,2.0,0.0,domicilio,no,10.0,no,hospital E,urgente,12/10/2025,no,distrito 4,sí
medicina interna,55.0,mujer,13.0,0.0,0.0,domicilio,sí,4.0,no,hospital A,urgente,16/11/2024,no,distrito 9,no
cardiología,100.0,hombre,7.0,0.0,1.0,domicilio,sí,8.0,no,hospital C,programado,20/02/2025,no,distrito 9,sí
neumología,64.0,mujer,-99.0,2.0,0.0,residencia,no,2.0,no,hospital F,urgente,23/03/2025,si,distrito 6,no
neumología,59.0,mujer,-99.0,4.0,0.0,domicilio,sí,2.0,no,hospital E,programado,25/07/2025,no,distrito 5,no
medicina interna,45.0,hombre,13.0,1.0,1.0,domicilio,sí,3.0,no,hospital B,urgente,16/11/2024,no,distrito 1,no
medicina interna,70.0,mujer,2.0,3.0,1.0,domicilio,no,11.0,no,hospital C,urgente,14/04/2025,si,distrito 6,no
traumatologia,81.0,hombre,9.0,1.0,1.0,domicilio,no,12.0,no,hospital A,urgente,21/12/2024,no,distrito 9,sí
MEDICINA INTERNA,56.0,hombre,4.0,5.0,1.0,domicilio,no,2.0,no,hospital E,urgente,02/09/2024,si,distrito 2,no
  cardiología ,54.0,hombre,9.0,1.0,0.0,domicilio,sí,8.0,sí,hospital C,urgente,07/01/2025,no,distrito 6,no
cardiologia,75.0,mujer,1.0,1.0,1.0,domicilio,sí,6.0,no,hospital B,urgente,23/12/2024,no,distrito 1,no
cirugía general,67.0,mujer,7.0,3.0,0.0,domicilio,sí,15.0,sí,hospital C,urgente,31/01/2025,no,distrito 4,no
  cirugía general ,59.0,hombre,8.0,0.0,2.0,domicilio,sí,5.0,sí,hospital F,urgente,12/11/2024,no,distrito 8,sí
traumatología,63.0,hombre,7.0,4.0,2.0,domicilio,no,5.0,no,hospital B,programado,08/11/2025,no,distrito 4,no
medicina interna,75.0,mujer,2.0,9.0,0.0,domicilio,sí,6.0,sí,hospital F,urgente,20/06/2025,si,distrito 2,sí
  digestivo ,81.0,hombre,4.0,2.0,0.0,domicilio,no,8.0,no,hospital E,urgente,29/09/2025,si,distrito 2,no
digestivo,74.0,mujer,13.0,0.0,0.0,centro de media estancia,sí,15.0,no,hospital D,programado,10/10/2024,no,distrito 7,sí
medicina interna,79.0,hombre,3.0,2.0,1.0,domicilio,sí,5.0,sí,hospital B,urgente,09/12/2024,no,distrito 8,sí
traumatología,77.0,hombre,5.0,3.0,0.0,domicilio,sí,5.0,no,hospital E,urgente,31/01/2025,no,distrito 3,no
cirugía general,61.0,mujer,10.0,0.0,0.0,domicilio,no,2.0,no,hospital B,urgente,08/11/2025,no,distrito 2,sí
medicina interna,76.0,hombre,2.0,2.0,0.0,domicilio,no,3.0,no,hospital F,programado,05/07/2025,no,distrito 4,no
traumatología,93.0,hombre,4.0,0.0,0.0,domicilio,sí,0.0,no,hospital C,urgente,08/11/2025,no,distrito 5,sí
digestivo,54.0,mujer,-99.0,0.0,0.0,domicilio,sí,11.0,no,hospital B,urgente,03/09/2025,no,distrito 10,sí
cirugía general,64.0,mujer,4.0,3.0,0.0,domicilio,sí,5.0,no,hospital E,programado,11/07/2025,no,distrito 5,sí
medicina interna,100.0,hombre,7.0,2.0,1.0,centro de media estancia,sí,15.0,sí,hospital C,urgente,26/03/2025,no,distrito 5,no
cirugía general,79.0,hombre,6.0,3.0,0.0,domicilio,no,10.0,sí,hospital D,urgente,28/09/2024,no,distrito 3,no
traumatología,65.0,hombre,10.0,8.0,0.0,domicilio,sí,3.0,no,hospital D,urgente,02/11/2024,no,distrito 4,sí
digestivo,56.0,hombre,13.0,0.0,1.0,domicilio,no,1.0,sí,hospital C,N/D,18/11/2025,no,distrito 9,no
neumologia,68.0,mujer,12.0,0.0,0.0,domicilio,sí,3.0,no,hospital A,programado,11/01/2025,no,distrito 7,no
cirugía general,53.0,mujer,12.0,0.0,0.0,domicilio,no,22.0,sí,hospital F,urgente,22/10/2024,no,distrito 3,sí
digestivo,85.0,hombre,1.0,8.0,0.0,domicilio,sí,5.0,no,hospital B,programado,15/07/2025,no,distrito 3,no
  cirugía general ,59.0,mujer,11.0,2.0,1.0,domicilio,no,20.0,sí,hospital E,programado,20/04/2025,no,distrito 9,no
cirugía general,64.0,hombre,2.0,1.0,0.0,residencia,sí,4.0,sí,hospital A,programado,29/06/2025,no,distrito 8,sí
cirugía general,54.0,mujer,2.0,1.0,1.0,domicilio,sí,6.0,no,hospital B,urgente,12/07/2024,no,distrito 6,sí
neumología,44.0,hombre,6.0,0.0,0.0,domicilio,sí,7.0,no,hospital D,urgente,31/10/2025,no,distrito 5,no
digestivo,60.0,mujer,10.0,2.0,1.0,domicilio,sí,1.0,sí,hospital B,urgente,26/08/2024,no,distrito 6,no
digestivo,83.0,hombre,11.0,0.0,1.0,domicilio,sí,9.0,no,hospital E,urgente,18/09/2025,no,distrito 3,no
cirugia general,64.0,mujer,21.0,0.0,0.0,domicilio,sí,11.0,no,hospital F,urgente,27/05/2025,no,distrito 9,no
cardiología,98.0,mujer,5.0,0.0,0.0,domicilio,no,1.0,no,hospital D,urgente,20/09/2024,no,distrito 3,sí
CARDIOLOGÍA,54.0,mujer,3.0,0.0,2.0,residencia,sí,0.0,no,hospital F,urgente,06/08/2025,no,distrito 10,no
cirugía general,54.0,mujer,-99.0,5.0,0.0,domicilio,sí,11.0,no,hospital C,urgente,10/05/2025,si,distrito 9,no
CIRUGÍA GENERAL,67.0,mujer,-99.0,0.0,0.0,domicilio,no,6.0,no,hospital C,urgente,18/05/2025,no,distrito 5,sí
neumología,61.0,mujer,7.0,1.0,0.0,domicilio,sí,7.0,sí,hospital F,programado,29/07/2024,no,distrito 3,no
CARDIOLOGÍA,71.0,mujer,7.0,0.0,0.0,domicilio,no,3.0,no,hospital B,urgente,25/07/2025,si,distrito 6,no
digestivo,72.0,hombre,16.0,1.0,1.0,domicilio,no,3.0,no,hospital D,urgente,18/11/2025,no,distrito 6,sí
cardiología,39.0,mujer,6.0,3.0,0.0,domicilio,sí,10.0,no,hospital D,urgente,12/10/2025,no,distrito 6,no
medicina interna,89.0,mujer,11.0,1.0,2.0,residencia,sí,5.0,no,hospital C,urgente,02/09/2024,si,distrito 6,sí
medicina interna,82.0,mujer,4.0,10.0,1.0,hospitalización a domicilio,no,9.0,sí,hospital F,urgente,22/02/2025,si,distrito 1,sí
  neumología ,61.0,mujer,2.0,5.0,4.0,domicilio,sí,7.0,sí,hospital F,programado,07/10/2025,no,distrito 5,sí
neumología,73.0,hombre,5.0,0.0,0.0,domicilio,no,10.0,no,hospital C,programado,01/08/2024,no,distrito 6,no
medicina interna,64.0,hombre,5.0,0.0,0.0,domicilio,sí,7.0,no,hospital F,urgente,07/09/2025,no,distrito 5,sí
medicina interna,89.0,hombre,25.0,0.0,2.0,domicilio,no,7.0,sí,hospital E,urgente,25/09/2024,si,distrito 2,no
cirugía general,68.0,hombre,4.0,2.0,0.0,domicilio,sí,3.0,no,hospital A,urgente,10/11/2025,no,distrito 6,no
cirugia general,53.0,mujer,4.0,2.0,1.0,domicilio,sí,1.0,no,hospital D,urgente,12/05/2025,no,distrito 10,no
neumología,45.0,mujer,2.0,3.0,2.0,domicilio,no,6.0,no,hospital A,programado,16/06/2025,no,distrito 10,sí
CIRUGÍA GENERAL,71.0,hombre,7.0,2.0,0.0,domicilio,sí,8.0,sí,hospital C,urgente,28/10/2024,no,distrito 7,no
traumatología,64.0,mujer,2.0,1.0,0.0,domicilio,sí,8.0,sí,hospital D,programado,17/12/2024,no,distrito 10,no
neumología,78.0,mujer,9.0,3.0,1.0,domicilio,sí,5.0,no,hospital E,urgente,13/09/2025,no,distrito 5,sí
cardiología,48.0,hombre,7.0,2.0,0.0,domicilio,sí,3.0,no,hospital C,programado,29/04/2025,no,distrito 4,sí
digestivo,50.0,mujer,4.0,1.0,0.0,domicilio,sí,12.0,no,hospital E,programado,14/09/2024,no,distrito 5,no
neumología,74.0,mujer,20.0,2.0,2.0,domicilio,no,3.0,no,hospital D,urgente,12/08/2025,no,distrito 2,sí
medicina interna,88.0,mujer,8.0,3.0,4.0,domicilio,sí,6.0,no,hospital E,urgente,05/08/2025,si,distrito 9,no
cirugia general,54.0,mujer,5.0,0.0,0.0,domicilio,no,8.0,no,hospital E,urgente,13/10/2024,no,distrito 4,no
neumología,66.0,mujer,3.0,4.0,1.0,domicilio,sí,0.0,sí,hospital E,urgente,19/06/2024,no,distrito 9,no
  cirugía general ,64.0,mujer,6.0,1.0,0.0,residencia,no,0.0,no,hospital A,programado,13/07/2024,no,distrito 9,sí
cirugía general,68.0,hombre,8.0,0.0,2.0,domicilio,sí,6.0,no,hospital E,urgente,27/01/2025,no,distrito 7,sí
medicina interna,71.0,mujer,8.0,5.0,0.0,domicilio,sí,14.0,no,hospital A,programado,15/05/2025,si,distrito 6,no
MEDICINA INTERNA,81.0,hombre,5.0,0.0,1.0,domicilio,sí,4.0,no,hospital C,urgente,02/01/2025,si,distrito 8,no
traumatología,56.0,mujer,15.0,1.0,1.0,domicilio,sí,4.0,no,hospital D,programado,19/09/2024,no,distrito 7,no
traumatología,84.0,hombre,8.0,3.0,0.0,domicilio,sí,6.0,no,hospital D,urgente,20/01/2025,no,distrito 5,sí
traumatologia,84.0,hombre,10.0,4.0,0.0,residencia,sí,2.0,no,hospital B,urgente,24/05/2025,si,distrito 8,sí
cardiología,69.0,mujer,15.0,1.0,0.0,residencia,sí,6.0,no,hospital E,programado,30/10/2024,no,distrito 5,no
digestivo,68.0,hombre,4.0,2.0,0.0,domicilio,no,4.0,no,hospital E,urgente,26/05/2025,no,distrito 10,sí
traumatología,54.0,hombre,4.0,2.0,0.0,residencia,sí,9.0,no,hospital F,N/D,02/11/2025,no,distrito 4,sí
neumología,39.0,hombre,8.0,4.0,0.0,domicilio,no,7.0,sí,hospital A,urgente,09/09/2024,no,distrito 7,no
traumatologia,67.0,hombre,9.0,2.0,0.0,domicilio,no,6.0,no,hospital B,urgente,05/10/2025,no,distrito 5,no
traumatología,65.0,hombre,0.0,1.0,2.0,domicilio,sí,1.0,no,hospital F,programado,01/03/2025,no,distrito 3,sí
TRAUMATOLOGÍA,100.0,mujer,5.0,0.0,0.0,centro de media estancia,no,12.0,no,hospital C,urgente,29/03/2025,no,distrito 5,no
  cardiología ,71.0,hombre,27.0,7.0,0.0,domicilio,no,18.0,no,hospital E,urgente,16/12/2024,no,distrito 7,sí
MEDICINA INTERNA,60.0,hombre,2.0,3.0,0.0,domicilio,no,2.0,no,hospital B,urgente,25/07/2025,no,distrito 2,sí
medicina interna,68.0,hombre,8.0,0.0,1.0,domicilio,no,4.0,no,hospital F,urgente,15/07/2024,no,distrito 2,no
  cirugía general ,66.0,mujer,5.0,3.0,0.0,domicilio,sí,20.0,sí,hospital E,urgente,16/03/2025,no,distrito 6,no
cardiología,70.0,mujer,5.0,2.0,2.0,domicilio,sí,4.0,no,hospital F,urgente,29/07/2025,no,distrito 10,sí
medicina interna,38.0,hombre,3.0,0.0,0.0,domicilio,sí,11.0,no,hospital F,urgente,12/11/2024,no,distrito 9,no
  medicina interna ,76.0,hombre,10.0,0.0,0.0,hospitalización a domicilio,no,6.0,sí,hospital F,urgente,20/09/2025,no,distrito 9,sí
DIGESTIVO,59.0,hombre,5.0,2.0,0.0,domicilio,no,2.0,no,hospital B,urgente,27/06/2025,no,distrito 3,no
  medicina interna ,63.0,hombre,1.0,2.0,1.0,domicilio,no,6.0,no,hospital B,programado,19/02/2025,no,distrito 8,sí
  neumología ,60.0,mujer,3.0,1.0,0.0,domicilio,no,5.0,no,hospital C,urgente,28/01/2025,no,distrito 10,sí
cirugía general,76.0,hombre,3.0,1.0,0.0,domicilio,sí,5.0,no,hospital D,N/D,05/09/2025,no,distrito 5,no
medicina interna,65.0,mujer,9.0,6.0,0.0,domicilio,no,5.0,no,hospital B,urgente,10/01/2025,si,distrito 4,no
cirugía general,45.0,mujer,9.0,1.0,0.0,domicilio,sí,3.0,sí,hospital E,urgente,13/10/2024,no,distrito 8,sí
traumatología,60.0,mujer,11.0,1.0,2.0,domicilio,sí,3.0,sí,hospital B,programado,07/08/2024,no,distrito 7,no
  cardiología ,60.0,hombre,6.0,2.0,0.0,domicilio,sí,1.0,no,hospital C,urgente,23/10/2025,si,distrito 4,sí
cirugía general,63.0,hombre,14.0,0.0,0.0,domicilio,no,1.0,sí,hospital D,urgente,18/06/2024,no,distrito 9,no
cirugía general,40.0,hombre,6.0,0.0,0.0,domicilio,no,2.0,no,hospital B,urgente,08/11/2025,no,distrito 1,sí
neumología,59.0,mujer,2.0,2.0,0.0,domicilio,sí,6.0,no,hospital B,urgente,10/04/2025,no,distrito 2,no
neumología,76.0,hombre,2.0,3.0,0.0,residencia,sí,3.0,no,hospital F,programado,09/07/2025,no,distrito 6,sí
neumología,43.0,hombre,18.0,5.0,0.0,domicilio,no,0.0,no,hospital D,programado,05/03/2025,no,distrito 6,sí
cirugía general,96.0,hombre,6.0,3.0,1.0,domicilio,no,3.0,no,hospital B,urgente,12/09/2024,si,distrito 6,sí
medicina interna,73.0,hombre,-99.0,2.0,1.0,domicilio,sí,16.0,sí,hospital F,urgente,23/12/2024,no,distrito 1,sí
medicina interna,68.0,mujer,7.0,2.0,1.0,residencia,sí,1.0,sí,hospital B,N/D,12/02/2025,si,distrito 8,no
cardiología,25.0,hombre,21.0,0.0,0.0,residencia,sí,1.0,no,hospital A,urgente,01/07/2024,no,distrito 7,no
  cirugía general ,59.0,mujer,12.0,1.0,1.0,domicilio,sí,4.0,no,hospital A,urgente,01/07/2025,no,distrito 10,no
medicina interna,72.0,hombre,7.0,0.0,1.0,centro de media estancia,no,6.0,no,hospital C,urgente,06/10/2024,no,distrito 3,sí
medicina interna,47.0,hombre,4.0,0.0,0.0,hospitalización a domicilio,no,0.0,no,hospital A,programado,04/07/2025,no,distrito 9,no
cardiología,59.0,hombre,1.0,3.0,0.0,domicilio,no,1.0,sí,hospital C,programado,01/11/2024,no,distrito 6,no
medicina interna,56.0,hombre,6.0,0.0,0.0,hospitalización a domicilio,no,8.0,no,hospital E,N/D,08/10/2025,no,distrito 7,no
  neumología ,62.0,hombre,2.0,1.0,0.0,domicilio,no,16.0,no,hospital F,programado,09/04/2025,no,distrito 6,no
cardiología,47.0,mujer,5.0,1.0,0.0,domicilio,sí,1.0,no,hospital D,programado,11/09/2025,no,distrito 7,sí
neumología,69.0,mujer,10.0,8.0,1.0,domicilio,sí,2.0,no,hospital F,urgente,30/05/2025,si,distrito 10,sí
medicina interna,52.0,mujer,2.0,1.0,0.0,domicilio,no,6.0,no,hospital F,urgente,18/10/2024,no,distrito 4,no
neumología,93.0,mujer,-99.0,2.0,0.0,domicilio,no,9.0,sí,hospital A,urgente,21/01/2025,no,distrito 10,sí
  traumatología ,66.0,mujer,5.0,1.0,0.0,centro de media estancia,no,1.0,sí,hospital A,programado,01/08/2024,no,distrito 8,no
medicina interna,59.0,hombre,-99.0,7.0,0.0,domicilio,sí,1.0,no,hospital E,urgente,24/03/2025,no,distrito 2,sí
medicina interna,67.0,mujer,8.0,1.0,0.0,domicilio,sí,4.0,no,hospital B,urgente,19/10/2025,no,distrito 9,sí
neumología,74.0,hombre,-99.0,2.0,0.0,domicilio,no,2.0,no,hospital F,programado,01/04/2025,no,distrito 2,no
CIRUGÍA GENERAL,37.0,hombre,19.0,4.0,0.0,domicilio,no,6.0,no,hospital D,programado,07/06/2025,no,distrito 3,no
  digestivo ,55.0,mujer,3.0,7.0,2.0,domicilio,no,6.0,sí,hospital C,urgente,12/04/2025,no,distrito 2,no
  medicina interna ,62.0,mujer,6.0,4.0,0.0,domicilio,no,7.0,no,hospital B,urgente,18/06/2025,no,distrito 10,no
cirugía general,75.0,hombre,-99.0,0.0,1.0,domicilio,no,8.0,sí,hospital C,programado,05/08/2025,no,distrito 5,no
neumología,62.0,mujer,3.0,0.0,0.0,domicilio,sí,13.0,no,hospital B,urgente,23/02/2025,no,distrito 4,no
traumatología,69.0,hombre,-99.0,1.0,0.0,domicilio,sí,2.0,no,hospital E,urgente,29/06/2024,no,distrito 10,no
neumología,74.0,mujer,6.0,0.0,3.0,domicilio,no,13.0,sí,hospital B,urgente,01/02/2025,no,distrito 5,sí
medicina interna,68.0,mujer,4.0,1.0,0.0,domicilio,sí,13.0,no,hospital F,urgente,07/08/2024,no,distrito 6,no
neumologia,83.0,mujer,4.0,0.0,0.0,domicilio,no,8.0,no,hospital F,urgente,22/02/2025,no,distrito 7,no
traumatología,65.0,mujer,10.0,2.0,0.0,domicilio,sí,0.0,no,hospital C,urgente,30/11/2024,no,distrito 5,sí
traumatología,62.0,mujer,5.0,3.0,0.0,domicilio,sí,3.0,no,hospital E,urgente,16/12/2024,no,distrito 6,no
cirugía general,70.0,mujer,9.0,1.0,1.0,domicilio,sí,8.0,no,hospital D,urgente,23/08/2025,no,distrito 4,no
MEDICINA INTERNA,47.0,mujer,5.0,1.0,0.0,domicilio,no,5.0,no,hospital E,programado,06/06/2025,no,distrito 6,sí
cirugía general,74.0,mujer,13.0,2.0,0.0,domicilio,no,10.0,sí,hospital C,urgente,18/03/2025,no,distrito 8,no
medicina interna,61.0,hombre,3.0,2.0,0.0,centro de media estancia,sí,1.0,no,hospital D,programado,10/09/2024,si,distrito 2,no
cirugia general,76.0,mujer,1.0,4.0,0.0,domicilio,sí,6.0,no,hospital C,urgente,21/02/2025,no,distrito 4,sí
cirugía general,73.0,mujer,12.0,8.0,0.0,domicilio,sí,1.0,no,hospital B,programado,12/07/2024,no,distrito 1,no
neumología,71.0,hombre,8.0,1.0,1.0,domicilio,no,8.0,no,hospital D,urgente,23/08/2024,no,distrito 10,sí
medicina interna,68.0,hombre,8.0,2.0,1.0,domicilio,no,5.0,no,hospital D,urgente,24/10/2025,no,distrito 6,no
NEUMOLOGÍA,67.0,mujer,-99.0,0.0,0.0,domicilio,no,4.0,no,hospital E,urgente,06/01/2025,no,distrito 3,sí
MEDICINA INTERNA,38.0,mujer,4.0,12.0,0.0,domicilio,no,7.0,no,hospital F,programado,30/07/2024,no,distrito 7,sí
TRAUMATOLOGÍA,68.0,hombre,13.0,0.0,1.0,residencia,sí,5.0,no,hospital E,urgente,22/11/2025,no,distrito 10,no
cardiología,64.0,mujer,8.0,4.0,0.0,domicilio,sí,4.0,no,hospital E,urgente,28/02/2025,no,distrito 10,sí
medicina interna,84.0,hombre,3.0,2.0,0.0,domicilio,sí,3.0,no,hospital E,programado,22/08/2024,no,distrito 4,sí
  digestivo ,91.0,mujer,4.0,0.0,0.0,domicilio,no,5.0,no,hospital C,programado,22/06/2025,no,distrito 2,sí
neumología,30.0,mujer,5.0,4.0,1.0,domicilio,sí,11.0,sí,hospital A,urgente,28/10/2024,no,distrito 5,no
digestivo,55.0,hombre,14.0,5.0,0.0,domicilio,sí,6.0,no,hospital C,N/D,14/12/2024,no,distrito 8,sí
cirugía general,53.0,mujer,3.0,4.0,0.0,centro de media estancia,sí,17.0,sí,hospital F,urgente,18/03/2025,no,distrito 4,no
medicina interna,65.0,hombre,3.0,0.0,0.0,domicilio,no,5.0,no,hospital D,urgente,15/06/2024,no,distrito 6,no
traumatología,43.0,mujer,10.0,1.0,0.0,domicilio,no,3.0,no,hospital A,programado,05/09/2025,no,distrito 7,no
medicina interna,30.0,mujer,9.0,3.0,0.0,domicilio,sí,1.0,no,hospital E,programado,06/08/2024,no,distrito 9,no
CIRUGÍA GENERAL,74.0,hombre,4.0,6.0,1.0,centro de media estancia,sí,4.0,no,hospital A,programado,06/08/2025,no,distrito 10,no
medicina interna,68.0,mujer,15.0,6.0,2.0,domicilio,sí,4.0,sí,hospital B,urgente,27/07/2024,no,distrito 4,no
neumología,71.0,hombre,7.0,4.0,0.0,hospitalización a domicilio,sí,3.0,no,hospital F,urgente,22/02/2025,no,distrito 7,no
digestivo,71.0,hombre,11.0,2.0,2.0,domicilio,no,1.0,no,hospital E,programado,29/12/2024,no,distrito 5,no
digestivo,87.0,hombre,1.0,5.0,2.0,domicilio,sí,4.0,no,hospital E,programado,17/09/2024,no,distrito 2,sí
cardiología,71.0,mujer,23.0,11.0,0.0,domicilio,sí,10.0,no,hospital F,urgente,21/10/2025,no,distrito 9,no
cirugia general,63.0,hombre,22.0,0.0,1.0,domicilio,no,9.0,no,hospital C,urgente,03/08/2024,no,distrito 1,sí
cirugía general,48.0,hombre,5.0,1.0,0.0,domicilio,sí,2.0,no,hospital D,urgente,17/08/2024,no,distrito 8,sí
medicina interna,67.0,mujer,10.0,0.0,0.0,domicilio,sí,0.0,no,hospital F,urgente,06/07/2025,no,distrito 9,no
  cardiología ,37.0,hombre,1.0,1.0,0.0,domicilio,no,4.0,no,hospital B,urgente,31/10/2024,no,distrito 2,sí
medicina interna,64.0,mujer,13.0,0.0,1.0,domicilio,sí,6.0,sí,hospital C,urgente,11/07/2024,no,distrito 3,no
cardiología,77.0,mujer,1.0,4.0,1.0,domicilio,no,5.0,no,hospital E,urgente,08/04/2025,si,distrito 4,no
medicina interna,67.0,mujer,12.0,4.0,0.0,domicilio,sí,2.0,sí,hospital F,urgente,17/06/2024,si,distrito 5,sí
MEDICINA INTERNA,69.0,hombre,3.0,4.0,0.0,domicilio,sí,3.0,no,hospital B,urgente,18/01/2025,no,distrito 7,sí
neumología,83.0,mujer,10.0,0.0,0.0,domicilio,sí,4.0,no,hospital B,urgente,14/09/2024,no,distrito 1,no
traumatología,67.0,hombre,1.0,0.0,0.0,domicilio,no,2.0,no,hospital A,programado,11/08/2025,no,distrito 4,no
digestivo,59.0,mujer,10.0,1.0,0.0,domicilio,no,3.0,sí,hospital D,programado,27/07/2025,no,distrito 3,no
cirugía general,50.0,mujer,-99.0,4.0,0.0,domicilio,no,13.0,no,hospital D,programado,09/09/2025,si,distrito 1,sí
traumatologia,54.0,mujer,8.0,0.0,0.0,domicilio,sí,9.0,no,hospital F,urgente,24/09/2025,no,distrito 4,sí
neumología,68.0,hombre,23.0,1.0,0.0,domicilio,sí,9.0,no,hospital F,urgente,12/10/2025,no,distrito 9,sí
medicina interna,70.0,mujer,6.0,0.0,0.0,centro de media estancia,sí,3.0,no,hospital F,N/D,27/09/2025,no,distrito 4,no
  traumatología ,46.0,hombre,2.0,5.0,0.0,hospitalización a domicilio,sí,1.0,no,hospital C,programado,11/02/2025,no,distrito 10,no
digestivo,87.0,hombre,8.0,0.0,0.0,domicilio,no,17.0,no,hospital C,urgente,04/05/2025,no,distrito 7,sí
cirugía general,55.0,mujer,3.0,1.0,0.0,residencia,no,12.0,no,hospital C,urgente,03/09/2025,no,distrito 2,sí
cardiología,51.0,mujer,-99.0,1.0,0.0,domicilio,no,13.0,no,hospital B,urgente,20/07/2025,no,distrito 7,no
neumología,72.0,mujer,4.0,0.0,2.0,hospitalización a domicilio,sí,1.0,no,hospital B,urgente,23/02/2025,no,distrito 10,no
medicina interna,70.0,mujer,1.0,4.0,0.0,domicilio,sí,3.0,no,hospital D,programado,13/10/2025,no,distrito 1,sí
neumología,67.0,mujer,10.0,4.0,0.0,domicilio,sí,2.0,no,hospital C,urgente,27/08/2025,no,distrito 1,no
traumatología,69.0,mujer,12.0,1.0,0.0,domicilio,sí,2.0,no,hospital C,programado,13/05/2025,no,distrito 6,sí
medicina interna,95.0,mujer,18.0,0.0,0.0,residencia,no,9.0,sí,hospital C,programado,07/11/2024,no,distrito 4,no
cirugía general,77.0,hombre,15.0,2.0,0.0,domicilio,no,1.0,no,hospital D,urgente,28/06/2025,no,distrito 7,sí
cirugía general,60.0,hombre,6.0,3.0,2.0,domicilio,sí,7.0,sí,hospital D,urgente,19/11/2025,no,distrito 5,sí
traumatología,73.0,hombre,4.0,0.0,0.0,domicilio,sí,8.0,sí,hospital C,programado,16/09/2024,no,distrito 5,sí
traumatología,51.0,hombre,7.0,3.0,0.0,domicilio,no,6.0,sí,hospital B,urgente,18/12/2024,no,distrito 9,no
traumatología,54.0,hombre,5.0,8.0,1.0,domicilio,no,15.0,no,hospital B,urgente,20/12/2024,no,distrito 3,sí
cardiología,57.0,mujer,11.0,2.0,0.0,domicilio,sí,4.0,sí,hospital F,urgente,27/10/2025,si,distrito 2,no
traumatología,88.0,hombre,6.0,9.0,2.0,domicilio,sí,6.0,sí,hospital C,programado,27/01/2025,no,distrito 4,no
traumatología,74.0,mujer,16.0,5.0,0.0,domicilio,sí,3.0,no,hospital B,urgente,16/11/2024,no,distrito 6,sí
traumatología,82.0,mujer,2.0,4.0,2.0,domicilio,sí,9.0,no,hospital D,urgente,21/08/2025,no,distrito 7,sí
medicina interna,63.0,hombre,9.0,0.0,1.0,domicilio,no,6.0,no,hospital A,urgente,09/09/2025,no,distrito 6,sí
digestivo,34.0,hombre,13.0,4.0,0.0,centro de media estancia,no,4.0,no,hospital E,urgente,29/11/2024,no,distrito 1,sí
traumatología,30.0,hombre,14.0,0.0,0.0,domicilio,sí,3.0,sí,hospital D,urgente,13/09/2025,no,distrito 8,no
medicina interna,62.0,mujer,10.0,1.0,0.0,centro de media estancia,no,3.0,no,hospital B,urgente,31/01/2025,no,distrito 6,no
digestivo,64.0,hombre,1.0,1.0,0.0,domicilio,no,1.0,no,hospital A,urgente,13/08/2024,no,distrito 6,no
  medicina interna ,82.0,mujer,1.0,2.0,0.0,domicilio,sí,3.0,no,hospital F,programado,11/12/2024,no,distrito 1,no
medicina interna,97.0,mujer,9.0,5.0,2.0,domicilio,sí,5.0,no,hospital E,urgente,10/08/2025,si,distrito 8,no
digestivo,56.0,hombre,3.0,4.0,0.0,domicilio,no,11.0,no,hospital D,urgente,17/03/2025,no,distrito 8,sí
neumología,89.0,mujer,7.0,4.0,0.0,hospitalización a domicilio,no,0.0,sí,hospital C,urgente,16/06/2024,no,distrito 2,sí
digestivo,47.0,mujer,8.0,6.0,1.0,domicilio,sí,8.0,sí,hospital B,programado,14/08/2025,no,distrito 6,no
cardiología,71.0,mujer,2.0,5.0,0.0,domicilio,sí,4.0,sí,hospital F,urgente,16/03/2025,no,distrito 2,no
digestivo,83.0,hombre,8.0,1.0,0.0,domicilio,sí,2.0,no,hospital C,urgente,29/06/2025,no,distrito 2,no
cardiología,65.0,hombre,4.0,4.0,0.0,domicilio,no,1.0,no,hospital B,urgente,12/06/2024,no,distrito 4,no
cirugía general,65.0,mujer,-99.0,0.0,2.0,domicilio,no,9.0,no,hospital F,urgente,14/10/2025,no,distrito 1,no
digestivo,100.0,hombre,-99.0,4.0,1.0,centro de media estancia,sí,4.0,no,hospital A,programado,08/05/2025,si,distrito 5,sí
neumología,68.0,hombre,8.0,6.0,1.0,domicilio,sí,13.0,no,hospital A,urgente,30/11/2024,si,distrito 4,sí
  traumatología ,50.0,mujer,8.0,2.0,2.0,domicilio,sí,4.0,no,hospital D,programado,24/04/2025,no,distrito 7,no
cardiología,87.0,mujer,8.0,0.0,0.0,domicilio,sí,22.0,no,hospital D,urgente,17/08/2024,no,distrito 3,no
  cirugía general ,76.0,hombre,10.0,2.0,0.0,domicilio,sí,5.0,no,hospital F,programado,25/05/2025,no,distrito 1,no
cardiología,65.0,hombre,3.0,0.0,0.0,residencia,sí,5.0,sí,hospital F,urgente,25/01/2025,no,distrito 5,no
neumología,69.0,mujer,3.0,4.0,0.0,domicilio,no,6.0,no,hospital D,urgente,07/02/2025,no,distrito 4,sí
cirugía general,64.0,mujer,16.0,4.0,0.0,domicilio,no,5.0,no,hospital C,urgente,15/07/2025,no,distrito 7,no
cirugía general,65.0,mujer,10.0,3.0,0.0,domicilio,sí,3.0,no,hospital F,programado,05/08/2024,no,distrito 9,no
medicina interna,100.0,hombre,5.0,4.0,0.0,domicilio,sí,17.0,sí,hospital E,urgente,26/07/2024,si,distrito 3,sí
neumología,81.0,mujer,5.0,1.0,6.0,residencia,no,1.0,no,hospital F,programado,13/09/2025,no,distrito 2,no
medicina interna,55.0,mujer,3.0,1.0,0.0,residencia,sí,5.0,no,hospital E,urgente,10/11/2024,no,distrito 9,no
neumologia,70.0,hombre,4.0,4.0,0.0,domicilio,no,11.0,no,hospital E,urgente,31/01/2025,si,distrito 3,no
digestivo,75.0,hombre,6.0,3.0,1.0,domicilio,sí,12.0,sí,hospital A,urgente,11/06/2024,si,distrito 9,no
traumatología,70.0,mujer,5.0,1.0,0.0,domicilio,no,16.0,no,hospital D,N/D,06/04/2025,no,distrito 3,no
cardiología,81.0,mujer,6.0,4.0,0.0,domicilio,no,1.0,sí,hospital C,programado,14/05/2025,no,distrito 9,no
neumología,68.0,mujer,6.0,1.0,0.0,domicilio,sí,13.0,no,hospital B,urgente,14/11/2024,no,distrito 6,no
cirugía general,83.0,mujer,-99.0,3.0,0.0,residencia,no,10.0,no,hospital F,urgente,17/09/2024,si,distrito 7,no
cardiología,82.0,mujer,16.0,0.0,0.0,domicilio,no,4.0,sí,hospital B,N/D,04/06/2025,no,distrito 3,no
  medicina interna ,60.0,hombre,7.0,2.0,1.0,centro de media estancia,no,2.0,no,hospital A,urgente,11/03/2025,si,distrito 3,sí
medicina interna,55.0,hombre,8.0,1.0,2.0,residencia,sí,3.0,no,hospital F,programado,13/03/2025,no,distrito 3,no
neumología,58.0,hombre,12.0,2.0,0.0,domicilio,sí,1.0,sí,hospital E,urgente,31/07/2025,no,distrito 7,sí
  neumología ,71.0,hombre,3.0,2.0,0.0,residencia,no,4.0,no,hospital D,programado,12/08/2024,no,distrito 4,no
  traumatología ,43.0,mujer,7.0,2.0,0.0,domicilio,sí,6.0,no,hospital B,programado,06/08/2025,no,distrito 3,no
MEDICINA INTERNA,83.0,hombre,24.0,0.0,0.0,domicilio,sí,8.0,no,hospital F,urgente,09/08/2024,no,distrito 6,sí
TRAUMATOLOGÍA,59.0,mujer,4.0,0.0,0.0,domicilio,no,2.0,no,hospital F,urgente,15/11/2025,no,distrito 6,no
cardiología,67.0,mujer,11.0,1.0,2.0,domicilio,no,4.0,no,hospital B,programado,05/10/2025,no,distrito 9,sí
cirugia general,42.0,mujer,-99.0,7.0,0.0,domicilio,no,2.0,sí,hospital B,programado,20/08/2025,no,distrito 8,sí
digestivo,48.0,hombre,2.0,5.0,0.0,domicilio,sí,5.0,sí,hospital F,urgente,26/09/2024,no,distrito 8,no
cirugía general,47.0,hombre,13.0,2.0,0.0,domicilio,no,10.0,no,hospital B,urgente,08/01/2025,no,distrito 5,sí
medicina interna,57.0,hombre,3.0,5.0,0.0,domicilio,sí,1.0,sí,hospital C,urgente,29/03/2025,si,distrito 2,sí
neumología,86.0,hombre,1.0,6.0,2.0,residencia,no,2.0,no,hospital F,urgente,04/09/2025,si,distrito 4,no
cardiologia,69.0,mujer,4.0,2.0,0.0,domicilio,sí,1.0,no,hospital A,urgente,22/03/2025,no,distrito 10,no
medicina interna,66.0,mujer,4.0,1.0,3.0,domicilio,sí,10.0,no,hospital E,urgente,07/09/2024,no,distrito 3,no
cirugía general,52.0,hombre,1.0,4.0,1.0,domicilio,sí,6.0,no,hospital C,programado,29/06/2024,no,distrito 9,no
cirugía general,72.0,hombre,2.0,1.0,5.0,domicilio,no,5.0,no,hospital E,programado,21/04/2025,no,distrito 5,no
medicina interna,27.0,mujer,7.0,1.0,0.0,domicilio,sí,8.0,no,hospital E,urgente,11/07/2025,no,distrito 4,sí
digestivo,34.0,mujer,6.0,2.0,1.0,domicilio,sí,0.0,no,hospital F,urgente,08/07/2024,no,distrito 10,no
MEDICINA INTERNA,75.0,mujer,7.0,0.0,1.0,domicilio,no,7.0,sí,hospital A,urgente,19/07/2025,no,distrito 7,sí
medicina interna,77.0,hombre,5.0,2.0,0.0,domicilio,sí,8.0,no,hospital A,urgente,30/09/2025,no,distrito 9,sí
medicina interna,77.0,hombre,9.0,3.0,0.0,domicilio,sí,1.0,no,hospital F,urgente,06/08/2024,si,distrito 5,sí
  neumología ,45.0,hombre,13.0,2.0,0.0,domicilio,sí,2.0,no,hospital E,urgente,30/07/2024,no,distrito 9,no
cardiología,51.0,hombre,3.0,0.0,0.0,domicilio,sí,7.0,no,hospital B,programado,16/01/2025,no,distrito 1,no
cirugía general,57.0,mujer,8.0,2.0,0.0,domicilio,sí,5.0,no,hospital C,programado,13/10/2024,no,distrito 8,sí
digestivo,98.0,hombre,10.0,2.0,0.0,residencia,sí,5.0,no,hospital C,urgente,15/12/2024,no,distrito 1,no
cirugía general,62.0,hombre,8.0,0.0,0.0,domicilio,sí,4.0,no,hospital E,programado,16/11/2025,no,distrito 3,no
TRAUMATOLOGÍA,100.0,mujer,7.0,0.0,1.0,residencia,sí,3.0,no,hospital F,urgente,28/07/2024,no,distrito 1,sí
medicina interna,78.0,mujer,9.0,3.0,1.0,domicilio,sí,1.0,no,hospital B,urgente,29/09/2024,no,distrito 2,no
medicina interna,73.0,hombre,5.0,2.0,0.0,domicilio,no,2.0,no,hospital A,urgente,18/08/2025,no,distrito 8,sí
neumología,88.0,mujer,12.0,0.0,0.0,residencia,no,3.0,sí,hospital B,N/D,11/09/2024,no,distrito 2,sí
cardiología,64.0,mujer,7.0,1.0,0.0,domicilio,no,4.0,no,hospital F,urgente,08/06/2025,no,distrito 2,no
neumología,60.0,mujer,11.0,1.0,0.0,centro de media estancia,no,0.0,sí,hospital F,N/D,02/06/2025,si,distrito 3,no
cardiología,72.0,hombre,14.0,1.0,0.0,domicilio,sí,11.0,no,hospital B,programado,21/07/2024,no,distrito 1,sí
traumatología,53.0,mujer,2.0,0.0,0.0,domicilio,no,2.0,no,hospital E,programado,30/07/2025,no,distrito 5,no
neumología,69.0,hombre,3.0,0.0,0.0,domicilio,sí,15.0,no,hospital F,urgente,26/05/2025,no,distrito 4,sí
neumologia,42.0,mujer,8.0,3.0,0.0,domicilio,no,6.0,no,hospital E,programado,22/09/2024,si,distrito 4,sí
medicina interna,74.0,hombre,7.0,0.0,0.0,domicilio,no,4.0,no,hospital F,urgente,23/07/2024,no,distrito 8,sí
neumología,76.0,mujer,3.0,2.0,0.0,domicilio,no,0.0,sí,hospital B,programado,02/07/2024,no,distrito 2,no
cardiología,80.0,hombre,3.0,3.0,0.0,domicilio,sí,2.0,no,hospital F,urgente,05/09/2024,no,distrito 9,no
cirugía general,95.0,hombre,1.0,0.0,1.0,domicilio,sí,2.0,sí,hospital C,urgente,17/05/2025,no,distrito 7,no
medicina interna,64.0,hombre,6.0,2.0,0.0,domicilio,sí,1.0,no,hospital F,urgente,13/11/2025,no,distrito 4,sí
cardiologia,69.0,mujer,7.0,0.0,2.0,domicilio,no,2.0,no,hospital B,urgente,30/12/2024,no,distrito 7,sí
cirugía general,75.0,hombre,10.0,6.0,1.0,hospitalización a domicilio,sí,7.0,no,hospital C,urgente,10/09/2024,si,distrito 3,no
cirugía general,36.0,hombre,14.0,3.0,4.0,domicilio,no,8.0,sí,hospital A,urgente,11/02/2025,no,distrito 9,sí
neumología,56.0,hombre,4.0,2.0,0.0,hospitalización a domicilio,no,2.0,no,hospital B,N/D,02/08/2024,no,distrito 5,no
digestivo,80.0,mujer,5.0,1.0,0.0,domicilio,sí,10.0,sí,hospital C,programado,09/09/2025,no,distrito 5,no
medicina interna,80.0,mujer,4.0,4.0,1.0,domicilio,sí,10.0,no,hospital D,urgente,02/06/2025,no,distrito 1,no
neumología,42.0,hombre,5.0,0.0,0.0,domicilio,no,7.0,no,hospital C,urgente,17/02/2025,no,distrito 1,no
cardiología,87.0,mujer,26.0,3.0,0.0,domicilio,sí,4.0,no,hospital F,programado,26/01/2025,si,distrito 6,no
cirugía general,77.0,hombre,19.0,4.0,0.0,domicilio,no,8.0,no,hospital D,programado,05/12/2024,no,distrito 10,no
cirugía general,71.0,hombre,2.0,2.0,0.0,domicilio,sí,17.0,no,hospital E,urgente,13/06/2024,no,distrito 10,no
digestivo,99.0,hombre,3.0,4.0,0.0,residencia,no,11.0,no,hospital A,urgente,01/08/2025,si,distrito 9,no
TRAUMATOLOGÍA,73.0,mujer,-99.0,0.0,0.0,domicilio,no,7.0,no,hospital C,programado,03/07/2024,no,distrito 10,sí
traumatología,46.0,hombre,2.0,0.0,0.0,domicilio,sí,0.0,no,hospital E,urgente,30/08/2025,no,distrito 6,no
neumología,41.0,mujer,2.0,3.0,2.0,centro de media estancia,sí,4.0,sí,hospital A,urgente,30/12/2024,no,distrito 6,no
cirugía general,45.0,hombre,-99.0,13.0,0.0,domicilio,sí,7.0,sí,hospital D,urgente,01/07/2025,no,distrito 6,no
cirugía general,47.0,mujer,8.0,0.0,0.0,hospitalización a domicilio,sí,3.0,no,hospital A,programado,16/07/2025,no,distrito 8,no
digestivo,100.0,mujer,10.0,0.0,0.0,domicilio,no,4.0,sí,hospital D,urgente,01/11/2024,no,distrito 4,no
cirugía general,58.0,mujer,10.0,1.0,0.0,domicilio,no,6.0,sí,hospital E,programado,25/11/2024,no,distrito 9,no
digestivo,60.0,mujer,16.0,0.0,0.0,domicilio,sí,1.0,no,hospital C,urgente,18/11/2025,no,distrito 1,sí
cardiología,72.0,hombre,7.0,1.0,0.0,domicilio,sí,1.0,no,hospital F,urgente,16/08/2024,no,distrito 5,no
  neumología ,73.0,mujer,14.0,3.0,3.0,domicilio,sí,8.0,no,hospital C,urgente,29/09/2025,no,distrito 3,no
cirugía general,84.0,mujer,15.0,4.0,0.0,domicilio,sí,5.0,no,hospital C,urgente,28/09/2025,no,distrito 1,no
MEDICINA INTERNA,100.0,hombre,10.0,2.0,3.0,domicilio,no,3.0,no,hospital C,urgente,02/09/2025,no,distrito 6,no
cirugía general,24.0,mujer,11.0,0.0,0.0,domicilio,no,6.0,no,hospital A,programado,23/12/2024,no,distrito 4,sí
traumatologia,57.0,mujer,12.0,1.0,0.0,domicilio,no,6.0,no,hospital D,programado,21/03/2025,no,distrito 1,sí
digestivo,65.0,hombre,2.0,5.0,1.0,domicilio,no,5.0,sí,hospital D,programado,23/04/2025,si,distrito 8,no
cardiología,67.0,mujer,4.0,3.0,3.0,domicilio,sí,7.0,no,hospital D,urgente,04/06/2024,no,distrito 7,sí
CARDIOLOGÍA,47.0,mujer,10.0,0.0,0.0,domicilio,sí,2.0,sí,hospital D,programado,10/12/2024,no,distrito 2,no
MEDICINA INTERNA,57.0,mujer,5.0,1.0,0.0,residencia,sí,5.0,no,hospital B,programado,23/03/2025,no,distrito 2,no
traumatología,75.0,mujer,3.0,1.0,0.0,domicilio,sí,2.0,no,hospital A,urgente,26/04/2025,no,distrito 4,no
medicina interna,78.0,mujer,7.0,1.0,0.0,domicilio,no,7.0,no,hospital F,urgente,07/08/2025,no,distrito 1,sí
cardiología,92.0,hombre,13.0,12.0,0.0,domicilio,no,4.0,sí,hospital A,urgente,27/11/2024,si,distrito 6,no
  traumatología ,70.0,mujer,8.0,0.0,1.0,domicilio,no,2.0,no,hospital B,urgente,05/05/2025,no,distrito 2,sí
cardiología,75.0,hombre,14.0,12.0,0.0,domicilio,sí,4.0,sí,hospital A,urgente,29/09/2024,si,distrito 6,sí
  cirugía general ,72.0,hombre,7.0,2.0,0.0,domicilio,sí,5.0,no,hospital B,programado,22/06/2024,no,distrito 3,no
cardiologia,100.0,hombre,6.0,0.0,0.0,domicilio,sí,2.0,no,hospital A,urgente,05/06/2025,no,distrito 8,no
traumatología,59.0,hombre,7.0,3.0,0.0,domicilio,no,1.0,no,hospital F,urgente,25/05/2025,si,distrito 1,no
cirugía general,98.0,mujer,13.0,3.0,0.0,hospitalización a domicilio,sí,2.0,no,hospital D,urgente,08/08/2024,si,distrito 6,no
cardiología,88.0,mujer,8.0,5.0,0.0,domicilio,sí,8.0,no,hospital E,programado,26/09/2024,no,distrito 2,sí
cirugía general,75.0,mujer,6.0,1.0,1.0,domicilio,no,2.0,no,hospital F,urgente,13/12/2024,no,distrito 9,no
  medicina interna ,64.0,mujer,3.0,4.0,0.0,domicilio,sí,21.0,no,hospital F,programado,11/10/2024,no,distrito 7,no
neumología,73.0,hombre,10.0,1.0,0.0,domicilio,sí,4.0,no,hospital D,urgente,07/08/2025,no,distrito 10,no
cardiología,65.0,hombre,12.0,1.0,1.0,domicilio,no,8.0,no,hospital D,urgente,03/09/2024,no,distrito 9,no
medicina interna,63.0,hombre,13.0,2.0,2.0,residencia,sí,8.0,sí,hospital F,urgente,11/07/2025,no,distrito 5,no
cirugía general,84.0,hombre,11.0,1.0,0.0,domicilio,no,5.0,sí,hospital C,programado,20/06/2025,no,distrito 3,sí
  medicina interna ,45.0,hombre,13.0,0.0,2.0,domicilio,no,3.0,no,hospital B,urgente,10/11/2025,no,distrito 8,no
TRAUMATOLOGÍA,55.0,hombre,5.0,3.0,0.0,centro de media estancia,no,4.0,no,hospital C,urgente,29/06/2025,no,distrito 5,sí
medicina interna,96.0,hombre,5.0,1.0,0.0,domicilio,sí,3.0,no,hospital D,programado,05/11/2024,no,distrito 9,sí
medicina interna,58.0,hombre,7.0,1.0,0.0,domicilio,sí,16.0,no,hospital D,urgente,11/07/2024,no,distrito 4,no
  medicina interna ,76.0,hombre,2.0,1.0,0.0,hospitalización a domicilio,sí,0.0,no,hospital F,urgente,12/06/2025,no,distrito 2,sí
digestivo,56.0,mujer,10.0,1.0,2.0,domicilio,no,0.0,sí,hospital F,urgente,06/11/2025,no,distrito 4,no
digestivo,73.0,hombre,6.0,3.0,0.0,residencia,sí,7.0,no,hospital E,urgente,07/01/2025,no,distrito 10,no
medicina interna,39.0,mujer,1.0,2.0,0.0,domicilio,sí,6.0,no,hospital B,urgente,25/09/2024,no,distrito 1,no
cardiología,47.0,hombre,9.0,1.0,0.0,domicilio,sí,7.0,no,hospital B,programado,23/06/2024,no,distrito 8,sí
neumología,90.0,hombre,5.0,0.0,0.0,domicilio,sí,2.0,sí,hospital C,urgente,26/02/2025,no,distrito 1,no
traumatología,75.0,hombre,5.0,0.0,1.0,domicilio,sí,10.0,no,hospital E,urgente,24/12/2024,no,distrito 10,no
  cardiología ,49.0,hombre,8.0,4.0,0.0,domicilio,no,3.0,no,hospital F,programado,07/09/2025,no,distrito 6,sí
  traumatología ,68.0,mujer,11.0,0.0,0.0,domicilio,no,2.0,no,hospital F,urgente,30/11/2024,si,distrito 1,sí
neumología,55.0,mujer,6.0,0.0,1.0,domicilio,no,9.0,sí,hospital F,urgente,28/10/2024,no,distrito 9,no
cardiología,73.0,hombre,9.0,2.0,0.0,domicilio,sí,14.0,no,hospital A,urgente,16/12/2024,no,distrito 2,no
medicina interna,38.0,hombre,11.0,3.0,1.0,domicilio,sí,4.0,no,hospital F,programado,18/08/2025,no,distrito 9,no
medicina interna,65.0,hombre,7.0,0.0,1.0,domicilio,sí,6.0,no,hospital D,programado,01/11/2025,no,distrito 6,no
  cirugía general ,91.0,hombre,17.0,1.0,0.0,domicilio,no,2.0,sí,hospital E,N/D,17/06/2025,no,distrito 9,sí
digestivo,82.0,mujer,7.0,1.0,0.0,domicilio,sí,6.0,no,hospital E,urgente,11/10/2025,no,distrito 8,sí
traumatología,68.0,hombre,7.0,0.0,1.0,residencia,sí,7.0,sí,hospital F,programado,25/02/2025,no,distrito 7,sí
  traumatología ,97.0,hombre,10.0,2.0,1.0,domicilio,sí,9.0,no,hospital F,urgente,03/09/2025,si,distrito 2,sí
CIRUGÍA GENERAL,98.0,hombre,22.0,1.0,0.0,domicilio,sí,9.0,sí,hospital B,urgente,27/05/2025,no,distrito 9,sí
TRAUMATOLOGÍA,67.0,mujer,-99.0,2.0,0.0,domicilio,no,7.0,sí,hospital A,programado,26/06/2025,no,distrito 8,no
MEDICINA INTERNA,58.0,hombre,10.0,2.0,0.0,hospitalización a domicilio,no,1.0,no,hospital A,N/D,04/10/2025,no,distrito 3,no
medicina interna,76.0,hombre,13.0,1.0,0.0,domicilio,no,1.0,no,hospital F,urgente,09/03/2025,no,distrito 5,no
medicina interna,74.0,mujer,9.0,6.0,3.0,centro de media estancia,sí,12.0,no,hospital F,urgente,05/08/2024,no,distrito 4,no
MEDICINA INTERNA,85.0,mujer,7.0,18.0,0.0,residencia,sí,7.0,sí,hospital C,N/D,04/08/2025,si,distrito 10,sí
NEUMOLOGÍA,54.0,mujer,7.0,1.0,0.0,centro de media estancia,sí,3.0,sí,hospital D,N/D,13/10/2024,no,distrito 5,no
cardiología,98.0,hombre,10.0,3.0,0.0,domicilio,no,12.0,sí,hospital E,programado,09/03/2025,no,distrito 5,sí
digestivo,76.0,hombre,8.0,3.0,0.0,domicilio,sí,5.0,sí,hospital D,urgente,11/08/2025,no,distrito 7,no
  medicina interna ,69.0,hombre,11.0,0.0,5.0,domicilio,no,6.0,no,hospital A,programado,18/08/2025,no,distrito 5,no
cardiología,99.0,hombre,7.0,0.0,0.0,domicilio,sí,3.0,no,hospital E,urgente,14/04/2025,no,distrito 2,no
cirugía general,66.0,mujer,11.0,1.0,2.0,domicilio,sí,3.0,sí,hospital B,urgente,21/08/2024,no,distrito 1,no
TRAUMATOLOGÍA,40.0,mujer,6.0,0.0,4.0,residencia,sí,0.0,no,hospital C,programado,02/11/2025,no,distrito 4,sí
medicina interna,63.0,mujer,4.0,5.0,0.0,domicilio,sí,6.0,no,hospital C,programado,19/11/2025,no,distrito 6,no
digestivo,72.0,hombre,-99.0,7.0,1.0,domicilio,no,7.0,sí,hospital B,urgente,08/07/2025,si,distrito 1,no
  traumatología ,53.0,hombre,1.0,3.0,2.0,domicilio,sí,16.0,sí,hospital F,urgente,09/09/2024,no,distrito 3,sí
traumatología,82.0,hombre,4.0,1.0,0.0,domicilio,sí,7.0,no,hospital A,urgente,22/02/2025,no,distrito 2,sí
cirugía general,100.0,mujer,0.0,10.0,1.0,domicilio,sí,9.0,no,hospital B,urgente,24/10/2025,no,distrito 9,sí
digestivo,76.0,hombre,10.0,10.0,2.0,hospitalización a domicilio,no,7.0,no,hospital D,urgente,26/04/2025,si,distrito 4,sí
traumatología,58.0,hombre,13.0,7.0,0.0,domicilio,no,7.0,sí,hospital A,programado,18/10/2025,no,distrito 9,no
DIGESTIVO,72.0,hombre,7.0,14.0,0.0,domicilio,sí,9.0,sí,hospital C,urgente,10/10/2024,no,distrito 7,sí
cirugía general,50.0,hombre,3.0,6.0,0.0,domicilio,no,4.0,no,hospital B,urgente,22/06/2025,no,distrito 7,no
  traumatología ,60.0,mujer,6.0,11.0,1.0,domicilio,sí,1.0,no,hospital B,urgente,10/06/2024,si,distrito 10,no
neumología,94.0,hombre,2.0,0.0,0.0,domicilio,sí,0.0,no,hospital D,urgente,07/01/2025,no,distrito 3,no
neumología,34.0,mujer,2.0,7.0,0.0,hospitalización a domicilio,no,14.0,no,hospital C,urgente,03/04/2025,si,distrito 1,sí
  medicina interna ,58.0,hombre,8.0,1.0,0.0,domicilio,no,1.0,no,hospital F,urgente,25/07/2025,no,distrito 8,no
cardiología,47.0,hombre,14.0,4.0,0.0,domicilio,sí,11.0,no,hospital E,programado,30/08/2025,no,distrito 2,sí
medicina interna,45.0,hombre,8.0,0.0,0.0,residencia,sí,6.0,no,hospital B,urgente,20/11/2025,no,distrito 6,sí
CIRUGÍA GENERAL,82.0,hombre,2.0,0.0,0.0,domicilio,sí,9.0,no,hospital F,urgente,30/10/2024,no,distrito 5,sí
cardiología,53.0,mujer,6.0,2.0,1.0,centro de media estancia,sí,5.0,no,hospital D,urgente,23/11/2024,no,distrito 7,sí
cardiología,81.0,mujer,6.0,2.0,1.0,domicilio,sí,8.0,sí,hospital C,urgente,03/06/2024,no,distrito 2,sí
neumología,54.0,hombre,1.0,9.0,0.0,domicilio,no,4.0,no,hospital B,urgente,22/06/2025,no,distrito 2,sí
medicina interna,53.0,mujer,16.0,2.0,0.0,domicilio,sí,6.0,no,hospital D,programado,08/03/2025,no,distrito 5,no
traumatologia,70.0,mujer,10.0,3.0,0.0,domicilio,sí,8.0,no,hospital E,urgente,02/06/2025,no,distrito 9,sí
TRAUMATOLOGÍA,70.0,mujer,6.0,2.0,0.0,domicilio,no,4.0,no,hospital F,programado,17/05/2025,no,distrito 10,no
cirugía general,93.0,mujer,12.0,1.0,0.0,domicilio,sí,10.0,no,hospital F,urgente,17/06/2025,no,distrito 9,no
cirugía general,80.0,mujer,5.0,4.0,0.0,residencia,sí,3.0,sí,hospital F,urgente,16/08/2025,no,distrito 8,no
medicina interna,27.0,mujer,2.0,0.0,0.0,domicilio,sí,17.0,no,hospital C,urgente,24/07/2024,no,distrito 9,no
medicina interna,54.0,mujer,10.0,2.0,1.0,domicilio,no,3.0,sí,hospital A,programado,07/08/2024,no,distrito 4,sí
cirugia general,90.0,hombre,2.0,0.0,0.0,domicilio,no,3.0,sí,hospital B,urgente,06/08/2025,no,distrito 8,no
cirugia general,69.0,hombre,9.0,0.0,0.0,domicilio,no,8.0,sí,hospital B,urgente,17/09/2024,no,distrito 1,no
  traumatología ,45.0,hombre,0.0,4.0,0.0,domicilio,no,6.0,sí,hospital E,urgente,29/07/2025,no,distrito 9,no
neumologia,72.0,hombre,-99.0,8.0,1.0,domicilio,no,1.0,sí,hospital D,urgente,22/01/2025,si,distrito 8,no
neumología,58.0,mujer,5.0,1.0,1.0,domicilio,sí,14.0,no,hospital A,programado,30/11/2024,no,distrito 7,no
  digestivo ,46.0,hombre,6.0,3.0,1.0,domicilio,no,0.0,no,hospital D,programado,09/02/2025,no,distrito 2,no
digestivo,58.0,mujer,8.0,4.0,3.0,domicilio,no,9.0,no,hospital B,programado,21/08/2024,no,distrito 10,sí
medicina interna,76.0,hombre,9.0,2.0,4.0,domicilio,sí,2.0,no,hospital A,urgente,21/06/2024,si,distrito 10,no
traumatología,59.0,hombre,2.0,2.0,2.0,domicilio,sí,10.0,sí,hospital F,urgente,28/09/2024,no,distrito 2,no
digestivo,26.0,mujer,5.0,1.0,0.0,domicilio,sí,5.0,sí,hospital D,urgente,06/07/2024,no,distrito 3,no
cirugía general,62.0,mujer,6.0,1.0,0.0,domicilio,no,6.0,sí,hospital E,urgente,26/11/2024,si,distrito 4,no
cardiología,47.0,hombre,8.0,0.0,0.0,domicilio,no,6.0,no,hospital F,urgente,29/09/2024,no,distrito 6,no
DIGESTIVO,44.0,hombre,3.0,1.0,1.0,domicilio,sí,13.0,no,hospital A,programado,16/11/2025,no,distrito 2,sí
medicina interna,40.0,hombre,1.0,2.0,2.0,domicilio,sí,8.0,no,hospital F,urgente,15/07/2024,no,distrito 5,sí
  digestivo ,67.0,hombre,6.0,4.0,1.0,domicilio,sí,7.0,no,hospital E,urgente,09/01/2025,no,distrito 6,sí
CIRUGÍA GENERAL,64.0,mujer,6.0,0.0,0.0,domicilio,no,6.0,no,hospital D,programado,25/06/2024,no,distrito 4,sí
digestivo,62.0,mujer,5.0,9.0,0.0,centro de media estancia,sí,9.0,no,hospital E,programado,06/06/2024,no,distrito 5,sí
medicina interna,40.0,mujer,4.0,0.0,1.0,domicilio,no,7.0,no,hospital C,urgente,30/08/2024,no,distrito 7,no
traumatología,55.0,mujer,-99.0,2.0,0.0,domicilio,sí,0.0,no,hospital E,programado,03/06/2024,no,distrito 5,no
  cirugía general ,62.0,hombre,-99.0,3.0,0.0,domicilio,sí,1.0,no,hospital D,urgente,09/04/2025,no,distrito 6,no
traumatología,73.0,mujer,9.0,3.0,4.0,domicilio,sí,7.0,sí,hospital E,N/D,18/07/2024,no,distrito 4,sí
medicina interna,58.0,hombre,5.0,0.0,2.0,domicilio,no,2.0,no,hospital F,urgente,24/10/2024,no,distrito 6,sí
traumatología,60.0,hombre,8.0,3.0,0.0,domicilio,no,4.0,sí,hospital B,programado,07/03/2025,no,distrito 10,no
cardiología,85.0,mujer,1.0,2.0,1.0,domicilio,no,2.0,no,hospital E,urgente,19/08/2025,no,distrito 1,sí
neumología,62.0,mujer,12.0,0.0,0.0,domicilio,no,3.0,no,hospital C,urgente,11/12/2024,no,distrito 2,no
medicina interna,63.0,mujer,4.0,1.0,0.0,residencia,sí,5.0,no,hospital C,urgente,12/04/2025,no,distrito 6,no
medicina interna,75.0,mujer,10.0,1.0,2.0,domicilio,sí,4.0,no,hospital B,urgente,01/12/2024,no,distrito 10,no
medicina interna,71.0,mujer,7.0,2.0,1.0,residencia,no,3.0,no,hospital D,urgente,24/01/2025,no,distrito 4,sí
cardiología,77.0,mujer,3.0,1.0,0.0,domicilio,sí,10.0,sí,hospital B,urgente,22/11/2024,no,distrito 3,no
cardiología,74.0,hombre,15.0,2.0,0.0,domicilio,no,4.0,no,hospital D,urgente,28/07/2025,no,distrito 8,sí
cirugía general,68.0,hombre,7.0,5.0,0.0,domicilio,sí,15.0,no,hospital E,urgente,01/10/2024,no,distrito 1,no
traumatología,70.0,mujer,5.0,4.0,1.0,domicilio,sí,6.0,no,hospital D,N/D,02/09/2025,no,distrito 4,sí
traumatología,60.0,hombre,13.0,0.0,1.0,domicilio,sí,2.0,sí,hospital A,programado,12/02/2025,no,distrito 3,no
  cardiología ,81.0,mujer,6.0,8.0,1.0,domicilio,sí,15.0,no,hospital B,programado,07/01/2025,si,distrito 3,sí
  traumatología ,96.0,hombre,9.0,1.0,0.0,domicilio,sí,11.0,no,hospital F,urgente,07/07/2024,no,distrito 5,sí
digestivo,67.0,hombre,8.0,2.0,2.0,domicilio,no,6.0,no,hospital A,programado,16/06/2024,no,distrito 3,sí
  medicina interna ,40.0,hombre,5.0,0.0,2.0,hospitalización a domicilio,sí,8.0,sí,hospital F,urgente,06/07/2025,no,distrito 3,sí
neumología,64.0,hombre,5.0,0.0,0.0,domicilio,sí,7.0,no,hospital A,programado,29/08/2025,no,distrito 1,sí
traumatología,60.0,mujer,7.0,2.0,0.0,hospitalización a domicilio,no,6.0,sí,hospital F,urgente,27/10/2024,no,distrito 4,no
medicina interna,40.0,mujer,2.0,0.0,0.0,domicilio,sí,2.0,no,hospital D,programado,20/06/2025,no,distrito 6,no
cardiología,67.0,hombre,6.0,1.0,0.0,residencia,no,3.0,no,hospital F,programado,28/11/2024,no,distrito 7,sí
cirugía general,70.0,hombre,4.0,2.0,0.0,domicilio,no,13.0,no,hospital B,N/D,16/10/2025,no,distrito 5,no
cardiología,60.0,mujer,3.0,6.0,1.0,domicilio,sí,15.0,no,hospital D,urgente,27/02/2025,si,distrito 9,no
traumatología,79.0,mujer,18.0,0.0,2.0,domicilio,no,7.0,no,hospital B,N/D,30/09/2024,no,distrito 7,no
cirugía general,90.0,mujer,9.0,2.0,0.0,domicilio,sí,6.0,no,hospital B,programado,25/09/2024,no,distrito 4,no
cirugía general,78.0,mujer,6.0,2.0,0.0,domicilio,no,9.0,no,hospital D,urgente,28/09/2024,no,distrito 9,no
traumatología,58.0,mujer,11.0,2.0,1.0,residencia,sí,8.0,no,hospital D,programado,31/10/2025,no,distrito 1,sí
  medicina interna ,63.0,hombre,10.0,2.0,0.0,residencia,sí,5.0,no,hospital A,programado,01/01/2025,si,distrito 9,no
traumatologia,51.0,hombre,17.0,0.0,0.0,domicilio,sí,5.0,no,hospital A,programado,30/11/2024,no,distrito 8,no
digestivo,51.0,hombre,4.0,2.0,0.0,residencia,sí,3.0,no,hospital C,programado,24/08/2024,no,distrito 1,sí
  cardiología ,55.0,hombre,3.0,6.0,1.0,domicilio,no,3.0,no,hospital F,urgente,11/06/2025,si,distrito 2,sí
cirugía general,30.0,mujer,7.0,3.0,0.0,residencia,sí,8.0,sí,hospital A,N/D,15/06/2025,no,distrito 6,no
MEDICINA INTERNA,100.0,hombre,5.0,2.0,0.0,domicilio,no,17.0,no,hospital C,urgente,04/10/2025,si,distrito 9,no
neumología,75.0,mujer,18.0,2.0,0.0,domicilio,sí,1.0,sí,hospital A,programado,02/03/2025,no,distrito 4,no
CARDIOLOGÍA,89.0,hombre,4.0,5.0,1.0,domicilio,sí,7.0,no,hospital F,urgente,08/01/2025,no,distrito 10,sí
cirugía general,52.0,hombre,6.0,1.0,1.0,centro de media estancia,no,11.0,no,hospital D,programado,23/07/2024,no,distrito 1,sí
medicina interna,87.0,mujer,3.0,1.0,0.0,domicilio,no,6.0,no,hospital F,programado,04/08/2024,no,distrito 3,sí
cardiología,66.0,hombre,6.0,2.0,0.0,centro de media estancia,no,3.0,no,hospital D,urgente,08/09/2024,no,distrito 1,sí
  cirugía general ,60.0,mujer,5.0,0.0,0.0,domicilio,no,1.0,no,hospital D,urgente,20/03/2025,no,distrito 6,sí
neumologia,69.0,hombre,2.0,2.0,0.0,domicilio,no,11.0,no,hospital E,programado,27/02/2025,si,distrito 9,no
cardiología,66.0,mujer,-99.0,1.0,2.0,domicilio,no,3.0,no,hospital D,programado,06/04/2025,no,distrito 3,sí
cirugia general,43.0,mujer,13.0,1.0,2.0,domicilio,sí,4.0,sí,hospital C,urgente,03/12/2024,no,distrito 5,sí
cardiología,68.0,mujer,7.0,0.0,3.0,domicilio,sí,9.0,no,hospital E,programado,17/12/2024,no,distrito 7,no
digestivo,54.0,hombre,7.0,12.0,0.0,domicilio,no,7.0,no,hospital D,programado,09/09/2025,si,distrito 10,no
medicina interna,70.0,hombre,13.0,1.0,2.0,domicilio,sí,0.0,sí,hospital E,programado,22/01/2025,no,distrito 8,no
cardiologia,39.0,mujer,4.0,1.0,1.0,domicilio,no,3.0,no,hospital B,urgente,28/08/2025,no,distrito 2,sí
TRAUMATOLOGÍA,83.0,mujer,3.0,0.0,0.0,domicilio,sí,8.0,sí,hospital E,urgente,18/03/2025,si,distrito 7,no
cardiologia,51.0,mujer,4.0,5.0,0.0,hospitalización a domicilio,sí,1.0,no,hospital E,urgente,11/10/2025,no,distrito 8,no
  cardiología ,64.0,hombre,1.0,5.0,0.0,domicilio,no,13.0,no,hospital A,urgente,01/11/2024,si,distrito 9,sí
medicina interna,77.0,hombre,7.0,2.0,0.0,domicilio,sí,7.0,no,hospital F,programado,02/07/2025,no,distrito 7,sí
medicina interna,52.0,mujer,5.0,1.0,0.0,domicilio,sí,4.0,sí,hospital C,urgente,29/12/2024,no,distrito 9,sí
traumatología,79.0,hombre,1.0,4.0,0.0,domicilio,no,4.0,no,hospital B,urgente,09/07/2025,no,distrito 6,no
cardiología,73.0,mujer,11.0,1.0,0.0,domicilio,sí,4.0,no,hospital D,urgente,10/08/2024,no,distrito 6,sí
medicina interna,79.0,mujer,10.0,0.0,1.0,domicilio,sí,9.0,sí,hospital E,programado,10/06/2024,no,distrito 10,no
MEDICINA INTERNA,61.0,hombre,3.0,1.0,0.0,domicilio,sí,2.0,no,hospital E,urgente,26/12/2024,si,distrito 10,no
traumatologia,91.0,mujer,6.0,1.0,0.0,domicilio,no,2.0,sí,hospital E,urgente,01/06/2025,no,distrito 2,sí
cirugia general,40.0,mujer,5.0,2.0,1.0,residencia,sí,6.0,sí,hospital F,programado,04/05/2025,no,distrito 5,no
TRAUMATOLOGÍA,54.0,hombre,8.0,2.0,0.0,domicilio,no,5.0,no,hospital E,urgente,15/12/2024,no,distrito 8,no
cardiología,61.0,hombre,3.0,1.0,2.0,domicilio,no,6.0,sí,hospital E,urgente,16/09/2025,si,distrito 4,sí
  traumatología ,75.0,hombre,8.0,2.0,0.0,domicilio,sí,5.0,no,hospital E,urgente,19/02/2025,no,distrito 4,no
cardiología,68.0,hombre,1.0,0.0,1.0,domicilio,no,2.0,no,hospital C,urgente,16/11/2025,no,distrito 9,no
cirugía general,54.0,mujer,4.0,6.0,0.0,residencia,no,4.0,sí,hospital A,programado,19/11/2025,no,distrito 7,no
traumatologia,66.0,mujer,16.0,8.0,0.0,domicilio,sí,6.0,no,hospital A,programado,09/12/2024,no,distrito 9,sí
cirugía general,60.0,mujer,6.0,0.0,0.0,residencia,no,7.0,no,hospital D,urgente,27/09/2025,no,distrito 4,sí
traumatología,98.0,hombre,-99.0,3.0,0.0,domicilio,no,2.0,sí,hospital A,N/D,21/12/2024,no,distrito 2,no
cardiología,34.0,mujer,12.0,0.0,1.0,domicilio,no,10.0,sí,hospital A,urgente,01/08/2025,no,distrito 2,sí
cardiología,100.0,hombre,4.0,1.0,0.0,domicilio,no,6.0,sí,hospital F,urgente,18/11/2024,no,distrito 9,sí
medicina interna,80.0,hombre,5.0,0.0,0.0,domicilio,no,3.0,no,hospital E,urgente,27/09/2024,no,distrito 6,sí
traumatología,70.0,mujer,13.0,8.0,4.0,domicilio,no,5.0,no,hospital E,urgente,12/03/2025,no,distrito 9,sí
medicina interna,62.0,mujer,-99.0,1.0,0.0,domicilio,no,5.0,no,hospital C,urgente,23/09/2025,no,distrito 9,no
medicina interna,54.0,hombre,13.0,12.0,1.0,domicilio,no,2.0,no,hospital F,programado,24/08/2024,si,distrito 4,no
  cardiología ,57.0,hombre,1.0,2.0,1.0,domicilio,no,19.0,sí,hospital D,urgente,05/07/2025,no,distrito 9,sí
medicina interna,51.0,mujer,-99.0,6.0,0.0,hospitalización a domicilio,sí,9.0,no,hospital B,urgente,08/03/2025,no,distrito 1,no
neumología,55.0,mujer,9.0,1.0,0.0,residencia,sí,4.0,sí,hospital D,programado,23/11/2024,no,distrito 5,no
digestivo,61.0,hombre,2.0,0.0,1.0,domicilio,sí,5.0,no,hospital C,programado,19/01/2025,no,distrito 8,no
medicina interna,64.0,hombre,6.0,8.0,0.0,domicilio,sí,4.0,no,hospital E,N/D,14/06/2024,no,distrito 1,no
neumología,75.0,mujer,5.0,11.0,0.0,residencia,sí,8.0,no,hospital E,N/D,21/08/2024,si,distrito 8,no
cardiología,75.0,hombre,7.0,11.0,0.0,domicilio,no,9.0,no,hospital C,urgente,08/11/2024,si,distrito 3,sí
medicina interna,53.0,mujer,-99.0,2.0,0.0,domicilio,sí,1.0,no,hospital A,urgente,20/11/2024,no,distrito 6,sí
NEUMOLOGÍA,42.0,hombre,-99.0,2.0,1.0,domicilio,no,2.0,no,hospital F,programado,09/08/2025,no,distrito 8,sí
cardiología,49.0,hombre,7.0,1.0,0.0,domicilio,sí,4.0,no,hospital D,programado,15/11/2024,no,distrito 10,no
traumatología,72.0,mujer,8.0,3.0,0.0,domicilio,sí,3.0,no,hospital D,programado,27/11/2024,si,distrito 3,no
neumología,69.0,hombre,4.0,3.0,0.0,domicilio,no,9.0,sí,hospital D,urgente,22/09/2025,si,distrito 7,sí
cirugia general,85.0,mujer,9.0,6.0,0.0,domicilio,sí,7.0,no,hospital B,urgente,21/08/2025,si,distrito 10,no
  medicina interna ,89.0,hombre,16.0,0.0,0.0,residencia,sí,7.0,no,hospital D,urgente,01/07/2024,no,distrito 9,no
medicina interna,59.0,hombre,12.0,0.0,0.0,domicilio,no,13.0,no,hospital D,urgente,25/08/2025,no,distrito 9,sí
  traumatología ,64.0,hombre,5.0,0.0,1.0,domicilio,sí,6.0,sí,hospital B,urgente,25/07/2025,no,distrito 10,sí
cirugía general,54.0,hombre,5.0,0.0,0.0,domicilio,no,0.0,sí,hospital B,urgente,21/06/2025,no,distrito 10,no
medicina interna,78.0,mujer,8.0,0.0,0.0,centro de media estancia,sí,9.0,no,hospital E,urgente,09/07/2024,no,distrito 3,no
neumología,68.0,mujer,15.0,0.0,0.0,domicilio,no,3.0,no,hospital C,programado,13/02/2025,no,distrito 6,sí
neumología,70.0,hombre,1.0,0.0,0.0,domicilio,sí,20.0,sí,hospital B,N/D,10/08/2025,no,distrito 1,no
medicina interna,41.0,mujer,5.0,0.0,0.0,residencia,sí,2.0,no,hospital F,urgente,06/07/2025,no,distrito 10,sí
TRAUMATOLOGÍA,60.0,hombre,2.0,0.0,0.0,domicilio,no,4.0,no,hospital B,urgente,10/05/2025,no,distrito 6,no
neumología,41.0,mujer,11.0,0.0,0.0,domicilio,sí,3.0,no,hospital E,urgente,07/06/2025,no,distrito 5,sí
traumatología,45.0,hombre,23.0,6.0,0.0,domicilio,no,6.0,no,hospital B,programado,27/07/2024,no,distrito 8,sí
cardiología,71.0,hombre,12.0,1.0,1.0,domicilio,sí,16.0,no,hospital E,N/D,16/10/2024,no,distrito 2,no
cardiología,96.0,mujer,13.0,1.0,0.0,domicilio,sí,8.0,no,hospital C,urgente,04/03/2025,no,distrito 9,sí
medicina interna,55.0,hombre,3.0,0.0,1.0,domicilio,sí,5.0,no,hospital F,urgente,07/08/2024,no,distrito 1,sí
  cardiología ,66.0,mujer,6.0,1.0,0.0,residencia,sí,9.0,sí,hospital B,urgente,26/08/2025,no,distrito 3,sí
medicina interna,44.0,mujer,26.0,2.0,0.0,domicilio,sí,2.0,no,hospital A,programado,05/10/2024,no,distrito 3,sí
CARDIOLOGÍA,59.0,hombre,5.0,12.0,0.0,residencia,no,4.0,no,hospital B,urgente,11/07/2024,si,distrito 8,sí
cirugía general,65.0,hombre,5.0,3.0,2.0,domicilio,sí,4.0,no,hospital D,programado,24/05/2025,no,distrito 6,sí
digestivo,63.0,hombre,7.0,4.0,0.0,domicilio,no,6.0,no,hospital C,N/D,16/09/2024,no,distrito 8,no
neumología,27.0,mujer,11.0,1.0,0.0,domicilio,no,4.0,no,hospital C,N/D,28/10/2024,no,distrito 3,no
TRAUMATOLOGÍA,73.0,mujer,3.0,0.0,0.0,domicilio,sí,1.0,no,hospital D,programado,20/01/2025,no,distrito 10,no
cirugía general,53.0,mujer,6.0,5.0,1.0,domicilio,no,4.0,no,hospital B,programado,24/06/2025,si,distrito 1,sí
  neumología ,67.0,mujer,5.0,8.0,2.0,residencia,sí,9.0,no,hospital F,urgente,27/06/2024,no,distrito 5,no
medicina interna,58.0,mujer,12.0,3.0,0.0,hospitalización a domicilio,sí,2.0,no,hospital F,programado,30/07/2024,no,distrito 3,no
cirugía general,67.0,mujer,10.0,3.0,2.0,domicilio,no,3.0,no,hospital B,urgente,21/04/2025,no,distrito 4,no
traumatología,54.0,mujer,2.0,9.0,1.0,domicilio,sí,5.0,no,hospital E,programado,24/11/2024,no,distrito 8,no
traumatología,58.0,hombre,6.0,1.0,1.0,domicilio,sí,11.0,no,hospital A,urgente,10/03/2025,no,distrito 10,sí
medicina interna,89.0,hombre,5.0,0.0,1.0,domicilio,no,2.0,sí,hospital C,urgente,03/08/2024,no,distrito 9,no
medicina interna,50.0,mujer,-99.0,0.0,1.0,domicilio,no,3.0,no,hospital A,programado,27/06/2025,no,distrito 1,no
TRAUMATOLOGÍA,48.0,mujer,27.0,3.0,0.0,domicilio,sí,3.0,no,hospital A,urgente,16/09/2024,no,distrito 6,sí
CIRUGÍA GENERAL,91.0,mujer,6.0,9.0,0.0,hospitalización a domicilio,sí,1.0,no,hospital E,urgente,16/09/2024,si,distrito 4,sí
traumatologia,26.0,mujer,1.0,2.0,0.0,hospitalización a domicilio,no,5.0,sí,hospital A,programado,07/02/2025,no,distrito 5,sí
traumatología,40.0,mujer,4.0,2.0,0.0,domicilio,no,10.0,no,hospital C,urgente,16/09/2025,no,distrito 4,no
cardiología,73.0,mujer,9.0,3.0,0.0,domicilio,sí,3.0,sí,hospital A,urgente,16/06/2024,no,distrito 5,no
digestivo,54.0,mujer,4.0,0.0,0.0,domicilio,sí,3.0,no,hospital A,N/D,11/08/2024,no,distrito 9,sí
neumología,83.0,mujer,14.0,3.0,1.0,domicilio,no,6.0,no,hospital E,urgente,15/11/2024,no,distrito 6,sí
medicina interna,80.0,hombre,-99.0,10.0,0.0,domicilio,sí,9.0,no,hospital E,urgente,03/09/2024,si,distrito 10,sí
medicina interna,86.0,hombre,5.0,3.0,0.0,residencia,sí,6.0,sí,hospital E,urgente,08/05/2025,no,distrito 1,sí
medicina interna,46.0,hombre,7.0,4.0,1.0,domicilio,no,9.0,sí,hospital C,N/D,07/10/2025,no,distrito 4,no
cardiología,75.0,hombre,8.0,0.0,0.0,domicilio,sí,2.0,no,hospital F,urgente,25/04/2025,no,distrito 1,no
digestivo,52.0,mujer,13.0,3.0,1.0,domicilio,no,1.0,no,hospital A,programado,12/11/2025,no,distrito 10,sí
medicina interna,98.0,hombre,8.0,1.0,2.0,residencia,sí,7.0,sí,hospital A,urgente,23/01/2025,no,distrito 8,no
traumatología,86.0,hombre,7.0,0.0,0.0,domicilio,sí,12.0,no,hospital B,urgente,01/07/2024,no,distrito 1,sí
CIRUGÍA GENERAL,63.0,hombre,8.0,2.0,0.0,domicilio,no,10.0,no,hospital D,programado,23/05/2025,no,distrito 6,sí
traumatología,72.0,hombre,12.0,5.0,0.0,residencia,sí,2.0,no,hospital F,urgente,13/10/2024,si,distrito 8,no
medicina interna,92.0,hombre,5.0,5.0,0.0,domicilio,sí,7.0,no,hospital F,urgente,13/10/2024,no,distrito 9,no
medicina interna,57.0,hombre,13.0,5.0,0.0,domicilio,sí,9.0,no,hospital B,N/D,05/08/2025,no,distrito 2,sí
cirugía general,34.0,hombre,1.0,2.0,0.0,domicilio,no,2.0,no,hospital A,urgente,02/04/2025,no,distrito 3,no
traumatología,58.0,hombre,5.0,0.0,0.0,residencia,no,7.0,sí,hospital B,urgente,14/07/2025,no,distrito 5,sí
digestivo,59.0,hombre,5.0,0.0,0.0,domicilio,no,4.0,no,hospital A,urgente,01/06/2025,no,distrito 4,no
CARDIOLOGÍA,43.0,hombre,6.0,5.0,0.0,domicilio,sí,0.0,no,hospital B,urgente,30/10/2024,si,distrito 5,sí
cirugía general,49.0,mujer,7.0,4.0,0.0,hospitalización a domicilio,sí,11.0,no,hospital F,programado,10/05/2025,no,distrito 8,no
neumología,61.0,mujer,9.0,2.0,0.0,residencia,no,4.0,no,hospital E,programado,04/11/2025,si,distrito 9,no
  cirugía general ,73.0,hombre,8.0,0.0,0.0,domicilio,no,2.0,sí,hospital D,urgente,10/10/2024,no,distrito 9,no
traumatología,73.0,mujer,3.0,3.0,1.0,domicilio,sí,7.0,no,hospital C,N/D,05/09/2025,no,distrito 7,no
traumatología,50.0,mujer,10.0,6.0,0.0,domicilio,sí,6.0,no,hospital F,urgente,29/08/2025,no,distrito 8,sí
medicina interna,74.0,mujer,-99.0,3.0,0.0,domicilio,sí,6.0,no,hospital E,urgente,21/10/2024,no,distrito 10,sí
digestivo,43.0,hombre,11.0,3.0,0.0,domicilio,no,4.0,no,hospital C,programado,09/01/2025,no,distrito 8,sí
traumatología,92.0,mujer,2.0,4.0,0.0,domicilio,no,1.0,no,hospital C,urgente,31/01/2025,si,distrito 5,no
traumatologia,74.0,hombre,10.0,2.0,1.0,domicilio,no,4.0,no,hospital D,urgente,20/01/2025,no,distrito 9,sí
neumología,86.0,mujer,5.0,6.0,0.0,centro de media estancia,sí,16.0,no,hospital F,urgente,18/08/2024,si,distrito 6,no
traumatología,47.0,mujer,13.0,4.0,2.0,domicilio,sí,8.0,sí,hospital F,urgente,07/07/2024,no,distrito 5,no
digestivo,45.0,hombre,2.0,0.0,0.0,domicilio,sí,7.0,no,hospital D,programado,10/08/2025,no,distrito 5,no
NEUMOLOGÍA,49.0,hombre,5.0,6.0,0.0,domicilio,sí,0.0,no,hospital A,urgente,03/11/2024,no,distrito 2,sí
cirugia general,65.0,mujer,7.0,1.0,0.0,residencia,sí,1.0,no,hospital B,urgente,10/11/2025,no,distrito 6,no
TRAUMATOLOGÍA,44.0,mujer,4.0,2.0,0.0,residencia,no,5.0,no,hospital A,urgente,21/03/2025,no,distrito 5,no
medicina interna,55.0,mujer,14.0,14.0,0.0,domicilio,sí,8.0,no,hospital D,programado,18/10/2024,si,distrito 3,no
traumatología,54.0,mujer,3.0,8.0,0.0,domicilio,sí,7.0,no,hospital F,urgente,03/04/2025,no,distrito 3,sí
  cirugía general ,47.0,mujer,13.0,1.0,3.0,domicilio,sí,9.0,sí,hospital E,urgente,06/01/2025,no,distrito 4,sí
traumatología,61.0,hombre,4.0,1.0,1.0,centro de media estancia,sí,1.0,sí,hospital F,urgente,07/08/2025,no,distrito 7,no
cirugía general,63.0,hombre,10.0,1.0,0.0,domicilio,sí,1.0,no,hospital E,urgente,12/06/2025,no,distrito 2,sí
traumatologia,43.0,hombre,2.0,3.0,0.0,domicilio,sí,6.0,no,hospital A,programado,23/10/2024,no,distrito 3,no
  digestivo ,64.0,mujer,4.0,5.0,0.0,domicilio,no,11.0,no,hospital F,programado,11/08/2024,no,distrito 3,sí
CIRUGÍA GENERAL,80.0,hombre,10.0,0.0,0.0,domicilio,no,2.0,no,hospital D,urgente,30/07/2025,no,distrito 1,no
cirugía general,87.0,mujer,7.0,4.0,0.0,domicilio,no,3.0,no,hospital C,urgente,07/01/2025,no,distrito 1,no
neumologia,77.0,hombre,15.0,2.0,0.0,domicilio,sí,7.0,no,hospital A,urgente,11/08/2024,no,distrito 7,no
neumologia,63.0,hombre,2.0,5.0,1.0,domicilio,sí,2.0,no,hospital D,urgente,05/11/2025,si,distrito 5,sí
cirugia general,35.0,mujer,23.0,1.0,0.0,hospitalización a domicilio,sí,3.0,no,hospital F,urgente,14/09/2025,no,distrito 2,sí
traumatología,75.0,mujer,5.0,1.0,1.0,domicilio,sí,6.0,no,hospital C,urgente,27/05/2025,no,distrito 3,sí
digestivo,100.0,mujer,7.0,1.0,0.0,domicilio,sí,7.0,no,hospital B,urgente,31/08/2025,no,distrito 2,sí
cardiología,76.0,mujer,3.0,2.0,0.0,domicilio,no,10.0,no,hospital B,urgente,29/09/2024,no,distrito 5,sí
neumología,48.0,hombre,8.0,2.0,0.0,domicilio,sí,2.0,sí,hospital E,urgente,06/07/2024,no,distrito 3,no
neumología,80.0,hombre,6.0,5.0,0.0,domicilio,no,12.0,no,hospital B,urgente,11/06/2025,no,distrito 6,no
neumologia,72.0,hombre,10.0,4.0,3.0,domicilio,no,1.0,no,hospital A,urgente,31/07/2025,no,distrito 1,no
medicina interna,67.0,hombre,-99.0,3.0,1.0,centro de media estancia,sí,1.0,no,hospital E,programado,27/07/2024,si,distrito 5,no
cardiología,94.0,mujer,4.0,4.0,1.0,residencia,no,12.0,no,hospital A,programado,15/10/2024,si,distrito 6,no
  medicina interna ,58.0,mujer,10.0,0.0,0.0,domicilio,sí,6.0,no,hospital B,N/D,21/10/2025,no,distrito 7,no
medicina interna,50.0,mujer,2.0,2.0,1.0,hospitalización a domicilio,no,1.0,no,hospital A,programado,03/07/2025,no,distrito 2,sí
cirugía general,66.0,hombre,6.0,1.0,0.0,domicilio,sí,7.0,no,hospital D,urgente,22/07/2024,no,distrito 6,sí
  cardiología ,94.0,hombre,12.0,0.0,1.0,domicilio,no,2.0,no,hospital B,urgente,11/03/2025,no,distrito 9,no
cardiología,76.0,mujer,17.0,1.0,0.0,hospitalización a domicilio,sí,7.0,sí,hospital D,urgente,19/11/2024,no,distrito 5,no
medicina interna,73.0,hombre,2.0,0.0,3.0,domicilio,sí,14.0,no,hospital C,urgente,16/06/2024,no,distrito 5,sí
MEDICINA INTERNA,63.0,mujer,4.0,2.0,2.0,domicilio,sí,8.0,no,hospital B,urgente,25/08/2025,no,distrito 10,no
neumología,51.0,mujer,5.0,0.0,0.0,centro de media estancia,sí,3.0,no,hospital C,urgente,24/05/2025,no,distrito 10,sí
traumatología,77.0,mujer,1.0,2.0,0.0,domicilio,sí,1.0,no,hospital C,programado,01/06/2024,no,distrito 8,no
MEDICINA INTERNA,74.0,mujer,16.0,1.0,0.0,domicilio,sí,7.0,no,hospital B,urgente,06/04/2025,si,distrito 10,sí
medicina interna,48.0,mujer,5.0,2.0,0.0,domicilio,sí,5.0,no,hospital A,urgente,18/06/2024,no,distrito 7,sí
cardiología,78.0,hombre,6.0,1.0,0.0,residencia,no,4.0,sí,hospital B,programado,12/08/2024,si,distrito 7,sí
MEDICINA INTERNA,73.0,hombre,19.0,3.0,0.0,domicilio,no,1.0,no,hospital D,urgente,28/05/2025,no,distrito 8,no
medicina interna,93.0,mujer,7.0,0.0,1.0,hospitalización a domicilio,sí,5.0,sí,hospital C,urgente,13/07/2025,no,distrito 1,sí
digestivo,55.0,hombre,7.0,1.0,0.0,residencia,sí,10.0,no,hospital B,N/D,15/09/2024,no,distrito 9,no
medicina interna,37.0,hombre,9.0,6.0,3.0,domicilio,sí,8.0,no,hospital B,urgente,02/03/2025,no,distrito 7,no
medicina interna,63.0,hombre,4.0,1.0,1.0,residencia,sí,8.0,no,hospital A,programado,18/10/2025,si,distrito 7,no
  cardiología ,51.0,hombre,7.0,4.0,0.0,domicilio,no,9.0,sí,hospital B,urgente,27/09/2025,no,distrito 6,no
cirugía general,96.0,hombre,14.0,0.0,0.0,domicilio,sí,3.0,no,hospital D,programado,18/05/2025,no,distrito 6,no
  cardiología ,63.0,hombre,7.0,0.0,3.0,hospitalización a domicilio,sí,4.0,sí,hospital A,urgente,16/11/2024,no,distrito 6,no
cirugía general,66.0,hombre,10.0,2.0,1.0,domicilio,sí,5.0,no,hospital E,urgente,25/04/2025,no,distrito 9,sí
cirugia general,85.0,hombre,21.0,1.0,0.0,domicilio,sí,0.0,no,hospital E,urgente,13/11/2024,no,distrito 3,no
digestivo,44.0,hombre,7.0,0.0,0.0,residencia,sí,1.0,sí,hospital B,urgente,18/12/2024,no,distrito 7,sí
cirugía general,53.0,hombre,5.0,0.0,2.0,centro de media estancia,sí,9.0,sí,hospital C,programado,28/08/2025,no,distrito 1,no
traumatología,72.0,mujer,6.0,3.0,3.0,domicilio,sí,5.0,no,hospital E,urgente,06/10/2025,no,distrito 3,no
medicina interna,82.0,mujer,3.0,0.0,2.0,domicilio,sí,4.0,no,hospital D,urgente,26/10/2024,no,distrito 7,sí
traumatología,75.0,mujer,1.0,8.0,2.0,residencia,no,5.0,no,hospital D,urgente,17/01/2025,si,distrito 4,no
cardiología,48.0,mujer,4.0,2.0,0.0,centro de media estancia,no,12.0,no,hospital F,programado,15/06/2025,no,distrito 7,no
cirugía general,80.0,hombre,12.0,4.0,1.0,domicilio,sí,0.0,no,hospital C,urgente,12/05/2025,si,distrito 2,sí
medicina interna,67.0,mujer,3.0,2.0,0.0,domicilio,no,2.0,sí,hospital D,programado,06/07/2024,no,distrito 6,no
cirugía general,64.0,hombre,7.0,1.0,1.0,domicilio,no,2.0,no,hospital A,urgente,27/05/2025,no,distrito 10,sí
medicina interna,95.0,mujer,6.0,3.0,0.0,hospitalización a domicilio,sí,6.0,no,hospital B,programado,19/05/2025,no,distrito 2,no
cirugía general,92.0,mujer,5.0,1.0,2.0,domicilio,sí,7.0,sí,hospital C,programado,19/05/2025,no,distrito 1,no
TRAUMATOLOGÍA,50.0,hombre,5.0,5.0,0.0,domicilio,no,10.0,no,hospital A,programado,05/03/2025,no,distrito 9,sí
traumatología,56.0,hombre,7.0,4.0,0.0,domicilio,no,1.0,sí,hospital C,urgente,13/10/2024,no,distrito 4,sí
medicina interna,57.0,hombre,19.0,1.0,1.0,domicilio,sí,2.0,no,hospital E,urgente,11/10/2025,no,distrito 6,no
medicina interna,100.0,mujer,13.0,3.0,0.0,domicilio,sí,8.0,no,hospital B,urgente,05/08/2025,no,distrito 10,sí
traumatología,46.0,hombre,6.0,0.0,0.0,domicilio,no,4.0,no,hospital F,programado,17/11/2025,no,distrito 3,no
medicina interna,51.0,hombre,4.0,8.0,0.0,hospitalización a domicilio,sí,9.0,no,hospital C,urgente,31/01/2025,no,distrito 5,no
  medicina interna ,53.0,mujer,12.0,0.0,0.0,domicilio,no,3.0,sí,hospital D,programado,18/08/2025,no,distrito 1,no
traumatología,80.0,hombre,2.0,2.0,1.0,domicilio,no,11.0,no,hospital C,N/D,22/10/2024,no,distrito 10,no
CARDIOLOGÍA,91.0,hombre,6.0,7.0,0.0,centro de media estancia,sí,10.0,no,hospital B,urgente,27/02/2025,no,distrito 5,no
cardiología,68.0,mujer,14.0,6.0,0.0,residencia,sí,5.0,no,hospital A,urgente,08/09/2025,no,distrito 3,no
neumología,53.0,mujer,-99.0,4.0,0.0,domicilio,sí,10.0,no,hospital C,urgente,15/07/2024,no,distrito 7,sí
traumatología,79.0,hombre,11.0,4.0,0.0,domicilio,no,8.0,sí,hospital A,programado,11/07/2025,no,distrito 1,sí
cardiología,61.0,hombre,-99.0,2.0,0.0,domicilio,sí,0.0,no,hospital F,programado,12/10/2024,no,distrito 7,sí
cardiología,51.0,mujer,10.0,1.0,0.0,domicilio,sí,0.0,no,hospital B,urgente,05/09/2024,no,distrito 8,no
medicina interna,74.0,hombre,9.0,0.0,4.0,domicilio,sí,20.0,no,hospital B,programado,01/03/2025,no,distrito 4,sí
  medicina interna ,50.0,hombre,9.0,1.0,0.0,domicilio,sí,7.0,no,hospital D,programado,07/07/2025,no,distrito 8,no
NEUMOLOGÍA,50.0,mujer,10.0,4.0,2.0,domicilio,sí,10.0,no,hospital B,urgente,10/09/2024,no,distrito 9,no
cirugía general,89.0,hombre,9.0,0.0,0.0,residencia,sí,18.0,no,hospital D,urgente,03/05/2025,no,distrito 2,no
medicina interna,63.0,hombre,9.0,1.0,2.0,domicilio,sí,3.0,no,hospital C,urgente,13/08/2024,no,distrito 1,sí
neumologia,60.0,hombre,7.0,1.0,0.0,residencia,no,3.0,no,hospital B,programado,25/10/2024,no,distrito 2,no
medicina interna,58.0,hombre,10.0,6.0,0.0,domicilio,sí,5.0,no,hospital F,urgente,05/09/2024,no,distrito 6,no
  traumatología ,55.0,hombre,1.0,1.0,0.0,domicilio,sí,12.0,no,hospital A,N/D,10/06/2025,no,distrito 5,sí
medicina interna,55.0,mujer,6.0,1.0,0.0,residencia,sí,3.0,no,hospital A,urgente,31/08/2025,no,distrito 10,no
cirugia general,65.0,mujer,7.0,0.0,0.0,domicilio,no,6.0,no,hospital B,programado,24/10/2024,no,distrito 3,no
medicina interna,74.0,hombre,10.0,3.0,2.0,domicilio,no,3.0,no,hospital E,programado,03/06/2024,si,distrito 3,sí
medicina interna,67.0,hombre,9.0,4.0,1.0,domicilio,no,10.0,no,hospital E,urgente,04/10/2025,no,distrito 5,sí
cirugía general,57.0,mujer,9.0,2.0,0.0,domicilio,no,7.0,no,hospital E,urgente,08/09/2024,no,distrito 6,no
  neumología ,87.0,hombre,4.0,2.0,1.0,residencia,no,3.0,sí,hospital C,urgente,01/08/2025,no,distrito 10,sí
medicina interna,70.0,mujer,5.0,2.0,2.0,domicilio,no,7.0,no,hospital A,N/D,13/05/2025,no,distrito 4,sí
medicina interna,98.0,hombre,7.0,0.0,0.0,domicilio,sí,5.0,no,hospital A,programado,29/03/2025,no,distrito 2,no
medicina interna,63.0,hombre,5.0,0.0,0.0,centro de media estancia,no,1.0,no,hospital A,urgente,04/04/2025,no,distrito 5,no
MEDICINA INTERNA,47.0,mujer,16.0,4.0,0.0,hospitalización a domicilio,no,1.0,no,hospital C,urgente,03/09/2025,no,distrito 1,sí
medicina interna,34.0,hombre,4.0,2.0,0.0,domicilio,no,7.0,no,hospital D,programado,12/07/2024,no,distrito 4,no
neumología,69.0,hombre,3.0,3.0,0.0,domicilio,sí,21.0,no,hospital E,urgente,29/12/2024,no,distrito 1,no
neumología,49.0,hombre,1.0,1.0,0.0,residencia,sí,3.0,sí,hospital C,urgente,01/03/2025,no,distrito 8,no
traumatología,66.0,mujer,6.0,3.0,0.0,domicilio,sí,9.0,sí,hospital F,urgente,18/10/2024,no,distrito 5,no
  cirugía general ,77.0,mujer,5.0,0.0,0.0,domicilio,sí,2.0,no,hospital C,programado,18/08/2024,no,distrito 6,no
cardiología,51.0,mujer,7.0,0.0,0.0,domicilio,no,1.0,no,hospital E,urgente,27/07/2024,no,distrito 7,no
digestivo,68.0,hombre,11.0,6.0,1.0,domicilio,no,3.0,no,hospital A,urgente,17/09/2025,no,distrito 5,no
medicina interna,55.0,mujer,11.0,2.0,0.0,domicilio,no,0.0,no,hospital F,urgente,01/11/2025,no,distrito 10,sí
cirugía general,51.0,hombre,10.0,0.0,0.0,domicilio,no,7.0,no,hospital A,programado,18/08/2024,no,distrito 6,sí
traumatología,61.0,hombre,7.0,2.0,0.0,domicilio,no,6.0,no,hospital A,urgente,07/05/2025,no,distrito 2,sí
TRAUMATOLOGÍA,88.0,hombre,6.0,6.0,0.0,domicilio,sí,7.0,no,hospital E,urgente,16/02/2025,no,distrito 2,sí
medicina interna,94.0,hombre,3.0,2.0,2.0,domicilio,sí,12.0,sí,hospital F,urgente,06/07/2025,no,distrito 7,no
digestivo,29.0,hombre,10.0,3.0,1.0,domicilio,sí,5.0,no,hospital B,urgente,24/06/2024,no,distrito 10,no
cirugía general,73.0,mujer,8.0,1.0,0.0,hospitalización a domicilio,sí,12.0,no,hospital A,urgente,18/11/2025,no,distrito 6,sí
cirugía general,67.0,mujer,4.0,0.0,1.0,domicilio,sí,4.0,no,hospital F,urgente,01/09/2025,no,distrito 9,no
medicina interna,55.0,hombre,8.0,1.0,0.0,domicilio,no,3.0,sí,hospital D,programado,01/09/2024,no,distrito 10,no
traumatología,78.0,hombre,8.0,0.0,0.0,domicilio,sí,1.0,no,hospital E,programado,20/01/2025,no,distrito 7,sí
medicina interna,62.0,mujer,6.0,0.0,4.0,domicilio,sí,6.0,no,hospital D,programado,09/08/2024,no,distrito 7,no
traumatología,60.0,hombre,5.0,1.0,0.0,domicilio,sí,14.0,sí,hospital F,urgente,15/10/2024,no,distrito 5,no
neumología,45.0,hombre,10.0,4.0,0.0,domicilio,sí,5.0,no,hospital A,urgente,27/04/2025,no,distrito 7,no
cardiología,63.0,mujer,2.0,17.0,0.0,domicilio,no,12.0,no,hospital D,urgente,29/05/2025,si,distrito 1,no
digestivo,50.0,mujer,2.0,3.0,0.0,domicilio,sí,13.0,no,hospital E,urgente,11/04/2025,no,distrito 10,no
cirugía general,41.0,mujer,4.0,3.0,1.0,domicilio,sí,5.0,no,hospital A,urgente,06/02/2025,no,distrito 2,sí
traumatología,72.0,mujer,10.0,2.0,0.0,domicilio,sí,1.0,sí,hospital B,programado,28/09/2025,no,distrito 10,no
medicina interna,39.0,hombre,11.0,2.0,0.0,domicilio,no,10.0,sí,hospital E,programado,27/06/2025,no,distrito 1,sí
digestivo,53.0,mujer,4.0,3.0,0.0,hospitalización a domicilio,sí,1.0,no,hospital E,urgente,25/08/2024,si,distrito 9,sí
cirugía general,60.0,mujer,15.0,1.0,0.0,domicilio,sí,12.0,no,hospital F,urgente,16/03/2025,no,distrito 5,no
traumatologia,90.0,mujer,2.0,3.0,1.0,domicilio,sí,19.0,no,hospital B,N/D,14/05/2025,no,distrito 10,no
medicina interna,26.0,mujer,27.0,2.0,1.0,domicilio,sí,7.0,no,hospital F,programado,01/06/2024,no,distrito 5,no
traumatología,74.0,mujer,3.0,6.0,0.0,residencia,sí,12.0,no,hospital E,urgente,05/08/2025,si,distrito 1,no
MEDICINA INTERNA,36.0,mujer,-99.0,0.0,0.0,domicilio,no,6.0,no,hospital C,urgente,09/04/2025,no,distrito 10,no
traumatología,63.0,hombre,7.0,4.0,4.0,domicilio,no,7.0,no,hospital F,urgente,22/08/2025,no,distrito 8,sí
cardiología,67.0,hombre,8.0,0.0,0.0,domicilio,no,1.0,no,hospital D,programado,05/08/2025,no,distrito 9,sí
cirugía general,100.0,mujer,5.0,0.0,0.0,domicilio,no,14.0,sí,hospital E,urgente,30/10/2025,no,distrito 4,sí
traumatología,32.0,mujer,7.0,0.0,0.0,domicilio,sí,1.0,no,hospital D,urgente,15/06/2024,no,distrito 2,sí
traumatología,80.0,hombre,7.0,2.0,3.0,domicilio,sí,7.0,sí,hospital C,programado,19/09/2024,no,distrito 9,sí
cardiología,46.0,hombre,-99.0,0.0,0.0,residencia,sí,3.0,no,hospital C,urgente,19/01/2025,no,distrito 8,sí
digestivo,61.0,hombre,5.0,1.0,1.0,domicilio,sí,2.0,no,hospital C,urgente,24/11/2024,no,distrito 8,sí
  traumatología ,62.0,mujer,18.0,0.0,1.0,hospitalización a domicilio,no,13.0,sí,hospital B,urgente,17/08/2024,no,distrito 8,sí
medicina interna,64.0,mujer,4.0,14.0,1.0,residencia,sí,1.0,no,hospital C,programado,22/10/2024,si,distrito 2,no
TRAUMATOLOGÍA,72.0,mujer,-99.0,4.0,0.0,domicilio,no,4.0,no,hospital D,programado,11/12/2024,si,distrito 5,sí
cirugía general,62.0,mujer,-99.0,0.0,0.0,domicilio,sí,7.0,no,hospital C,urgente,13/04/2025,no,distrito 9,no
digestivo,89.0,hombre,5.0,3.0,0.0,domicilio,sí,6.0,no,hospital D,N/D,05/05/2025,no,distrito 1,no
cardiología,18.0,mujer,8.0,3.0,0.0,hospitalización a domicilio,no,0.0,no,hospital C,urgente,11/08/2024,no,distrito 4,no
medicina interna,61.0,hombre,1.0,0.0,0.0,domicilio,no,7.0,no,hospital A,programado,06/01/2025,no,distrito 7,no
medicina interna,70.0,mujer,8.0,1.0,0.0,domicilio,sí,8.0,no,hospital D,programado,04/10/2025,no,distrito 2,no
traumatología,54.0,mujer,9.0,1.0,0.0,domicilio,no,8.0,sí,hospital A,urgente,30/11/2024,no,distrito 9,sí
traumatología,39.0,hombre,10.0,0.0,0.0,domicilio,sí,4.0,no,hospital D,programado,31/07/2024,no,distrito 8,no
CARDIOLOGÍA,53.0,mujer,9.0,2.0,1.0,domicilio,no,2.0,no,hospital B,N/D,11/09/2024,no,distrito 10,no
  medicina interna ,69.0,hombre,12.0,0.0,0.0,domicilio,sí,2.0,sí,hospital A,programado,09/08/2025,no,distrito 5,no
neumología,73.0,hombre,1.0,3.0,1.0,domicilio,sí,2.0,no,hospital A,programado,11/07/2024,no,distrito 6,sí
neumología,69.0,mujer,2.0,4.0,0.0,domicilio,sí,1.0,no,hospital A,urgente,16/08/2024,si,distrito 4,no
cirugía general,56.0,hombre,3.0,1.0,0.0,domicilio,no,5.0,sí,hospital B,urgente,12/06/2024,no,distrito 6,sí
cirugia general,80.0,mujer,9.0,1.0,0.0,domicilio,sí,5.0,no,hospital B,programado,25/04/2025,no,distrito 4,sí
traumatología,89.0,hombre,5.0,7.0,0.0,domicilio,sí,7.0,no,hospital A,urgente,07/07/2025,no,distrito 3,no
  cardiología ,83.0,mujer,2.0,0.0,1.0,domicilio,no,5.0,no,hospital A,urgente,30/10/2024,no,distrito 4,no
cardiología,84.0,mujer,9.0,3.0,0.0,domicilio,sí,1.0,no,hospital A,programado,27/09/2024,no,distrito 4,sí
  cirugía general ,86.0,hombre,10.0,2.0,0.0,hospitalización a domicilio,sí,12.0,no,hospital F,programado,22/11/2024,no,distrito 5,no
cardiología,53.0,hombre,6.0,3.0,1.0,domicilio,sí,2.0,no,hospital F,urgente,08/11/2024,no,distrito 7,no
traumatología,85.0,hombre,12.0,1.0,0.0,domicilio,no,9.0,no,hospital D,urgente,17/12/2024,no,distrito 4,sí
cirugía general,72.0,mujer,2.0,2.0,0.0,domicilio,no,6.0,no,hospital A,urgente,13/05/2025,no,distrito 4,sí
cirugía general,74.0,mujer,5.0,10.0,1.0,residencia,sí,18.0,sí,hospital E,urgente,06/07/2025,si,distrito 7,no
digestivo,73.0,hombre,7.0,0.0,3.0,centro de media estancia,no,6.0,no,hospital D,N/D,23/09/2024,no,distrito 6,no
cardiología,70.0,hombre,12.0,3.0,0.0,centro de media estancia,no,13.0,no,hospital C,programado,10/10/2025,si,distrito 9,sí
MEDICINA INTERNA,66.0,mujer,1.0,2.0,0.0,domicilio,no,14.0,no,hospital E,N/D,15/08/2024,no,distrito 10,sí
  digestivo ,86.0,hombre,16.0,3.0,0.0,domicilio,sí,7.0,no,hospital B,urgente,04/09/2024,no,distrito 7,sí
medicina interna,56.0,hombre,8.0,1.0,0.0,domicilio,no,9.0,sí,hospital C,urgente,27/09/2024,no,distrito 4,no
medicina interna,93.0,mujer,2.0,1.0,0.0,domicilio,sí,8.0,sí,hospital D,urgente,10/06/2025,no,distrito 1,no
CIRUGÍA GENERAL,74.0,hombre,9.0,2.0,0.0,residencia,sí,12.0,no,hospital C,programado,10/06/2024,no,distrito 5,sí
cirugía general,42.0,hombre,-99.0,1.0,2.0,domicilio,sí,14.0,sí,hospital A,urgente,04/07/2025,no,distrito 5,no
cardiología,49.0,mujer,3.0,0.0,0.0,domicilio,no,4.0,sí,hospital C,urgente,22/09/2025,no,distrito 2,sí
digestivo,62.0,hombre,-99.0,1.0,0.0,domicilio,sí,3.0,no,hospital F,N/D,09/03/2025,no,distrito 3,no
cardiología,59.0,mujer,1.0,1.0,0.0,domicilio,no,6.0,sí,hospital F,urgente,07/06/2025,no,distrito 2,no
traumatología,59.0,hombre,6.0,0.0,0.0,domicilio,no,4.0,no,hospital D,urgente,18/11/2025,no,distrito 8,sí
TRAUMATOLOGÍA,81.0,mujer,18.0,0.0,0.0,domicilio,no,5.0,no,hospital D,urgente,05/09/2024,no,distrito 5,no
traumatología,80.0,hombre,-99.0,6.0,0.0,hospitalización a domicilio,sí,5.0,no,hospital B,programado,11/04/2025,no,distrito 2,no
traumatología,57.0,mujer,9.0,0.0,1.0,domicilio,no,2.0,no,hospital F,urgente,26/09/2024,no,distrito 10,no
medicina interna,74.0,hombre,5.0,12.0,0.0,domicilio,no,9.0,sí,hospital B,programado,01/03/2025,si,distrito 3,no
  cardiología ,26.0,hombre,-99.0,2.0,2.0,hospitalización a domicilio,sí,9.0,no,hospital D,programado,12/06/2025,si,distrito 9,sí
cirugía general,72.0,mujer,9.0,3.0,0.0,domicilio,no,1.0,sí,hospital B,urgente,13/07/2024,no,distrito 8,sí
  neumología ,64.0,hombre,12.0,1.0,0.0,residencia,sí,10.0,sí,hospital A,programado,29/09/2024,no,distrito 6,no
traumatología,61.0,mujer,7.0,2.0,0.0,domicilio,sí,11.0,no,hospital E,urgente,19/11/2024,no,distrito 4,sí
cirugía general,72.0,hombre,5.0,0.0,1.0,hospitalización a domicilio,sí,13.0,no,hospital A,urgente,22/04/2025,no,distrito 8,sí
  medicina interna ,67.0,mujer,6.0,1.0,0.0,domicilio,no,10.0,no,hospital A,urgente,03/05/2025,no,distrito 4,no
neumología,54.0,hombre,4.0,0.0,1.0,domicilio,sí,2.0,sí,hospital D,programado,29/09/2025,no,distrito 9,no
  cirugía general ,74.0,mujer,3.0,1.0,0.0,residencia,sí,1.0,sí,hospital B,urgente,11/05/2025,no,distrito 2,no
  medicina interna ,48.0,mujer,9.0,3.0,0.0,domicilio,sí,4.0,no,hospital F,programado,22/07/2024,no,distrito 9,no
cardiología,45.0,mujer,3.0,2.0,0.0,domicilio,sí,20.0,no,hospital F,programado,30/10/2024,no,distrito 10,no
traumatología,47.0,hombre,7.0,4.0,0.0,domicilio,sí,2.0,no,hospital E,programado,07/11/2024,no,distrito 7,no
traumatologia,72.0,hombre,5.0,1.0,0.0,domicilio,sí,0.0,sí,hospital F,urgente,08/09/2024,no,distrito 4,sí
medicina interna,67.0,hombre,8.0,1.0,0.0,domicilio,sí,9.0,no,hospital D,programado,21/03/2025,no,distrito 10,no
cirugia general,49.0,mujer,8.0,5.0,0.0,domicilio,sí,2.0,sí,hospital D,urgente,02/07/2024,no,distrito 10,no
cardiología,100.0,hombre,-99.0,1.0,0.0,domicilio,no,1.0,sí,hospital D,urgente,07/06/2025,no,distrito 10,sí
cirugía general,57.0,mujer,8.0,1.0,0.0,domicilio,no,14.0,no,hospital D,programado,02/06/2025,no,distrito 7,no
traumatología,78.0,hombre,10.0,0.0,5.0,domicilio,sí,1.0,no,hospital B,urgente,26/10/2025,no,distrito 8,no
medicina interna,100.0,hombre,6.0,1.0,0.0,centro de media estancia,no,2.0,sí,hospital F,urgente,29/04/2025,no,distrito 1,sí
cirugía general,68.0,hombre,15.0,4.0,1.0,domicilio,sí,3.0,no,hospital F,urgente,17/04/2025,no,distrito 4,no
traumatología,44.0,hombre,4.0,1.0,1.0,domicilio,no,1.0,no,hospital B,urgente,07/03/2025,no,distrito 8,no
digestivo,62.0,mujer,2.0,5.0,0.0,hospitalización a domicilio,no,11.0,no,hospital F,urgente,05/10/2024,no,distrito 7,no
digestivo,61.0,hombre,-99.0,2.0,6.0,domicilio,sí,3.0,no,hospital B,urgente,13/10/2024,si,distrito 6,no
  cardiología ,66.0,hombre,17.0,2.0,0.0,domicilio,sí,4.0,no,hospital C,programado,07/11/2025,no,distrito 10,sí
medicina interna,54.0,hombre,6.0,2.0,0.0,domicilio,sí,0.0,sí,hospital A,urgente,01/10/2024,no,distrito 8,sí
medicina interna,69.0,mujer,5.0,0.0,0.0,domicilio,no,2.0,no,hospital B,urgente,06/07/2025,no,distrito 5,no
neumologia,52.0,hombre,3.0,2.0,0.0,domicilio,sí,2.0,no,hospital E,urgente,14/03/2025,no,distrito 7,sí
cardiologia,75.0,mujer,-99.0,2.0,2.0,domicilio,sí,12.0,no,hospital B,N/D,22/08/2024,no,distrito 3,no
traumatología,72.0,mujer,10.0,3.0,2.0,domicilio,sí,1.0,no,hospital D,urgente,14/09/2024,no,distrito 9,sí
neumología,82.0,hombre,5.0,0.0,0.0,domicilio,no,1.0,no,hospital B,urgente,09/09/2025,no,distrito 2,no
traumatología,62.0,mujer,6.0,6.0,2.0,domicilio,sí,1.0,no,hospital D,urgente,13/08/2025,no,distrito 10,sí
medicina interna,49.0,hombre,9.0,1.0,0.0,domicilio,no,3.0,sí,hospital D,programado,08/10/2024,no,distrito 7,no
cirugia general,100.0,mujer,1.0,4.0,0.0,domicilio,no,1.0,sí,hospital E,programado,24/03/2025,si,distrito 9,no
digestivo,83.0,mujer,10.0,3.0,0.0,centro de media estancia,sí,3.0,no,hospital F,urgente,03/07/2024,si,distrito 7,no
CIRUGÍA GENERAL,53.0,mujer,6.0,2.0,1.0,domicilio,no,1.0,no,hospital C,urgente,21/03/2025,no,distrito 8,no
medicina interna,79.0,hombre,2.0,3.0,0.0,residencia,no,9.0,no,hospital A,urgente,02/02/2025,no,distrito 2,no
  cirugía general ,71.0,mujer,4.0,2.0,2.0,domicilio,no,11.0,no,hospital B,urgente,25/07/2024,no,distrito 9,no
traumatología,47.0,hombre,-99.0,2.0,0.0,domicilio,no,1.0,no,hospital B,programado,01/10/2025,no,distrito 5,no
medicina interna,51.0,mujer,8.0,5.0,0.0,domicilio,no,7.0,sí,hospital C,programado,05/08/2024,no,distrito 8,no
traumatología,90.0,hombre,10.0,1.0,0.0,residencia,sí,10.0,no,hospital F,programado,13/09/2025,no,distrito 3,sí
neumología,85.0,mujer,8.0,0.0,0.0,domicilio,sí,10.0,no,hospital F,urgente,01/08/2025,no,distrito 7,no
medicina interna,71.0,mujer,13.0,3.0,0.0,domicilio,sí,7.0,no,hospital E,programado,25/09/2025,si,distrito 4,sí
cirugia general,51.0,hombre,2.0,5.0,0.0,domicilio,sí,7.0,sí,hospital A,urgente,16/02/2025,no,distrito 4,no
NEUMOLOGÍA,89.0,mujer,5.0,0.0,0.0,domicilio,sí,1.0,no,hospital B,urgente,19/07/2024,no,distrito 1,sí
neumología,87.0,hombre,4.0,3.0,1.0,domicilio,sí,6.0,sí,hospital E,programado,20/06/2025,no,distrito 5,no
neumología,53.0,mujer,4.0,7.0,3.0,domicilio,no,7.0,no,hospital E,programado,06/11/2025,no,distrito 4,sí
neumología,30.0,hombre,9.0,7.0,1.0,domicilio,sí,18.0,sí,hospital F,urgente,16/04/2025,no,distrito 10,sí
medicina interna,61.0,mujer,9.0,8.0,1.0,hospitalización a domicilio,sí,7.0,no,hospital B,programado,29/06/2024,si,distrito 6,no
cirugia general,43.0,hombre,15.0,2.0,1.0,domicilio,no,14.0,no,hospital B,programado,31/08/2024,no,distrito 3,no
  traumatología ,72.0,mujer,5.0,2.0,0.0,domicilio,sí,9.0,no,hospital A,urgente,18/10/2024,no,distrito 5,no
traumatología,65.0,hombre,12.0,0.0,0.0,domicilio,sí,9.0,no,hospital E,urgente,08/04/2025,no,distrito 5,sí
cirugía general,72.0,mujer,-99.0,2.0,0.0,centro de media estancia,sí,14.0,sí,hospital F,programado,26/01/2025,no,distrito 4,sí
cirugía general,72.0,hombre,3.0,2.0,0.0,hospitalización a domicilio,no,9.0,sí,hospital A,urgente,20/09/2025,no,distrito 3,no
cardiologia,25.0,hombre,5.0,1.0,0.0,domicilio,sí,7.0,no,hospital A,N/D,28/02/2025,no,distrito 7,sí
traumatologia,48.0,hombre,8.0,6.0,0.0,domicilio,sí,7.0,no,hospital A,urgente,25/10/2024,no,distrito 2,sí
  medicina interna ,76.0,mujer,10.0,1.0,0.0,hospitalización a domicilio,sí,12.0,no,hospital B,urgente,24/02/2025,no,distrito 8,sí
cirugía general,65.0,hombre,3.0,2.0,0.0,domicilio,no,4.0,no,hospital C,programado,22/02/2025,no,distrito 4,no
NEUMOLOGÍA,77.0,hombre,7.0,3.0,0.0,domicilio,sí,4.0,sí,hospital D,urgente,17/10/2024,no,distrito 9,no
neumologia,59.0,hombre,6.0,0.0,8.0,domicilio,no,3.0,no,hospital D,urgente,31/08/2024,no,distrito 9,sí
cardiología,42.0,hombre,7.0,4.0,0.0,domicilio,sí,5.0,no,hospital C,urgente,01/09/2025,no,distrito 7,no
medicina interna,59.0,hombre,2.0,8.0,2.0,domicilio,no,10.0,no,hospital F,urgente,11/05/2025,si,distrito 8,sí
cirugía general,59.0,hombre,4.0,1.0,0.0,hospitalización a domicilio,no,6.0,no,hospital C,programado,10/10/2024,no,distrito 2,no
cirugía general,91.0,hombre,3.0,0.0,0.0,domicilio,sí,3.0,no,hospital C,programado,27/07/2024,no,distrito 10,sí
traumatología,86.0,hombre,5.0,8.0,0.0,domicilio,sí,4.0,no,hospital B,urgente,14/12/2024,no,distrito 1,sí
medicina interna,71.0,hombre,3.0,0.0,1.0,domicilio,no,6.0,no,hospital B,urgente,19/11/2025,no,distrito 9,no
cirugía general,63.0,hombre,21.0,1.0,0.0,domicilio,sí,4.0,no,hospital F,programado,16/09/2025,no,distrito 3,sí
medicina interna,93.0,hombre,19.0,2.0,0.0,domicilio,sí,5.0,sí,hospital F,urgente,04/08/2025,no,distrito 8,no
medicina interna,52.0,hombre,0.0,0.0,0.0,domicilio,no,1.0,sí,hospital A,urgente,28/03/2025,si,distrito 3,sí
medicina interna,61.0,mujer,11.0,6.0,0.0,domicilio,no,4.0,no,hospital D,urgente,08/02/2025,no,distrito 5,no
cardiología,74.0,mujer,4.0,1.0,0.0,domicilio,sí,1.0,no,hospital C,urgente,20/11/2025,no,distrito 3,no
cirugía general,69.0,hombre,19.0,4.0,0.0,domicilio,no,8.0,no,hospital E,urgente,01/10/2024,si,distrito 1,sí
  cirugía general ,58.0,hombre,4.0,3.0,4.0,domicilio,no,11.0,no,hospital D,urgente,09/02/2025,no,distrito 8,no
cirugía general,55.0,mujer,9.0,2.0,0.0,residencia,sí,2.0,sí,hospital B,programado,12/04/2025,no,distrito 5,sí
digestivo,82.0,hombre,9.0,0.0,0.0,domicilio,no,9.0,no,hospital F,urgente,02/06/2025,no,distrito 2,sí
cardiología,81.0,hombre,9.0,1.0,1.0,hospitalización a domicilio,sí,12.0,no,hospital C,programado,04/06/2025,no,distrito 1,sí
traumatología,63.0,hombre,9.0,1.0,1.0,domicilio,no,0.0,sí,hospital D,N/D,25/10/2024,no,distrito 9,sí
medicina interna,56.0,mujer,13.0,1.0,0.0,domicilio,no,7.0,no,hospital A,urgente,07/09/2024,no,distrito 5,no
medicina interna,61.0,hombre,-99.0,0.0,0.0,domicilio,sí,12.0,no,hospital B,programado,06/09/2025,no,distrito 3,sí
  medicina interna ,86.0,mujer,50.0,0.0,0.0,domicilio,sí,0.0,no,hospital A,urgente,09/01/2025,no,distrito 8,sí
  cardiología ,59.0,hombre,4.0,1.0,0.0,domicilio,no,8.0,no,hospital E,programado,17/11/2024,no,distrito 9,sí
medicina interna,91.0,mujer,5.0,3.0,0.0,residencia,sí,4.0,sí,hospital E,programado,25/07/2025,si,distrito 1,no
traumatología,81.0,hombre,5.0,8.0,0.0,domicilio,no,3.0,no,hospital D,urgente,04/11/2024,si,distrito 3,sí
traumatología,66.0,mujer,2.0,1.0,2.0,domicilio,no,9.0,sí,hospital D,urgente,17/09/2025,no,distrito 7,no
neumología,90.0,mujer,7.0,5.0,0.0,domicilio,sí,2.0,no,hospital E,urgente,09/02/2025,no,distrito 7,no
neumologia,40.0,mujer,1.0,0.0,2.0,domicilio,sí,3.0,no,hospital A,urgente,28/02/2025,no,distrito 10,no
traumatología,53.0,mujer,4.0,2.0,4.0,domicilio,no,10.0,no,hospital A,urgente,02/10/2025,no,distrito 3,no
traumatología,61.0,mujer,6.0,7.0,0.0,domicilio,sí,14.0,no,hospital E,urgente,13/09/2025,si,distrito 6,sí
cardiología,35.0,mujer,5.0,3.0,2.0,domicilio,no,3.0,no,hospital F,urgente,25/07/2024,no,distrito 7,no
cardiología,75.0,hombre,15.0,8.0,0.0,domicilio,sí,4.0,no,hospital A,urgente,12/01/2025,si,distrito 7,sí
medicina interna,64.0,hombre,13.0,4.0,0.0,domicilio,sí,7.0,no,hospital E,urgente,17/10/2025,no,distrito 9,no
neumología,40.0,hombre,8.0,0.0,0.0,domicilio,no,7.0,sí,hospital C,urgente,21/03/2025,no,distrito 9,no
medicina interna,37.0,mujer,7.0,9.0,0.0,centro de media estancia,no,3.0,no,hospital A,urgente,23/07/2024,no,distrito 4,sí
cirugía general,61.0,hombre,21.0,0.0,0.0,domicilio,no,3.0,sí,hospital C,N/D,06/06/2025,no,distrito 2,no
MEDICINA INTERNA,100.0,mujer,7.0,2.0,0.0,domicilio,sí,8.0,no,hospital D,urgente,22/12/2024,no,distrito 9,no
cardiología,97.0,mujer,4.0,5.0,1.0,domicilio,sí,6.0,no,hospital D,urgente,05/10/2025,no,distrito 3,no
cirugía general,45.0,hombre,8.0,7.0,0.0,domicilio,sí,5.0,no,hospital F,urgente,25/06/2025,no,distrito 9,no
digestivo,88.0,hombre,6.0,5.0,0.0,residencia,sí,9.0,no,hospital B,urgente,18/08/2024,si,distrito 8,no
medicina interna,49.0,hombre,2.0,0.0,0.0,domicilio,sí,7.0,no,hospital D,programado,21/06/2025,no,distrito 9,no
neumología,77.0,mujer,1.0,3.0,4.0,domicilio,sí,11.0,no,hospital F,urgente,22/12/2024,no,distrito 3,sí
traumatología,46.0,hombre,8.0,4.0,0.0,residencia,sí,7.0,no,hospital A,urgente,30/06/2024,si,distrito 5,sí
neumología,64.0,hombre,6.0,1.0,0.0,residencia,sí,4.0,no,hospital F,urgente,06/09/2024,no,distrito 2,no
CIRUGÍA GENERAL,53.0,hombre,9.0,10.0,2.0,domicilio,sí,2.0,no,hospital A,programado,17/06/2024,no,distrito 7,sí
  cirugía general ,69.0,hombre,3.0,3.0,0.0,domicilio,sí,5.0,sí,hospital D,urgente,21/08/2025,no,distrito 10,no
  cardiología ,55.0,mujer,-99.0,6.0,0.0,domicilio,sí,9.0,no,hospital E,urgente,16/09/2024,no,distrito 3,sí
medicina interna,74.0,mujer,3.0,0.0,0.0,domicilio,no,2.0,no,hospital E,urgente,09/11/2024,si,distrito 3,sí
digestivo,77.0,hombre,8.0,2.0,1.0,domicilio,sí,4.0,sí,hospital E,urgente,23/06/2025,no,distrito 3,sí
medicina interna,52.0,mujer,5.0,2.0,0.0,domicilio,no,5.0,no,hospital D,N/D,19/07/2024,no,distrito 8,sí
  medicina interna ,46.0,hombre,3.0,3.0,0.0,domicilio,no,5.0,no,hospital A,urgente,08/05/2025,no,distrito 4,no
traumatología,61.0,hombre,9.0,0.0,0.0,domicilio,sí,13.0,no,hospital F,urgente,23/08/2024,no,distrito 7,sí
medicina interna,100.0,mujer,7.0,1.0,0.0,domicilio,sí,1.0,sí,hospital B,urgente,01/02/2025,no,distrito 4,sí
digestivo,69.0,hombre,6.0,4.0,0.0,domicilio,sí,7.0,sí,hospital B,urgente,18/03/2025,no,distrito 10,sí
digestivo,44.0,hombre,8.0,3.0,0.0,domicilio,no,5.0,sí,hospital E,urgente,05/07/2025,no,distrito 2,no
medicina interna,86.0,hombre,7.0,0.0,0.0,domicilio,no,1.0,no,hospital B,N/D,22/09/2025,no,distrito 6,no
neumología,54.0,mujer,2.0,3.0,0.0,domicilio,sí,10.0,no,hospital C,programado,21/07/2024,no,distrito 7,no
cardiologia,83.0,hombre,8.0,1.0,0.0,domicilio,sí,2.0,no,hospital D,programado,11/11/2024,no,distrito 9,no
DIGESTIVO,38.0,mujer,7.0,2.0,0.0,hospitalización a domicilio,sí,7.0,no,hospital A,urgente,29/04/2025,no,distrito 2,no
cirugía general,84.0,hombre,6.0,7.0,1.0,domicilio,no,10.0,no,hospital A,urgente,03/02/2025,si,distrito 10,sí
medicina interna,47.0,mujer,1.0,7.0,0.0,residencia,sí,17.0,no,hospital C,programado,15/01/2025,si,distrito 8,sí
cirugía general,93.0,hombre,1.0,0.0,1.0,domicilio,no,4.0,no,hospital A,programado,12/04/2025,no,distrito 3,no
cirugía general,93.0,hombre,4.0,13.0,0.0,domicilio,sí,2.0,no,hospital A,urgente,18/07/2025,si,distrito 8,sí
traumatología,45.0,hombre,3.0,7.0,0.0,hospitalización a domicilio,sí,7.0,no,hospital F,programado,01/03/2025,no,distrito 9,no
cardiología,78.0,mujer,6.0,0.0,3.0,domicilio,no,9.0,no,hospital C,urgente,27/11/2024,no,distrito 8,no
MEDICINA INTERNA,56.0,mujer,5.0,0.0,4.0,domicilio,no,4.0,no,hospital D,urgente,09/10/2025,no,distrito 3,no
medicina interna,90.0,hombre,12.0,2.0,2.0,domicilio,sí,7.0,no,hospital A,urgente,23/08/2024,no,distrito 7,no
traumatología,72.0,mujer,5.0,0.0,3.0,residencia,sí,4.0,no,hospital C,urgente,18/01/2025,no,distrito 9,no
digestivo,61.0,mujer,2.0,2.0,0.0,domicilio,sí,10.0,no,hospital E,urgente,08/08/2024,no,distrito 9,no
digestivo,45.0,mujer,5.0,2.0,0.0,hospitalización a domicilio,sí,15.0,no,hospital B,N/D,26/08/2025,no,distrito 10,no
MEDICINA INTERNA,59.0,hombre,4.0,0.0,1.0,domicilio,no,9.0,sí,hospital A,urgente,27/11/2024,si,distrito 6,sí
traumatología,18.0,hombre,8.0,0.0,0.0,domicilio,no,15.0,no,hospital A,programado,11/09/2024,no,distrito 7,no
traumatología,45.0,mujer,9.0,0.0,0.0,domicilio,no,5.0,sí,hospital C,N/D,07/01/2025,no,distrito 5,no
digestivo,47.0,hombre,2.0,0.0,0.0,domicilio,sí,12.0,no,hospital C,programado,15/06/2024,no,distrito 2,sí
MEDICINA INTERNA,45.0,hombre,-99.0,6.0,0.0,domicilio,no,10.0,no,hospital B,urgente,22/06/2024,no,distrito 10,sí
medicina interna,68.0,mujer,6.0,3.0,1.0,hospitalización a domicilio,no,7.0,no,hospital F,programado,28/01/2025,no,distrito 10,no
  cirugía general ,85.0,mujer,9.0,0.0,1.0,domicilio,no,5.0,no,hospital B,urgente,28/09/2025,no,distrito 2,no
medicina interna,81.0,mujer,12.0,2.0,0.0,domicilio,sí,4.0,sí,hospital D,urgente,07/03/2025,si,distrito 1,no
traumatología,79.0,mujer,12.0,4.0,1.0,domicilio,no,22.0,no,hospital C,programado,08/04/2025,no,distrito 6,no
cirugía general,66.0,mujer,19.0,6.0,2.0,domicilio,no,16.0,sí,hospital D,urgente,10/12/2024,no,distrito 8,sí
traumatología,32.0,hombre,1.0,4.0,2.0,domicilio,sí,2.0,no,hospital F,urgente,15/06/2025,no,distrito 6,no
medicina interna,44.0,mujer,3.0,8.0,1.0,domicilio,no,4.0,no,hospital D,urgente,13/01/2025,si,distrito 6,no
  cirugía general ,43.0,hombre,12.0,1.0,0.0,centro de media estancia,no,1.0,no,hospital E,urgente,30/05/2025,si,distrito 9,no
neumología,54.0,hombre,-99.0,0.0,1.0,domicilio,no,13.0,no,hospital A,urgente,08/07/2024,no,distrito 8,no
traumatología,73.0,mujer,5.0,3.0,0.0,residencia,no,14.0,no,hospital D,programado,14/08/2025,si,distrito 8,sí
DIGESTIVO,67.0,mujer,4.0,2.0,6.0,hospitalización a domicilio,no,13.0,sí,hospital C,urgente,19/11/2024,no,distrito 6,sí
MEDICINA INTERNA,66.0,hombre,-99.0,11.0,0.0,domicilio,sí,11.0,sí,hospital B,programado,22/07/2024,si,distrito 7,sí
MEDICINA INTERNA,71.0,hombre,22.0,3.0,0.0,domicilio,no,6.0,no,hospital F,urgente,16/09/2025,no,distrito 3,sí
neumología,80.0,mujer,3.0,1.0,4.0,domicilio,sí,4.0,no,hospital E,urgente,01/11/2024,no,distrito 1,no
  medicina interna ,73.0,mujer,17.0,8.0,2.0,domicilio,no,4.0,no,hospital D,urgente,08/12/2024,si,distrito 3,no
cardiología,73.0,mujer,3.0,1.0,5.0,centro de media estancia,no,2.0,no,hospital A,urgente,08/08/2025,no,distrito 1,no
medicina interna,60.0,mujer,7.0,3.0,0.0,hospitalización a domicilio,no,12.0,no,hospital D,programado,13/04/2025,si,distrito 10,no
medicina interna,81.0,hombre,4.0,5.0,0.0,domicilio,sí,8.0,sí,hospital E,programado,28/10/2025,no,distrito 3,no
medicina interna,58.0,mujer,5.0,3.0,0.0,domicilio,sí,0.0,no,hospital E,programado,26/09/2025,si,distrito 9,no
medicina interna,58.0,mujer,4.0,7.0,0.0,domicilio,sí,4.0,no,hospital F,urgente,31/05/2025,no,distrito 10,no
medicina interna,58.0,mujer,13.0,4.0,4.0,residencia,sí,5.0,no,hospital C,urgente,25/09/2024,si,distrito 2,no
  traumatología ,73.0,hombre,3.0,9.0,0.0,residencia,sí,15.0,no,hospital C,urgente,27/07/2024,si,distrito 5,no
  medicina interna ,100.0,hombre,4.0,0.0,2.0,domicilio,no,19.0,no,hospital D,programado,19/11/2025,no,distrito 7,no
  neumología ,65.0,hombre,1.0,0.0,1.0,centro de media estancia,sí,1.0,no,hospital D,programado,01/04/2025,no,distrito 2,no
  neumología ,66.0,mujer,1.0,1.0,0.0,domicilio,sí,10.0,no,hospital D,programado,22/02/2025,no,distrito 8,sí
medicina interna,66.0,hombre,11.0,2.0,0.0,domicilio,sí,6.0,no,hospital E,programado,01/07/2025,no,distrito 10,sí
medicina interna,57.0,mujer,11.0,0.0,1.0,residencia,no,5.0,no,hospital F,urgente,25/12/2024,no,distrito 10,no
cardiología,56.0,mujer,2.0,1.0,2.0,domicilio,sí,2.0,no,hospital F,programado,16/11/2024,no,distrito 10,no
  digestivo ,89.0,mujer,4.0,0.0,0.0,domicilio,sí,3.0,no,hospital E,programado,01/12/2024,no,distrito 10,no
traumatología,33.0,hombre,9.0,3.0,2.0,centro de media estancia,sí,4.0,no,hospital A,urgente,01/06/2025,no,distrito 3,no
neumología,66.0,mujer,1.0,0.0,0.0,domicilio,sí,3.0,no,hospital E,urgente,05/08/2024,no,distrito 6,no
neumología,61.0,hombre,3.0,1.0,0.0,domicilio,no,4.0,no,hospital F,urgente,27/10/2024,no,distrito 6,no
neumología,68.0,hombre,-99.0,1.0,0.0,hospitalización a domicilio,no,6.0,sí,hospital E,programado,04/06/2025,no,distrito 1,no
medicina interna,57.0,mujer,4.0,9.0,0.0,domicilio,sí,9.0,no,hospital F,programado,09/08/2025,no,distrito 3,no
neumología,76.0,hombre,2.0,1.0,0.0,domicilio,sí,8.0,no,hospital F,urgente,10/07/2024,no,distrito 9,no
  neumología ,68.0,hombre,16.0,4.0,0.0,domicilio,sí,5.0,no,hospital E,urgente,06/07/2024,no,distrito 9,no
CARDIOLOGÍA,49.0,mujer,0.0,1.0,0.0,centro de media estancia,sí,7.0,no,hospital D,urgente,19/06/2025,no,distrito 4,no
TRAUMATOLOGÍA,80.0,hombre,4.0,2.0,0.0,domicilio,sí,3.0,no,hospital B,urgente,01/08/2025,no,distrito 9,sí
traumatología,49.0,mujer,5.0,0.0,0.0,domicilio,no,3.0,no,hospital A,programado,21/01/2025,no,distrito 6,no
traumatología,63.0,hombre,0.0,1.0,0.0,domicilio,sí,12.0,no,hospital D,urgente,11/08/2025,no,distrito 4,sí
traumatología,84.0,hombre,4.0,0.0,0.0,domicilio,no,11.0,no,hospital B,programado,11/01/2025,no,distrito 2,sí
traumatología,67.0,mujer,2.0,0.0,1.0,domicilio,no,5.0,sí,hospital B,urgente,25/12/2024,no,distrito 9,no
neumología,47.0,hombre,1.0,3.0,0.0,domicilio,sí,16.0,sí,hospital F,urgente,18/12/2024,no,distrito 1,no
cirugía general,73.0,mujer,13.0,9.0,0.0,domicilio,sí,6.0,no,hospital E,programado,24/03/2025,no,distrito 6,no
cirugía general,76.0,mujer,12.0,1.0,3.0,domicilio,sí,4.0,sí,hospital F,programado,25/03/2025,no,distrito 1,no
neumología,65.0,mujer,5.0,1.0,0.0,domicilio,sí,3.0,sí,hospital D,urgente,07/06/2025,no,distrito 8,sí
cirugia general,58.0,hombre,-99.0,4.0,1.0,domicilio,no,6.0,sí,hospital E,urgente,13/06/2024,si,distrito 8,no
TRAUMATOLOGÍA,86.0,hombre,25.0,11.0,0.0,hospitalización a domicilio,no,13.0,no,hospital D,programado,08/10/2025,si,distrito 2,no
medicina interna,77.0,mujer,2.0,3.0,0.0,domicilio,sí,6.0,no,hospital C,urgente,07/10/2024,no,distrito 1,sí
  traumatología ,76.0,hombre,4.0,1.0,3.0,domicilio,sí,7.0,no,hospital F,urgente,25/01/2025,no,distrito 3,no
medicina interna,53.0,mujer,3.0,11.0,0.0,domicilio,sí,1.0,no,hospital D,urgente,16/09/2025,si,distrito 8,no
medicina interna,49.0,mujer,3.0,2.0,2.0,residencia,sí,13.0,no,hospital B,urgente,06/09/2025,no,distrito 3,no
  medicina interna ,51.0,hombre,4.0,3.0,0.0,domicilio,no,8.0,no,hospital C,programado,29/03/2025,no,distrito 3,no
neumología,22.0,hombre,11.0,5.0,0.0,domicilio,sí,12.0,no,hospital D,programado,13/09/2024,si,distrito 8,sí
cirugía general,69.0,hombre,3.0,0.0,0.0,hospitalización a domicilio,sí,8.0,sí,hospital F,programado,02/10/2025,no,distrito 5,no
digestivo,64.0,hombre,6.0,1.0,2.0,domicilio,no,16.0,no,hospital A,urgente,30/10/2024,no,distrito 9,sí
neumología,87.0,hombre,21.0,1.0,1.0,domicilio,sí,8.0,sí,hospital D,programado,29/06/2025,no,distrito 10,sí
traumatologia,64.0,hombre,8.0,2.0,1.0,domicilio,sí,2.0,no,hospital A,urgente,28/11/2024,no,distrito 3,no
traumatología,47.0,hombre,7.0,7.0,1.0,domicilio,no,2.0,no,hospital B,urgente,18/05/2025,no,distrito 2,sí
  medicina interna ,56.0,mujer,1.0,9.0,0.0,domicilio,sí,17.0,no,hospital C,programado,30/10/2024,si,distrito 7,no
neumología,78.0,mujer,9.0,0.0,0.0,residencia,no,6.0,no,hospital E,urgente,02/04/2025,no,distrito 7,no
traumatología,66.0,mujer,0.0,2.0,0.0,domicilio,sí,7.0,sí,hospital F,programado,16/07/2025,no,distrito 4,sí
cirugia general,57.0,hombre,13.0,3.0,1.0,domicilio,sí,0.0,no,hospital E,urgente,14/04/2025,no,distrito 8,no
medicina interna,73.0,hombre,10.0,3.0,2.0,residencia,sí,2.0,no,hospital D,urgente,15/06/2024,no,distrito 5,sí
traumatología,23.0,mujer,9.0,2.0,0.0,domicilio,sí,5.0,no,hospital A,urgente,30/10/2024,no,distrito 1,no
neumología,76.0,hombre,15.0,0.0,0.0,domicilio,no,2.0,no,hospital C,programado,04/10/2025,no,distrito 3,sí
digestivo,75.0,mujer,-99.0,1.0,1.0,domicilio,no,7.0,sí,hospital B,urgente,23/10/2024,no,distrito 2,no
medicina interna,55.0,hombre,3.0,4.0,0.0,domicilio,no,4.0,sí,hospital C,urgente,22/08/2024,si,distrito 9,sí
medicina interna,77.0,hombre,14.0,9.0,2.0,domicilio,sí,9.0,no,hospital A,urgente,20/01/2025,si,distrito 7,no
neumologia,46.0,hombre,1.0,0.0,0.0,hospitalización a domicilio,sí,16.0,no,hospital D,urgente,09/02/2025,no,distrito 9,no
MEDICINA INTERNA,75.0,hombre,11.0,0.0,0.0,domicilio,sí,4.0,no,hospital F,urgente,19/10/2025,no,distrito 8,no
medicina interna,51.0,hombre,8.0,0.0,0.0,domicilio,sí,14.0,sí,hospital F,urgente,16/07/2024,no,distrito 7,no
cardiología,43.0,hombre,11.0,1.0,0.0,residencia,sí,8.0,no,hospital B,urgente,25/02/2025,no,distrito 4,sí
cardiologia,43.0,hombre,7.0,2.0,0.0,domicilio,sí,7.0,no,hospital C,urgente,23/12/2024,no,distrito 2,no
medicina interna,35.0,hombre,17.0,3.0,0.0,domicilio,no,0.0,no,hospital A,programado,10/06/2025,no,distrito 2,no
traumatología,58.0,hombre,3.0,0.0,0.0,domicilio,no,4.0,no,hospital C,programado,08/04/2025,no,distrito 2,no
NEUMOLOGÍA,98.0,hombre,6.0,5.0,2.0,domicilio,sí,16.0,no,hospital F,urgente,22/01/2025,si,distrito 6,no
  digestivo ,74.0,mujer,7.0,6.0,0.0,domicilio,no,2.0,sí,hospital B,urgente,22/04/2025,no,distrito 7,no
traumatología,71.0,hombre,14.0,1.0,0.0,hospitalización a domicilio,sí,1.0,no,hospital B,urgente,30/10/2024,no,distrito 6,no
cirugía general,36.0,mujer,-99.0,0.0,1.0,domicilio,sí,8.0,no,hospital C,programado,24/12/2024,no,distrito 3,no
medicina interna,74.0,mujer,5.0,1.0,0.0,domicilio,no,4.0,sí,hospital D,urgente,08/10/2025,no,distrito 3,sí
  traumatología ,52.0,mujer,14.0,2.0,0.0,hospitalización a domicilio,sí,5.0,no,hospital A,programado,25/03/2025,no,distrito 4,sí
neumología,56.0,mujer,-99.0,4.0,0.0,hospitalización a domicilio,sí,15.0,no,hospital A,urgente,04/02/2025,no,distrito 7,sí
cardiología,72.0,mujer,7.0,1.0,0.0,domicilio,no,4.0,no,hospital D,urgente,27/06/2025,no,distrito 4,sí
digestivo,34.0,hombre,8.0,0.0,0.0,domicilio,no,8.0,no,hospital A,urgente,20/05/2025,no,distrito 8,sí
medicina interna,93.0,hombre,3.0,1.0,0.0,domicilio,no,3.0,sí,hospital B,urgente,18/10/2024,no,distrito 4,sí
neumología,72.0,hombre,9.0,3.0,0.0,domicilio,no,3.0,sí,hospital E,programado,20/06/2024,no,distrito 7,no
traumatología,62.0,mujer,4.0,8.0,1.0,domicilio,no,8.0,no,hospital B,programado,29/09/2024,si,distrito 10,sí
CARDIOLOGÍA,75.0,hombre,8.0,3.0,0.0,domicilio,sí,7.0,no,hospital B,N/D,03/09/2024,no,distrito 10,no
cirugía general,86.0,hombre,7.0,0.0,0.0,hospitalización a domicilio,sí,3.0,sí,hospital B,N/D,13/01/2025,no,distrito 3,no
medicina interna,72.0,hombre,6.0,1.0,1.0,centro de media estancia,sí,8.0,no,hospital C,urgente,28/08/2025,no,distrito 10,no
traumatología,78.0,mujer,10.0,5.0,0.0,domicilio,sí,4.0,no,hospital C,urgente,25/07/2024,si,distrito 5,no
traumatología,73.0,mujer,6.0,1.0,4.0,domicilio,no,12.0,no,hospital B,urgente,31/07/2024,no,distrito 1,sí
neumología,64.0,mujer,3.0,0.0,2.0,domicilio,no,6.0,sí,hospital B,programado,23/03/2025,no,distrito 5,no
  traumatología ,59.0,hombre,-99.0,3.0,3.0,domicilio,sí,10.0,no,hospital E,urgente,07/11/2025,no,distrito 2,no
DIGESTIVO,62.0,hombre,14.0,1.0,0.0,domicilio,sí,6.0,sí,hospital B,urgente,31/08/2025,no,distrito 9,sí
cardiología,77.0,mujer,3.0,0.0,0.0,hospitalización a domicilio,sí,5.0,no,hospital B,urgente,15/06/2025,no,distrito 5,no
medicina interna,59.0,hombre,9.0,0.0,0.0,domicilio,sí,1.0,sí,hospital F,urgente,09/09/2024,no,distrito 2,sí
traumatología,79.0,mujer,1.0,2.0,1.0,hospitalización a domicilio,sí,11.0,sí,hospital A,urgente,18/09/2025,no,distrito 6,sí
neumología,67.0,hombre,7.0,0.0,0.0,domicilio,no,9.0,no,hospital D,urgente,27/06/2025,si,distrito 10,no
cirugía general,91.0,hombre,10.0,1.0,1.0,domicilio,sí,8.0,no,hospital C,urgente,08/10/2024,no,distrito 5,sí
neumologia,98.0,mujer,3.0,2.0,1.0,domicilio,sí,17.0,no,hospital A,urgente,08/02/2025,no,distrito 7,no
traumatología,75.0,mujer,19.0,0.0,0.0,domicilio,sí,6.0,sí,hospital D,urgente,20/12/2024,no,distrito 6,no
MEDICINA INTERNA,86.0,mujer,1.0,1.0,0.0,domicilio,sí,5.0,no,hospital E,urgente,03/09/2025,no,distrito 2,sí
cardiología,53.0,hombre,4.0,11.0,0.0,domicilio,no,1.0,no,hospital E,programado,08/06/2025,si,distrito 8,no
medicina interna,69.0,hombre,6.0,1.0,0.0,domicilio,sí,12.0,sí,hospital B,urgente,28/07/2024,no,distrito 8,no
cardiología,80.0,mujer,-99.0,3.0,0.0,centro de media estancia,no,7.0,no,hospital D,urgente,12/12/2024,si,distrito 9,sí
cirugía general,61.0,hombre,-99.0,0.0,5.0,hospitalización a domicilio,sí,3.0,sí,hospital C,programado,11/04/2025,no,distrito 9,no
digestivo,80.0,hombre,-99.0,2.0,0.0,domicilio,sí,1.0,no,hospital F,programado,12/02/2025,no,distrito 10,no
medicina interna,59.0,hombre,5.0,3.0,3.0,domicilio,sí,3.0,sí,hospital D,urgente,21/06/2025,no,distrito 6,no
  medicina interna ,76.0,hombre,10.0,0.0,0.0,residencia,sí,3.0,no,hospital F,urgente,23/12/2024,no,distrito 8,no
  medicina interna ,62.0,mujer,2.0,1.0,2.0,centro de media estancia,sí,8.0,no,hospital D,urgente,19/11/2024,no,distrito 1,no
digestivo,66.0,mujer,11.0,0.0,7.0,domicilio,no,6.0,sí,hospital D,urgente,15/08/2025,no,distrito 6,no
cardiología,68.0,hombre,8.0,0.0,0.0,domicilio,sí,2.0,no,hospital A,urgente,28/06/2024,no,distrito 7,sí
traumatología,66.0,mujer,9.0,1.0,1.0,domicilio,sí,3.0,no,hospital F,urgente,07/07/2024,no,distrito 2,no
MEDICINA INTERNA,87.0,mujer,10.0,4.0,0.0,domicilio,sí,12.0,no,hospital F,programado,04/04/2025,no,distrito 9,sí
cardiología,84.0,hombre,7.0,2.0,0.0,domicilio,sí,5.0,sí,hospital D,urgente,14/12/2024,no,distrito 6,no
traumatología,63.0,mujer,8.0,4.0,3.0,centro de media estancia,sí,7.0,no,hospital E,programado,24/07/2025,no,distrito 5,sí
CARDIOLOGÍA,77.0,hombre,1.0,14.0,1.0,residencia,no,6.0,no,hospital F,urgente,14/04/2025,no,distrito 10,no
CARDIOLOGÍA,69.0,hombre,5.0,2.0,0.0,domicilio,sí,6.0,no,hospital B,urgente,15/02/2025,si,distrito 10,sí
CARDIOLOGÍA,33.0,hombre,15.0,0.0,0.0,residencia,no,3.0,no,hospital E,urgente,03/09/2025,no,distrito 6,no
medicina interna,28.0,hombre,4.0,1.0,1.0,domicilio,no,6.0,sí,hospital C,programado,12/06/2025,no,distrito 9,sí
cirugía general,88.0,hombre,5.0,0.0,0.0,domicilio,no,9.0,no,hospital F,urgente,25/02/2025,no,distrito 5,no
MEDICINA INTERNA,80.0,hombre,11.0,3.0,0.0,domicilio,no,12.0,no,hospital F,programado,20/09/2024,no,distrito 6,no
traumatología,100.0,hombre,5.0,0.0,3.0,residencia,sí,2.0,no,hospital F,urgente,26/01/2025,no,distrito 7,sí
medicina interna,60.0,hombre,9.0,1.0,0.0,domicilio,sí,5.0,no,hospital E,urgente,24/07/2025,no,distrito 1,sí
neumología,66.0,mujer,4.0,2.0,0.0,residencia,sí,17.0,no,hospital D,urgente,02/07/2025,si,distrito 10,no
medicina interna,84.0,mujer,12.0,2.0,0.0,domicilio,sí,4.0,no,hospital D,urgente,17/09/2024,no,distrito 2,no
NEUMOLOGÍA,80.0,mujer,13.0,5.0,3.0,domicilio,no,8.0,no,hospital F,urgente,18/10/2024,no,distrito 2,no
  cirugía general ,49.0,hombre,2.0,1.0,2.0,centro de media estancia,sí,9.0,no,hospital F,urgente,09/09/2024,no,distrito 4,no
neumología,54.0,mujer,8.0,0.0,1.0,domicilio,sí,13.0,no,hospital F,urgente,22/08/2024,no,distrito 4,no
digestivo,63.0,mujer,3.0,2.0,0.0,domicilio,no,13.0,sí,hospital B,programado,20/05/2025,no,distrito 2,no
neumología,77.0,mujer,9.0,0.0,14.0,domicilio,sí,11.0,no,hospital A,urgente,02/10/2024,no,distrito 1,no
CIRUGÍA GENERAL,77.0,mujer,8.0,0.0,0.0,hospitalización a domicilio,no,2.0,no,hospital B,urgente,02/10/2024,no,distrito 6,no
medicina interna,58.0,mujer,6.0,7.0,0.0,domicilio,no,10.0,no,hospital E,urgente,27/07/2024,no,distrito 2,no
medicina interna,46.0,hombre,-99.0,2.0,1.0,domicilio,sí,13.0,sí,hospital E,urgente,17/01/2025,no,distrito 10,no
medicina interna,62.0,hombre,12.0,7.0,0.0,centro de media estancia,sí,5.0,no,hospital F,urgente,15/10/2025,no,distrito 3,no
cardiología,57.0,hombre,3.0,0.0,0.0,domicilio,sí,0.0,no,hospital A,urgente,26/10/2025,no,distrito 6,no
neumología,73.0,mujer,22.0,4.0,1.0,domicilio,no,6.0,sí,hospital C,programado,17/08/2025,no,distrito 4,no
cirugía general,73.0,mujer,11.0,0.0,1.0,domicilio,no,3.0,no,hospital C,urgente,14/01/2025,no,distrito 5,no
medicina interna,64.0,hombre,3.0,3.0,0.0,domicilio,sí,4.0,no,hospital F,urgente,31/03/2025,si,distrito 3,no
medicina interna,56.0,mujer,7.0,2.0,3.0,domicilio,no,2.0,no,hospital B,urgente,09/04/2025,si,distrito 5,no
  medicina interna ,82.0,mujer,9.0,10.0,0.0,residencia,sí,3.0,no,hospital F,programado,14/10/2024,si,distrito 9,no
cardiología,52.0,hombre,2.0,1.0,0.0,domicilio,no,1.0,no,hospital E,programado,19/06/2024,no,distrito 7,sí
neumología,50.0,hombre,8.0,12.0,1.0,domicilio,sí,6.0,sí,hospital F,urgente,10/11/2025,no,distrito 10,no
cirugía general,54.0,mujer,7.0,1.0,0.0,domicilio,sí,2.0,no,hospital E,urgente,23/06/2025,no,distrito 6,no
cirugía general,68.0,hombre,8.0,3.0,0.0,centro de media estancia,sí,5.0,no,hospital C,programado,21/09/2025,no,distrito 10,no
medicina interna,38.0,mujer,3.0,1.0,0.0,residencia,sí,2.0,no,hospital F,urgente,03/09/2024,no,distrito 9,no
cardiología,74.0,hombre,12.0,3.0,2.0,domicilio,no,3.0,no,hospital A,urgente,27/04/2025,no,distrito 5,sí
cardiología,70.0,hombre,0.0,0.0,1.0,centro de media estancia,sí,12.0,sí,hospital F,urgente,15/11/2025,si,distrito 9,no
medicina interna,44.0,hombre,7.0,2.0,0.0,domicilio,sí,4.0,sí,hospital C,urgente,29/08/2024,no,distrito 3,no
cirugía general,42.0,hombre,16.0,5.0,0.0,residencia,sí,13.0,sí,hospital B,urgente,12/09/2024,no,distrito 7,no
medicina interna,60.0,mujer,7.0,4.0,0.0,domicilio,sí,9.0,sí,hospital D,urgente,22/06/2024,no,distrito 8,no
traumatología,67.0,hombre,6.0,4.0,0.0,residencia,no,8.0,no,hospital A,urgente,21/11/2025,no,distrito 3,sí
traumatología,87.0,hombre,11.0,0.0,1.0,domicilio,no,10.0,no,hospital A,urgente,15/06/2025,no,distrito 9,sí
  cirugía general ,60.0,mujer,14.0,1.0,0.0,domicilio,sí,5.0,no,hospital D,programado,06/06/2025,no,distrito 6,sí
cardiología,76.0,mujer,3.0,1.0,0.0,domicilio,sí,15.0,no,hospital D,urgente,03/01/2025,no,distrito 5,no
  cirugía general ,73.0,mujer,4.0,0.0,0.0,domicilio,sí,4.0,no,hospital B,urgente,11/12/2024,no,distrito 8,no
digestivo,81.0,hombre,4.0,2.0,4.0,domicilio,no,6.0,no,hospital E,urgente,22/08/2024,no,distrito 3,no
cirugía general,66.0,hombre,6.0,0.0,0.0,domicilio,no,8.0,sí,hospital C,urgente,03/07/2024,no,distrito 7,sí
neumología,70.0,hombre,13.0,0.0,0.0,domicilio,sí,26.0,sí,hospital D,urgente,29/03/2025,no,distrito 4,no
medicina interna,52.0,mujer,4.0,1.0,0.0,domicilio,sí,11.0,no,hospital B,urgente,25/11/2024,si,distrito 1,no
neumología,89.0,hombre,2.0,5.0,2.0,hospitalización a domicilio,no,8.0,sí,hospital A,urgente,23/05/2025,no,distrito 7,no
digestivo,33.0,hombre,4.0,3.0,0.0,residencia,sí,3.0,no,hospital E,urgente,24/08/2025,no,distrito 6,sí
traumatología,78.0,hombre,2.0,1.0,0.0,domicilio,no,2.0,no,hospital A,N/D,09/07/2024,no,distrito 7,no
cardiología,90.0,hombre,4.0,2.0,0.0,hospitalización a domicilio,sí,2.0,no,hospital D,urgente,04/09/2025,no,distrito 4,sí
traumatología,18.0,hombre,3.0,4.0,1.0,domicilio,sí,9.0,no,hospital C,urgente,21/08/2024,no,distrito 9,no
medicina interna,50.0,hombre,10.0,5.0,1.0,centro de media estancia,no,4.0,no,hospital A,programado,16/09/2024,si,distrito 6,sí
CARDIOLOGÍA,60.0,mujer,2.0,2.0,0.0,domicilio,sí,4.0,sí,hospital C,urgente,29/07/2025,no,distrito 4,no
cardiología,44.0,hombre,9.0,10.0,0.0,domicilio,sí,2.0,no,hospital B,programado,07/10/2024,si,distrito 1,no
medicina interna,77.0,hombre,3.0,2.0,0.0,domicilio,no,6.0,sí,hospital D,urgente,27/04/2025,no,distrito 7,sí
medicina interna,58.0,mujer,4.0,0.0,0.0,domicilio,no,1.0,no,hospital C,programado,11/03/2025,no,distrito 5,no
traumatología,60.0,hombre,-99.0,5.0,0.0,domicilio,sí,1.0,no,hospital F,programado,11/07/2024,no,distrito 4,sí
traumatología,74.0,hombre,-99.0,2.0,0.0,domicilio,sí,3.0,no,hospital A,urgente,30/09/2025,no,distrito 3,sí
cardiología,69.0,hombre,1.0,0.0,0.0,hospitalización a domicilio,no,15.0,no,hospital D,urgente,28/04/2025,no,distrito 7,no
traumatología,69.0,hombre,1.0,2.0,0.0,centro de media estancia,sí,6.0,no,hospital E,urgente,26/10/2025,no,distrito 4,no
traumatología,18.0,mujer,2.0,11.0,0.0,domicilio,sí,13.0,sí,hospital C,urgente,30/12/2024,no,distrito 5,no
medicina interna,41.0,mujer,16.0,1.0,0.0,domicilio,no,2.0,no,hospital D,programado,10/08/2024,no,distrito 4,sí
cirugía general,76.0,hombre,4.0,1.0,2.0,domicilio,sí,5.0,no,hospital F,programado,17/01/2025,no,distrito 10,sí
neumología,68.0,hombre,5.0,0.0,0.0,residencia,sí,10.0,no,hospital B,programado,11/10/2025,no,distrito 1,sí
cirugía general,62.0,mujer,18.0,1.0,2.0,domicilio,no,3.0,no,hospital E,programado,01/10/2024,no,distrito 8,sí
traumatologia,63.0,mujer,9.0,0.0,1.0,domicilio,no,11.0,sí,hospital A,urgente,10/01/2025,no,distrito 3,no
medicina interna,81.0,mujer,6.0,2.0,0.0,residencia,no,15.0,no,hospital F,programado,17/05/2025,no,distrito 4,sí
MEDICINA INTERNA,65.0,mujer,-99.0,2.0,0.0,domicilio,sí,5.0,no,hospital A,programado,15/08/2025,no,distrito 5,no
cardiología,67.0,mujer,5.0,2.0,0.0,domicilio,no,12.0,no,hospital F,urgente,30/11/2024,no,distrito 4,no
medicina interna,100.0,hombre,2.0,1.0,0.0,domicilio,no,10.0,no,hospital C,urgente,09/02/2025,no,distrito 9,no
CIRUGÍA GENERAL,64.0,hombre,1.0,0.0,1.0,centro de media estancia,sí,7.0,no,hospital D,urgente,03/02/2025,no,distrito 2,sí
neumología,67.0,mujer,8.0,2.0,0.0,hospitalización a domicilio,no,11.0,no,hospital E,programado,22/10/2025,no,distrito 2,no
cardiología,76.0,mujer,6.0,0.0,0.0,domicilio,sí,1.0,no,hospital F,urgente,31/08/2025,no,distrito 6,sí
cirugía general,80.0,hombre,4.0,1.0,0.0,centro de media estancia,sí,18.0,no,hospital C,urgente,13/05/2025,no,distrito 3,sí
medicina interna,51.0,mujer,15.0,0.0,1.0,residencia,no,2.0,sí,hospital C,programado,14/08/2024,no,distrito 1,no
cirugía general,80.0,mujer,1.0,1.0,0.0,domicilio,sí,11.0,no,hospital D,urgente,18/01/2025,no,distrito 10,no
digestivo,46.0,mujer,4.0,4.0,0.0,domicilio,sí,12.0,sí,hospital E,urgente,15/08/2025,no,distrito 8,no
cardiología,71.0,hombre,6.0,0.0,0.0,domicilio,no,12.0,sí,hospital E,urgente,04/09/2025,si,distrito 5,no
traumatología,50.0,hombre,15.0,3.0,0.0,domicilio,no,8.0,no,hospital A,urgente,29/07/2024,no,distrito 9,no
medicina interna,60.0,mujer,3.0,0.0,1.0,domicilio,sí,1.0,sí,hospital C,N/D,08/10/2024,no,distrito 9,no
medicina interna,57.0,mujer,20.0,2.0,0.0,domicilio,no,7.0,sí,hospital E,programado,02/05/2025,si,distrito 9,no
CARDIOLOGÍA,55.0,mujer,19.0,3.0,0.0,domicilio,sí,1.0,no,hospital B,programado,06/03/2025,no,distrito 7,sí
cardiología,74.0,mujer,7.0,1.0,0.0,hospitalización a domicilio,sí,5.0,no,hospital E,urgente,29/09/2024,no,distrito 5,sí
traumatología,33.0,hombre,8.0,1.0,1.0,domicilio,sí,3.0,sí,hospital A,urgente,02/11/2024,no,distrito 2,sí
medicina interna,66.0,hombre,2.0,1.0,0.0,domicilio,no,7.0,sí,hospital A,programado,15/10/2024,no,distrito 3,sí
medicina interna,32.0,mujer,12.0,3.0,1.0,domicilio,sí,11.0,sí,hospital C,urgente,25/08/2025,no,distrito 4,sí
cirugía general,68.0,hombre,1.0,3.0,0.0,centro de media estancia,sí,1.0,no,hospital F,programado,30/07/2025,no,distrito 2,no
cirugía general,46.0,mujer,11.0,0.0,1.0,domicilio,no,1.0,no,hospital E,programado,29/12/2024,no,distrito 1,no
medicina interna,38.0,hombre,7.0,1.0,11.0,domicilio,no,7.0,no,hospital F,N/D,14/06/2025,no,distrito 10,no
traumatología,49.0,mujer,3.0,3.0,2.0,residencia,no,4.0,no,hospital D,urgente,26/03/2025,no,distrito 1,sí
traumatología,66.0,hombre,3.0,0.0,0.0,domicilio,sí,5.0,no,hospital C,urgente,07/02/2025,no,distrito 5,sí
DIGESTIVO,57.0,hombre,1.0,1.0,3.0,domicilio,no,0.0,no,hospital E,programado,22/07/2025,no,distrito 7,sí
neumologia,44.0,mujer,15.0,1.0,0.0,residencia,sí,5.0,sí,hospital C,urgente,30/12/2024,no,distrito 2,sí
medicina interna,56.0,mujer,1.0,1.0,1.0,domicilio,no,9.0,no,hospital E,urgente,10/12/2024,no,distrito 10,sí
traumatologia,66.0,hombre,-99.0,0.0,0.0,hospitalización a domicilio,sí,5.0,no,hospital E,urgente,10/06/2024,no,distrito 1,sí
cardiología,75.0,mujer,19.0,0.0,0.0,domicilio,sí,7.0,no,hospital E,urgente,30/08/2024,no,distrito 7,no
NEUMOLOGÍA,78.0,hombre,4.0,3.0,0.0,domicilio,no,9.0,sí,hospital D,urgente,28/06/2024,no,distrito 2,no
medicina interna,58.0,hombre,4.0,2.0,1.0,domicilio,sí,11.0,no,hospital A,programado,08/01/2025,no,distrito 3,sí
cirugía general,95.0,hombre,7.0,1.0,0.0,domicilio,sí,2.0,no,hospital A,urgente,31/05/2025,no,distrito 10,sí
  medicina interna ,33.0,hombre,7.0,0.0,0.0,residencia,sí,9.0,no,hospital C,programado,20/08/2025,no,distrito 3,no
cardiologia,50.0,hombre,7.0,6.0,0.0,domicilio,sí,3.0,sí,hospital F,urgente,24/09/2024,no,distrito 9,sí
cardiología,81.0,hombre,18.0,4.0,2.0,domicilio,no,5.0,no,hospital D,programado,03/06/2024,si,distrito 4,no
cirugía general,79.0,hombre,5.0,1.0,0.0,domicilio,sí,4.0,no,hospital B,urgente,16/12/2024,no,distrito 4,no
cirugía general,56.0,hombre,13.0,0.0,1.0,residencia,sí,4.0,no,hospital E,programado,28/07/2024,no,distrito 4,no
medicina interna,58.0,mujer,1.0,2.0,0.0,domicilio,sí,16.0,sí,hospital A,urgente,31/08/2025,no,distrito 3,sí
neumología,74.0,mujer,7.0,0.0,2.0,domicilio,sí,7.0,no,hospital A,urgente,17/04/2025,no,distrito 7,no
cardiología,72.0,hombre,5.0,0.0,0.0,hospitalización a domicilio,sí,3.0,no,hospital E,urgente,11/10/2025,no,distrito 3,no
neumología,100.0,mujer,4.0,2.0,0.0,domicilio,sí,3.0,no,hospital E,programado,04/10/2025,no,distrito 5,sí
traumatología,90.0,mujer,16.0,3.0,1.0,residencia,sí,15.0,no,hospital F,urgente,14/09/2025,no,distrito 9,no
cardiología,30.0,mujer,4.0,1.0,0.0,domicilio,no,5.0,sí,hospital A,urgente,31/05/2025,no,distrito 7,no
DIGESTIVO,94.0,hombre,3.0,1.0,2.0,hospitalización a domicilio,no,12.0,sí,hospital C,N/D,31/12/2024,no,distrito 2,no
traumatología,62.0,hombre,4.0,0.0,0.0,domicilio,sí,3.0,no,hospital D,urgente,10/07/2024,no,distrito 10,no
MEDICINA INTERNA,72.0,hombre,2.0,0.0,2.0,residencia,sí,7.0,sí,hospital B,N/D,09/05/2025,no,distrito 6,sí
medicina interna,65.0,mujer,3.0,0.0,0.0,domicilio,sí,9.0,no,hospital E,programado,25/02/2025,no,distrito 3,no
cardiología,45.0,hombre,12.0,1.0,0.0,domicilio,no,6.0,no,hospital C,urgente,18/03/2025,no,distrito 10,no
medicina interna,40.0,hombre,-99.0,0.0,0.0,hospitalización a domicilio,sí,24.0,no,hospital E,urgente,12/09/2025,no,distrito 7,no
cardiología,90.0,mujer,20.0,6.0,0.0,domicilio,no,5.0,no,hospital E,urgente,07/05/2025,si,distrito 5,sí
  cardiología ,64.0,hombre,9.0,2.0,0.0,residencia,sí,8.0,no,hospital F,urgente,15/03/2025,no,distrito 4,no
medicina interna,92.0,hombre,-99.0,0.0,0.0,hospitalización a domicilio,no,4.0,no,hospital E,urgente,12/08/2024,no,distrito 8,sí
  cardiología ,77.0,mujer,16.0,4.0,0.0,domicilio,sí,6.0,no,hospital F,programado,25/06/2024,no,distrito 10,sí
traumatología,53.0,mujer,5.0,1.0,0.0,domicilio,sí,13.0,no,hospital B,urgente,22/09/2024,no,distrito 10,no
traumatologia,50.0,mujer,7.0,0.0,0.0,domicilio,sí,0.0,no,hospital E,urgente,22/09/2025,no,distrito 1,no
  cirugía general ,92.0,mujer,4.0,1.0,0.0,domicilio,sí,9.0,no,hospital A,urgente,30/08/2024,no,distrito 10,no
MEDICINA INTERNA,52.0,hombre,7.0,0.0,1.0,residencia,no,1.0,sí,hospital C,urgente,02/06/2025,no,distrito 5,no
digestivo,100.0,hombre,6.0,4.0,0.0,domicilio,no,5.0,no,hospital C,programado,11/10/2025,si,distrito 9,no
medicina interna,68.0,mujer,4.0,3.0,0.0,hospitalización a domicilio,no,12.0,no,hospital A,urgente,23/08/2024,no,distrito 10,sí
medicina interna,47.0,mujer,3.0,10.0,1.0,domicilio,no,7.0,no,hospital F,programado,25/12/2024,si,distrito 6,no
cirugía general,60.0,hombre,2.0,0.0,0.0,domicilio,sí,4.0,sí,hospital A,programado,25/09/2025,no,distrito 2,sí
medicina interna,69.0,hombre,1.0,3.0,0.0,hospitalización a domicilio,no,14.0,sí,hospital F,urgente,27/04/2025,si,distrito 2,no
TRAUMATOLOGÍA,65.0,hombre,4.0,3.0,0.0,domicilio,sí,11.0,sí,hospital E,urgente,26/08/2024,no,distrito 7,sí
neumología,55.0,hombre,14.0,0.0,0.0,residencia,sí,15.0,no,hospital A,urgente,01/06/2025,no,distrito 7,sí
medicina interna,45.0,hombre,-99.0,1.0,0.0,domicilio,sí,20.0,no,hospital C,urgente,05/12/2024,no,distrito 4,no
cirugía general,61.0,hombre,4.0,5.0,0.0,domicilio,no,0.0,no,hospital A,urgente,04/06/2025,no,distrito 2,sí
cirugía general,74.0,mujer,16.0,5.0,0.0,domicilio,no,4.0,no,hospital F,urgente,26/05/2025,no,distrito 4,sí
cardiología,80.0,mujer,7.0,0.0,3.0,domicilio,sí,5.0,no,hospital A,urgente,03/06/2024,no,distrito 2,sí
medicina interna,48.0,mujer,7.0,2.0,0.0,centro de media estancia,no,17.0,no,hospital D,urgente,24/10/2025,no,distrito 9,no
MEDICINA INTERNA,70.0,mujer,10.0,1.0,0.0,domicilio,sí,3.0,no,hospital C,urgente,05/02/2025,si,distrito 6,no
TRAUMATOLOGÍA,56.0,mujer,15.0,8.0,0.0,hospitalización a domicilio,sí,13.0,sí,hospital F,urgente,05/09/2025,no,distrito 3,sí
NEUMOLOGÍA,80.0,mujer,2.0,8.0,0.0,domicilio,sí,4.0,sí,hospital B,programado,17/06/2025,no,distrito 7,no
digestivo,46.0,mujer,-99.0,0.0,0.0,domicilio,no,6.0,no,hospital B,programado,28/11/2024,no,distrito 6,sí
DIGESTIVO,75.0,hombre,3.0,3.0,0.0,domicilio,no,2.0,no,hospital C,urgente,18/07/2024,si,distrito 10,no
cirugía general,65.0,mujer,11.0,0.0,0.0,domicilio,no,1.0,no,hospital E,urgente,07/10/2025,no,distrito 7,no
neumología,67.0,hombre,2.0,1.0,0.0,domicilio,no,5.0,sí,hospital C,urgente,22/04/2025,no,distrito 10,sí
cirugía general,73.0,mujer,7.0,6.0,0.0,domicilio,sí,17.0,no,hospital A,urgente,10/10/2024,no,distrito 10,sí
neumología,53.0,hombre,5.0,2.0,0.0,domicilio,no,5.0,sí,hospital A,urgente,06/07/2024,no,distrito 10,no
cirugía general,65.0,mujer,5.0,2.0,0.0,centro de media estancia,no,3.0,no,hospital D,urgente,20/04/2025,no,distrito 3,no
cardiología,67.0,mujer,2.0,6.0,0.0,residencia,no,7.0,no,hospital D,urgente,04/10/2024,si,distrito 4,no
NEUMOLOGÍA,61.0,mujer,13.0,1.0,0.0,domicilio,sí,14.0,no,hospital E,programado,02/03/2025,no,distrito 6,no
traumatología,55.0,mujer,5.0,1.0,0.0,residencia,no,7.0,no,hospital E,urgente,09/12/2024,no,distrito 5,no
cardiología,46.0,hombre,6.0,4.0,0.0,domicilio,no,13.0,no,hospital D,programado,02/11/2025,no,distrito 1,no
cirugía general,63.0,hombre,4.0,2.0,1.0,domicilio,sí,9.0,no,hospital B,programado,11/09/2024,no,distrito 1,no
cardiología,100.0,mujer,3.0,6.0,0.0,domicilio,sí,7.0,no,hospital D,urgente,10/03/2025,si,distrito 4,no
medicina interna,68.0,mujer,6.0,3.0,0.0,domicilio,sí,5.0,no,hospital A,urgente,25/09/2024,no,distrito 5,no
medicina interna,45.0,hombre,2.0,0.0,2.0,domicilio,no,6.0,sí,hospital E,urgente,05/06/2024,no,distrito 2,no
neumología,28.0,mujer,10.0,3.0,0.0,domicilio,sí,3.0,no,hospital C,urgente,17/10/2024,no,distrito 4,sí
neumología,81.0,hombre,6.0,1.0,0.0,domicilio,sí,1.0,no,hospital E,urgente,07/07/2025,no,distrito 2,no
MEDICINA INTERNA,41.0,hombre,9.0,1.0,0.0,residencia,sí,2.0,no,hospital E,urgente,16/02/2025,no,distrito 9,no
neumología,63.0,mujer,8.0,1.0,0.0,hospitalización a domicilio,no,4.0,no,hospital F,urgente,03/11/2024,no,distrito 8,sí
CARDIOLOGÍA,30.0,hombre,5.0,0.0,0.0,domicilio,sí,4.0,no,hospital E,programado,28/08/2025,no,distrito 9,sí
cirugia general,92.0,hombre,19.0,1.0,0.0,domicilio,no,1.0,sí,hospital F,urgente,13/02/2025,si,distrito 4,sí
cirugía general,56.0,hombre,4.0,0.0,4.0,domicilio,sí,5.0,no,hospital E,urgente,22/07/2024,no,distrito 9,no
cardiologia,57.0,hombre,6.0,7.0,0.0,domicilio,sí,5.0,sí,hospital A,urgente,24/03/2025,si,distrito 7,sí
medicina interna,76.0,hombre,8.0,0.0,0.0,domicilio,sí,33.0,no,hospital F,urgente,26/08/2024,no,distrito 4,no
cardiología,89.0,hombre,2.0,0.0,0.0,domicilio,no,3.0,sí,hospital C,urgente,28/02/2025,no,distrito 7,sí
medicina interna,57.0,hombre,3.0,1.0,0.0,residencia,no,4.0,sí,hospital A,urgente,30/09/2025,no,distrito 2,sí
cardiología,70.0,hombre,1.0,1.0,1.0,domicilio,sí,2.0,sí,hospital A,programado,31/01/2025,no,distrito 9,sí
medicina interna,89.0,mujer,11.0,2.0,0.0,residencia,sí,5.0,sí,hospital F,programado,20/07/2024,no,distrito 9,sí
neumología,75.0,mujer,1.0,6.0,0.0,domicilio,sí,3.0,no,hospital A,urgente,28/10/2025,si,distrito 10,no
cardiología,96.0,hombre,6.0,3.0,1.0,domicilio,sí,7.0,no,hospital F,urgente,05/03/2025,si,distrito 4,no
neumologia,39.0,hombre,17.0,0.0,0.0,domicilio,no,6.0,sí,hospital C,urgente,20/12/2024,no,distrito 8,sí
cardiología,49.0,hombre,10.0,0.0,1.0,hospitalización a domicilio,sí,8.0,sí,hospital E,urgente,17/12/2024,no,distrito 8,no
neumología,63.0,mujer,1.0,2.0,0.0,domicilio,sí,2.0,no,hospital E,programado,05/09/2024,no,distrito 3,no
cardiología,79.0,mujer,5.0,1.0,0.0,domicilio,sí,7.0,no,hospital B,programado,06/03/2025,no,distrito 5,sí
cirugía general,67.0,hombre,16.0,5.0,0.0,domicilio,no,2.0,no,hospital E,urgente,08/08/2025,si,distrito 4,no
  traumatología ,66.0,mujer,7.0,0.0,0.0,domicilio,sí,2.0,no,hospital C,programado,03/09/2025,no,distrito 7,no
cardiología,50.0,hombre,12.0,0.0,0.0,domicilio,sí,4.0,no,hospital A,urgente,28/07/2025,no,distrito 9,sí
medicina interna,53.0,hombre,4.0,1.0,0.0,centro de media estancia,no,9.0,no,hospital E,programado,06/04/2025,no,distrito 2,no
digestivo,49.0,hombre,7.0,1.0,0.0,domicilio,sí,21.0,sí,hospital E,programado,19/06/2024,no,distrito 5,no
medicina interna,35.0,mujer,10.0,0.0,0.0,domicilio,no,3.0,no,hospital A,urgente,20/07/2024,no,distrito 8,no
cardiología,100.0,hombre,12.0,2.0,2.0,domicilio,no,3.0,no,hospital A,programado,16/05/2025,no,distrito 8,sí
cardiologia,80.0,hombre,11.0,1.0,0.0,domicilio,sí,3.0,no,hospital F,urgente,15/12/2024,no,distrito 2,sí
medicina interna,60.0,mujer,4.0,3.0,1.0,domicilio,sí,9.0,no,hospital A,N/D,24/06/2025,no,distrito 6,no
cardiología,47.0,hombre,7.0,2.0,0.0,domicilio,sí,2.0,no,hospital E,urgente,09/05/2025,no,distrito 9,no
medicina interna,78.0,mujer,3.0,2.0,0.0,domicilio,no,7.0,no,hospital F,urgente,15/11/2025,si,distrito 8,no
cardiología,81.0,hombre,3.0,6.0,1.0,domicilio,no,7.0,no,hospital A,urgente,08/09/2024,si,distrito 3,no
neumología,63.0,hombre,8.0,3.0,1.0,hospitalización a domicilio,no,2.0,no,hospital B,urgente,30/09/2025,no,distrito 3,no
cirugía general,50.0,hombre,9.0,3.0,0.0,domicilio,sí,18.0,no,hospital B,urgente,28/10/2024,no,distrito 5,sí
cardiología,48.0,hombre,3.0,9.0,2.0,domicilio,no,3.0,sí,hospital D,urgente,28/03/2025,si,distrito 9,no
traumatologia,51.0,hombre,7.0,4.0,0.0,domicilio,no,12.0,no,hospital F,urgente,08/10/2025,no,distrito 4,no
cardiología,79.0,hombre,8.0,2.0,6.0,domicilio,sí,2.0,no,hospital A,urgente,08/04/2025,si,distrito 5,no
cirugía general,55.0,hombre,7.0,0.0,2.0,domicilio,sí,18.0,no,hospital B,urgente,26/08/2024,no,distrito 1,no
medicina interna,51.0,mujer,10.0,2.0,2.0,domicilio,sí,6.0,sí,hospital B,programado,09/12/2024,no,distrito 9,no
traumatología,41.0,hombre,5.0,4.0,0.0,domicilio,sí,7.0,no,hospital D,urgente,18/10/2025,no,distrito 2,no
traumatología,70.0,hombre,10.0,0.0,0.0,centro de media estancia,sí,1.0,no,hospital F,programado,27/04/2025,no,distrito 10,sí
medicina interna,100.0,hombre,-99.0,3.0,0.0,domicilio,no,4.0,no,hospital A,urgente,20/07/2024,no,distrito 1,no
cirugía general,51.0,hombre,5.0,9.0,0.0,domicilio,no,5.0,no,hospital F,urgente,30/08/2024,si,distrito 10,no
cardiología,63.0,hombre,7.0,3.0,1.0,domicilio,sí,7.0,no,hospital B,programado,13/11/2025,no,distrito 9,sí
traumatología,69.0,hombre,-99.0,1.0,0.0,domicilio,sí,14.0,no,hospital B,programado,19/07/2025,no,distrito 1,no
traumatología,72.0,mujer,3.0,3.0,0.0,domicilio,no,5.0,no,hospital F,programado,08/10/2025,si,distrito 8,no
TRAUMATOLOGÍA,46.0,hombre,4.0,0.0,0.0,domicilio,no,1.0,no,hospital A,urgente,20/06/2025,no,distrito 7,sí
traumatologia,83.0,mujer,2.0,3.0,0.0,domicilio,no,4.0,no,hospital A,urgente,06/09/2024,no,distrito 9,no
cirugía general,70.0,mujer,10.0,0.0,0.0,domicilio,sí,14.0,no,hospital E,urgente,06/08/2025,no,distrito 3,sí
cardiología,81.0,mujer,15.0,5.0,0.0,domicilio,sí,8.0,no,hospital F,urgente,20/10/2024,si,distrito 5,sí
cirugía general,91.0,hombre,6.0,0.0,0.0,domicilio,no,13.0,sí,hospital B,N/D,13/04/2025,no,distrito 2,sí
neumología,80.0,mujer,-99.0,6.0,1.0,domicilio,no,0.0,no,hospital D,urgente,05/07/2024,no,distrito 4,no
digestivo,87.0,hombre,-99.0,3.0,0.0,domicilio,no,7.0,no,hospital D,programado,28/10/2025,no,distrito 2,sí
medicina interna,85.0,hombre,2.0,0.0,0.0,residencia,no,9.0,no,hospital B,programado,02/06/2024,no,distrito 1,no
medicina interna,55.0,mujer,1.0,2.0,2.0,hospitalización a domicilio,sí,3.0,no,hospital D,urgente,24/07/2024,no,distrito 1,no
cirugía general,65.0,hombre,2.0,0.0,0.0,domicilio,no,4.0,no,hospital D,urgente,14/10/2024,no,distrito 6,sí
neumología,54.0,mujer,14.0,3.0,3.0,domicilio,sí,5.0,no,hospital B,programado,18/09/2024,no,distrito 9,sí
CIRUGÍA GENERAL,77.0,mujer,5.0,1.0,0.0,domicilio,no,8.0,sí,hospital B,urgente,13/08/2024,no,distrito 1,no
cirugía general,85.0,hombre,1.0,0.0,0.0,domicilio,sí,2.0,no,hospital C,urgente,26/06/2024,no,distrito 6,no
digestivo,83.0,hombre,7.0,1.0,0.0,domicilio,no,6.0,no,hospital F,urgente,01/07/2025,no,distrito 8,no
medicina interna,57.0,mujer,11.0,7.0,0.0,domicilio,sí,5.0,no,hospital B,urgente,11/07/2025,no,distrito 4,sí
medicina interna,76.0,hombre,1.0,3.0,1.0,domicilio,no,6.0,no,hospital A,programado,10/08/2024,no,distrito 4,no
cardiología,43.0,hombre,0.0,9.0,0.0,domicilio,sí,7.0,no,hospital E,urgente,04/12/2024,si,distrito 7,sí
medicina interna,54.0,hombre,3.0,0.0,0.0,domicilio,sí,7.0,no,hospital D,programado,31/01/2025,no,distrito 7,sí
neumología,54.0,mujer,13.0,0.0,0.0,domicilio,no,7.0,sí,hospital E,urgente,19/10/2025,no,distrito 2,no
traumatología,59.0,hombre,11.0,4.0,0.0,centro de media estancia,sí,8.0,no,hospital A,urgente,13/03/2025,no,distrito 10,no
cirugía general,52.0,hombre,1.0,2.0,0.0,centro de media estancia,sí,8.0,no,hospital A,urgente,30/10/2025,no,distrito 9,no
  neumología ,87.0,hombre,8.0,1.0,0.0,centro de media estancia,sí,5.0,no,hospital F,urgente,19/12/2024,no,distrito 3,sí
traumatología,52.0,mujer,9.0,1.0,0.0,domicilio,no,1.0,no,hospital D,urgente,24/08/2025,no,distrito 3,no
cirugía general,58.0,mujer,9.0,14.0,0.0,domicilio,no,6.0,no,hospital D,urgente,05/08/2025,si,distrito 9,sí
cardiología,51.0,mujer,5.0,4.0,0.0,domicilio,sí,1.0,sí,hospital D,urgente,11/07/2025,no,distrito 1,sí
cardiología,60.0,hombre,15.0,1.0,2.0,domicilio,sí,6.0,no,hospital B,urgente,14/09/2025,si,distrito 2,sí
medicina interna,57.0,mujer,2.0,0.0,0.0,hospitalización a domicilio,sí,0.0,no,hospital A,urgente,05/06/2024,no,distrito 3,no
neumología,62.0,hombre,4.0,1.0,0.0,residencia,no,5.0,no,hospital A,urgente,22/12/2024,no,distrito 10,sí
cirugía general,73.0,hombre,4.0,3.0,0.0,domicilio,no,7.0,no,hospital E,programado,28/06/2024,no,distrito 2,no
cardiología,63.0,mujer,9.0,1.0,0.0,domicilio,no,1.0,no,hospital B,urgente,04/06/2024,no,distrito 4,sí
digestivo,54.0,mujer,10.0,5.0,0.0,domicilio,sí,6.0,no,hospital F,urgente,29/06/2025,no,distrito 2,sí
MEDICINA INTERNA,63.0,mujer,10.0,4.0,1.0,domicilio,no,5.0,sí,hospital A,urgente,13/02/2025,no,distrito 6,no
cirugía general,76.0,hombre,12.0,6.0,0.0,domicilio,no,12.0,no,hospital F,programado,05/08/2025,no,distrito 7,sí
  medicina interna ,57.0,hombre,9.0,4.0,0.0,hospitalización a domicilio,sí,3.0,no,hospital E,programado,23/12/2024,no,distrito 3,sí
cardiología,100.0,hombre,7.0,4.0,1.0,domicilio,sí,3.0,no,hospital F,urgente,19/07/2025,si,distrito 7,sí
cardiología,77.0,hombre,-99.0,1.0,0.0,domicilio,sí,2.0,no,hospital B,urgente,15/09/2025,no,distrito 10,sí
medicina interna,88.0,mujer,9.0,0.0,0.0,domicilio,sí,1.0,sí,hospital E,urgente,09/08/2024,no,distrito 1,sí
neumologia,88.0,mujer,3.0,5.0,2.0,domicilio,sí,2.0,sí,hospital B,urgente,24/08/2024,no,distrito 4,no
cardiología,68.0,hombre,3.0,2.0,0.0,hospitalización a domicilio,no,7.0,no,hospital A,programado,06/04/2025,no,distrito 5,no
CIRUGÍA GENERAL,40.0,mujer,-99.0,0.0,0.0,domicilio,sí,6.0,no,hospital A,urgente,10/05/2025,no,distrito 6,sí
neumología,56.0,mujer,3.0,8.0,0.0,domicilio,no,0.0,sí,hospital C,programado,10/11/2024,si,distrito 9,no
CARDIOLOGÍA,86.0,hombre,5.0,1.0,0.0,residencia,sí,7.0,sí,hospital B,urgente,14/11/2024,si,distrito 1,no
  traumatología ,47.0,hombre,3.0,3.0,0.0,domicilio,sí,2.0,no,hospital F,urgente,13/09/2025,no,distrito 9,sí
cirugía general,86.0,mujer,22.0,3.0,3.0,centro de media estancia,sí,16.0,no,hospital A,programado,11/07/2024,no,distrito 9,no
traumatología,73.0,mujer,12.0,5.0,1.0,domicilio,sí,5.0,no,hospital E,programado,12/10/2025,no,distrito 7,sí
cardiología,70.0,mujer,-99.0,1.0,0.0,domicilio,sí,11.0,no,hospital D,programado,23/02/2025,no,distrito 4,no
medicina interna,83.0,hombre,4.0,0.0,0.0,domicilio,no,4.0,sí,hospital D,programado,21/04/2025,no,distrito 4,sí
cirugía general,74.0,hombre,3.0,1.0,2.0,domicilio,sí,5.0,no,hospital A,urgente,02/09/2024,no,distrito 4,sí
digestivo,89.0,mujer,5.0,7.0,0.0,domicilio,no,3.0,no,hospital E,urgente,14/03/2025,si,distrito 4,sí
digestivo,75.0,mujer,20.0,3.0,1.0,residencia,sí,1.0,no,hospital F,N/D,06/07/2024,no,distrito 5,no
medicina interna,27.0,hombre,-99.0,13.0,0.0,domicilio,sí,2.0,no,hospital E,urgente,22/09/2024,si,distrito 7,sí
medicina interna,41.0,hombre,10.0,2.0,1.0,domicilio,sí,9.0,sí,hospital E,programado,20/08/2025,no,distrito 1,no
neumología,95.0,hombre,6.0,4.0,0.0,domicilio,sí,1.0,no,hospital D,programado,03/02/2025,si,distrito 1,sí
  medicina interna ,81.0,mujer,15.0,1.0,0.0,domicilio,no,8.0,no,hospital D,urgente,13/09/2025,no,distrito 10,no
traumatología,82.0,hombre,10.0,1.0,0.0,hospitalización a domicilio,no,8.0,no,hospital A,urgente,13/02/2025,no,distrito 4,no
  medicina interna ,55.0,mujer,12.0,0.0,1.0,centro de media estancia,sí,1.0,no,hospital A,urgente,26/06/2024,no,distrito 5,sí
cardiología,71.0,mujer,5.0,4.0,3.0,domicilio,sí,6.0,sí,hospital C,urgente,08/09/2024,no,distrito 4,no
medicina interna,86.0,hombre,12.0,1.0,0.0,residencia,sí,16.0,no,hospital D,programado,26/08/2024,si,distrito 1,no
  digestivo ,63.0,mujer,6.0,0.0,0.0,domicilio,no,22.0,sí,hospital E,urgente,06/05/2025,no,distrito 7,sí
medicina interna,57.0,mujer,25.0,15.0,0.0,domicilio,sí,4.0,no,hospital B,urgente,18/07/2025,no,distrito 4,sí
  cirugía general ,51.0,mujer,8.0,1.0,0.0,domicilio,sí,12.0,no,hospital F,programado,10/01/2025,no,distrito 8,sí
medicina interna,82.0,mujer,0.0,0.0,1.0,residencia,sí,6.0,no,hospital A,programado,28/07/2024,no,distrito 10,sí
  medicina interna ,88.0,mujer,3.0,0.0,0.0,domicilio,no,7.0,no,hospital B,programado,02/12/2024,no,distrito 9,sí
neumología,87.0,hombre,5.0,3.0,0.0,domicilio,sí,15.0,no,hospital D,urgente,28/07/2025,no,distrito 6,no
  cirugía general ,76.0,hombre,3.0,5.0,0.0,domicilio,no,13.0,no,hospital E,programado,06/10/2024,si,distrito 3,sí
neumología,40.0,hombre,3.0,2.0,1.0,domicilio,sí,8.0,no,hospital C,programado,30/05/2025,no,distrito 5,sí
cirugía general,48.0,mujer,11.0,8.0,1.0,domicilio,sí,13.0,sí,hospital D,programado,02/01/2025,si,distrito 8,no
medicina interna,37.0,mujer,2.0,2.0,0.0,domicilio,sí,14.0,no,hospital D,urgente,27/10/2024,no,distrito 10,no
medicina interna,36.0,mujer,7.0,0.0,1.0,domicilio,sí,5.0,no,hospital F,programado,02/10/2025,no,distrito 5,sí
  neumología ,49.0,hombre,17.0,1.0,0.0,domicilio,no,3.0,no,hospital C,programado,30/07/2025,no,distrito 4,sí
digestivo,36.0,mujer,-99.0,3.0,1.0,domicilio,sí,2.0,no,hospital E,urgente,04/09/2025,no,distrito 5,no
medicina interna,64.0,mujer,10.0,2.0,0.0,domicilio,no,4.0,sí,hospital B,urgente,28/12/2024,no,distrito 1,sí
neumología,66.0,hombre,4.0,10.0,0.0,residencia,no,2.0,sí,hospital D,urgente,24/01/2025,si,distrito 1,no
cirugía general,76.0,hombre,11.0,5.0,2.0,domicilio,sí,4.0,sí,hospital C,programado,21/08/2025,no,distrito 10,no
neumología,76.0,hombre,5.0,2.0,0.0,domicilio,sí,4.0,no,hospital A,programado,21/02/2025,no,distrito 4,sí
  medicina interna ,68.0,hombre,11.0,1.0,0.0,domicilio,no,8.0,no,hospital E,urgente,24/03/2025,no,distrito 10,no
cardiología,41.0,hombre,9.0,4.0,1.0,domicilio,sí,7.0,no,hospital B,urgente,03/07/2024,no,distrito 9,sí
neumología,48.0,hombre,9.0,0.0,0.0,domicilio,no,9.0,no,hospital B,urgente,10/11/2024,no,distrito 2,no
cirugia general,36.0,mujer,6.0,3.0,0.0,domicilio,sí,7.0,no,hospital F,urgente,16/08/2024,no,distrito 4,sí
cirugía general,61.0,mujer,6.0,5.0,3.0,domicilio,sí,4.0,no,hospital E,programado,25/06/2024,no,distrito 1,no
neumología,58.0,hombre,3.0,2.0,0.0,domicilio,sí,4.0,no,hospital B,urgente,15/09/2024,no,distrito 5,no
neumología,44.0,hombre,8.0,0.0,0.0,domicilio,no,10.0,no,hospital B,urgente,09/02/2025,no,distrito 8,sí
cirugia general,47.0,mujer,6.0,1.0,0.0,domicilio,sí,7.0,no,hospital F,urgente,02/06/2025,no,distrito 8,no
medicina interna,54.0,hombre,5.0,5.0,5.0,domicilio,sí,23.0,no,hospital B,urgente,28/12/2024,no,distrito 7,no
medicina interna,77.0,mujer,4.0,0.0,0.0,domicilio,no,2.0,sí,hospital F,programado,19/11/2025,no,distrito 1,sí
medicina interna,61.0,mujer,4.0,0.0,3.0,domicilio,no,7.0,no,hospital C,urgente,16/07/2024,no,distrito 5,sí
traumatología,48.0,mujer,7.0,3.0,0.0,domicilio,no,8.0,sí,hospital F,urgente,22/01/2025,no,distrito 6,no
cardiología,58.0,mujer,6.0,3.0,0.0,residencia,no,0.0,no,hospital A,urgente,30/10/2025,no,distrito 3,no
cardiologia,93.0,hombre,3.0,4.0,0.0,domicilio,sí,3.0,sí,hospital D,programado,09/10/2024,si,distrito 6,no
medicina interna,91.0,hombre,13.0,2.0,0.0,domicilio,sí,0.0,sí,hospital B,urgente,29/09/2024,no,distrito 9,sí
traumatología,45.0,mujer,3.0,0.0,3.0,domicilio,sí,7.0,no,hospital E,programado,30/09/2025,no,distrito 8,no
traumatología,80.0,mujer,-99.0,2.0,0.0,hospitalización a domicilio,no,2.0,no,hospital C,urgente,01/07/2025,no,distrito 9,no
MEDICINA INTERNA,71.0,hombre,15.0,4.0,0.0,centro de media estancia,no,8.0,sí,hospital E,programado,08/07/2025,no,distrito 7,no
digestivo,83.0,hombre,11.0,1.0,1.0,domicilio,sí,7.0,no,hospital D,urgente,27/10/2024,no,distrito 6,no
cirugía general,60.0,mujer,6.0,6.0,0.0,domicilio,no,7.0,no,hospital C,programado,04/10/2025,no,distrito 2,no
neumología,60.0,hombre,2.0,6.0,0.0,residencia,sí,8.0,no,hospital A,programado,03/06/2024,si,distrito 8,no
traumatología,95.0,hombre,12.0,0.0,0.0,hospitalización a domicilio,no,4.0,no,hospital A,programado,12/01/2025,no,distrito 9,sí
medicina interna,50.0,hombre,6.0,1.0,0.0,domicilio,sí,2.0,no,hospital E,urgente,09/08/2024,no,distrito 10,no
cirugía general,65.0,hombre,6.0,4.0,5.0,domicilio,sí,2.0,no,hospital C,urgente,08/10/2025,no,distrito 6,no
cirugia general,70.0,hombre,2.0,0.0,0.0,domicilio,sí,2.0,no,hospital C,programado,28/01/2025,no,distrito 10,no
digestivo,69.0,mujer,11.0,1.0,0.0,domicilio,no,3.0,sí,hospital B,urgente,21/01/2025,no,distrito 7,no
medicina interna,72.0,mujer,3.0,2.0,0.0,domicilio,no,0.0,no,hospital F,programado,17/02/2025,no,distrito 6,no
traumatología,63.0,hombre,4.0,1.0,2.0,domicilio,no,2.0,no,hospital D,programado,12/10/2025,no,distrito 8,sí
cirugía general,63.0,hombre,12.0,1.0,1.0,domicilio,no,3.0,sí,hospital E,urgente,22/10/2024,no,distrito 9,no
cirugía general,96.0,mujer,9.0,3.0,0.0,domicilio,sí,8.0,no,hospital A,urgente,10/08/2025,no,distrito 6,no
cirugia general,65.0,hombre,12.0,7.0,2.0,domicilio,no,2.0,sí,hospital A,urgente,19/09/2025,si,distrito 9,no
medicina interna,68.0,hombre,12.0,7.0,0.0,domicilio,no,2.0,sí,hospital A,programado,19/09/2025,no,distrito 10,sí
traumatologia,42.0,hombre,-99.0,0.0,0.0,domicilio,sí,7.0,sí,hospital B,programado,17/06/2025,no,distrito 5,no
cirugía general,70.0,hombre,12.0,5.0,0.0,hospitalización a domicilio,no,0.0,no,hospital F,programado,05/07/2025,no,distrito 6,sí
neumología,81.0,mujer,8.0,1.0,0.0,domicilio,sí,3.0,no,hospital C,urgente,23/08/2024,no,distrito 4,sí
neumología,48.0,hombre,2.0,3.0,0.0,domicilio,no,13.0,no,hospital C,urgente,26/08/2025,no,distrito 4,no
cirugía general,53.0,hombre,8.0,1.0,0.0,domicilio,sí,4.0,sí,hospital F,urgente,17/11/2024,no,distrito 3,no
cirugia general,42.0,mujer,6.0,0.0,0.0,domicilio,sí,8.0,no,hospital F,urgente,13/10/2024,no,distrito 3,no
NEUMOLOGÍA,89.0,mujer,4.0,0.0,1.0,domicilio,no,9.0,sí,hospital E,programado,04/11/2025,no,distrito 1,no
cirugía general,100.0,mujer,10.0,8.0,1.0,domicilio,sí,11.0,no,hospital B,urgente,09/08/2025,si,distrito 2,no
traumatología,63.0,mujer,6.0,11.0,0.0,domicilio,sí,2.0,sí,hospital B,programado,29/11/2024,no,distrito 2,no
traumatologia,59.0,mujer,5.0,5.0,0.0,domicilio,sí,2.0,no,hospital F,urgente,28/04/2025,si,distrito 6,no
medicina interna,56.0,mujer,8.0,0.0,0.0,domicilio,no,7.0,no,hospital A,urgente,04/09/2025,no,distrito 2,no
cirugía general,63.0,hombre,5.0,2.0,2.0,domicilio,no,10.0,no,hospital E,programado,08/06/2025,no,distrito 4,sí
traumatología,62.0,hombre,23.0,3.0,0.0,residencia,sí,6.0,no,hospital D,urgente,11/06/2025,no,distrito 5,no
cirugía general,78.0,hombre,7.0,0.0,0.0,domicilio,sí,4.0,no,hospital E,urgente,09/10/2025,no,distrito 8,sí
medicina interna,69.0,mujer,6.0,1.0,0.0,domicilio,sí,2.0,no,hospital B,programado,01/08/2024,no,distrito 7,sí
traumatología,71.0,hombre,8.0,3.0,0.0,domicilio,no,7.0,no,hospital C,urgente,16/03/2025,no,distrito 9,no
neumología,59.0,hombre,9.0,3.0,0.0,centro de media estancia,no,9.0,no,hospital B,urgente,02/01/2025,no,distrito 2,sí
traumatología,49.0,hombre,5.0,10.0,0.0,domicilio,sí,6.0,no,hospital C,urgente,03/09/2025,no,distrito 3,no
medicina interna,33.0,mujer,4.0,3.0,0.0,hospitalización a domicilio,sí,3.0,no,hospital D,urgente,26/08/2025,no,distrito 4,sí
cirugía general,89.0,mujer,10.0,13.0,0.0,centro de media estancia,sí,3.0,sí,hospital C,urgente,07/07/2025,si,distrito 8,no
cardiología,60.0,hombre,6.0,7.0,2.0,domicilio,sí,3.0,no,hospital A,programado,06/11/2024,no,distrito 5,no
CARDIOLOGÍA,77.0,mujer,10.0,0.0,0.0,domicilio,sí,1.0,no,hospital C,programado,12/10/2024,no,distrito 5,sí
  traumatología ,97.0,hombre,13.0,1.0,0.0,centro de media estancia,sí,14.0,sí,hospital E,urgente,07/12/2024,no,distrito 10,sí
neumología,62.0,mujer,-99.0,2.0,1.0,hospitalización a domicilio,sí,4.0,no,hospital F,programado,11/08/2024,no,distrito 5,sí
medicina interna,71.0,hombre,1.0,0.0,0.0,hospitalización a domicilio,no,3.0,no,hospital E,programado,21/08/2024,si,distrito 7,no
cardiología,67.0,mujer,4.0,5.0,3.0,hospitalización a domicilio,sí,2.0,no,hospital A,urgente,02/11/2024,no,distrito 4,no
digestivo,82.0,mujer,3.0,1.0,0.0,domicilio,no,1.0,no,hospital B,urgente,17/08/2024,no,distrito 9,no
cirugía general,77.0,hombre,2.0,1.0,1.0,domicilio,sí,8.0,no,hospital C,urgente,06/05/2025,no,distrito 8,no
neumología,30.0,hombre,5.0,1.0,0.0,domicilio,no,15.0,no,hospital D,urgente,04/09/2024,no,distrito 1,sí
CIRUGÍA GENERAL,100.0,hombre,14.0,2.0,0.0,domicilio,sí,0.0,no,hospital F,programado,17/06/2025,no,distrito 5,sí
cardiología,40.0,hombre,2.0,0.0,0.0,domicilio,sí,1.0,sí,hospital E,programado,23/08/2025,no,distrito 4,no
  cardiología ,50.0,mujer,4.0,4.0,0.0,domicilio,sí,6.0,no,hospital C,urgente,24/11/2024,si,distrito 10,no
  medicina interna ,27.0,hombre,4.0,0.0,0.0,residencia,sí,16.0,no,hospital C,urgente,08/03/2025,no,distrito 3,no
cardiología,86.0,mujer,15.0,3.0,1.0,domicilio,sí,4.0,no,hospital A,programado,14/08/2024,no,distrito 1,no
MEDICINA INTERNA,53.0,mujer,-99.0,3.0,0.0,domicilio,no,2.0,no,hospital C,programado,17/05/2025,si,distrito 3,no
cardiología,38.0,mujer,7.0,0.0,3.0,domicilio,sí,14.0,no,hospital F,programado,24/02/2025,no,distrito 2,no
MEDICINA INTERNA,92.0,mujer,4.0,2.0,0.0,domicilio,sí,17.0,no,hospital E,programado,10/02/2025,no,distrito 6,sí
medicina interna,56.0,hombre,11.0,4.0,0.0,domicilio,sí,2.0,no,hospital D,urgente,28/10/2024,no,distrito 10,no
  cardiología ,61.0,hombre,3.0,0.0,0.0,hospitalización a domicilio,sí,4.0,no,hospital A,urgente,07/03/2025,si,distrito 1,no
cirugía general,51.0,mujer,-99.0,1.0,1.0,domicilio,no,5.0,no,hospital C,N/D,15/08/2024,no,distrito 6,sí
neumología,69.0,mujer,2.0,1.0,0.0,residencia,no,6.0,no,hospital E,programado,26/11/2024,no,distrito 3,no
traumatología,57.0,mujer,5.0,0.0,0.0,domicilio,no,6.0,sí,hospital D,urgente,15/02/2025,no,distrito 6,no
cardiología,55.0,mujer,3.0,1.0,0.0,domicilio,no,12.0,no,hospital D,programado,08/02/2025,no,distrito 4,no
cardiología,69.0,mujer,-99.0,6.0,0.0,domicilio,no,15.0,no,hospital E,urgente,04/01/2025,si,distrito 7,no
medicina interna,59.0,mujer,10.0,4.0,0.0,domicilio,no,11.0,no,hospital D,urgente,27/06/2025,no,distrito 10,sí
medicina interna,82.0,hombre,8.0,2.0,0.0,hospitalización a domicilio,sí,10.0,no,hospital B,urgente,07/07/2024,no,distrito 5,no
cirugía general,75.0,hombre,3.0,2.0,0.0,domicilio,sí,17.0,sí,hospital C,urgente,31/07/2024,no,distrito 7,sí
medicina interna,88.0,mujer,5.0,0.0,0.0,domicilio,no,4.0,no,hospital C,urgente,10/09/2024,no,distrito 1,no
  digestivo ,85.0,hombre,17.0,6.0,1.0,domicilio,no,5.0,sí,hospital F,programado,20/07/2025,si,distrito 6,sí
  medicina interna ,67.0,hombre,5.0,4.0,3.0,domicilio,sí,14.0,no,hospital E,urgente,30/08/2024,si,distrito 2,sí
medicina interna,61.0,hombre,-99.0,2.0,0.0,domicilio,sí,3.0,no,hospital B,programado,08/10/2025,no,distrito 9,no
cirugía general,80.0,mujer,10.0,1.0,0.0,domicilio,no,0.0,no,hospital C,programado,21/08/2025,no,distrito 2,no
medicina interna,57.0,hombre,11.0,6.0,0.0,domicilio,sí,14.0,no,hospital A,urgente,20/07/2024,no,distrito 9,sí
digestivo,69.0,mujer,10.0,8.0,0.0,domicilio,sí,7.0,no,hospital C,urgente,17/01/2025,si,distrito 3,no
medicina interna,90.0,hombre,8.0,0.0,0.0,domicilio,sí,1.0,no,hospital D,urgente,09/06/2025,no,distrito 9,sí
traumatología,60.0,mujer,3.0,1.0,2.0,residencia,sí,5.0,sí,hospital C,urgente,14/02/2025,no,distrito 5,no
traumatologia,78.0,hombre,12.0,1.0,0.0,domicilio,no,1.0,no,hospital E,urgente,28/09/2024,no,distrito 2,no
medicina interna,54.0,mujer,11.0,1.0,0.0,domicilio,no,1.0,no,hospital F,urgente,01/02/2025,no,distrito 5,sí
cirugía general,60.0,hombre,3.0,0.0,0.0,domicilio,sí,7.0,no,hospital D,programado,06/03/2025,no,distrito 8,sí
cirugía general,66.0,mujer,2.0,1.0,0.0,domicilio,sí,5.0,no,hospital B,urgente,19/12/2024,no,distrito 8,no
cirugía general,56.0,hombre,3.0,5.0,2.0,domicilio,sí,11.0,no,hospital F,urgente,27/08/2025,no,distrito 8,no
digestivo,48.0,hombre,5.0,2.0,0.0,domicilio,sí,3.0,no,hospital D,urgente,25/02/2025,no,distrito 9,no
cirugía general,72.0,hombre,8.0,0.0,0.0,domicilio,no,2.0,no,hospital E,programado,09/03/2025,no,distrito 8,no
medicina interna,59.0,mujer,5.0,2.0,4.0,domicilio,sí,6.0,no,hospital A,urgente,03/12/2024,no,distrito 8,no
neumología,65.0,hombre,4.0,9.0,3.0,domicilio,sí,5.0,no,hospital B,urgente,25/11/2024,no,distrito 8,no
  neumología ,86.0,mujer,8.0,3.0,0.0,domicilio,no,3.0,no,hospital C,urgente,08/09/2025,no,distrito 4,no
cirugía general,69.0,mujer,5.0,4.0,1.0,domicilio,no,2.0,sí,hospital C,urgente,26/07/2024,no,distrito 2,no
medicina interna,42.0,hombre,4.0,3.0,0.0,domicilio,no,1.0,sí,hospital B,urgente,05/06/2024,no,distrito 5,no
cardiología,49.0,hombre,5.0,0.0,1.0,domicilio,no,3.0,sí,hospital D,urgente,25/08/2024,no,distrito 7,sí
medicina interna,66.0,mujer,3.0,8.0,0.0,hospitalización a domicilio,no,4.0,no,hospital F,urgente,22/08/2024,si,distrito 2,sí
cirugía general,90.0,mujer,14.0,0.0,0.0,domicilio,no,9.0,no,hospital E,urgente,01/11/2024,no,distrito 3,no
cirugía general,41.0,mujer,9.0,0.0,0.0,domicilio,no,8.0,no,hospital F,urgente,21/10/2025,no,distrito 1,no
cirugía general,75.0,mujer,8.0,14.0,0.0,centro de media estancia,sí,4.0,sí,hospital A,urgente,09/06/2024,si,distrito 10,no
cardiología,71.0,mujer,2.0,1.0,2.0,hospitalización a domicilio,sí,6.0,no,hospital C,programado,04/08/2025,no,distrito 3,no
cardiología,83.0,hombre,9.0,0.0,0.0,residencia,sí,8.0,no,hospital E,urgente,12/11/2025,no,distrito 9,no
cirugía general,83.0,mujer,10.0,6.0,0.0,domicilio,sí,4.0,no,hospital B,urgente,18/04/2025,no,distrito 3,no
cardiología,42.0,hombre,4.0,3.0,1.0,domicilio,sí,0.0,no,hospital A,programado,29/07/2024,no,distrito 9,no
neumología,73.0,hombre,3.0,1.0,0.0,domicilio,no,9.0,no,hospital A,urgente,30/10/2024,no,distrito 10,sí
traumatología,63.0,mujer,3.0,1.0,0.0,domicilio,no,3.0,no,hospital B,programado,07/01/2025,no,distrito 8,no
CIRUGÍA GENERAL,89.0,hombre,8.0,4.0,0.0,domicilio,sí,4.0,no,hospital A,urgente,30/08/2025,no,distrito 4,no
medicina interna,46.0,hombre,5.0,1.0,0.0,residencia,no,8.0,sí,hospital F,programado,20/08/2024,no,distrito 5,no
cardiología,84.0,mujer,2.0,8.0,0.0,residencia,sí,1.0,no,hospital B,urgente,10/10/2025,si,distrito 1,no
cardiología,54.0,hombre,17.0,4.0,0.0,domicilio,sí,7.0,no,hospital F,N/D,30/07/2025,no,distrito 9,sí
medicina interna,82.0,mujer,4.0,3.0,0.0,hospitalización a domicilio,no,4.0,sí,hospital D,urgente,08/12/2024,no,distrito 6,sí
  cirugía general ,70.0,hombre,5.0,1.0,2.0,domicilio,sí,1.0,no,hospital D,programado,11/07/2024,no,distrito 9,no
  cirugía general ,65.0,mujer,6.0,1.0,0.0,domicilio,no,6.0,no,hospital A,programado,03/12/2024,no,distrito 7,no
cirugía general,52.0,mujer,3.0,1.0,0.0,residencia,sí,3.0,no,hospital D,urgente,09/06/2025,no,distrito 4,no
medicina interna,51.0,hombre,7.0,4.0,0.0,domicilio,no,5.0,sí,hospital D,urgente,08/08/2025,no,distrito 6,sí
neumología,62.0,hombre,2.0,0.0,0.0,domicilio,sí,2.0,no,hospital F,urgente,04/06/2024,no,distrito 6,sí
cirugía general,72.0,mujer,3.0,2.0,0.0,hospitalización a domicilio,sí,25.0,sí,hospital F,urgente,28/06/2024,no,distrito 8,sí
cardiología,59.0,mujer,1.0,3.0,0.0,domicilio,no,7.0,sí,hospital A,urgente,19/04/2025,no,distrito 8,no
medicina interna,55.0,hombre,-99.0,2.0,0.0,domicilio,no,9.0,no,hospital B,programado,13/10/2024,no,distrito 5,no
medicina interna,78.0,hombre,8.0,0.0,0.0,residencia,no,5.0,no,hospital D,programado,11/02/2025,no,distrito 5,no
cardiología,99.0,hombre,-99.0,0.0,0.0,residencia,no,6.0,no,hospital D,urgente,18/06/2025,no,distrito 8,no
neumología,54.0,mujer,7.0,4.0,1.0,domicilio,sí,4.0,no,hospital A,programado,24/08/2024,si,distrito 5,sí
  medicina interna ,42.0,mujer,1.0,8.0,0.0,domicilio,sí,9.0,no,hospital E,programado,26/08/2024,no,distrito 8,sí
traumatología,49.0,hombre,5.0,5.0,1.0,domicilio,sí,0.0,sí,hospital F,urgente,21/09/2024,no,distrito 6,no
  neumología ,97.0,hombre,-99.0,7.0,0.0,domicilio,no,7.0,no,hospital D,urgente,29/06/2025,si,distrito 6,no
medicina interna,74.0,hombre,2.0,0.0,0.0,domicilio,sí,6.0,sí,hospital D,urgente,12/06/2024,no,distrito 8,no
cardiología,97.0,hombre,19.0,1.0,0.0,domicilio,sí,9.0,sí,hospital E,programado,07/08/2024,no,distrito 4,sí
traumatología,61.0,hombre,-99.0,3.0,0.0,domicilio,no,9.0,sí,hospital E,programado,10/10/2024,no,distrito 3,no
neumología,100.0,mujer,-99.0,0.0,0.0,domicilio,sí,2.0,no,hospital D,programado,08/06/2025,no,distrito 9,sí
medicina interna,67.0,hombre,4.0,1.0,0.0,domicilio,sí,10.0,no,hospital B,urgente,28/11/2024,si,distrito 5,no
traumatología,55.0,hombre,6.0,0.0,1.0,domicilio,sí,10.0,sí,hospital D,urgente,22/06/2025,no,distrito 4,no
cirugía general,80.0,mujer,13.0,2.0,0.0,domicilio,no,4.0,sí,hospital F,urgente,03/11/2024,no,distrito 7,sí
digestivo,78.0,hombre,0.0,1.0,2.0,centro de media estancia,sí,18.0,no,hospital B,urgente,09/04/2025,no,distrito 9,no
cardiología,66.0,hombre,4.0,3.0,1.0,domicilio,sí,17.0,no,hospital B,urgente,23/03/2025,no,distrito 8,sí
cirugía general,64.0,mujer,6.0,0.0,0.0,domicilio,sí,1.0,no,hospital C,urgente,22/07/2025,no,distrito 9,sí
medicina interna,75.0,mujer,4.0,2.0,1.0,domicilio,sí,0.0,no,hospital B,programado,11/12/2024,no,distrito 10,no
neumología,60.0,mujer,3.0,2.0,0.0,domicilio,sí,3.0,no,hospital D,urgente,10/06/2024,no,distrito 10,no
traumatologia,71.0,mujer,7.0,7.0,2.0,domicilio,sí,11.0,no,hospital A,urgente,19/09/2024,no,distrito 9,no
medicina interna,59.0,hombre,8.0,0.0,0.0,domicilio,sí,6.0,no,hospital D,urgente,31/10/2025,no,distrito 3,no
traumatología,85.0,mujer,9.0,1.0,1.0,domicilio,no,4.0,sí,hospital A,urgente,22/04/2025,no,distrito 10,sí
MEDICINA INTERNA,74.0,mujer,9.0,2.0,0.0,domicilio,sí,3.0,sí,hospital B,urgente,15/07/2024,no,distrito 7,no
cardiología,54.0,mujer,7.0,2.0,2.0,domicilio,sí,10.0,no,hospital B,urgente,25/11/2024,no,distrito 9,no
cardiología,60.0,hombre,3.0,4.0,1.0,hospitalización a domicilio,no,10.0,no,hospital F,urgente,08/10/2024,no,distrito 4,sí
MEDICINA INTERNA,56.0,hombre,5.0,1.0,0.0,domicilio,no,6.0,no,hospital F,urgente,23/02/2025,no,distrito 10,no
medicina interna,65.0,hombre,12.0,1.0,0.0,hospitalización a domicilio,sí,11.0,no,hospital C,N/D,06/03/2025,no,distrito 5,no
traumatologia,70.0,mujer,13.0,3.0,1.0,domicilio,no,2.0,no,hospital D,urgente,11/11/2025,no,distrito 5,sí
neumología,67.0,hombre,17.0,1.0,0.0,centro de media estancia,no,6.0,no,hospital A,urgente,30/11/2024,no,distrito 5,sí
  medicina interna ,65.0,hombre,9.0,0.0,0.0,domicilio,no,11.0,no,hospital A,urgente,23/09/2025,no,distrito 7,sí
cirugía general,75.0,hombre,5.0,5.0,0.0,domicilio,no,3.0,no,hospital E,urgente,06/11/2024,no,distrito 7,no
cardiologia,72.0,hombre,2.0,4.0,0.0,domicilio,sí,2.0,no,hospital F,programado,31/08/2025,no,distrito 2,no
traumatología,55.0,mujer,16.0,0.0,0.0,domicilio,sí,3.0,no,hospital B,programado,17/09/2025,no,distrito 6,no
medicina interna,74.0,mujer,-99.0,7.0,0.0,hospitalización a domicilio,sí,4.0,no,hospital D,programado,18/08/2024,no,distrito 8,no
traumatología,73.0,hombre,6.0,1.0,3.0,domicilio,no,7.0,no,hospital F,urgente,02/05/2025,no,distrito 9,no
traumatología,59.0,hombre,-99.0,4.0,0.0,domicilio,no,9.0,sí,hospital C,programado,18/03/2025,no,distrito 7,no
medicina interna,77.0,mujer,4.0,0.0,0.0,domicilio,no,8.0,no,hospital B,urgente,24/03/2025,no,distrito 5,no
cirugía general,87.0,hombre,21.0,0.0,0.0,domicilio,sí,8.0,no,hospital E,programado,19/03/2025,no,distrito 5,no
cirugía general,47.0,mujer,9.0,1.0,0.0,residencia,no,8.0,no,hospital A,urgente,20/03/2025,no,distrito 6,no
medicina interna,73.0,hombre,12.0,1.0,1.0,domicilio,no,2.0,no,hospital C,N/D,01/01/2025,si,distrito 9,sí
digestivo,77.0,hombre,15.0,0.0,0.0,hospitalización a domicilio,sí,1.0,no,hospital C,programado,01/03/2025,no,distrito 8,no
CARDIOLOGÍA,64.0,hombre,-99.0,0.0,0.0,domicilio,sí,2.0,no,hospital D,urgente,24/08/2025,no,distrito 5,sí
medicina interna,92.0,mujer,9.0,0.0,1.0,domicilio,no,9.0,no,hospital D,N/D,10/09/2025,no,distrito 8,no
TRAUMATOLOGÍA,75.0,mujer,7.0,2.0,0.0,centro de media estancia,sí,10.0,no,hospital C,N/D,22/12/2024,no,distrito 2,no
traumatología,98.0,mujer,10.0,2.0,1.0,domicilio,no,13.0,no,hospital C,urgente,14/12/2024,si,distrito 9,no
medicina interna,55.0,mujer,6.0,4.0,0.0,domicilio,sí,6.0,no,hospital C,urgente,26/06/2024,no,distrito 2,sí
cirugía general,71.0,hombre,5.0,3.0,1.0,domicilio,sí,5.0,no,hospital F,urgente,04/12/2024,no,distrito 9,sí
MEDICINA INTERNA,80.0,hombre,4.0,0.0,0.0,residencia,no,0.0,sí,hospital A,programado,06/10/2025,no,distrito 7,no
cardiología,61.0,mujer,4.0,1.0,1.0,domicilio,sí,5.0,no,hospital E,programado,09/09/2024,no,distrito 8,no
medicina interna,78.0,mujer,8.0,0.0,2.0,domicilio,no,3.0,no,hospital C,urgente,16/06/2024,no,distrito 5,no
MEDICINA INTERNA,61.0,mujer,8.0,1.0,0.0,hospitalización a domicilio,sí,5.0,no,hospital F,N/D,27/07/2025,no,distrito 7,no
  neumología ,84.0,hombre,18.0,2.0,1.0,domicilio,sí,8.0,no,hospital D,urgente,26/09/2025,no,distrito 4,sí
digestivo,99.0,mujer,6.0,10.0,0.0,domicilio,sí,1.0,no,hospital A,programado,25/08/2024,no,distrito 8,sí
cirugía general,18.0,mujer,9.0,0.0,3.0,domicilio,sí,4.0,sí,hospital C,programado,12/03/2025,no,distrito 3,sí
traumatología,76.0,hombre,1.0,3.0,1.0,domicilio,sí,7.0,no,hospital C,urgente,29/07/2024,si,distrito 5,no
traumatología,97.0,mujer,7.0,0.0,0.0,residencia,no,2.0,no,hospital A,urgente,09/04/2025,no,distrito 9,no
medicina interna,85.0,hombre,23.0,1.0,1.0,domicilio,no,1.0,no,hospital E,urgente,25/07/2025,no,distrito 7,no
  traumatología ,60.0,mujer,10.0,4.0,0.0,domicilio,no,7.0,sí,hospital A,programado,20/03/2025,si,distrito 7,sí
  cirugía general ,52.0,hombre,7.0,2.0,0.0,domicilio,sí,3.0,no,hospital F,urgente,11/09/2024,no,distrito 8,no
cardiología,76.0,mujer,7.0,1.0,1.0,domicilio,sí,6.0,no,hospital C,urgente,05/09/2024,no,distrito 8,no
neumología,53.0,hombre,-99.0,0.0,0.0,domicilio,sí,4.0,no,hospital C,urgente,16/02/2025,no,distrito 3,no
  neumología ,90.0,mujer,5.0,3.0,0.0,domicilio,no,8.0,no,hospital E,urgente,13/09/2025,no,distrito 7,no
traumatología,62.0,mujer,6.0,0.0,2.0,domicilio,sí,5.0,no,hospital B,programado,10/09/2025,no,distrito 5,sí
cardiología,58.0,mujer,3.0,3.0,0.0,domicilio,sí,3.0,sí,hospital C,urgente,22/02/2025,si,distrito 4,no
neumología,47.0,hombre,6.0,0.0,0.0,hospitalización a domicilio,sí,7.0,no,hospital A,urgente,06/04/2025,no,distrito 5,sí
neumología,61.0,mujer,13.0,8.0,0.0,domicilio,sí,1.0,no,hospital E,urgente,19/10/2025,no,distrito 3,no
traumatología,65.0,hombre,18.0,0.0,0.0,residencia,sí,22.0,no,hospital A,urgente,27/11/2024,no,distrito 10,no
medicina interna,95.0,mujer,6.0,1.0,0.0,residencia,no,4.0,no,hospital B,programado,04/03/2025,no,distrito 6,sí
medicina interna,88.0,hombre,5.0,8.0,2.0,residencia,no,2.0,no,hospital C,urgente,11/08/2024,si,distrito 3,sí
MEDICINA INTERNA,75.0,hombre,2.0,6.0,0.0,residencia,sí,0.0,no,hospital D,urgente,14/09/2024,no,distrito 5,no
  digestivo ,56.0,mujer,10.0,2.0,0.0,domicilio,no,3.0,sí,hospital F,urgente,15/09/2025,no,distrito 9,no
traumatología,63.0,hombre,6.0,8.0,0.0,domicilio,sí,5.0,sí,hospital A,urgente,10/01/2025,no,distrito 7,sí
NEUMOLOGÍA,28.0,mujer,2.0,2.0,2.0,centro de media estancia,sí,8.0,no,hospital D,urgente,07/11/2025,no,distrito 6,sí
cardiología,85.0,hombre,-99.0,1.0,0.0,residencia,sí,4.0,no,hospital E,urgente,11/10/2024,si,distrito 6,no
  neumología ,81.0,hombre,9.0,3.0,0.0,domicilio,sí,6.0,no,hospital A,urgente,14/08/2025,no,distrito 9,sí
medicina interna,55.0,hombre,12.0,2.0,5.0,hospitalización a domicilio,no,11.0,no,hospital C,urgente,27/08/2024,no,distrito 1,sí
neumología,60.0,mujer,5.0,5.0,0.0,domicilio,no,4.0,sí,hospital E,programado,17/05/2025,no,distrito 3,sí
cirugía general,49.0,mujer,12.0,0.0,0.0,residencia,sí,1.0,no,hospital D,urgente,18/10/2025,no,distrito 3,no
cirugía general,98.0,hombre,-99.0,9.0,1.0,domicilio,no,2.0,sí,hospital F,urgente,03/08/2024,si,distrito 6,no
traumatología,73.0,mujer,6.0,0.0,0.0,domicilio,sí,10.0,no,hospital E,urgente,09/09/2024,no,distrito 4,no
traumatología,69.0,hombre,10.0,1.0,0.0,centro de media estancia,sí,1.0,no,hospital E,urgente,21/10/2024,no,distrito 2,no
DIGESTIVO,78.0,mujer,7.0,2.0,0.0,domicilio,no,6.0,no,hospital F,urgente,21/02/2025,no,distrito 7,sí
medicina interna,67.0,hombre,2.0,2.0,1.0,residencia,sí,3.0,no,hospital A,programado,11/06/2024,no,distrito 1,no
digestivo,65.0,hombre,3.0,3.0,0.0,domicilio,sí,13.0,no,hospital B,programado,17/07/2024,no,distrito 8,no
cardiología,58.0,mujer,9.0,4.0,0.0,residencia,no,7.0,no,hospital D,urgente,25/09/2025,si,distrito 5,no
cardiología,90.0,mujer,16.0,0.0,0.0,domicilio,no,5.0,no,hospital A,urgente,02/08/2024,no,distrito 7,sí
neumología,48.0,hombre,11.0,3.0,0.0,residencia,sí,5.0,no,hospital C,urgente,24/04/2025,no,distrito 9,no
  medicina interna ,54.0,mujer,7.0,1.0,0.0,hospitalización a domicilio,sí,8.0,sí,hospital C,programado,29/08/2025,no,distrito 4,sí
  digestivo ,91.0,hombre,2.0,0.0,0.0,domicilio,sí,9.0,sí,hospital B,urgente,07/11/2025,no,distrito 10,no
medicina interna,76.0,mujer,4.0,6.0,1.0,domicilio,sí,4.0,sí,hospital B,urgente,05/12/2024,no,distrito 8,no
cirugía general,70.0,hombre,3.0,1.0,0.0,domicilio,no,8.0,no,hospital C,programado,07/01/2025,no,distrito 3,no
cardiología,71.0,hombre,-99.0,3.0,0.0,domicilio,sí,13.0,no,hospital B,urgente,15/10/2024,no,distrito 2,no
MEDICINA INTERNA,81.0,hombre,5.0,0.0,0.0,domicilio,sí,8.0,no,hospital C,programado,03/12/2024,no,distrito 6,sí
cirugia general,72.0,hombre,1.0,1.0,0.0,domicilio,sí,6.0,sí,hospital A,urgente,29/07/2025,no,distrito 1,sí
cirugía general,69.0,mujer,12.0,5.0,6.0,domicilio,sí,8.0,no,hospital C,urgente,27/06/2024,si,distrito 5,sí
cardiología,74.0,hombre,5.0,8.0,0.0,domicilio,sí,8.0,no,hospital F,programado,22/06/2025,no,distrito 5,no
medicina interna,58.0,mujer,5.0,0.0,0.0,domicilio,no,4.0,no,hospital C,urgente,17/06/2025,no,distrito 8,no
cirugía general,62.0,mujer,4.0,3.0,1.0,domicilio,no,4.0,no,hospital D,urgente,16/10/2024,no,distrito 5,no
neumologia,60.0,mujer,16.0,4.0,0.0,domicilio,sí,15.0,sí,hospital E,programado,05/11/2024,no,distrito 10,sí
medicina interna,35.0,hombre,1.0,1.0,0.0,centro de media estancia,sí,9.0,no,hospital A,programado,26/02/2025,no,distrito 1,no
cardiología,83.0,mujer,10.0,1.0,0.0,domicilio,no,9.0,no,hospital F,programado,29/07/2024,no,distrito 1,sí
  cirugía general ,78.0,mujer,7.0,2.0,0.0,domicilio,no,11.0,no,hospital C,urgente,28/08/2025,no,distrito 9,sí
cardiología,60.0,hombre,4.0,4.0,1.0,domicilio,sí,5.0,no,hospital B,programado,22/01/2025,si,distrito 6,no
medicina interna,72.0,mujer,4.0,5.0,1.0,domicilio,sí,6.0,no,hospital B,programado,30/06/2024,no,distrito 2,sí
traumatología,71.0,mujer,2.0,0.0,0.0,domicilio,sí,2.0,no,hospital C,programado,01/07/2024,no,distrito 4,sí
traumatología,59.0,hombre,5.0,4.0,11.0,domicilio,sí,10.0,sí,hospital F,urgente,29/03/2025,no,distrito 4,sí
cirugía general,21.0,hombre,4.0,0.0,2.0,domicilio,no,9.0,no,hospital E,urgente,15/06/2024,no,distrito 8,no
neumología,45.0,hombre,8.0,2.0,0.0,centro de media estancia,sí,4.0,no,hospital F,programado,12/06/2024,no,distrito 5,sí
neumología,84.0,mujer,4.0,1.0,0.0,domicilio,no,8.0,sí,hospital A,urgente,16/07/2024,no,distrito 9,sí
neumología,74.0,mujer,8.0,3.0,2.0,residencia,no,11.0,no,hospital D,programado,07/10/2025,si,distrito 6,no
cirugía general,59.0,hombre,4.0,0.0,2.0,domicilio,sí,6.0,no,hospital D,urgente,08/04/2025,no,distrito 3,sí
cardiologia,55.0,hombre,5.0,3.0,1.0,residencia,no,0.0,sí,hospital D,urgente,02/06/2025,si,distrito 6,sí
cardiología,62.0,hombre,20.0,4.0,0.0,domicilio,no,2.0,no,hospital C,urgente,07/02/2025,no,distrito 7,sí
cardiología,72.0,hombre,9.0,3.0,0.0,domicilio,sí,3.0,no,hospital A,programado,24/05/2025,si,distrito 8,sí
cirugía general,29.0,mujer,2.0,1.0,1.0,residencia,no,6.0,no,hospital E,programado,08/02/2025,no,distrito 4,no
cirugía general,79.0,mujer,7.0,0.0,0.0,domicilio,sí,5.0,sí,hospital D,urgente,25/10/2025,no,distrito 9,no
traumatología,60.0,mujer,4.0,2.0,0.0,domicilio,no,7.0,no,hospital F,programado,28/03/2025,no,distrito 10,no
cirugia general,93.0,mujer,9.0,2.0,1.0,domicilio,sí,2.0,no,hospital C,urgente,11/03/2025,no,distrito 6,sí
MEDICINA INTERNA,60.0,hombre,7.0,8.0,1.0,domicilio,no,7.0,sí,hospital F,N/D,25/12/2024,no,distrito 4,no
cardiología,70.0,hombre,3.0,1.0,0.0,domicilio,no,4.0,sí,hospital F,urgente,13/04/2025,no,distrito 1,sí
cirugía general,88.0,mujer,6.0,5.0,0.0,domicilio,sí,7.0,no,hospital E,urgente,29/11/2024,no,distrito 5,sí
neumología,61.0,hombre,6.0,6.0,2.0,domicilio,sí,8.0,no,hospital C,programado,25/12/2024,no,distrito 9,sí
neumología,91.0,mujer,11.0,0.0,0.0,domicilio,sí,5.0,no,hospital C,urgente,11/07/2024,no,distrito 5,sí
cardiología,65.0,mujer,3.0,5.0,0.0,domicilio,sí,10.0,no,hospital E,urgente,27/01/2025,si,distrito 9,no
medicina interna,38.0,mujer,9.0,2.0,1.0,domicilio,sí,15.0,sí,hospital E,urgente,09/07/2024,no,distrito 5,no
medicina interna,67.0,mujer,5.0,3.0,0.0,domicilio,sí,8.0,no,hospital D,urgente,17/11/2024,no,distrito 2,sí
digestivo,28.0,hombre,10.0,0.0,1.0,domicilio,sí,4.0,no,hospital C,programado,26/02/2025,no,distrito 8,no
digestivo,65.0,hombre,8.0,0.0,0.0,domicilio,no,15.0,no,hospital D,urgente,30/03/2025,no,distrito 1,no
  neumología ,64.0,hombre,11.0,0.0,0.0,domicilio,no,3.0,sí,hospital D,urgente,27/09/2024,no,distrito 8,sí
cirugia general,97.0,mujer,7.0,0.0,0.0,domicilio,sí,0.0,no,hospital A,urgente,28/07/2024,no,distrito 5,sí
cirugia general,78.0,mujer,1.0,6.0,4.0,hospitalización a domicilio,no,10.0,no,hospital C,urgente,13/11/2025,si,distrito 7,sí
cardiología,63.0,mujer,5.0,7.0,0.0,domicilio,sí,5.0,no,hospital F,urgente,24/03/2025,no,distrito 9,no
medicina interna,42.0,mujer,3.0,2.0,0.0,centro de media estancia,no,9.0,no,hospital A,urgente,04/08/2025,si,distrito 9,sí
CARDIOLOGÍA,85.0,hombre,3.0,3.0,0.0,residencia,sí,12.0,no,hospital A,urgente,26/09/2025,si,distrito 2,sí
CIRUGÍA GENERAL,73.0,mujer,8.0,0.0,0.0,domicilio,sí,6.0,no,hospital A,urgente,29/07/2025,no,distrito 10,sí
NEUMOLOGÍA,54.0,mujer,7.0,4.0,6.0,domicilio,sí,0.0,sí,hospital D,urgente,15/01/2025,si,distrito 3,sí
medicina interna,59.0,hombre,10.0,2.0,2.0,domicilio,no,1.0,no,hospital C,urgente,08/10/2025,si,distrito 6,no
medicina interna,72.0,hombre,9.0,0.0,0.0,hospitalización a domicilio,sí,9.0,sí,hospital E,urgente,12/01/2025,no,distrito 5,no
medicina interna,76.0,hombre,18.0,2.0,0.0,domicilio,no,7.0,no,hospital F,programado,03/09/2024,no,distrito 4,sí
medicina interna,54.0,hombre,1.0,0.0,2.0,residencia,no,4.0,no,hospital D,programado,20/09/2025,no,distrito 5,sí
cirugía general,23.0,hombre,5.0,0.0,3.0,domicilio,no,3.0,no,hospital A,urgente,12/07/2024,no,distrito 4,no
cardiología,48.0,mujer,5.0,5.0,1.0,residencia,sí,3.0,no,hospital B,urgente,07/07/2024,no,distrito 3,sí
medicina interna,74.0,hombre,4.0,1.0,0.0,domicilio,sí,3.0,no,hospital D,urgente,04/08/2024,no,distrito 3,no
digestivo,100.0,mujer,7.0,4.0,1.0,domicilio,no,2.0,no,hospital B,urgente,31/10/2025,no,distrito 2,no
cirugía general,43.0,hombre,2.0,3.0,1.0,hospitalización a domicilio,no,4.0,no,hospital B,programado,15/10/2025,si,distrito 3,no
medicina interna,96.0,mujer,4.0,1.0,0.0,domicilio,sí,5.0,no,hospital F,programado,28/09/2024,no,distrito 8,sí
  neumología ,55.0,mujer,8.0,1.0,0.0,domicilio,no,6.0,sí,hospital E,urgente,29/08/2025,no,distrito 6,no
neumología,42.0,mujer,5.0,0.0,1.0,domicilio,sí,10.0,no,hospital D,programado,26/06/2024,no,distrito 4,sí
medicina interna,62.0,hombre,4.0,2.0,0.0,domicilio,no,3.0,sí,hospital D,urgente,10/12/2024,no,distrito 8,sí
neumología,86.0,hombre,3.0,4.0,1.0,domicilio,no,11.0,no,hospital D,urgente,09/10/2025,no,distrito 1,no
traumatología,37.0,hombre,6.0,3.0,0.0,domicilio,no,1.0,no,hospital B,programado,27/09/2025,no,distrito 3,sí
MEDICINA INTERNA,60.0,hombre,7.0,1.0,1.0,domicilio,sí,5.0,no,hospital F,urgente,14/02/2025,no,distrito 4,no
cirugía general,94.0,hombre,4.0,2.0,0.0,domicilio,sí,4.0,no,hospital F,programado,12/07/2025,no,distrito 10,sí
medicina interna,80.0,mujer,2.0,4.0,0.0,domicilio,sí,4.0,no,hospital C,urgente,21/02/2025,si,distrito 10,no
neumología,75.0,hombre,4.0,0.0,1.0,domicilio,sí,6.0,no,hospital C,urgente,26/10/2024,no,distrito 6,no
cardiología,36.0,mujer,7.0,1.0,3.0,domicilio,no,2.0,no,hospital E,urgente,19/08/2024,si,distrito 4,no
cardiología,77.0,hombre,5.0,2.0,2.0,domicilio,sí,0.0,no,hospital F,urgente,28/07/2024,no,distrito 5,sí
  medicina interna ,40.0,mujer,22.0,0.0,1.0,residencia,no,5.0,no,hospital C,N/D,23/06/2024,no,distrito 4,sí
medicina interna,98.0,hombre,1.0,4.0,5.0,domicilio,no,15.0,no,hospital D,programado,02/09/2025,no,distrito 7,no
neumología,86.0,hombre,6.0,1.0,0.0,domicilio,no,12.0,sí,hospital C,urgente,01/03/2025,no,distrito 9,no
cirugía general,85.0,hombre,7.0,0.0,0.0,domicilio,no,6.0,no,hospital B,programado,18/01/2025,no,distrito 5,no
cirugía general,89.0,hombre,3.0,0.0,6.0,hospitalización a domicilio,no,5.0,no,hospital C,urgente,01/05/2025,no,distrito 3,no
medicina interna,48.0,hombre,-99.0,2.0,0.0,domicilio,sí,5.0,no,hospital E,programado,26/04/2025,no,distrito 7,sí
cirugía general,61.0,mujer,7.0,1.0,0.0,residencia,no,3.0,no,hospital B,programado,05/05/2025,no,distrito 6,sí
traumatologia,82.0,mujer,12.0,2.0,0.0,domicilio,no,9.0,sí,hospital C,programado,22/09/2025,si,distrito 3,sí
traumatología,43.0,mujer,6.0,2.0,0.0,residencia,no,12.0,sí,hospital A,urgente,05/11/2025,no,distrito 7,sí
digestivo,66.0,hombre,12.0,2.0,0.0,domicilio,no,9.0,no,hospital D,urgente,23/05/2025,no,distrito 2,sí
CIRUGÍA GENERAL,51.0,mujer,5.0,0.0,0.0,domicilio,no,8.0,no,hospital A,N/D,16/04/2025,no,distrito 9,no
CARDIOLOGÍA,60.0,mujer,3.0,7.0,1.0,domicilio,no,7.0,no,hospital E,programado,22/08/2025,no,distrito 7,no
cardiología,72.0,mujer,8.0,2.0,0.0,domicilio,sí,2.0,no,hospital F,programado,10/03/2025,no,distrito 1,no
cardiología,96.0,hombre,4.0,1.0,0.0,residencia,no,14.0,no,hospital A,programado,21/10/2024,si,distrito 2,sí
neumología,60.0,hombre,24.0,4.0,0.0,domicilio,sí,0.0,sí,hospital D,urgente,21/08/2024,no,distrito 10,no
  cirugía general ,61.0,hombre,9.0,4.0,4.0,residencia,no,13.0,no,hospital B,urgente,17/09/2025,no,distrito 2,no
cardiología,36.0,mujer,7.0,1.0,0.0,residencia,no,2.0,no,hospital F,programado,09/08/2025,no,distrito 10,sí
cirugía general,56.0,mujer,7.0,1.0,1.0,centro de media estancia,no,7.0,no,hospital F,urgente,03/08/2024,no,distrito 5,no
medicina interna,61.0,hombre,6.0,0.0,0.0,domicilio,sí,5.0,no,hospital E,urgente,12/03/2025,no,distrito 10,no
neumologia,41.0,mujer,9.0,0.0,1.0,domicilio,sí,7.0,no,hospital B,urgente,16/08/2024,no,distrito 6,no
cirugía general,70.0,mujer,-99.0,3.0,0.0,domicilio,sí,8.0,no,hospital D,urgente,16/12/2024,no,distrito 5,no
medicina interna,65.0,mujer,4.0,3.0,1.0,domicilio,sí,2.0,no,hospital F,urgente,21/02/2025,no,distrito 5,no
medicina interna,73.0,hombre,5.0,0.0,1.0,residencia,sí,6.0,sí,hospital A,urgente,10/09/2025,no,distrito 4,no
cardiología,66.0,mujer,8.0,2.0,0.0,residencia,sí,7.0,sí,hospital D,programado,03/07/2024,si,distrito 1,sí
  neumología ,65.0,mujer,11.0,2.0,4.0,domicilio,no,10.0,no,hospital A,programado,20/11/2025,no,distrito 5,no
neumologia,70.0,mujer,4.0,0.0,0.0,domicilio,no,0.0,no,hospital E,urgente,03/10/2025,si,distrito 2,no
traumatología,76.0,mujer,9.0,4.0,0.0,domicilio,no,1.0,no,hospital E,urgente,18/06/2024,si,distrito 4,sí
TRAUMATOLOGÍA,38.0,hombre,3.0,6.0,0.0,domicilio,no,3.0,no,hospital C,urgente,09/10/2024,no,distrito 1,sí
cirugía general,63.0,hombre,9.0,8.0,1.0,domicilio,no,3.0,no,hospital F,N/D,06/09/2025,no,distrito 4,sí
neumología,37.0,hombre,7.0,2.0,0.0,domicilio,no,3.0,no,hospital C,urgente,22/06/2024,si,distrito 3,sí
cirugía general,46.0,mujer,1.0,6.0,1.0,domicilio,no,1.0,no,hospital D,urgente,29/04/2025,no,distrito 9,no
cirugía general,67.0,hombre,9.0,0.0,3.0,domicilio,sí,4.0,no,hospital C,urgente,11/04/2025,no,distrito 9,no
traumatología,61.0,hombre,2.0,11.0,1.0,domicilio,sí,9.0,no,hospital D,urgente,04/01/2025,si,distrito 6,no
neumologia,60.0,mujer,4.0,1.0,0.0,domicilio,no,2.0,no,hospital E,N/D,22/07/2025,no,distrito 2,sí
cardiología,88.0,hombre,4.0,2.0,1.0,domicilio,no,0.0,no,hospital F,urgente,05/09/2025,no,distrito 5,no
  traumatología ,93.0,hombre,6.0,3.0,1.0,domicilio,no,16.0,no,hospital A,urgente,04/09/2024,no,distrito 8,no
medicina interna,79.0,mujer,2.0,2.0,2.0,domicilio,no,5.0,no,hospital E,programado,07/11/2024,no,distrito 10,no
cirugía general,36.0,mujer,4.0,0.0,0.0,domicilio,no,3.0,no,hospital C,urgente,09/11/2025,no,distrito 9,no
cirugía general,72.0,hombre,1.0,2.0,0.0,domicilio,sí,5.0,sí,hospital F,urgente,27/11/2024,no,distrito 5,sí
medicina interna,53.0,mujer,6.0,2.0,0.0,domicilio,sí,15.0,no,hospital C,programado,14/06/2024,no,distrito 4,sí
cardiologia,61.0,hombre,4.0,1.0,1.0,domicilio,no,18.0,no,hospital C,urgente,04/03/2025,no,distrito 2,sí
CIRUGÍA GENERAL,66.0,mujer,5.0,2.0,0.0,centro de media estancia,sí,2.0,no,hospital A,urgente,27/06/2024,no,distrito 4,sí
medicina interna,58.0,mujer,1.0,3.0,0.0,domicilio,no,6.0,no,hospital F,urgente,03/05/2025,si,distrito 1,sí
traumatología,53.0,mujer,7.0,0.0,0.0,residencia,no,7.0,no,hospital A,urgente,10/06/2025,no,distrito 3,no
medicina interna,66.0,mujer,16.0,1.0,2.0,hospitalización a domicilio,no,3.0,no,hospital D,urgente,02/09/2024,no,distrito 3,sí
traumatologia,82.0,mujer,6.0,0.0,1.0,domicilio,no,5.0,no,hospital F,urgente,08/06/2025,no,distrito 8,no
neumología,84.0,mujer,3.0,1.0,0.0,domicilio,sí,7.0,no,hospital E,urgente,15/01/2025,no,distrito 3,no
cardiología,76.0,hombre,17.0,1.0,0.0,domicilio,sí,3.0,sí,hospital D,urgente,18/06/2024,no,distrito 9,sí
DIGESTIVO,63.0,mujer,10.0,7.0,6.0,hospitalización a domicilio,sí,8.0,sí,hospital F,urgente,16/02/2025,no,distrito 9,no
  cardiología ,82.0,mujer,2.0,1.0,0.0,residencia,no,0.0,no,hospital F,programado,17/09/2025,no,distrito 6,sí
traumatología,70.0,hombre,16.0,0.0,0.0,domicilio,sí,4.0,no,hospital A,urgente,26/05/2025,no,distrito 8,sí
digestivo,60.0,hombre,4.0,5.0,0.0,domicilio,sí,6.0,no,hospital F,urgente,30/10/2024,si,distrito 3,sí
cirugía general,87.0,hombre,4.0,1.0,2.0,domicilio,no,2.0,no,hospital C,urgente,18/04/2025,no,distrito 7,sí
  medicina interna ,98.0,hombre,2.0,6.0,2.0,domicilio,sí,8.0,no,hospital A,urgente,03/02/2025,si,distrito 10,no
MEDICINA INTERNA,53.0,hombre,6.0,6.0,2.0,centro de media estancia,no,2.0,no,hospital C,programado,31/07/2024,si,distrito 8,no
cirugía general,64.0,mujer,5.0,2.0,0.0,residencia,no,4.0,sí,hospital F,urgente,16/03/2025,si,distrito 2,no
medicina interna,70.0,mujer,14.0,0.0,0.0,residencia,no,0.0,no,hospital F,programado,15/06/2024,no,distrito 4,no
cirugía general,62.0,hombre,12.0,1.0,0.0,domicilio,no,8.0,sí,hospital A,urgente,04/09/2024,no,distrito 5,sí
NEUMOLOGÍA,100.0,mujer,3.0,4.0,0.0,domicilio,sí,0.0,sí,hospital D,urgente,23/05/2025,no,distrito 4,no
cirugía general,58.0,hombre,7.0,2.0,2.0,domicilio,sí,6.0,no,hospital E,urgente,04/12/2024,no,distrito 4,sí
digestivo,44.0,mujer,5.0,4.0,4.0,domicilio,sí,7.0,sí,hospital E,programado,25/09/2025,no,distrito 5,sí
medicina interna,60.0,hombre,2.0,3.0,0.0,domicilio,sí,4.0,no,hospital D,urgente,07/09/2024,no,distrito 6,no
cardiología,69.0,hombre,2.0,0.0,1.0,domicilio,sí,1.0,no,hospital E,urgente,14/10/2024,no,distrito 7,no
neumología,75.0,mujer,5.0,6.0,0.0,domicilio,sí,9.0,sí,hospital B,programado,15/06/2024,si,distrito 7,no
medicina interna,89.0,hombre,6.0,1.0,0.0,domicilio,no,4.0,no,hospital A,urgente,25/02/2025,no,distrito 8,no
cardiologia,69.0,hombre,9.0,0.0,1.0,hospitalización a domicilio,sí,6.0,no,hospital E,urgente,25/09/2025,no,distrito 3,no
  cirugía general ,75.0,mujer,11.0,4.0,0.0,domicilio,sí,12.0,no,hospital D,urgente,22/06/2024,no,distrito 8,sí
traumatología,68.0,mujer,4.0,4.0,0.0,domicilio,no,10.0,no,hospital A,urgente,11/12/2024,no,distrito 3,sí
cirugía general,73.0,mujer,12.0,4.0,0.0,domicilio,no,4.0,no,hospital C,urgente,06/04/2025,no,distrito 8,sí
cardiología,72.0,mujer,5.0,2.0,0.0,residencia,sí,6.0,no,hospital B,urgente,27/07/2025,no,distrito 9,no
cardiología,58.0,hombre,-99.0,8.0,0.0,domicilio,no,8.0,no,hospital F,urgente,26/08/2025,si,distrito 8,no
traumatología,48.0,hombre,-99.0,1.0,0.0,residencia,no,3.0,no,hospital A,urgente,18/12/2024,no,distrito 5,no
medicina interna,72.0,mujer,5.0,5.0,0.0,centro de media estancia,sí,6.0,no,hospital C,urgente,02/10/2024,no,distrito 5,no
traumatología,70.0,mujer,6.0,3.0,0.0,domicilio,sí,7.0,no,hospital A,urgente,22/12/2024,no,distrito 3,sí
cardiología,67.0,mujer,4.0,0.0,0.0,hospitalización a domicilio,sí,4.0,no,hospital A,programado,14/06/2025,no,distrito 3,no
medicina interna,66.0,hombre,7.0,0.0,0.0,domicilio,no,3.0,no,hospital B,N/D,11/09/2025,no,distrito 5,sí
medicina interna,57.0,mujer,4.0,0.0,0.0,domicilio,sí,10.0,no,hospital E,urgente,26/07/2025,no,distrito 10,no
neumología,70.0,mujer,7.0,1.0,0.0,domicilio,no,10.0,no,hospital D,programado,09/03/2025,no,distrito 8,sí
CIRUGÍA GENERAL,88.0,mujer,4.0,0.0,0.0,residencia,no,2.0,no,hospital A,programado,21/11/2025,no,distrito 8,no
cirugía general,34.0,hombre,7.0,3.0,1.0,domicilio,no,12.0,sí,hospital B,urgente,22/11/2024,no,distrito 7,no
neumología,34.0,mujer,6.0,4.0,0.0,domicilio,sí,5.0,sí,hospital A,urgente,10/04/2025,no,distrito 8,sí
digestivo,54.0,hombre,4.0,14.0,0.0,domicilio,sí,4.0,no,hospital F,programado,16/02/2025,no,distrito 4,no
traumatologia,32.0,mujer,2.0,2.0,1.0,domicilio,sí,2.0,no,hospital F,programado,14/07/2025,no,distrito 7,no
cirugía general,75.0,mujer,14.0,0.0,1.0,domicilio,sí,12.0,sí,hospital D,urgente,01/03/2025,no,distrito 7,sí
medicina interna,54.0,mujer,12.0,0.0,0.0,residencia,no,0.0,no,hospital A,urgente,17/07/2025,no,distrito 2,sí
cirugia general,62.0,hombre,3.0,0.0,0.0,domicilio,no,13.0,no,hospital D,urgente,30/05/2025,no,distrito 9,no
medicina interna,51.0,mujer,7.0,3.0,0.0,domicilio,sí,9.0,no,hospital D,programado,12/06/2025,no,distrito 5,no
neumología,68.0,hombre,15.0,1.0,0.0,domicilio,no,1.0,sí,hospital E,programado,27/10/2024,no,distrito 10,no
  cardiología ,29.0,mujer,5.0,1.0,1.0,domicilio,sí,16.0,no,hospital B,programado,18/02/2025,no,distrito 8,sí
digestivo,37.0,mujer,4.0,2.0,0.0,domicilio,sí,5.0,sí,hospital F,urgente,29/10/2024,no,distrito 4,sí
cardiología,54.0,mujer,7.0,1.0,2.0,residencia,sí,12.0,no,hospital B,urgente,30/07/2025,no,distrito 9,no
traumatología,59.0,mujer,6.0,1.0,0.0,domicilio,no,2.0,no,hospital B,urgente,13/06/2024,no,distrito 6,sí
NEUMOLOGÍA,75.0,hombre,4.0,3.0,0.0,domicilio,sí,2.0,sí,hospital A,urgente,01/09/2025,si,distrito 6,no
traumatología,61.0,hombre,3.0,1.0,1.0,domicilio,no,6.0,no,hospital B,urgente,13/04/2025,no,distrito 9,sí
medicina interna,81.0,mujer,5.0,0.0,1.0,domicilio,no,12.0,no,hospital D,urgente,03/05/2025,no,distrito 10,no
cirugía general,64.0,hombre,6.0,3.0,0.0,residencia,sí,8.0,no,hospital B,urgente,24/04/2025,si,distrito 4,no
cardiología,73.0,hombre,10.0,0.0,1.0,centro de media estancia,sí,7.0,no,hospital B,urgente,12/10/2025,no,distrito 5,sí
cardiología,70.0,mujer,20.0,6.0,0.0,domicilio,no,1.0,sí,hospital D,N/D,01/09/2024,si,distrito 3,no
traumatología,66.0,hombre,9.0,4.0,2.0,domicilio,sí,1.0,sí,hospital A,urgente,14/03/2025,no,distrito 7,no
traumatología,57.0,mujer,13.0,2.0,0.0,domicilio,no,5.0,no,hospital E,urgente,31/01/2025,no,distrito 1,no
CIRUGÍA GENERAL,56.0,hombre,1.0,4.0,2.0,domicilio,no,3.0,no,hospital A,urgente,12/07/2024,no,distrito 7,no
cirugía general,59.0,hombre,1.0,4.0,0.0,domicilio,sí,18.0,no,hospital D,urgente,18/10/2024,si,distrito 9,sí
  cirugía general ,65.0,mujer,10.0,0.0,0.0,domicilio,sí,12.0,no,hospital E,programado,01/10/2024,no,distrito 10,sí
cardiología,70.0,mujer,6.0,5.0,0.0,domicilio,sí,0.0,no,hospital B,programado,17/05/2025,no,distrito 9,sí
cardiología,54.0,mujer,2.0,2.0,0.0,domicilio,no,8.0,no,hospital F,programado,27/01/2025,no,distrito 9,sí
cirugía general,52.0,mujer,9.0,1.0,0.0,domicilio,sí,9.0,sí,hospital B,urgente,22/12/2024,no,distrito 7,sí
traumatología,73.0,mujer,4.0,2.0,0.0,domicilio,sí,2.0,no,hospital E,urgente,17/07/2025,no,distrito 7,no
cardiología,65.0,hombre,8.0,1.0,0.0,domicilio,no,4.0,no,hospital B,programado,26/10/2024,no,distrito 2,no
medicina interna,66.0,hombre,6.0,0.0,0.0,domicilio,no,23.0,no,hospital E,programado,03/10/2024,no,distrito 4,no
cardiología,58.0,hombre,9.0,3.0,0.0,residencia,sí,5.0,no,hospital D,N/D,10/07/2025,no,distrito 7,no
medicina interna,60.0,hombre,10.0,2.0,1.0,domicilio,sí,5.0,no,hospital F,urgente,24/09/2025,no,distrito 7,sí
traumatología,61.0,hombre,2.0,0.0,0.0,domicilio,no,2.0,no,hospital B,programado,13/01/2025,no,distrito 3,no
CIRUGÍA GENERAL,49.0,mujer,6.0,1.0,1.0,domicilio,sí,3.0,no,hospital F,urgente,15/12/2024,no,distrito 4,no
digestivo,57.0,hombre,7.0,0.0,0.0,domicilio,no,0.0,no,hospital A,urgente,25/09/2025,no,distrito 7,no
cirugia general,97.0,mujer,3.0,0.0,2.0,domicilio,no,3.0,no,hospital D,urgente,18/07/2025,no,distrito 10,no
traumatología,65.0,hombre,13.0,0.0,0.0,domicilio,no,6.0,sí,hospital E,urgente,04/07/2025,no,distrito 7,no
CIRUGÍA GENERAL,57.0,hombre,-99.0,0.0,0.0,domicilio,sí,5.0,sí,hospital A,urgente,08/10/2025,no,distrito 3,no
digestivo,51.0,hombre,8.0,2.0,0.0,residencia,no,2.0,no,hospital E,urgente,14/08/2025,no,distrito 2,sí
neumología,78.0,mujer,8.0,0.0,0.0,domicilio,sí,11.0,no,hospital F,urgente,21/08/2024,no,distrito 10,sí
medicina interna,66.0,hombre,-99.0,4.0,0.0,domicilio,no,1.0,sí,hospital C,urgente,09/09/2025,si,distrito 4,no
digestivo,79.0,hombre,4.0,0.0,2.0,hospitalización a domicilio,sí,14.0,no,hospital A,urgente,10/05/2025,no,distrito 5,no
cardiología,80.0,hombre,8.0,2.0,0.0,domicilio,sí,3.0,sí,hospital E,urgente,08/06/2025,no,distrito 10,sí
medicina interna,49.0,mujer,6.0,2.0,0.0,residencia,sí,8.0,sí,hospital F,N/D,03/09/2024,no,distrito 8,no
  medicina interna ,72.0,mujer,4.0,4.0,0.0,residencia,no,6.0,no,hospital D,urgente,24/06/2024,si,distrito 6,sí
CIRUGÍA GENERAL,83.0,hombre,10.0,1.0,0.0,domicilio,sí,8.0,no,hospital F,N/D,08/02/2025,no,distrito 5,no
  traumatología ,97.0,mujer,22.0,0.0,0.0,domicilio,no,6.0,no,hospital E,urgente,22/11/2024,no,distrito 9,no
digestivo,76.0,hombre,14.0,9.0,0.0,centro de media estancia,no,0.0,sí,hospital C,programado,29/11/2024,si,distrito 8,sí
MEDICINA INTERNA,66.0,hombre,10.0,1.0,0.0,domicilio,no,3.0,no,hospital E,programado,13/07/2025,no,distrito 10,no
medicina interna,32.0,mujer,5.0,2.0,2.0,domicilio,sí,0.0,no,hospital E,programado,25/07/2024,no,distrito 6,no
traumatología,52.0,mujer,4.0,0.0,0.0,domicilio,no,0.0,sí,hospital A,urgente,09/08/2025,no,distrito 8,no
cirugía general,85.0,hombre,8.0,0.0,2.0,domicilio,no,3.0,no,hospital B,urgente,05/06/2025,no,distrito 7,no
  neumología ,69.0,mujer,4.0,11.0,1.0,domicilio,sí,11.0,sí,hospital B,programado,15/03/2025,si,distrito 7,no
cirugía general,72.0,hombre,1.0,9.0,0.0,domicilio,sí,2.0,sí,hospital D,N/D,01/09/2024,si,distrito 5,sí
cirugía general,65.0,hombre,19.0,4.0,0.0,domicilio,no,2.0,no,hospital F,programado,25/03/2025,no,distrito 6,no
cardiología,61.0,hombre,8.0,1.0,1.0,residencia,sí,5.0,no,hospital F,urgente,27/10/2025,no,distrito 8,sí
cirugía general,58.0,hombre,11.0,1.0,0.0,domicilio,no,1.0,no,hospital F,urgente,13/06/2024,no,distrito 10,no
medicina interna,40.0,hombre,5.0,0.0,1.0,residencia,sí,5.0,no,hospital B,programado,24/01/2025,no,distrito 5,no
medicina interna,55.0,hombre,4.0,3.0,0.0,domicilio,no,2.0,no,hospital E,programado,08/01/2025,no,distrito 7,sí
traumatología,70.0,mujer,1.0,0.0,0.0,domicilio,no,7.0,no,hospital E,programado,20/06/2025,no,distrito 6,sí
cirugía general,96.0,mujer,4.0,1.0,1.0,domicilio,sí,5.0,no,hospital B,programado,27/06/2025,no,distrito 7,no
cardiología,83.0,hombre,-99.0,0.0,0.0,domicilio,no,4.0,sí,hospital F,urgente,18/09/2025,no,distrito 4,no
cirugía general,42.0,mujer,14.0,0.0,0.0,domicilio,no,5.0,no,hospital F,urgente,19/09/2024,no,distrito 8,no
cardiología,43.0,mujer,3.0,1.0,0.0,residencia,no,3.0,no,hospital E,urgente,10/07/2024,no,distrito 8,no
digestivo,70.0,hombre,2.0,1.0,1.0,domicilio,sí,6.0,no,hospital E,urgente,04/07/2025,no,distrito 4,sí
medicina interna,78.0,hombre,7.0,5.0,2.0,domicilio,no,7.0,no,hospital B,urgente,18/07/2025,si,distrito 3,no
cardiología,49.0,hombre,6.0,10.0,0.0,hospitalización a domicilio,sí,3.0,no,hospital A,urgente,01/11/2025,no,distrito 6,sí
medicina interna,63.0,hombre,9.0,8.0,0.0,domicilio,no,2.0,no,hospital B,urgente,24/06/2025,no,distrito 5,no
medicina interna,67.0,mujer,2.0,6.0,0.0,domicilio,no,1.0,no,hospital C,programado,05/11/2024,no,distrito 1,no
cardiología,51.0,mujer,2.0,0.0,1.0,domicilio,no,7.0,no,hospital D,urgente,25/05/2025,si,distrito 1,sí
traumatología,59.0,mujer,12.0,1.0,1.0,domicilio,sí,4.0,no,hospital E,urgente,16/12/2024,no,distrito 6,no
traumatología,77.0,mujer,12.0,2.0,2.0,domicilio,sí,3.0,no,hospital E,urgente,28/06/2024,no,distrito 8,sí
  cirugía general ,25.0,mujer,-99.0,2.0,0.0,centro de media estancia,no,2.0,no,hospital A,urgente,12/11/2025,no,distrito 1,no
cardiología,83.0,hombre,-99.0,0.0,0.0,domicilio,sí,1.0,no,hospital E,urgente,12/08/2024,no,distrito 1,no
CIRUGÍA GENERAL,57.0,mujer,3.0,2.0,0.0,hospitalización a domicilio,sí,6.0,no,hospital A,urgente,08/09/2025,no,distrito 2,no
medicina interna,88.0,mujer,11.0,0.0,0.0,domicilio,no,3.0,no,hospital A,programado,24/08/2025,si,distrito 1,sí
traumatología,54.0,mujer,9.0,2.0,0.0,domicilio,sí,5.0,no,hospital D,urgente,24/01/2025,no,distrito 7,no
TRAUMATOLOGÍA,57.0,hombre,2.0,0.0,0.0,domicilio,no,2.0,no,hospital A,urgente,26/01/2025,no,distrito 5,sí
traumatología,53.0,hombre,12.0,0.0,1.0,domicilio,sí,4.0,no,hospital A,urgente,07/02/2025,no,distrito 5,no
  cirugía general ,58.0,mujer,3.0,2.0,1.0,domicilio,sí,5.0,sí,hospital E,urgente,11/04/2025,no,distrito 1,no
traumatología,36.0,hombre,3.0,7.0,3.0,domicilio,sí,12.0,no,hospital E,urgente,26/02/2025,no,distrito 3,sí
  cardiología ,76.0,hombre,7.0,1.0,1.0,domicilio,sí,1.0,no,hospital D,programado,15/11/2024,no,distrito 2,no
cardiología,78.0,hombre,6.0,0.0,0.0,domicilio,sí,5.0,no,hospital E,urgente,06/05/2025,no,distrito 9,no
digestivo,69.0,mujer,-99.0,1.0,0.0,domicilio,sí,2.0,no,hospital B,N/D,13/12/2024,no,distrito 7,sí
  medicina interna ,80.0,mujer,5.0,6.0,0.0,domicilio,sí,3.0,no,hospital B,urgente,06/09/2024,si,distrito 4,no
traumatología,49.0,hombre,1.0,3.0,0.0,domicilio,no,6.0,no,hospital E,programado,19/11/2024,no,distrito 4,no
traumatología,45.0,hombre,-99.0,2.0,1.0,domicilio,no,2.0,no,hospital D,urgente,23/09/2024,no,distrito 7,sí
traumatología,55.0,hombre,11.0,9.0,0.0,domicilio,no,5.0,sí,hospital D,programado,05/10/2025,no,distrito 10,no
neumología,60.0,mujer,2.0,2.0,0.0,domicilio,sí,8.0,no,hospital A,urgente,26/07/2024,si,distrito 5,sí
traumatología,88.0,hombre,-99.0,6.0,0.0,hospitalización a domicilio,no,17.0,no,hospital F,urgente,19/02/2025,no,distrito 2,no
  medicina interna ,67.0,mujer,2.0,4.0,4.0,domicilio,no,6.0,no,hospital B,urgente,26/01/2025,no,distrito 3,no
traumatología,63.0,hombre,4.0,1.0,1.0,domicilio,sí,4.0,sí,hospital E,programado,06/11/2025,no,distrito 5,sí
cirugía general,18.0,mujer,7.0,1.0,0.0,domicilio,sí,9.0,sí,hospital D,urgente,29/03/2025,no,distrito 6,sí
cardiología,40.0,mujer,4.0,4.0,1.0,domicilio,sí,6.0,no,hospital D,programado,03/04/2025,no,distrito 7,no
TRAUMATOLOGÍA,42.0,mujer,4.0,0.0,2.0,domicilio,no,0.0,no,hospital F,programado,15/07/2024,no,distrito 3,no
CARDIOLOGÍA,54.0,mujer,8.0,8.0,1.0,domicilio,sí,4.0,no,hospital C,urgente,10/06/2024,si,distrito 2,sí
cardiología,80.0,mujer,10.0,2.0,0.0,domicilio,sí,6.0,no,hospital F,urgente,10/12/2024,no,distrito 2,sí
medicina interna,67.0,mujer,7.0,1.0,0.0,residencia,sí,4.0,sí,hospital A,programado,12/06/2024,si,distrito 2,no
cardiología,31.0,hombre,3.0,0.0,0.0,residencia,no,1.0,sí,hospital B,programado,05/08/2024,no,distrito 8,no
  medicina interna ,77.0,hombre,8.0,1.0,1.0,domicilio,sí,4.0,no,hospital C,programado,27/10/2025,no,distrito 6,sí
traumatología,64.0,mujer,8.0,0.0,0.0,residencia,no,3.0,no,hospital C,urgente,15/08/2025,no,distrito 4,no
digestivo,68.0,hombre,6.0,1.0,1.0,domicilio,no,14.0,no,hospital D,urgente,14/12/2024,no,distrito 10,sí
cirugía general,55.0,mujer,6.0,0.0,0.0,domicilio,no,18.0,no,hospital E,urgente,07/07/2024,no,distrito 7,sí
medicina interna,75.0,mujer,5.0,3.0,0.0,domicilio,sí,3.0,no,hospital D,urgente,15/08/2024,no,distrito 7,sí
MEDICINA INTERNA,72.0,mujer,9.0,1.0,0.0,domicilio,no,1.0,no,hospital B,urgente,18/08/2025,no,distrito 4,no
medicina interna,89.0,hombre,7.0,0.0,0.0,hospitalización a domicilio,sí,6.0,sí,hospital F,programado,01/09/2024,no,distrito 6,no
cardiología,52.0,hombre,6.0,1.0,0.0,domicilio,sí,2.0,no,hospital B,urgente,31/10/2025,no,distrito 10,no
neumología,75.0,hombre,3.0,1.0,1.0,centro de media estancia,no,10.0,no,hospital B,urgente,17/08/2024,no,distrito 8,sí
cirugía general,74.0,hombre,11.0,0.0,0.0,hospitalización a domicilio,no,7.0,no,hospital D,urgente,15/04/2025,no,distrito 10,no
cardiología,58.0,mujer,6.0,4.0,2.0,domicilio,no,15.0,sí,hospital B,programado,12/11/2024,no,distrito 1,no
digestivo,22.0,mujer,10.0,1.0,0.0,domicilio,sí,6.0,no,hospital A,urgente,08/11/2025,no,distrito 10,sí
CARDIOLOGÍA,71.0,mujer,3.0,0.0,1.0,domicilio,sí,4.0,no,hospital B,urgente,18/06/2024,no,distrito 6,no
cirugía general,58.0,hombre,9.0,0.0,0.0,domicilio,sí,5.0,no,hospital D,urgente,17/01/2025,no,distrito 3,no
medicina interna,46.0,mujer,1.0,0.0,0.0,domicilio,no,3.0,no,hospital F,N/D,24/08/2024,no,distrito 1,no
medicina interna,74.0,hombre,2.0,10.0,0.0,domicilio,no,7.0,no,hospital D,urgente,26/07/2024,si,distrito 4,no
cirugía general,72.0,mujer,5.0,4.0,0.0,domicilio,no,13.0,no,hospital D,N/D,10/11/2025,no,distrito 4,no
neumología,89.0,hombre,8.0,3.0,2.0,centro de media estancia,sí,2.0,no,hospital C,urgente,14/10/2025,no,distrito 10,no
cirugía general,60.0,mujer,1.0,0.0,1.0,domicilio,no,5.0,no,hospital D,N/D,14/12/2024,no,distrito 8,no
medicina interna,68.0,hombre,5.0,0.0,0.0,domicilio,sí,9.0,sí,hospital F,programado,01/08/2025,no,distrito 7,sí
digestivo,42.0,hombre,11.0,4.0,1.0,domicilio,no,0.0,no,hospital F,urgente,29/12/2024,no,distrito 10,sí
neumologia,56.0,hombre,4.0,6.0,0.0,hospitalización a domicilio,sí,13.0,no,hospital D,urgente,01/03/2025,si,distrito 6,no
neumología,46.0,mujer,9.0,0.0,0.0,domicilio,sí,2.0,no,hospital A,programado,04/06/2025,no,distrito 8,no
cardiologia,52.0,mujer,5.0,0.0,0.0,domicilio,no,9.0,sí,hospital E,programado,29/05/2025,no,distrito 8,no
medicina interna,51.0,hombre,15.0,1.0,0.0,centro de media estancia,sí,4.0,no,hospital E,urgente,05/02/2025,no,distrito 8,no
cirugía general,56.0,mujer,4.0,7.0,1.0,domicilio,no,14.0,sí,hospital A,programado,22/06/2024,si,distrito 10,sí
cardiología,81.0,hombre,13.0,1.0,0.0,hospitalización a domicilio,sí,2.0,no,hospital C,urgente,24/09/2024,no,distrito 3,sí
cardiología,48.0,mujer,2.0,0.0,1.0,hospitalización a domicilio,sí,4.0,no,hospital D,programado,24/06/2025,no,distrito 9,no
MEDICINA INTERNA,65.0,hombre,2.0,4.0,1.0,domicilio,no,6.0,no,hospital F,urgente,27/05/2025,no,distrito 6,no
cardiología,62.0,hombre,2.0,4.0,0.0,domicilio,sí,7.0,sí,hospital E,urgente,28/08/2024,no,distrito 6,sí
digestivo,55.0,hombre,9.0,0.0,0.0,domicilio,sí,8.0,no,hospital E,N/D,14/11/2025,no,distrito 5,sí
cardiología,65.0,hombre,7.0,0.0,3.0,domicilio,sí,2.0,no,hospital E,urgente,11/07/2024,no,distrito 3,sí
cardiología,89.0,mujer,8.0,4.0,6.0,domicilio,no,1.0,sí,hospital E,urgente,13/07/2025,no,distrito 8,no
cardiología,45.0,hombre,3.0,1.0,0.0,residencia,sí,9.0,no,hospital B,urgente,11/07/2024,no,distrito 1,no
traumatología,66.0,hombre,5.0,2.0,8.0,residencia,no,6.0,sí,hospital E,urgente,12/09/2024,no,distrito 5,no
  traumatología ,62.0,hombre,2.0,0.0,2.0,domicilio,no,2.0,no,hospital C,urgente,06/07/2025,no,distrito 9,no
  medicina interna ,70.0,mujer,8.0,5.0,1.0,domicilio,sí,2.0,no,hospital D,programado,08/07/2025,si,distrito 5,no
cardiología,45.0,mujer,8.0,0.0,2.0,residencia,no,4.0,sí,hospital B,urgente,24/05/2025,no,distrito 9,sí
medicina interna,68.0,hombre,8.0,1.0,0.0,domicilio,sí,1.0,no,hospital D,urgente,11/11/2025,no,distrito 9,sí
medicina interna,89.0,mujer,3.0,1.0,2.0,domicilio,sí,4.0,no,hospital C,urgente,01/09/2025,no,distrito 9,no
neumologia,62.0,hombre,5.0,1.0,0.0,domicilio,sí,1.0,no,hospital A,urgente,16/01/2025,no,distrito 2,sí
  traumatología ,59.0,mujer,5.0,13.0,1.0,domicilio,no,8.0,no,hospital E,programado,13/09/2025,si,distrito 1,sí
medicina interna,79.0,hombre,11.0,3.0,0.0,domicilio,no,18.0,sí,hospital E,urgente,20/10/2024,no,distrito 1,no
neumología,71.0,hombre,4.0,2.0,1.0,domicilio,sí,14.0,sí,hospital A,urgente,11/08/2024,no,distrito 3,no
traumatología,59.0,hombre,7.0,16.0,0.0,residencia,sí,4.0,sí,hospital D,programado,02/02/2025,si,distrito 4,sí
neumología,57.0,hombre,12.0,0.0,0.0,domicilio,sí,16.0,no,hospital D,urgente,02/06/2025,no,distrito 5,no
medicina interna,58.0,hombre,5.0,4.0,0.0,domicilio,no,9.0,no,hospital E,urgente,20/08/2025,no,distrito 6,no
traumatología,59.0,mujer,11.0,2.0,0.0,residencia,sí,1.0,sí,hospital E,urgente,22/05/2025,si,distrito 9,no
  neumología ,83.0,mujer,1.0,5.0,0.0,residencia,no,6.0,no,hospital B,urgente,12/12/2024,si,distrito 10,no
CIRUGÍA GENERAL,63.0,mujer,5.0,0.0,0.0,domicilio,no,7.0,sí,hospital A,urgente,05/08/2025,no,distrito 2,no
  medicina interna ,80.0,hombre,7.0,1.0,0.0,domicilio,sí,3.0,no,hospital B,programado,17/09/2024,no,distrito 5,no
cirugía general,63.0,mujer,6.0,2.0,1.0,domicilio,sí,5.0,no,hospital D,urgente,20/08/2025,no,distrito 5,no
digestivo,64.0,mujer,2.0,4.0,0.0,domicilio,no,3.0,no,hospital B,urgente,22/08/2024,no,distrito 6,sí
medicina interna,79.0,mujer,11.0,6.0,0.0,domicilio,sí,1.0,no,hospital E,programado,03/07/2025,no,distrito 7,sí
cirugía general,89.0,hombre,1.0,2.0,3.0,domicilio,sí,1.0,sí,hospital A,urgente,24/05/2025,no,distrito 8,sí
cirugía general,79.0,hombre,1.0,0.0,1.0,domicilio,sí,21.0,no,hospital C,urgente,22/09/2025,no,distrito 8,no
digestivo,72.0,hombre,0.0,6.0,0.0,domicilio,no,6.0,no,hospital F,urgente,16/11/2025,no,distrito 7,no
medicina interna,74.0,mujer,2.0,1.0,3.0,domicilio,sí,5.0,no,hospital B,programado,03/10/2025,no,distrito 7,no
cardiología,54.0,mujer,7.0,0.0,0.0,domicilio,sí,10.0,no,hospital F,programado,08/08/2025,no,distrito 4,sí
medicina interna,72.0,hombre,11.0,2.0,0.0,domicilio,sí,3.0,no,hospital D,urgente,28/04/2025,si,distrito 4,no
cardiología,81.0,mujer,2.0,1.0,1.0,domicilio,no,12.0,no,hospital B,urgente,06/06/2025,si,distrito 1,no
  neumología ,100.0,hombre,6.0,1.0,4.0,domicilio,sí,7.0,no,hospital B,N/D,11/07/2025,no,distrito 3,sí
  medicina interna ,65.0,hombre,3.0,2.0,1.0,domicilio,sí,2.0,no,hospital F,urgente,18/11/2024,no,distrito 6,sí
neumología,72.0,mujer,2.0,11.0,0.0,domicilio,sí,10.0,sí,hospital F,programado,18/07/2024,si,distrito 8,sí
cardiología,88.0,hombre,10.0,4.0,0.0,domicilio,no,3.0,sí,hospital B,urgente,15/11/2024,no,distrito 9,sí
medicina interna,79.0,hombre,4.0,2.0,2.0,hospitalización a domicilio,sí,3.0,no,hospital D,N/D,15/07/2024,si,distrito 5,no
cirugía general,74.0,hombre,5.0,3.0,0.0,residencia,sí,2.0,no,hospital A,urgente,16/11/2025,si,distrito 3,no
  cirugía general ,56.0,hombre,1.0,1.0,0.0,domicilio,no,7.0,no,hospital D,urgente,30/01/2025,no,distrito 7,no
  cardiología ,53.0,mujer,6.0,1.0,0.0,domicilio,sí,0.0,no,hospital D,programado,07/06/2024,no,distrito 4,sí
traumatología,53.0,hombre,9.0,3.0,0.0,domicilio,sí,10.0,no,hospital F,urgente,05/04/2025,no,distrito 3,no
digestivo,93.0,hombre,11.0,2.0,0.0,domicilio,no,4.0,sí,hospital F,urgente,12/05/2025,no,distrito 1,sí
neumología,29.0,hombre,4.0,2.0,2.0,residencia,sí,5.0,no,hospital D,urgente,02/10/2024,no,distrito 6,sí
neumología,55.0,hombre,5.0,1.0,0.0,domicilio,no,4.0,sí,hospital E,urgente,26/12/2024,no,distrito 3,sí
cirugía general,48.0,hombre,6.0,3.0,0.0,domicilio,sí,1.0,no,hospital C,urgente,26/11/2024,no,distrito 3,sí
cardiología,83.0,hombre,12.0,3.0,0.0,domicilio,sí,9.0,no,hospital B,urgente,25/10/2025,no,distrito 4,no
neumología,75.0,mujer,2.0,3.0,0.0,domicilio,no,11.0,sí,hospital C,N/D,23/07/2024,no,distrito 7,no
medicina interna,59.0,hombre,6.0,1.0,1.0,domicilio,sí,1.0,no,hospital B,programado,20/10/2025,no,distrito 1,sí
CARDIOLOGÍA,67.0,mujer,12.0,1.0,2.0,residencia,sí,4.0,no,hospital A,programado,30/08/2025,no,distrito 9,no
traumatología,40.0,mujer,4.0,6.0,0.0,domicilio,no,6.0,no,hospital E,urgente,13/08/2024,si,distrito 4,no
  medicina interna ,67.0,mujer,5.0,6.0,0.0,domicilio,sí,6.0,no,hospital B,programado,11/07/2025,no,distrito 4,sí
digestivo,47.0,mujer,2.0,1.0,3.0,domicilio,sí,5.0,sí,hospital C,urgente,30/03/2025,no,distrito 6,no
medicina interna,53.0,mujer,4.0,3.0,0.0,residencia,no,13.0,sí,hospital E,programado,20/01/2025,no,distrito 9,no
NEUMOLOGÍA,81.0,hombre,12.0,1.0,0.0,domicilio,no,3.0,sí,hospital B,urgente,11/10/2025,no,distrito 10,no
medicina interna,57.0,mujer,6.0,0.0,1.0,hospitalización a domicilio,sí,6.0,no,hospital C,programado,13/11/2025,no,distrito 6,sí
medicina interna,66.0,hombre,3.0,2.0,1.0,domicilio,no,16.0,no,hospital D,urgente,01/03/2025,no,distrito 9,no
medicina interna,68.0,mujer,7.0,4.0,1.0,domicilio,no,3.0,no,hospital B,urgente,30/01/2025,no,distrito 7,sí
CARDIOLOGÍA,63.0,hombre,-99.0,4.0,1.0,residencia,sí,1.0,sí,hospital B,urgente,03/10/2024,no,distrito 2,sí
medicina interna,69.0,hombre,9.0,2.0,0.0,domicilio,no,17.0,no,hospital A,urgente,02/02/2025,no,distrito 3,sí
digestivo,60.0,hombre,14.0,3.0,0.0,domicilio,sí,4.0,sí,hospital C,urgente,27/02/2025,no,distrito 4,no
cirugía general,77.0,hombre,5.0,9.0,1.0,domicilio,no,6.0,no,hospital D,programado,20/11/2024,no,distrito 7,no
digestivo,66.0,hombre,8.0,6.0,0.0,domicilio,no,11.0,no,hospital E,urgente,07/09/2024,no,distrito 4,no
neumología,97.0,hombre,9.0,1.0,0.0,domicilio,sí,2.0,no,hospital A,urgente,28/07/2024,no,distrito 9,sí
  medicina interna ,72.0,mujer,15.0,1.0,0.0,centro de media estancia,no,4.0,no,hospital B,urgente,30/09/2024,no,distrito 8,no
cirugía general,94.0,hombre,7.0,1.0,0.0,hospitalización a domicilio,sí,7.0,no,hospital C,urgente,04/03/2025,no,distrito 8,no
traumatologia,49.0,mujer,1.0,2.0,0.0,domicilio,no,2.0,no,hospital B,urgente,06/06/2024,no,distrito 9,sí
medicina interna,42.0,hombre,7.0,11.0,1.0,domicilio,sí,1.0,sí,hospital E,urgente,25/10/2025,si,distrito 8,no
neumología,81.0,mujer,10.0,1.0,2.0,hospitalización a domicilio,no,13.0,no,hospital A,urgente,26/08/2024,si,distrito 6,sí
cirugia general,72.0,hombre,7.0,1.0,0.0,domicilio,no,11.0,sí,hospital B,programado,21/11/2025,no,distrito 2,no
cardiología,44.0,hombre,6.0,7.0,0.0,domicilio,sí,0.0,no,hospital B,urgente,26/07/2024,no,distrito 4,sí
cirugía general,63.0,mujer,7.0,1.0,1.0,centro de media estancia,no,11.0,sí,hospital B,programado,07/11/2024,si,distrito 1,sí
  traumatología ,28.0,hombre,7.0,0.0,0.0,domicilio,sí,6.0,no,hospital F,urgente,02/02/2025,no,distrito 3,no
MEDICINA INTERNA,39.0,mujer,9.0,1.0,1.0,domicilio,sí,1.0,no,hospital B,programado,22/12/2024,no,distrito 9,sí
cirugía general,64.0,hombre,3.0,3.0,1.0,domicilio,sí,6.0,sí,hospital F,urgente,19/03/2025,no,distrito 10,no
medicina interna,50.0,mujer,5.0,0.0,2.0,domicilio,sí,1.0,no,hospital B,N/D,21/06/2024,no,distrito 9,sí
medicina interna,41.0,mujer,9.0,3.0,0.0,residencia,sí,30.0,sí,hospital F,programado,26/08/2024,si,distrito 8,sí
medicina interna,86.0,hombre,12.0,0.0,0.0,domicilio,no,10.0,no,hospital C,programado,13/08/2024,no,distrito 6,sí
DIGESTIVO,50.0,hombre,-99.0,0.0,0.0,domicilio,no,7.0,no,hospital E,urgente,07/01/2025,no,distrito 10,no
  medicina interna ,57.0,mujer,11.0,0.0,1.0,domicilio,no,4.0,no,hospital D,urgente,12/04/2025,no,distrito 6,sí
cardiología,100.0,mujer,2.0,1.0,0.0,domicilio,no,7.0,no,hospital B,programado,30/10/2024,no,distrito 8,no
medicina interna,26.0,mujer,12.0,0.0,0.0,domicilio,sí,4.0,sí,hospital F,urgente,03/09/2025,no,distrito 8,no
cirugía general,67.0,mujer,3.0,5.0,0.0,domicilio,no,5.0,no,hospital F,urgente,12/10/2024,no,distrito 3,no
neumología,63.0,mujer,11.0,9.0,0.0,domicilio,sí,10.0,no,hospital E,programado,13/05/2025,no,distrito 7,no
cardiología,77.0,mujer,3.0,1.0,4.0,domicilio,sí,4.0,no,hospital C,urgente,22/07/2024,no,distrito 10,sí
neumología,85.0,mujer,7.0,0.0,0.0,domicilio,no,0.0,no,hospital D,programado,01/07/2024,no,distrito 1,sí
  traumatología ,84.0,hombre,-99.0,1.0,1.0,domicilio,sí,1.0,no,hospital D,urgente,21/04/2025,no,distrito 8,no
neumología,66.0,mujer,4.0,0.0,0.0,domicilio,sí,21.0,no,hospital D,programado,04/10/2024,no,distrito 9,sí
cirugía general,68.0,hombre,5.0,4.0,0.0,domicilio,no,3.0,no,hospital C,programado,28/07/2024,no,distrito 3,sí
traumatología,88.0,mujer,12.0,0.0,0.0,domicilio,no,0.0,no,hospital B,urgente,20/05/2025,no,distrito 9,no
cardiología,52.0,hombre,8.0,6.0,0.0,residencia,no,2.0,no,hospital A,urgente,29/06/2025,no,distrito 6,no
cardiología,53.0,mujer,13.0,0.0,0.0,residencia,no,3.0,no,hospital E,N/D,13/06/2025,no,distrito 5,sí
traumatología,87.0,hombre,16.0,2.0,0.0,domicilio,no,2.0,no,hospital A,urgente,05/08/2024,si,distrito 9,no
medicina interna,62.0,mujer,2.0,0.0,1.0,centro de media estancia,sí,3.0,no,hospital B,urgente,09/01/2025,no,distrito 4,sí
digestivo,92.0,mujer,7.0,1.0,0.0,centro de media estancia,no,16.0,no,hospital B,programado,22/06/2024,no,distrito 7,no
DIGESTIVO,80.0,mujer,5.0,1.0,0.0,residencia,sí,9.0,sí,hospital F,urgente,16/10/2025,no,distrito 2,no
medicina interna,75.0,hombre,3.0,2.0,3.0,domicilio,no,4.0,sí,hospital C,urgente,27/05/2025,no,distrito 4,sí
  cardiología ,66.0,hombre,5.0,0.0,0.0,domicilio,no,5.0,sí,hospital A,urgente,06/09/2024,no,distrito 6,sí
MEDICINA INTERNA,35.0,mujer,0.0,1.0,0.0,residencia,sí,2.0,no,hospital C,urgente,19/11/2025,si,distrito 9,no
medicina interna,51.0,mujer,6.0,1.0,0.0,domicilio,no,11.0,no,hospital A,urgente,09/09/2025,no,distrito 4,no
cirugia general,49.0,hombre,2.0,2.0,1.0,domicilio,no,4.0,no,hospital B,urgente,13/06/2024,no,distrito 6,no
digestivo,59.0,hombre,9.0,0.0,0.0,domicilio,sí,9.0,sí,hospital B,urgente,25/03/2025,no,distrito 10,no
medicina interna,66.0,mujer,4.0,6.0,5.0,domicilio,no,0.0,no,hospital E,programado,13/01/2025,no,distrito 6,sí
traumatologia,32.0,hombre,7.0,3.0,2.0,domicilio,sí,13.0,no,hospital F,programado,21/06/2025,no,distrito 9,no
digestivo,70.0,mujer,-99.0,5.0,4.0,domicilio,no,4.0,no,hospital C,programado,19/02/2025,no,distrito 3,no
medicina interna,59.0,hombre,5.0,1.0,0.0,domicilio,sí,4.0,no,hospital E,urgente,25/02/2025,no,distrito 7,sí
cardiología,80.0,hombre,3.0,3.0,0.0,domicilio,no,6.0,no,hospital B,programado,16/07/2024,no,distrito 1,sí
  traumatología ,53.0,hombre,12.0,5.0,0.0,domicilio,sí,10.0,no,hospital B,programado,19/10/2024,no,distrito 4,no
medicina interna,81.0,mujer,8.0,0.0,0.0,domicilio,no,4.0,no,hospital C,urgente,29/06/2024,no,distrito 6,no
cirugía general,56.0,hombre,13.0,2.0,0.0,residencia,no,6.0,sí,hospital A,urgente,01/07/2025,no,distrito 9,no
cirugía general,70.0,hombre,20.0,0.0,3.0,residencia,sí,20.0,sí,hospital F,urgente,30/07/2025,no,distrito 7,no
cirugía general,67.0,mujer,-99.0,0.0,0.0,domicilio,sí,15.0,no,hospital F,urgente,12/11/2025,no,distrito 6,sí
medicina interna,56.0,mujer,8.0,0.0,1.0,hospitalización a domicilio,sí,11.0,no,hospital C,programado,18/06/2024,no,distrito 2,no
medicina interna,60.0,hombre,6.0,5.0,1.0,domicilio,no,5.0,sí,hospital A,urgente,15/10/2024,no,distrito 5,no
traumatología,55.0,hombre,1.0,4.0,3.0,domicilio,no,12.0,no,hospital F,urgente,24/12/2024,no,distrito 5,no
digestivo,77.0,mujer,7.0,0.0,0.0,domicilio,no,7.0,sí,hospital D,urgente,04/07/2024,no,distrito 10,sí
cardiología,100.0,mujer,6.0,3.0,1.0,domicilio,sí,10.0,no,hospital B,urgente,09/08/2024,no,distrito 9,no
traumatologia,44.0,hombre,8.0,4.0,0.0,domicilio,sí,1.0,no,hospital B,urgente,25/07/2025,no,distrito 2,sí
cardiología,41.0,mujer,3.0,1.0,2.0,residencia,sí,5.0,no,hospital E,urgente,25/09/2024,no,distrito 4,no
digestivo,66.0,mujer,12.0,6.0,3.0,centro de media estancia,sí,15.0,sí,hospital C,urgente,29/10/2024,no,distrito 6,no
cardiología,76.0,hombre,10.0,2.0,3.0,domicilio,sí,8.0,no,hospital F,urgente,05/01/2025,no,distrito 9,sí
cardiologia,74.0,hombre,9.0,2.0,1.0,domicilio,no,4.0,sí,hospital B,urgente,04/08/2024,si,distrito 3,no
MEDICINA INTERNA,58.0,mujer,3.0,6.0,0.0,domicilio,no,6.0,no,hospital F,programado,19/04/2025,no,distrito 5,sí
CIRUGÍA GENERAL,60.0,hombre,5.0,2.0,1.0,domicilio,no,2.0,sí,hospital F,urgente,23/09/2025,no,distrito 10,no
traumatología,77.0,mujer,8.0,0.0,3.0,domicilio,no,9.0,sí,hospital F,programado,07/01/2025,no,distrito 9,no
traumatología,56.0,hombre,14.0,3.0,3.0,domicilio,sí,5.0,sí,hospital C,urgente,16/06/2025,no,distrito 5,sí
neumología,63.0,hombre,6.0,2.0,0.0,domicilio,sí,7.0,sí,hospital D,urgente,30/08/2024,no,distrito 9,no
medicina interna,76.0,hombre,8.0,1.0,0.0,domicilio,sí,0.0,no,hospital E,programado,09/09/2024,no,distrito 2,no
neumología,40.0,mujer,2.0,0.0,2.0,domicilio,sí,2.0,no,hospital B,urgente,06/10/2024,no,distrito 4,sí
medicina interna,55.0,hombre,2.0,2.0,0.0,domicilio,sí,8.0,no,hospital C,urgente,03/05/2025,no,distrito 9,no
medicina interna,71.0,hombre,18.0,0.0,0.0,domicilio,no,6.0,sí,hospital F,programado,22/06/2024,no,distrito 2,sí
cardiologia,51.0,hombre,6.0,2.0,0.0,domicilio,sí,12.0,no,hospital B,programado,01/06/2025,si,distrito 3,no
cardiología,38.0,mujer,7.0,4.0,0.0,centro de media estancia,sí,5.0,sí,hospital D,urgente,28/02/2025,no,distrito 6,no
neumología,57.0,mujer,2.0,0.0,0.0,domicilio,no,0.0,no,hospital F,urgente,15/11/2025,no,distrito 6,no
cirugía general,45.0,hombre,8.0,0.0,2.0,hospitalización a domicilio,no,2.0,sí,hospital C,urgente,22/07/2024,no,distrito 8,sí
neumología,100.0,mujer,7.0,5.0,0.0,hospitalización a domicilio,no,1.0,sí,hospital C,urgente,22/05/2025,no,distrito 1,sí
cirugía general,66.0,hombre,7.0,8.0,0.0,domicilio,no,15.0,no,hospital C,urgente,02/02/2025,si,distrito 5,sí
neumología,57.0,mujer,7.0,4.0,1.0,domicilio,no,15.0,no,hospital C,urgente,07/05/2025,no,distrito 7,sí
cirugía general,26.0,mujer,7.0,1.0,0.0,domicilio,sí,3.0,no,hospital C,urgente,03/08/2024,no,distrito 1,no
traumatología,81.0,mujer,7.0,3.0,1.0,domicilio,sí,0.0,sí,hospital D,N/D,04/01/2025,no,distrito 8,no
traumatología,53.0,mujer,12.0,0.0,0.0,domicilio,sí,16.0,no,hospital D,programado,06/11/2024,no,distrito 2,sí
medicina interna,69.0,mujer,1.0,0.0,0.0,domicilio,no,8.0,sí,hospital F,programado,28/10/2025,no,distrito 6,sí
cirugia general,60.0,hombre,3.0,0.0,0.0,residencia,no,4.0,no,hospital F,urgente,03/02/2025,no,distrito 3,no
medicina interna,92.0,hombre,7.0,0.0,1.0,domicilio,sí,8.0,no,hospital D,urgente,27/01/2025,no,distrito 8,no
cirugía general,80.0,hombre,3.0,0.0,1.0,domicilio,no,14.0,sí,hospital B,urgente,09/09/2024,no,distrito 2,no
medicina interna,91.0,mujer,10.0,0.0,0.0,domicilio,sí,8.0,no,hospital B,urgente,24/11/2024,si,distrito 1,no
  digestivo ,47.0,hombre,4.0,6.0,0.0,domicilio,sí,14.0,no,hospital F,urgente,25/09/2025,si,distrito 1,sí
cirugía general,56.0,mujer,6.0,2.0,1.0,domicilio,no,10.0,no,hospital D,N/D,26/09/2025,no,distrito 6,sí
medicina interna,100.0,hombre,6.0,2.0,0.0,residencia,sí,1.0,no,hospital D,urgente,27/09/2025,si,distrito 10,no
neumología,53.0,hombre,7.0,4.0,0.0,domicilio,no,0.0,no,hospital F,N/D,14/08/2024,si,distrito 7,sí
CIRUGÍA GENERAL,57.0,mujer,7.0,0.0,0.0,domicilio,no,14.0,no,hospital C,programado,07/11/2024,no,distrito 9,no
  cirugía general ,68.0,hombre,1.0,1.0,0.0,domicilio,sí,5.0,no,hospital A,urgente,10/06/2025,no,distrito 8,no
cardiología,62.0,mujer,6.0,1.0,1.0,domicilio,no,2.0,no,hospital A,programado,26/05/2025,no,distrito 1,no
digestivo,55.0,hombre,11.0,11.0,0.0,domicilio,no,7.0,sí,hospital D,programado,15/04/2025,no,distrito 8,sí
cardiología,88.0,hombre,9.0,2.0,0.0,domicilio,sí,4.0,sí,hospital C,urgente,16/07/2025,no,distrito 5,sí
medicina interna,80.0,mujer,14.0,2.0,0.0,domicilio,no,2.0,no,hospital A,urgente,03/04/2025,si,distrito 3,no
traumatología,74.0,mujer,2.0,1.0,0.0,centro de media estancia,sí,5.0,no,hospital B,programado,06/01/2025,no,distrito 7,no
traumatología,70.0,mujer,3.0,4.0,0.0,domicilio,no,2.0,no,hospital D,programado,06/03/2025,no,distrito 3,no
cirugía general,91.0,mujer,4.0,3.0,0.0,hospitalización a domicilio,sí,0.0,no,hospital E,urgente,12/08/2025,no,distrito 3,sí
cirugia general,61.0,mujer,3.0,2.0,0.0,residencia,no,5.0,no,hospital F,programado,06/07/2024,no,distrito 4,sí
cirugía general,48.0,hombre,15.0,0.0,0.0,domicilio,sí,23.0,no,hospital A,programado,06/07/2025,no,distrito 3,sí
medicina interna,43.0,hombre,11.0,2.0,0.0,domicilio,no,7.0,no,hospital D,programado,09/03/2025,no,distrito 7,no
cardiología,44.0,mujer,8.0,2.0,0.0,domicilio,no,8.0,no,hospital A,urgente,28/06/2024,no,distrito 5,no
TRAUMATOLOGÍA,79.0,mujer,4.0,1.0,0.0,domicilio,sí,6.0,sí,hospital D,urgente,22/01/2025,no,distrito 7,no
medicina interna,78.0,mujer,6.0,3.0,2.0,domicilio,no,3.0,sí,hospital C,programado,25/01/2025,no,distrito 3,no
medicina interna,86.0,hombre,3.0,1.0,1.0,domicilio,sí,9.0,sí,hospital D,programado,25/09/2024,no,distrito 6,sí
medicina interna,76.0,mujer,5.0,1.0,4.0,residencia,sí,2.0,no,hospital D,urgente,29/06/2024,no,distrito 8,no
NEUMOLOGÍA,50.0,mujer,2.0,9.0,0.0,domicilio,sí,7.0,no,hospital D,urgente,10/08/2024,si,distrito 9,no
cardiología,57.0,mujer,8.0,14.0,0.0,domicilio,sí,8.0,sí,hospital F,programado,01/01/2025,si,distrito 1,no
cirugía general,64.0,hombre,1.0,2.0,0.0,domicilio,no,2.0,sí,hospital E,urgente,28/11/2024,no,distrito 1,sí
medicina interna,69.0,hombre,-99.0,10.0,1.0,hospitalización a domicilio,sí,5.0,sí,hospital D,programado,21/07/2024,no,distrito 3,sí
cirugía general,52.0,hombre,9.0,0.0,1.0,hospitalización a domicilio,sí,8.0,sí,hospital F,urgente,15/10/2025,no,distrito 3,sí
  cirugía general ,65.0,mujer,-99.0,4.0,0.0,centro de media estancia,sí,13.0,sí,hospital A,urgente,19/09/2024,no,distrito 10,sí
  cardiología ,62.0,hombre,7.0,1.0,0.0,domicilio,sí,8.0,no,hospital F,urgente,06/10/2024,no,distrito 4,sí
medicina interna,23.0,hombre,2.0,1.0,0.0,domicilio,sí,8.0,no,hospital E,urgente,06/02/2025,no,distrito 8,no
digestivo,96.0,hombre,5.0,1.0,0.0,hospitalización a domicilio,sí,13.0,no,hospital F,urgente,26/05/2025,no,distrito 5,no
medicina interna,70.0,hombre,2.0,3.0,0.0,domicilio,no,6.0,no,hospital E,urgente,14/11/2025,no,distrito 5,sí
TRAUMATOLOGÍA,64.0,mujer,6.0,6.0,3.0,domicilio,no,6.0,no,hospital B,programado,19/08/2024,si,distrito 9,sí
MEDICINA INTERNA,97.0,mujer,8.0,4.0,0.0,domicilio,no,0.0,no,hospital A,urgente,17/06/2024,no,distrito 7,no
  medicina interna ,44.0,mujer,27.0,1.0,0.0,domicilio,sí,3.0,no,hospital D,programado,12/11/2025,no,distrito 5,no
medicina interna,23.0,hombre,3.0,0.0,1.0,domicilio,no,4.0,no,hospital A,urgente,25/06/2024,no,distrito 4,no
medicina interna,58.0,hombre,4.0,0.0,0.0,domicilio,no,2.0,no,hospital D,urgente,01/05/2025,no,distrito 2,no
  medicina interna ,42.0,hombre,21.0,10.0,1.0,domicilio,no,6.0,no,hospital A,N/D,13/10/2025,si,distrito 3,no
DIGESTIVO,49.0,hombre,2.0,4.0,1.0,domicilio,sí,3.0,no,hospital E,urgente,28/09/2025,no,distrito 7,no
cardiología,69.0,mujer,14.0,0.0,0.0,domicilio,sí,6.0,no,hospital C,urgente,16/03/2025,no,distrito 7,no
traumatología,38.0,mujer,7.0,0.0,0.0,domicilio,sí,1.0,no,hospital B,urgente,06/07/2024,no,distrito 1,no
medicina interna,72.0,hombre,0.0,1.0,0.0,domicilio,no,3.0,no,hospital A,urgente,05/08/2024,no,distrito 8,no
cardiología,100.0,hombre,4.0,0.0,1.0,domicilio,sí,2.0,no,hospital D,programado,25/01/2025,no,distrito 3,sí
medicina interna,79.0,hombre,4.0,0.0,0.0,residencia,no,0.0,no,hospital F,programado,07/04/2025,no,distrito 8,no
medicina interna,64.0,mujer,7.0,0.0,1.0,domicilio,sí,8.0,no,hospital E,programado,19/12/2024,no,distrito 2,sí
cirugía general,43.0,mujer,3.0,0.0,1.0,domicilio,sí,1.0,sí,hospital E,urgente,31/12/2024,no,distrito 3,no
  medicina interna ,74.0,mujer,7.0,4.0,1.0,domicilio,sí,3.0,no,hospital F,urgente,04/03/2025,no,distrito 10,sí
digestivo,100.0,mujer,8.0,0.0,0.0,domicilio,sí,2.0,no,hospital B,programado,20/02/2025,no,distrito 3,no
medicina interna,84.0,hombre,4.0,0.0,2.0,domicilio,no,2.0,no,hospital E,urgente,07/01/2025,no,distrito 7,no
cirugía general,62.0,mujer,13.0,0.0,1.0,domicilio,no,1.0,no,hospital F,urgente,16/08/2025,no,distrito 5,no
MEDICINA INTERNA,75.0,mujer,4.0,8.0,0.0,domicilio,no,10.0,no,hospital E,programado,07/09/2025,no,distrito 2,no
MEDICINA INTERNA,79.0,mujer,5.0,0.0,0.0,residencia,no,10.0,no,hospital C,urgente,30/08/2024,no,distrito 1,no
digestivo,95.0,hombre,4.0,4.0,0.0,hospitalización a domicilio,no,8.0,no,hospital F,urgente,29/07/2025,si,distrito 8,sí
medicina interna,71.0,hombre,6.0,2.0,1.0,hospitalización a domicilio,sí,1.0,no,hospital E,urgente,29/10/2024,no,distrito 2,no
neumologia,61.0,hombre,6.0,0.0,0.0,hospitalización a domicilio,sí,10.0,sí,hospital D,urgente,12/07/2025,no,distrito 8,no
neumología,75.0,hombre,1.0,0.0,0.0,hospitalización a domicilio,sí,5.0,sí,hospital B,urgente,14/04/2025,no,distrito 10,no
medicina interna,50.0,hombre,12.0,3.0,0.0,domicilio,sí,1.0,sí,hospital E,urgente,13/07/2024,no,distrito 3,sí
traumatología,54.0,mujer,13.0,2.0,0.0,domicilio,sí,1.0,no,hospital E,programado,13/09/2025,no,distrito 9,no
traumatología,90.0,mujer,8.0,2.0,0.0,residencia,no,1.0,sí,hospital F,N/D,02/11/2025,no,distrito 1,no
digestivo,69.0,mujer,2.0,3.0,0.0,domicilio,no,8.0,sí,hospital C,programado,09/09/2025,no,distrito 2,no
  cardiología ,41.0,mujer,9.0,4.0,2.0,domicilio,no,14.0,no,hospital B,programado,14/06/2024,si,distrito 1,no
  medicina interna ,44.0,hombre,5.0,1.0,0.0,domicilio,sí,3.0,sí,hospital C,programado,06/09/2024,no,distrito 10,no
digestivo,78.0,mujer,3.0,3.0,2.0,domicilio,sí,7.0,no,hospital C,urgente,23/04/2025,no,distrito 5,sí
medicina interna,64.0,hombre,6.0,3.0,0.0,domicilio,sí,11.0,no,hospital A,urgente,12/09/2024,no,distrito 5,no
medicina interna,64.0,hombre,15.0,1.0,0.0,hospitalización a domicilio,sí,7.0,no,hospital E,urgente,14/09/2025,no,distrito 4,sí
  medicina interna ,45.0,hombre,10.0,1.0,0.0,centro de media estancia,no,5.0,sí,hospital E,programado,04/02/2025,no,distrito 10,sí
  neumología ,79.0,hombre,4.0,1.0,1.0,domicilio,sí,5.0,no,hospital A,urgente,09/05/2025,no,distrito 10,no
medicina interna,100.0,mujer,-99.0,1.0,0.0,residencia,no,1.0,no,hospital D,programado,18/12/2024,no,distrito 7,sí
medicina interna,68.0,hombre,10.0,0.0,1.0,domicilio,no,6.0,no,hospital E,programado,07/06/2025,no,distrito 1,no
digestivo,80.0,mujer,9.0,3.0,0.0,domicilio,no,4.0,sí,hospital D,urgente,13/07/2025,no,distrito 9,sí
cirugía general,91.0,mujer,13.0,1.0,0.0,domicilio,no,6.0,no,hospital A,urgente,13/04/2025,no,distrito 10,sí
medicina interna,52.0,mujer,2.0,4.0,0.0,domicilio,no,5.0,no,hospital C,urgente,22/09/2025,no,distrito 7,sí
CIRUGÍA GENERAL,32.0,hombre,6.0,0.0,0.0,domicilio,no,2.0,no,hospital A,programado,04/02/2025,no,distrito 8,no
traumatología,76.0,hombre,4.0,4.0,1.0,domicilio,sí,10.0,no,hospital E,N/D,12/10/2024,si,distrito 1,sí
cirugía general,45.0,mujer,11.0,4.0,3.0,residencia,sí,0.0,no,hospital D,programado,08/11/2025,no,distrito 10,sí
medicina interna,43.0,hombre,4.0,1.0,0.0,domicilio,sí,7.0,sí,hospital A,urgente,23/04/2025,no,distrito 2,no
cardiología,81.0,hombre,8.0,0.0,0.0,hospitalización a domicilio,sí,3.0,no,hospital A,urgente,05/06/2024,no,distrito 8,no
  cirugía general ,41.0,hombre,8.0,3.0,0.0,domicilio,no,1.0,no,hospital C,urgente,08/02/2025,no,distrito 5,no
digestivo,64.0,hombre,7.0,7.0,0.0,domicilio,no,6.0,sí,hospital C,programado,31/07/2024,no,distrito 3,no
medicina interna,27.0,hombre,3.0,3.0,1.0,domicilio,sí,10.0,sí,hospital C,programado,30/07/2025,no,distrito 1,sí
traumatología,33.0,mujer,9.0,5.0,0.0,domicilio,no,5.0,no,hospital D,urgente,07/11/2024,no,distrito 5,no
cirugía general,32.0,hombre,12.0,0.0,0.0,domicilio,sí,1.0,no,hospital C,programado,31/10/2025,no,distrito 1,no
traumatología,53.0,hombre,1.0,0.0,0.0,domicilio,sí,4.0,sí,hospital B,programado,04/10/2025,no,distrito 8,sí
cirugía general,59.0,hombre,8.0,1.0,0.0,domicilio,sí,9.0,no,hospital B,urgente,13/10/2025,no,distrito 4,no
cirugía general,43.0,hombre,8.0,6.0,1.0,residencia,sí,0.0,no,hospital B,urgente,04/09/2025,no,distrito 5,no
medicina interna,59.0,hombre,5.0,3.0,0.0,domicilio,sí,1.0,sí,hospital A,urgente,18/09/2024,no,distrito 10,no
medicina interna,94.0,mujer,-99.0,1.0,0.0,residencia,sí,7.0,sí,hospital E,N/D,09/09/2025,no,distrito 9,sí
neumología,93.0,hombre,14.0,1.0,0.0,domicilio,no,5.0,no,hospital E,programado,22/08/2024,si,distrito 1,no
  traumatología ,73.0,mujer,6.0,1.0,2.0,domicilio,sí,8.0,no,hospital C,programado,20/12/2024,no,distrito 5,no
cardiología,61.0,hombre,5.0,3.0,1.0,domicilio,no,6.0,no,hospital C,urgente,18/06/2024,no,distrito 10,no
  traumatología ,93.0,mujer,6.0,0.0,0.0,domicilio,sí,7.0,sí,hospital E,urgente,22/02/2025,no,distrito 2,no
cirugía general,65.0,mujer,-99.0,2.0,4.0,residencia,no,6.0,no,hospital D,urgente,29/05/2025,si,distrito 10,no
  traumatología ,74.0,hombre,9.0,2.0,0.0,domicilio,sí,2.0,sí,hospital B,urgente,16/11/2025,no,distrito 3,no
cardiología,93.0,hombre,7.0,0.0,2.0,domicilio,no,0.0,no,hospital E,urgente,16/11/2024,no,distrito 2,sí
medicina interna,67.0,mujer,-99.0,6.0,0.0,hospitalización a domicilio,no,2.0,no,hospital F,programado,06/03/2025,si,distrito 3,no
digestivo,67.0,hombre,5.0,0.0,0.0,residencia,sí,3.0,no,hospital F,programado,18/11/2025,no,distrito 4,sí
  traumatología ,100.0,hombre,6.0,0.0,1.0,domicilio,sí,4.0,no,hospital A,programado,24/01/2025,no,distrito 9,no
medicina interna,67.0,hombre,10.0,0.0,1.0,hospitalización a domicilio,no,8.0,sí,hospital A,urgente,20/07/2024,no,distrito 4,sí
medicina interna,90.0,mujer,8.0,5.0,1.0,domicilio,no,8.0,sí,hospital E,programado,26/09/2025,si,distrito 3,no
NEUMOLOGÍA,60.0,hombre,8.0,2.0,1.0,domicilio,sí,9.0,no,hospital D,urgente,09/09/2024,no,distrito 8,no
traumatología,31.0,hombre,5.0,0.0,0.0,domicilio,no,24.0,sí,hospital E,urgente,02/11/2024,no,distrito 3,no
digestivo,100.0,hombre,14.0,0.0,0.0,domicilio,no,10.0,no,hospital E,urgente,07/06/2025,no,distrito 3,no
  neumología ,63.0,hombre,5.0,2.0,0.0,domicilio,no,13.0,no,hospital A,programado,07/09/2025,si,distrito 6,no
neumología,68.0,hombre,5.0,1.0,2.0,domicilio,sí,7.0,no,hospital C,programado,04/09/2024,no,distrito 8,no
digestivo,90.0,hombre,0.0,8.0,0.0,domicilio,sí,5.0,no,hospital B,urgente,26/09/2025,no,distrito 7,no
cardiología,68.0,hombre,0.0,5.0,0.0,residencia,no,24.0,no,hospital D,programado,20/07/2024,no,distrito 6,no
cardiología,68.0,hombre,7.0,0.0,0.0,domicilio,no,2.0,no,hospital C,programado,04/06/2025,no,distrito 8,sí
medicina interna,54.0,mujer,4.0,1.0,2.0,domicilio,sí,1.0,no,hospital C,urgente,09/09/2024,no,distrito 8,no
  cardiología ,62.0,mujer,9.0,1.0,1.0,residencia,sí,3.0,no,hospital E,urgente,24/02/2025,no,distrito 8,no
traumatología,47.0,hombre,7.0,1.0,0.0,hospitalización a domicilio,sí,2.0,no,hospital C,programado,25/05/2025,no,distrito 10,sí
digestivo,55.0,mujer,3.0,4.0,0.0,domicilio,sí,4.0,no,hospital D,N/D,30/12/2024,no,distrito 2,sí
medicina interna,91.0,mujer,5.0,0.0,0.0,hospitalización a domicilio,no,5.0,sí,hospital D,programado,29/09/2024,no,distrito 4,sí
cirugía general,72.0,mujer,10.0,6.0,0.0,residencia,no,7.0,sí,hospital B,urgente,20/10/2025,si,distrito 2,sí
  cardiología ,50.0,hombre,8.0,0.0,0.0,hospitalización a domicilio,no,3.0,no,hospital D,urgente,29/09/2024,no,distrito 2,no
  cardiología ,65.0,mujer,8.0,0.0,0.0,domicilio,sí,3.0,no,hospital E,N/D,15/10/2025,no,distrito 1,sí
cirugía general,66.0,mujer,13.0,6.0,0.0,domicilio,no,12.0,no,hospital E,programado,12/08/2024,no,distrito 1,sí
traumatología,100.0,mujer,13.0,0.0,2.0,centro de media estancia,no,3.0,no,hospital D,urgente,24/09/2024,no,distrito 3,sí
cardiología,62.0,hombre,5.0,11.0,5.0,domicilio,no,13.0,no,hospital A,urgente,31/08/2024,no,distrito 3,sí
digestivo,75.0,mujer,4.0,1.0,0.0,domicilio,sí,4.0,sí,hospital A,urgente,14/06/2024,no,distrito 7,sí
neumología,71.0,mujer,8.0,16.0,0.0,domicilio,no,1.0,sí,hospital B,programado,14/09/2024,si,distrito 10,sí
neumologia,57.0,mujer,3.0,0.0,1.0,domicilio,no,1.0,sí,hospital A,programado,09/02/2025,no,distrito 1,no
TRAUMATOLOGÍA,76.0,mujer,3.0,3.0,2.0,domicilio,sí,5.0,no,hospital B,urgente,17/04/2025,no,distrito 5,no
cardiologia,46.0,mujer,10.0,5.0,0.0,domicilio,no,14.0,no,hospital F,urgente,24/12/2024,si,distrito 9,no
medicina interna,36.0,hombre,5.0,0.0,1.0,domicilio,no,3.0,no,hospital C,programado,15/07/2025,no,distrito 3,sí
cirugía general,49.0,mujer,8.0,3.0,0.0,domicilio,no,2.0,no,hospital F,urgente,04/01/2025,no,distrito 3,no
cirugía general,44.0,mujer,6.0,2.0,0.0,residencia,sí,5.0,no,hospital F,urgente,07/09/2025,si,distrito 9,no
cirugia general,56.0,hombre,2.0,7.0,0.0,residencia,sí,7.0,sí,hospital C,programado,10/10/2024,si,distrito 5,no
  traumatología ,44.0,hombre,5.0,0.0,2.0,domicilio,sí,13.0,no,hospital D,programado,25/03/2025,no,distrito 2,sí
cirugía general,67.0,mujer,6.0,4.0,0.0,domicilio,no,14.0,no,hospital D,urgente,01/06/2025,no,distrito 3,no
cirugía general,61.0,hombre,3.0,3.0,0.0,domicilio,no,3.0,no,hospital B,programado,22/06/2025,si,distrito 8,no
cardiología,56.0,mujer,4.0,0.0,3.0,domicilio,sí,4.0,no,hospital C,programado,31/08/2025,no,distrito 7,no
neumología,56.0,hombre,7.0,7.0,0.0,domicilio,no,4.0,no,hospital C,programado,05/04/2025,no,distrito 6,no
cardiología,52.0,hombre,19.0,3.0,1.0,domicilio,sí,0.0,no,hospital E,urgente,09/07/2025,no,distrito 2,sí
medicina interna,69.0,hombre,2.0,0.0,0.0,domicilio,sí,8.0,no,hospital B,urgente,28/06/2024,no,distrito 6,no
neumología,40.0,mujer,2.0,3.0,0.0,domicilio,sí,1.0,no,hospital F,urgente,29/08/2025,no,distrito 10,no
traumatología,28.0,mujer,9.0,4.0,0.0,domicilio,no,2.0,no,hospital C,urgente,12/10/2024,no,distrito 4,no
CARDIOLOGÍA,87.0,mujer,9.0,2.0,0.0,domicilio,no,1.0,no,hospital D,urgente,12/01/2025,no,distrito 5,sí
digestivo,73.0,mujer,10.0,0.0,0.0,domicilio,no,7.0,sí,hospital D,urgente,01/04/2025,si,distrito 1,no
  neumología ,55.0,mujer,12.0,3.0,0.0,domicilio,no,7.0,no,hospital C,urgente,30/08/2025,si,distrito 3,no
medicina interna,47.0,mujer,7.0,8.0,2.0,domicilio,sí,8.0,no,hospital B,urgente,10/06/2024,no,distrito 8,sí
neumología,85.0,hombre,12.0,0.0,1.0,domicilio,no,11.0,no,hospital A,urgente,12/08/2024,no,distrito 9,sí
CARDIOLOGÍA,33.0,hombre,3.0,7.0,1.0,domicilio,no,11.0,no,hospital A,programado,03/06/2025,si,distrito 2,no
neumología,75.0,mujer,4.0,5.0,6.0,residencia,no,4.0,no,hospital B,urgente,01/09/2025,si,distrito 4,no
digestivo,63.0,mujer,3.0,0.0,1.0,hospitalización a domicilio,no,3.0,no,hospital B,programado,30/06/2024,no,distrito 1,no
MEDICINA INTERNA,29.0,hombre,18.0,11.0,0.0,domicilio,no,1.0,no,hospital E,programado,26/05/2025,si,distrito 7,no
neumología,61.0,hombre,14.0,1.0,4.0,domicilio,no,0.0,no,hospital B,programado,17/02/2025,no,distrito 5,no
cirugía general,83.0,hombre,3.0,5.0,1.0,domicilio,sí,5.0,no,hospital D,programado,09/08/2024,no,distrito 7,sí
cardiología,67.0,mujer,-99.0,2.0,0.0,residencia,sí,5.0,no,hospital A,urgente,07/10/2024,no,distrito 8,sí
cardiología,85.0,mujer,12.0,10.0,0.0,domicilio,sí,1.0,no,hospital D,urgente,25/10/2025,no,distrito 10,no
cirugia general,97.0,hombre,9.0,7.0,1.0,domicilio,sí,2.0,no,hospital D,programado,29/09/2024,no,distrito 4,no
CIRUGÍA GENERAL,50.0,hombre,6.0,1.0,0.0,domicilio,sí,4.0,no,hospital A,urgente,06/10/2024,no,distrito 5,sí
medicina interna,61.0,hombre,4.0,10.0,0.0,domicilio,no,8.0,no,hospital F,urgente,12/12/2024,si,distrito 6,no
digestivo,52.0,mujer,1.0,0.0,0.0,domicilio,no,7.0,sí,hospital E,urgente,21/11/2024,no,distrito 4,no
cardiología,63.0,mujer,9.0,0.0,0.0,residencia,sí,8.0,no,hospital C,N/D,29/10/2024,no,distrito 1,sí
medicina interna,35.0,hombre,11.0,0.0,1.0,domicilio,no,4.0,sí,hospital F,urgente,28/07/2024,no,distrito 2,no
traumatología,67.0,mujer,3.0,8.0,1.0,hospitalización a domicilio,sí,6.0,no,hospital E,urgente,11/02/2025,si,distrito 3,sí
neumología,84.0,hombre,3.0,0.0,0.0,domicilio,sí,0.0,no,hospital B,N/D,22/08/2025,no,distrito 10,sí
TRAUMATOLOGÍA,65.0,hombre,6.0,3.0,0.0,domicilio,no,12.0,no,hospital C,programado,09/08/2024,no,distrito 8,no
traumatología,64.0,hombre,17.0,0.0,0.0,domicilio,sí,3.0,sí,hospital E,urgente,04/03/2025,no,distrito 10,no
  digestivo ,61.0,mujer,-99.0,3.0,0.0,domicilio,sí,8.0,no,hospital C,urgente,03/09/2025,no,distrito 10,no
neumologia,64.0,mujer,19.0,3.0,1.0,domicilio,no,13.0,no,hospital D,urgente,10/08/2025,no,distrito 8,no
TRAUMATOLOGÍA,30.0,hombre,3.0,1.0,0.0,domicilio,sí,12.0,no,hospital B,urgente,30/03/2025,no,distrito 7,no
DIGESTIVO,71.0,hombre,-99.0,1.0,0.0,domicilio,sí,6.0,no,hospital B,programado,21/08/2024,no,distrito 6,no
medicina interna,69.0,mujer,-99.0,1.0,0.0,domicilio,no,15.0,no,hospital C,urgente,07/12/2024,no,distrito 6,no
medicina interna,60.0,mujer,4.0,0.0,0.0,domicilio,no,9.0,sí,hospital C,programado,19/11/2024,no,distrito 9,no
neumología,61.0,mujer,9.0,6.0,1.0,domicilio,no,3.0,no,hospital A,programado,04/10/2024,si,distrito 7,sí
traumatología,64.0,mujer,-99.0,0.0,0.0,domicilio,no,5.0,no,hospital A,urgente,26/09/2025,no,distrito 4,sí
cirugía general,58.0,hombre,13.0,1.0,0.0,hospitalización a domicilio,no,9.0,no,hospital C,urgente,11/06/2025,no,distrito 7,no
medicina interna,56.0,mujer,2.0,2.0,2.0,domicilio,no,5.0,no,hospital F,programado,29/09/2024,no,distrito 2,no
medicina interna,70.0,hombre,5.0,2.0,1.0,domicilio,no,0.0,no,hospital D,programado,21/09/2025,si,distrito 6,no
  cardiología ,96.0,hombre,4.0,1.0,0.0,domicilio,no,10.0,no,hospital D,programado,08/10/2025,no,distrito 2,sí
digestivo,58.0,mujer,2.0,4.0,0.0,domicilio,sí,7.0,no,hospital F,urgente,25/06/2024,no,distrito 4,no
digestivo,82.0,mujer,3.0,2.0,0.0,domicilio,sí,11.0,no,hospital A,urgente,01/04/2025,no,distrito 4,no
cardiología,48.0,mujer,7.0,1.0,0.0,domicilio,sí,4.0,no,hospital A,urgente,14/07/2024,no,distrito 6,no
CIRUGÍA GENERAL,89.0,hombre,20.0,0.0,4.0,residencia,no,4.0,sí,hospital D,programado,27/11/2024,no,distrito 7,no
NEUMOLOGÍA,60.0,hombre,5.0,10.0,0.0,domicilio,no,11.0,no,hospital F,urgente,18/06/2024,si,distrito 6,no
medicina interna,52.0,hombre,17.0,0.0,0.0,domicilio,sí,5.0,sí,hospital A,urgente,03/06/2025,no,distrito 4,no
neumología,53.0,mujer,3.0,0.0,0.0,domicilio,no,8.0,no,hospital C,urgente,10/08/2025,no,distrito 2,no
neumología,68.0,mujer,6.0,2.0,0.0,domicilio,sí,3.0,no,hospital A,programado,07/07/2025,no,distrito 3,no
TRAUMATOLOGÍA,69.0,hombre,7.0,0.0,0.0,residencia,sí,12.0,no,hospital E,urgente,03/08/2025,no,distrito 1,no
digestivo,76.0,hombre,9.0,0.0,0.0,domicilio,no,10.0,no,hospital D,urgente,13/11/2025,no,distrito 6,sí
medicina interna,64.0,mujer,10.0,1.0,2.0,domicilio,sí,6.0,no,hospital F,urgente,16/11/2024,no,distrito 1,sí
neumología,49.0,hombre,12.0,4.0,0.0,domicilio,no,0.0,sí,hospital B,N/D,18/07/2025,no,distrito 8,no
medicina interna,80.0,hombre,5.0,1.0,0.0,domicilio,sí,7.0,no,hospital E,urgente,06/02/2025,no,distrito 3,no
neumología,90.0,mujer,7.0,4.0,0.0,domicilio,sí,5.0,no,hospital A,urgente,09/01/2025,si,distrito 6,sí
digestivo,79.0,mujer,3.0,1.0,0.0,domicilio,sí,9.0,sí,hospital C,programado,06/07/2025,no,distrito 8,no
neumología,99.0,mujer,4.0,2.0,1.0,residencia,sí,6.0,no,hospital D,programado,02/02/2025,si,distrito 8,no
CARDIOLOGÍA,85.0,mujer,5.0,1.0,0.0,domicilio,sí,10.0,no,hospital B,programado,10/08/2025,no,distrito 1,sí
  cirugía general ,87.0,hombre,-99.0,6.0,1.0,domicilio,sí,2.0,no,hospital A,programado,06/07/2024,no,distrito 9,sí
cardiología,54.0,hombre,6.0,0.0,0.0,domicilio,sí,8.0,no,hospital D,programado,15/09/2025,no,distrito 3,no
NEUMOLOGÍA,71.0,mujer,1.0,3.0,1.0,domicilio,sí,1.0,sí,hospital A,urgente,08/02/2025,no,distrito 5,no
cirugía general,56.0,mujer,8.0,1.0,0.0,residencia,no,6.0,no,hospital B,urgente,27/07/2024,no,distrito 8,sí
digestivo,27.0,mujer,4.0,1.0,0.0,hospitalización a domicilio,sí,5.0,sí,hospital A,urgente,08/10/2024,no,distrito 3,sí
cardiología,50.0,hombre,8.0,1.0,0.0,domicilio,no,23.0,sí,hospital F,programado,10/04/2025,no,distrito 7,no
neumología,76.0,mujer,5.0,1.0,1.0,hospitalización a domicilio,no,6.0,sí,hospital C,programado,19/09/2025,si,distrito 9,no
digestivo,18.0,mujer,8.0,1.0,0.0,domicilio,no,2.0,no,hospital C,urgente,09/11/2025,no,distrito 7,no
cardiología,52.0,hombre,6.0,1.0,0.0,domicilio,sí,2.0,no,hospital B,urgente,22/11/2024,no,distrito 7,no
neumología,50.0,hombre,7.0,8.0,0.0,residencia,sí,3.0,no,hospital E,urgente,27/10/2024,no,distrito 4,sí
  cirugía general ,54.0,mujer,7.0,7.0,0.0,domicilio,no,0.0,no,hospital F,urgente,13/10/2024,no,distrito 8,sí
cardiologia,51.0,hombre,3.0,1.0,1.0,domicilio,sí,12.0,no,hospital B,urgente,11/09/2025,no,distrito 4,no
medicina interna,56.0,hombre,2.0,9.0,0.0,hospitalización a domicilio,sí,4.0,no,hospital A,urgente,04/07/2025,si,distrito 7,no
traumatología,70.0,hombre,4.0,5.0,0.0,domicilio,no,1.0,no,hospital D,urgente,08/07/2025,no,distrito 5,no
neumología,84.0,mujer,-99.0,3.0,0.0,residencia,no,7.0,no,hospital F,urgente,01/10/2024,no,distrito 10,no
neumología,69.0,mujer,4.0,0.0,0.0,domicilio,sí,15.0,no,hospital A,urgente,08/04/2025,no,distrito 8,no
traumatología,74.0,mujer,7.0,2.0,0.0,residencia,no,7.0,no,hospital B,N/D,17/04/2025,no,distrito 10,no
  neumología ,74.0,hombre,10.0,3.0,0.0,domicilio,sí,11.0,sí,hospital F,programado,21/02/2025,no,distrito 2,sí
medicina interna,28.0,hombre,4.0,9.0,1.0,centro de media estancia,sí,1.0,no,hospital A,urgente,18/06/2024,no,distrito 9,no
cardiología,59.0,mujer,6.0,1.0,1.0,centro de media estancia,sí,6.0,no,hospital C,programado,28/03/2025,no,distrito 8,no
medicina interna,54.0,hombre,2.0,3.0,0.0,domicilio,no,1.0,no,hospital B,urgente,22/09/2025,no,distrito 2,no
  traumatología ,23.0,hombre,7.0,6.0,2.0,domicilio,no,3.0,no,hospital B,programado,18/11/2024,no,distrito 5,sí
neumología,66.0,hombre,12.0,4.0,3.0,domicilio,no,7.0,no,hospital E,urgente,05/01/2025,no,distrito 10,no
cirugía general,38.0,mujer,-99.0,5.0,0.0,domicilio,no,3.0,no,hospital A,programado,21/07/2024,no,distrito 4,no
  traumatología ,69.0,hombre,10.0,5.0,1.0,domicilio,no,5.0,sí,hospital E,programado,15/12/2024,si,distrito 6,no
cardiología,58.0,mujer,12.0,0.0,0.0,domicilio,no,12.0,no,hospital D,programado,03/12/2024,no,distrito 2,no
traumatología,58.0,hombre,11.0,5.0,0.0,domicilio,sí,20.0,no,hospital E,urgente,27/08/2024,no,distrito 1,no
traumatología,67.0,mujer,7.0,7.0,0.0,residencia,no,4.0,sí,hospital C,urgente,31/07/2025,si,distrito 6,sí
MEDICINA INTERNA,43.0,mujer,8.0,5.0,0.0,domicilio,sí,3.0,no,hospital F,urgente,23/12/2024,no,distrito 7,no
medicina interna,60.0,hombre,6.0,2.0,0.0,domicilio,no,3.0,no,hospital A,urgente,12/11/2024,no,distrito 9,no
traumatología,62.0,hombre,9.0,1.0,1.0,domicilio,sí,5.0,no,hospital A,programado,09/11/2024,no,distrito 4,no
traumatología,72.0,hombre,7.0,9.0,0.0,residencia,no,3.0,no,hospital D,programado,12/07/2024,si,distrito 10,no
CIRUGÍA GENERAL,96.0,hombre,4.0,0.0,0.0,domicilio,sí,5.0,no,hospital F,programado,25/08/2025,no,distrito 6,no
DIGESTIVO,53.0,mujer,7.0,2.0,0.0,domicilio,sí,1.0,no,hospital D,programado,10/09/2024,si,distrito 2,sí
cardiología,57.0,hombre,5.0,3.0,0.0,domicilio,sí,2.0,sí,hospital B,urgente,26/11/2024,no,distrito 7,sí
medicina interna,71.0,mujer,9.0,2.0,0.0,domicilio,sí,1.0,no,hospital B,programado,20/10/2025,no,distrito 1,no
digestivo,39.0,hombre,4.0,3.0,3.0,domicilio,sí,5.0,no,hospital F,programado,08/06/2024,no,distrito 6,no
traumatología,82.0,mujer,7.0,1.0,0.0,domicilio,no,5.0,no,hospital E,programado,05/04/2025,no,distrito 3,no
medicina interna,60.0,mujer,3.0,1.0,4.0,domicilio,sí,4.0,sí,hospital F,urgente,21/04/2025,no,distrito 2,no
cirugía general,64.0,mujer,7.0,0.0,0.0,domicilio,sí,7.0,no,hospital A,programado,25/01/2025,no,distrito 3,no
medicina interna,92.0,hombre,4.0,0.0,0.0,centro de media estancia,sí,10.0,no,hospital E,programado,25/11/2024,no,distrito 3,no
cirugía general,66.0,hombre,-99.0,1.0,0.0,domicilio,sí,6.0,no,hospital B,urgente,13/02/2025,no,distrito 7,no
medicina interna,100.0,hombre,1.0,1.0,1.0,domicilio,sí,2.0,no,hospital D,programado,24/08/2024,no,distrito 7,sí
cirugía general,53.0,hombre,2.0,3.0,2.0,domicilio,no,2.0,no,hospital F,N/D,09/05/2025,no,distrito 2,sí
cirugía general,96.0,mujer,7.0,0.0,1.0,residencia,no,6.0,no,hospital F,urgente,02/08/2025,no,distrito 10,no
digestivo,89.0,mujer,9.0,3.0,0.0,domicilio,sí,5.0,no,hospital F,urgente,08/11/2024,no,distrito 9,no
cardiología,49.0,mujer,6.0,8.0,0.0,domicilio,no,11.0,no,hospital D,programado,28/01/2025,no,distrito 3,sí
medicina interna,68.0,hombre,4.0,6.0,0.0,domicilio,no,5.0,no,hospital F,urgente,22/09/2024,si,distrito 7,no
neumologia,21.0,hombre,3.0,1.0,0.0,domicilio,no,7.0,no,hospital F,programado,27/03/2025,no,distrito 5,sí
traumatología,100.0,hombre,2.0,3.0,0.0,domicilio,sí,6.0,no,hospital A,urgente,06/04/2025,no,distrito 2,sí
cardiología,56.0,mujer,9.0,10.0,2.0,domicilio,sí,11.0,sí,hospital E,urgente,19/12/2024,si,distrito 6,no
cirugía general,98.0,mujer,8.0,0.0,0.0,domicilio,sí,2.0,no,hospital D,urgente,22/06/2025,no,distrito 1,no
cirugía general,100.0,hombre,-99.0,3.0,0.0,domicilio,sí,11.0,no,hospital C,urgente,31/10/2025,no,distrito 5,no
neumología,54.0,hombre,4.0,3.0,0.0,domicilio,sí,2.0,no,hospital B,urgente,22/10/2024,no,distrito 5,sí
  digestivo ,100.0,hombre,3.0,0.0,1.0,domicilio,no,2.0,sí,hospital F,urgente,08/06/2025,no,distrito 5,no
  cardiología ,77.0,hombre,16.0,0.0,0.0,centro de media estancia,sí,3.0,no,hospital C,urgente,05/09/2025,no,distrito 7,sí
digestivo,88.0,mujer,9.0,4.0,0.0,domicilio,no,4.0,no,hospital B,urgente,19/11/2024,no,distrito 1,no
cirugía general,55.0,hombre,9.0,0.0,0.0,centro de media estancia,sí,2.0,no,hospital A,urgente,02/11/2025,no,distrito 8,no
medicina interna,66.0,hombre,22.0,3.0,0.0,domicilio,no,5.0,no,hospital D,urgente,17/12/2024,si,distrito 3,sí
MEDICINA INTERNA,70.0,mujer,20.0,1.0,0.0,domicilio,sí,11.0,no,hospital F,urgente,13/10/2024,no,distrito 5,no
digestivo,97.0,hombre,-99.0,0.0,0.0,residencia,sí,23.0,no,hospital E,programado,31/03/2025,no,distrito 9,no
medicina interna,57.0,mujer,2.0,1.0,0.0,domicilio,no,4.0,no,hospital C,urgente,15/11/2025,no,distrito 6,sí
neumología,100.0,hombre,11.0,1.0,0.0,domicilio,sí,6.0,sí,hospital F,urgente,10/05/2025,no,distrito 6,no
cirugía general,55.0,hombre,7.0,2.0,0.0,centro de media estancia,no,3.0,sí,hospital B,programado,03/10/2025,no,distrito 1,sí
cardiología,68.0,hombre,11.0,2.0,1.0,domicilio,no,4.0,no,hospital F,urgente,13/09/2025,no,distrito 4,no
TRAUMATOLOGÍA,50.0,mujer,3.0,0.0,0.0,domicilio,sí,12.0,no,hospital D,urgente,24/10/2025,no,distrito 7,no
cardiología,59.0,mujer,7.0,4.0,0.0,domicilio,sí,2.0,sí,hospital B,urgente,05/08/2025,si,distrito 2,sí
cirugía general,48.0,mujer,5.0,1.0,3.0,residencia,sí,8.0,no,hospital B,programado,18/04/2025,no,distrito 6,no
cirugia general,63.0,mujer,9.0,0.0,0.0,centro de media estancia,sí,2.0,no,hospital A,N/D,06/09/2024,no,distrito 4,sí
digestivo,63.0,mujer,9.0,3.0,1.0,centro de media estancia,no,3.0,sí,hospital C,urgente,11/07/2024,no,distrito 10,sí
  medicina interna ,51.0,mujer,2.0,5.0,0.0,domicilio,sí,4.0,no,hospital C,urgente,28/09/2025,no,distrito 1,sí
medicina interna,55.0,hombre,3.0,1.0,1.0,domicilio,sí,1.0,no,hospital E,urgente,30/08/2024,no,distrito 6,sí
medicina interna,80.0,hombre,-99.0,2.0,0.0,residencia,sí,5.0,no,hospital E,urgente,28/09/2024,no,distrito 7,sí
TRAUMATOLOGÍA,69.0,mujer,2.0,3.0,0.0,domicilio,sí,4.0,no,hospital D,programado,05/11/2024,no,distrito 4,sí
TRAUMATOLOGÍA,54.0,hombre,5.0,3.0,0.0,centro de media estancia,no,8.0,no,hospital C,urgente,25/11/2024,si,distrito 3,no
cardiología,64.0,mujer,2.0,0.0,1.0,domicilio,sí,2.0,no,hospital B,urgente,14/10/2025,no,distrito 2,no
medicina interna,47.0,hombre,2.0,2.0,0.0,domicilio,no,14.0,sí,hospital F,urgente,11/08/2024,no,distrito 5,no
medicina interna,51.0,hombre,-99.0,1.0,0.0,domicilio,sí,5.0,sí,hospital A,programado,06/05/2025,no,distrito 8,no
  medicina interna ,25.0,hombre,3.0,4.0,0.0,domicilio,sí,6.0,no,hospital C,urgente,07/07/2024,no,distrito 1,no
neumología,56.0,mujer,-99.0,0.0,0.0,domicilio,sí,5.0,no,hospital F,urgente,19/01/2025,no,distrito 6,no
traumatología,69.0,mujer,7.0,8.0,0.0,domicilio,no,2.0,no,hospital E,programado,27/02/2025,si,distrito 7,no
digestivo,67.0,mujer,2.0,3.0,1.0,domicilio,sí,6.0,no,hospital B,urgente,08/08/2025,no,distrito 9,no
cirugía general,58.0,mujer,9.0,3.0,0.0,domicilio,sí,3.0,no,hospital C,urgente,07/09/2024,no,distrito 1,no
neumología,94.0,hombre,2.0,2.0,2.0,domicilio,sí,0.0,no,hospital C,urgente,11/01/2025,no,distrito 2,sí
cirugia general,51.0,hombre,5.0,0.0,0.0,domicilio,no,7.0,no,hospital B,urgente,19/07/2024,no,distrito 4,no
medicina interna,79.0,mujer,7.0,1.0,2.0,domicilio,sí,20.0,no,hospital A,urgente,23/08/2025,no,distrito 1,no
medicina interna,63.0,hombre,8.0,0.0,0.0,domicilio,sí,3.0,sí,hospital E,N/D,21/01/2025,no,distrito 1,sí
medicina interna,83.0,hombre,20.0,1.0,0.0,hospitalización a domicilio,no,9.0,no,hospital F,urgente,08/01/2025,no,distrito 10,no
cirugía general,66.0,mujer,3.0,2.0,4.0,residencia,no,9.0,no,hospital A,programado,05/11/2025,no,distrito 3,no
NEUMOLOGÍA,56.0,hombre,3.0,1.0,0.0,domicilio,sí,5.0,sí,hospital F,urgente,15/08/2024,no,distrito 1,no
neumología,69.0,mujer,5.0,1.0,0.0,residencia,sí,4.0,no,hospital F,urgente,22/10/2024,no,distrito 9,no
traumatología,45.0,mujer,14.0,2.0,0.0,centro de media estancia,no,7.0,no,hospital D,programado,17/02/2025,no,distrito 8,no
traumatología,70.0,hombre,4.0,4.0,0.0,domicilio,no,4.0,no,hospital D,programado,17/06/2024,no,distrito 3,no
cirugía general,58.0,mujer,14.0,2.0,0.0,domicilio,no,14.0,no,hospital B,urgente,10/08/2025,no,distrito 7,sí
cardiología,67.0,hombre,3.0,1.0,0.0,domicilio,no,0.0,no,hospital F,urgente,27/09/2025,no,distrito 8,no
digestivo,52.0,mujer,7.0,0.0,1.0,domicilio,sí,1.0,no,hospital E,urgente,21/08/2024,no,distrito 6,no
digestivo,61.0,mujer,10.0,5.0,3.0,domicilio,no,2.0,no,hospital E,urgente,24/09/2025,no,distrito 9,no
medicina interna,100.0,mujer,1.0,4.0,0.0,residencia,sí,1.0,no,hospital F,N/D,07/07/2025,no,distrito 10,sí
medicina interna,79.0,hombre,9.0,0.0,1.0,domicilio,sí,1.0,no,hospital E,programado,05/06/2024,no,distrito 9,no
cardiología,52.0,mujer,5.0,3.0,2.0,residencia,no,10.0,no,hospital E,programado,06/07/2024,si,distrito 3,sí
  traumatología ,82.0,hombre,5.0,5.0,0.0,hospitalización a domicilio,sí,3.0,no,hospital A,programado,30/10/2024,no,distrito 9,sí
  digestivo ,92.0,mujer,3.0,2.0,2.0,domicilio,sí,4.0,sí,hospital C,programado,28/11/2024,si,distrito 3,no
  medicina interna ,65.0,hombre,2.0,5.0,1.0,hospitalización a domicilio,no,9.0,no,hospital F,N/D,14/02/2025,si,distrito 6,sí
medicina interna,48.0,hombre,8.0,1.0,0.0,domicilio,no,1.0,no,hospital C,urgente,02/11/2024,no,distrito 3,no
  medicina interna ,50.0,hombre,3.0,0.0,0.0,domicilio,sí,0.0,sí,hospital F,urgente,04/07/2024,si,distrito 3,no
cirugía general,69.0,mujer,6.0,0.0,3.0,domicilio,sí,6.0,sí,hospital F,urgente,27/09/2025,no,distrito 2,no
traumatologia,51.0,hombre,16.0,7.0,0.0,domicilio,sí,1.0,no,hospital E,programado,10/01/2025,si,distrito 1,no
digestivo,67.0,mujer,1.0,7.0,0.0,domicilio,no,4.0,no,hospital A,urgente,20/10/2024,si,distrito 8,no
cardiología,56.0,mujer,3.0,5.0,0.0,domicilio,no,3.0,no,hospital D,urgente,12/08/2024,si,distrito 4,sí
  cardiología ,63.0,mujer,7.0,14.0,0.0,domicilio,no,4.0,sí,hospital B,urgente,09/12/2024,si,distrito 7,sí
cirugía general,46.0,mujer,9.0,0.0,0.0,residencia,no,9.0,no,hospital A,urgente,14/06/2024,no,distrito 1,sí
  neumología ,67.0,mujer,6.0,7.0,0.0,domicilio,sí,3.0,no,hospital B,programado,06/11/2025,no,distrito 9,sí
traumatología,79.0,mujer,8.0,4.0,0.0,domicilio,no,5.0,sí,hospital B,programado,27/10/2025,no,distrito 1,sí
traumatología,67.0,hombre,11.0,0.0,0.0,residencia,no,1.0,no,hospital A,programado,03/06/2024,no,distrito 3,no
medicina interna,65.0,hombre,1.0,3.0,0.0,domicilio,no,7.0,no,hospital D,urgente,28/11/2024,no,distrito 3,no
neumología,69.0,hombre,10.0,3.0,2.0,domicilio,no,1.0,no,hospital D,programado,03/08/2024,si,distrito 9,no
cirugia general,23.0,mujer,6.0,0.0,0.0,hospitalización a domicilio,sí,9.0,no,hospital D,programado,10/05/2025,no,distrito 9,sí
medicina interna,76.0,mujer,10.0,1.0,0.0,domicilio,sí,13.0,no,hospital C,urgente,09/09/2024,si,distrito 7,no
NEUMOLOGÍA,73.0,hombre,9.0,2.0,0.0,domicilio,sí,4.0,sí,hospital E,programado,06/11/2025,no,distrito 2,no
neumología,40.0,mujer,2.0,4.0,0.0,domicilio,sí,1.0,no,hospital F,urgente,12/05/2025,no,distrito 7,sí
cirugia general,54.0,hombre,5.0,0.0,4.0,domicilio,sí,5.0,no,hospital C,urgente,22/02/2025,no,distrito 7,sí
digestivo,69.0,hombre,4.0,1.0,0.0,hospitalización a domicilio,no,4.0,no,hospital E,urgente,23/06/2025,no,distrito 3,no
neumología,65.0,hombre,5.0,5.0,0.0,residencia,sí,1.0,no,hospital A,urgente,16/03/2025,no,distrito 1,sí
neumologia,64.0,mujer,11.0,0.0,0.0,hospitalización a domicilio,sí,8.0,no,hospital E,urgente,07/01/2025,no,distrito 8,sí
  cirugía general ,62.0,hombre,6.0,2.0,0.0,domicilio,no,5.0,no,hospital A,urgente,25/09/2025,no,distrito 4,no
NEUMOLOGÍA,92.0,hombre,4.0,8.0,1.0,domicilio,sí,10.0,sí,hospital D,urgente,25/07/2025,si,distrito 10,sí
neumología,62.0,hombre,15.0,0.0,0.0,residencia,sí,10.0,no,hospital B,urgente,22/10/2024,si,distrito 2,no
cirugia general,60.0,hombre,2.0,2.0,0.0,hospitalización a domicilio,no,5.0,no,hospital C,urgente,17/03/2025,no,distrito 5,no
medicina interna,86.0,mujer,2.0,1.0,0.0,domicilio,no,5.0,no,hospital B,urgente,19/08/2025,si,distrito 6,no
  medicina interna ,63.0,hombre,-99.0,3.0,0.0,domicilio,sí,3.0,sí,hospital E,urgente,31/03/2025,si,distrito 3,no
cardiología,87.0,mujer,3.0,6.0,0.0,domicilio,no,5.0,no,hospital B,urgente,04/11/2025,si,distrito 10,no
cardiología,90.0,mujer,7.0,0.0,0.0,domicilio,no,4.0,no,hospital B,urgente,04/07/2025,no,distrito 7,sí
medicina interna,76.0,hombre,2.0,2.0,2.0,domicilio,sí,3.0,sí,hospital A,urgente,30/05/2025,no,distrito 3,sí
cirugía general,61.0,mujer,3.0,0.0,3.0,domicilio,no,8.0,no,hospital D,urgente,01/04/2025,no,distrito 1,sí
cardiología,81.0,hombre,10.0,2.0,0.0,domicilio,sí,7.0,sí,hospital E,urgente,13/10/2024,no,distrito 3,sí
medicina interna,76.0,mujer,4.0,3.0,2.0,domicilio,sí,4.0,sí,hospital A,urgente,24/09/2025,si,distrito 4,no
traumatología,57.0,mujer,18.0,7.0,0.0,domicilio,no,3.0,no,hospital C,urgente,23/06/2025,si,distrito 8,sí
medicina interna,44.0,hombre,5.0,0.0,0.0,domicilio,no,2.0,no,hospital C,programado,22/10/2025,no,distrito 2,no
traumatología,56.0,hombre,8.0,0.0,2.0,residencia,sí,10.0,no,hospital A,urgente,25/06/2025,no,distrito 2,no
traumatología,67.0,hombre,15.0,2.0,3.0,domicilio,no,4.0,sí,hospital E,programado,21/10/2025,no,distrito 4,no
cirugia general,63.0,hombre,11.0,2.0,0.0,centro de media estancia,sí,2.0,no,hospital C,urgente,10/05/2025,no,distrito 7,sí
  cirugía general ,69.0,hombre,2.0,1.0,0.0,domicilio,sí,8.0,no,hospital A,urgente,25/04/2025,no,distrito 1,no
medicina interna,77.0,mujer,5.0,6.0,3.0,residencia,sí,6.0,sí,hospital B,urgente,15/09/2025,si,distrito 1,no
medicina interna,77.0,hombre,5.0,1.0,0.0,domicilio,sí,9.0,no,hospital A,urgente,21/10/2025,no,distrito 9,sí
traumatología,77.0,mujer,4.0,1.0,0.0,domicilio,sí,6.0,sí,hospital F,urgente,24/01/2025,no,distrito 2,no
neumología,61.0,hombre,18.0,2.0,0.0,residencia,sí,7.0,no,hospital C,urgente,21/04/2025,no,distrito 8,no
medicina interna,51.0,hombre,3.0,1.0,0.0,domicilio,sí,6.0,no,hospital D,programado,04/09/2025,no,distrito 9,no
traumatología,69.0,hombre,14.0,0.0,0.0,domicilio,sí,8.0,sí,hospital D,urgente,07/05/2025,no,distrito 3,no
cirugia general,61.0,hombre,8.0,0.0,1.0,centro de media estancia,sí,15.0,sí,hospital C,programado,14/04/2025,no,distrito 3,sí
medicina interna,63.0,mujer,8.0,0.0,0.0,domicilio,sí,15.0,sí,hospital B,urgente,09/08/2025,no,distrito 3,no
cardiologia,64.0,mujer,16.0,0.0,1.0,domicilio,sí,2.0,no,hospital D,urgente,03/07/2025,no,distrito 7,no
traumatología,29.0,mujer,3.0,0.0,7.0,domicilio,sí,1.0,no,hospital D,urgente,04/11/2024,no,distrito 5,no
cardiología,53.0,hombre,8.0,0.0,0.0,hospitalización a domicilio,no,9.0,sí,hospital F,urgente,27/08/2024,no,distrito 10,sí
cardiología,89.0,mujer,6.0,1.0,1.0,domicilio,no,6.0,sí,hospital A,programado,14/08/2024,no,distrito 9,no
cirugía general,100.0,mujer,8.0,6.0,0.0,domicilio,sí,6.0,no,hospital D,urgente,23/07/2024,no,distrito 1,sí
cirugia general,81.0,mujer,6.0,1.0,0.0,domicilio,no,20.0,no,hospital D,programado,09/10/2024,no,distrito 9,sí
cirugía general,80.0,hombre,3.0,1.0,0.0,domicilio,sí,20.0,no,hospital F,programado,11/04/2025,no,distrito 2,sí
cirugía general,86.0,mujer,6.0,2.0,0.0,domicilio,sí,1.0,no,hospital F,programado,23/03/2025,no,distrito 6,no
cardiología,76.0,hombre,5.0,1.0,0.0,domicilio,sí,2.0,no,hospital A,urgente,12/10/2025,no,distrito 7,no
cardiologia,54.0,hombre,9.0,14.0,0.0,domicilio,sí,1.0,sí,hospital B,urgente,13/06/2025,si,distrito 9,sí
cirugia general,37.0,mujer,8.0,0.0,0.0,domicilio,sí,4.0,no,hospital C,urgente,04/07/2024,no,distrito 7,sí
cardiología,53.0,mujer,7.0,6.0,1.0,residencia,sí,19.0,no,hospital E,urgente,11/02/2025,no,distrito 6,no
neumología,65.0,hombre,1.0,0.0,0.0,domicilio,sí,15.0,sí,hospital B,programado,03/09/2025,no,distrito 9,no
CIRUGÍA GENERAL,63.0,hombre,6.0,0.0,0.0,residencia,sí,6.0,no,hospital E,urgente,22/01/2025,no,distrito 7,sí
traumatología,70.0,hombre,4.0,4.0,0.0,domicilio,no,2.0,no,hospital D,programado,04/10/2024,no,distrito 3,sí
traumatologia,43.0,hombre,4.0,7.0,0.0,centro de media estancia,sí,4.0,no,hospital D,programado,10/05/2025,no,distrito 1,no
cirugía general,69.0,mujer,4.0,6.0,0.0,domicilio,no,5.0,sí,hospital E,programado,11/06/2024,si,distrito 7,sí
medicina interna,60.0,hombre,2.0,4.0,3.0,domicilio,no,14.0,sí,hospital D,urgente,11/06/2024,no,distrito 4,sí
neumología,95.0,mujer,16.0,1.0,0.0,domicilio,sí,4.0,no,hospital E,urgente,12/10/2025,no,distrito 4,sí
cirugía general,71.0,mujer,1.0,4.0,2.0,domicilio,sí,16.0,no,hospital C,programado,06/10/2024,no,distrito 4,sí
neumología,91.0,hombre,14.0,0.0,0.0,domicilio,no,6.0,no,hospital F,programado,20/04/2025,no,distrito 4,no
MEDICINA INTERNA,94.0,hombre,3.0,0.0,0.0,domicilio,sí,7.0,no,hospital D,N/D,14/05/2025,no,distrito 1,sí
MEDICINA INTERNA,60.0,mujer,8.0,6.0,0.0,centro de media estancia,no,10.0,no,hospital D,programado,12/05/2025,no,distrito 6,no
medicina interna,93.0,hombre,2.0,1.0,1.0,domicilio,no,7.0,no,hospital A,urgente,13/11/2024,no,distrito 7,sí
CARDIOLOGÍA,70.0,mujer,6.0,5.0,1.0,domicilio,sí,1.0,no,hospital E,N/D,06/09/2024,si,distrito 10,no
medicina interna,46.0,hombre,-99.0,0.0,1.0,domicilio,no,8.0,sí,hospital E,N/D,12/08/2025,no,distrito 3,no
CIRUGÍA GENERAL,62.0,mujer,3.0,1.0,0.0,residencia,sí,13.0,sí,hospital C,urgente,21/07/2025,no,distrito 10,no
cirugía general,62.0,mujer,5.0,7.0,0.0,domicilio,no,4.0,no,hospital D,urgente,28/06/2025,si,distrito 10,no
cardiología,46.0,hombre,2.0,3.0,0.0,hospitalización a domicilio,no,7.0,no,hospital E,urgente,02/10/2025,no,distrito 1,sí
digestivo,55.0,hombre,4.0,3.0,2.0,residencia,sí,0.0,no,hospital C,urgente,23/03/2025,no,distrito 3,sí
traumatología,82.0,mujer,4.0,2.0,2.0,domicilio,no,1.0,no,hospital A,urgente,06/07/2024,no,distrito 10,no
neumología,60.0,mujer,10.0,3.0,2.0,domicilio,no,12.0,no,hospital E,programado,02/04/2025,no,distrito 8,sí
neumología,65.0,hombre,7.0,1.0,1.0,domicilio,sí,18.0,no,hospital B,programado,09/05/2025,no,distrito 7,sí
medicina interna,80.0,hombre,8.0,2.0,1.0,domicilio,sí,4.0,no,hospital B,programado,23/09/2024,no,distrito 4,sí
neumología,64.0,mujer,8.0,4.0,0.0,domicilio,no,2.0,sí,hospital E,urgente,23/01/2025,si,distrito 7,sí
traumatología,65.0,mujer,2.0,6.0,0.0,domicilio,no,3.0,no,hospital A,N/D,14/11/2025,no,distrito 10,no
CIRUGÍA GENERAL,57.0,mujer,12.0,0.0,0.0,domicilio,sí,2.0,sí,hospital C,programado,21/07/2024,no,distrito 7,sí
neumología,48.0,hombre,14.0,1.0,2.0,domicilio,no,5.0,no,hospital F,urgente,17/09/2024,no,distrito 8,no
cardiologia,53.0,mujer,10.0,5.0,0.0,domicilio,sí,1.0,no,hospital B,urgente,11/10/2024,no,distrito 5,sí
medicina interna,30.0,mujer,4.0,1.0,0.0,domicilio,no,4.0,no,hospital D,urgente,27/10/2024,no,distrito 8,sí
traumatología,100.0,mujer,-99.0,5.0,0.0,domicilio,sí,12.0,no,hospital F,programado,24/03/2025,no,distrito 4,no
cardiología,51.0,mujer,1.0,3.0,0.0,domicilio,sí,6.0,no,hospital A,urgente,03/07/2025,no,distrito 8,sí
medicina interna,60.0,hombre,4.0,5.0,1.0,domicilio,no,3.0,no,hospital D,programado,03/07/2024,no,distrito 2,sí
cardiología,70.0,hombre,11.0,2.0,0.0,domicilio,no,7.0,no,hospital C,programado,19/10/2025,no,distrito 3,no
medicina interna,40.0,hombre,15.0,1.0,0.0,residencia,no,2.0,no,hospital D,programado,19/02/2025,no,distrito 1,no
neumología,98.0,hombre,4.0,5.0,2.0,hospitalización a domicilio,no,4.0,no,hospital C,programado,04/11/2025,si,distrito 7,sí
cirugía general,65.0,hombre,1.0,6.0,0.0,domicilio,sí,8.0,no,hospital C,N/D,24/10/2024,no,distrito 5,sí
cardiología,74.0,hombre,6.0,1.0,1.0,domicilio,no,3.0,sí,hospital A,programado,21/10/2025,no,distrito 3,sí
digestivo,59.0,mujer,4.0,1.0,0.0,domicilio,sí,9.0,no,hospital F,urgente,12/11/2025,no,distrito 3,sí
traumatología,48.0,mujer,5.0,4.0,1.0,hospitalización a domicilio,no,3.0,sí,hospital D,N/D,24/08/2024,si,distrito 6,no
neumología,40.0,hombre,6.0,1.0,0.0,domicilio,no,1.0,no,hospital E,programado,05/04/2025,si,distrito 6,no
traumatología,100.0,mujer,3.0,2.0,1.0,domicilio,sí,7.0,no,hospital D,urgente,04/08/2025,no,distrito 9,sí
digestivo,94.0,mujer,15.0,1.0,0.0,domicilio,no,5.0,sí,hospital A,urgente,19/03/2025,no,distrito 3,sí
medicina interna,75.0,hombre,1.0,1.0,2.0,residencia,no,7.0,no,hospital B,urgente,14/06/2025,si,distrito 5,no
neumología,66.0,hombre,7.0,6.0,0.0,centro de media estancia,sí,3.0,sí,hospital D,programado,30/06/2024,si,distrito 3,sí
traumatología,64.0,mujer,1.0,1.0,1.0,domicilio,no,3.0,no,hospital B,urgente,29/06/2024,no,distrito 10,no
traumatología,45.0,mujer,7.0,2.0,0.0,domicilio,sí,2.0,no,hospital D,N/D,18/03/2025,no,distrito 2,no
CIRUGÍA GENERAL,58.0,hombre,2.0,0.0,0.0,centro de media estancia,no,3.0,no,hospital D,urgente,31/08/2024,no,distrito 2,no
digestivo,92.0,hombre,6.0,1.0,1.0,residencia,no,10.0,no,hospital B,urgente,18/06/2025,no,distrito 1,no
neumología,69.0,hombre,12.0,0.0,0.0,domicilio,sí,7.0,no,hospital B,urgente,13/08/2024,no,distrito 10,sí
TRAUMATOLOGÍA,81.0,hombre,8.0,2.0,2.0,residencia,sí,5.0,no,hospital A,N/D,17/03/2025,no,distrito 3,no
cardiología,50.0,hombre,3.0,1.0,0.0,hospitalización a domicilio,sí,3.0,no,hospital B,programado,16/04/2025,no,distrito 6,no
  cardiología ,62.0,hombre,4.0,5.0,0.0,residencia,sí,0.0,no,hospital E,urgente,05/11/2025,si,distrito 7,sí
medicina interna,75.0,mujer,-99.0,6.0,0.0,domicilio,sí,1.0,no,hospital C,programado,25/08/2025,si,distrito 9,sí
  cardiología ,52.0,mujer,2.0,1.0,1.0,domicilio,no,2.0,no,hospital B,urgente,12/09/2025,no,distrito 2,sí
neumología,63.0,mujer,10.0,1.0,2.0,hospitalización a domicilio,sí,3.0,no,hospital E,urgente,14/04/2025,no,distrito 6,no
TRAUMATOLOGÍA,51.0,mujer,3.0,10.0,0.0,domicilio,no,4.0,no,hospital E,urgente,06/12/2024,si,distrito 8,no
medicina interna,85.0,hombre,1.0,9.0,1.0,domicilio,sí,3.0,no,hospital C,urgente,28/05/2025,si,distrito 1,no
medicina interna,72.0,hombre,8.0,2.0,2.0,residencia,sí,4.0,sí,hospital D,urgente,18/10/2025,si,distrito 7,no
medicina interna,62.0,mujer,2.0,2.0,0.0,domicilio,sí,12.0,no,hospital B,urgente,06/06/2024,no,distrito 2,no
NEUMOLOGÍA,100.0,mujer,10.0,0.0,0.0,domicilio,no,6.0,no,hospital E,programado,05/02/2025,no,distrito 10,sí
  traumatología ,83.0,mujer,4.0,0.0,0.0,residencia,sí,6.0,no,hospital A,urgente,01/11/2024,no,distrito 10,sí
medicina interna,72.0,hombre,6.0,2.0,0.0,domicilio,no,2.0,no,hospital F,N/D,27/12/2024,no,distrito 6,no
neumología,76.0,hombre,1.0,3.0,0.0,domicilio,sí,2.0,no,hospital A,urgente,12/08/2024,no,distrito 1,no
traumatología,66.0,hombre,8.0,1.0,0.0,hospitalización a domicilio,no,3.0,no,hospital B,urgente,22/01/2025,no,distrito 2,no
cirugía general,65.0,hombre,14.0,1.0,7.0,domicilio,sí,9.0,sí,hospital E,urgente,10/11/2024,no,distrito 5,sí
neumología,64.0,hombre,6.0,0.0,0.0,domicilio,no,2.0,sí,hospital B,urgente,21/12/2024,no,distrito 1,no
cirugía general,83.0,hombre,7.0,3.0,0.0,domicilio,sí,3.0,no,hospital D,urgente,22/02/2025,no,distrito 10,sí
  digestivo ,50.0,hombre,3.0,10.0,2.0,residencia,no,5.0,no,hospital C,programado,20/11/2024,si,distrito 6,no
cirugía general,74.0,hombre,8.0,0.0,1.0,domicilio,no,4.0,no,hospital C,programado,06/11/2024,no,distrito 4,no
traumatología,90.0,hombre,16.0,4.0,0.0,domicilio,sí,8.0,no,hospital B,urgente,14/06/2024,no,distrito 9,no
medicina interna,50.0,hombre,7.0,1.0,1.0,domicilio,sí,7.0,sí,hospital E,urgente,16/09/2025,no,distrito 9,no
neumología,73.0,mujer,6.0,5.0,0.0,domicilio,no,3.0,sí,hospital F,urgente,08/02/2025,si,distrito 10,no
medicina interna,38.0,hombre,5.0,4.0,0.0,residencia,no,10.0,no,hospital D,urgente,04/09/2025,no,distrito 9,no
cirugía general,85.0,mujer,5.0,7.0,0.0,domicilio,no,2.0,sí,hospital C,urgente,22/09/2024,si,distrito 1,sí
medicina interna,67.0,mujer,7.0,2.0,5.0,domicilio,no,8.0,no,hospital B,urgente,27/02/2025,no,distrito 7,no
CARDIOLOGÍA,55.0,mujer,2.0,0.0,1.0,hospitalización a domicilio,sí,6.0,no,hospital D,urgente,11/11/2025,no,distrito 8,no
neumología,80.0,hombre,3.0,3.0,0.0,domicilio,no,6.0,no,hospital E,programado,03/06/2025,no,distrito 1,no
medicina interna,61.0,hombre,11.0,0.0,1.0,domicilio,no,3.0,no,hospital F,programado,26/07/2025,no,distrito 3,no
DIGESTIVO,81.0,mujer,2.0,0.0,1.0,residencia,sí,7.0,no,hospital C,urgente,19/03/2025,no,distrito 8,no
medicina interna,76.0,hombre,8.0,5.0,0.0,domicilio,no,7.0,no,hospital B,urgente,02/10/2025,no,distrito 1,no
cardiología,77.0,hombre,5.0,3.0,0.0,domicilio,sí,8.0,no,hospital C,programado,30/04/2025,si,distrito 9,no
cirugía general,54.0,mujer,-99.0,0.0,0.0,domicilio,no,4.0,sí,hospital B,urgente,20/03/2025,no,distrito 9,no
TRAUMATOLOGÍA,90.0,mujer,8.0,3.0,0.0,residencia,sí,1.0,sí,hospital A,urgente,29/09/2024,no,distrito 6,sí
traumatología,37.0,hombre,7.0,2.0,0.0,domicilio,no,0.0,sí,hospital F,programado,03/12/2024,no,distrito 3,sí
medicina interna,55.0,hombre,8.0,3.0,1.0,domicilio,sí,4.0,sí,hospital D,urgente,08/09/2024,no,distrito 4,sí
cirugia general,63.0,mujer,0.0,2.0,0.0,domicilio,sí,14.0,no,hospital B,programado,29/08/2024,si,distrito 9,no
digestivo,58.0,hombre,7.0,2.0,1.0,domicilio,sí,6.0,sí,hospital A,urgente,26/10/2025,si,distrito 4,no
  medicina interna ,81.0,hombre,12.0,8.0,2.0,domicilio,sí,9.0,no,hospital A,N/D,02/07/2024,si,distrito 6,no
cardiología,35.0,hombre,7.0,1.0,0.0,residencia,sí,0.0,sí,hospital A,urgente,24/06/2025,no,distrito 10,sí
medicina interna,42.0,hombre,-99.0,2.0,0.0,domicilio,sí,1.0,no,hospital C,urgente,26/10/2024,no,distrito 6,sí
cardiología,86.0,mujer,3.0,1.0,0.0,domicilio,sí,6.0,no,hospital E,urgente,05/06/2024,no,distrito 1,no
CARDIOLOGÍA,96.0,hombre,5.0,1.0,1.0,residencia,sí,4.0,no,hospital F,urgente,04/08/2025,si,distrito 2,no
  digestivo ,62.0,hombre,1.0,7.0,0.0,domicilio,sí,2.0,sí,hospital E,urgente,06/09/2024,no,distrito 2,no
medicina interna,70.0,hombre,3.0,1.0,0.0,hospitalización a domicilio,no,0.0,no,hospital B,programado,20/10/2024,no,distrito 8,no
cardiología,83.0,hombre,12.0,5.0,0.0,domicilio,no,1.0,no,hospital A,N/D,16/09/2024,no,distrito 6,no
medicina interna,54.0,mujer,10.0,0.0,0.0,hospitalización a domicilio,no,9.0,no,hospital D,programado,12/11/2025,no,distrito 2,no
cirugía general,62.0,mujer,1.0,9.0,2.0,domicilio,no,15.0,no,hospital C,programado,05/05/2025,si,distrito 2,sí
digestivo,44.0,mujer,-99.0,5.0,0.0,centro de media estancia,no,1.0,no,hospital F,urgente,25/06/2025,no,distrito 1,sí
medicina interna,52.0,hombre,4.0,0.0,1.0,domicilio,no,3.0,no,hospital B,programado,08/02/2025,no,distrito 4,sí
neumologia,91.0,mujer,2.0,8.0,0.0,domicilio,sí,8.0,sí,hospital C,urgente,24/07/2025,no,distrito 5,no
MEDICINA INTERNA,37.0,mujer,3.0,3.0,0.0,residencia,sí,0.0,no,hospital B,urgente,17/06/2024,si,distrito 3,no
cirugía general,70.0,hombre,19.0,1.0,0.0,domicilio,no,26.0,no,hospital C,urgente,05/09/2024,no,distrito 8,sí
medicina interna,43.0,mujer,10.0,0.0,0.0,domicilio,sí,0.0,no,hospital A,urgente,10/02/2025,no,distrito 5,no
  neumología ,65.0,hombre,8.0,5.0,0.0,residencia,no,3.0,no,hospital D,programado,13/08/2025,si,distrito 10,sí
medicina interna,74.0,mujer,10.0,0.0,0.0,domicilio,sí,3.0,no,hospital E,urgente,27/10/2024,no,distrito 1,sí
cardiología,84.0,hombre,4.0,1.0,0.0,domicilio,sí,6.0,no,hospital B,urgente,30/09/2024,no,distrito 3,no
cardiología,53.0,hombre,7.0,1.0,0.0,domicilio,sí,5.0,no,hospital C,urgente,29/09/2025,no,distrito 5,sí
cardiología,55.0,hombre,8.0,0.0,0.0,domicilio,no,5.0,sí,hospital B,programado,31/03/2025,no,distrito 3,sí
traumatología,60.0,hombre,8.0,4.0,1.0,centro de media estancia,no,1.0,no,hospital B,programado,10/07/2025,no,distrito 3,no
cardiología,87.0,hombre,6.0,1.0,2.0,domicilio,sí,5.0,no,hospital E,programado,19/01/2025,no,distrito 7,no
DIGESTIVO,64.0,mujer,10.0,0.0,0.0,domicilio,sí,6.0,no,hospital B,urgente,11/09/2024,no,distrito 6,sí
traumatología,88.0,hombre,5.0,4.0,1.0,domicilio,no,3.0,no,hospital F,urgente,08/10/2025,si,distrito 7,no
cirugía general,44.0,hombre,11.0,2.0,0.0,domicilio,no,3.0,sí,hospital F,urgente,06/08/2024,no,distrito 8,no
cirugía general,60.0,hombre,3.0,0.0,0.0,domicilio,no,7.0,sí,hospital C,programado,14/01/2025,no,distrito 8,sí
  medicina interna ,74.0,hombre,2.0,0.0,0.0,domicilio,sí,6.0,no,hospital F,urgente,11/06/2024,no,distrito 1,sí
cardiología,55.0,hombre,6.0,1.0,1.0,domicilio,sí,2.0,no,hospital F,programado,02/01/2025,no,distrito 2,no
  cardiología ,86.0,mujer,6.0,1.0,0.0,domicilio,no,6.0,sí,hospital F,urgente,31/08/2024,no,distrito 2,sí
medicina interna,75.0,mujer,6.0,4.0,3.0,residencia,no,3.0,sí,hospital A,programado,27/12/2024,no,distrito 3,no
cardiología,93.0,hombre,2.0,4.0,0.0,domicilio,no,5.0,no,hospital F,urgente,04/08/2024,no,distrito 9,sí
cardiología,66.0,mujer,7.0,2.0,0.0,domicilio,no,4.0,no,hospital A,urgente,16/04/2025,no,distrito 7,no
digestivo,89.0,mujer,14.0,0.0,0.0,domicilio,sí,9.0,no,hospital D,urgente,04/09/2025,no,distrito 10,sí
CIRUGÍA GENERAL,73.0,hombre,11.0,2.0,1.0,residencia,sí,20.0,no,hospital F,urgente,23/02/2025,no,distrito 9,sí
medicina interna,42.0,hombre,5.0,2.0,5.0,residencia,sí,15.0,no,hospital D,urgente,05/08/2024,no,distrito 5,no
traumatología,57.0,mujer,11.0,7.0,1.0,domicilio,sí,1.0,no,hospital C,urgente,08/02/2025,si,distrito 4,sí
cirugía general,49.0,hombre,7.0,13.0,0.0,residencia,no,7.0,no,hospital F,urgente,24/12/2024,si,distrito 6,no
  medicina interna ,83.0,hombre,3.0,5.0,3.0,domicilio,sí,12.0,sí,hospital D,urgente,09/07/2024,no,distrito 5,no
neumología,67.0,mujer,7.0,3.0,0.0,domicilio,no,5.0,no,hospital D,urgente,12/05/2025,no,distrito 6,sí
cirugia general,54.0,hombre,-99.0,1.0,0.0,residencia,no,1.0,no,hospital B,programado,31/05/2025,no,distrito 6,no
digestivo,57.0,hombre,15.0,0.0,0.0,domicilio,no,1.0,sí,hospital D,programado,12/09/2024,no,distrito 5,no
cirugía general,74.0,mujer,4.0,0.0,3.0,domicilio,no,2.0,no,hospital D,urgente,13/08/2024,no,distrito 9,sí
medicina interna,74.0,hombre,5.0,8.0,3.0,residencia,sí,2.0,sí,hospital F,programado,17/09/2024,si,distrito 1,no
medicina interna,66.0,mujer,6.0,1.0,1.0,residencia,no,7.0,no,hospital C,urgente,24/11/2024,no,distrito 4,no
medicina interna,94.0,hombre,9.0,1.0,0.0,domicilio,sí,7.0,no,hospital F,programado,14/04/2025,no,distrito 7,sí
digestivo,57.0,mujer,8.0,1.0,1.0,centro de media estancia,sí,7.0,sí,hospital A,urgente,03/07/2024,no,distrito 2,no
cirugía general,49.0,mujer,7.0,7.0,0.0,residencia,sí,3.0,no,hospital F,programado,24/03/2025,si,distrito 7,sí
  medicina interna ,33.0,hombre,2.0,1.0,0.0,domicilio,no,2.0,no,hospital F,urgente,16/08/2025,no,distrito 7,no
cirugia general,98.0,mujer,8.0,0.0,0.0,domicilio,sí,12.0,no,hospital F,N/D,02/05/2025,no,distrito 9,no
cardiología,94.0,hombre,34.0,2.0,0.0,domicilio,sí,15.0,no,hospital F,programado,26/08/2024,si,distrito 2,sí
cirugia general,69.0,mujer,9.0,0.0,0.0,domicilio,sí,3.0,no,hospital D,programado,24/02/2025,no,distrito 7,no
cardiología,98.0,hombre,2.0,2.0,0.0,domicilio,no,7.0,no,hospital A,urgente,04/03/2025,no,distrito 2,sí
traumatología,72.0,hombre,14.0,1.0,0.0,residencia,sí,4.0,no,hospital C,urgente,09/08/2025,no,distrito 2,sí
medicina interna,62.0,hombre,12.0,0.0,1.0,hospitalización a domicilio,sí,15.0,no,hospital E,urgente,06/08/2025,no,distrito 9,no
cardiologia,43.0,mujer,20.0,0.0,0.0,domicilio,sí,1.0,sí,hospital A,N/D,14/07/2025,no,distrito 7,no
  neumología ,73.0,mujer,8.0,3.0,0.0,domicilio,no,9.0,no,hospital F,N/D,21/09/2025,no,distrito 7,no
medicina interna,64.0,mujer,8.0,2.0,0.0,domicilio,sí,6.0,no,hospital F,urgente,17/09/2025,no,distrito 5,sí
traumatología,53.0,mujer,3.0,6.0,2.0,domicilio,no,1.0,sí,hospital F,urgente,06/02/2025,no,distrito 6,sí
cardiología,61.0,hombre,6.0,0.0,0.0,residencia,sí,11.0,no,hospital D,programado,12/03/2025,no,distrito 1,sí
traumatología,49.0,mujer,5.0,1.0,0.0,residencia,no,0.0,no,hospital A,urgente,08/09/2024,no,distrito 6,sí
cardiología,69.0,mujer,16.0,5.0,0.0,domicilio,no,3.0,no,hospital F,urgente,05/07/2024,no,distrito 2,no
CIRUGÍA GENERAL,84.0,mujer,0.0,0.0,0.0,domicilio,no,17.0,no,hospital E,urgente,15/08/2025,no,distrito 5,no
traumatología,67.0,hombre,7.0,4.0,0.0,domicilio,no,13.0,no,hospital B,programado,03/11/2025,no,distrito 10,no
neumología,68.0,mujer,4.0,0.0,0.0,residencia,sí,7.0,sí,hospital A,urgente,09/09/2024,no,distrito 3,sí
cardiología,54.0,mujer,4.0,0.0,0.0,domicilio,no,2.0,no,hospital A,programado,22/03/2025,no,distrito 1,no
  traumatología ,80.0,hombre,-99.0,2.0,0.0,hospitalización a domicilio,sí,2.0,no,hospital D,urgente,17/11/2025,no,distrito 1,sí
medicina interna,63.0,mujer,3.0,2.0,0.0,domicilio,sí,10.0,no,hospital A,programado,06/12/2024,no,distrito 1,sí
cardiología,49.0,mujer,4.0,0.0,0.0,centro de media estancia,no,9.0,no,hospital B,urgente,15/01/2025,no,distrito 6,no
medicina interna,52.0,mujer,11.0,4.0,0.0,residencia,sí,5.0,sí,hospital E,programado,19/06/2025,si,distrito 6,no
MEDICINA INTERNA,62.0,mujer,15.0,1.0,2.0,domicilio,sí,5.0,sí,hospital B,urgente,15/11/2025,no,distrito 9,sí
neumología,46.0,hombre,-99.0,0.0,0.0,domicilio,no,15.0,no,hospital B,programado,05/02/2025,no,distrito 8,no
MEDICINA INTERNA,73.0,hombre,16.0,0.0,0.0,domicilio,sí,6.0,sí,hospital C,urgente,14/09/2025,no,distrito 5,no
cirugía general,82.0,mujer,15.0,1.0,0.0,centro de media estancia,sí,24.0,no,hospital D,programado,10/02/2025,no,distrito 9,no
digestivo,61.0,mujer,6.0,2.0,1.0,domicilio,no,10.0,no,hospital A,urgente,30/04/2025,no,distrito 3,no
medicina interna,40.0,mujer,-99.0,3.0,0.0,centro de media estancia,sí,15.0,no,hospital D,urgente,21/05/2025,no,distrito 9,sí
  traumatología ,46.0,mujer,10.0,4.0,0.0,domicilio,sí,6.0,no,hospital A,urgente,24/03/2025,si,distrito 9,no
neumología,63.0,hombre,9.0,15.0,0.0,centro de media estancia,no,4.0,no,hospital E,urgente,08/10/2024,no,distrito 2,sí
medicina interna,63.0,mujer,4.0,1.0,0.0,domicilio,sí,1.0,sí,hospital B,programado,10/10/2025,no,distrito 3,no
traumatología,100.0,hombre,4.0,0.0,0.0,residencia,sí,23.0,no,hospital E,urgente,21/10/2024,si,distrito 6,sí
medicina interna,88.0,hombre,3.0,2.0,1.0,domicilio,no,4.0,no,hospital D,programado,10/11/2024,no,distrito 6,no
traumatología,60.0,hombre,15.0,0.0,0.0,domicilio,no,1.0,no,hospital F,urgente,16/10/2024,no,distrito 8,sí
digestivo,91.0,hombre,2.0,0.0,0.0,domicilio,sí,4.0,no,hospital A,N/D,20/10/2024,no,distrito 6,sí
cardiología,41.0,mujer,3.0,4.0,0.0,domicilio,no,6.0,no,hospital E,urgente,27/07/2025,no,distrito 6,no
neumología,39.0,mujer,22.0,3.0,0.0,domicilio,no,7.0,no,hospital F,urgente,19/08/2025,no,distrito 10,no
cirugía general,89.0,hombre,8.0,0.0,0.0,domicilio,sí,6.0,no,hospital C,urgente,11/12/2024,no,distrito 5,sí
digestivo,61.0,mujer,-99.0,3.0,0.0,centro de media estancia,sí,20.0,no,hospital F,programado,28/06/2025,no,distrito 2,sí
cirugía general,74.0,hombre,12.0,6.0,1.0,domicilio,no,0.0,no,hospital A,N/D,18/02/2025,no,distrito 10,sí
CARDIOLOGÍA,39.0,mujer,6.0,7.0,0.0,domicilio,sí,1.0,no,hospital C,urgente,20/06/2025,no,distrito 2,no
cirugía general,66.0,mujer,11.0,0.0,1.0,residencia,sí,8.0,sí,hospital F,urgente,10/02/2025,no,distrito 9,no
MEDICINA INTERNA,41.0,hombre,13.0,3.0,0.0,domicilio,no,16.0,no,hospital E,urgente,23/09/2024,no,distrito 10,no
CARDIOLOGÍA,69.0,mujer,17.0,0.0,0.0,domicilio,no,6.0,sí,hospital B,N/D,21/08/2025,no,distrito 1,sí
medicina interna,55.0,mujer,2.0,2.0,0.0,domicilio,no,7.0,no,hospital B,urgente,25/07/2024,no,distrito 6,no
cardiología,54.0,mujer,4.0,1.0,2.0,domicilio,sí,4.0,no,hospital A,urgente,23/09/2024,no,distrito 8,no
medicina interna,86.0,mujer,5.0,8.0,1.0,domicilio,no,3.0,no,hospital C,urgente,21/10/2024,no,distrito 10,no
traumatología,74.0,hombre,2.0,5.0,3.0,domicilio,sí,2.0,no,hospital C,urgente,08/08/2024,no,distrito 2,no
CARDIOLOGÍA,64.0,mujer,2.0,3.0,0.0,domicilio,sí,3.0,no,hospital B,urgente,11/10/2025,no,distrito 1,no
traumatologia,75.0,hombre,4.0,2.0,0.0,domicilio,no,11.0,no,hospital F,urgente,26/07/2024,no,distrito 7,sí
medicina interna,51.0,mujer,2.0,7.0,7.0,domicilio,no,5.0,no,hospital D,urgente,09/10/2025,si,distrito 3,sí
  digestivo ,33.0,hombre,10.0,2.0,0.0,domicilio,no,8.0,sí,hospital A,urgente,09/11/2025,no,distrito 5,no
cardiología,46.0,hombre,3.0,2.0,0.0,residencia,no,0.0,no,hospital D,programado,26/05/2025,si,distrito 2,no
neumologia,79.0,hombre,7.0,0.0,0.0,centro de media estancia,sí,10.0,no,hospital F,urgente,12/09/2025,no,distrito 8,no
neumología,36.0,hombre,8.0,2.0,1.0,domicilio,sí,6.0,no,hospital C,urgente,15/07/2024,no,distrito 1,no
medicina interna,80.0,mujer,13.0,1.0,0.0,residencia,sí,5.0,no,hospital C,urgente,01/10/2024,no,distrito 5,sí
neumología,54.0,hombre,16.0,1.0,0.0,centro de media estancia,no,1.0,no,hospital C,programado,26/05/2025,no,distrito 9,sí
traumatologia,61.0,hombre,5.0,1.0,0.0,hospitalización a domicilio,sí,8.0,no,hospital E,programado,10/08/2025,no,distrito 4,sí
cardiología,79.0,mujer,2.0,2.0,1.0,domicilio,sí,15.0,no,hospital C,urgente,02/03/2025,no,distrito 3,no
medicina interna,52.0,mujer,16.0,2.0,0.0,domicilio,sí,2.0,no,hospital C,urgente,07/07/2024,no,distrito 10,no
cardiología,78.0,hombre,8.0,0.0,0.0,hospitalización a domicilio,sí,2.0,no,hospital D,programado,24/03/2025,no,distrito 6,no
digestivo,70.0,hombre,8.0,8.0,0.0,domicilio,sí,6.0,no,hospital C,urgente,23/01/2025,si,distrito 9,no
traumatología,43.0,hombre,12.0,1.0,0.0,domicilio,sí,10.0,no,hospital B,urgente,10/09/2025,no,distrito 9,sí
cirugía general,79.0,mujer,4.0,3.0,0.0,domicilio,sí,7.0,sí,hospital D,urgente,28/10/2024,no,distrito 5,sí
CIRUGÍA GENERAL,60.0,mujer,7.0,3.0,0.0,domicilio,no,6.0,no,hospital B,urgente,29/07/2024,no,distrito 1,no
  cirugía general ,92.0,hombre,5.0,4.0,0.0,hospitalización a domicilio,sí,0.0,no,hospital F,urgente,29/09/2025,no,distrito 8,sí
medicina interna,61.0,hombre,6.0,0.0,0.0,domicilio,sí,2.0,no,hospital B,N/D,06/04/2025,no,distrito 1,sí
traumatología,94.0,mujer,-99.0,0.0,1.0,centro de media estancia,no,13.0,no,hospital B,urgente,09/10/2024,no,distrito 1,sí
traumatología,94.0,hombre,18.0,2.0,0.0,domicilio,no,6.0,no,hospital F,urgente,12/11/2025,no,distrito 6,sí
  cardiología ,71.0,mujer,4.0,1.0,0.0,domicilio,sí,3.0,no,hospital F,programado,28/10/2024,no,distrito 10,no
  cirugía general ,71.0,mujer,6.0,0.0,0.0,domicilio,sí,14.0,no,hospital F,urgente,06/08/2025,no,distrito 10,sí
medicina interna,48.0,mujer,9.0,3.0,1.0,domicilio,sí,3.0,no,hospital D,urgente,06/07/2025,si,distrito 7,sí
traumatología,68.0,mujer,11.0,3.0,2.0,domicilio,sí,4.0,no,hospital E,urgente,15/12/2024,no,distrito 5,no
traumatología,93.0,hombre,3.0,0.0,1.0,domicilio,no,7.0,no,hospital B,programado,30/06/2025,no,distrito 2,sí
traumatología,63.0,mujer,3.0,1.0,1.0,domicilio,no,9.0,no,hospital E,programado,17/02/2025,no,distrito 7,no
neumología,69.0,mujer,-99.0,2.0,0.0,domicilio,no,8.0,sí,hospital B,programado,10/07/2024,no,distrito 1,sí
medicina interna,73.0,hombre,-99.0,5.0,1.0,domicilio,no,4.0,sí,hospital E,programado,28/04/2025,no,distrito 7,no
traumatologia,62.0,hombre,3.0,6.0,0.0,domicilio,no,2.0,no,hospital B,urgente,25/02/2025,si,distrito 4,sí
cirugía general,98.0,mujer,2.0,5.0,4.0,domicilio,no,6.0,no,hospital B,programado,25/04/2025,si,distrito 6,no
TRAUMATOLOGÍA,81.0,hombre,2.0,1.0,0.0,domicilio,sí,7.0,no,hospital C,urgente,12/11/2025,no,distrito 1,no
cardiología,33.0,mujer,4.0,0.0,0.0,residencia,sí,5.0,no,hospital D,programado,16/10/2025,no,distrito 5,no
medicina interna,56.0,mujer,-99.0,5.0,0.0,domicilio,no,4.0,no,hospital F,urgente,12/11/2024,no,distrito 5,sí
neumología,47.0,mujer,26.0,0.0,0.0,domicilio,no,8.0,no,hospital A,urgente,26/06/2024,no,distrito 3,no
digestivo,56.0,mujer,4.0,3.0,0.0,domicilio,sí,2.0,no,hospital D,programado,19/10/2025,no,distrito 5,no
  cardiología ,90.0,mujer,9.0,2.0,0.0,residencia,no,3.0,no,hospital A,urgente,20/10/2025,no,distrito 3,no
digestivo,57.0,hombre,10.0,5.0,1.0,centro de media estancia,sí,6.0,no,hospital C,programado,04/10/2025,si,distrito 2,sí
cardiología,52.0,hombre,12.0,0.0,0.0,domicilio,sí,2.0,sí,hospital A,programado,29/07/2025,no,distrito 10,no
neumología,60.0,hombre,2.0,4.0,0.0,domicilio,no,7.0,no,hospital C,urgente,17/04/2025,si,distrito 2,sí
medicina interna,92.0,mujer,7.0,1.0,0.0,domicilio,sí,7.0,no,hospital C,urgente,08/01/2025,no,distrito 1,no
medicina interna,64.0,hombre,-99.0,1.0,0.0,centro de media estancia,sí,7.0,no,hospital C,N/D,10/03/2025,no,distrito 8,no
cirugía general,68.0,hombre,12.0,3.0,1.0,domicilio,no,6.0,sí,hospital E,programado,05/10/2025,no,distrito 9,no
cirugía general,68.0,hombre,2.0,2.0,1.0,domicilio,no,4.0,no,hospital B,programado,15/07/2024,no,distrito 8,sí
medicina interna,81.0,hombre,3.0,3.0,0.0,domicilio,no,6.0,no,hospital D,urgente,17/01/2025,si,distrito 6,sí
cirugía general,70.0,hombre,2.0,0.0,4.0,residencia,no,2.0,sí,hospital B,programado,14/02/2025,no,distrito 1,no
medicina interna,73.0,hombre,4.0,5.0,0.0,residencia,no,3.0,no,hospital F,urgente,30/04/2025,si,distrito 8,no
traumatología,37.0,hombre,4.0,0.0,0.0,domicilio,sí,4.0,no,hospital A,urgente,27/04/2025,no,distrito 1,sí
cirugía general,53.0,hombre,3.0,8.0,2.0,domicilio,sí,8.0,no,hospital C,urgente,01/10/2024,si,distrito 10,no
neumología,75.0,hombre,-99.0,1.0,0.0,domicilio,sí,3.0,no,hospital E,urgente,04/06/2024,no,distrito 2,sí
traumatología,61.0,mujer,13.0,1.0,0.0,hospitalización a domicilio,no,4.0,no,hospital B,programado,25/09/2025,no,distrito 8,no
cirugía general,84.0,mujer,7.0,0.0,1.0,domicilio,sí,0.0,no,hospital E,urgente,05/10/2025,no,distrito 7,sí
  medicina interna ,85.0,mujer,7.0,0.0,0.0,domicilio,sí,5.0,no,hospital D,programado,13/12/2024,no,distrito 10,no
digestivo,94.0,hombre,9.0,2.0,0.0,residencia,no,1.0,no,hospital D,urgente,18/11/2024,si,distrito 10,no
cardiologia,78.0,mujer,9.0,3.0,0.0,residencia,no,1.0,no,hospital B,urgente,04/08/2024,no,distrito 4,no
cirugía general,77.0,hombre,0.0,4.0,0.0,domicilio,no,11.0,sí,hospital F,programado,13/08/2025,no,distrito 10,no
traumatología,41.0,mujer,2.0,4.0,0.0,domicilio,sí,7.0,sí,hospital B,programado,30/09/2024,no,distrito 7,sí
CIRUGÍA GENERAL,50.0,mujer,5.0,0.0,5.0,domicilio,no,5.0,no,hospital D,N/D,30/11/2024,no,distrito 7,no
cirugia general,86.0,hombre,16.0,0.0,0.0,domicilio,no,1.0,no,hospital B,urgente,06/10/2025,no,distrito 6,no
CARDIOLOGÍA,85.0,hombre,2.0,1.0,1.0,domicilio,sí,1.0,sí,hospital E,programado,18/12/2024,no,distrito 3,no
cirugía general,85.0,mujer,4.0,4.0,0.0,domicilio,no,4.0,sí,hospital A,N/D,02/11/2025,si,distrito 2,no
cirugía general,39.0,mujer,23.0,1.0,0.0,domicilio,sí,2.0,no,hospital D,urgente,19/03/2025,no,distrito 7,no
neumología,79.0,hombre,5.0,0.0,0.0,domicilio,no,4.0,no,hospital A,programado,06/09/2024,no,distrito 8,sí
cardiología,55.0,mujer,4.0,3.0,2.0,domicilio,sí,1.0,no,hospital D,urgente,15/11/2024,no,distrito 8,no
cirugía general,54.0,hombre,3.0,6.0,0.0,domicilio,no,15.0,no,hospital F,programado,19/11/2024,no,distrito 5,no
cirugía general,34.0,mujer,15.0,7.0,0.0,domicilio,sí,9.0,no,hospital F,urgente,14/08/2025,no,distrito 9,no
MEDICINA INTERNA,96.0,hombre,8.0,5.0,0.0,domicilio,sí,7.0,no,hospital B,urgente,06/10/2024,no,distrito 2,no
digestivo,78.0,hombre,6.0,5.0,1.0,hospitalización a domicilio,sí,1.0,no,hospital E,programado,26/11/2024,no,distrito 9,no
MEDICINA INTERNA,78.0,hombre,7.0,4.0,3.0,domicilio,sí,1.0,no,hospital A,urgente,22/09/2024,no,distrito 10,no
digestivo,86.0,hombre,6.0,0.0,0.0,domicilio,sí,15.0,no,hospital C,programado,19/06/2025,no,distrito 4,sí
traumatología,66.0,mujer,17.0,0.0,0.0,domicilio,sí,8.0,no,hospital E,programado,27/10/2024,no,distrito 10,no
cardiología,58.0,hombre,14.0,2.0,0.0,domicilio,sí,13.0,no,hospital A,programado,20/06/2024,no,distrito 10,sí
digestivo,82.0,hombre,1.0,3.0,0.0,residencia,no,1.0,no,hospital C,urgente,22/06/2024,no,distrito 8,sí
digestivo,41.0,hombre,11.0,0.0,0.0,domicilio,no,10.0,no,hospital B,urgente,22/10/2024,no,distrito 1,sí
neumología,98.0,mujer,15.0,0.0,2.0,domicilio,sí,6.0,no,hospital B,urgente,30/06/2025,no,distrito 1,sí
cardiología,61.0,mujer,7.0,1.0,0.0,domicilio,sí,7.0,sí,hospital F,urgente,13/04/2025,no,distrito 9,no
cirugía general,59.0,mujer,13.0,0.0,1.0,domicilio,sí,6.0,no,hospital E,programado,01/01/2025,no,distrito 4,no
  traumatología ,66.0,mujer,9.0,3.0,0.0,hospitalización a domicilio,no,6.0,no,hospital F,urgente,06/08/2025,no,distrito 7,no
medicina interna,54.0,mujer,18.0,0.0,0.0,domicilio,sí,17.0,no,hospital A,urgente,24/03/2025,no,distrito 1,sí
neumología,38.0,hombre,11.0,2.0,0.0,domicilio,no,8.0,no,hospital B,programado,04/12/2024,no,distrito 3,no
medicina interna,73.0,hombre,2.0,2.0,0.0,residencia,sí,4.0,no,hospital F,programado,02/03/2025,no,distrito 8,sí
cardiología,67.0,hombre,6.0,1.0,9.0,domicilio,no,5.0,no,hospital C,urgente,01/07/2024,no,distrito 9,no
  medicina interna ,56.0,hombre,5.0,1.0,0.0,domicilio,sí,7.0,no,hospital A,programado,14/06/2025,si,distrito 2,no
cirugia general,68.0,mujer,-99.0,3.0,3.0,domicilio,sí,5.0,no,hospital C,urgente,11/11/2024,no,distrito 8,no
medicina interna,47.0,mujer,-99.0,0.0,0.0,domicilio,sí,8.0,no,hospital A,urgente,19/10/2024,no,distrito 8,no
traumatología,72.0,mujer,3.0,0.0,2.0,domicilio,no,2.0,no,hospital A,N/D,16/02/2025,no,distrito 2,no
medicina interna,46.0,hombre,5.0,0.0,0.0,domicilio,sí,6.0,no,hospital A,urgente,18/09/2024,no,distrito 5,sí
neumología,69.0,mujer,4.0,4.0,0.0,domicilio,sí,4.0,no,hospital B,N/D,17/07/2025,no,distrito 6,no
cirugía general,67.0,mujer,-99.0,1.0,3.0,residencia,sí,6.0,no,hospital F,urgente,11/10/2025,no,distrito 8,no
traumatología,68.0,mujer,5.0,0.0,2.0,domicilio,no,4.0,no,hospital E,urgente,14/10/2025,no,distrito 10,sí
  digestivo ,75.0,mujer,7.0,3.0,1.0,domicilio,sí,5.0,no,hospital E,urgente,10/10/2024,si,distrito 6,no
cardiología,82.0,hombre,9.0,1.0,1.0,domicilio,sí,10.0,no,hospital C,urgente,26/02/2025,no,distrito 7,no
digestivo,47.0,mujer,1.0,2.0,0.0,domicilio,sí,2.0,no,hospital B,urgente,31/10/2025,no,distrito 10,no
neumología,72.0,hombre,2.0,6.0,0.0,domicilio,sí,8.0,no,hospital E,programado,15/07/2024,no,distrito 3,sí
digestivo,54.0,hombre,6.0,0.0,0.0,domicilio,sí,4.0,no,hospital D,urgente,26/11/2024,no,distrito 5,sí
neumología,100.0,mujer,3.0,2.0,1.0,residencia,sí,4.0,sí,hospital B,urgente,20/11/2024,no,distrito 6,no
medicina interna,61.0,hombre,1.0,5.0,1.0,domicilio,no,1.0,no,hospital E,urgente,02/11/2025,no,distrito 5,no
cardiología,43.0,mujer,2.0,4.0,0.0,domicilio,sí,3.0,no,hospital B,urgente,15/08/2025,no,distrito 6,sí
  medicina interna ,79.0,hombre,-99.0,11.0,0.0,domicilio,no,5.0,no,hospital A,urgente,07/09/2025,si,distrito 5,no
cardiología,90.0,hombre,3.0,6.0,0.0,hospitalización a domicilio,sí,8.0,no,hospital E,urgente,18/10/2024,si,distrito 5,no
cirugía general,69.0,hombre,15.0,0.0,1.0,domicilio,no,5.0,sí,hospital B,programado,12/09/2025,no,distrito 2,no
neumología,100.0,mujer,21.0,0.0,0.0,residencia,sí,8.0,no,hospital D,N/D,21/04/2025,no,distrito 5,no
cirugía general,55.0,hombre,5.0,1.0,0.0,domicilio,no,9.0,no,hospital A,programado,01/08/2024,no,distrito 4,no
cirugia general,98.0,hombre,9.0,8.0,1.0,domicilio,sí,12.0,no,hospital F,urgente,28/09/2025,si,distrito 7,sí
cirugía general,54.0,hombre,24.0,4.0,1.0,domicilio,no,4.0,no,hospital F,urgente,07/03/2025,si,distrito 7,sí
DIGESTIVO,63.0,hombre,4.0,0.0,0.0,domicilio,sí,12.0,no,hospital C,programado,01/01/2025,no,distrito 8,sí
medicina interna,53.0,hombre,4.0,2.0,4.0,residencia,no,3.0,no,hospital E,urgente,11/07/2025,si,distrito 5,no
cirugía general,85.0,mujer,4.0,1.0,3.0,domicilio,sí,9.0,no,hospital E,urgente,09/11/2025,no,distrito 4,sí
digestivo,63.0,hombre,15.0,3.0,0.0,domicilio,sí,2.0,sí,hospital C,programado,08/05/2025,no,distrito 3,no
MEDICINA INTERNA,88.0,mujer,13.0,3.0,5.0,domicilio,no,1.0,no,hospital D,urgente,14/03/2025,no,distrito 8,sí
cardiología,49.0,hombre,2.0,1.0,0.0,domicilio,sí,8.0,no,hospital F,urgente,19/01/2025,no,distrito 9,sí
medicina interna,60.0,hombre,4.0,2.0,2.0,domicilio,no,9.0,no,hospital A,urgente,19/07/2025,si,distrito 10,sí
neumologia,100.0,mujer,7.0,2.0,3.0,residencia,no,5.0,no,hospital C,urgente,15/12/2024,si,distrito 8,sí
medicina interna,41.0,hombre,5.0,4.0,0.0,domicilio,sí,3.0,no,hospital B,programado,20/06/2025,no,distrito 1,no
medicina interna,50.0,mujer,5.0,2.0,2.0,domicilio,sí,12.0,no,hospital A,urgente,01/06/2025,no,distrito 1,no
traumatología,85.0,hombre,5.0,3.0,0.0,domicilio,no,9.0,no,hospital F,urgente,28/10/2025,no,distrito 2,sí
cardiología,47.0,hombre,9.0,0.0,1.0,residencia,sí,5.0,no,hospital D,urgente,30/08/2024,no,distrito 2,no
neumología,100.0,mujer,5.0,1.0,0.0,domicilio,sí,3.0,no,hospital B,urgente,18/11/2024,no,distrito 2,no
  neumología ,85.0,mujer,10.0,0.0,4.0,domicilio,sí,1.0,no,hospital A,urgente,13/08/2025,no,distrito 6,no
neumología,46.0,hombre,8.0,2.0,0.0,residencia,sí,2.0,no,hospital C,programado,13/02/2025,si,distrito 7,sí
medicina interna,60.0,hombre,2.0,2.0,1.0,domicilio,no,2.0,no,hospital D,urgente,26/07/2024,si,distrito 7,sí
traumatología,75.0,hombre,8.0,0.0,0.0,centro de media estancia,sí,11.0,no,hospital B,urgente,12/04/2025,no,distrito 8,no
cirugía general,64.0,hombre,7.0,4.0,1.0,domicilio,no,5.0,no,hospital E,urgente,03/12/2024,no,distrito 4,no
cardiología,51.0,hombre,9.0,0.0,1.0,domicilio,sí,1.0,no,hospital D,urgente,02/10/2024,no,distrito 4,no
neumologia,44.0,mujer,3.0,0.0,1.0,domicilio,sí,6.0,no,hospital F,urgente,02/07/2024,no,distrito 3,sí
cirugia general,64.0,mujer,14.0,4.0,0.0,domicilio,no,6.0,sí,hospital A,programado,14/03/2025,si,distrito 10,no
neumología,78.0,hombre,10.0,1.0,1.0,hospitalización a domicilio,sí,3.0,sí,hospital E,urgente,08/05/2025,no,distrito 1,no
medicina interna,57.0,mujer,6.0,5.0,0.0,domicilio,no,15.0,no,hospital D,urgente,13/01/2025,si,distrito 6,sí
NEUMOLOGÍA,49.0,mujer,5.0,0.0,0.0,domicilio,no,3.0,no,hospital D,programado,19/04/2025,no,distrito 5,sí
medicina interna,62.0,mujer,7.0,0.0,0.0,domicilio,no,4.0,no,hospital B,N/D,16/07/2024,no,distrito 4,sí
MEDICINA INTERNA,74.0,hombre,5.0,2.0,1.0,residencia,sí,3.0,no,hospital E,programado,11/11/2025,si,distrito 7,sí
digestivo,100.0,hombre,7.0,1.0,2.0,hospitalización a domicilio,no,3.0,no,hospital D,programado,14/05/2025,no,distrito 7,no
cardiología,83.0,hombre,2.0,0.0,0.0,domicilio,sí,5.0,sí,hospital F,programado,10/07/2025,no,distrito 8,no
traumatologia,38.0,hombre,8.0,1.0,2.0,centro de media estancia,no,1.0,no,hospital E,programado,06/09/2025,no,distrito 9,no
traumatología,59.0,hombre,0.0,2.0,0.0,centro de media estancia,sí,6.0,no,hospital F,N/D,17/09/2025,no,distrito 3,sí
medicina interna,57.0,hombre,-99.0,3.0,0.0,domicilio,no,3.0,no,hospital B,programado,06/11/2024,no,distrito 8,no
  medicina interna ,41.0,mujer,1.0,2.0,0.0,domicilio,no,7.0,no,hospital E,programado,24/09/2025,no,distrito 3,sí
medicina interna,81.0,hombre,2.0,1.0,0.0,domicilio,sí,11.0,sí,hospital C,programado,22/08/2024,no,distrito 10,sí
  digestivo ,86.0,mujer,9.0,0.0,0.0,hospitalización a domicilio,sí,10.0,no,hospital C,urgente,24/03/2025,no,distrito 5,no
traumatología,64.0,mujer,4.0,4.0,0.0,centro de media estancia,sí,7.0,sí,hospital F,urgente,28/06/2024,no,distrito 10,no
  digestivo ,69.0,mujer,-99.0,3.0,0.0,residencia,sí,6.0,no,hospital D,urgente,26/07/2025,no,distrito 10,sí
cardiología,80.0,mujer,8.0,0.0,1.0,domicilio,sí,0.0,no,hospital B,programado,18/09/2024,no,distrito 3,no
cirugía general,70.0,mujer,12.0,1.0,4.0,hospitalización a domicilio,sí,0.0,no,hospital C,programado,01/12/2024,no,distrito 5,no
medicina interna,86.0,mujer,-99.0,1.0,0.0,hospitalización a domicilio,no,14.0,sí,hospital B,urgente,22/02/2025,si,distrito 6,no
CIRUGÍA GENERAL,54.0,hombre,7.0,1.0,0.0,domicilio,sí,5.0,no,hospital A,urgente,21/07/2024,no,distrito 10,sí
digestivo,87.0,hombre,3.0,0.0,0.0,domicilio,sí,12.0,no,hospital F,urgente,07/07/2025,no,distrito 9,sí
cirugía general,46.0,hombre,8.0,0.0,0.0,domicilio,sí,9.0,no,hospital F,programado,11/09/2024,no,distrito 10,no
cardiologia,60.0,hombre,4.0,5.0,2.0,domicilio,sí,6.0,no,hospital F,N/D,26/09/2024,no,distrito 9,sí
medicina interna,69.0,mujer,8.0,0.0,0.0,hospitalización a domicilio,sí,3.0,no,hospital D,urgente,18/06/2025,no,distrito 4,no
cirugía general,68.0,mujer,8.0,1.0,0.0,domicilio,sí,6.0,no,hospital E,programado,14/04/2025,no,distrito 10,sí
medicina interna,60.0,hombre,1.0,2.0,3.0,domicilio,no,2.0,no,hospital A,urgente,29/07/2025,no,distrito 9,sí
MEDICINA INTERNA,50.0,hombre,17.0,2.0,0.0,domicilio,sí,9.0,no,hospital D,programado,22/06/2024,no,distrito 5,no
cardiología,60.0,hombre,6.0,1.0,0.0,domicilio,sí,1.0,sí,hospital B,urgente,31/12/2024,no,distrito 5,sí
CIRUGÍA GENERAL,86.0,hombre,8.0,4.0,0.0,hospitalización a domicilio,no,8.0,sí,hospital A,urgente,11/01/2025,no,distrito 7,sí
cirugía general,81.0,hombre,11.0,1.0,0.0,domicilio,sí,1.0,no,hospital A,urgente,22/03/2025,no,distrito 6,no
medicina interna,63.0,mujer,9.0,3.0,0.0,domicilio,sí,9.0,no,hospital E,N/D,01/10/2025,si,distrito 9,sí
  traumatología ,64.0,hombre,2.0,1.0,0.0,domicilio,no,9.0,no,hospital F,urgente,26/10/2025,no,distrito 5,sí
neumología,63.0,mujer,-99.0,1.0,0.0,domicilio,no,9.0,sí,hospital D,urgente,09/01/2025,no,distrito 4,no
medicina interna,91.0,hombre,7.0,5.0,0.0,domicilio,sí,1.0,no,hospital E,programado,08/08/2025,no,distrito 2,no
medicina interna,35.0,hombre,9.0,2.0,0.0,domicilio,no,2.0,no,hospital F,urgente,03/06/2025,no,distrito 5,no
cirugia general,49.0,hombre,10.0,2.0,2.0,domicilio,sí,6.0,no,hospital B,programado,27/08/2025,no,distrito 4,sí
CIRUGÍA GENERAL,76.0,hombre,4.0,5.0,0.0,domicilio,sí,10.0,no,hospital C,urgente,13/05/2025,no,distrito 2,sí
cirugía general,90.0,hombre,6.0,1.0,0.0,domicilio,sí,8.0,no,hospital F,urgente,18/11/2024,no,distrito 7,no
medicina interna,22.0,mujer,7.0,4.0,0.0,domicilio,sí,6.0,no,hospital E,urgente,15/03/2025,no,distrito 8,sí
medicina interna,62.0,mujer,1.0,10.0,1.0,residencia,no,5.0,no,hospital D,urgente,05/03/2025,si,distrito 6,sí
  cirugía general ,94.0,hombre,4.0,0.0,0.0,centro de media estancia,no,5.0,no,hospital F,urgente,23/11/2024,no,distrito 3,no
medicina interna,83.0,mujer,8.0,0.0,0.0,domicilio,sí,0.0,no,hospital D,programado,12/08/2025,no,distrito 10,no
cirugia general,73.0,mujer,8.0,0.0,1.0,domicilio,sí,14.0,no,hospital C,programado,13/08/2024,no,distrito 7,sí
digestivo,90.0,mujer,4.0,0.0,1.0,domicilio,sí,12.0,no,hospital D,urgente,27/07/2024,no,distrito 2,no
traumatología,74.0,mujer,8.0,0.0,1.0,domicilio,sí,0.0,no,hospital D,programado,01/07/2025,no,distrito 2,no
traumatología,77.0,mujer,2.0,1.0,0.0,domicilio,no,5.0,sí,hospital F,urgente,09/07/2024,no,distrito 2,no
medicina interna,46.0,mujer,3.0,0.0,0.0,domicilio,no,10.0,no,hospital D,urgente,07/08/2024,no,distrito 2,no
NEUMOLOGÍA,76.0,hombre,9.0,0.0,0.0,domicilio,no,7.0,no,hospital F,urgente,11/07/2025,no,distrito 2,no
traumatología,64.0,hombre,13.0,6.0,0.0,domicilio,sí,3.0,no,hospital F,programado,24/07/2024,no,distrito 10,no
MEDICINA INTERNA,50.0,hombre,20.0,4.0,0.0,residencia,sí,1.0,no,hospital E,programado,26/06/2024,no,distrito 4,sí
medicina interna,64.0,mujer,11.0,7.0,0.0,domicilio,sí,7.0,no,hospital E,urgente,17/03/2025,si,distrito 8,no
traumatología,71.0,mujer,12.0,4.0,1.0,domicilio,sí,6.0,no,hospital C,urgente,12/08/2024,no,distrito 4,no
traumatología,73.0,mujer,21.0,0.0,0.0,domicilio,sí,5.0,no,hospital D,programado,04/10/2024,no,distrito 8,no
cirugía general,100.0,mujer,4.0,0.0,6.0,domicilio,no,1.0,no,hospital A,programado,05/08/2024,no,distrito 2,sí
traumatología,83.0,mujer,10.0,1.0,3.0,domicilio,no,4.0,sí,hospital A,urgente,19/06/2025,no,distrito 9,no
CARDIOLOGÍA,51.0,hombre,5.0,2.0,2.0,domicilio,sí,5.0,sí,hospital B,programado,30/07/2025,no,distrito 8,sí
medicina interna,35.0,hombre,6.0,1.0,0.0,hospitalización a domicilio,no,3.0,no,hospital C,urgente,22/10/2025,no,distrito 2,no
medicina interna,46.0,mujer,9.0,0.0,0.0,domicilio,no,3.0,no,hospital A,programado,05/09/2025,no,distrito 3,sí
neumología,72.0,mujer,7.0,3.0,2.0,domicilio,sí,7.0,no,hospital A,urgente,20/02/2025,si,distrito 1,sí
  cirugía general ,35.0,mujer,6.0,5.0,0.0,domicilio,no,5.0,no,hospital C,urgente,02/03/2025,si,distrito 9,sí
cirugía general,52.0,mujer,2.0,1.0,0.0,hospitalización a domicilio,no,4.0,no,hospital A,urgente,10/09/2024,si,distrito 3,no
cirugia general,63.0,hombre,15.0,0.0,0.0,domicilio,sí,3.0,no,hospital F,urgente,11/10/2025,no,distrito 7,no
digestivo,66.0,mujer,7.0,4.0,0.0,domicilio,sí,4.0,sí,hospital E,urgente,23/11/2024,no,distrito 7,sí
neumología,74.0,hombre,8.0,0.0,0.0,centro de media estancia,no,6.0,sí,hospital B,urgente,22/04/2025,no,distrito 9,no
medicina interna,37.0,hombre,3.0,1.0,3.0,centro de media estancia,sí,0.0,sí,hospital F,urgente,03/05/2025,no,distrito 8,no
medicina interna,54.0,mujer,17.0,0.0,1.0,domicilio,no,2.0,sí,hospital F,urgente,16/04/2025,no,distrito 9,no
neumología,67.0,hombre,7.0,10.0,0.0,domicilio,sí,8.0,no,hospital C,N/D,30/08/2024,si,distrito 1,no
  cardiología ,52.0,mujer,-99.0,21.0,1.0,domicilio,sí,2.0,no,hospital C,urgente,23/03/2025,si,distrito 6,sí
  cardiología ,82.0,hombre,15.0,0.0,0.0,hospitalización a domicilio,sí,2.0,sí,hospital B,urgente,12/03/2025,no,distrito 4,sí
cardiología,42.0,hombre,6.0,3.0,0.0,centro de media estancia,sí,9.0,no,hospital C,urgente,26/09/2024,no,distrito 1,no
medicina interna,65.0,hombre,5.0,1.0,0.0,domicilio,sí,2.0,no,hospital F,urgente,12/07/2024,no,distrito 3,no
medicina interna,44.0,mujer,12.0,3.0,0.0,domicilio,no,13.0,no,hospital C,urgente,19/01/2025,no,distrito 8,no
digestivo,38.0,mujer,17.0,1.0,3.0,hospitalización a domicilio,no,3.0,no,hospital E,urgente,18/09/2025,no,distrito 8,no
medicina interna,40.0,mujer,-99.0,2.0,0.0,domicilio,no,4.0,no,hospital A,programado,30/05/2025,no,distrito 6,sí
DIGESTIVO,96.0,mujer,8.0,4.0,0.0,domicilio,no,9.0,sí,hospital D,programado,12/07/2024,si,distrito 3,no
digestivo,59.0,mujer,7.0,5.0,0.0,centro de media estancia,no,2.0,no,hospital A,urgente,16/04/2025,no,distrito 9,no
  traumatología ,68.0,hombre,11.0,3.0,1.0,residencia,no,9.0,no,hospital C,urgente,08/08/2025,no,distrito 2,no
cirugía general,56.0,hombre,-99.0,7.0,0.0,centro de media estancia,sí,4.0,sí,hospital D,programado,25/07/2024,si,distrito 8,no
cardiología,61.0,mujer,10.0,2.0,0.0,domicilio,sí,4.0,no,hospital D,urgente,28/08/2025,no,distrito 4,no
cirugia general,48.0,hombre,7.0,2.0,0.0,domicilio,no,6.0,sí,hospital E,urgente,11/12/2024,no,distrito 5,no
  medicina interna ,88.0,mujer,4.0,2.0,5.0,domicilio,sí,7.0,no,hospital B,urgente,13/09/2025,no,distrito 2,no
traumatología,65.0,hombre,4.0,7.0,0.0,residencia,sí,7.0,no,hospital C,urgente,06/10/2025,no,distrito 10,no
cirugía general,44.0,hombre,0.0,1.0,0.0,domicilio,no,5.0,sí,hospital C,programado,05/09/2025,no,distrito 8,no
cardiología,60.0,hombre,8.0,1.0,0.0,domicilio,sí,17.0,no,hospital C,programado,04/06/2024,no,distrito 1,no
cardiología,60.0,hombre,4.0,10.0,0.0,domicilio,sí,7.0,no,hospital B,urgente,16/05/2025,no,distrito 1,no
cardiología,75.0,hombre,6.0,1.0,0.0,hospitalización a domicilio,no,1.0,no,hospital B,programado,01/04/2025,no,distrito 6,no
cardiología,79.0,hombre,7.0,1.0,0.0,domicilio,sí,0.0,no,hospital B,programado,24/01/2025,no,distrito 7,sí
medicina interna,51.0,hombre,5.0,1.0,0.0,domicilio,sí,11.0,no,hospital C,programado,09/09/2024,no,distrito 2,sí
cardiología,43.0,mujer,5.0,0.0,0.0,domicilio,sí,6.0,no,hospital C,urgente,19/09/2024,no,distrito 4,no
  cirugía general ,80.0,hombre,8.0,4.0,1.0,domicilio,sí,8.0,sí,hospital E,urgente,02/08/2024,no,distrito 6,sí
neumologia,25.0,mujer,-99.0,1.0,0.0,residencia,sí,1.0,no,hospital B,N/D,16/04/2025,no,distrito 4,no
cirugía general,97.0,mujer,11.0,2.0,0.0,domicilio,no,6.0,no,hospital F,programado,05/11/2024,no,distrito 9,sí
digestivo,73.0,hombre,4.0,2.0,0.0,domicilio,no,0.0,no,hospital E,urgente,09/10/2024,no,distrito 8,no
digestivo,78.0,mujer,14.0,2.0,0.0,domicilio,sí,6.0,sí,hospital C,urgente,02/11/2024,no,distrito 7,no
  digestivo ,67.0,mujer,11.0,0.0,0.0,domicilio,no,2.0,sí,hospital A,urgente,13/04/2025,no,distrito 1,sí
cardiología,51.0,mujer,4.0,2.0,0.0,domicilio,no,2.0,no,hospital D,urgente,15/08/2024,no,distrito 10,no
  cardiología ,73.0,mujer,16.0,4.0,1.0,domicilio,no,4.0,no,hospital E,urgente,31/07/2024,no,distrito 3,sí
medicina interna,90.0,mujer,2.0,3.0,1.0,domicilio,no,12.0,no,hospital F,urgente,06/10/2024,si,distrito 5,sí
  cardiología ,95.0,hombre,1.0,4.0,1.0,domicilio,no,9.0,no,hospital E,programado,18/09/2024,si,distrito 1,no
medicina interna,81.0,hombre,5.0,0.0,2.0,domicilio,no,2.0,no,hospital D,programado,10/06/2025,no,distrito 10,no
neumología,46.0,mujer,18.0,4.0,2.0,domicilio,no,5.0,no,hospital D,urgente,14/11/2025,no,distrito 10,sí
MEDICINA INTERNA,75.0,hombre,7.0,1.0,0.0,domicilio,sí,5.0,no,hospital B,urgente,24/10/2025,no,distrito 8,no
  cirugía general ,68.0,hombre,1.0,0.0,1.0,domicilio,no,11.0,no,hospital C,urgente,28/08/2024,no,distrito 8,no
traumatología,54.0,hombre,5.0,3.0,2.0,residencia,no,3.0,no,hospital C,urgente,14/08/2025,no,distrito 10,sí
  traumatología ,67.0,mujer,5.0,0.0,0.0,domicilio,sí,5.0,sí,hospital E,urgente,04/09/2024,no,distrito 3,no
MEDICINA INTERNA,86.0,mujer,4.0,3.0,0.0,domicilio,no,10.0,no,hospital C,N/D,21/12/2024,si,distrito 4,no
digestivo,46.0,mujer,2.0,2.0,0.0,domicilio,sí,6.0,no,hospital A,urgente,11/12/2024,no,distrito 3,no
medicina interna,61.0,hombre,-99.0,2.0,2.0,domicilio,sí,2.0,no,hospital D,urgente,19/07/2024,no,distrito 4,no
medicina interna,74.0,hombre,1.0,9.0,0.0,domicilio,no,7.0,no,hospital D,urgente,26/06/2024,si,distrito 3,no
cardiología,83.0,mujer,3.0,4.0,0.0,hospitalización a domicilio,sí,10.0,no,hospital B,urgente,21/08/2024,no,distrito 5,no
cirugía general,77.0,mujer,4.0,6.0,0.0,domicilio,no,2.0,no,hospital E,urgente,24/08/2024,no,distrito 3,no
traumatología,80.0,hombre,1.0,0.0,0.0,domicilio,no,0.0,sí,hospital C,urgente,23/02/2025,si,distrito 6,no
  digestivo ,67.0,hombre,16.0,2.0,0.0,domicilio,sí,4.0,no,hospital D,urgente,22/12/2024,no,distrito 6,no
CIRUGÍA GENERAL,48.0,mujer,6.0,3.0,2.0,domicilio,no,3.0,no,hospital B,urgente,04/05/2025,no,distrito 1,sí
MEDICINA INTERNA,68.0,hombre,7.0,0.0,1.0,domicilio,no,9.0,no,hospital F,urgente,12/04/2025,no,distrito 8,sí
digestivo,36.0,hombre,7.0,3.0,0.0,centro de media estancia,sí,8.0,no,hospital D,urgente,16/10/2024,si,distrito 2,no
neumología,65.0,hombre,7.0,2.0,1.0,domicilio,sí,7.0,sí,hospital F,urgente,26/01/2025,no,distrito 2,no
traumatología,54.0,hombre,-99.0,0.0,1.0,domicilio,no,5.0,no,hospital C,urgente,12/09/2024,no,distrito 3,no
cardiología,60.0,hombre,7.0,2.0,0.0,domicilio,no,5.0,no,hospital F,urgente,28/11/2024,no,distrito 2,no
digestivo,90.0,mujer,1.0,0.0,0.0,hospitalización a domicilio,sí,2.0,no,hospital B,N/D,07/08/2024,no,distrito 10,sí
  traumatología ,99.0,mujer,6.0,1.0,0.0,domicilio,no,3.0,sí,hospital D,urgente,18/07/2025,no,distrito 1,no
cirugía general,95.0,hombre,7.0,2.0,4.0,residencia,no,10.0,no,hospital C,programado,19/04/2025,no,distrito 1,sí
NEUMOLOGÍA,96.0,hombre,6.0,0.0,1.0,domicilio,no,1.0,no,hospital D,N/D,10/05/2025,no,distrito 4,sí
medicina interna,61.0,mujer,9.0,0.0,0.0,domicilio,sí,10.0,sí,hospital A,programado,03/12/2024,no,distrito 4,no
medicina interna,59.0,hombre,5.0,0.0,2.0,domicilio,no,8.0,no,hospital F,programado,21/06/2025,no,distrito 2,sí
  cardiología ,82.0,mujer,-99.0,3.0,1.0,domicilio,sí,3.0,no,hospital A,urgente,08/02/2025,si,distrito 4,no
traumatología,63.0,mujer,14.0,3.0,0.0,domicilio,no,8.0,no,hospital C,N/D,06/10/2025,no,distrito 10,no
medicina interna,82.0,mujer,14.0,3.0,0.0,domicilio,no,20.0,no,hospital C,urgente,07/09/2024,no,distrito 9,no
cirugía general,66.0,hombre,4.0,1.0,0.0,residencia,sí,4.0,no,hospital F,programado,27/12/2024,no,distrito 1,sí
medicina interna,71.0,hombre,2.0,4.0,0.0,domicilio,no,3.0,no,hospital F,urgente,19/12/2024,no,distrito 7,no
  cirugía general ,74.0,mujer,5.0,5.0,0.0,domicilio,sí,1.0,no,hospital E,urgente,21/10/2024,no,distrito 5,no
medicina interna,52.0,hombre,4.0,1.0,0.0,domicilio,no,1.0,no,hospital C,urgente,08/06/2025,no,distrito 2,sí
cirugía general,100.0,hombre,8.0,5.0,3.0,domicilio,sí,7.0,sí,hospital B,urgente,23/11/2024,no,distrito 8,no
cardiología,77.0,hombre,11.0,3.0,1.0,domicilio,sí,2.0,no,hospital C,urgente,04/11/2024,no,distrito 10,no
  medicina interna ,78.0,hombre,8.0,6.0,0.0,residencia,sí,5.0,no,hospital A,urgente,30/10/2024,si,distrito 1,sí
cirugía general,75.0,mujer,2.0,2.0,1.0,residencia,sí,5.0,no,hospital A,urgente,05/07/2024,no,distrito 3,no
medicina interna,66.0,mujer,5.0,3.0,0.0,hospitalización a domicilio,no,3.0,no,hospital A,urgente,10/06/2025,no,distrito 10,sí
neumología,97.0,hombre,13.0,3.0,2.0,residencia,no,1.0,sí,hospital A,urgente,05/04/2025,si,distrito 5,sí
medicina interna,100.0,mujer,5.0,0.0,0.0,domicilio,no,15.0,no,hospital F,urgente,18/01/2025,no,distrito 10,no
medicina interna,69.0,mujer,5.0,1.0,2.0,domicilio,no,13.0,no,hospital C,urgente,23/10/2024,no,distrito 2,no
digestivo,36.0,mujer,7.0,1.0,1.0,domicilio,sí,5.0,no,hospital B,urgente,31/01/2025,no,distrito 3,no
CIRUGÍA GENERAL,52.0,hombre,1.0,6.0,0.0,domicilio,no,11.0,no,hospital F,urgente,09/08/2024,no,distrito 6,sí
neumología,54.0,hombre,7.0,1.0,1.0,domicilio,no,13.0,sí,hospital C,urgente,24/10/2024,no,distrito 4,no
  neumología ,79.0,mujer,3.0,1.0,1.0,domicilio,no,13.0,no,hospital F,urgente,18/09/2024,no,distrito 10,no
medicina interna,57.0,mujer,4.0,0.0,3.0,residencia,sí,15.0,no,hospital E,urgente,18/07/2025,no,distrito 5,sí
medicina interna,83.0,mujer,7.0,4.0,0.0,domicilio,sí,0.0,no,hospital B,programado,13/02/2025,si,distrito 1,sí
medicina interna,64.0,hombre,7.0,1.0,0.0,domicilio,sí,4.0,no,hospital C,programado,15/07/2024,no,distrito 4,no
traumatologia,55.0,mujer,10.0,2.0,0.0,residencia,sí,3.0,no,hospital B,programado,09/08/2025,no,distrito 1,no
MEDICINA INTERNA,67.0,mujer,7.0,5.0,1.0,hospitalización a domicilio,no,14.0,no,hospital D,programado,06/09/2025,si,distrito 6,no
neumología,87.0,hombre,9.0,2.0,0.0,domicilio,sí,5.0,no,hospital B,urgente,17/11/2024,no,distrito 4,no
  cardiología ,60.0,hombre,12.0,7.0,0.0,residencia,sí,4.0,no,hospital F,urgente,28/06/2024,si,distrito 3,sí
medicina interna,63.0,mujer,7.0,0.0,1.0,domicilio,sí,0.0,no,hospital A,urgente,20/07/2025,no,distrito 6,no
cardiología,66.0,mujer,2.0,2.0,0.0,domicilio,sí,3.0,no,hospital F,urgente,24/12/2024,no,distrito 9,sí
  digestivo ,54.0,hombre,13.0,0.0,0.0,domicilio,no,3.0,no,hospital F,N/D,13/09/2024,no,distrito 6,sí
neumología,43.0,mujer,3.0,1.0,1.0,hospitalización a domicilio,sí,1.0,no,hospital F,programado,25/09/2024,no,distrito 2,sí
medicina interna,99.0,mujer,4.0,5.0,1.0,domicilio,sí,9.0,sí,hospital C,programado,30/03/2025,si,distrito 5,no
neumología,35.0,hombre,2.0,0.0,0.0,domicilio,no,10.0,no,hospital A,programado,10/12/2024,no,distrito 3,sí
neumología,73.0,mujer,4.0,5.0,2.0,domicilio,sí,3.0,no,hospital B,urgente,10/09/2025,si,distrito 7,sí
cardiología,28.0,hombre,8.0,1.0,0.0,centro de media estancia,sí,7.0,no,hospital E,programado,11/05/2025,no,distrito 1,no
digestivo,69.0,mujer,5.0,0.0,0.0,domicilio,sí,8.0,sí,hospital B,programado,30/09/2025,no,distrito 8,no
  neumología ,85.0,mujer,3.0,0.0,4.0,domicilio,sí,4.0,no,hospital E,programado,29/06/2024,no,distrito 9,no
medicina interna,65.0,hombre,6.0,2.0,0.0,domicilio,no,1.0,no,hospital E,urgente,16/09/2024,no,distrito 4,no
cirugía general,22.0,mujer,13.0,0.0,0.0,domicilio,no,0.0,no,hospital B,urgente,18/05/2025,no,distrito 7,no
cirugía general,61.0,hombre,-99.0,2.0,0.0,domicilio,sí,7.0,no,hospital C,urgente,24/05/2025,no,distrito 1,sí
digestivo,77.0,mujer,3.0,3.0,2.0,domicilio,no,7.0,no,hospital A,urgente,11/12/2024,no,distrito 2,no
medicina interna,72.0,mujer,30.0,0.0,0.0,domicilio,sí,3.0,no,hospital D,urgente,01/06/2024,no,distrito 10,sí
medicina interna,62.0,hombre,5.0,2.0,0.0,domicilio,sí,13.0,no,hospital B,urgente,28/12/2024,no,distrito 7,no
neumología,69.0,hombre,1.0,4.0,0.0,domicilio,sí,15.0,no,hospital E,programado,17/09/2025,si,distrito 1,no
medicina interna,80.0,mujer,12.0,4.0,0.0,hospitalización a domicilio,sí,5.0,no,hospital A,programado,17/10/2025,no,distrito 3,no
cirugía general,73.0,mujer,5.0,4.0,0.0,domicilio,no,7.0,no,hospital A,urgente,30/07/2025,no,distrito 1,no
cardiología,77.0,mujer,14.0,2.0,0.0,domicilio,sí,14.0,sí,hospital E,urgente,28/06/2025,no,distrito 8,no
digestivo,40.0,mujer,6.0,6.0,0.0,domicilio,sí,5.0,no,hospital D,urgente,09/07/2024,no,distrito 2,no
cirugía general,81.0,hombre,1.0,0.0,0.0,domicilio,sí,7.0,no,hospital A,programado,27/04/2025,no,distrito 1,sí
medicina interna,64.0,mujer,3.0,7.0,5.0,hospitalización a domicilio,sí,17.0,no,hospital A,programado,01/05/2025,si,distrito 7,no
cirugia general,55.0,mujer,10.0,0.0,1.0,domicilio,sí,3.0,no,hospital C,N/D,13/08/2024,no,distrito 2,sí
cardiología,33.0,mujer,1.0,2.0,1.0,domicilio,sí,6.0,no,hospital B,urgente,12/02/2025,no,distrito 1,sí
medicina interna,54.0,hombre,9.0,3.0,0.0,domicilio,sí,9.0,no,hospital F,urgente,09/10/2025,no,distrito 7,sí
cardiología,73.0,hombre,8.0,4.0,1.0,domicilio,no,9.0,no,hospital E,urgente,23/12/2024,no,distrito 7,no
neumología,73.0,mujer,8.0,0.0,1.0,residencia,sí,3.0,no,hospital B,urgente,02/12/2024,no,distrito 1,sí
cirugía general,45.0,mujer,14.0,0.0,0.0,domicilio,sí,1.0,no,hospital F,urgente,23/06/2024,no,distrito 1,no
cirugía general,54.0,hombre,8.0,1.0,0.0,domicilio,sí,4.0,no,hospital F,urgente,10/04/2025,no,distrito 1,sí
digestivo,100.0,mujer,10.0,1.0,1.0,hospitalización a domicilio,sí,3.0,no,hospital B,programado,21/01/2025,no,distrito 9,sí
cardiología,59.0,mujer,16.0,4.0,0.0,domicilio,sí,4.0,no,hospital E,urgente,15/08/2024,no,distrito 10,no
MEDICINA INTERNA,65.0,mujer,8.0,2.0,0.0,residencia,no,10.0,sí,hospital D,programado,23/07/2024,no,distrito 9,no
  medicina interna ,87.0,mujer,10.0,1.0,0.0,domicilio,sí,10.0,sí,hospital B,programado,11/07/2024,no,distrito 5,sí
CARDIOLOGÍA,67.0,hombre,11.0,2.0,0.0,residencia,sí,1.0,sí,hospital E,N/D,02/06/2024,no,distrito 8,sí
cirugía general,61.0,mujer,13.0,0.0,0.0,domicilio,no,15.0,no,hospital E,programado,04/02/2025,no,distrito 6,no
traumatologia,69.0,hombre,-99.0,1.0,2.0,domicilio,sí,3.0,sí,hospital D,urgente,06/11/2025,si,distrito 1,no
cardiología,76.0,hombre,3.0,1.0,0.0,domicilio,no,4.0,no,hospital F,urgente,10/06/2025,si,distrito 9,no
traumatología,74.0,mujer,20.0,6.0,0.0,residencia,no,4.0,sí,hospital C,programado,21/10/2025,si,distrito 7,no
traumatología,55.0,mujer,11.0,0.0,1.0,residencia,sí,11.0,no,hospital C,programado,15/11/2024,no,distrito 7,sí
cardiología,57.0,hombre,5.0,2.0,0.0,domicilio,no,7.0,no,hospital E,programado,30/08/2024,no,distrito 10,no
cardiología,58.0,hombre,1.0,7.0,1.0,domicilio,sí,6.0,no,hospital B,programado,30/06/2024,si,distrito 4,no
neumologia,66.0,hombre,8.0,0.0,3.0,domicilio,sí,3.0,sí,hospital A,programado,24/04/2025,no,distrito 7,sí
neumología,54.0,mujer,14.0,1.0,0.0,hospitalización a domicilio,sí,13.0,no,hospital C,programado,16/11/2024,no,distrito 1,no
medicina interna,72.0,mujer,3.0,6.0,0.0,domicilio,no,5.0,no,hospital E,urgente,28/06/2024,no,distrito 2,sí
medicina interna,70.0,mujer,-99.0,6.0,0.0,domicilio,no,6.0,no,hospital F,programado,18/07/2025,si,distrito 4,no
cardiología,40.0,hombre,5.0,1.0,3.0,domicilio,no,3.0,no,hospital F,programado,28/04/2025,si,distrito 5,no
cirugia general,64.0,mujer,6.0,4.0,0.0,domicilio,sí,0.0,sí,hospital D,programado,22/07/2025,no,distrito 2,sí
CARDIOLOGÍA,53.0,mujer,1.0,6.0,0.0,domicilio,no,1.0,no,hospital D,urgente,13/08/2024,no,distrito 1,no
traumatologia,66.0,mujer,5.0,1.0,0.0,domicilio,no,6.0,no,hospital E,urgente,01/10/2025,si,distrito 7,sí
traumatología,79.0,mujer,7.0,4.0,0.0,domicilio,no,8.0,no,hospital D,programado,03/09/2025,no,distrito 2,sí
cardiología,27.0,mujer,21.0,7.0,1.0,domicilio,sí,9.0,no,hospital A,programado,15/07/2025,si,distrito 10,no
digestivo,76.0,hombre,1.0,0.0,0.0,hospitalización a domicilio,sí,5.0,no,hospital A,urgente,11/03/2025,no,distrito 10,no
medicina interna,80.0,hombre,7.0,0.0,1.0,domicilio,no,18.0,no,hospital F,urgente,29/11/2024,si,distrito 3,sí
digestivo,65.0,hombre,15.0,0.0,2.0,domicilio,sí,10.0,no,hospital A,urgente,07/05/2025,no,distrito 2,sí
  neumología ,74.0,mujer,5.0,0.0,2.0,domicilio,sí,7.0,sí,hospital E,urgente,05/09/2024,no,distrito 6,sí
neumología,48.0,hombre,4.0,0.0,0.0,domicilio,sí,0.0,no,hospital E,urgente,26/10/2024,no,distrito 3,sí
cardiología,62.0,hombre,5.0,0.0,0.0,domicilio,sí,3.0,sí,hospital C,urgente,04/02/2025,no,distrito 3,no
medicina interna,40.0,mujer,24.0,7.0,1.0,domicilio,sí,2.0,no,hospital C,urgente,18/01/2025,si,distrito 1,no
neumología,78.0,mujer,20.0,0.0,3.0,domicilio,sí,15.0,no,hospital B,programado,24/09/2025,no,distrito 4,no
neumología,76.0,hombre,-99.0,7.0,0.0,domicilio,sí,1.0,no,hospital C,urgente,29/04/2025,no,distrito 5,sí
  medicina interna ,41.0,hombre,6.0,1.0,0.0,domicilio,sí,10.0,no,hospital D,urgente,03/06/2025,no,distrito 7,sí
digestivo,86.0,hombre,5.0,2.0,0.0,residencia,no,1.0,no,hospital D,urgente,04/05/2025,si,distrito 2,no
CARDIOLOGÍA,70.0,hombre,24.0,1.0,0.0,residencia,sí,2.0,no,hospital A,N/D,09/03/2025,si,distrito 1,sí
medicina interna,63.0,mujer,14.0,0.0,0.0,domicilio,no,1.0,sí,hospital D,urgente,14/01/2025,no,distrito 5,no
medicina interna,32.0,hombre,4.0,0.0,1.0,domicilio,sí,3.0,no,hospital A,urgente,06/09/2024,no,distrito 3,no
  medicina interna ,97.0,mujer,15.0,6.0,0.0,domicilio,sí,4.0,no,hospital E,urgente,10/07/2024,no,distrito 10,no
traumatología,79.0,hombre,1.0,5.0,0.0,domicilio,sí,10.0,no,hospital D,N/D,12/11/2024,no,distrito 2,sí
digestivo,41.0,hombre,5.0,4.0,3.0,domicilio,no,4.0,no,hospital E,programado,18/10/2024,no,distrito 5,sí
DIGESTIVO,89.0,mujer,13.0,7.0,0.0,domicilio,no,6.0,no,hospital F,programado,16/11/2024,si,distrito 2,no
digestivo,94.0,mujer,10.0,3.0,0.0,hospitalización a domicilio,no,2.0,sí,hospital C,urgente,01/08/2025,si,distrito 9,sí
cardiología,61.0,hombre,11.0,0.0,2.0,domicilio,sí,1.0,sí,hospital A,urgente,28/10/2025,no,distrito 3,no
cardiología,55.0,mujer,15.0,4.0,3.0,domicilio,sí,3.0,sí,hospital F,programado,12/09/2024,no,distrito 1,sí
medicina interna,51.0,hombre,3.0,5.0,0.0,domicilio,no,6.0,no,hospital A,programado,15/03/2025,no,distrito 9,no
medicina interna,68.0,mujer,10.0,5.0,2.0,residencia,sí,9.0,no,hospital B,urgente,08/03/2025,no,distrito 1,no
cirugía general,73.0,mujer,9.0,5.0,0.0,residencia,sí,6.0,sí,hospital B,urgente,01/04/2025,si,distrito 4,no
traumatología,86.0,hombre,23.0,3.0,0.0,domicilio,no,13.0,no,hospital F,urgente,29/07/2025,no,distrito 4,no
traumatología,69.0,hombre,19.0,2.0,0.0,domicilio,sí,11.0,no,hospital B,urgente,09/10/2024,no,distrito 1,no
  cirugía general ,79.0,mujer,5.0,0.0,0.0,domicilio,sí,4.0,no,hospital A,programado,24/09/2024,no,distrito 5,no
cirugía general,81.0,hombre,8.0,0.0,0.0,domicilio,sí,12.0,no,hospital C,N/D,05/11/2025,no,distrito 9,no
cardiología,88.0,hombre,5.0,4.0,2.0,domicilio,no,6.0,no,hospital E,programado,01/08/2024,no,distrito 5,no
cirugía general,70.0,mujer,11.0,0.0,0.0,domicilio,sí,7.0,sí,hospital B,urgente,10/03/2025,no,distrito 6,no
medicina interna,56.0,mujer,-99.0,0.0,2.0,residencia,sí,2.0,no,hospital F,urgente,26/01/2025,no,distrito 3,no
medicina interna,47.0,mujer,3.0,1.0,0.0,residencia,sí,3.0,no,hospital C,urgente,29/07/2024,si,distrito 3,no
neumología,53.0,hombre,2.0,1.0,1.0,residencia,sí,4.0,no,hospital D,urgente,08/10/2025,no,distrito 1,no
cirugía general,95.0,hombre,4.0,2.0,5.0,domicilio,no,14.0,no,hospital D,programado,20/06/2024,no,distrito 10,no
traumatología,45.0,hombre,4.0,2.0,0.0,domicilio,no,5.0,no,hospital A,urgente,05/11/2024,no,distrito 4,sí
traumatología,74.0,hombre,-99.0,6.0,1.0,domicilio,no,1.0,no,hospital A,urgente,22/07/2025,no,distrito 3,no
neumología,62.0,hombre,12.0,1.0,1.0,domicilio,sí,12.0,no,hospital D,urgente,02/03/2025,no,distrito 10,sí
cirugía general,76.0,hombre,9.0,3.0,0.0,domicilio,no,1.0,no,hospital E,urgente,28/06/2024,si,distrito 8,no
cardiología,88.0,mujer,16.0,0.0,0.0,domicilio,no,2.0,sí,hospital E,programado,08/09/2025,no,distrito 7,no
medicina interna,54.0,mujer,9.0,0.0,2.0,domicilio,no,7.0,no,hospital E,urgente,05/11/2024,no,distrito 1,sí
medicina interna,49.0,mujer,12.0,2.0,0.0,domicilio,sí,3.0,sí,hospital F,urgente,17/06/2025,no,distrito 4,no
CARDIOLOGÍA,58.0,hombre,13.0,3.0,0.0,domicilio,no,5.0,no,hospital E,urgente,20/08/2024,no,distrito 3,sí
medicina interna,46.0,mujer,3.0,4.0,0.0,domicilio,sí,10.0,no,hospital D,urgente,13/10/2025,no,distrito 4,sí
cirugía general,43.0,mujer,7.0,4.0,0.0,domicilio,sí,11.0,no,hospital B,programado,05/05/2025,no,distrito 8,sí
CARDIOLOGÍA,66.0,hombre,6.0,11.0,0.0,domicilio,no,6.0,sí,hospital B,urgente,20/11/2024,si,distrito 4,sí
cirugía general,63.0,hombre,2.0,3.0,1.0,domicilio,sí,2.0,sí,hospital B,urgente,14/03/2025,no,distrito 8,sí
MEDICINA INTERNA,40.0,mujer,5.0,2.0,1.0,domicilio,no,1.0,sí,hospital C,urgente,13/11/2025,no,distrito 4,no
medicina interna,61.0,hombre,4.0,7.0,0.0,residencia,sí,3.0,no,hospital F,urgente,03/07/2024,no,distrito 8,sí
digestivo,52.0,mujer,15.0,3.0,0.0,domicilio,no,1.0,no,hospital F,programado,02/01/2025,no,distrito 6,no
  cardiología ,58.0,mujer,11.0,0.0,1.0,domicilio,no,1.0,no,hospital F,urgente,22/10/2024,si,distrito 3,no
  neumología ,69.0,hombre,8.0,3.0,0.0,domicilio,no,20.0,no,hospital D,urgente,17/07/2025,no,distrito 7,sí
cardiología,93.0,mujer,1.0,1.0,1.0,domicilio,no,10.0,no,hospital C,urgente,09/04/2025,no,distrito 6,sí
  traumatología ,74.0,mujer,3.0,1.0,0.0,domicilio,sí,10.0,sí,hospital D,urgente,14/08/2024,si,distrito 2,no
medicina interna,73.0,mujer,12.0,0.0,0.0,domicilio,sí,6.0,no,hospital E,N/D,12/06/2024,no,distrito 2,no
cardiologia,100.0,hombre,3.0,0.0,0.0,domicilio,no,5.0,no,hospital D,urgente,02/10/2025,no,distrito 10,sí
  traumatología ,53.0,mujer,6.0,3.0,0.0,residencia,sí,8.0,no,hospital B,urgente,19/07/2024,no,distrito 5,no
traumatología,58.0,hombre,5.0,4.0,0.0,domicilio,no,6.0,sí,hospital D,urgente,11/06/2024,no,distrito 4,no
cardiologia,51.0,mujer,4.0,3.0,0.0,domicilio,no,8.0,no,hospital F,urgente,08/12/2024,no,distrito 3,sí
medicina interna,64.0,hombre,5.0,5.0,0.0,domicilio,no,6.0,no,hospital A,programado,05/08/2025,no,distrito 9,no
cirugia general,64.0,hombre,5.0,0.0,1.0,domicilio,no,2.0,no,hospital D,urgente,06/03/2025,no,distrito 5,sí
neumología,59.0,hombre,8.0,0.0,0.0,domicilio,sí,6.0,no,hospital C,urgente,26/07/2024,si,distrito 4,sí
cardiología,37.0,mujer,4.0,3.0,1.0,hospitalización a domicilio,sí,15.0,sí,hospital B,urgente,07/02/2025,no,distrito 7,sí
medicina interna,60.0,mujer,4.0,0.0,0.0,domicilio,sí,5.0,no,hospital A,N/D,30/06/2024,no,distrito 6,no
cirugía general,76.0,hombre,2.0,2.0,1.0,domicilio,sí,4.0,no,hospital D,urgente,15/02/2025,no,distrito 5,sí
traumatología,74.0,mujer,5.0,0.0,2.0,domicilio,no,2.0,no,hospital A,programado,11/07/2024,no,distrito 10,no
cardiología,100.0,mujer,4.0,9.0,0.0,domicilio,no,2.0,no,hospital C,urgente,22/11/2024,si,distrito 8,sí
MEDICINA INTERNA,77.0,mujer,1.0,4.0,1.0,domicilio,no,6.0,sí,hospital F,urgente,01/10/2024,no,distrito 10,no
  traumatología ,66.0,hombre,4.0,0.0,0.0,domicilio,no,2.0,no,hospital E,urgente,30/11/2024,no,distrito 4,sí
traumatología,71.0,mujer,4.0,2.0,0.0,domicilio,sí,6.0,no,hospital E,urgente,16/06/2024,no,distrito 10,sí
cirugía general,65.0,mujer,2.0,3.0,0.0,domicilio,no,4.0,no,hospital D,programado,28/07/2024,no,distrito 4,sí
  medicina interna ,89.0,mujer,12.0,1.0,0.0,domicilio,sí,9.0,no,hospital A,urgente,22/11/2024,no,distrito 6,sí
medicina interna,81.0,mujer,4.0,4.0,1.0,domicilio,sí,8.0,sí,hospital A,urgente,20/01/2025,no,distrito 6,no
MEDICINA INTERNA,26.0,mujer,6.0,2.0,3.0,domicilio,sí,3.0,no,hospital B,urgente,26/10/2025,si,distrito 5,no
traumatología,49.0,mujer,5.0,2.0,1.0,domicilio,sí,5.0,no,hospital B,urgente,05/08/2025,no,distrito 10,sí
medicina interna,64.0,hombre,1.0,4.0,1.0,hospitalización a domicilio,sí,6.0,sí,hospital A,urgente,20/10/2025,no,distrito 3,no
  neumología ,60.0,mujer,0.0,4.0,0.0,domicilio,sí,5.0,sí,hospital A,urgente,06/06/2025,si,distrito 3,sí
  neumología ,42.0,hombre,0.0,12.0,0.0,domicilio,no,9.0,no,hospital D,urgente,13/05/2025,si,distrito 3,no
  medicina interna ,42.0,hombre,7.0,4.0,0.0,domicilio,sí,3.0,no,hospital F,urgente,16/06/2024,no,distrito 5,no
traumatología,52.0,mujer,7.0,3.0,0.0,domicilio,sí,10.0,no,hospital F,programado,18/04/2025,no,distrito 7,no
medicina interna,63.0,hombre,0.0,5.0,0.0,residencia,no,3.0,sí,hospital F,N/D,09/09/2025,si,distrito 8,no
medicina interna,85.0,mujer,2.0,9.0,0.0,domicilio,no,4.0,no,hospital F,urgente,23/10/2025,no,distrito 9,no
cardiología,100.0,hombre,10.0,3.0,0.0,residencia,no,4.0,no,hospital C,programado,14/02/2025,si,distrito 2,sí
cirugía general,86.0,mujer,-99.0,2.0,0.0,domicilio,no,16.0,sí,hospital A,urgente,31/08/2024,no,distrito 2,sí
cardiología,56.0,mujer,5.0,4.0,1.0,domicilio,no,7.0,no,hospital E,urgente,06/07/2024,si,distrito 3,no
traumatología,53.0,mujer,7.0,1.0,1.0,hospitalización a domicilio,no,2.0,no,hospital E,urgente,14/10/2024,no,distrito 8,sí
  cirugía general ,45.0,mujer,8.0,3.0,1.0,domicilio,no,5.0,no,hospital E,programado,09/11/2024,no,distrito 1,sí
digestivo,47.0,mujer,2.0,4.0,0.0,domicilio,sí,2.0,sí,hospital A,N/D,09/05/2025,no,distrito 4,sí
digestivo,83.0,mujer,8.0,4.0,2.0,domicilio,no,5.0,no,hospital F,programado,06/11/2024,no,distrito 7,no
digestivo,38.0,hombre,7.0,0.0,1.0,domicilio,no,4.0,no,hospital F,programado,10/10/2025,no,distrito 7,no
traumatología,65.0,mujer,9.0,3.0,0.0,centro de media estancia,no,2.0,no,hospital D,urgente,09/08/2025,si,distrito 10,sí
cardiología,71.0,mujer,13.0,3.0,2.0,domicilio,no,4.0,sí,hospital A,urgente,21/12/2024,no,distrito 4,no
cardiología,44.0,hombre,14.0,0.0,0.0,domicilio,no,4.0,no,hospital C,urgente,06/09/2025,no,distrito 5,no
  neumología ,86.0,hombre,3.0,0.0,0.0,domicilio,sí,10.0,no,hospital D,urgente,24/09/2025,no,distrito 8,sí
traumatología,82.0,mujer,13.0,4.0,0.0,residencia,no,2.0,no,hospital D,urgente,09/10/2025,no,distrito 7,sí
traumatología,37.0,hombre,4.0,0.0,0.0,domicilio,sí,6.0,no,hospital B,urgente,15/10/2025,no,distrito 7,sí
neumología,67.0,hombre,17.0,0.0,0.0,domicilio,sí,7.0,sí,hospital F,urgente,01/11/2025,no,distrito 8,sí
cirugía general,77.0,hombre,-99.0,1.0,1.0,domicilio,no,13.0,no,hospital F,urgente,05/04/2025,no,distrito 10,no
MEDICINA INTERNA,79.0,hombre,2.0,1.0,0.0,domicilio,no,7.0,no,hospital E,programado,10/08/2024,no,distrito 3,no
medicina interna,69.0,hombre,-99.0,4.0,0.0,domicilio,no,3.0,no,hospital B,urgente,15/11/2024,no,distrito 6,sí
traumatología,86.0,mujer,7.0,1.0,1.0,domicilio,sí,3.0,no,hospital D,urgente,17/08/2024,no,distrito 3,sí
medicina interna,65.0,mujer,6.0,0.0,1.0,domicilio,no,2.0,no,hospital F,programado,16/09/2024,no,distrito 5,sí
cirugía general,49.0,mujer,-99.0,4.0,0.0,domicilio,sí,3.0,no,hospital B,urgente,28/05/2025,no,distrito 8,no
cardiología,43.0,hombre,13.0,1.0,0.0,domicilio,sí,12.0,sí,hospital C,programado,02/09/2025,no,distrito 4,sí
medicina interna,73.0,mujer,10.0,0.0,0.0,domicilio,sí,5.0,no,hospital B,urgente,10/07/2025,no,distrito 7,no
medicina interna,50.0,mujer,6.0,4.0,2.0,domicilio,no,7.0,no,hospital D,N/D,08/09/2025,no,distrito 7,sí
neumología,53.0,mujer,9.0,3.0,1.0,domicilio,no,4.0,no,hospital D,urgente,06/08/2024,no,distrito 6,sí
cardiología,79.0,mujer,9.0,2.0,0.0,domicilio,no,0.0,no,hospital B,urgente,04/07/2025,no,distrito 9,no
digestivo,61.0,hombre,9.0,1.0,1.0,hospitalización a domicilio,sí,5.0,sí,hospital F,programado,02/11/2025,no,distrito 7,sí
cardiología,88.0,mujer,1.0,0.0,0.0,centro de media estancia,sí,6.0,sí,hospital C,urgente,09/08/2024,no,distrito 9,no
MEDICINA INTERNA,68.0,hombre,9.0,4.0,1.0,residencia,no,5.0,no,hospital E,urgente,03/08/2025,si,distrito 4,no
medicina interna,66.0,hombre,-99.0,1.0,3.0,domicilio,no,7.0,sí,hospital A,urgente,17/04/2025,no,distrito 9,no
cirugía general,78.0,mujer,1.0,2.0,2.0,domicilio,sí,13.0,no,hospital D,urgente,19/09/2024,no,distrito 10,sí
medicina interna,67.0,hombre,3.0,0.0,0.0,domicilio,sí,3.0,no,hospital C,programado,24/08/2025,no,distrito 2,no
medicina interna,96.0,hombre,17.0,3.0,0.0,domicilio,no,2.0,no,hospital D,programado,02/01/2025,si,distrito 1,no
  cardiología ,30.0,hombre,9.0,2.0,0.0,centro de media estancia,no,14.0,no,hospital F,programado,24/08/2024,no,distrito 5,sí
  digestivo ,71.0,mujer,1.0,5.0,1.0,residencia,no,0.0,no,hospital B,urgente,16/10/2024,si,distrito 1,no
TRAUMATOLOGÍA,59.0,mujer,22.0,0.0,0.0,domicilio,sí,7.0,no,hospital A,urgente,16/06/2025,no,distrito 10,no
digestivo,73.0,mujer,7.0,1.0,0.0,residencia,no,5.0,no,hospital E,urgente,10/01/2025,no,distrito 4,sí
cirugía general,69.0,mujer,13.0,4.0,0.0,domicilio,sí,3.0,no,hospital A,urgente,05/12/2024,no,distrito 10,no
traumatología,52.0,hombre,4.0,0.0,0.0,domicilio,sí,2.0,no,hospital E,programado,21/08/2025,no,distrito 9,no
cardiología,59.0,mujer,3.0,0.0,0.0,domicilio,sí,10.0,sí,hospital B,urgente,23/11/2024,no,distrito 5,sí
neumología,53.0,hombre,4.0,5.0,0.0,domicilio,sí,5.0,no,hospital E,urgente,06/03/2025,no,distrito 9,no
medicina interna,83.0,mujer,11.0,0.0,1.0,domicilio,sí,4.0,no,hospital D,urgente,29/08/2025,no,distrito 4,no
cardiología,64.0,mujer,10.0,1.0,0.0,domicilio,sí,9.0,no,hospital E,N/D,21/06/2025,no,distrito 8,no
cirugía general,68.0,hombre,10.0,3.0,1.0,domicilio,no,4.0,no,hospital D,urgente,15/11/2024,no,distrito 8,no
traumatologia,73.0,hombre,2.0,2.0,0.0,residencia,sí,3.0,no,hospital E,urgente,10/11/2025,no,distrito 2,sí
medicina interna,71.0,mujer,-99.0,0.0,0.0,domicilio,sí,4.0,no,hospital A,urgente,25/09/2024,no,distrito 1,no
neumología,90.0,hombre,4.0,2.0,0.0,domicilio,no,2.0,sí,hospital B,programado,11/06/2024,si,distrito 3,no
  traumatología ,60.0,hombre,1.0,1.0,0.0,domicilio,sí,1.0,no,hospital B,programado,06/09/2024,no,distrito 8,no
cirugía general,95.0,mujer,14.0,2.0,0.0,hospitalización a domicilio,no,9.0,sí,hospital C,urgente,19/06/2025,no,distrito 10,no
cirugía general,75.0,mujer,3.0,1.0,0.0,domicilio,sí,0.0,no,hospital D,programado,29/10/2025,no,distrito 5,no
medicina interna,56.0,hombre,6.0,0.0,1.0,domicilio,sí,12.0,sí,hospital D,urgente,04/07/2024,no,distrito 4,no
cardiología,69.0,mujer,5.0,1.0,1.0,domicilio,no,7.0,no,hospital E,programado,10/12/2024,no,distrito 5,no
cardiología,66.0,mujer,7.0,9.0,0.0,domicilio,sí,3.0,sí,hospital C,urgente,11/08/2024,si,distrito 8,sí
NEUMOLOGÍA,51.0,mujer,1.0,1.0,0.0,domicilio,sí,1.0,no,hospital B,urgente,01/06/2024,no,distrito 2,no
cardiología,58.0,mujer,11.0,1.0,0.0,domicilio,no,8.0,no,hospital D,urgente,14/08/2024,no,distrito 2,no
digestivo,85.0,hombre,7.0,1.0,0.0,domicilio,no,0.0,no,hospital C,urgente,04/10/2024,no,distrito 2,sí
medicina interna,54.0,hombre,4.0,5.0,0.0,domicilio,no,6.0,sí,hospital C,programado,02/05/2025,no,distrito 10,no
neumología,97.0,mujer,2.0,0.0,2.0,domicilio,sí,4.0,no,hospital F,urgente,15/02/2025,no,distrito 1,no
neumología,60.0,hombre,7.0,1.0,2.0,domicilio,sí,9.0,no,hospital C,urgente,03/09/2024,no,distrito 8,no
neumología,64.0,hombre,21.0,3.0,1.0,hospitalización a domicilio,no,7.0,no,hospital D,N/D,16/08/2024,no,distrito 1,no
medicina interna,61.0,mujer,12.0,1.0,0.0,domicilio,sí,2.0,no,hospital D,urgente,11/07/2024,no,distrito 2,no
neumología,52.0,mujer,7.0,3.0,0.0,domicilio,sí,24.0,sí,hospital E,urgente,04/11/2024,no,distrito 6,no
traumatología,65.0,hombre,7.0,1.0,2.0,residencia,no,1.0,sí,hospital E,urgente,16/09/2025,no,distrito 4,sí
CIRUGÍA GENERAL,30.0,hombre,8.0,3.0,0.0,domicilio,no,8.0,no,hospital C,urgente,11/06/2024,no,distrito 4,no
medicina interna,85.0,mujer,7.0,0.0,0.0,domicilio,no,3.0,no,hospital E,urgente,28/09/2024,no,distrito 8,no
neumología,60.0,hombre,9.0,2.0,0.0,domicilio,no,2.0,no,hospital F,urgente,13/12/2024,no,distrito 6,no
cardiología,73.0,mujer,15.0,2.0,0.0,domicilio,no,4.0,sí,hospital B,programado,19/07/2025,no,distrito 10,no
cardiología,61.0,hombre,7.0,2.0,0.0,domicilio,sí,8.0,no,hospital D,urgente,03/11/2025,no,distrito 4,no
digestivo,65.0,hombre,18.0,0.0,0.0,domicilio,no,1.0,no,hospital F,N/D,01/07/2024,no,distrito 8,no
  cardiología ,100.0,hombre,-99.0,1.0,0.0,domicilio,sí,1.0,no,hospital C,programado,01/11/2024,no,distrito 7,no
  digestivo ,59.0,hombre,11.0,0.0,0.0,domicilio,no,6.0,no,hospital F,urgente,29/07/2024,no,distrito 7,no
medicina interna,81.0,hombre,6.0,0.0,0.0,domicilio,no,3.0,sí,hospital D,urgente,13/10/2025,no,distrito 9,no
traumatología,42.0,hombre,11.0,3.0,2.0,residencia,sí,3.0,no,hospital C,programado,19/08/2024,no,distrito 1,no
digestivo,49.0,mujer,4.0,2.0,0.0,domicilio,sí,5.0,no,hospital E,urgente,22/07/2025,no,distrito 10,sí
cardiología,82.0,hombre,15.0,0.0,0.0,domicilio,sí,5.0,sí,hospital E,urgente,11/12/2024,no,distrito 4,no
cirugía general,100.0,hombre,3.0,2.0,0.0,domicilio,no,2.0,no,hospital C,urgente,20/08/2025,no,distrito 5,sí
neumología,64.0,mujer,6.0,11.0,5.0,domicilio,no,3.0,no,hospital B,urgente,26/10/2024,si,distrito 4,no
cardiología,59.0,mujer,1.0,6.0,4.0,domicilio,sí,6.0,no,hospital A,programado,06/07/2024,no,distrito 8,sí
medicina interna,87.0,hombre,12.0,1.0,2.0,domicilio,sí,20.0,no,hospital D,programado,13/09/2024,no,distrito 1,no
digestivo,45.0,hombre,5.0,7.0,1.0,domicilio,sí,4.0,no,hospital C,programado,25/06/2025,no,distrito 3,no
neumología,99.0,mujer,2.0,0.0,1.0,domicilio,sí,6.0,sí,hospital F,programado,29/04/2025,si,distrito 8,no
digestivo,39.0,hombre,6.0,0.0,0.0,domicilio,sí,9.0,sí,hospital E,urgente,28/07/2025,no,distrito 7,sí
medicina interna,56.0,mujer,5.0,11.0,0.0,domicilio,sí,2.0,no,hospital A,N/D,06/10/2024,no,distrito 1,no
cirugía general,64.0,mujer,-99.0,4.0,1.0,centro de media estancia,no,10.0,no,hospital A,programado,11/12/2024,no,distrito 4,no
cardiologia,56.0,hombre,3.0,4.0,1.0,domicilio,no,0.0,no,hospital C,programado,10/11/2025,si,distrito 4,sí
cirugía general,50.0,hombre,4.0,1.0,0.0,domicilio,sí,0.0,no,hospital A,urgente,22/06/2025,no,distrito 3,no
traumatología,42.0,hombre,7.0,2.0,1.0,centro de media estancia,no,0.0,no,hospital E,urgente,11/03/2025,no,distrito 1,no
cardiología,59.0,hombre,4.0,0.0,0.0,domicilio,no,8.0,no,hospital B,programado,15/08/2025,no,distrito 7,sí
cirugia general,36.0,mujer,3.0,7.0,3.0,domicilio,sí,0.0,sí,hospital A,urgente,09/09/2025,no,distrito 4,sí
cirugía general,63.0,hombre,5.0,5.0,0.0,domicilio,sí,1.0,no,hospital F,programado,08/03/2025,no,distrito 9,sí
medicina interna,54.0,mujer,4.0,7.0,0.0,residencia,sí,0.0,no,hospital A,programado,14/12/2024,si,distrito 9,no
medicina interna,28.0,mujer,3.0,0.0,4.0,domicilio,no,5.0,no,hospital D,programado,08/11/2025,no,distrito 3,no
traumatología,80.0,hombre,3.0,8.0,1.0,domicilio,sí,14.0,no,hospital D,urgente,23/10/2024,si,distrito 5,sí
cirugía general,75.0,mujer,-99.0,0.0,1.0,domicilio,no,6.0,no,hospital A,programado,19/12/2024,no,distrito 8,sí
traumatología,49.0,mujer,3.0,1.0,1.0,domicilio,no,7.0,sí,hospital B,urgente,20/06/2024,no,distrito 9,sí
medicina interna,63.0,mujer,5.0,1.0,1.0,hospitalización a domicilio,sí,12.0,no,hospital A,programado,20/08/2025,no,distrito 1,no
  cirugía general ,63.0,hombre,7.0,2.0,4.0,domicilio,sí,3.0,no,hospital B,urgente,11/04/2025,si,distrito 3,sí
cirugía general,83.0,hombre,6.0,10.0,0.0,domicilio,no,0.0,no,hospital D,N/D,06/07/2024,si,distrito 6,sí
MEDICINA INTERNA,57.0,mujer,6.0,1.0,0.0,hospitalización a domicilio,sí,8.0,no,hospital D,programado,05/01/2025,no,distrito 2,no
cirugía general,61.0,hombre,7.0,0.0,0.0,domicilio,no,7.0,no,hospital E,programado,21/08/2024,no,distrito 9,sí
cardiología,76.0,mujer,2.0,4.0,0.0,domicilio,sí,7.0,no,hospital E,programado,05/10/2024,no,distrito 10,no
digestivo,36.0,mujer,2.0,0.0,2.0,domicilio,no,0.0,no,hospital A,N/D,14/06/2024,no,distrito 3,no
traumatología,46.0,hombre,9.0,0.0,0.0,domicilio,sí,8.0,no,hospital C,programado,10/10/2025,no,distrito 3,sí
cardiología,36.0,hombre,9.0,0.0,0.0,domicilio,sí,4.0,sí,hospital D,urgente,27/07/2025,no,distrito 1,no
cirugía general,55.0,hombre,-99.0,1.0,3.0,domicilio,sí,0.0,no,hospital D,urgente,02/12/2024,no,distrito 3,no
digestivo,59.0,mujer,6.0,1.0,1.0,domicilio,sí,6.0,no,hospital D,urgente,02/06/2024,no,distrito 2,no
CARDIOLOGÍA,69.0,mujer,3.0,11.0,0.0,domicilio,no,4.0,no,hospital E,programado,04/11/2024,no,distrito 5,no
neumología,60.0,mujer,2.0,9.0,0.0,domicilio,no,6.0,no,hospital E,urgente,23/03/2025,si,distrito 2,no
neumología,59.0,mujer,6.0,2.0,0.0,domicilio,no,13.0,no,hospital D,urgente,24/06/2025,no,distrito 3,sí
cardiología,73.0,mujer,1.0,6.0,3.0,domicilio,sí,3.0,no,hospital F,urgente,13/05/2025,no,distrito 2,sí
digestivo,75.0,hombre,4.0,4.0,0.0,domicilio,no,2.0,no,hospital C,urgente,03/01/2025,no,distrito 9,no
medicina interna,25.0,hombre,8.0,1.0,0.0,domicilio,sí,6.0,no,hospital B,urgente,18/04/2025,no,distrito 8,sí
medicina interna,44.0,hombre,7.0,1.0,0.0,domicilio,sí,13.0,no,hospital E,urgente,28/11/2024,si,distrito 2,sí
TRAUMATOLOGÍA,68.0,mujer,9.0,0.0,3.0,domicilio,no,0.0,no,hospital B,urgente,24/10/2025,no,distrito 4,no
neumología,44.0,mujer,10.0,0.0,1.0,domicilio,no,18.0,no,hospital E,programado,27/05/2025,no,distrito 10,sí
medicina interna,44.0,mujer,5.0,6.0,0.0,residencia,sí,8.0,no,hospital E,programado,19/10/2025,no,distrito 3,sí
medicina interna,39.0,mujer,5.0,0.0,0.0,domicilio,sí,6.0,no,hospital F,urgente,21/07/2025,no,distrito 10,sí
MEDICINA INTERNA,72.0,mujer,9.0,1.0,0.0,domicilio,no,4.0,no,hospital B,programado,14/10/2025,no,distrito 10,no
cardiología,35.0,mujer,2.0,4.0,3.0,domicilio,sí,8.0,no,hospital A,programado,24/07/2025,no,distrito 3,no
TRAUMATOLOGÍA,73.0,mujer,-99.0,1.0,1.0,domicilio,sí,5.0,no,hospital E,urgente,08/01/2025,no,distrito 5,sí
cardiologia,73.0,hombre,12.0,6.0,0.0,domicilio,sí,9.0,no,hospital B,N/D,08/09/2024,no,distrito 5,no
CIRUGÍA GENERAL,70.0,hombre,2.0,3.0,0.0,domicilio,sí,1.0,no,hospital A,programado,18/08/2024,no,distrito 2,no
cirugía general,30.0,hombre,2.0,4.0,5.0,domicilio,no,1.0,no,hospital D,urgente,27/09/2024,no,distrito 3,no
cirugía general,98.0,mujer,3.0,4.0,0.0,domicilio,sí,5.0,no,hospital E,urgente,04/10/2024,no,distrito 6,sí
neumología,83.0,mujer,10.0,0.0,1.0,residencia,no,4.0,no,hospital F,urgente,14/10/2024,no,distrito 1,sí
medicina interna,47.0,hombre,-99.0,1.0,0.0,domicilio,sí,12.0,no,hospital F,programado,19/06/2025,no,distrito 8,sí
neumología,61.0,hombre,6.0,5.0,0.0,domicilio,sí,11.0,no,hospital C,urgente,14/08/2025,si,distrito 7,no
medicina interna,43.0,mujer,4.0,0.0,1.0,domicilio,no,3.0,no,hospital A,urgente,13/09/2024,no,distrito 10,sí
medicina interna,60.0,mujer,3.0,5.0,1.0,residencia,no,3.0,no,hospital E,urgente,14/07/2025,no,distrito 8,sí
cirugía general,50.0,hombre,3.0,6.0,0.0,domicilio,no,0.0,no,hospital E,urgente,15/10/2025,no,distrito 2,no
neumología,59.0,hombre,15.0,2.0,2.0,domicilio,no,7.0,no,hospital A,urgente,06/07/2024,no,distrito 9,no
cirugía general,57.0,mujer,7.0,8.0,0.0,domicilio,no,0.0,no,hospital C,urgente,03/11/2025,no,distrito 5,no
cardiología,43.0,mujer,-99.0,5.0,0.0,domicilio,no,8.0,no,hospital D,urgente,08/01/2025,no,distrito 3,sí
cardiología,72.0,hombre,4.0,8.0,0.0,domicilio,sí,6.0,sí,hospital D,programado,12/11/2024,si,distrito 10,no
cardiología,46.0,mujer,11.0,2.0,0.0,domicilio,sí,8.0,no,hospital E,urgente,04/06/2024,no,distrito 6,no
medicina interna,45.0,hombre,-99.0,2.0,0.0,residencia,sí,11.0,no,hospital F,programado,18/06/2024,no,distrito 8,no
cirugía general,60.0,mujer,1.0,1.0,0.0,domicilio,no,4.0,no,hospital F,urgente,16/08/2024,no,distrito 10,no
MEDICINA INTERNA,44.0,mujer,8.0,0.0,0.0,hospitalización a domicilio,sí,2.0,no,hospital F,urgente,04/05/2025,no,distrito 2,sí
traumatologia,87.0,hombre,6.0,5.0,0.0,residencia,no,2.0,no,hospital D,N/D,15/03/2025,no,distrito 8,no
neumología,96.0,mujer,2.0,0.0,1.0,residencia,no,5.0,no,hospital C,programado,23/08/2024,no,distrito 3,no
traumatología,86.0,hombre,2.0,4.0,0.0,domicilio,sí,9.0,sí,hospital A,urgente,21/04/2025,no,distrito 5,no
cardiología,44.0,hombre,2.0,1.0,0.0,domicilio,sí,7.0,no,hospital C,urgente,28/04/2025,no,distrito 3,no
medicina interna,65.0,hombre,2.0,5.0,0.0,domicilio,sí,5.0,no,hospital A,urgente,06/11/2025,no,distrito 5,no
  cirugía general ,71.0,mujer,-99.0,2.0,0.0,domicilio,no,5.0,sí,hospital E,programado,21/03/2025,no,distrito 7,sí
cardiología,73.0,hombre,5.0,1.0,4.0,centro de media estancia,no,2.0,no,hospital F,N/D,13/02/2025,si,distrito 7,no
traumatologia,77.0,mujer,7.0,2.0,0.0,domicilio,sí,2.0,no,hospital F,programado,04/11/2024,no,distrito 8,sí
cirugía general,71.0,mujer,5.0,6.0,2.0,domicilio,sí,19.0,no,hospital E,urgente,04/08/2025,no,distrito 5,sí
medicina interna,43.0,hombre,16.0,1.0,1.0,domicilio,sí,5.0,no,hospital B,urgente,03/02/2025,no,distrito 10,no
cardiología,95.0,mujer,2.0,0.0,0.0,hospitalización a domicilio,no,7.0,sí,hospital C,programado,10/09/2024,no,distrito 7,sí
neumología,31.0,hombre,16.0,1.0,0.0,domicilio,no,5.0,no,hospital E,urgente,28/01/2025,no,distrito 2,sí
CIRUGÍA GENERAL,60.0,hombre,1.0,0.0,0.0,domicilio,no,4.0,no,hospital A,urgente,29/07/2024,no,distrito 1,no
cirugia general,50.0,hombre,2.0,2.0,0.0,hospitalización a domicilio,sí,3.0,no,hospital E,programado,22/09/2025,no,distrito 7,sí
medicina interna,76.0,mujer,8.0,0.0,2.0,domicilio,sí,4.0,no,hospital E,programado,27/08/2024,no,distrito 9,no
  neumología ,88.0,mujer,7.0,3.0,0.0,domicilio,sí,5.0,no,hospital C,programado,27/11/2024,si,distrito 2,sí
digestivo,66.0,mujer,11.0,4.0,0.0,domicilio,sí,3.0,no,hospital D,urgente,22/09/2025,si,distrito 2,sí
  digestivo ,61.0,hombre,6.0,2.0,0.0,domicilio,no,1.0,no,hospital C,urgente,31/08/2025,no,distrito 6,sí
digestivo,100.0,mujer,-99.0,5.0,0.0,domicilio,no,9.0,sí,hospital F,programado,25/12/2024,si,distrito 5,no
cardiología,56.0,mujer,7.0,0.0,0.0,domicilio,sí,15.0,no,hospital E,N/D,07/11/2024,no,distrito 6,no
CIRUGÍA GENERAL,38.0,hombre,2.0,3.0,0.0,domicilio,sí,4.0,sí,hospital A,urgente,14/06/2025,si,distrito 7,sí
traumatología,59.0,hombre,3.0,0.0,1.0,domicilio,sí,3.0,no,hospital A,urgente,12/11/2024,no,distrito 4,sí
  cardiología ,62.0,mujer,6.0,0.0,1.0,domicilio,no,2.0,no,hospital D,urgente,24/09/2024,no,distrito 9,sí
cirugía general,74.0,mujer,7.0,1.0,0.0,domicilio,sí,9.0,no,hospital F,urgente,05/07/2025,no,distrito 6,sí
DIGESTIVO,50.0,mujer,7.0,6.0,4.0,residencia,sí,1.0,no,hospital A,urgente,02/12/2024,si,distrito 5,no
digestivo,61.0,hombre,3.0,0.0,0.0,centro de media estancia,sí,3.0,no,hospital F,urgente,22/06/2025,no,distrito 9,no
cirugía general,59.0,mujer,26.0,4.0,0.0,domicilio,no,1.0,no,hospital E,urgente,31/07/2025,no,distrito 8,no
cirugía general,68.0,mujer,12.0,0.0,0.0,domicilio,sí,2.0,no,hospital A,urgente,21/03/2025,no,distrito 9,no
medicina interna,72.0,hombre,12.0,2.0,0.0,domicilio,no,7.0,no,hospital F,urgente,25/03/2025,no,distrito 1,no
digestivo,33.0,mujer,9.0,2.0,0.0,domicilio,no,6.0,no,hospital F,programado,27/06/2025,no,distrito 3,sí
cirugía general,26.0,hombre,11.0,2.0,1.0,domicilio,no,1.0,sí,hospital A,urgente,12/01/2025,no,distrito 6,sí
medicina interna,50.0,mujer,11.0,5.0,0.0,domicilio,sí,7.0,no,hospital E,urgente,03/09/2025,no,distrito 1,sí
cirugía general,53.0,mujer,-99.0,1.0,0.0,domicilio,sí,2.0,no,hospital C,urgente,15/02/2025,no,distrito 4,no
NEUMOLOGÍA,21.0,hombre,7.0,1.0,0.0,domicilio,sí,5.0,sí,hospital B,urgente,09/07/2025,no,distrito 6,sí
traumatología,85.0,hombre,2.0,6.0,0.0,domicilio,sí,2.0,no,hospital F,urgente,01/07/2025,no,distrito 4,no
neumología,34.0,hombre,5.0,2.0,0.0,domicilio,sí,6.0,no,hospital A,programado,04/11/2025,no,distrito 2,sí
medicina interna,95.0,hombre,4.0,3.0,0.0,hospitalización a domicilio,no,2.0,no,hospital A,urgente,16/04/2025,no,distrito 1,no
traumatología,66.0,mujer,9.0,0.0,0.0,domicilio,sí,2.0,no,hospital D,urgente,14/08/2025,no,distrito 9,no
traumatologia,68.0,hombre,16.0,4.0,0.0,domicilio,no,4.0,sí,hospital E,urgente,19/09/2024,no,distrito 3,no
neumología,78.0,mujer,12.0,3.0,0.0,domicilio,sí,8.0,no,hospital D,urgente,21/10/2024,no,distrito 7,sí
  medicina interna ,63.0,mujer,9.0,0.0,0.0,domicilio,sí,8.0,no,hospital D,urgente,11/10/2024,no,distrito 7,no
  medicina interna ,55.0,mujer,7.0,1.0,0.0,domicilio,no,3.0,no,hospital B,programado,27/02/2025,no,distrito 7,no
cirugía general,52.0,mujer,9.0,1.0,0.0,hospitalización a domicilio,no,5.0,sí,hospital F,urgente,22/06/2024,no,distrito 6,no
cardiología,71.0,hombre,13.0,3.0,1.0,residencia,no,9.0,no,hospital B,urgente,15/12/2024,si,distrito 7,sí
medicina interna,84.0,mujer,4.0,1.0,1.0,domicilio,sí,3.0,no,hospital F,programado,25/02/2025,no,distrito 1,sí
cardiología,53.0,hombre,5.0,2.0,3.0,domicilio,sí,14.0,no,hospital A,programado,23/11/2024,no,distrito 4,no
DIGESTIVO,39.0,mujer,3.0,1.0,3.0,domicilio,no,4.0,no,hospital B,programado,20/09/2024,no,distrito 4,no
neumología,46.0,mujer,7.0,1.0,1.0,domicilio,no,11.0,no,hospital D,urgente,03/04/2025,no,distrito 4,sí
CARDIOLOGÍA,51.0,hombre,3.0,5.0,1.0,domicilio,no,1.0,sí,hospital A,urgente,19/08/2025,no,distrito 9,no
cardiología,92.0,hombre,12.0,1.0,1.0,domicilio,sí,4.0,no,hospital C,urgente,26/10/2024,no,distrito 6,no
cardiología,41.0,hombre,1.0,2.0,3.0,domicilio,sí,1.0,no,hospital F,urgente,31/07/2024,no,distrito 8,no
cirugía general,52.0,hombre,4.0,1.0,0.0,domicilio,sí,6.0,no,hospital B,urgente,04/01/2025,no,distrito 8,no
digestivo,62.0,hombre,13.0,0.0,0.0,domicilio,sí,9.0,no,hospital B,urgente,29/11/2024,no,distrito 6,no
medicina interna,77.0,mujer,5.0,2.0,0.0,domicilio,no,14.0,no,hospital D,programado,20/10/2025,no,distrito 4,no
neumología,78.0,mujer,1.0,3.0,2.0,domicilio,sí,9.0,sí,hospital A,urgente,25/05/2025,no,distrito 4,no
medicina interna,59.0,hombre,11.0,10.0,1.0,domicilio,sí,6.0,no,hospital A,urgente,27/10/2025,si,distrito 8,no
digestivo,85.0,mujer,2.0,0.0,0.0,domicilio,sí,5.0,no,hospital E,programado,10/10/2024,no,distrito 7,no
cardiología,52.0,mujer,1.0,0.0,0.0,domicilio,sí,2.0,sí,hospital B,urgente,18/07/2025,no,distrito 2,no
traumatología,55.0,mujer,2.0,1.0,0.0,domicilio,no,3.0,no,hospital B,urgente,11/06/2024,no,distrito 9,no
  digestivo ,52.0,hombre,4.0,1.0,0.0,domicilio,no,3.0,no,hospital F,urgente,04/12/2024,no,distrito 2,sí
neumología,51.0,mujer,1.0,7.0,0.0,domicilio,no,5.0,no,hospital A,programado,25/05/2025,no,distrito 3,no
digestivo,68.0,mujer,1.0,4.0,0.0,domicilio,no,16.0,no,hospital F,urgente,09/09/2024,no,distrito 5,sí
traumatología,67.0,hombre,6.0,1.0,1.0,domicilio,sí,10.0,no,hospital E,urgente,29/09/2024,no,distrito 2,no
traumatología,78.0,mujer,6.0,0.0,0.0,domicilio,no,1.0,no,hospital A,programado,20/12/2024,no,distrito 3,no
CIRUGÍA GENERAL,67.0,hombre,1.0,1.0,0.0,domicilio,no,1.0,no,hospital E,programado,14/07/2025,no,distrito 6,no
medicina interna,100.0,mujer,12.0,6.0,1.0,domicilio,no,5.0,no,hospital F,programado,22/07/2025,no,distrito 7,sí
neumologia,71.0,hombre,4.0,5.0,1.0,domicilio,sí,1.0,sí,hospital C,urgente,11/10/2024,no,distrito 8,sí
neumologia,91.0,mujer,16.0,3.0,0.0,domicilio,no,7.0,no,hospital D,programado,12/12/2024,no,distrito 9,sí
medicina interna,76.0,hombre,2.0,0.0,1.0,domicilio,sí,7.0,no,hospital E,urgente,10/07/2025,no,distrito 7,no
traumatología,52.0,hombre,6.0,0.0,0.0,domicilio,no,13.0,sí,hospital E,programado,01/11/2024,no,distrito 1,no
medicina interna,52.0,mujer,2.0,2.0,0.0,domicilio,sí,11.0,sí,hospital F,urgente,23/03/2025,no,distrito 8,no
cirugía general,81.0,mujer,0.0,7.0,0.0,domicilio,sí,6.0,no,hospital F,urgente,12/11/2024,no,distrito 3,sí
TRAUMATOLOGÍA,61.0,hombre,15.0,1.0,0.0,domicilio,no,11.0,sí,hospital C,programado,02/01/2025,no,distrito 9,no
traumatología,76.0,hombre,11.0,3.0,0.0,residencia,sí,5.0,no,hospital E,urgente,28/01/2025,no,distrito 9,no
cirugía general,44.0,mujer,10.0,1.0,2.0,domicilio,sí,5.0,no,hospital D,urgente,14/10/2025,no,distrito 2,no
cirugía general,59.0,mujer,1.0,3.0,0.0,domicilio,sí,10.0,no,hospital D,urgente,15/03/2025,no,distrito 6,sí
digestivo,31.0,mujer,2.0,3.0,0.0,centro de media estancia,sí,2.0,no,hospital F,urgente,27/06/2025,no,distrito 8,no
cirugía general,55.0,hombre,13.0,1.0,1.0,domicilio,no,6.0,no,hospital D,urgente,27/08/2025,no,distrito 5,no
medicina interna,68.0,hombre,1.0,1.0,0.0,domicilio,no,18.0,no,hospital B,programado,27/06/2025,no,distrito 8,no
medicina interna,100.0,hombre,-99.0,0.0,0.0,domicilio,sí,10.0,no,hospital D,programado,09/10/2024,no,distrito 6,no
cardiología,60.0,mujer,14.0,3.0,4.0,domicilio,sí,6.0,no,hospital B,programado,12/11/2024,si,distrito 7,sí
NEUMOLOGÍA,52.0,hombre,8.0,3.0,0.0,hospitalización a domicilio,no,7.0,sí,hospital C,programado,18/10/2025,si,distrito 7,no
cirugía general,54.0,mujer,16.0,0.0,0.0,domicilio,no,10.0,no,hospital A,programado,01/12/2024,no,distrito 10,no
cardiología,70.0,mujer,4.0,0.0,0.0,hospitalización a domicilio,no,2.0,no,hospital F,urgente,05/11/2024,no,distrito 9,no
cardiología,67.0,mujer,3.0,1.0,0.0,domicilio,no,9.0,no,hospital E,programado,08/04/2025,no,distrito 6,no
  traumatología ,80.0,hombre,3.0,1.0,0.0,residencia,sí,6.0,no,hospital F,urgente,19/04/2025,no,distrito 4,no
traumatología,35.0,mujer,1.0,2.0,0.0,domicilio,sí,14.0,no,hospital E,urgente,02/11/2025,no,distrito 3,sí
  medicina interna ,75.0,mujer,10.0,0.0,4.0,domicilio,sí,6.0,sí,hospital F,urgente,05/02/2025,no,distrito 4,no
MEDICINA INTERNA,83.0,mujer,13.0,0.0,0.0,domicilio,sí,7.0,sí,hospital B,urgente,30/08/2024,no,distrito 1,no
DIGESTIVO,92.0,hombre,9.0,1.0,2.0,domicilio,sí,8.0,no,hospital F,urgente,31/05/2025,no,distrito 6,no
cardiología,61.0,mujer,20.0,3.0,0.0,domicilio,sí,5.0,no,hospital F,urgente,11/04/2025,no,distrito 10,no
digestivo,62.0,hombre,2.0,3.0,0.0,domicilio,sí,6.0,no,hospital D,programado,24/10/2024,no,distrito 10,sí
medicina interna,44.0,mujer,2.0,5.0,0.0,domicilio,sí,2.0,no,hospital C,urgente,16/12/2024,no,distrito 10,no
traumatología,55.0,mujer,13.0,0.0,2.0,domicilio,sí,0.0,no,hospital D,urgente,13/11/2025,no,distrito 9,no
traumatología,64.0,mujer,9.0,1.0,0.0,domicilio,no,9.0,sí,hospital D,urgente,04/12/2024,no,distrito 8,no
digestivo,61.0,hombre,4.0,0.0,2.0,centro de media estancia,sí,15.0,sí,hospital E,urgente,24/05/2025,no,distrito 4,sí
traumatología,65.0,mujer,7.0,2.0,0.0,domicilio,no,13.0,no,hospital B,urgente,04/03/2025,no,distrito 10,sí
medicina interna,57.0,mujer,3.0,1.0,1.0,domicilio,sí,11.0,no,hospital E,programado,09/06/2024,no,distrito 4,no
cardiología,54.0,hombre,5.0,1.0,0.0,domicilio,sí,4.0,no,hospital A,urgente,13/06/2025,no,distrito 6,no
TRAUMATOLOGÍA,58.0,mujer,2.0,1.0,0.0,domicilio,sí,1.0,no,hospital E,programado,25/10/2024,no,distrito 10,sí
NEUMOLOGÍA,75.0,hombre,-99.0,7.0,1.0,domicilio,sí,7.0,sí,hospital E,programado,15/05/2025,no,distrito 1,sí
traumatología,33.0,mujer,1.0,0.0,2.0,domicilio,sí,6.0,no,hospital A,urgente,06/04/2025,no,distrito 7,sí
medicina interna,52.0,hombre,19.0,1.0,0.0,domicilio,no,2.0,no,hospital F,urgente,23/09/2025,no,distrito 7,sí
cardiología,32.0,hombre,6.0,0.0,0.0,residencia,no,16.0,no,hospital D,urgente,23/08/2024,si,distrito 6,sí
medicina interna,53.0,hombre,-99.0,1.0,0.0,domicilio,sí,1.0,no,hospital C,urgente,04/05/2025,no,distrito 5,no
  neumología ,82.0,mujer,4.0,3.0,0.0,domicilio,sí,5.0,no,hospital D,programado,14/07/2025,no,distrito 9,sí
  cardiología ,63.0,hombre,18.0,3.0,2.0,domicilio,sí,6.0,no,hospital C,urgente,27/09/2025,no,distrito 9,no
  medicina interna ,51.0,hombre,3.0,1.0,0.0,domicilio,sí,3.0,no,hospital C,urgente,26/01/2025,no,distrito 4,no
CARDIOLOGÍA,62.0,hombre,10.0,0.0,3.0,domicilio,no,7.0,no,hospital B,urgente,04/11/2024,no,distrito 6,sí
cirugía general,71.0,hombre,3.0,3.0,2.0,domicilio,sí,10.0,no,hospital E,urgente,12/03/2025,no,distrito 10,no
traumatologia,79.0,hombre,12.0,1.0,1.0,residencia,sí,3.0,no,hospital A,urgente,23/12/2024,no,distrito 2,sí
  traumatología ,83.0,hombre,1.0,4.0,1.0,centro de media estancia,no,1.0,no,hospital D,programado,28/07/2025,no,distrito 9,no
neumología,92.0,hombre,8.0,1.0,5.0,domicilio,sí,3.0,no,hospital E,programado,16/06/2025,no,distrito 5,no
digestivo,71.0,mujer,11.0,0.0,1.0,residencia,sí,0.0,sí,hospital C,urgente,19/09/2025,no,distrito 6,no
  medicina interna ,69.0,mujer,19.0,2.0,0.0,domicilio,sí,15.0,sí,hospital F,urgente,30/06/2025,no,distrito 3,sí
cirugía general,54.0,hombre,9.0,3.0,2.0,domicilio,no,4.0,no,hospital E,urgente,07/11/2024,no,distrito 6,no
digestivo,100.0,mujer,6.0,2.0,0.0,domicilio,sí,18.0,sí,hospital B,programado,18/03/2025,no,distrito 6,sí
traumatología,79.0,mujer,4.0,0.0,0.0,domicilio,no,7.0,no,hospital F,urgente,09/12/2024,no,distrito 10,sí
cirugía general,58.0,mujer,3.0,2.0,1.0,domicilio,sí,14.0,no,hospital B,urgente,03/07/2025,no,distrito 8,sí
neumología,70.0,hombre,4.0,0.0,2.0,domicilio,no,2.0,no,hospital A,urgente,15/04/2025,no,distrito 2,no
cardiología,72.0,hombre,3.0,0.0,0.0,domicilio,sí,6.0,no,hospital C,urgente,05/08/2025,no,distrito 1,sí
cardiología,55.0,hombre,12.0,0.0,1.0,domicilio,no,3.0,no,hospital D,urgente,25/06/2025,no,distrito 2,sí
cardiología,66.0,hombre,5.0,4.0,0.0,centro de media estancia,sí,5.0,sí,hospital F,urgente,15/01/2025,no,distrito 4,sí
cardiología,88.0,hombre,6.0,0.0,0.0,domicilio,sí,5.0,no,hospital D,programado,30/03/2025,no,distrito 1,sí
cirugía general,54.0,mujer,17.0,6.0,0.0,domicilio,sí,3.0,no,hospital A,programado,23/06/2025,no,distrito 10,no
medicina interna,86.0,hombre,-99.0,0.0,1.0,domicilio,sí,14.0,no,hospital E,urgente,26/10/2025,no,distrito 5,no
cirugía general,70.0,hombre,22.0,1.0,1.0,domicilio,sí,9.0,sí,hospital D,programado,19/11/2025,no,distrito 2,sí
medicina interna,56.0,hombre,11.0,12.0,0.0,domicilio,sí,8.0,no,hospital D,urgente,06/07/2025,no,distrito 1,no
cirugía general,47.0,mujer,1.0,0.0,0.0,residencia,no,5.0,no,hospital D,programado,03/08/2024,no,distrito 7,sí
traumatología,64.0,hombre,3.0,3.0,1.0,domicilio,sí,4.0,no,hospital E,N/D,11/06/2024,no,distrito 3,no
traumatología,65.0,hombre,12.0,2.0,0.0,domicilio,no,3.0,no,hospital B,urgente,21/10/2024,no,distrito 4,no
medicina interna,54.0,hombre,13.0,1.0,1.0,domicilio,no,28.0,sí,hospital A,urgente,24/06/2025,no,distrito 10,no
neumología,67.0,hombre,3.0,0.0,0.0,residencia,no,9.0,no,hospital E,urgente,13/02/2025,no,distrito 9,no
traumatología,88.0,mujer,14.0,2.0,0.0,centro de media estancia,no,4.0,sí,hospital B,programado,26/06/2024,no,distrito 2,no
cirugía general,64.0,mujer,4.0,1.0,4.0,centro de media estancia,sí,7.0,no,hospital B,N/D,27/10/2024,no,distrito 9,no
medicina interna,21.0,hombre,-99.0,1.0,1.0,domicilio,sí,3.0,no,hospital F,urgente,28/08/2024,si,distrito 1,no
  traumatología ,71.0,hombre,11.0,10.0,0.0,domicilio,sí,11.0,no,hospital F,urgente,09/03/2025,no,distrito 5,no
traumatología,75.0,mujer,9.0,1.0,2.0,hospitalización a domicilio,sí,9.0,no,hospital E,urgente,01/07/2024,no,distrito 3,sí
traumatología,75.0,mujer,6.0,0.0,0.0,domicilio,sí,10.0,no,hospital A,urgente,03/12/2024,no,distrito 2,no
medicina interna,90.0,mujer,7.0,4.0,0.0,centro de media estancia,no,1.0,sí,hospital B,programado,25/03/2025,si,distrito 8,sí
traumatología,84.0,hombre,12.0,7.0,1.0,domicilio,sí,3.0,sí,hospital F,urgente,21/07/2025,no,distrito 6,no
medicina interna,64.0,hombre,-99.0,0.0,2.0,domicilio,sí,6.0,no,hospital A,programado,02/08/2024,no,distrito 10,sí
digestivo,50.0,hombre,4.0,4.0,0.0,residencia,no,12.0,no,hospital A,urgente,18/06/2025,si,distrito 1,no
NEUMOLOGÍA,71.0,mujer,3.0,1.0,1.0,residencia,no,5.0,no,hospital F,urgente,03/05/2025,si,distrito 7,no
medicina interna,99.0,hombre,4.0,0.0,2.0,domicilio,no,4.0,no,hospital A,programado,01/10/2025,no,distrito 5,no
medicina interna,51.0,mujer,4.0,1.0,0.0,residencia,sí,8.0,no,hospital B,programado,02/09/2024,no,distrito 3,no
  medicina interna ,63.0,mujer,9.0,0.0,0.0,domicilio,sí,5.0,no,hospital A,N/D,08/07/2024,no,distrito 8,no
cardiología,86.0,hombre,5.0,1.0,1.0,hospitalización a domicilio,sí,7.0,no,hospital D,urgente,20/11/2024,no,distrito 3,no
  medicina interna ,68.0,hombre,12.0,0.0,1.0,centro de media estancia,no,8.0,no,hospital C,programado,15/11/2025,no,distrito 5,sí
cardiología,93.0,mujer,-99.0,5.0,0.0,domicilio,no,12.0,sí,hospital C,urgente,26/08/2024,no,distrito 10,no
traumatología,69.0,mujer,4.0,1.0,1.0,domicilio,no,16.0,no,hospital C,urgente,14/05/2025,no,distrito 4,sí
  neumología ,75.0,hombre,2.0,6.0,0.0,domicilio,sí,3.0,no,hospital D,urgente,05/01/2025,si,distrito 1,no
traumatologia,89.0,hombre,2.0,2.0,0.0,centro de media estancia,sí,5.0,no,hospital F,urgente,22/02/2025,no,distrito 2,no
neumologia,89.0,hombre,9.0,0.0,0.0,domicilio,no,15.0,sí,hospital A,programado,13/07/2025,no,distrito 3,no
  medicina interna ,57.0,mujer,9.0,3.0,0.0,domicilio,no,9.0,no,hospital B,programado,16/12/2024,no,distrito 9,sí
traumatologia,49.0,mujer,7.0,2.0,2.0,domicilio,sí,4.0,no,hospital C,urgente,13/10/2024,no,distrito 10,no
traumatología,62.0,hombre,12.0,1.0,0.0,domicilio,no,7.0,no,hospital A,N/D,09/10/2025,no,distrito 1,sí
  cardiología ,95.0,mujer,4.0,4.0,0.0,domicilio,sí,15.0,sí,hospital D,urgente,06/04/2025,no,distrito 8,no
medicina interna,50.0,mujer,1.0,0.0,1.0,domicilio,sí,4.0,no,hospital D,urgente,19/07/2025,no,distrito 5,sí
CARDIOLOGÍA,76.0,hombre,6.0,1.0,3.0,domicilio,no,13.0,sí,hospital A,programado,19/12/2024,no,distrito 1,no
cirugia general,80.0,hombre,-99.0,0.0,2.0,domicilio,no,11.0,no,hospital D,urgente,30/09/2025,no,distrito 6,no
cirugía general,36.0,mujer,4.0,1.0,0.0,domicilio,sí,5.0,no,hospital A,urgente,03/05/2025,no,distrito 3,sí
  cirugía general ,47.0,mujer,-99.0,3.0,0.0,domicilio,sí,2.0,sí,hospital A,programado,27/01/2025,no,distrito 3,no
traumatología,55.0,mujer,6.0,2.0,0.0,domicilio,no,11.0,sí,hospital B,urgente,11/08/2024,no,distrito 7,no
neumología,49.0,hombre,2.0,2.0,0.0,domicilio,no,4.0,no,hospital B,programado,06/10/2024,si,distrito 7,no
medicina interna,67.0,hombre,7.0,9.0,0.0,domicilio,no,3.0,no,hospital D,urgente,08/09/2025,si,distrito 7,sí
medicina interna,27.0,hombre,1.0,0.0,1.0,hospitalización a domicilio,sí,4.0,sí,hospital E,urgente,16/08/2025,no,distrito 8,sí
neumología,97.0,hombre,4.0,2.0,1.0,domicilio,sí,7.0,no,hospital C,urgente,27/01/2025,no,distrito 3,no
medicina interna,50.0,mujer,2.0,0.0,0.0,domicilio,sí,6.0,no,hospital E,urgente,30/10/2025,no,distrito 9,no
cardiología,45.0,mujer,19.0,6.0,0.0,residencia,sí,9.0,no,hospital B,urgente,28/06/2024,si,distrito 4,no
CARDIOLOGÍA,77.0,mujer,-99.0,0.0,1.0,residencia,sí,2.0,no,hospital B,programado,13/07/2024,no,distrito 10,sí
neumología,58.0,hombre,4.0,0.0,1.0,domicilio,sí,2.0,sí,hospital A,urgente,30/09/2024,no,distrito 4,sí
neumología,71.0,hombre,3.0,1.0,0.0,hospitalización a domicilio,sí,4.0,no,hospital F,urgente,08/03/2025,no,distrito 2,no
digestivo,69.0,mujer,20.0,2.0,0.0,domicilio,no,3.0,no,hospital C,urgente,14/09/2024,no,distrito 8,sí
medicina interna,65.0,mujer,4.0,0.0,3.0,domicilio,no,9.0,no,hospital A,urgente,19/12/2024,no,distrito 8,no
cardiología,69.0,hombre,3.0,0.0,1.0,domicilio,sí,2.0,sí,hospital A,N/D,26/01/2025,no,distrito 7,no
NEUMOLOGÍA,46.0,hombre,4.0,5.0,0.0,domicilio,sí,8.0,no,hospital E,programado,22/11/2025,no,distrito 2,no
medicina interna,58.0,mujer,5.0,0.0,3.0,domicilio,sí,7.0,no,hospital D,programado,16/03/2025,no,distrito 10,sí
  cirugía general ,75.0,hombre,3.0,0.0,0.0,residencia,no,17.0,sí,hospital E,urgente,05/09/2024,no,distrito 5,no
traumatología,65.0,mujer,10.0,1.0,0.0,domicilio,no,3.0,no,hospital D,urgente,12/07/2025,no,distrito 3,no
  neumología ,51.0,mujer,3.0,4.0,5.0,domicilio,no,3.0,sí,hospital F,urgente,18/09/2025,no,distrito 4,no
medicina interna,64.0,hombre,10.0,3.0,0.0,residencia,sí,9.0,no,hospital B,urgente,25/05/2025,si,distrito 4,no
neumologia,55.0,hombre,3.0,3.0,0.0,domicilio,no,4.0,no,hospital D,urgente,04/06/2024,no,distrito 2,no
medicina interna,88.0,hombre,1.0,5.0,0.0,domicilio,sí,1.0,no,hospital B,programado,11/05/2025,si,distrito 2,no
digestivo,66.0,hombre,3.0,0.0,1.0,domicilio,no,2.0,no,hospital C,programado,18/06/2024,no,distrito 6,sí
cirugia general,71.0,mujer,11.0,1.0,2.0,domicilio,sí,3.0,no,hospital B,urgente,11/07/2024,no,distrito 7,sí
  cardiología ,56.0,mujer,9.0,1.0,0.0,hospitalización a domicilio,sí,7.0,no,hospital B,urgente,24/07/2025,no,distrito 1,sí
medicina interna,61.0,mujer,2.0,2.0,0.0,domicilio,no,7.0,no,hospital D,urgente,20/09/2025,no,distrito 10,no
  medicina interna ,55.0,hombre,16.0,0.0,0.0,domicilio,sí,2.0,sí,hospital C,urgente,27/11/2024,no,distrito 2,no
CIRUGÍA GENERAL,61.0,mujer,1.0,1.0,2.0,domicilio,sí,8.0,no,hospital E,urgente,25/10/2025,no,distrito 5,no
cirugía general,47.0,mujer,2.0,3.0,1.0,domicilio,no,9.0,sí,hospital A,programado,29/05/2025,no,distrito 1,no
cirugía general,47.0,hombre,3.0,2.0,0.0,domicilio,no,3.0,no,hospital A,programado,29/10/2025,si,distrito 9,sí
  cirugía general ,52.0,hombre,2.0,4.0,0.0,domicilio,no,3.0,sí,hospital A,programado,11/11/2024,si,distrito 9,no
medicina interna,89.0,mujer,5.0,1.0,2.0,domicilio,no,10.0,sí,hospital A,programado,19/12/2024,no,distrito 1,sí
digestivo,71.0,mujer,7.0,1.0,0.0,domicilio,no,1.0,sí,hospital F,programado,12/01/2025,no,distrito 6,sí
cirugía general,69.0,hombre,-99.0,1.0,0.0,domicilio,sí,7.0,no,hospital E,urgente,28/03/2025,no,distrito 4,sí
CIRUGÍA GENERAL,55.0,hombre,11.0,7.0,0.0,domicilio,sí,13.0,no,hospital F,urgente,20/01/2025,no,distrito 7,no
medicina interna,52.0,mujer,8.0,4.0,1.0,domicilio,sí,4.0,no,hospital F,programado,27/10/2025,no,distrito 4,no
medicina interna,51.0,mujer,2.0,1.0,0.0,centro de media estancia,sí,5.0,no,hospital F,urgente,06/09/2025,no,distrito 3,no
cirugía general,76.0,hombre,10.0,10.0,0.0,domicilio,no,2.0,no,hospital C,programado,09/09/2025,no,distrito 10,sí
digestivo,100.0,hombre,3.0,3.0,2.0,domicilio,sí,9.0,no,hospital E,urgente,22/06/2025,no,distrito 3,no
MEDICINA INTERNA,71.0,mujer,2.0,0.0,0.0,domicilio,sí,9.0,no,hospital F,urgente,18/03/2025,no,distrito 10,no
medicina interna,75.0,hombre,5.0,1.0,0.0,domicilio,no,6.0,no,hospital F,urgente,04/04/2025,no,distrito 6,sí
traumatología,75.0,hombre,15.0,2.0,0.0,domicilio,sí,4.0,no,hospital E,urgente,20/11/2024,no,distrito 4,no
  digestivo ,51.0,hombre,15.0,3.0,0.0,residencia,sí,5.0,no,hospital C,urgente,17/07/2025,no,distrito 3,sí
medicina interna,66.0,hombre,4.0,1.0,1.0,domicilio,sí,1.0,no,hospital B,N/D,27/01/2025,no,distrito 5,sí
medicina interna,79.0,mujer,5.0,6.0,1.0,domicilio,sí,14.0,no,hospital E,urgente,14/05/2025,no,distrito 8,sí
cardiología,60.0,hombre,12.0,0.0,0.0,domicilio,no,13.0,no,hospital A,urgente,18/11/2025,no,distrito 3,no
cirugía general,88.0,mujer,-99.0,5.0,1.0,domicilio,sí,3.0,no,hospital B,urgente,05/11/2024,no,distrito 6,no
digestivo,87.0,mujer,4.0,1.0,0.0,domicilio,sí,3.0,sí,hospital A,programado,23/07/2024,no,distrito 1,sí
digestivo,79.0,hombre,9.0,0.0,0.0,domicilio,no,9.0,no,hospital C,programado,15/03/2025,no,distrito 1,no
medicina interna,75.0,mujer,9.0,3.0,2.0,residencia,no,8.0,no,hospital D,urgente,19/05/2025,si,distrito 7,no
digestivo,34.0,hombre,13.0,0.0,0.0,domicilio,sí,2.0,no,hospital B,programado,11/08/2025,no,distrito 4,sí
medicina interna,66.0,hombre,5.0,2.0,0.0,domicilio,no,3.0,no,hospital B,N/D,24/10/2025,no,distrito 9,sí
medicina interna,65.0,mujer,15.0,1.0,0.0,residencia,sí,12.0,sí,hospital F,programado,30/05/2025,no,distrito 5,sí
CARDIOLOGÍA,51.0,hombre,6.0,3.0,1.0,domicilio,sí,9.0,no,hospital B,urgente,17/08/2025,no,distrito 3,no
traumatología,44.0,hombre,3.0,2.0,0.0,domicilio,sí,3.0,sí,hospital F,programado,08/02/2025,no,distrito 1,sí
neumología,57.0,hombre,10.0,1.0,0.0,domicilio,sí,0.0,sí,hospital B,programado,11/02/2025,no,distrito 5,no
  cirugía general ,67.0,mujer,7.0,1.0,0.0,domicilio,sí,5.0,no,hospital B,N/D,06/09/2024,no,distrito 10,no
traumatología,28.0,hombre,2.0,6.0,0.0,domicilio,no,2.0,no,hospital C,urgente,13/11/2024,no,distrito 6,no
medicina interna,89.0,hombre,4.0,3.0,0.0,domicilio,no,8.0,sí,hospital F,urgente,12/08/2025,no,distrito 7,no
traumatología,72.0,mujer,6.0,4.0,1.0,hospitalización a domicilio,sí,1.0,sí,hospital F,urgente,30/04/2025,no,distrito 3,no
medicina interna,78.0,hombre,6.0,4.0,0.0,domicilio,sí,10.0,no,hospital A,urgente,12/11/2025,si,distrito 3,no
cardiología,42.0,mujer,7.0,6.0,0.0,domicilio,sí,11.0,no,hospital F,urgente,26/04/2025,no,distrito 10,no
traumatología,79.0,hombre,8.0,2.0,1.0,domicilio,no,13.0,no,hospital C,programado,16/08/2025,no,distrito 2,no
digestivo,73.0,mujer,11.0,1.0,0.0,domicilio,no,17.0,no,hospital F,urgente,21/11/2024,no,distrito 6,sí
NEUMOLOGÍA,62.0,mujer,4.0,1.0,3.0,domicilio,sí,2.0,no,hospital E,urgente,15/10/2025,no,distrito 6,no
medicina interna,73.0,hombre,4.0,6.0,0.0,domicilio,sí,8.0,no,hospital B,programado,13/09/2024,no,distrito 3,no
cardiología,82.0,hombre,6.0,0.0,0.0,residencia,sí,17.0,sí,hospital D,urgente,06/11/2024,no,distrito 8,no
medicina interna,60.0,mujer,16.0,2.0,3.0,hospitalización a domicilio,no,5.0,sí,hospital A,urgente,17/10/2025,no,distrito 2,sí
cirugía general,58.0,mujer,13.0,0.0,1.0,domicilio,no,5.0,sí,hospital D,programado,13/01/2025,no,distrito 7,no
neumología,100.0,hombre,7.0,6.0,6.0,domicilio,sí,6.0,sí,hospital F,urgente,15/06/2025,si,distrito 10,sí
medicina interna,79.0,hombre,10.0,0.0,0.0,domicilio,sí,6.0,sí,hospital E,programado,22/04/2025,no,distrito 10,no
CIRUGÍA GENERAL,59.0,hombre,6.0,0.0,0.0,centro de media estancia,no,11.0,no,hospital A,urgente,24/02/2025,no,distrito 2,sí
medicina interna,66.0,hombre,4.0,3.0,1.0,hospitalización a domicilio,no,5.0,no,hospital B,urgente,24/03/2025,si,distrito 4,no
CARDIOLOGÍA,92.0,hombre,2.0,0.0,0.0,domicilio,sí,1.0,no,hospital B,urgente,04/11/2024,no,distrito 3,sí
medicina interna,77.0,hombre,7.0,6.0,2.0,residencia,sí,6.0,no,hospital F,urgente,10/09/2025,no,distrito 4,no
medicina interna,51.0,hombre,-99.0,2.0,0.0,hospitalización a domicilio,sí,7.0,no,hospital E,urgente,23/06/2024,no,distrito 2,no
traumatología,68.0,mujer,13.0,1.0,1.0,domicilio,sí,0.0,no,hospital E,programado,11/09/2025,no,distrito 1,no
MEDICINA INTERNA,65.0,mujer,6.0,1.0,0.0,hospitalización a domicilio,no,16.0,no,hospital A,N/D,16/03/2025,no,distrito 10,sí
  medicina interna ,55.0,hombre,16.0,1.0,1.0,domicilio,no,4.0,no,hospital D,urgente,21/08/2024,no,distrito 6,no
cardiología,59.0,hombre,2.0,0.0,3.0,domicilio,sí,1.0,no,hospital F,urgente,21/12/2024,no,distrito 2,no
cardiología,88.0,hombre,2.0,0.0,2.0,domicilio,sí,1.0,sí,hospital C,programado,26/07/2024,no,distrito 10,no
traumatología,39.0,hombre,3.0,8.0,0.0,domicilio,sí,10.0,no,hospital D,urgente,31/07/2024,no,distrito 8,sí
medicina interna,76.0,mujer,2.0,0.0,3.0,domicilio,no,2.0,no,hospital F,urgente,08/07/2025,no,distrito 10,sí
medicina interna,74.0,hombre,2.0,1.0,0.0,domicilio,sí,6.0,no,hospital F,urgente,10/09/2025,no,distrito 7,sí
  medicina interna ,73.0,hombre,16.0,2.0,1.0,domicilio,sí,11.0,no,hospital C,urgente,04/10/2025,no,distrito 1,sí
medicina interna,38.0,mujer,7.0,4.0,0.0,domicilio,no,6.0,no,hospital E,urgente,20/05/2025,no,distrito 9,no
neumología,65.0,mujer,-99.0,1.0,0.0,hospitalización a domicilio,sí,4.0,sí,hospital A,programado,02/06/2025,no,distrito 6,no
medicina interna,69.0,hombre,6.0,6.0,0.0,domicilio,no,6.0,no,hospital A,urgente,27/07/2025,si,distrito 9,sí
neumología,64.0,mujer,6.0,0.0,1.0,domicilio,no,14.0,no,hospital D,urgente,27/07/2025,no,distrito 6,no
MEDICINA INTERNA,40.0,hombre,9.0,0.0,3.0,hospitalización a domicilio,sí,5.0,no,hospital C,urgente,20/10/2024,no,distrito 2,no
medicina interna,99.0,hombre,12.0,6.0,0.0,domicilio,sí,5.0,sí,hospital D,urgente,16/11/2025,si,distrito 1,sí
neumología,62.0,hombre,5.0,5.0,0.0,domicilio,sí,13.0,no,hospital D,programado,06/06/2025,no,distrito 6,sí
cardiología,71.0,hombre,4.0,0.0,3.0,domicilio,sí,6.0,no,hospital B,urgente,27/01/2025,no,distrito 8,no
medicina interna,56.0,hombre,4.0,0.0,1.0,domicilio,sí,16.0,no,hospital F,programado,06/09/2024,no,distrito 9,sí
  cirugía general ,73.0,mujer,4.0,3.0,0.0,domicilio,sí,9.0,no,hospital D,programado,07/07/2024,no,distrito 3,sí
neumología,78.0,mujer,31.0,1.0,1.0,domicilio,sí,2.0,sí,hospital E,urgente,08/11/2025,no,distrito 7,no
medicina interna,61.0,mujer,11.0,9.0,0.0,domicilio,sí,6.0,sí,hospital D,urgente,16/09/2024,no,distrito 7,sí
  traumatología ,73.0,mujer,3.0,0.0,0.0,domicilio,sí,0.0,no,hospital E,programado,07/09/2024,no,distrito 2,sí
neumología,100.0,hombre,15.0,2.0,1.0,domicilio,sí,12.0,sí,hospital B,urgente,23/08/2024,no,distrito 9,no
CARDIOLOGÍA,64.0,mujer,7.0,0.0,1.0,domicilio,sí,13.0,sí,hospital C,programado,06/07/2024,no,distrito 10,no
  traumatología ,71.0,hombre,9.0,5.0,0.0,domicilio,no,2.0,no,hospital E,programado,03/10/2025,no,distrito 2,no
traumatología,58.0,mujer,4.0,12.0,0.0,domicilio,sí,3.0,no,hospital B,urgente,25/10/2025,si,distrito 10,no
cardiología,53.0,hombre,-99.0,0.0,1.0,hospitalización a domicilio,sí,7.0,no,hospital D,urgente,15/02/2025,no,distrito 5,sí
cirugía general,68.0,hombre,10.0,6.0,3.0,domicilio,sí,18.0,no,hospital E,urgente,30/04/2025,no,distrito 9,no
CIRUGÍA GENERAL,99.0,mujer,5.0,0.0,0.0,domicilio,no,1.0,no,hospital E,programado,09/06/2025,no,distrito 8,no
CIRUGÍA GENERAL,60.0,hombre,20.0,0.0,0.0,domicilio,sí,17.0,no,hospital F,urgente,01/07/2025,no,distrito 1,sí
cardiología,68.0,mujer,3.0,1.0,0.0,hospitalización a domicilio,sí,7.0,no,hospital F,urgente,23/07/2025,no,distrito 6,no
  traumatología ,67.0,mujer,6.0,1.0,1.0,domicilio,sí,10.0,sí,hospital F,urgente,10/06/2025,no,distrito 7,sí
  medicina interna ,99.0,hombre,7.0,10.0,1.0,residencia,sí,7.0,sí,hospital B,programado,07/10/2024,si,distrito 8,no
cirugía general,92.0,mujer,4.0,10.0,4.0,domicilio,sí,6.0,no,hospital C,urgente,12/11/2024,si,distrito 8,no
medicina interna,60.0,hombre,2.0,0.0,1.0,residencia,no,3.0,no,hospital D,urgente,20/04/2025,no,distrito 9,sí
medicina interna,89.0,mujer,5.0,0.0,2.0,domicilio,sí,2.0,no,hospital D,urgente,03/12/2024,no,distrito 9,sí
cardiología,25.0,hombre,5.0,6.0,0.0,domicilio,no,3.0,no,hospital D,urgente,17/07/2024,no,distrito 3,no
neumología,90.0,hombre,2.0,2.0,0.0,domicilio,sí,8.0,no,hospital C,urgente,11/04/2025,si,distrito 9,sí
  traumatología ,77.0,mujer,10.0,5.0,3.0,domicilio,sí,7.0,no,hospital A,urgente,18/06/2025,no,distrito 7,no
cardiología,77.0,hombre,4.0,0.0,1.0,domicilio,sí,5.0,no,hospital D,urgente,05/05/2025,no,distrito 3,no
  cirugía general ,64.0,mujer,3.0,3.0,2.0,residencia,no,6.0,no,hospital D,urgente,01/10/2025,no,distrito 5,no
digestivo,59.0,hombre,3.0,0.0,0.0,domicilio,sí,5.0,no,hospital B,urgente,02/07/2024,no,distrito 7,no
medicina interna,63.0,mujer,5.0,1.0,0.0,residencia,no,9.0,no,hospital C,urgente,29/03/2025,no,distrito 7,sí
traumatología,81.0,hombre,-99.0,0.0,0.0,residencia,no,6.0,no,hospital E,urgente,12/02/2025,no,distrito 7,no
traumatología,22.0,hombre,8.0,1.0,1.0,domicilio,sí,5.0,sí,hospital A,programado,15/12/2024,no,distrito 4,no
medicina interna,43.0,mujer,5.0,0.0,0.0,domicilio,no,6.0,sí,hospital D,urgente,21/07/2025,no,distrito 4,sí
traumatología,84.0,hombre,-99.0,2.0,0.0,domicilio,sí,1.0,no,hospital C,urgente,29/04/2025,no,distrito 6,no
MEDICINA INTERNA,57.0,mujer,2.0,1.0,0.0,domicilio,no,15.0,no,hospital F,programado,12/05/2025,no,distrito 3,sí
cirugía general,55.0,hombre,3.0,0.0,0.0,domicilio,sí,2.0,no,hospital B,programado,27/10/2024,no,distrito 7,no
neumología,60.0,hombre,8.0,1.0,0.0,domicilio,no,1.0,no,hospital A,urgente,30/04/2025,no,distrito 7,no
cirugía general,57.0,mujer,1.0,5.0,0.0,domicilio,no,2.0,no,hospital A,urgente,08/10/2025,no,distrito 5,no
traumatología,37.0,hombre,9.0,1.0,3.0,domicilio,sí,1.0,no,hospital D,programado,25/11/2024,no,distrito 9,no
neumología,87.0,mujer,-99.0,4.0,2.0,domicilio,no,5.0,sí,hospital E,urgente,05/01/2025,no,distrito 6,sí
TRAUMATOLOGÍA,80.0,hombre,0.0,3.0,1.0,domicilio,no,2.0,no,hospital F,programado,21/08/2024,no,distrito 9,no
TRAUMATOLOGÍA,69.0,hombre,4.0,3.0,0.0,domicilio,no,1.0,no,hospital F,urgente,29/07/2025,no,distrito 2,sí
neumología,64.0,mujer,2.0,1.0,2.0,domicilio,no,9.0,sí,hospital B,urgente,25/02/2025,no,distrito 5,no
traumatología,65.0,hombre,1.0,3.0,1.0,hospitalización a domicilio,sí,2.0,no,hospital F,urgente,12/06/2025,no,distrito 5,no
medicina interna,62.0,hombre,3.0,1.0,2.0,centro de media estancia,no,7.0,sí,hospital B,programado,27/10/2024,no,distrito 1,no
  cirugía general ,48.0,hombre,6.0,5.0,1.0,domicilio,no,4.0,no,hospital F,N/D,23/09/2025,no,distrito 1,no
cirugía general,74.0,mujer,6.0,3.0,0.0,domicilio,sí,5.0,sí,hospital D,urgente,10/08/2024,no,distrito 7,sí
medicina interna,65.0,mujer,9.0,0.0,1.0,domicilio,sí,4.0,sí,hospital A,urgente,20/01/2025,no,distrito 9,no
medicina interna,59.0,mujer,21.0,5.0,3.0,domicilio,sí,7.0,no,hospital E,programado,01/04/2025,no,distrito 8,no
CIRUGÍA GENERAL,72.0,hombre,2.0,6.0,0.0,hospitalización a domicilio,sí,5.0,sí,hospital F,urgente,12/09/2025,no,distrito 7,no
MEDICINA INTERNA,84.0,mujer,1.0,2.0,3.0,domicilio,no,7.0,sí,hospital A,urgente,22/08/2025,no,distrito 1,no
medicina interna,50.0,mujer,-99.0,0.0,3.0,domicilio,no,13.0,sí,hospital A,urgente,12/10/2024,no,distrito 8,no
neumología,33.0,mujer,7.0,1.0,1.0,domicilio,no,8.0,no,hospital D,urgente,15/09/2025,no,distrito 7,sí
  cardiología ,80.0,mujer,4.0,0.0,0.0,domicilio,no,6.0,sí,hospital A,urgente,30/05/2025,no,distrito 8,sí
neumología,96.0,mujer,2.0,2.0,1.0,domicilio,no,1.0,no,hospital A,N/D,07/06/2024,si,distrito 3,sí
cirugía general,65.0,hombre,4.0,1.0,1.0,domicilio,sí,3.0,sí,hospital E,programado,24/08/2025,no,distrito 3,sí
digestivo,75.0,mujer,3.0,7.0,0.0,domicilio,no,10.0,no,hospital B,programado,22/05/2025,si,distrito 6,no
traumatología,36.0,mujer,25.0,0.0,0.0,domicilio,no,5.0,no,hospital D,urgente,10/07/2025,no,distrito 3,sí
medicina interna,68.0,hombre,3.0,0.0,0.0,domicilio,sí,3.0,no,hospital C,programado,27/09/2024,no,distrito 2,no
  digestivo ,95.0,mujer,9.0,4.0,0.0,domicilio,sí,12.0,no,hospital F,urgente,21/01/2025,no,distrito 2,sí
neumología,54.0,hombre,14.0,3.0,2.0,hospitalización a domicilio,no,2.0,no,hospital F,urgente,17/06/2025,no,distrito 9,sí
cirugía general,60.0,hombre,3.0,0.0,0.0,domicilio,sí,0.0,sí,hospital A,urgente,22/10/2024,no,distrito 5,sí
CIRUGÍA GENERAL,59.0,hombre,26.0,1.0,1.0,residencia,no,4.0,sí,hospital C,urgente,25/10/2024,no,distrito 6,sí
neumología,82.0,hombre,4.0,2.0,0.0,domicilio,no,3.0,no,hospital B,programado,01/04/2025,no,distrito 6,sí
cirugía general,68.0,hombre,2.0,0.0,2.0,domicilio,no,0.0,no,hospital A,programado,15/11/2025,no,distrito 5,sí
traumatología,100.0,mujer,14.0,0.0,0.0,domicilio,no,7.0,no,hospital A,urgente,09/07/2025,no,distrito 3,no
medicina interna,72.0,mujer,1.0,5.0,0.0,domicilio,sí,8.0,sí,hospital D,programado,28/03/2025,si,distrito 2,no
  traumatología ,58.0,hombre,1.0,1.0,0.0,domicilio,no,8.0,no,hospital B,programado,14/03/2025,no,distrito 9,sí
medicina interna,89.0,hombre,12.0,1.0,0.0,domicilio,sí,9.0,no,hospital B,programado,31/07/2025,no,distrito 1,no
NEUMOLOGÍA,68.0,mujer,5.0,5.0,0.0,domicilio,sí,4.0,sí,hospital A,urgente,17/07/2025,si,distrito 2,sí
digestivo,51.0,mujer,2.0,0.0,2.0,domicilio,sí,1.0,no,hospital F,urgente,19/04/2025,no,distrito 4,sí
cirugía general,64.0,mujer,11.0,13.0,0.0,residencia,no,2.0,no,hospital C,programado,04/06/2025,si,distrito 7,sí
medicina interna,49.0,mujer,14.0,9.0,0.0,hospitalización a domicilio,no,5.0,sí,hospital F,urgente,08/10/2025,no,distrito 7,sí
cirugía general,90.0,mujer,2.0,3.0,1.0,domicilio,sí,1.0,no,hospital D,programado,15/06/2024,no,distrito 1,sí
medicina interna,53.0,mujer,13.0,5.0,1.0,domicilio,sí,8.0,sí,hospital A,N/D,01/06/2024,no,distrito 3,no
cirugía general,63.0,hombre,6.0,0.0,2.0,residencia,sí,8.0,no,hospital D,urgente,16/09/2024,no,distrito 8,no
digestivo,64.0,hombre,5.0,1.0,0.0,domicilio,sí,3.0,no,hospital F,urgente,18/07/2025,si,distrito 3,no
medicina interna,60.0,hombre,7.0,8.0,0.0,residencia,sí,7.0,sí,hospital A,urgente,21/07/2025,no,distrito 3,no
digestivo,97.0,mujer,3.0,1.0,2.0,domicilio,sí,3.0,no,hospital D,urgente,04/10/2024,si,distrito 8,sí
digestivo,79.0,hombre,-99.0,7.0,0.0,domicilio,sí,3.0,sí,hospital C,urgente,02/01/2025,no,distrito 7,sí
neumología,73.0,mujer,4.0,2.0,0.0,domicilio,no,11.0,no,hospital C,urgente,25/08/2025,no,distrito 2,no
  traumatología ,87.0,hombre,7.0,2.0,0.0,domicilio,sí,10.0,no,hospital C,programado,16/04/2025,no,distrito 1,no
cirugía general,44.0,hombre,7.0,0.0,5.0,domicilio,no,3.0,no,hospital F,programado,16/06/2024,no,distrito 8,no
traumatología,61.0,hombre,4.0,1.0,0.0,domicilio,no,5.0,no,hospital D,urgente,03/03/2025,no,distrito 1,no
medicina interna,82.0,mujer,8.0,5.0,0.0,domicilio,sí,7.0,no,hospital F,programado,15/05/2025,no,distrito 5,sí
traumatologia,53.0,mujer,8.0,2.0,0.0,domicilio,no,1.0,no,hospital B,urgente,20/04/2025,no,distrito 8,no
cirugía general,94.0,hombre,2.0,5.0,0.0,domicilio,no,5.0,sí,hospital E,urgente,15/09/2024,si,distrito 3,sí
cirugía general,52.0,mujer,21.0,0.0,0.0,domicilio,no,1.0,no,hospital A,programado,27/03/2025,no,distrito 10,sí
cardiología,32.0,mujer,3.0,3.0,0.0,domicilio,sí,3.0,sí,hospital D,programado,21/02/2025,no,distrito 5,no
MEDICINA INTERNA,50.0,mujer,10.0,2.0,0.0,residencia,sí,7.0,no,hospital A,N/D,13/11/2025,no,distrito 9,no
medicina interna,55.0,mujer,6.0,0.0,0.0,domicilio,sí,8.0,no,hospital D,programado,16/03/2025,no,distrito 5,no
cirugia general,90.0,hombre,8.0,6.0,0.0,residencia,no,13.0,no,hospital F,programado,20/12/2024,si,distrito 6,no
neumología,69.0,mujer,24.0,2.0,1.0,domicilio,sí,0.0,no,hospital C,urgente,12/04/2025,si,distrito 4,no
cirugía general,48.0,mujer,3.0,2.0,0.0,residencia,no,8.0,no,hospital D,programado,19/12/2024,no,distrito 9,sí
  cirugía general ,62.0,hombre,10.0,1.0,0.0,domicilio,no,1.0,no,hospital A,programado,04/11/2024,no,distrito 9,sí
medicina interna,55.0,mujer,8.0,1.0,1.0,domicilio,sí,3.0,no,hospital B,urgente,09/03/2025,no,distrito 9,sí
traumatología,89.0,hombre,14.0,3.0,0.0,residencia,no,1.0,no,hospital B,N/D,22/11/2025,no,distrito 5,sí
cardiología,58.0,hombre,-99.0,3.0,0.0,residencia,sí,4.0,sí,hospital D,programado,20/07/2025,si,distrito 10,no
neumología,61.0,hombre,1.0,0.0,2.0,domicilio,sí,4.0,no,hospital A,urgente,26/03/2025,no,distrito 9,sí
cardiología,80.0,mujer,10.0,1.0,0.0,domicilio,sí,5.0,no,hospital F,urgente,26/10/2024,no,distrito 4,sí
cardiología,42.0,hombre,2.0,8.0,0.0,domicilio,sí,4.0,sí,hospital D,programado,28/05/2025,si,distrito 6,sí
neumología,59.0,mujer,2.0,5.0,0.0,domicilio,no,6.0,no,hospital E,programado,17/06/2025,no,distrito 7,no
cirugía general,83.0,mujer,17.0,5.0,0.0,domicilio,no,3.0,no,hospital C,urgente,02/10/2025,no,distrito 7,sí
neumologia,90.0,mujer,8.0,1.0,0.0,domicilio,sí,7.0,sí,hospital C,urgente,10/07/2024,no,distrito 5,no
traumatología,53.0,mujer,9.0,2.0,0.0,domicilio,sí,7.0,no,hospital F,programado,30/12/2024,si,distrito 4,no
traumatología,52.0,mujer,3.0,2.0,3.0,residencia,no,8.0,no,hospital B,urgente,06/08/2024,no,distrito 2,no
medicina interna,35.0,mujer,7.0,1.0,2.0,domicilio,sí,5.0,no,hospital E,programado,28/08/2024,no,distrito 4,no
cirugía general,65.0,hombre,5.0,0.0,0.0,hospitalización a domicilio,sí,4.0,sí,hospital E,urgente,26/02/2025,no,distrito 6,no
cirugía general,42.0,mujer,8.0,1.0,3.0,hospitalización a domicilio,no,13.0,no,hospital E,urgente,23/08/2025,no,distrito 10,sí
cardiología,52.0,hombre,6.0,3.0,0.0,domicilio,sí,5.0,no,hospital D,urgente,01/06/2025,si,distrito 3,sí
neumología,82.0,hombre,7.0,0.0,1.0,residencia,sí,10.0,no,hospital D,programado,12/12/2024,no,distrito 8,sí
traumatología,92.0,hombre,8.0,3.0,0.0,domicilio,sí,0.0,sí,hospital D,urgente,18/12/2024,no,distrito 2,no
cirugía general,58.0,mujer,10.0,6.0,1.0,residencia,sí,3.0,no,hospital A,urgente,14/03/2025,no,distrito 5,no
  medicina interna ,63.0,mujer,5.0,2.0,0.0,residencia,no,4.0,no,hospital C,programado,18/08/2025,no,distrito 6,no
medicina interna,70.0,mujer,15.0,1.0,1.0,centro de media estancia,sí,2.0,sí,hospital E,N/D,26/01/2025,si,distrito 1,no
cirugía general,32.0,mujer,4.0,2.0,0.0,domicilio,sí,2.0,no,hospital E,N/D,24/12/2024,no,distrito 9,no
medicina interna,78.0,mujer,11.0,7.0,0.0,domicilio,sí,11.0,no,hospital F,programado,16/10/2025,no,distrito 3,no
traumatología,71.0,hombre,1.0,2.0,0.0,domicilio,no,8.0,no,hospital E,programado,12/03/2025,no,distrito 3,no
medicina interna,100.0,mujer,-99.0,0.0,0.0,domicilio,no,2.0,no,hospital C,urgente,07/02/2025,no,distrito 6,no
NEUMOLOGÍA,78.0,hombre,2.0,2.0,0.0,domicilio,sí,5.0,no,hospital E,urgente,16/10/2024,no,distrito 7,no
cirugía general,43.0,hombre,24.0,3.0,0.0,domicilio,no,15.0,sí,hospital F,urgente,17/04/2025,no,distrito 10,no
medicina interna,43.0,mujer,3.0,2.0,0.0,domicilio,sí,6.0,no,hospital F,urgente,26/04/2025,no,distrito 3,no
  traumatología ,75.0,hombre,6.0,0.0,1.0,domicilio,sí,10.0,no,hospital E,programado,17/08/2025,no,distrito 1,no
medicina interna,88.0,hombre,2.0,4.0,0.0,domicilio,sí,4.0,no,hospital D,urgente,04/08/2025,no,distrito 1,sí
medicina interna,72.0,mujer,2.0,0.0,0.0,domicilio,sí,5.0,sí,hospital B,urgente,24/02/2025,no,distrito 6,no
digestivo,85.0,mujer,7.0,2.0,0.0,domicilio,sí,3.0,sí,hospital E,urgente,30/04/2025,no,distrito 3,no
CARDIOLOGÍA,72.0,mujer,2.0,2.0,1.0,domicilio,no,3.0,sí,hospital C,programado,26/04/2025,no,distrito 9,sí
  medicina interna ,61.0,hombre,1.0,4.0,0.0,domicilio,sí,6.0,no,hospital E,urgente,04/05/2025,no,distrito 10,sí
CIRUGÍA GENERAL,82.0,hombre,13.0,1.0,0.0,domicilio,sí,4.0,sí,hospital E,urgente,04/09/2024,no,distrito 2,no
  medicina interna ,71.0,hombre,18.0,0.0,0.0,domicilio,sí,5.0,no,hospital D,urgente,20/06/2024,no,distrito 9,sí
medicina interna,99.0,hombre,4.0,1.0,0.0,domicilio,sí,8.0,sí,hospital E,urgente,23/03/2025,no,distrito 2,sí
cardiologia,90.0,mujer,3.0,2.0,1.0,domicilio,no,10.0,no,hospital B,N/D,30/01/2025,no,distrito 7,no
cardiología,54.0,mujer,1.0,0.0,0.0,centro de media estancia,no,20.0,no,hospital A,urgente,14/07/2024,no,distrito 7,no
traumatología,74.0,hombre,6.0,6.0,1.0,domicilio,no,4.0,no,hospital C,urgente,14/11/2024,si,distrito 6,sí
neumología,63.0,hombre,2.0,0.0,0.0,domicilio,sí,0.0,no,hospital B,programado,07/10/2025,no,distrito 8,sí
neumología,88.0,mujer,4.0,3.0,0.0,hospitalización a domicilio,sí,14.0,no,hospital C,programado,28/03/2025,si,distrito 5,sí
cirugía general,89.0,mujer,12.0,3.0,1.0,domicilio,sí,2.0,no,hospital B,urgente,05/01/2025,no,distrito 7,sí
medicina interna,60.0,hombre,14.0,0.0,0.0,domicilio,no,10.0,no,hospital B,N/D,20/10/2024,no,distrito 2,sí
medicina interna,79.0,mujer,1.0,2.0,0.0,domicilio,sí,4.0,no,hospital C,urgente,29/08/2025,no,distrito 5,no
medicina interna,47.0,hombre,9.0,0.0,0.0,domicilio,sí,2.0,no,hospital E,urgente,27/10/2024,no,distrito 5,no
NEUMOLOGÍA,77.0,hombre,10.0,6.0,0.0,domicilio,sí,9.0,no,hospital E,urgente,10/01/2025,no,distrito 7,no
neumología,78.0,hombre,2.0,7.0,0.0,domicilio,sí,9.0,no,hospital D,urgente,07/05/2025,no,distrito 9,no
  cirugía general ,55.0,mujer,6.0,3.0,0.0,domicilio,sí,1.0,sí,hospital F,urgente,26/07/2025,no,distrito 2,no
cirugía general,57.0,hombre,7.0,6.0,0.0,domicilio,sí,7.0,no,hospital E,urgente,22/01/2025,no,distrito 2,sí
cardiología,67.0,hombre,6.0,0.0,0.0,domicilio,sí,12.0,sí,hospital A,programado,11/05/2025,no,distrito 6,sí
  medicina interna ,68.0,hombre,10.0,6.0,0.0,domicilio,sí,1.0,sí,hospital D,urgente,14/07/2025,no,distrito 1,sí
cirugía general,65.0,mujer,7.0,0.0,1.0,domicilio,no,11.0,no,hospital D,urgente,21/11/2024,no,distrito 3,no
  cardiología ,58.0,hombre,-99.0,0.0,0.0,domicilio,no,0.0,no,hospital B,urgente,13/12/2024,no,distrito 8,no
traumatología,80.0,hombre,5.0,4.0,1.0,residencia,sí,9.0,no,hospital B,urgente,29/08/2025,si,distrito 3,no
traumatología,53.0,hombre,3.0,5.0,4.0,domicilio,no,4.0,no,hospital F,urgente,21/09/2025,no,distrito 2,no
traumatología,84.0,hombre,17.0,5.0,1.0,domicilio,sí,7.0,sí,hospital D,urgente,22/09/2024,no,distrito 3,no
TRAUMATOLOGÍA,65.0,hombre,2.0,0.0,0.0,domicilio,sí,8.0,sí,hospital C,programado,16/10/2024,no,distrito 3,no
medicina interna,51.0,hombre,5.0,0.0,0.0,domicilio,sí,4.0,no,hospital E,urgente,27/10/2024,no,distrito 10,no
TRAUMATOLOGÍA,71.0,hombre,5.0,0.0,1.0,domicilio,no,5.0,no,hospital A,programado,09/05/2025,no,distrito 9,sí
cardiología,80.0,mujer,3.0,0.0,0.0,hospitalización a domicilio,sí,9.0,no,hospital A,programado,04/11/2024,no,distrito 3,sí
digestivo,62.0,hombre,-99.0,3.0,3.0,domicilio,sí,10.0,no,hospital A,urgente,13/05/2025,no,distrito 3,sí
MEDICINA INTERNA,83.0,mujer,21.0,2.0,4.0,domicilio,no,4.0,no,hospital A,programado,10/07/2025,si,distrito 8,no
