edad,sexo,nivel_dependencia,convivencia,patologias_cronicas,caidas_previas,visitas_domiciliarias_anio,anios_servicio,dispositivo_avanzado,distrito,llamadas_anuales,ascensor,renta_hogar_eur,cuidador_principal,fecha_alta_servicio,empresa_prestadora
88.0,mujer,GRADO I,solo,1.0,3.0,39.0,5.8,sí,distrito 11,56.62795172685959,no,14 201,no,07/10/2016,prestadora B
78.0,mujer,grado I,solo,3.0,6.0,35.0,11.3,no,distrito 5,98.80628485580309,sí,4 897,no,27/09/2021,prestadora A
81.0,mujer,grado I,solo,5.0,8.0,7.0,4.1,no,distrito 7,397.6327952853645,sí,9 315,no,17/06/2023,prestadora B
79.0,hombre,sin valorar,solo,3.0,0.0,52.0,2.7,sí,distrito 8,38.09260198977449,sí,8 018,sí,12/01/2024,prestadora A
77.0,hombre,grado I,con pareja,6.0,3.0,9.0,2.0,no,distrito 9,50.905098539425694,no,8 423,no,27/07/2017,prestadora B
77.0,hombre,grado I,con pareja,7.0,4.0,142.0,2.8,no,distrito 7,184.39261002625756,no,19 153,sí,20/10/2019,prestadora A
97.0,hombre,  grado I ,solo,1.0,1.0,55.0,2.4,no,distrito 3,34.98266508917168,sí,22 428,sí,16/08/2020,prestadora A
86.0,mujer,grado I,con familia,1.0,2.0,5.0,2.5,sí,distrito 3,7.317798866936566,sí,21 344,N/D,23/10/2021,prestadora C
71.0,mujer,grado II,solo,1.0,0.0,18.0,0.9,no,distrito 4,30.587268562262082,sí,18 888,sí,25/01/2019,prestadora B
81.0,mujer,grado II,con familia,0.0,0.0,28.0,1.4,sí,distrito 5,14.755492741913848,sí,14 993,N/D,13/12/2017,prestadora B
76.0,mujer,SIN VALORAR,solo,1.0,2.0,121.0,6.2,sí,distrito 10,160.7619652892301,sí,5 155,no,04/12/2019,prestadora B
92.0,mujer,  grado I ,solo,4.0,0.0,40.0,8.2,sí,distrito 4,220.25320353619523,sí,9 966,no,09/03/2016,prestadora B
79.0,mujer,grado II,solo,1.0,0.0,63.0,0.8,no,distrito 2,195.85485849402957,no,14 026,sí,20/04/2016,prestadora B
78.0,mujer,grado III,solo,0.0,0.0,18.0,3.1,no,distrito 6,41.369418946357946,sí,29 021,no,29/07/2020,prestadora A
68.0,mujer,sin valorar,con familia,0.0,2.0,43.0,3.9,sí,distrito 10,15.360899719084346,sí,12 449,no,15/01/2017,prestadora B
80.0,hombre,grado I,con pareja,1.0,2.0,22.0,2.4,no,distrito 6,80.20455193076874,sí,11 348,no,07/11/2018,prestadora A
85.0,mujer,grado I,solo,7.0,0.0,29.0,14.1,no,distrito 6,1102.8440159339905,no,19 073,no,07/07/2024,prestadora B
86.0,mujer,GRADO II,solo,1.0,0.0,13.0,8.1,no,distrito 8,60.21247125996268,sí,9 164,sí,09/12/2019,prestadora A
87.0,hombre,grado II,con pareja,1.0,1.0,24.0,3.5,no,distrito 8,99.42206770903373,no,17 870,no,25/08/2020,prestadora B
72.0,hombre,grado I,con familia,5.0,1.0,77.0,0.4,sí,distrito 6,25.073585795051027,sí,11 948,sí,12/08/2021,prestadora C
78.0,hombre,grado III,solo,2.0,0.0,113.0,9.7,no,distrito 2,75.23391693441049,sí,7 050,no,25/06/2022,prestadora A
91.0,mujer,grado I,con familia,4.0,0.0,12.0,5.2,no,distrito 11,22.122106074736795,sí,10 284,sí,07/04/2024,prestadora A
96.0,hombre,grado II,solo,1.0,0.0,58.0,2.5,sí,distrito 3,43.04839944249528,no,15 311,no,12/06/2020,prestadora A
75.0,hombre,grado II,con pareja,4.0,1.0,52.0,1.0,sí,distrito 9,111.61705951025353,sí,17 407,sí,13/06/2017,prestadora C
91.0,mujer,grado III,solo,6.0,0.0,28.0,1.7,no,distrito 8,271.57391402572495,no,9 252,no,12/01/2022,prestadora A
92.0,hombre,GRADO I,con pareja,3.0,0.0,35.0,0.6,sí,distrito 1,25.142411663080992,sí,9 324,sí,10/06/2020,prestadora B
83.0,mujer,sin valorar,con pareja,0.0,0.0,25.0,2.9,no,distrito 1,9.316514261099057,sí,21 414,no,28/11/2020,prestadora C
76.0,hombre,grado III,solo,5.0,2.0,73.0,2.4,sí,distrito 10,484.77444775145915,no,15 277,no,12/04/2021,prestadora B
86.0,hombre,grado I,con pareja,4.0,0.0,129.0,3.1,sí,distrito 11,177.31381814444245,no,18 975,sí,31/08/2022,prestadora A
83.0,mujer,grado III,con pareja,2.0,0.0,46.0,5.0,no,distrito 2,93.51759791919942,sí,17 413,sí,03/03/2016,prestadora B
72.0,mujer,GRADO III,con pareja,2.0,0.0,32.0,1.0,sí,distrito 7,41.667583263019225,no,9 717,no,18/07/2022,prestadora B
80.0,mujer,GRADO II,con pareja,1.0,0.0,14.0,7.3,no,distrito 3,76.25216056700044,no,22 809,sí,06/11/2016,prestadora B
74.0,mujer,GRADO II,con pareja,5.0,0.0,17.0,2.8,no,distrito 8,260.9048189974238,sí,13 473,no,10/12/2018,prestadora C
66.0,hombre,GRADO III,con pareja,3.0,0.0,78.0,4.8,no,distrito 6,86.36393389421823,sí,12 086,no,19/08/2021,prestadora A
96.0,mujer,sin valorar,solo,5.0,1.0,19.0,6.3,sí,distrito 3,133.77893232073427,no,20 828,sí,26/04/2020,prestadora C
83.0,mujer,grado II,solo,2.0,0.0,26.0,2.4,no,distrito 1,65.7006047169605,sí,33 984,sí,03/11/2021,prestadora A
66.0,hombre,grado I,solo,4.0,1.0,28.0,1.5,sí,distrito 8,248.7649656922725,sí,9 563,no,23/09/2024,prestadora B
89.0,mujer,grado I,solo,1.0,3.0,34.0,3.4,sí,distrito 8,85.33586838534474,sí,26 266,sí,15/07/2022,prestadora A
82.0,mujer,  grado II ,solo,2.0,1.0,23.0,10.9,sí,distrito 1,79.88666849154276,sí,9 050,sí,26/07/2024,prestadora C
86.0,mujer,grado II,solo,2.0,0.0,114.0,4.1,no,distrito 7,37.608288130558506,sí,17 557,no,20/12/2023,prestadora C
87.0,mujer,grado II,solo,4.0,2.0,59.0,3.7,no,distrito 10,71.38834694200155,sí,13 210,no,18/03/2019,prestadora B
84.0,mujer,grado III,con pareja,1.0,0.0,11.0,0.5,no,distrito 2,31.793806116304932,no,15 142,sí,09/03/2020,prestadora A
96.0,mujer,grado III,con pareja,2.0,1.0,29.0,5.9,no,distrito 5,174.72673129006213,sí,11 765,sí,29/06/2019,prestadora C
84.0,mujer,sin valorar,solo,0.0,0.0,98.0,1.0,no,distrito 5,19.515960161023223,no,13 799,sí,04/05/2018,prestadora A
92.0,mujer,grado I,con pareja,2.0,0.0,52.0,7.4,no,distrito 1,52.919097148455435,sí,15 367,sí,16/03/2023,prestadora B
71.0,hombre,grado I,con pareja,1.0,1.0,57.0,0.3,no,distrito 3,58.833359586061164,no,6 250,sí,18/02/2021,prestadora B
68.0,hombre,grado I,con pareja,1.0,0.0,77.0,13.0,no,distrito 10,54.44299917756968,sí,15 159,no,26/03/2016,prestadora C
78.0,hombre,sin valorar,con pareja,6.0,0.0,35.0,1.3,no,distrito 9,31.096060218944718,sí,5 965,sí,02/06/2017,prestadora B
80.0,mujer,grado I,con pareja,0.0,0.0,37.0,0.6,no,distrito 11,10.856130410391518,sí,12 238,sí,27/08/2023,prestadora A
79.0,mujer,  sin valorar ,solo,7.0,0.0,58.0,3.1,sí,distrito 9,212.70529072919496,sí,18 062,sí,19/07/2016,prestadora C
99.0,hombre,grado I,solo,0.0,1.0,8.0,5.2,no,distrito 7,23.33872400133735,sí,23 680,sí,18/11/2019,prestadora C
84.0,mujer,grado II,solo,0.0,0.0,38.0,3.5,sí,distrito 9,18.34250224233015,sí,18 723,sí,14/07/2024,prestadora C
76.0,mujer,sin valorar,solo,5.0,0.0,76.0,0.2,no,distrito 5,40.18724106579789,no,24 380,no,27/01/2018,prestadora A
99.0,mujer,sin valorar,solo,3.0,0.0,75.0,6.3,sí,distrito 9,65.76673199204066,sí,19 324,no,16/09/2024,prestadora B
86.0,mujer,grado I,con familia,7.0,0.0,58.0,3.2,no,distrito 9,46.37185148035344,no,25 692,sí,29/06/2018,prestadora B
92.0,mujer,grado I,con pareja,2.0,2.0,17.0,5.5,no,distrito 11,19.439884879028412,no,14 496,sí,25/08/2023,prestadora C
94.0,mujer,grado I,solo,5.0,0.0,1.0,9.2,sí,distrito 4,101.91233068376928,sí,12 630,no,05/11/2020,prestadora B
90.0,hombre,grado II,con familia,10.0,2.0,19.0,0.9,sí,distrito 6,194.9780924445698,sí,16 527,sí,03/06/2019,prestadora A
91.0,mujer,grado II,con familia,5.0,1.0,20.0,1.5,sí,distrito 5,92.6748979673534,sí,11 551,no,29/11/2022,prestadora B
92.0,mujer,grado II,con pareja,1.0,0.0,67.0,5.7,no,distrito 1,15.95821090672908,no,13 102,sí,16/09/2019,prestadora C
81.0,mujer,  grado III ,con familia,8.0,0.0,13.0,7.1,sí,distrito 7,196.1130885625888,sí,14 499,sí,06/08/2021,prestadora B
86.0,hombre,GRADO II,solo,3.0,2.0,6.0,5.7,no,distrito 4,554.0543326738773,sí,21 267,sí,19/10/2018,prestadora A
77.0,hombre,GRADO II,con familia,1.0,0.0,136.0,3.1,sí,distrito 2,17.78716166356947,no,15 457,sí,07/01/2020,prestadora B
89.0,mujer,grado II,con pareja,0.0,0.0,46.0,0.3,sí,distrito 9,11.075925390211864,no,18 826,sí,31/12/2016,prestadora A
98.0,hombre,grado I,con familia,5.0,0.0,22.0,3.1,no,distrito 3,473.1598059339056,sí,9 063,sí,17/08/2017,prestadora B
75.0,mujer,grado II,con familia,7.0,0.0,7.0,3.0,no,distrito 5,108.53809569051718,no,10 052,no,20/12/2019,prestadora A
75.0,hombre,grado I,solo,1.0,1.0,9.0,7.4,sí,distrito 3,33.343036211166186,sí,19 731,sí,06/06/2017,prestadora C
89.0,mujer,  grado III ,solo,0.0,0.0,8.0,3.1,no,distrito 5,38.12617375169845,no,11 415,no,21/12/2021,prestadora A
83.0,hombre,GRADO I,con pareja,4.0,2.0,7.0,1.2,no,distrito 4,44.25412094543281,sí,5 526,no,07/06/2021,prestadora A
82.0,hombre,grado I,solo,2.0,1.0,16.0,7.6,no,distrito 8,114.30319000211344,no,10 584,no,24/06/2023,prestadora B
83.0,mujer,grado III,con pareja,0.0,1.0,14.0,5.3,no,distrito 11,46.46227685260299,sí,12 509,no,07/04/2018,prestadora C
78.0,mujer,grado I,solo,6.0,0.0,22.0,0.3,no,distrito 4,140.8396172989726,no,13 632,sí,25/08/2023,prestadora C
80.0,mujer,grado I,con pareja,1.0,1.0,19.0,8.6,no,distrito 4,69.22311344210587,sí,15 698,sí,26/05/2024,prestadora A
79.0,mujer,grado II,solo,1.0,1.0,69.0,1.5,no,distrito 4,66.18852556988092,sí,16 461,sí,11/02/2022,prestadora A
101.0,mujer,grado II,con pareja,2.0,0.0,53.0,4.6,no,distrito 3,148.29734397829068,sí,13 480,sí,11/08/2024,prestadora B
70.0,hombre,sin valorar,con pareja,0.0,0.0,20.0,1.4,no,distrito 7,8.362495048625068,sí,14 331,no,11/01/2023,prestadora C
77.0,mujer,  grado II ,solo,0.0,0.0,51.0,3.7,no,distrito 8,23.8057939319673,sí,20 192,no,26/08/2017,prestadora A
101.0,mujer,grado I,solo,7.0,1.0,12.0,3.1,sí,distrito 4,451.5722495377777,no,7 276,sí,20/10/2018,prestadora A
90.0,hombre,grado II,con pareja,0.0,1.0,50.0,10.8,no,distrito 6,18.5133944817103,no,29 414,sí,09/05/2022,prestadora A
90.0,hombre,grado II,con pareja,10.0,0.0,20.0,2.9,sí,distrito 11,328.1716791454905,no,18 826,N/D,03/03/2024,prestadora B
77.0,mujer,grado I,solo,0.0,0.0,24.0,5.6,no,distrito 9,9.982887169279532,sí,28 118,no,04/05/2022,prestadora B
77.0,mujer,grado II,solo,3.0,0.0,59.0,5.3,sí,distrito 5,182.10597685967022,no,10 193,sí,02/05/2023,prestadora B
85.0,mujer,grado I,con pareja,6.0,0.0,96.0,3.6,no,distrito 4,107.96000764491986,sí,13 928,sí,29/11/2016,prestadora A
87.0,hombre,sin valorar,con familia,6.0,0.0,33.0,4.2,no,distrito 9,84.39246921789585,sí,17 739,no,22/09/2017,prestadora A
84.0,hombre,sin valorar,con pareja,2.0,0.0,14.0,3.4,sí,distrito 11,26.75767130089302,sí,22 776,sí,31/03/2017,prestadora A
79.0,hombre,  grado I ,con pareja,0.0,0.0,4.0,5.4,sí,distrito 6,68.05058599254197,sí,19 615,sí,21/04/2024,prestadora A
77.0,mujer,sin valorar,con familia,12.0,0.0,33.0,1.6,sí,distrito 8,52.05820579947376,no,37 856,sí,21/10/2023,prestadora A
82.0,mujer,  grado I ,solo,2.0,0.0,64.0,15.3,no,distrito 7,184.66759945701517,sí,12 921,no,30/09/2024,prestadora B
88.0,mujer,grado I,con familia,0.0,1.0,18.0,0.4,sí,distrito 11,5.674806647325021,sí,13 602,sí,20/06/2019,prestadora A
86.0,hombre,sin valorar,con pareja,6.0,1.0,12.0,6.3,no,distrito 3,125.10739302144896,sí,15 019,sí,24/06/2018,prestadora C
88.0,hombre,grado I,con pareja,1.0,1.0,105.0,10.0,no,distrito 4,16.90936191775685,sí,12 504,sí,07/10/2023,prestadora C
97.0,hombre,grado I,con familia,4.0,0.0,49.0,0.4,no,distrito 7,65.22182723706919,sí,10 195,sí,08/06/2017,prestadora A
82.0,mujer,sin valorar,con pareja,11.0,0.0,48.0,12.6,no,distrito 3,142.61007932767075,sí,16 866,no,03/09/2019,prestadora A
89.0,hombre,grado I,solo,0.0,0.0,29.0,3.4,sí,distrito 8,60.675167019725855,sí,37 591,no,10/04/2024,prestadora A
67.0,mujer,grado I,solo,3.0,0.0,38.0,5.5,no,distrito 10,44.70560660994946,sí,14 369,no,15/10/2017,prestadora B
80.0,mujer,  grado I ,con familia,0.0,0.0,38.0,0.7,sí,distrito 11,4.724728855123655,sí,24 583,sí,23/09/2018,prestadora A
73.0,mujer,sin valorar,solo,7.0,0.0,106.0,3.1,no,distrito 2,349.5662380798506,sí,16 056,no,24/10/2017,prestadora B
93.0,hombre,grado II,solo,1.0,1.0,38.0,0.2,sí,distrito 5,66.73008444269381,sí,12 818,sí,25/06/2021,prestadora B
74.0,hombre,grado II,solo,1.0,0.0,17.0,6.2,no,distrito 9,64.00212083006969,sí,14 307,sí,30/06/2021,prestadora C
88.0,hombre,grado II,solo,2.0,0.0,3.0,1.2,no,distrito 10,85.52219911253125,sí,14 844,no,01/11/2019,prestadora C
79.0,mujer,grado II,solo,3.0,3.0,77.0,4.4,no,distrito 1,356.4550504500749,sí,18 691,sí,03/09/2024,prestadora A
77.0,hombre,sin valorar,con pareja,1.0,3.0,60.0,2.5,no,distrito 3,31.19099202923884,sí,10 308,no,07/06/2016,prestadora B
75.0,mujer,grado II,con familia,1.0,0.0,28.0,3.5,no,distrito 10,9.638065443961752,no,13 586,no,09/02/2019,prestadora B
88.0,mujer,grado I,solo,2.0,0.0,95.0,2.8,no,distrito 3,99.1148411610162,sí,18 441,sí,13/08/2016,prestadora B
93.0,hombre,sin valorar,solo,3.0,1.0,20.0,1.2,no,distrito 10,102.83594646812233,sí,16 014,no,31/10/2020,prestadora C
93.0,mujer,GRADO II,con familia,3.0,0.0,18.0,2.8,sí,distrito 6,53.64148035773271,sí,17 934,sí,29/10/2016,prestadora B
79.0,mujer,  grado I ,con pareja,3.0,1.0,27.0,2.6,no,distrito 6,30.13999172086046,sí,12 531,no,24/09/2019,prestadora B
83.0,hombre,sin valorar,con pareja,5.0,3.0,90.0,1.0,sí,distrito 2,34.96198572814035,sí,13 800,sí,29/05/2021,prestadora C
80.0,mujer,grado I,con familia,2.0,0.0,11.0,3.4,no,distrito 11,61.02426777471283,no,9 039,no,11/05/2017,prestadora C
73.0,mujer,grado I,con pareja,2.0,0.0,61.0,5.3,no,distrito 1,33.88072326249076,sí,11 654,sí,19/01/2018,prestadora C
76.0,hombre,sin valorar,solo,0.0,0.0,10.0,1.4,sí,distrito 4,18.133041960784855,sí,9 468,no,03/07/2024,prestadora A
88.0,mujer,grado I,solo,3.0,2.0,85.0,7.5,no,distrito 8,347.861857763045,sí,17 171,no,25/09/2022,prestadora B
76.0,mujer,grado III,solo,3.0,1.0,64.0,6.7,no,distrito 7,549.0046619199094,no,7 232,no,14/11/2016,prestadora A
76.0,mujer,grado II,solo,3.0,0.0,25.0,3.3,sí,distrito 6,143.79588106348848,sí,8 115,no,28/11/2022,prestadora A
93.0,hombre,SIN VALORAR,solo,3.0,0.0,13.0,1.7,sí,distrito 5,341.6821316665329,sí,14 275,no,09/04/2016,prestadora C
81.0,hombre,grado II,solo,2.0,2.0,64.0,0.9,no,distrito 10,108.72596241463074,no,9 804,no,18/09/2019,prestadora A
85.0,mujer,grado II,solo,0.0,0.0,46.0,6.0,no,distrito 6,84.49592292520231,sí,10 796,sí,24/05/2022,prestadora C
79.0,mujer,grado III,solo,6.0,1.0,88.0,9.8,no,distrito 2,1034.0593433238098,sí,17 090,no,09/05/2017,prestadora C
84.0,mujer,grado II,con pareja,0.0,0.0,29.0,1.6,no,distrito 9,8.897871189773387,no,11 068,sí,05/03/2022,prestadora B
82.0,mujer,grado I,con familia,2.0,0.0,12.0,2.9,sí,distrito 5,27.837741786442336,no,17 348,sí,02/10/2016,prestadora C
75.0,mujer,sin valorar,con familia,0.0,0.0,28.0,2.4,sí,distrito 9,16.59777754911753,sí,10 127,sí,13/03/2018,prestadora A
83.0,mujer,grado II,con pareja,1.0,0.0,50.0,2.2,no,distrito 8,25.372934040277336,no,22 600,no,22/03/2024,prestadora C
87.0,mujer,grado I,con pareja,0.0,0.0,41.0,1.5,sí,distrito 8,6.947829339010407,no,8 740,no,25/04/2024,prestadora C
85.0,mujer,  grado II ,solo,6.0,3.0,22.0,2.9,no,distrito 2,672.6607967008011,no,14 545,sí,09/08/2018,prestadora B
78.0,mujer,sin valorar,con pareja,0.0,0.0,25.0,6.3,no,distrito 6,17.997272921803628,sí,32 236,sí,26/02/2024,prestadora B
74.0,mujer,grado III,solo,1.0,0.0,72.0,1.8,sí,distrito 10,16.176429619975714,sí,19 177,sí,05/03/2019,prestadora B
92.0,mujer,grado II,con familia,2.0,0.0,78.0,13.4,no,distrito 4,74.68792903667467,sí,16 269,no,02/11/2019,prestadora A
73.0,hombre,grado II,con pareja,2.0,0.0,170.0,3.8,no,distrito 2,11.140206958788292,sí,11 334,sí,15/08/2016,prestadora B
76.0,mujer,SIN VALORAR,solo,6.0,0.0,17.0,6.5,sí,distrito 11,471.92091365579205,no,18 635,no,28/06/2018,prestadora B
81.0,mujer,grado II,solo,1.0,0.0,85.0,10.5,no,distrito 11,28.99720666829147,no,13 553,no,03/11/2019,prestadora B
77.0,mujer,grado I,solo,6.0,0.0,30.0,1.5,no,distrito 2,176.08518256144725,no,32 209,sí,24/09/2023,prestadora C
89.0,mujer,  grado I ,con pareja,4.0,0.0,31.0,1.7,no,distrito 2,155.10256602115192,no,8 764,no,10/03/2023,prestadora B
92.0,mujer,sin valorar,solo,2.0,0.0,29.0,1.6,no,distrito 6,116.89400426749572,no,12 914,no,13/06/2017,prestadora B
89.0,mujer,grado II,con pareja,0.0,0.0,14.0,3.6,no,distrito 8,70.20153080865072,sí,13 269,sí,19/02/2022,prestadora C
76.0,hombre,  grado II ,con pareja,2.0,0.0,12.0,3.4,no,distrito 6,93.97660163816342,no,16 205,no,15/07/2017,prestadora A
71.0,hombre,grado II,con pareja,3.0,2.0,22.0,8.3,sí,distrito 10,76.21251329221651,no,13 454,sí,15/10/2016,prestadora A
71.0,mujer,sin valorar,con pareja,0.0,0.0,3.0,2.5,no,distrito 3,14.469559608764877,no,9 815,no,26/10/2017,prestadora B
95.0,mujer,grado II,solo,4.0,1.0,26.0,1.7,no,distrito 3,217.30527402160328,no,27 060,sí,28/03/2020,prestadora A
79.0,mujer,GRADO II,solo,4.0,0.0,83.0,4.3,sí,distrito 5,202.59642379059528,sí,12 099,no,09/04/2022,prestadora C
75.0,mujer,grado I,con familia,1.0,0.0,1.0,7.4,sí,distrito 4,41.80849953223866,sí,21 295,sí,03/03/2019,prestadora A
85.0,mujer,grado II,con familia,1.0,1.0,20.0,0.7,no,distrito 9,8.364380497379583,no,8 138,sí,21/04/2021,prestadora B
73.0,mujer,sin valorar,solo,10.0,0.0,40.0,1.3,no,distrito 7,330.99726987841433,sí,10 485,sí,18/05/2016,prestadora B
96.0,mujer,grado III,solo,5.0,4.0,27.0,5.4,sí,distrito 4,717.4561693917047,sí,12 093,no,07/10/2021,prestadora B
82.0,mujer,GRADO I,con familia,2.0,0.0,23.0,0.3,no,distrito 9,44.41590516567263,no,18 835,sí,24/11/2017,prestadora B
75.0,mujer,sin valorar,con pareja,8.0,0.0,47.0,8.5,no,distrito 2,90.10771836727159,no,16 537,no,04/01/2021,prestadora B
74.0,hombre,grado II,con pareja,9.0,0.0,13.0,6.9,sí,distrito 5,268.57508696051343,no,16 576,no,03/01/2024,prestadora B
91.0,mujer,GRADO II,con pareja,2.0,0.0,0.0,1.1,no,distrito 2,16.420684930985317,sí,13 273,sí,09/04/2017,prestadora A
82.0,mujer,GRADO III,con pareja,5.0,0.0,44.0,7.4,no,distrito 4,105.68371013674361,sí,8 721,sí,06/10/2022,prestadora A
78.0,mujer,  sin valorar ,con pareja,5.0,1.0,32.0,6.1,no,distrito 10,51.54254761919569,sí,12 733,no,31/03/2016,prestadora C
85.0,mujer,sin valorar,con pareja,0.0,0.0,48.0,4.3,no,distrito 3,14.477408917568983,sí,29 273,no,10/03/2024,prestadora A
84.0,mujer,  grado I ,con pareja,2.0,0.0,35.0,2.1,no,distrito 8,12.895289182882303,no,19 853,sí,16/04/2017,prestadora A
99.0,hombre,sin valorar,solo,1.0,0.0,31.0,6.4,no,distrito 3,45.75602844427577,sí,11 651,sí,13/06/2021,prestadora A
88.0,mujer,grado I,con pareja,1.0,2.0,73.0,2.0,no,distrito 7,81.12896144681208,no,24 619,no,11/05/2024,prestadora B
90.0,hombre,sin valorar,solo,1.0,0.0,67.0,4.2,sí,distrito 8,26.204489615608846,sí,9 146,sí,30/11/2017,prestadora A
85.0,hombre,grado I,con familia,1.0,0.0,25.0,7.0,no,distrito 5,13.053848130069182,no,18 774,sí,28/09/2020,prestadora C
73.0,mujer,grado I,solo,1.0,0.0,25.0,3.9,sí,distrito 9,35.54080380532812,no,15 707,no,16/10/2017,prestadora A
100.0,mujer,sin valorar,con pareja,5.0,0.0,35.0,4.0,no,distrito 2,129.0510907427083,sí,12 124,no,01/04/2019,prestadora C
86.0,mujer,grado I,solo,0.0,1.0,108.0,6.8,no,distrito 7,43.70541273799236,sí,25 737,N/D,17/11/2020,prestadora C
74.0,hombre,sin valorar,con familia,1.0,1.0,19.0,3.4,no,distrito 7,11.599189031931932,sí,16 500,sí,03/08/2021,prestadora C
65.0,mujer,sin valorar,con pareja,3.0,0.0,19.0,4.7,no,distrito 7,34.88225851655085,sí,25 099,no,29/12/2021,prestadora C
80.0,hombre,grado I,solo,3.0,2.0,24.0,2.0,no,distrito 7,64.79170039158537,no,10 278,no,18/05/2024,prestadora A
94.0,mujer,grado II,solo,2.0,0.0,22.0,5.6,no,distrito 1,91.2673003085451,no,9 632,no,25/07/2021,prestadora C
77.0,mujer,grado I,solo,0.0,0.0,48.0,6.4,no,distrito 6,23.20243488022441,no,11 763,sí,13/07/2019,prestadora B
91.0,mujer,grado I,solo,8.0,0.0,37.0,4.4,sí,distrito 3,427.3699256016447,sí,15 106,sí,24/06/2023,prestadora C
83.0,mujer,GRADO II,con familia,8.0,0.0,93.0,4.4,no,distrito 8,62.57213528364645,no,9 285,sí,24/06/2016,prestadora B
65.0,mujer,sin valorar,con pareja,9.0,0.0,33.0,3.1,no,distrito 6,325.8070872492032,no,17 680,sí,03/02/2021,prestadora C
94.0,hombre,grado I,con pareja,2.0,0.0,95.0,3.8,no,distrito 10,49.51769957675143,sí,11 008,sí,14/04/2024,prestadora A
73.0,mujer,grado III,solo,3.0,0.0,123.0,2.4,no,distrito 7,109.5548470815481,no,17 451,no,16/02/2017,prestadora B
71.0,hombre,grado I,solo,1.0,0.0,73.0,1.4,no,distrito 1,21.370148930505138,sí,19 760,sí,21/11/2017,prestadora A
81.0,mujer,  grado III ,con pareja,1.0,1.0,26.0,0.9,no,distrito 6,79.21791254625548,sí,19 683,no,04/04/2017,prestadora B
80.0,hombre,sin valorar,con familia,1.0,0.0,53.0,2.7,no,distrito 4,29.550826852347548,sí,10 838,no,09/06/2022,prestadora B
69.0,hombre,sin valorar,solo,1.0,0.0,40.0,1.5,no,distrito 4,22.91489576115116,sí,13 980,no,14/03/2024,prestadora B
90.0,hombre,grado II,solo,0.0,1.0,19.0,3.9,no,distrito 3,10.53052878386226,no,15 510,no,03/06/2017,prestadora C
77.0,hombre,GRADO I,con pareja,4.0,2.0,92.0,2.8,no,distrito 5,68.82907729465845,sí,18 561,sí,19/03/2017,prestadora A
77.0,mujer,sin valorar,solo,1.0,0.0,55.0,8.7,no,distrito 5,16.3788554875358,no,9 975,sí,19/06/2024,prestadora B
96.0,mujer,grado I,con familia,3.0,0.0,16.0,3.6,no,distrito 11,58.24025979828557,sí,15 379,sí,07/01/2024,prestadora C
71.0,mujer,grado III,solo,3.0,1.0,47.0,7.7,no,distrito 10,225.65141051563742,sí,9 657,no,30/01/2022,prestadora C
83.0,hombre,grado II,con pareja,1.0,0.0,34.0,3.1,no,distrito 2,10.592222693751966,sí,16 487,sí,02/12/2021,prestadora C
104.0,mujer,grado II,con pareja,3.0,1.0,46.0,6.2,no,distrito 8,116.31129825886319,no,6 882,sí,10/08/2018,prestadora C
73.0,hombre,grado II,solo,0.0,3.0,20.0,0.5,sí,distrito 10,30.594530755107673,sí,19 720,N/D,23/08/2019,prestadora B
90.0,hombre,sin valorar,solo,4.0,0.0,35.0,0.8,sí,distrito 10,87.52920184130562,sí,17 899,sí,12/05/2023,prestadora A
80.0,mujer,grado II,con familia,3.0,2.0,24.0,3.6,sí,distrito 4,82.80567128644293,no,15 273,no,09/04/2021,prestadora B
97.0,mujer,sin valorar,con pareja,2.0,6.0,6.0,8.7,sí,distrito 7,87.07726818735375,no,17 017,N/D,21/10/2016,prestadora C
80.0,mujer,  grado I ,solo,3.0,0.0,2.0,1.1,no,distrito 10,289.7028345318921,no,9 267,no,10/09/2023,prestadora A
76.0,hombre,sin valorar,solo,0.0,0.0,39.0,3.9,sí,distrito 4,28.77549206986004,no,14 770,sí,07/10/2022,prestadora B
88.0,hombre,GRADO I,con familia,0.0,0.0,107.0,7.2,sí,distrito 5,1.8312605375262732,sí,13 635,no,23/06/2017,prestadora B
82.0,mujer,sin valorar,solo,0.0,3.0,66.0,10.9,no,distrito 1,17.25832258686877,no,17 023,no,01/10/2018,prestadora A
94.0,mujer,grado II,solo,1.0,0.0,23.0,11.7,no,distrito 8,93.02980673050932,sí,19 414,sí,14/01/2022,prestadora B
82.0,mujer,GRADO III,con familia,1.0,0.0,19.0,4.8,no,distrito 5,13.952908001895077,sí,29 702,sí,07/02/2022,prestadora A
87.0,hombre,sin valorar,solo,5.0,0.0,35.0,1.0,no,distrito 8,142.0033106610042,no,16 228,sí,06/10/2017,prestadora C
84.0,mujer,GRADO I,solo,1.0,2.0,65.0,2.3,no,distrito 4,188.32636489637628,sí,11 137,no,26/03/2018,prestadora C
71.0,hombre,grado II,solo,0.0,1.0,55.0,6.9,no,distrito 7,35.75268316404315,no,10 099,no,03/06/2023,prestadora C
79.0,hombre,grado III,solo,2.0,0.0,27.0,4.8,no,distrito 9,81.67597574333224,no,11 628,sí,27/08/2018,prestadora B
79.0,mujer,GRADO II,solo,0.0,0.0,66.0,2.1,sí,distrito 9,11.874003664635152,no,9 173,no,05/10/2016,prestadora A
65.0,hombre,grado III,con familia,1.0,1.0,56.0,3.0,sí,distrito 7,18.863281238010625,no,9 635,no,27/07/2016,prestadora A
78.0,hombre,sin valorar,con familia,3.0,0.0,46.0,0.9,no,distrito 7,21.228460391409808,sí,14 713,no,10/01/2023,prestadora C
83.0,hombre,grado II,solo,9.0,0.0,98.0,6.4,no,distrito 1,331.3951182391407,sí,19 992,no,11/11/2017,prestadora A
91.0,mujer,sin valorar,con pareja,0.0,1.0,23.0,1.9,no,distrito 5,30.620616297468814,no,7 378,sí,27/11/2021,prestadora B
88.0,mujer,sin valorar,solo,3.0,0.0,34.0,4.8,no,distrito 8,70.77935580004618,no,11 126,no,18/06/2016,prestadora C
92.0,mujer,GRADO III,solo,3.0,0.0,32.0,2.0,sí,distrito 6,342.8150710155495,no,7 667,sí,21/02/2017,prestadora C
82.0,hombre,sin valorar,solo,10.0,0.0,45.0,1.8,sí,distrito 7,359.7965117712963,no,13 151,sí,28/10/2023,prestadora B
76.0,hombre,grado I,con familia,0.0,1.0,31.0,4.0,no,distrito 3,12.797344182706071,no,19 032,sí,25/04/2024,prestadora B
93.0,mujer,grado I,con familia,1.0,0.0,90.0,5.6,no,distrito 1,17.10482502213286,sí,12 427,sí,11/04/2021,prestadora B
84.0,hombre,SIN VALORAR,solo,0.0,0.0,40.0,5.0,no,distrito 2,23.544160313342406,no,9 210,sí,10/03/2020,prestadora C
84.0,hombre,sin valorar,solo,6.0,0.0,38.0,1.2,no,distrito 7,174.24169928787538,sí,15 090,sí,25/06/2021,prestadora A
80.0,mujer,grado I,solo,0.0,0.0,32.0,4.0,no,distrito 7,17.116669687220696,sí,15 405,sí,12/05/2021,prestadora B
79.0,mujer,grado III,con pareja,2.0,0.0,16.0,1.8,no,distrito 6,21.372492873061216,sí,17 586,no,16/10/2016,prestadora A
97.0,mujer,sin valorar,solo,2.0,1.0,23.0,3.7,sí,distrito 1,104.4738003772426,sí,14 425,no,02/05/2023,prestadora C
83.0,mujer,  grado I ,con pareja,2.0,4.0,3.0,7.0,no,distrito 6,61.12841559206098,sí,11 489,sí,09/01/2021,prestadora A
91.0,hombre,grado II,con familia,1.0,1.0,64.0,11.4,no,distrito 1,28.741900004588583,sí,11 785,no,21/04/2020,prestadora C
68.0,hombre,grado I,con pareja,7.0,1.0,32.0,3.0,no,distrito 5,51.919387717082756,sí,7 581,no,22/04/2021,prestadora C
92.0,mujer,grado II,solo,2.0,3.0,3.0,0.5,no,distrito 8,558.2480050290294,sí,10 491,sí,19/12/2023,prestadora B
86.0,mujer,sin valorar,con pareja,1.0,2.0,22.0,2.4,sí,distrito 6,6.561538206471498,sí,12 079,no,26/09/2018,prestadora B
87.0,mujer,grado II,solo,3.0,1.0,18.0,2.6,no,distrito 7,178.51328942560096,no,10 324,no,15/11/2016,prestadora B
85.0,hombre,grado II,solo,3.0,0.0,36.0,8.0,no,distrito 11,217.3960700355917,no,9 183,sí,04/11/2017,prestadora B
81.0,mujer,grado II,solo,0.0,0.0,20.0,2.3,sí,distrito 10,33.43338965977682,no,7 179,no,31/08/2017,prestadora C
79.0,hombre,grado II,con familia,0.0,1.0,30.0,8.8,sí,distrito 8,16.719438527574745,sí,15 174,sí,14/05/2017,prestadora B
93.0,mujer,grado II,solo,1.0,0.0,73.0,2.6,sí,distrito 2,76.015385694917,no,18 154,no,18/10/2023,prestadora B
84.0,hombre,grado II,solo,1.0,0.0,33.0,2.7,no,distrito 11,28.307738349186288,sí,18 229,no,28/07/2022,prestadora A
90.0,hombre,grado II,con pareja,5.0,0.0,48.0,4.1,no,distrito 1,174.573961627799,sí,17 010,sí,07/11/2020,prestadora A
83.0,hombre,grado II,con pareja,7.0,0.0,59.0,2.4,sí,distrito 3,405.4890685145935,sí,10 874,no,04/09/2020,prestadora C
86.0,mujer,grado III,con pareja,0.0,1.0,13.0,4.7,no,distrito 1,40.28530152897206,sí,24 185,sí,24/01/2021,prestadora A
71.0,mujer,grado III,con pareja,9.0,0.0,24.0,5.1,no,distrito 7,208.62886083670358,sí,26 656,sí,01/10/2019,prestadora A
72.0,hombre,grado I,con pareja,3.0,3.0,27.0,7.1,sí,distrito 11,80.21542182196434,sí,25 971,no,02/06/2021,prestadora C
91.0,mujer,grado I,con familia,0.0,1.0,32.0,2.1,no,distrito 3,15.842704114223107,sí,12 257,no,22/12/2021,prestadora A
86.0,mujer,grado I,con familia,2.0,0.0,56.0,8.6,no,distrito 5,50.2445955736272,sí,20 980,no,08/04/2016,prestadora A
70.0,hombre,grado I,solo,2.0,0.0,14.0,6.1,no,distrito 11,106.41254841267005,sí,13 829,no,07/04/2022,prestadora A
87.0,hombre,sin valorar,solo,0.0,0.0,44.0,3.5,no,distrito 8,41.000850071042414,sí,12 001,sí,22/12/2019,prestadora B
81.0,hombre,sin valorar,con familia,1.0,9.0,42.0,0.9,no,distrito 2,26.967633641643648,no,12 927,no,25/07/2021,prestadora B
82.0,mujer,grado II,solo,2.0,0.0,65.0,3.3,sí,distrito 2,75.35886708416713,sí,8 280,no,24/08/2018,prestadora C
82.0,mujer,grado II,solo,1.0,0.0,11.0,7.8,no,distrito 9,114.3919340120255,sí,10 267,no,25/10/2022,prestadora A
86.0,mujer,grado I,solo,2.0,1.0,51.0,4.8,no,distrito 6,49.07727321721912,sí,11 392,sí,25/01/2022,prestadora A
65.0,mujer,grado II,solo,1.0,2.0,24.0,5.6,sí,distrito 3,67.84156443449098,no,7 350,no,05/10/2023,prestadora B
67.0,mujer,grado II,con familia,4.0,0.0,27.0,1.8,no,distrito 1,116.0599255936746,sí,17 315,no,05/09/2017,prestadora C
78.0,mujer,grado II,solo,2.0,0.0,18.0,1.7,sí,distrito 5,62.03739713915361,sí,26 393,no,11/12/2021,prestadora A
87.0,hombre,sin valorar,con pareja,2.0,1.0,20.0,3.7,sí,distrito 6,22.594549621740693,sí,15 562,sí,06/08/2021,prestadora A
98.0,mujer,GRADO I,con pareja,2.0,0.0,27.0,1.4,no,distrito 10,30.847335241222215,no,11 978,no,20/12/2017,prestadora A
80.0,hombre,grado I,solo,4.0,1.0,27.0,5.1,sí,distrito 3,135.19233109140285,no,17 506,no,09/09/2016,prestadora B
91.0,hombre,grado I,con pareja,4.0,0.0,7.0,2.3,no,distrito 7,31.13386441572063,no,13 374,no,16/10/2019,prestadora B
87.0,mujer,grado III,solo,1.0,0.0,17.0,7.3,no,distrito 2,55.412726055164654,no,21 032,sí,16/05/2021,prestadora A
81.0,mujer,grado I,con pareja,4.0,0.0,151.0,3.1,no,distrito 9,23.557828318689847,sí,13 719,no,25/06/2017,prestadora B
85.0,hombre,grado III,con familia,2.0,0.0,4.0,4.9,sí,distrito 4,50.16290846254094,sí,15 633,sí,04/06/2024,prestadora A
83.0,hombre,grado I,solo,0.0,0.0,56.0,2.9,no,distrito 6,8.117432241196175,sí,20 833,sí,11/03/2016,prestadora A
83.0,mujer,  grado II ,solo,6.0,1.0,17.0,3.4,sí,distrito 7,583.309232705136,sí,11 924,sí,11/07/2016,prestadora C
70.0,hombre,grado II,solo,1.0,3.0,63.0,2.7,no,distrito 11,57.280575276750014,sí,17 275,no,08/03/2017,prestadora B
93.0,mujer,grado II,solo,1.0,1.0,66.0,7.2,sí,distrito 6,129.16728485615744,sí,19 393,no,20/07/2018,prestadora B
76.0,mujer,GRADO II,solo,2.0,0.0,10.0,6.9,sí,distrito 2,171.01641952973227,sí,6 343,no,06/03/2020,prestadora B
85.0,mujer,grado I,solo,6.0,3.0,26.0,4.4,no,distrito 9,590.1836470859074,no,24 766,no,27/07/2017,prestadora B
94.0,hombre,grado I,solo,0.0,2.0,26.0,9.8,no,distrito 8,23.785678254064283,sí,9 710,sí,30/05/2019,prestadora B
81.0,hombre,  grado II ,con pareja,1.0,0.0,94.0,5.2,sí,distrito 9,24.579838259104285,sí,11 350,no,16/01/2017,prestadora A
71.0,hombre,sin valorar,solo,2.0,2.0,107.0,5.0,no,distrito 4,77.72987484837067,sí,26 623,sí,30/07/2021,prestadora B
71.0,mujer,grado I,solo,3.0,0.0,36.0,1.9,no,distrito 8,19.65763152453433,sí,6 022,sí,04/09/2017,prestadora A
82.0,hombre,sin valorar,con familia,4.0,0.0,7.0,9.3,sí,distrito 6,56.51018194795339,sí,7 345,no,12/10/2023,prestadora B
79.0,hombre,  grado I ,con pareja,1.0,0.0,25.0,11.3,no,distrito 11,23.161709581411774,no,9 229,no,10/03/2017,prestadora B
94.0,mujer,grado III,con pareja,1.0,0.0,9.0,3.4,no,distrito 2,113.3468296199724,sí,14 878,sí,22/01/2024,prestadora B
82.0,hombre,grado III,solo,9.0,0.0,15.0,2.9,no,distrito 1,1250.6257976819486,sí,25 618,N/D,29/03/2024,prestadora A
95.0,mujer,SIN VALORAR,solo,1.0,0.0,36.0,1.9,no,distrito 3,21.818172944089955,sí,19 234,no,01/01/2019,prestadora A
85.0,mujer,grado I,solo,1.0,0.0,35.0,2.7,no,distrito 2,16.324687895111662,no,13 343,sí,24/02/2022,prestadora A
78.0,mujer,  grado III ,con familia,3.0,8.0,28.0,2.6,no,distrito 3,134.0698756541592,no,7 438,sí,21/04/2016,prestadora C
84.0,mujer,sin valorar,con familia,6.0,1.0,20.0,4.9,sí,distrito 9,127.52663541239185,sí,13 245,sí,27/01/2024,prestadora C
96.0,mujer,sin valorar,con familia,6.0,1.0,5.0,17.1,no,distrito 7,342.7837629882242,sí,18 563,no,21/09/2023,prestadora A
82.0,mujer,grado II,con pareja,1.0,3.0,52.0,2.0,no,distrito 6,115.12244779118959,sí,13 804,no,20/09/2018,prestadora B
71.0,hombre,grado II,solo,2.0,0.0,44.0,5.7,no,distrito 3,230.28932571586918,no,11 011,no,08/02/2017,prestadora C
84.0,mujer,sin valorar,con pareja,1.0,5.0,50.0,4.1,sí,distrito 2,12.432316986245755,sí,16 559,sí,01/08/2022,prestadora C
90.0,mujer,GRADO I,con pareja,10.0,0.0,104.0,7.9,no,distrito 1,177.78026595588955,sí,18 193,no,20/09/2017,prestadora C
74.0,mujer,grado I,solo,1.0,0.0,8.0,7.0,sí,distrito 9,67.09934823174791,no,19 677,no,04/08/2017,prestadora B
95.0,hombre,grado I,solo,4.0,3.0,1.0,1.1,no,distrito 3,161.00613924374574,sí,21 201,sí,23/03/2017,prestadora A
88.0,mujer,grado II,con pareja,1.0,1.0,46.0,4.1,no,distrito 6,40.38450910246802,no,7 809,no,07/02/2024,prestadora B
65.0,mujer,grado II,con familia,0.0,2.0,55.0,1.6,no,distrito 3,8.180283758468809,no,61 267,no,04/01/2020,prestadora A
75.0,hombre,  grado I ,con pareja,1.0,0.0,10.0,4.3,no,distrito 1,28.234219191092578,no,22 199,sí,16/04/2019,prestadora C
84.0,mujer,sin valorar,solo,2.0,0.0,96.0,3.6,no,distrito 9,32.15537225816513,sí,15 928,no,27/06/2020,prestadora B
89.0,mujer,GRADO I,solo,1.0,0.0,65.0,4.7,no,distrito 3,281.40909176908855,sí,22 105,sí,18/11/2017,prestadora C
80.0,mujer,grado III,solo,1.0,0.0,23.0,2.5,no,distrito 3,68.35026115684663,sí,12 926,no,24/11/2019,prestadora B
80.0,hombre,grado III,solo,0.0,0.0,33.0,11.6,sí,distrito 8,90.28300117100561,sí,21 356,N/D,22/04/2020,prestadora B
74.0,mujer,GRADO III,con pareja,2.0,0.0,80.0,6.0,no,distrito 2,76.03018789241209,sí,15 761,sí,15/10/2017,prestadora A
82.0,hombre,grado III,con pareja,3.0,1.0,9.0,0.7,sí,distrito 7,54.52750959498332,sí,11 543,sí,08/04/2018,prestadora A
67.0,hombre,GRADO II,con pareja,5.0,0.0,49.0,6.4,no,distrito 1,113.59805136558607,sí,9 048,sí,18/09/2017,prestadora A
82.0,mujer,grado I,solo,0.0,2.0,50.0,3.2,no,distrito 8,25.86996631817258,no,28 113,no,16/06/2021,prestadora A
93.0,hombre,sin valorar,con familia,1.0,0.0,43.0,8.3,no,distrito 8,29.518687411767036,no,7 928,no,08/03/2021,prestadora B
82.0,mujer,sin valorar,con familia,5.0,0.0,14.0,3.0,no,distrito 11,13.467041950934108,sí,18 269,no,04/12/2021,prestadora B
76.0,mujer,sin valorar,solo,0.0,0.0,14.0,2.8,no,distrito 7,8.113686254548737,sí,29 183,sí,07/11/2018,prestadora A
96.0,hombre,sin valorar,con familia,1.0,0.0,66.0,3.5,no,distrito 7,19.813601537278583,sí,10 121,sí,02/09/2018,prestadora C
93.0,hombre,grado I,solo,3.0,2.0,63.0,4.9,no,distrito 4,131.89767642029904,no,13 061,no,01/11/2022,prestadora A
74.0,hombre,grado I,solo,4.0,0.0,38.0,4.0,sí,distrito 6,179.31123361212056,sí,10 869,sí,08/03/2017,prestadora C
75.0,hombre,grado II,solo,7.0,0.0,20.0,4.6,sí,distrito 8,440.94079270057597,sí,8 181,sí,11/01/2020,prestadora B
86.0,mujer,sin valorar,con familia,8.0,0.0,35.0,3.6,sí,distrito 10,49.67002892575998,no,15 693,sí,28/11/2020,prestadora B
80.0,mujer,grado III,con pareja,1.0,0.0,29.0,4.9,no,distrito 11,56.35404695337089,sí,25 528,sí,05/09/2016,prestadora B
86.0,mujer,GRADO I,solo,3.0,0.0,85.0,2.6,sí,distrito 9,50.47599427246579,sí,21 978,sí,12/11/2023,prestadora B
75.0,mujer,grado I,con familia,2.0,0.0,50.0,4.8,no,distrito 2,57.39115031942103,sí,7 261,no,20/02/2019,prestadora A
84.0,mujer,GRADO II,con pareja,7.0,0.0,57.0,7.8,sí,distrito 4,140.18022554742402,sí,16 014,sí,01/07/2021,prestadora A
101.0,hombre,grado II,solo,5.0,1.0,20.0,3.5,sí,distrito 8,383.2661214557723,sí,16 707,sí,09/05/2016,prestadora C
82.0,mujer,grado II,con familia,4.0,0.0,39.0,5.4,no,distrito 3,28.596803087427453,sí,16 132,no,26/12/2017,prestadora A
75.0,mujer,sin valorar,solo,1.0,0.0,42.0,8.0,no,distrito 6,15.744953539725511,sí,13 032,sí,23/02/2023,prestadora A
98.0,hombre,sin valorar,con pareja,5.0,0.0,5.0,1.2,no,distrito 10,71.68668686898467,sí,17 674,sí,18/12/2022,prestadora B
81.0,mujer,grado III,con pareja,4.0,0.0,33.0,3.0,no,distrito 1,136.55557557661353,sí,20 036,sí,04/01/2024,prestadora B
81.0,mujer,grado II,solo,2.0,0.0,66.0,2.3,sí,distrito 6,31.894059148982354,sí,17 773,sí,05/12/2020,prestadora A
84.0,mujer,sin valorar,solo,4.0,0.0,118.0,4.4,sí,distrito 5,77.27938616762204,no,10 650,sí,08/01/2024,prestadora A
97.0,mujer,grado II,con pareja,0.0,0.0,37.0,3.2,no,distrito 3,13.573465459063764,sí,15 056,sí,09/10/2021,prestadora A
73.0,mujer,sin valorar,solo,2.0,0.0,46.0,3.9,no,distrito 11,95.17552542907995,sí,13 790,no,15/09/2017,prestadora B
74.0,mujer,  sin valorar ,con familia,2.0,0.0,34.0,0.6,sí,distrito 6,23.769200602323174,sí,18 783,sí,18/01/2022,prestadora A
79.0,mujer,  grado II ,con pareja,3.0,0.0,17.0,2.7,sí,distrito 8,27.878126908883328,no,15 699,N/D,01/12/2020,prestadora B
80.0,mujer,  grado I ,con pareja,0.0,1.0,48.0,5.3,sí,distrito 11,19.342156101447838,sí,13 689,sí,30/06/2016,prestadora A
77.0,mujer,GRADO II,solo,1.0,0.0,28.0,5.4,sí,distrito 6,176.1683853799815,sí,10 334,sí,31/08/2022,prestadora B
97.0,mujer,  sin valorar ,con pareja,1.0,0.0,52.0,3.1,no,distrito 10,7.423723304670978,sí,21 180,no,12/04/2017,prestadora A
74.0,hombre,sin valorar,con pareja,2.0,0.0,5.0,9.8,no,distrito 11,24.002434839316706,sí,12 479,no,04/11/2016,prestadora C
88.0,mujer,sin valorar,con familia,2.0,0.0,32.0,4.0,no,distrito 8,29.714097081429042,sí,21 229,sí,21/11/2019,prestadora B
76.0,mujer,grado I,solo,3.0,0.0,45.0,15.3,sí,distrito 4,67.39245342605972,sí,11 629,no,30/08/2019,prestadora A
75.0,mujer,grado III,con pareja,4.0,0.0,34.0,13.6,no,distrito 10,182.60759003679718,no,16 805,sí,02/05/2016,prestadora C
77.0,mujer,grado I,solo,5.0,1.0,40.0,4.9,no,distrito 5,233.61719025707797,no,13 258,sí,08/02/2018,prestadora C
98.0,mujer,grado I,solo,3.0,0.0,72.0,6.6,no,distrito 4,124.07176837607493,sí,13 870,sí,01/06/2023,prestadora B
90.0,mujer,grado I,con pareja,0.0,0.0,64.0,3.5,no,distrito 6,5.514116981717908,sí,14 122,sí,17/08/2023,prestadora A
92.0,hombre,sin valorar,solo,0.0,1.0,74.0,8.4,sí,distrito 2,11.305062183366303,no,7 676,sí,15/06/2024,prestadora C
88.0,mujer,grado II,con pareja,1.0,0.0,30.0,1.7,sí,distrito 6,52.24353801931752,no,16 318,no,07/07/2022,prestadora B
65.0,mujer,SIN VALORAR,con familia,6.0,1.0,59.0,7.2,sí,distrito 1,48.00298835771948,sí,24 942,sí,29/12/2016,prestadora B
95.0,hombre,GRADO II,con familia,1.0,0.0,10.0,1.3,no,distrito 11,44.42085968904987,sí,15 357,no,23/06/2018,prestadora C
73.0,mujer,grado I,solo,1.0,6.0,20.0,7.9,sí,distrito 5,212.76817172289063,no,13 590,sí,14/04/2022,prestadora B
104.0,hombre,grado II,solo,8.0,0.0,60.0,2.5,no,distrito 2,490.0710824754536,sí,10 327,sí,12/12/2023,prestadora A
92.0,mujer,grado I,solo,1.0,0.0,62.0,4.7,no,distrito 5,33.15797033322258,sí,9 687,sí,17/05/2021,prestadora C
81.0,hombre,sin valorar,solo,0.0,1.0,42.0,5.1,no,distrito 1,18.95421780454594,sí,7 779,no,30/05/2022,prestadora A
78.0,mujer,grado III,solo,4.0,0.0,21.0,1.1,no,distrito 6,388.96079993224663,no,9 399,sí,17/08/2022,prestadora A
101.0,mujer,grado I,solo,0.0,2.0,67.0,2.1,sí,distrito 6,23.336872535671834,sí,13 378,sí,22/08/2019,prestadora B
78.0,mujer,sin valorar,con pareja,0.0,1.0,24.0,7.0,no,distrito 8,5.867139746606057,no,18 519,no,03/09/2020,prestadora A
94.0,mujer,GRADO I,con familia,1.0,0.0,25.0,2.2,sí,distrito 5,16.834515482517382,sí,8 867,sí,13/11/2022,prestadora B
89.0,hombre,grado II,con familia,0.0,1.0,15.0,9.6,sí,distrito 10,43.003272432825916,no,14 711,no,02/03/2021,prestadora A
85.0,hombre,sin valorar,solo,1.0,1.0,15.0,3.4,sí,distrito 8,33.76784033078497,sí,12 454,no,26/04/2016,prestadora B
83.0,mujer,sin valorar,solo,1.0,0.0,36.0,7.5,no,distrito 2,100.55376146161723,no,18 160,no,30/06/2019,prestadora B
92.0,mujer,grado II,con familia,0.0,1.0,115.0,0.4,sí,distrito 10,10.849267298595839,sí,10 520,no,18/02/2024,prestadora B
76.0,hombre,grado III,solo,2.0,1.0,29.0,3.6,no,distrito 8,168.20927173950025,no,16 503,no,05/04/2022,prestadora B
89.0,mujer,grado I,solo,2.0,1.0,72.0,6.0,no,distrito 1,74.19564378214245,no,10 750,no,22/05/2019,prestadora A
91.0,mujer,grado III,con pareja,1.0,0.0,13.0,1.3,no,distrito 5,27.983555441573696,no,10 116,no,23/04/2017,prestadora A
75.0,mujer,grado III,solo,4.0,0.0,23.0,5.3,sí,distrito 9,135.82847728361403,no,26 428,no,24/05/2018,prestadora B
79.0,hombre,grado III,solo,5.0,0.0,37.0,3.8,no,distrito 6,456.8719404643148,sí,13 957,no,24/02/2018,prestadora A
79.0,mujer,sin valorar,solo,1.0,1.0,24.0,6.7,no,distrito 11,30.09006614882028,no,14 294,sí,29/12/2016,prestadora C
102.0,mujer,grado II,con familia,2.0,2.0,42.0,6.2,no,distrito 10,39.87462915255293,no,17 352,sí,21/02/2020,prestadora B
66.0,mujer,  grado III ,solo,8.0,0.0,52.0,2.1,sí,distrito 11,757.8573156409614,no,9 798,sí,22/08/2017,prestadora B
91.0,mujer,grado I,con familia,3.0,1.0,21.0,3.1,no,distrito 5,21.479931883325115,sí,18 441,sí,29/05/2021,prestadora B
76.0,mujer,grado I,solo,6.0,0.0,32.0,5.7,sí,distrito 10,273.1481295906005,sí,8 720,no,19/06/2022,prestadora A
75.0,mujer,  grado II ,solo,6.0,0.0,58.0,3.2,sí,distrito 8,45.38138965390247,sí,9 012,N/D,11/03/2016,prestadora B
90.0,hombre,SIN VALORAR,con familia,0.0,0.0,15.0,1.8,no,distrito 4,6.705859939772995,no,7 832,no,30/04/2017,prestadora A
77.0,mujer,  grado I ,solo,1.0,1.0,37.0,1.7,no,distrito 3,35.462139306966975,sí,10 249,no,22/02/2020,prestadora A
92.0,hombre,grado I,solo,1.0,1.0,16.0,2.6,no,distrito 11,124.70454287821097,sí,5 984,N/D,30/11/2016,prestadora C
99.0,mujer,grado II,con familia,0.0,0.0,41.0,5.1,no,distrito 2,27.40819750237291,no,35 357,sí,20/12/2022,prestadora B
65.0,mujer,grado I,con pareja,2.0,0.0,40.0,3.7,no,distrito 1,34.814331192452094,sí,10 289,sí,25/07/2022,prestadora C
86.0,mujer,grado I,solo,1.0,0.0,24.0,3.2,no,distrito 10,63.92146754497864,sí,17 577,sí,26/10/2021,prestadora A
87.0,mujer,sin valorar,solo,0.0,4.0,58.0,3.5,no,distrito 6,34.27801446728043,no,13 140,sí,22/09/2022,prestadora C
86.0,mujer,grado II,solo,0.0,0.0,67.0,3.3,no,distrito 3,35.289238882861504,sí,12 703,no,07/02/2022,prestadora A
86.0,mujer,  grado I ,solo,4.0,0.0,53.0,3.9,sí,distrito 5,268.9111121637512,sí,20 062,sí,29/07/2024,prestadora B
91.0,mujer,sin valorar,con pareja,3.0,0.0,10.0,0.8,no,distrito 9,67.13698476092885,sí,9 687,no,10/02/2018,prestadora A
78.0,mujer,grado I,con pareja,2.0,4.0,44.0,3.1,no,distrito 2,56.14294203663004,sí,10 941,sí,03/08/2018,prestadora C
84.0,hombre,grado III,con pareja,9.0,0.0,25.0,0.9,sí,distrito 5,368.4085296803611,sí,14 378,sí,24/02/2022,prestadora B
77.0,mujer,  grado II ,solo,0.0,1.0,51.0,3.4,sí,distrito 2,32.71444450344871,no,20 841,sí,22/03/2019,prestadora C
80.0,mujer,  grado II ,solo,0.0,0.0,33.0,1.7,no,distrito 4,107.06332146094455,sí,14 717,sí,20/10/2020,prestadora A
72.0,hombre,sin valorar,solo,3.0,0.0,11.0,2.5,sí,distrito 11,62.31071512190724,sí,20 598,sí,31/12/2018,prestadora A
71.0,mujer,sin valorar,solo,8.0,1.0,15.0,0.8,no,distrito 6,384.4563652257287,sí,9 832,sí,06/04/2024,prestadora C
76.0,mujer,grado I,con familia,1.0,1.0,15.0,8.9,no,distrito 4,19.459374341672888,no,6 850,sí,23/06/2023,prestadora A
80.0,mujer,GRADO I,solo,1.0,1.0,123.0,11.8,no,distrito 2,69.84110918412514,no,10 537,sí,05/06/2020,prestadora A
92.0,mujer,grado I,con pareja,8.0,1.0,4.0,3.9,no,distrito 5,350.1628705385608,no,7 895,sí,05/12/2022,prestadora B
81.0,mujer,SIN VALORAR,con familia,0.0,4.0,46.0,16.2,sí,distrito 10,5.265124155370385,sí,8 427,sí,06/12/2022,prestadora B
92.0,mujer,grado III,solo,1.0,3.0,23.0,3.6,sí,distrito 4,190.8940208019639,sí,9 138,no,24/04/2016,prestadora A
80.0,hombre,sin valorar,con familia,5.0,0.0,24.0,6.1,no,distrito 11,42.909504900919956,no,12 992,sí,28/06/2023,prestadora B
79.0,mujer,grado III,con pareja,0.0,0.0,58.0,0.3,sí,distrito 2,22.28894866985633,sí,14 683,sí,14/06/2023,prestadora A
84.0,hombre,sin valorar,con familia,8.0,1.0,59.0,5.0,no,distrito 7,79.11177138105423,sí,22 359,no,11/04/2017,prestadora B
77.0,mujer,grado III,solo,0.0,0.0,5.0,9.5,no,distrito 8,34.80679912929527,sí,15 738,no,10/10/2019,prestadora A
65.0,hombre,sin valorar,con pareja,4.0,2.0,32.0,0.2,no,distrito 5,42.58850805853613,sí,14 685,no,04/09/2022,prestadora C
77.0,mujer,  grado III ,solo,1.0,0.0,59.0,1.6,no,distrito 1,78.95691615912469,no,10 698,sí,09/12/2020,prestadora A
93.0,mujer,sin valorar,solo,3.0,0.0,9.0,8.1,no,distrito 11,206.13465327214303,sí,22 788,sí,18/03/2017,prestadora B
87.0,mujer,grado II,con familia,2.0,3.0,16.0,4.6,sí,distrito 2,38.796445237084036,no,5 884,no,06/08/2021,prestadora A
82.0,hombre,grado III,con familia,4.0,0.0,20.0,1.4,sí,distrito 10,26.038998315039045,sí,10 527,no,12/01/2024,prestadora B
87.0,hombre,grado I,solo,6.0,0.0,2.0,5.7,no,distrito 10,454.46232133721156,sí,6 993,no,18/02/2023,prestadora C
82.0,mujer,SIN VALORAR,con familia,0.0,0.0,4.0,0.7,sí,distrito 2,4.047343322200184,no,15 077,no,30/01/2020,prestadora C
95.0,mujer,sin valorar,con pareja,9.0,1.0,93.0,2.8,no,distrito 3,83.37810614498376,sí,13 900,sí,16/10/2018,prestadora A
79.0,hombre,grado III,con pareja,2.0,0.0,16.0,4.3,sí,distrito 8,46.99285698154824,sí,22 579,sí,20/09/2023,prestadora C
74.0,mujer,grado III,solo,0.0,0.0,72.0,4.0,no,distrito 5,32.57087202843807,no,17 503,sí,13/03/2020,prestadora C
88.0,hombre,grado I,solo,1.0,0.0,48.0,7.2,no,distrito 11,22.886929558069777,sí,47 711,no,01/09/2020,prestadora C
75.0,hombre,grado III,con pareja,4.0,1.0,131.0,7.3,no,distrito 8,103.68475994763014,sí,12 650,no,14/01/2019,prestadora B
86.0,mujer,grado II,con pareja,0.0,0.0,1.0,1.4,sí,distrito 8,42.08474449903456,sí,12 561,sí,12/07/2019,prestadora B
73.0,hombre,GRADO II,con familia,0.0,1.0,48.0,1.7,no,distrito 7,10.327372870671779,sí,16 831,sí,11/03/2021,prestadora B
79.0,mujer,grado II,con familia,0.0,2.0,11.0,2.2,sí,distrito 11,15.387949185008575,sí,18 756,no,26/09/2021,prestadora A
104.0,mujer,grado I,solo,6.0,1.0,23.0,3.9,no,distrito 3,1266.6884541179,sí,11 934,sí,06/01/2018,prestadora C
88.0,mujer,  grado I ,solo,0.0,0.0,58.0,4.1,no,distrito 9,10.848543110815179,sí,10 221,sí,15/03/2021,prestadora B
93.0,mujer,sin valorar,con pareja,0.0,0.0,60.0,3.6,no,distrito 5,15.651684896738002,no,22 231,no,29/01/2016,prestadora C
79.0,mujer,grado I,con familia,3.0,2.0,66.0,2.1,no,distrito 7,22.929266945813215,sí,17 165,sí,20/08/2021,prestadora B
79.0,mujer,grado I,solo,0.0,0.0,32.0,18.7,no,distrito 6,22.97364775613924,sí,26 445,sí,08/07/2020,prestadora A
93.0,hombre,grado III,solo,1.0,0.0,46.0,2.4,no,distrito 4,123.25667719762781,sí,25 740,sí,10/02/2017,prestadora B
77.0,hombre,grado III,con pareja,0.0,0.0,75.0,4.8,no,distrito 1,34.86424473457948,no,7 392,sí,11/01/2022,prestadora B
87.0,hombre,grado III,solo,5.0,0.0,8.0,4.4,no,distrito 5,529.2179192916038,no,35 807,no,24/09/2022,prestadora B
77.0,mujer,sin valorar,solo,6.0,0.0,46.0,4.2,no,distrito 9,463.5791757131996,sí,7 994,no,05/02/2017,prestadora C
68.0,mujer,grado I,solo,0.0,0.0,66.0,3.4,no,distrito 3,44.19442681160816,sí,16 104,sí,27/01/2020,prestadora C
65.0,mujer,grado III,solo,2.0,0.0,27.0,7.1,no,distrito 4,89.57566927975446,sí,8 597,sí,23/04/2022,prestadora B
69.0,mujer,GRADO I,solo,4.0,0.0,40.0,3.7,no,distrito 9,464.2797215403007,no,13 806,no,28/06/2016,prestadora B
88.0,mujer,grado II,con pareja,0.0,0.0,18.0,0.8,no,distrito 11,13.585959146693037,sí,13 268,no,02/08/2019,prestadora C
87.0,mujer,GRADO I,solo,1.0,0.0,70.0,5.7,no,distrito 9,35.35203378868502,no,8 924,sí,13/08/2019,prestadora A
88.0,hombre,sin valorar,solo,1.0,1.0,32.0,10.0,no,distrito 7,118.74464593126717,no,17 162,no,10/11/2021,prestadora B
89.0,mujer,grado II,con pareja,4.0,0.0,39.0,0.5,sí,distrito 3,17.023568526565406,sí,7 265,sí,02/09/2019,prestadora B
65.0,mujer,sin valorar,con pareja,6.0,0.0,50.0,3.6,no,distrito 11,58.07086118624736,no,12 394,sí,08/01/2016,prestadora C
87.0,hombre,sin valorar,con pareja,5.0,2.0,103.0,2.0,no,distrito 11,77.56957519478279,sí,12 320,sí,27/08/2017,prestadora A
84.0,hombre,  grado II ,con familia,7.0,0.0,52.0,1.8,no,distrito 1,238.77702469239898,sí,8 957,no,21/02/2022,prestadora A
81.0,mujer,sin valorar,con familia,5.0,0.0,33.0,5.6,no,distrito 5,61.55212126958688,sí,13 401,no,25/04/2021,prestadora A
101.0,mujer,grado I,solo,0.0,3.0,52.0,2.5,no,distrito 3,34.532757877202414,sí,18 290,sí,28/03/2019,prestadora A
95.0,mujer,sin valorar,solo,0.0,0.0,21.0,6.2,no,distrito 11,13.011274389224344,sí,17 670,sí,24/11/2016,prestadora A
79.0,mujer,GRADO I,solo,3.0,2.0,13.0,6.6,no,distrito 9,183.66635232022682,no,10 301,sí,03/06/2018,prestadora B
78.0,mujer,  sin valorar ,solo,5.0,0.0,10.0,2.8,no,distrito 3,95.02346027591759,sí,25 243,no,24/08/2017,prestadora C
83.0,mujer,sin valorar,con familia,2.0,1.0,99.0,1.0,no,distrito 5,26.810912232898083,sí,17 787,sí,12/03/2023,prestadora C
84.0,mujer,grado I,con pareja,0.0,0.0,28.0,2.2,no,distrito 11,5.914832698093681,no,13 533,N/D,27/11/2020,prestadora C
84.0,mujer,grado I,solo,2.0,0.0,12.0,0.7,no,distrito 10,58.277489871665956,sí,10 854,no,17/03/2024,prestadora C
76.0,mujer,grado III,con pareja,5.0,2.0,16.0,6.2,sí,distrito 7,277.88701357874993,sí,21 693,sí,17/04/2024,prestadora A
88.0,mujer,sin valorar,con pareja,0.0,0.0,63.0,5.9,no,distrito 6,4.082775804227256,no,13 453,no,23/03/2020,prestadora A
79.0,mujer,grado II,con familia,3.0,0.0,46.0,0.9,sí,distrito 9,137.60598575383594,sí,7 862,N/D,26/01/2024,prestadora A
89.0,mujer,grado III,con familia,2.0,0.0,15.0,2.5,sí,distrito 4,85.40935264072635,sí,8 749,no,25/11/2019,prestadora A
85.0,mujer,sin valorar,con familia,7.0,1.0,18.0,2.2,no,distrito 10,34.03691256303049,sí,29 661,no,20/10/2020,prestadora C
80.0,mujer,grado I,solo,0.0,0.0,17.0,5.5,sí,distrito 11,33.32271162212788,no,19 125,no,03/10/2024,prestadora C
81.0,mujer,grado II,con pareja,2.0,0.0,15.0,0.6,no,distrito 1,50.918888119832665,sí,10 154,no,05/04/2021,prestadora C
79.0,hombre,grado II,con familia,5.0,0.0,78.0,6.4,no,distrito 5,39.24127900067048,no,9 708,sí,01/11/2019,prestadora A
97.0,mujer,grado II,con pareja,9.0,0.0,24.0,15.5,no,distrito 9,190.43449543410708,sí,6 311,sí,20/03/2019,prestadora A
83.0,mujer,grado II,con pareja,4.0,1.0,26.0,1.4,no,distrito 3,171.8369534481812,sí,13 628,sí,12/04/2019,prestadora A
65.0,hombre,grado I,solo,2.0,1.0,73.0,1.7,sí,distrito 7,59.25341057893481,sí,18 285,sí,28/02/2022,prestadora C
93.0,mujer,grado II,con pareja,4.0,0.0,54.0,11.4,no,distrito 9,206.47194777294777,sí,11 835,no,06/10/2019,prestadora A
88.0,mujer,sin valorar,solo,6.0,0.0,12.0,0.6,no,distrito 5,131.80595894668645,sí,16 120,N/D,24/01/2019,prestadora C
78.0,mujer,grado I,solo,1.0,0.0,33.0,2.9,no,distrito 8,44.27995281135466,no,10 737,N/D,15/09/2019,prestadora C
90.0,mujer,grado I,solo,0.0,0.0,102.0,8.3,no,distrito 2,36.42381211845285,no,9 143,sí,13/08/2020,prestadora C
94.0,mujer,grado II,solo,2.0,0.0,8.0,1.5,sí,distrito 7,61.102055322869106,no,18 295,no,30/07/2023,prestadora C
93.0,mujer,grado II,solo,0.0,1.0,55.0,2.5,sí,distrito 5,6.639715058973118,no,11 930,no,06/12/2020,prestadora B
69.0,hombre,sin valorar,solo,1.0,1.0,44.0,4.7,sí,distrito 5,60.15209088606242,sí,14 774,sí,20/11/2017,prestadora B
80.0,mujer,GRADO II,con familia,3.0,0.0,19.0,3.1,no,distrito 5,28.29930161199345,sí,10 090,sí,16/12/2017,prestadora C
75.0,mujer,sin valorar,solo,0.0,0.0,40.0,3.5,no,distrito 4,23.214700375000877,no,14 866,sí,02/06/2024,prestadora B
96.0,mujer,grado II,con familia,0.0,5.0,59.0,0.0,sí,distrito 3,6.22822931916928,sí,20 909,no,13/12/2016,prestadora B
80.0,mujer,SIN VALORAR,solo,2.0,0.0,110.0,6.0,no,distrito 8,48.71847652107086,no,8 841,sí,12/07/2022,prestadora C
65.0,hombre,grado III,con pareja,0.0,1.0,80.0,2.9,no,distrito 3,30.61193528413402,sí,11 074,no,07/08/2019,prestadora C
74.0,hombre,grado II,solo,2.0,1.0,25.0,7.1,no,distrito 10,80.5082114798257,sí,17 694,no,14/10/2018,prestadora B
69.0,mujer,sin valorar,con familia,4.0,1.0,47.0,2.6,sí,distrito 1,13.334839382449351,sí,14 613,sí,10/03/2019,prestadora A
81.0,mujer,grado II,con pareja,0.0,0.0,76.0,5.2,no,distrito 2,8.119792182848666,no,17 121,sí,17/02/2017,prestadora B
85.0,mujer,grado I,solo,4.0,0.0,12.0,3.0,sí,distrito 6,114.0459176506503,sí,20 826,sí,27/06/2019,prestadora C
88.0,hombre,  sin valorar ,solo,0.0,0.0,40.0,3.4,no,distrito 6,39.49172887170536,no,13 009,no,25/02/2021,prestadora C
65.0,hombre,grado I,solo,6.0,1.0,23.0,3.5,no,distrito 3,107.2929393773193,sí,9 127,no,11/02/2019,prestadora A
83.0,hombre,grado I,con pareja,3.0,0.0,42.0,1.2,sí,distrito 4,35.71855099957567,sí,10 244,sí,15/07/2019,prestadora A
86.0,mujer,  grado III ,con pareja,0.0,0.0,51.0,1.4,no,distrito 1,34.11491990190622,sí,10 871,no,26/12/2020,prestadora C
90.0,mujer,grado I,solo,0.0,1.0,16.0,2.5,no,distrito 11,43.68042485460879,sí,12 843,sí,24/08/2022,prestadora B
79.0,mujer,sin valorar,solo,0.0,0.0,54.0,0.6,no,distrito 1,21.179634646181057,no,19 155,sí,11/01/2020,prestadora C
85.0,mujer,sin valorar,con familia,5.0,0.0,37.0,6.6,no,distrito 10,50.82942346632,sí,9 228,sí,30/09/2017,prestadora C
76.0,hombre,grado I,con familia,3.0,1.0,50.0,0.9,no,distrito 7,25.056980453153944,sí,12 055,sí,15/09/2022,prestadora A
89.0,mujer,  grado I ,con pareja,0.0,1.0,45.0,3.1,no,distrito 8,23.970372143498533,sí,10 043,sí,30/11/2017,prestadora C
81.0,mujer,grado I,con familia,0.0,0.0,10.0,3.0,no,distrito 2,21.520987665075662,no,23 960,sí,24/09/2021,prestadora C
76.0,mujer,grado I,con familia,7.0,0.0,82.0,5.5,sí,distrito 7,80.73294057958802,no,10 348,sí,12/04/2024,prestadora C
65.0,mujer,grado III,con familia,2.0,2.0,86.0,2.3,no,distrito 1,67.70244824401152,sí,11 324,sí,20/01/2016,prestadora C
91.0,mujer,sin valorar,con pareja,0.0,0.0,95.0,3.9,no,distrito 8,6.630884141625945,sí,6 176,no,24/12/2016,prestadora C
80.0,mujer,grado III,solo,1.0,1.0,61.0,2.7,no,distrito 8,59.888339849915106,no,16 347,no,28/03/2017,prestadora C
85.0,mujer,sin valorar,con pareja,4.0,1.0,65.0,5.2,no,distrito 2,23.540142966932134,no,23 962,no,13/05/2024,prestadora A
73.0,mujer,sin valorar,con pareja,1.0,0.0,6.0,5.9,sí,distrito 3,12.473456822646682,sí,21 902,sí,08/06/2020,prestadora C
65.0,hombre,  grado I ,con pareja,2.0,0.0,61.0,5.1,no,distrito 9,23.51608592071345,no,12 938,sí,09/03/2019,prestadora A
78.0,mujer,grado II,con pareja,3.0,1.0,45.0,1.8,sí,distrito 5,147.6060317145531,sí,13 912,N/D,31/07/2019,prestadora C
86.0,mujer,grado II,solo,2.0,3.0,19.0,0.6,no,distrito 10,239.56266437896875,sí,13 198,no,26/09/2018,prestadora B
79.0,mujer,grado I,con pareja,1.0,0.0,42.0,6.4,no,distrito 7,80.7738194715333,sí,13 445,no,02/06/2021,prestadora A
65.0,mujer,sin valorar,con pareja,1.0,0.0,64.0,1.7,no,distrito 5,5.74278907479697,no,15 609,no,07/01/2017,prestadora A
86.0,mujer,grado II,con pareja,0.0,0.0,42.0,4.1,no,distrito 10,15.115324290721581,no,15 748,sí,27/09/2022,prestadora B
86.0,mujer,sin valorar,con familia,0.0,2.0,20.0,8.5,sí,distrito 4,13.052141128631813,sí,6 526,sí,13/08/2020,prestadora A
66.0,mujer,sin valorar,solo,5.0,0.0,20.0,6.0,no,distrito 4,68.83424327806232,sí,10 039,no,24/02/2018,prestadora C
89.0,mujer,  grado I ,con familia,0.0,0.0,47.0,8.7,no,distrito 3,7.60573589626742,sí,16 027,sí,06/10/2022,prestadora C
88.0,mujer,GRADO II,con familia,0.0,0.0,61.0,7.7,no,distrito 9,21.408736219931384,no,18 928,sí,19/04/2022,prestadora A
83.0,mujer,grado III,solo,9.0,0.0,20.0,5.4,sí,distrito 8,2130.2633535084833,sí,11 327,no,12/12/2018,prestadora C
86.0,hombre,sin valorar,con pareja,4.0,1.0,7.0,3.1,no,distrito 8,31.871307636599234,sí,9 616,sí,31/01/2019,prestadora A
76.0,mujer,  grado II ,solo,1.0,0.0,17.0,3.2,sí,distrito 6,163.92201988591088,sí,7 083,sí,27/12/2023,prestadora C
82.0,mujer,sin valorar,solo,8.0,0.0,61.0,2.4,no,distrito 9,174.33012575924485,no,28 545,sí,21/09/2017,prestadora A
74.0,hombre,  grado I ,solo,0.0,0.0,23.0,2.4,no,distrito 10,17.32260970173443,sí,11 474,sí,14/02/2024,prestadora C
81.0,mujer,grado II,solo,1.0,0.0,11.0,3.1,no,distrito 9,88.60007419848249,no,28 547,N/D,23/02/2018,prestadora C
95.0,hombre,sin valorar,con pareja,0.0,1.0,22.0,4.3,sí,distrito 4,4.765277219527142,no,31 108,sí,27/04/2021,prestadora B
71.0,mujer,grado I,solo,2.0,1.0,47.0,16.2,no,distrito 7,94.12139596142067,sí,13 496,sí,06/05/2019,prestadora B
102.0,hombre,grado III,solo,0.0,0.0,18.0,5.6,no,distrito 10,254.18070603953672,sí,13 474,sí,22/08/2024,prestadora B
80.0,mujer,grado I,solo,2.0,0.0,13.0,8.4,sí,distrito 1,129.3478741767232,no,9 931,no,11/02/2022,prestadora A
88.0,mujer,  sin valorar ,con pareja,7.0,0.0,24.0,6.0,no,distrito 8,77.91679466989684,sí,9 996,sí,08/03/2017,prestadora C
82.0,mujer,grado I,solo,1.0,1.0,17.0,8.3,no,distrito 3,65.37120670170276,sí,20 762,no,01/08/2022,prestadora A
81.0,mujer,grado II,con pareja,12.0,0.0,21.0,1.4,sí,distrito 9,888.9539675552343,sí,17 395,no,20/07/2016,prestadora C
91.0,mujer,  grado II ,solo,0.0,8.0,15.0,2.0,no,distrito 3,29.56645966069569,sí,34 401,sí,11/08/2016,prestadora C
90.0,mujer,grado I,con familia,7.0,0.0,116.0,1.9,sí,distrito 7,94.25916224785176,no,15 955,no,02/03/2024,prestadora B
80.0,mujer,grado I,con pareja,10.0,1.0,17.0,0.5,sí,distrito 6,339.60098759372624,no,17 060,no,11/03/2019,prestadora B
73.0,hombre,grado II,solo,0.0,2.0,56.0,2.2,sí,distrito 7,6.575077956854218,sí,11 230,sí,01/04/2022,prestadora B
72.0,mujer,grado I,solo,0.0,0.0,16.0,2.0,no,distrito 2,10.32699815740585,sí,34 569,sí,10/06/2019,prestadora A
85.0,hombre,grado III,solo,5.0,0.0,22.0,3.4,sí,distrito 11,1025.4642532608975,no,9 326,sí,24/11/2017,prestadora C
81.0,mujer,grado I,con familia,0.0,0.0,12.0,1.8,no,distrito 2,29.210721970165196,sí,11 188,sí,14/01/2017,prestadora C
77.0,mujer,sin valorar,solo,0.0,1.0,14.0,1.4,no,distrito 1,15.227940663729546,sí,30 887,sí,16/12/2021,prestadora B
72.0,hombre,grado III,con pareja,3.0,1.0,21.0,3.9,no,distrito 5,153.16895233433797,sí,26 443,sí,20/05/2024,prestadora C
85.0,mujer,SIN VALORAR,con familia,0.0,0.0,34.0,2.5,no,distrito 6,30.762979524788406,no,12 022,no,25/10/2022,prestadora A
82.0,mujer,grado I,con pareja,0.0,0.0,7.0,3.1,no,distrito 2,20.86466677436136,no,30 716,sí,20/05/2018,prestadora B
82.0,hombre,grado II,solo,1.0,1.0,35.0,4.1,no,distrito 7,189.40944939487744,no,9 602,sí,13/10/2020,prestadora B
79.0,mujer,grado I,solo,0.0,0.0,23.0,2.8,no,distrito 10,33.60907665943874,no,21 692,sí,04/03/2018,prestadora C
77.0,hombre,grado II,solo,3.0,2.0,29.0,6.1,no,distrito 2,421.8672166473586,sí,22 104,sí,19/02/2017,prestadora A
85.0,mujer,GRADO II,con pareja,3.0,0.0,45.0,1.4,no,distrito 9,47.175992315937734,sí,23 838,sí,17/01/2016,prestadora C
88.0,mujer,grado I,solo,0.0,6.0,19.0,5.6,no,distrito 1,20.498456275114584,sí,15 872,sí,17/04/2023,prestadora B
87.0,mujer,grado III,con pareja,6.0,0.0,13.0,2.5,no,distrito 11,37.78805382991188,no,23 774,no,14/06/2022,prestadora A
83.0,mujer,grado I,solo,0.0,1.0,6.0,2.6,no,distrito 7,14.899804051209255,no,13 439,no,14/08/2021,prestadora B
80.0,mujer,GRADO II,solo,3.0,0.0,78.0,11.3,sí,distrito 2,91.70256224713982,sí,17 621,sí,01/04/2020,prestadora C
80.0,hombre,grado II,con pareja,3.0,0.0,46.0,2.9,sí,distrito 7,101.05408462578933,sí,15 274,no,04/02/2023,prestadora B
71.0,hombre,grado I,solo,4.0,0.0,73.0,4.7,no,distrito 2,79.93317450334932,no,14 497,sí,14/04/2023,prestadora A
78.0,mujer,grado I,con familia,2.0,1.0,1.0,2.0,sí,distrito 9,16.69114255522079,sí,14 340,no,09/02/2019,prestadora B
98.0,mujer,  grado I ,con familia,8.0,0.0,25.0,2.1,no,distrito 8,102.44290085698164,sí,11 950,no,01/01/2021,prestadora B
77.0,mujer,grado II,solo,1.0,2.0,9.0,1.1,no,distrito 4,51.893721296189405,sí,14 525,no,11/08/2020,prestadora A
78.0,mujer,grado I,solo,4.0,3.0,3.0,2.7,no,distrito 11,130.86417551331655,sí,18 915,sí,01/09/2016,prestadora B
88.0,hombre,grado II,solo,2.0,2.0,14.0,2.0,sí,distrito 2,90.13862177367629,sí,14 391,sí,14/03/2019,prestadora A
89.0,mujer,grado I,con familia,0.0,2.0,11.0,1.7,sí,distrito 5,28.927506848624326,no,22 931,no,17/07/2023,prestadora B
82.0,mujer,  grado III ,solo,5.0,0.0,12.0,1.2,no,distrito 3,508.3477581242033,no,9 968,no,24/10/2021,prestadora C
91.0,hombre,SIN VALORAR,solo,2.0,1.0,15.0,10.5,sí,distrito 3,46.64685002486461,sí,23 523,sí,10/07/2020,prestadora C
91.0,mujer,grado II,solo,7.0,0.0,43.0,5.6,no,distrito 9,352.92552561469466,sí,11 368,no,24/02/2018,prestadora B
86.0,hombre,grado I,con pareja,2.0,0.0,30.0,5.0,no,distrito 5,67.62853780184417,sí,10 106,no,10/04/2021,prestadora C
80.0,hombre,  grado I ,con familia,2.0,0.0,31.0,0.6,sí,distrito 3,20.92356161723011,sí,15 409,sí,06/09/2022,prestadora A
85.0,mujer,sin valorar,con pareja,3.0,0.0,70.0,3.5,no,distrito 8,48.2937758012914,sí,8 557,no,12/04/2018,prestadora B
65.0,hombre,  grado II ,solo,1.0,2.0,51.0,3.3,sí,distrito 3,47.25579345778009,no,32 364,sí,18/03/2017,prestadora B
91.0,hombre,sin valorar,con pareja,5.0,0.0,56.0,5.1,no,distrito 9,56.054674590397624,sí,16 350,no,11/10/2017,prestadora A
78.0,hombre,grado III,solo,0.0,0.0,38.0,1.1,sí,distrito 8,9.803944433969754,sí,11 972,no,20/04/2017,prestadora A
78.0,mujer,grado I,con pareja,4.0,0.0,18.0,1.8,sí,distrito 11,170.9850118041233,no,17 891,no,03/05/2017,prestadora A
84.0,mujer,  grado II ,solo,1.0,0.0,14.0,2.8,no,distrito 5,93.88013596159622,no,18 382,sí,27/12/2017,prestadora B
81.0,mujer,  grado II ,solo,1.0,0.0,30.0,1.3,no,distrito 10,65.75082218135475,sí,16 131,no,04/10/2016,prestadora B
83.0,hombre,sin valorar,con pareja,1.0,0.0,14.0,2.0,sí,distrito 8,15.928591267285757,sí,10 292,no,26/02/2021,prestadora B
80.0,hombre,  sin valorar ,solo,7.0,0.0,18.0,0.2,no,distrito 4,525.4789785372388,sí,11 350,sí,23/09/2016,prestadora A
87.0,mujer,grado I,solo,11.0,0.0,66.0,8.6,no,distrito 5,1177.2661373359626,sí,10 558,sí,03/03/2021,prestadora C
91.0,mujer,GRADO I,con pareja,1.0,0.0,63.0,3.1,sí,distrito 2,12.207906020190157,sí,30 659,sí,10/07/2020,prestadora B
92.0,hombre,grado II,solo,3.0,1.0,41.0,0.4,no,distrito 10,257.1978289157788,no,12 293,no,26/05/2017,prestadora B
89.0,hombre,grado II,solo,1.0,0.0,4.0,12.2,sí,distrito 10,62.387165033071874,no,17 538,no,23/11/2021,prestadora B
76.0,mujer,grado II,solo,2.0,0.0,89.0,8.3,no,distrito 4,91.42515957331105,sí,13 303,no,20/04/2022,prestadora C
81.0,hombre,  sin valorar ,con pareja,1.0,0.0,62.0,6.3,no,distrito 7,16.655166016812636,sí,12 590,sí,18/07/2018,prestadora B
102.0,mujer,GRADO II,solo,10.0,0.0,92.0,2.1,sí,distrito 4,552.0704623846514,no,13 717,no,20/03/2016,prestadora C
95.0,mujer,grado I,con pareja,4.0,0.0,14.0,3.3,no,distrito 7,28.43664661655557,sí,22 730,sí,21/09/2023,prestadora C
82.0,hombre,SIN VALORAR,con familia,5.0,0.0,32.0,4.1,no,distrito 1,47.514942423418134,no,9 806,no,23/05/2020,prestadora A
80.0,mujer,sin valorar,con pareja,5.0,1.0,44.0,2.2,no,distrito 7,47.05654329906911,no,9 346,sí,10/02/2022,prestadora C
86.0,hombre,grado III,solo,0.0,0.0,61.0,6.6,sí,distrito 9,82.3711242207379,no,15 335,sí,05/01/2018,prestadora B
79.0,hombre,grado II,con pareja,8.0,0.0,30.0,3.6,no,distrito 6,99.17684871197521,no,14 802,sí,17/11/2017,prestadora C
76.0,mujer,grado I,solo,0.0,5.0,8.0,0.5,no,distrito 4,50.85623807076164,sí,9 895,N/D,24/05/2018,prestadora B
77.0,hombre,GRADO II,con pareja,0.0,0.0,30.0,0.9,no,distrito 6,8.648191387376023,sí,13 145,sí,29/08/2018,prestadora C
73.0,mujer,GRADO I,solo,3.0,0.0,18.0,8.7,no,distrito 7,135.35843444183115,no,14 156,sí,25/11/2023,prestadora A
83.0,mujer,grado I,con pareja,0.0,1.0,26.0,6.4,no,distrito 1,15.858873294304479,sí,19 902,no,15/02/2019,prestadora B
84.0,hombre,grado III,con familia,0.0,0.0,32.0,4.3,no,distrito 5,24.957072454365328,sí,17 393,sí,02/02/2020,prestadora B
80.0,mujer,grado III,solo,2.0,0.0,19.0,3.6,sí,distrito 2,244.8757432680129,no,29 825,no,02/05/2019,prestadora A
81.0,hombre,grado II,solo,4.0,0.0,32.0,1.4,sí,distrito 2,201.63709520535394,no,11 879,no,03/11/2019,prestadora B
85.0,mujer,grado III,solo,5.0,1.0,73.0,4.2,no,distrito 11,265.63860795392475,no,14 820,no,10/07/2024,prestadora A
90.0,hombre,sin valorar,solo,3.0,0.0,20.0,6.2,sí,distrito 1,56.259117783375864,no,9 060,no,11/02/2024,prestadora B
82.0,mujer,grado I,con pareja,3.0,1.0,32.0,0.3,sí,distrito 3,17.252150204607254,sí,19 273,sí,13/03/2020,prestadora A
87.0,mujer,grado I,solo,1.0,2.0,33.0,3.6,sí,distrito 2,90.66099079723855,sí,12 683,no,12/09/2020,prestadora C
85.0,hombre,grado I,solo,0.0,2.0,43.0,1.6,sí,distrito 5,54.718087041468074,no,12 320,sí,06/09/2018,prestadora A
70.0,mujer,sin valorar,con familia,2.0,0.0,25.0,8.6,no,distrito 11,43.2352973738813,sí,27 063,sí,24/08/2021,prestadora A
104.0,mujer,grado III,con pareja,6.0,1.0,114.0,7.2,no,distrito 8,201.39907841552602,sí,13 838,N/D,09/10/2021,prestadora A
77.0,mujer,grado I,solo,1.0,0.0,22.0,1.1,no,distrito 2,23.96316312190836,sí,16 828,sí,05/10/2023,prestadora B
69.0,mujer,sin valorar,con pareja,1.0,0.0,48.0,6.5,no,distrito 11,6.8970895494516,sí,8 651,sí,09/01/2023,prestadora B
78.0,mujer,grado I,con pareja,1.0,0.0,74.0,3.4,no,distrito 3,28.344699309141824,sí,11 807,no,28/04/2018,prestadora A
74.0,mujer,GRADO II,con familia,7.0,0.0,27.0,8.0,sí,distrito 7,220.162332847986,sí,16 674,sí,22/03/2024,prestadora C
87.0,mujer,  grado I ,con familia,2.0,0.0,149.0,1.7,no,distrito 9,64.72648771120183,sí,21 269,sí,05/01/2021,prestadora C
85.0,mujer,grado I,con familia,7.0,2.0,25.0,5.2,no,distrito 3,52.432762247383266,sí,17 053,no,22/03/2022,prestadora A
84.0,hombre,grado I,con pareja,6.0,1.0,62.0,4.0,no,distrito 11,135.5010755600543,sí,18 602,no,26/03/2019,prestadora B
89.0,mujer,  grado II ,con familia,3.0,2.0,8.0,5.1,no,distrito 5,243.22737757292836,no,20 675,sí,24/01/2020,prestadora C
76.0,hombre,grado II,con pareja,7.0,0.0,8.0,3.4,no,distrito 1,214.45132719585314,sí,15 570,no,12/02/2016,prestadora B
95.0,mujer,grado I,con pareja,8.0,0.0,11.0,11.4,no,distrito 7,359.7543893724886,no,16 817,sí,11/02/2024,prestadora A
87.0,mujer,grado I,con pareja,2.0,1.0,22.0,4.3,sí,distrito 2,77.75985466634688,sí,16 487,sí,26/08/2024,prestadora B
80.0,mujer,GRADO III,solo,2.0,2.0,61.0,10.7,sí,distrito 6,144.87533907885475,no,19 958,no,24/05/2021,prestadora C
85.0,mujer,sin valorar,con familia,0.0,0.0,30.0,3.4,no,distrito 7,23.285773274012197,sí,24 481,no,10/11/2016,prestadora A
78.0,hombre,grado I,solo,1.0,2.0,16.0,5.3,no,distrito 5,44.763413990519794,no,14 404,no,13/07/2017,prestadora A
88.0,mujer,grado I,solo,1.0,0.0,7.0,4.8,no,distrito 1,29.91652839190324,no,23 318,sí,10/09/2017,prestadora C
81.0,hombre,GRADO I,solo,0.0,0.0,69.0,13.4,sí,distrito 10,18.927840916056606,sí,8 127,sí,14/04/2018,prestadora C
84.0,mujer,grado I,solo,2.0,0.0,104.0,5.5,sí,distrito 3,93.2712998070056,sí,21 967,sí,25/12/2016,prestadora A
71.0,hombre,sin valorar,con pareja,2.0,2.0,49.0,1.8,sí,distrito 6,30.147233572846194,no,13 595,sí,12/09/2019,prestadora A
77.0,mujer,grado I,con pareja,4.0,0.0,33.0,3.8,no,distrito 4,32.90493684848833,no,17 892,sí,31/07/2017,prestadora C
85.0,mujer,grado II,solo,2.0,0.0,35.0,0.1,no,distrito 8,288.23854081329426,sí,18 569,sí,13/07/2017,prestadora C
77.0,mujer,grado I,con familia,4.0,2.0,19.0,2.0,no,distrito 1,25.434860596224432,sí,21 057,no,07/10/2020,prestadora C
77.0,hombre,grado II,solo,2.0,0.0,34.0,0.9,no,distrito 2,98.42802461706428,no,15 843,sí,11/07/2016,prestadora A
88.0,hombre,  grado III ,con pareja,3.0,0.0,42.0,4.9,no,distrito 11,456.1766130267668,sí,16 742,sí,29/06/2019,prestadora C
92.0,hombre,sin valorar,con pareja,13.0,0.0,26.0,7.6,no,distrito 2,81.1036377314621,sí,10 994,sí,18/09/2020,prestadora B
83.0,mujer,sin valorar,solo,7.0,0.0,26.0,6.5,no,distrito 8,879.2133328744668,no,12 381,sí,11/01/2023,prestadora B
74.0,mujer,GRADO III,solo,0.0,0.0,67.0,2.6,no,distrito 2,62.32866625458353,no,12 131,sí,27/05/2016,prestadora A
79.0,mujer,grado II,con pareja,1.0,0.0,11.0,0.5,no,distrito 10,31.124231920834195,no,14 177,sí,28/10/2023,prestadora A
80.0,mujer,grado II,solo,0.0,1.0,63.0,1.5,no,distrito 11,14.151081395993081,no,12 511,sí,23/06/2023,prestadora C
83.0,mujer,GRADO III,con pareja,0.0,0.0,8.0,7.5,no,distrito 4,67.92292382576065,sí,4 692,no,23/04/2016,prestadora A
80.0,mujer,grado II,solo,5.0,0.0,68.0,0.8,no,distrito 3,218.94258513335268,no,41 595,sí,25/04/2024,prestadora B
83.0,mujer,grado I,con familia,2.0,0.0,100.0,8.5,no,distrito 3,33.670117492267025,sí,11 155,no,22/07/2021,prestadora B
93.0,mujer,GRADO I,con pareja,0.0,0.0,46.0,4.9,no,distrito 11,48.184349036348756,sí,11 943,sí,27/07/2019,prestadora C
87.0,mujer,grado II,solo,3.0,0.0,14.0,0.0,no,distrito 9,402.3293572311441,no,9 283,sí,13/11/2021,prestadora A
86.0,hombre,sin valorar,con pareja,0.0,0.0,36.0,0.9,sí,distrito 8,11.514759413082107,no,13 161,sí,26/08/2017,prestadora C
90.0,mujer,GRADO I,solo,0.0,0.0,28.0,3.2,no,distrito 4,21.33937394723027,sí,5 231,no,20/06/2020,prestadora A
81.0,mujer,  sin valorar ,con familia,1.0,1.0,25.0,1.8,no,distrito 10,4.462537405657843,no,21 001,sí,28/01/2022,prestadora B
84.0,mujer,GRADO II,con pareja,2.0,0.0,30.0,5.3,no,distrito 4,34.91323242425967,sí,22 049,sí,18/12/2022,prestadora A
79.0,mujer,sin valorar,con pareja,6.0,0.0,9.0,6.4,no,distrito 2,59.308132339290104,sí,16 152,sí,22/08/2023,prestadora B
71.0,mujer,grado I,solo,3.0,0.0,13.0,3.3,sí,distrito 2,275.5372130665095,no,15 432,sí,12/01/2024,prestadora B
78.0,mujer,GRADO II,solo,2.0,0.0,23.0,0.6,no,distrito 11,156.47225373011148,sí,11 085,sí,10/11/2016,prestadora A
81.0,mujer,grado II,con pareja,0.0,0.0,41.0,1.8,no,distrito 1,15.058454728646643,no,23 040,sí,01/01/2020,prestadora A
65.0,hombre,grado II,solo,0.0,0.0,22.0,1.0,no,distrito 1,52.13170623422646,sí,10 523,sí,26/02/2019,prestadora A
65.0,mujer,sin valorar,solo,0.0,0.0,7.0,4.1,no,distrito 5,42.17407863067029,sí,4 144,no,12/03/2019,prestadora B
80.0,mujer,  grado III ,solo,0.0,1.0,24.0,2.9,no,distrito 5,61.338137648071076,sí,17 583,sí,03/04/2020,prestadora A
84.0,mujer,grado I,con pareja,2.0,1.0,53.0,7.2,no,distrito 5,15.841369133375533,no,30 726,N/D,30/08/2022,prestadora A
75.0,mujer,grado II,con pareja,2.0,0.0,83.0,3.9,no,distrito 5,26.61615201225784,no,25 694,sí,05/08/2016,prestadora A
76.0,mujer,grado I,solo,2.0,0.0,14.0,8.1,no,distrito 5,127.26220669457881,no,12 175,sí,14/03/2023,prestadora A
74.0,mujer,grado I,solo,0.0,0.0,35.0,3.7,sí,distrito 2,19.989554392655602,sí,10 207,no,30/07/2022,prestadora C
82.0,mujer,sin valorar,con pareja,2.0,3.0,52.0,1.6,sí,distrito 7,12.070649996842082,sí,12 871,sí,18/07/2021,prestadora C
75.0,mujer,grado II,solo,0.0,0.0,68.0,4.7,sí,distrito 7,16.50020935808529,sí,15 811,sí,15/07/2018,prestadora A
74.0,mujer,sin valorar,con familia,5.0,2.0,42.0,5.9,no,distrito 6,99.49822336845975,no,15 982,no,21/12/2020,prestadora A
90.0,hombre,grado III,con pareja,5.0,1.0,42.0,3.1,no,distrito 1,103.66695979080254,sí,14 078,no,27/06/2022,prestadora A
85.0,mujer,  sin valorar ,con pareja,0.0,0.0,94.0,2.9,no,distrito 10,4.456456007025891,sí,10 458,no,22/03/2019,prestadora B
84.0,mujer,grado II,solo,3.0,1.0,23.0,6.1,sí,distrito 4,324.88762024087157,no,11 853,sí,28/03/2020,prestadora B
82.0,mujer,grado I,solo,4.0,0.0,30.0,6.8,sí,distrito 4,355.7902307404821,sí,12 369,no,23/02/2018,prestadora C
85.0,mujer,grado II,solo,2.0,1.0,60.0,7.4,no,distrito 8,119.21277315788824,no,7 172,no,24/01/2016,prestadora C
81.0,mujer,grado II,con familia,9.0,0.0,11.0,6.5,no,distrito 7,166.69562024389595,sí,16 621,sí,02/09/2023,prestadora C
76.0,mujer,grado I,con pareja,0.0,1.0,35.0,3.2,sí,distrito 10,9.179492147392592,sí,15 070,sí,27/04/2022,prestadora A
91.0,mujer,grado II,con pareja,2.0,1.0,25.0,3.2,sí,distrito 2,44.51424867749172,sí,16 574,no,10/06/2021,prestadora C
74.0,hombre,  sin valorar ,con pareja,3.0,0.0,129.0,3.9,sí,distrito 10,13.339865571688138,sí,20 636,no,03/06/2021,prestadora A
84.0,hombre,sin valorar,con pareja,2.0,0.0,8.0,4.1,sí,distrito 7,15.632864326699364,no,15 283,sí,16/01/2019,prestadora C
69.0,hombre,SIN VALORAR,con pareja,2.0,1.0,7.0,5.2,no,distrito 4,50.765750067833565,sí,18 431,no,10/01/2022,prestadora B
83.0,mujer,sin valorar,con pareja,1.0,0.0,9.0,2.0,sí,distrito 4,26.735615626875717,sí,12 353,sí,12/02/2018,prestadora B
80.0,mujer,grado I,solo,2.0,0.0,34.0,0.8,sí,distrito 9,106.51929198281341,no,10 171,no,18/10/2023,prestadora B
89.0,mujer,grado I,solo,2.0,0.0,92.0,2.3,no,distrito 5,75.06606908387424,no,11 927,sí,02/08/2017,prestadora A
82.0,hombre,sin valorar,solo,3.0,0.0,38.0,3.5,no,distrito 11,83.58701875559207,sí,20 315,sí,06/06/2017,prestadora B
89.0,mujer,  grado I ,solo,0.0,0.0,16.0,6.5,no,distrito 4,41.53168289156079,sí,9 595,no,06/01/2019,prestadora B
71.0,hombre,grado I,solo,1.0,0.0,41.0,2.5,sí,distrito 2,51.08811236820574,sí,9 582,sí,10/11/2021,prestadora C
67.0,mujer,sin valorar,solo,1.0,0.0,44.0,1.3,sí,distrito 5,11.543229257890866,sí,5 785,sí,28/01/2021,prestadora C
80.0,hombre,sin valorar,solo,2.0,0.0,25.0,3.6,sí,distrito 11,90.12981685192176,sí,9 536,sí,08/10/2020,prestadora B
92.0,mujer,  sin valorar ,con familia,4.0,2.0,19.0,2.0,sí,distrito 7,19.320579640970532,sí,16 933,sí,25/10/2018,prestadora A
79.0,hombre,sin valorar,solo,4.0,0.0,68.0,2.7,sí,distrito 9,137.88346144633124,sí,14 307,sí,28/09/2016,prestadora C
90.0,mujer,grado II,solo,5.0,1.0,58.0,6.7,no,distrito 2,554.562099981928,sí,14 655,no,01/03/2022,prestadora C
78.0,mujer,sin valorar,solo,5.0,2.0,38.0,4.2,no,distrito 1,25.54600137830381,no,7 371,no,04/02/2019,prestadora B
84.0,mujer,grado I,solo,2.0,0.0,101.0,4.7,no,distrito 1,122.47080007022247,sí,22 024,no,03/12/2019,prestadora B
92.0,mujer,grado II,con pareja,3.0,0.0,42.0,3.3,no,distrito 10,88.75313182367253,no,14 953,no,11/07/2017,prestadora B
76.0,mujer,grado II,con pareja,1.0,0.0,32.0,4.1,no,distrito 7,18.92869732422765,sí,20 989,no,08/06/2017,prestadora A
85.0,mujer,sin valorar,solo,0.0,0.0,43.0,1.7,sí,distrito 9,36.164480217063584,sí,10 482,sí,14/02/2018,prestadora B
83.0,mujer,sin valorar,solo,1.0,0.0,17.0,5.2,no,distrito 5,11.862310307887272,sí,14 055,sí,01/11/2020,prestadora A
72.0,mujer,grado II,solo,1.0,0.0,62.0,0.9,sí,distrito 6,5.735779062002995,no,8 131,no,06/09/2022,prestadora C
85.0,hombre,grado I,con familia,0.0,0.0,83.0,4.2,no,distrito 11,3.281121281012715,sí,28 168,sí,02/08/2016,prestadora C
88.0,hombre,grado I,solo,2.0,0.0,43.0,0.5,no,distrito 6,32.65638845073783,no,8 712,N/D,14/08/2016,prestadora C
85.0,mujer,grado I,con pareja,3.0,0.0,38.0,0.4,no,distrito 2,6.21203879928082,no,16 272,no,09/12/2020,prestadora B
77.0,mujer,GRADO I,con pareja,0.0,2.0,38.0,0.4,no,distrito 2,10.637704677009536,no,16 768,sí,09/04/2020,prestadora C
77.0,mujer,grado I,con familia,2.0,0.0,73.0,1.0,no,distrito 11,8.902664777810973,no,16 630,sí,07/04/2022,prestadora B
88.0,hombre,sin valorar,con pareja,4.0,0.0,33.0,9.4,no,distrito 3,35.22490129834015,no,14 776,sí,18/05/2020,prestadora C
83.0,hombre,grado I,solo,5.0,2.0,29.0,1.1,no,distrito 6,254.19366314780484,no,10 423,sí,20/03/2016,prestadora C
97.0,mujer,sin valorar,con pareja,3.0,2.0,11.0,7.0,sí,distrito 4,53.96369268361256,sí,17 606,no,15/12/2019,prestadora C
86.0,mujer,grado II,solo,0.0,0.0,102.0,8.1,sí,distrito 8,32.83203583406475,no,7 592,sí,28/09/2018,prestadora A
88.0,mujer,grado I,con familia,6.0,3.0,50.0,3.1,no,distrito 6,187.32718223422322,sí,8 755,no,25/06/2020,prestadora B
90.0,mujer,sin valorar,con familia,2.0,0.0,94.0,1.4,sí,distrito 1,8.38826667886402,sí,11 309,no,02/02/2022,prestadora A
86.0,hombre,  sin valorar ,solo,3.0,0.0,55.0,1.6,no,distrito 4,189.87966629864127,no,20 240,no,11/07/2017,prestadora B
87.0,hombre,SIN VALORAR,solo,1.0,2.0,80.0,8.1,no,distrito 11,8.918012249955536,sí,21 060,no,02/12/2020,prestadora C
75.0,hombre,sin valorar,solo,0.0,0.0,18.0,1.1,no,distrito 9,22.687252208170886,no,22 550,no,30/07/2019,prestadora B
88.0,mujer,  grado II ,solo,1.0,1.0,19.0,4.4,no,distrito 5,40.501199055377825,no,10 208,sí,26/02/2021,prestadora B
84.0,hombre,grado II,con pareja,0.0,0.0,40.0,4.6,no,distrito 7,19.74340504261961,no,33 294,N/D,11/07/2018,prestadora B
87.0,mujer,sin valorar,con pareja,1.0,1.0,99.0,3.5,sí,distrito 1,26.946568787303292,no,17 054,no,26/05/2020,prestadora C
71.0,mujer,grado I,solo,12.0,0.0,88.0,4.3,sí,distrito 3,836.496127011157,no,14 209,no,11/05/2016,prestadora A
87.0,mujer,sin valorar,con pareja,2.0,0.0,15.0,5.7,no,distrito 9,37.642406663914386,sí,12 025,no,15/09/2022,prestadora A
83.0,hombre,sin valorar,con pareja,5.0,0.0,25.0,10.0,sí,distrito 3,167.87468963338674,sí,11 360,N/D,02/11/2016,prestadora B
79.0,hombre,grado II,con familia,4.0,0.0,29.0,5.7,sí,distrito 5,115.96878387265232,sí,9 811,no,06/06/2023,prestadora B
88.0,mujer,grado II,solo,4.0,0.0,25.0,0.6,no,distrito 11,255.10032376405263,sí,10 710,sí,28/05/2023,prestadora A
101.0,mujer,GRADO III,solo,3.0,0.0,41.0,1.1,sí,distrito 9,199.62255369894248,sí,7 618,sí,26/01/2019,prestadora A
95.0,mujer,grado I,solo,1.0,1.0,20.0,5.4,sí,distrito 1,23.219176555022393,no,10 644,sí,03/08/2024,prestadora A
90.0,hombre,sin valorar,solo,5.0,0.0,48.0,0.6,no,distrito 8,111.9384952582416,sí,11 567,no,17/03/2017,prestadora C
77.0,hombre,  grado I ,solo,3.0,0.0,27.0,3.6,no,distrito 8,58.18789814533767,sí,10 845,no,13/09/2018,prestadora A
84.0,mujer,  grado II ,solo,1.0,0.0,39.0,1.1,sí,distrito 10,43.89770537005344,no,5 820,sí,12/04/2019,prestadora A
84.0,hombre,GRADO II,solo,0.0,0.0,5.0,3.2,no,distrito 2,38.11349470880712,sí,9 407,no,04/09/2022,prestadora B
94.0,mujer,  grado II ,solo,7.0,0.0,23.0,4.3,sí,distrito 10,531.7425282276771,sí,9 995,sí,22/09/2017,prestadora A
71.0,mujer,grado II,solo,2.0,3.0,43.0,0.6,sí,distrito 9,145.46076258874595,sí,12 336,sí,26/02/2018,prestadora A
75.0,mujer,  grado I ,con pareja,2.0,2.0,39.0,4.5,no,distrito 11,51.57966250458918,sí,21 972,no,01/07/2022,prestadora C
88.0,mujer,grado I,solo,1.0,1.0,19.0,4.5,no,distrito 4,65.68410967447726,sí,6 452,no,18/03/2022,prestadora A
80.0,mujer,SIN VALORAR,solo,2.0,1.0,84.0,11.1,sí,distrito 4,86.83671293815382,sí,17 902,sí,23/04/2017,prestadora B
83.0,mujer,  sin valorar ,solo,1.0,0.0,81.0,10.4,sí,distrito 2,15.163576671055823,sí,8 680,sí,09/10/2016,prestadora A
77.0,hombre,sin valorar,con familia,5.0,2.0,18.0,1.4,no,distrito 1,104.24213829182656,sí,15 441,no,18/10/2023,prestadora A
78.0,mujer,sin valorar,con pareja,1.0,0.0,35.0,2.5,no,distrito 3,37.55231825545575,no,11 379,sí,17/11/2018,prestadora B
78.0,mujer,grado II,con familia,3.0,1.0,15.0,4.1,no,distrito 4,145.20578734558603,sí,15 007,sí,27/09/2020,prestadora B
79.0,hombre,  grado I ,con familia,0.0,0.0,94.0,3.2,sí,distrito 7,27.112229826032372,sí,14 163,sí,18/03/2024,prestadora B
80.0,mujer,GRADO I,con pareja,9.0,0.0,37.0,3.2,no,distrito 7,537.2349217435518,sí,10 686,sí,05/04/2020,prestadora B
74.0,mujer,grado I,con pareja,0.0,2.0,14.0,7.6,no,distrito 10,80.94834748437073,no,15 916,sí,25/04/2023,prestadora C
76.0,mujer,grado II,con pareja,1.0,0.0,92.0,3.7,sí,distrito 10,27.963667968502577,sí,23 955,no,15/07/2022,prestadora A
86.0,hombre,  grado II ,solo,1.0,0.0,90.0,1.9,no,distrito 11,155.14374348609672,sí,8 865,sí,27/04/2016,prestadora B
76.0,mujer,GRADO II,solo,1.0,0.0,37.0,2.4,no,distrito 1,16.037573594856713,sí,11 284,sí,20/03/2024,prestadora B
90.0,mujer,sin valorar,solo,2.0,0.0,81.0,11.1,no,distrito 7,82.67881963467715,sí,21 065,no,17/07/2022,prestadora A
89.0,hombre,grado II,con familia,5.0,0.0,27.0,0.5,no,distrito 8,192.00632794984355,sí,16 910,no,20/04/2022,prestadora B
77.0,mujer,sin valorar,solo,4.0,0.0,42.0,5.1,sí,distrito 8,304.8446830922856,no,18 545,no,06/05/2016,prestadora C
87.0,mujer,grado III,solo,3.0,2.0,12.0,6.0,no,distrito 3,263.0413984186907,no,15 965,no,22/01/2016,prestadora C
70.0,mujer,sin valorar,con familia,6.0,0.0,64.0,2.6,sí,distrito 8,44.64064327204748,no,15 701,sí,05/04/2019,prestadora A
77.0,mujer,GRADO II,solo,0.0,2.0,17.0,5.8,sí,distrito 1,24.644177287354715,no,13 085,no,17/03/2023,prestadora C
71.0,mujer,  grado I ,solo,4.0,0.0,19.0,24.6,sí,distrito 11,98.98560126386514,no,9 415,sí,24/08/2020,prestadora C
89.0,mujer,grado I,solo,1.0,0.0,7.0,2.5,sí,distrito 9,25.783552581203256,sí,24 324,no,23/06/2020,prestadora B
81.0,hombre,sin valorar,solo,2.0,1.0,25.0,1.6,no,distrito 4,238.69697314837373,no,17 569,sí,28/06/2019,prestadora A
65.0,hombre,grado I,con familia,1.0,0.0,5.0,7.6,no,distrito 11,26.415772304013036,sí,15 344,no,06/03/2022,prestadora C
83.0,hombre,grado II,solo,3.0,0.0,10.0,3.5,no,distrito 8,88.63500517723543,no,17 624,no,28/11/2023,prestadora B
85.0,hombre,  grado II ,solo,6.0,3.0,23.0,9.4,no,distrito 11,329.4942621137815,sí,21 585,no,24/01/2022,prestadora C
97.0,hombre,grado I,solo,2.0,2.0,53.0,5.9,no,distrito 11,183.36502526327715,no,18 640,no,23/05/2021,prestadora A
81.0,mujer,  grado II ,con familia,0.0,0.0,30.0,2.3,no,distrito 9,11.716408050815007,sí,23 315,sí,04/05/2019,prestadora B
78.0,mujer,grado I,solo,1.0,4.0,23.0,16.5,sí,distrito 7,162.14468301955972,sí,15 704,sí,27/07/2019,prestadora A
86.0,hombre,GRADO II,solo,0.0,1.0,14.0,4.7,no,distrito 7,32.27653283989365,sí,14 344,sí,21/04/2019,prestadora A
93.0,hombre,  grado III ,solo,5.0,0.0,97.0,3.0,sí,distrito 9,716.1639230954877,no,12 276,sí,15/06/2020,prestadora C
82.0,mujer,grado I,con pareja,0.0,1.0,42.0,4.0,sí,distrito 2,15.058216685191057,sí,22 090,sí,30/09/2018,prestadora A
82.0,mujer,grado III,con familia,1.0,4.0,16.0,2.8,no,distrito 11,30.069302933110663,sí,18 563,sí,27/10/2016,prestadora B
70.0,mujer,sin valorar,solo,3.0,1.0,41.0,4.2,no,distrito 10,153.77675640173533,sí,7 877,sí,03/09/2018,prestadora A
89.0,mujer,grado III,solo,4.0,0.0,16.0,2.9,sí,distrito 4,932.6714374324737,no,17 788,no,28/09/2018,prestadora C
71.0,mujer,GRADO I,con pareja,1.0,0.0,27.0,2.6,sí,distrito 1,21.06587335633261,no,11 106,sí,02/12/2020,prestadora A
85.0,hombre,grado III,con pareja,0.0,4.0,17.0,1.3,sí,distrito 8,37.03437217360376,sí,7 011,sí,24/08/2018,prestadora C
90.0,hombre,  grado I ,con pareja,0.0,0.0,112.0,7.4,sí,distrito 3,48.86411247339057,sí,21 617,sí,08/07/2018,prestadora B
86.0,mujer,sin valorar,solo,0.0,0.0,8.0,3.0,no,distrito 1,17.63651366293885,no,9 141,sí,14/09/2018,prestadora B
87.0,hombre,grado I,solo,1.0,5.0,34.0,2.9,sí,distrito 3,44.1106873946472,sí,16 640,sí,04/06/2019,prestadora B
86.0,mujer,sin valorar,solo,0.0,2.0,39.0,0.7,no,distrito 10,32.29294988538702,no,22 611,sí,29/06/2016,prestadora C
77.0,mujer,sin valorar,solo,3.0,0.0,30.0,3.8,no,distrito 7,44.22045994740311,no,17 061,no,14/10/2021,prestadora B
75.0,mujer,grado I,solo,2.0,1.0,15.0,1.2,no,distrito 6,145.68598610655062,sí,9 148,no,14/08/2022,prestadora A
79.0,mujer,grado I,solo,1.0,0.0,36.0,4.1,no,distrito 8,114.92116338704732,sí,11 955,no,18/06/2019,prestadora C
71.0,mujer,grado III,con pareja,3.0,0.0,5.0,5.7,no,distrito 1,95.59734954619633,sí,12 506,sí,16/08/2024,prestadora B
86.0,mujer,  grado III ,solo,0.0,0.0,54.0,7.2,no,distrito 8,248.19761985600653,sí,18 941,sí,22/12/2017,prestadora A
93.0,mujer,grado III,solo,1.0,0.0,47.0,12.6,no,distrito 6,173.60703670981164,no,22 426,no,22/02/2024,prestadora A
84.0,hombre,grado II,con pareja,1.0,0.0,0.0,5.5,no,distrito 1,41.353427519812186,sí,13 661,sí,30/04/2019,prestadora C
76.0,mujer,grado I,solo,0.0,1.0,31.0,6.2,sí,distrito 7,93.69594970943393,no,22 245,no,07/08/2022,prestadora A
92.0,hombre,GRADO III,con familia,4.0,1.0,3.0,2.4,no,distrito 5,53.84680174749996,sí,15 062,no,09/11/2023,prestadora B
66.0,mujer,  grado II ,con pareja,0.0,0.0,19.0,1.1,sí,distrito 3,9.189990787179159,no,15 529,no,11/09/2019,prestadora C
71.0,mujer,SIN VALORAR,con pareja,2.0,1.0,85.0,4.5,no,distrito 1,94.1142480062563,no,4 147,sí,15/07/2018,prestadora C
78.0,mujer,grado II,con pareja,3.0,0.0,7.0,2.2,no,distrito 8,62.3431819585859,sí,13 709,sí,16/04/2022,prestadora C
72.0,hombre,grado II,solo,7.0,0.0,4.0,9.8,no,distrito 6,306.0804166541312,sí,17 619,sí,09/01/2020,prestadora B
96.0,mujer,grado II,solo,7.0,0.0,21.0,2.6,sí,distrito 3,663.4692713140594,no,14 678,no,15/05/2017,prestadora C
80.0,mujer,GRADO II,solo,3.0,1.0,20.0,3.7,sí,distrito 3,127.11973491343808,sí,24 910,sí,06/02/2018,prestadora A
91.0,hombre,sin valorar,con familia,2.0,0.0,19.0,4.4,sí,distrito 10,7.12759338638271,sí,16 653,no,14/05/2021,prestadora B
72.0,mujer,grado I,con pareja,2.0,2.0,36.0,2.2,no,distrito 7,20.244875093530084,no,19 581,sí,04/12/2022,prestadora A
99.0,mujer,sin valorar,con pareja,5.0,0.0,26.0,8.6,sí,distrito 5,49.66446198914465,sí,13 465,no,22/02/2023,prestadora B
78.0,hombre,sin valorar,solo,1.0,2.0,47.0,2.6,sí,distrito 11,15.278166258661601,no,12 865,no,07/02/2023,prestadora B
80.0,mujer,sin valorar,solo,1.0,1.0,25.0,4.8,no,distrito 5,17.454997150985054,no,16 187,no,29/02/2020,prestadora C
72.0,hombre,grado I,solo,5.0,0.0,50.0,0.6,no,distrito 4,137.37266618514172,sí,10 028,sí,24/06/2021,prestadora B
84.0,mujer,sin valorar,con familia,3.0,2.0,22.0,2.7,no,distrito 11,27.4473343786936,no,6 844,no,14/04/2023,prestadora C
91.0,mujer,grado II,con pareja,4.0,0.0,70.0,7.0,no,distrito 8,138.06870736052548,no,26 805,sí,25/05/2018,prestadora B
71.0,mujer,  grado I ,solo,1.0,3.0,18.0,6.0,no,distrito 9,28.647412380707674,sí,35 896,sí,20/03/2022,prestadora B
90.0,hombre,grado I,solo,0.0,2.0,36.0,0.1,sí,distrito 7,21.732662682798424,sí,4 856,sí,19/09/2023,prestadora A
83.0,mujer,grado II,con pareja,4.0,0.0,105.0,3.1,sí,distrito 9,29.97903660237004,sí,9 642,N/D,19/10/2017,prestadora C
88.0,hombre,grado III,con pareja,1.0,0.0,36.0,2.5,no,distrito 9,27.622778288176068,no,6 988,N/D,22/05/2021,prestadora B
84.0,mujer,grado III,con pareja,6.0,0.0,7.0,0.4,no,distrito 9,105.83316344055505,sí,7 844,sí,10/08/2019,prestadora B
94.0,hombre,grado III,solo,7.0,0.0,91.0,8.0,sí,distrito 2,501.7249061560739,no,11 874,sí,05/04/2024,prestadora B
65.0,hombre,grado I,solo,0.0,0.0,28.0,2.5,sí,distrito 4,25.303823882761083,sí,13 459,sí,12/10/2017,prestadora C
99.0,hombre,  grado III ,con pareja,3.0,1.0,18.0,3.3,sí,distrito 11,366.18279550362195,no,9 060,sí,19/01/2020,prestadora C
86.0,hombre,  grado I ,solo,0.0,0.0,20.0,2.4,sí,distrito 8,23.224114111943436,sí,13 753,N/D,19/03/2016,prestadora B
81.0,hombre,grado I,con pareja,4.0,0.0,41.0,4.1,sí,distrito 2,30.007732059353618,sí,6 382,no,20/01/2024,prestadora B
99.0,hombre,grado II,solo,0.0,0.0,53.0,5.8,no,distrito 11,28.406185975765386,no,6 864,no,09/08/2020,prestadora A
70.0,mujer,grado II,con pareja,0.0,0.0,63.0,2.4,no,distrito 10,3.766452362339973,sí,9 481,sí,12/10/2023,prestadora C
93.0,hombre,grado III,con pareja,8.0,0.0,7.0,3.0,no,distrito 4,629.0948521371648,no,10 179,no,30/04/2021,prestadora C
86.0,hombre,grado I,con pareja,3.0,1.0,42.0,1.8,no,distrito 11,101.89245054266439,no,26 307,no,06/06/2019,prestadora A
83.0,mujer,GRADO I,solo,9.0,1.0,81.0,0.3,no,distrito 9,1400.9201267252988,sí,15 826,sí,06/04/2022,prestadora A
68.0,mujer,GRADO I,solo,1.0,1.0,48.0,5.8,no,distrito 7,96.47274279336901,sí,9 886,no,07/08/2017,prestadora C
75.0,mujer,grado II,solo,6.0,3.0,44.0,2.7,sí,distrito 9,994.3079815620654,no,21 457,no,18/04/2016,prestadora C
83.0,mujer,grado II,solo,2.0,0.0,41.0,4.0,no,distrito 10,75.03520124336742,no,21 702,sí,21/10/2022,prestadora B
77.0,mujer,grado I,solo,0.0,0.0,42.0,2.3,no,distrito 2,14.995496659377404,sí,18 444,no,06/05/2022,prestadora C
87.0,mujer,sin valorar,con familia,0.0,1.0,46.0,6.5,no,distrito 6,9.238268468006163,sí,9 681,no,23/10/2016,prestadora A
83.0,hombre,grado I,con pareja,0.0,0.0,23.0,4.3,no,distrito 9,30.074156919597524,no,12 668,no,24/05/2019,prestadora C
86.0,mujer,grado II,con pareja,0.0,0.0,49.0,1.9,sí,distrito 4,5.69675247256317,no,6 109,no,01/10/2021,prestadora A
68.0,hombre,grado III,solo,0.0,0.0,71.0,2.3,sí,distrito 3,150.76847745458457,no,10 605,N/D,09/04/2021,prestadora C
89.0,mujer,grado I,con pareja,5.0,0.0,15.0,12.8,no,distrito 6,156.94815686788183,no,10 637,sí,04/04/2019,prestadora B
80.0,hombre,sin valorar,con pareja,9.0,2.0,21.0,1.9,no,distrito 3,291.6574028669368,sí,28 237,no,17/09/2019,prestadora A
80.0,mujer,grado II,con familia,1.0,1.0,69.0,2.8,no,distrito 6,61.70780618283377,sí,9 957,no,20/06/2020,prestadora B
69.0,mujer,grado I,solo,0.0,0.0,145.0,5.2,sí,distrito 11,79.85341529478517,no,8 621,no,10/05/2017,prestadora C
91.0,mujer,grado I,con pareja,2.0,1.0,32.0,3.4,no,distrito 1,9.99552299898577,no,12 581,no,05/04/2018,prestadora A
68.0,mujer,grado II,con familia,1.0,0.0,7.0,3.1,sí,distrito 10,15.945179964346835,sí,7 389,no,09/06/2023,prestadora B
80.0,mujer,GRADO I,solo,5.0,0.0,97.0,4.8,no,distrito 10,210.660154706496,sí,11 765,sí,08/01/2020,prestadora B
81.0,mujer,sin valorar,solo,2.0,1.0,8.0,5.0,sí,distrito 7,71.6902623749636,sí,16 126,sí,02/03/2020,prestadora A
78.0,hombre,GRADO I,con familia,0.0,0.0,52.0,11.4,sí,distrito 1,3.6680858609790863,sí,11 967,sí,08/12/2022,prestadora B
80.0,hombre,grado I,con pareja,2.0,2.0,41.0,1.5,sí,distrito 10,31.016136424922976,sí,17 244,no,18/02/2024,prestadora C
84.0,hombre,grado II,con pareja,0.0,1.0,6.0,4.9,no,distrito 1,20.831023451738513,sí,16 691,no,11/01/2022,prestadora C
90.0,mujer,sin valorar,con pareja,1.0,0.0,62.0,4.0,no,distrito 8,6.625560717074243,sí,10 664,no,26/02/2017,prestadora A
72.0,hombre,sin valorar,con pareja,8.0,0.0,23.0,12.1,no,distrito 4,336.11180936097384,sí,15 548,sí,10/07/2018,prestadora C
87.0,hombre,sin valorar,solo,1.0,0.0,73.0,9.6,no,distrito 9,10.784842791125623,sí,15 543,no,02/11/2023,prestadora B
90.0,mujer,sin valorar,con pareja,1.0,0.0,41.0,1.4,sí,distrito 11,18.44187926559557,sí,18 404,sí,21/05/2016,prestadora B
86.0,mujer,  grado I ,solo,0.0,0.0,51.0,8.4,no,distrito 4,35.45370915376701,sí,13 491,no,27/04/2020,prestadora A
101.0,mujer,grado III,solo,1.0,1.0,103.0,1.2,no,distrito 5,74.40090087670045,sí,16 579,sí,10/06/2022,prestadora C
85.0,mujer,SIN VALORAR,solo,6.0,0.0,43.0,1.7,no,distrito 9,110.2444688042195,no,8 530,sí,08/10/2016,prestadora B
87.0,mujer,grado I,solo,1.0,0.0,36.0,0.6,sí,distrito 9,239.69249513917384,no,20 662,sí,10/03/2019,prestadora A
84.0,mujer,GRADO I,solo,0.0,0.0,36.0,1.2,no,distrito 6,13.364147787090726,sí,10 936,sí,14/12/2023,prestadora C
90.0,hombre,grado II,solo,2.0,0.0,18.0,2.9,sí,distrito 2,233.28045651190402,sí,19 919,sí,21/12/2017,prestadora B
79.0,mujer,sin valorar,solo,2.0,0.0,78.0,5.1,sí,distrito 8,20.787749330766633,sí,20 727,sí,13/04/2017,prestadora C
86.0,mujer,GRADO I,solo,3.0,1.0,75.0,0.1,no,distrito 6,101.49354442404795,no,13 440,sí,06/11/2017,prestadora C
98.0,mujer,sin valorar,solo,4.0,0.0,20.0,5.0,sí,distrito 1,106.09392737230081,sí,11 947,sí,09/03/2024,prestadora A
85.0,mujer,grado I,solo,2.0,0.0,5.0,5.1,sí,distrito 3,187.2926190815093,no,12 679,sí,16/05/2016,prestadora B
81.0,hombre,grado I,solo,0.0,5.0,60.0,6.0,sí,distrito 6,80.76893811184127,no,31 480,sí,27/05/2023,prestadora C
90.0,hombre,grado II,solo,2.0,0.0,19.0,3.2,no,distrito 10,160.06592985477147,sí,15 863,no,06/10/2018,prestadora A
81.0,mujer,grado I,solo,3.0,1.0,31.0,9.7,no,distrito 2,173.92531700315533,no,18 264,sí,08/12/2022,prestadora C
87.0,hombre,grado II,solo,2.0,0.0,57.0,3.7,no,distrito 10,211.30480460049122,no,12 683,no,28/07/2022,prestadora A
101.0,mujer,grado I,con pareja,1.0,3.0,44.0,2.1,sí,distrito 7,11.942230483556015,sí,15 186,no,17/03/2020,prestadora B
89.0,hombre,  grado III ,con pareja,0.0,0.0,41.0,9.0,no,distrito 2,8.131225445532685,sí,18 320,sí,15/11/2018,prestadora A
83.0,mujer,grado I,con familia,1.0,0.0,44.0,1.5,no,distrito 11,33.06318436811291,sí,11 286,no,07/12/2016,prestadora C
97.0,mujer,grado I,solo,0.0,0.0,33.0,2.4,no,distrito 3,25.189119376404097,sí,12 155,no,02/10/2021,prestadora C
78.0,mujer,  grado II ,solo,0.0,1.0,52.0,1.3,no,distrito 8,50.72646684002929,sí,8 988,no,03/04/2016,prestadora A
79.0,mujer,grado I,con pareja,10.0,1.0,104.0,0.5,no,distrito 9,180.9846881731648,no,22 921,no,10/09/2023,prestadora A
73.0,hombre,GRADO III,solo,4.0,1.0,40.0,10.6,no,distrito 1,215.88917423315095,sí,18 896,sí,19/06/2019,prestadora C
65.0,mujer,  grado II ,solo,0.0,1.0,12.0,9.5,no,distrito 6,34.75166276174111,sí,15 722,sí,28/05/2018,prestadora C
79.0,mujer,grado I,solo,4.0,0.0,32.0,4.0,sí,distrito 9,92.24547908882262,sí,12 214,N/D,12/03/2024,prestadora B
66.0,mujer,sin valorar,solo,3.0,0.0,56.0,5.5,no,distrito 8,58.944649994388996,sí,18 788,sí,24/05/2020,prestadora A
80.0,mujer,grado I,con pareja,1.0,2.0,3.0,1.8,no,distrito 5,39.20203202224543,no,12 649,no,22/06/2017,prestadora B
80.0,mujer,  sin valorar ,con pareja,2.0,0.0,58.0,5.6,sí,distrito 5,18.598805804251413,sí,9 746,no,21/12/2023,prestadora C
86.0,mujer,grado II,solo,5.0,0.0,52.0,3.0,no,distrito 2,182.2223446576492,sí,17 967,sí,12/12/2023,prestadora C
78.0,hombre,grado III,solo,2.0,3.0,171.0,0.3,no,distrito 4,27.964616720724578,no,17 935,sí,31/07/2018,prestadora C
90.0,hombre,grado II,solo,1.0,0.0,20.0,1.7,no,distrito 6,75.72080143776171,no,17 561,sí,13/05/2019,prestadora C
81.0,mujer,sin valorar,con familia,0.0,0.0,29.0,9.6,sí,distrito 1,3.744093662808922,no,14 638,sí,13/06/2019,prestadora C
82.0,mujer,grado II,solo,7.0,2.0,83.0,3.3,no,distrito 8,2089.480077577053,no,17 350,sí,18/07/2023,prestadora B
80.0,mujer,grado I,con familia,2.0,2.0,126.0,2.2,sí,distrito 5,28.808907524461905,sí,10 257,sí,07/02/2024,prestadora C
101.0,mujer,grado III,con pareja,12.0,2.0,48.0,8.7,no,distrito 6,690.4319714721655,sí,15 530,sí,01/10/2022,prestadora B
76.0,mujer,grado II,solo,1.0,2.0,6.0,4.7,no,distrito 8,84.31689679321177,sí,6 813,sí,09/11/2020,prestadora B
78.0,mujer,grado II,solo,1.0,1.0,10.0,2.1,no,distrito 8,84.97292310142745,no,12 015,sí,30/11/2022,prestadora A
85.0,mujer,sin valorar,solo,2.0,0.0,100.0,7.5,sí,distrito 5,28.921997139703194,sí,7 527,sí,27/08/2019,prestadora B
76.0,mujer,SIN VALORAR,solo,1.0,0.0,55.0,1.6,no,distrito 10,14.586816207527118,sí,10 215,sí,01/06/2018,prestadora C
83.0,mujer,sin valorar,con familia,2.0,0.0,49.0,1.0,sí,distrito 5,15.434686514442319,sí,7 692,N/D,18/02/2018,prestadora C
81.0,mujer,sin valorar,solo,2.0,1.0,19.0,4.9,sí,distrito 5,21.54572911988466,sí,31 943,no,18/03/2023,prestadora B
75.0,mujer,SIN VALORAR,solo,7.0,0.0,24.0,5.4,no,distrito 9,78.752499008619,sí,17 686,no,03/10/2023,prestadora A
81.0,hombre,grado III,con pareja,3.0,0.0,28.0,1.6,no,distrito 8,107.57601374197812,sí,23 268,no,25/01/2024,prestadora A
76.0,mujer,grado I,solo,2.0,1.0,6.0,1.1,no,distrito 10,119.4648987257231,sí,12 095,sí,26/09/2019,prestadora A
92.0,hombre,  grado II ,con pareja,0.0,4.0,17.0,4.3,no,distrito 5,31.362926871141404,sí,16 209,sí,21/06/2023,prestadora A
84.0,hombre,  grado II ,con familia,1.0,0.0,42.0,3.6,no,distrito 2,34.39619782336345,sí,6 272,sí,30/08/2023,prestadora A
70.0,mujer,grado I,con pareja,8.0,1.0,36.0,6.4,no,distrito 2,287.8835559371992,no,9 822,sí,07/07/2016,prestadora B
80.0,hombre,grado I,solo,0.0,0.0,73.0,2.0,sí,distrito 7,9.934602837995365,sí,10 746,sí,31/08/2023,prestadora C
79.0,mujer,grado I,solo,8.0,0.0,15.0,13.3,sí,distrito 7,374.1454641031332,sí,9 344,no,30/04/2018,prestadora B
81.0,mujer,grado I,con familia,7.0,2.0,42.0,4.4,no,distrito 2,64.92594295525045,no,23 114,sí,05/08/2024,prestadora B
82.0,hombre,grado I,solo,3.0,2.0,4.0,3.9,sí,distrito 3,295.9493681569418,sí,16 507,no,05/04/2024,prestadora B
83.0,hombre,  grado III ,con pareja,0.0,0.0,5.0,7.8,sí,distrito 6,30.46609666069251,sí,8 965,sí,02/02/2021,prestadora C
77.0,mujer,sin valorar,con familia,2.0,0.0,45.0,1.1,sí,distrito 10,4.927547904406246,sí,31 375,no,11/09/2024,prestadora C
90.0,mujer,grado II,con pareja,4.0,0.0,26.0,4.4,no,distrito 6,127.3368093585493,sí,17 781,sí,16/01/2021,prestadora C
77.0,mujer,grado II,con pareja,0.0,0.0,28.0,1.3,no,distrito 2,8.048826170989,sí,8 861,sí,16/04/2018,prestadora C
93.0,hombre,grado II,con familia,3.0,0.0,116.0,1.6,no,distrito 5,28.283928326547358,sí,10 773,sí,26/12/2021,prestadora C
79.0,mujer,grado I,solo,2.0,0.0,14.0,7.2,no,distrito 9,81.31184313964529,no,16 316,sí,30/09/2023,prestadora B
91.0,hombre,grado III,solo,3.0,0.0,36.0,4.1,sí,distrito 1,334.97231559754204,sí,12 280,sí,20/04/2022,prestadora A
82.0,hombre,grado III,solo,1.0,0.0,40.0,1.9,no,distrito 1,18.281714929638007,sí,13 375,sí,12/09/2024,prestadora A
71.0,mujer,GRADO I,con pareja,3.0,0.0,133.0,6.7,sí,distrito 4,49.80908422729386,sí,8 515,sí,14/01/2020,prestadora C
67.0,mujer,GRADO II,solo,4.0,0.0,27.0,3.0,no,distrito 10,203.3997304373946,sí,9 161,no,05/09/2017,prestadora B
73.0,hombre,grado II,solo,3.0,0.0,13.0,2.6,sí,distrito 6,191.5259040349417,sí,11 418,no,06/07/2024,prestadora A
69.0,mujer,grado I,con pareja,0.0,0.0,92.0,5.1,no,distrito 11,18.582545311855156,no,11 806,no,25/09/2022,prestadora A
88.0,mujer,grado II,solo,5.0,1.0,8.0,1.3,sí,distrito 11,367.28387851873293,sí,14 155,N/D,17/02/2017,prestadora A
78.0,mujer,sin valorar,solo,6.0,0.0,32.0,3.7,sí,distrito 11,581.0848515843386,no,23 631,no,05/04/2021,prestadora A
67.0,hombre,sin valorar,con pareja,1.0,0.0,30.0,7.3,sí,distrito 2,12.530712428212734,sí,12 268,no,03/09/2020,prestadora C
73.0,mujer,grado II,con familia,0.0,0.0,38.0,0.5,sí,distrito 6,7.196478727306943,no,19 543,sí,18/06/2016,prestadora A
77.0,mujer,grado I,con familia,0.0,0.0,84.0,0.9,no,distrito 6,9.341485083365281,sí,13 638,sí,21/04/2022,prestadora C
87.0,hombre,grado II,solo,10.0,0.0,25.0,9.4,no,distrito 8,2688.5879144818496,sí,13 772,no,21/07/2019,prestadora A
78.0,hombre,SIN VALORAR,solo,1.0,0.0,60.0,3.7,no,distrito 2,29.244961060696756,sí,17 837,no,28/08/2016,prestadora A
86.0,hombre,grado III,solo,5.0,0.0,34.0,1.6,no,distrito 10,372.09273198502,sí,14 663,sí,29/03/2020,prestadora B
77.0,mujer,grado I,con familia,0.0,1.0,65.0,2.8,no,distrito 4,15.493954261338654,sí,9 614,sí,22/11/2023,prestadora A
92.0,mujer,sin valorar,con pareja,1.0,0.0,37.0,4.8,no,distrito 10,14.755473571625817,no,11 667,no,19/02/2023,prestadora A
89.0,mujer,sin valorar,con pareja,0.0,0.0,37.0,14.9,no,distrito 9,15.753552899994043,sí,11 201,sí,11/11/2021,prestadora A
93.0,mujer,grado II,solo,3.0,0.0,43.0,2.9,no,distrito 4,289.8814741308029,sí,10 920,no,30/07/2020,prestadora C
69.0,mujer,sin valorar,con pareja,0.0,1.0,34.0,1.8,no,distrito 1,8.88781669020327,sí,10 640,no,30/05/2022,prestadora A
87.0,mujer,grado I,solo,1.0,1.0,35.0,6.2,no,distrito 10,58.16283118701965,sí,14 273,sí,11/05/2024,prestadora A
91.0,mujer,sin valorar,solo,5.0,0.0,55.0,6.6,no,distrito 5,140.9205290646818,no,13 736,no,20/03/2016,prestadora C
67.0,hombre,grado III,solo,5.0,0.0,75.0,5.6,sí,distrito 5,252.1655924084021,sí,28 035,sí,05/07/2022,prestadora C
85.0,mujer,grado I,con pareja,5.0,0.0,15.0,0.6,sí,distrito 2,178.60096107884445,no,14 060,sí,06/01/2022,prestadora B
82.0,mujer,  grado I ,con familia,3.0,1.0,15.0,7.0,no,distrito 3,62.40443022828275,sí,22 851,no,21/08/2016,prestadora A
68.0,hombre,grado II,solo,0.0,1.0,59.0,2.1,no,distrito 2,8.770347297053695,no,12 379,sí,25/05/2020,prestadora C
80.0,mujer,GRADO I,con familia,4.0,0.0,59.0,1.9,sí,distrito 6,21.677413310082173,sí,28 470,sí,09/09/2024,prestadora A
75.0,mujer,sin valorar,solo,1.0,0.0,97.0,4.4,no,distrito 6,24.783401049970283,sí,10 286,sí,08/01/2024,prestadora C
85.0,mujer,grado III,con familia,7.0,1.0,61.0,2.7,no,distrito 9,186.47902149205055,no,23 039,no,30/03/2023,prestadora A
86.0,hombre,sin valorar,con pareja,2.0,1.0,6.0,5.6,sí,distrito 6,159.8164387366521,sí,21 161,no,23/10/2019,prestadora B
84.0,mujer,grado I,con familia,7.0,0.0,60.0,4.6,no,distrito 4,25.109735972133443,sí,16 825,sí,25/02/2022,prestadora C
84.0,hombre,grado I,con familia,0.0,1.0,38.0,8.0,no,distrito 8,26.870645242392424,sí,9 352,sí,06/04/2016,prestadora A
84.0,mujer,sin valorar,con familia,1.0,0.0,12.0,8.6,no,distrito 5,64.83704366211896,sí,6 398,sí,12/02/2021,prestadora B
79.0,hombre,sin valorar,con pareja,0.0,3.0,28.0,3.4,no,distrito 1,43.855434231209436,sí,24 620,sí,28/11/2018,prestadora A
75.0,hombre,sin valorar,con familia,0.0,0.0,38.0,2.1,no,distrito 5,11.126061598590491,sí,14 217,no,22/05/2018,prestadora A
80.0,hombre,grado I,solo,4.0,0.0,27.0,10.8,sí,distrito 11,180.7879515053866,no,11 605,sí,09/09/2018,prestadora C
80.0,hombre,grado I,solo,0.0,0.0,80.0,4.8,no,distrito 10,7.337681057507325,no,10 068,N/D,02/11/2017,prestadora C
87.0,hombre,grado II,solo,1.0,0.0,5.0,3.5,no,distrito 11,58.06837262524989,sí,13 111,sí,06/03/2016,prestadora B
70.0,mujer,sin valorar,solo,6.0,1.0,27.0,1.1,no,distrito 10,271.41111412546167,no,16 232,sí,26/04/2017,prestadora A
88.0,mujer,grado I,solo,0.0,0.0,19.0,10.9,no,distrito 3,41.01022627106362,sí,16 737,sí,20/08/2021,prestadora A
65.0,mujer,grado I,solo,5.0,1.0,14.0,13.8,no,distrito 1,200.1621215345155,sí,14 364,no,03/02/2016,prestadora A
88.0,hombre,grado I,con familia,0.0,1.0,11.0,7.9,no,distrito 7,8.711922056236926,sí,10 325,sí,20/04/2017,prestadora B
88.0,hombre,sin valorar,solo,1.0,0.0,9.0,1.1,no,distrito 6,27.111494847209386,sí,10 658,sí,16/04/2019,prestadora A
80.0,mujer,grado III,solo,1.0,0.0,81.0,2.9,sí,distrito 5,69.58663710431449,no,16 912,sí,21/07/2016,prestadora A
78.0,mujer,grado I,solo,1.0,0.0,122.0,4.6,sí,distrito 6,153.0625339240218,sí,21 619,no,14/09/2022,prestadora C
76.0,mujer,grado I,con pareja,7.0,0.0,69.0,4.2,no,distrito 7,83.18220690670347,no,10 911,sí,13/05/2024,prestadora C
87.0,mujer,grado II,solo,3.0,0.0,51.0,1.4,sí,distrito 8,122.10951348742985,no,21 036,sí,14/05/2016,prestadora C
94.0,mujer,  sin valorar ,solo,10.0,1.0,53.0,5.1,sí,distrito 5,313.9114609824834,no,14 294,sí,27/04/2016,prestadora B
83.0,hombre,grado I,con familia,0.0,0.0,43.0,0.9,no,distrito 1,3.7787458210855482,sí,12 951,sí,23/02/2023,prestadora A
89.0,mujer,grado II,solo,0.0,0.0,19.0,2.6,no,distrito 8,15.088485674887075,no,48 328,no,17/12/2021,prestadora A
78.0,mujer,grado III,solo,2.0,1.0,60.0,1.9,sí,distrito 5,103.29999139734637,no,16 431,sí,27/05/2021,prestadora B
79.0,mujer,  grado I ,con pareja,8.0,0.0,16.0,0.7,sí,distrito 1,90.91831020877086,sí,19 862,no,22/01/2024,prestadora B
74.0,mujer,sin valorar,con familia,4.0,0.0,38.0,2.0,sí,distrito 1,19.94879995412936,sí,24 130,sí,02/12/2019,prestadora B
66.0,mujer,grado I,con familia,3.0,0.0,56.0,7.6,no,distrito 1,24.889328719874662,sí,13 574,sí,12/04/2017,prestadora C
88.0,hombre,sin valorar,solo,1.0,0.0,22.0,3.3,sí,distrito 3,8.22568162086293,sí,26 958,sí,11/01/2021,prestadora B
96.0,mujer,sin valorar,con pareja,1.0,0.0,82.0,1.1,no,distrito 2,25.166575968087688,sí,9 353,no,14/03/2017,prestadora B
90.0,hombre,grado II,con pareja,4.0,2.0,10.0,8.2,sí,distrito 10,105.9759106830518,no,13 268,sí,07/12/2020,prestadora B
82.0,mujer,grado II,solo,2.0,0.0,50.0,5.0,no,distrito 5,58.23563989536963,no,17 201,no,04/05/2021,prestadora A
80.0,mujer,sin valorar,con pareja,1.0,0.0,44.0,3.0,no,distrito 11,18.554062528079296,sí,9 949,sí,01/08/2022,prestadora B
78.0,hombre,grado I,solo,0.0,0.0,59.0,2.7,no,distrito 9,12.872084740232195,no,15 381,sí,22/03/2018,prestadora B
82.0,hombre,sin valorar,solo,2.0,3.0,21.0,2.5,sí,distrito 6,72.53219010492869,sí,14 151,no,30/01/2016,prestadora A
65.0,mujer,  grado II ,solo,6.0,1.0,79.0,5.9,no,distrito 11,85.96807265672813,no,9 317,no,05/09/2024,prestadora A
67.0,mujer,grado II,con pareja,1.0,1.0,9.0,2.4,sí,distrito 1,23.864584534194364,no,15 913,sí,06/12/2021,prestadora C
71.0,mujer,SIN VALORAR,solo,1.0,2.0,19.0,1.7,no,distrito 5,27.5348563092717,sí,12 696,no,16/10/2019,prestadora B
78.0,mujer,sin valorar,solo,5.0,6.0,42.0,7.6,sí,distrito 9,328.66345677577016,sí,7 465,no,01/01/2020,prestadora A
85.0,hombre,grado I,con pareja,1.0,0.0,58.0,3.4,sí,distrito 10,4.8116067750368865,sí,7 014,N/D,02/01/2020,prestadora A
90.0,mujer,grado I,con familia,3.0,3.0,30.0,3.0,no,distrito 1,81.86211853822492,sí,10 343,sí,15/07/2024,prestadora B
80.0,mujer,grado I,con familia,2.0,0.0,37.0,6.2,no,distrito 8,39.6169009260157,sí,13 026,sí,29/11/2023,prestadora A
83.0,mujer,SIN VALORAR,solo,3.0,0.0,31.0,8.3,sí,distrito 10,81.6961097150992,sí,19 474,no,20/02/2019,prestadora B
85.0,mujer,sin valorar,solo,2.0,0.0,28.0,6.1,sí,distrito 2,27.496058144582218,sí,33 691,sí,07/02/2021,prestadora B
88.0,mujer,grado II,solo,2.0,0.0,43.0,3.9,sí,distrito 11,256.2243781007677,sí,9 717,sí,26/07/2019,prestadora B
73.0,hombre,GRADO III,con familia,0.0,2.0,42.0,2.1,no,distrito 11,20.75732138416099,no,18 390,sí,23/09/2017,prestadora C
88.0,mujer,sin valorar,solo,2.0,0.0,10.0,0.5,no,distrito 6,21.719443447423778,sí,12 681,N/D,21/07/2024,prestadora C
84.0,hombre,grado II,con familia,4.0,0.0,13.0,4.3,no,distrito 4,43.90631268603135,sí,22 801,sí,26/04/2024,prestadora A
75.0,mujer,sin valorar,con familia,4.0,2.0,61.0,2.0,sí,distrito 8,41.057691900316435,no,20 647,sí,07/07/2022,prestadora C
76.0,mujer,sin valorar,solo,2.0,0.0,19.0,6.4,no,distrito 11,46.732036937169376,sí,22 697,N/D,24/04/2019,prestadora B
93.0,mujer,grado II,con pareja,3.0,0.0,43.0,0.2,no,distrito 5,44.13745301296124,sí,8 941,no,06/07/2016,prestadora C
81.0,mujer,grado III,solo,3.0,1.0,31.0,6.1,no,distrito 11,223.2398247673271,sí,12 168,no,23/06/2020,prestadora C
92.0,mujer,  grado I ,solo,1.0,0.0,8.0,7.9,sí,distrito 9,74.04160179392868,no,17 932,N/D,05/02/2021,prestadora C
84.0,mujer,grado II,con familia,0.0,0.0,57.0,7.4,no,distrito 3,4.561757656712079,sí,14 872,N/D,03/10/2021,prestadora C
86.0,hombre,grado II,solo,2.0,3.0,36.0,2.6,sí,distrito 8,175.1538865029213,sí,16 321,sí,12/11/2023,prestadora B
65.0,hombre,  sin valorar ,solo,0.0,1.0,5.0,9.6,no,distrito 2,144.10039934460607,sí,18 128,no,29/06/2020,prestadora C
94.0,mujer,sin valorar,solo,1.0,0.0,14.0,9.9,no,distrito 2,43.71362042972901,sí,11 231,sí,15/02/2022,prestadora B
82.0,mujer,sin valorar,con pareja,1.0,2.0,31.0,1.8,no,distrito 7,7.015812489240964,sí,11 952,sí,21/10/2017,prestadora C
96.0,hombre,grado II,solo,2.0,2.0,25.0,5.1,sí,distrito 7,317.95086555557623,no,21 338,no,13/08/2024,prestadora C
89.0,hombre,grado II,solo,4.0,2.0,10.0,17.7,no,distrito 2,1117.4589500962961,sí,12 865,no,14/10/2020,prestadora C
81.0,mujer,GRADO I,solo,2.0,0.0,17.0,4.6,sí,distrito 10,169.5154005713675,sí,9 854,sí,10/12/2017,prestadora C
80.0,hombre,grado III,solo,1.0,0.0,6.0,3.2,no,distrito 9,240.52018781388477,sí,21 702,no,09/03/2018,prestadora C
93.0,mujer,grado II,solo,2.0,3.0,23.0,1.2,no,distrito 5,155.856270381403,no,10 312,sí,11/11/2023,prestadora B
82.0,mujer,sin valorar,solo,2.0,0.0,22.0,7.7,no,distrito 4,38.06753790046657,no,36 127,sí,08/05/2018,prestadora B
78.0,mujer,grado I,con pareja,2.0,0.0,34.0,6.1,sí,distrito 5,31.600557704047876,sí,7 589,sí,04/11/2016,prestadora C
104.0,mujer,grado II,solo,0.0,0.0,21.0,1.8,no,distrito 1,25.308436933898534,sí,14 597,sí,21/03/2023,prestadora B
80.0,hombre,GRADO I,con familia,3.0,0.0,28.0,3.2,no,distrito 3,33.52818310527366,sí,7 868,N/D,20/09/2022,prestadora C
76.0,mujer,SIN VALORAR,solo,0.0,3.0,12.0,4.8,no,distrito 6,9.28190373499054,sí,9 566,sí,06/05/2020,prestadora B
94.0,mujer,grado I,con familia,7.0,0.0,11.0,5.8,no,distrito 5,129.06161970806508,no,14 037,no,28/09/2021,prestadora A
86.0,mujer,  grado II ,con familia,1.0,0.0,108.0,1.2,no,distrito 5,62.51432544940287,sí,12 212,no,13/01/2022,prestadora A
89.0,mujer,grado III,solo,1.0,0.0,53.0,1.3,sí,distrito 5,189.9142092318068,sí,15 309,sí,30/05/2021,prestadora C
73.0,mujer,GRADO III,con pareja,0.0,0.0,84.0,8.7,sí,distrito 9,11.354551375273536,no,20 198,N/D,12/09/2018,prestadora B
80.0,hombre,grado I,con pareja,0.0,0.0,60.0,7.2,no,distrito 8,27.48336121892195,sí,23 018,sí,28/07/2021,prestadora A
83.0,mujer,grado I,con pareja,0.0,0.0,7.0,2.2,no,distrito 1,10.290224360686208,sí,17 739,sí,10/06/2017,prestadora B
87.0,mujer,GRADO I,solo,1.0,0.0,67.0,8.1,no,distrito 4,21.85311239588255,sí,17 376,sí,10/03/2019,prestadora B
89.0,mujer,grado II,con familia,0.0,0.0,53.0,6.5,sí,distrito 9,2.7531937896286807,sí,14 937,sí,29/06/2022,prestadora A
84.0,hombre,grado I,con pareja,2.0,1.0,52.0,3.4,sí,distrito 6,79.72498437633034,sí,5 153,sí,01/09/2021,prestadora C
77.0,hombre,  grado I ,con familia,6.0,0.0,13.0,2.2,no,distrito 7,113.28485207060655,no,18 429,no,19/07/2017,prestadora A
69.0,mujer,sin valorar,con pareja,1.0,1.0,39.0,8.5,sí,distrito 10,68.43359975257428,no,25 602,sí,08/06/2020,prestadora B
83.0,hombre,sin valorar,solo,5.0,0.0,34.0,3.6,sí,distrito 1,199.85293830255873,sí,11 183,no,17/05/2016,prestadora A
75.0,mujer,grado I,con pareja,3.0,0.0,88.0,0.5,no,distrito 11,149.36746662453837,sí,11 940,no,21/08/2020,prestadora A
90.0,hombre,sin valorar,con pareja,3.0,1.0,32.0,1.1,sí,distrito 6,29.602793095068332,sí,13 515,no,29/06/2020,prestadora A
74.0,mujer,grado I,con familia,1.0,1.0,69.0,2.0,no,distrito 11,17.289946085864308,no,8 713,sí,29/11/2017,prestadora C
75.0,mujer,SIN VALORAR,con pareja,2.0,0.0,107.0,11.3,no,distrito 2,19.02343580183955,sí,14 348,no,20/01/2021,prestadora A
75.0,hombre,GRADO II,solo,3.0,3.0,61.0,10.7,sí,distrito 2,2754.3279596948614,sí,7 916,no,31/03/2016,prestadora C
82.0,mujer,grado I,solo,6.0,0.0,43.0,2.9,sí,distrito 8,111.40264737464092,no,22 081,sí,23/01/2023,prestadora C
74.0,hombre,grado I,solo,7.0,3.0,94.0,0.1,no,distrito 11,214.16834409834007,no,13 172,no,16/10/2023,prestadora C
88.0,mujer,grado II,con familia,0.0,0.0,39.0,5.0,no,distrito 6,10.535214301931768,sí,11 667,no,15/09/2016,prestadora C
85.0,hombre,grado III,con pareja,0.0,0.0,1.0,9.3,no,distrito 6,62.56350481657857,sí,9 356,sí,15/11/2016,prestadora C
78.0,mujer,sin valorar,solo,7.0,0.0,86.0,2.2,sí,distrito 1,43.43714869152057,no,11 643,sí,19/09/2016,prestadora C
79.0,hombre,GRADO I,solo,5.0,0.0,28.0,6.4,sí,distrito 2,492.0318276089628,sí,9 200,sí,03/06/2021,prestadora C
79.0,hombre,grado I,solo,4.0,3.0,103.0,5.9,no,distrito 11,303.84844569727414,no,15 833,no,17/08/2021,prestadora B
98.0,mujer,grado III,con familia,6.0,0.0,5.0,4.7,sí,distrito 6,212.5440830628104,no,7 523,sí,20/10/2018,prestadora C
80.0,hombre,sin valorar,con pareja,4.0,0.0,25.0,8.0,no,distrito 2,20.83957782534835,sí,11 435,no,19/09/2021,prestadora B
93.0,mujer,grado I,con familia,7.0,0.0,46.0,3.0,no,distrito 6,44.78254408174018,sí,21 951,sí,07/11/2020,prestadora A
66.0,mujer,sin valorar,solo,1.0,2.0,8.0,2.3,no,distrito 3,25.208558299522057,no,16 862,no,02/03/2024,prestadora B
83.0,hombre,grado I,con pareja,6.0,0.0,22.0,10.5,sí,distrito 2,449.7605669720491,no,20 686,sí,21/05/2016,prestadora B
75.0,mujer,grado II,solo,5.0,1.0,22.0,2.0,sí,distrito 10,178.21587674196107,sí,8 227,sí,05/09/2019,prestadora C
82.0,mujer,grado I,con pareja,3.0,1.0,14.0,6.8,no,distrito 6,73.92459846482862,sí,10 088,no,05/11/2016,prestadora C
89.0,hombre,grado II,con familia,2.0,2.0,62.0,6.7,sí,distrito 9,9.165759323324142,sí,27 868,sí,17/04/2022,prestadora C
83.0,hombre,GRADO I,con familia,1.0,0.0,43.0,2.2,sí,distrito 6,9.99308359104105,sí,14 890,no,28/11/2017,prestadora C
83.0,mujer,grado I,con familia,2.0,1.0,6.0,6.0,sí,distrito 11,75.54276521159568,sí,18 827,sí,03/06/2018,prestadora B
90.0,mujer,sin valorar,con pareja,6.0,0.0,97.0,0.2,no,distrito 8,11.431167660086652,no,15 091,no,29/07/2022,prestadora A
97.0,mujer,grado I,con pareja,3.0,2.0,78.0,3.2,no,distrito 10,110.59608318913483,sí,6 674,sí,01/09/2020,prestadora B
66.0,hombre,grado III,solo,7.0,0.0,49.0,3.7,no,distrito 1,679.0155958172285,sí,9 097,sí,05/06/2020,prestadora B
78.0,mujer,grado III,solo,3.0,1.0,26.0,8.2,no,distrito 1,159.77593725059464,sí,7 790,no,03/05/2021,prestadora C
81.0,mujer,grado II,con familia,5.0,4.0,25.0,0.6,no,distrito 10,134.0571904724712,sí,12 939,sí,02/09/2024,prestadora C
92.0,mujer,sin valorar,solo,4.0,4.0,31.0,3.8,sí,distrito 1,187.67520833974604,no,19 966,sí,11/04/2021,prestadora A
82.0,mujer,grado III,con familia,4.0,3.0,32.0,3.3,sí,distrito 9,276.1316418877861,sí,15 289,sí,01/10/2020,prestadora C
85.0,hombre,grado III,con pareja,0.0,1.0,47.0,9.3,no,distrito 7,63.24169676340412,no,12 509,no,12/12/2021,prestadora A
84.0,mujer,sin valorar,con pareja,0.0,1.0,29.0,2.6,no,distrito 10,18.458573481291484,sí,8 352,sí,13/03/2024,prestadora A
82.0,hombre,grado I,solo,1.0,6.0,9.0,3.9,sí,distrito 6,44.84528805301318,sí,15 291,sí,28/01/2024,prestadora C
67.0,mujer,grado I,solo,3.0,0.0,51.0,2.2,sí,distrito 1,71.52583492604228,sí,16 414,sí,17/02/2018,prestadora B
77.0,hombre,grado I,solo,1.0,0.0,80.0,5.8,no,distrito 9,57.04877455605303,sí,10 614,no,03/01/2020,prestadora C
74.0,mujer,grado I,solo,3.0,0.0,28.0,3.7,no,distrito 3,220.12152167611623,sí,13 925,no,26/11/2019,prestadora C
89.0,mujer,sin valorar,con familia,9.0,1.0,88.0,2.6,no,distrito 5,33.34415691517762,no,15 435,no,30/07/2020,prestadora B
78.0,mujer,grado II,con pareja,0.0,1.0,7.0,2.5,no,distrito 3,10.997244011943822,no,20 059,no,27/03/2017,prestadora B
104.0,mujer,grado II,solo,1.0,2.0,21.0,1.2,no,distrito 5,47.673772333086944,no,8 961,no,08/08/2018,prestadora B
75.0,mujer,grado I,solo,0.0,0.0,123.0,0.1,no,distrito 6,11.665837594762422,sí,19 174,sí,13/06/2017,prestadora B
94.0,mujer,grado III,con pareja,2.0,1.0,55.0,8.1,no,distrito 10,34.87468769497336,no,9 779,sí,23/09/2018,prestadora A
72.0,mujer,  grado I ,solo,2.0,0.0,20.0,1.8,no,distrito 2,106.45957454787532,sí,16 129,sí,28/05/2017,prestadora A
81.0,mujer,sin valorar,con familia,4.0,1.0,69.0,3.1,no,distrito 6,39.69446914616976,no,28 216,sí,03/04/2018,prestadora A
85.0,mujer,sin valorar,con familia,0.0,2.0,29.0,0.9,no,distrito 1,9.750103801961956,no,20 701,sí,16/06/2022,prestadora C
85.0,hombre,grado I,con pareja,3.0,0.0,42.0,1.8,sí,distrito 4,57.54897521546864,sí,13 221,sí,16/10/2020,prestadora C
75.0,mujer,grado III,con familia,6.0,0.0,43.0,12.2,no,distrito 1,121.38534779464618,sí,11 726,no,02/07/2020,prestadora A
83.0,mujer,grado II,solo,0.0,0.0,6.0,2.1,no,distrito 3,52.8047464208738,no,10 066,no,09/05/2023,prestadora C
85.0,hombre,sin valorar,con pareja,1.0,1.0,49.0,2.0,sí,distrito 11,22.16944926378799,sí,7 675,no,17/12/2016,prestadora C
68.0,hombre,grado I,con familia,0.0,0.0,48.0,4.4,no,distrito 3,8.11114029089379,no,14 888,sí,04/07/2016,prestadora C
74.0,hombre,grado III,solo,1.0,0.0,12.0,5.9,no,distrito 2,38.947689334484664,no,9 043,no,17/02/2019,prestadora C
85.0,hombre,grado III,solo,6.0,0.0,5.0,9.0,no,distrito 1,505.4290914039622,sí,12 691,no,12/03/2018,prestadora C
70.0,mujer,grado II,solo,1.0,0.0,20.0,3.7,no,distrito 9,89.45387405646828,no,12 032,N/D,11/04/2021,prestadora B
83.0,mujer,SIN VALORAR,con familia,2.0,0.0,46.0,5.4,no,distrito 9,21.222397366304744,sí,28 295,sí,02/09/2021,prestadora B
65.0,mujer,sin valorar,solo,8.0,1.0,26.0,1.3,no,distrito 5,117.064047749939,sí,11 848,sí,07/01/2016,prestadora C
85.0,hombre,grado I,con familia,1.0,0.0,63.0,5.7,no,distrito 3,26.50956333543875,no,11 178,sí,21/06/2018,prestadora A
77.0,hombre,grado II,solo,1.0,3.0,1.0,2.7,no,distrito 11,147.19600239265904,sí,17 324,sí,15/10/2022,prestadora C
81.0,mujer,sin valorar,solo,4.0,1.0,17.0,7.5,no,distrito 3,537.6008297420142,no,12 201,sí,06/12/2016,prestadora C
66.0,mujer,grado II,solo,0.0,1.0,51.0,4.2,sí,distrito 10,34.39856106473762,no,15 925,no,29/08/2024,prestadora C
82.0,mujer,grado III,con pareja,11.0,4.0,46.0,2.9,no,distrito 7,416.04808490491047,no,11 940,sí,23/07/2017,prestadora B
88.0,mujer,grado I,con pareja,0.0,2.0,13.0,1.0,no,distrito 8,20.619870992013826,sí,22 144,sí,16/12/2019,prestadora A
72.0,mujer,grado II,con familia,0.0,1.0,17.0,4.2,no,distrito 9,4.836770225105128,sí,12 618,sí,13/12/2017,prestadora A
86.0,mujer,sin valorar,con pareja,5.0,0.0,61.0,5.2,sí,distrito 2,77.29443991169826,sí,16 065,no,10/04/2018,prestadora C
87.0,mujer,  grado II ,con familia,2.0,1.0,34.0,6.5,no,distrito 3,81.89935565209346,sí,21 633,no,01/03/2017,prestadora B
81.0,mujer,grado II,solo,3.0,0.0,28.0,0.5,no,distrito 9,89.19806732378609,no,12 236,sí,25/08/2022,prestadora A
76.0,mujer,  grado I ,solo,3.0,1.0,46.0,0.4,sí,distrito 11,79.3697572709582,no,9 712,no,30/04/2020,prestadora A
80.0,hombre,grado II,con pareja,3.0,0.0,22.0,2.1,sí,distrito 5,135.76649238054858,no,14 637,N/D,17/12/2019,prestadora C
92.0,mujer,grado II,con pareja,5.0,4.0,52.0,8.2,no,distrito 8,424.7106290803326,sí,14 722,no,21/04/2018,prestadora C
68.0,hombre,grado III,solo,5.0,1.0,29.0,3.4,no,distrito 10,214.65852517274342,sí,13 485,no,07/09/2024,prestadora C
85.0,mujer,grado III,solo,0.0,0.0,105.0,0.8,sí,distrito 10,12.878939675124212,sí,12 199,no,03/07/2017,prestadora A
83.0,mujer,grado I,con pareja,3.0,2.0,51.0,1.7,sí,distrito 6,21.088493479398206,sí,11 246,sí,09/11/2021,prestadora A
68.0,hombre,sin valorar,solo,3.0,1.0,59.0,3.5,no,distrito 10,15.517514462545135,sí,16 888,sí,27/10/2020,prestadora B
86.0,mujer,grado II,solo,0.0,1.0,42.0,2.3,no,distrito 10,43.66242650325804,no,9 211,N/D,23/01/2020,prestadora C
72.0,mujer,grado II,con pareja,0.0,0.0,145.0,1.7,sí,distrito 4,15.275629399642318,no,8 578,no,21/07/2024,prestadora B
85.0,hombre,sin valorar,solo,0.0,4.0,26.0,4.9,no,distrito 11,26.224779961177358,sí,9 478,sí,22/03/2023,prestadora A
83.0,hombre,grado I,solo,3.0,2.0,16.0,8.1,sí,distrito 11,393.06459349064306,sí,11 972,sí,09/01/2020,prestadora C
85.0,mujer,sin valorar,solo,0.0,0.0,25.0,1.7,sí,distrito 6,20.644385257034763,no,4 797,sí,28/06/2016,prestadora A
93.0,mujer,sin valorar,con pareja,1.0,0.0,22.0,0.7,no,distrito 8,4.694243393474515,no,13 753,no,30/08/2017,prestadora B
76.0,mujer,  grado II ,con familia,5.0,0.0,0.0,5.8,no,distrito 11,55.394369102729875,no,8 205,no,02/08/2024,prestadora C
84.0,hombre,  grado II ,solo,6.0,2.0,29.0,3.6,sí,distrito 5,306.0032079807897,sí,14 921,no,20/02/2024,prestadora C
80.0,mujer,GRADO I,con pareja,5.0,0.0,73.0,15.1,no,distrito 3,119.64007529155657,sí,18 568,sí,14/04/2016,prestadora A
81.0,mujer,grado II,solo,0.0,0.0,51.0,2.8,no,distrito 9,28.042666458813553,sí,23 620,no,15/07/2018,prestadora A
82.0,mujer,SIN VALORAR,solo,2.0,0.0,35.0,1.1,no,distrito 1,26.619160476396136,sí,12 862,sí,01/04/2020,prestadora A
70.0,mujer,grado I,solo,2.0,2.0,24.0,10.7,no,distrito 2,24.412682864719137,no,13 424,no,18/03/2022,prestadora B
94.0,hombre,grado I,con familia,0.0,1.0,64.0,2.7,sí,distrito 11,6.417203987646069,no,9 484,sí,25/10/2019,prestadora C
73.0,mujer,grado I,solo,0.0,2.0,39.0,6.5,no,distrito 2,15.591373105880606,sí,16 152,sí,06/07/2016,prestadora C
78.0,mujer,grado II,solo,1.0,0.0,9.0,4.2,no,distrito 3,162.2808171859473,no,12 618,sí,06/03/2023,prestadora A
81.0,mujer,sin valorar,solo,2.0,3.0,67.0,1.8,no,distrito 6,80.33606389947133,no,16 073,no,05/03/2021,prestadora B
84.0,mujer,grado II,con pareja,2.0,0.0,73.0,0.6,sí,distrito 1,28.974162115715423,sí,21 395,sí,25/01/2017,prestadora B
81.0,hombre,grado I,con pareja,2.0,1.0,35.0,0.8,no,distrito 10,65.36834578552651,sí,10 881,sí,09/04/2016,prestadora B
84.0,mujer,sin valorar,con familia,11.0,1.0,44.0,4.2,sí,distrito 4,59.40339614108139,sí,15 061,no,29/12/2022,prestadora B
82.0,mujer,grado I,solo,0.0,2.0,18.0,3.2,no,distrito 11,103.08989405399794,sí,32 817,sí,30/12/2017,prestadora A
83.0,mujer,grado II,con familia,0.0,3.0,35.0,4.0,sí,distrito 6,13.773758913926878,no,20 059,no,28/06/2024,prestadora A
77.0,hombre,sin valorar,solo,5.0,1.0,40.0,4.6,no,distrito 7,273.12694193543217,sí,17 007,sí,10/09/2023,prestadora A
79.0,mujer,grado I,solo,1.0,0.0,8.0,5.7,no,distrito 7,58.239181360968296,sí,6 152,sí,08/01/2019,prestadora B
81.0,mujer,grado III,solo,5.0,1.0,79.0,1.0,no,distrito 10,344.2020429501045,no,21 145,no,15/04/2022,prestadora A
81.0,mujer,  sin valorar ,solo,1.0,1.0,101.0,2.6,no,distrito 9,35.791819884866065,sí,15 171,no,23/07/2019,prestadora C
83.0,mujer,grado I,con pareja,8.0,0.0,17.0,2.8,sí,distrito 10,75.78946541186986,sí,12 551,no,16/05/2018,prestadora A
92.0,mujer,grado I,con pareja,3.0,1.0,74.0,0.8,no,distrito 9,18.48841329601367,no,14 504,sí,24/01/2019,prestadora A
78.0,hombre,  sin valorar ,solo,7.0,0.0,66.0,3.6,no,distrito 11,268.2131750665213,sí,14 494,no,23/02/2020,prestadora A
89.0,mujer,sin valorar,solo,6.0,0.0,48.0,1.3,no,distrito 2,259.0169704541953,no,16 283,sí,28/11/2023,prestadora B
72.0,hombre,sin valorar,con pareja,3.0,0.0,153.0,5.9,no,distrito 7,14.534551955033402,no,15 563,sí,01/06/2024,prestadora B
88.0,mujer,grado III,solo,1.0,0.0,16.0,10.7,no,distrito 3,423.7323507899648,sí,9 572,no,29/04/2022,prestadora A
72.0,mujer,grado I,solo,5.0,2.0,27.0,6.6,sí,distrito 6,212.35185771333244,no,19 997,sí,04/05/2016,prestadora B
68.0,mujer,sin valorar,con pareja,2.0,0.0,35.0,9.7,no,distrito 5,8.588686742557703,sí,13 469,no,23/12/2020,prestadora A
76.0,hombre,GRADO II,solo,0.0,1.0,60.0,4.4,no,distrito 9,48.9273434168891,no,21 393,sí,16/11/2018,prestadora C
90.0,mujer,grado II,con pareja,1.0,1.0,48.0,4.9,no,distrito 5,27.117154822792347,sí,15 627,sí,25/02/2018,prestadora B
75.0,mujer,grado I,solo,4.0,1.0,27.0,4.6,no,distrito 6,125.2722133791293,sí,13 730,no,19/03/2018,prestadora C
88.0,mujer,grado III,solo,1.0,1.0,57.0,9.7,sí,distrito 5,112.97847967616278,no,6 568,sí,20/08/2016,prestadora C
80.0,mujer,grado II,solo,0.0,0.0,13.0,3.9,no,distrito 3,190.73159602465518,sí,22 863,sí,27/01/2018,prestadora C
96.0,hombre,  grado II ,solo,2.0,0.0,8.0,2.5,no,distrito 4,64.11948306464821,sí,16 211,no,30/01/2019,prestadora C
65.0,mujer,sin valorar,con pareja,1.0,2.0,5.0,2.4,no,distrito 8,17.947784896795064,sí,7 174,sí,05/04/2021,prestadora C
80.0,mujer,grado I,con familia,0.0,0.0,47.0,2.4,no,distrito 11,19.40869868245268,sí,21 895,sí,04/10/2020,prestadora B
74.0,mujer,grado III,con familia,12.0,1.0,37.0,0.7,no,distrito 5,84.71957260993057,no,15 860,sí,13/06/2021,prestadora A
96.0,mujer,grado I,con familia,0.0,0.0,29.0,1.0,no,distrito 9,12.034726128916478,sí,10 520,sí,13/07/2017,prestadora C
92.0,hombre,grado II,con pareja,7.0,0.0,7.0,0.7,sí,distrito 1,224.5165054330361,sí,16 686,sí,16/10/2017,prestadora A
81.0,mujer,  grado III ,con pareja,0.0,0.0,53.0,2.8,no,distrito 5,11.68313380171554,sí,12 604,no,02/05/2020,prestadora B
89.0,mujer,grado II,solo,2.0,0.0,57.0,2.2,no,distrito 8,86.09714850076602,sí,15 090,sí,22/03/2016,prestadora B
75.0,hombre,sin valorar,con pareja,1.0,0.0,34.0,1.1,no,distrito 2,55.60891281029975,no,21 391,no,09/01/2024,prestadora B
72.0,hombre,GRADO I,con familia,5.0,0.0,31.0,1.4,sí,distrito 9,145.83955483330462,sí,12 399,sí,29/09/2019,prestadora B
95.0,mujer,SIN VALORAR,solo,3.0,0.0,16.0,2.1,no,distrito 1,20.206659137453507,sí,11 253,sí,22/05/2024,prestadora B
70.0,hombre,grado I,con familia,2.0,0.0,33.0,3.4,sí,distrito 5,10.089785019183312,sí,30 895,sí,20/06/2021,prestadora C
76.0,mujer,grado I,solo,0.0,0.0,25.0,5.0,no,distrito 8,4.158695839331451,sí,11 639,sí,19/01/2016,prestadora A
91.0,hombre,grado I,solo,3.0,4.0,45.0,1.6,sí,distrito 8,98.96464515351529,sí,10 245,sí,28/10/2021,prestadora A
73.0,mujer,grado II,con pareja,7.0,0.0,46.0,0.2,sí,distrito 6,52.38044490816475,sí,40 264,sí,01/06/2023,prestadora B
85.0,mujer,  sin valorar ,solo,2.0,0.0,10.0,3.1,no,distrito 8,43.321323453054724,no,16 011,sí,13/11/2023,prestadora C
87.0,mujer,grado II,con pareja,0.0,0.0,44.0,4.4,no,distrito 3,5.587790370911775,sí,10 489,no,16/11/2023,prestadora A
95.0,hombre,grado III,solo,0.0,0.0,37.0,4.7,no,distrito 7,25.372437322805236,sí,12 346,sí,26/11/2017,prestadora B
68.0,mujer,grado III,solo,2.0,0.0,36.0,17.3,no,distrito 2,207.07123795212416,sí,8 760,no,02/02/2016,prestadora C
88.0,mujer,grado II,con pareja,4.0,0.0,4.0,2.7,no,distrito 3,185.20243706921707,sí,10 630,no,19/06/2020,prestadora B
93.0,mujer,grado III,con pareja,1.0,4.0,14.0,9.7,no,distrito 11,201.70596387032,no,13 942,no,16/12/2017,prestadora C
72.0,mujer,sin valorar,con pareja,1.0,0.0,16.0,3.5,sí,distrito 4,15.549565110402652,sí,22 792,N/D,09/03/2023,prestadora A
84.0,mujer,  grado III ,solo,3.0,0.0,25.0,6.8,no,distrito 3,736.2565140731006,sí,14 870,sí,03/01/2019,prestadora A
93.0,mujer,  grado II ,solo,9.0,1.0,30.0,2.2,sí,distrito 7,294.67183598266826,sí,12 903,sí,14/11/2020,prestadora C
92.0,mujer,grado I,solo,1.0,0.0,84.0,0.9,no,distrito 9,20.299549860646707,sí,23 843,sí,17/11/2016,prestadora A
85.0,mujer,grado I,con pareja,2.0,1.0,34.0,13.1,no,distrito 1,140.89458250449186,sí,11 019,no,13/04/2016,prestadora A
66.0,mujer,SIN VALORAR,con familia,3.0,0.0,34.0,2.4,sí,distrito 8,14.858402658558711,sí,9 394,no,29/02/2024,prestadora C
73.0,hombre,grado I,solo,0.0,1.0,25.0,2.0,no,distrito 11,13.323704790135704,sí,30 013,no,07/02/2016,prestadora B
97.0,mujer,grado I,con pareja,2.0,0.0,31.0,2.6,sí,distrito 6,12.898014878534209,sí,12 491,N/D,02/12/2017,prestadora C
72.0,mujer,sin valorar,con familia,6.0,0.0,90.0,3.9,no,distrito 1,12.023578182374237,sí,15 375,sí,09/09/2023,prestadora B
86.0,mujer,grado II,con pareja,0.0,2.0,10.0,0.7,no,distrito 2,39.761262704810854,sí,6 489,sí,12/06/2016,prestadora C
82.0,mujer,grado II,con pareja,5.0,1.0,77.0,6.4,no,distrito 1,278.32719879928806,sí,12 554,sí,21/05/2020,prestadora A
87.0,mujer,grado I,solo,1.0,0.0,84.0,5.1,no,distrito 4,61.592362067776875,sí,14 509,sí,20/05/2024,prestadora C
81.0,mujer,grado III,con pareja,1.0,0.0,34.0,2.3,sí,distrito 7,51.88793297614725,sí,17 550,sí,21/08/2016,prestadora B
78.0,mujer,grado III,solo,4.0,0.0,53.0,1.8,no,distrito 6,193.2863800978243,sí,15 604,sí,24/06/2018,prestadora A
86.0,mujer,grado I,con pareja,2.0,1.0,29.0,1.8,sí,distrito 9,19.76565982522687,no,16 526,no,09/06/2020,prestadora B
79.0,hombre,sin valorar,con pareja,0.0,0.0,72.0,3.3,no,distrito 4,2.056932922898672,sí,6 212,no,03/06/2021,prestadora A
95.0,mujer,sin valorar,con pareja,2.0,0.0,32.0,7.6,no,distrito 9,27.61751072949656,sí,6 913,no,01/12/2020,prestadora B
95.0,hombre,SIN VALORAR,solo,1.0,4.0,69.0,2.8,no,distrito 10,56.20809161922773,sí,35 170,no,19/09/2023,prestadora C
96.0,hombre,grado III,solo,0.0,0.0,41.0,10.9,no,distrito 6,48.76000621697518,no,13 162,sí,27/08/2020,prestadora B
83.0,hombre,GRADO III,con familia,1.0,0.0,16.0,1.8,no,distrito 2,16.23695854749673,sí,20 669,sí,24/04/2018,prestadora C
88.0,hombre,grado I,solo,1.0,0.0,5.0,6.5,no,distrito 3,43.44400834693975,sí,8 377,sí,15/10/2022,prestadora A
88.0,mujer,grado III,con pareja,4.0,0.0,28.0,3.7,sí,distrito 6,157.014027201489,no,20 975,no,13/10/2016,prestadora A
76.0,mujer,sin valorar,solo,1.0,2.0,20.0,8.9,no,distrito 2,52.577640943482734,no,13 763,no,31/08/2020,prestadora A
82.0,mujer,grado I,solo,2.0,0.0,16.0,1.6,sí,distrito 1,154.80568986813748,no,14 050,no,27/01/2021,prestadora C
77.0,mujer,grado II,solo,4.0,1.0,30.0,3.2,no,distrito 8,327.01875115059585,sí,14 613,no,04/08/2019,prestadora A
95.0,hombre,grado I,con pareja,1.0,0.0,13.0,5.2,no,distrito 1,21.107890540350994,sí,14 221,N/D,31/05/2016,prestadora B
83.0,mujer,grado I,solo,4.0,1.0,12.0,1.7,sí,distrito 9,142.82814993022353,sí,13 768,no,24/10/2023,prestadora B
90.0,mujer,grado II,solo,5.0,1.0,33.0,4.5,no,distrito 10,830.8148374859177,sí,11 487,no,02/11/2019,prestadora C
81.0,mujer,grado I,con pareja,0.0,1.0,5.0,2.0,sí,distrito 7,4.276806606179786,sí,11 654,sí,07/05/2018,prestadora B
83.0,hombre,grado III,solo,1.0,0.0,30.0,2.5,no,distrito 4,141.8975964045725,sí,19 534,sí,22/07/2021,prestadora A
76.0,hombre,SIN VALORAR,solo,2.0,2.0,17.0,3.4,sí,distrito 4,60.43870498322868,no,12 160,sí,08/08/2017,prestadora B
78.0,mujer,grado II,con familia,0.0,0.0,123.0,18.2,no,distrito 11,13.639974018488415,no,9 843,no,29/10/2018,prestadora A
74.0,mujer,grado II,con familia,0.0,0.0,11.0,4.2,no,distrito 1,14.402160528886505,no,5 411,no,01/07/2023,prestadora C
89.0,mujer,sin valorar,solo,1.0,1.0,18.0,2.1,sí,distrito 10,20.973290364929777,sí,6 225,sí,20/10/2018,prestadora C
80.0,mujer,grado II,solo,8.0,2.0,25.0,2.8,no,distrito 10,1058.5173910832482,sí,6 128,N/D,09/10/2022,prestadora C
71.0,mujer,grado I,solo,0.0,2.0,10.0,6.7,no,distrito 3,34.68071936461341,sí,21 922,sí,29/12/2023,prestadora A
79.0,mujer,grado I,con familia,0.0,0.0,6.0,2.3,no,distrito 3,6.925269748558867,sí,26 241,sí,25/11/2020,prestadora B
87.0,hombre,  grado III ,con pareja,0.0,1.0,31.0,1.6,sí,distrito 9,17.740227688309993,sí,12 433,sí,20/10/2021,prestadora A
70.0,mujer,grado I,solo,1.0,0.0,35.0,3.5,no,distrito 3,153.86122175011752,sí,10 475,sí,01/10/2017,prestadora B
88.0,hombre,sin valorar,solo,1.0,0.0,38.0,0.8,no,distrito 2,29.75429323604704,sí,12 278,sí,16/11/2020,prestadora A
77.0,mujer,grado I,con familia,2.0,0.0,65.0,2.4,sí,distrito 10,12.08600154724402,sí,18 586,no,18/09/2016,prestadora B
86.0,mujer,grado I,con pareja,2.0,1.0,27.0,4.8,sí,distrito 9,21.633274067078137,sí,14 234,no,01/12/2020,prestadora B
73.0,mujer,grado I,solo,2.0,0.0,30.0,4.4,no,distrito 2,23.041926642924604,sí,16 727,sí,13/05/2021,prestadora A
94.0,hombre,  grado I ,con pareja,1.0,0.0,13.0,3.9,no,distrito 8,57.74213503869971,no,12 000,no,07/09/2016,prestadora A
82.0,mujer,  grado I ,con pareja,5.0,0.0,34.0,4.1,no,distrito 4,154.59519378211456,no,16 473,sí,25/05/2016,prestadora B
68.0,hombre,grado II,con pareja,5.0,0.0,13.0,5.0,no,distrito 10,334.221898572648,sí,22 209,sí,18/05/2016,prestadora B
88.0,hombre,GRADO I,solo,1.0,1.0,56.0,7.8,no,distrito 10,91.5319949686847,sí,18 176,sí,06/07/2022,prestadora A
76.0,hombre,grado I,solo,1.0,2.0,75.0,4.0,sí,distrito 10,43.475718990947954,no,12 652,sí,07/03/2021,prestadora A
82.0,hombre,  grado I ,con familia,1.0,0.0,34.0,7.0,no,distrito 10,26.023396461891984,sí,10 836,sí,06/07/2024,prestadora C
89.0,mujer,sin valorar,con pareja,7.0,0.0,13.0,1.4,sí,distrito 9,175.0378396234106,no,16 259,sí,19/02/2023,prestadora B
85.0,hombre,grado I,solo,0.0,2.0,80.0,3.8,no,distrito 8,31.596130029404772,sí,25 604,N/D,26/03/2022,prestadora C
93.0,mujer,grado II,solo,7.0,4.0,68.0,2.2,no,distrito 3,1011.029789337298,sí,16 298,sí,13/05/2018,prestadora B
78.0,hombre,grado II,con pareja,2.0,0.0,21.0,0.7,sí,distrito 1,96.242520492595,sí,15 047,sí,21/07/2019,prestadora A
88.0,mujer,grado I,solo,6.0,0.0,77.0,2.0,sí,distrito 7,300.9959937654002,sí,13 537,no,15/01/2018,prestadora C
73.0,mujer,  sin valorar ,solo,3.0,0.0,24.0,0.6,sí,distrito 11,156.81637941266592,sí,17 895,no,14/05/2022,prestadora B
90.0,mujer,GRADO II,solo,0.0,4.0,87.0,2.3,no,distrito 9,43.24364595703915,no,20 489,sí,22/05/2023,prestadora A
73.0,mujer,grado III,solo,2.0,3.0,14.0,6.1,no,distrito 11,139.1611273816684,sí,24 416,sí,01/11/2023,prestadora C
83.0,mujer,sin valorar,solo,2.0,0.0,59.0,4.6,sí,distrito 9,94.92631682116058,no,10 086,sí,01/10/2022,prestadora A
68.0,mujer,grado I,solo,3.0,2.0,15.0,4.4,no,distrito 3,106.37013355399806,sí,16 900,sí,28/08/2022,prestadora A
87.0,mujer,grado II,solo,0.0,0.0,28.0,9.6,no,distrito 5,8.602926385137618,no,10 972,N/D,11/10/2018,prestadora C
88.0,mujer,grado II,solo,0.0,1.0,46.0,1.8,no,distrito 10,62.14332558939877,no,11 913,sí,22/08/2016,prestadora C
71.0,mujer,sin valorar,solo,0.0,1.0,56.0,3.4,sí,distrito 4,17.106913515660835,no,8 045,sí,21/02/2022,prestadora C
84.0,hombre,grado I,con pareja,0.0,1.0,25.0,1.9,no,distrito 6,23.212675550435044,no,9 606,sí,19/01/2024,prestadora C
65.0,mujer,grado II,solo,1.0,0.0,25.0,1.1,no,distrito 9,32.860333343177935,sí,17 830,no,23/09/2019,prestadora B
85.0,hombre,grado I,solo,1.0,2.0,21.0,2.9,no,distrito 9,54.86450245481436,sí,13 184,no,16/01/2022,prestadora A
65.0,mujer,SIN VALORAR,solo,2.0,0.0,27.0,3.4,no,distrito 7,65.86192045464429,sí,17 217,sí,08/06/2017,prestadora A
77.0,hombre,grado III,solo,0.0,0.0,62.0,2.3,no,distrito 11,18.773204264523073,no,7 849,sí,22/05/2020,prestadora C
91.0,mujer,grado I,con pareja,2.0,0.0,33.0,4.9,sí,distrito 2,26.419142308401593,sí,21 548,no,21/02/2021,prestadora B
92.0,hombre,grado II,solo,3.0,0.0,21.0,7.5,no,distrito 3,180.45907911233175,sí,9 079,sí,22/10/2019,prestadora B
99.0,hombre,grado II,con familia,3.0,0.0,3.0,4.0,no,distrito 1,160.87136470046963,sí,17 401,sí,03/08/2020,prestadora C
101.0,mujer,grado I,con familia,2.0,1.0,50.0,9.3,sí,distrito 3,88.71655183100873,sí,17 611,no,24/04/2020,prestadora C
80.0,mujer,grado II,con familia,14.0,0.0,65.0,19.5,no,distrito 6,678.1457617852033,sí,12 293,no,30/08/2021,prestadora B
90.0,mujer,sin valorar,solo,0.0,0.0,34.0,1.8,no,distrito 9,14.524059392294534,sí,19 971,no,16/08/2020,prestadora A
81.0,mujer,  sin valorar ,solo,7.0,1.0,49.0,0.4,sí,distrito 3,346.5127560796521,sí,9 988,sí,30/12/2022,prestadora A
73.0,hombre,sin valorar,solo,0.0,0.0,57.0,6.3,sí,distrito 6,8.375077571018926,no,16 657,sí,18/12/2017,prestadora C
86.0,mujer,GRADO II,solo,0.0,0.0,2.0,6.7,sí,distrito 7,5.129899089062507,sí,28 630,sí,18/11/2018,prestadora C
77.0,mujer,GRADO III,con familia,1.0,1.0,110.0,4.4,no,distrito 2,106.11927527371927,sí,18 346,no,12/03/2018,prestadora B
79.0,mujer,grado II,solo,2.0,0.0,3.0,4.7,no,distrito 10,97.22642019492818,sí,14 903,sí,26/08/2016,prestadora C
65.0,mujer,GRADO I,con familia,0.0,0.0,90.0,0.3,no,distrito 3,6.022432949258928,sí,15 682,sí,19/04/2021,prestadora A
77.0,mujer,  grado II ,con pareja,7.0,0.0,32.0,1.9,no,distrito 6,155.81782999544535,no,14 324,sí,12/08/2016,prestadora B
83.0,mujer,grado I,con pareja,1.0,0.0,28.0,4.7,no,distrito 9,36.311655281845255,sí,8 525,no,13/02/2018,prestadora A
74.0,mujer,sin valorar,solo,0.0,0.0,101.0,1.2,no,distrito 5,6.756070190285702,sí,21 047,sí,07/03/2021,prestadora C
85.0,hombre,SIN VALORAR,con pareja,0.0,0.0,63.0,2.6,no,distrito 4,4.374260264598128,sí,11 348,no,29/04/2016,prestadora B
87.0,mujer,grado III,con familia,0.0,3.0,45.0,1.4,sí,distrito 4,104.00755050727037,sí,19 935,sí,16/10/2021,prestadora C
87.0,hombre,sin valorar,con pareja,3.0,0.0,13.0,3.8,sí,distrito 7,33.31392842264265,no,10 928,sí,28/04/2023,prestadora B
88.0,mujer,grado I,con pareja,5.0,1.0,42.0,1.1,no,distrito 11,103.49521747699369,no,26 519,sí,07/03/2022,prestadora A
84.0,mujer,grado I,solo,4.0,0.0,23.0,2.3,no,distrito 2,149.77496301178033,sí,14 132,no,06/09/2018,prestadora A
90.0,mujer,grado II,solo,0.0,0.0,56.0,7.8,no,distrito 7,36.568389153117266,sí,12 859,sí,01/05/2016,prestadora B
88.0,hombre,SIN VALORAR,solo,5.0,0.0,14.0,2.1,no,distrito 6,52.16590687962164,sí,23 214,no,01/05/2024,prestadora C
83.0,hombre,grado II,solo,2.0,0.0,61.0,9.6,no,distrito 7,130.06730355510086,sí,14 905,no,19/05/2020,prestadora B
90.0,mujer,sin valorar,solo,2.0,0.0,17.0,0.8,no,distrito 1,23.503370417094676,sí,15 293,sí,17/07/2021,prestadora C
76.0,mujer,sin valorar,solo,0.0,0.0,7.0,2.4,no,distrito 4,17.228237639065238,sí,9 590,no,02/06/2017,prestadora C
86.0,mujer,  grado I ,con pareja,6.0,3.0,59.0,1.4,sí,distrito 7,116.82906366118375,no,16 836,sí,14/08/2016,prestadora A
79.0,mujer,grado III,solo,0.0,0.0,103.0,5.1,sí,distrito 9,23.00621210124333,no,12 164,no,06/08/2019,prestadora C
93.0,mujer,grado III,solo,2.0,1.0,20.0,10.6,no,distrito 7,285.3190491480861,sí,19 148,sí,23/12/2016,prestadora B
86.0,mujer,GRADO II,solo,5.0,0.0,24.0,2.3,no,distrito 8,228.51314152472085,no,25 354,sí,10/11/2017,prestadora C
84.0,mujer,sin valorar,con pareja,3.0,0.0,33.0,1.5,no,distrito 11,33.25326532338451,sí,13 710,sí,15/07/2023,prestadora A
81.0,mujer,grado I,solo,0.0,1.0,95.0,2.0,no,distrito 9,14.264366244275386,sí,12 612,sí,31/07/2017,prestadora A
81.0,mujer,grado I,con familia,5.0,1.0,47.0,11.7,no,distrito 11,56.228029893658366,sí,9 417,no,11/10/2016,prestadora C
84.0,mujer,sin valorar,solo,0.0,0.0,71.0,4.9,no,distrito 1,97.28494119799365,no,11 390,N/D,30/08/2024,prestadora B
76.0,hombre,grado I,con pareja,5.0,1.0,82.0,2.0,no,distrito 2,50.64071329280983,no,15 941,sí,04/06/2017,prestadora B
83.0,mujer,grado II,solo,2.0,0.0,81.0,8.7,no,distrito 7,250.63053538606064,sí,35 718,sí,21/06/2019,prestadora A
86.0,mujer,  grado I ,solo,1.0,0.0,45.0,3.0,no,distrito 6,35.19196215849415,sí,17 433,sí,07/08/2017,prestadora C
80.0,mujer,grado I,solo,0.0,1.0,16.0,10.3,no,distrito 1,62.973958180022905,no,10 104,sí,28/05/2020,prestadora C
72.0,mujer,sin valorar,solo,1.0,1.0,18.0,2.2,sí,distrito 9,47.00527451899257,sí,20 806,sí,02/09/2022,prestadora A
82.0,mujer,grado II,con pareja,0.0,0.0,82.0,2.1,no,distrito 8,19.85122301784837,no,16 349,no,27/08/2023,prestadora B
76.0,mujer,grado I,con familia,1.0,1.0,45.0,0.7,no,distrito 10,28.30503200369044,sí,14 565,sí,26/03/2020,prestadora C
89.0,hombre,grado I,con pareja,3.0,2.0,38.0,1.7,sí,distrito 4,37.44248842757547,sí,20 464,sí,13/01/2023,prestadora C
98.0,hombre,grado II,con familia,0.0,0.0,5.0,10.6,sí,distrito 5,19.5909002524146,no,10 250,sí,10/11/2023,prestadora C
88.0,mujer,sin valorar,con pareja,0.0,0.0,42.0,8.1,sí,distrito 4,22.447632463465787,sí,11 559,sí,25/02/2019,prestadora A
77.0,mujer,  sin valorar ,solo,7.0,2.0,39.0,1.4,no,distrito 10,142.87402450431293,sí,38 326,sí,04/03/2023,prestadora A
93.0,hombre,  grado II ,con pareja,1.0,0.0,31.0,3.1,no,distrito 9,14.750539909021338,no,13 918,sí,07/01/2019,prestadora B
87.0,hombre,grado I,solo,2.0,1.0,84.0,6.9,no,distrito 11,36.906962510202185,sí,10 595,sí,18/06/2024,prestadora A
82.0,hombre,GRADO III,solo,5.0,1.0,42.0,0.2,sí,distrito 2,207.68802334925795,sí,15 945,no,04/06/2019,prestadora C
82.0,mujer,sin valorar,solo,0.0,2.0,27.0,2.7,no,distrito 1,38.883731883772676,no,17 555,sí,13/01/2023,prestadora B
79.0,hombre,grado III,con pareja,0.0,0.0,26.0,5.9,no,distrito 10,10.283270401257594,sí,11 456,sí,06/07/2016,prestadora B
92.0,hombre,grado III,con pareja,5.0,0.0,53.0,4.0,no,distrito 6,117.47376940214734,sí,18 625,no,09/01/2023,prestadora A
85.0,mujer,sin valorar,solo,2.0,0.0,10.0,2.1,no,distrito 7,78.0777237920164,no,17 466,sí,16/05/2019,prestadora B
94.0,hombre,grado II,solo,3.0,1.0,46.0,3.9,sí,distrito 8,658.6208752223542,sí,15 500,no,19/12/2017,prestadora A
65.0,mujer,sin valorar,con pareja,0.0,0.0,38.0,9.3,no,distrito 3,5.382237557843313,no,28 845,sí,26/08/2021,prestadora C
72.0,mujer,GRADO I,solo,9.0,0.0,74.0,12.1,no,distrito 10,1378.0111336288255,sí,13 361,no,18/05/2022,prestadora B
104.0,mujer,grado I,con pareja,1.0,0.0,41.0,4.8,sí,distrito 9,19.26565812789459,no,9 196,sí,31/12/2023,prestadora B
67.0,hombre,GRADO II,con familia,3.0,0.0,48.0,9.2,no,distrito 11,50.29463603044046,no,8 614,no,12/03/2018,prestadora A
81.0,mujer,  sin valorar ,con familia,6.0,4.0,29.0,2.8,no,distrito 11,74.41621648001336,no,12 785,sí,18/05/2020,prestadora A
91.0,mujer,grado II,con pareja,1.0,0.0,22.0,4.0,no,distrito 8,192.57118732960055,no,21 719,sí,16/08/2018,prestadora B
85.0,mujer,grado II,con pareja,2.0,0.0,9.0,3.4,no,distrito 4,110.55133745150646,sí,19 149,sí,12/11/2020,prestadora C
84.0,hombre,grado I,solo,3.0,3.0,24.0,12.3,no,distrito 6,107.90685923468725,sí,10 633,sí,03/04/2016,prestadora B
97.0,mujer,grado I,solo,2.0,1.0,73.0,6.0,no,distrito 11,32.20044203968224,sí,11 427,no,19/08/2017,prestadora B
75.0,mujer,grado I,solo,2.0,0.0,25.0,5.0,sí,distrito 8,78.5354278758899,sí,14 822,sí,20/09/2024,prestadora A
70.0,mujer,grado I,con pareja,2.0,0.0,55.0,1.0,no,distrito 1,22.409465428049852,sí,14 181,sí,11/11/2019,prestadora B
88.0,mujer,grado III,con pareja,1.0,0.0,17.0,6.1,no,distrito 7,18.36391484143075,sí,14 964,sí,01/05/2018,prestadora C
83.0,hombre,grado I,solo,0.0,0.0,11.0,5.4,no,distrito 10,8.786039873169345,sí,14 564,no,27/06/2017,prestadora C
65.0,mujer,  grado I ,con familia,1.0,2.0,55.0,13.3,sí,distrito 8,31.71044075482903,sí,16 613,N/D,24/09/2018,prestadora B
83.0,hombre,grado II,con pareja,8.0,1.0,15.0,5.3,no,distrito 6,465.4647061052647,no,19 282,sí,15/12/2021,prestadora B
84.0,mujer,grado III,con pareja,1.0,0.0,105.0,13.0,no,distrito 10,45.05848979024009,no,15 889,sí,06/04/2021,prestadora C
77.0,hombre,  grado II ,solo,6.0,0.0,15.0,5.8,sí,distrito 11,450.97531078746226,sí,10 940,no,11/12/2023,prestadora B
88.0,mujer,grado I,solo,7.0,0.0,16.0,1.2,no,distrito 10,111.06432939256965,no,23 292,sí,10/04/2020,prestadora B
76.0,hombre,grado I,con pareja,2.0,0.0,27.0,3.2,no,distrito 1,27.205960534432208,sí,22 777,no,07/06/2020,prestadora B
76.0,mujer,grado I,con pareja,0.0,1.0,64.0,4.2,no,distrito 4,21.774341615731906,no,9 142,sí,24/06/2016,prestadora C
75.0,mujer,grado III,con pareja,0.0,0.0,34.0,1.3,no,distrito 2,13.171120555383213,no,11 222,no,23/07/2023,prestadora A
66.0,mujer,grado II,solo,1.0,5.0,28.0,5.5,sí,distrito 4,59.585080565143095,sí,14 964,no,03/04/2023,prestadora A
81.0,hombre,grado I,solo,4.0,0.0,18.0,2.8,no,distrito 4,128.22068816605727,no,20 669,sí,06/12/2017,prestadora B
71.0,hombre,grado II,solo,11.0,0.0,76.0,2.6,no,distrito 8,1581.058948862865,no,26 318,sí,14/11/2017,prestadora B
81.0,mujer,grado I,con pareja,0.0,2.0,13.0,11.4,sí,distrito 4,25.04913706254236,sí,14 967,N/D,31/07/2024,prestadora A
75.0,hombre,grado I,solo,4.0,0.0,84.0,4.4,sí,distrito 9,188.42668987309642,sí,11 879,sí,13/02/2016,prestadora C
79.0,mujer,sin valorar,solo,1.0,0.0,58.0,6.7,sí,distrito 1,24.435056529480562,sí,12 936,no,23/07/2017,prestadora B
91.0,hombre,grado III,solo,1.0,0.0,6.0,3.1,no,distrito 9,35.22953062958887,no,18 296,sí,18/01/2020,prestadora A
82.0,hombre,grado I,solo,9.0,0.0,11.0,1.4,no,distrito 5,1424.7189563665113,no,13 075,sí,26/08/2017,prestadora B
81.0,hombre,grado I,con familia,4.0,2.0,43.0,0.2,no,distrito 6,67.9313455741982,sí,9 861,sí,30/05/2023,prestadora A
91.0,mujer,grado II,solo,11.0,0.0,36.0,7.6,no,distrito 9,1248.3712297946113,sí,12 062,sí,23/08/2024,prestadora A
89.0,mujer,grado I,con pareja,0.0,0.0,36.0,1.7,no,distrito 11,12.827423945351264,no,8 285,sí,07/07/2019,prestadora A
85.0,mujer,grado I,con familia,3.0,0.0,53.0,4.3,no,distrito 10,29.577541485414294,no,15 236,no,01/01/2018,prestadora A
93.0,hombre,grado II,solo,0.0,0.0,15.0,1.9,sí,distrito 9,35.88809424477007,sí,23 564,no,14/10/2021,prestadora B
94.0,mujer,grado I,con pareja,0.0,0.0,68.0,4.1,no,distrito 10,8.600279011036013,no,16 243,sí,09/09/2024,prestadora C
81.0,mujer,grado II,con familia,0.0,0.0,141.0,2.8,no,distrito 10,9.529066839883045,no,13 902,no,20/06/2021,prestadora C
83.0,hombre,grado II,solo,7.0,2.0,42.0,3.0,sí,distrito 9,786.1071008473638,no,18 369,no,23/09/2021,prestadora B
69.0,hombre,grado III,solo,1.0,0.0,51.0,1.9,sí,distrito 9,73.36654813332822,sí,15 653,sí,08/10/2019,prestadora A
79.0,mujer,sin valorar,solo,3.0,1.0,40.0,0.3,no,distrito 11,85.45154110514274,sí,12 128,sí,21/11/2022,prestadora A
70.0,hombre,grado I,con pareja,4.0,0.0,8.0,3.3,sí,distrito 4,108.95819983602505,no,14 736,sí,20/02/2020,prestadora A
65.0,mujer,grado III,solo,0.0,0.0,6.0,0.7,no,distrito 9,25.570355250368408,sí,17 371,no,26/10/2017,prestadora B
85.0,mujer,sin valorar,solo,3.0,1.0,42.0,6.8,no,distrito 11,70.52917029759018,sí,10 822,sí,29/06/2020,prestadora B
77.0,mujer,grado I,con pareja,4.0,0.0,10.0,14.0,no,distrito 4,80.96585138507037,no,11 609,sí,16/05/2019,prestadora A
65.0,hombre,GRADO II,solo,0.0,0.0,70.0,3.4,sí,distrito 10,11.511846873697833,no,11 197,sí,02/08/2023,prestadora A
73.0,hombre,grado II,con pareja,6.0,3.0,20.0,2.9,sí,distrito 5,129.13515643505133,no,15 984,no,10/05/2023,prestadora C
79.0,hombre,GRADO III,solo,1.0,0.0,52.0,5.6,no,distrito 5,35.41635592341183,no,14 667,sí,01/02/2017,prestadora A
86.0,mujer,grado I,con pareja,14.0,0.0,62.0,11.3,no,distrito 5,109.79528697827601,sí,11 602,no,15/07/2020,prestadora A
93.0,hombre,GRADO I,con familia,2.0,0.0,37.0,4.8,sí,distrito 10,21.453191603353744,sí,4 747,sí,22/12/2019,prestadora C
86.0,mujer,grado II,solo,0.0,0.0,58.0,9.3,no,distrito 5,47.09968172524333,sí,14 919,sí,21/07/2018,prestadora C
92.0,mujer,sin valorar,con familia,4.0,0.0,39.0,8.3,no,distrito 5,44.3133691512679,sí,20 037,sí,21/12/2019,prestadora B
73.0,hombre,  grado I ,con familia,0.0,0.0,23.0,2.5,sí,distrito 5,1.1776639353241447,sí,18 890,sí,15/03/2021,prestadora A
95.0,mujer,grado II,solo,3.0,0.0,35.0,7.8,sí,distrito 4,152.89143978595555,sí,11 205,sí,10/06/2020,prestadora A
74.0,mujer,grado III,solo,1.0,0.0,92.0,4.4,sí,distrito 3,296.693499637916,sí,14 968,sí,12/05/2016,prestadora C
84.0,mujer,sin valorar,con pareja,2.0,1.0,54.0,1.6,sí,distrito 1,25.83737543032038,sí,20 805,sí,06/04/2018,prestadora B
86.0,hombre,GRADO II,con pareja,0.0,1.0,51.0,0.5,no,distrito 1,21.673604596900848,sí,33 170,no,20/07/2018,prestadora B
74.0,hombre,sin valorar,solo,10.0,0.0,7.0,3.5,no,distrito 9,425.39342989410625,sí,17 235,no,26/03/2019,prestadora B
88.0,mujer,grado I,con pareja,0.0,1.0,7.0,1.4,no,distrito 7,33.622319297494535,sí,19 229,no,10/05/2018,prestadora B
86.0,hombre,grado II,con familia,2.0,3.0,47.0,8.9,no,distrito 6,37.81091280713432,sí,20 259,sí,24/09/2022,prestadora C
84.0,hombre,sin valorar,con pareja,3.0,3.0,45.0,5.1,no,distrito 10,51.82797357776982,sí,5 847,no,04/12/2021,prestadora C
76.0,hombre,grado II,solo,1.0,0.0,18.0,6.3,no,distrito 5,75.88002837069317,sí,10 090,sí,13/01/2023,prestadora A
88.0,hombre,sin valorar,solo,1.0,2.0,124.0,6.7,sí,distrito 11,29.999956972707515,sí,18 044,N/D,03/02/2018,prestadora A
93.0,mujer,sin valorar,con pareja,5.0,0.0,43.0,3.3,sí,distrito 9,40.33456046030766,no,6 045,sí,15/08/2024,prestadora B
87.0,mujer,grado III,con familia,1.0,1.0,43.0,2.0,sí,distrito 4,24.682497159086044,no,11 619,no,25/05/2016,prestadora C
95.0,mujer,grado II,solo,4.0,1.0,27.0,2.2,no,distrito 1,163.51234179244113,sí,13 058,N/D,05/07/2022,prestadora B
80.0,mujer,grado I,solo,5.0,0.0,47.0,1.8,sí,distrito 8,184.20782179945553,sí,17 685,sí,19/10/2021,prestadora B
76.0,hombre,  sin valorar ,con familia,2.0,0.0,55.0,1.6,no,distrito 7,8.110073683388896,no,18 230,sí,29/11/2021,prestadora B
71.0,mujer,grado II,solo,2.0,0.0,88.0,2.0,no,distrito 7,59.60461778767008,sí,13 832,no,26/08/2022,prestadora A
79.0,hombre,  grado I ,con familia,4.0,2.0,8.0,0.3,no,distrito 2,44.02520547479668,sí,17 184,no,15/04/2022,prestadora B
90.0,hombre,GRADO I,solo,11.0,1.0,27.0,3.8,sí,distrito 4,1023.6712958428517,no,11 306,sí,25/06/2024,prestadora A
77.0,mujer,grado III,con pareja,5.0,1.0,38.0,0.5,no,distrito 4,201.84958471869902,sí,13 337,no,25/06/2024,prestadora B
68.0,mujer,grado I,con pareja,0.0,0.0,13.0,6.1,no,distrito 9,4.655018077333145,no,11 741,sí,24/06/2024,prestadora B
82.0,hombre,sin valorar,con pareja,4.0,0.0,67.0,0.8,sí,distrito 11,55.9943561650436,sí,18 582,sí,21/11/2023,prestadora A
76.0,mujer,  grado I ,solo,4.0,0.0,24.0,1.3,no,distrito 6,377.623164220281,sí,16 243,sí,27/06/2016,prestadora A
82.0,mujer,sin valorar,solo,4.0,0.0,99.0,3.3,no,distrito 9,134.09066483262572,sí,10 522,N/D,31/10/2023,prestadora B
77.0,mujer,GRADO II,solo,2.0,3.0,90.0,1.7,sí,distrito 6,130.33230898675487,sí,14 801,sí,01/12/2021,prestadora B
88.0,mujer,  grado III ,con pareja,1.0,3.0,37.0,10.5,no,distrito 1,154.61339336410558,no,12 999,sí,17/08/2022,prestadora B
76.0,hombre,grado I,con pareja,2.0,1.0,77.0,9.5,no,distrito 1,29.565159648680236,sí,19 554,sí,02/03/2021,prestadora A
66.0,mujer,grado I,solo,0.0,0.0,11.0,5.4,sí,distrito 8,7.005221567784682,sí,15 303,no,23/10/2016,prestadora B
75.0,mujer,grado III,con pareja,2.0,0.0,68.0,6.3,sí,distrito 2,24.21423327064157,no,7 963,no,29/03/2023,prestadora B
77.0,mujer,grado III,con pareja,2.0,3.0,126.0,3.1,no,distrito 10,72.6623410719673,no,20 545,sí,12/08/2016,prestadora C
93.0,hombre,grado I,solo,2.0,0.0,52.0,2.6,no,distrito 1,295.59885120993897,no,15 128,no,04/10/2017,prestadora A
80.0,mujer,sin valorar,solo,0.0,0.0,22.0,1.5,sí,distrito 8,16.37481602822659,sí,22 557,sí,14/08/2022,prestadora A
88.0,hombre,grado I,solo,1.0,0.0,13.0,6.2,no,distrito 8,30.16426171247018,no,20 066,no,04/07/2024,prestadora A
73.0,mujer,grado II,con familia,1.0,0.0,84.0,9.8,sí,distrito 2,15.025961661977936,sí,9 104,sí,07/01/2019,prestadora C
69.0,mujer,sin valorar,con pareja,1.0,0.0,10.0,0.9,sí,distrito 6,17.82175326052756,no,15 343,no,03/02/2018,prestadora A
92.0,mujer,GRADO II,solo,4.0,4.0,34.0,0.3,no,distrito 5,362.72149065929545,sí,17 578,sí,09/03/2021,prestadora A
79.0,mujer,grado I,con pareja,0.0,2.0,24.0,4.7,no,distrito 4,8.12208454824424,sí,15 505,N/D,21/05/2023,prestadora C
79.0,mujer,sin valorar,con pareja,18.0,1.0,20.0,0.9,sí,distrito 9,118.1280533230511,sí,18 602,sí,20/09/2022,prestadora B
84.0,hombre,grado I,solo,1.0,0.0,26.0,1.8,sí,distrito 8,108.19879695460308,no,14 716,no,23/07/2024,prestadora A
93.0,mujer,grado III,con pareja,2.0,0.0,19.0,1.2,no,distrito 3,35.6912049242515,sí,17 813,sí,15/07/2023,prestadora C
80.0,hombre,sin valorar,con pareja,2.0,0.0,27.0,3.2,no,distrito 5,40.643418255754874,sí,16 894,sí,29/03/2020,prestadora A
80.0,mujer,GRADO III,con familia,2.0,0.0,30.0,2.9,no,distrito 2,26.321732757080063,no,19 104,sí,17/08/2022,prestadora B
65.0,mujer,SIN VALORAR,con pareja,6.0,2.0,39.0,9.1,no,distrito 1,87.90035103168623,sí,20 258,sí,15/06/2021,prestadora C
86.0,mujer,GRADO II,solo,9.0,0.0,38.0,4.8,sí,distrito 5,3866.117202663733,no,14 430,no,15/11/2019,prestadora C
87.0,mujer,  grado III ,solo,4.0,1.0,55.0,4.9,no,distrito 6,720.853090867599,sí,15 739,sí,28/02/2017,prestadora C
80.0,mujer,grado II,solo,9.0,0.0,24.0,6.4,no,distrito 7,395.9848068692216,sí,11 255,sí,27/01/2024,prestadora A
82.0,hombre,grado II,con pareja,5.0,1.0,18.0,7.4,no,distrito 3,87.83265873792602,sí,11 894,no,08/02/2019,prestadora A
86.0,hombre,grado II,solo,0.0,1.0,51.0,6.7,sí,distrito 7,47.273111732857174,sí,8 802,no,23/10/2019,prestadora C
70.0,hombre,grado III,con familia,2.0,1.0,100.0,2.2,no,distrito 9,38.63673542062976,no,18 314,no,05/09/2018,prestadora C
68.0,mujer,grado I,con pareja,0.0,1.0,11.0,4.7,no,distrito 4,74.32898764524181,no,8 652,no,11/01/2017,prestadora C
89.0,mujer,grado I,con pareja,8.0,0.0,58.0,3.7,sí,distrito 2,101.93012237813025,sí,19 224,sí,23/02/2017,prestadora A
72.0,mujer,  grado II ,solo,2.0,0.0,33.0,0.9,sí,distrito 10,58.79650182483797,sí,11 230,N/D,12/11/2021,prestadora B
72.0,mujer,grado II,solo,4.0,0.0,5.0,0.3,sí,distrito 2,304.4888236180094,sí,9 661,sí,03/06/2020,prestadora A
89.0,mujer,grado II,solo,3.0,0.0,112.0,0.9,no,distrito 3,219.106668399658,sí,15 248,N/D,21/08/2024,prestadora B
82.0,hombre,grado II,con pareja,1.0,0.0,29.0,7.4,no,distrito 9,66.62337984524339,no,9 330,sí,09/03/2017,prestadora C
96.0,mujer,grado III,solo,2.0,0.0,22.0,1.0,no,distrito 10,130.26024670289368,sí,19 038,no,28/06/2020,prestadora A
78.0,mujer,grado II,con pareja,2.0,0.0,120.0,3.7,no,distrito 11,53.55481951218848,sí,17 363,no,06/01/2020,prestadora B
87.0,mujer,grado I,con pareja,4.0,0.0,43.0,2.3,no,distrito 2,265.97700174517627,sí,16 793,sí,22/12/2018,prestadora A
79.0,hombre,GRADO I,con pareja,0.0,0.0,23.0,5.0,sí,distrito 2,5.827981894619101,no,8 614,sí,22/08/2022,prestadora B
85.0,mujer,SIN VALORAR,con familia,0.0,0.0,39.0,1.0,sí,distrito 7,5.877971779917633,sí,23 734,no,21/03/2016,prestadora C
78.0,mujer,grado III,solo,8.0,0.0,19.0,4.7,no,distrito 8,1304.1207665033983,sí,10 225,sí,14/09/2023,prestadora A
78.0,mujer,grado I,con pareja,1.0,2.0,68.0,6.5,no,distrito 8,81.61256082304986,no,7 137,no,20/03/2024,prestadora A
76.0,hombre,sin valorar,solo,2.0,0.0,24.0,2.3,no,distrito 6,16.523387312978517,sí,27 536,N/D,23/03/2016,prestadora A
94.0,mujer,sin valorar,solo,2.0,0.0,8.0,3.8,no,distrito 2,72.77297352678794,no,11 436,no,28/01/2019,prestadora B
70.0,hombre,grado II,solo,6.0,0.0,12.0,3.2,sí,distrito 11,322.10366936809555,sí,19 378,no,16/02/2018,prestadora A
73.0,mujer,GRADO III,solo,3.0,0.0,58.0,4.8,no,distrito 8,430.92172593954024,no,17 150,sí,31/07/2017,prestadora B
87.0,mujer,SIN VALORAR,con pareja,1.0,2.0,21.0,8.0,no,distrito 2,55.50964198062353,sí,21 566,sí,08/08/2024,prestadora C
90.0,mujer,grado I,solo,0.0,0.0,64.0,2.0,no,distrito 5,9.179072562527708,sí,11 230,sí,16/04/2020,prestadora B
72.0,mujer,SIN VALORAR,con pareja,1.0,0.0,6.0,4.4,no,distrito 9,5.587598677394636,sí,9 669,no,15/12/2018,prestadora B
74.0,hombre,sin valorar,solo,1.0,3.0,49.0,6.2,no,distrito 6,21.455889483621274,sí,17 989,no,11/01/2018,prestadora C
76.0,mujer,grado I,con pareja,2.0,1.0,26.0,4.1,no,distrito 3,45.444989821863125,sí,7 432,sí,21/04/2019,prestadora C
94.0,hombre,grado I,solo,1.0,1.0,41.0,7.2,no,distrito 8,77.42749204181017,sí,6 946,sí,11/03/2016,prestadora C
85.0,mujer,sin valorar,solo,2.0,0.0,9.0,4.1,no,distrito 9,62.197029923292966,sí,8 507,no,29/11/2018,prestadora B
68.0,hombre,sin valorar,solo,0.0,0.0,25.0,7.2,sí,distrito 4,5.450986609982271,no,17 590,sí,11/01/2021,prestadora A
94.0,mujer,grado II,con familia,4.0,0.0,70.0,1.6,sí,distrito 3,102.53602295323135,sí,19 118,no,08/12/2022,prestadora A
71.0,mujer,grado II,solo,1.0,2.0,60.0,4.6,sí,distrito 7,30.030016738952245,sí,18 451,no,22/02/2016,prestadora C
93.0,mujer,grado III,con pareja,0.0,0.0,35.0,3.1,sí,distrito 10,34.65066425200431,no,21 428,sí,25/08/2019,prestadora A
82.0,mujer,grado I,solo,5.0,5.0,7.0,8.8,sí,distrito 4,1118.3178592333795,sí,11 255,sí,02/03/2018,prestadora A
88.0,hombre,sin valorar,solo,0.0,0.0,10.0,3.7,no,distrito 9,36.56268889691016,no,8 905,no,14/08/2023,prestadora A
74.0,mujer,grado I,con familia,1.0,2.0,42.0,1.0,sí,distrito 2,15.047507580142575,sí,11 252,N/D,17/08/2021,prestadora B
89.0,mujer,grado III,solo,0.0,1.0,18.0,0.1,no,distrito 5,16.896215943069276,no,18 901,sí,24/08/2016,prestadora A
91.0,mujer,GRADO III,solo,7.0,0.0,41.0,2.4,no,distrito 11,1244.8824987780595,sí,24 317,no,04/05/2020,prestadora B
83.0,mujer,sin valorar,solo,1.0,0.0,37.0,5.4,no,distrito 4,65.90375552057247,sí,16 950,sí,18/06/2019,prestadora C
89.0,hombre,grado I,con familia,1.0,0.0,61.0,3.9,no,distrito 7,34.46374072158984,sí,11 406,no,11/11/2016,prestadora B
83.0,mujer,  sin valorar ,solo,0.0,0.0,20.0,8.2,sí,distrito 3,10.740089536176445,sí,13 896,sí,14/04/2022,prestadora C
87.0,hombre,grado II,con familia,1.0,0.0,18.0,6.3,sí,distrito 7,41.51482633718241,no,16 953,sí,20/06/2021,prestadora A
88.0,mujer,GRADO I,con pareja,2.0,2.0,17.0,4.2,sí,distrito 1,71.18035695305534,sí,11 236,sí,18/01/2018,prestadora B
85.0,hombre,grado I,solo,1.0,0.0,107.0,2.2,no,distrito 8,28.893429280624684,no,8 399,no,15/04/2016,prestadora C
94.0,mujer,grado I,solo,0.0,0.0,42.0,2.5,sí,distrito 3,11.910702702012273,no,6 908,sí,31/01/2020,prestadora B
83.0,mujer,GRADO III,solo,3.0,0.0,14.0,5.5,no,distrito 2,792.1145095780041,sí,14 658,sí,18/01/2021,prestadora A
78.0,mujer,grado I,con pareja,1.0,0.0,14.0,1.9,sí,distrito 1,20.890129879245084,sí,15 031,sí,26/04/2016,prestadora C
92.0,mujer,grado I,solo,0.0,2.0,84.0,1.6,no,distrito 11,37.551550399119954,no,19 449,sí,15/08/2024,prestadora A
91.0,hombre,sin valorar,con pareja,9.0,0.0,12.0,4.9,sí,distrito 5,149.2195531225042,sí,11 853,no,06/11/2019,prestadora B
82.0,mujer,grado I,solo,0.0,1.0,39.0,8.2,sí,distrito 3,68.84003244187019,sí,13 634,no,17/01/2021,prestadora A
86.0,mujer,grado I,solo,0.0,0.0,12.0,1.2,no,distrito 6,47.28326395334242,no,9 078,no,07/04/2017,prestadora B
78.0,mujer,grado I,solo,3.0,0.0,7.0,4.6,sí,distrito 6,67.70566152574338,sí,20 551,sí,12/07/2022,prestadora A
88.0,mujer,grado II,solo,2.0,1.0,6.0,3.6,no,distrito 7,476.9918331216544,sí,12 704,sí,04/09/2019,prestadora C
87.0,hombre,grado I,solo,2.0,0.0,27.0,5.7,no,distrito 5,130.45453750891443,no,11 441,sí,07/02/2021,prestadora C
77.0,hombre,sin valorar,con pareja,2.0,0.0,12.0,8.9,no,distrito 10,48.6432859389177,sí,8 956,sí,30/06/2016,prestadora A
73.0,hombre,grado III,solo,1.0,0.0,48.0,11.8,sí,distrito 1,168.96711617425078,no,14 653,sí,11/11/2023,prestadora B
80.0,mujer,  grado II ,solo,2.0,0.0,29.0,3.2,no,distrito 3,86.37332278758711,sí,17 221,sí,21/12/2021,prestadora B
79.0,mujer,grado III,solo,0.0,1.0,37.0,4.7,sí,distrito 4,209.12514005285487,sí,10 988,sí,04/06/2017,prestadora A
83.0,mujer,  grado I ,con familia,0.0,1.0,53.0,0.5,sí,distrito 3,7.372235239153118,no,10 670,sí,02/10/2024,prestadora C
72.0,mujer,grado II,con pareja,4.0,3.0,50.0,8.8,no,distrito 11,196.1534373804432,no,14 148,no,13/01/2016,prestadora A
83.0,mujer,GRADO II,solo,0.0,0.0,98.0,2.0,no,distrito 7,97.98247410265628,sí,16 807,sí,14/04/2018,prestadora B
86.0,mujer,sin valorar,con pareja,3.0,0.0,47.0,0.2,no,distrito 7,24.258395482100134,sí,9 246,no,19/01/2023,prestadora A
80.0,mujer,grado I,solo,1.0,0.0,33.0,3.3,sí,distrito 9,116.82082517567197,no,8 834,sí,29/08/2020,prestadora C
83.0,hombre,grado I,con familia,4.0,0.0,74.0,3.7,no,distrito 7,36.64447464472808,no,15 814,sí,26/08/2022,prestadora A
82.0,mujer,grado II,solo,8.0,0.0,25.0,5.1,no,distrito 4,737.5689348971521,no,13 568,sí,16/10/2023,prestadora A
85.0,mujer,grado I,con familia,10.0,0.0,72.0,0.0,no,distrito 6,27.377178539616576,no,11 666,no,06/12/2022,prestadora A
82.0,hombre,grado I,con pareja,5.0,0.0,31.0,6.7,no,distrito 8,138.8541034003093,no,11 295,no,05/05/2019,prestadora B
73.0,hombre,grado II,con pareja,0.0,0.0,29.0,5.0,no,distrito 3,8.179199335071502,sí,16 462,sí,30/04/2018,prestadora C
91.0,mujer,grado III,solo,2.0,0.0,24.0,1.4,no,distrito 9,156.3698999298687,sí,17 979,no,04/02/2020,prestadora C
88.0,mujer,  grado II ,solo,3.0,1.0,53.0,3.3,no,distrito 8,248.6625522487233,sí,12 919,sí,27/10/2017,prestadora B
85.0,mujer,sin valorar,con pareja,4.0,3.0,13.0,0.7,no,distrito 10,16.981197238345892,no,19 608,sí,01/08/2020,prestadora B
74.0,mujer,sin valorar,solo,5.0,0.0,33.0,1.5,no,distrito 2,102.38671524583634,sí,33 028,sí,21/08/2019,prestadora A
78.0,hombre,sin valorar,solo,2.0,0.0,7.0,1.6,no,distrito 5,37.07101478567123,sí,9 743,N/D,08/06/2017,prestadora A
78.0,mujer,  grado II ,con pareja,0.0,0.0,124.0,0.7,sí,distrito 9,14.335484831410797,no,14 083,sí,20/12/2023,prestadora B
81.0,mujer,grado III,con familia,1.0,1.0,44.0,8.9,no,distrito 7,57.89813921569061,no,19 575,sí,03/12/2021,prestadora C
71.0,mujer,  grado II ,solo,2.0,0.0,70.0,3.0,no,distrito 9,179.73735230367524,no,10 357,sí,20/09/2020,prestadora C
75.0,hombre,GRADO II,con pareja,1.0,2.0,125.0,2.3,no,distrito 6,22.84737130704892,sí,25 464,no,11/11/2020,prestadora A
73.0,hombre,grado III,solo,3.0,0.0,40.0,13.4,no,distrito 8,443.4607904340193,no,8 246,no,02/07/2022,prestadora C
85.0,mujer,sin valorar,solo,3.0,0.0,49.0,2.3,no,distrito 1,73.91622298736328,sí,15 093,no,29/11/2018,prestadora B
87.0,hombre,grado I,solo,6.0,1.0,26.0,1.1,sí,distrito 2,367.2692328765943,no,19 931,no,22/09/2016,prestadora B
71.0,mujer,SIN VALORAR,solo,6.0,0.0,27.0,5.2,no,distrito 9,149.1444319396119,sí,16 779,sí,22/03/2023,prestadora B
91.0,hombre,sin valorar,con pareja,0.0,0.0,8.0,6.3,sí,distrito 2,7.335569347012859,sí,10 036,sí,14/07/2024,prestadora B
73.0,mujer,grado III,solo,2.0,0.0,168.0,2.2,sí,distrito 8,26.84966351536078,sí,10 767,sí,22/04/2021,prestadora A
83.0,hombre,sin valorar,solo,0.0,0.0,88.0,2.0,no,distrito 11,9.144186043427634,sí,21 526,sí,16/02/2016,prestadora A
87.0,mujer,SIN VALORAR,con pareja,2.0,0.0,40.0,4.9,no,distrito 1,35.233374917909074,sí,8 374,no,22/01/2023,prestadora A
79.0,mujer,sin valorar,con pareja,3.0,0.0,28.0,8.2,no,distrito 8,48.39979919960282,no,7 718,sí,06/04/2023,prestadora B
95.0,mujer,grado I,solo,1.0,0.0,60.0,1.2,sí,distrito 9,33.342737851199885,sí,13 852,no,31/12/2022,prestadora B
75.0,mujer,sin valorar,solo,2.0,0.0,12.0,6.5,no,distrito 1,226.76080026288543,sí,16 540,no,08/05/2016,prestadora C
80.0,mujer,sin valorar,con pareja,0.0,0.0,81.0,4.7,no,distrito 10,34.74147447962908,sí,15 119,no,06/04/2020,prestadora A
78.0,hombre,  sin valorar ,con pareja,4.0,1.0,29.0,4.0,no,distrito 2,41.24775721471021,no,14 270,no,24/06/2023,prestadora B
90.0,hombre,sin valorar,solo,0.0,1.0,13.0,1.8,no,distrito 2,48.697487766411115,sí,9 487,no,14/04/2019,prestadora C
88.0,mujer,grado II,con pareja,0.0,0.0,20.0,2.5,no,distrito 9,16.09340109973076,sí,16 594,sí,06/06/2024,prestadora B
71.0,mujer,sin valorar,solo,1.0,0.0,32.0,1.6,sí,distrito 4,34.269772231551975,sí,25 092,sí,07/12/2016,prestadora A
82.0,hombre,GRADO II,solo,1.0,0.0,24.0,3.0,no,distrito 4,159.59385011338588,no,24 887,no,04/11/2016,prestadora A
69.0,mujer,sin valorar,con pareja,0.0,1.0,52.0,7.7,sí,distrito 8,11.002295023112092,sí,16 372,no,21/08/2020,prestadora C
69.0,mujer,GRADO I,solo,2.0,0.0,27.0,7.4,no,distrito 10,385.164960946576,sí,6 516,sí,26/11/2021,prestadora B
89.0,mujer,grado II,solo,1.0,0.0,28.0,1.0,sí,distrito 6,138.43184267692695,sí,35 728,sí,02/12/2017,prestadora A
85.0,mujer,grado I,con familia,0.0,0.0,64.0,5.4,no,distrito 7,20.75839544697925,no,13 998,sí,21/01/2019,prestadora A
78.0,hombre,grado III,solo,9.0,0.0,21.0,4.0,sí,distrito 10,653.5468841932515,no,7 436,sí,13/12/2019,prestadora A
91.0,mujer,grado II,con pareja,0.0,0.0,114.0,5.5,no,distrito 5,16.577005045824404,sí,14 877,no,22/11/2017,prestadora C
86.0,hombre,grado I,solo,0.0,0.0,39.0,4.4,no,distrito 2,7.244557652771304,sí,12 097,N/D,31/05/2018,prestadora C
84.0,mujer,grado I,con pareja,0.0,0.0,33.0,4.6,no,distrito 1,3.878171070440207,sí,17 519,no,31/07/2024,prestadora A
86.0,mujer,grado I,con familia,3.0,0.0,70.0,3.3,sí,distrito 7,23.4140181593986,no,15 096,sí,09/02/2020,prestadora C
72.0,mujer,grado I,solo,1.0,0.0,38.0,8.5,no,distrito 6,16.593965785540934,sí,9 115,sí,01/01/2020,prestadora B
100.0,hombre,sin valorar,solo,2.0,0.0,18.0,5.5,no,distrito 10,41.36060428115768,sí,23 229,no,19/06/2024,prestadora B
74.0,hombre,grado II,solo,4.0,0.0,83.0,6.9,sí,distrito 8,82.97050117492631,sí,14 543,sí,20/11/2019,prestadora C
81.0,mujer,sin valorar,solo,0.0,4.0,102.0,13.2,no,distrito 10,24.047485359381962,no,18 158,sí,13/08/2019,prestadora C
80.0,mujer,grado III,con familia,5.0,5.0,11.0,6.1,no,distrito 7,209.20406636791796,no,7 872,N/D,12/07/2024,prestadora C
75.0,hombre,  grado I ,con familia,3.0,0.0,22.0,13.9,no,distrito 6,65.3050656562506,no,18 070,sí,27/11/2019,prestadora C
85.0,mujer,sin valorar,con familia,2.0,0.0,16.0,1.8,no,distrito 3,44.70371182189953,sí,14 070,no,02/03/2016,prestadora B
80.0,mujer,GRADO II,solo,3.0,3.0,23.0,1.8,no,distrito 10,175.35635723820113,sí,11 777,sí,02/03/2016,prestadora C
76.0,mujer,grado III,con familia,1.0,1.0,24.0,3.1,no,distrito 2,98.5751656152658,no,15 342,no,01/01/2016,prestadora C
82.0,hombre,grado I,solo,0.0,0.0,33.0,7.5,sí,distrito 10,3.9777071463045743,sí,27 905,sí,28/11/2022,prestadora C
74.0,hombre,grado III,con familia,3.0,0.0,33.0,1.8,no,distrito 8,86.59776483482122,sí,35 786,no,27/04/2024,prestadora C
83.0,mujer,  grado II ,solo,0.0,0.0,15.0,2.1,no,distrito 2,26.467230264115308,sí,22 409,sí,03/07/2024,prestadora C
82.0,hombre,grado I,con familia,9.0,0.0,48.0,0.6,no,distrito 8,66.6056382389827,sí,12 305,no,23/05/2024,prestadora A
83.0,hombre,grado I,con pareja,2.0,1.0,19.0,8.7,sí,distrito 3,34.79708461927359,sí,41 868,sí,13/08/2021,prestadora B
70.0,mujer,GRADO II,solo,1.0,0.0,28.0,4.1,no,distrito 6,74.35842417963198,no,8 751,sí,07/01/2021,prestadora B
86.0,mujer,GRADO II,solo,0.0,0.0,76.0,1.3,sí,distrito 4,22.08347611874208,sí,10 243,no,25/12/2020,prestadora C
67.0,hombre,sin valorar,solo,0.0,0.0,8.0,1.5,no,distrito 8,14.590166151260332,no,7 273,sí,24/09/2024,prestadora B
88.0,mujer,grado II,con familia,1.0,0.0,31.0,1.3,no,distrito 10,66.37416650482498,no,13 490,sí,07/09/2020,prestadora A
89.0,hombre,sin valorar,solo,2.0,0.0,12.0,4.2,sí,distrito 10,48.69758848875318,sí,22 456,sí,09/07/2019,prestadora A
90.0,mujer,grado II,con pareja,2.0,1.0,32.0,5.6,no,distrito 3,150.7085316052538,no,19 173,sí,27/04/2019,prestadora C
85.0,hombre,grado I,solo,7.0,2.0,39.0,11.3,no,distrito 5,593.2613111530007,sí,6 266,no,27/01/2024,prestadora C
74.0,mujer,grado I,solo,2.0,1.0,49.0,2.6,no,distrito 4,81.46436128569876,sí,8 186,sí,09/09/2021,prestadora B
81.0,mujer,sin valorar,con pareja,0.0,0.0,14.0,2.0,sí,distrito 9,4.499949444455576,sí,39 380,sí,16/07/2020,prestadora B
70.0,hombre,grado II,con pareja,1.0,1.0,105.0,9.3,sí,distrito 5,29.003510675085,no,18 952,N/D,02/08/2024,prestadora A
94.0,mujer,  grado III ,con familia,2.0,0.0,59.0,0.9,no,distrito 10,36.03754748504039,sí,22 924,no,24/01/2017,prestadora C
81.0,mujer,grado III,solo,1.0,1.0,45.0,5.4,sí,distrito 6,49.464384482320945,no,10 905,no,18/04/2016,prestadora B
76.0,hombre,grado II,solo,3.0,1.0,24.0,0.7,sí,distrito 6,450.1635882162193,sí,7 839,no,25/11/2021,prestadora B
77.0,hombre,grado II,solo,0.0,1.0,27.0,5.3,no,distrito 10,53.262144141203834,sí,12 805,sí,15/07/2023,prestadora C
71.0,mujer,grado I,con pareja,0.0,0.0,90.0,3.2,no,distrito 6,5.968424109482722,sí,10 753,sí,11/01/2017,prestadora B
78.0,mujer,sin valorar,solo,0.0,0.0,69.0,3.6,no,distrito 7,9.821732544412596,no,10 810,no,08/09/2021,prestadora A
72.0,mujer,grado III,solo,2.0,0.0,11.0,5.1,no,distrito 8,348.66736780511394,sí,19 550,no,29/09/2019,prestadora A
72.0,mujer,sin valorar,solo,0.0,0.0,69.0,3.2,no,distrito 8,18.90319650778487,no,10 275,sí,12/05/2021,prestadora C
73.0,hombre,grado III,solo,0.0,0.0,8.0,0.8,no,distrito 7,86.04615598360192,sí,16 860,sí,14/11/2017,prestadora C
85.0,mujer,sin valorar,con pareja,1.0,2.0,31.0,4.7,no,distrito 2,21.381823051307958,sí,10 487,sí,31/03/2021,prestadora A
84.0,mujer,grado II,solo,1.0,0.0,34.0,7.1,sí,distrito 4,55.81024548234385,sí,12 119,sí,28/05/2016,prestadora C
88.0,hombre,grado II,con pareja,8.0,0.0,26.0,7.9,no,distrito 10,64.85273285701005,no,20 080,sí,09/06/2018,prestadora C
77.0,mujer,  grado II ,solo,0.0,0.0,15.0,7.1,no,distrito 9,7.927195775528278,sí,11 547,sí,09/09/2020,prestadora A
76.0,mujer,sin valorar,solo,3.0,3.0,10.0,3.6,no,distrito 4,98.16535399157021,sí,9 402,no,04/06/2019,prestadora A
81.0,mujer,GRADO I,con familia,2.0,0.0,12.0,1.3,sí,distrito 4,27.519715361394695,no,17 020,no,21/08/2018,prestadora C
77.0,mujer,sin valorar,solo,7.0,3.0,64.0,4.9,sí,distrito 6,259.7084745507653,sí,5 035,sí,10/12/2018,prestadora B
85.0,hombre,  sin valorar ,con pareja,2.0,0.0,116.0,0.8,sí,distrito 4,26.915543106141094,sí,9 322,sí,11/03/2022,prestadora C
89.0,mujer,sin valorar,solo,3.0,0.0,3.0,0.9,no,distrito 3,97.3283142244782,no,23 104,sí,30/10/2017,prestadora A
92.0,mujer,grado I,solo,6.0,0.0,18.0,3.8,no,distrito 5,781.9936884832144,no,28 602,sí,02/06/2016,prestadora B
86.0,mujer,grado I,solo,5.0,0.0,61.0,5.3,sí,distrito 11,83.21001580340828,no,17 929,no,06/02/2016,prestadora C
80.0,hombre,sin valorar,con familia,0.0,3.0,63.0,6.8,sí,distrito 4,10.002336599435454,no,28 900,no,12/05/2016,prestadora B
94.0,hombre,grado II,solo,12.0,0.0,9.0,2.1,no,distrito 8,2912.4860259260777,sí,21 638,no,17/12/2016,prestadora B
91.0,mujer,sin valorar,con familia,4.0,2.0,33.0,0.8,no,distrito 11,13.784009592150735,no,13 054,sí,22/02/2024,prestadora C
77.0,mujer,grado I,con familia,3.0,0.0,29.0,3.8,no,distrito 9,60.24826441763137,sí,5 925,no,17/06/2017,prestadora C
89.0,mujer,grado II,solo,2.0,2.0,34.0,3.3,no,distrito 9,254.36329874901222,sí,19 295,no,31/10/2023,prestadora C
87.0,mujer,grado I,con pareja,3.0,0.0,20.0,2.4,sí,distrito 8,80.77808107556908,sí,13 173,sí,17/01/2021,prestadora B
81.0,mujer,grado II,con familia,6.0,1.0,16.0,2.3,sí,distrito 6,88.0354094283844,sí,24 684,sí,20/01/2017,prestadora C
81.0,mujer,sin valorar,con pareja,0.0,0.0,46.0,1.1,no,distrito 9,11.80512533865357,sí,13 494,sí,29/06/2021,prestadora A
77.0,mujer,sin valorar,solo,8.0,0.0,71.0,10.8,no,distrito 4,203.49027481854648,no,6 816,no,30/08/2021,prestadora B
73.0,hombre,grado III,solo,0.0,0.0,21.0,2.0,no,distrito 1,21.190905499836877,sí,8 439,no,18/02/2022,prestadora C
89.0,hombre,grado III,solo,0.0,0.0,35.0,1.0,sí,distrito 7,22.945558599759146,no,8 712,sí,10/12/2018,prestadora A
83.0,mujer,grado I,con familia,4.0,1.0,11.0,3.4,no,distrito 9,29.326427318068287,no,18 527,sí,17/11/2016,prestadora C
81.0,mujer,grado II,solo,2.0,0.0,13.0,1.3,sí,distrito 1,129.80264670394655,sí,6 813,sí,15/07/2016,prestadora C
87.0,mujer,GRADO II,con pareja,3.0,0.0,46.0,2.4,no,distrito 2,9.299660828001839,sí,22 724,N/D,09/08/2018,prestadora A
67.0,mujer,grado I,con pareja,2.0,0.0,40.0,2.5,sí,distrito 10,18.660718720511166,no,15 052,N/D,14/07/2018,prestadora A
80.0,mujer,grado I,con familia,0.0,0.0,25.0,5.3,no,distrito 4,3.802309342259314,no,24 139,no,03/03/2024,prestadora C
82.0,mujer,grado I,solo,4.0,0.0,18.0,8.1,no,distrito 3,158.15313658471544,sí,9 669,N/D,11/10/2023,prestadora B
76.0,mujer,grado I,solo,0.0,0.0,33.0,2.9,sí,distrito 10,9.30057751937249,no,24 275,no,02/03/2023,prestadora A
102.0,mujer,grado II,solo,4.0,0.0,28.0,2.3,sí,distrito 3,92.39560557864736,no,16 390,no,16/04/2017,prestadora A
84.0,mujer,grado II,solo,1.0,1.0,12.0,1.8,no,distrito 7,107.40516992993946,sí,13 796,no,31/01/2021,prestadora A
85.0,hombre,sin valorar,solo,1.0,0.0,8.0,1.8,no,distrito 7,21.200944308004924,no,19 466,sí,28/07/2023,prestadora C
81.0,mujer,  sin valorar ,con pareja,0.0,0.0,31.0,1.5,no,distrito 11,1.8077723421803338,no,10 742,sí,15/09/2021,prestadora B
84.0,mujer,grado II,solo,3.0,2.0,15.0,3.1,no,distrito 4,97.5443278884136,no,25 020,sí,26/07/2023,prestadora B
81.0,hombre,grado II,con pareja,0.0,0.0,89.0,0.8,no,distrito 4,4.090569829877842,no,11 811,sí,08/03/2022,prestadora C
90.0,mujer,sin valorar,con familia,2.0,3.0,26.0,2.6,sí,distrito 2,10.305339737994844,sí,19 215,no,22/02/2016,prestadora B
73.0,hombre,grado II,solo,0.0,1.0,42.0,8.9,sí,distrito 9,110.52497525905423,sí,18 288,sí,03/10/2016,prestadora B
77.0,hombre,GRADO III,con pareja,3.0,6.0,44.0,1.2,sí,distrito 7,104.55277723726094,sí,10 143,no,20/11/2017,prestadora B
91.0,mujer,  grado I ,solo,3.0,2.0,40.0,11.3,no,distrito 9,216.34484938743813,sí,12 539,no,09/01/2020,prestadora C
101.0,mujer,grado I,solo,3.0,0.0,8.0,3.1,no,distrito 2,56.31090280058936,no,12 060,no,15/12/2020,prestadora C
85.0,mujer,GRADO II,con pareja,2.0,1.0,53.0,2.4,no,distrito 11,121.67885941717854,sí,9 097,sí,30/11/2019,prestadora B
86.0,mujer,  grado II ,solo,3.0,0.0,28.0,3.3,no,distrito 2,299.12799372508033,no,10 816,sí,07/04/2019,prestadora C
73.0,mujer,grado II,solo,2.0,2.0,24.0,6.2,sí,distrito 1,132.42437118293833,sí,7 957,no,07/04/2024,prestadora A
98.0,hombre,grado II,con pareja,0.0,1.0,10.0,1.3,sí,distrito 10,78.37069241831205,sí,15 407,sí,29/11/2022,prestadora C
84.0,mujer,grado II,solo,1.0,2.0,50.0,1.5,no,distrito 3,38.188211936557906,sí,8 843,sí,19/11/2022,prestadora A
84.0,mujer,grado I,con familia,7.0,0.0,6.0,5.6,sí,distrito 7,67.72449622613995,sí,22 717,sí,11/08/2019,prestadora C
81.0,mujer,sin valorar,con pareja,1.0,0.0,54.0,3.9,sí,distrito 9,36.43274203926253,no,10 254,no,18/10/2016,prestadora C
90.0,hombre,grado I,con familia,2.0,0.0,39.0,2.6,no,distrito 2,20.47401243008629,sí,19 497,sí,25/03/2024,prestadora A
82.0,mujer,  grado II ,con pareja,0.0,0.0,33.0,5.4,sí,distrito 1,22.86710931171885,sí,15 120,sí,24/05/2022,prestadora C
72.0,mujer,sin valorar,solo,0.0,0.0,29.0,1.0,no,distrito 11,27.395211383334665,no,13 098,no,17/10/2017,prestadora A
86.0,mujer,  grado I ,con familia,1.0,1.0,40.0,1.7,no,distrito 8,29.812936937421703,sí,15 576,no,29/05/2019,prestadora C
70.0,mujer,grado II,con pareja,3.0,0.0,37.0,3.8,no,distrito 10,140.45122859466795,sí,20 887,no,10/08/2016,prestadora A
80.0,mujer,GRADO II,con pareja,3.0,3.0,36.0,4.5,sí,distrito 4,34.516377473921466,sí,21 082,sí,25/11/2017,prestadora B
81.0,mujer,GRADO II,con familia,1.0,0.0,68.0,2.3,no,distrito 1,43.39110815123855,no,14 319,sí,29/03/2024,prestadora A
78.0,mujer,sin valorar,solo,3.0,2.0,52.0,9.1,sí,distrito 6,83.38783454622667,sí,43 403,sí,13/06/2020,prestadora B
89.0,mujer,  grado I ,con pareja,6.0,0.0,11.0,3.5,sí,distrito 3,37.51393736017405,no,14 289,sí,17/01/2024,prestadora B
83.0,mujer,sin valorar,solo,2.0,1.0,3.0,2.9,no,distrito 5,33.723800028148396,no,25 662,sí,03/12/2022,prestadora C
84.0,hombre,  sin valorar ,con pareja,0.0,0.0,29.0,5.0,sí,distrito 9,6.3100805912213005,sí,12 517,no,20/09/2020,prestadora A
89.0,mujer,grado II,solo,0.0,0.0,11.0,1.5,no,distrito 10,7.746470646828926,no,16 578,no,12/06/2016,prestadora C
74.0,hombre,GRADO III,con pareja,0.0,0.0,46.0,7.0,no,distrito 2,64.14517205762945,sí,15 416,sí,25/02/2020,prestadora C
98.0,hombre,grado I,con familia,0.0,0.0,33.0,1.1,no,distrito 10,2.8123206301099173,sí,12 744,no,27/03/2018,prestadora B
82.0,mujer,grado II,solo,1.0,1.0,71.0,1.9,no,distrito 7,36.299323534104566,sí,9 196,sí,23/12/2022,prestadora C
102.0,mujer,  sin valorar ,solo,1.0,0.0,46.0,4.9,no,distrito 1,34.790492199280486,no,10 590,no,29/12/2021,prestadora B
85.0,mujer,grado I,solo,0.0,0.0,52.0,3.6,no,distrito 5,10.203797373467607,sí,13 203,sí,10/04/2021,prestadora A
71.0,hombre,grado II,solo,6.0,2.0,27.0,6.7,no,distrito 1,538.3368897680785,no,13 633,no,03/12/2019,prestadora A
65.0,mujer,  grado I ,solo,0.0,0.0,100.0,7.0,sí,distrito 9,14.628565775929534,sí,9 359,no,20/12/2023,prestadora B
85.0,hombre,grado I,solo,3.0,4.0,18.0,4.5,no,distrito 11,120.32542940747975,sí,30 907,sí,24/09/2017,prestadora A
88.0,mujer,grado III,con pareja,2.0,4.0,43.0,4.6,sí,distrito 11,58.20967091733952,sí,8 342,sí,14/09/2022,prestadora A
78.0,mujer,sin valorar,solo,2.0,0.0,25.0,4.6,no,distrito 3,44.7118526912286,sí,11 987,no,11/12/2021,prestadora C
78.0,mujer,sin valorar,con pareja,0.0,0.0,68.0,3.6,sí,distrito 11,5.073888320245799,sí,12 322,N/D,31/01/2023,prestadora B
97.0,hombre,sin valorar,con pareja,0.0,0.0,46.0,2.4,no,distrito 6,10.735367867778239,sí,11 977,sí,25/10/2023,prestadora C
83.0,mujer,grado I,con pareja,5.0,0.0,39.0,6.8,no,distrito 9,30.270682729818507,sí,23 960,sí,31/03/2023,prestadora A
69.0,mujer,grado I,solo,0.0,0.0,32.0,7.5,no,distrito 2,41.816019730336606,no,18 436,no,30/07/2023,prestadora A
72.0,mujer,grado I,solo,1.0,0.0,34.0,3.8,no,distrito 8,54.817867679199345,sí,5 887,sí,18/04/2022,prestadora C
80.0,hombre,grado I,con pareja,1.0,3.0,27.0,2.7,no,distrito 2,57.36939158269243,sí,6 738,no,28/11/2023,prestadora C
87.0,hombre,grado I,con pareja,5.0,0.0,24.0,1.2,no,distrito 4,94.81038654905481,sí,16 016,sí,30/03/2019,prestadora C
76.0,mujer,sin valorar,solo,0.0,0.0,58.0,4.6,sí,distrito 7,53.77437958497579,no,12 736,sí,05/06/2022,prestadora B
80.0,mujer,grado II,con pareja,3.0,0.0,27.0,3.9,no,distrito 1,161.42658312841755,no,13 316,sí,26/11/2018,prestadora A
72.0,hombre,grado III,solo,2.0,4.0,58.0,3.7,no,distrito 3,425.30763235733264,sí,13 815,sí,03/04/2017,prestadora A
84.0,mujer,grado I,solo,6.0,0.0,56.0,4.0,sí,distrito 1,239.2407820231787,sí,12 325,sí,06/09/2023,prestadora A
79.0,hombre,grado I,solo,4.0,1.0,30.0,1.3,no,distrito 8,202.28077153837094,sí,15 774,sí,08/05/2020,prestadora A
96.0,mujer,grado III,con familia,4.0,1.0,50.0,1.9,no,distrito 8,50.229442300269774,no,16 638,no,01/02/2018,prestadora A
66.0,mujer,grado II,solo,0.0,0.0,11.0,9.7,no,distrito 1,30.25963778514877,sí,11 326,sí,02/09/2024,prestadora B
78.0,mujer,grado I,solo,3.0,1.0,77.0,7.3,sí,distrito 4,128.1921034165491,sí,12 784,no,31/10/2020,prestadora B
85.0,hombre,grado I,con pareja,4.0,1.0,18.0,7.9,sí,distrito 6,56.94975654331854,sí,19 542,no,22/01/2017,prestadora A
82.0,mujer,grado I,solo,1.0,0.0,18.0,8.1,sí,distrito 2,29.306865949124752,sí,9 480,sí,05/02/2024,prestadora C
81.0,mujer,grado II,solo,1.0,2.0,35.0,1.9,no,distrito 6,21.327211183787373,sí,8 317,sí,26/01/2024,prestadora B
79.0,mujer,grado III,solo,0.0,1.0,30.0,4.1,no,distrito 6,33.12796342614667,no,15 737,sí,03/01/2019,prestadora C
90.0,mujer,grado I,con familia,2.0,1.0,57.0,2.0,no,distrito 7,25.57218781939735,sí,32 150,no,09/03/2017,prestadora C
83.0,mujer,grado II,con familia,2.0,1.0,33.0,4.0,no,distrito 6,17.238059270034267,no,13 750,no,03/04/2018,prestadora B
78.0,hombre,sin valorar,solo,4.0,0.0,72.0,8.4,sí,distrito 1,144.2483042338663,no,20 560,sí,03/09/2020,prestadora C
76.0,mujer,sin valorar,con familia,2.0,1.0,5.0,1.2,sí,distrito 6,27.541694379128458,sí,7 563,sí,05/01/2019,prestadora B
79.0,mujer,grado II,solo,2.0,0.0,44.0,5.4,no,distrito 3,67.61789859243224,sí,16 664,no,14/02/2019,prestadora A
71.0,hombre,sin valorar,con pareja,1.0,0.0,24.0,1.5,sí,distrito 5,9.88462680563411,no,20 925,N/D,24/06/2021,prestadora A
73.0,mujer,grado II,con pareja,1.0,1.0,23.0,11.3,no,distrito 8,88.54486680896773,sí,12 851,no,15/08/2017,prestadora B
82.0,hombre,grado I,con pareja,0.0,0.0,21.0,4.8,sí,distrito 4,27.483722319228253,no,13 978,sí,11/09/2016,prestadora A
80.0,mujer,  grado I ,solo,6.0,0.0,95.0,7.9,no,distrito 11,177.1484961747761,sí,20 914,no,17/03/2024,prestadora B
77.0,mujer,grado I,con familia,4.0,1.0,2.0,3.1,no,distrito 11,16.293604458281973,no,20 046,sí,16/08/2021,prestadora A
85.0,mujer,grado I,con familia,8.0,0.0,24.0,6.0,no,distrito 4,67.92721783756046,sí,6 039,no,14/08/2017,prestadora A
104.0,mujer,grado III,con pareja,3.0,0.0,49.0,7.7,sí,distrito 11,133.62775788789534,sí,15 770,no,12/05/2024,prestadora C
86.0,mujer,grado I,solo,1.0,0.0,61.0,12.6,sí,distrito 1,44.70985699537516,no,12 320,no,05/07/2023,prestadora A
74.0,hombre,sin valorar,con familia,1.0,0.0,53.0,1.3,no,distrito 7,21.774379102630686,sí,17 341,sí,27/12/2021,prestadora A
85.0,hombre,  grado I ,solo,2.0,0.0,15.0,2.3,no,distrito 3,49.425381305074694,sí,10 525,no,11/09/2019,prestadora C
75.0,hombre,grado II,solo,1.0,0.0,8.0,4.4,sí,distrito 10,30.36016213828665,no,28 665,no,02/06/2021,prestadora B
89.0,hombre,grado I,solo,0.0,1.0,46.0,0.1,no,distrito 7,138.24206900512397,sí,6 865,N/D,01/09/2018,prestadora A
82.0,mujer,sin valorar,solo,3.0,0.0,7.0,1.1,no,distrito 6,100.4391570743739,no,9 787,sí,01/09/2023,prestadora C
76.0,mujer,  grado III ,con pareja,7.0,4.0,18.0,1.2,sí,distrito 10,169.15964154376178,sí,18 969,no,12/12/2019,prestadora C
83.0,hombre,  grado II ,solo,0.0,0.0,29.0,2.9,no,distrito 2,16.81582733245356,sí,11 327,no,17/02/2018,prestadora C
79.0,hombre,grado II,solo,0.0,2.0,22.0,5.4,sí,distrito 3,111.61015650667093,sí,14 564,no,20/01/2017,prestadora C
80.0,mujer,  grado I ,solo,5.0,1.0,27.0,7.5,no,distrito 2,302.9420152223175,sí,12 338,no,08/06/2021,prestadora B
87.0,mujer,grado I,con familia,2.0,0.0,54.0,0.4,no,distrito 10,20.617696228769653,sí,5 216,sí,12/04/2020,prestadora C
73.0,hombre,grado II,solo,5.0,0.0,40.0,5.4,no,distrito 1,199.56955156746577,no,7 454,no,19/10/2019,prestadora C
73.0,mujer,grado III,con familia,1.0,0.0,9.0,3.5,no,distrito 6,13.596773969868185,sí,37 386,no,02/07/2018,prestadora C
87.0,mujer,sin valorar,con familia,0.0,2.0,10.0,1.3,sí,distrito 10,42.36078157588143,sí,20 698,sí,23/04/2018,prestadora B
94.0,mujer,grado II,solo,1.0,0.0,48.0,9.1,no,distrito 3,157.41219059094644,sí,15 827,sí,29/06/2017,prestadora B
90.0,mujer,  grado II ,solo,1.0,0.0,96.0,0.8,no,distrito 5,68.88771100738896,sí,16 112,no,24/06/2016,prestadora C
83.0,mujer,grado II,solo,3.0,1.0,49.0,9.0,sí,distrito 2,397.9547585557002,no,26 030,sí,16/01/2017,prestadora A
86.0,mujer,grado I,con pareja,2.0,0.0,36.0,2.3,no,distrito 9,48.225855113955156,sí,24 105,sí,18/06/2023,prestadora B
67.0,mujer,sin valorar,solo,3.0,0.0,45.0,7.0,no,distrito 3,95.55045480538803,sí,15 007,N/D,05/08/2024,prestadora C
83.0,mujer,grado I,con familia,0.0,0.0,12.0,5.1,no,distrito 10,8.264411899360372,no,10 558,no,03/10/2019,prestadora B
87.0,mujer,grado I,solo,1.0,1.0,26.0,5.3,sí,distrito 10,33.68829369509495,sí,15 706,sí,01/01/2024,prestadora B
88.0,mujer,grado II,solo,0.0,1.0,11.0,5.5,no,distrito 5,42.263477701824556,no,11 549,no,21/12/2016,prestadora C
87.0,mujer,grado I,solo,9.0,0.0,14.0,1.7,no,distrito 8,632.4172914336577,no,10 837,sí,02/08/2021,prestadora B
98.0,hombre,sin valorar,solo,1.0,1.0,31.0,4.8,no,distrito 11,88.72586900741051,sí,17 094,sí,17/04/2021,prestadora C
89.0,mujer,grado II,con familia,1.0,0.0,25.0,7.8,no,distrito 2,37.683492072030596,no,19 118,sí,03/08/2020,prestadora B
95.0,hombre,grado I,con pareja,1.0,3.0,26.0,4.9,no,distrito 7,111.5613643515506,no,24 351,sí,21/09/2024,prestadora B
72.0,hombre,grado I,solo,2.0,0.0,40.0,2.1,sí,distrito 1,172.57637926467132,sí,14 082,N/D,08/08/2022,prestadora A
79.0,hombre,grado I,con pareja,2.0,0.0,72.0,7.0,no,distrito 8,37.468835105189015,sí,6 707,no,16/03/2016,prestadora B
97.0,hombre,sin valorar,solo,0.0,1.0,50.0,1.7,sí,distrito 2,13.089093452914614,sí,7 952,sí,10/05/2023,prestadora A
82.0,mujer,grado II,con familia,0.0,0.0,31.0,0.7,no,distrito 4,33.76696017022629,sí,8 579,sí,01/07/2019,prestadora C
77.0,hombre,grado I,con familia,1.0,0.0,71.0,2.0,no,distrito 10,25.736568712000103,sí,10 243,no,10/07/2018,prestadora B
85.0,mujer,GRADO III,con familia,3.0,0.0,71.0,11.2,no,distrito 11,71.64660602226216,sí,34 560,no,11/01/2022,prestadora C
87.0,mujer,grado II,con pareja,1.0,0.0,88.0,1.2,no,distrito 1,6.082154426538031,sí,24 832,sí,11/05/2019,prestadora A
85.0,mujer,grado I,con familia,5.0,0.0,24.0,4.1,no,distrito 3,129.35537167386306,sí,11 925,no,15/10/2017,prestadora B
96.0,mujer,grado I,solo,1.0,0.0,85.0,4.1,no,distrito 5,25.847899706460264,no,7 240,no,25/10/2019,prestadora A
94.0,hombre,grado II,solo,0.0,5.0,38.0,14.7,sí,distrito 11,74.45344780782196,no,19 780,no,20/03/2023,prestadora B
95.0,mujer,grado II,solo,5.0,0.0,3.0,1.0,no,distrito 1,185.94463226199377,sí,19 808,sí,26/05/2017,prestadora C
87.0,mujer,grado I,solo,1.0,0.0,47.0,1.4,no,distrito 9,18.78391837045969,no,7 044,no,09/04/2017,prestadora A
93.0,hombre,grado II,con pareja,3.0,0.0,41.0,2.1,no,distrito 1,35.014075860091566,sí,13 416,no,19/04/2016,prestadora C
91.0,mujer,grado III,con familia,0.0,0.0,80.0,6.8,no,distrito 3,18.799789684334726,sí,17 005,sí,03/11/2017,prestadora C
91.0,hombre,grado I,solo,2.0,0.0,11.0,1.2,no,distrito 10,28.22897527583183,sí,14 317,no,30/06/2021,prestadora C
78.0,hombre,grado I,con pareja,2.0,1.0,80.0,0.3,no,distrito 11,64.68045985664249,no,9 696,sí,26/03/2024,prestadora B
90.0,mujer,sin valorar,solo,2.0,0.0,11.0,1.2,no,distrito 3,28.74520991081776,sí,18 212,no,01/07/2016,prestadora B
88.0,mujer,grado II,con familia,3.0,3.0,48.0,11.9,no,distrito 8,207.60372420939123,no,10 918,sí,18/11/2020,prestadora A
72.0,hombre,  sin valorar ,con familia,0.0,0.0,66.0,1.5,no,distrito 1,4.822487341053478,sí,17 204,no,08/01/2022,prestadora A
97.0,hombre,grado II,solo,3.0,0.0,72.0,7.5,sí,distrito 1,91.5345142840885,sí,13 270,sí,04/01/2016,prestadora C
79.0,hombre,sin valorar,con familia,3.0,0.0,59.0,0.4,sí,distrito 7,9.329025171700769,sí,18 791,sí,25/12/2019,prestadora A
83.0,mujer,sin valorar,con familia,0.0,0.0,56.0,2.0,no,distrito 1,6.101526664061545,sí,15 238,N/D,06/02/2023,prestadora C
100.0,mujer,sin valorar,con pareja,6.0,0.0,55.0,3.4,sí,distrito 2,85.77984905393215,no,12 132,no,05/08/2016,prestadora C
76.0,hombre,sin valorar,con familia,1.0,0.0,19.0,4.0,no,distrito 10,12.075902654463373,sí,13 786,N/D,27/06/2021,prestadora B
82.0,hombre,sin valorar,con pareja,0.0,1.0,25.0,2.4,no,distrito 5,10.100451457687942,sí,15 978,sí,28/07/2022,prestadora B
91.0,mujer,grado I,con pareja,0.0,0.0,34.0,1.7,no,distrito 9,11.045168025905308,sí,18 612,no,13/06/2021,prestadora B
86.0,mujer,SIN VALORAR,con pareja,0.0,0.0,104.0,2.3,no,distrito 1,4.715542990053667,no,16 056,no,21/10/2018,prestadora C
85.0,hombre,sin valorar,con pareja,0.0,0.0,30.0,2.5,no,distrito 4,5.769399657732996,sí,12 063,sí,13/03/2019,prestadora C
83.0,mujer,grado I,con pareja,3.0,0.0,88.0,3.7,no,distrito 2,16.778518612984925,sí,14 949,sí,08/03/2016,prestadora C
95.0,mujer,grado I,con familia,5.0,2.0,10.0,14.2,sí,distrito 1,535.0208825552711,sí,17 493,sí,29/12/2017,prestadora B
71.0,mujer,sin valorar,con familia,0.0,0.0,76.0,6.7,sí,distrito 4,6.069411108921585,sí,12 677,no,03/11/2023,prestadora A
86.0,hombre,grado III,con pareja,2.0,0.0,26.0,1.9,no,distrito 11,28.20402282217647,sí,8 251,sí,28/04/2023,prestadora B
91.0,mujer,grado I,solo,4.0,0.0,43.0,3.4,sí,distrito 8,102.22919409733754,sí,10 563,sí,13/10/2019,prestadora B
70.0,hombre,sin valorar,solo,1.0,2.0,8.0,2.3,no,distrito 11,53.061772866858526,no,21 819,sí,13/03/2020,prestadora A
84.0,mujer,grado II,solo,4.0,3.0,43.0,4.3,no,distrito 2,405.44143784075044,sí,14 073,sí,03/11/2023,prestadora C
80.0,mujer,grado I,solo,2.0,1.0,82.0,1.2,no,distrito 5,624.0116510639742,sí,16 420,no,25/01/2022,prestadora A
85.0,mujer,grado II,con familia,0.0,1.0,4.0,0.3,sí,distrito 9,41.55703968164145,sí,14 706,sí,18/12/2021,prestadora A
75.0,mujer,grado II,solo,2.0,2.0,11.0,1.1,no,distrito 8,152.2812207250855,no,17 289,sí,04/10/2020,prestadora C
73.0,hombre,grado II,con pareja,3.0,2.0,135.0,4.7,no,distrito 6,48.13669767099149,no,7 167,sí,29/06/2017,prestadora A
71.0,mujer,grado I,con pareja,3.0,1.0,9.0,4.5,no,distrito 10,76.02708722581727,no,10 235,no,30/01/2020,prestadora C
84.0,mujer,grado I,con familia,2.0,0.0,55.0,1.3,no,distrito 5,24.02920954443793,no,25 824,no,18/10/2022,prestadora A
86.0,mujer,grado II,solo,0.0,0.0,61.0,2.7,no,distrito 2,24.774404818159546,sí,13 934,sí,01/11/2023,prestadora C
82.0,mujer,GRADO I,solo,7.0,1.0,37.0,12.6,no,distrito 11,390.9150762497386,sí,11 588,sí,27/01/2017,prestadora B
88.0,mujer,grado III,con pareja,11.0,0.0,52.0,3.9,no,distrito 5,464.7567270811861,no,15 443,no,01/07/2024,prestadora C
82.0,mujer,sin valorar,con familia,3.0,0.0,10.0,10.7,no,distrito 7,39.73251948576234,sí,17 243,no,14/02/2022,prestadora B
87.0,mujer,grado I,con pareja,0.0,0.0,30.0,4.7,no,distrito 4,6.858161957456892,no,8 818,no,02/09/2016,prestadora B
79.0,mujer,SIN VALORAR,solo,1.0,0.0,62.0,4.0,no,distrito 10,11.29323440440694,sí,17 053,sí,27/08/2018,prestadora A
77.0,mujer,sin valorar,solo,2.0,0.0,37.0,2.1,no,distrito 9,143.56576464216667,sí,11 696,no,23/10/2016,prestadora A
79.0,hombre,GRADO II,con pareja,1.0,0.0,27.0,7.8,sí,distrito 5,99.77183750731562,sí,14 287,no,24/11/2018,prestadora C
89.0,mujer,grado III,solo,4.0,1.0,21.0,5.6,sí,distrito 2,1115.5330407903896,sí,15 835,sí,11/11/2019,prestadora B
73.0,hombre,grado II,con pareja,0.0,0.0,20.0,2.2,no,distrito 7,45.945460431733686,no,14 370,no,08/08/2019,prestadora A
99.0,mujer,sin valorar,solo,0.0,0.0,26.0,2.7,no,distrito 5,11.215471941932991,no,10 223,sí,08/03/2021,prestadora A
85.0,mujer,grado III,con pareja,1.0,0.0,32.0,0.9,sí,distrito 5,27.331132472280885,sí,15 954,sí,07/03/2020,prestadora C
80.0,mujer,sin valorar,solo,0.0,0.0,29.0,1.2,no,distrito 8,5.592554739043582,sí,12 086,no,10/01/2023,prestadora B
74.0,mujer,grado II,solo,5.0,1.0,2.0,0.8,sí,distrito 4,450.37528305384365,sí,17 725,sí,31/12/2018,prestadora B
89.0,mujer,grado I,con pareja,4.0,0.0,31.0,1.2,no,distrito 1,46.03944101535941,no,22 573,no,31/12/2020,prestadora A
82.0,mujer,GRADO III,con pareja,1.0,0.0,52.0,2.8,no,distrito 8,67.42696274831755,sí,23 480,N/D,02/12/2017,prestadora C
73.0,hombre,grado I,con pareja,0.0,0.0,37.0,0.5,no,distrito 11,13.725099487500813,no,11 590,sí,03/03/2022,prestadora A
85.0,mujer,sin valorar,con familia,2.0,1.0,13.0,3.9,no,distrito 2,27.107390645963864,sí,11 240,sí,09/07/2021,prestadora A
68.0,mujer,grado III,solo,5.0,0.0,51.0,1.2,sí,distrito 2,416.7607168374077,sí,17 102,sí,04/02/2019,prestadora B
90.0,mujer,sin valorar,solo,3.0,0.0,69.0,4.1,no,distrito 3,152.30704423725766,no,9 215,sí,12/11/2016,prestadora B
94.0,hombre,grado III,solo,0.0,0.0,23.0,3.0,no,distrito 5,82.89235859309673,no,12 599,sí,14/02/2018,prestadora B
81.0,mujer,SIN VALORAR,con pareja,1.0,0.0,29.0,2.5,sí,distrito 4,19.68643562285982,sí,15 127,no,22/10/2016,prestadora A
81.0,hombre,grado II,con pareja,1.0,0.0,13.0,4.9,no,distrito 4,42.79288277536992,sí,16 880,sí,01/07/2020,prestadora B
92.0,hombre,grado III,solo,8.0,0.0,17.0,0.9,no,distrito 2,668.8883067035608,sí,9 303,no,18/02/2016,prestadora B
80.0,mujer,sin valorar,solo,0.0,0.0,3.0,0.3,no,distrito 6,26.1379609044754,sí,17 069,sí,09/08/2019,prestadora C
75.0,mujer,sin valorar,con pareja,1.0,1.0,29.0,4.4,no,distrito 5,5.075831903784706,sí,8 363,no,14/05/2017,prestadora A
80.0,mujer,sin valorar,solo,0.0,0.0,24.0,3.4,no,distrito 8,32.14578571933854,no,30 288,sí,02/09/2022,prestadora A
84.0,mujer,sin valorar,solo,1.0,1.0,37.0,3.5,no,distrito 8,50.6415003688059,sí,16 672,sí,20/02/2022,prestadora A
82.0,mujer,grado II,solo,1.0,0.0,15.0,1.8,no,distrito 8,65.66114199317323,no,21 514,sí,28/02/2019,prestadora C
77.0,mujer,GRADO III,con familia,1.0,0.0,65.0,0.5,no,distrito 3,61.771211374457515,sí,14 463,no,05/03/2024,prestadora A
84.0,mujer,sin valorar,con pareja,3.0,2.0,15.0,1.4,no,distrito 5,101.90142326372148,sí,23 653,sí,09/02/2020,prestadora C
85.0,hombre,GRADO II,con familia,0.0,4.0,64.0,2.9,sí,distrito 4,34.812258429856705,no,12 715,no,01/11/2023,prestadora A
88.0,mujer,sin valorar,solo,13.0,0.0,8.0,9.9,no,distrito 1,1039.6221087507008,sí,10 524,no,23/12/2023,prestadora C
87.0,hombre,grado I,con pareja,2.0,0.0,28.0,4.2,no,distrito 4,20.553012300308524,sí,8 950,sí,22/09/2020,prestadora C
76.0,mujer,GRADO III,con familia,0.0,2.0,48.0,5.3,no,distrito 5,23.657398247118145,sí,10 843,no,16/09/2022,prestadora B
95.0,mujer,grado II,con familia,0.0,1.0,79.0,3.3,no,distrito 3,9.785538657110848,sí,6 989,sí,22/02/2019,prestadora B
85.0,hombre,SIN VALORAR,con pareja,0.0,2.0,63.0,0.2,no,distrito 11,9.984232981013534,sí,9 866,no,19/10/2017,prestadora A
97.0,mujer,grado I,con familia,3.0,1.0,66.0,2.8,sí,distrito 10,24.322242037675085,no,13 442,sí,29/10/2018,prestadora C
80.0,mujer,GRADO I,solo,2.0,2.0,42.0,7.0,sí,distrito 3,102.31882419422519,sí,15 567,no,29/05/2020,prestadora B
83.0,mujer,grado I,solo,5.0,0.0,32.0,0.8,no,distrito 7,47.607236798459766,sí,10 005,no,17/04/2022,prestadora C
81.0,mujer,grado I,con familia,8.0,0.0,50.0,1.0,no,distrito 7,57.794533050761714,no,9 534,no,14/12/2016,prestadora A
81.0,mujer,grado I,con familia,1.0,1.0,32.0,0.7,no,distrito 4,4.079405369569957,no,23 106,no,15/09/2016,prestadora C
93.0,mujer,grado I,solo,0.0,0.0,21.0,4.6,no,distrito 11,32.21742500158441,sí,24 136,no,19/02/2024,prestadora C
87.0,hombre,grado II,con pareja,1.0,1.0,46.0,3.3,no,distrito 1,111.12249622876952,sí,29 508,sí,03/05/2024,prestadora C
74.0,mujer,grado II,con pareja,0.0,1.0,21.0,2.1,no,distrito 6,26.80990545482631,no,9 885,sí,28/09/2016,prestadora B
87.0,hombre,grado III,con pareja,1.0,0.0,12.0,3.2,no,distrito 9,60.83561520124252,no,11 917,sí,19/05/2020,prestadora C
72.0,hombre,  grado II ,con pareja,1.0,0.0,12.0,13.2,no,distrito 3,27.481341990717773,sí,15 229,no,31/08/2018,prestadora B
94.0,hombre,grado II,solo,6.0,2.0,29.0,3.6,sí,distrito 1,589.1614718836499,sí,9 230,no,26/02/2019,prestadora C
78.0,mujer,  sin valorar ,solo,3.0,0.0,23.0,2.0,sí,distrito 3,191.04835993581176,no,45 259,no,21/03/2018,prestadora B
88.0,mujer,grado II,solo,4.0,0.0,13.0,2.0,no,distrito 4,437.15432981794225,sí,12 064,sí,19/12/2022,prestadora B
87.0,mujer,sin valorar,con pareja,1.0,1.0,48.0,7.4,no,distrito 6,4.600137721503519,sí,28 871,no,08/09/2021,prestadora A
79.0,mujer,sin valorar,solo,6.0,1.0,60.0,2.2,no,distrito 1,300.11030406824824,no,14 494,sí,28/01/2019,prestadora B
75.0,mujer,sin valorar,con familia,1.0,2.0,16.0,6.6,no,distrito 5,10.651867865036445,sí,10 329,sí,18/04/2021,prestadora C
87.0,mujer,grado II,solo,0.0,0.0,56.0,3.9,sí,distrito 11,49.393167065947935,sí,10 164,no,23/07/2024,prestadora C
87.0,mujer,grado I,solo,0.0,0.0,75.0,4.3,sí,distrito 3,11.059948053259838,no,23 556,no,29/09/2023,prestadora A
96.0,mujer,grado I,con pareja,2.0,0.0,27.0,4.5,sí,distrito 2,38.74211355796328,sí,10 481,no,05/05/2023,prestadora B
72.0,mujer,sin valorar,con pareja,1.0,1.0,72.0,6.7,sí,distrito 7,48.46860946840152,sí,12 611,no,15/08/2023,prestadora B
75.0,mujer,grado II,solo,2.0,0.0,18.0,4.1,no,distrito 6,42.2980831615352,no,16 095,sí,05/02/2016,prestadora A
82.0,hombre,sin valorar,con pareja,4.0,0.0,85.0,5.2,no,distrito 7,7.618657243942952,no,21 766,no,05/11/2022,prestadora B
84.0,mujer,GRADO I,solo,11.0,1.0,22.0,4.2,no,distrito 11,636.5517971766794,no,20 046,sí,14/06/2018,prestadora B
80.0,mujer,grado I,con pareja,0.0,0.0,26.0,2.1,sí,distrito 10,21.92594003420659,no,17 645,sí,17/10/2016,prestadora A
75.0,mujer,grado I,solo,0.0,0.0,22.0,3.8,no,distrito 7,11.904051816663825,no,23 747,no,11/09/2018,prestadora C
86.0,mujer,grado II,con pareja,1.0,0.0,55.0,2.9,sí,distrito 5,30.89594704441704,no,13 864,sí,05/05/2023,prestadora C
96.0,mujer,grado I,solo,3.0,2.0,13.0,3.8,no,distrito 2,98.35825472389088,sí,12 471,no,29/04/2024,prestadora A
80.0,mujer,grado II,solo,8.0,0.0,8.0,5.1,sí,distrito 10,2722.7336743290525,sí,13 381,sí,22/12/2016,prestadora C
86.0,mujer,GRADO II,con familia,2.0,2.0,13.0,7.9,sí,distrito 8,33.85097370454218,sí,9 186,N/D,03/06/2020,prestadora A
82.0,mujer,grado I,con familia,5.0,1.0,33.0,3.0,no,distrito 9,89.93778038887437,sí,25 505,sí,30/07/2018,prestadora C
87.0,mujer,grado I,con familia,1.0,1.0,16.0,2.6,no,distrito 6,13.130215043515006,no,14 470,no,04/08/2024,prestadora B
74.0,mujer,grado II,con familia,0.0,0.0,62.0,2.1,no,distrito 9,6.4130342022639155,sí,10 601,no,22/03/2018,prestadora B
68.0,mujer,grado III,con familia,3.0,0.0,39.0,8.0,sí,distrito 1,57.173661243953354,no,6 964,no,18/10/2019,prestadora C
69.0,mujer,grado I,solo,1.0,1.0,13.0,6.1,sí,distrito 4,45.31717816375246,sí,7 617,no,25/12/2020,prestadora C
87.0,hombre,sin valorar,solo,9.0,0.0,26.0,3.1,no,distrito 3,271.4440515454735,sí,13 691,no,26/06/2018,prestadora B
81.0,hombre,grado III,solo,4.0,1.0,20.0,4.6,no,distrito 7,227.74327919425696,sí,14 162,sí,06/05/2023,prestadora A
94.0,mujer,grado I,con pareja,0.0,0.0,44.0,13.2,no,distrito 10,19.28640606520848,no,17 042,no,13/06/2018,prestadora A
72.0,hombre,  grado II ,solo,1.0,1.0,143.0,4.1,no,distrito 1,65.28778379537607,sí,25 422,sí,12/02/2021,prestadora A
83.0,mujer,grado I,con pareja,4.0,0.0,11.0,3.8,no,distrito 8,52.27152646699764,sí,16 798,sí,01/08/2022,prestadora C
75.0,mujer,grado II,con familia,4.0,1.0,31.0,3.4,no,distrito 11,134.37487244533926,sí,23 139,sí,07/10/2019,prestadora B
88.0,hombre,grado I,solo,0.0,0.0,69.0,3.1,sí,distrito 5,12.909483645949845,sí,10 607,sí,27/02/2020,prestadora C
84.0,mujer,sin valorar,con pareja,2.0,2.0,105.0,2.2,sí,distrito 1,23.971783552951944,no,21 156,sí,01/11/2016,prestadora A
77.0,mujer,grado II,solo,1.0,0.0,62.0,7.8,sí,distrito 2,124.3085911468407,sí,19 766,no,15/12/2023,prestadora A
77.0,mujer,grado I,solo,1.0,3.0,108.0,3.3,no,distrito 5,54.91015491184517,no,6 550,no,04/05/2021,prestadora B
74.0,mujer,grado II,solo,3.0,0.0,31.0,1.7,sí,distrito 6,198.32973212294675,sí,15 327,sí,24/04/2021,prestadora C
83.0,mujer,grado I,solo,1.0,0.0,9.0,1.8,sí,distrito 2,63.34216750056363,no,14 187,N/D,31/03/2022,prestadora B
92.0,mujer,  grado II ,con pareja,4.0,0.0,31.0,1.6,no,distrito 6,104.0952009367567,sí,13 473,no,03/08/2021,prestadora B
85.0,mujer,grado II,con familia,0.0,4.0,45.0,0.8,sí,distrito 3,28.59792492923035,no,10 984,no,26/03/2022,prestadora A
81.0,mujer,sin valorar,solo,2.0,1.0,15.0,5.1,no,distrito 2,131.78597864640548,sí,16 741,sí,13/03/2024,prestadora C
86.0,mujer,sin valorar,solo,1.0,0.0,16.0,2.2,no,distrito 5,11.082293592987092,no,8 648,sí,08/11/2021,prestadora B
95.0,mujer,grado I,con familia,1.0,0.0,4.0,5.5,no,distrito 2,26.884197620519025,sí,12 235,sí,09/02/2024,prestadora B
90.0,mujer,grado I,con pareja,0.0,1.0,97.0,4.4,sí,distrito 5,39.185166158319575,sí,16 743,sí,07/03/2019,prestadora A
77.0,hombre,grado I,solo,9.0,3.0,39.0,7.7,no,distrito 6,456.797375147136,no,30 627,sí,14/05/2018,prestadora C
87.0,mujer,sin valorar,con pareja,7.0,0.0,40.0,0.9,no,distrito 5,85.81664733966306,no,16 546,sí,04/12/2019,prestadora A
94.0,mujer,grado II,con pareja,2.0,0.0,24.0,5.4,sí,distrito 9,50.58253478915518,no,20 151,sí,01/11/2021,prestadora C
81.0,mujer,  grado III ,solo,2.0,2.0,25.0,4.6,no,distrito 5,103.95694773533502,no,16 647,sí,09/11/2017,prestadora A
83.0,hombre,grado I,solo,1.0,1.0,75.0,3.9,sí,distrito 4,26.627493194089634,no,10 142,no,22/05/2021,prestadora B
79.0,mujer,grado I,con pareja,0.0,0.0,37.0,3.3,no,distrito 10,2.1544157873446443,sí,26 763,sí,21/08/2022,prestadora B
79.0,hombre,GRADO I,con pareja,3.0,2.0,35.0,1.9,no,distrito 10,227.78004934178097,no,19 391,sí,22/10/2017,prestadora C
83.0,mujer,grado I,con pareja,0.0,0.0,30.0,2.1,no,distrito 9,16.91284949802989,sí,14 549,sí,24/08/2022,prestadora B
78.0,mujer,  grado II ,solo,2.0,0.0,28.0,1.4,no,distrito 2,58.91069544872733,sí,29 390,sí,11/11/2016,prestadora C
84.0,mujer,grado I,con pareja,7.0,1.0,14.0,0.4,sí,distrito 10,103.87622058089704,sí,12 330,sí,19/02/2021,prestadora A
94.0,hombre,grado III,solo,10.0,0.0,18.0,3.0,sí,distrito 2,954.54513204226,no,20 836,no,10/08/2019,prestadora C
68.0,hombre,sin valorar,con familia,1.0,0.0,42.0,7.6,no,distrito 8,6.6770069020271094,sí,14 804,sí,17/10/2017,prestadora B
78.0,mujer,grado II,con familia,1.0,1.0,31.0,1.4,no,distrito 1,41.45880566810824,sí,20 448,sí,08/01/2020,prestadora B
76.0,mujer,grado II,con familia,3.0,2.0,11.0,2.9,sí,distrito 5,80.59871989685782,sí,25 640,sí,25/09/2022,prestadora C
90.0,mujer,sin valorar,con pareja,1.0,0.0,62.0,6.3,sí,distrito 11,9.679036828732478,sí,9 434,sí,27/03/2022,prestadora A
76.0,mujer,grado II,con familia,0.0,3.0,40.0,6.4,no,distrito 10,24.40532198214052,sí,12 879,sí,26/08/2018,prestadora A
72.0,hombre,sin valorar,solo,1.0,1.0,43.0,10.0,no,distrito 5,81.34757128925445,no,12 675,no,03/02/2017,prestadora C
85.0,mujer,sin valorar,con pareja,3.0,0.0,82.0,4.5,sí,distrito 1,82.07686235705141,no,17 517,sí,05/08/2021,prestadora C
90.0,mujer,grado II,con pareja,2.0,0.0,81.0,1.5,no,distrito 4,26.61828081014378,sí,14 644,no,23/07/2018,prestadora B
88.0,hombre,grado II,solo,3.0,1.0,104.0,1.8,no,distrito 1,135.21635341966646,sí,10 652,sí,24/11/2022,prestadora A
81.0,mujer,grado I,con pareja,3.0,0.0,35.0,2.3,sí,distrito 6,58.09792622908613,no,31 259,sí,11/01/2022,prestadora B
81.0,mujer,grado II,con familia,5.0,0.0,35.0,4.9,no,distrito 11,129.10554208698397,no,10 723,sí,05/05/2018,prestadora C
94.0,hombre,grado I,solo,3.0,0.0,57.0,1.7,sí,distrito 5,65.54685284594446,sí,9 668,sí,22/01/2019,prestadora A
68.0,mujer,  grado II ,solo,1.0,2.0,23.0,5.8,no,distrito 6,173.88321700885925,no,13 650,sí,23/01/2024,prestadora A
85.0,mujer,grado I,con familia,0.0,0.0,50.0,4.1,sí,distrito 2,7.6871166322776965,sí,12 995,no,27/11/2017,prestadora A
71.0,hombre,grado III,con pareja,0.0,0.0,41.0,5.5,sí,distrito 10,10.143907534527925,sí,19 831,sí,06/04/2020,prestadora B
88.0,hombre,grado I,solo,7.0,0.0,37.0,0.1,sí,distrito 11,416.75438234538115,sí,26 675,N/D,09/07/2016,prestadora C
73.0,mujer,grado II,con pareja,3.0,0.0,59.0,1.2,no,distrito 7,60.25517538602354,sí,14 288,sí,03/10/2023,prestadora B
65.0,hombre,grado III,solo,1.0,0.0,24.0,3.0,no,distrito 3,31.549723352217416,no,19 181,sí,07/08/2017,prestadora C
80.0,mujer,grado II,con familia,1.0,0.0,46.0,4.1,sí,distrito 4,37.19913299444625,sí,19 887,no,11/08/2021,prestadora B
99.0,mujer,sin valorar,solo,0.0,0.0,46.0,3.0,no,distrito 5,1.9840433869566532,sí,10 339,sí,05/05/2019,prestadora C
87.0,mujer,GRADO I,solo,2.0,0.0,50.0,7.5,no,distrito 10,48.863579420285866,no,13 672,sí,11/07/2024,prestadora A
70.0,mujer,sin valorar,con pareja,0.0,0.0,51.0,1.7,no,distrito 3,11.361926073374459,sí,13 571,sí,18/03/2021,prestadora A
75.0,mujer,  grado III ,con familia,1.0,0.0,44.0,4.1,sí,distrito 5,56.55739087077406,sí,15 739,sí,28/11/2016,prestadora B
81.0,mujer,GRADO I,con pareja,2.0,1.0,9.0,1.2,sí,distrito 9,77.85999338539808,sí,21 362,no,21/12/2019,prestadora B
77.0,mujer,grado I,con pareja,1.0,0.0,113.0,7.6,no,distrito 9,52.06309117543815,sí,6 564,no,04/12/2023,prestadora A
72.0,mujer,grado I,solo,2.0,1.0,37.0,7.5,sí,distrito 1,105.42598644775926,sí,21 531,no,22/12/2021,prestadora C
81.0,hombre,grado II,con pareja,1.0,1.0,21.0,9.1,sí,distrito 8,23.50331109786291,no,23 389,sí,23/12/2018,prestadora B
73.0,mujer,grado II,con pareja,1.0,3.0,38.0,8.3,no,distrito 3,71.01646736102937,sí,12 435,sí,10/06/2023,prestadora C
86.0,mujer,grado I,con familia,0.0,0.0,77.0,1.7,sí,distrito 4,12.436575516626352,sí,9 808,sí,23/10/2021,prestadora B
78.0,hombre,grado II,con pareja,0.0,2.0,25.0,8.7,sí,distrito 5,43.31298660437709,no,16 668,no,22/03/2024,prestadora C
90.0,mujer,sin valorar,solo,0.0,1.0,15.0,4.2,no,distrito 1,22.587531533879712,no,15 886,sí,24/02/2022,prestadora C
83.0,mujer,grado II,solo,1.0,1.0,61.0,2.7,no,distrito 8,40.525912711962526,sí,24 686,sí,01/10/2016,prestadora A
98.0,hombre,grado I,con familia,2.0,0.0,23.0,2.1,no,distrito 4,76.66890895223273,sí,9 529,no,25/07/2017,prestadora B
87.0,mujer,sin valorar,con pareja,2.0,2.0,2.0,9.6,sí,distrito 10,71.27236965397996,sí,10 455,no,18/12/2022,prestadora C
81.0,mujer,grado I,solo,2.0,1.0,65.0,5.6,sí,distrito 3,216.72646996845566,sí,10 683,no,26/04/2019,prestadora C
79.0,mujer,grado I,solo,2.0,0.0,14.0,3.4,no,distrito 2,43.104473685432644,sí,16 932,no,26/11/2018,prestadora C
90.0,mujer,grado II,solo,10.0,0.0,18.0,2.9,no,distrito 9,1272.4850632493672,sí,23 633,sí,22/04/2019,prestadora C
65.0,hombre,grado II,solo,3.0,0.0,39.0,6.0,sí,distrito 2,115.59830627141173,sí,19 307,sí,11/08/2018,prestadora C
70.0,mujer,grado II,solo,4.0,2.0,86.0,7.5,no,distrito 8,1143.7258291434653,sí,19 470,sí,21/07/2018,prestadora C
79.0,mujer,sin valorar,con pareja,3.0,0.0,13.0,4.1,no,distrito 5,63.9763726140073,no,21 182,sí,25/06/2020,prestadora B
70.0,mujer,grado I,con pareja,0.0,0.0,20.0,1.6,sí,distrito 7,13.815986955806066,sí,13 684,sí,22/11/2016,prestadora B
73.0,hombre,grado I,solo,0.0,2.0,52.0,0.5,no,distrito 4,44.18871676978593,sí,16 397,no,19/09/2023,prestadora A
70.0,mujer,grado I,con pareja,2.0,1.0,42.0,0.7,no,distrito 6,21.585717747190518,no,19 692,no,07/01/2022,prestadora B
88.0,hombre,grado I,solo,1.0,0.0,18.0,1.7,no,distrito 10,64.2175421090886,no,16 694,no,01/12/2016,prestadora A
79.0,mujer,grado I,con familia,1.0,0.0,15.0,3.0,sí,distrito 9,4.692008267955552,sí,8 682,no,07/04/2017,prestadora B
85.0,mujer,GRADO III,solo,0.0,0.0,35.0,1.8,no,distrito 7,81.21936305136896,no,30 306,sí,22/03/2023,prestadora B
76.0,hombre,SIN VALORAR,con pareja,1.0,0.0,20.0,7.3,no,distrito 1,13.931070802162722,sí,12 608,sí,30/09/2020,prestadora C
94.0,hombre,sin valorar,solo,1.0,0.0,106.0,4.1,sí,distrito 6,21.621566728979374,sí,8 944,sí,16/05/2024,prestadora C
73.0,mujer,sin valorar,solo,3.0,0.0,9.0,6.7,sí,distrito 11,52.69722688221589,sí,18 296,no,21/05/2021,prestadora B
72.0,hombre,grado I,con familia,2.0,0.0,80.0,5.6,no,distrito 1,15.602889955449283,sí,23 365,sí,19/05/2019,prestadora B
89.0,hombre,sin valorar,con familia,4.0,0.0,37.0,8.7,sí,distrito 9,57.84777964719181,sí,16 214,sí,24/12/2021,prestadora C
83.0,mujer,  sin valorar ,con pareja,1.0,0.0,68.0,2.9,sí,distrito 10,24.689458367542635,no,22 302,sí,16/06/2019,prestadora A
90.0,mujer,sin valorar,solo,0.0,0.0,12.0,5.0,no,distrito 7,10.92619571387872,sí,18 506,sí,21/09/2022,prestadora C
78.0,mujer,  grado I ,con familia,0.0,0.0,38.0,2.2,sí,distrito 10,7.108261256259203,sí,13 235,N/D,04/02/2018,prestadora A
85.0,mujer,grado III,solo,8.0,0.0,31.0,5.9,sí,distrito 11,403.7360863979793,sí,22 924,sí,25/03/2019,prestadora A
75.0,mujer,sin valorar,solo,4.0,0.0,23.0,2.7,no,distrito 7,74.10777830894258,no,17 231,N/D,30/07/2023,prestadora B
81.0,mujer,  sin valorar ,solo,3.0,1.0,13.0,3.4,no,distrito 3,138.42054966013353,no,19 797,sí,22/08/2018,prestadora B
86.0,mujer,grado I,solo,2.0,0.0,11.0,1.4,sí,distrito 8,47.0915820365881,sí,13 590,sí,16/08/2021,prestadora C
90.0,mujer,SIN VALORAR,solo,0.0,0.0,30.0,2.9,no,distrito 9,13.218438705888607,sí,19 395,no,07/06/2023,prestadora C
84.0,mujer,  sin valorar ,con familia,1.0,0.0,122.0,1.8,no,distrito 2,1.8855910036262284,sí,14 364,sí,14/01/2021,prestadora A
83.0,mujer,sin valorar,solo,1.0,0.0,72.0,3.0,no,distrito 9,7.737581980942432,sí,7 388,sí,15/03/2017,prestadora A
84.0,mujer,sin valorar,con familia,2.0,0.0,29.0,1.4,no,distrito 8,18.256339953759927,sí,11 985,sí,14/05/2024,prestadora B
77.0,mujer,sin valorar,solo,0.0,0.0,3.0,4.9,no,distrito 2,31.0662881007043,sí,8 331,no,25/06/2018,prestadora B
76.0,mujer,sin valorar,con familia,1.0,0.0,37.0,0.5,no,distrito 8,52.47194425289769,no,8 165,sí,09/03/2016,prestadora B
98.0,mujer,  sin valorar ,con familia,2.0,1.0,54.0,2.5,no,distrito 8,19.220335189156472,no,14 140,N/D,20/08/2019,prestadora B
78.0,mujer,grado III,con pareja,6.0,1.0,47.0,0.5,no,distrito 1,298.30109034460713,sí,14 644,no,28/05/2018,prestadora A
78.0,mujer,grado I,solo,3.0,4.0,50.0,0.6,no,distrito 6,99.20468508439265,no,14 032,sí,18/06/2024,prestadora A
73.0,mujer,grado II,con pareja,1.0,1.0,30.0,0.9,sí,distrito 6,33.52103840192643,no,26 308,no,28/02/2018,prestadora B
84.0,mujer,grado I,con pareja,6.0,1.0,46.0,2.4,no,distrito 10,99.74511685657505,sí,10 371,sí,08/03/2024,prestadora B
88.0,mujer,grado I,con pareja,1.0,0.0,42.0,6.4,no,distrito 11,11.459008601318374,sí,8 154,sí,27/09/2019,prestadora C
86.0,hombre,grado I,con pareja,1.0,1.0,47.0,8.0,no,distrito 6,107.28190577564982,no,21 950,no,23/07/2021,prestadora B
81.0,hombre,grado II,solo,1.0,2.0,29.0,5.2,no,distrito 8,90.90017857826304,sí,10 351,sí,11/01/2024,prestadora A
80.0,mujer,sin valorar,solo,1.0,0.0,13.0,3.3,sí,distrito 1,12.576517076112184,sí,18 393,sí,12/03/2018,prestadora A
65.0,mujer,grado II,solo,8.0,5.0,80.0,3.1,no,distrito 4,997.4910285374996,sí,21 624,no,03/04/2024,prestadora C
97.0,mujer,sin valorar,solo,0.0,2.0,20.0,5.6,no,distrito 5,27.614286605450665,sí,21 728,sí,10/04/2019,prestadora B
76.0,mujer,grado I,solo,1.0,0.0,25.0,5.9,no,distrito 11,42.48175745610875,sí,22 378,sí,23/01/2019,prestadora C
101.0,hombre,sin valorar,solo,1.0,0.0,32.0,0.1,no,distrito 5,38.31145249163527,no,16 885,sí,11/10/2017,prestadora A
81.0,mujer,grado II,solo,6.0,0.0,33.0,2.8,no,distrito 10,126.55352575973762,no,17 452,sí,24/01/2022,prestadora B
90.0,mujer,grado II,solo,2.0,2.0,41.0,1.5,sí,distrito 9,137.77667982911893,sí,14 843,no,18/11/2023,prestadora B
71.0,mujer,sin valorar,con pareja,0.0,1.0,93.0,2.5,no,distrito 2,4.7290085586866955,sí,23 801,sí,14/05/2024,prestadora C
93.0,mujer,sin valorar,solo,1.0,0.0,55.0,5.7,no,distrito 7,8.62232228342556,sí,16 978,no,29/10/2018,prestadora C
78.0,mujer,sin valorar,con familia,5.0,0.0,22.0,3.6,sí,distrito 7,200.8388277813539,sí,5 842,no,29/12/2016,prestadora B
79.0,hombre,sin valorar,solo,0.0,0.0,31.0,1.8,no,distrito 9,11.778184170315281,sí,12 756,sí,25/03/2024,prestadora A
83.0,hombre,grado II,solo,0.0,1.0,13.0,16.5,sí,distrito 5,44.59164113184445,no,17 071,sí,21/11/2023,prestadora A
79.0,mujer,grado II,solo,1.0,0.0,55.0,1.2,no,distrito 5,57.923708548169124,no,12 426,sí,23/09/2017,prestadora A
74.0,mujer,grado I,con pareja,2.0,0.0,17.0,12.2,sí,distrito 6,17.262433743295766,no,8 289,sí,15/06/2019,prestadora C
82.0,hombre,grado I,con familia,4.0,0.0,35.0,1.9,no,distrito 3,37.10834443727086,sí,8 905,sí,29/09/2021,prestadora A
78.0,mujer,SIN VALORAR,solo,6.0,0.0,36.0,4.1,sí,distrito 2,300.5958107549512,no,9 447,sí,26/09/2017,prestadora A
86.0,mujer,  grado II ,con pareja,3.0,1.0,33.0,5.7,no,distrito 6,42.44966071596013,sí,12 430,sí,09/03/2016,prestadora B
85.0,mujer,grado II,con pareja,0.0,0.0,17.0,5.2,no,distrito 8,8.133638961479942,sí,15 326,no,21/04/2019,prestadora C
81.0,mujer,grado I,con pareja,0.0,0.0,43.0,2.1,sí,distrito 1,5.738090279840133,no,17 675,no,25/11/2022,prestadora A
65.0,mujer,grado I,solo,2.0,0.0,80.0,2.0,no,distrito 6,139.4571720350742,sí,14 425,sí,06/12/2018,prestadora B
91.0,mujer,grado I,solo,0.0,2.0,36.0,0.6,sí,distrito 5,29.949489066345016,sí,14 407,no,11/01/2019,prestadora B
92.0,mujer,grado III,con familia,0.0,0.0,70.0,2.1,no,distrito 2,15.559271682438796,sí,11 981,sí,12/02/2018,prestadora C
82.0,mujer,grado I,solo,5.0,0.0,1.0,0.8,sí,distrito 1,177.37069091202943,sí,24 100,sí,04/04/2023,prestadora C
78.0,mujer,sin valorar,solo,2.0,2.0,72.0,4.0,no,distrito 10,202.21233862222815,sí,24 721,sí,17/05/2024,prestadora B
75.0,mujer,GRADO II,con familia,0.0,3.0,27.0,5.7,sí,distrito 5,33.266253341163015,no,14 998,no,25/04/2021,prestadora C
85.0,hombre,grado II,con familia,2.0,0.0,49.0,3.0,sí,distrito 8,22.627965147738845,sí,16 852,no,15/09/2022,prestadora B
86.0,mujer,sin valorar,con pareja,2.0,0.0,41.0,10.1,no,distrito 6,76.50505822285793,no,43 268,sí,07/05/2016,prestadora B
70.0,mujer,grado I,con familia,0.0,0.0,17.0,6.5,no,distrito 9,14.587377498348884,sí,21 813,sí,05/10/2017,prestadora A
77.0,hombre,grado II,solo,6.0,0.0,91.0,2.5,sí,distrito 8,196.2975816658402,sí,14 739,sí,12/06/2016,prestadora A
97.0,mujer,sin valorar,solo,2.0,3.0,58.0,8.2,sí,distrito 10,27.61557418722854,sí,7 422,sí,17/10/2016,prestadora A
88.0,hombre,grado I,solo,4.0,0.0,41.0,3.1,sí,distrito 3,32.56321273103644,no,13 880,no,07/11/2019,prestadora C
77.0,hombre,sin valorar,solo,1.0,0.0,7.0,8.4,no,distrito 4,90.47784133598303,no,15 165,no,15/09/2024,prestadora C
78.0,mujer,grado II,con pareja,8.0,0.0,14.0,1.6,sí,distrito 6,279.05882953055004,no,23 715,no,10/08/2021,prestadora A
93.0,mujer,sin valorar,con familia,5.0,0.0,26.0,6.5,no,distrito 8,63.26109526664463,sí,22 037,N/D,10/03/2022,prestadora C
78.0,mujer,GRADO II,solo,4.0,3.0,21.0,0.5,no,distrito 4,401.0338050064905,no,13 405,sí,10/02/2020,prestadora A
89.0,hombre,GRADO II,solo,4.0,1.0,7.0,4.5,no,distrito 10,229.3301076970216,sí,12 386,no,21/08/2018,prestadora B
80.0,mujer,grado I,solo,9.0,0.0,73.0,2.9,sí,distrito 2,322.4800556497349,sí,30 644,sí,04/11/2017,prestadora B
81.0,mujer,grado I,solo,0.0,0.0,21.0,4.8,no,distrito 7,15.400730812151219,sí,7 532,N/D,23/09/2023,prestadora C
78.0,hombre,sin valorar,con pareja,0.0,1.0,29.0,3.2,sí,distrito 6,8.79541779471364,sí,5 465,no,18/12/2023,prestadora A
90.0,hombre,GRADO I,solo,3.0,2.0,13.0,0.3,no,distrito 5,165.45895023287082,no,7 872,no,03/09/2024,prestadora B
84.0,mujer,  grado II ,solo,3.0,1.0,25.0,2.9,no,distrito 1,155.09483526759794,sí,20 270,sí,07/08/2024,prestadora A
82.0,hombre,grado III,solo,4.0,4.0,46.0,4.0,no,distrito 6,316.5023098346881,sí,12 497,sí,05/03/2017,prestadora A
80.0,mujer,sin valorar,solo,4.0,0.0,23.0,3.4,sí,distrito 6,61.517172995113974,sí,5 985,no,15/01/2018,prestadora B
75.0,mujer,grado III,solo,4.0,0.0,37.0,1.5,no,distrito 10,348.6095502178806,no,8 457,no,13/12/2023,prestadora A
82.0,mujer,sin valorar,con pareja,1.0,0.0,34.0,2.3,no,distrito 1,34.32493631861612,sí,27 413,sí,25/12/2016,prestadora C
77.0,hombre,sin valorar,con familia,3.0,2.0,39.0,2.2,no,distrito 10,32.33877312416376,no,15 584,no,03/07/2021,prestadora B
89.0,mujer,sin valorar,solo,2.0,0.0,87.0,2.5,sí,distrito 5,45.33900789334677,sí,8 627,sí,20/12/2022,prestadora A
93.0,mujer,grado III,solo,2.0,1.0,15.0,3.6,sí,distrito 11,41.05811711037873,sí,28 490,no,08/03/2020,prestadora B
89.0,hombre,grado I,solo,8.0,1.0,27.0,2.3,no,distrito 4,1293.451573311048,sí,17 038,no,25/06/2019,prestadora B
97.0,mujer,sin valorar,solo,3.0,1.0,21.0,1.3,no,distrito 10,240.16669970512618,no,15 605,sí,16/02/2016,prestadora C
79.0,hombre,sin valorar,solo,7.0,0.0,49.0,5.8,sí,distrito 6,283.01097072827116,sí,18 609,no,21/01/2017,prestadora B
92.0,mujer,grado III,solo,1.0,0.0,28.0,3.7,sí,distrito 1,64.16290616331774,sí,5 053,no,12/03/2021,prestadora C
75.0,hombre,sin valorar,solo,0.0,0.0,11.0,2.1,sí,distrito 10,16.866458976588472,sí,20 013,sí,05/10/2021,prestadora C
84.0,mujer,grado II,con familia,1.0,0.0,17.0,3.0,no,distrito 4,22.75432227409775,no,9 852,sí,18/06/2023,prestadora A
82.0,mujer,sin valorar,solo,2.0,2.0,30.0,2.6,no,distrito 8,68.12441252364931,no,11 143,no,14/11/2022,prestadora C
80.0,hombre,GRADO I,con familia,0.0,3.0,10.0,2.3,no,distrito 10,20.773598915167693,sí,13 679,sí,17/10/2020,prestadora A
72.0,hombre,grado I,solo,1.0,9.0,19.0,1.7,no,distrito 2,69.60483159657417,no,15 130,no,16/11/2018,prestadora A
85.0,mujer,grado II,con pareja,1.0,0.0,33.0,2.1,no,distrito 5,48.036675922505786,sí,17 246,N/D,20/05/2021,prestadora C
85.0,mujer,sin valorar,solo,8.0,0.0,20.0,4.3,no,distrito 3,788.9866112104922,no,25 547,sí,16/12/2020,prestadora C
79.0,mujer,grado I,con pareja,1.0,0.0,77.0,3.6,no,distrito 7,7.430504470062736,sí,10 368,sí,12/10/2018,prestadora C
88.0,mujer,sin valorar,solo,10.0,0.0,33.0,2.4,no,distrito 4,372.2207502109868,sí,15 056,no,12/03/2016,prestadora C
72.0,mujer,grado I,con pareja,3.0,2.0,54.0,5.1,no,distrito 4,58.16782259959128,sí,7 411,no,24/04/2022,prestadora C
80.0,mujer,  grado I ,con pareja,2.0,1.0,46.0,1.7,no,distrito 6,23.891939654156133,sí,14 320,sí,18/04/2024,prestadora C
76.0,hombre,grado I,con familia,1.0,0.0,8.0,2.6,no,distrito 1,41.71945688567587,sí,13 659,sí,09/11/2020,prestadora A
81.0,mujer,grado II,con pareja,7.0,1.0,92.0,6.7,no,distrito 4,128.85701748125243,sí,13 134,no,22/08/2021,prestadora B
73.0,hombre,grado III,solo,2.0,1.0,5.0,1.1,no,distrito 10,423.6989913792591,sí,9 405,sí,21/08/2021,prestadora B
76.0,hombre,  grado II ,solo,3.0,3.0,16.0,9.9,no,distrito 10,457.65232740598384,no,29 976,no,15/06/2024,prestadora C
85.0,mujer,sin valorar,con pareja,3.0,3.0,112.0,0.3,sí,distrito 8,24.411069846615085,sí,15 777,no,06/08/2022,prestadora B
79.0,hombre,SIN VALORAR,solo,5.0,1.0,75.0,6.9,no,distrito 5,65.9636047711883,sí,14 096,sí,14/12/2023,prestadora B
76.0,hombre,grado II,con pareja,4.0,0.0,42.0,2.3,no,distrito 8,174.37350627227667,no,12 107,N/D,19/05/2023,prestadora A
90.0,mujer,sin valorar,solo,3.0,0.0,84.0,2.1,no,distrito 3,133.33131853682977,sí,14 118,sí,05/11/2021,prestadora C
78.0,mujer,grado II,solo,6.0,0.0,24.0,1.3,sí,distrito 5,329.76947185859854,sí,11 912,sí,09/12/2017,prestadora A
81.0,mujer,grado II,solo,1.0,0.0,88.0,6.2,sí,distrito 3,68.54593439053814,no,19 874,sí,01/07/2024,prestadora B
82.0,hombre,GRADO I,con pareja,2.0,0.0,21.0,5.8,no,distrito 9,29.862327946386337,sí,11 856,no,05/08/2020,prestadora C
83.0,hombre,sin valorar,solo,2.0,0.0,26.0,1.2,no,distrito 10,19.41741502874218,sí,15 811,sí,06/08/2016,prestadora A
80.0,mujer,grado III,solo,5.0,5.0,21.0,3.8,sí,distrito 8,524.4553465305038,no,13 677,no,22/09/2023,prestadora A
78.0,mujer,grado I,solo,3.0,3.0,6.0,3.7,no,distrito 11,308.83603990094736,no,8 281,no,11/09/2021,prestadora C
91.0,mujer,sin valorar,solo,6.0,0.0,113.0,0.3,sí,distrito 2,203.84022754963635,sí,26 964,no,05/03/2023,prestadora C
87.0,mujer,  grado II ,con pareja,5.0,0.0,25.0,6.4,no,distrito 7,141.00073159929738,sí,7 260,sí,11/06/2017,prestadora A
84.0,hombre,sin valorar,solo,5.0,0.0,41.0,3.7,no,distrito 8,169.9905502127309,sí,15 421,sí,12/02/2017,prestadora C
83.0,mujer,grado II,con familia,0.0,0.0,36.0,0.7,sí,distrito 6,9.872609632355038,sí,16 434,sí,29/08/2023,prestadora B
74.0,hombre,grado I,solo,1.0,1.0,41.0,2.3,sí,distrito 2,73.0627421203845,no,6 964,sí,13/04/2018,prestadora C
81.0,mujer,SIN VALORAR,con familia,1.0,2.0,16.0,3.5,no,distrito 4,11.813824993462642,sí,20 641,sí,19/04/2016,prestadora A
77.0,mujer,grado III,solo,5.0,4.0,24.0,8.9,sí,distrito 4,2104.359339558709,sí,9 985,sí,06/01/2021,prestadora B
87.0,mujer,GRADO I,solo,1.0,0.0,63.0,2.7,sí,distrito 5,15.211549249509563,sí,19 446,no,02/06/2019,prestadora A
78.0,hombre,grado III,solo,1.0,0.0,76.0,2.5,no,distrito 4,85.86947487777634,sí,14 875,no,11/08/2022,prestadora B
65.0,mujer,grado I,solo,1.0,0.0,78.0,4.1,no,distrito 9,55.06701922059521,no,10 487,no,09/09/2017,prestadora C
69.0,mujer,grado I,solo,0.0,0.0,18.0,5.9,no,distrito 6,16.64847995051623,sí,16 380,N/D,21/09/2018,prestadora A
81.0,mujer,  grado II ,con familia,6.0,0.0,43.0,3.2,no,distrito 2,49.414694692764186,sí,17 858,sí,08/03/2020,prestadora A
86.0,hombre,  sin valorar ,con pareja,0.0,0.0,25.0,6.5,no,distrito 4,9.44385620692098,sí,8 610,sí,20/05/2016,prestadora C
70.0,hombre,SIN VALORAR,con pareja,0.0,0.0,9.0,1.4,sí,distrito 7,10.695266826568583,sí,15 173,sí,13/12/2019,prestadora B
98.0,mujer,sin valorar,con familia,5.0,5.0,19.0,7.9,no,distrito 11,213.21637752641902,sí,13 343,no,04/08/2020,prestadora A
84.0,hombre,  sin valorar ,solo,1.0,0.0,19.0,1.6,no,distrito 8,8.594838073285757,no,15 540,no,03/04/2022,prestadora A
83.0,mujer,GRADO I,solo,1.0,0.0,22.0,14.0,sí,distrito 7,47.13016151691671,sí,16 871,no,07/04/2021,prestadora B
68.0,mujer,grado I,solo,2.0,0.0,50.0,3.6,sí,distrito 4,226.7452096656876,no,13 907,no,25/05/2021,prestadora C
98.0,mujer,grado I,solo,12.0,1.0,44.0,9.7,no,distrito 10,525.0482059761425,sí,13 972,no,15/04/2024,prestadora B
77.0,mujer,grado II,con pareja,0.0,0.0,1.0,3.7,no,distrito 2,27.014763809303762,sí,10 460,sí,23/07/2018,prestadora C
75.0,hombre,sin valorar,solo,3.0,0.0,15.0,2.0,no,distrito 4,105.11971676894115,no,14 321,sí,28/04/2021,prestadora A
65.0,mujer,grado II,solo,1.0,1.0,48.0,13.1,no,distrito 8,77.45617237953047,no,13 922,sí,26/02/2018,prestadora A
72.0,hombre,sin valorar,con familia,0.0,2.0,13.0,5.8,sí,distrito 10,14.506302162137207,no,20 273,no,25/12/2022,prestadora B
102.0,mujer,sin valorar,con familia,8.0,0.0,18.0,2.2,no,distrito 8,64.31062097223949,sí,31 492,sí,01/04/2017,prestadora A
93.0,mujer,grado I,solo,2.0,0.0,28.0,6.3,no,distrito 1,107.62793081440017,sí,9 818,sí,02/12/2019,prestadora C
88.0,mujer,grado I,solo,4.0,0.0,12.0,7.1,no,distrito 7,127.76462310692919,no,24 933,sí,09/11/2023,prestadora A
65.0,hombre,grado II,con pareja,2.0,3.0,13.0,3.7,sí,distrito 8,91.30058324887351,sí,13 888,sí,19/05/2023,prestadora C
88.0,mujer,grado II,con pareja,2.0,4.0,68.0,3.7,sí,distrito 6,42.03919985753969,no,9 428,no,17/04/2023,prestadora C
91.0,hombre,grado I,solo,4.0,4.0,37.0,3.6,sí,distrito 9,149.78086499188421,sí,9 690,N/D,02/12/2017,prestadora C
82.0,mujer,grado II,solo,4.0,0.0,46.0,2.8,no,distrito 11,112.63341910842287,sí,30 403,sí,24/05/2022,prestadora C
101.0,mujer,grado III,solo,1.0,5.0,57.0,4.2,no,distrito 6,365.22326341566594,no,7 935,no,13/03/2018,prestadora C
84.0,hombre,grado II,con familia,1.0,1.0,29.0,10.1,sí,distrito 2,50.21978105308515,sí,14 940,no,15/02/2021,prestadora A
79.0,mujer,sin valorar,con familia,5.0,3.0,76.0,2.0,no,distrito 6,31.41134970439382,sí,17 338,sí,26/01/2023,prestadora C
84.0,mujer,grado I,con familia,2.0,1.0,33.0,5.8,sí,distrito 5,85.67614210059477,no,29 587,sí,19/10/2016,prestadora B
82.0,mujer,grado II,solo,3.0,0.0,8.0,2.3,no,distrito 5,108.18330136298796,sí,19 097,sí,18/08/2022,prestadora A
70.0,hombre,grado II,solo,0.0,2.0,123.0,1.2,sí,distrito 7,64.05014044454254,sí,9 874,no,14/08/2019,prestadora B
100.0,mujer,SIN VALORAR,solo,0.0,4.0,33.0,6.3,no,distrito 2,55.453350961613125,sí,12 562,no,05/12/2019,prestadora A
74.0,hombre,sin valorar,solo,1.0,0.0,69.0,3.9,sí,distrito 3,31.325422054983733,sí,14 196,sí,30/11/2019,prestadora C
82.0,hombre,grado II,solo,5.0,3.0,68.0,6.1,no,distrito 4,242.13512524562543,sí,23 536,no,22/09/2019,prestadora B
84.0,mujer,GRADO III,solo,1.0,0.0,135.0,8.7,no,distrito 4,109.92704467351524,no,16 298,sí,02/09/2022,prestadora A
85.0,mujer,grado I,solo,2.0,0.0,65.0,6.8,sí,distrito 1,43.76728842245791,no,12 991,sí,03/04/2016,prestadora B
80.0,hombre,  grado I ,con pareja,0.0,4.0,40.0,9.4,sí,distrito 11,28.603209754902373,no,9 955,no,06/10/2022,prestadora B
76.0,hombre,sin valorar,solo,0.0,4.0,88.0,3.0,sí,distrito 1,20.667771733393774,sí,19 595,sí,10/04/2018,prestadora B
67.0,hombre,grado I,con pareja,0.0,0.0,43.0,12.4,no,distrito 8,9.245994331471627,no,19 123,sí,26/04/2023,prestadora A
84.0,mujer,sin valorar,con familia,1.0,1.0,40.0,0.8,sí,distrito 1,7.592693108630231,no,5 041,no,31/08/2023,prestadora C
86.0,hombre,grado II,solo,2.0,0.0,47.0,5.6,no,distrito 5,59.66646157445314,sí,16 860,sí,26/11/2021,prestadora B
83.0,mujer,sin valorar,solo,6.0,0.0,49.0,2.8,no,distrito 11,96.52468386868635,sí,17 149,sí,28/09/2018,prestadora C
75.0,mujer,grado I,solo,0.0,2.0,12.0,8.3,no,distrito 1,46.84143614239085,sí,13 286,no,28/03/2022,prestadora A
77.0,mujer,grado II,solo,1.0,0.0,84.0,5.5,no,distrito 3,109.22602465777062,no,13 829,N/D,27/05/2021,prestadora B
80.0,hombre,grado I,solo,10.0,0.0,100.0,0.7,no,distrito 10,1797.0115461409152,sí,10 938,sí,23/11/2016,prestadora C
79.0,mujer,sin valorar,solo,8.0,0.0,21.0,9.2,sí,distrito 6,272.3728785141882,sí,16 198,sí,23/03/2024,prestadora B
95.0,mujer,sin valorar,solo,1.0,0.0,78.0,0.9,no,distrito 10,11.466358982618027,sí,20 206,sí,15/11/2019,prestadora A
77.0,hombre,sin valorar,con pareja,1.0,0.0,21.0,8.3,no,distrito 3,27.04293147202706,sí,10 794,sí,28/02/2019,prestadora B
87.0,mujer,sin valorar,solo,4.0,0.0,78.0,1.7,no,distrito 4,37.670847062227466,sí,19 631,no,19/02/2019,prestadora B
89.0,mujer,sin valorar,solo,3.0,0.0,39.0,3.7,no,distrito 11,99.60762865298877,no,16 081,no,08/04/2024,prestadora C
76.0,hombre,grado I,con pareja,0.0,0.0,11.0,5.3,no,distrito 3,4.831816095837673,sí,17 870,sí,24/07/2021,prestadora A
74.0,hombre,  grado II ,con pareja,4.0,0.0,27.0,6.2,sí,distrito 9,110.35903355804899,no,21 896,no,26/04/2023,prestadora A
89.0,mujer,grado II,solo,0.0,0.0,49.0,10.6,sí,distrito 6,38.71267158743979,no,16 740,sí,14/02/2019,prestadora B
87.0,hombre,grado II,solo,1.0,1.0,35.0,7.2,no,distrito 4,84.60034391397457,sí,18 325,no,14/08/2018,prestadora B
73.0,mujer,sin valorar,con pareja,2.0,0.0,39.0,0.7,no,distrito 11,22.23928538610688,no,19 738,sí,19/02/2017,prestadora A
81.0,mujer,grado II,con pareja,5.0,2.0,33.0,1.9,no,distrito 7,110.0167259797561,no,14 605,sí,30/01/2024,prestadora B
84.0,mujer,sin valorar,solo,8.0,0.0,35.0,2.8,sí,distrito 9,187.87451196573608,no,9 536,no,25/05/2021,prestadora C
67.0,mujer,grado III,solo,6.0,2.0,92.0,5.3,no,distrito 3,322.4552595331101,sí,12 354,no,09/08/2021,prestadora C
73.0,hombre,  grado I ,solo,0.0,0.0,24.0,5.1,no,distrito 10,40.1292079938222,sí,11 617,sí,24/09/2019,prestadora A
80.0,mujer,GRADO I,solo,1.0,1.0,17.0,10.0,no,distrito 9,228.7479040424395,no,15 428,no,13/11/2023,prestadora B
88.0,hombre,grado I,con familia,0.0,3.0,14.0,13.3,sí,distrito 1,30.721723273510335,sí,11 266,no,01/04/2024,prestadora B
89.0,mujer,grado III,solo,3.0,0.0,24.0,8.8,no,distrito 4,465.41287139109096,sí,20 064,sí,06/03/2017,prestadora B
79.0,hombre,  grado II ,solo,1.0,0.0,51.0,5.5,no,distrito 11,76.37164328473122,no,12 803,sí,28/10/2017,prestadora B
83.0,mujer,grado I,con pareja,7.0,2.0,38.0,1.1,sí,distrito 8,252.0832024728396,no,9 981,N/D,17/09/2019,prestadora C
80.0,hombre,grado II,solo,1.0,0.0,2.0,1.4,sí,distrito 7,44.02651227873269,sí,12 620,no,29/01/2016,prestadora B
80.0,mujer,grado I,con familia,0.0,0.0,27.0,2.1,sí,distrito 1,17.54106008069682,no,16 870,sí,10/12/2021,prestadora A
87.0,mujer,grado II,solo,3.0,0.0,21.0,5.3,no,distrito 5,581.0787954453097,sí,14 660,sí,29/08/2021,prestadora C
79.0,mujer,grado I,solo,1.0,0.0,80.0,7.7,no,distrito 7,26.773770918651294,no,17 782,sí,15/05/2024,prestadora B
75.0,mujer,grado I,con pareja,4.0,1.0,36.0,1.8,no,distrito 11,38.98520320976205,sí,14 306,sí,25/03/2017,prestadora A
78.0,mujer,grado II,solo,1.0,1.0,2.0,9.9,no,distrito 1,96.75222300824963,sí,19 401,sí,23/10/2022,prestadora A
74.0,mujer,grado I,solo,2.0,1.0,37.0,4.0,no,distrito 3,34.76808730891979,no,14 123,sí,27/05/2020,prestadora C
93.0,hombre,grado III,con pareja,3.0,0.0,13.0,4.2,sí,distrito 9,67.28374194195814,no,10 881,no,31/08/2016,prestadora C
79.0,hombre,grado II,con pareja,1.0,0.0,39.0,1.1,no,distrito 11,82.06165535223973,sí,29 365,N/D,05/10/2021,prestadora A
87.0,hombre,grado I,solo,0.0,0.0,34.0,2.7,no,distrito 9,40.62580143294388,sí,11 847,no,29/04/2024,prestadora B
78.0,mujer,GRADO I,solo,6.0,1.0,29.0,3.4,no,distrito 6,209.95171284297092,no,19 703,no,30/07/2023,prestadora B
79.0,mujer,grado II,solo,8.0,0.0,98.0,1.9,sí,distrito 11,202.77170205599825,sí,22 825,no,13/12/2016,prestadora C
75.0,hombre,grado II,con pareja,1.0,0.0,45.0,5.4,no,distrito 2,29.170327596434305,no,18 093,sí,30/09/2023,prestadora A
74.0,mujer,sin valorar,solo,4.0,0.0,82.0,1.4,no,distrito 7,99.41499917529804,no,21 952,N/D,07/08/2019,prestadora A
93.0,mujer,GRADO I,solo,8.0,0.0,56.0,2.4,no,distrito 11,190.51599536841096,no,13 338,no,19/12/2019,prestadora A
78.0,mujer,grado II,con pareja,1.0,11.0,112.0,1.3,sí,distrito 6,54.85223593535702,no,9 811,no,01/07/2017,prestadora B
97.0,mujer,grado I,solo,4.0,0.0,81.0,3.7,no,distrito 8,216.50435805858356,sí,12 619,sí,06/01/2019,prestadora A
73.0,hombre,GRADO I,solo,3.0,0.0,22.0,4.4,no,distrito 7,127.10141879938072,sí,25 034,no,28/01/2016,prestadora B
92.0,hombre,GRADO II,con pareja,2.0,0.0,13.0,3.9,no,distrito 3,81.27170785126238,no,10 493,no,01/10/2016,prestadora B
67.0,hombre,grado II,solo,2.0,0.0,42.0,4.2,sí,distrito 9,213.10775172503713,no,12 221,sí,10/01/2018,prestadora A
91.0,mujer,sin valorar,solo,1.0,0.0,77.0,4.6,no,distrito 1,24.17881573680304,sí,4 583,sí,16/07/2022,prestadora B
90.0,mujer,grado I,con pareja,6.0,0.0,49.0,1.4,no,distrito 1,70.06031749544088,no,17 644,no,09/11/2017,prestadora C
77.0,hombre,sin valorar,solo,1.0,0.0,65.0,1.7,sí,distrito 7,8.156753427514223,sí,21 648,sí,08/11/2017,prestadora B
93.0,mujer,grado I,solo,7.0,0.0,34.0,2.5,no,distrito 5,1080.8390017709432,sí,14 845,no,23/05/2020,prestadora B
76.0,mujer,GRADO II,con pareja,2.0,2.0,32.0,5.4,no,distrito 4,60.219790515269324,sí,14 435,no,03/02/2024,prestadora C
90.0,mujer,sin valorar,con familia,2.0,2.0,41.0,8.1,sí,distrito 8,22.255664815134992,sí,16 194,sí,08/07/2018,prestadora C
90.0,hombre,GRADO I,solo,5.0,0.0,40.0,2.0,sí,distrito 11,203.3264232157333,no,19 447,sí,25/08/2017,prestadora A
75.0,hombre,grado I,con familia,0.0,2.0,41.0,7.3,no,distrito 4,43.891415581069985,no,11 446,no,07/10/2016,prestadora C
82.0,mujer,grado I,solo,0.0,2.0,21.0,4.0,no,distrito 6,8.75571216926727,sí,20 669,no,26/10/2016,prestadora B
82.0,mujer,grado II,con pareja,2.0,1.0,51.0,1.5,no,distrito 10,58.015789051774114,sí,9 150,sí,14/09/2017,prestadora B
71.0,mujer,grado II,con familia,0.0,2.0,53.0,6.9,no,distrito 4,59.16738371644388,no,14 377,sí,24/12/2016,prestadora B
85.0,mujer,grado I,solo,1.0,2.0,36.0,5.4,no,distrito 5,73.9174236685971,sí,13 888,no,02/03/2018,prestadora C
77.0,hombre,GRADO I,con familia,2.0,0.0,13.0,9.5,sí,distrito 4,35.32864725322353,sí,32 242,sí,15/09/2016,prestadora C
85.0,mujer,grado III,solo,7.0,0.0,55.0,1.8,no,distrito 1,577.7933910457377,sí,12 020,sí,03/11/2018,prestadora C
94.0,hombre,grado I,solo,3.0,1.0,18.0,13.3,no,distrito 6,116.54681477479602,sí,30 456,sí,19/08/2022,prestadora B
89.0,hombre,grado I,solo,0.0,1.0,64.0,5.6,sí,distrito 7,18.90100861625469,no,7 573,no,04/05/2020,prestadora A
87.0,hombre,grado I,con pareja,3.0,3.0,75.0,2.2,no,distrito 7,14.883745065160523,sí,10 573,no,13/06/2018,prestadora A
83.0,mujer,sin valorar,solo,3.0,2.0,60.0,6.6,sí,distrito 4,51.845121946360344,sí,11 995,sí,18/06/2019,prestadora B
89.0,mujer,grado I,solo,3.0,0.0,37.0,4.5,no,distrito 4,441.29349481071836,sí,9 401,sí,16/12/2020,prestadora B
79.0,mujer,sin valorar,solo,0.0,0.0,95.0,4.1,sí,distrito 4,12.665783505859437,no,12 670,sí,21/08/2022,prestadora A
86.0,mujer,grado II,con pareja,1.0,0.0,89.0,4.3,no,distrito 4,17.417936552543214,no,27 296,no,29/11/2023,prestadora B
84.0,hombre,  sin valorar ,con pareja,0.0,0.0,15.0,4.6,sí,distrito 9,6.519802627905245,no,8 635,no,20/11/2021,prestadora B
94.0,mujer,grado I,con pareja,0.0,0.0,62.0,5.9,sí,distrito 3,19.19620625971132,sí,7 752,sí,28/09/2022,prestadora C
93.0,mujer,sin valorar,con familia,2.0,1.0,50.0,9.0,sí,distrito 3,9.546592111638088,sí,13 753,sí,02/01/2021,prestadora C
84.0,hombre,grado III,solo,11.0,1.0,83.0,9.2,sí,distrito 11,444.67563584803725,no,18 365,no,08/04/2017,prestadora A
75.0,mujer,sin valorar,con pareja,2.0,0.0,144.0,2.5,sí,distrito 6,46.21560398138213,no,17 388,sí,15/02/2023,prestadora A
79.0,hombre,grado I,solo,0.0,0.0,15.0,2.5,sí,distrito 8,100.348547452166,no,25 695,sí,06/04/2016,prestadora C
87.0,mujer,GRADO I,solo,1.0,0.0,31.0,3.2,no,distrito 5,33.11018138431503,sí,22 475,no,13/12/2018,prestadora B
88.0,mujer,sin valorar,solo,2.0,2.0,68.0,4.5,no,distrito 11,92.27914073753833,no,10 629,no,01/04/2016,prestadora B
79.0,mujer,grado II,con pareja,4.0,0.0,24.0,4.6,sí,distrito 1,94.36954180693577,sí,13 187,sí,19/07/2018,prestadora C
76.0,hombre,grado II,solo,0.0,0.0,31.0,2.3,sí,distrito 8,62.95567177994197,sí,17 692,N/D,03/02/2016,prestadora A
78.0,mujer,sin valorar,solo,2.0,0.0,42.0,0.9,sí,distrito 6,29.360948073701483,no,17 114,sí,18/07/2016,prestadora C
65.0,mujer,sin valorar,solo,1.0,0.0,40.0,12.5,no,distrito 8,29.809872826808693,sí,8 585,sí,07/06/2020,prestadora B
80.0,hombre,sin valorar,con familia,1.0,0.0,20.0,2.7,no,distrito 3,13.881257808052142,no,8 666,no,08/12/2018,prestadora C
86.0,mujer,grado III,con pareja,1.0,0.0,18.0,3.8,sí,distrito 9,50.88173180087977,sí,29 940,sí,27/10/2016,prestadora B
92.0,mujer,grado II,solo,4.0,1.0,10.0,3.6,no,distrito 7,808.1458872829172,sí,16 127,sí,18/06/2017,prestadora A
86.0,hombre,sin valorar,solo,8.0,0.0,37.0,9.9,sí,distrito 6,387.33392741040075,sí,10 274,sí,07/05/2016,prestadora A
79.0,mujer,grado II,con pareja,3.0,0.0,0.0,2.3,no,distrito 10,61.789037709538064,no,15 712,sí,26/03/2021,prestadora C
80.0,mujer,grado I,solo,0.0,0.0,20.0,2.9,no,distrito 10,12.609627820804095,no,17 594,sí,06/01/2016,prestadora C
84.0,mujer,grado I,con familia,1.0,0.0,24.0,2.7,no,distrito 6,20.380383515005292,sí,10 495,sí,26/09/2023,prestadora A
83.0,mujer,  sin valorar ,solo,3.0,0.0,45.0,6.0,no,distrito 9,175.32236890784566,sí,11 899,sí,05/10/2018,prestadora B
89.0,mujer,sin valorar,solo,3.0,0.0,10.0,5.8,no,distrito 11,177.99397488580664,sí,19 038,sí,28/10/2020,prestadora A
82.0,mujer,  sin valorar ,solo,0.0,1.0,93.0,6.8,sí,distrito 5,6.418632873987793,sí,11 426,sí,24/03/2019,prestadora C
90.0,mujer,  sin valorar ,solo,0.0,0.0,52.0,8.2,sí,distrito 9,23.144671031035323,sí,23 542,sí,29/12/2017,prestadora B
65.0,mujer,grado II,con pareja,2.0,2.0,27.0,3.5,no,distrito 9,115.94895130646013,sí,14 443,sí,28/09/2016,prestadora B
74.0,hombre,grado I,solo,2.0,0.0,26.0,3.3,sí,distrito 7,220.77222506306381,sí,11 354,sí,14/07/2017,prestadora C
91.0,mujer,GRADO I,solo,2.0,0.0,36.0,3.6,no,distrito 8,112.60609758595028,sí,13 170,no,26/01/2019,prestadora B
104.0,mujer,  sin valorar ,solo,0.0,1.0,55.0,0.6,no,distrito 2,75.34808415678238,sí,26 722,sí,26/07/2019,prestadora B
99.0,mujer,sin valorar,solo,4.0,2.0,7.0,18.1,no,distrito 5,191.95069084623574,sí,13 651,sí,12/07/2019,prestadora B
86.0,hombre,grado I,con pareja,2.0,0.0,65.0,0.3,sí,distrito 2,15.139888087186433,sí,9 804,no,18/01/2019,prestadora A
85.0,hombre,grado II,solo,1.0,1.0,45.0,1.5,no,distrito 8,120.05308586447237,sí,13 622,no,19/12/2019,prestadora C
70.0,mujer,grado II,solo,0.0,2.0,29.0,2.6,sí,distrito 10,63.92761864601819,no,8 812,N/D,14/11/2018,prestadora A
85.0,hombre,sin valorar,solo,4.0,0.0,60.0,5.7,no,distrito 8,38.118618138626665,no,11 634,no,31/01/2024,prestadora B
78.0,hombre,grado I,solo,2.0,2.0,33.0,3.7,no,distrito 3,127.44658206927552,no,19 915,N/D,20/02/2021,prestadora B
91.0,mujer,sin valorar,solo,4.0,1.0,29.0,2.9,no,distrito 3,446.4990509812485,sí,25 988,sí,11/05/2017,prestadora A
97.0,hombre,sin valorar,con pareja,3.0,0.0,21.0,5.8,no,distrito 1,43.465574218822695,sí,6 710,sí,04/08/2021,prestadora A
82.0,mujer,GRADO III,solo,5.0,0.0,7.0,3.7,no,distrito 9,474.2505247644557,sí,9 878,sí,17/12/2023,prestadora B
89.0,mujer,SIN VALORAR,solo,0.0,1.0,33.0,8.3,sí,distrito 8,14.027416224614111,sí,20 901,no,01/09/2019,prestadora C
86.0,mujer,  grado III ,solo,2.0,0.0,34.0,0.2,sí,distrito 11,81.73768681544466,no,16 723,no,04/01/2024,prestadora A
89.0,mujer,SIN VALORAR,solo,0.0,0.0,25.0,1.6,sí,distrito 4,47.9019898149355,no,17 829,sí,22/08/2023,prestadora B
76.0,mujer,sin valorar,con familia,0.0,0.0,33.0,4.4,no,distrito 7,13.27873694090031,no,17 338,sí,13/07/2024,prestadora C
85.0,hombre,grado II,solo,1.0,4.0,47.0,3.0,sí,distrito 8,21.035549641489265,no,14 745,sí,24/08/2024,prestadora B
77.0,mujer,SIN VALORAR,con pareja,0.0,2.0,48.0,6.7,sí,distrito 3,41.12550125937158,sí,8 218,sí,10/07/2023,prestadora B
65.0,mujer,grado I,solo,0.0,0.0,84.0,1.6,no,distrito 7,12.273999499288145,no,10 011,sí,06/05/2021,prestadora C
84.0,mujer,sin valorar,solo,1.0,0.0,88.0,2.8,sí,distrito 6,16.0124007465733,no,23 365,sí,18/11/2021,prestadora B
91.0,mujer,grado II,solo,0.0,0.0,17.0,3.4,no,distrito 5,29.150825124634558,no,13 666,no,20/05/2023,prestadora B
82.0,mujer,grado II,con pareja,3.0,0.0,160.0,12.3,no,distrito 9,103.80195421604314,no,8 125,sí,08/10/2020,prestadora C
70.0,mujer,  sin valorar ,con pareja,5.0,0.0,27.0,0.4,no,distrito 4,11.619948723511774,sí,5 889,no,01/07/2018,prestadora A
85.0,mujer,grado I,solo,1.0,2.0,45.0,3.9,no,distrito 4,45.51951082355875,sí,15 569,no,12/02/2019,prestadora C
95.0,mujer,grado I,con pareja,0.0,0.0,42.0,0.9,sí,distrito 9,14.102482023488102,sí,9 403,sí,16/12/2016,prestadora A
84.0,hombre,sin valorar,con familia,0.0,0.0,56.0,2.2,no,distrito 3,10.306522759596445,sí,5 921,no,26/03/2021,prestadora B
74.0,mujer,  grado I ,solo,2.0,0.0,72.0,3.1,no,distrito 2,53.907317203834964,no,12 725,sí,19/06/2021,prestadora A
89.0,hombre,grado II,solo,0.0,2.0,85.0,1.7,no,distrito 3,11.542986511672055,no,12 827,no,29/12/2018,prestadora A
83.0,hombre,sin valorar,con familia,0.0,0.0,33.0,6.5,no,distrito 1,12.083953527327322,sí,10 144,sí,23/06/2021,prestadora C
70.0,mujer,sin valorar,solo,5.0,1.0,54.0,3.3,sí,distrito 11,114.84662743416982,sí,17 881,sí,10/05/2023,prestadora B
77.0,hombre,SIN VALORAR,solo,0.0,0.0,34.0,8.7,no,distrito 1,70.51988185966016,sí,10 190,no,22/03/2017,prestadora C
80.0,hombre,grado II,solo,4.0,2.0,42.0,9.3,no,distrito 6,356.3646967821224,sí,10 320,no,11/08/2016,prestadora C
93.0,hombre,grado I,solo,0.0,1.0,10.0,3.1,no,distrito 7,14.873773399869759,sí,13 184,sí,26/07/2023,prestadora C
85.0,mujer,GRADO III,con familia,5.0,3.0,34.0,1.3,no,distrito 3,103.10684657199856,no,12 634,no,23/10/2022,prestadora B
85.0,mujer,grado I,con pareja,4.0,1.0,43.0,2.5,no,distrito 3,92.34162092059775,no,11 384,no,31/03/2023,prestadora B
92.0,mujer,sin valorar,con pareja,0.0,2.0,13.0,5.0,sí,distrito 1,17.35944957304014,sí,9 455,sí,23/07/2021,prestadora B
78.0,hombre,  grado III ,solo,11.0,0.0,77.0,0.8,sí,distrito 7,1300.4543351937666,sí,8 416,no,04/02/2018,prestadora A
78.0,mujer,grado I,solo,1.0,0.0,21.0,6.3,sí,distrito 5,16.880890906356004,no,16 305,N/D,15/01/2017,prestadora A
89.0,mujer,  grado II ,con familia,2.0,0.0,73.0,2.1,sí,distrito 8,30.266086711652243,no,8 023,no,08/02/2018,prestadora A
93.0,hombre,grado III,con pareja,4.0,0.0,51.0,5.6,no,distrito 2,60.229781937781794,no,23 773,no,06/08/2018,prestadora A
100.0,hombre,grado II,solo,5.0,0.0,17.0,5.8,sí,distrito 8,229.67767135356794,sí,7 616,no,28/09/2024,prestadora B
94.0,mujer,grado II,solo,4.0,0.0,34.0,8.8,no,distrito 2,353.5716731761056,sí,11 950,no,10/11/2017,prestadora B
76.0,mujer,sin valorar,con pareja,5.0,3.0,3.0,1.7,sí,distrito 3,85.9166278128166,sí,19 021,no,10/04/2018,prestadora A
76.0,mujer,grado I,con familia,3.0,0.0,40.0,6.2,no,distrito 7,104.89637502174203,sí,12 356,sí,16/09/2024,prestadora A
70.0,mujer,grado II,solo,1.0,5.0,30.0,6.9,sí,distrito 5,81.67119220553433,sí,18 286,no,22/09/2020,prestadora A
89.0,mujer,GRADO I,solo,0.0,1.0,22.0,0.7,sí,distrito 6,26.15545395984049,no,12 543,sí,25/10/2018,prestadora A
82.0,mujer,grado II,solo,1.0,0.0,25.0,2.9,no,distrito 6,35.9520618866718,sí,13 415,no,04/04/2018,prestadora B
85.0,mujer,grado II,solo,2.0,0.0,24.0,2.5,no,distrito 2,183.10398850029745,no,24 776,sí,13/03/2019,prestadora B
72.0,hombre,grado III,con familia,0.0,2.0,79.0,5.0,no,distrito 11,70.41458726997733,sí,22 197,no,07/11/2016,prestadora A
75.0,mujer,sin valorar,con pareja,0.0,3.0,54.0,2.2,no,distrito 8,19.444654171964963,sí,14 702,sí,27/09/2017,prestadora B
82.0,mujer,sin valorar,con pareja,8.0,1.0,14.0,4.3,no,distrito 10,49.0055166117179,sí,11 538,no,19/03/2018,prestadora C
86.0,hombre,grado I,solo,9.0,0.0,62.0,4.9,no,distrito 8,1196.303133884762,sí,16 856,sí,31/12/2020,prestadora B
80.0,mujer,  sin valorar ,solo,8.0,5.0,54.0,3.9,no,distrito 7,67.39644765426644,sí,19 040,sí,14/06/2020,prestadora A
75.0,mujer,grado I,solo,2.0,0.0,21.0,0.8,sí,distrito 10,164.0825948804593,sí,11 533,sí,01/03/2021,prestadora A
93.0,mujer,  grado I ,con familia,7.0,0.0,91.0,6.2,no,distrito 9,100.74327158656115,sí,31 307,sí,17/02/2017,prestadora A
84.0,mujer,sin valorar,solo,1.0,0.0,75.0,0.8,sí,distrito 9,28.348352282062407,no,10 547,sí,29/12/2016,prestadora A
93.0,mujer,grado I,solo,11.0,0.0,24.0,5.4,no,distrito 8,1082.9395592048454,sí,22 975,no,10/03/2023,prestadora A
90.0,mujer,grado II,solo,5.0,4.0,71.0,3.6,sí,distrito 3,270.72537776117116,sí,13 501,no,06/09/2016,prestadora B
91.0,mujer,sin valorar,solo,0.0,1.0,23.0,1.9,no,distrito 11,14.919682958764712,sí,16 390,no,10/04/2020,prestadora B
71.0,hombre,grado I,solo,0.0,3.0,67.0,9.6,sí,distrito 6,57.58949969957151,no,20 641,sí,21/12/2018,prestadora B
84.0,mujer,grado I,con pareja,0.0,0.0,22.0,2.3,sí,distrito 6,18.14696896646925,sí,18 853,no,22/11/2017,prestadora B
69.0,hombre,GRADO I,solo,1.0,0.0,3.0,10.1,no,distrito 6,37.64858390175018,no,22 053,no,07/01/2019,prestadora B
82.0,mujer,sin valorar,solo,1.0,0.0,111.0,1.4,no,distrito 5,21.574570985953233,sí,8 771,no,05/06/2016,prestadora C
76.0,mujer,grado II,con pareja,8.0,0.0,48.0,3.0,sí,distrito 1,125.39291842644676,sí,13 074,sí,27/02/2016,prestadora A
86.0,mujer,  sin valorar ,solo,6.0,0.0,36.0,1.7,sí,distrito 11,242.5589140301841,sí,16 298,sí,03/01/2016,prestadora B
82.0,hombre,grado I,solo,0.0,1.0,6.0,3.1,no,distrito 3,42.06503366985535,no,33 252,sí,02/03/2023,prestadora B
84.0,hombre,sin valorar,solo,6.0,0.0,31.0,2.8,no,distrito 1,87.15289752658848,no,33 729,sí,18/05/2016,prestadora A
76.0,mujer,grado III,solo,1.0,2.0,3.0,1.8,no,distrito 6,369.60156331614473,sí,11 635,no,08/12/2018,prestadora A
75.0,hombre,sin valorar,con pareja,0.0,0.0,8.0,0.8,no,distrito 11,4.353050804000713,sí,15 237,sí,10/06/2021,prestadora B
93.0,hombre,grado II,solo,3.0,1.0,28.0,6.1,no,distrito 8,177.460934315771,no,10 548,no,27/08/2016,prestadora B
79.0,hombre,sin valorar,con pareja,3.0,0.0,21.0,1.7,no,distrito 11,20.064559398856606,no,9 997,no,01/01/2024,prestadora B
76.0,mujer,grado I,con familia,3.0,0.0,41.0,15.2,no,distrito 9,31.669720848829368,sí,9 078,no,27/03/2018,prestadora A
96.0,hombre,grado II,solo,9.0,0.0,69.0,3.2,no,distrito 7,496.9913459387485,no,13 424,sí,17/10/2016,prestadora A
90.0,hombre,grado II,con pareja,13.0,0.0,9.0,3.8,no,distrito 1,424.2383784216617,sí,10 763,sí,01/08/2019,prestadora C
76.0,mujer,grado II,con pareja,2.0,0.0,34.0,5.4,no,distrito 5,44.56198441967921,sí,9 250,sí,28/09/2017,prestadora C
80.0,mujer,SIN VALORAR,solo,5.0,0.0,115.0,14.6,no,distrito 6,151.93117469006438,sí,28 509,N/D,20/09/2023,prestadora B
88.0,mujer,  grado III ,con pareja,2.0,0.0,76.0,7.1,no,distrito 4,66.19973591649413,sí,6 666,sí,05/08/2019,prestadora C
84.0,mujer,sin valorar,solo,0.0,3.0,13.0,0.8,no,distrito 5,51.57998392189241,sí,10 471,no,28/07/2022,prestadora B
70.0,mujer,grado II,solo,2.0,1.0,102.0,16.0,sí,distrito 5,192.57965773651603,sí,8 259,no,28/01/2024,prestadora C
96.0,mujer,grado I,solo,5.0,0.0,27.0,1.4,no,distrito 8,91.46015110185526,no,5 013,sí,22/10/2022,prestadora C
82.0,mujer,grado II,con pareja,6.0,0.0,9.0,3.3,no,distrito 11,65.53973670779557,sí,10 262,sí,09/03/2017,prestadora C
86.0,mujer,sin valorar,con familia,2.0,0.0,75.0,3.0,sí,distrito 1,18.020150054825933,sí,13 925,N/D,25/08/2024,prestadora B
85.0,mujer,  sin valorar ,solo,2.0,2.0,14.0,8.3,no,distrito 4,46.04321450739736,no,8 076,no,16/03/2017,prestadora A
98.0,mujer,grado II,con pareja,4.0,0.0,103.0,1.9,no,distrito 7,59.97105322895728,sí,21 407,sí,02/02/2022,prestadora B
85.0,hombre,grado I,solo,2.0,3.0,41.0,4.5,no,distrito 2,139.20041506242183,sí,13 394,N/D,07/01/2023,prestadora C
83.0,mujer,sin valorar,solo,4.0,0.0,18.0,4.7,no,distrito 7,310.96076328655835,no,17 456,sí,13/07/2024,prestadora A
85.0,mujer,sin valorar,con pareja,2.0,0.0,39.0,2.2,no,distrito 9,6.192181094592521,sí,28 006,N/D,23/03/2017,prestadora C
85.0,hombre,grado I,solo,0.0,0.0,44.0,3.5,no,distrito 1,8.948017620343721,no,14 220,sí,10/08/2024,prestadora B
71.0,hombre,grado I,solo,3.0,0.0,4.0,8.4,sí,distrito 7,89.72052966285734,sí,17 305,sí,19/03/2024,prestadora A
87.0,hombre,sin valorar,con pareja,1.0,2.0,93.0,1.7,no,distrito 6,33.2328755637185,sí,20 699,sí,24/04/2022,prestadora A
81.0,mujer,GRADO II,solo,3.0,0.0,15.0,7.9,sí,distrito 8,65.1686911502053,sí,22 961,no,27/12/2023,prestadora B
83.0,hombre,grado I,solo,0.0,2.0,23.0,4.6,sí,distrito 10,8.716044303772208,no,13 693,no,20/03/2018,prestadora B
75.0,mujer,grado I,solo,7.0,0.0,21.0,2.6,sí,distrito 9,123.96478669593984,no,23 822,sí,25/10/2017,prestadora B
91.0,hombre,grado I,solo,4.0,0.0,26.0,7.5,no,distrito 4,248.8047750265365,no,24 017,sí,26/07/2023,prestadora B
87.0,mujer,GRADO I,solo,6.0,0.0,26.0,3.1,sí,distrito 8,699.9157402412993,sí,21 481,sí,22/09/2019,prestadora A
85.0,mujer,grado II,solo,4.0,0.0,8.0,2.2,sí,distrito 10,188.24234996260287,sí,15 534,sí,27/09/2021,prestadora B
83.0,mujer,SIN VALORAR,con pareja,3.0,0.0,51.0,2.7,no,distrito 8,10.499608763485481,sí,18 076,sí,02/07/2019,prestadora A
87.0,mujer,  grado III ,con pareja,2.0,1.0,5.0,4.7,sí,distrito 4,314.6827128990436,sí,15 162,sí,28/04/2018,prestadora C
73.0,mujer,  grado III ,solo,0.0,0.0,50.0,4.0,sí,distrito 11,14.918038230029925,sí,20 099,no,06/07/2024,prestadora A
77.0,mujer,grado I,con familia,1.0,2.0,74.0,3.0,no,distrito 4,40.51934810229557,sí,12 371,no,11/04/2023,prestadora B
91.0,hombre,grado I,solo,7.0,0.0,47.0,2.0,sí,distrito 6,171.78404704293763,sí,11 814,sí,13/02/2020,prestadora B
83.0,hombre,  grado III ,solo,2.0,0.0,9.0,1.6,sí,distrito 2,80.0893601058031,no,17 773,sí,26/03/2016,prestadora A
86.0,mujer,GRADO I,con pareja,2.0,0.0,24.0,3.2,no,distrito 5,37.33505238863595,no,12 468,sí,26/01/2018,prestadora C
74.0,hombre,grado II,solo,0.0,0.0,28.0,0.1,no,distrito 4,54.46304834724809,sí,17 892,sí,06/08/2024,prestadora C
85.0,hombre,grado III,solo,0.0,0.0,45.0,3.2,sí,distrito 11,35.87099944001828,no,10 552,no,11/07/2022,prestadora A
78.0,mujer,grado II,solo,1.0,0.0,17.0,2.6,no,distrito 1,34.605997559695304,no,14 402,no,17/12/2019,prestadora C
77.0,mujer,grado III,solo,2.0,1.0,8.0,4.5,no,distrito 9,108.2673478459237,sí,12 831,sí,28/01/2022,prestadora A
83.0,hombre,GRADO I,con familia,0.0,1.0,9.0,4.3,sí,distrito 5,21.725226566941046,no,22 543,sí,16/04/2016,prestadora C
91.0,mujer,grado I,con familia,3.0,0.0,180.0,4.1,no,distrito 8,32.088690671778835,sí,31 275,sí,13/07/2019,prestadora C
94.0,mujer,grado II,con familia,0.0,0.0,43.0,3.4,sí,distrito 10,6.16878865758118,sí,9 482,no,16/02/2020,prestadora A
93.0,mujer,  grado II ,con pareja,3.0,6.0,4.0,7.2,sí,distrito 4,220.37627474700577,no,19 799,sí,13/04/2017,prestadora C
88.0,mujer,grado I,con familia,5.0,1.0,41.0,4.1,no,distrito 6,59.3523133240746,sí,14 868,no,02/12/2023,prestadora A
82.0,mujer,grado II,solo,2.0,0.0,40.0,5.0,no,distrito 3,86.32652212051538,sí,25 272,sí,27/03/2024,prestadora B
89.0,hombre,  grado II ,con pareja,1.0,0.0,142.0,4.0,sí,distrito 5,40.75581711969857,sí,20 098,N/D,08/04/2020,prestadora A
90.0,hombre,grado I,con familia,8.0,1.0,27.0,2.3,no,distrito 4,250.83675660197406,sí,11 152,sí,07/06/2022,prestadora B
85.0,hombre,grado I,solo,0.0,1.0,27.0,9.0,no,distrito 10,36.20505989325753,sí,21 731,no,18/10/2020,prestadora A
78.0,mujer,sin valorar,con familia,1.0,1.0,41.0,6.8,sí,distrito 6,19.331010099218766,no,11 154,no,11/06/2023,prestadora B
68.0,mujer,grado I,solo,0.0,3.0,71.0,4.2,no,distrito 11,76.50892653577445,sí,16 907,no,24/04/2020,prestadora B
74.0,mujer,sin valorar,con familia,0.0,0.0,24.0,7.1,no,distrito 4,4.9264214305507235,sí,24 369,sí,22/12/2020,prestadora A
73.0,mujer,grado II,con pareja,7.0,2.0,39.0,3.8,no,distrito 6,261.4240551005903,sí,19 951,no,11/11/2020,prestadora C
76.0,hombre,SIN VALORAR,solo,2.0,0.0,19.0,3.0,no,distrito 4,11.02494315638243,no,10 896,sí,26/01/2016,prestadora C
93.0,mujer,grado I,con familia,3.0,2.0,18.0,10.4,no,distrito 9,91.80079871992531,no,29 514,sí,01/11/2017,prestadora B
88.0,mujer,  grado II ,solo,5.0,0.0,41.0,6.3,no,distrito 5,287.6340432132357,sí,20 246,sí,25/12/2018,prestadora C
67.0,hombre,  grado I ,con familia,5.0,0.0,33.0,8.6,no,distrito 10,150.90393757656093,sí,10 445,no,16/08/2021,prestadora B
71.0,mujer,sin valorar,con pareja,5.0,1.0,74.0,0.8,no,distrito 4,27.4084875796272,sí,11 801,sí,04/04/2017,prestadora B
73.0,mujer,grado II,solo,4.0,0.0,29.0,1.9,sí,distrito 10,203.99657778394067,no,8 044,sí,23/01/2019,prestadora C
83.0,mujer,grado I,con familia,1.0,1.0,42.0,1.8,no,distrito 5,25.28111690834709,sí,16 148,sí,26/06/2020,prestadora B
80.0,hombre,grado II,con familia,9.0,2.0,50.0,8.9,sí,distrito 6,222.11138354894177,sí,10 474,no,28/02/2022,prestadora B
80.0,mujer,grado I,con pareja,0.0,0.0,39.0,4.9,no,distrito 2,56.13257361338281,sí,26 271,sí,28/10/2022,prestadora A
102.0,mujer,grado I,solo,4.0,0.0,14.0,8.6,no,distrito 3,195.42644181540794,sí,16 442,sí,13/12/2016,prestadora A
76.0,mujer,  grado II ,con pareja,7.0,0.0,37.0,0.6,no,distrito 10,104.95590187599691,no,12 887,no,14/01/2020,prestadora B
89.0,mujer,grado II,solo,1.0,2.0,55.0,8.1,no,distrito 7,73.25087656145311,no,16 277,sí,15/03/2022,prestadora A
81.0,mujer,sin valorar,con familia,3.0,0.0,23.0,0.8,no,distrito 9,22.64025870997533,no,24 695,N/D,29/12/2022,prestadora B
84.0,mujer,sin valorar,solo,4.0,0.0,16.0,4.6,no,distrito 8,100.676215859591,sí,22 016,no,27/02/2019,prestadora B
71.0,hombre,grado II,con familia,0.0,0.0,21.0,1.8,no,distrito 6,4.4650535758275085,sí,13 274,sí,10/06/2023,prestadora C
79.0,hombre,grado III,con familia,6.0,0.0,14.0,0.8,no,distrito 2,129.87181038240274,sí,8 477,no,04/06/2023,prestadora A
80.0,hombre,sin valorar,solo,7.0,0.0,26.0,1.5,no,distrito 2,167.6326599749976,sí,11 018,no,10/07/2024,prestadora B
76.0,mujer,GRADO III,con pareja,3.0,0.0,3.0,1.6,sí,distrito 9,95.55606486215412,sí,23 488,sí,23/03/2020,prestadora B
76.0,hombre,grado II,solo,1.0,0.0,1.0,8.8,sí,distrito 5,191.6455449496799,no,26 984,sí,06/02/2018,prestadora A
92.0,mujer,sin valorar,solo,1.0,0.0,19.0,8.6,sí,distrito 5,37.68456380464203,sí,14 372,no,26/03/2023,prestadora B
73.0,hombre,grado II,solo,1.0,0.0,31.0,15.0,sí,distrito 11,69.35554165502421,no,24 450,sí,29/05/2018,prestadora B
82.0,mujer,grado II,solo,1.0,0.0,55.0,5.8,sí,distrito 9,222.9582752144335,sí,15 205,no,13/09/2017,prestadora B
99.0,mujer,grado I,solo,0.0,2.0,26.0,1.1,no,distrito 1,43.48853210816667,sí,8 863,sí,16/04/2016,prestadora C
80.0,mujer,grado II,con familia,1.0,2.0,83.0,2.3,no,distrito 3,69.42682337367076,sí,7 582,no,11/06/2022,prestadora C
89.0,mujer,  grado II ,con pareja,2.0,0.0,23.0,6.1,no,distrito 11,120.22257009204772,no,16 218,sí,11/04/2021,prestadora A
85.0,mujer,grado I,con familia,2.0,0.0,62.0,2.4,no,distrito 6,5.820973049818287,sí,11 466,no,11/06/2019,prestadora B
85.0,hombre,grado I,con pareja,0.0,0.0,21.0,0.8,no,distrito 8,11.045795650424163,no,10 592,sí,14/01/2018,prestadora A
87.0,mujer,grado III,solo,0.0,1.0,63.0,4.9,no,distrito 6,45.729362682202094,no,8 551,sí,04/03/2024,prestadora A
80.0,mujer,grado I,solo,3.0,3.0,74.0,3.6,no,distrito 1,59.19005666023091,no,20 664,sí,27/03/2019,prestadora B
71.0,hombre,grado I,con pareja,1.0,0.0,13.0,2.2,no,distrito 10,20.04408984170082,sí,5 416,sí,22/04/2017,prestadora C
75.0,hombre,sin valorar,solo,0.0,4.0,32.0,2.2,sí,distrito 6,17.00588913502851,sí,20 931,sí,08/08/2019,prestadora C
93.0,hombre,sin valorar,con pareja,1.0,1.0,39.0,1.6,no,distrito 9,28.832603193076302,no,11 557,sí,11/07/2020,prestadora B
94.0,mujer,grado I,solo,5.0,4.0,160.0,0.9,no,distrito 3,606.2147065725138,no,20 463,sí,16/05/2023,prestadora B
88.0,hombre,grado II,solo,1.0,0.0,63.0,8.4,no,distrito 6,34.18103027848447,no,13 358,no,04/08/2017,prestadora B
75.0,hombre,grado II,con pareja,5.0,0.0,28.0,8.4,no,distrito 8,57.784723794440794,sí,8 383,no,13/01/2017,prestadora B
76.0,mujer,GRADO I,con pareja,1.0,0.0,27.0,3.2,no,distrito 7,29.336901859901744,no,22 281,sí,25/07/2021,prestadora B
83.0,mujer,grado II,solo,1.0,1.0,13.0,3.0,no,distrito 7,62.57843016602253,sí,25 837,sí,08/09/2024,prestadora A
65.0,mujer,grado I,solo,4.0,0.0,18.0,3.9,sí,distrito 5,144.26788612910966,no,23 659,sí,10/02/2020,prestadora C
95.0,mujer,grado II,solo,12.0,1.0,59.0,7.5,no,distrito 9,2701.099164092824,no,18 472,no,18/09/2022,prestadora A
90.0,hombre,sin valorar,solo,1.0,3.0,50.0,3.2,no,distrito 11,45.00185564225655,sí,18 800,sí,26/09/2021,prestadora C
83.0,mujer,sin valorar,con pareja,0.0,0.0,50.0,4.0,no,distrito 8,7.099096279356414,sí,20 118,sí,28/06/2020,prestadora C
92.0,hombre,grado I,con familia,2.0,0.0,13.0,0.9,no,distrito 8,24.81869683011562,no,10 177,sí,31/07/2021,prestadora C
71.0,mujer,grado II,con pareja,0.0,0.0,26.0,15.4,sí,distrito 2,33.347477431239284,no,14 337,no,31/05/2019,prestadora A
67.0,mujer,grado II,con pareja,0.0,6.0,101.0,4.6,no,distrito 7,19.11673130970745,no,14 661,sí,03/01/2023,prestadora B
98.0,hombre,GRADO II,solo,4.0,2.0,41.0,2.2,no,distrito 4,321.336179566072,sí,12 472,no,06/08/2020,prestadora B
79.0,mujer,sin valorar,con familia,1.0,0.0,36.0,0.3,sí,distrito 3,5.121333882471868,sí,13 290,sí,02/06/2024,prestadora C
83.0,mujer,sin valorar,con pareja,1.0,0.0,33.0,0.4,no,distrito 9,9.661886245954454,sí,15 136,no,25/11/2018,prestadora A
85.0,mujer,sin valorar,solo,3.0,0.0,35.0,5.0,no,distrito 2,68.83874528147346,sí,22 107,sí,10/02/2023,prestadora A
65.0,hombre,grado III,con pareja,1.0,0.0,18.0,3.2,no,distrito 7,128.78238377432396,sí,9 551,no,20/04/2017,prestadora B
79.0,mujer,grado I,solo,1.0,0.0,36.0,4.6,sí,distrito 9,27.26371947686185,sí,12 245,no,23/07/2018,prestadora A
82.0,hombre,grado I,solo,12.0,4.0,26.0,3.0,sí,distrito 1,597.5180264022712,sí,18 396,no,01/09/2023,prestadora A
84.0,hombre,grado I,con pareja,3.0,2.0,39.0,4.9,no,distrito 8,47.54802148394233,no,18 161,sí,04/12/2023,prestadora B
84.0,hombre,sin valorar,solo,4.0,0.0,24.0,0.8,no,distrito 4,118.4769928195149,sí,13 419,sí,09/06/2016,prestadora C
79.0,mujer,  grado II ,con pareja,5.0,2.0,3.0,2.1,no,distrito 1,143.68840997493345,sí,11 779,N/D,22/08/2024,prestadora A
85.0,mujer,sin valorar,con pareja,3.0,0.0,43.0,1.0,no,distrito 10,22.43311236788921,sí,12 672,no,01/09/2016,prestadora A
86.0,hombre,grado III,con pareja,0.0,0.0,26.0,2.9,no,distrito 2,10.195765449814978,no,12 749,no,10/02/2022,prestadora B
85.0,hombre,grado II,solo,6.0,1.0,105.0,3.9,no,distrito 9,670.21490877655,sí,7 274,sí,10/08/2018,prestadora A
85.0,mujer,grado II,solo,2.0,1.0,14.0,1.1,no,distrito 9,108.63909463074887,sí,9 909,sí,25/04/2023,prestadora B
65.0,mujer,grado II,solo,3.0,0.0,12.0,0.2,no,distrito 2,118.13891631776717,sí,11 558,no,19/01/2017,prestadora B
101.0,mujer,grado II,solo,0.0,0.0,41.0,4.1,no,distrito 10,53.720220550259725,no,10 190,no,29/09/2024,prestadora B
80.0,hombre,sin valorar,solo,3.0,0.0,1.0,4.4,no,distrito 3,103.68678668222616,sí,19 615,no,10/06/2017,prestadora C
79.0,mujer,grado I,con pareja,3.0,1.0,41.0,1.5,no,distrito 11,29.040479230294718,sí,48 800,N/D,25/04/2016,prestadora C
84.0,mujer,sin valorar,solo,5.0,0.0,19.0,8.2,no,distrito 4,347.37007996734843,sí,19 528,no,30/05/2016,prestadora A
83.0,mujer,grado I,con familia,9.0,0.0,2.0,3.6,sí,distrito 4,157.00412357290622,sí,14 023,no,04/07/2021,prestadora C
92.0,hombre,  grado I ,con pareja,0.0,2.0,23.0,2.4,no,distrito 6,17.381129788155427,no,8 299,sí,26/04/2022,prestadora B
75.0,mujer,sin valorar,solo,4.0,1.0,95.0,6.8,no,distrito 3,152.1908720578836,sí,15 393,no,10/11/2023,prestadora A
74.0,hombre,grado III,solo,4.0,1.0,39.0,3.5,sí,distrito 7,156.3104435741836,no,14 333,sí,26/08/2024,prestadora B
82.0,mujer,GRADO I,solo,0.0,1.0,88.0,2.6,no,distrito 9,19.000661907541986,sí,10 118,no,06/03/2021,prestadora A
78.0,mujer,  sin valorar ,solo,5.0,1.0,104.0,4.2,sí,distrito 4,92.30498236655846,sí,15 542,no,02/08/2021,prestadora A
69.0,mujer,sin valorar,solo,0.0,3.0,36.0,13.5,no,distrito 2,45.93920432466393,no,26 061,no,07/12/2023,prestadora C
85.0,mujer,grado III,con pareja,3.0,0.0,23.0,4.3,no,distrito 10,48.27011088126672,no,18 249,sí,11/04/2017,prestadora C
94.0,mujer,grado II,con familia,2.0,0.0,44.0,9.9,no,distrito 9,82.92864218337003,sí,8 006,sí,04/05/2019,prestadora B
73.0,hombre,  sin valorar ,con pareja,3.0,0.0,60.0,14.5,sí,distrito 11,41.816552740539215,no,15 327,no,30/07/2021,prestadora C
83.0,hombre,  grado III ,con pareja,0.0,0.0,111.0,0.8,no,distrito 2,7.640869621165788,sí,22 923,sí,26/09/2018,prestadora C
65.0,mujer,sin valorar,solo,1.0,1.0,88.0,7.0,no,distrito 4,37.277427546165704,sí,20 387,sí,29/01/2019,prestadora C
77.0,hombre,  grado I ,solo,6.0,0.0,65.0,4.3,sí,distrito 11,371.91400009699424,sí,17 492,sí,22/08/2016,prestadora A
89.0,mujer,grado II,solo,0.0,0.0,75.0,4.2,sí,distrito 2,16.705203301788178,no,14 868,sí,24/12/2019,prestadora B
84.0,mujer,grado I,solo,1.0,0.0,11.0,3.0,no,distrito 5,24.312748121156396,sí,52 662,no,30/01/2021,prestadora C
90.0,hombre,grado I,con familia,5.0,0.0,71.0,3.9,sí,distrito 9,26.829120330797487,no,39 059,no,15/02/2023,prestadora A
87.0,hombre,  grado I ,con pareja,17.0,0.0,2.0,4.6,sí,distrito 7,437.6735882619164,no,15 756,sí,17/01/2022,prestadora B
101.0,hombre,sin valorar,solo,2.0,1.0,17.0,6.5,sí,distrito 5,56.22771376926548,no,18 953,no,07/11/2023,prestadora B
89.0,mujer,  grado I ,con familia,5.0,0.0,42.0,4.5,no,distrito 5,23.93521404032299,no,17 311,sí,26/09/2017,prestadora B
80.0,mujer,GRADO II,solo,0.0,0.0,5.0,5.0,no,distrito 4,35.86955837788075,sí,15 579,N/D,25/01/2022,prestadora A
83.0,hombre,grado I,solo,0.0,0.0,8.0,1.3,no,distrito 5,105.97448055749683,sí,13 773,no,18/03/2020,prestadora A
87.0,mujer,sin valorar,con familia,0.0,0.0,54.0,2.0,sí,distrito 3,7.299069192241119,sí,14 616,sí,03/07/2022,prestadora B
86.0,mujer,grado III,solo,2.0,1.0,33.0,7.4,sí,distrito 10,555.6761859469392,no,15 921,sí,17/02/2019,prestadora B
81.0,mujer,GRADO III,con familia,4.0,0.0,37.0,2.4,no,distrito 1,56.74326762104205,sí,18 425,no,05/06/2017,prestadora B
72.0,mujer,grado II,con familia,0.0,1.0,33.0,3.8,no,distrito 10,26.65705485260411,sí,16 080,sí,18/10/2018,prestadora B
90.0,hombre,grado I,solo,3.0,0.0,21.0,8.6,no,distrito 7,335.1210213562259,no,11 037,no,20/09/2016,prestadora B
77.0,hombre,grado II,solo,2.0,1.0,78.0,4.2,sí,distrito 1,224.12629895000228,sí,20 632,sí,25/04/2022,prestadora B
65.0,hombre,grado I,con familia,1.0,1.0,11.0,4.6,no,distrito 10,7.554618914433962,no,19 611,sí,23/01/2020,prestadora B
80.0,hombre,grado II,con pareja,3.0,0.0,13.0,2.7,no,distrito 5,146.94213354160564,sí,11 480,no,26/05/2023,prestadora A
101.0,hombre,sin valorar,solo,4.0,0.0,40.0,8.6,sí,distrito 9,183.82619958967075,sí,18 256,sí,08/10/2018,prestadora B
65.0,mujer,sin valorar,con familia,1.0,0.0,10.0,1.6,no,distrito 1,7.640052672777526,no,27 293,no,09/01/2023,prestadora B
80.0,mujer,grado I,con pareja,1.0,2.0,13.0,4.9,no,distrito 11,11.295937498037999,no,16 576,sí,05/04/2016,prestadora B
80.0,mujer,grado II,con pareja,2.0,1.0,36.0,8.8,no,distrito 2,39.19202579967227,sí,24 870,sí,20/06/2017,prestadora C
88.0,mujer,grado I,con pareja,8.0,1.0,25.0,4.0,no,distrito 1,115.74256373670985,no,7 178,sí,18/11/2023,prestadora A
73.0,mujer,grado II,con familia,2.0,0.0,29.0,2.2,no,distrito 10,45.7536153348138,sí,22 521,sí,26/06/2022,prestadora A
83.0,mujer,sin valorar,solo,7.0,1.0,42.0,3.2,no,distrito 4,170.65730003362629,sí,28 663,sí,30/10/2017,prestadora A
74.0,mujer,grado II,con familia,1.0,0.0,116.0,9.5,sí,distrito 8,11.82270271926539,no,16 556,sí,25/10/2017,prestadora A
80.0,mujer,grado II,solo,1.0,1.0,61.0,2.1,no,distrito 9,48.26764872311573,sí,21 045,sí,14/04/2023,prestadora C
79.0,mujer,sin valorar,solo,3.0,2.0,74.0,3.9,no,distrito 8,59.02108256281003,sí,27 553,sí,08/04/2023,prestadora A
86.0,hombre,grado III,con familia,3.0,1.0,73.0,9.7,sí,distrito 5,81.1933972220826,no,7 155,sí,27/10/2022,prestadora C
92.0,mujer,grado II,con familia,5.0,0.0,18.0,7.7,no,distrito 9,95.07592365690711,no,16 209,sí,27/02/2023,prestadora B
77.0,hombre,grado II,solo,2.0,0.0,19.0,9.0,sí,distrito 9,97.86824505512128,no,14 044,N/D,24/05/2019,prestadora A
77.0,mujer,sin valorar,con familia,0.0,0.0,41.0,12.0,sí,distrito 5,24.16310722092419,no,17 740,sí,19/12/2019,prestadora A
92.0,hombre,grado III,solo,4.0,0.0,6.0,8.4,no,distrito 9,129.68941507280917,sí,23 358,no,26/05/2018,prestadora A
86.0,mujer,GRADO I,solo,3.0,0.0,8.0,8.3,sí,distrito 7,220.5433193877428,sí,19 243,sí,16/07/2020,prestadora B
78.0,mujer,sin valorar,solo,12.0,0.0,28.0,5.8,no,distrito 9,275.0230412683631,sí,17 072,sí,27/07/2019,prestadora C
93.0,mujer,grado II,con familia,1.0,1.0,41.0,4.3,no,distrito 7,46.423374492943175,no,11 286,sí,28/09/2021,prestadora C
76.0,mujer,grado I,con familia,2.0,2.0,25.0,3.3,no,distrito 7,19.36984568962656,sí,17 320,sí,15/01/2019,prestadora B
81.0,mujer,grado II,con familia,2.0,1.0,28.0,11.0,no,distrito 3,116.9847832996054,sí,16 770,sí,04/06/2022,prestadora A
71.0,mujer,grado III,con pareja,3.0,0.0,18.0,11.4,no,distrito 3,352.87381155087314,sí,6 965,sí,15/10/2020,prestadora B
99.0,mujer,grado I,con familia,5.0,0.0,3.0,0.5,no,distrito 7,136.2739429747314,sí,21 228,sí,23/02/2018,prestadora A
75.0,mujer,grado II,solo,0.0,0.0,108.0,1.7,no,distrito 1,7.629041152323999,no,16 028,no,25/01/2024,prestadora C
84.0,hombre,grado II,solo,1.0,3.0,30.0,3.8,sí,distrito 4,137.74347680632755,sí,6 979,sí,01/04/2022,prestadora C
86.0,hombre,sin valorar,con familia,1.0,6.0,60.0,1.3,sí,distrito 10,11.967196799337183,sí,11 816,no,11/04/2022,prestadora C
92.0,hombre,sin valorar,con familia,13.0,0.0,27.0,5.2,sí,distrito 3,251.0141042840323,sí,14 159,no,18/05/2019,prestadora B
87.0,mujer,  grado I ,con pareja,1.0,1.0,12.0,4.1,no,distrito 9,12.03461964753159,sí,15 799,no,03/02/2020,prestadora A
93.0,mujer,grado I,solo,2.0,2.0,74.0,1.7,no,distrito 4,43.373645962870256,no,20 759,sí,28/12/2017,prestadora B
89.0,hombre,GRADO I,solo,1.0,2.0,19.0,1.5,no,distrito 7,77.91606277736284,sí,13 428,no,25/09/2020,prestadora C
77.0,mujer,sin valorar,con pareja,0.0,0.0,75.0,0.9,sí,distrito 11,10.367401556996963,sí,14 210,no,15/01/2020,prestadora A
85.0,hombre,grado I,con pareja,2.0,0.0,6.0,0.8,no,distrito 5,75.45333826378392,sí,8 866,sí,06/02/2016,prestadora A
83.0,mujer,grado II,solo,2.0,2.0,82.0,5.7,no,distrito 10,40.2916936891617,no,8 840,sí,12/04/2023,prestadora C
78.0,mujer,  grado II ,con familia,3.0,0.0,33.0,6.9,no,distrito 8,68.90218566143432,sí,12 209,no,14/09/2019,prestadora C
69.0,mujer,GRADO I,con pareja,8.0,4.0,23.0,7.3,no,distrito 6,385.59074054139336,sí,16 753,sí,06/08/2019,prestadora B
77.0,mujer,sin valorar,solo,6.0,1.0,37.0,4.5,no,distrito 10,71.3859182855799,sí,9 428,sí,01/06/2024,prestadora C
73.0,mujer,  grado I ,con familia,0.0,2.0,40.0,2.1,no,distrito 2,12.046256517865023,sí,11 266,sí,29/06/2022,prestadora C
86.0,mujer,grado I,con familia,2.0,0.0,9.0,2.6,no,distrito 1,4.8776997369452895,no,9 709,no,07/09/2021,prestadora C
89.0,mujer,grado II,solo,1.0,0.0,76.0,1.5,no,distrito 10,53.844096742339985,sí,15 716,sí,15/11/2022,prestadora C
75.0,mujer,GRADO I,solo,4.0,2.0,76.0,3.4,no,distrito 10,104.30254521467899,no,23 711,sí,03/02/2022,prestadora C
78.0,mujer,sin valorar,con pareja,8.0,0.0,80.0,4.0,no,distrito 8,101.10662935714907,no,14 348,N/D,25/10/2020,prestadora B
94.0,hombre,grado III,solo,0.0,0.0,107.0,2.7,no,distrito 7,62.13315273411588,sí,12 418,no,19/05/2016,prestadora B
74.0,mujer,grado I,solo,1.0,0.0,38.0,1.9,sí,distrito 7,25.277268070597746,sí,12 607,sí,26/05/2019,prestadora B
92.0,hombre,  grado I ,con pareja,4.0,0.0,33.0,4.7,no,distrito 7,20.6032995415082,no,13 735,sí,27/11/2017,prestadora C
70.0,mujer,  grado I ,con pareja,3.0,0.0,41.0,2.3,sí,distrito 2,46.02242278101333,sí,9 581,no,18/04/2024,prestadora C
91.0,hombre,grado I,solo,2.0,0.0,19.0,6.3,no,distrito 4,92.20603358619587,no,11 315,sí,30/01/2020,prestadora C
74.0,mujer,SIN VALORAR,solo,0.0,0.0,31.0,2.2,no,distrito 1,5.247093052885981,no,7 820,no,18/03/2017,prestadora C
69.0,hombre,grado III,con familia,0.0,4.0,29.0,4.3,no,distrito 9,5.8231926181637945,sí,14 935,no,02/09/2016,prestadora B
93.0,mujer,grado I,con pareja,2.0,1.0,37.0,3.6,no,distrito 11,54.01548401979497,no,12 621,N/D,06/12/2016,prestadora B
72.0,mujer,sin valorar,solo,6.0,4.0,35.0,1.7,no,distrito 1,157.19787221341977,no,16 234,sí,29/01/2018,prestadora B
80.0,mujer,sin valorar,solo,0.0,0.0,32.0,1.0,no,distrito 2,5.081612307137727,sí,9 800,N/D,30/12/2022,prestadora B
83.0,hombre,grado I,solo,2.0,1.0,23.0,1.2,no,distrito 3,102.72872799304514,no,17 757,no,02/08/2019,prestadora B
74.0,mujer,grado III,con familia,0.0,0.0,11.0,3.5,no,distrito 10,15.884183924691929,sí,23 554,sí,07/01/2016,prestadora C
79.0,hombre,grado III,con familia,1.0,0.0,31.0,5.2,no,distrito 7,43.22897580170334,sí,21 510,no,24/04/2021,prestadora A
88.0,mujer,grado I,con pareja,4.0,0.0,38.0,0.6,no,distrito 9,31.592679948270902,sí,19 637,sí,29/10/2017,prestadora C
68.0,mujer,sin valorar,solo,2.0,0.0,33.0,0.9,sí,distrito 4,230.33153861216402,no,12 385,sí,01/04/2023,prestadora C
92.0,mujer,SIN VALORAR,con pareja,5.0,2.0,32.0,5.3,no,distrito 4,28.694014669688666,sí,9 821,no,16/06/2016,prestadora A
77.0,mujer,  grado II ,solo,1.0,0.0,31.0,2.5,sí,distrito 4,130.02554436525048,sí,20 444,sí,29/05/2022,prestadora A
74.0,hombre,grado I,solo,3.0,0.0,71.0,1.7,no,distrito 4,103.71959917785817,no,9 330,sí,12/06/2019,prestadora A
77.0,mujer,grado I,solo,6.0,0.0,55.0,9.5,no,distrito 2,254.9771103476478,no,25 857,no,22/10/2019,prestadora A
79.0,hombre,grado II,con pareja,3.0,6.0,72.0,5.2,no,distrito 8,238.31111667727015,sí,18 873,sí,21/10/2022,prestadora C
87.0,mujer,  grado I ,con pareja,0.0,0.0,14.0,1.6,sí,distrito 8,19.765435526606698,no,21 804,sí,15/05/2017,prestadora C
65.0,mujer,grado II,con pareja,4.0,1.0,38.0,0.5,no,distrito 4,34.183118383755335,no,19 775,sí,18/01/2018,prestadora B
75.0,hombre,grado III,solo,2.0,0.0,30.0,9.0,no,distrito 4,694.9198163937623,sí,15 071,sí,03/02/2022,prestadora C
89.0,mujer,grado I,con familia,5.0,0.0,9.0,3.7,no,distrito 7,27.68764676947382,no,13 430,N/D,02/03/2022,prestadora A
75.0,mujer,SIN VALORAR,con pareja,0.0,1.0,100.0,8.1,no,distrito 7,5.937839537608232,sí,17 963,no,25/04/2022,prestadora A
77.0,mujer,SIN VALORAR,con pareja,3.0,0.0,57.0,0.5,no,distrito 4,15.83966051321142,no,15 976,no,11/06/2021,prestadora C
80.0,mujer,grado III,con pareja,3.0,1.0,61.0,1.6,no,distrito 11,80.64104128902962,sí,13 281,sí,14/11/2019,prestadora A
82.0,mujer,sin valorar,solo,7.0,3.0,49.0,6.3,no,distrito 10,1139.393886635276,no,11 259,sí,14/11/2020,prestadora A
85.0,hombre,  grado I ,con pareja,7.0,0.0,27.0,1.5,sí,distrito 1,75.93456252480951,sí,17 097,sí,29/02/2020,prestadora B
88.0,hombre,grado II,solo,0.0,1.0,36.0,3.3,no,distrito 9,52.34388822558554,sí,10 939,no,28/09/2016,prestadora B
84.0,mujer,grado III,solo,16.0,0.0,145.0,11.4,no,distrito 5,4942.125921347574,sí,27 622,no,12/05/2018,prestadora B
95.0,mujer,grado II,con pareja,0.0,1.0,58.0,3.1,no,distrito 5,44.59418444513997,sí,9 499,no,12/01/2023,prestadora B
76.0,hombre,grado III,solo,2.0,0.0,14.0,4.8,no,distrito 9,159.04453563951782,no,26 033,sí,20/09/2016,prestadora A
88.0,mujer,grado III,solo,5.0,1.0,45.0,5.4,sí,distrito 8,741.1157974874851,no,24 661,sí,25/09/2022,prestadora A
78.0,mujer,grado II,con pareja,0.0,0.0,35.0,4.7,sí,distrito 11,15.672326362566453,sí,7 714,sí,17/08/2018,prestadora C
77.0,mujer,GRADO I,con pareja,5.0,3.0,56.0,6.8,sí,distrito 5,74.2647598374462,sí,23 780,sí,28/10/2023,prestadora C
84.0,mujer,sin valorar,solo,4.0,2.0,88.0,3.0,sí,distrito 11,46.80338008838661,no,38 195,sí,05/05/2021,prestadora A
88.0,mujer,sin valorar,con familia,1.0,0.0,31.0,5.4,sí,distrito 1,12.189841860770764,no,13 882,no,26/05/2018,prestadora A
85.0,mujer,  sin valorar ,con pareja,6.0,0.0,62.0,3.3,no,distrito 3,204.16111219433432,sí,16 935,no,26/11/2018,prestadora C
72.0,mujer,sin valorar,solo,0.0,0.0,120.0,10.2,sí,distrito 9,17.09919436732436,no,10 962,no,03/04/2017,prestadora A
82.0,mujer,  sin valorar ,con familia,2.0,1.0,49.0,3.0,no,distrito 6,14.804934811649865,no,15 136,sí,13/08/2020,prestadora C
86.0,hombre,sin valorar,con familia,3.0,0.0,35.0,2.0,no,distrito 6,36.75133056066546,sí,12 987,no,09/07/2024,prestadora B
73.0,mujer,grado I,con pareja,3.0,1.0,41.0,2.7,no,distrito 2,49.078725985818394,no,9 063,no,29/12/2017,prestadora B
69.0,mujer,grado III,con pareja,9.0,0.0,30.0,5.9,no,distrito 2,388.64112022334285,sí,8 955,no,12/02/2018,prestadora A
91.0,mujer,sin valorar,solo,0.0,0.0,38.0,3.2,no,distrito 6,23.64337546443123,no,12 987,no,22/06/2016,prestadora C
84.0,mujer,sin valorar,con pareja,0.0,0.0,26.0,2.3,no,distrito 6,4.001445395726686,sí,23 107,no,21/01/2021,prestadora B
78.0,hombre,sin valorar,con pareja,9.0,0.0,21.0,11.0,sí,distrito 6,159.44146153239174,sí,25 093,sí,19/08/2016,prestadora C
90.0,hombre,grado III,solo,0.0,1.0,16.0,4.9,no,distrito 1,27.756309285234217,no,13 062,sí,18/11/2022,prestadora B
83.0,hombre,sin valorar,solo,4.0,1.0,50.0,2.2,no,distrito 1,127.79319626214681,no,16 169,no,31/08/2020,prestadora B
77.0,hombre,grado II,solo,2.0,0.0,32.0,0.6,no,distrito 9,255.19558075136328,sí,9 480,no,03/07/2018,prestadora B
70.0,mujer,grado III,solo,3.0,1.0,28.0,2.5,no,distrito 3,130.03685031930914,no,22 530,no,29/03/2022,prestadora A
65.0,hombre,sin valorar,con pareja,1.0,0.0,54.0,5.1,no,distrito 10,17.462671643678426,no,18 959,sí,10/01/2022,prestadora A
85.0,mujer,grado III,solo,1.0,0.0,38.0,0.8,no,distrito 4,171.89194336517394,no,18 086,sí,24/10/2021,prestadora B
80.0,mujer,grado I,con pareja,3.0,0.0,43.0,5.7,no,distrito 2,31.678229599523444,no,11 893,no,10/12/2018,prestadora B
80.0,mujer,grado I,con pareja,1.0,2.0,14.0,4.1,no,distrito 8,26.40385140621997,no,20 082,no,22/05/2023,prestadora A
88.0,hombre,sin valorar,con pareja,2.0,1.0,47.0,2.9,sí,distrito 8,4.081046299621201,sí,11 116,no,25/11/2021,prestadora A
102.0,hombre,sin valorar,con familia,2.0,2.0,30.0,1.6,no,distrito 5,53.398378643254595,sí,17 477,no,18/02/2024,prestadora A
80.0,mujer,sin valorar,solo,0.0,0.0,132.0,8.7,no,distrito 1,7.212318835640496,sí,21 822,no,18/04/2019,prestadora A
100.0,mujer,grado I,con familia,5.0,0.0,28.0,1.0,sí,distrito 4,84.95989375322762,sí,12 400,sí,27/05/2017,prestadora A
81.0,mujer,grado I,solo,6.0,0.0,56.0,1.8,no,distrito 11,299.10198199856853,no,8 272,N/D,04/12/2016,prestadora B
87.0,hombre,grado II,con familia,6.0,0.0,29.0,2.5,no,distrito 7,136.6402860677548,sí,10 398,sí,02/10/2016,prestadora A
85.0,mujer,sin valorar,solo,13.0,1.0,10.0,2.3,no,distrito 6,671.0358787512884,no,13 521,no,05/11/2016,prestadora B
76.0,mujer,sin valorar,solo,1.0,0.0,38.0,3.5,no,distrito 8,31.22144620961117,no,21 093,no,18/10/2017,prestadora B
78.0,mujer,grado III,solo,2.0,0.0,7.0,6.6,no,distrito 5,687.7110076438286,sí,23 109,no,22/01/2020,prestadora C
82.0,hombre,grado II,con pareja,10.0,0.0,20.0,1.5,no,distrito 5,265.77409013060264,sí,9 400,no,10/11/2023,prestadora B
81.0,mujer,  sin valorar ,solo,1.0,0.0,85.0,4.5,no,distrito 5,92.28463182407684,no,7 401,no,06/12/2019,prestadora A
74.0,mujer,grado III,con familia,4.0,1.0,81.0,1.6,sí,distrito 8,47.113713063738885,sí,21 889,sí,24/08/2023,prestadora A
83.0,mujer,grado II,con pareja,4.0,2.0,46.0,0.7,no,distrito 8,83.0658269187299,no,15 332,no,18/10/2018,prestadora B
65.0,hombre,  grado I ,con pareja,3.0,0.0,34.0,0.9,no,distrito 5,93.00491259008645,no,9 207,sí,20/02/2024,prestadora B
99.0,mujer,grado II,solo,8.0,5.0,47.0,5.4,sí,distrito 6,740.3685718395333,sí,10 946,sí,09/07/2023,prestadora A
65.0,mujer,grado II,con pareja,7.0,0.0,35.0,5.8,sí,distrito 6,61.71366346194496,no,5 676,sí,13/02/2019,prestadora C
90.0,hombre,GRADO III,solo,0.0,0.0,2.0,2.3,no,distrito 10,57.44774702814949,no,10 333,sí,28/09/2021,prestadora C
81.0,hombre,  grado I ,solo,7.0,0.0,54.0,2.0,sí,distrito 7,223.82259467673492,sí,14 096,sí,08/01/2019,prestadora C
81.0,mujer,grado III,solo,0.0,1.0,49.0,5.1,no,distrito 1,46.31292072920724,no,10 413,no,17/03/2023,prestadora B
86.0,mujer,grado III,con pareja,9.0,0.0,31.0,2.5,sí,distrito 5,337.3541262226389,no,18 337,no,23/10/2016,prestadora A
70.0,mujer,sin valorar,solo,0.0,0.0,60.0,2.1,no,distrito 8,8.082879894405995,sí,7 194,sí,17/03/2023,prestadora B
88.0,mujer,grado I,solo,1.0,0.0,14.0,5.6,no,distrito 9,18.509606780311564,sí,15 005,no,17/01/2024,prestadora B
84.0,mujer,grado II,solo,1.0,0.0,11.0,2.6,no,distrito 2,86.95439425714314,sí,9 032,sí,19/12/2017,prestadora A
89.0,hombre,sin valorar,solo,3.0,0.0,14.0,5.5,sí,distrito 9,269.0549303947606,sí,18 502,sí,30/05/2019,prestadora A
82.0,mujer,grado I,con pareja,7.0,0.0,78.0,3.8,no,distrito 4,262.62790603234316,no,7 693,no,07/08/2021,prestadora B
85.0,mujer,grado I,solo,2.0,1.0,10.0,2.3,no,distrito 8,214.06392080997858,sí,27 062,sí,06/08/2020,prestadora A
92.0,hombre,sin valorar,solo,0.0,3.0,56.0,3.6,no,distrito 4,75.11605863942424,no,29 580,no,09/04/2020,prestadora A
75.0,mujer,grado I,solo,1.0,0.0,35.0,2.1,no,distrito 5,52.584191781829695,sí,14 030,no,01/10/2018,prestadora C
93.0,mujer,grado II,solo,12.0,0.0,10.0,0.1,no,distrito 5,2255.292132110555,sí,15 653,sí,06/11/2020,prestadora B
80.0,hombre,grado I,con pareja,7.0,2.0,26.0,5.4,no,distrito 8,241.23351885259518,sí,11 033,sí,03/04/2024,prestadora A
75.0,hombre,sin valorar,con familia,9.0,0.0,46.0,6.6,no,distrito 10,34.951414251589185,sí,23 242,no,30/06/2021,prestadora B
94.0,hombre,GRADO I,solo,4.0,0.0,4.0,2.1,no,distrito 2,369.45204753108555,sí,32 413,no,12/03/2016,prestadora A
90.0,mujer,sin valorar,solo,7.0,0.0,47.0,3.3,no,distrito 2,268.5947080055472,no,12 140,no,08/02/2021,prestadora B
86.0,mujer,grado II,con pareja,2.0,2.0,26.0,1.6,no,distrito 5,34.32779547613658,no,9 648,sí,15/11/2021,prestadora A
82.0,hombre,grado III,con familia,0.0,0.0,38.0,11.4,no,distrito 5,36.20673397484212,sí,10 419,no,21/07/2023,prestadora B
85.0,mujer,grado I,solo,0.0,8.0,50.0,0.8,sí,distrito 6,20.288260788704207,no,9 206,sí,19/12/2016,prestadora B
69.0,mujer,grado II,con pareja,0.0,2.0,50.0,0.4,sí,distrito 4,22.786827932455623,sí,14 279,sí,13/04/2018,prestadora B
93.0,hombre,grado II,con pareja,2.0,0.0,45.0,2.0,no,distrito 10,201.4955215077931,sí,5 745,sí,15/06/2021,prestadora A
94.0,hombre,grado II,con familia,3.0,4.0,10.0,8.0,no,distrito 7,40.9579092512796,sí,12 259,sí,21/01/2022,prestadora C
103.0,hombre,GRADO III,con pareja,4.0,0.0,21.0,7.4,no,distrito 4,373.39396993353364,no,18 694,no,02/02/2018,prestadora B
82.0,mujer,  grado I ,con familia,1.0,0.0,56.0,6.8,no,distrito 9,6.788608773845971,sí,16 809,no,18/09/2023,prestadora C
69.0,hombre,sin valorar,con familia,0.0,0.0,32.0,8.0,no,distrito 6,14.985487556919967,sí,20 499,no,09/08/2021,prestadora A
71.0,mujer,grado I,solo,0.0,0.0,124.0,2.9,no,distrito 8,17.52199769124463,no,9 012,sí,03/05/2017,prestadora A
85.0,hombre,grado II,con familia,1.0,0.0,16.0,6.4,sí,distrito 11,43.71833350882413,sí,16 817,no,29/04/2020,prestadora A
76.0,mujer,grado III,con pareja,0.0,2.0,60.0,1.9,no,distrito 8,31.552525512036958,sí,17 351,sí,17/04/2016,prestadora B
77.0,mujer,sin valorar,con pareja,0.0,0.0,30.0,5.1,no,distrito 9,15.904831506719766,sí,7 741,sí,06/04/2024,prestadora A
71.0,hombre,GRADO II,solo,1.0,2.0,61.0,5.2,no,distrito 1,31.30495229068835,sí,17 153,N/D,20/01/2018,prestadora C
71.0,mujer,  grado I ,con familia,4.0,0.0,34.0,5.7,no,distrito 11,87.0647094822839,sí,9 596,sí,01/08/2016,prestadora C
86.0,mujer,grado II,solo,3.0,0.0,103.0,11.9,no,distrito 2,343.66937914433606,sí,13 710,sí,24/12/2023,prestadora A
77.0,hombre,  grado III ,con pareja,2.0,0.0,21.0,4.5,sí,distrito 5,76.96754973886341,sí,11 479,no,06/08/2021,prestadora A
91.0,mujer,grado I,solo,1.0,5.0,93.0,0.8,no,distrito 8,96.5637778760421,sí,6 948,sí,02/07/2016,prestadora B
87.0,mujer,grado I,solo,1.0,2.0,62.0,11.3,no,distrito 5,139.41025774161778,sí,18 743,sí,06/02/2024,prestadora B
70.0,mujer,grado III,solo,0.0,1.0,41.0,7.6,no,distrito 4,70.20280188134103,no,24 581,sí,30/08/2023,prestadora A
79.0,mujer,sin valorar,con pareja,8.0,0.0,28.0,6.5,no,distrito 8,170.9930600433053,no,45 697,no,29/06/2022,prestadora B
74.0,hombre,grado I,con pareja,3.0,0.0,38.0,3.1,no,distrito 1,32.70508258636293,sí,14 100,no,18/04/2023,prestadora B
81.0,mujer,grado I,solo,5.0,0.0,103.0,10.7,no,distrito 11,141.17915173154796,no,11 569,no,29/12/2019,prestadora C
90.0,hombre,  grado II ,solo,0.0,0.0,14.0,9.1,no,distrito 2,32.27568783275423,sí,13 484,sí,21/08/2018,prestadora B
84.0,mujer,grado II,con familia,7.0,0.0,92.0,7.5,no,distrito 8,38.654318228510576,sí,19 767,sí,09/05/2018,prestadora B
73.0,mujer,grado I,con pareja,2.0,0.0,36.0,8.5,no,distrito 2,184.2120530090497,no,29 875,no,01/09/2022,prestadora A
79.0,hombre,grado I,solo,0.0,0.0,75.0,7.3,no,distrito 11,23.979734905687128,no,23 085,sí,21/10/2017,prestadora A
79.0,mujer,grado II,con pareja,0.0,0.0,36.0,5.6,sí,distrito 2,41.22039832449088,sí,8 963,sí,03/12/2020,prestadora A
85.0,hombre,  grado I ,con pareja,4.0,0.0,67.0,8.3,no,distrito 8,86.18717859635042,no,20 693,no,26/10/2023,prestadora C
81.0,mujer,grado I,solo,1.0,0.0,72.0,9.4,no,distrito 8,12.637588667509357,no,23 640,no,09/01/2016,prestadora A
70.0,mujer,sin valorar,solo,6.0,0.0,26.0,4.8,no,distrito 10,73.3723682299408,sí,11 506,sí,26/12/2022,prestadora B
74.0,mujer,grado I,solo,0.0,0.0,23.0,1.7,no,distrito 1,18.177423100793224,no,24 281,sí,19/10/2018,prestadora C
90.0,mujer,grado I,solo,1.0,1.0,29.0,4.3,no,distrito 8,53.553509281577696,no,13 237,no,25/11/2021,prestadora A
70.0,mujer,GRADO III,con familia,1.0,3.0,38.0,3.3,no,distrito 3,51.02348082819011,sí,7 915,no,15/02/2016,prestadora C
86.0,mujer,GRADO II,con familia,2.0,1.0,52.0,2.6,no,distrito 7,15.017893416192715,no,10 776,sí,01/10/2018,prestadora B
78.0,mujer,sin valorar,solo,0.0,0.0,8.0,4.7,no,distrito 5,51.332749493504785,no,18 134,no,27/09/2019,prestadora C
87.0,mujer,grado II,con familia,0.0,0.0,37.0,2.2,no,distrito 2,18.92472145000627,no,10 161,no,22/08/2019,prestadora A
86.0,hombre,sin valorar,con familia,5.0,0.0,23.0,3.9,no,distrito 3,32.16631762965356,no,11 336,sí,07/09/2020,prestadora A
80.0,hombre,grado I,solo,1.0,0.0,3.0,3.6,sí,distrito 10,75.25796530461288,sí,13 534,N/D,09/07/2021,prestadora A
75.0,mujer,sin valorar,con familia,3.0,0.0,10.0,6.4,no,distrito 1,18.536626240781715,no,6 770,sí,10/11/2016,prestadora B
89.0,hombre,sin valorar,solo,0.0,0.0,24.0,2.4,no,distrito 1,19.729051626227143,no,5 707,no,11/10/2016,prestadora C
86.0,mujer,grado II,solo,4.0,0.0,14.0,10.6,no,distrito 1,248.61990266146233,sí,20 576,sí,09/09/2020,prestadora C
74.0,mujer,GRADO I,con familia,4.0,0.0,91.0,14.4,sí,distrito 5,26.389854707144522,no,19 064,sí,14/11/2021,prestadora A
87.0,hombre,grado II,solo,3.0,0.0,4.0,3.0,no,distrito 3,320.7368617336287,no,11 681,no,05/03/2020,prestadora A
81.0,hombre,sin valorar,con familia,3.0,0.0,24.0,2.6,no,distrito 10,22.120326434074062,no,21 172,sí,09/02/2019,prestadora C
65.0,hombre,  grado II ,solo,3.0,1.0,16.0,4.6,no,distrito 10,25.71505862972152,no,22 854,no,08/08/2022,prestadora A
95.0,mujer,grado I,solo,0.0,2.0,27.0,0.6,no,distrito 10,15.27640657984064,no,17 929,sí,18/02/2023,prestadora C
91.0,mujer,grado II,solo,0.0,1.0,9.0,1.1,no,distrito 4,49.01725786592956,sí,23 084,sí,27/02/2019,prestadora B
66.0,mujer,grado I,con familia,1.0,0.0,71.0,6.4,sí,distrito 1,14.600389947046798,sí,10 660,no,25/03/2016,prestadora C
72.0,hombre,grado II,con familia,1.0,1.0,42.0,3.4,sí,distrito 1,37.90224153584067,no,10 199,sí,19/10/2022,prestadora A
88.0,mujer,grado II,con familia,1.0,0.0,47.0,7.1,no,distrito 5,13.905010500166451,sí,29 516,sí,16/12/2017,prestadora C
76.0,hombre,grado II,con familia,3.0,1.0,70.0,2.9,no,distrito 6,36.76685091983279,sí,26 245,sí,09/09/2023,prestadora A
74.0,mujer,grado I,con pareja,2.0,0.0,52.0,5.4,no,distrito 11,25.82964566862161,sí,22 169,sí,16/02/2019,prestadora B
89.0,hombre,grado I,con pareja,2.0,0.0,83.0,2.7,no,distrito 4,13.912099197551496,no,14 042,sí,04/10/2017,prestadora C
79.0,mujer,grado II,con pareja,11.0,0.0,79.0,2.3,no,distrito 10,291.3104246764292,no,10 401,no,26/11/2016,prestadora C
72.0,mujer,grado II,con familia,9.0,0.0,37.0,2.4,no,distrito 1,128.72796480583986,no,16 439,no,23/06/2019,prestadora C
75.0,mujer,sin valorar,con pareja,4.0,0.0,58.0,4.7,sí,distrito 6,26.893654033352064,sí,26 129,no,06/11/2017,prestadora C
88.0,mujer,grado II,solo,2.0,0.0,7.0,4.2,no,distrito 1,98.20043743729836,sí,23 143,sí,03/11/2019,prestadora A
76.0,hombre,GRADO I,con pareja,0.0,5.0,34.0,8.7,no,distrito 4,23.100637179912937,sí,12 727,no,11/08/2023,prestadora A
79.0,mujer,grado III,con pareja,2.0,2.0,12.0,4.8,no,distrito 6,175.1385195348802,sí,6 976,N/D,04/03/2023,prestadora A
94.0,hombre,GRADO II,solo,9.0,2.0,33.0,0.3,no,distrito 8,322.116267223249,no,18 881,sí,12/08/2017,prestadora A
72.0,mujer,grado I,con familia,3.0,0.0,14.0,5.6,sí,distrito 2,75.81724579772828,sí,13 909,no,08/11/2020,prestadora A
73.0,mujer,grado III,solo,13.0,3.0,103.0,2.0,no,distrito 8,1033.1007264839582,no,11 885,sí,11/11/2017,prestadora C
88.0,mujer,grado I,con pareja,2.0,4.0,12.0,2.6,sí,distrito 9,62.558453467668265,sí,23 789,sí,30/03/2017,prestadora B
93.0,mujer,sin valorar,solo,6.0,0.0,18.0,4.7,no,distrito 8,133.56051131457767,sí,17 568,no,10/08/2023,prestadora B
92.0,mujer,grado III,solo,3.0,0.0,20.0,1.3,sí,distrito 4,409.2124876435245,sí,9 042,sí,27/06/2021,prestadora A
71.0,mujer,grado I,con pareja,2.0,1.0,50.0,1.2,sí,distrito 3,22.666120681345728,sí,4 276,sí,08/09/2023,prestadora C
83.0,mujer,grado I,con pareja,6.0,1.0,23.0,4.7,no,distrito 3,65.9586570271141,sí,11 621,no,23/06/2019,prestadora C
72.0,mujer,grado I,con pareja,2.0,0.0,3.0,1.3,sí,distrito 9,16.403054665640305,no,10 660,sí,22/06/2020,prestadora A
81.0,mujer,grado III,solo,7.0,3.0,29.0,1.9,sí,distrito 4,1287.6915819310163,no,37 102,sí,19/05/2024,prestadora B
81.0,hombre,grado II,con familia,1.0,2.0,37.0,3.0,no,distrito 11,8.146509121946139,sí,22 902,sí,28/01/2016,prestadora B
86.0,mujer,GRADO II,solo,9.0,0.0,3.0,1.2,no,distrito 3,1755.59766648744,sí,16 994,no,08/09/2016,prestadora A
76.0,hombre,grado I,solo,5.0,0.0,42.0,2.2,sí,distrito 2,195.5646638746809,sí,31 865,sí,15/01/2024,prestadora A
84.0,hombre,GRADO I,solo,0.0,2.0,14.0,1.5,no,distrito 5,26.829280247842178,no,11 859,no,18/03/2018,prestadora A
81.0,mujer,grado II,solo,1.0,0.0,68.0,3.7,sí,distrito 6,79.32822181301071,sí,11 568,no,23/09/2017,prestadora B
78.0,hombre,grado I,solo,4.0,0.0,19.0,5.3,sí,distrito 7,111.4962561096412,sí,16 637,sí,02/08/2016,prestadora A
81.0,mujer,grado III,solo,4.0,0.0,56.0,3.2,no,distrito 11,48.622664222784564,no,20 379,sí,28/06/2022,prestadora B
89.0,mujer,GRADO II,solo,2.0,0.0,6.0,3.0,no,distrito 3,106.89176847623173,sí,33 086,no,04/02/2018,prestadora C
74.0,mujer,grado II,solo,4.0,0.0,31.0,2.9,sí,distrito 7,47.021502088789035,sí,19 375,sí,20/08/2021,prestadora C
88.0,mujer,grado I,con familia,1.0,1.0,9.0,1.3,sí,distrito 6,111.52355143454942,no,14 800,sí,21/07/2023,prestadora B
92.0,mujer,grado I,solo,1.0,1.0,22.0,2.9,no,distrito 1,55.9783296410259,sí,17 139,no,01/07/2021,prestadora C
80.0,mujer,sin valorar,solo,2.0,0.0,33.0,2.6,no,distrito 5,121.74166789818793,sí,23 441,sí,06/02/2016,prestadora C
77.0,mujer,sin valorar,con pareja,4.0,0.0,16.0,8.8,no,distrito 8,58.05588549000939,sí,10 203,sí,24/04/2020,prestadora C
74.0,hombre,grado II,solo,9.0,1.0,38.0,2.3,sí,distrito 11,298.9694698337591,sí,14 276,no,15/02/2020,prestadora A
90.0,mujer,  grado I ,solo,3.0,0.0,33.0,2.5,sí,distrito 10,131.9260024310287,no,4 600,no,12/05/2022,prestadora C
82.0,mujer,grado I,solo,1.0,3.0,18.0,15.5,sí,distrito 8,174.6229781690019,sí,14 181,sí,24/09/2019,prestadora C
76.0,mujer,  sin valorar ,solo,1.0,0.0,31.0,5.0,no,distrito 3,42.3260432604981,sí,14 624,no,21/06/2018,prestadora C
87.0,mujer,GRADO III,solo,6.0,0.0,14.0,6.2,no,distrito 1,2370.439265152382,no,17 820,sí,22/11/2019,prestadora C
85.0,mujer,sin valorar,solo,0.0,1.0,37.0,5.2,sí,distrito 6,55.73142700714155,sí,26 021,no,02/02/2023,prestadora A
95.0,hombre,grado I,solo,1.0,0.0,11.0,9.6,sí,distrito 11,65.10587792468654,no,27 400,no,28/02/2023,prestadora B
81.0,mujer,  grado II ,con pareja,4.0,0.0,71.0,2.1,no,distrito 6,106.91126162617833,sí,34 200,no,06/02/2020,prestadora B
97.0,mujer,grado II,con familia,4.0,1.0,86.0,10.9,no,distrito 9,98.1900751524426,sí,14 763,no,09/03/2017,prestadora C
80.0,hombre,grado II,solo,0.0,0.0,93.0,9.2,no,distrito 9,29.45808101117666,sí,25 509,no,22/07/2019,prestadora C
71.0,mujer,grado I,con pareja,0.0,0.0,30.0,12.2,sí,distrito 2,10.8312096558475,sí,14 747,sí,15/11/2023,prestadora A
85.0,mujer,grado I,solo,1.0,0.0,49.0,4.3,sí,distrito 8,49.83896690313687,sí,12 957,sí,07/09/2020,prestadora C
80.0,hombre,grado II,con familia,3.0,1.0,26.0,3.1,no,distrito 11,82.34561571006769,no,17 406,no,06/06/2020,prestadora B
73.0,hombre,grado I,solo,14.0,0.0,58.0,7.2,no,distrito 4,1305.752536207813,sí,16 377,sí,08/05/2016,prestadora C
86.0,mujer,GRADO II,con pareja,7.0,2.0,57.0,2.1,no,distrito 5,285.2138690511579,sí,11 949,sí,30/03/2020,prestadora C
73.0,hombre,grado I,con pareja,0.0,1.0,10.0,0.3,no,distrito 4,11.84319564810116,sí,10 064,no,04/12/2023,prestadora B
83.0,hombre,grado II,con pareja,8.0,0.0,67.0,4.8,no,distrito 10,228.1354340003859,no,17 115,no,31/03/2016,prestadora C
76.0,mujer,grado II,con pareja,4.0,0.0,29.0,3.9,sí,distrito 6,108.78078013937427,sí,23 540,sí,20/09/2021,prestadora B
76.0,hombre,grado I,solo,0.0,0.0,49.0,2.2,no,distrito 7,12.951595181907031,no,22 341,sí,10/08/2016,prestadora C
94.0,mujer,  grado I ,solo,7.0,0.0,49.0,5.3,no,distrito 4,458.69161597454826,sí,13 509,no,30/07/2019,prestadora B
87.0,mujer,sin valorar,solo,2.0,1.0,37.0,1.1,no,distrito 11,45.43540232480835,sí,23 033,sí,07/06/2017,prestadora B
76.0,mujer,grado III,con familia,3.0,0.0,54.0,5.1,no,distrito 5,19.153175886261185,sí,14 952,no,02/11/2016,prestadora C
95.0,mujer,  sin valorar ,con familia,0.0,1.0,27.0,3.7,sí,distrito 2,12.734777687816015,no,13 792,no,31/10/2020,prestadora B
88.0,hombre,grado II,con pareja,0.0,6.0,88.0,2.4,no,distrito 3,13.187616769941359,sí,21 988,sí,28/10/2021,prestadora A
85.0,hombre,grado II,con pareja,1.0,1.0,48.0,14.1,no,distrito 4,89.39557691239742,sí,6 028,sí,03/12/2019,prestadora C
81.0,mujer,sin valorar,con familia,0.0,0.0,38.0,0.4,no,distrito 8,11.177141747533478,no,8 264,sí,17/06/2021,prestadora C
94.0,hombre,grado III,solo,2.0,2.0,76.0,2.2,sí,distrito 5,139.3308607050393,sí,16 187,no,21/03/2022,prestadora C
78.0,mujer,sin valorar,solo,0.0,0.0,21.0,6.6,no,distrito 8,48.208526952333514,no,15 245,no,18/10/2016,prestadora B
78.0,mujer,grado III,con familia,2.0,0.0,63.0,5.4,no,distrito 1,28.81315047509463,no,12 719,sí,17/03/2016,prestadora C
77.0,mujer,grado III,solo,5.0,0.0,53.0,2.3,no,distrito 10,269.0571167775775,sí,9 591,sí,30/03/2020,prestadora C
84.0,mujer,grado III,solo,4.0,3.0,28.0,3.5,no,distrito 7,276.919322329565,sí,8 263,no,22/12/2017,prestadora B
82.0,hombre,grado II,solo,3.0,0.0,14.0,3.9,no,distrito 8,328.0519630435414,no,16 954,no,29/12/2022,prestadora C
82.0,hombre,sin valorar,solo,0.0,0.0,57.0,1.6,no,distrito 1,2.4990843249496515,sí,16 494,no,22/03/2023,prestadora A
81.0,hombre,sin valorar,solo,4.0,0.0,28.0,1.9,no,distrito 3,65.16403586281037,no,13 583,no,10/09/2016,prestadora C
90.0,mujer,grado III,solo,1.0,2.0,23.0,0.9,no,distrito 5,75.63403081300808,no,11 350,no,01/07/2022,prestadora B
80.0,mujer,  sin valorar ,con pareja,10.0,0.0,49.0,6.0,sí,distrito 6,62.91414138209819,no,8 736,sí,19/10/2020,prestadora A
89.0,mujer,  sin valorar ,con pareja,4.0,1.0,8.0,4.7,no,distrito 7,74.72173259777355,no,14 757,sí,19/09/2023,prestadora B
68.0,mujer,grado III,solo,5.0,1.0,21.0,7.4,no,distrito 4,604.3253155935885,sí,38 392,sí,05/12/2021,prestadora C
84.0,mujer,grado I,solo,6.0,0.0,37.0,1.1,no,distrito 4,164.22170296271167,sí,17 083,no,24/11/2016,prestadora A
80.0,mujer,grado II,con familia,5.0,0.0,26.0,8.5,no,distrito 9,54.5191089840156,sí,15 382,sí,16/05/2024,prestadora B
84.0,mujer,grado I,solo,0.0,0.0,34.0,1.6,sí,distrito 1,28.44179151911225,sí,25 025,no,16/09/2024,prestadora A
90.0,mujer,grado III,con pareja,0.0,1.0,27.0,4.9,no,distrito 7,33.924056144735715,no,13 444,no,08/03/2019,prestadora B
75.0,mujer,grado II,solo,2.0,1.0,17.0,6.3,no,distrito 9,201.4494473417797,sí,18 689,no,21/10/2021,prestadora A
86.0,mujer,sin valorar,solo,11.0,0.0,55.0,1.9,no,distrito 8,184.6466980520642,sí,12 052,N/D,24/05/2022,prestadora A
76.0,mujer,grado I,solo,4.0,3.0,1.0,5.9,sí,distrito 4,1232.8791320782927,no,21 110,sí,17/12/2020,prestadora B
78.0,mujer,grado I,con pareja,0.0,0.0,86.0,4.9,sí,distrito 10,15.956855713408073,no,18 485,no,02/12/2018,prestadora A
76.0,mujer,sin valorar,solo,0.0,1.0,25.0,2.7,sí,distrito 7,47.717909309005165,sí,20 397,no,19/10/2018,prestadora B
66.0,hombre,sin valorar,con pareja,1.0,0.0,30.0,2.4,no,distrito 3,18.34965609036249,no,14 483,no,04/08/2022,prestadora C
83.0,mujer,grado II,solo,4.0,0.0,53.0,4.6,sí,distrito 1,168.68691186175565,sí,13 237,no,22/05/2016,prestadora C
81.0,mujer,SIN VALORAR,con pareja,1.0,1.0,41.0,7.0,no,distrito 9,12.533623089055084,no,16 314,sí,16/05/2022,prestadora A
87.0,mujer,  grado I ,con familia,1.0,0.0,49.0,1.9,no,distrito 2,10.300028109467288,sí,16 368,sí,24/11/2023,prestadora A
84.0,mujer,grado III,solo,2.0,1.0,31.0,0.6,no,distrito 10,62.445672989396684,no,15 106,no,25/10/2016,prestadora C
75.0,hombre,grado I,solo,1.0,0.0,19.0,6.3,no,distrito 8,21.444110858977638,sí,7 832,no,12/07/2019,prestadora C
82.0,mujer,SIN VALORAR,con familia,10.0,0.0,5.0,2.8,sí,distrito 10,141.98179240709473,sí,21 432,sí,20/04/2021,prestadora A
84.0,mujer,grado II,solo,5.0,2.0,39.0,3.2,no,distrito 8,976.6716244908356,sí,18 196,sí,12/12/2016,prestadora B
88.0,mujer,grado I,con pareja,0.0,0.0,19.0,3.4,no,distrito 8,13.724641554186247,no,12 963,sí,21/03/2023,prestadora C
76.0,mujer,sin valorar,con pareja,3.0,1.0,59.0,2.1,no,distrito 1,54.03276667466524,sí,9 816,sí,21/09/2019,prestadora C
94.0,hombre,grado III,solo,2.0,3.0,27.0,5.5,no,distrito 4,181.83579558610575,sí,17 937,sí,01/09/2018,prestadora B
84.0,hombre,SIN VALORAR,solo,1.0,0.0,69.0,3.2,no,distrito 1,9.409213928152312,sí,9 828,sí,11/09/2019,prestadora B
92.0,hombre,sin valorar,solo,3.0,0.0,57.0,3.4,sí,distrito 8,29.16136781083271,sí,18 982,no,18/06/2020,prestadora B
85.0,hombre,grado II,con pareja,2.0,0.0,8.0,3.3,sí,distrito 2,121.25397111818606,sí,10 407,no,08/07/2017,prestadora B
77.0,mujer,grado II,con pareja,2.0,1.0,9.0,2.8,sí,distrito 4,149.84003532238395,no,16 354,sí,29/01/2019,prestadora B
94.0,mujer,sin valorar,con familia,8.0,0.0,54.0,8.7,no,distrito 6,62.609837681683125,sí,19 072,no,28/05/2019,prestadora C
75.0,mujer,sin valorar,solo,3.0,0.0,28.0,5.7,no,distrito 3,348.9165361741396,sí,13 796,sí,15/12/2018,prestadora C
79.0,mujer,sin valorar,con familia,5.0,0.0,12.0,1.5,sí,distrito 9,29.530257175556894,no,16 702,sí,16/09/2017,prestadora B
80.0,hombre,sin valorar,con familia,0.0,0.0,16.0,2.3,no,distrito 3,1.428472622029046,sí,11 749,sí,27/08/2019,prestadora C
77.0,hombre,grado II,con familia,1.0,0.0,33.0,2.6,no,distrito 4,30.08283232834159,sí,16 446,N/D,03/12/2019,prestadora A
82.0,mujer,grado I,con pareja,3.0,1.0,95.0,6.7,no,distrito 3,70.90382878514221,sí,15 188,no,19/12/2021,prestadora A
78.0,mujer,grado I,con pareja,2.0,0.0,60.0,4.0,no,distrito 5,34.49064793211508,sí,12 696,sí,07/07/2023,prestadora C
88.0,mujer,sin valorar,solo,0.0,0.0,31.0,4.6,no,distrito 8,7.713657065597932,sí,13 468,sí,28/05/2017,prestadora C
83.0,mujer,grado I,con familia,0.0,0.0,5.0,0.5,sí,distrito 11,7.7894283138199905,no,14 497,sí,29/12/2020,prestadora A
79.0,mujer,grado II,con pareja,1.0,0.0,39.0,0.1,sí,distrito 6,19.080776535969388,sí,11 730,sí,21/09/2024,prestadora C
81.0,mujer,sin valorar,solo,4.0,2.0,120.0,1.5,no,distrito 1,257.6799709010993,no,12 539,no,01/05/2016,prestadora A
75.0,mujer,grado III,solo,4.0,0.0,50.0,16.4,no,distrito 5,2121.8230194542716,sí,13 381,sí,31/03/2021,prestadora A
82.0,mujer,sin valorar,solo,2.0,5.0,51.0,2.8,no,distrito 8,98.53075414813883,no,10 826,no,30/05/2018,prestadora A
74.0,mujer,grado I,con pareja,1.0,5.0,41.0,0.5,no,distrito 9,24.549491197126486,no,41 344,sí,08/03/2016,prestadora B
80.0,mujer,sin valorar,solo,4.0,0.0,45.0,3.9,no,distrito 3,181.91614160332406,no,16 497,no,11/08/2024,prestadora A
92.0,mujer,sin valorar,con familia,3.0,0.0,86.0,1.1,no,distrito 1,33.57199579098405,no,16 446,no,25/10/2021,prestadora B
88.0,hombre,grado I,solo,1.0,0.0,11.0,1.1,no,distrito 2,44.82038672911723,sí,6 628,sí,22/08/2019,prestadora A
85.0,mujer,grado III,solo,3.0,2.0,156.0,3.7,no,distrito 2,78.51304812580298,no,12 009,sí,20/09/2017,prestadora C
71.0,mujer,grado I,con pareja,1.0,1.0,42.0,3.7,no,distrito 4,22.929272653927754,sí,20 331,sí,07/04/2023,prestadora C
83.0,hombre,  sin valorar ,con familia,2.0,0.0,21.0,4.3,sí,distrito 9,10.879803564940909,sí,14 004,sí,13/08/2016,prestadora C
93.0,mujer,grado III,con pareja,4.0,0.0,60.0,5.9,no,distrito 8,178.38174929585063,sí,13 213,sí,05/09/2022,prestadora C
83.0,mujer,sin valorar,solo,1.0,6.0,35.0,7.3,no,distrito 5,61.76811628158274,no,21 759,no,01/12/2016,prestadora B
85.0,mujer,sin valorar,solo,1.0,0.0,21.0,2.1,sí,distrito 5,22.138051630567908,sí,21 476,no,23/07/2019,prestadora C
77.0,mujer,grado I,solo,3.0,0.0,6.0,2.2,no,distrito 2,281.14976962067254,no,12 857,no,24/09/2018,prestadora C
90.0,hombre,grado I,con pareja,2.0,0.0,76.0,10.3,sí,distrito 3,61.76488937763627,no,12 593,sí,21/03/2020,prestadora C
88.0,mujer,sin valorar,solo,4.0,0.0,41.0,6.5,no,distrito 5,119.04747049772601,no,9 672,no,12/08/2021,prestadora A
82.0,mujer,grado I,con familia,5.0,0.0,49.0,1.8,sí,distrito 1,47.10899662559616,no,21 744,sí,05/12/2016,prestadora B
73.0,hombre,  sin valorar ,solo,0.0,0.0,48.0,2.0,sí,distrito 7,16.93390775251676,no,7 269,no,25/10/2018,prestadora C
72.0,hombre,grado I,solo,5.0,5.0,82.0,4.7,no,distrito 3,218.4058102331619,sí,12 887,no,17/05/2024,prestadora A
66.0,mujer,sin valorar,solo,1.0,2.0,29.0,4.6,sí,distrito 6,23.469108708294794,no,9 224,no,14/03/2024,prestadora B
82.0,mujer,grado II,con familia,0.0,2.0,45.0,1.8,sí,distrito 4,20.233706335195624,sí,21 249,sí,07/11/2017,prestadora C
92.0,mujer,grado II,con pareja,7.0,0.0,8.0,8.3,no,distrito 2,515.6022369294935,sí,25 150,no,24/08/2016,prestadora A
75.0,mujer,GRADO I,con pareja,2.0,1.0,17.0,2.6,sí,distrito 7,99.1190538702404,no,9 587,sí,03/07/2024,prestadora C
86.0,mujer,  grado II ,con familia,2.0,1.0,25.0,6.5,no,distrito 8,46.69521782572394,sí,23 284,sí,20/12/2016,prestadora A
102.0,mujer,grado I,solo,3.0,5.0,59.0,5.5,sí,distrito 8,146.26002001551433,no,8 593,sí,20/10/2022,prestadora A
75.0,mujer,grado III,con familia,1.0,0.0,43.0,2.0,no,distrito 2,23.71501734407659,no,35 573,sí,30/12/2022,prestadora B
95.0,mujer,grado I,con pareja,5.0,0.0,9.0,5.8,sí,distrito 8,70.21363754162559,sí,11 660,sí,20/12/2017,prestadora B
86.0,hombre,grado II,con pareja,3.0,0.0,8.0,0.2,no,distrito 8,36.068103686790295,sí,13 386,no,09/07/2020,prestadora B
96.0,hombre,sin valorar,con familia,0.0,0.0,29.0,6.2,no,distrito 2,14.931369365933794,no,11 225,no,03/08/2020,prestadora B
98.0,mujer,grado II,solo,0.0,2.0,36.0,4.4,no,distrito 5,22.376035652418306,no,9 831,no,04/10/2021,prestadora C
88.0,mujer,sin valorar,con pareja,1.0,0.0,6.0,0.3,no,distrito 9,14.484259761494052,sí,16 763,no,07/10/2021,prestadora C
76.0,mujer,  grado I ,solo,1.0,0.0,14.0,4.5,sí,distrito 6,85.37676139957111,sí,15 484,sí,30/07/2019,prestadora B
79.0,hombre,sin valorar,solo,0.0,1.0,14.0,4.3,no,distrito 3,17.959907725104266,sí,11 678,sí,02/12/2022,prestadora A
82.0,mujer,grado I,con pareja,2.0,0.0,100.0,3.1,sí,distrito 9,20.273996412766692,no,10 569,sí,12/06/2016,prestadora B
79.0,mujer,GRADO III,con pareja,3.0,0.0,49.0,3.0,sí,distrito 7,395.3422136131465,sí,11 114,no,31/07/2017,prestadora A
78.0,hombre,grado II,con pareja,7.0,0.0,121.0,4.0,no,distrito 11,63.57327912659504,no,22 192,no,15/03/2017,prestadora C
78.0,mujer,grado III,con pareja,0.0,0.0,7.0,0.6,no,distrito 6,38.90486220431139,no,21 503,sí,04/02/2023,prestadora B
79.0,hombre,grado I,solo,5.0,1.0,80.0,1.6,no,distrito 1,130.15017674619068,no,15 129,sí,03/04/2018,prestadora B
72.0,hombre,SIN VALORAR,solo,2.0,1.0,37.0,3.6,no,distrito 1,32.1420764120316,sí,24 823,no,09/06/2016,prestadora C
92.0,hombre,grado I,solo,4.0,2.0,17.0,2.6,no,distrito 9,155.91395962815247,sí,10 452,no,05/06/2022,prestadora A
94.0,mujer,grado I,solo,2.0,0.0,9.0,3.8,no,distrito 4,70.20212143962691,sí,17 261,N/D,05/12/2022,prestadora A
65.0,mujer,sin valorar,con pareja,7.0,0.0,50.0,4.9,no,distrito 8,92.35307333810866,sí,13 688,sí,26/04/2016,prestadora A
92.0,mujer,grado I,con pareja,9.0,0.0,22.0,4.6,sí,distrito 7,207.14526547456612,no,15 542,sí,22/05/2017,prestadora C
81.0,hombre,sin valorar,solo,3.0,0.0,2.0,2.2,sí,distrito 6,97.98877523624597,sí,8 320,sí,02/02/2017,prestadora C
93.0,mujer,grado II,solo,2.0,0.0,42.0,11.5,no,distrito 2,188.89991068540817,sí,11 310,sí,13/04/2023,prestadora C
83.0,hombre,grado III,solo,3.0,0.0,36.0,3.5,no,distrito 10,235.59954275858044,no,37 805,no,01/12/2020,prestadora A
82.0,mujer,sin valorar,solo,1.0,5.0,34.0,4.4,sí,distrito 7,57.52447558993054,sí,15 014,sí,03/02/2021,prestadora B
94.0,mujer,grado II,solo,0.0,4.0,25.0,2.4,no,distrito 9,60.279379579969614,sí,11 560,sí,06/01/2024,prestadora C
97.0,mujer,grado II,con pareja,0.0,0.0,22.0,3.0,no,distrito 1,26.24107128208809,sí,14 012,sí,25/02/2017,prestadora A
77.0,mujer,grado I,solo,7.0,1.0,75.0,2.3,no,distrito 11,240.68162500463916,sí,21 088,no,11/10/2022,prestadora A
80.0,hombre,sin valorar,solo,3.0,0.0,14.0,17.0,no,distrito 6,130.04386136649026,no,21 478,sí,30/12/2023,prestadora A
81.0,hombre,grado II,solo,10.0,0.0,95.0,2.5,no,distrito 1,1083.650888885824,no,14 319,sí,25/07/2018,prestadora C
85.0,hombre,grado I,con pareja,12.0,0.0,45.0,3.5,no,distrito 1,580.1575939769441,no,19 873,no,29/09/2022,prestadora B
67.0,hombre,sin valorar,solo,12.0,0.0,19.0,5.7,sí,distrito 2,775.2365476237383,no,7 564,no,28/04/2024,prestadora B
83.0,mujer,grado II,con familia,0.0,0.0,52.0,7.4,no,distrito 8,31.06046114639227,no,13 057,sí,05/11/2023,prestadora A
81.0,hombre,grado II,solo,0.0,2.0,16.0,1.4,no,distrito 10,84.5934980881633,no,9 885,sí,31/03/2020,prestadora B
77.0,mujer,grado III,solo,3.0,1.0,34.0,5.0,no,distrito 9,172.6868162645209,no,8 961,no,12/04/2024,prestadora B
82.0,hombre,grado I,solo,4.0,0.0,28.0,0.3,sí,distrito 7,110.5720735373471,no,7 150,no,03/09/2020,prestadora A
80.0,hombre,sin valorar,con familia,3.0,1.0,14.0,1.4,no,distrito 2,121.18437566403739,no,8 628,sí,01/10/2016,prestadora C
89.0,mujer,sin valorar,solo,1.0,2.0,38.0,4.4,no,distrito 9,33.87488872301201,sí,22 925,sí,09/01/2020,prestadora C
72.0,hombre,  grado II ,con familia,4.0,0.0,19.0,6.9,no,distrito 8,57.33821330598142,no,28 431,no,11/12/2022,prestadora A
78.0,mujer,grado I,con pareja,7.0,2.0,52.0,0.9,no,distrito 4,73.68159350791484,sí,11 869,sí,04/07/2016,prestadora C
79.0,mujer,grado II,solo,0.0,5.0,3.0,9.6,no,distrito 5,33.004537605806156,no,12 679,N/D,18/05/2024,prestadora B
93.0,hombre,grado III,con pareja,2.0,1.0,17.0,2.1,no,distrito 7,192.7688399729412,sí,8 861,no,17/07/2016,prestadora C
95.0,hombre,sin valorar,solo,9.0,0.0,125.0,1.0,no,distrito 9,163.7186891855983,sí,7 546,no,10/03/2016,prestadora B
98.0,hombre,grado II,con pareja,12.0,0.0,19.0,6.9,sí,distrito 2,740.2115243186313,no,15 021,no,20/05/2018,prestadora C
78.0,mujer,grado I,solo,0.0,0.0,39.0,7.4,sí,distrito 6,12.186807842964301,sí,11 550,no,09/03/2016,prestadora C
84.0,hombre,  sin valorar ,solo,1.0,0.0,15.0,5.8,no,distrito 9,34.793219688449966,sí,6 782,sí,25/11/2021,prestadora C
80.0,hombre,grado III,solo,3.0,1.0,26.0,2.9,no,distrito 9,181.67780247475224,no,8 191,no,02/09/2019,prestadora A
66.0,hombre,grado III,con familia,0.0,0.0,59.0,5.5,sí,distrito 7,16.32522485799145,no,18 832,sí,25/10/2016,prestadora A
77.0,mujer,grado II,solo,5.0,0.0,50.0,5.1,sí,distrito 8,259.136876520137,no,15 556,sí,15/09/2022,prestadora B
88.0,hombre,grado I,solo,2.0,0.0,27.0,12.7,no,distrito 8,155.1116142747054,sí,11 105,sí,30/05/2016,prestadora C
70.0,hombre,grado I,solo,2.0,0.0,56.0,5.4,no,distrito 6,118.28107095679972,no,11 047,no,11/11/2021,prestadora B
88.0,mujer,grado III,solo,10.0,1.0,45.0,3.0,no,distrito 2,1216.4362894085916,no,25 260,sí,23/08/2022,prestadora B
92.0,hombre,grado III,solo,0.0,1.0,26.0,5.5,no,distrito 9,28.367581989196314,no,13 077,sí,26/06/2016,prestadora B
88.0,mujer,SIN VALORAR,con pareja,2.0,0.0,54.0,4.7,no,distrito 3,33.538426102747984,no,22 893,no,16/03/2018,prestadora A
74.0,mujer,grado I,solo,5.0,0.0,14.0,2.2,sí,distrito 11,404.57629100700456,sí,15 332,sí,04/10/2023,prestadora B
65.0,mujer,grado I,solo,2.0,0.0,16.0,4.6,no,distrito 10,56.47743259614086,no,16 676,sí,29/07/2016,prestadora A
71.0,hombre,sin valorar,con pareja,3.0,1.0,74.0,2.0,no,distrito 5,100.8708006497899,sí,21 231,sí,02/11/2020,prestadora C
79.0,mujer,grado I,solo,0.0,0.0,10.0,8.1,no,distrito 5,46.21557050193664,no,11 169,sí,19/03/2022,prestadora C
79.0,mujer,grado III,solo,4.0,1.0,81.0,1.2,no,distrito 8,437.42641061533334,no,11 326,no,27/09/2019,prestadora A
100.0,hombre,sin valorar,solo,2.0,0.0,22.0,5.9,no,distrito 4,167.59994140114637,sí,39 394,sí,10/03/2017,prestadora A
80.0,hombre,grado II,solo,0.0,0.0,24.0,6.9,sí,distrito 3,117.84999456825811,no,12 573,sí,11/09/2017,prestadora C
76.0,hombre,  grado I ,solo,4.0,3.0,21.0,8.3,no,distrito 6,327.9355953658588,sí,15 455,sí,31/03/2020,prestadora A
68.0,mujer,  grado I ,solo,6.0,0.0,26.0,2.6,no,distrito 3,287.24565738134027,no,12 618,no,05/01/2023,prestadora A
73.0,mujer,grado III,solo,9.0,1.0,39.0,4.3,sí,distrito 10,1641.286469013,no,20 212,no,15/03/2023,prestadora C
90.0,mujer,grado I,con pareja,6.0,0.0,5.0,4.2,sí,distrito 6,240.90991190998338,no,15 133,sí,07/02/2020,prestadora A
91.0,mujer,grado I,con pareja,13.0,0.0,51.0,2.6,no,distrito 2,746.9013288142617,sí,10 232,no,21/03/2019,prestadora B
89.0,hombre,grado II,con pareja,0.0,1.0,6.0,4.3,sí,distrito 5,23.95436579027678,sí,16 215,sí,30/12/2020,prestadora A
84.0,hombre,GRADO II,solo,0.0,0.0,12.0,5.0,sí,distrito 7,37.16423322804332,no,15 863,sí,26/04/2019,prestadora C
70.0,mujer,sin valorar,solo,2.0,2.0,13.0,2.4,sí,distrito 9,87.84032658040142,sí,22 433,no,02/10/2024,prestadora A
65.0,hombre,  grado II ,solo,4.0,0.0,2.0,4.0,no,distrito 7,371.5418100326369,sí,21 973,sí,06/05/2023,prestadora B
81.0,mujer,grado III,con pareja,0.0,2.0,44.0,2.1,sí,distrito 4,66.25906962327662,sí,15 197,sí,16/07/2022,prestadora B
84.0,mujer,grado I,con familia,1.0,0.0,19.0,1.0,no,distrito 2,41.41038698577887,sí,10 494,no,16/08/2016,prestadora B
65.0,mujer,grado II,solo,6.0,0.0,32.0,7.3,no,distrito 11,555.2353117659806,sí,13 353,no,11/10/2020,prestadora A
80.0,mujer,sin valorar,con familia,0.0,2.0,45.0,8.3,sí,distrito 2,19.8664431540955,no,18 869,sí,21/05/2018,prestadora A
90.0,mujer,GRADO II,solo,4.0,1.0,89.0,2.1,no,distrito 5,363.8817142915779,no,6 870,sí,11/05/2017,prestadora A
74.0,hombre,sin valorar,solo,2.0,2.0,24.0,3.4,no,distrito 3,60.23285843298629,sí,25 208,no,31/03/2023,prestadora B
84.0,mujer,grado III,solo,5.0,0.0,31.0,7.9,sí,distrito 8,290.51216770028674,sí,20 527,no,19/02/2021,prestadora C
77.0,hombre,  grado I ,con familia,3.0,0.0,31.0,7.1,sí,distrito 9,59.64985396293865,sí,34 504,no,07/11/2018,prestadora B
72.0,hombre,GRADO I,solo,1.0,1.0,32.0,6.9,no,distrito 11,39.61274423412777,sí,19 763,sí,23/07/2016,prestadora A
84.0,hombre,grado II,solo,2.0,0.0,35.0,3.0,no,distrito 11,189.90283967366193,sí,17 761,no,10/08/2018,prestadora C
74.0,hombre,grado I,solo,2.0,0.0,26.0,7.5,no,distrito 1,43.10152463326653,sí,8 812,N/D,10/10/2017,prestadora B
75.0,mujer,sin valorar,con familia,0.0,0.0,25.0,0.9,no,distrito 8,1.4397401709798159,sí,13 932,no,22/03/2020,prestadora A
78.0,hombre,grado II,con pareja,5.0,0.0,16.0,2.4,sí,distrito 4,227.21477752612716,sí,19 935,sí,12/03/2018,prestadora C
80.0,mujer,GRADO I,con familia,0.0,0.0,17.0,1.4,no,distrito 6,11.550792649086285,no,15 586,no,12/11/2018,prestadora A
79.0,mujer,grado I,solo,0.0,0.0,29.0,3.8,no,distrito 3,57.93279451390266,sí,18 471,sí,14/05/2018,prestadora B
73.0,mujer,grado II,con familia,0.0,0.0,44.0,1.9,sí,distrito 3,18.62089700106104,sí,14 827,sí,09/07/2024,prestadora C
67.0,mujer,grado I,solo,3.0,0.0,47.0,7.8,no,distrito 6,83.39034053303148,no,16 237,sí,09/06/2023,prestadora B
78.0,mujer,grado II,solo,3.0,0.0,20.0,7.9,no,distrito 9,150.80093907642117,sí,9 739,sí,10/07/2022,prestadora A
79.0,hombre,sin valorar,con pareja,25.0,0.0,16.0,9.1,no,distrito 3,1289.1373545595782,no,13 283,no,18/03/2020,prestadora C
72.0,mujer,sin valorar,solo,3.0,0.0,29.0,5.7,no,distrito 3,226.81950075975854,sí,9 112,no,12/10/2019,prestadora B
84.0,mujer,grado II,con familia,6.0,0.0,51.0,4.5,no,distrito 7,58.23485312146887,no,11 398,no,15/03/2017,prestadora C
96.0,hombre,grado I,con pareja,1.0,0.0,40.0,0.6,sí,distrito 4,7.6321852381591,sí,19 867,no,19/07/2022,prestadora C
88.0,hombre,grado II,solo,8.0,2.0,85.0,1.1,sí,distrito 10,158.39097056868496,no,8 280,sí,29/10/2018,prestadora B
80.0,mujer,grado II,con pareja,6.0,0.0,72.0,7.9,no,distrito 3,103.55091329749486,no,31 749,sí,29/05/2018,prestadora C
72.0,mujer,sin valorar,con familia,3.0,0.0,13.0,3.9,no,distrito 3,9.353012708900112,sí,15 452,sí,25/01/2021,prestadora A
88.0,mujer,grado I,solo,6.0,0.0,19.0,4.6,no,distrito 1,159.28472250197578,no,16 447,no,30/01/2023,prestadora A
86.0,mujer,grado I,solo,1.0,1.0,12.0,5.2,sí,distrito 7,51.43898969346944,no,16 412,no,14/06/2024,prestadora B
95.0,hombre,  grado I ,solo,6.0,0.0,31.0,6.8,no,distrito 8,228.92873722170305,sí,5 850,sí,12/06/2017,prestadora A
86.0,hombre,grado I,solo,8.0,0.0,18.0,1.9,no,distrito 7,445.7193992094099,no,16 921,sí,06/08/2023,prestadora C
103.0,hombre,grado II,solo,4.0,0.0,60.0,7.8,no,distrito 5,320.7716034524392,sí,7 689,sí,18/05/2024,prestadora B
89.0,mujer,  grado I ,con pareja,1.0,0.0,8.0,3.1,no,distrito 3,18.447865179815533,sí,15 292,no,17/09/2023,prestadora B
78.0,mujer,grado III,con pareja,4.0,0.0,169.0,2.7,sí,distrito 1,48.65889763282269,sí,11 712,no,20/09/2023,prestadora B
73.0,mujer,sin valorar,con familia,1.0,2.0,8.0,3.7,no,distrito 3,6.802057365296908,no,9 276,no,08/07/2017,prestadora B
76.0,mujer,sin valorar,con familia,6.0,0.0,33.0,2.6,sí,distrito 10,53.07085902175836,sí,22 423,no,06/12/2022,prestadora B
73.0,mujer,  sin valorar ,solo,0.0,0.0,33.0,6.4,sí,distrito 1,14.121711256418587,sí,7 787,sí,16/03/2022,prestadora C
93.0,mujer,sin valorar,solo,1.0,1.0,92.0,0.9,no,distrito 5,11.190424595806046,no,16 445,N/D,06/05/2017,prestadora A
78.0,hombre,grado III,solo,1.0,1.0,25.0,2.3,sí,distrito 5,38.992127700446574,sí,19 969,sí,19/10/2017,prestadora B
94.0,mujer,grado I,con pareja,0.0,2.0,5.0,6.5,no,distrito 5,8.383426832612292,sí,24 196,sí,05/07/2021,prestadora B
74.0,mujer,grado I,solo,4.0,2.0,35.0,1.8,no,distrito 7,95.84252175183582,sí,13 213,sí,09/01/2019,prestadora B
65.0,hombre,grado II,solo,2.0,1.0,24.0,3.3,no,distrito 7,208.18288194236604,no,13 206,N/D,27/11/2016,prestadora A
71.0,mujer,GRADO I,solo,3.0,0.0,23.0,3.4,no,distrito 6,311.0993653463769,no,12 912,no,16/03/2023,prestadora A
65.0,mujer,grado I,solo,0.0,0.0,55.0,1.1,no,distrito 11,10.445141243465747,sí,11 055,no,14/09/2020,prestadora A
85.0,hombre,grado I,solo,8.0,0.0,25.0,8.5,no,distrito 2,326.0618066249179,no,15 183,sí,14/08/2018,prestadora A
87.0,mujer,SIN VALORAR,solo,2.0,0.0,11.0,1.3,sí,distrito 8,52.868550879929536,no,8 336,sí,02/05/2024,prestadora A
82.0,mujer,sin valorar,solo,1.0,1.0,39.0,3.7,no,distrito 6,52.2515247161439,no,17 591,no,30/04/2023,prestadora C
79.0,mujer,grado III,con pareja,1.0,0.0,4.0,3.8,no,distrito 6,46.60562901909041,no,9 672,sí,23/01/2016,prestadora A
79.0,hombre,grado III,solo,5.0,1.0,31.0,3.5,no,distrito 4,926.3340658266742,sí,14 138,no,04/01/2024,prestadora A
97.0,mujer,grado III,solo,4.0,2.0,42.0,1.7,no,distrito 3,402.69342230372547,sí,24 212,sí,08/03/2016,prestadora C
82.0,hombre,sin valorar,solo,1.0,0.0,49.0,1.5,sí,distrito 5,9.362004891026135,sí,17 554,sí,22/12/2019,prestadora B
73.0,mujer,grado III,solo,0.0,1.0,6.0,0.5,no,distrito 10,171.9143567795594,sí,24 135,no,11/01/2017,prestadora B
84.0,mujer,grado I,solo,4.0,0.0,69.0,2.4,sí,distrito 5,355.9954315660195,no,10 375,sí,24/08/2022,prestadora C
65.0,hombre,grado II,con pareja,1.0,0.0,17.0,1.2,sí,distrito 10,139.04603422109028,sí,29 329,sí,12/04/2016,prestadora A
89.0,mujer,sin valorar,con pareja,3.0,1.0,59.0,4.7,no,distrito 3,35.24534246871456,no,11 932,sí,21/11/2022,prestadora C
97.0,hombre,sin valorar,con familia,1.0,0.0,68.0,7.2,no,distrito 4,24.10070765452976,no,13 739,sí,18/11/2017,prestadora B
90.0,mujer,grado I,solo,7.0,0.0,62.0,3.9,no,distrito 10,355.0460264375119,sí,10 470,sí,22/03/2021,prestadora C
74.0,mujer,sin valorar,solo,0.0,1.0,39.0,3.3,no,distrito 1,19.630871721471514,sí,25 839,no,17/03/2022,prestadora A
103.0,mujer,grado III,solo,0.0,0.0,56.0,2.7,no,distrito 6,47.667013386309776,sí,20 968,sí,13/04/2021,prestadora B
82.0,mujer,grado II,con pareja,2.0,0.0,43.0,8.7,sí,distrito 11,39.07270084183599,no,30 118,sí,05/10/2021,prestadora C
77.0,mujer,grado I,solo,3.0,0.0,80.0,6.0,no,distrito 10,133.90893274821482,sí,26 965,sí,12/03/2016,prestadora B
68.0,hombre,grado III,solo,1.0,2.0,40.0,7.2,no,distrito 10,42.36895551700181,no,15 348,no,17/05/2022,prestadora B
88.0,mujer,grado I,con familia,2.0,0.0,48.0,3.3,no,distrito 8,22.16978889861301,sí,8 521,sí,13/11/2016,prestadora A
82.0,mujer,  sin valorar ,solo,3.0,0.0,23.0,2.7,sí,distrito 5,116.43532376114818,sí,26 723,no,08/09/2022,prestadora B
83.0,hombre,GRADO III,solo,6.0,0.0,46.0,0.4,no,distrito 10,646.7483457113323,sí,8 537,sí,28/08/2017,prestadora A
75.0,mujer,grado I,solo,0.0,0.0,43.0,1.6,sí,distrito 1,18.86760721735685,no,5 676,sí,17/01/2020,prestadora C
88.0,mujer,  grado I ,solo,1.0,0.0,33.0,1.9,no,distrito 10,68.10579426459097,no,9 574,sí,10/05/2016,prestadora A
85.0,mujer,grado I,solo,5.0,0.0,18.0,1.7,no,distrito 9,75.32354526703836,no,18 714,no,12/02/2017,prestadora C
69.0,mujer,grado III,solo,1.0,1.0,24.0,12.2,no,distrito 10,122.73341551205175,no,15 278,sí,13/10/2016,prestadora A
86.0,mujer,grado III,solo,4.0,0.0,24.0,4.5,no,distrito 10,77.70679529259408,sí,9 208,no,01/10/2020,prestadora C
74.0,mujer,sin valorar,con pareja,4.0,0.0,34.0,3.5,no,distrito 5,74.59480724233002,sí,8 932,no,16/09/2020,prestadora B
83.0,hombre,GRADO I,con familia,0.0,0.0,10.0,3.7,no,distrito 8,11.989189157993309,sí,8 669,no,14/04/2018,prestadora C
81.0,mujer,sin valorar,solo,1.0,1.0,12.0,13.0,sí,distrito 11,184.48993037201214,sí,10 730,no,23/07/2018,prestadora C
67.0,mujer,GRADO III,con familia,3.0,0.0,86.0,0.6,sí,distrito 9,33.00325628803474,sí,20 860,no,12/11/2020,prestadora A
87.0,hombre,  grado II ,solo,6.0,4.0,118.0,0.4,no,distrito 4,628.860123418885,sí,22 556,sí,30/03/2019,prestadora A
86.0,mujer,grado III,solo,1.0,1.0,8.0,3.5,no,distrito 7,160.5963667906028,sí,14 195,sí,07/01/2018,prestadora A
76.0,hombre,grado II,solo,0.0,2.0,44.0,11.9,sí,distrito 9,99.86718719559913,sí,10 677,sí,20/03/2018,prestadora A
78.0,mujer,sin valorar,solo,0.0,1.0,47.0,4.9,sí,distrito 8,24.455908018583933,sí,25 260,sí,26/06/2024,prestadora B
77.0,mujer,  grado II ,con pareja,0.0,0.0,26.0,8.1,sí,distrito 9,31.278771275408808,no,17 500,sí,30/03/2016,prestadora C
89.0,mujer,grado III,con familia,3.0,0.0,68.0,1.0,no,distrito 9,30.261136149805065,sí,12 256,no,03/06/2020,prestadora C
77.0,mujer,grado III,solo,1.0,0.0,36.0,4.8,no,distrito 2,264.89218567080525,sí,10 915,sí,21/02/2023,prestadora B
75.0,mujer,grado I,con pareja,0.0,0.0,32.0,9.7,no,distrito 2,13.515904190056567,no,9 508,sí,08/07/2024,prestadora B
86.0,hombre,grado I,solo,5.0,0.0,77.0,3.0,no,distrito 8,280.72770578324014,sí,11 759,no,21/07/2022,prestadora B
79.0,mujer,grado III,solo,4.0,0.0,13.0,1.4,sí,distrito 11,1516.7588238384817,no,30 411,no,26/06/2024,prestadora A
73.0,mujer,grado I,solo,1.0,1.0,43.0,8.1,no,distrito 10,12.841007445970174,no,17 541,sí,07/08/2023,prestadora B
82.0,mujer,sin valorar,con familia,0.0,1.0,88.0,5.4,no,distrito 11,3.721277062172373,sí,16 679,no,27/05/2022,prestadora A
90.0,mujer,grado I,con familia,3.0,1.0,29.0,1.7,no,distrito 9,18.4945622524884,sí,10 952,sí,17/12/2016,prestadora C
86.0,mujer,grado III,solo,4.0,1.0,13.0,6.7,no,distrito 11,310.29146838703605,sí,17 386,no,06/10/2019,prestadora B
78.0,mujer,grado II,con pareja,2.0,0.0,31.0,5.5,no,distrito 11,29.94404732288763,no,15 427,sí,19/01/2018,prestadora C
85.0,mujer,grado II,con pareja,0.0,0.0,7.0,2.4,sí,distrito 4,17.677492415674465,sí,9 398,no,24/03/2019,prestadora A
96.0,hombre,grado I,con pareja,2.0,0.0,64.0,2.6,no,distrito 10,15.311700186750185,sí,22 228,no,14/07/2023,prestadora A
76.0,mujer,  sin valorar ,con familia,2.0,3.0,27.0,4.1,sí,distrito 11,22.520059832475024,sí,23 160,sí,28/04/2022,prestadora C
85.0,hombre,sin valorar,con familia,3.0,0.0,28.0,2.5,no,distrito 3,50.66117461834618,no,13 627,sí,19/03/2024,prestadora A
78.0,hombre,grado I,solo,1.0,0.0,43.0,2.8,no,distrito 10,42.91717754227727,sí,24 195,sí,25/06/2020,prestadora B
80.0,mujer,grado II,con pareja,2.0,0.0,57.0,0.1,sí,distrito 1,143.46349993967107,sí,11 750,N/D,17/08/2016,prestadora B
89.0,mujer,grado II,con pareja,5.0,0.0,66.0,1.0,sí,distrito 3,57.3044197594068,sí,14 934,no,11/05/2020,prestadora A
71.0,mujer,grado II,solo,8.0,4.0,55.0,7.2,sí,distrito 10,696.2186544648916,sí,24 478,no,23/02/2020,prestadora A
103.0,hombre,grado I,con pareja,7.0,0.0,29.0,7.8,sí,distrito 11,194.4224070349953,sí,15 833,sí,27/12/2018,prestadora B
71.0,hombre,grado I,solo,3.0,1.0,7.0,9.6,sí,distrito 10,813.0148931606715,sí,9 821,no,08/12/2021,prestadora A
102.0,mujer,grado III,solo,2.0,0.0,23.0,3.3,sí,distrito 9,138.6285222580584,sí,15 648,no,07/05/2021,prestadora C
87.0,mujer,grado I,con familia,8.0,1.0,44.0,6.0,sí,distrito 1,279.0139955458508,sí,37 526,no,12/07/2018,prestadora C
78.0,hombre,sin valorar,con pareja,3.0,0.0,3.0,5.8,no,distrito 11,54.61611437179607,no,13 295,sí,19/08/2023,prestadora A
82.0,mujer,sin valorar,con pareja,4.0,0.0,41.0,4.2,no,distrito 11,64.89954195846471,no,15 280,sí,16/09/2021,prestadora C
87.0,hombre,grado I,solo,3.0,0.0,56.0,2.5,no,distrito 7,178.38778963511248,sí,8 703,sí,23/06/2020,prestadora A
73.0,mujer,grado I,con pareja,3.0,0.0,52.0,4.1,sí,distrito 6,22.22596931600381,no,11 281,no,13/04/2022,prestadora A
79.0,hombre,grado I,con familia,7.0,0.0,25.0,4.8,sí,distrito 3,117.6910898795428,sí,17 133,sí,29/12/2021,prestadora A
65.0,mujer,grado III,con familia,1.0,1.0,21.0,4.8,no,distrito 6,53.68708248520048,sí,18 922,sí,10/12/2019,prestadora C
99.0,hombre,  grado II ,solo,4.0,0.0,31.0,6.9,no,distrito 7,488.131918113306,sí,17 887,no,30/01/2021,prestadora A
85.0,mujer,grado I,solo,4.0,0.0,33.0,3.9,no,distrito 10,74.68916135197368,no,11 279,N/D,06/07/2017,prestadora A
83.0,hombre,grado II,solo,1.0,0.0,51.0,11.4,no,distrito 11,46.68771041723704,sí,31 358,sí,08/02/2016,prestadora C
76.0,hombre,GRADO I,con familia,1.0,1.0,57.0,7.2,sí,distrito 11,35.25867759232234,sí,10 197,sí,01/01/2018,prestadora C
71.0,mujer,grado II,con familia,4.0,1.0,49.0,1.3,no,distrito 8,56.7927130340039,sí,25 137,sí,27/01/2016,prestadora A
90.0,mujer,grado I,con familia,3.0,4.0,31.0,2.0,no,distrito 10,97.4276484738572,no,8 260,sí,03/01/2017,prestadora B
78.0,hombre,sin valorar,con pareja,3.0,0.0,18.0,1.9,no,distrito 4,76.51212311955274,sí,19 909,sí,09/02/2018,prestadora C
65.0,mujer,  grado I ,solo,4.0,0.0,14.0,8.2,sí,distrito 6,304.7829953456154,no,11 287,sí,12/11/2016,prestadora A
97.0,mujer,grado I,con pareja,1.0,0.0,13.0,4.8,no,distrito 11,29.62510760689365,sí,28 860,sí,07/05/2018,prestadora C
83.0,hombre,sin valorar,con familia,6.0,0.0,33.0,1.1,no,distrito 7,36.89270429063776,sí,13 344,sí,14/07/2017,prestadora C
82.0,mujer,grado I,con pareja,1.0,2.0,37.0,2.8,no,distrito 6,22.131525517353516,sí,7 551,no,08/07/2017,prestadora B
86.0,mujer,sin valorar,con pareja,3.0,0.0,66.0,12.6,no,distrito 9,24.307040736384103,no,17 544,sí,05/04/2023,prestadora A
80.0,mujer,sin valorar,solo,2.0,1.0,34.0,3.5,no,distrito 1,21.432455197261707,no,26 694,sí,16/10/2023,prestadora A
83.0,mujer,  grado III ,solo,0.0,0.0,20.0,2.2,sí,distrito 7,44.51827058608138,sí,13 910,no,21/07/2018,prestadora B
87.0,mujer,sin valorar,solo,1.0,0.0,39.0,4.3,no,distrito 6,24.667090482839463,sí,10 803,no,07/02/2023,prestadora B
67.0,hombre,grado I,solo,3.0,0.0,30.0,5.9,no,distrito 11,109.65176697780582,sí,15 875,sí,05/07/2020,prestadora B
79.0,hombre,grado I,con pareja,3.0,2.0,32.0,6.2,no,distrito 1,165.2086842305068,sí,15 231,no,25/12/2021,prestadora A
83.0,hombre,grado I,solo,1.0,2.0,55.0,2.4,no,distrito 11,21.158073219463716,no,31 376,sí,23/08/2022,prestadora B
99.0,hombre,sin valorar,solo,1.0,1.0,36.0,2.6,no,distrito 5,21.74119693801698,no,10 212,sí,02/10/2024,prestadora A
84.0,mujer,grado II,con pareja,0.0,0.0,84.0,2.0,no,distrito 5,7.523345608016809,no,11 791,no,31/08/2021,prestadora B
80.0,hombre,sin valorar,con pareja,5.0,0.0,72.0,10.6,sí,distrito 10,69.8381478724998,sí,22 772,sí,19/07/2021,prestadora B
85.0,hombre,sin valorar,con pareja,3.0,0.0,17.0,1.1,sí,distrito 1,72.30424040796254,sí,10 474,no,04/03/2021,prestadora B
73.0,hombre,grado I,solo,0.0,1.0,52.0,5.4,no,distrito 3,4.132235183478245,sí,16 609,sí,11/02/2016,prestadora C
86.0,mujer,grado III,solo,3.0,0.0,15.0,0.3,no,distrito 5,760.2550734912503,no,9 254,sí,23/04/2019,prestadora B
82.0,mujer,grado I,solo,3.0,3.0,78.0,2.2,no,distrito 7,123.11952907768908,no,10 597,no,04/09/2023,prestadora B
71.0,mujer,grado I,con familia,5.0,0.0,67.0,2.8,no,distrito 1,16.291660024234535,sí,15 352,N/D,10/09/2022,prestadora C
83.0,mujer,  grado III ,con pareja,1.0,1.0,18.0,2.1,sí,distrito 9,55.501064095769756,no,22 655,no,22/05/2018,prestadora C
84.0,hombre,grado I,con familia,0.0,1.0,31.0,3.7,no,distrito 6,11.152104163432046,no,21 859,sí,07/07/2020,prestadora C
84.0,hombre,sin valorar,solo,3.0,0.0,18.0,3.7,no,distrito 3,197.72464022471786,sí,16 820,sí,24/05/2020,prestadora A
65.0,mujer,grado I,solo,3.0,0.0,78.0,3.1,sí,distrito 6,60.48970041195775,sí,11 514,sí,13/07/2019,prestadora C
86.0,mujer,grado II,con pareja,4.0,0.0,14.0,7.8,no,distrito 7,213.3952922700384,sí,10 697,no,29/12/2017,prestadora A
80.0,hombre,sin valorar,solo,0.0,2.0,31.0,2.4,no,distrito 1,44.333447132443894,sí,6 187,no,27/05/2020,prestadora C
69.0,mujer,grado I,con pareja,2.0,0.0,21.0,4.6,sí,distrito 7,24.41672844723221,sí,17 918,sí,05/10/2017,prestadora A
77.0,hombre,GRADO I,con familia,2.0,0.0,90.0,1.3,sí,distrito 2,12.973035867873191,no,18 541,no,19/01/2016,prestadora B
77.0,mujer,grado II,con pareja,6.0,1.0,1.0,5.0,no,distrito 8,114.0893117610445,no,11 201,sí,09/06/2017,prestadora B
69.0,mujer,sin valorar,con familia,5.0,0.0,26.0,2.7,no,distrito 8,17.14427837009876,sí,10 949,no,04/11/2020,prestadora C
79.0,mujer,grado III,con pareja,3.0,0.0,49.0,4.3,sí,distrito 6,75.03326458258545,no,7 841,no,28/09/2019,prestadora C
90.0,mujer,grado I,con familia,1.0,0.0,46.0,1.8,no,distrito 3,16.925927740541347,sí,12 916,sí,10/08/2017,prestadora A
80.0,mujer,sin valorar,con familia,0.0,0.0,160.0,4.4,sí,distrito 4,21.880019159793726,no,19 833,no,11/01/2020,prestadora A
96.0,mujer,  sin valorar ,con pareja,2.0,1.0,36.0,3.4,no,distrito 4,68.35474410879392,no,11 895,no,17/05/2018,prestadora C
83.0,mujer,grado II,solo,1.0,1.0,68.0,5.1,no,distrito 6,44.19876257895189,no,15 110,no,09/08/2018,prestadora B
87.0,hombre,sin valorar,con pareja,6.0,0.0,131.0,1.7,no,distrito 6,43.42558409712725,no,13 573,sí,18/12/2018,prestadora B
71.0,mujer,  sin valorar ,solo,1.0,0.0,44.0,1.3,no,distrito 9,95.26504733278642,no,14 284,sí,04/05/2016,prestadora A
77.0,mujer,grado I,solo,1.0,1.0,42.0,7.2,no,distrito 10,67.36681909497219,no,9 377,sí,13/11/2019,prestadora A
79.0,mujer,grado I,con familia,2.0,0.0,67.0,3.4,sí,distrito 6,15.598344354601558,sí,20 473,sí,18/04/2020,prestadora B
80.0,hombre,grado I,con pareja,4.0,0.0,67.0,5.1,no,distrito 3,9.799138622336253,no,16 599,no,18/06/2020,prestadora B
76.0,mujer,grado II,solo,5.0,3.0,57.0,6.5,no,distrito 8,638.2800408348054,sí,14 206,sí,27/01/2022,prestadora A
69.0,mujer,grado I,solo,0.0,2.0,58.0,4.0,no,distrito 5,48.842561785586696,no,15 054,sí,04/12/2016,prestadora C
74.0,hombre,grado I,solo,0.0,1.0,24.0,7.0,no,distrito 3,29.72672968436393,sí,14 812,no,27/10/2016,prestadora C
78.0,mujer,sin valorar,con familia,0.0,0.0,120.0,1.3,no,distrito 8,6.280934362704977,sí,17 742,no,27/02/2016,prestadora C
93.0,mujer,grado I,con pareja,0.0,1.0,65.0,7.5,sí,distrito 5,38.7773634788743,sí,10 075,sí,09/08/2024,prestadora C
69.0,mujer,sin valorar,solo,4.0,2.0,27.0,1.8,sí,distrito 1,102.67596846803697,sí,7 558,sí,28/04/2022,prestadora A
79.0,mujer,sin valorar,con familia,3.0,0.0,24.0,1.6,no,distrito 8,19.741256172960917,sí,24 695,no,02/03/2018,prestadora A
72.0,hombre,grado III,con pareja,3.0,0.0,58.0,1.6,no,distrito 6,73.65088894713968,sí,34 617,N/D,04/04/2022,prestadora C
85.0,hombre,GRADO I,con familia,8.0,0.0,74.0,1.8,no,distrito 8,94.07437154828786,sí,17 130,sí,07/12/2016,prestadora B
82.0,hombre,sin valorar,con pareja,3.0,0.0,81.0,2.9,no,distrito 6,15.52881401528067,no,35 764,sí,16/10/2023,prestadora B
75.0,hombre,grado II,solo,2.0,0.0,74.0,8.7,no,distrito 9,414.1075085008044,sí,21 770,sí,31/05/2019,prestadora B
86.0,mujer,grado I,solo,1.0,2.0,22.0,2.7,no,distrito 8,69.93417372410939,no,12 540,no,14/07/2022,prestadora C
76.0,mujer,sin valorar,con pareja,5.0,0.0,68.0,4.6,no,distrito 6,46.65622728641236,sí,14 586,no,18/06/2019,prestadora A
73.0,hombre,grado II,solo,0.0,1.0,9.0,3.6,sí,distrito 7,21.934390287372707,no,9 777,no,25/08/2023,prestadora A
89.0,hombre,grado II,con familia,0.0,0.0,83.0,9.7,no,distrito 10,3.777290183362171,no,15 700,no,18/09/2017,prestadora C
91.0,hombre,grado III,con pareja,1.0,1.0,67.0,7.0,no,distrito 5,70.50414402238579,no,8 107,sí,14/06/2022,prestadora B
74.0,hombre,grado I,solo,2.0,3.0,4.0,3.0,no,distrito 5,179.27108855525452,no,18 662,sí,08/07/2017,prestadora C
79.0,mujer,GRADO I,solo,3.0,0.0,51.0,4.6,no,distrito 8,114.63824567630843,sí,20 775,sí,17/01/2022,prestadora B
99.0,mujer,  sin valorar ,solo,10.0,0.0,40.0,1.4,no,distrito 6,1112.379306668186,sí,11 794,no,22/07/2023,prestadora B
81.0,mujer,grado III,con pareja,1.0,1.0,11.0,5.0,no,distrito 3,83.28401093208473,no,9 486,sí,12/09/2019,prestadora C
65.0,mujer,grado I,solo,0.0,1.0,43.0,0.5,no,distrito 2,32.33085307326155,sí,16 796,no,20/04/2023,prestadora C
87.0,mujer,  grado III ,con pareja,0.0,2.0,32.0,2.3,no,distrito 2,42.05323856088433,sí,5 206,no,13/03/2023,prestadora A
94.0,hombre,grado III,solo,3.0,0.0,61.0,2.5,no,distrito 10,102.6920266014575,sí,16 174,sí,29/04/2024,prestadora A
88.0,mujer,grado II,solo,2.0,0.0,65.0,4.1,sí,distrito 7,142.91481652302122,no,42 623,no,14/08/2024,prestadora C
82.0,mujer,sin valorar,con familia,2.0,1.0,52.0,6.4,no,distrito 6,9.576808443274048,sí,12 372,no,16/12/2022,prestadora A
92.0,hombre,grado I,solo,1.0,1.0,13.0,6.5,sí,distrito 7,38.77934357107588,no,25 867,no,05/11/2019,prestadora A
92.0,mujer,grado II,solo,2.0,0.0,40.0,2.9,no,distrito 11,188.8906484850485,sí,14 550,no,02/11/2016,prestadora B
88.0,mujer,grado I,solo,6.0,0.0,17.0,6.8,no,distrito 6,198.10012896621643,sí,8 079,no,15/09/2022,prestadora B
80.0,hombre,grado II,solo,4.0,0.0,29.0,5.4,no,distrito 9,441.3053725372871,sí,14 232,no,16/08/2021,prestadora B
77.0,mujer,grado III,solo,8.0,2.0,33.0,12.2,no,distrito 1,581.9768681368796,no,7 675,sí,11/02/2024,prestadora A
96.0,mujer,grado I,solo,0.0,0.0,74.0,6.8,sí,distrito 10,17.977490570875027,sí,25 086,sí,24/05/2021,prestadora A
74.0,mujer,grado III,solo,1.0,0.0,30.0,5.5,no,distrito 3,45.242701005178375,no,18 217,no,13/06/2017,prestadora B
79.0,mujer,sin valorar,solo,2.0,6.0,4.0,3.6,sí,distrito 2,210.05555531565355,sí,8 540,sí,31/01/2020,prestadora B
72.0,mujer,GRADO II,con familia,0.0,0.0,61.0,2.5,no,distrito 9,13.854679444918878,no,15 004,sí,13/06/2022,prestadora B
95.0,mujer,GRADO I,con familia,1.0,0.0,70.0,2.0,no,distrito 2,12.855136730788443,sí,7 959,sí,13/04/2024,prestadora A
83.0,hombre,grado III,solo,1.0,1.0,43.0,4.1,no,distrito 9,99.56383054591619,sí,4 284,no,15/12/2021,prestadora C
70.0,mujer,grado II,solo,8.0,0.0,34.0,5.1,no,distrito 10,619.7654574176063,no,8 998,sí,11/06/2022,prestadora C
77.0,mujer,  grado I ,solo,2.0,0.0,26.0,2.8,no,distrito 4,106.22665690755014,no,19 306,sí,30/08/2022,prestadora B
73.0,hombre,  grado II ,solo,3.0,0.0,27.0,6.7,sí,distrito 8,122.89543517613625,sí,23 612,sí,10/05/2021,prestadora A
88.0,mujer,grado III,solo,2.0,0.0,81.0,1.2,no,distrito 6,107.90594887293868,sí,14 712,sí,19/02/2016,prestadora C
91.0,hombre,grado I,solo,2.0,0.0,36.0,1.3,no,distrito 7,92.20066039986763,no,31 885,no,14/05/2018,prestadora B
84.0,mujer,sin valorar,solo,3.0,1.0,4.0,3.6,no,distrito 10,43.22600206603834,no,18 794,sí,26/12/2017,prestadora B
83.0,mujer,SIN VALORAR,solo,1.0,0.0,72.0,7.4,no,distrito 3,24.90467671011898,sí,9 642,no,16/12/2018,prestadora C
74.0,mujer,grado I,con familia,0.0,0.0,11.0,8.7,sí,distrito 10,20.490533910294307,sí,14 943,sí,05/05/2024,prestadora C
69.0,mujer,sin valorar,con pareja,3.0,0.0,43.0,1.4,sí,distrito 11,41.51718762046335,sí,8 561,sí,16/07/2017,prestadora A
84.0,hombre,grado III,con pareja,1.0,0.0,59.0,3.0,no,distrito 2,39.5654967962505,sí,18 168,no,11/10/2023,prestadora A
75.0,mujer,GRADO I,solo,4.0,0.0,35.0,5.0,no,distrito 8,170.97845883882238,sí,16 565,sí,01/09/2019,prestadora B
94.0,mujer,grado II,solo,1.0,0.0,16.0,3.2,no,distrito 5,46.805496993501684,no,18 938,no,19/03/2017,prestadora C
88.0,hombre,sin valorar,con pareja,3.0,0.0,55.0,14.6,no,distrito 9,15.173720360118017,no,15 191,no,14/06/2024,prestadora B
77.0,hombre,  sin valorar ,con familia,1.0,1.0,44.0,3.3,no,distrito 9,5.793523879504959,no,17 878,sí,12/12/2017,prestadora C
82.0,mujer,grado III,con pareja,0.0,0.0,99.0,4.9,no,distrito 9,35.60489606005208,sí,17 052,no,19/01/2020,prestadora A
99.0,mujer,GRADO I,solo,3.0,0.0,14.0,1.7,no,distrito 1,87.74158231208399,sí,16 911,sí,20/08/2023,prestadora A
95.0,mujer,grado I,solo,1.0,1.0,3.0,1.5,sí,distrito 7,131.19514845012503,sí,32 152,sí,09/03/2019,prestadora A
93.0,mujer,grado I,con familia,1.0,0.0,30.0,0.7,sí,distrito 4,30.12092210220653,sí,39 156,sí,11/02/2024,prestadora A
89.0,hombre,GRADO I,solo,11.0,2.0,5.0,4.7,no,distrito 5,887.7008119521588,sí,14 438,sí,31/12/2023,prestadora A
81.0,mujer,grado II,con familia,5.0,0.0,104.0,4.8,sí,distrito 7,268.42779854439965,no,14 274,no,08/01/2019,prestadora B
98.0,hombre,sin valorar,con familia,1.0,2.0,54.0,8.9,no,distrito 10,41.75731075412979,sí,15 568,no,05/04/2021,prestadora A
93.0,mujer,sin valorar,solo,1.0,0.0,90.0,6.8,no,distrito 7,3.835158399628216,no,15 906,no,04/12/2023,prestadora C
75.0,mujer,grado I,con familia,6.0,0.0,33.0,5.1,sí,distrito 9,71.11836909498501,no,9 246,sí,19/05/2017,prestadora C
76.0,mujer,grado II,con familia,3.0,0.0,8.0,1.6,sí,distrito 1,49.0129975146052,sí,27 067,no,20/02/2022,prestadora C
83.0,hombre,sin valorar,con pareja,4.0,0.0,10.0,6.4,no,distrito 7,37.28628967249549,no,19 111,no,02/10/2023,prestadora A
78.0,mujer,sin valorar,solo,2.0,0.0,48.0,13.4,no,distrito 3,95.10225372318834,sí,25 400,no,27/02/2021,prestadora C
88.0,hombre,sin valorar,con familia,4.0,0.0,13.0,11.1,sí,distrito 11,17.158273834482813,no,14 787,no,20/06/2016,prestadora B
77.0,mujer,SIN VALORAR,solo,4.0,1.0,26.0,1.1,sí,distrito 5,68.34353495026285,no,7 713,no,27/01/2021,prestadora A
76.0,hombre,sin valorar,solo,0.0,0.0,20.0,9.0,sí,distrito 4,16.036209824548077,sí,10 000,no,14/02/2024,prestadora C
86.0,mujer,GRADO II,con familia,0.0,0.0,4.0,0.5,sí,distrito 4,40.65537852613451,no,19 037,sí,12/03/2021,prestadora C
88.0,mujer,grado I,con pareja,2.0,1.0,12.0,1.2,no,distrito 1,31.051607394839845,no,30 464,no,01/07/2016,prestadora A
97.0,hombre,grado III,solo,2.0,0.0,59.0,5.8,sí,distrito 5,262.2632215047472,no,11 652,sí,04/11/2023,prestadora C
74.0,mujer,grado I,con pareja,3.0,1.0,111.0,0.8,sí,distrito 7,78.10075264303924,no,9 631,sí,16/09/2022,prestadora B
89.0,mujer,grado III,con familia,1.0,3.0,53.0,2.9,sí,distrito 5,36.53597015397858,sí,17 435,no,24/10/2016,prestadora A
97.0,mujer,GRADO III,solo,0.0,0.0,48.0,5.3,no,distrito 11,55.95297359082113,sí,26 044,no,02/07/2016,prestadora B
85.0,mujer,sin valorar,solo,1.0,0.0,28.0,0.6,no,distrito 9,21.316624434909922,sí,28 974,sí,14/06/2024,prestadora C
87.0,mujer,grado III,con pareja,0.0,0.0,12.0,2.1,no,distrito 3,17.387235982823363,no,17 559,no,03/09/2020,prestadora A
73.0,mujer,grado I,solo,4.0,4.0,7.0,7.7,sí,distrito 6,79.17044412114679,sí,11 316,sí,10/01/2019,prestadora B
79.0,mujer,sin valorar,solo,3.0,0.0,26.0,3.0,no,distrito 8,75.62363754255861,sí,5 361,sí,04/02/2019,prestadora A
74.0,hombre,grado III,con familia,3.0,1.0,33.0,3.6,no,distrito 4,143.65158137522673,no,19 398,no,12/08/2024,prestadora C
85.0,mujer,sin valorar,con familia,2.0,1.0,11.0,1.8,no,distrito 10,48.10509546970234,sí,11 023,sí,19/12/2018,prestadora A
80.0,mujer,grado II,solo,0.0,0.0,68.0,2.1,no,distrito 5,30.242613190469346,sí,14 043,sí,02/08/2024,prestadora C
86.0,mujer,grado II,solo,0.0,3.0,35.0,5.4,no,distrito 7,38.49595744450512,sí,18 094,sí,23/03/2022,prestadora A
91.0,mujer,grado III,solo,3.0,0.0,39.0,1.0,no,distrito 9,771.2380587673533,sí,11 037,sí,11/10/2017,prestadora A
88.0,mujer,GRADO II,con familia,3.0,0.0,75.0,8.6,sí,distrito 10,60.04889856912575,sí,25 193,sí,20/04/2024,prestadora C
82.0,mujer,sin valorar,con pareja,0.0,3.0,59.0,7.1,sí,distrito 2,20.388935056954086,sí,9 251,no,06/02/2024,prestadora C
78.0,mujer,SIN VALORAR,solo,2.0,0.0,52.0,5.5,no,distrito 3,38.06644658124909,sí,17 689,no,09/04/2023,prestadora C
76.0,hombre,grado III,con pareja,0.0,0.0,46.0,5.0,no,distrito 9,20.850123922628914,no,17 789,no,17/07/2023,prestadora A
69.0,hombre,SIN VALORAR,con pareja,4.0,0.0,34.0,5.3,sí,distrito 5,101.9316027746032,sí,21 816,N/D,09/11/2019,prestadora B
87.0,mujer,GRADO I,con familia,1.0,0.0,12.0,2.9,sí,distrito 10,38.91771329876807,sí,15 278,sí,22/09/2020,prestadora A
78.0,mujer,sin valorar,con familia,4.0,0.0,100.0,0.5,no,distrito 2,28.39588625073929,no,16 234,no,20/02/2019,prestadora B
85.0,hombre,grado I,con pareja,1.0,0.0,13.0,11.1,sí,distrito 4,31.029590088126994,sí,11 952,sí,08/01/2017,prestadora C
76.0,mujer,sin valorar,solo,1.0,0.0,35.0,2.1,sí,distrito 3,14.603470236546775,no,21 750,no,23/06/2017,prestadora B
99.0,mujer,grado II,solo,8.0,0.0,58.0,3.1,no,distrito 1,558.2792379791662,sí,20 346,no,24/01/2016,prestadora C
96.0,mujer,SIN VALORAR,con pareja,2.0,0.0,6.0,1.1,no,distrito 4,71.88254546681208,sí,21 623,no,13/01/2024,prestadora C
69.0,hombre,grado II,solo,0.0,1.0,31.0,4.6,sí,distrito 8,30.55656868390164,no,18 450,sí,27/06/2024,prestadora A
79.0,mujer,grado I,con pareja,1.0,0.0,19.0,0.7,no,distrito 3,7.968486228069172,sí,18 291,N/D,19/02/2019,prestadora C
84.0,hombre,grado II,solo,2.0,1.0,16.0,2.4,no,distrito 9,217.7750540792582,no,9 377,sí,15/06/2022,prestadora C
81.0,mujer,sin valorar,solo,3.0,0.0,47.0,3.4,sí,distrito 7,58.564298532264424,sí,9 078,sí,02/08/2022,prestadora C
87.0,mujer,grado II,solo,3.0,2.0,40.0,10.0,sí,distrito 1,320.54049222308026,no,14 611,no,18/12/2021,prestadora B
72.0,mujer,sin valorar,con pareja,1.0,0.0,6.0,1.3,no,distrito 1,17.37249318850677,sí,17 377,sí,29/03/2022,prestadora A
87.0,hombre,grado II,solo,3.0,0.0,11.0,1.6,sí,distrito 6,124.5557253326827,sí,13 209,sí,10/10/2019,prestadora C
82.0,hombre,  grado I ,con familia,2.0,1.0,21.0,2.5,no,distrito 11,35.069213133462306,sí,20 261,sí,18/03/2017,prestadora C
79.0,hombre,grado I,con pareja,1.0,0.0,28.0,5.6,no,distrito 9,41.984090226017486,sí,4 932,sí,25/03/2024,prestadora C
74.0,hombre,sin valorar,solo,8.0,1.0,20.0,3.1,no,distrito 3,229.08411699358166,no,7 630,sí,12/04/2021,prestadora C
81.0,hombre,  grado I ,solo,2.0,0.0,1.0,2.9,sí,distrito 10,115.32303982223088,sí,8 069,sí,28/12/2019,prestadora C
79.0,mujer,grado II,con familia,0.0,0.0,58.0,2.2,no,distrito 7,13.903764791200258,sí,18 553,no,19/04/2018,prestadora C
82.0,mujer,GRADO I,con pareja,2.0,0.0,42.0,4.8,no,distrito 8,25.84118424338534,sí,14 649,sí,18/11/2019,prestadora B
78.0,mujer,grado III,con pareja,3.0,0.0,11.0,8.5,sí,distrito 4,69.47735320165677,no,16 636,sí,30/08/2019,prestadora A
90.0,hombre,grado II,con familia,2.0,0.0,35.0,4.6,no,distrito 3,21.891880823543858,no,14 276,N/D,11/07/2016,prestadora A
76.0,mujer,  grado II ,solo,1.0,0.0,2.0,2.4,no,distrito 6,108.70269680209576,sí,12 387,no,01/08/2017,prestadora B
72.0,mujer,grado II,con familia,3.0,2.0,59.0,5.0,no,distrito 2,73.17949702735828,no,29 600,sí,29/12/2020,prestadora B
78.0,mujer,grado III,con pareja,8.0,0.0,41.0,11.9,no,distrito 5,254.03451426829056,sí,17 763,sí,11/03/2024,prestadora C
78.0,mujer,sin valorar,solo,1.0,6.0,33.0,2.7,sí,distrito 2,35.22505550317811,no,6 414,sí,18/02/2018,prestadora B
70.0,mujer,sin valorar,solo,12.0,0.0,53.0,2.2,no,distrito 2,668.2274784882215,no,19 179,no,05/03/2022,prestadora A
75.0,mujer,GRADO I,con pareja,0.0,0.0,28.0,3.6,no,distrito 7,74.77319121938804,sí,13 131,sí,16/10/2021,prestadora A
87.0,hombre,sin valorar,con familia,3.0,0.0,111.0,2.5,no,distrito 5,20.509159956733544,sí,17 666,sí,12/06/2023,prestadora B
90.0,hombre,GRADO II,solo,1.0,0.0,81.0,3.5,sí,distrito 9,29.087305974578896,sí,7 161,sí,20/04/2017,prestadora A
71.0,mujer,  sin valorar ,solo,0.0,1.0,62.0,10.2,sí,distrito 1,31.323034891390318,no,18 994,sí,29/05/2021,prestadora C
70.0,mujer,grado I,con pareja,0.0,0.0,62.0,2.0,sí,distrito 11,18.39727869627495,no,16 618,N/D,29/06/2022,prestadora C
85.0,mujer,sin valorar,con familia,1.0,2.0,50.0,8.0,no,distrito 10,20.443579137767248,no,21 334,no,29/08/2023,prestadora C
82.0,mujer,grado I,con familia,2.0,0.0,49.0,2.7,no,distrito 9,40.27777449296939,sí,20 359,sí,11/08/2016,prestadora A
76.0,hombre,grado II,con familia,0.0,2.0,32.0,7.9,sí,distrito 7,88.06172102824968,sí,33 077,N/D,07/11/2017,prestadora B
87.0,hombre,sin valorar,solo,14.0,1.0,9.0,0.8,sí,distrito 8,2135.0659920921703,sí,13 740,sí,22/09/2016,prestadora B
82.0,mujer,grado I,solo,8.0,1.0,27.0,4.3,no,distrito 9,351.0367068537927,sí,11 624,sí,18/05/2017,prestadora A
92.0,hombre,grado I,solo,8.0,1.0,1.0,1.3,sí,distrito 10,487.89455311158366,no,20 276,sí,23/08/2017,prestadora A
78.0,hombre,grado I,solo,0.0,2.0,6.0,0.3,sí,distrito 4,11.301968656683817,no,12 285,no,14/11/2018,prestadora C
78.0,hombre,grado III,con pareja,6.0,0.0,14.0,1.0,no,distrito 5,293.0541694732945,sí,27 884,no,25/09/2018,prestadora B
84.0,mujer,  grado III ,solo,4.0,2.0,152.0,5.7,sí,distrito 6,481.13763164669314,sí,18 832,sí,20/07/2019,prestadora B
65.0,hombre,grado II,solo,0.0,0.0,27.0,3.3,no,distrito 11,68.89452552709294,no,21 949,sí,09/12/2017,prestadora B
92.0,mujer,sin valorar,con familia,0.0,0.0,46.0,1.9,no,distrito 6,6.922516056949461,no,27 976,sí,08/06/2016,prestadora B
78.0,mujer,grado I,solo,0.0,1.0,20.0,5.3,no,distrito 7,21.71767875943984,sí,17 855,sí,27/12/2022,prestadora B
85.0,mujer,grado II,con familia,4.0,0.0,85.0,2.2,no,distrito 10,141.50360572192687,sí,13 816,N/D,15/08/2017,prestadora B
83.0,mujer,grado II,con pareja,5.0,1.0,34.0,13.1,no,distrito 8,109.04373724323747,sí,19 862,sí,19/12/2016,prestadora C
79.0,hombre,grado I,solo,3.0,1.0,31.0,5.9,sí,distrito 5,232.39434830021705,sí,10 193,sí,11/04/2020,prestadora B
76.0,mujer,grado II,solo,0.0,0.0,72.0,0.9,sí,distrito 10,14.130951637893233,sí,10 435,sí,26/09/2022,prestadora B
92.0,mujer,sin valorar,con familia,0.0,0.0,45.0,0.9,sí,distrito 8,9.325217750760006,no,16 171,no,10/12/2016,prestadora C
87.0,hombre,grado I,solo,1.0,0.0,56.0,4.4,no,distrito 9,105.11261617038012,no,7 407,N/D,30/04/2017,prestadora C
87.0,mujer,sin valorar,solo,7.0,1.0,42.0,0.9,sí,distrito 9,203.09060594791217,no,10 059,no,23/04/2017,prestadora B
79.0,mujer,grado III,solo,3.0,1.0,21.0,5.4,no,distrito 3,398.3153837841395,sí,39 840,sí,10/09/2023,prestadora C
75.0,hombre,GRADO I,solo,2.0,0.0,29.0,13.5,no,distrito 1,47.785102002078396,sí,15 456,no,26/01/2022,prestadora C
85.0,mujer,grado II,solo,3.0,2.0,9.0,3.3,no,distrito 7,167.59265257895746,sí,8 194,sí,25/07/2023,prestadora A
90.0,mujer,  grado I ,con pareja,1.0,2.0,25.0,6.1,no,distrito 2,35.01382108931241,sí,22 539,sí,15/12/2017,prestadora A
86.0,hombre,grado III,solo,1.0,0.0,39.0,9.5,sí,distrito 9,52.33807743022358,sí,12 656,no,22/11/2021,prestadora C
78.0,mujer,grado I,con pareja,8.0,0.0,23.0,2.8,sí,distrito 11,89.50216684537499,sí,14 436,no,22/05/2024,prestadora C
72.0,hombre,grado III,con pareja,4.0,0.0,28.0,4.6,no,distrito 5,405.88055650309656,sí,5 641,sí,06/06/2017,prestadora B
82.0,hombre,grado II,solo,2.0,0.0,40.0,7.9,no,distrito 11,106.62202245166232,sí,17 605,no,17/11/2016,prestadora B
79.0,hombre,grado I,con pareja,3.0,0.0,40.0,12.0,no,distrito 10,388.763055054631,sí,14 600,no,01/09/2022,prestadora B
90.0,mujer,grado II,con pareja,2.0,0.0,16.0,1.3,no,distrito 2,28.250893100786694,no,28 328,sí,04/03/2017,prestadora C
82.0,mujer,grado II,con familia,3.0,2.0,13.0,10.3,no,distrito 8,79.44552759430128,sí,22 566,N/D,12/06/2022,prestadora C
87.0,mujer,GRADO I,con familia,0.0,1.0,16.0,8.2,sí,distrito 4,46.53450899918929,sí,12 674,no,07/04/2020,prestadora C
84.0,hombre,grado I,con pareja,4.0,0.0,109.0,4.2,no,distrito 9,152.20459832441946,sí,9 496,sí,25/08/2021,prestadora B
86.0,hombre,grado III,con pareja,7.0,0.0,13.0,5.9,no,distrito 1,195.2371315542993,sí,15 391,no,13/02/2021,prestadora B
89.0,mujer,GRADO I,solo,1.0,1.0,6.0,0.8,no,distrito 4,447.21744950119535,sí,15 500,sí,14/07/2023,prestadora C
85.0,mujer,  sin valorar ,con familia,0.0,0.0,78.0,2.9,no,distrito 11,6.1577621504934035,no,11 625,no,27/05/2017,prestadora C
77.0,mujer,grado I,con familia,0.0,2.0,43.0,1.2,no,distrito 8,22.248894958268433,no,15 636,sí,14/09/2023,prestadora A
85.0,hombre,grado II,con pareja,4.0,0.0,38.0,2.8,sí,distrito 4,35.83885833837706,sí,9 302,sí,28/03/2020,prestadora A
81.0,mujer,  grado II ,con pareja,1.0,1.0,9.0,4.1,no,distrito 5,39.65241941725042,no,8 536,no,06/07/2016,prestadora B
74.0,mujer,GRADO I,con pareja,10.0,0.0,119.0,2.5,sí,distrito 11,172.69812169174622,sí,15 787,sí,08/03/2023,prestadora A
87.0,hombre,grado III,con pareja,4.0,0.0,29.0,12.4,no,distrito 10,418.6061690097289,no,19 965,no,09/09/2018,prestadora B
76.0,mujer,grado I,solo,0.0,0.0,47.0,2.6,no,distrito 1,10.269924896555635,no,16 183,no,03/09/2022,prestadora A
97.0,mujer,grado III,solo,2.0,1.0,5.0,1.0,sí,distrito 11,216.71354745928195,sí,20 489,sí,13/05/2017,prestadora B
92.0,mujer,sin valorar,con familia,3.0,0.0,77.0,2.0,sí,distrito 11,4.8454297967790625,sí,23 706,sí,18/02/2023,prestadora B
84.0,mujer,grado III,solo,0.0,0.0,42.0,8.5,no,distrito 1,45.78489106756863,sí,16 195,sí,10/01/2024,prestadora B
82.0,hombre,sin valorar,solo,3.0,1.0,38.0,2.1,no,distrito 4,64.97245906759059,no,36 668,no,05/11/2019,prestadora B
78.0,mujer,grado I,con pareja,3.0,2.0,20.0,4.1,sí,distrito 10,74.87762577922477,no,11 044,no,17/10/2023,prestadora C
92.0,mujer,grado I,solo,1.0,1.0,21.0,8.4,no,distrito 4,66.56904640456213,sí,17 355,N/D,17/12/2023,prestadora A
80.0,hombre,grado I,con pareja,1.0,0.0,160.0,5.3,no,distrito 7,31.23479967062106,sí,12 331,no,28/06/2016,prestadora B
90.0,hombre,  grado II ,solo,1.0,0.0,38.0,1.5,no,distrito 9,54.27331992733303,sí,12 513,no,02/08/2020,prestadora B
81.0,hombre,grado I,con pareja,3.0,0.0,35.0,6.8,no,distrito 6,53.34473378721024,no,17 767,sí,08/11/2023,prestadora B
88.0,mujer,grado I,solo,1.0,0.0,11.0,6.4,no,distrito 7,111.03169701777425,sí,24 543,sí,07/11/2020,prestadora C
82.0,mujer,grado I,con pareja,2.0,0.0,31.0,2.6,sí,distrito 4,42.61140613616263,no,16 444,no,26/07/2018,prestadora B
70.0,mujer,SIN VALORAR,con pareja,2.0,1.0,49.0,10.8,no,distrito 8,34.650151101341855,sí,21 682,no,02/11/2022,prestadora C
76.0,mujer,grado III,con pareja,6.0,0.0,29.0,6.0,sí,distrito 10,168.43001040648235,sí,18 801,sí,15/10/2018,prestadora A
95.0,mujer,grado III,solo,0.0,0.0,83.0,3.5,no,distrito 8,22.18214675189131,sí,9 656,sí,24/09/2020,prestadora A
90.0,hombre,grado II,con familia,0.0,0.0,29.0,3.4,no,distrito 8,7.025916429410809,no,15 965,no,17/01/2018,prestadora C
89.0,hombre,grado II,solo,1.0,0.0,31.0,2.8,no,distrito 8,128.1041079717983,sí,27 094,sí,08/10/2020,prestadora C
81.0,mujer,grado I,solo,2.0,1.0,18.0,6.8,sí,distrito 6,238.54369164841708,sí,28 065,no,28/10/2016,prestadora B
98.0,mujer,grado I,con familia,2.0,0.0,4.0,12.8,no,distrito 9,14.44398315957897,no,19 053,sí,15/02/2020,prestadora B
76.0,mujer,grado I,solo,1.0,0.0,14.0,16.5,sí,distrito 11,109.55583881433988,sí,16 002,sí,03/10/2024,prestadora C
78.0,mujer,GRADO I,con pareja,0.0,0.0,88.0,8.4,sí,distrito 10,34.429820938365395,no,18 808,sí,05/02/2020,prestadora C
71.0,mujer,grado I,con pareja,2.0,1.0,22.0,5.4,no,distrito 11,33.4831628968298,sí,17 031,no,10/05/2021,prestadora B
83.0,mujer,grado I,con familia,4.0,0.0,13.0,5.0,no,distrito 8,34.7192019908801,sí,27 454,sí,06/04/2020,prestadora A
98.0,mujer,grado II,solo,4.0,0.0,25.0,1.7,sí,distrito 9,642.0909210847016,sí,8 092,sí,30/01/2019,prestadora C
77.0,hombre,  grado III ,con pareja,8.0,0.0,30.0,0.3,sí,distrito 7,44.97208155267921,sí,14 136,sí,11/04/2016,prestadora A
81.0,mujer,sin valorar,con pareja,0.0,2.0,7.0,4.5,sí,distrito 3,14.196304187082214,no,9 103,sí,31/01/2018,prestadora A
71.0,hombre,grado II,solo,0.0,0.0,13.0,0.7,no,distrito 4,45.86984788987997,no,12 391,no,09/06/2024,prestadora B
81.0,hombre,grado III,solo,0.0,0.0,30.0,5.7,no,distrito 9,57.922001561773776,sí,23 725,sí,30/06/2023,prestadora B
85.0,mujer,SIN VALORAR,con familia,1.0,0.0,31.0,5.5,no,distrito 6,19.9150858224134,no,21 801,sí,24/09/2016,prestadora C
79.0,mujer,grado III,solo,3.0,1.0,17.0,0.5,no,distrito 4,325.06001429637496,no,19 189,sí,05/11/2021,prestadora C
87.0,mujer,SIN VALORAR,con familia,4.0,0.0,52.0,4.8,sí,distrito 7,89.79465343681373,no,11 508,sí,06/03/2023,prestadora C
67.0,mujer,grado II,con pareja,2.0,5.0,27.0,7.6,no,distrito 3,71.89187364615738,no,8 384,sí,06/03/2016,prestadora A
91.0,hombre,grado I,solo,0.0,0.0,138.0,9.1,no,distrito 7,40.03813702526604,no,8 985,no,19/02/2019,prestadora A
88.0,hombre,sin valorar,solo,1.0,0.0,44.0,7.9,sí,distrito 9,25.37409743034964,no,18 575,no,16/07/2019,prestadora A
75.0,mujer,grado II,con pareja,2.0,2.0,92.0,3.5,no,distrito 8,78.9825151306927,no,16 628,no,17/02/2019,prestadora B
83.0,mujer,grado II,solo,8.0,0.0,35.0,4.2,no,distrito 7,413.00204171380847,no,9 735,no,02/05/2021,prestadora B
73.0,mujer,grado II,solo,5.0,1.0,0.0,1.8,no,distrito 9,207.4842341353161,no,28 515,no,30/10/2021,prestadora B
71.0,mujer,  grado II ,con pareja,1.0,0.0,23.0,10.7,no,distrito 6,39.379880211101785,sí,11 700,N/D,06/08/2019,prestadora B
70.0,mujer,grado II,solo,3.0,0.0,48.0,3.5,no,distrito 8,452.4650648600293,sí,5 917,sí,11/01/2016,prestadora B
100.0,mujer,GRADO I,con familia,0.0,0.0,87.0,3.3,no,distrito 3,2.7752793751012055,sí,36 273,no,26/07/2020,prestadora C
76.0,mujer,grado II,solo,3.0,2.0,56.0,5.2,no,distrito 4,223.42007974835724,no,12 060,sí,03/02/2022,prestadora A
89.0,mujer,grado I,solo,1.0,2.0,7.0,1.7,no,distrito 6,103.6645572725284,sí,16 022,no,30/06/2022,prestadora B
82.0,mujer,grado III,con pareja,2.0,0.0,11.0,9.0,sí,distrito 10,142.18162413816694,sí,10 251,sí,05/07/2017,prestadora A
100.0,mujer,sin valorar,con familia,1.0,0.0,4.0,2.5,no,distrito 5,27.626306175541327,no,18 577,sí,20/01/2019,prestadora C
81.0,mujer,grado I,solo,7.0,6.0,20.0,6.4,no,distrito 9,1034.9220231347474,sí,9 744,no,24/07/2023,prestadora A
65.0,hombre,grado II,con familia,1.0,0.0,72.0,2.5,no,distrito 8,32.89203569232606,no,35 719,sí,21/02/2018,prestadora A
92.0,hombre,grado II,con pareja,3.0,0.0,98.0,2.7,no,distrito 8,49.62548119483375,sí,26 959,N/D,26/06/2024,prestadora B
79.0,mujer,grado I,con pareja,9.0,1.0,23.0,6.0,no,distrito 2,124.941929471901,no,12 671,sí,22/02/2021,prestadora C
82.0,mujer,grado I,solo,5.0,0.0,16.0,5.5,no,distrito 10,785.5630925247813,sí,28 709,sí,19/06/2022,prestadora C
68.0,hombre,  grado I ,solo,0.0,3.0,29.0,3.1,no,distrito 1,42.74241152814708,sí,10 283,sí,20/02/2016,prestadora B
78.0,hombre,sin valorar,con pareja,0.0,1.0,72.0,15.4,sí,distrito 6,27.777835440024884,no,17 515,sí,21/04/2019,prestadora A
75.0,mujer,  grado II ,con pareja,0.0,1.0,26.0,1.8,no,distrito 1,13.359992252238861,no,12 358,no,12/02/2020,prestadora C
93.0,hombre,GRADO II,con familia,2.0,1.0,26.0,9.1,sí,distrito 4,31.793830310851575,no,21 701,sí,06/09/2022,prestadora B
94.0,mujer,grado I,con pareja,4.0,0.0,16.0,2.0,sí,distrito 8,91.91189267404185,no,29 295,no,02/09/2016,prestadora C
77.0,hombre,grado II,solo,3.0,0.0,58.0,4.6,no,distrito 5,241.98005942269458,sí,18 975,sí,30/03/2018,prestadora C
80.0,hombre,grado III,con pareja,6.0,2.0,21.0,1.9,no,distrito 11,149.8533818545931,sí,15 920,sí,17/05/2019,prestadora A
82.0,mujer,sin valorar,con familia,4.0,0.0,15.0,3.4,no,distrito 1,23.11967938191518,no,25 892,N/D,11/07/2019,prestadora A
82.0,hombre,grado I,solo,3.0,1.0,15.0,8.7,no,distrito 3,171.5525659908066,no,10 731,N/D,01/10/2023,prestadora A
82.0,mujer,grado II,con pareja,1.0,1.0,17.0,1.0,no,distrito 8,26.704485865119292,no,20 436,sí,31/10/2020,prestadora B
85.0,mujer,  grado I ,solo,0.0,0.0,0.0,3.2,no,distrito 11,21.37093607745484,no,25 734,sí,10/12/2017,prestadora C
78.0,mujer,grado III,con pareja,3.0,0.0,34.0,3.6,sí,distrito 3,93.82270534956491,sí,9 405,sí,16/09/2020,prestadora C
76.0,mujer,GRADO I,con pareja,5.0,0.0,18.0,4.5,no,distrito 9,91.57607787630734,no,11 098,N/D,18/09/2020,prestadora C
82.0,mujer,SIN VALORAR,con familia,0.0,0.0,18.0,7.0,sí,distrito 5,35.40958996532445,no,15 190,sí,22/05/2016,prestadora C
78.0,mujer,sin valorar,solo,2.0,0.0,23.0,3.3,no,distrito 7,38.851523493185645,sí,17 391,no,13/03/2018,prestadora C
85.0,mujer,grado II,solo,3.0,0.0,81.0,7.2,no,distrito 5,71.82731217803159,sí,8 988,sí,27/08/2017,prestadora A
76.0,mujer,grado III,con pareja,1.0,0.0,2.0,4.0,sí,distrito 3,92.85870495379903,no,6 635,no,10/01/2023,prestadora A
91.0,mujer,grado I,con pareja,2.0,0.0,88.0,4.2,no,distrito 4,40.24448224093032,sí,16 776,no,07/12/2019,prestadora A
84.0,mujer,grado II,con pareja,3.0,0.0,25.0,5.3,sí,distrito 4,55.46747233577748,sí,22 359,no,07/07/2018,prestadora C
78.0,hombre,grado I,solo,2.0,0.0,62.0,9.0,sí,distrito 8,62.66462023243028,no,9 797,sí,30/06/2021,prestadora A
84.0,hombre,grado III,solo,2.0,1.0,48.0,1.7,no,distrito 5,98.61033264890541,sí,12 667,no,03/11/2017,prestadora C
85.0,hombre,grado II,solo,3.0,0.0,79.0,5.0,no,distrito 9,315.2537423057995,sí,6 258,no,11/01/2020,prestadora B
75.0,mujer,grado I,solo,0.0,0.0,42.0,14.1,no,distrito 8,26.372185541820215,sí,21 771,no,03/09/2021,prestadora B
87.0,mujer,grado III,con pareja,5.0,0.0,37.0,2.3,no,distrito 2,240.69420983677793,sí,5 195,no,21/01/2019,prestadora A
78.0,mujer,grado I,con pareja,1.0,0.0,38.0,4.6,no,distrito 7,51.97134070063738,sí,16 478,N/D,16/05/2019,prestadora B
89.0,hombre,grado I,solo,4.0,2.0,20.0,11.4,no,distrito 1,956.9598018170042,no,23 167,sí,15/05/2019,prestadora C
74.0,hombre,grado I,solo,2.0,0.0,18.0,2.9,sí,distrito 7,84.96204678455396,sí,19 171,sí,06/05/2023,prestadora A
82.0,mujer,GRADO II,con pareja,6.0,2.0,17.0,7.9,sí,distrito 4,67.19477467592105,sí,9 809,sí,03/09/2019,prestadora A
71.0,hombre,sin valorar,solo,2.0,2.0,40.0,3.0,sí,distrito 10,68.50753765086289,sí,17 461,sí,02/03/2024,prestadora C
86.0,hombre,grado II,solo,1.0,1.0,2.0,2.4,no,distrito 8,85.48563404034762,no,16 245,no,22/07/2019,prestadora A
78.0,mujer,sin valorar,solo,1.0,0.0,57.0,5.4,sí,distrito 1,17.10505672766746,sí,16 475,sí,03/11/2022,prestadora C
84.0,mujer,sin valorar,solo,0.0,3.0,19.0,10.4,no,distrito 10,9.212383772582502,sí,22 795,sí,23/12/2023,prestadora C
90.0,hombre,grado II,con familia,2.0,0.0,32.0,9.1,no,distrito 9,15.361875664881532,sí,17 432,no,14/06/2022,prestadora B
89.0,mujer,grado I,solo,0.0,1.0,70.0,2.9,no,distrito 7,23.767476001904633,sí,11 851,no,14/02/2019,prestadora B
89.0,mujer,grado III,solo,5.0,0.0,31.0,3.0,no,distrito 9,624.814430736235,sí,15 554,sí,17/03/2016,prestadora C
93.0,mujer,grado I,con familia,1.0,0.0,57.0,2.9,sí,distrito 2,13.536924394560298,no,12 590,no,14/09/2021,prestadora B
103.0,hombre,SIN VALORAR,con familia,2.0,1.0,34.0,2.6,sí,distrito 9,83.77698335938348,sí,10 311,no,05/03/2016,prestadora C
76.0,hombre,grado I,con pareja,12.0,0.0,60.0,4.7,sí,distrito 8,216.32260394460752,sí,9 822,N/D,01/04/2020,prestadora C
95.0,mujer,sin valorar,con pareja,2.0,1.0,58.0,2.2,no,distrito 7,38.35467410779555,sí,19 409,no,18/04/2022,prestadora C
74.0,mujer,grado I,solo,4.0,0.0,48.0,4.6,no,distrito 6,111.56005743871071,sí,14 848,sí,31/05/2019,prestadora A
95.0,hombre,  grado III ,con pareja,5.0,0.0,19.0,3.1,no,distrito 7,137.3461645568801,sí,6 295,sí,19/05/2022,prestadora A
90.0,mujer,sin valorar,solo,3.0,0.0,45.0,1.9,no,distrito 9,139.48905086363146,sí,17 057,sí,13/10/2020,prestadora B
81.0,hombre,grado I,solo,0.0,1.0,66.0,3.1,sí,distrito 10,14.720038232657394,sí,14 256,sí,18/08/2024,prestadora C
93.0,mujer,grado I,con familia,1.0,1.0,16.0,12.4,no,distrito 7,71.32497519113811,no,34 252,sí,26/10/2016,prestadora C
74.0,mujer,GRADO I,con pareja,0.0,0.0,33.0,3.5,sí,distrito 5,21.091580732063164,sí,12 752,N/D,25/02/2021,prestadora C
94.0,hombre,GRADO II,solo,4.0,3.0,30.0,2.2,no,distrito 9,635.1079204221128,sí,29 511,sí,06/07/2019,prestadora B
85.0,mujer,grado I,con pareja,3.0,3.0,27.0,1.1,no,distrito 6,48.78179333367656,no,17 697,no,10/12/2023,prestadora B
71.0,mujer,  grado I ,con pareja,5.0,1.0,32.0,1.9,no,distrito 6,63.53074941310182,sí,16 144,N/D,22/02/2022,prestadora C
87.0,hombre,sin valorar,solo,1.0,0.0,37.0,4.7,no,distrito 9,68.93643139100705,sí,7 253,no,28/11/2016,prestadora C
81.0,hombre,grado II,solo,3.0,0.0,24.0,2.0,sí,distrito 6,247.70567733466393,no,12 391,sí,10/01/2021,prestadora C
95.0,hombre,grado I,solo,0.0,1.0,30.0,2.9,sí,distrito 11,43.08306805735482,no,12 379,no,03/06/2024,prestadora A
85.0,mujer,GRADO I,con pareja,1.0,1.0,34.0,4.2,sí,distrito 8,7.364509023094688,no,15 340,sí,02/11/2020,prestadora C
85.0,mujer,sin valorar,con familia,0.0,1.0,29.0,5.0,no,distrito 3,10.029581648655176,no,17 358,sí,18/09/2024,prestadora A
79.0,hombre,grado I,solo,7.0,0.0,87.0,1.0,no,distrito 3,247.25754021667976,no,8 656,no,14/07/2020,prestadora C
75.0,hombre,grado I,con pareja,1.0,0.0,43.0,5.5,no,distrito 9,38.942354848814,sí,8 478,sí,16/02/2021,prestadora C
87.0,mujer,grado I,con pareja,5.0,2.0,56.0,8.7,no,distrito 11,193.96073929973304,sí,42 636,no,05/08/2022,prestadora C
91.0,mujer,GRADO III,solo,4.0,0.0,136.0,0.3,no,distrito 8,223.4537255892516,no,10 256,no,13/10/2018,prestadora B
79.0,hombre,grado I,solo,3.0,0.0,68.0,5.2,no,distrito 2,63.38908066452724,no,17 452,no,20/07/2023,prestadora B
87.0,hombre,grado III,solo,2.0,1.0,12.0,3.2,no,distrito 8,273.3959682123938,sí,20 391,no,06/02/2016,prestadora A
85.0,hombre,grado I,solo,1.0,5.0,40.0,3.3,sí,distrito 7,46.867646342622336,no,16 382,sí,13/11/2020,prestadora C
98.0,mujer,grado II,con familia,2.0,0.0,83.0,2.8,no,distrito 4,58.72613512908415,sí,15 641,sí,15/01/2019,prestadora C
65.0,mujer,grado I,solo,0.0,0.0,253.0,6.7,no,distrito 6,4.287665282428693,sí,16 098,N/D,03/04/2023,prestadora C
81.0,mujer,grado II,solo,4.0,0.0,62.0,2.8,no,distrito 4,179.01337759658358,sí,11 184,no,12/02/2016,prestadora B
69.0,mujer,sin valorar,con pareja,1.0,0.0,40.0,9.8,no,distrito 8,10.412786795787616,sí,10 694,sí,25/10/2023,prestadora C
82.0,mujer,sin valorar,con pareja,0.0,2.0,39.0,9.9,sí,distrito 1,31.657452635081942,sí,8 143,sí,19/11/2023,prestadora A
77.0,mujer,  grado II ,con pareja,1.0,0.0,21.0,5.1,no,distrito 4,79.13733578625191,no,51 693,sí,25/03/2017,prestadora C
90.0,mujer,  grado I ,con familia,8.0,1.0,39.0,0.8,sí,distrito 5,98.38584293229418,sí,8 063,no,22/03/2021,prestadora B
89.0,mujer,grado III,solo,0.0,2.0,25.0,1.9,no,distrito 3,44.63678751892595,sí,20 971,sí,20/09/2022,prestadora C
80.0,mujer,grado II,solo,1.0,3.0,2.0,2.3,no,distrito 9,48.80922526484767,no,20 790,sí,25/08/2016,prestadora A
95.0,mujer,GRADO I,solo,4.0,1.0,10.0,2.5,no,distrito 9,1141.738376837971,sí,28 431,no,19/08/2020,prestadora B
85.0,hombre,grado II,con familia,2.0,0.0,16.0,6.9,sí,distrito 6,143.41685282055954,sí,6 714,sí,02/01/2016,prestadora B
65.0,mujer,sin valorar,solo,1.0,0.0,18.0,0.8,no,distrito 2,52.56266366775719,sí,14 687,no,01/04/2023,prestadora B
78.0,mujer,grado I,con pareja,0.0,1.0,40.0,0.8,no,distrito 1,29.074761137049865,sí,8 097,sí,17/03/2020,prestadora A
88.0,hombre,grado I,solo,13.0,0.0,33.0,4.3,no,distrito 7,2514.554694741781,sí,14 916,sí,08/06/2018,prestadora A
66.0,mujer,  grado I ,con pareja,6.0,1.0,93.0,5.8,sí,distrito 3,135.50153165775953,no,14 315,sí,24/10/2017,prestadora B
99.0,hombre,grado II,con pareja,5.0,0.0,75.0,1.0,no,distrito 3,70.94885059624053,sí,15 007,N/D,09/06/2020,prestadora A
71.0,mujer,grado I,solo,4.0,1.0,40.0,9.4,no,distrito 1,107.44878876097185,sí,10 911,sí,20/01/2016,prestadora C
68.0,hombre,grado III,con pareja,2.0,1.0,5.0,1.2,no,distrito 10,83.6422315928818,sí,25 117,no,12/06/2023,prestadora C
78.0,mujer,sin valorar,con familia,0.0,0.0,32.0,11.9,no,distrito 6,17.159871454400008,sí,38 799,sí,23/10/2021,prestadora C
77.0,hombre,grado I,con familia,1.0,1.0,39.0,5.5,no,distrito 3,18.411843214512658,sí,14 882,sí,07/07/2022,prestadora A
86.0,mujer,  grado I ,solo,0.0,3.0,53.0,1.2,no,distrito 4,56.891522510148555,no,12 812,no,14/04/2019,prestadora A
88.0,mujer,grado I,con pareja,7.0,1.0,40.0,2.3,sí,distrito 1,285.36588168292286,no,12 659,no,30/09/2021,prestadora C
75.0,mujer,grado I,solo,4.0,11.0,115.0,1.9,no,distrito 9,84.91395211404098,no,10 557,no,30/09/2023,prestadora B
84.0,mujer,grado I,solo,7.0,1.0,47.0,10.0,no,distrito 8,271.7114287849106,sí,11 450,sí,10/09/2021,prestadora C
73.0,mujer,sin valorar,solo,3.0,0.0,173.0,9.3,sí,distrito 10,244.23807324632352,sí,11 517,N/D,01/01/2020,prestadora B
77.0,mujer,SIN VALORAR,con pareja,3.0,0.0,59.0,1.9,sí,distrito 4,28.7634559923614,sí,9 332,sí,23/03/2023,prestadora A
82.0,hombre,grado I,solo,4.0,0.0,36.0,4.4,sí,distrito 2,171.30320642635047,no,8 293,sí,08/01/2022,prestadora B
72.0,mujer,grado I,solo,0.0,0.0,19.0,5.2,sí,distrito 9,35.776583239266635,no,9 247,sí,28/09/2023,prestadora A
79.0,hombre,sin valorar,solo,1.0,0.0,46.0,3.1,no,distrito 7,17.458272865225396,no,13 459,sí,23/06/2017,prestadora C
78.0,mujer,grado I,con pareja,2.0,0.0,30.0,6.0,no,distrito 9,23.365522982642585,sí,10 631,sí,29/10/2022,prestadora B
71.0,mujer,sin valorar,con pareja,3.0,0.0,35.0,4.6,sí,distrito 2,23.138734616339818,sí,16 153,no,20/12/2020,prestadora A
87.0,mujer,grado I,con pareja,0.0,3.0,112.0,1.9,sí,distrito 10,16.754919262190896,no,7 447,no,08/12/2020,prestadora A
84.0,mujer,sin valorar,solo,1.0,0.0,53.0,7.1,sí,distrito 5,9.457359654866941,sí,28 836,sí,03/06/2022,prestadora A
75.0,hombre,SIN VALORAR,con pareja,0.0,1.0,7.0,5.5,no,distrito 9,16.250905889883537,no,14 105,no,24/08/2019,prestadora B
81.0,hombre,  grado II ,solo,0.0,0.0,178.0,4.8,no,distrito 6,17.219989356367552,sí,10 997,sí,03/10/2020,prestadora C
83.0,mujer,sin valorar,con pareja,0.0,0.0,75.0,3.7,no,distrito 1,7.076328796126282,no,41 784,no,04/06/2017,prestadora A
84.0,mujer,sin valorar,solo,2.0,1.0,133.0,1.0,no,distrito 7,45.96261940714687,sí,10 656,no,11/08/2016,prestadora A
87.0,mujer,grado III,con pareja,1.0,0.0,87.0,8.7,sí,distrito 10,49.27516411519077,sí,38 800,sí,30/12/2023,prestadora B
80.0,mujer,grado I,con familia,1.0,0.0,47.0,1.4,no,distrito 2,26.56129864101979,sí,11 803,no,10/03/2017,prestadora B
79.0,mujer,sin valorar,solo,7.0,1.0,62.0,1.6,no,distrito 9,918.607183554515,no,32 741,sí,07/05/2017,prestadora C
79.0,mujer,sin valorar,solo,0.0,2.0,21.0,6.5,sí,distrito 2,13.058257634828115,sí,9 966,no,07/01/2022,prestadora A
85.0,mujer,grado II,solo,1.0,1.0,16.0,3.6,no,distrito 1,88.69399054992063,sí,37 638,sí,21/07/2023,prestadora B
80.0,hombre,  grado II ,con familia,1.0,1.0,49.0,1.2,no,distrito 2,10.140060109621556,sí,27 181,no,23/03/2024,prestadora C
80.0,hombre,GRADO II,solo,2.0,1.0,10.0,8.8,sí,distrito 6,113.15452660202551,no,16 638,sí,27/03/2017,prestadora C
90.0,mujer,grado III,solo,0.0,1.0,72.0,7.2,sí,distrito 1,63.977583063434906,no,20 854,no,26/06/2019,prestadora B
73.0,mujer,grado III,con pareja,2.0,1.0,22.0,3.3,sí,distrito 9,69.11147008887988,sí,7 310,sí,19/02/2022,prestadora B
82.0,mujer,grado II,con pareja,1.0,0.0,45.0,4.6,no,distrito 4,14.830018656491148,sí,17 799,sí,27/06/2023,prestadora B
66.0,mujer,  sin valorar ,solo,3.0,0.0,7.0,0.2,no,distrito 9,20.303453785432982,sí,10 459,N/D,04/02/2018,prestadora C
82.0,hombre,grado I,solo,2.0,0.0,17.0,5.9,no,distrito 7,143.42116779096872,sí,13 314,sí,01/04/2022,prestadora A
78.0,hombre,SIN VALORAR,solo,0.0,0.0,49.0,4.9,sí,distrito 10,5.618384576798274,no,24 624,sí,04/08/2016,prestadora C
76.0,mujer,grado II,con familia,5.0,1.0,27.0,10.5,no,distrito 10,25.899677221749684,no,11 059,no,19/12/2022,prestadora A
91.0,mujer,sin valorar,solo,1.0,1.0,50.0,1.3,no,distrito 11,20.308345584865275,sí,19 536,sí,24/06/2021,prestadora A
70.0,mujer,  grado I ,con pareja,3.0,1.0,28.0,2.2,no,distrito 1,50.0507589183701,sí,16 577,no,05/06/2019,prestadora A
85.0,hombre,grado III,solo,1.0,5.0,2.0,3.5,sí,distrito 3,286.2422853003957,sí,8 710,no,17/10/2019,prestadora C
88.0,mujer,grado III,con pareja,3.0,0.0,8.0,0.6,no,distrito 2,48.6906563343326,sí,7 125,sí,11/04/2024,prestadora B
73.0,mujer,grado I,con familia,7.0,1.0,48.0,0.3,sí,distrito 5,46.794227294824324,sí,21 478,no,22/07/2023,prestadora A
83.0,mujer,grado II,con familia,1.0,0.0,3.0,4.2,no,distrito 6,23.321764183044714,no,11 849,sí,06/10/2022,prestadora B
82.0,mujer,GRADO II,solo,2.0,2.0,67.0,7.3,sí,distrito 1,342.16147275933935,no,12 169,sí,10/01/2021,prestadora B
72.0,hombre,  sin valorar ,con pareja,2.0,0.0,29.0,1.2,sí,distrito 2,14.084495579908639,no,45 798,sí,02/01/2021,prestadora C
92.0,mujer,sin valorar,con pareja,4.0,0.0,46.0,5.1,no,distrito 5,67.84196809360849,no,13 200,sí,20/04/2017,prestadora B
78.0,hombre,grado I,con familia,2.0,0.0,51.0,0.3,sí,distrito 7,33.31029093976168,sí,7 153,sí,27/10/2017,prestadora B
98.0,mujer,grado II,con pareja,6.0,4.0,52.0,7.2,no,distrito 8,226.17862253735197,no,19 913,sí,31/03/2016,prestadora A
88.0,mujer,grado II,con pareja,1.0,0.0,7.0,0.4,sí,distrito 1,34.061425435598544,sí,13 054,N/D,24/12/2019,prestadora B
78.0,mujer,grado I,con pareja,3.0,0.0,96.0,4.4,sí,distrito 2,45.57517294922545,sí,24 239,sí,04/01/2024,prestadora C
84.0,mujer,grado III,solo,2.0,0.0,25.0,1.9,no,distrito 2,121.04938792678148,sí,13 961,no,10/02/2024,prestadora B
70.0,mujer,grado III,con familia,9.0,0.0,22.0,2.3,no,distrito 3,369.9423898226797,sí,20 266,sí,18/08/2016,prestadora A
90.0,mujer,sin valorar,con pareja,2.0,0.0,66.0,2.9,sí,distrito 7,18.625602944247454,no,17 729,sí,26/08/2024,prestadora B
97.0,mujer,grado II,con familia,1.0,0.0,22.0,7.4,sí,distrito 6,19.470393178787024,no,18 339,no,28/12/2022,prestadora C
78.0,mujer,grado I,con familia,5.0,2.0,44.0,5.8,no,distrito 7,166.68462903660614,sí,10 469,no,21/10/2022,prestadora B
77.0,hombre,GRADO II,con pareja,4.0,0.0,25.0,2.6,no,distrito 1,195.56549960008525,no,20 525,no,14/03/2018,prestadora A
68.0,hombre,grado I,con pareja,0.0,1.0,57.0,7.4,sí,distrito 1,13.323305646359861,sí,20 986,sí,05/01/2024,prestadora B
69.0,mujer,grado II,con pareja,3.0,0.0,10.0,2.8,sí,distrito 3,72.97102787582565,sí,12 272,sí,21/01/2017,prestadora B
93.0,hombre,  sin valorar ,solo,5.0,0.0,17.0,3.1,no,distrito 4,318.0408061369977,sí,13 143,sí,31/12/2016,prestadora C
76.0,mujer,sin valorar,con pareja,2.0,0.0,15.0,5.6,sí,distrito 6,9.234308198704463,no,11 316,no,30/03/2021,prestadora C
78.0,mujer,grado I,con familia,7.0,0.0,81.0,2.8,sí,distrito 11,135.24637891753267,no,15 220,no,05/04/2022,prestadora A
77.0,mujer,grado I,solo,6.0,0.0,35.0,0.6,sí,distrito 7,549.5987489452875,sí,12 234,sí,12/03/2020,prestadora B
82.0,mujer,grado II,solo,3.0,0.0,8.0,2.3,no,distrito 5,219.40197996978026,sí,5 628,sí,21/09/2019,prestadora A
74.0,mujer,sin valorar,solo,3.0,0.0,5.0,2.8,sí,distrito 2,140.65688346754285,no,13 960,no,14/08/2021,prestadora C
94.0,hombre,grado I,con familia,1.0,1.0,71.0,4.2,no,distrito 7,16.409074564309034,no,20 933,no,30/05/2020,prestadora A
76.0,hombre,grado II,con familia,3.0,0.0,53.0,2.7,no,distrito 7,48.57652828837926,no,16 375,sí,30/01/2024,prestadora A
77.0,mujer,sin valorar,solo,5.0,1.0,62.0,3.4,no,distrito 10,144.7475623128657,no,14 622,sí,28/07/2024,prestadora C
83.0,mujer,sin valorar,con familia,3.0,1.0,7.0,7.6,sí,distrito 5,31.010704919111248,sí,10 362,sí,17/01/2024,prestadora A
79.0,mujer,grado II,solo,4.0,3.0,9.0,1.1,no,distrito 10,118.16528531752994,sí,15 927,sí,07/08/2021,prestadora B
71.0,mujer,grado II,solo,4.0,0.0,97.0,0.7,sí,distrito 8,241.93884740626547,sí,16 589,sí,07/05/2019,prestadora B
83.0,mujer,sin valorar,solo,3.0,0.0,35.0,5.2,no,distrito 8,186.20316034128837,no,7 361,no,07/07/2017,prestadora A
89.0,mujer,grado I,con pareja,2.0,1.0,59.0,3.3,no,distrito 2,18.517416252087678,sí,19 757,sí,15/03/2019,prestadora B
75.0,mujer,  sin valorar ,con pareja,5.0,0.0,56.0,0.3,sí,distrito 10,32.576257242721226,no,16 945,sí,13/01/2017,prestadora A
88.0,hombre,grado III,con familia,5.0,4.0,14.0,2.9,no,distrito 2,270.11193238366434,no,9 660,sí,24/02/2020,prestadora A
79.0,mujer,sin valorar,solo,4.0,0.0,31.0,4.8,no,distrito 7,43.045148108903994,no,11 394,sí,18/03/2020,prestadora C
77.0,mujer,sin valorar,solo,4.0,0.0,65.0,2.2,no,distrito 11,125.45178060675309,sí,22 011,no,22/08/2016,prestadora B
75.0,mujer,grado III,solo,4.0,3.0,84.0,13.0,no,distrito 2,1126.1194791741887,sí,7 908,no,28/05/2018,prestadora A
74.0,mujer,grado II,solo,0.0,2.0,101.0,1.0,no,distrito 11,19.49028465576103,sí,12 211,no,09/11/2022,prestadora B
92.0,mujer,grado I,solo,1.0,0.0,56.0,4.2,no,distrito 2,94.86380991837052,no,12 214,no,01/10/2017,prestadora A
87.0,mujer,grado I,solo,8.0,2.0,64.0,6.1,no,distrito 7,609.6959058764452,sí,13 960,no,24/08/2022,prestadora C
82.0,hombre,sin valorar,con pareja,1.0,0.0,10.0,2.6,no,distrito 10,14.373421463138156,sí,9 727,sí,23/10/2023,prestadora C
66.0,mujer,GRADO I,con pareja,0.0,0.0,45.0,1.5,sí,distrito 2,9.332602289841896,no,13 683,no,30/07/2016,prestadora A
78.0,mujer,grado II,solo,0.0,0.0,56.0,4.5,no,distrito 7,40.09276666202149,sí,15 027,sí,30/03/2024,prestadora C
86.0,mujer,sin valorar,solo,8.0,0.0,8.0,2.9,sí,distrito 9,425.61846963317095,sí,19 081,sí,30/06/2016,prestadora C
75.0,mujer,sin valorar,con pareja,1.0,0.0,84.0,5.0,no,distrito 7,9.955363081199282,sí,15 909,no,24/08/2016,prestadora C
68.0,mujer,sin valorar,con pareja,4.0,1.0,106.0,2.8,no,distrito 5,25.506804176006586,sí,21 727,no,28/12/2017,prestadora C
69.0,mujer,grado I,solo,1.0,0.0,85.0,5.9,no,distrito 10,12.71115817155275,sí,17 900,sí,27/03/2023,prestadora C
86.0,mujer,grado I,solo,1.0,1.0,32.0,1.8,no,distrito 10,42.26452137641215,sí,16 308,sí,03/06/2023,prestadora B
74.0,mujer,sin valorar,con pareja,10.0,0.0,33.0,4.7,no,distrito 9,254.56491391522366,no,17 507,no,11/07/2022,prestadora A
82.0,hombre,grado II,solo,0.0,0.0,79.0,2.2,sí,distrito 3,50.02156653242267,sí,12 300,sí,22/09/2016,prestadora A
87.0,mujer,grado II,con pareja,1.0,1.0,26.0,1.5,no,distrito 3,41.309868514429695,sí,16 231,sí,15/05/2017,prestadora B
87.0,hombre,grado III,solo,4.0,3.0,10.0,3.5,sí,distrito 11,324.4654974599141,sí,11 307,sí,13/11/2018,prestadora A
89.0,mujer,sin valorar,solo,1.0,0.0,49.0,2.4,no,distrito 4,6.81744117942449,sí,10 219,no,22/08/2019,prestadora B
86.0,hombre,sin valorar,solo,1.0,0.0,86.0,17.6,sí,distrito 6,27.05093297454046,sí,8 777,sí,17/11/2020,prestadora C
86.0,hombre,sin valorar,solo,0.0,2.0,27.0,7.2,sí,distrito 8,51.91425654439919,no,16 280,no,04/09/2022,prestadora C
75.0,mujer,sin valorar,solo,1.0,1.0,48.0,1.3,no,distrito 9,78.66060600420352,sí,14 356,sí,18/02/2018,prestadora A
94.0,mujer,grado II,solo,2.0,1.0,6.0,3.2,no,distrito 6,107.0558430111451,sí,26 262,sí,21/08/2020,prestadora A
78.0,hombre,sin valorar,solo,0.0,1.0,54.0,1.2,no,distrito 5,10.388894331054116,sí,26 871,no,16/05/2018,prestadora C
83.0,mujer,grado II,con familia,1.0,1.0,42.0,1.1,no,distrito 7,20.042320132462997,sí,15 086,sí,03/04/2017,prestadora B
78.0,mujer,grado I,solo,4.0,0.0,61.0,0.7,no,distrito 10,336.89836412613715,sí,17 831,sí,25/11/2023,prestadora C
74.0,mujer,SIN VALORAR,solo,1.0,0.0,5.0,3.3,sí,distrito 4,40.21134663289126,sí,15 276,sí,30/08/2017,prestadora C
89.0,mujer,grado III,solo,1.0,0.0,59.0,10.3,no,distrito 2,480.0455381568726,no,15 192,sí,18/10/2020,prestadora C
87.0,mujer,sin valorar,solo,3.0,0.0,29.0,8.7,no,distrito 11,21.875623351711248,no,10 379,sí,05/04/2016,prestadora B
76.0,mujer,grado II,con familia,1.0,1.0,36.0,1.6,sí,distrito 3,21.589076418424206,sí,24 572,no,17/07/2018,prestadora A
91.0,mujer,GRADO II,solo,0.0,2.0,50.0,9.0,no,distrito 7,23.907040881041095,no,14 905,sí,17/01/2019,prestadora B
89.0,hombre,grado I,solo,2.0,0.0,6.0,2.8,no,distrito 7,96.70205110132594,sí,12 363,no,13/12/2023,prestadora B
81.0,mujer,grado II,con familia,4.0,0.0,43.0,1.1,no,distrito 8,257.7664867251801,sí,21 615,no,04/09/2017,prestadora B
95.0,mujer,  grado III ,con pareja,0.0,0.0,3.0,6.2,no,distrito 10,30.370891239926614,sí,20 511,sí,14/08/2020,prestadora C
86.0,mujer,grado II,con pareja,4.0,3.0,27.0,5.5,sí,distrito 8,80.60849543224701,sí,21 946,no,09/12/2023,prestadora A
81.0,mujer,  sin valorar ,solo,1.0,2.0,18.0,7.6,sí,distrito 4,29.138290330138826,no,9 550,no,31/10/2021,prestadora C
87.0,mujer,grado I,solo,4.0,0.0,35.0,3.9,sí,distrito 1,116.07002949950054,sí,12 739,no,08/06/2024,prestadora B
84.0,hombre,grado III,con pareja,0.0,0.0,26.0,5.1,no,distrito 2,57.98430461360045,sí,9 068,no,16/08/2016,prestadora C
82.0,hombre,sin valorar,solo,2.0,1.0,21.0,7.1,sí,distrito 2,30.444921334227196,no,11 166,sí,16/05/2023,prestadora C
85.0,mujer,grado II,con pareja,5.0,0.0,6.0,3.8,no,distrito 10,174.32670291053654,no,17 008,no,30/04/2017,prestadora B
74.0,hombre,grado II,solo,2.0,0.0,29.0,1.7,no,distrito 1,54.8197949028073,no,13 098,sí,09/02/2016,prestadora C
77.0,mujer,grado II,con pareja,0.0,0.0,38.0,4.7,no,distrito 4,38.94588454573537,sí,13 214,sí,05/08/2017,prestadora C
86.0,hombre,  grado I ,con pareja,6.0,0.0,27.0,9.2,no,distrito 6,142.17625587025145,sí,15 605,no,02/11/2022,prestadora A
78.0,mujer,grado III,solo,0.0,0.0,19.0,9.2,no,distrito 2,25.881758353529534,sí,14 063,no,04/02/2021,prestadora A
77.0,mujer,grado II,solo,0.0,3.0,70.0,0.5,no,distrito 1,7.939467866706509,sí,7 046,sí,02/03/2021,prestadora C
96.0,hombre,grado I,con familia,2.0,0.0,28.0,0.7,no,distrito 8,32.07424621038149,no,9 752,no,29/07/2017,prestadora A
86.0,hombre,grado II,solo,5.0,0.0,49.0,2.0,sí,distrito 10,61.405726451502865,sí,27 679,sí,03/05/2016,prestadora C
80.0,mujer,GRADO I,solo,1.0,0.0,60.0,0.8,sí,distrito 4,122.01446370209479,sí,15 234,no,16/05/2018,prestadora B
77.0,mujer,SIN VALORAR,solo,1.0,0.0,30.0,8.9,no,distrito 6,31.38498862765403,sí,21 920,no,16/06/2018,prestadora C
68.0,hombre,grado I,con pareja,10.0,1.0,15.0,1.5,sí,distrito 9,100.6355613566071,sí,10 111,sí,14/12/2019,prestadora C
86.0,mujer,grado I,solo,2.0,0.0,35.0,5.0,sí,distrito 2,84.51824190962249,sí,11 727,sí,21/05/2022,prestadora A
95.0,mujer,grado III,solo,1.0,0.0,33.0,9.3,no,distrito 1,89.07883393671189,sí,14 140,no,06/08/2020,prestadora A
82.0,hombre,grado I,con familia,4.0,0.0,9.0,1.5,no,distrito 5,41.91709524093263,sí,13 418,N/D,16/03/2024,prestadora B
67.0,mujer,grado I,solo,4.0,0.0,7.0,11.3,sí,distrito 2,264.11518481552963,sí,13 215,sí,06/02/2020,prestadora B
71.0,hombre,grado II,con pareja,2.0,0.0,45.0,5.5,sí,distrito 9,77.76253689987136,sí,21 523,sí,10/10/2016,prestadora A
77.0,mujer,sin valorar,solo,5.0,0.0,8.0,4.0,sí,distrito 1,161.59298101921124,sí,18 376,no,24/03/2017,prestadora B
85.0,mujer,GRADO II,con pareja,1.0,0.0,7.0,6.3,no,distrito 3,90.34813567079475,no,10 406,no,18/02/2016,prestadora A
85.0,mujer,GRADO I,con familia,4.0,0.0,51.0,3.7,no,distrito 5,44.00511582525333,sí,14 887,no,12/11/2018,prestadora B
69.0,hombre,grado II,con familia,0.0,0.0,44.0,2.7,no,distrito 5,8.114214110510824,sí,9 599,no,20/12/2023,prestadora B
76.0,mujer,grado III,solo,0.0,0.0,69.0,2.2,no,distrito 10,86.0127932629893,sí,13 769,sí,16/06/2017,prestadora B
82.0,hombre,grado II,solo,1.0,0.0,28.0,10.1,sí,distrito 1,50.545064787625705,sí,14 795,sí,08/01/2017,prestadora C
73.0,mujer,grado II,con pareja,1.0,3.0,76.0,1.2,sí,distrito 1,131.96185898343336,sí,10 569,sí,07/03/2024,prestadora B
89.0,mujer,SIN VALORAR,solo,1.0,0.0,9.0,7.0,no,distrito 5,29.006881018483444,no,14 432,no,19/10/2018,prestadora A
92.0,mujer,sin valorar,con familia,6.0,0.0,51.0,0.8,no,distrito 1,163.79627613388203,sí,14 698,N/D,11/09/2017,prestadora B
83.0,hombre,grado I,solo,4.0,1.0,45.0,7.1,no,distrito 6,181.88898659388948,sí,16 659,N/D,09/05/2020,prestadora C
85.0,mujer,grado III,solo,1.0,2.0,55.0,5.1,no,distrito 2,49.56584455668523,sí,22 035,no,18/10/2023,prestadora B
74.0,mujer,grado I,solo,3.0,0.0,52.0,5.3,sí,distrito 3,41.11574590367838,sí,17 656,sí,14/08/2017,prestadora A
77.0,mujer,grado I,con familia,3.0,0.0,35.0,5.8,no,distrito 11,47.53874363507888,no,15 077,sí,02/10/2016,prestadora A
82.0,mujer,grado II,solo,3.0,1.0,23.0,11.8,no,distrito 8,105.85634795954593,sí,20 949,no,30/07/2024,prestadora C
68.0,hombre,  sin valorar ,solo,0.0,0.0,27.0,2.5,no,distrito 7,13.60302080597047,sí,9 914,sí,31/08/2018,prestadora C
83.0,mujer,grado III,con pareja,0.0,3.0,29.0,3.4,sí,distrito 10,24.351617175723277,sí,12 398,no,15/12/2019,prestadora B
84.0,hombre,grado I,solo,1.0,0.0,29.0,5.7,no,distrito 6,59.32126377970513,sí,13 120,no,11/03/2021,prestadora A
65.0,mujer,grado II,solo,0.0,0.0,28.0,2.3,no,distrito 9,20.125148900705724,no,9 550,no,07/03/2024,prestadora C
69.0,mujer,grado I,con pareja,2.0,0.0,68.0,4.7,sí,distrito 10,35.25248593756184,no,13 766,no,27/06/2022,prestadora C
83.0,hombre,  grado II ,con pareja,7.0,2.0,91.0,0.3,no,distrito 7,169.89078507526423,sí,39 408,sí,27/09/2024,prestadora B
80.0,hombre,GRADO III,con pareja,0.0,1.0,16.0,2.6,no,distrito 6,34.02257340459809,sí,13 436,sí,18/11/2019,prestadora C
77.0,mujer,grado II,con familia,3.0,2.0,5.0,3.2,no,distrito 8,38.219433704830536,sí,6 665,no,14/05/2020,prestadora B
79.0,mujer,sin valorar,con pareja,1.0,1.0,47.0,2.2,sí,distrito 2,4.518531839962193,sí,11 073,sí,30/05/2017,prestadora C
97.0,mujer,GRADO II,solo,5.0,0.0,50.0,1.6,no,distrito 2,1070.867680470991,no,11 483,no,06/03/2018,prestadora A
73.0,mujer,sin valorar,con pareja,1.0,0.0,25.0,8.7,no,distrito 6,33.49952397279863,no,27 737,no,04/11/2019,prestadora A
78.0,mujer,grado I,solo,9.0,1.0,33.0,0.9,no,distrito 5,210.11444501580482,sí,13 194,sí,08/02/2022,prestadora B
77.0,hombre,  sin valorar ,con pareja,5.0,0.0,23.0,8.2,no,distrito 4,31.978596270174865,no,18 897,sí,30/08/2020,prestadora A
101.0,hombre,  grado III ,solo,2.0,1.0,25.0,0.2,sí,distrito 8,421.4819577954091,sí,14 107,no,17/07/2021,prestadora A
76.0,hombre,  grado I ,solo,7.0,1.0,121.0,2.7,no,distrito 10,236.82634541378505,no,16 112,no,30/07/2018,prestadora B
89.0,hombre,sin valorar,solo,0.0,0.0,80.0,2.1,no,distrito 3,22.646391310257673,sí,16 658,no,16/09/2021,prestadora C
80.0,hombre,sin valorar,con pareja,1.0,0.0,16.0,2.2,no,distrito 4,13.412916986864309,sí,33 434,sí,11/06/2020,prestadora B
90.0,mujer,grado II,solo,2.0,6.0,10.0,6.4,sí,distrito 3,512.2083027695868,sí,16 799,no,26/09/2023,prestadora B
80.0,mujer,grado II,solo,1.0,0.0,84.0,3.3,no,distrito 4,18.965589897733516,sí,9 082,no,22/07/2022,prestadora A
80.0,mujer,  sin valorar ,solo,1.0,0.0,11.0,4.9,no,distrito 11,138.16502048510668,no,12 536,sí,24/01/2021,prestadora C
79.0,mujer,grado III,con familia,3.0,0.0,37.0,3.0,no,distrito 11,24.659962276578074,no,13 677,no,25/03/2020,prestadora C
80.0,mujer,sin valorar,solo,1.0,0.0,34.0,4.1,no,distrito 4,8.956529010529009,no,10 214,no,19/03/2023,prestadora A
70.0,mujer,GRADO I,solo,4.0,1.0,82.0,0.4,no,distrito 3,185.27063589506443,no,22 127,sí,15/04/2020,prestadora C
85.0,mujer,grado II,solo,1.0,1.0,51.0,3.0,no,distrito 6,122.326686220964,no,6 837,no,09/08/2017,prestadora A
95.0,mujer,grado I,con pareja,0.0,0.0,51.0,0.2,no,distrito 10,13.884199011602377,no,9 857,sí,21/06/2024,prestadora B
68.0,mujer,grado II,solo,2.0,1.0,36.0,3.6,sí,distrito 11,296.5366743212632,sí,9 402,sí,24/11/2022,prestadora B
80.0,mujer,  grado III ,con pareja,1.0,2.0,27.0,1.1,no,distrito 3,68.89016922500748,sí,20 239,no,19/01/2016,prestadora B
77.0,mujer,grado II,con pareja,3.0,2.0,29.0,1.1,no,distrito 6,203.95065733949963,no,7 409,sí,01/09/2016,prestadora B
91.0,hombre,grado III,con familia,1.0,0.0,47.0,8.3,no,distrito 11,33.20606890370388,sí,14 239,sí,08/11/2022,prestadora C
79.0,mujer,grado I,con pareja,0.0,0.0,110.0,5.6,no,distrito 5,3.2762217950561974,no,24 642,no,09/07/2020,prestadora C
81.0,mujer,sin valorar,solo,0.0,0.0,36.0,6.1,no,distrito 2,6.153600543239335,sí,23 015,N/D,21/09/2024,prestadora C
87.0,mujer,grado I,con pareja,12.0,0.0,20.0,0.6,no,distrito 3,294.97444770584184,no,12 008,no,05/10/2023,prestadora C
88.0,mujer,grado II,con pareja,2.0,0.0,18.0,8.9,no,distrito 11,90.90195155919044,no,14 913,sí,03/02/2022,prestadora C
80.0,mujer,sin valorar,con pareja,8.0,0.0,46.0,3.4,sí,distrito 10,86.48924398748788,sí,19 895,sí,23/02/2022,prestadora A
80.0,mujer,SIN VALORAR,solo,5.0,0.0,61.0,1.9,sí,distrito 7,63.94564198730668,no,17 616,no,21/06/2019,prestadora B
74.0,mujer,grado III,solo,0.0,0.0,42.0,3.4,no,distrito 8,31.845080349779487,no,12 935,sí,02/08/2018,prestadora B
73.0,mujer,grado II,solo,1.0,0.0,25.0,0.6,sí,distrito 10,19.51569119294749,sí,26 694,no,22/02/2017,prestadora C
91.0,mujer,grado I,con familia,2.0,1.0,68.0,1.1,no,distrito 1,19.819899643312958,sí,7 886,sí,03/03/2017,prestadora C
89.0,mujer,grado II,con pareja,4.0,0.0,93.0,2.5,no,distrito 5,192.77879306224898,no,7 055,no,01/11/2023,prestadora A
85.0,mujer,  grado I ,con pareja,3.0,0.0,29.0,5.3,no,distrito 11,75.43944114835801,no,10 184,sí,20/07/2021,prestadora A
75.0,hombre,grado III,solo,3.0,3.0,44.0,6.8,no,distrito 6,148.79714295752436,no,7 088,sí,23/04/2019,prestadora C
75.0,mujer,grado III,con familia,1.0,1.0,52.0,10.2,no,distrito 7,99.29316207959305,no,10 390,sí,17/01/2021,prestadora A
92.0,mujer,  grado I ,solo,0.0,0.0,26.0,2.5,sí,distrito 5,29.726690267663887,sí,15 733,no,07/04/2016,prestadora A
76.0,mujer,grado I,solo,1.0,0.0,23.0,6.7,sí,distrito 1,39.8922482701335,sí,17 638,sí,13/05/2021,prestadora B
66.0,mujer,grado I,solo,3.0,0.0,76.0,7.3,no,distrito 7,182.2715343223351,sí,22 448,sí,19/03/2017,prestadora A
65.0,mujer,sin valorar,con pareja,1.0,1.0,24.0,6.6,no,distrito 1,17.888859274779463,no,14 592,sí,08/09/2023,prestadora B
86.0,mujer,grado II,solo,4.0,0.0,44.0,11.0,sí,distrito 8,1362.6256196327085,sí,12 440,no,20/02/2022,prestadora A
84.0,mujer,grado III,con pareja,3.0,1.0,19.0,3.3,sí,distrito 9,363.9572795500378,no,11 544,no,22/08/2024,prestadora A
80.0,hombre,grado I,solo,1.0,0.0,29.0,2.6,no,distrito 6,46.31547875850022,no,5 505,no,10/12/2022,prestadora B
80.0,mujer,grado II,solo,1.0,0.0,30.0,3.7,no,distrito 8,71.19800634331726,sí,10 457,no,22/09/2017,prestadora C
77.0,mujer,grado I,solo,1.0,1.0,35.0,6.2,sí,distrito 9,41.38923355320458,sí,28 717,sí,28/11/2019,prestadora B
85.0,mujer,sin valorar,solo,2.0,0.0,4.0,0.4,sí,distrito 6,41.52142684379822,no,33 973,no,01/01/2018,prestadora A
83.0,mujer,grado I,con pareja,1.0,1.0,53.0,6.5,no,distrito 7,51.03931105044433,sí,12 773,no,01/04/2023,prestadora C
80.0,mujer,sin valorar,solo,4.0,0.0,21.0,2.5,no,distrito 7,66.56524914755659,no,16 193,no,11/04/2020,prestadora A
79.0,mujer,sin valorar,con pareja,2.0,0.0,23.0,3.2,no,distrito 7,29.167922692460483,no,10 128,sí,23/01/2020,prestadora C
72.0,mujer,sin valorar,solo,0.0,0.0,17.0,5.2,no,distrito 7,29.137662769747983,sí,9 663,sí,28/01/2023,prestadora A
83.0,hombre,sin valorar,con pareja,1.0,0.0,24.0,7.8,no,distrito 11,49.515370616823894,sí,12 995,no,31/05/2017,prestadora A
75.0,hombre,  sin valorar ,solo,2.0,0.0,32.0,1.3,sí,distrito 3,199.14065743361525,sí,19 903,no,10/07/2021,prestadora C
87.0,mujer,grado I,solo,0.0,2.0,41.0,1.1,no,distrito 8,13.130801088852529,sí,24 097,sí,20/10/2019,prestadora A
80.0,mujer,grado I,solo,0.0,4.0,17.0,5.5,no,distrito 8,120.81043922397868,no,8 530,sí,01/09/2020,prestadora C
87.0,mujer,grado III,con pareja,1.0,0.0,24.0,0.1,sí,distrito 4,43.91755762863599,sí,14 103,sí,18/03/2018,prestadora B
81.0,mujer,grado II,con pareja,2.0,0.0,30.0,4.1,no,distrito 4,56.61061688766902,sí,7 691,sí,13/12/2019,prestadora A
74.0,mujer,sin valorar,solo,1.0,0.0,8.0,5.6,no,distrito 8,29.85513602843526,sí,6 643,sí,22/12/2022,prestadora A
97.0,mujer,grado II,solo,0.0,2.0,19.0,1.4,no,distrito 4,49.379790467732505,sí,16 991,N/D,25/11/2019,prestadora C
84.0,mujer,GRADO II,solo,2.0,1.0,20.0,4.5,no,distrito 11,218.9318696721605,sí,10 948,no,02/05/2020,prestadora C
82.0,mujer,grado III,con pareja,0.0,1.0,72.0,0.7,sí,distrito 5,23.203871154653438,sí,14 148,sí,11/01/2022,prestadora A
74.0,hombre,  grado I ,solo,3.0,0.0,63.0,2.8,no,distrito 8,108.36026033115009,no,10 676,no,12/05/2017,prestadora C
69.0,mujer,sin valorar,con familia,7.0,0.0,43.0,3.9,no,distrito 9,145.91469090593353,sí,8 687,sí,15/05/2020,prestadora B
85.0,hombre,grado I,con familia,0.0,0.0,64.0,2.9,no,distrito 9,12.106252858877651,sí,14 017,no,22/08/2017,prestadora B
91.0,hombre,sin valorar,con familia,0.0,0.0,46.0,3.2,no,distrito 9,9.138896816743745,no,21 021,sí,15/04/2022,prestadora B
89.0,mujer,  grado II ,con familia,1.0,0.0,26.0,3.3,sí,distrito 3,44.531101385302705,no,23 289,no,20/09/2021,prestadora A
81.0,mujer,  sin valorar ,con pareja,6.0,1.0,42.0,1.0,no,distrito 1,108.737808249839,no,13 262,no,13/01/2018,prestadora A
66.0,mujer,grado I,solo,7.0,0.0,31.0,2.0,no,distrito 2,193.7867317681183,sí,19 341,sí,06/02/2020,prestadora A
87.0,hombre,grado II,solo,0.0,0.0,88.0,2.5,no,distrito 9,23.85565483814324,no,19 737,no,25/01/2018,prestadora B
93.0,mujer,grado I,con pareja,0.0,0.0,34.0,4.2,sí,distrito 4,5.609905942275388,sí,17 116,sí,03/08/2016,prestadora B
82.0,mujer,grado II,con pareja,7.0,0.0,28.0,4.4,sí,distrito 7,321.9906291127775,sí,21 537,sí,16/01/2022,prestadora A
79.0,mujer,GRADO III,solo,2.0,1.0,35.0,6.5,no,distrito 2,61.95332050464734,no,16 806,no,09/01/2019,prestadora A
80.0,mujer,grado I,con familia,0.0,0.0,24.0,0.3,no,distrito 5,15.441115100059148,sí,17 761,sí,01/06/2016,prestadora B
84.0,mujer,sin valorar,solo,3.0,1.0,76.0,2.8,sí,distrito 2,25.979049986447894,no,11 996,sí,20/10/2022,prestadora B
82.0,mujer,grado II,con pareja,2.0,0.0,18.0,5.1,no,distrito 9,57.23201210160747,sí,20 225,no,20/04/2021,prestadora B
72.0,hombre,  grado III ,con familia,5.0,2.0,76.0,15.5,sí,distrito 5,124.16621289967892,sí,13 254,no,23/08/2019,prestadora A
87.0,hombre,grado I,con pareja,3.0,2.0,10.0,3.0,sí,distrito 2,39.9759290777349,no,7 876,sí,01/06/2020,prestadora A
88.0,mujer,  grado III ,con pareja,2.0,0.0,7.0,1.4,no,distrito 7,89.07760407199684,sí,24 482,no,01/02/2019,prestadora B
78.0,mujer,SIN VALORAR,con familia,6.0,0.0,28.0,5.4,no,distrito 8,41.6856352452262,no,8 286,no,09/09/2016,prestadora C
85.0,hombre,  grado I ,solo,1.0,0.0,106.0,1.5,no,distrito 3,79.24848717932765,no,11 916,no,19/07/2024,prestadora A
66.0,mujer,sin valorar,con familia,1.0,0.0,31.0,3.3,no,distrito 6,3.6290550680534976,no,16 277,no,15/03/2017,prestadora B
94.0,mujer,  grado III ,solo,0.0,0.0,27.0,3.8,sí,distrito 10,22.760130832644187,sí,9 822,no,30/01/2023,prestadora B
81.0,hombre,sin valorar,con pareja,3.0,0.0,28.0,4.4,no,distrito 9,41.39461555462439,no,6 965,no,26/05/2023,prestadora A
80.0,hombre,sin valorar,con familia,2.0,0.0,16.0,2.2,no,distrito 10,13.138713963552394,no,27 574,no,11/03/2016,prestadora B
88.0,mujer,grado III,con familia,2.0,0.0,24.0,5.3,no,distrito 10,37.92827909953454,sí,9 343,no,26/11/2020,prestadora C
89.0,mujer,GRADO I,con familia,0.0,0.0,24.0,0.8,no,distrito 9,5.128131069607452,sí,5 660,sí,19/11/2021,prestadora A
85.0,mujer,grado I,con familia,3.0,4.0,26.0,5.4,no,distrito 1,121.14806654085093,sí,21 029,sí,16/12/2017,prestadora B
76.0,mujer,grado III,con familia,5.0,1.0,39.0,2.7,no,distrito 10,108.97121111154756,sí,12 330,no,05/09/2022,prestadora C
87.0,hombre,sin valorar,con pareja,4.0,0.0,2.0,3.9,no,distrito 9,120.74836240654555,no,14 369,sí,07/01/2016,prestadora C
91.0,mujer,grado I,solo,4.0,1.0,8.0,4.2,no,distrito 4,471.0436507777752,no,14 892,no,31/07/2017,prestadora B
85.0,hombre,grado I,solo,0.0,0.0,25.0,2.4,no,distrito 1,20.230051485361656,sí,8 334,sí,25/07/2018,prestadora B
87.0,mujer,sin valorar,con familia,1.0,1.0,13.0,4.5,sí,distrito 6,12.856990201428838,no,12 333,sí,04/01/2018,prestadora B
83.0,hombre,grado II,con familia,0.0,0.0,24.0,5.8,sí,distrito 10,5.359407468856394,no,15 051,sí,03/07/2021,prestadora A
79.0,mujer,grado I,con pareja,8.0,2.0,27.0,1.3,sí,distrito 6,380.4081786581437,sí,14 697,no,11/07/2021,prestadora C
90.0,mujer,GRADO III,solo,2.0,0.0,71.0,6.0,no,distrito 5,55.2218724969496,no,29 351,no,17/10/2018,prestadora C
76.0,mujer,grado I,con pareja,1.0,0.0,33.0,4.0,no,distrito 2,12.560541611841238,sí,11 800,sí,15/09/2021,prestadora C
84.0,mujer,grado I,con pareja,2.0,0.0,14.0,1.5,no,distrito 11,20.90121755864419,sí,23 680,sí,21/04/2024,prestadora A
96.0,hombre,grado III,con pareja,0.0,1.0,3.0,3.7,no,distrito 1,46.752133387418056,sí,14 987,no,31/10/2016,prestadora A
86.0,mujer,  grado I ,solo,6.0,0.0,48.0,0.9,no,distrito 6,274.2819437429595,sí,15 430,no,05/01/2017,prestadora B
97.0,mujer,sin valorar,solo,1.0,0.0,8.0,1.2,no,distrito 6,51.719811184746646,sí,15 684,N/D,20/08/2022,prestadora C
82.0,mujer,GRADO II,solo,1.0,0.0,3.0,2.5,sí,distrito 11,24.259299919781323,sí,16 676,no,08/08/2021,prestadora C
90.0,mujer,sin valorar,con familia,8.0,0.0,72.0,6.0,no,distrito 7,107.4396406825703,sí,16 358,sí,19/02/2019,prestadora A
95.0,mujer,GRADO I,solo,4.0,1.0,5.0,4.6,sí,distrito 4,250.01721183594285,sí,13 731,sí,21/11/2019,prestadora A
91.0,mujer,sin valorar,solo,2.0,0.0,63.0,6.3,no,distrito 8,164.35198158842022,sí,9 537,sí,19/02/2022,prestadora B
102.0,hombre,sin valorar,solo,0.0,0.0,32.0,5.6,sí,distrito 2,25.829560145427497,sí,31 278,sí,22/09/2016,prestadora A
77.0,hombre,grado I,con pareja,9.0,0.0,4.0,3.6,no,distrito 4,262.3220792826292,no,12 826,no,20/02/2022,prestadora A
96.0,mujer,GRADO I,con pareja,3.0,0.0,47.0,6.8,no,distrito 10,39.776320540891604,no,27 646,sí,13/08/2018,prestadora A
82.0,mujer,grado II,con pareja,5.0,0.0,10.0,0.9,no,distrito 6,53.26923202665402,sí,7 684,no,10/07/2021,prestadora A
80.0,mujer,grado II,con familia,2.0,0.0,22.0,2.2,sí,distrito 8,28.823878194721782,no,14 949,sí,20/08/2016,prestadora B
78.0,hombre,grado III,con pareja,6.0,0.0,50.0,7.8,sí,distrito 4,47.09218529390663,sí,16 053,sí,20/09/2021,prestadora A
81.0,mujer,grado I,solo,1.0,1.0,73.0,5.3,sí,distrito 9,51.94032476393959,no,8 253,sí,06/07/2020,prestadora C
82.0,mujer,  grado III ,con pareja,0.0,0.0,42.0,3.9,no,distrito 1,35.811736335941625,no,10 859,N/D,21/09/2020,prestadora B
69.0,mujer,  sin valorar ,solo,3.0,1.0,22.0,4.3,sí,distrito 2,284.461689457915,sí,11 403,sí,12/12/2018,prestadora B
71.0,mujer,  grado II ,solo,3.0,1.0,50.0,9.9,no,distrito 8,72.7850479118357,sí,10 097,no,09/09/2017,prestadora A
70.0,mujer,sin valorar,solo,4.0,2.0,102.0,4.5,no,distrito 2,378.7415824858474,sí,11 963,no,26/11/2023,prestadora A
82.0,hombre,grado I,solo,5.0,0.0,56.0,4.1,no,distrito 6,221.89963226010275,sí,15 076,sí,31/08/2021,prestadora B
84.0,mujer,grado III,solo,5.0,0.0,60.0,12.5,no,distrito 9,379.59152330264646,sí,10 379,sí,16/09/2021,prestadora B
89.0,mujer,grado II,solo,4.0,3.0,19.0,5.6,no,distrito 4,342.6524699224766,sí,19 524,no,01/07/2021,prestadora A
77.0,mujer,sin valorar,con familia,1.0,0.0,32.0,1.8,no,distrito 7,29.159685844830317,sí,15 763,sí,18/03/2024,prestadora A
80.0,hombre,grado I,solo,6.0,0.0,22.0,5.1,no,distrito 3,715.5965940757023,sí,6 373,no,13/03/2019,prestadora A
75.0,mujer,grado II,con familia,2.0,1.0,101.0,4.6,no,distrito 7,19.175824306781752,sí,14 448,no,12/06/2024,prestadora C
92.0,hombre,SIN VALORAR,con pareja,4.0,2.0,18.0,14.4,no,distrito 5,168.79450157896517,sí,16 174,sí,01/03/2024,prestadora B
83.0,mujer,grado II,solo,2.0,0.0,52.0,1.8,sí,distrito 7,31.459903126253465,sí,13 390,sí,24/07/2020,prestadora C
87.0,mujer,grado I,con familia,3.0,0.0,53.0,3.9,no,distrito 11,35.146542037443204,sí,10 998,sí,07/12/2023,prestadora A
88.0,hombre,sin valorar,solo,3.0,2.0,38.0,9.2,no,distrito 4,234.24675768233325,no,12 891,sí,21/05/2019,prestadora C
75.0,hombre,  grado II ,con pareja,0.0,0.0,44.0,18.8,no,distrito 11,41.091855846660884,sí,7 830,no,14/07/2019,prestadora A
79.0,hombre,  sin valorar ,con pareja,0.0,1.0,82.0,3.3,no,distrito 9,6.659954919990933,no,10 597,sí,02/12/2021,prestadora A
85.0,mujer,sin valorar,con pareja,3.0,0.0,19.0,6.3,sí,distrito 10,66.5421540075744,no,17 144,no,06/04/2020,prestadora C
89.0,mujer,GRADO III,con pareja,5.0,0.0,15.0,6.3,sí,distrito 11,168.26759552434046,sí,19 281,sí,08/01/2016,prestadora C
88.0,hombre,GRADO I,con pareja,1.0,1.0,26.0,2.2,sí,distrito 4,87.81479319244029,no,19 622,no,15/01/2018,prestadora A
75.0,mujer,grado III,solo,9.0,2.0,73.0,0.4,no,distrito 3,1027.6271026738664,no,13 664,sí,11/07/2019,prestadora A
84.0,mujer,  grado II ,solo,0.0,0.0,41.0,4.1,sí,distrito 4,13.493099174236987,sí,19 970,sí,06/03/2018,prestadora B
79.0,mujer,GRADO II,solo,8.0,0.0,3.0,4.5,no,distrito 5,998.4521518606942,sí,26 047,no,29/06/2024,prestadora C
90.0,mujer,grado III,solo,2.0,0.0,19.0,8.3,sí,distrito 11,138.04033968123846,sí,15 185,sí,10/07/2023,prestadora A
86.0,mujer,grado II,con familia,0.0,0.0,22.0,1.8,sí,distrito 11,6.033664435090918,no,22 433,sí,30/03/2019,prestadora A
78.0,mujer,grado II,con familia,11.0,1.0,51.0,2.2,no,distrito 3,394.55477286125716,sí,9 896,sí,23/10/2023,prestadora C
90.0,mujer,sin valorar,con familia,2.0,10.0,25.0,9.6,sí,distrito 2,22.027643839497934,sí,17 986,sí,16/12/2021,prestadora C
83.0,mujer,grado II,solo,6.0,0.0,34.0,7.4,no,distrito 11,170.647988071846,sí,9 522,sí,07/06/2016,prestadora B
78.0,mujer,grado II,solo,1.0,0.0,87.0,1.4,no,distrito 6,66.58124859018513,sí,7 603,N/D,22/04/2016,prestadora C
82.0,hombre,grado I,con pareja,2.0,0.0,16.0,5.3,no,distrito 11,43.399403978135624,sí,10 900,sí,22/01/2020,prestadora A
71.0,mujer,grado I,solo,3.0,0.0,59.0,6.1,sí,distrito 7,87.15253383952054,no,7 465,sí,26/11/2019,prestadora A
86.0,mujer,grado I,solo,2.0,0.0,32.0,0.9,no,distrito 4,73.68232767428539,no,13 732,no,05/01/2023,prestadora C
78.0,hombre,grado I,solo,0.0,1.0,25.0,3.5,sí,distrito 7,23.055676448375326,no,17 483,no,07/12/2018,prestadora B
78.0,mujer,grado I,con pareja,0.0,0.0,47.0,0.8,sí,distrito 10,21.045730762863517,sí,13 203,no,28/09/2018,prestadora C
78.0,mujer,sin valorar,con familia,3.0,2.0,27.0,3.4,no,distrito 6,13.083895938268919,sí,18 225,sí,27/01/2024,prestadora C
65.0,mujer,  grado II ,solo,6.0,4.0,3.0,2.4,sí,distrito 2,269.6300445578267,sí,6 496,no,15/08/2016,prestadora B
89.0,mujer,sin valorar,solo,3.0,0.0,41.0,3.8,no,distrito 6,100.60677803700784,sí,14 053,sí,24/09/2019,prestadora B
88.0,mujer,sin valorar,solo,2.0,0.0,27.0,5.0,sí,distrito 5,68.7935469914828,no,19 641,sí,22/06/2023,prestadora B
78.0,mujer,grado I,solo,7.0,0.0,10.0,2.1,no,distrito 8,319.3181710712759,sí,15 182,sí,23/08/2017,prestadora A
80.0,hombre,sin valorar,con familia,5.0,2.0,15.0,2.0,no,distrito 3,42.01517603146872,sí,16 413,no,27/05/2019,prestadora A
99.0,mujer,grado II,solo,1.0,0.0,23.0,1.3,sí,distrito 8,64.84445043558567,no,11 691,no,13/03/2021,prestadora A
82.0,mujer,grado I,con familia,1.0,0.0,24.0,2.0,no,distrito 7,9.175977032362683,no,9 333,no,04/03/2020,prestadora B
77.0,mujer,sin valorar,con pareja,8.0,0.0,51.0,1.9,no,distrito 10,63.32283974061879,sí,12 476,sí,14/06/2018,prestadora A
76.0,mujer,sin valorar,solo,1.0,3.0,15.0,6.5,no,distrito 8,146.2138014523942,sí,7 182,no,05/06/2016,prestadora B
73.0,mujer,sin valorar,solo,2.0,0.0,15.0,8.1,sí,distrito 7,58.70909167643647,sí,14 887,no,09/06/2020,prestadora A
81.0,hombre,grado II,con pareja,4.0,1.0,41.0,3.8,sí,distrito 5,35.81861154994692,sí,35 625,sí,04/03/2021,prestadora C
83.0,mujer,  grado I ,solo,0.0,0.0,3.0,2.5,sí,distrito 11,10.797330759832198,sí,12 714,no,05/04/2016,prestadora B
71.0,hombre,GRADO III,con pareja,1.0,3.0,68.0,4.7,no,distrito 2,121.28324827654662,sí,8 908,no,29/10/2018,prestadora B
98.0,hombre,grado I,solo,1.0,0.0,15.0,7.5,no,distrito 8,20.5285721127906,sí,16 990,sí,20/08/2022,prestadora A
86.0,hombre,grado II,con familia,3.0,0.0,139.0,3.8,no,distrito 2,86.51668939116615,no,10 314,no,11/11/2016,prestadora A
77.0,mujer,  grado II ,solo,6.0,0.0,9.0,5.9,sí,distrito 10,245.20347237976512,no,17 490,sí,08/07/2017,prestadora A
72.0,mujer,sin valorar,solo,5.0,1.0,17.0,8.7,no,distrito 7,200.20343781826492,sí,18 068,sí,17/02/2019,prestadora A
76.0,mujer,grado III,con pareja,4.0,0.0,7.0,0.8,no,distrito 10,164.5556307993733,sí,15 692,sí,18/12/2018,prestadora B
72.0,mujer,grado III,solo,0.0,0.0,25.0,2.7,sí,distrito 11,30.858198212553884,sí,7 348,no,09/08/2023,prestadora C
75.0,mujer,sin valorar,con familia,9.0,0.0,83.0,1.5,no,distrito 5,53.74725502289435,no,13 625,sí,19/02/2017,prestadora A
83.0,mujer,grado III,solo,1.0,2.0,68.0,4.3,no,distrito 7,73.59362812965328,sí,5 229,no,14/09/2024,prestadora B
67.0,hombre,GRADO II,con familia,1.0,0.0,62.0,3.1,no,distrito 11,33.907961542352815,sí,18 164,N/D,11/07/2020,prestadora B
74.0,mujer,grado II,solo,2.0,1.0,74.0,5.4,no,distrito 5,333.77134216883957,sí,9 087,no,06/07/2017,prestadora C
78.0,hombre,grado II,solo,0.0,1.0,38.0,6.1,no,distrito 5,13.160678259328487,sí,10 575,sí,26/03/2020,prestadora A
85.0,mujer,grado I,solo,2.0,0.0,78.0,8.0,no,distrito 3,54.68177296751064,no,12 626,no,15/05/2019,prestadora A
67.0,mujer,GRADO I,con familia,1.0,0.0,32.0,2.1,sí,distrito 1,10.198674011537522,no,21 793,sí,24/02/2024,prestadora B
76.0,mujer,grado I,con familia,1.0,0.0,76.0,2.0,no,distrito 6,22.119023269884284,sí,10 064,sí,11/04/2019,prestadora B
82.0,mujer,  grado II ,solo,5.0,0.0,23.0,1.8,no,distrito 4,199.75791538705943,no,11 158,no,02/12/2018,prestadora A
67.0,mujer,grado III,con pareja,2.0,1.0,34.0,5.1,no,distrito 10,87.53706222123398,no,8 861,sí,16/05/2021,prestadora C
89.0,mujer,sin valorar,con pareja,2.0,2.0,92.0,6.7,sí,distrito 6,36.60476957632271,sí,13 576,sí,07/08/2022,prestadora C
68.0,mujer,grado II,con pareja,4.0,0.0,20.0,2.7,no,distrito 6,55.29923713576279,sí,16 265,no,07/10/2023,prestadora B
93.0,mujer,grado I,solo,2.0,0.0,122.0,14.1,no,distrito 3,116.89319174561065,no,18 991,no,22/07/2017,prestadora A
82.0,hombre,sin valorar,solo,0.0,0.0,33.0,2.2,no,distrito 5,59.97358633922434,sí,13 167,no,06/02/2019,prestadora B
70.0,mujer,sin valorar,con pareja,0.0,0.0,62.0,1.0,sí,distrito 5,26.12482919076429,sí,18 547,sí,05/05/2017,prestadora B
79.0,mujer,grado I,con familia,0.0,2.0,40.0,5.1,sí,distrito 6,11.231362333760194,no,21 827,sí,31/07/2016,prestadora C
75.0,mujer,grado II,solo,3.0,0.0,24.0,0.1,no,distrito 1,206.38142992601175,no,28 735,sí,04/11/2017,prestadora C
78.0,hombre,  grado II ,solo,2.0,1.0,52.0,5.3,no,distrito 5,138.0175377725214,sí,10 149,sí,25/09/2017,prestadora B
72.0,mujer,sin valorar,con pareja,2.0,0.0,95.0,4.6,no,distrito 9,23.855812827798776,sí,13 746,sí,25/01/2021,prestadora A
84.0,hombre,GRADO II,con pareja,0.0,0.0,12.0,4.2,sí,distrito 2,14.456143631841893,no,15 542,no,22/11/2022,prestadora C
76.0,mujer,grado III,con familia,1.0,0.0,24.0,2.8,no,distrito 2,12.261288374527682,sí,18 990,sí,20/01/2019,prestadora B
75.0,mujer,grado I,solo,0.0,0.0,56.0,1.6,no,distrito 9,7.296108244735439,sí,15 356,sí,07/05/2024,prestadora C
67.0,mujer,grado III,solo,1.0,0.0,10.0,4.5,no,distrito 1,63.69454280636841,no,9 458,no,31/08/2024,prestadora C
70.0,mujer,grado III,solo,2.0,0.0,56.0,0.7,no,distrito 3,162.3236982060637,sí,7 730,sí,16/03/2021,prestadora B
86.0,mujer,sin valorar,solo,1.0,0.0,10.0,1.8,no,distrito 11,109.0808737554813,sí,23 538,sí,14/03/2020,prestadora A
65.0,mujer,grado I,con pareja,3.0,3.0,83.0,2.6,no,distrito 6,74.06433924441339,no,12 467,no,23/05/2019,prestadora A
79.0,hombre,grado II,con pareja,4.0,1.0,25.0,1.0,no,distrito 6,85.00124870076151,sí,7 093,sí,31/01/2017,prestadora A
84.0,hombre,grado III,con pareja,0.0,1.0,40.0,0.6,sí,distrito 2,30.20785279627428,sí,14 891,no,12/01/2024,prestadora C
74.0,hombre,grado II,solo,3.0,0.0,84.0,9.5,no,distrito 1,499.8613559212945,no,25 269,no,18/02/2021,prestadora C
75.0,mujer,grado I,solo,0.0,0.0,13.0,4.0,no,distrito 11,16.480270745998663,sí,9 385,no,16/03/2021,prestadora C
79.0,mujer,grado I,con pareja,5.0,0.0,59.0,8.5,no,distrito 5,46.21302745606252,no,10 557,sí,07/08/2024,prestadora A
88.0,hombre,grado III,con familia,2.0,1.0,106.0,8.3,sí,distrito 10,40.7864952971634,sí,9 281,no,05/04/2023,prestadora A
77.0,mujer,grado I,solo,1.0,3.0,90.0,1.2,no,distrito 10,148.813460547562,no,9 098,no,25/08/2022,prestadora B
78.0,hombre,grado II,con pareja,1.0,2.0,11.0,6.7,sí,distrito 8,70.19680116382447,sí,8 471,sí,18/09/2022,prestadora B
72.0,mujer,GRADO I,con familia,0.0,0.0,133.0,1.3,no,distrito 9,16.301137653674054,sí,20 741,sí,05/10/2016,prestadora A
75.0,mujer,grado I,con familia,2.0,0.0,51.0,2.1,no,distrito 5,21.030733081588565,sí,21 133,no,18/05/2020,prestadora C
80.0,mujer,sin valorar,solo,2.0,6.0,43.0,0.8,no,distrito 11,97.45604658915836,sí,24 592,sí,20/06/2022,prestadora B
100.0,mujer,grado I,solo,1.0,1.0,24.0,11.7,no,distrito 3,64.4507681928092,no,18 461,sí,05/04/2022,prestadora B
94.0,mujer,grado II,con pareja,4.0,1.0,35.0,3.0,no,distrito 5,157.44445978668398,sí,16 089,no,18/11/2018,prestadora C
96.0,mujer,GRADO III,con familia,2.0,0.0,28.0,7.3,no,distrito 8,157.66311156784215,no,22 465,no,17/01/2022,prestadora C
79.0,hombre,  grado II ,con familia,0.0,0.0,37.0,4.2,no,distrito 1,26.820091159220016,sí,23 825,sí,14/07/2023,prestadora B
83.0,hombre,grado I,solo,1.0,2.0,35.0,2.2,no,distrito 6,107.37734206773999,no,10 963,sí,18/07/2016,prestadora A
71.0,mujer,grado III,con familia,1.0,0.0,8.0,2.3,no,distrito 8,33.350581920606594,sí,21 521,sí,21/02/2024,prestadora C
78.0,mujer,grado I,solo,8.0,1.0,9.0,1.3,no,distrito 1,846.500768666627,sí,10 180,sí,27/02/2019,prestadora A
82.0,mujer,grado II,con pareja,2.0,3.0,151.0,2.2,no,distrito 3,142.54122159304197,sí,19 036,no,22/03/2023,prestadora C
89.0,mujer,sin valorar,solo,2.0,1.0,29.0,0.9,sí,distrito 11,83.58478328009363,sí,20 324,sí,18/05/2022,prestadora C
73.0,mujer,grado III,solo,1.0,2.0,5.0,3.7,no,distrito 5,37.563317193546226,no,12 440,N/D,27/08/2016,prestadora A
83.0,hombre,grado II,con familia,8.0,0.0,25.0,3.7,sí,distrito 11,140.36729624897018,sí,19 148,sí,14/06/2023,prestadora A
72.0,mujer,grado I,solo,2.0,0.0,81.0,5.8,sí,distrito 1,54.02911892776149,no,14 334,sí,06/07/2022,prestadora A
76.0,mujer,grado III,con pareja,0.0,3.0,36.0,13.7,no,distrito 8,22.95658459279211,no,16 238,no,16/08/2024,prestadora B
80.0,mujer,grado I,con familia,3.0,1.0,28.0,1.1,no,distrito 2,32.1279472941551,sí,19 670,sí,09/04/2016,prestadora C
84.0,mujer,grado II,con familia,4.0,0.0,33.0,2.2,no,distrito 1,85.83201530513334,sí,15 561,sí,06/11/2019,prestadora A
86.0,mujer,grado I,con familia,2.0,0.0,30.0,3.0,no,distrito 9,9.913875855847015,sí,12 963,no,24/11/2019,prestadora B
75.0,mujer,sin valorar,solo,6.0,0.0,12.0,2.9,no,distrito 1,120.41026123672421,sí,6 423,sí,07/02/2020,prestadora A
71.0,mujer,grado I,con familia,0.0,5.0,38.0,2.8,sí,distrito 2,12.992853360707258,no,18 576,no,23/01/2017,prestadora A
98.0,mujer,  grado I ,solo,1.0,0.0,46.0,6.0,sí,distrito 2,66.6200895136013,sí,26 275,sí,09/11/2023,prestadora B
71.0,mujer,grado II,con familia,1.0,2.0,19.0,2.3,no,distrito 5,21.93671386405479,sí,12 603,sí,24/10/2016,prestadora B
93.0,hombre,grado I,con pareja,2.0,4.0,65.0,5.9,sí,distrito 6,82.24966220280916,sí,8 012,sí,14/10/2019,prestadora A
73.0,hombre,grado II,con familia,0.0,0.0,38.0,4.6,no,distrito 9,17.292023099775125,sí,14 011,sí,03/10/2018,prestadora C
95.0,mujer,sin valorar,solo,0.0,1.0,53.0,1.1,sí,distrito 11,19.867182921791194,no,23 830,sí,03/04/2020,prestadora B
104.0,mujer,grado II,con familia,1.0,0.0,24.0,4.9,no,distrito 10,22.780756108408678,sí,25 272,no,09/05/2017,prestadora A
88.0,mujer,sin valorar,con pareja,5.0,1.0,14.0,2.4,no,distrito 1,121.75585450903635,sí,26 539,sí,20/09/2017,prestadora A
68.0,mujer,sin valorar,solo,1.0,0.0,54.0,6.4,no,distrito 2,94.77822805590112,sí,8 714,N/D,17/12/2018,prestadora C
83.0,hombre,  grado I ,solo,1.0,0.0,85.0,4.6,sí,distrito 6,108.2308721145026,sí,18 130,sí,09/09/2016,prestadora B
85.0,mujer,sin valorar,solo,3.0,1.0,21.0,4.3,sí,distrito 3,84.75965384512635,sí,21 386,sí,26/04/2021,prestadora C
78.0,mujer,  grado III ,solo,5.0,1.0,10.0,8.2,no,distrito 3,388.3130930741286,sí,17 567,sí,30/05/2022,prestadora B
78.0,mujer,SIN VALORAR,con pareja,4.0,0.0,13.0,1.9,no,distrito 8,22.414516926338,no,11 998,sí,26/04/2023,prestadora C
87.0,mujer,GRADO I,solo,1.0,0.0,29.0,2.7,no,distrito 8,67.36851054878832,no,19 883,sí,20/01/2022,prestadora C
72.0,hombre,grado III,con pareja,1.0,0.0,53.0,2.5,no,distrito 6,25.335311461667153,sí,21 951,sí,20/02/2019,prestadora C
76.0,mujer,grado I,con pareja,4.0,2.0,51.0,1.4,no,distrito 4,58.90142059053477,no,13 380,sí,10/10/2016,prestadora B
82.0,mujer,grado I,solo,1.0,4.0,64.0,4.9,no,distrito 6,184.07466311132578,sí,9 681,sí,22/02/2016,prestadora A
82.0,mujer,grado I,con familia,3.0,0.0,8.0,1.1,no,distrito 10,24.67741174482075,no,13 301,no,03/04/2023,prestadora B
89.0,mujer,GRADO I,solo,0.0,4.0,22.0,9.0,no,distrito 6,52.888491566368,sí,6 857,no,19/05/2018,prestadora B
82.0,hombre,  grado I ,solo,3.0,5.0,78.0,0.4,no,distrito 9,232.64861492197315,sí,8 298,no,04/03/2023,prestadora A
73.0,mujer,sin valorar,solo,2.0,0.0,6.0,0.4,no,distrito 9,8.778909320121715,no,9 579,sí,17/06/2024,prestadora B
80.0,mujer,sin valorar,con familia,0.0,1.0,52.0,3.8,no,distrito 3,5.943701572301284,no,19 113,no,05/10/2017,prestadora B
97.0,mujer,grado II,con pareja,2.0,0.0,24.0,3.0,sí,distrito 2,21.190244863096673,no,18 427,sí,27/01/2020,prestadora B
89.0,hombre,GRADO II,solo,1.0,0.0,30.0,0.4,no,distrito 3,52.99507451482109,sí,12 655,sí,12/07/2020,prestadora C
82.0,mujer,sin valorar,solo,0.0,0.0,6.0,3.6,no,distrito 3,38.71096009223398,no,23 650,sí,15/06/2024,prestadora C
78.0,hombre,  grado II ,con familia,14.0,1.0,44.0,1.6,no,distrito 11,322.20836596018773,no,9 389,no,11/03/2021,prestadora A
77.0,mujer,sin valorar,con pareja,1.0,0.0,57.0,1.0,sí,distrito 9,20.558132557465726,sí,24 598,sí,22/08/2024,prestadora B
79.0,mujer,grado I,con familia,1.0,1.0,8.0,7.5,no,distrito 2,10.794289830654172,sí,8 325,sí,30/12/2018,prestadora A
76.0,mujer,grado I,solo,0.0,0.0,21.0,3.2,sí,distrito 8,16.59545047963826,sí,12 053,no,02/06/2021,prestadora A
95.0,mujer,grado II,con pareja,0.0,1.0,68.0,5.0,no,distrito 6,21.013992618308382,sí,16 669,N/D,22/02/2024,prestadora A
81.0,mujer,SIN VALORAR,solo,2.0,0.0,35.0,4.4,sí,distrito 1,131.3788935961723,sí,9 332,sí,14/09/2020,prestadora A
85.0,mujer,  grado I ,solo,3.0,3.0,28.0,5.5,no,distrito 5,410.2310751452228,sí,15 896,no,26/03/2019,prestadora C
69.0,mujer,sin valorar,solo,6.0,0.0,14.0,3.3,sí,distrito 10,172.37311253807854,no,17 372,sí,19/05/2018,prestadora A
93.0,mujer,grado II,solo,0.0,0.0,62.0,4.3,no,distrito 10,78.91089235077756,sí,13 563,no,20/03/2020,prestadora A
86.0,mujer,SIN VALORAR,solo,8.0,0.0,12.0,2.1,no,distrito 10,621.9701712140712,no,23 283,no,18/08/2022,prestadora B
81.0,hombre,grado I,con pareja,0.0,0.0,56.0,2.3,no,distrito 3,11.223572856486154,no,14 958,no,28/08/2024,prestadora B
90.0,mujer,grado II,solo,1.0,0.0,18.0,8.1,no,distrito 11,98.44658491366515,no,25 733,no,23/06/2016,prestadora A
94.0,mujer,grado I,con pareja,0.0,0.0,44.0,5.0,no,distrito 10,8.726542467903759,no,33 496,no,28/04/2023,prestadora A
92.0,mujer,grado III,solo,0.0,0.0,56.0,6.2,no,distrito 5,40.15564945807827,no,16 482,no,17/02/2020,prestadora C
77.0,mujer,grado III,con pareja,6.0,1.0,34.0,5.9,no,distrito 3,1060.6789015567435,sí,18 710,no,14/07/2024,prestadora C
96.0,hombre,grado I,con pareja,2.0,0.0,17.0,6.1,no,distrito 1,111.12783174924076,sí,18 949,sí,15/04/2020,prestadora C
83.0,hombre,sin valorar,con familia,0.0,0.0,53.0,0.8,no,distrito 7,10.726590460267131,sí,10 854,sí,29/06/2018,prestadora C
74.0,hombre,grado II,solo,3.0,0.0,57.0,9.0,sí,distrito 8,119.58707893528977,no,12 421,no,13/07/2024,prestadora B
102.0,hombre,sin valorar,con pareja,2.0,0.0,8.0,4.4,no,distrito 4,56.742753811944326,sí,13 458,no,06/06/2023,prestadora A
75.0,mujer,grado II,solo,0.0,1.0,102.0,0.3,no,distrito 3,23.81937069512197,sí,13 314,no,05/06/2018,prestadora C
70.0,mujer,sin valorar,solo,3.0,0.0,27.0,1.4,sí,distrito 11,43.90090571281047,sí,15 630,no,11/04/2016,prestadora B
79.0,mujer,grado II,con pareja,2.0,4.0,17.0,2.0,no,distrito 7,78.99816069080578,sí,21 252,sí,08/08/2021,prestadora C
82.0,mujer,sin valorar,solo,2.0,0.0,46.0,2.2,no,distrito 4,246.34983176556327,sí,15 986,sí,01/08/2018,prestadora B
72.0,hombre,grado I,con familia,0.0,0.0,43.0,7.8,sí,distrito 2,9.602480410723762,no,16 006,sí,03/10/2022,prestadora A
77.0,mujer,  grado I ,con pareja,0.0,0.0,25.0,5.8,no,distrito 3,22.7580214813705,sí,14 093,no,23/07/2020,prestadora A
95.0,mujer,sin valorar,con pareja,2.0,0.0,12.0,15.1,no,distrito 7,51.64590686405033,no,6 088,N/D,06/06/2023,prestadora B
81.0,mujer,  grado II ,solo,0.0,0.0,45.0,6.6,no,distrito 4,6.572900758746456,sí,8 123,no,15/04/2021,prestadora B
71.0,hombre,grado III,con familia,0.0,0.0,16.0,2.0,sí,distrito 11,22.086802891463684,sí,16 575,sí,02/07/2020,prestadora A
70.0,mujer,sin valorar,solo,2.0,2.0,55.0,2.7,sí,distrito 5,60.106690266294414,sí,17 166,sí,23/04/2017,prestadora C
88.0,mujer,SIN VALORAR,solo,4.0,2.0,38.0,8.7,no,distrito 8,142.1954830006503,no,15 616,no,23/08/2022,prestadora C
91.0,mujer,grado II,con pareja,4.0,2.0,54.0,5.8,no,distrito 10,125.75143788538205,no,12 001,sí,30/03/2023,prestadora A
66.0,mujer,grado II,con familia,2.0,2.0,3.0,2.0,no,distrito 9,64.95250379296832,sí,8 591,sí,05/01/2017,prestadora A
65.0,hombre,grado II,solo,2.0,0.0,26.0,2.0,no,distrito 11,137.27500305828337,sí,13 212,sí,18/09/2018,prestadora A
85.0,hombre,grado I,solo,0.0,1.0,44.0,6.5,sí,distrito 11,17.424946355251187,sí,18 280,no,18/08/2023,prestadora C
85.0,hombre,grado I,con familia,2.0,0.0,22.0,5.1,sí,distrito 9,14.654123413608055,sí,20 206,no,07/08/2018,prestadora B
81.0,hombre,grado I,solo,1.0,0.0,49.0,8.8,sí,distrito 8,68.1318331506114,sí,11 005,no,23/09/2016,prestadora B
94.0,mujer,grado II,solo,5.0,0.0,89.0,6.6,sí,distrito 6,198.91445212182524,sí,15 446,sí,25/08/2019,prestadora A
69.0,hombre,grado III,solo,3.0,0.0,34.0,2.2,no,distrito 1,91.47653231918316,sí,32 646,sí,28/06/2023,prestadora A
87.0,mujer,grado I,con pareja,2.0,1.0,62.0,1.1,no,distrito 8,17.747477276596292,no,14 378,no,09/12/2016,prestadora B
71.0,hombre,grado I,con familia,6.0,0.0,52.0,1.1,no,distrito 3,66.79159666916821,sí,12 180,no,31/01/2023,prestadora C
70.0,mujer,grado I,con pareja,1.0,0.0,53.0,14.2,no,distrito 4,26.182323015399447,no,17 199,no,29/03/2016,prestadora B
91.0,hombre,grado I,solo,0.0,0.0,29.0,1.4,no,distrito 9,30.451871445659492,sí,10 262,no,07/08/2022,prestadora B
87.0,mujer,grado I,solo,2.0,0.0,80.0,9.9,no,distrito 4,32.27624146973283,sí,10 268,sí,29/09/2018,prestadora A
89.0,hombre,sin valorar,solo,2.0,0.0,39.0,0.7,sí,distrito 5,21.864535868776837,sí,9 551,no,01/06/2018,prestadora A
84.0,mujer,sin valorar,solo,7.0,3.0,25.0,2.2,no,distrito 10,226.15770964625037,sí,19 322,sí,14/05/2019,prestadora B
96.0,mujer,grado I,solo,3.0,3.0,13.0,1.8,no,distrito 1,116.02244096438739,sí,5 250,sí,17/01/2024,prestadora A
76.0,mujer,grado II,solo,1.0,0.0,66.0,12.0,no,distrito 3,101.19651815866588,sí,9 550,no,11/08/2022,prestadora B
79.0,mujer,grado I,con familia,1.0,1.0,46.0,2.5,no,distrito 9,20.972566206715616,sí,9 067,sí,31/08/2017,prestadora C
97.0,mujer,grado I,solo,3.0,2.0,89.0,13.2,no,distrito 4,305.5103946923873,sí,15 599,no,13/09/2019,prestadora C
84.0,mujer,  grado III ,solo,0.0,1.0,13.0,1.5,sí,distrito 11,19.368445298893842,sí,9 126,sí,08/08/2023,prestadora B
66.0,mujer,grado I,con familia,0.0,0.0,13.0,7.4,no,distrito 2,6.1322880202251895,sí,18 051,sí,01/01/2016,prestadora B
81.0,mujer,  grado I ,solo,3.0,0.0,41.0,5.0,no,distrito 2,620.563576153151,sí,21 993,sí,16/03/2024,prestadora C
74.0,mujer,grado I,solo,1.0,8.0,2.0,0.9,no,distrito 5,79.48262742884141,no,10 544,sí,21/05/2021,prestadora C
84.0,hombre,grado I,solo,1.0,0.0,29.0,3.3,no,distrito 7,24.44171762149734,sí,9 827,sí,14/05/2023,prestadora C
96.0,mujer,grado II,con familia,1.0,0.0,26.0,2.1,sí,distrito 8,27.925910659106727,sí,14 794,sí,05/04/2020,prestadora B
104.0,hombre,sin valorar,con pareja,5.0,3.0,81.0,2.9,no,distrito 8,58.77870067572804,sí,18 150,sí,12/01/2020,prestadora B
85.0,mujer,  sin valorar ,con familia,5.0,0.0,57.0,4.6,sí,distrito 5,53.580351191831085,no,13 961,sí,21/09/2024,prestadora A
80.0,hombre,grado II,con pareja,0.0,0.0,32.0,1.6,no,distrito 11,23.7660064381407,no,13 552,sí,23/08/2020,prestadora C
88.0,mujer,grado III,con pareja,9.0,0.0,65.0,5.8,no,distrito 7,179.53916867903615,sí,10 024,no,20/07/2016,prestadora C
70.0,mujer,grado I,solo,3.0,2.0,48.0,11.2,no,distrito 11,179.71075998201252,sí,15 348,N/D,13/03/2022,prestadora A
72.0,hombre,sin valorar,con pareja,8.0,1.0,39.0,10.2,no,distrito 2,88.90613778227033,sí,10 257,sí,01/10/2019,prestadora A
81.0,hombre,grado II,solo,0.0,1.0,72.0,3.7,no,distrito 3,44.90295151895838,no,17 890,no,14/01/2021,prestadora C
79.0,hombre,grado III,con pareja,3.0,0.0,58.0,7.2,sí,distrito 1,120.61846495502573,no,14 033,sí,08/03/2024,prestadora A
78.0,mujer,SIN VALORAR,solo,0.0,0.0,6.0,2.4,no,distrito 10,37.261738020509355,sí,10 686,no,12/10/2016,prestadora C
90.0,hombre,grado II,solo,3.0,1.0,66.0,1.7,sí,distrito 11,136.54487677345006,sí,24 426,sí,15/04/2019,prestadora A
71.0,mujer,grado III,solo,1.0,1.0,6.0,2.6,sí,distrito 8,68.01163538040502,sí,8 816,sí,18/03/2018,prestadora C
74.0,hombre,  sin valorar ,con pareja,4.0,3.0,6.0,5.5,sí,distrito 7,248.74704510119903,sí,8 663,no,15/02/2020,prestadora A
78.0,hombre,  grado II ,con pareja,3.0,1.0,41.0,3.2,sí,distrito 2,63.71943633604849,sí,18 076,no,23/04/2020,prestadora B
80.0,mujer,grado I,solo,1.0,0.0,55.0,4.9,no,distrito 4,20.684942756207523,sí,9 359,sí,16/07/2019,prestadora B
88.0,hombre,GRADO I,solo,6.0,1.0,32.0,5.2,sí,distrito 3,324.74315855107903,sí,13 771,sí,16/04/2022,prestadora A
88.0,mujer,SIN VALORAR,solo,0.0,3.0,11.0,2.3,no,distrito 7,15.357292847560743,sí,13 851,no,06/06/2021,prestadora A
88.0,mujer,grado I,solo,2.0,0.0,6.0,5.1,sí,distrito 8,238.506261833136,sí,9 480,no,28/02/2022,prestadora B
92.0,mujer,grado III,con pareja,4.0,2.0,56.0,7.4,no,distrito 3,60.683436881660384,sí,10 518,sí,01/11/2020,prestadora B
92.0,mujer,grado III,solo,1.0,0.0,41.0,1.8,no,distrito 8,188.58400726160042,sí,14 527,sí,23/06/2023,prestadora B
78.0,mujer,grado III,con familia,0.0,2.0,33.0,3.2,sí,distrito 9,15.49698826858576,sí,16 835,sí,29/06/2020,prestadora A
103.0,mujer,grado III,solo,4.0,0.0,104.0,0.4,no,distrito 8,80.44600953777648,sí,14 739,N/D,24/05/2016,prestadora C
83.0,mujer,grado I,con pareja,0.0,5.0,47.0,6.3,no,distrito 5,37.05224055045894,no,24 149,sí,22/02/2024,prestadora A
77.0,mujer,grado I,con pareja,5.0,0.0,99.0,11.6,no,distrito 8,22.128241359115783,no,12 305,sí,01/09/2022,prestadora B
80.0,hombre,grado I,con pareja,1.0,2.0,71.0,4.3,sí,distrito 9,55.3780693664833,sí,15 025,sí,09/09/2024,prestadora A
87.0,mujer,grado II,con familia,2.0,2.0,12.0,2.4,no,distrito 7,183.1019377033019,sí,8 681,no,03/01/2024,prestadora C
73.0,mujer,grado I,solo,5.0,2.0,7.0,4.9,no,distrito 11,944.3349880605713,sí,32 476,sí,14/08/2018,prestadora B
84.0,mujer,sin valorar,solo,2.0,2.0,48.0,3.9,no,distrito 9,73.13590203084205,no,11 188,no,07/12/2022,prestadora B
77.0,hombre,sin valorar,solo,1.0,0.0,79.0,10.0,no,distrito 9,59.211986005957606,no,18 145,no,28/04/2021,prestadora B
89.0,mujer,sin valorar,con pareja,0.0,0.0,74.0,7.2,no,distrito 7,7.610192706540218,sí,13 365,N/D,16/09/2022,prestadora A
88.0,mujer,GRADO III,solo,0.0,1.0,13.0,4.8,no,distrito 1,72.72077970144922,sí,8 737,no,22/03/2022,prestadora C
82.0,hombre,  grado I ,solo,0.0,0.0,13.0,7.9,sí,distrito 1,39.50614339356366,no,15 818,sí,10/10/2018,prestadora B
83.0,mujer,grado II,con pareja,4.0,2.0,25.0,4.5,no,distrito 4,31.805275966075268,sí,5 884,no,22/07/2020,prestadora C
88.0,hombre,  grado I ,solo,6.0,0.0,5.0,2.6,no,distrito 7,201.15592268649428,sí,11 632,sí,21/02/2020,prestadora C
78.0,hombre,grado I,solo,2.0,0.0,78.0,7.5,no,distrito 7,63.195772713009774,sí,17 150,no,25/04/2020,prestadora A
83.0,mujer,sin valorar,solo,0.0,2.0,41.0,0.5,no,distrito 9,31.16840994654146,sí,9 131,no,13/02/2020,prestadora A
82.0,mujer,grado I,con pareja,2.0,0.0,12.0,3.9,no,distrito 5,86.28704986115609,sí,30 873,no,21/04/2023,prestadora A
84.0,hombre,grado I,solo,0.0,0.0,8.0,4.1,no,distrito 6,55.04403767847612,sí,13 730,sí,14/12/2018,prestadora C
84.0,mujer,grado II,solo,3.0,0.0,57.0,4.6,sí,distrito 4,205.9802609139817,sí,24 440,N/D,25/09/2023,prestadora B
74.0,hombre,sin valorar,con familia,0.0,0.0,37.0,2.3,no,distrito 8,12.494223855333493,no,13 051,sí,28/03/2022,prestadora A
88.0,mujer,grado I,solo,1.0,1.0,87.0,1.5,sí,distrito 3,24.782863468081917,no,16 340,sí,02/03/2018,prestadora A
88.0,mujer,  grado I ,con pareja,13.0,0.0,46.0,2.6,no,distrito 8,447.6206076061953,sí,12 741,no,25/02/2019,prestadora B
80.0,mujer,sin valorar,solo,1.0,0.0,24.0,2.4,no,distrito 1,13.28001530752054,sí,6 196,no,29/03/2023,prestadora B
81.0,mujer,GRADO II,solo,5.0,3.0,99.0,3.3,no,distrito 8,206.03438056134135,sí,17 259,no,18/02/2024,prestadora A
85.0,mujer,  grado I ,con pareja,6.0,0.0,58.0,16.9,no,distrito 2,188.31170230102427,sí,10 798,sí,02/06/2022,prestadora B
82.0,mujer,grado II,con familia,0.0,1.0,72.0,2.3,no,distrito 4,7.215921661439921,no,9 594,no,30/04/2022,prestadora B
91.0,mujer,  grado I ,solo,1.0,0.0,56.0,1.8,sí,distrito 7,62.4850357807755,sí,14 416,no,24/10/2017,prestadora A
72.0,mujer,sin valorar,solo,1.0,0.0,35.0,3.0,no,distrito 5,24.285293178676156,sí,10 708,no,24/09/2020,prestadora C
83.0,mujer,  grado III ,solo,1.0,0.0,12.0,10.9,no,distrito 1,84.51871893811223,no,12 161,N/D,18/05/2020,prestadora C
70.0,mujer,sin valorar,solo,3.0,0.0,28.0,0.7,no,distrito 11,51.06297964715707,sí,12 907,sí,27/05/2016,prestadora A
96.0,mujer,  grado II ,solo,5.0,1.0,91.0,5.1,no,distrito 10,358.0324615899895,no,19 828,sí,28/07/2024,prestadora B
82.0,mujer,grado III,con pareja,3.0,0.0,22.0,2.4,no,distrito 7,132.29992928291801,sí,11 358,sí,13/02/2023,prestadora B
70.0,hombre,grado II,con pareja,3.0,0.0,52.0,14.1,no,distrito 11,73.64436863353295,sí,9 546,sí,25/01/2020,prestadora C
95.0,mujer,grado I,solo,1.0,1.0,26.0,5.3,sí,distrito 4,56.97467040268863,sí,16 267,sí,14/02/2016,prestadora B
85.0,mujer,grado III,con pareja,3.0,0.0,7.0,6.8,no,distrito 8,58.43562556894665,sí,10 491,no,27/07/2019,prestadora A
86.0,hombre,SIN VALORAR,solo,3.0,0.0,34.0,1.1,no,distrito 8,47.85578089945229,sí,15 844,no,06/10/2020,prestadora A
74.0,mujer,grado II,solo,1.0,0.0,12.0,6.9,no,distrito 6,60.26512514539112,sí,11 880,sí,20/02/2022,prestadora C
81.0,hombre,sin valorar,solo,2.0,0.0,51.0,8.6,no,distrito 2,121.02341399688295,sí,23 523,no,09/12/2022,prestadora A
95.0,mujer,grado II,con familia,1.0,0.0,58.0,6.9,sí,distrito 11,56.028913348597534,sí,7 920,no,23/12/2023,prestadora B
85.0,mujer,grado III,solo,2.0,4.0,33.0,6.6,no,distrito 6,235.34603620083985,sí,20 652,no,07/06/2017,prestadora B
92.0,hombre,  sin valorar ,con familia,4.0,0.0,20.0,2.9,no,distrito 1,63.669074640255324,sí,10 351,sí,03/01/2018,prestadora A
80.0,mujer,grado II,solo,8.0,0.0,49.0,2.0,no,distrito 11,705.1142991340038,sí,10 814,sí,14/10/2018,prestadora B
75.0,mujer,grado I,con familia,0.0,0.0,20.0,2.1,no,distrito 9,9.097141839238422,no,20 547,no,21/06/2016,prestadora B
70.0,hombre,grado II,solo,1.0,0.0,60.0,2.4,sí,distrito 9,74.08019219730492,sí,15 590,no,02/05/2021,prestadora C
70.0,mujer,grado II,solo,3.0,0.0,38.0,4.1,no,distrito 4,90.2679461385335,sí,12 679,sí,25/02/2018,prestadora A
92.0,hombre,sin valorar,con familia,1.0,1.0,13.0,3.6,no,distrito 3,54.92269195995935,no,18 992,sí,28/09/2020,prestadora B
77.0,mujer,grado I,solo,0.0,0.0,32.0,5.6,sí,distrito 11,66.32956857114549,no,20 745,no,27/05/2017,prestadora B
86.0,mujer,grado I,solo,2.0,2.0,87.0,2.6,sí,distrito 3,37.654012488524174,no,15 687,sí,29/05/2024,prestadora A
90.0,hombre,sin valorar,solo,0.0,4.0,28.0,2.3,no,distrito 1,30.26919231759879,sí,16 414,N/D,12/12/2018,prestadora B
72.0,mujer,grado I,solo,0.0,0.0,17.0,3.7,sí,distrito 8,46.90137092914684,sí,6 400,sí,24/03/2024,prestadora A
93.0,mujer,grado III,con pareja,0.0,0.0,34.0,3.8,no,distrito 10,48.53478747013522,no,28 385,sí,27/03/2020,prestadora C
66.0,mujer,  grado III ,solo,1.0,0.0,34.0,0.8,no,distrito 3,78.6938184039889,sí,18 058,no,19/06/2020,prestadora C
89.0,mujer,grado III,solo,5.0,1.0,28.0,5.6,sí,distrito 1,613.6341455546425,sí,23 651,sí,12/10/2016,prestadora B
78.0,mujer,GRADO II,con pareja,0.0,0.0,54.0,11.5,no,distrito 2,6.8289663298428325,sí,8 278,sí,31/12/2021,prestadora A
91.0,mujer,GRADO II,con familia,5.0,0.0,104.0,1.4,no,distrito 4,93.25039191922912,sí,11 097,no,19/03/2023,prestadora C
84.0,mujer,grado II,con familia,0.0,1.0,38.0,1.3,sí,distrito 9,11.140684709811799,no,14 238,sí,05/10/2016,prestadora C
91.0,mujer,grado II,solo,8.0,0.0,64.0,1.7,no,distrito 9,276.5926502525854,sí,10 163,no,22/09/2017,prestadora B
77.0,mujer,  grado II ,solo,5.0,0.0,92.0,4.1,no,distrito 9,174.57217585814303,sí,14 772,sí,26/11/2022,prestadora C
85.0,mujer,grado II,solo,1.0,1.0,45.0,4.7,no,distrito 8,117.80513253972508,no,22 082,N/D,21/04/2020,prestadora B
76.0,mujer,GRADO I,solo,2.0,3.0,33.0,3.5,no,distrito 6,55.847910694243055,sí,6 685,no,02/03/2020,prestadora A
73.0,hombre,grado III,con familia,1.0,1.0,69.0,3.2,no,distrito 11,98.7220438450499,no,18 423,no,10/10/2016,prestadora C
67.0,hombre,  grado I ,solo,0.0,1.0,139.0,2.9,no,distrito 5,26.23698201238263,no,17 219,N/D,07/02/2019,prestadora B
70.0,hombre,grado II,solo,3.0,2.0,63.0,2.5,sí,distrito 3,111.26468439522519,no,9 717,sí,26/04/2021,prestadora A
90.0,mujer,grado I,con familia,4.0,2.0,89.0,1.2,no,distrito 2,220.4162521311081,no,20 069,no,16/12/2017,prestadora C
85.0,mujer,grado III,con pareja,0.0,0.0,12.0,2.3,sí,distrito 1,10.131304744130079,no,10 964,sí,12/11/2021,prestadora C
74.0,hombre,sin valorar,con familia,1.0,0.0,101.0,7.0,sí,distrito 4,3.182958326490056,no,13 668,sí,17/08/2016,prestadora C
104.0,mujer,grado I,con familia,1.0,0.0,12.0,1.8,no,distrito 1,14.898539498648057,sí,30 804,sí,30/01/2019,prestadora A
75.0,hombre,  sin valorar ,con pareja,4.0,0.0,43.0,4.6,no,distrito 1,17.993848155038034,sí,20 435,no,01/12/2022,prestadora B
92.0,mujer,sin valorar,con pareja,0.0,0.0,37.0,5.8,no,distrito 2,4.07156264015736,no,11 909,sí,04/10/2023,prestadora B
79.0,mujer,grado I,solo,0.0,0.0,4.0,7.5,no,distrito 10,105.17975023172318,sí,9 602,no,11/11/2020,prestadora B
83.0,mujer,SIN VALORAR,solo,0.0,3.0,38.0,1.1,no,distrito 1,27.072592694235453,sí,14 182,sí,24/09/2021,prestadora B
90.0,mujer,GRADO III,solo,3.0,0.0,18.0,10.0,sí,distrito 10,527.508161245585,no,11 389,sí,11/03/2018,prestadora C
81.0,mujer,grado I,con familia,10.0,0.0,34.0,3.4,no,distrito 11,118.48700174461025,sí,13 369,no,31/07/2024,prestadora A
70.0,mujer,grado III,con pareja,1.0,0.0,59.0,7.5,no,distrito 2,26.069275116255533,no,7 477,no,28/11/2019,prestadora B
78.0,mujer,grado II,con familia,2.0,4.0,14.0,6.6,sí,distrito 8,30.879625147779077,sí,13 130,no,18/08/2017,prestadora A
90.0,mujer,sin valorar,con pareja,2.0,0.0,19.0,2.9,no,distrito 2,40.73821518127191,sí,18 314,no,20/08/2024,prestadora A
84.0,hombre,grado III,con pareja,5.0,4.0,42.0,1.0,no,distrito 11,89.72876694102423,sí,16 147,no,13/09/2019,prestadora A
93.0,mujer,GRADO I,solo,7.0,0.0,14.0,7.6,no,distrito 11,383.1700692848369,no,14 718,sí,23/10/2018,prestadora C
70.0,mujer,  grado I ,con pareja,1.0,0.0,14.0,4.8,no,distrito 4,64.81809734480153,sí,13 230,sí,07/03/2022,prestadora C
87.0,hombre,grado I,solo,0.0,0.0,18.0,0.9,no,distrito 8,9.266908814006129,sí,7 564,sí,23/05/2018,prestadora C
91.0,mujer,grado II,con pareja,0.0,0.0,92.0,6.0,no,distrito 3,29.827241033196568,no,20 557,sí,09/11/2021,prestadora C
84.0,mujer,sin valorar,con familia,4.0,0.0,57.0,1.3,no,distrito 2,37.949260099445105,no,16 870,sí,25/04/2020,prestadora C
82.0,mujer,grado I,solo,2.0,0.0,101.0,4.9,sí,distrito 2,11.458011378248209,no,11 246,sí,25/08/2016,prestadora B
94.0,mujer,GRADO I,con pareja,1.0,1.0,2.0,2.9,no,distrito 10,67.98908180110814,sí,11 053,no,05/04/2023,prestadora A
72.0,hombre,sin valorar,con familia,1.0,1.0,23.0,6.3,no,distrito 10,11.10791097868275,sí,17 777,sí,01/12/2017,prestadora C
80.0,mujer,grado III,con pareja,0.0,0.0,34.0,2.6,no,distrito 5,37.90467473050618,sí,12 131,sí,03/01/2020,prestadora A
84.0,mujer,sin valorar,con familia,0.0,1.0,24.0,4.2,no,distrito 3,12.032499080621896,no,22 798,no,30/03/2016,prestadora C
79.0,mujer,grado I,solo,2.0,3.0,23.0,3.7,no,distrito 8,119.36079775987494,no,15 789,no,07/09/2020,prestadora A
81.0,hombre,  grado I ,solo,2.0,1.0,19.0,8.9,no,distrito 4,68.6902177932045,sí,16 923,sí,03/04/2023,prestadora C
92.0,mujer,grado II,con pareja,4.0,3.0,27.0,5.0,no,distrito 1,398.0041441481976,no,20 621,no,19/08/2020,prestadora A
86.0,hombre,grado II,solo,4.0,0.0,27.0,4.1,no,distrito 4,446.0122918012465,sí,9 508,no,13/04/2023,prestadora C
87.0,mujer,grado III,solo,1.0,0.0,22.0,5.5,no,distrito 4,457.4608461818553,sí,17 914,no,01/11/2020,prestadora B
79.0,hombre,grado II,con pareja,2.0,0.0,116.0,0.7,sí,distrito 2,18.26626220369463,sí,12 792,sí,07/12/2016,prestadora C
89.0,hombre,  sin valorar ,con familia,0.0,1.0,42.0,6.0,sí,distrito 9,6.790844846641842,sí,15 087,sí,14/01/2020,prestadora B
83.0,mujer,grado III,solo,1.0,3.0,29.0,0.8,no,distrito 7,133.12260752151417,sí,26 131,sí,24/01/2019,prestadora B
79.0,mujer,  grado II ,solo,8.0,4.0,38.0,1.8,sí,distrito 11,580.7072005707847,no,30 472,no,06/02/2024,prestadora C
79.0,hombre,  grado III ,solo,2.0,0.0,17.0,1.6,sí,distrito 3,242.4084832775791,sí,13 957,no,23/07/2024,prestadora A
86.0,mujer,  sin valorar ,con pareja,2.0,0.0,52.0,4.0,no,distrito 5,41.459605709845334,sí,24 887,no,12/08/2024,prestadora C
71.0,mujer,  grado II ,solo,1.0,0.0,32.0,2.7,sí,distrito 10,34.45082982560876,sí,20 729,no,15/05/2017,prestadora C
77.0,mujer,grado II,con pareja,2.0,1.0,49.0,1.0,no,distrito 8,258.0992746872787,no,45 638,no,30/11/2020,prestadora C
76.0,mujer,grado II,solo,3.0,0.0,28.0,1.1,no,distrito 9,54.18993343976429,sí,13 822,sí,28/09/2024,prestadora B
83.0,hombre,grado I,solo,4.0,4.0,25.0,2.2,no,distrito 3,144.95095277730954,sí,22 595,sí,21/05/2020,prestadora A
78.0,mujer,grado II,con pareja,5.0,0.0,4.0,3.6,no,distrito 4,186.48949791817066,sí,13 554,no,06/10/2020,prestadora B
89.0,mujer,sin valorar,con pareja,2.0,0.0,89.0,1.7,sí,distrito 7,29.30860034352701,no,16 253,no,30/09/2017,prestadora C
73.0,mujer,sin valorar,solo,0.0,0.0,19.0,0.9,no,distrito 3,18.66037819876812,sí,13 343,no,14/07/2019,prestadora A
88.0,mujer,GRADO II,solo,0.0,0.0,34.0,1.0,no,distrito 8,46.2311896208413,no,20 470,sí,30/01/2019,prestadora C
78.0,mujer,grado II,solo,2.0,0.0,119.0,4.8,no,distrito 8,231.0530043377582,sí,11 177,no,24/02/2020,prestadora C
79.0,mujer,grado I,solo,0.0,0.0,30.0,5.1,no,distrito 2,28.755682706622324,no,9 848,sí,17/11/2017,prestadora B
83.0,mujer,sin valorar,con familia,0.0,0.0,15.0,2.0,no,distrito 8,5.814906009126636,sí,9 981,no,15/09/2016,prestadora B
92.0,mujer,grado II,con familia,1.0,0.0,43.0,2.2,no,distrito 8,50.30884625996913,sí,22 680,no,06/01/2017,prestadora B
82.0,hombre,GRADO III,solo,1.0,0.0,60.0,0.9,no,distrito 1,73.75676043596029,sí,7 234,sí,06/09/2019,prestadora A
78.0,mujer,sin valorar,solo,8.0,0.0,22.0,2.6,sí,distrito 8,234.01755728731558,no,5 472,no,16/05/2024,prestadora C
97.0,mujer,grado II,solo,1.0,1.0,20.0,5.8,no,distrito 8,144.2831188541397,no,8 591,sí,06/05/2018,prestadora C
78.0,mujer,grado I,con pareja,1.0,0.0,12.0,4.2,no,distrito 1,17.087844792370127,no,23 925,no,22/09/2019,prestadora A
78.0,mujer,grado III,con pareja,3.0,1.0,34.0,1.3,no,distrito 6,43.374094111832406,no,3 775,sí,13/03/2018,prestadora C
79.0,mujer,sin valorar,con familia,1.0,0.0,92.0,2.5,sí,distrito 3,4.431406761312101,no,25 701,sí,15/12/2020,prestadora C
100.0,mujer,GRADO II,con pareja,2.0,0.0,59.0,4.0,no,distrito 6,13.483285408504672,sí,18 525,no,23/02/2020,prestadora C
91.0,hombre,sin valorar,con pareja,7.0,3.0,8.0,5.1,sí,distrito 5,177.50827175878527,sí,15 391,sí,05/04/2022,prestadora A
87.0,hombre,sin valorar,con pareja,6.0,1.0,71.0,3.8,no,distrito 4,73.48061162924414,sí,17 210,sí,21/06/2017,prestadora B
89.0,mujer,grado I,con pareja,0.0,1.0,96.0,3.7,no,distrito 7,19.15260606387885,sí,11 604,no,06/06/2022,prestadora A
83.0,mujer,grado III,con pareja,3.0,0.0,13.0,2.6,no,distrito 4,149.26863930159018,sí,15 218,no,07/03/2021,prestadora C
104.0,hombre,grado I,con pareja,4.0,0.0,11.0,8.4,no,distrito 2,62.86003426195863,sí,8 569,sí,18/07/2021,prestadora C
72.0,mujer,grado I,solo,2.0,2.0,6.0,15.4,no,distrito 11,78.33208579409064,no,9 299,sí,26/10/2021,prestadora B
91.0,mujer,  grado I ,con pareja,1.0,1.0,6.0,5.2,sí,distrito 9,68.14985387687877,sí,15 085,sí,09/04/2020,prestadora A
81.0,mujer,  sin valorar ,solo,0.0,0.0,31.0,4.0,sí,distrito 8,8.72331061720855,no,9 510,sí,21/06/2019,prestadora A
92.0,hombre,sin valorar,solo,2.0,0.0,25.0,2.9,sí,distrito 10,96.34839294239552,no,31 996,no,21/07/2022,prestadora C
73.0,hombre,sin valorar,solo,4.0,9.0,40.0,5.1,sí,distrito 9,301.06371162774553,no,16 905,sí,09/10/2016,prestadora B
102.0,mujer,grado I,con familia,11.0,0.0,39.0,4.1,no,distrito 5,36.928231067712446,sí,5 880,sí,03/10/2024,prestadora B
93.0,mujer,grado II,solo,3.0,2.0,18.0,1.8,no,distrito 7,120.75626157497143,sí,10 818,no,13/08/2017,prestadora A
95.0,mujer,grado II,solo,0.0,1.0,12.0,7.4,sí,distrito 7,86.75628674326197,no,18 558,no,29/09/2020,prestadora B
93.0,hombre,grado II,con pareja,0.0,0.0,60.0,3.5,no,distrito 9,11.497698135124688,no,11 412,no,19/12/2020,prestadora A
85.0,mujer,grado I,con pareja,0.0,0.0,37.0,1.9,no,distrito 2,23.27463696020373,sí,11 115,sí,18/03/2020,prestadora A
74.0,mujer,sin valorar,solo,1.0,0.0,70.0,2.2,no,distrito 7,40.74843117731215,sí,17 237,no,05/05/2022,prestadora C
91.0,hombre,  grado II ,solo,5.0,1.0,113.0,1.6,sí,distrito 7,304.29958618659873,sí,19 425,no,24/08/2020,prestadora B
76.0,mujer,sin valorar,solo,1.0,1.0,8.0,1.8,no,distrito 1,12.814237257526859,no,5 651,sí,24/07/2017,prestadora A
77.0,mujer,grado II,solo,1.0,1.0,1.0,0.6,no,distrito 3,47.43765548414385,no,10 270,no,22/11/2022,prestadora B
90.0,mujer,sin valorar,con pareja,3.0,1.0,79.0,0.8,no,distrito 5,52.49225053779514,no,17 208,sí,11/08/2018,prestadora A
73.0,mujer,grado I,con familia,1.0,2.0,40.0,1.7,no,distrito 10,24.684082473529376,sí,11 966,no,16/05/2022,prestadora A
91.0,mujer,sin valorar,solo,4.0,0.0,74.0,6.0,no,distrito 9,96.79955774633102,no,6 330,sí,27/02/2018,prestadora A
84.0,mujer,  sin valorar ,con familia,2.0,5.0,65.0,1.6,no,distrito 5,43.04697257362333,no,16 509,sí,17/02/2023,prestadora B
75.0,mujer,sin valorar,con pareja,6.0,4.0,18.0,0.8,no,distrito 11,128.23122597132894,sí,23 468,no,10/07/2019,prestadora B
88.0,hombre,sin valorar,solo,0.0,1.0,24.0,11.4,no,distrito 9,70.57907757024878,sí,20 190,no,14/02/2022,prestadora C
83.0,mujer,grado II,solo,2.0,0.0,50.0,2.7,no,distrito 2,48.16790579762805,sí,14 328,sí,08/05/2019,prestadora C
70.0,hombre,sin valorar,solo,2.0,1.0,11.0,12.5,no,distrito 4,116.32892273914605,no,10 340,sí,01/11/2021,prestadora C
82.0,mujer,grado I,con familia,0.0,2.0,39.0,13.5,no,distrito 3,37.50217304770753,sí,12 768,no,07/03/2016,prestadora C
83.0,hombre,  grado III ,solo,7.0,2.0,74.0,4.1,no,distrito 1,542.6249193936615,no,22 696,sí,03/11/2018,prestadora C
81.0,mujer,  grado I ,solo,0.0,0.0,8.0,12.6,no,distrito 8,6.787074732025368,no,35 512,no,10/01/2023,prestadora B
99.0,hombre,sin valorar,con familia,1.0,1.0,32.0,5.2,no,distrito 7,14.189397117554241,no,10 771,sí,16/06/2023,prestadora C
86.0,mujer,sin valorar,solo,0.0,0.0,19.0,4.6,no,distrito 2,5.991148989049444,sí,10 245,sí,06/04/2019,prestadora C
82.0,mujer,grado II,solo,0.0,0.0,26.0,6.7,sí,distrito 3,34.78444169504175,no,13 233,sí,01/11/2019,prestadora B
91.0,mujer,GRADO I,con familia,0.0,1.0,76.0,7.9,no,distrito 11,17.718526627985174,sí,12 345,sí,21/06/2016,prestadora B
94.0,mujer,sin valorar,con pareja,3.0,0.0,12.0,2.2,sí,distrito 10,24.84655479805584,sí,12 495,N/D,23/08/2018,prestadora A
91.0,mujer,grado I,con familia,1.0,4.0,15.0,6.5,sí,distrito 5,37.756998767529176,sí,17 589,sí,26/04/2017,prestadora A
66.0,mujer,grado II,con pareja,0.0,1.0,40.0,0.9,no,distrito 7,21.607343007194515,no,6 577,sí,09/03/2023,prestadora B
95.0,mujer,  grado III ,solo,0.0,2.0,50.0,2.5,sí,distrito 3,42.014881057916675,no,11 730,no,15/11/2016,prestadora B
96.0,hombre,  sin valorar ,con pareja,2.0,0.0,79.0,4.7,sí,distrito 9,80.72595015664001,sí,9 199,no,03/04/2020,prestadora B
78.0,hombre,grado I,con pareja,0.0,0.0,46.0,1.5,sí,distrito 7,9.753276957224937,sí,10 708,no,02/08/2018,prestadora B
89.0,mujer,grado I,con pareja,0.0,3.0,39.0,5.4,no,distrito 4,12.737273484695272,no,13 929,sí,19/08/2017,prestadora A
72.0,hombre,grado I,con familia,2.0,0.0,11.0,1.1,no,distrito 1,34.35959307392412,sí,12 420,sí,12/10/2016,prestadora C
74.0,mujer,GRADO II,solo,4.0,3.0,65.0,3.2,no,distrito 11,257.31456116496,sí,10 769,sí,03/12/2022,prestadora C
73.0,mujer,grado I,solo,4.0,0.0,63.0,2.3,no,distrito 8,66.09815906392592,sí,19 428,no,30/07/2024,prestadora B
87.0,hombre,grado I,con familia,0.0,0.0,26.0,2.0,no,distrito 7,6.131899259093852,sí,10 766,no,07/09/2016,prestadora A
87.0,mujer,GRADO III,con familia,1.0,2.0,74.0,0.5,sí,distrito 5,51.05887718523428,sí,13 338,no,27/07/2021,prestadora C
72.0,hombre,grado I,solo,1.0,0.0,21.0,2.2,sí,distrito 10,16.807664278202076,sí,15 218,sí,12/05/2021,prestadora C
69.0,mujer,GRADO I,solo,1.0,0.0,34.0,6.5,no,distrito 7,13.80724034533016,sí,27 249,sí,02/10/2019,prestadora B
71.0,hombre,grado II,con familia,1.0,0.0,6.0,3.3,sí,distrito 11,37.331977761811785,sí,14 595,no,09/09/2023,prestadora B
65.0,mujer,SIN VALORAR,solo,5.0,1.0,25.0,6.2,no,distrito 6,240.77019053761492,sí,8 899,sí,28/03/2024,prestadora A
82.0,mujer,sin valorar,solo,2.0,6.0,42.0,4.5,no,distrito 5,18.760887576102764,no,19 895,sí,21/08/2022,prestadora A
100.0,mujer,grado II,solo,0.0,0.0,52.0,1.3,no,distrito 5,74.98546050850634,sí,17 428,sí,04/03/2020,prestadora B
78.0,mujer,grado II,solo,0.0,0.0,23.0,6.1,sí,distrito 1,56.87455259588194,no,7 058,sí,04/02/2024,prestadora C
87.0,hombre,GRADO II,solo,1.0,1.0,47.0,7.1,no,distrito 5,54.919922229340266,sí,16 980,N/D,10/11/2020,prestadora C
77.0,mujer,sin valorar,solo,4.0,0.0,38.0,1.3,no,distrito 5,129.07944161080036,no,16 535,sí,20/02/2017,prestadora A
74.0,mujer,grado II,solo,4.0,0.0,50.0,1.3,sí,distrito 1,228.51639277612867,no,9 272,no,20/02/2023,prestadora B
65.0,mujer,sin valorar,solo,2.0,2.0,122.0,3.0,sí,distrito 7,29.85357076487904,sí,25 921,no,10/12/2017,prestadora C
93.0,mujer,grado I,con pareja,1.0,0.0,30.0,5.8,no,distrito 9,8.652248373666984,sí,12 917,sí,18/07/2021,prestadora B
79.0,hombre,  grado II ,con familia,0.0,0.0,30.0,4.8,sí,distrito 2,20.684043895240837,no,27 232,no,31/12/2021,prestadora C
76.0,mujer,grado III,con familia,7.0,0.0,23.0,10.5,no,distrito 6,221.42388612897082,sí,9 799,no,09/07/2023,prestadora B
81.0,mujer,sin valorar,solo,0.0,0.0,25.0,6.0,no,distrito 6,10.488297155594243,sí,9 274,sí,16/02/2024,prestadora B
94.0,hombre,sin valorar,con pareja,0.0,0.0,32.0,4.6,sí,distrito 5,3.8716448680298585,sí,27 667,no,10/08/2016,prestadora C
86.0,hombre,  grado II ,con familia,4.0,1.0,16.0,6.1,sí,distrito 8,123.60049659661188,no,15 724,no,30/04/2019,prestadora A
80.0,hombre,grado III,solo,1.0,1.0,50.0,13.9,no,distrito 7,370.64986416682206,sí,9 910,sí,29/08/2016,prestadora C
69.0,mujer,grado II,con familia,7.0,0.0,21.0,6.0,no,distrito 4,37.4589812287587,sí,13 628,sí,23/06/2020,prestadora B
86.0,mujer,grado III,solo,1.0,2.0,46.0,10.2,no,distrito 5,67.73802637026988,no,16 985,sí,07/03/2019,prestadora C
96.0,mujer,grado II,con familia,0.0,0.0,14.0,5.1,no,distrito 3,34.61726385755582,sí,17 259,no,12/06/2018,prestadora A
81.0,mujer,  grado III ,con familia,7.0,0.0,102.0,4.6,no,distrito 9,154.2151538645166,sí,13 799,N/D,26/06/2024,prestadora A
85.0,hombre,grado II,solo,4.0,0.0,36.0,5.9,no,distrito 10,583.0840986734528,sí,16 413,no,06/01/2022,prestadora A
86.0,mujer,grado I,con familia,0.0,1.0,38.0,2.3,sí,distrito 2,27.88791423267068,no,8 221,sí,10/11/2022,prestadora C
83.0,hombre,grado I,con familia,5.0,1.0,17.0,0.4,no,distrito 3,325.7166254948927,sí,18 020,no,12/11/2023,prestadora B
79.0,hombre,grado I,solo,1.0,1.0,21.0,0.7,no,distrito 11,36.65934962142636,no,15 995,no,21/02/2023,prestadora C
71.0,mujer,grado III,solo,1.0,0.0,35.0,3.8,sí,distrito 11,83.3222997911827,no,9 757,no,14/03/2022,prestadora A
90.0,hombre,grado II,con pareja,0.0,0.0,8.0,2.5,no,distrito 5,29.90421202116662,no,17 428,no,30/05/2023,prestadora A
80.0,hombre,GRADO I,con pareja,5.0,0.0,40.0,8.2,sí,distrito 10,103.19718177873528,sí,19 552,sí,12/05/2022,prestadora B
84.0,hombre,grado III,solo,1.0,0.0,27.0,2.1,sí,distrito 7,72.23778947729367,sí,9 987,no,11/01/2022,prestadora A
79.0,mujer,grado I,con familia,2.0,0.0,31.0,2.9,sí,distrito 3,32.68813179180556,sí,7 989,sí,02/09/2019,prestadora B
87.0,mujer,grado II,con pareja,8.0,4.0,19.0,12.3,no,distrito 2,158.15975224813386,no,16 803,no,21/05/2023,prestadora B
73.0,hombre,grado II,con pareja,0.0,3.0,58.0,3.0,no,distrito 6,16.168646493303854,sí,26 418,sí,10/11/2022,prestadora B
86.0,mujer,grado I,con familia,2.0,0.0,34.0,5.1,sí,distrito 4,28.505558805554678,sí,8 282,N/D,21/04/2024,prestadora C
87.0,mujer,GRADO I,con familia,0.0,0.0,9.0,3.1,no,distrito 3,17.48783643377973,sí,29 396,no,29/02/2020,prestadora A
71.0,mujer,grado I,solo,0.0,2.0,38.0,3.4,no,distrito 7,11.67792831727505,sí,10 274,sí,06/03/2017,prestadora A
73.0,mujer,grado II,solo,4.0,0.0,128.0,1.3,no,distrito 4,153.62306951964308,no,24 055,sí,31/01/2021,prestadora A
90.0,hombre,sin valorar,solo,2.0,0.0,18.0,3.5,sí,distrito 8,35.02790503493738,sí,8 589,sí,21/03/2020,prestadora B
71.0,mujer,grado III,con familia,10.0,2.0,44.0,3.1,no,distrito 4,454.70468821832793,no,9 539,no,05/01/2016,prestadora B
95.0,mujer,sin valorar,solo,0.0,2.0,15.0,3.8,sí,distrito 8,19.151487458514705,sí,15 340,sí,24/12/2019,prestadora C
81.0,mujer,grado III,solo,3.0,0.0,54.0,10.1,no,distrito 3,68.71407846294873,sí,10 985,sí,29/07/2016,prestadora A
79.0,hombre,grado II,con pareja,0.0,1.0,160.0,4.2,no,distrito 7,23.13345226958804,sí,31 359,no,16/03/2017,prestadora C
77.0,mujer,grado I,con pareja,4.0,3.0,43.0,2.2,sí,distrito 2,28.481339153022507,no,13 367,sí,22/08/2023,prestadora B
80.0,mujer,GRADO II,con familia,2.0,1.0,103.0,3.0,sí,distrito 7,100.75221202656603,no,7 703,no,19/04/2021,prestadora B
85.0,mujer,grado III,solo,1.0,3.0,88.0,6.8,no,distrito 3,169.6901431113293,sí,15 666,no,07/12/2018,prestadora C
85.0,mujer,sin valorar,solo,0.0,0.0,29.0,3.3,sí,distrito 6,12.97667344473387,no,13 822,sí,08/06/2016,prestadora A
78.0,mujer,grado II,solo,5.0,1.0,58.0,12.0,sí,distrito 2,152.57962362859774,sí,9 859,no,19/09/2022,prestadora A
83.0,mujer,  grado I ,solo,1.0,0.0,37.0,1.6,no,distrito 3,95.32143811663867,sí,11 221,sí,30/12/2021,prestadora A
97.0,mujer,grado II,con pareja,0.0,1.0,53.0,0.3,no,distrito 9,13.913608199294409,sí,20 255,sí,10/02/2023,prestadora B
86.0,mujer,GRADO II,con pareja,3.0,0.0,14.0,6.3,sí,distrito 6,40.15546174337249,no,9 111,no,14/06/2019,prestadora B
78.0,hombre,grado I,solo,0.0,0.0,11.0,4.7,no,distrito 5,38.766421522510605,sí,25 545,no,26/05/2017,prestadora C
80.0,hombre,sin valorar,con familia,0.0,1.0,108.0,2.9,no,distrito 4,2.874312559579731,sí,18 046,no,07/04/2019,prestadora C
75.0,mujer,sin valorar,con pareja,2.0,2.0,29.0,3.7,no,distrito 7,28.603424624548637,no,9 822,no,28/12/2023,prestadora C
91.0,hombre,  grado III ,solo,2.0,0.0,5.0,2.3,no,distrito 6,59.80877216249901,no,14 806,no,19/06/2024,prestadora B
80.0,hombre,sin valorar,solo,1.0,0.0,25.0,3.0,no,distrito 3,26.57280599458982,sí,9 528,sí,30/05/2017,prestadora A
77.0,mujer,grado II,con familia,4.0,0.0,28.0,0.7,no,distrito 2,144.93663915434135,sí,12 852,no,04/06/2022,prestadora C
81.0,mujer,grado I,solo,1.0,0.0,34.0,2.0,no,distrito 4,264.68519345472373,sí,29 104,no,16/06/2017,prestadora B
94.0,mujer,grado I,solo,3.0,1.0,143.0,6.6,no,distrito 4,204.53906759126718,no,7 368,sí,18/05/2016,prestadora A
92.0,mujer,grado II,solo,3.0,0.0,8.0,0.4,no,distrito 4,640.9283208103776,sí,11 235,no,27/10/2019,prestadora B
83.0,hombre,grado I,con familia,0.0,0.0,23.0,1.7,sí,distrito 1,18.58296620432947,sí,10 076,no,18/08/2018,prestadora A
83.0,mujer,grado I,solo,1.0,1.0,43.0,7.1,no,distrito 2,65.27309359794843,sí,13 361,no,20/03/2024,prestadora B
82.0,hombre,  grado I ,solo,4.0,1.0,9.0,7.5,no,distrito 5,114.10446361083945,no,28 981,N/D,28/09/2016,prestadora C
65.0,mujer,grado I,con familia,0.0,2.0,27.0,11.0,no,distrito 5,14.188801595426058,sí,19 720,sí,19/09/2017,prestadora C
68.0,hombre,grado I,con familia,1.0,0.0,96.0,3.7,no,distrito 11,7.70887029522565,sí,11 084,sí,23/09/2019,prestadora C
81.0,mujer,sin valorar,solo,2.0,0.0,30.0,4.8,no,distrito 10,191.92612279101465,no,16 111,sí,06/12/2016,prestadora C
79.0,hombre,grado II,con pareja,5.0,3.0,1.0,8.9,no,distrito 1,564.8834323308497,no,16 910,sí,27/07/2019,prestadora B
87.0,hombre,grado I,con pareja,6.0,0.0,32.0,0.2,no,distrito 5,56.24158429213259,sí,10 113,no,09/07/2022,prestadora C
82.0,mujer,grado II,con familia,4.0,0.0,26.0,0.9,sí,distrito 7,75.46074979444822,sí,21 847,no,22/10/2018,prestadora A
80.0,mujer,grado II,con familia,3.0,1.0,13.0,5.9,no,distrito 1,75.62564718759202,sí,27 222,no,31/07/2023,prestadora A
88.0,hombre,grado III,con pareja,4.0,0.0,31.0,7.2,no,distrito 11,293.5172202749671,sí,7 763,no,16/08/2022,prestadora B
78.0,mujer,sin valorar,solo,2.0,0.0,41.0,4.4,no,distrito 8,26.065661763783535,no,8 925,sí,22/08/2019,prestadora A
73.0,mujer,  grado II ,con pareja,1.0,0.0,24.0,5.2,sí,distrito 10,42.01307158708714,no,12 175,no,04/09/2020,prestadora B
69.0,mujer,grado I,solo,5.0,0.0,21.0,1.6,no,distrito 8,119.59357349475214,no,14 729,no,26/10/2019,prestadora C
75.0,mujer,grado I,solo,0.0,0.0,22.0,2.3,no,distrito 4,16.66647927625164,sí,13 782,no,27/08/2017,prestadora A
75.0,mujer,grado I,solo,5.0,0.0,54.0,1.5,no,distrito 10,160.38673372102855,sí,18 387,sí,11/10/2017,prestadora A
83.0,mujer,sin valorar,solo,3.0,0.0,30.0,5.3,no,distrito 2,56.16396114613314,sí,15 499,sí,02/08/2017,prestadora B
72.0,mujer,grado III,con pareja,2.0,0.0,30.0,2.3,no,distrito 5,140.25483738484158,no,15 431,no,01/05/2020,prestadora A
69.0,mujer,grado II,solo,12.0,0.0,37.0,3.3,no,distrito 7,2677.199191104178,sí,27 782,sí,04/10/2020,prestadora A
79.0,hombre,grado II,con pareja,2.0,3.0,10.0,8.5,no,distrito 2,48.33031093182898,no,7 508,sí,07/01/2021,prestadora C
76.0,mujer,grado I,con pareja,9.0,0.0,38.0,0.2,no,distrito 6,219.88279770350064,no,13 936,sí,02/11/2020,prestadora B
91.0,hombre,sin valorar,solo,2.0,0.0,44.0,2.2,no,distrito 4,27.655075979935376,sí,16 243,sí,06/02/2017,prestadora B
87.0,mujer,grado I,solo,4.0,0.0,105.0,3.7,no,distrito 11,436.40423585373384,sí,11 096,no,20/04/2020,prestadora A
75.0,mujer,grado II,solo,2.0,0.0,52.0,2.9,sí,distrito 2,70.1079091519959,sí,15 300,no,06/07/2022,prestadora B
82.0,mujer,grado I,con pareja,0.0,4.0,20.0,11.5,no,distrito 3,30.404727614300132,sí,24 004,sí,05/06/2018,prestadora C
90.0,mujer,grado I,solo,2.0,1.0,8.0,3.8,no,distrito 9,41.87773330925787,sí,20 458,no,13/04/2017,prestadora C
87.0,hombre,GRADO II,solo,1.0,8.0,21.0,7.0,no,distrito 7,66.6338511275522,sí,19 610,sí,12/07/2017,prestadora A
72.0,hombre,grado II,solo,0.0,1.0,7.0,10.7,no,distrito 11,18.06159483670021,no,16 743,no,28/11/2017,prestadora B
91.0,mujer,  grado I ,solo,8.0,0.0,60.0,11.3,no,distrito 4,1593.1765898022331,sí,5 689,no,08/11/2023,prestadora A
77.0,mujer,grado II,con familia,11.0,0.0,40.0,2.3,no,distrito 10,294.82725034735535,sí,11 003,sí,05/07/2018,prestadora A
74.0,mujer,grado II,solo,2.0,0.0,4.0,6.8,no,distrito 9,280.55083152273966,sí,33 327,sí,20/12/2022,prestadora C
83.0,hombre,sin valorar,solo,5.0,0.0,53.0,1.3,no,distrito 5,93.77253580116633,sí,7 860,no,11/10/2023,prestadora A
81.0,hombre,  grado I ,solo,1.0,1.0,34.0,0.5,no,distrito 6,39.15272634324084,no,17 038,no,14/02/2021,prestadora C
86.0,hombre,grado II,solo,8.0,3.0,21.0,6.4,sí,distrito 6,1005.7781367609508,no,12 230,no,27/08/2016,prestadora B
91.0,hombre,grado I,con pareja,2.0,0.0,11.0,3.4,no,distrito 2,136.62277749592513,sí,20 683,sí,30/06/2024,prestadora C
93.0,mujer,grado I,solo,1.0,0.0,82.0,3.1,no,distrito 9,159.45233468719027,sí,7 723,sí,25/01/2017,prestadora C
74.0,hombre,sin valorar,con familia,3.0,0.0,6.0,5.2,no,distrito 6,18.293745136471127,no,15 081,no,07/07/2020,prestadora C
74.0,hombre,grado III,con pareja,4.0,0.0,124.0,10.4,no,distrito 11,84.70649322609167,sí,13 033,sí,03/09/2016,prestadora B
81.0,mujer,grado I,con familia,1.0,0.0,27.0,2.5,no,distrito 3,28.238096273559556,sí,14 385,sí,07/10/2021,prestadora A
95.0,hombre,grado I,con pareja,1.0,0.0,43.0,1.3,sí,distrito 11,12.694592760191547,sí,10 232,sí,24/12/2019,prestadora A
88.0,hombre,sin valorar,solo,10.0,0.0,14.0,5.7,no,distrito 10,267.94461804935827,sí,13 393,sí,31/07/2021,prestadora A
83.0,mujer,grado III,con pareja,3.0,0.0,76.0,4.9,no,distrito 5,513.4248426003493,sí,13 843,sí,23/01/2021,prestadora B
87.0,mujer,sin valorar,solo,1.0,3.0,33.0,1.7,sí,distrito 5,15.616695630469536,no,12 226,N/D,15/03/2017,prestadora A
77.0,mujer,sin valorar,solo,0.0,0.0,15.0,2.7,no,distrito 1,13.209568944182683,no,19 693,sí,15/12/2021,prestadora C
73.0,mujer,sin valorar,con pareja,2.0,0.0,29.0,8.5,no,distrito 7,69.11826433548873,sí,9 937,sí,01/10/2016,prestadora A
75.0,mujer,grado III,solo,0.0,0.0,40.0,3.4,no,distrito 7,34.41264712766757,sí,8 939,sí,17/01/2017,prestadora C
85.0,hombre,grado II,solo,5.0,2.0,5.0,0.4,sí,distrito 1,296.8450651987584,no,13 695,sí,27/07/2018,prestadora A
76.0,mujer,grado I,solo,22.0,2.0,67.0,2.8,no,distrito 11,1841.7029670524423,no,12 881,sí,15/12/2023,prestadora C
92.0,hombre,grado I,con pareja,5.0,0.0,48.0,5.4,sí,distrito 8,75.2444132174255,no,11 570,no,21/07/2016,prestadora C
97.0,hombre,  grado I ,con pareja,0.0,0.0,57.0,5.0,no,distrito 6,3.6999506498187733,sí,11 121,no,18/12/2020,prestadora A
79.0,hombre,grado III,solo,1.0,0.0,13.0,7.2,no,distrito 3,178.2294903531781,sí,9 016,sí,21/03/2020,prestadora B
83.0,mujer,grado I,solo,0.0,0.0,25.0,2.0,sí,distrito 11,16.17523546004907,sí,13 398,no,11/06/2024,prestadora A
70.0,mujer,sin valorar,solo,0.0,1.0,71.0,0.2,no,distrito 7,89.40309725963878,sí,14 608,sí,11/02/2023,prestadora C
81.0,mujer,grado I,solo,5.0,0.0,15.0,4.9,no,distrito 9,83.6017803962965,sí,17 646,no,18/04/2020,prestadora C
89.0,hombre,grado I,con pareja,8.0,0.0,31.0,9.4,sí,distrito 5,128.68551473181847,no,25 057,sí,19/08/2017,prestadora B
80.0,hombre,sin valorar,con pareja,0.0,1.0,73.0,1.9,no,distrito 1,15.9109264700601,no,23 473,sí,30/05/2020,prestadora A
89.0,mujer,  grado III ,solo,0.0,0.0,37.0,2.2,no,distrito 11,41.47999359506918,sí,24 382,sí,17/04/2019,prestadora A
71.0,hombre,grado I,con pareja,4.0,0.0,13.0,3.4,no,distrito 8,47.68224418541082,sí,9 031,sí,01/07/2023,prestadora A
86.0,mujer,GRADO I,solo,1.0,0.0,99.0,5.3,no,distrito 5,49.10571945898701,sí,8 910,sí,27/05/2016,prestadora B
82.0,mujer,SIN VALORAR,solo,1.0,0.0,56.0,2.5,sí,distrito 8,75.57865324185047,sí,10 669,sí,04/02/2024,prestadora A
83.0,hombre,grado III,con pareja,4.0,0.0,40.0,2.0,no,distrito 9,100.50258863064735,sí,26 894,no,29/04/2021,prestadora B
83.0,mujer,grado III,solo,1.0,1.0,160.0,0.7,no,distrito 6,34.881691138844474,sí,14 595,sí,27/10/2019,prestadora A
71.0,mujer,grado III,con pareja,3.0,0.0,8.0,1.1,no,distrito 4,66.6177303362651,no,9 359,no,31/12/2017,prestadora A
79.0,mujer,GRADO II,con pareja,2.0,0.0,11.0,1.8,sí,distrito 3,6.345409428779044,sí,26 694,no,03/06/2024,prestadora B
85.0,mujer,grado III,solo,1.0,0.0,50.0,2.0,no,distrito 8,180.6826652824048,sí,26 165,sí,10/02/2017,prestadora A
89.0,mujer,grado I,solo,0.0,0.0,76.0,11.9,no,distrito 7,5.426095105314,no,18 004,no,23/03/2022,prestadora C
76.0,mujer,grado III,con pareja,0.0,2.0,3.0,5.3,no,distrito 11,79.05098950863436,no,14 205,no,19/11/2018,prestadora C
96.0,hombre,  grado III ,con familia,2.0,0.0,41.0,2.8,sí,distrito 7,209.50730903431523,sí,11 845,no,02/08/2017,prestadora A
82.0,mujer,sin valorar,solo,0.0,0.0,49.0,5.4,no,distrito 11,15.380059461999418,no,17 087,no,08/10/2016,prestadora A
96.0,mujer,grado I,solo,1.0,0.0,87.0,4.3,no,distrito 11,140.60942791879899,no,15 636,no,29/03/2019,prestadora B
85.0,mujer,grado III,con familia,6.0,1.0,53.0,2.9,no,distrito 9,218.83904426579514,sí,22 410,no,09/06/2020,prestadora B
96.0,mujer,grado I,solo,0.0,0.0,25.0,2.2,sí,distrito 11,13.950363805509928,no,11 266,sí,30/05/2021,prestadora B
78.0,mujer,grado II,con pareja,8.0,0.0,144.0,3.4,no,distrito 6,82.15163467019974,no,9 884,no,02/11/2023,prestadora C
90.0,hombre,grado III,solo,4.0,0.0,20.0,10.8,sí,distrito 8,172.40860355197933,sí,5 918,sí,23/11/2020,prestadora A
75.0,hombre,grado I,solo,3.0,1.0,9.0,3.3,sí,distrito 5,136.61591191390633,sí,16 013,sí,26/10/2016,prestadora C
80.0,mujer,grado I,solo,5.0,0.0,27.0,6.5,no,distrito 3,169.96387156680933,no,24 985,sí,13/05/2019,prestadora B
95.0,mujer,grado I,solo,0.0,0.0,37.0,1.4,no,distrito 10,73.11669101237307,sí,20 596,no,10/03/2016,prestadora A
91.0,mujer,grado I,con pareja,1.0,0.0,5.0,1.3,sí,distrito 3,22.263373077499082,sí,18 782,sí,21/10/2019,prestadora C
79.0,mujer,grado I,solo,1.0,0.0,18.0,1.3,sí,distrito 8,33.29771173968057,no,12 635,sí,16/05/2023,prestadora C
76.0,mujer,sin valorar,solo,1.0,1.0,20.0,5.0,sí,distrito 10,44.48043419437369,sí,12 585,no,09/07/2017,prestadora B
85.0,mujer,grado II,con pareja,4.0,1.0,8.0,8.1,no,distrito 5,365.5256076982725,sí,16 972,sí,13/12/2017,prestadora B
77.0,mujer,sin valorar,con pareja,1.0,2.0,93.0,3.5,no,distrito 8,5.163268420572054,sí,11 161,N/D,25/11/2020,prestadora A
71.0,hombre,grado III,con pareja,5.0,1.0,6.0,3.4,sí,distrito 9,144.92641377662449,sí,17 314,no,19/01/2020,prestadora A
94.0,hombre,grado I,con familia,3.0,1.0,7.0,3.5,no,distrito 6,29.728383040248477,no,11 062,sí,14/06/2024,prestadora C
71.0,hombre,grado III,solo,0.0,0.0,11.0,8.4,no,distrito 7,79.41713242112442,sí,17 602,sí,17/03/2024,prestadora B
70.0,hombre,grado III,solo,6.0,0.0,62.0,1.4,no,distrito 11,343.5677137351213,no,9 196,no,06/11/2021,prestadora C
84.0,mujer,grado I,solo,2.0,0.0,28.0,1.4,no,distrito 5,67.28622625882697,no,11 867,no,05/09/2017,prestadora B
78.0,hombre,grado II,solo,6.0,3.0,35.0,4.4,sí,distrito 2,737.1031891757702,sí,10 623,sí,16/08/2021,prestadora B
79.0,mujer,grado I,solo,0.0,0.0,45.0,7.3,sí,distrito 7,52.2836384988891,no,5 913,no,16/08/2019,prestadora A
87.0,hombre,sin valorar,solo,2.0,1.0,7.0,2.3,sí,distrito 7,56.43648201692238,sí,13 802,sí,22/12/2017,prestadora C
76.0,mujer,grado II,solo,2.0,0.0,82.0,2.6,no,distrito 9,101.67815659475524,sí,9 184,sí,06/09/2023,prestadora C
89.0,mujer,grado III,con pareja,1.0,2.0,51.0,3.8,no,distrito 10,124.94502711074067,no,8 153,sí,29/06/2016,prestadora C
66.0,mujer,GRADO I,con familia,0.0,0.0,31.0,2.9,sí,distrito 4,17.74029854792999,no,17 835,sí,09/11/2021,prestadora C
91.0,mujer,grado III,solo,3.0,0.0,65.0,4.2,no,distrito 7,461.6358276866222,no,12 849,no,12/06/2022,prestadora C
89.0,mujer,grado II,con pareja,4.0,0.0,189.0,5.5,no,distrito 2,37.5704710615359,sí,18 827,sí,29/04/2021,prestadora C
83.0,hombre,grado I,solo,4.0,0.0,20.0,10.2,no,distrito 10,37.08294514606325,no,14 246,no,19/02/2021,prestadora A
81.0,mujer,grado I,solo,7.0,3.0,28.0,1.6,no,distrito 7,653.0421079755347,sí,11 218,no,27/01/2020,prestadora C
93.0,mujer,grado I,solo,7.0,0.0,21.0,21.0,sí,distrito 3,599.5844566259121,no,20 448,sí,29/07/2017,prestadora C
79.0,mujer,grado II,solo,0.0,0.0,69.0,0.9,sí,distrito 9,6.155386769803726,no,23 130,sí,12/01/2024,prestadora A
77.0,mujer,sin valorar,solo,13.0,0.0,4.0,1.1,sí,distrito 9,863.1357091866216,no,10 944,sí,23/07/2016,prestadora B
73.0,hombre,grado I,con pareja,12.0,0.0,39.0,5.9,no,distrito 3,173.76257909769652,sí,14 235,no,10/03/2017,prestadora C
85.0,mujer,grado III,con familia,4.0,2.0,11.0,3.3,sí,distrito 8,118.31785284363153,sí,14 583,sí,24/08/2016,prestadora C
70.0,mujer,grado II,con pareja,0.0,0.0,4.0,8.4,no,distrito 6,35.04673651750329,no,15 485,no,18/10/2021,prestadora A
86.0,mujer,  grado II ,solo,2.0,0.0,237.0,0.6,no,distrito 2,27.294269564167408,sí,8 689,sí,29/06/2023,prestadora A
88.0,mujer,sin valorar,solo,11.0,2.0,35.0,4.8,sí,distrito 9,1113.010139867601,sí,15 167,N/D,25/07/2019,prestadora A
79.0,mujer,  sin valorar ,con pareja,2.0,0.0,32.0,1.8,no,distrito 9,6.6713313383533865,no,12 781,sí,07/04/2017,prestadora C
72.0,mujer,  grado II ,con familia,3.0,0.0,46.0,3.7,no,distrito 9,16.64740979748951,no,23 066,no,17/06/2019,prestadora A
84.0,mujer,grado III,con pareja,5.0,1.0,31.0,3.7,no,distrito 7,688.7606660522142,sí,10 373,no,19/12/2023,prestadora B
65.0,mujer,grado I,con pareja,6.0,0.0,6.0,3.6,sí,distrito 9,51.963927245171966,sí,9 788,sí,28/02/2022,prestadora C
90.0,mujer,  grado III ,con familia,9.0,1.0,28.0,4.2,sí,distrito 1,874.1527249992574,no,8 668,sí,10/02/2022,prestadora C
90.0,mujer,grado I,solo,2.0,4.0,9.0,4.8,no,distrito 3,67.75272803247042,sí,10 862,no,13/01/2020,prestadora C
78.0,mujer,grado II,con familia,2.0,0.0,41.0,1.3,no,distrito 3,33.89851383871148,sí,28 903,no,15/11/2022,prestadora C
73.0,mujer,grado I,con familia,12.0,0.0,13.0,2.9,sí,distrito 6,236.45658607536416,no,10 429,sí,24/12/2023,prestadora A
70.0,mujer,grado III,solo,0.0,2.0,48.0,8.6,no,distrito 2,20.919633611617535,sí,20 953,no,07/03/2022,prestadora B
79.0,mujer,grado I,con pareja,4.0,0.0,29.0,3.9,sí,distrito 10,92.89402588404786,no,10 497,no,22/04/2020,prestadora C
78.0,mujer,grado I,con pareja,1.0,4.0,48.0,1.9,sí,distrito 4,93.96892404309277,sí,23 866,no,24/02/2020,prestadora C
92.0,hombre,grado I,solo,1.0,1.0,22.0,2.2,no,distrito 2,109.64113801773657,sí,15 329,no,05/01/2018,prestadora C
91.0,mujer,sin valorar,solo,5.0,1.0,108.0,3.4,sí,distrito 7,192.33151091812456,no,39 093,sí,30/07/2016,prestadora B
80.0,mujer,sin valorar,solo,0.0,1.0,49.0,5.5,sí,distrito 7,10.40613878142772,no,7 750,no,04/08/2023,prestadora B
95.0,mujer,  sin valorar ,solo,7.0,0.0,37.0,5.5,no,distrito 3,467.55623099297054,sí,17 666,sí,03/11/2016,prestadora C
77.0,hombre,grado I,solo,1.0,0.0,45.0,1.5,sí,distrito 7,53.3155045436684,no,14 044,no,20/08/2022,prestadora A
82.0,mujer,grado II,solo,7.0,0.0,23.0,2.4,no,distrito 3,330.2108392037295,no,11 000,no,31/01/2024,prestadora C
73.0,hombre,grado I,solo,1.0,1.0,55.0,1.9,no,distrito 5,28.078153528236083,no,38 535,no,01/02/2016,prestadora A
79.0,hombre,GRADO III,solo,5.0,0.0,10.0,7.0,sí,distrito 11,441.0164611568261,sí,12 375,sí,02/07/2024,prestadora C
80.0,mujer,sin valorar,con pareja,2.0,2.0,50.0,3.2,no,distrito 1,35.93608711707203,sí,8 974,sí,18/06/2017,prestadora A
95.0,mujer,sin valorar,con familia,2.0,0.0,66.0,2.9,no,distrito 10,4.5245540247788965,no,5 438,sí,10/08/2016,prestadora C
82.0,mujer,grado I,con pareja,8.0,0.0,30.0,2.8,no,distrito 1,298.27603010610085,sí,9 556,no,23/10/2023,prestadora B
84.0,mujer,GRADO I,con pareja,3.0,0.0,78.0,18.0,sí,distrito 11,65.16933192970575,sí,18 078,N/D,06/01/2019,prestadora A
96.0,hombre,grado I,con pareja,6.0,0.0,32.0,4.3,no,distrito 7,140.97361270533304,sí,14 206,sí,09/06/2020,prestadora C
76.0,mujer,grado I,con pareja,0.0,0.0,54.0,6.9,sí,distrito 7,25.113116020831548,sí,12 089,sí,08/08/2017,prestadora C
91.0,hombre,  grado III ,con pareja,0.0,2.0,54.0,2.9,no,distrito 9,38.28448935890651,sí,10 161,no,13/07/2022,prestadora A
88.0,mujer,grado II,solo,6.0,0.0,56.0,6.2,no,distrito 2,188.93680124520975,sí,17 165,sí,02/11/2017,prestadora B
68.0,hombre,grado I,solo,0.0,1.0,49.0,3.9,sí,distrito 8,21.405316194098187,sí,14 387,sí,09/03/2017,prestadora A
89.0,mujer,sin valorar,con pareja,10.0,1.0,122.0,4.5,no,distrito 2,249.5212093845728,sí,10 266,sí,17/05/2020,prestadora A
92.0,mujer,grado II,solo,8.0,2.0,96.0,8.8,no,distrito 3,1801.9108677188408,sí,12 687,no,02/04/2023,prestadora C
69.0,mujer,sin valorar,con familia,1.0,2.0,20.0,6.5,sí,distrito 11,14.591592135902195,no,20 470,no,24/01/2021,prestadora A
83.0,mujer,sin valorar,con pareja,4.0,0.0,30.0,0.2,no,distrito 7,29.257259589920324,no,25 107,sí,21/03/2023,prestadora B
80.0,mujer,grado I,solo,3.0,0.0,19.0,0.9,no,distrito 11,83.15258646042362,no,10 422,no,12/05/2021,prestadora B
84.0,hombre,sin valorar,con familia,6.0,3.0,11.0,3.8,no,distrito 7,173.4971045531288,sí,4 638,sí,19/06/2016,prestadora B
103.0,hombre,GRADO II,solo,7.0,1.0,35.0,3.2,no,distrito 7,278.93144310656925,sí,16 412,sí,09/04/2018,prestadora B
72.0,mujer,grado I,solo,0.0,1.0,28.0,4.4,no,distrito 6,25.576463873494156,no,14 445,no,01/04/2023,prestadora B
89.0,mujer,sin valorar,con pareja,6.0,0.0,10.0,4.0,sí,distrito 1,179.57120435311714,sí,13 160,sí,14/01/2016,prestadora B
83.0,hombre,grado II,solo,6.0,0.0,9.0,2.2,sí,distrito 4,570.2502907489369,sí,19 104,N/D,29/09/2020,prestadora C
87.0,hombre,sin valorar,solo,0.0,2.0,25.0,0.5,no,distrito 4,15.185441056865955,no,13 627,sí,12/09/2019,prestadora C
86.0,hombre,grado II,solo,5.0,1.0,41.0,1.3,sí,distrito 11,326.8699337232772,sí,8 907,no,21/07/2016,prestadora B
88.0,mujer,grado II,con pareja,0.0,0.0,72.0,3.5,no,distrito 5,20.144200643814546,sí,14 023,no,14/12/2020,prestadora B
86.0,mujer,sin valorar,solo,1.0,0.0,40.0,6.1,sí,distrito 3,27.812779788641414,sí,10 560,sí,27/05/2018,prestadora B
91.0,hombre,sin valorar,solo,2.0,0.0,6.0,2.6,no,distrito 3,37.36058189220722,sí,13 595,no,11/02/2017,prestadora B
97.0,mujer,grado III,con pareja,0.0,0.0,29.0,6.6,no,distrito 5,26.474440871451257,sí,9 191,sí,11/10/2021,prestadora A
77.0,hombre,sin valorar,con pareja,3.0,0.0,75.0,8.9,no,distrito 1,36.89870049172248,sí,19 389,no,05/11/2019,prestadora B
75.0,hombre,grado I,solo,1.0,0.0,71.0,0.3,sí,distrito 2,35.267089201503694,sí,6 618,sí,09/01/2020,prestadora B
85.0,hombre,SIN VALORAR,con pareja,8.0,0.0,19.0,5.0,no,distrito 9,134.43978890243739,sí,21 126,no,12/12/2019,prestadora C
85.0,mujer,grado I,con familia,6.0,0.0,53.0,5.6,sí,distrito 10,210.59482720882806,sí,21 999,sí,24/03/2017,prestadora A
94.0,hombre,GRADO I,solo,1.0,1.0,26.0,3.5,no,distrito 4,113.49718863665562,sí,12 152,no,25/05/2017,prestadora C
88.0,mujer,grado III,solo,2.0,0.0,91.0,1.0,sí,distrito 1,52.54689133135211,sí,8 494,sí,01/09/2017,prestadora B
84.0,hombre,grado III,con pareja,8.0,1.0,67.0,1.4,no,distrito 2,250.03904053300712,sí,32 267,sí,20/01/2021,prestadora A
75.0,mujer,grado I,solo,2.0,0.0,23.0,1.1,no,distrito 6,38.73587745154331,no,20 339,N/D,19/03/2018,prestadora A
81.0,mujer,grado I,solo,1.0,2.0,23.0,2.9,sí,distrito 2,43.070277150416175,sí,13 663,N/D,27/10/2021,prestadora B
80.0,mujer,  grado II ,con pareja,2.0,0.0,14.0,8.6,no,distrito 1,120.00488756232043,sí,16 780,no,06/01/2021,prestadora B
72.0,hombre,sin valorar,con familia,9.0,0.0,5.0,1.8,no,distrito 11,69.03374052022235,no,18 679,sí,26/04/2018,prestadora A
89.0,hombre,grado I,con pareja,0.0,0.0,38.0,1.6,no,distrito 6,44.85340065381112,sí,40 822,no,03/10/2018,prestadora C
84.0,hombre,sin valorar,solo,1.0,2.0,51.0,2.4,no,distrito 6,38.78873946012282,no,19 869,no,25/12/2021,prestadora C
78.0,mujer,grado II,solo,4.0,3.0,20.0,7.0,sí,distrito 10,318.20645113434904,no,16 962,no,05/01/2024,prestadora B
86.0,mujer,grado II,solo,0.0,0.0,19.0,0.5,no,distrito 7,20.688413424740027,sí,12 377,sí,14/07/2021,prestadora C
74.0,mujer,grado III,solo,3.0,3.0,40.0,3.4,no,distrito 5,150.9469472897319,sí,13 393,sí,10/04/2024,prestadora A
96.0,mujer,grado II,con pareja,2.0,0.0,6.0,11.8,no,distrito 11,203.6432014904732,no,22 621,no,30/07/2022,prestadora C
81.0,mujer,GRADO I,solo,3.0,2.0,36.0,2.8,no,distrito 5,57.82000509280315,sí,10 558,no,01/05/2024,prestadora A
73.0,hombre,  grado III ,solo,1.0,3.0,30.0,7.7,no,distrito 9,214.52440642386165,sí,12 032,no,30/05/2022,prestadora C
77.0,mujer,grado III,solo,3.0,0.0,21.0,7.5,no,distrito 5,175.57346629119377,sí,16 824,sí,21/12/2021,prestadora B
69.0,hombre,grado III,con pareja,4.0,0.0,17.0,3.3,no,distrito 8,107.65644126743585,sí,14 665,no,09/07/2017,prestadora B
68.0,mujer,grado I,solo,0.0,0.0,55.0,0.7,sí,distrito 2,28.973311646944705,sí,7 889,no,31/03/2021,prestadora A
80.0,hombre,grado I,solo,0.0,0.0,94.0,3.9,no,distrito 3,18.777512457210804,sí,14 709,no,29/10/2023,prestadora C
85.0,mujer,grado III,solo,2.0,2.0,48.0,3.8,no,distrito 4,998.0159025802329,sí,8 238,sí,19/04/2021,prestadora C
69.0,hombre,grado I,solo,8.0,0.0,45.0,0.8,sí,distrito 1,194.27426307777796,no,19 573,sí,23/08/2019,prestadora C
88.0,hombre,  sin valorar ,solo,2.0,0.0,15.0,3.8,no,distrito 10,277.8841878770928,sí,12 916,no,18/03/2022,prestadora B
92.0,mujer,grado III,solo,1.0,2.0,136.0,1.3,no,distrito 10,94.07200194029535,sí,23 013,no,23/05/2017,prestadora B
90.0,hombre,sin valorar,solo,2.0,0.0,7.0,9.3,no,distrito 8,123.01044097477703,no,11 010,sí,22/05/2016,prestadora C
86.0,mujer,grado III,solo,3.0,0.0,45.0,0.7,no,distrito 9,127.44678569952693,no,10 984,no,21/11/2016,prestadora A
77.0,hombre,grado I,solo,2.0,1.0,33.0,3.2,sí,distrito 5,44.26402771498126,no,11 542,sí,20/10/2016,prestadora B
74.0,hombre,sin valorar,con familia,3.0,0.0,22.0,1.3,no,distrito 2,41.34246756737469,no,16 044,no,01/12/2023,prestadora A
84.0,mujer,SIN VALORAR,solo,7.0,0.0,106.0,2.3,no,distrito 4,72.8666315933021,sí,19 863,sí,16/03/2023,prestadora C
90.0,mujer,grado I,con pareja,4.0,0.0,6.0,0.9,no,distrito 10,61.953136726038984,sí,12 409,sí,09/11/2023,prestadora B
83.0,hombre,sin valorar,solo,2.0,0.0,27.0,4.4,no,distrito 10,46.30728143778351,no,13 915,sí,21/11/2022,prestadora A
87.0,hombre,grado I,con familia,1.0,0.0,29.0,4.3,no,distrito 10,14.62107497655603,sí,13 463,no,25/11/2021,prestadora B
91.0,hombre,sin valorar,solo,8.0,0.0,50.0,3.6,sí,distrito 5,187.08357024626773,sí,9 701,sí,16/08/2024,prestadora B
84.0,mujer,grado II,solo,0.0,0.0,96.0,1.6,sí,distrito 8,45.1353376667742,sí,11 237,sí,01/02/2017,prestadora B
81.0,hombre,  sin valorar ,solo,6.0,1.0,96.0,9.7,no,distrito 9,297.8913059023431,sí,14 725,sí,21/05/2020,prestadora A
82.0,mujer,GRADO II,con pareja,4.0,1.0,15.0,13.4,sí,distrito 4,79.24027769866129,sí,27 623,sí,22/05/2020,prestadora B
72.0,hombre,grado II,con pareja,4.0,1.0,25.0,2.9,no,distrito 10,51.00114037709352,sí,18 050,no,09/11/2016,prestadora B
72.0,mujer,grado I,solo,0.0,0.0,45.0,0.7,no,distrito 7,17.78027862618536,sí,15 865,sí,15/12/2017,prestadora A
92.0,hombre,grado I,solo,1.0,0.0,55.0,13.1,no,distrito 1,196.4094192375565,sí,15 320,sí,30/12/2021,prestadora A
75.0,mujer,grado II,solo,2.0,2.0,51.0,3.1,no,distrito 3,40.18588348898449,no,10 738,sí,23/05/2021,prestadora C
81.0,hombre,grado II,con pareja,4.0,0.0,104.0,1.4,no,distrito 9,49.47523949622523,no,9 035,no,19/02/2022,prestadora B
68.0,mujer,grado II,solo,4.0,1.0,7.0,5.5,no,distrito 6,293.09559696070585,sí,8 545,no,22/09/2017,prestadora A
90.0,hombre,grado III,solo,2.0,0.0,141.0,4.8,no,distrito 9,170.16725534070926,sí,23 583,sí,16/09/2024,prestadora A
81.0,hombre,grado I,con familia,1.0,0.0,39.0,4.8,no,distrito 10,23.976745713022023,sí,15 932,no,08/02/2024,prestadora A
81.0,hombre,sin valorar,solo,3.0,2.0,12.0,0.9,no,distrito 1,217.4504100519234,sí,18 892,no,05/03/2018,prestadora B
73.0,hombre,sin valorar,con familia,4.0,0.0,51.0,11.0,no,distrito 5,35.029488666196706,sí,18 994,no,06/12/2019,prestadora B
92.0,mujer,grado I,con familia,8.0,1.0,26.0,6.2,no,distrito 5,42.15491265105212,sí,15 719,no,10/02/2019,prestadora C
93.0,mujer,GRADO I,solo,1.0,0.0,66.0,5.1,no,distrito 3,6.381310983271724,sí,22 111,no,26/05/2024,prestadora C
69.0,hombre,grado I,solo,4.0,0.0,68.0,4.5,sí,distrito 1,145.08811440229692,sí,12 156,sí,24/10/2021,prestadora C
85.0,mujer,grado I,solo,2.0,0.0,20.0,6.7,no,distrito 10,72.97964039341804,no,36 502,sí,20/07/2020,prestadora C
86.0,mujer,  grado I ,solo,4.0,1.0,40.0,1.3,no,distrito 9,132.90131763315065,sí,12 224,no,24/02/2021,prestadora A
73.0,mujer,grado III,con pareja,1.0,0.0,10.0,11.4,no,distrito 7,36.45459934429786,sí,24 446,sí,23/02/2017,prestadora B
84.0,hombre,grado III,con pareja,0.0,0.0,21.0,1.8,sí,distrito 3,67.67895983329322,sí,15 057,no,06/06/2021,prestadora A
75.0,hombre,sin valorar,solo,2.0,1.0,57.0,5.8,no,distrito 11,56.981196556199585,sí,11 102,sí,28/12/2020,prestadora C
84.0,mujer,grado III,solo,8.0,0.0,37.0,4.7,no,distrito 4,870.3945271493598,no,7 636,sí,27/08/2024,prestadora C
78.0,hombre,grado III,con pareja,0.0,1.0,26.0,9.5,no,distrito 6,29.35963684878838,no,29 623,N/D,14/05/2018,prestadora B
76.0,mujer,grado II,con familia,1.0,0.0,56.0,4.0,no,distrito 11,24.09307622196377,sí,20 481,sí,06/06/2023,prestadora B
101.0,mujer,GRADO I,con pareja,7.0,0.0,68.0,1.6,no,distrito 2,48.55444659759064,no,21 207,sí,24/05/2023,prestadora B
87.0,hombre,grado I,solo,8.0,0.0,74.0,4.1,no,distrito 9,264.0337619922258,no,19 336,sí,10/11/2021,prestadora C
97.0,hombre,  grado I ,con familia,1.0,0.0,28.0,1.5,sí,distrito 6,26.15377731202048,no,11 044,no,12/09/2016,prestadora A
81.0,mujer,grado III,con pareja,0.0,0.0,63.0,4.9,sí,distrito 1,17.70963507727148,sí,13 690,no,18/11/2021,prestadora B
90.0,mujer,sin valorar,con pareja,1.0,0.0,83.0,1.7,no,distrito 11,24.525552762333444,sí,16 523,sí,23/10/2019,prestadora A
75.0,mujer,grado II,solo,0.0,0.0,15.0,2.0,no,distrito 1,50.556749588809645,sí,16 620,sí,23/09/2017,prestadora A
89.0,hombre,sin valorar,con familia,1.0,1.0,49.0,2.0,no,distrito 1,2.8347118958591135,no,10 819,sí,06/11/2016,prestadora C
68.0,mujer,sin valorar,con pareja,0.0,0.0,21.0,1.5,no,distrito 2,11.400645381918231,sí,14 426,sí,16/05/2017,prestadora A
74.0,mujer,grado II,solo,2.0,0.0,54.0,3.2,no,distrito 10,124.40535950215444,no,40 216,sí,20/05/2022,prestadora A
80.0,mujer,grado II,con pareja,4.0,0.0,28.0,10.3,no,distrito 7,75.07366199581546,sí,7 458,no,13/02/2016,prestadora B
88.0,mujer,GRADO II,solo,0.0,1.0,94.0,6.2,no,distrito 11,22.927255041951238,sí,15 036,no,06/05/2016,prestadora A
78.0,hombre,grado III,con pareja,9.0,2.0,92.0,1.8,no,distrito 8,185.2552463998138,sí,17 624,no,04/08/2021,prestadora B
81.0,mujer,grado I,solo,5.0,2.0,37.0,3.9,no,distrito 7,844.7661991992534,no,12 556,sí,06/03/2024,prestadora B
87.0,mujer,grado III,con pareja,3.0,0.0,103.0,10.1,sí,distrito 7,75.61860188875428,sí,14 297,no,07/10/2023,prestadora A
89.0,hombre,  grado I ,solo,0.0,0.0,23.0,6.7,no,distrito 11,19.064850464067657,no,9 471,sí,30/04/2016,prestadora A
85.0,mujer,sin valorar,con pareja,1.0,0.0,39.0,3.5,no,distrito 6,16.179512834917972,sí,12 434,sí,26/01/2016,prestadora C
83.0,mujer,grado II,con familia,1.0,0.0,28.0,3.8,no,distrito 2,19.26614822035366,sí,20 156,sí,21/09/2017,prestadora A
78.0,mujer,grado II,con familia,3.0,0.0,90.0,0.9,no,distrito 11,60.65629341048349,no,12 529,no,09/07/2020,prestadora A
96.0,hombre,grado II,solo,0.0,0.0,34.0,5.3,sí,distrito 6,37.18477416097185,sí,8 758,sí,05/10/2018,prestadora C
75.0,mujer,sin valorar,solo,1.0,0.0,24.0,6.1,no,distrito 10,60.53053461235512,sí,7 661,sí,01/07/2022,prestadora C
76.0,hombre,sin valorar,solo,3.0,0.0,47.0,9.6,sí,distrito 1,19.89546539367521,sí,20 316,sí,10/06/2024,prestadora C
69.0,mujer,grado II,con familia,0.0,0.0,36.0,1.8,sí,distrito 1,6.387364785784183,sí,15 728,no,03/01/2024,prestadora C
77.0,mujer,grado I,solo,1.0,1.0,18.0,0.8,no,distrito 8,23.79858300778302,sí,13 633,sí,18/05/2024,prestadora A
75.0,mujer,sin valorar,solo,0.0,0.0,65.0,0.4,sí,distrito 6,36.09461453925427,sí,16 621,no,24/12/2020,prestadora A
78.0,mujer,grado III,solo,2.0,0.0,3.0,4.3,no,distrito 6,182.19844816623984,sí,12 938,no,05/02/2024,prestadora B
78.0,hombre,sin valorar,solo,1.0,6.0,56.0,3.3,sí,distrito 4,379.8271512345889,no,21 049,no,14/04/2017,prestadora B
84.0,hombre,sin valorar,solo,0.0,0.0,36.0,7.4,no,distrito 8,37.72956462362381,sí,18 022,sí,09/01/2016,prestadora B
98.0,mujer,grado III,solo,2.0,0.0,15.0,4.3,no,distrito 1,251.0780860076294,sí,20 795,no,28/08/2021,prestadora C
84.0,mujer,grado II,con familia,2.0,3.0,22.0,1.7,no,distrito 7,11.58247421740766,sí,5 804,no,25/10/2022,prestadora C
79.0,mujer,grado I,con pareja,4.0,1.0,54.0,9.8,sí,distrito 9,38.74128929068976,sí,12 275,no,02/02/2021,prestadora C
78.0,mujer,grado II,con pareja,0.0,0.0,24.0,1.5,no,distrito 11,43.81166601289111,no,12 437,sí,28/10/2023,prestadora B
83.0,mujer,grado II,solo,1.0,1.0,63.0,2.3,no,distrito 1,55.204783062024674,sí,14 731,sí,23/08/2024,prestadora C
85.0,mujer,grado III,solo,1.0,0.0,18.0,2.6,no,distrito 4,79.90001029177849,no,23 173,sí,29/01/2021,prestadora B
74.0,mujer,grado II,solo,6.0,0.0,22.0,1.6,no,distrito 10,194.9302841770161,sí,7 255,no,16/07/2018,prestadora B
93.0,mujer,SIN VALORAR,solo,2.0,0.0,94.0,0.8,sí,distrito 1,62.802187371990506,no,20 744,no,14/12/2021,prestadora C
83.0,mujer,grado III,con familia,0.0,0.0,30.0,2.6,no,distrito 5,40.12001241702155,sí,33 477,no,25/05/2021,prestadora B
87.0,mujer,GRADO II,con pareja,1.0,0.0,5.0,3.6,no,distrito 6,85.05568853279283,no,6 336,sí,10/07/2022,prestadora C
78.0,hombre,grado I,con familia,6.0,2.0,59.0,6.2,no,distrito 1,97.25749613049152,sí,18 729,no,16/09/2017,prestadora C
74.0,mujer,GRADO III,solo,0.0,0.0,32.0,4.6,no,distrito 1,83.82794119691435,sí,17 212,sí,21/06/2017,prestadora A
85.0,mujer,grado I,con familia,1.0,1.0,36.0,2.6,no,distrito 2,8.009362478789518,sí,20 253,sí,09/10/2022,prestadora B
79.0,mujer,grado I,solo,1.0,0.0,12.0,1.5,no,distrito 5,30.347395780335628,no,19 315,no,08/04/2017,prestadora A
80.0,mujer,GRADO II,solo,0.0,2.0,22.0,5.4,no,distrito 9,67.04340851299519,no,13 797,sí,08/11/2016,prestadora C
89.0,mujer,grado I,con familia,0.0,3.0,46.0,2.7,sí,distrito 10,7.641174176297403,no,17 337,no,12/06/2021,prestadora A
94.0,hombre,sin valorar,con pareja,3.0,0.0,75.0,4.0,sí,distrito 11,14.202406937803818,sí,22 581,no,27/07/2018,prestadora A
93.0,mujer,sin valorar,con familia,0.0,0.0,34.0,5.5,no,distrito 9,9.321524212895607,sí,22 264,sí,02/05/2016,prestadora C
83.0,mujer,grado III,con pareja,4.0,1.0,12.0,2.1,no,distrito 7,232.43117336009087,sí,12 699,no,12/03/2022,prestadora C
83.0,hombre,grado I,con familia,4.0,0.0,23.0,3.8,no,distrito 6,36.76985954470582,sí,17 341,sí,26/02/2016,prestadora A
92.0,mujer,grado III,solo,0.0,0.0,74.0,1.5,sí,distrito 4,27.38721203031903,no,7 016,no,16/12/2017,prestadora C
71.0,mujer,grado I,solo,2.0,1.0,73.0,10.7,no,distrito 1,170.85826759126854,sí,16 518,sí,07/09/2020,prestadora A
71.0,mujer,grado II,solo,4.0,0.0,82.0,3.9,sí,distrito 10,134.7847597885626,no,8 929,sí,25/02/2022,prestadora A
87.0,hombre,grado I,con familia,0.0,0.0,10.0,7.8,sí,distrito 6,17.54185461013485,no,18 974,sí,05/01/2016,prestadora B
69.0,mujer,grado I,con familia,4.0,0.0,14.0,1.7,no,distrito 7,59.48306982563349,no,22 777,no,02/07/2024,prestadora B
77.0,mujer,sin valorar,solo,1.0,0.0,17.0,0.5,sí,distrito 11,29.930110456643735,sí,14 752,sí,21/06/2020,prestadora C
83.0,mujer,sin valorar,con pareja,5.0,0.0,18.0,9.0,sí,distrito 10,90.51727966717894,sí,20 477,sí,20/11/2021,prestadora B
74.0,hombre,sin valorar,con pareja,0.0,2.0,24.0,5.2,no,distrito 9,16.02963523270789,sí,21 978,no,29/04/2020,prestadora C
89.0,hombre,grado II,con pareja,1.0,0.0,47.0,3.8,no,distrito 5,44.90576897557994,sí,10 167,no,14/10/2023,prestadora B
73.0,hombre,grado II,con pareja,1.0,0.0,95.0,0.7,no,distrito 7,59.13413176519718,no,8 240,sí,23/11/2019,prestadora C
69.0,mujer,SIN VALORAR,solo,1.0,1.0,12.0,5.1,no,distrito 5,53.116949318816566,no,23 003,N/D,15/05/2024,prestadora B
80.0,mujer,sin valorar,solo,6.0,0.0,12.0,5.7,no,distrito 7,89.6186399264781,sí,7 435,sí,26/03/2018,prestadora B
78.0,hombre,grado III,solo,4.0,0.0,34.0,0.6,no,distrito 5,785.4370744928452,no,6 488,N/D,08/07/2022,prestadora B
65.0,mujer,sin valorar,con pareja,3.0,0.0,33.0,6.1,no,distrito 4,29.000602784224228,no,11 895,N/D,10/02/2021,prestadora C
75.0,hombre,sin valorar,con pareja,0.0,0.0,87.0,2.7,no,distrito 5,9.552254483027331,no,19 751,sí,15/07/2017,prestadora C
74.0,hombre,grado I,solo,1.0,0.0,49.0,3.0,no,distrito 11,17.239437572465718,no,23 436,no,18/04/2024,prestadora B
76.0,mujer,sin valorar,solo,1.0,4.0,22.0,7.5,sí,distrito 3,17.369073482145584,sí,15 949,sí,25/11/2021,prestadora C
81.0,mujer,SIN VALORAR,solo,3.0,2.0,31.0,13.2,sí,distrito 11,248.1720196825131,sí,12 486,sí,25/01/2017,prestadora B
81.0,mujer,  grado I ,solo,0.0,1.0,13.0,6.3,no,distrito 10,15.676362913978336,no,7 992,sí,15/05/2022,prestadora C
85.0,mujer,sin valorar,con pareja,3.0,1.0,60.0,2.4,sí,distrito 1,19.51894537572992,no,14 058,sí,03/06/2019,prestadora B
98.0,mujer,grado I,con pareja,4.0,0.0,25.0,3.2,no,distrito 7,50.14178327275164,no,10 061,sí,08/11/2021,prestadora A
74.0,mujer,grado I,con pareja,4.0,0.0,40.0,1.4,no,distrito 4,28.70568676130506,sí,13 646,no,30/12/2020,prestadora B
79.0,hombre,sin valorar,con familia,4.0,0.0,48.0,3.3,no,distrito 3,22.334924663786403,no,11 830,sí,03/11/2022,prestadora B
79.0,mujer,sin valorar,con pareja,6.0,1.0,140.0,3.2,no,distrito 7,37.24643031348246,sí,10 979,no,14/08/2020,prestadora B
87.0,mujer,sin valorar,con pareja,2.0,0.0,41.0,2.5,no,distrito 10,28.359833128766404,no,17 013,no,20/04/2024,prestadora B
84.0,hombre,sin valorar,con pareja,6.0,1.0,8.0,7.5,no,distrito 11,74.15454351258288,no,12 239,no,01/12/2023,prestadora B
73.0,hombre,grado II,con familia,3.0,0.0,11.0,1.0,sí,distrito 5,36.730169950256695,sí,22 951,sí,30/07/2022,prestadora A
81.0,hombre,sin valorar,con familia,2.0,0.0,6.0,2.0,no,distrito 7,67.2401271834008,sí,13 037,sí,13/06/2020,prestadora A
82.0,hombre,GRADO III,solo,3.0,0.0,33.0,1.1,no,distrito 4,278.07481365147066,no,29 866,sí,21/10/2018,prestadora C
78.0,mujer,  sin valorar ,solo,0.0,0.0,111.0,5.3,no,distrito 8,25.191703944997002,sí,29 996,no,01/09/2017,prestadora C
86.0,mujer,sin valorar,con familia,22.0,0.0,21.0,5.7,no,distrito 4,155.58664509228922,sí,9 687,sí,25/01/2016,prestadora A
83.0,hombre,sin valorar,solo,0.0,1.0,43.0,7.2,sí,distrito 4,38.051153802721956,no,13 114,sí,03/07/2017,prestadora A
88.0,mujer,sin valorar,solo,0.0,0.0,81.0,7.1,sí,distrito 8,10.65877550419876,no,10 483,no,16/04/2017,prestadora B
79.0,mujer,sin valorar,con pareja,6.0,1.0,70.0,12.2,sí,distrito 7,57.95139956960955,sí,8 014,sí,05/09/2016,prestadora A
104.0,mujer,grado II,solo,0.0,1.0,49.0,5.5,sí,distrito 4,32.88853789280503,sí,12 457,no,19/01/2023,prestadora A
79.0,mujer,grado II,solo,0.0,1.0,23.0,2.8,sí,distrito 6,25.68969209579879,sí,11 807,sí,19/10/2023,prestadora B
79.0,mujer,grado I,con familia,2.0,0.0,69.0,5.3,sí,distrito 2,25.895609131175178,no,18 570,sí,26/05/2019,prestadora B
82.0,hombre,grado II,con familia,2.0,2.0,77.0,4.4,no,distrito 9,20.090880246284254,no,15 316,sí,19/10/2021,prestadora C
80.0,mujer,sin valorar,con pareja,4.0,2.0,60.0,7.3,no,distrito 1,66.47910327852894,sí,9 073,no,07/11/2016,prestadora C
71.0,mujer,grado I,solo,1.0,0.0,31.0,1.2,no,distrito 3,110.21255955304477,sí,6 980,sí,22/04/2020,prestadora A
89.0,mujer,sin valorar,solo,3.0,0.0,33.0,0.4,sí,distrito 2,181.490377830342,sí,14 556,sí,25/03/2019,prestadora B
87.0,mujer,GRADO I,con pareja,6.0,0.0,38.0,1.6,no,distrito 6,68.49285878677347,sí,13 896,no,26/09/2022,prestadora A
84.0,hombre,  grado III ,con familia,3.0,0.0,16.0,12.2,sí,distrito 11,118.67995572163137,no,9 520,no,31/03/2018,prestadora A
76.0,hombre,GRADO II,con pareja,5.0,0.0,130.0,2.5,sí,distrito 3,29.21574628519476,sí,16 179,sí,25/08/2019,prestadora A
81.0,mujer,sin valorar,solo,21.0,0.0,6.0,2.3,no,distrito 10,814.2478475768316,sí,4 931,sí,25/01/2023,prestadora C
83.0,mujer,grado II,solo,1.0,0.0,23.0,7.1,no,distrito 3,57.59673152507612,sí,11 490,no,07/09/2017,prestadora A
98.0,hombre,grado II,con pareja,2.0,1.0,41.0,3.3,sí,distrito 11,15.760454906745176,sí,18 807,sí,06/01/2019,prestadora B
75.0,hombre,grado III,con familia,3.0,0.0,25.0,2.8,no,distrito 3,143.1023052696609,sí,16 789,sí,24/07/2021,prestadora C
82.0,hombre,sin valorar,solo,4.0,0.0,58.0,0.6,sí,distrito 4,14.299265504411014,sí,11 119,N/D,01/09/2024,prestadora C
69.0,mujer,grado I,solo,0.0,0.0,15.0,9.7,sí,distrito 1,121.99741785607964,sí,8 644,sí,12/01/2020,prestadora C
76.0,mujer,  grado II ,solo,5.0,0.0,12.0,2.2,sí,distrito 11,264.97016306122197,sí,15 769,sí,19/08/2022,prestadora A
80.0,hombre,grado I,solo,2.0,1.0,21.0,4.9,no,distrito 8,472.01193478853054,no,13 932,sí,07/10/2018,prestadora B
82.0,mujer,grado II,con familia,0.0,0.0,13.0,1.9,sí,distrito 6,51.376888391294884,no,8 986,sí,23/10/2023,prestadora B
81.0,mujer,grado III,con pareja,1.0,1.0,86.0,1.3,no,distrito 1,15.123923323584041,sí,17 333,sí,06/02/2018,prestadora A
74.0,mujer,sin valorar,solo,1.0,1.0,22.0,3.4,no,distrito 9,25.77734542230544,no,14 862,sí,30/01/2024,prestadora A
82.0,mujer,grado I,solo,5.0,2.0,13.0,6.3,no,distrito 1,239.89035530407398,sí,19 484,sí,21/05/2017,prestadora C
91.0,mujer,grado II,solo,0.0,1.0,21.0,4.2,sí,distrito 3,155.22953395014838,sí,13 494,no,20/11/2018,prestadora A
87.0,mujer,grado I,solo,3.0,2.0,36.0,2.0,no,distrito 3,297.77766772420944,sí,9 073,sí,12/08/2024,prestadora C
82.0,hombre,grado II,solo,2.0,1.0,22.0,2.7,no,distrito 2,163.50084317103943,sí,10 858,sí,09/02/2022,prestadora A
65.0,hombre,sin valorar,solo,1.0,0.0,7.0,3.2,sí,distrito 6,30.265837844666162,no,9 418,sí,19/05/2020,prestadora C
83.0,mujer,  grado I ,solo,1.0,4.0,22.0,4.1,no,distrito 5,256.42714667132486,no,16 134,sí,19/11/2016,prestadora B
91.0,mujer,sin valorar,solo,2.0,2.0,52.0,7.9,no,distrito 11,124.79026062368969,no,5 370,sí,23/03/2020,prestadora A
88.0,mujer,  grado I ,solo,0.0,0.0,38.0,1.2,no,distrito 5,6.693046405628528,no,15 572,no,13/01/2017,prestadora A
86.0,mujer,sin valorar,con pareja,1.0,1.0,50.0,2.9,no,distrito 6,10.184180315317708,no,16 406,N/D,08/02/2019,prestadora A
81.0,mujer,sin valorar,solo,0.0,0.0,3.0,6.3,sí,distrito 6,16.26859237067902,sí,19 265,sí,27/07/2018,prestadora A
92.0,hombre,grado I,con pareja,1.0,0.0,17.0,4.8,sí,distrito 10,20.5949333467127,no,12 496,sí,05/07/2017,prestadora B
65.0,hombre,grado II,solo,8.0,1.0,9.0,6.3,no,distrito 10,1397.1870641708938,sí,8 484,sí,19/11/2020,prestadora B
84.0,mujer,grado III,solo,5.0,1.0,40.0,5.3,no,distrito 11,1621.902436108554,sí,12 936,sí,22/10/2016,prestadora B
89.0,mujer,grado III,solo,1.0,0.0,52.0,2.6,no,distrito 1,125.53566749251924,sí,20 456,sí,12/06/2024,prestadora B
86.0,mujer,grado III,solo,12.0,2.0,8.0,4.3,no,distrito 1,632.399694851827,no,12 244,no,25/06/2020,prestadora C
83.0,hombre,GRADO III,solo,14.0,1.0,77.0,0.3,no,distrito 4,4839.48432964324,sí,30 573,no,02/04/2022,prestadora A
87.0,mujer,grado I,solo,0.0,0.0,4.0,2.0,sí,distrito 8,23.980748071153506,sí,13 623,sí,02/05/2020,prestadora A
75.0,hombre,  grado II ,con pareja,4.0,0.0,31.0,4.9,no,distrito 9,39.728016139798726,sí,14 289,N/D,17/11/2022,prestadora C
79.0,hombre,grado II,con familia,0.0,2.0,53.0,3.8,sí,distrito 3,6.914271978800533,sí,14 891,no,15/07/2024,prestadora A
92.0,mujer,grado II,con pareja,3.0,1.0,57.0,4.6,no,distrito 1,194.38705613416022,no,10 172,no,24/10/2022,prestadora C
87.0,mujer,sin valorar,con pareja,0.0,1.0,42.0,11.2,no,distrito 8,20.039666758704495,sí,14 594,no,14/12/2022,prestadora B
85.0,mujer,grado II,solo,5.0,0.0,59.0,1.6,sí,distrito 6,204.47696868641236,no,34 531,sí,16/12/2016,prestadora A
78.0,hombre,grado I,con familia,1.0,0.0,71.0,1.8,no,distrito 3,69.66525963427236,sí,10 003,sí,08/09/2024,prestadora B
80.0,hombre,grado I,solo,0.0,0.0,27.0,2.7,no,distrito 2,46.05269648895251,sí,14 943,no,02/09/2024,prestadora C
71.0,mujer,grado I,solo,2.0,0.0,23.0,7.2,sí,distrito 10,124.89663872027707,no,8 842,sí,31/10/2016,prestadora A
88.0,mujer,SIN VALORAR,con familia,10.0,1.0,34.0,1.0,no,distrito 5,235.21064245930484,sí,10 545,sí,15/02/2017,prestadora C
82.0,mujer,grado III,con pareja,4.0,5.0,6.0,4.8,no,distrito 3,195.77963156294447,no,24 377,no,22/01/2021,prestadora A
81.0,hombre,  sin valorar ,con pareja,2.0,0.0,46.0,2.5,no,distrito 10,13.987039519170702,no,19 310,no,17/01/2017,prestadora C
77.0,mujer,  grado I ,con pareja,1.0,0.0,11.0,3.0,no,distrito 11,35.68549215705686,sí,10 732,no,19/06/2022,prestadora C
92.0,mujer,  grado II ,con pareja,2.0,1.0,92.0,9.7,no,distrito 1,64.28700623189472,no,12 425,sí,27/03/2021,prestadora B
92.0,mujer,grado II,con familia,1.0,0.0,50.0,3.8,no,distrito 4,15.409013875247394,no,15 566,sí,10/10/2018,prestadora C
76.0,hombre,grado II,solo,0.0,4.0,23.0,6.8,no,distrito 10,42.96639421242584,sí,15 712,no,14/02/2023,prestadora A
77.0,mujer,grado I,solo,1.0,1.0,82.0,1.9,sí,distrito 2,50.48443083234124,sí,36 393,no,30/12/2018,prestadora A
83.0,mujer,  grado I ,con familia,3.0,0.0,55.0,1.8,sí,distrito 11,13.394578826290301,sí,10 371,sí,16/02/2016,prestadora A
80.0,hombre,grado II,solo,2.0,2.0,44.0,2.8,sí,distrito 5,320.8633639286254,sí,26 519,no,14/12/2016,prestadora C
86.0,mujer,sin valorar,con familia,0.0,0.0,46.0,3.3,no,distrito 5,16.469794006212226,sí,12 229,sí,12/10/2023,prestadora A
73.0,mujer,sin valorar,con familia,0.0,3.0,35.0,4.3,no,distrito 7,11.213992488446394,sí,20 415,sí,02/06/2024,prestadora C
74.0,mujer,grado II,con familia,1.0,0.0,4.0,10.0,sí,distrito 4,24.905857846473072,sí,12 166,sí,25/07/2017,prestadora C
76.0,mujer,sin valorar,con pareja,2.0,0.0,16.0,5.6,no,distrito 10,39.132184854041974,sí,13 879,no,25/10/2021,prestadora C
78.0,mujer,sin valorar,solo,0.0,0.0,32.0,5.4,sí,distrito 7,16.918821608977023,no,11 472,sí,21/12/2023,prestadora A
89.0,mujer,grado II,con familia,5.0,0.0,34.0,5.7,no,distrito 10,127.60385027899412,no,16 314,sí,27/12/2020,prestadora B
78.0,hombre,grado II,con familia,2.0,0.0,6.0,1.5,no,distrito 7,76.26734437782588,no,11 682,no,21/04/2020,prestadora A
75.0,mujer,  sin valorar ,con pareja,0.0,1.0,84.0,6.9,no,distrito 3,13.766909002018144,sí,11 073,no,15/07/2021,prestadora C
84.0,mujer,grado II,solo,0.0,0.0,13.0,5.9,no,distrito 11,48.15894194790635,sí,17 609,sí,07/05/2023,prestadora C
76.0,mujer,sin valorar,con pareja,4.0,0.0,57.0,1.2,sí,distrito 9,31.396654513945997,sí,20 357,N/D,18/01/2023,prestadora C
77.0,mujer,sin valorar,con pareja,3.0,0.0,67.0,2.4,sí,distrito 9,38.46676976062131,sí,12 828,sí,15/05/2019,prestadora A
90.0,mujer,grado I,con pareja,0.0,0.0,101.0,4.4,no,distrito 4,7.238221570582943,sí,30 181,sí,14/08/2021,prestadora C
65.0,mujer,grado II,solo,1.0,3.0,71.0,5.3,sí,distrito 7,64.4547592223869,sí,16 488,sí,26/10/2019,prestadora C
74.0,mujer,grado I,con pareja,4.0,0.0,19.0,1.7,sí,distrito 10,108.64592882395084,sí,14 089,sí,28/07/2023,prestadora B
66.0,mujer,grado II,solo,7.0,0.0,7.0,6.9,no,distrito 5,919.592744051426,no,11 756,sí,23/06/2016,prestadora C
81.0,hombre,  grado II ,con pareja,1.0,0.0,59.0,1.4,no,distrito 2,128.348410533897,sí,20 572,sí,13/09/2022,prestadora A
92.0,mujer,  sin valorar ,solo,9.0,0.0,73.0,8.4,sí,distrito 2,457.6771745599982,sí,12 670,sí,27/12/2023,prestadora C
90.0,hombre,grado II,con pareja,0.0,0.0,89.0,4.3,no,distrito 3,20.906068255744994,no,11 366,sí,05/03/2020,prestadora B
78.0,mujer,grado III,solo,2.0,1.0,25.0,2.9,sí,distrito 7,182.27785615821375,sí,21 754,sí,02/03/2023,prestadora C
77.0,hombre,  grado I ,con pareja,0.0,3.0,57.0,1.1,no,distrito 6,9.283738252032176,sí,21 119,sí,16/05/2023,prestadora A
85.0,mujer,  grado III ,solo,4.0,0.0,64.0,2.0,sí,distrito 4,294.6565165410154,no,4 987,no,08/11/2017,prestadora C
83.0,hombre,grado I,solo,0.0,0.0,21.0,8.1,no,distrito 3,34.09811316968777,sí,20 753,no,07/07/2017,prestadora C
82.0,mujer,grado II,solo,0.0,0.0,29.0,8.3,no,distrito 3,47.319090263100826,no,13 622,sí,27/01/2024,prestadora A
74.0,mujer,grado I,con pareja,2.0,0.0,47.0,5.0,sí,distrito 11,69.0403098886338,sí,15 412,sí,05/06/2023,prestadora B
94.0,mujer,grado I,solo,5.0,1.0,13.0,10.8,no,distrito 6,209.97858438896645,no,9 426,no,28/11/2021,prestadora A
78.0,mujer,grado II,con familia,1.0,0.0,90.0,5.9,sí,distrito 2,27.407147383030228,no,10 669,sí,03/07/2019,prestadora A
87.0,mujer,GRADO II,con pareja,0.0,0.0,100.0,10.6,no,distrito 8,39.66235470858817,no,12 741,sí,08/08/2018,prestadora B
88.0,mujer,  grado I ,solo,0.0,0.0,9.0,2.3,no,distrito 6,11.303743534326557,sí,15 258,sí,17/12/2020,prestadora B
96.0,mujer,grado III,con pareja,3.0,3.0,46.0,2.0,sí,distrito 2,63.34627379760003,sí,21 477,sí,14/06/2019,prestadora A
79.0,mujer,GRADO I,solo,0.0,1.0,27.0,4.1,no,distrito 3,13.358830853532764,sí,20 671,no,24/01/2019,prestadora A
88.0,hombre,grado I,con familia,9.0,0.0,33.0,3.9,no,distrito 3,39.13111920994635,sí,15 259,no,16/09/2019,prestadora B
68.0,mujer,grado III,solo,0.0,0.0,19.0,1.0,sí,distrito 11,22.868143686966306,no,10 863,no,10/11/2020,prestadora C
91.0,hombre,sin valorar,solo,0.0,0.0,124.0,7.9,no,distrito 6,9.331794814919588,sí,12 183,no,30/01/2021,prestadora B
93.0,mujer,grado I,con pareja,1.0,0.0,21.0,7.0,sí,distrito 4,36.21694228274257,sí,11 067,no,08/11/2021,prestadora A
91.0,mujer,GRADO III,con familia,3.0,0.0,40.0,1.8,no,distrito 9,83.391975359578,sí,19 464,sí,05/09/2019,prestadora C
68.0,mujer,grado I,solo,3.0,1.0,19.0,9.2,sí,distrito 6,322.3824477501494,sí,10 037,sí,19/04/2024,prestadora B
79.0,hombre,grado I,solo,7.0,0.0,40.0,5.0,no,distrito 2,433.5789226364148,no,12 239,sí,30/04/2024,prestadora A
84.0,mujer,sin valorar,solo,1.0,1.0,20.0,2.7,no,distrito 4,88.54843971533236,sí,9 807,sí,24/12/2017,prestadora C
92.0,hombre,grado I,con familia,1.0,2.0,8.0,4.8,sí,distrito 2,56.815624960113816,sí,18 361,no,10/02/2022,prestadora C
85.0,hombre,grado II,con pareja,2.0,0.0,19.0,1.2,sí,distrito 3,130.7240731426652,sí,13 902,sí,07/10/2020,prestadora A
89.0,mujer,grado I,con pareja,1.0,0.0,79.0,2.5,no,distrito 11,15.51207705883287,sí,23 219,no,23/02/2016,prestadora B
86.0,mujer,grado III,solo,2.0,0.0,16.0,3.2,no,distrito 9,260.5754874935747,sí,16 595,no,26/12/2018,prestadora C
74.0,mujer,  grado III ,con familia,1.0,12.0,22.0,3.7,no,distrito 9,16.175007249179643,sí,9 263,no,23/04/2020,prestadora C
79.0,hombre,  grado III ,con pareja,2.0,3.0,33.0,0.4,no,distrito 9,175.97019157325576,no,8 180,sí,25/01/2018,prestadora C
76.0,mujer,grado II,solo,2.0,0.0,24.0,5.6,no,distrito 4,177.841388353366,sí,17 194,sí,06/10/2021,prestadora C
79.0,mujer,grado II,solo,5.0,0.0,29.0,3.4,no,distrito 9,591.1906266488096,no,13 429,sí,18/09/2020,prestadora C
85.0,hombre,grado I,solo,0.0,4.0,5.0,2.2,no,distrito 2,111.33700823717832,sí,15 469,sí,18/05/2023,prestadora C
65.0,mujer,SIN VALORAR,solo,0.0,2.0,23.0,0.3,no,distrito 10,17.383503668861987,no,13 513,no,06/08/2022,prestadora A
83.0,mujer,grado III,solo,10.0,2.0,8.0,1.1,no,distrito 1,3312.804240207856,no,22 935,N/D,18/04/2018,prestadora A
77.0,mujer,grado I,con familia,4.0,0.0,23.0,3.5,no,distrito 8,11.105313482596578,sí,9 212,sí,22/06/2017,prestadora C
81.0,hombre,grado II,solo,0.0,1.0,45.0,10.3,sí,distrito 5,45.05958523212965,no,11 165,no,11/09/2021,prestadora A
82.0,hombre,grado II,con pareja,2.0,1.0,11.0,0.4,no,distrito 9,167.02048510649675,no,35 389,sí,05/04/2018,prestadora B
82.0,mujer,grado II,solo,1.0,0.0,29.0,2.4,sí,distrito 5,99.24359039044077,sí,13 963,sí,07/02/2016,prestadora A
75.0,mujer,grado I,solo,0.0,0.0,36.0,8.0,no,distrito 11,20.628883252169906,no,9 691,no,24/03/2018,prestadora C
91.0,mujer,GRADO II,con familia,2.0,1.0,63.0,5.1,no,distrito 5,29.282479207375648,no,7 718,no,16/07/2018,prestadora A
89.0,hombre,sin valorar,solo,7.0,0.0,19.0,4.1,no,distrito 10,369.5307549715562,no,10 983,no,13/11/2021,prestadora B
79.0,mujer,grado I,solo,4.0,0.0,38.0,2.8,sí,distrito 1,153.2099432229146,sí,20 043,no,08/07/2024,prestadora C
97.0,mujer,sin valorar,solo,2.0,0.0,25.0,3.3,sí,distrito 3,33.510082566931565,no,20 812,no,03/07/2017,prestadora B
79.0,mujer,sin valorar,solo,2.0,0.0,82.0,6.1,sí,distrito 7,40.44428854175203,no,5 413,no,25/01/2019,prestadora B
75.0,mujer,grado II,solo,0.0,1.0,38.0,8.7,no,distrito 5,47.64266047669952,sí,16 190,sí,17/03/2022,prestadora A
74.0,mujer,grado I,solo,1.0,0.0,32.0,3.8,sí,distrito 3,69.48128870641396,no,21 316,sí,17/09/2024,prestadora A
79.0,hombre,grado II,solo,3.0,0.0,23.0,0.9,no,distrito 6,165.74049149737385,sí,14 151,no,13/07/2022,prestadora A
95.0,mujer,sin valorar,solo,4.0,1.0,30.0,7.9,no,distrito 8,290.4067660909401,sí,20 742,no,17/07/2018,prestadora B
72.0,mujer,GRADO I,con pareja,1.0,0.0,91.0,3.6,no,distrito 5,15.50167156066881,no,13 995,no,26/09/2021,prestadora A
86.0,mujer,sin valorar,solo,0.0,0.0,50.0,0.4,no,distrito 10,10.55228659667506,sí,13 545,sí,01/03/2016,prestadora C
65.0,hombre,grado II,con pareja,1.0,2.0,93.0,1.9,sí,distrito 9,17.370333066289568,sí,18 224,sí,23/10/2017,prestadora B
88.0,mujer,sin valorar,con familia,5.0,0.0,136.0,6.0,no,distrito 1,45.447127929121834,no,15 619,no,09/12/2017,prestadora A
76.0,mujer,grado II,solo,0.0,0.0,119.0,5.2,no,distrito 3,26.646999315382015,sí,14 947,sí,30/01/2019,prestadora C
88.0,mujer,GRADO I,solo,3.0,0.0,10.0,1.7,no,distrito 5,290.13335210185403,no,20 450,N/D,02/08/2018,prestadora C
100.0,hombre,sin valorar,con familia,0.0,3.0,101.0,1.8,no,distrito 11,2.6916003498128624,no,12 700,no,20/01/2022,prestadora C
76.0,hombre,grado III,solo,0.0,0.0,32.0,2.1,no,distrito 4,48.05655401399395,sí,17 979,no,07/10/2016,prestadora B
80.0,mujer,grado I,con familia,1.0,1.0,70.0,2.2,no,distrito 1,11.053149646613852,sí,11 109,no,25/07/2023,prestadora C
72.0,mujer,grado I,con pareja,3.0,0.0,38.0,2.1,sí,distrito 10,68.51457995405106,no,23 741,no,14/06/2018,prestadora A
98.0,mujer,grado II,solo,6.0,5.0,18.0,1.8,no,distrito 6,1200.1289828011413,no,22 053,no,14/09/2020,prestadora B
72.0,mujer,grado II,con pareja,3.0,1.0,62.0,6.1,no,distrito 7,64.69434054570878,sí,11 947,no,02/09/2021,prestadora B
76.0,mujer,grado II,solo,1.0,5.0,42.0,1.7,no,distrito 9,407.6717467442607,sí,12 476,no,27/04/2023,prestadora A
81.0,mujer,grado III,solo,1.0,1.0,7.0,3.6,no,distrito 3,278.2217313302744,sí,8 950,no,21/11/2022,prestadora C
70.0,mujer,SIN VALORAR,solo,1.0,0.0,61.0,0.7,no,distrito 6,32.65118035830886,sí,13 805,sí,10/10/2017,prestadora B
79.0,mujer,grado III,con pareja,0.0,1.0,22.0,7.1,sí,distrito 2,68.3547097527478,no,5 393,sí,01/09/2022,prestadora A
82.0,mujer,grado I,solo,6.0,0.0,11.0,6.7,sí,distrito 4,503.6289965275879,no,17 867,N/D,20/08/2020,prestadora A
79.0,mujer,grado II,con pareja,3.0,2.0,75.0,5.9,no,distrito 10,230.4732658281541,sí,13 268,sí,09/08/2023,prestadora B
72.0,mujer,grado I,con pareja,8.0,0.0,55.0,1.0,sí,distrito 5,50.76594981815543,sí,6 057,sí,15/09/2018,prestadora C
91.0,mujer,grado II,solo,0.0,0.0,31.0,3.8,no,distrito 3,37.828859953847896,no,13 245,sí,12/03/2021,prestadora B
93.0,mujer,grado I,solo,1.0,4.0,20.0,4.2,no,distrito 8,80.5658806275683,sí,15 568,no,04/07/2017,prestadora A
90.0,mujer,sin valorar,con pareja,1.0,0.0,39.0,5.7,no,distrito 4,14.181722529330022,sí,13 674,sí,28/06/2016,prestadora B
88.0,hombre,grado II,solo,3.0,0.0,53.0,5.2,sí,distrito 4,140.96777784815964,no,19 587,no,17/04/2016,prestadora A
81.0,mujer,grado I,con pareja,0.0,0.0,77.0,11.3,no,distrito 1,13.707784168607729,sí,14 174,sí,18/04/2018,prestadora A
86.0,mujer,grado I,solo,2.0,4.0,134.0,4.3,sí,distrito 11,310.90232720397637,sí,24 626,sí,29/04/2017,prestadora A
76.0,mujer,grado I,con pareja,3.0,0.0,20.0,10.5,no,distrito 9,53.4676655696253,no,17 654,sí,25/06/2020,prestadora A
88.0,hombre,grado I,con pareja,4.0,0.0,11.0,9.7,no,distrito 3,82.24689940373311,sí,13 813,sí,27/06/2024,prestadora B
80.0,mujer,grado I,con pareja,2.0,0.0,56.0,2.2,sí,distrito 10,28.12462873988838,sí,18 928,no,16/08/2020,prestadora B
89.0,mujer,grado II,solo,2.0,0.0,20.0,19.5,sí,distrito 8,111.37107246225257,sí,8 449,sí,23/03/2017,prestadora C
65.0,mujer,grado III,con pareja,2.0,0.0,25.0,5.5,no,distrito 3,86.62485087606775,sí,12 202,sí,11/03/2017,prestadora B
83.0,mujer,GRADO II,con pareja,0.0,0.0,41.0,3.4,no,distrito 8,13.403274712877892,sí,16 652,no,06/09/2019,prestadora B
86.0,hombre,grado I,con pareja,3.0,1.0,3.0,2.3,no,distrito 8,33.522238733071106,sí,17 832,no,28/12/2019,prestadora B
74.0,mujer,GRADO I,solo,1.0,3.0,41.0,2.9,no,distrito 11,45.073230788143235,no,8 205,N/D,29/02/2020,prestadora C
76.0,mujer,grado II,solo,0.0,0.0,15.0,4.1,no,distrito 9,20.185008451606063,no,10 544,sí,20/02/2022,prestadora A
90.0,hombre,sin valorar,con pareja,0.0,1.0,28.0,1.9,sí,distrito 7,13.519863356194769,no,10 737,no,25/07/2018,prestadora A
85.0,mujer,grado I,con familia,12.0,0.0,24.0,10.2,no,distrito 7,318.72228712505085,sí,28 920,sí,28/12/2016,prestadora B
96.0,hombre,grado II,con familia,2.0,0.0,49.0,2.6,no,distrito 1,21.517869921176555,no,18 126,sí,06/09/2019,prestadora C
69.0,mujer,grado II,con familia,3.0,0.0,29.0,4.8,sí,distrito 6,51.45852242864397,sí,13 023,sí,12/05/2024,prestadora B
78.0,mujer,sin valorar,solo,8.0,0.0,43.0,0.5,sí,distrito 3,145.96745661729096,sí,19 189,sí,19/08/2016,prestadora A
70.0,hombre,sin valorar,con familia,4.0,1.0,47.0,5.0,no,distrito 8,128.07049438801195,no,19 782,no,08/10/2020,prestadora B
84.0,hombre,grado I,con pareja,5.0,1.0,52.0,3.2,no,distrito 11,42.56674965604342,sí,8 200,no,24/09/2018,prestadora B
82.0,mujer,grado I,solo,3.0,0.0,4.0,0.9,no,distrito 4,30.635889834739004,no,14 888,sí,12/03/2016,prestadora B
80.0,hombre,grado I,con pareja,1.0,0.0,36.0,7.1,sí,distrito 7,36.84519068944281,sí,15 098,sí,02/12/2018,prestadora C
80.0,mujer,sin valorar,solo,1.0,2.0,56.0,3.4,no,distrito 8,117.044804230073,sí,11 244,N/D,03/02/2022,prestadora A
78.0,mujer,sin valorar,solo,0.0,1.0,29.0,14.3,sí,distrito 6,32.1296187372534,sí,17 499,sí,27/11/2018,prestadora B
80.0,mujer,  sin valorar ,con pareja,0.0,1.0,25.0,8.6,sí,distrito 7,5.759019971423521,sí,23 791,no,16/10/2017,prestadora B
76.0,mujer,grado I,con pareja,2.0,0.0,29.0,4.7,sí,distrito 9,34.40692097314603,no,21 040,sí,13/08/2024,prestadora C
84.0,hombre,grado I,con familia,3.0,0.0,21.0,3.2,sí,distrito 8,17.51839025432832,sí,26 892,no,04/10/2020,prestadora B
96.0,mujer,grado III,con familia,1.0,0.0,62.0,1.3,no,distrito 11,31.489933922481892,sí,16 998,sí,17/12/2021,prestadora A
80.0,mujer,  grado I ,solo,2.0,1.0,34.0,1.8,no,distrito 7,98.98980009602468,sí,11 902,sí,07/01/2016,prestadora C
89.0,hombre,sin valorar,solo,0.0,0.0,17.0,3.9,sí,distrito 6,17.27417867706773,no,10 615,sí,22/02/2018,prestadora B
83.0,mujer,GRADO II,solo,5.0,0.0,25.0,2.3,no,distrito 11,130.6441560219334,sí,21 811,N/D,18/10/2017,prestadora C
81.0,hombre,grado II,solo,0.0,0.0,47.0,6.6,no,distrito 10,48.8014147864788,no,13 575,N/D,04/07/2019,prestadora A
80.0,mujer,sin valorar,solo,8.0,0.0,29.0,5.6,sí,distrito 4,74.80624923861008,sí,18 918,no,18/03/2022,prestadora C
81.0,mujer,GRADO II,solo,5.0,2.0,31.0,2.9,sí,distrito 8,666.1166190476322,no,12 536,no,25/02/2019,prestadora B
70.0,mujer,sin valorar,con pareja,3.0,1.0,12.0,6.7,no,distrito 9,63.622432351493025,sí,11 965,no,16/09/2017,prestadora A
88.0,mujer,grado I,solo,0.0,1.0,18.0,12.3,no,distrito 7,79.68674348739445,sí,10 023,no,05/01/2016,prestadora C
91.0,mujer,grado I,con pareja,4.0,0.0,28.0,7.0,sí,distrito 10,97.06780524699367,sí,21 598,sí,22/10/2021,prestadora C
68.0,mujer,sin valorar,con pareja,2.0,0.0,21.0,4.1,sí,distrito 3,36.77997504043742,sí,9 999,no,02/08/2020,prestadora B
89.0,mujer,grado II,con pareja,4.0,1.0,34.0,1.9,no,distrito 10,286.3925687035215,sí,12 344,no,05/01/2023,prestadora A
84.0,mujer,sin valorar,solo,2.0,0.0,50.0,9.9,no,distrito 1,101.46632141353862,sí,16 834,no,20/05/2020,prestadora A
103.0,hombre,sin valorar,solo,0.0,1.0,23.0,5.0,no,distrito 8,15.988774247764102,no,15 288,no,09/02/2022,prestadora C
82.0,mujer,grado III,solo,0.0,0.0,32.0,21.1,no,distrito 7,68.27992951113701,no,14 371,N/D,08/04/2023,prestadora A
78.0,mujer,grado II,con pareja,0.0,0.0,9.0,10.0,no,distrito 2,21.290490347962248,sí,13 100,N/D,07/12/2021,prestadora B
78.0,hombre,sin valorar,con familia,3.0,0.0,60.0,0.7,no,distrito 6,73.91249973262465,no,21 166,sí,27/10/2018,prestadora B
79.0,mujer,grado I,solo,0.0,1.0,33.0,1.7,no,distrito 9,15.296803275623727,sí,15 796,no,14/11/2017,prestadora B
82.0,mujer,grado III,solo,3.0,0.0,65.0,3.7,sí,distrito 1,478.1593814841567,sí,13 539,sí,05/03/2018,prestadora C
95.0,mujer,GRADO II,con pareja,2.0,2.0,96.0,6.0,no,distrito 4,31.674022232373883,sí,14 278,no,28/06/2024,prestadora A
80.0,hombre,sin valorar,con familia,6.0,0.0,60.0,0.3,no,distrito 11,92.2286949099221,no,10 580,sí,01/06/2018,prestadora A
98.0,mujer,sin valorar,con pareja,0.0,0.0,58.0,2.7,no,distrito 6,5.721168185951154,sí,24 562,sí,05/12/2022,prestadora A
71.0,mujer,sin valorar,con pareja,1.0,0.0,3.0,1.7,no,distrito 9,49.808540508499085,no,31 074,sí,20/01/2016,prestadora A
80.0,mujer,grado I,solo,2.0,0.0,46.0,10.0,no,distrito 11,92.92458079814877,sí,17 655,sí,07/04/2019,prestadora A
69.0,hombre,grado III,solo,0.0,2.0,11.0,4.3,no,distrito 6,59.86359141970237,no,15 566,sí,01/10/2024,prestadora C
102.0,hombre,sin valorar,con familia,0.0,0.0,12.0,1.4,no,distrito 5,17.621488463728827,sí,9 568,no,27/02/2023,prestadora B
92.0,mujer,grado I,con pareja,5.0,2.0,1.0,5.5,sí,distrito 1,27.826387170995332,no,21 749,sí,14/07/2017,prestadora A
90.0,mujer,grado II,solo,0.0,0.0,59.0,4.3,no,distrito 5,11.672806037875418,no,18 180,N/D,21/10/2017,prestadora B
82.0,mujer,GRADO II,solo,9.0,0.0,61.0,2.6,no,distrito 2,448.4781214910067,no,19 728,sí,29/05/2023,prestadora A
83.0,hombre,grado III,con familia,1.0,0.0,80.0,1.5,sí,distrito 10,15.514190603619076,sí,32 105,no,27/03/2019,prestadora A
71.0,mujer,  grado II ,con familia,4.0,7.0,37.0,10.7,sí,distrito 6,102.61986874493054,sí,12 345,no,28/08/2021,prestadora C
80.0,mujer,grado I,con familia,1.0,0.0,23.0,5.3,sí,distrito 10,11.665215823569424,sí,21 813,sí,06/06/2023,prestadora B
79.0,mujer,grado I,solo,1.0,1.0,43.0,5.1,no,distrito 6,29.616159931274947,sí,17 645,sí,27/04/2023,prestadora C
77.0,mujer,GRADO I,con pareja,1.0,0.0,9.0,8.3,no,distrito 5,58.517852561312075,sí,9 506,N/D,16/03/2018,prestadora A
93.0,hombre,grado III,con pareja,0.0,1.0,17.0,2.7,sí,distrito 7,116.93674578596487,no,31 515,sí,28/02/2022,prestadora C
86.0,mujer,grado III,solo,0.0,0.0,3.0,0.7,no,distrito 11,33.58846624161884,sí,10 851,sí,19/05/2017,prestadora B
82.0,mujer,grado II,con familia,0.0,0.0,35.0,4.4,no,distrito 1,5.018156003471734,sí,7 651,no,27/03/2017,prestadora B
84.0,mujer,grado I,con familia,2.0,0.0,69.0,7.2,sí,distrito 11,32.63274593330527,sí,13 433,no,03/09/2020,prestadora B
86.0,hombre,grado II,con pareja,10.0,0.0,7.0,12.8,no,distrito 3,472.1994572405786,sí,15 816,sí,06/01/2017,prestadora B
92.0,mujer,grado III,solo,4.0,0.0,30.0,12.9,sí,distrito 5,580.6797134105274,sí,12 413,sí,10/01/2019,prestadora B
96.0,mujer,sin valorar,solo,1.0,1.0,24.0,2.5,no,distrito 3,35.892567879625496,sí,9 928,sí,18/09/2024,prestadora B
74.0,mujer,grado III,solo,6.0,0.0,11.0,2.0,sí,distrito 8,1104.1435951649246,no,27 584,no,04/06/2020,prestadora A
74.0,mujer,grado III,solo,1.0,0.0,33.0,6.5,sí,distrito 2,144.26269452932902,sí,9 932,no,18/01/2022,prestadora C
81.0,mujer,sin valorar,con pareja,4.0,0.0,61.0,3.1,no,distrito 8,18.468928059693877,sí,20 974,no,23/03/2021,prestadora A
88.0,mujer,grado I,solo,4.0,1.0,33.0,4.1,no,distrito 5,132.35727152754822,sí,26 285,sí,14/10/2016,prestadora C
96.0,hombre,grado I,solo,0.0,0.0,40.0,5.2,no,distrito 6,36.136814615230534,sí,6 890,sí,24/03/2016,prestadora C
101.0,mujer,grado III,con pareja,2.0,2.0,49.0,4.4,sí,distrito 5,35.0601804760749,sí,19 284,no,12/09/2020,prestadora C
73.0,mujer,grado III,solo,2.0,1.0,29.0,6.8,no,distrito 5,148.27581146104495,no,13 833,N/D,18/05/2021,prestadora B
87.0,hombre,GRADO I,con pareja,0.0,0.0,14.0,2.5,no,distrito 8,11.501710743289719,sí,13 643,no,05/05/2020,prestadora B
77.0,mujer,grado I,con familia,1.0,0.0,1.0,2.2,no,distrito 6,32.63618395505207,no,22 780,sí,06/09/2021,prestadora C
65.0,mujer,grado I,solo,2.0,2.0,54.0,1.9,no,distrito 2,11.423935079922375,sí,28 971,sí,26/04/2021,prestadora A
85.0,mujer,grado I,solo,0.0,0.0,4.0,5.7,no,distrito 3,33.098105196952815,sí,21 511,no,01/01/2019,prestadora C
85.0,mujer,  grado II ,solo,1.0,0.0,31.0,2.8,no,distrito 1,230.9201184460799,sí,11 316,no,21/10/2021,prestadora B
78.0,mujer,GRADO III,con familia,1.0,0.0,47.0,5.3,sí,distrito 1,12.04964170027871,sí,17 422,no,05/01/2021,prestadora C
98.0,mujer,GRADO I,solo,1.0,0.0,131.0,1.1,no,distrito 2,21.016496686440863,no,22 376,sí,12/06/2023,prestadora B
76.0,hombre,grado II,con familia,2.0,0.0,43.0,8.6,no,distrito 4,36.93426694703622,no,21 784,sí,05/10/2021,prestadora B
96.0,hombre,sin valorar,con pareja,1.0,0.0,23.0,3.8,no,distrito 2,35.54078895086148,sí,8 727,sí,21/02/2017,prestadora C
90.0,mujer,sin valorar,con pareja,3.0,3.0,6.0,8.3,no,distrito 2,43.31610084892931,sí,17 228,sí,09/06/2021,prestadora B
76.0,mujer,  sin valorar ,con pareja,5.0,1.0,14.0,2.7,sí,distrito 8,73.79339950596061,sí,6 575,N/D,28/03/2016,prestadora C
78.0,hombre,sin valorar,solo,0.0,0.0,14.0,6.0,sí,distrito 7,16.785345586830115,sí,16 833,sí,21/02/2017,prestadora B
74.0,mujer,sin valorar,con pareja,1.0,0.0,28.0,1.4,sí,distrito 5,9.615674659437135,sí,20 692,no,13/08/2021,prestadora B
83.0,mujer,grado I,con pareja,0.0,0.0,13.0,4.3,sí,distrito 7,25.57835882850281,sí,6 078,sí,06/12/2017,prestadora C
80.0,mujer,  grado II ,con pareja,0.0,1.0,29.0,3.5,no,distrito 2,24.65662447298989,no,28 192,sí,21/08/2023,prestadora C
81.0,mujer,grado I,solo,0.0,0.0,17.0,12.9,no,distrito 10,31.835066786085026,sí,18 526,sí,19/09/2023,prestadora A
82.0,mujer,grado I,con pareja,2.0,0.0,14.0,21.8,no,distrito 9,33.11522030268314,no,16 379,no,13/12/2020,prestadora B
76.0,hombre,grado III,con pareja,1.0,0.0,64.0,0.7,no,distrito 6,50.340162329003185,no,22 403,sí,04/07/2020,prestadora C
65.0,mujer,GRADO I,solo,3.0,0.0,64.0,1.6,no,distrito 11,44.88186084445744,sí,17 451,sí,22/04/2021,prestadora B
78.0,hombre,grado I,solo,5.0,0.0,72.0,15.0,no,distrito 7,247.16137886841105,no,10 179,no,23/12/2016,prestadora A
85.0,mujer,grado II,solo,3.0,0.0,44.0,12.9,no,distrito 2,162.82204750341336,no,12 617,no,19/07/2016,prestadora C
72.0,mujer,  sin valorar ,con pareja,0.0,1.0,49.0,11.0,sí,distrito 6,38.12113885515628,sí,6 530,sí,14/07/2016,prestadora C
90.0,mujer,grado II,con familia,0.0,1.0,65.0,2.5,no,distrito 8,23.027353392946715,sí,10 260,no,13/11/2022,prestadora A
83.0,mujer,grado I,solo,2.0,2.0,82.0,4.9,no,distrito 3,73.02807389184585,sí,19 867,sí,10/09/2020,prestadora B
93.0,hombre,  grado III ,solo,0.0,2.0,16.0,3.7,no,distrito 4,21.71529631334858,sí,26 357,no,16/10/2019,prestadora A
68.0,hombre,grado I,con familia,6.0,1.0,22.0,3.5,sí,distrito 8,114.0472749521851,sí,7 841,no,12/09/2021,prestadora B
84.0,hombre,  grado I ,con pareja,1.0,0.0,58.0,3.9,no,distrito 9,22.72911061004082,no,8 985,no,10/02/2023,prestadora B
76.0,mujer,grado III,solo,1.0,1.0,68.0,0.1,no,distrito 7,88.63914286982457,sí,8 041,no,12/08/2017,prestadora C
66.0,hombre,grado I,con pareja,3.0,0.0,20.0,12.5,sí,distrito 6,101.1494643844304,sí,20 775,no,20/01/2017,prestadora A
86.0,mujer,grado III,solo,1.0,0.0,38.0,8.5,no,distrito 4,74.30973011819424,sí,10 499,no,04/07/2017,prestadora A
83.0,mujer,sin valorar,con pareja,0.0,0.0,34.0,9.3,no,distrito 1,10.535985494512458,no,12 139,no,14/04/2019,prestadora C
93.0,mujer,sin valorar,solo,6.0,1.0,10.0,4.5,no,distrito 3,462.40879106944124,sí,15 411,N/D,12/08/2018,prestadora A
77.0,mujer,grado I,solo,3.0,6.0,74.0,5.8,no,distrito 11,132.7156143475506,no,13 624,no,19/09/2023,prestadora A
85.0,mujer,grado I,solo,1.0,1.0,55.0,1.2,no,distrito 6,107.27501357355985,sí,25 772,sí,23/12/2018,prestadora B
85.0,hombre,GRADO I,con familia,1.0,0.0,77.0,2.8,no,distrito 2,21.05735102493657,sí,8 441,sí,07/09/2019,prestadora C
70.0,mujer,grado I,con pareja,3.0,0.0,41.0,10.6,sí,distrito 4,28.49531286553937,sí,7 864,sí,16/02/2019,prestadora C
79.0,mujer,sin valorar,solo,3.0,0.0,18.0,7.9,sí,distrito 11,290.4734946473913,no,9 108,sí,29/02/2024,prestadora C
93.0,hombre,grado II,con familia,0.0,0.0,42.0,6.3,no,distrito 7,25.929345518683572,sí,13 367,sí,02/05/2024,prestadora C
74.0,mujer,grado I,con familia,8.0,0.0,17.0,5.1,no,distrito 3,243.431435237867,no,14 334,no,13/01/2024,prestadora A
76.0,mujer,sin valorar,solo,3.0,2.0,8.0,1.9,no,distrito 3,105.69828572604807,no,8 621,N/D,13/07/2024,prestadora B
76.0,hombre,grado II,con familia,1.0,2.0,96.0,0.6,no,distrito 6,66.0197066877639,no,20 648,no,05/03/2017,prestadora C
72.0,mujer,  grado III ,solo,2.0,1.0,10.0,1.4,sí,distrito 9,143.89388806531502,sí,11 908,no,13/12/2017,prestadora B
66.0,mujer,grado II,con pareja,4.0,0.0,132.0,2.9,sí,distrito 5,141.92800542978836,sí,14 873,no,02/11/2023,prestadora B
84.0,mujer,sin valorar,con pareja,1.0,1.0,44.0,0.8,no,distrito 2,31.698774560234863,sí,12 344,sí,11/10/2021,prestadora A
96.0,mujer,grado II,solo,6.0,1.0,41.0,3.5,sí,distrito 9,171.20240840212975,sí,19 396,sí,26/01/2020,prestadora C
75.0,mujer,grado III,solo,0.0,1.0,73.0,2.2,sí,distrito 11,31.608567097513163,sí,17 356,sí,06/07/2021,prestadora B
89.0,hombre,  grado III ,con pareja,3.0,1.0,37.0,6.3,no,distrito 7,148.1616422271096,no,12 475,sí,23/08/2016,prestadora B
88.0,mujer,grado I,solo,2.0,0.0,42.0,5.7,no,distrito 10,83.63567170615991,sí,19 830,N/D,04/10/2023,prestadora A
68.0,mujer,  grado II ,con pareja,2.0,0.0,116.0,0.9,no,distrito 10,77.19229898537498,no,13 544,no,21/02/2020,prestadora A
90.0,mujer,  grado I ,con familia,25.0,0.0,54.0,1.4,no,distrito 7,457.2347448610139,sí,14 117,sí,13/03/2020,prestadora B
78.0,mujer,grado I,con pareja,2.0,0.0,75.0,1.3,no,distrito 2,63.8168523876471,sí,12 757,sí,28/10/2016,prestadora A
87.0,mujer,grado II,con pareja,0.0,1.0,26.0,2.7,no,distrito 10,17.71670833361357,no,10 006,sí,19/08/2020,prestadora B
91.0,hombre,  grado I ,con pareja,2.0,2.0,51.0,1.8,sí,distrito 11,65.45209818231439,sí,20 590,sí,05/07/2024,prestadora B
71.0,mujer,sin valorar,con familia,0.0,1.0,27.0,3.9,no,distrito 11,13.422340084213175,sí,12 670,no,09/01/2020,prestadora A
83.0,mujer,sin valorar,solo,0.0,1.0,7.0,5.0,sí,distrito 1,24.38401270813739,no,26 225,no,27/12/2016,prestadora A
85.0,hombre,grado II,con pareja,10.0,0.0,38.0,2.1,sí,distrito 11,224.3487362283143,sí,11 762,no,07/05/2020,prestadora B
86.0,mujer,grado I,solo,3.0,0.0,38.0,3.2,no,distrito 6,175.31070566489134,no,10 872,no,23/01/2022,prestadora A
84.0,mujer,grado II,solo,2.0,1.0,41.0,2.5,no,distrito 10,209.96771879763781,no,16 719,sí,09/02/2022,prestadora B
80.0,mujer,  grado I ,solo,1.0,2.0,36.0,4.4,no,distrito 11,37.27619330006368,no,16 424,no,08/05/2022,prestadora B
89.0,mujer,grado III,solo,0.0,0.0,71.0,2.1,sí,distrito 10,13.303427659310193,sí,19 133,no,01/08/2018,prestadora B
95.0,mujer,sin valorar,solo,2.0,0.0,34.0,1.3,no,distrito 5,27.141976891924756,sí,20 224,sí,18/08/2020,prestadora B
87.0,mujer,grado III,solo,6.0,0.0,23.0,10.7,no,distrito 4,1173.5630890575221,sí,9 938,sí,10/02/2023,prestadora C
72.0,mujer,grado II,solo,2.0,0.0,62.0,1.0,sí,distrito 4,38.556229066218556,sí,14 896,sí,21/08/2019,prestadora C
88.0,mujer,grado I,con pareja,7.0,2.0,3.0,9.5,no,distrito 3,638.4363275919991,sí,15 244,sí,13/12/2022,prestadora C
80.0,hombre,grado I,solo,3.0,0.0,30.0,1.7,sí,distrito 9,233.48674782425303,sí,24 712,sí,10/05/2019,prestadora C
83.0,mujer,  grado II ,solo,0.0,1.0,14.0,8.4,no,distrito 9,50.04816029974694,no,23 788,sí,30/11/2019,prestadora C
87.0,hombre,grado I,solo,5.0,3.0,40.0,2.0,no,distrito 2,117.19006980534078,sí,19 001,N/D,13/07/2024,prestadora C
93.0,mujer,sin valorar,solo,1.0,2.0,53.0,2.4,no,distrito 10,40.31743283771904,sí,37 835,sí,13/05/2022,prestadora B
88.0,hombre,sin valorar,con familia,1.0,0.0,33.0,1.4,no,distrito 8,10.242942990256562,sí,17 627,no,08/02/2016,prestadora B
86.0,hombre,sin valorar,solo,2.0,1.0,13.0,6.0,no,distrito 11,99.68144379068748,sí,20 859,no,11/06/2020,prestadora A
72.0,mujer,SIN VALORAR,con familia,3.0,0.0,49.0,6.4,sí,distrito 10,20.726525443371795,no,19 611,no,24/07/2017,prestadora A
78.0,mujer,grado II,solo,4.0,0.0,56.0,8.4,no,distrito 2,164.1318264578346,sí,11 961,sí,15/05/2023,prestadora A
87.0,mujer,grado I,solo,0.0,0.0,4.0,1.6,no,distrito 4,30.63693520728901,sí,18 771,sí,22/01/2022,prestadora A
77.0,mujer,  grado I ,solo,5.0,2.0,56.0,0.9,no,distrito 2,149.7052127473334,sí,16 378,sí,10/05/2023,prestadora C
92.0,hombre,sin valorar,con familia,0.0,9.0,58.0,4.1,sí,distrito 4,5.486570410084832,sí,10 414,sí,01/10/2019,prestadora C
77.0,mujer,grado I,solo,1.0,9.0,16.0,6.0,no,distrito 4,59.79282804552465,no,11 292,sí,24/06/2022,prestadora A
71.0,hombre,grado I,solo,1.0,2.0,57.0,9.2,no,distrito 1,156.04137564052033,sí,12 792,no,26/09/2024,prestadora C
93.0,mujer,sin valorar,solo,1.0,0.0,106.0,1.8,no,distrito 6,50.0855724980555,sí,18 653,no,27/09/2022,prestadora A
81.0,mujer,grado I,solo,1.0,0.0,24.0,6.4,sí,distrito 3,57.21203603354664,no,13 834,no,11/07/2023,prestadora A
85.0,mujer,GRADO I,solo,1.0,0.0,21.0,12.5,sí,distrito 4,31.447094433915133,sí,13 040,sí,16/07/2020,prestadora C
86.0,mujer,sin valorar,solo,0.0,0.0,14.0,3.9,no,distrito 5,20.36064497010894,sí,18 593,no,01/02/2017,prestadora A
85.0,hombre,sin valorar,con familia,0.0,1.0,19.0,7.4,no,distrito 5,12.273106560520944,sí,15 951,sí,27/10/2017,prestadora A
74.0,mujer,grado I,con familia,3.0,1.0,24.0,9.8,no,distrito 4,63.10490003274246,no,7 102,no,30/05/2019,prestadora C
67.0,mujer,sin valorar,con pareja,3.0,2.0,17.0,2.6,no,distrito 11,27.63871786498107,no,17 468,no,09/08/2023,prestadora C
65.0,hombre,sin valorar,con familia,1.0,1.0,8.0,6.4,no,distrito 3,9.957420028547773,sí,22 221,no,30/09/2016,prestadora A
87.0,mujer,GRADO I,solo,3.0,1.0,30.0,0.2,sí,distrito 4,95.94205158923992,no,28 768,no,21/03/2016,prestadora C
68.0,mujer,grado I,con pareja,1.0,0.0,44.0,2.4,sí,distrito 4,38.12744963836557,sí,14 401,sí,12/10/2021,prestadora A
70.0,mujer,grado III,con familia,2.0,1.0,94.0,5.0,sí,distrito 5,18.80202162275061,sí,14 248,no,06/04/2021,prestadora A
65.0,hombre,sin valorar,solo,2.0,1.0,122.0,7.0,no,distrito 9,63.82418364779416,no,7 241,sí,23/10/2020,prestadora C
91.0,mujer,  grado II ,solo,3.0,3.0,94.0,4.6,sí,distrito 7,384.6119961285322,sí,9 873,sí,15/09/2017,prestadora A
87.0,mujer,sin valorar,con pareja,2.0,0.0,12.0,2.2,no,distrito 2,112.01409151056785,sí,6 662,no,26/04/2020,prestadora C
82.0,hombre,  grado I ,solo,0.0,1.0,56.0,15.7,no,distrito 7,24.448440100124152,sí,15 785,no,06/10/2019,prestadora C
81.0,mujer,grado I,solo,3.0,0.0,20.0,0.4,no,distrito 8,148.54656303907615,sí,14 522,sí,07/07/2023,prestadora A
81.0,mujer,sin valorar,con familia,3.0,1.0,44.0,5.1,sí,distrito 8,16.821082374219152,sí,14 627,sí,22/02/2020,prestadora B
79.0,mujer,grado I,con familia,1.0,0.0,72.0,3.9,no,distrito 7,21.629729803010104,sí,14 276,sí,07/01/2018,prestadora A
83.0,hombre,grado II,con familia,1.0,0.0,36.0,2.5,no,distrito 4,16.200773224141003,sí,16 359,no,05/04/2021,prestadora A
87.0,hombre,grado I,solo,9.0,0.0,57.0,1.0,sí,distrito 4,1609.2920567615872,sí,17 581,sí,08/04/2017,prestadora B
99.0,mujer,sin valorar,con familia,2.0,2.0,22.0,2.1,sí,distrito 10,22.97955953372257,sí,19 002,sí,27/03/2017,prestadora B
79.0,hombre,grado II,solo,0.0,0.0,34.0,1.5,sí,distrito 1,17.006896718532545,sí,17 946,sí,27/05/2022,prestadora C
82.0,hombre,grado I,con pareja,1.0,0.0,49.0,5.1,no,distrito 6,17.286917953321282,no,22 096,sí,09/02/2018,prestadora C
76.0,mujer,sin valorar,solo,0.0,0.0,15.0,14.0,no,distrito 8,24.508902356977945,no,20 877,no,29/06/2019,prestadora C
83.0,mujer,SIN VALORAR,con pareja,1.0,0.0,56.0,0.8,sí,distrito 7,9.319806903860854,sí,28 589,no,07/01/2023,prestadora A
77.0,hombre,grado II,con pareja,0.0,3.0,2.0,1.0,no,distrito 5,40.06201784942969,no,9 512,no,10/07/2019,prestadora A
80.0,hombre,  grado I ,solo,3.0,0.0,68.0,3.6,no,distrito 2,281.88704214884194,sí,8 167,sí,22/04/2016,prestadora C
76.0,hombre,grado II,solo,0.0,0.0,43.0,3.3,no,distrito 8,5.894508097693802,sí,10 312,no,22/11/2023,prestadora B
82.0,mujer,grado I,solo,5.0,0.0,19.0,3.0,sí,distrito 8,209.7964570240252,sí,14 674,sí,04/09/2018,prestadora C
88.0,hombre,grado II,solo,2.0,0.0,39.0,5.8,no,distrito 1,88.07582027085321,sí,15 460,no,19/11/2022,prestadora B
67.0,mujer,grado I,con pareja,2.0,0.0,0.0,6.5,no,distrito 8,66.89754253418323,sí,16 942,sí,30/06/2021,prestadora A
78.0,hombre,grado II,solo,7.0,1.0,9.0,0.9,no,distrito 3,758.8028896771568,no,15 532,no,04/07/2019,prestadora A
89.0,mujer,GRADO II,con pareja,4.0,5.0,77.0,8.0,sí,distrito 2,18.592928732233645,sí,16 978,N/D,21/09/2024,prestadora C
79.0,hombre,grado II,solo,0.0,0.0,40.0,6.9,no,distrito 3,90.40937321421876,sí,15 833,no,05/07/2021,prestadora A
92.0,hombre,grado II,con pareja,0.0,2.0,43.0,0.4,sí,distrito 3,38.57813079505416,sí,20 570,no,10/07/2019,prestadora C
84.0,mujer,grado I,con familia,1.0,2.0,25.0,2.9,no,distrito 9,20.38843103731669,no,16 316,no,15/03/2020,prestadora B
79.0,mujer,SIN VALORAR,solo,7.0,1.0,64.0,1.4,no,distrito 9,263.01201967498326,sí,18 481,sí,16/11/2016,prestadora A
87.0,mujer,sin valorar,con familia,0.0,1.0,62.0,9.7,no,distrito 9,8.552308628405834,sí,8 814,sí,13/02/2023,prestadora A
88.0,hombre,SIN VALORAR,con pareja,3.0,0.0,154.0,2.2,no,distrito 9,25.832248791629,no,14 600,sí,27/06/2017,prestadora A
72.0,mujer,sin valorar,solo,3.0,1.0,33.0,4.1,sí,distrito 2,96.20214475309987,sí,18 472,sí,04/09/2021,prestadora A
74.0,mujer,grado I,solo,5.0,0.0,263.0,2.7,no,distrito 3,124.12139472584784,sí,16 961,sí,09/11/2022,prestadora A
89.0,mujer,grado I,solo,1.0,1.0,34.0,5.0,sí,distrito 10,41.65692579380895,sí,18 052,sí,21/03/2023,prestadora A
76.0,mujer,  grado II ,con pareja,11.0,5.0,44.0,0.9,sí,distrito 10,342.0325309881241,sí,8 064,sí,23/08/2020,prestadora A
88.0,hombre,grado II,con pareja,0.0,0.0,33.0,5.5,sí,distrito 4,17.128473960337367,sí,12 861,no,03/12/2017,prestadora A
70.0,mujer,sin valorar,solo,15.0,0.0,51.0,2.7,sí,distrito 2,410.0670757616697,no,24 669,sí,04/02/2016,prestadora B
79.0,mujer,grado II,solo,2.0,3.0,43.0,1.5,sí,distrito 6,78.46972686423229,sí,19 069,no,26/01/2024,prestadora A
97.0,mujer,GRADO II,con pareja,0.0,0.0,79.0,4.8,no,distrito 9,19.920767967109327,sí,18 013,sí,10/02/2024,prestadora C
88.0,mujer,SIN VALORAR,con familia,4.0,0.0,10.0,2.2,no,distrito 8,29.618137866290688,sí,12 877,no,10/06/2018,prestadora A
90.0,hombre,grado I,solo,4.0,0.0,24.0,1.4,sí,distrito 3,277.45881530501833,sí,14 271,sí,02/08/2021,prestadora B
76.0,mujer,SIN VALORAR,solo,6.0,9.0,31.0,3.0,no,distrito 1,615.5792792907705,no,9 080,sí,29/05/2019,prestadora A
74.0,mujer,grado I,con familia,6.0,0.0,2.0,4.7,no,distrito 1,773.544078710158,no,12 893,sí,25/01/2023,prestadora C
82.0,mujer,  sin valorar ,con familia,6.0,3.0,43.0,5.2,no,distrito 8,97.38710752560979,sí,18 392,sí,02/04/2020,prestadora C
82.0,mujer,grado I,con pareja,0.0,0.0,145.0,4.3,sí,distrito 10,8.841772845453328,sí,9 373,sí,01/11/2017,prestadora B
88.0,mujer,grado I,con pareja,4.0,1.0,104.0,2.0,sí,distrito 6,70.10137773373816,no,21 868,no,19/08/2021,prestadora A
91.0,hombre,grado III,con familia,0.0,3.0,69.0,1.2,sí,distrito 7,23.692612583573016,sí,13 615,no,21/09/2016,prestadora A
88.0,mujer,grado II,con pareja,3.0,0.0,57.0,5.0,no,distrito 5,55.662011651075105,sí,8 182,sí,02/02/2023,prestadora C
86.0,mujer,grado III,solo,0.0,0.0,24.0,1.9,sí,distrito 8,135.49355203672695,no,9 946,N/D,25/08/2017,prestadora C
86.0,mujer,grado II,con pareja,1.0,1.0,4.0,1.2,no,distrito 1,22.712681048047614,no,12 561,sí,31/03/2023,prestadora A
93.0,hombre,grado I,con pareja,0.0,1.0,5.0,4.8,sí,distrito 8,24.068220326700295,sí,10 063,sí,04/11/2019,prestadora C
76.0,mujer,sin valorar,solo,1.0,1.0,5.0,2.1,sí,distrito 2,69.54613571974154,no,9 904,sí,15/11/2016,prestadora A
80.0,mujer,sin valorar,con familia,1.0,0.0,48.0,4.7,sí,distrito 3,9.99970254602191,sí,24 384,sí,20/02/2021,prestadora C
95.0,hombre,grado I,solo,3.0,0.0,146.0,1.4,no,distrito 1,21.091488249713787,sí,14 624,sí,13/04/2018,prestadora A
73.0,mujer,grado I,con pareja,5.0,0.0,55.0,9.0,sí,distrito 2,108.90515545067937,no,13 694,sí,21/04/2020,prestadora B
71.0,mujer,SIN VALORAR,con familia,5.0,0.0,47.0,16.5,sí,distrito 3,69.84595689691409,sí,10 646,sí,02/08/2024,prestadora B
89.0,mujer,sin valorar,con pareja,10.0,2.0,94.0,3.1,no,distrito 10,77.02086352371714,sí,15 085,no,16/10/2016,prestadora B
73.0,hombre,sin valorar,con pareja,0.0,0.0,0.0,3.3,sí,distrito 3,7.74890608727028,sí,11 156,no,11/03/2019,prestadora C
87.0,mujer,grado III,solo,0.0,0.0,70.0,2.8,no,distrito 5,32.62245519483407,sí,21 795,sí,16/05/2024,prestadora C
96.0,hombre,grado I,solo,1.0,0.0,47.0,1.2,sí,distrito 11,29.48021285191869,no,12 639,sí,25/07/2023,prestadora A
80.0,hombre,grado III,con pareja,0.0,0.0,20.0,11.5,sí,distrito 2,47.741589716340485,no,20 332,sí,28/07/2017,prestadora C
93.0,mujer,grado III,solo,1.0,1.0,118.0,1.1,sí,distrito 1,171.909391820605,no,7 333,no,24/02/2016,prestadora B
88.0,mujer,grado I,solo,1.0,0.0,36.0,3.0,sí,distrito 4,32.466734628009924,sí,15 539,sí,04/12/2019,prestadora C
80.0,mujer,sin valorar,con familia,2.0,0.0,79.0,0.8,sí,distrito 9,30.182350077288937,sí,31 545,no,06/11/2018,prestadora A
84.0,mujer,GRADO I,con pareja,5.0,0.0,65.0,6.5,sí,distrito 8,36.67289484423177,sí,10 441,sí,25/06/2020,prestadora C
66.0,mujer,grado II,con pareja,2.0,0.0,41.0,2.5,no,distrito 7,20.515106322983684,sí,13 317,sí,12/01/2024,prestadora B
81.0,hombre,sin valorar,solo,2.0,4.0,27.0,3.0,no,distrito 11,156.91365574551912,sí,28 586,sí,23/01/2020,prestadora A
73.0,mujer,sin valorar,solo,0.0,4.0,60.0,2.7,sí,distrito 7,15.866736938177771,sí,14 473,sí,28/02/2018,prestadora C
86.0,mujer,grado I,con pareja,1.0,0.0,26.0,3.2,no,distrito 3,17.2379432953383,sí,14 478,sí,11/12/2017,prestadora C
90.0,mujer,  grado II ,con pareja,2.0,0.0,28.0,1.3,no,distrito 4,89.59808383747128,no,21 166,no,23/02/2021,prestadora A
81.0,hombre,grado I,solo,3.0,0.0,11.0,9.2,no,distrito 8,60.66885612464493,sí,13 552,no,15/11/2016,prestadora C
82.0,mujer,grado II,solo,1.0,0.0,32.0,5.3,sí,distrito 8,62.474211745690994,no,19 158,sí,15/04/2016,prestadora B
77.0,mujer,grado II,solo,0.0,0.0,58.0,6.3,no,distrito 9,22.959654717385753,sí,6 213,no,29/12/2023,prestadora A
67.0,mujer,grado II,solo,0.0,0.0,17.0,1.3,no,distrito 9,24.16319755898034,no,16 794,no,10/02/2020,prestadora B
90.0,hombre,  grado I ,solo,5.0,2.0,20.0,3.4,no,distrito 10,247.42276772290205,sí,13 555,sí,06/02/2016,prestadora A
87.0,hombre,  grado II ,con familia,3.0,8.0,23.0,5.2,no,distrito 3,25.23241452426768,no,20 882,sí,29/07/2023,prestadora B
92.0,mujer,SIN VALORAR,solo,4.0,1.0,9.0,5.1,no,distrito 8,171.90142037720906,sí,18 867,no,02/11/2022,prestadora B
81.0,hombre,grado II,solo,2.0,0.0,18.0,4.0,no,distrito 6,310.0400539392818,sí,18 092,no,06/11/2017,prestadora B
81.0,hombre,grado I,solo,0.0,0.0,108.0,8.8,no,distrito 3,33.35807682873067,sí,13 915,sí,14/04/2017,prestadora A
75.0,mujer,sin valorar,con familia,7.0,0.0,62.0,2.6,sí,distrito 5,109.0733285441322,sí,17 112,sí,21/02/2023,prestadora A
94.0,mujer,sin valorar,solo,3.0,0.0,45.0,1.5,sí,distrito 7,103.58904289720361,sí,10 567,sí,05/11/2022,prestadora C
81.0,hombre,grado I,solo,8.0,0.0,42.0,3.2,no,distrito 2,310.4779965276071,sí,13 259,sí,19/11/2022,prestadora B
96.0,hombre,  grado II ,con pareja,11.0,0.0,31.0,3.1,no,distrito 8,349.04173973627803,sí,8 458,no,07/08/2021,prestadora A
79.0,hombre,  sin valorar ,con familia,0.0,0.0,110.0,3.9,sí,distrito 2,9.284410159755085,sí,27 055,no,21/02/2016,prestadora C
85.0,mujer,grado III,con familia,3.0,0.0,49.0,7.1,sí,distrito 8,66.61254226132411,sí,5 815,sí,11/04/2023,prestadora A
88.0,hombre,sin valorar,solo,3.0,1.0,44.0,6.0,no,distrito 5,61.574051717012075,sí,27 026,no,25/02/2023,prestadora A
88.0,hombre,grado I,con pareja,3.0,0.0,22.0,8.9,no,distrito 2,42.7853577989136,sí,15 231,no,03/05/2021,prestadora B
84.0,mujer,grado III,solo,0.0,1.0,9.0,4.7,no,distrito 5,95.40316791803907,sí,17 542,sí,22/07/2021,prestadora B
90.0,mujer,sin valorar,solo,3.0,0.0,44.0,3.9,no,distrito 3,130.189523275611,sí,12 259,sí,30/03/2017,prestadora C
75.0,mujer,grado III,con pareja,3.0,0.0,0.0,5.1,sí,distrito 9,214.3562457756146,sí,13 074,sí,06/11/2016,prestadora B
88.0,hombre,  grado I ,con pareja,0.0,6.0,41.0,2.4,no,distrito 10,37.28490870254196,sí,25 518,sí,09/02/2021,prestadora A
79.0,mujer,grado II,con familia,2.0,0.0,12.0,0.1,no,distrito 5,9.723568780869847,no,10 388,no,10/01/2024,prestadora B
77.0,mujer,sin valorar,solo,4.0,0.0,165.0,4.0,no,distrito 9,87.89477188588279,no,17 921,no,28/07/2024,prestadora A
88.0,mujer,sin valorar,con pareja,0.0,0.0,8.0,0.2,sí,distrito 11,10.683918185926036,sí,10 415,sí,12/05/2018,prestadora B
77.0,mujer,sin valorar,solo,4.0,0.0,13.0,4.1,no,distrito 9,192.26881359668178,sí,19 072,sí,06/12/2023,prestadora C
80.0,hombre,sin valorar,con familia,1.0,2.0,50.0,1.6,sí,distrito 6,17.35341123591302,sí,5 575,no,04/06/2022,prestadora A
78.0,mujer,grado I,con pareja,0.0,0.0,15.0,1.5,sí,distrito 5,4.728457833778371,sí,14 584,no,17/12/2016,prestadora B
85.0,mujer,grado II,solo,11.0,0.0,67.0,1.8,no,distrito 11,1580.95908782,no,17 167,sí,07/02/2023,prestadora C
82.0,mujer,grado III,solo,15.0,1.0,8.0,4.1,no,distrito 11,5851.8360167422525,sí,24 713,no,26/01/2018,prestadora C
76.0,mujer,  grado I ,con pareja,2.0,1.0,28.0,8.7,no,distrito 3,54.28983517819811,no,16 699,no,27/03/2018,prestadora C
91.0,hombre,grado I,con familia,5.0,0.0,133.0,0.2,no,distrito 3,24.80618734756106,no,14 995,no,07/02/2017,prestadora A
70.0,hombre,grado III,con familia,0.0,0.0,20.0,5.8,no,distrito 2,16.452033535848713,sí,19 689,sí,15/08/2016,prestadora A
87.0,mujer,grado II,solo,0.0,1.0,21.0,1.1,no,distrito 5,29.30538260782892,sí,5 138,sí,01/10/2018,prestadora B
79.0,hombre,grado I,con pareja,2.0,0.0,44.0,5.1,no,distrito 8,14.339529901901507,no,22 243,no,20/01/2019,prestadora A
84.0,mujer,grado I,con pareja,5.0,1.0,9.0,1.9,sí,distrito 8,131.1301091391308,sí,19 348,sí,11/11/2019,prestadora A
77.0,mujer,GRADO II,con pareja,1.0,2.0,40.0,1.9,no,distrito 1,20.788622587951156,no,18 865,sí,23/10/2023,prestadora B
86.0,mujer,grado III,con pareja,0.0,2.0,27.0,6.2,sí,distrito 11,158.7925636548147,sí,15 727,sí,21/10/2016,prestadora B
86.0,mujer,GRADO II,con pareja,3.0,0.0,34.0,0.5,sí,distrito 10,107.83531683040464,sí,9 091,sí,17/05/2023,prestadora C
89.0,mujer,sin valorar,con familia,4.0,0.0,62.0,4.9,no,distrito 7,45.51437133546615,no,12 408,no,18/03/2017,prestadora A
83.0,hombre,grado I,con pareja,0.0,0.0,58.0,2.9,no,distrito 8,26.816614783276464,no,53 677,no,05/10/2017,prestadora A
74.0,mujer,sin valorar,solo,4.0,0.0,80.0,0.5,no,distrito 4,270.3954158838337,sí,16 477,sí,23/02/2024,prestadora B
91.0,mujer,grado I,con pareja,9.0,0.0,24.0,14.2,sí,distrito 2,195.85929973106832,sí,17 625,no,29/10/2018,prestadora B
92.0,mujer,grado I,solo,3.0,1.0,48.0,10.6,no,distrito 6,179.39047729804585,no,14 230,no,02/09/2022,prestadora B
80.0,mujer,grado III,solo,7.0,1.0,1.0,6.7,no,distrito 8,682.0473617442299,sí,13 471,no,10/12/2016,prestadora A
90.0,hombre,grado III,solo,3.0,1.0,36.0,2.3,sí,distrito 9,226.12957051691635,no,10 632,no,27/10/2017,prestadora A
73.0,mujer,sin valorar,solo,2.0,0.0,19.0,12.2,no,distrito 1,54.71793506489364,sí,12 110,no,23/07/2020,prestadora A
69.0,mujer,grado II,solo,0.0,1.0,7.0,3.6,sí,distrito 1,133.43500294290646,sí,10 277,sí,03/01/2022,prestadora B
83.0,mujer,grado I,con familia,1.0,1.0,30.0,17.3,no,distrito 7,173.14534140546198,sí,14 324,sí,09/07/2023,prestadora A
72.0,mujer,sin valorar,con familia,3.0,1.0,21.0,3.9,sí,distrito 2,67.42231244581922,sí,16 052,no,15/04/2017,prestadora A
65.0,hombre,GRADO I,solo,4.0,0.0,40.0,9.5,no,distrito 1,76.867953291071,no,10 807,sí,10/01/2022,prestadora C
84.0,mujer,grado I,solo,4.0,0.0,52.0,5.1,no,distrito 7,61.1990606681716,no,34 169,no,11/05/2021,prestadora B
80.0,mujer,grado I,solo,0.0,1.0,75.0,1.2,no,distrito 10,5.198588544143242,no,13 956,no,23/10/2021,prestadora C
71.0,hombre,grado III,solo,5.0,2.0,91.0,2.5,no,distrito 11,414.4275878423357,sí,10 099,sí,20/12/2021,prestadora A
65.0,hombre,  grado II ,con pareja,5.0,0.0,37.0,3.4,sí,distrito 1,34.95915172137175,sí,15 208,no,29/01/2017,prestadora A
81.0,hombre,grado II,solo,2.0,0.0,34.0,4.6,no,distrito 6,28.26573936902699,sí,23 524,no,11/04/2020,prestadora C
75.0,mujer,grado I,con familia,7.0,1.0,38.0,2.4,no,distrito 8,55.97641459857849,no,18 622,no,17/11/2019,prestadora A
65.0,mujer,sin valorar,con familia,3.0,0.0,101.0,0.3,no,distrito 11,14.576578143415588,sí,22 255,sí,22/06/2023,prestadora A
90.0,mujer,grado I,con familia,10.0,1.0,54.0,5.1,no,distrito 1,65.35058738187581,no,16 349,sí,17/10/2018,prestadora C
86.0,mujer,  grado I ,con familia,1.0,1.0,27.0,5.7,no,distrito 8,31.332867351354157,sí,22 248,no,20/05/2017,prestadora B
88.0,hombre,grado I,con familia,3.0,0.0,9.0,3.9,no,distrito 4,99.78718757413647,sí,9 101,no,24/01/2018,prestadora A
81.0,mujer,grado II,solo,0.0,0.0,114.0,1.2,no,distrito 6,21.847753043662482,sí,16 373,sí,20/04/2018,prestadora B
76.0,mujer,grado II,solo,1.0,2.0,23.0,0.1,sí,distrito 6,70.63973868546658,sí,14 381,no,30/12/2018,prestadora C
87.0,mujer,grado I,solo,0.0,1.0,54.0,3.5,sí,distrito 9,9.631943256336962,sí,20 152,sí,20/12/2018,prestadora A
86.0,mujer,sin valorar,solo,2.0,1.0,24.0,5.8,no,distrito 2,223.01983919171496,no,12 623,no,13/08/2023,prestadora A
74.0,mujer,grado III,con pareja,5.0,0.0,86.0,4.3,no,distrito 2,209.44347097256176,no,19 844,N/D,09/12/2023,prestadora B
71.0,mujer,grado III,con pareja,3.0,1.0,23.0,1.3,no,distrito 4,100.27459255438202,sí,11 904,no,10/07/2023,prestadora C
65.0,mujer,  sin valorar ,con pareja,1.0,8.0,16.0,10.0,no,distrito 4,34.17042586937975,sí,18 478,sí,08/10/2022,prestadora B
68.0,mujer,grado III,con pareja,0.0,0.0,26.0,8.4,no,distrito 11,47.893241139901676,sí,14 011,no,19/05/2019,prestadora B
85.0,mujer,sin valorar,solo,7.0,0.0,40.0,4.4,no,distrito 10,380.68386924966984,sí,33 163,sí,22/06/2023,prestadora B
77.0,hombre,grado II,solo,0.0,0.0,67.0,11.7,no,distrito 2,73.24806861767723,sí,16 191,sí,05/08/2022,prestadora C
91.0,mujer,grado III,solo,3.0,0.0,21.0,4.0,sí,distrito 6,190.8430939945933,sí,26 461,sí,13/09/2023,prestadora C
81.0,hombre,grado I,con familia,0.0,1.0,66.0,2.4,no,distrito 3,20.111475780249517,sí,17 463,sí,16/03/2024,prestadora A
88.0,mujer,  sin valorar ,solo,0.0,0.0,11.0,6.7,sí,distrito 9,17.97316768769649,sí,19 118,sí,11/01/2024,prestadora A
88.0,mujer,GRADO II,solo,8.0,0.0,51.0,2.1,sí,distrito 8,323.9144525833006,no,14 581,sí,17/05/2017,prestadora B
74.0,hombre,grado II,con familia,0.0,0.0,30.0,5.8,no,distrito 2,30.935483022319378,sí,21 534,no,18/02/2023,prestadora A
68.0,mujer,grado I,solo,2.0,6.0,24.0,1.1,no,distrito 8,22.35388938877233,no,19 819,sí,18/11/2019,prestadora B
92.0,mujer,sin valorar,solo,1.0,3.0,8.0,12.7,no,distrito 2,136.94344326730945,no,13 959,sí,10/10/2016,prestadora C
76.0,hombre,  grado I ,con familia,2.0,0.0,9.0,4.1,no,distrito 1,41.50367025030331,no,11 184,sí,28/12/2020,prestadora C
74.0,mujer,grado II,con familia,0.0,0.0,50.0,4.9,no,distrito 1,8.91008937981534,no,14 860,sí,13/04/2023,prestadora A
69.0,hombre,sin valorar,con pareja,3.0,0.0,11.0,3.8,sí,distrito 10,73.6609306627207,sí,9 322,no,14/09/2017,prestadora A
87.0,mujer,  grado II ,con familia,2.0,1.0,45.0,5.8,no,distrito 3,35.99822862366724,no,15 212,no,21/10/2018,prestadora C
92.0,mujer,grado I,solo,6.0,0.0,25.0,3.3,no,distrito 7,500.31709169673906,no,12 238,sí,02/05/2023,prestadora C
91.0,mujer,sin valorar,con pareja,3.0,2.0,9.0,9.7,sí,distrito 10,33.62858459729089,sí,11 920,no,19/06/2020,prestadora B
74.0,mujer,sin valorar,solo,3.0,0.0,39.0,1.0,no,distrito 8,54.58237093158125,sí,10 101,sí,25/09/2016,prestadora B
78.0,mujer,grado I,con pareja,3.0,0.0,43.0,2.4,no,distrito 5,13.416444708812161,sí,17 388,no,27/03/2018,prestadora A
93.0,mujer,grado I,solo,2.0,0.0,20.0,2.8,no,distrito 2,65.57145175145851,sí,15 876,no,13/05/2020,prestadora A
93.0,hombre,SIN VALORAR,solo,5.0,0.0,30.0,3.4,no,distrito 11,165.03268818815354,sí,46 060,sí,11/04/2024,prestadora A
77.0,mujer,sin valorar,con pareja,0.0,0.0,23.0,1.4,sí,distrito 4,19.932305338964863,sí,12 970,no,31/10/2017,prestadora B
89.0,mujer,grado II,con familia,0.0,0.0,53.0,3.2,no,distrito 5,9.924164392856099,sí,25 895,no,23/11/2017,prestadora A
69.0,hombre,  grado II ,solo,6.0,3.0,50.0,3.4,no,distrito 7,363.59206287755023,no,17 013,no,26/06/2022,prestadora B
82.0,hombre,sin valorar,solo,4.0,0.0,15.0,4.8,no,distrito 5,226.3653890975478,sí,10 371,sí,03/03/2024,prestadora A
84.0,mujer,grado II,solo,0.0,0.0,104.0,2.1,no,distrito 2,13.263346864274272,no,15 175,sí,20/08/2023,prestadora B
91.0,mujer,  grado II ,con familia,0.0,0.0,55.0,2.6,no,distrito 7,3.8312509814786546,sí,11 357,sí,14/05/2022,prestadora B
86.0,hombre,grado I,solo,3.0,0.0,38.0,6.7,no,distrito 7,132.4067326564007,no,10 991,no,26/05/2019,prestadora B
83.0,mujer,  grado III ,con pareja,0.0,1.0,8.0,4.5,no,distrito 4,22.686537679124893,no,32 413,no,30/12/2022,prestadora C
79.0,mujer,grado I,con familia,0.0,0.0,36.0,0.0,sí,distrito 4,4.575607968021152,no,14 222,N/D,28/10/2022,prestadora B
90.0,mujer,grado I,con familia,10.0,2.0,27.0,2.6,sí,distrito 7,78.17984781978525,no,17 918,sí,22/05/2018,prestadora B
87.0,mujer,grado I,con pareja,0.0,0.0,27.0,4.3,sí,distrito 3,34.62109481952407,no,9 789,sí,12/11/2016,prestadora A
88.0,mujer,grado II,con familia,1.0,0.0,3.0,7.2,sí,distrito 4,61.09424179700354,sí,13 509,sí,10/05/2018,prestadora C
91.0,hombre,grado III,solo,4.0,1.0,30.0,7.5,no,distrito 10,123.39071402523281,sí,8 030,no,16/07/2019,prestadora C
103.0,mujer,sin valorar,con pareja,4.0,1.0,69.0,3.3,no,distrito 10,46.65028703546656,no,11 149,no,29/12/2016,prestadora C
73.0,mujer,grado III,solo,4.0,1.0,23.0,6.2,no,distrito 5,873.1902583490634,sí,14 090,no,05/01/2024,prestadora A
102.0,mujer,GRADO II,con pareja,5.0,3.0,39.0,1.2,sí,distrito 8,112.85776445417048,sí,19 552,sí,24/02/2022,prestadora A
71.0,mujer,grado II,con pareja,1.0,0.0,49.0,5.5,no,distrito 7,21.801362091797536,no,35 565,sí,04/07/2024,prestadora C
73.0,mujer,  grado I ,con familia,0.0,0.0,8.0,3.2,no,distrito 7,16.686588918809576,sí,12 617,sí,17/10/2016,prestadora B
90.0,mujer,grado III,solo,0.0,1.0,67.0,1.4,sí,distrito 5,35.408734862225735,no,27 010,sí,04/07/2018,prestadora C
87.0,mujer,grado II,solo,6.0,1.0,47.0,8.8,no,distrito 2,1045.976765916414,sí,16 886,no,31/12/2019,prestadora C
97.0,hombre,grado I,solo,1.0,2.0,18.0,6.8,no,distrito 10,36.75107224970343,no,20 580,sí,15/12/2021,prestadora C
91.0,mujer,sin valorar,solo,3.0,2.0,18.0,4.3,sí,distrito 6,56.72740653863419,sí,19 191,sí,03/08/2020,prestadora B
75.0,hombre,grado II,solo,3.0,0.0,58.0,5.7,no,distrito 11,197.20196384409354,sí,22 943,sí,22/06/2023,prestadora A
82.0,mujer,  grado II ,con pareja,0.0,0.0,68.0,13.9,no,distrito 6,22.904293302296455,no,36 709,no,12/01/2022,prestadora C
66.0,mujer,grado III,con familia,1.0,0.0,24.0,2.7,sí,distrito 3,55.45498768609463,no,8 332,sí,15/09/2016,prestadora B
78.0,mujer,sin valorar,con pareja,1.0,0.0,22.0,2.9,no,distrito 4,28.496864927767962,sí,29 780,sí,23/02/2019,prestadora A
74.0,mujer,grado III,solo,1.0,2.0,64.0,0.8,sí,distrito 1,106.11647533026438,sí,15 335,sí,25/01/2018,prestadora B
79.0,mujer,sin valorar,con pareja,1.0,1.0,31.0,3.7,no,distrito 6,19.957342252677005,sí,15 521,sí,20/02/2016,prestadora C
75.0,mujer,grado II,con pareja,12.0,0.0,17.0,7.3,no,distrito 7,614.2960656420493,sí,8 444,no,12/10/2016,prestadora A
75.0,mujer,  sin valorar ,con pareja,0.0,0.0,55.0,6.5,no,distrito 9,5.621495650461139,sí,18 750,no,23/04/2019,prestadora C
76.0,mujer,  grado I ,solo,1.0,1.0,25.0,2.5,no,distrito 7,70.47116033674433,sí,12 328,no,04/07/2016,prestadora B
83.0,mujer,grado II,con familia,4.0,1.0,9.0,3.3,sí,distrito 8,65.04104300325056,no,31 057,sí,21/01/2024,prestadora B
74.0,hombre,grado II,con pareja,8.0,0.0,7.0,1.6,no,distrito 8,145.58323387086907,no,14 124,sí,17/03/2024,prestadora A
84.0,mujer,grado I,solo,1.0,0.0,18.0,6.4,sí,distrito 5,89.50375342872844,sí,16 479,sí,09/12/2017,prestadora B
84.0,mujer,grado I,con pareja,3.0,0.0,65.0,2.7,sí,distrito 8,38.898164238159666,sí,9 522,no,26/02/2018,prestadora B
92.0,mujer,grado I,con pareja,2.0,0.0,28.0,0.5,no,distrito 2,20.884990390776917,no,6 060,N/D,18/07/2017,prestadora C
72.0,mujer,grado I,solo,0.0,0.0,119.0,2.5,sí,distrito 1,44.27143963471342,no,17 540,no,23/08/2022,prestadora C
78.0,mujer,grado II,solo,0.0,0.0,125.0,3.7,sí,distrito 6,19.477787924268252,no,16 971,no,01/11/2022,prestadora A
91.0,mujer,grado II,solo,0.0,0.0,62.0,4.4,sí,distrito 6,67.32485275723685,sí,9 738,sí,04/02/2021,prestadora A
101.0,mujer,sin valorar,con familia,1.0,0.0,58.0,7.0,no,distrito 7,26.84214708388147,sí,23 143,sí,25/05/2022,prestadora B
81.0,mujer,grado II,solo,0.0,1.0,71.0,2.5,sí,distrito 2,34.823343851684086,sí,9 634,no,24/09/2016,prestadora C
86.0,hombre,grado I,con pareja,4.0,0.0,32.0,2.4,no,distrito 6,78.69497535179019,sí,8 926,no,06/06/2018,prestadora B
92.0,hombre,grado I,solo,7.0,0.0,35.0,5.4,sí,distrito 9,180.19723259760286,no,25 791,sí,05/12/2019,prestadora A
80.0,mujer,  sin valorar ,con familia,10.0,1.0,21.0,8.1,sí,distrito 6,57.63155702540989,no,12 708,no,01/05/2018,prestadora B
71.0,hombre,grado III,solo,4.0,0.0,35.0,1.6,no,distrito 4,413.96100268908737,sí,31 843,sí,28/02/2022,prestadora B
80.0,mujer,sin valorar,solo,0.0,1.0,18.0,7.7,sí,distrito 2,16.93582014037004,sí,40 075,sí,24/07/2018,prestadora C
69.0,mujer,grado II,con pareja,3.0,0.0,40.0,3.3,sí,distrito 8,93.27570039736355,no,12 924,no,04/07/2019,prestadora B
83.0,hombre,  sin valorar ,con pareja,1.0,1.0,23.0,2.5,no,distrito 10,17.30887827508919,no,7 243,sí,02/09/2016,prestadora B
91.0,mujer,grado I,solo,0.0,0.0,24.0,3.8,no,distrito 2,29.624192978775753,no,18 775,no,09/05/2023,prestadora C
88.0,mujer,grado I,con familia,3.0,1.0,8.0,0.4,no,distrito 2,28.13890911189909,no,14 630,no,11/01/2019,prestadora A
74.0,mujer,grado I,con pareja,9.0,4.0,52.0,8.6,no,distrito 10,313.81914365519606,no,20 482,no,09/09/2018,prestadora A
73.0,hombre,SIN VALORAR,con pareja,1.0,0.0,18.0,0.4,sí,distrito 10,25.787217168305535,sí,18 571,sí,13/09/2016,prestadora C
73.0,mujer,grado III,con pareja,1.0,0.0,12.0,4.7,no,distrito 1,11.113574810523422,no,17 325,no,22/09/2020,prestadora A
90.0,hombre,grado I,con pareja,1.0,0.0,21.0,4.3,no,distrito 8,60.4056139070322,no,16 203,sí,24/05/2021,prestadora A
92.0,mujer,grado I,con familia,10.0,2.0,61.0,6.8,no,distrito 9,203.1924840656508,no,19 308,sí,27/09/2021,prestadora A
79.0,hombre,sin valorar,solo,1.0,1.0,47.0,1.7,sí,distrito 1,49.774325537784165,no,23 205,no,14/11/2020,prestadora A
82.0,hombre,sin valorar,con familia,1.0,0.0,28.0,13.6,sí,distrito 9,17.56095160630439,sí,18 363,sí,06/04/2017,prestadora C
75.0,mujer,grado I,solo,1.0,0.0,29.0,1.5,no,distrito 9,58.24799363071345,no,14 099,sí,28/11/2022,prestadora C
79.0,mujer,grado I,con familia,1.0,4.0,102.0,4.1,no,distrito 5,5.720715459204111,sí,22 310,sí,03/01/2022,prestadora A
84.0,mujer,grado I,solo,0.0,0.0,57.0,2.3,sí,distrito 11,22.27941887368481,sí,21 594,sí,28/04/2020,prestadora B
74.0,hombre,sin valorar,solo,0.0,0.0,37.0,4.3,no,distrito 4,18.83088075020815,no,12 053,no,09/03/2023,prestadora B
88.0,mujer,grado III,solo,2.0,0.0,21.0,2.7,sí,distrito 8,155.48234528608458,no,9 204,sí,11/07/2023,prestadora C
103.0,mujer,grado I,con familia,0.0,0.0,39.0,2.3,no,distrito 4,9.007180769288718,sí,14 381,no,03/08/2018,prestadora B
79.0,mujer,grado III,con familia,6.0,0.0,25.0,2.0,sí,distrito 5,207.39142353856033,no,13 322,sí,06/07/2023,prestadora B
77.0,hombre,grado II,con familia,2.0,1.0,30.0,10.2,no,distrito 3,27.571786153042854,sí,18 866,sí,08/08/2018,prestadora C
74.0,mujer,  grado I ,con pareja,3.0,0.0,22.0,4.2,no,distrito 2,72.60753405370238,sí,5 068,no,15/11/2021,prestadora C
81.0,mujer,  sin valorar ,con pareja,1.0,1.0,58.0,4.6,sí,distrito 8,26.92382531513768,sí,16 165,no,02/08/2020,prestadora B
87.0,mujer,grado III,con familia,2.0,0.0,13.0,3.1,no,distrito 1,40.10994674971372,no,17 158,no,13/12/2023,prestadora C
74.0,mujer,grado III,con pareja,4.0,0.0,72.0,6.3,no,distrito 8,45.5031972568049,sí,15 209,sí,13/12/2017,prestadora C
80.0,mujer,sin valorar,solo,0.0,0.0,36.0,11.3,no,distrito 2,4.380689717072102,sí,18 644,no,07/09/2024,prestadora B
88.0,mujer,GRADO III,solo,1.0,7.0,31.0,1.3,no,distrito 7,31.366664619991425,no,13 828,sí,24/11/2017,prestadora B
75.0,mujer,grado III,con pareja,2.0,0.0,120.0,3.0,sí,distrito 11,28.034627162231878,sí,18 775,sí,02/11/2018,prestadora C
82.0,mujer,grado II,con pareja,2.0,0.0,8.0,13.4,no,distrito 7,40.050134327730234,sí,14 736,no,05/03/2021,prestadora B
84.0,mujer,sin valorar,con pareja,5.0,0.0,73.0,2.3,no,distrito 7,41.97052559486496,no,16 808,no,12/05/2019,prestadora B
67.0,hombre,grado III,con familia,3.0,1.0,3.0,1.7,sí,distrito 7,93.59851355110084,sí,14 005,no,10/03/2024,prestadora A
93.0,hombre,grado I,con familia,2.0,1.0,24.0,4.2,no,distrito 6,70.90445520671726,sí,14 882,sí,14/07/2017,prestadora A
86.0,mujer,grado II,con pareja,0.0,0.0,41.0,8.3,sí,distrito 8,8.019568397450083,sí,21 762,sí,02/07/2016,prestadora B
79.0,mujer,sin valorar,con familia,1.0,1.0,53.0,1.3,no,distrito 8,9.520753787125855,no,7 914,sí,13/07/2023,prestadora A
98.0,mujer,sin valorar,solo,4.0,0.0,26.0,2.3,no,distrito 1,485.6623541443258,sí,11 111,sí,11/09/2024,prestadora B
84.0,mujer,grado I,solo,2.0,4.0,34.0,14.5,no,distrito 7,67.50605194683986,sí,8 451,sí,11/06/2022,prestadora A
83.0,mujer,sin valorar,con pareja,0.0,1.0,20.0,10.9,sí,distrito 2,7.8014513069762055,no,17 044,sí,22/01/2024,prestadora C
86.0,mujer,  grado I ,con familia,1.0,0.0,21.0,3.8,no,distrito 7,20.56379203714948,sí,19 587,sí,03/12/2017,prestadora A
65.0,mujer,sin valorar,solo,6.0,0.0,10.0,8.4,no,distrito 5,46.50415679615077,no,18 552,N/D,15/03/2022,prestadora B
73.0,mujer,GRADO I,con familia,2.0,1.0,53.0,2.5,no,distrito 8,17.496182255986053,sí,11 759,sí,12/03/2017,prestadora A
84.0,mujer,grado I,solo,0.0,0.0,119.0,1.9,no,distrito 4,11.259983571720664,sí,24 961,sí,18/03/2020,prestadora A
68.0,mujer,  sin valorar ,con pareja,5.0,0.0,33.0,3.3,no,distrito 6,30.554187451476945,sí,11 603,no,09/02/2018,prestadora A
72.0,hombre,grado I,solo,0.0,0.0,8.0,1.7,no,distrito 6,43.4264928640486,no,12 381,no,03/07/2023,prestadora A
79.0,mujer,grado I,solo,3.0,0.0,9.0,4.9,sí,distrito 6,138.3393739591755,sí,8 243,sí,13/06/2021,prestadora A
77.0,hombre,SIN VALORAR,con familia,0.0,0.0,13.0,4.0,no,distrito 11,4.675448010821863,no,14 330,no,26/07/2020,prestadora C
79.0,hombre,grado I,solo,0.0,0.0,18.0,11.7,no,distrito 2,44.52553573062865,sí,16 437,sí,14/02/2020,prestadora A
70.0,mujer,grado I,solo,0.0,0.0,12.0,5.5,no,distrito 9,29.11116097464718,sí,8 977,sí,27/01/2020,prestadora B
87.0,mujer,grado II,solo,4.0,0.0,23.0,4.8,sí,distrito 1,232.71763939716513,no,24 345,sí,09/01/2018,prestadora B
84.0,hombre,grado II,solo,2.0,0.0,83.0,5.7,sí,distrito 5,134.08031774093004,sí,16 271,sí,11/02/2020,prestadora B
71.0,mujer,grado I,con familia,4.0,0.0,89.0,0.6,no,distrito 1,138.4473089569393,sí,7 337,sí,30/09/2021,prestadora C
87.0,hombre,grado I,con pareja,0.0,0.0,20.0,1.6,no,distrito 10,8.197164461834012,no,18 280,sí,18/04/2023,prestadora B
99.0,hombre,GRADO III,solo,8.0,0.0,34.0,0.5,sí,distrito 9,319.03433395543556,no,13 818,no,29/01/2024,prestadora B
83.0,hombre,grado I,con pareja,4.0,0.0,82.0,5.6,sí,distrito 8,74.0581723614936,no,6 407,sí,19/04/2024,prestadora A
90.0,mujer,grado II,solo,1.0,0.0,33.0,6.3,sí,distrito 10,41.70140977364476,sí,10 035,no,23/02/2022,prestadora C
78.0,mujer,sin valorar,solo,7.0,3.0,56.0,2.3,no,distrito 7,373.8970627912341,no,18 012,no,31/07/2021,prestadora C
92.0,mujer,grado III,solo,1.0,0.0,121.0,1.6,no,distrito 7,53.149088072655,sí,14 702,no,03/11/2017,prestadora A
65.0,hombre,  grado III ,solo,3.0,1.0,11.0,0.8,no,distrito 6,174.9797974414017,sí,8 564,no,09/11/2018,prestadora A
97.0,hombre,grado III,con pareja,3.0,0.0,26.0,8.7,sí,distrito 6,354.6718732146882,no,14 197,no,24/10/2017,prestadora C
97.0,mujer,sin valorar,con pareja,0.0,0.0,28.0,10.1,sí,distrito 6,19.213705167303072,no,12 624,sí,14/10/2017,prestadora A
69.0,mujer,  grado I ,con pareja,2.0,0.0,26.0,3.6,no,distrito 9,93.34629331441913,sí,20 743,N/D,30/05/2023,prestadora A
84.0,mujer,grado I,solo,8.0,0.0,155.0,2.4,no,distrito 5,640.6400986374344,sí,26 995,sí,29/12/2016,prestadora A
78.0,hombre,grado II,con pareja,1.0,0.0,30.0,12.7,no,distrito 1,15.045252327618575,no,9 534,no,15/06/2023,prestadora A
85.0,mujer,sin valorar,solo,4.0,3.0,63.0,8.4,no,distrito 1,154.15440605379825,no,18 783,sí,21/06/2024,prestadora B
75.0,mujer,grado I,solo,4.0,0.0,19.0,4.9,no,distrito 1,125.13812819639385,no,13 639,sí,11/10/2023,prestadora A
87.0,mujer,sin valorar,solo,1.0,0.0,58.0,3.0,sí,distrito 9,23.150667821270556,sí,9 168,no,15/05/2024,prestadora C
79.0,mujer,grado I,con pareja,0.0,0.0,27.0,7.2,no,distrito 2,10.920492233804977,sí,9 120,no,26/08/2023,prestadora B
67.0,mujer,grado I,con pareja,0.0,4.0,31.0,3.2,no,distrito 9,11.048473405255832,sí,11 218,sí,03/06/2018,prestadora B
76.0,mujer,sin valorar,solo,6.0,0.0,45.0,2.4,no,distrito 8,92.37239389208978,sí,16 720,sí,20/10/2019,prestadora C
81.0,hombre,sin valorar,solo,0.0,2.0,51.0,2.4,no,distrito 9,59.19197515146037,sí,19 479,sí,05/10/2020,prestadora A
96.0,hombre,sin valorar,solo,5.0,0.0,58.0,3.1,no,distrito 1,280.56487308382754,sí,8 418,no,03/01/2019,prestadora A
81.0,mujer,sin valorar,solo,5.0,0.0,97.0,2.7,no,distrito 10,69.21312264838274,no,10 138,no,16/09/2016,prestadora C
65.0,mujer,grado I,solo,0.0,1.0,35.0,3.9,sí,distrito 5,26.94376929987771,sí,13 231,no,30/10/2020,prestadora B
83.0,mujer,sin valorar,con pareja,0.0,1.0,71.0,1.8,no,distrito 1,12.574026909358247,sí,11 538,no,24/10/2016,prestadora B
82.0,mujer,grado I,con pareja,0.0,2.0,9.0,9.0,no,distrito 1,40.6963507143473,sí,20 387,no,30/04/2019,prestadora B
84.0,hombre,sin valorar,solo,3.0,0.0,109.0,6.5,no,distrito 10,46.67622321789518,no,12 743,sí,12/09/2017,prestadora A
65.0,mujer,grado II,con pareja,4.0,0.0,38.0,2.3,no,distrito 11,28.276077383871474,sí,13 604,sí,09/06/2017,prestadora B
85.0,hombre,  grado III ,solo,1.0,0.0,68.0,0.9,no,distrito 3,100.66647918762439,sí,9 206,N/D,28/11/2020,prestadora C
66.0,hombre,sin valorar,solo,1.0,0.0,48.0,8.5,sí,distrito 1,38.38288085850007,no,11 963,sí,18/09/2023,prestadora A
77.0,hombre,grado I,solo,5.0,0.0,21.0,1.8,sí,distrito 4,122.88495899632991,no,16 484,sí,09/05/2018,prestadora A
82.0,hombre,sin valorar,solo,1.0,0.0,56.0,5.9,sí,distrito 6,8.004058777862435,sí,10 219,no,19/07/2020,prestadora B
86.0,mujer,  grado I ,solo,2.0,1.0,13.0,11.4,sí,distrito 2,190.85876768932866,no,13 499,sí,30/11/2017,prestadora A
84.0,mujer,  sin valorar ,con familia,2.0,1.0,31.0,2.7,sí,distrito 9,20.148220148260336,sí,21 066,sí,02/06/2017,prestadora C
94.0,mujer,grado I,con familia,2.0,1.0,13.0,7.2,sí,distrito 10,32.05763393915213,no,25 437,sí,21/06/2024,prestadora A
89.0,mujer,grado I,con pareja,0.0,0.0,34.0,1.0,sí,distrito 11,18.21248434801656,sí,22 376,sí,16/11/2017,prestadora B
79.0,mujer,grado I,con pareja,0.0,0.0,83.0,1.7,no,distrito 11,10.127205800521812,sí,22 191,sí,16/04/2021,prestadora C
79.0,mujer,GRADO II,solo,6.0,0.0,23.0,1.0,sí,distrito 7,628.097875450077,sí,18 759,no,31/03/2023,prestadora B
78.0,mujer,grado II,con familia,1.0,1.0,36.0,5.6,sí,distrito 8,11.936323094651412,sí,16 334,no,25/09/2023,prestadora C
76.0,hombre,grado I,con pareja,2.0,0.0,17.0,5.7,no,distrito 8,11.998381876037017,no,9 364,sí,08/05/2023,prestadora A
81.0,mujer,grado I,con pareja,2.0,1.0,35.0,1.8,no,distrito 3,121.31884241028544,sí,15 663,no,31/03/2018,prestadora B
77.0,mujer,GRADO I,solo,6.0,0.0,41.0,6.6,no,distrito 1,204.99372080897115,sí,13 893,N/D,03/07/2024,prestadora B
93.0,mujer,sin valorar,solo,1.0,0.0,58.0,1.5,no,distrito 8,18.519211288090872,no,11 944,sí,26/07/2024,prestadora A
95.0,mujer,grado III,solo,2.0,4.0,46.0,4.3,no,distrito 3,227.75829536864362,sí,12 206,sí,09/10/2023,prestadora C
84.0,mujer,grado III,solo,0.0,0.0,73.0,5.4,sí,distrito 3,26.91671597955032,no,10 791,no,12/01/2016,prestadora C
84.0,hombre,grado II,solo,2.0,0.0,68.0,1.2,no,distrito 5,87.44877503616453,no,21 371,no,10/01/2020,prestadora C
95.0,mujer,grado II,solo,7.0,0.0,10.0,6.6,no,distrito 6,662.2600062088615,sí,11 719,no,06/10/2019,prestadora C
91.0,mujer,grado II,solo,5.0,0.0,9.0,5.3,sí,distrito 1,1163.0411409009369,no,10 268,sí,28/02/2023,prestadora B
89.0,hombre,  sin valorar ,solo,4.0,0.0,17.0,8.6,no,distrito 9,190.77646856769962,sí,17 649,sí,15/06/2017,prestadora C
80.0,mujer,grado III,con pareja,8.0,1.0,102.0,2.6,no,distrito 6,865.5614673807078,no,10 653,sí,13/12/2018,prestadora B
85.0,mujer,grado II,solo,4.0,0.0,52.0,4.1,no,distrito 6,551.9230303324177,no,15 044,sí,11/10/2019,prestadora C
88.0,mujer,sin valorar,solo,2.0,0.0,60.0,0.5,no,distrito 11,6.660783455644382,sí,13 287,sí,15/12/2019,prestadora C
83.0,mujer,grado II,con familia,3.0,0.0,10.0,1.1,no,distrito 11,56.856481933851875,sí,14 713,no,12/01/2016,prestadora C
75.0,hombre,sin valorar,con pareja,2.0,0.0,23.0,3.9,no,distrito 7,45.54727477793734,sí,17 680,no,18/11/2019,prestadora C
68.0,mujer,sin valorar,con pareja,0.0,0.0,41.0,5.4,no,distrito 3,10.446534728737415,sí,12 552,no,05/03/2024,prestadora B
91.0,hombre,grado II,solo,5.0,0.0,24.0,3.5,no,distrito 4,243.63123326651714,sí,10 751,sí,29/09/2022,prestadora C
82.0,hombre,GRADO II,solo,0.0,0.0,33.0,4.8,no,distrito 1,60.3128534174959,sí,15 384,sí,01/05/2016,prestadora A
84.0,mujer,grado I,con pareja,3.0,3.0,50.0,2.9,no,distrito 6,54.20162832894463,sí,9 759,sí,31/10/2021,prestadora C
74.0,mujer,grado I,solo,0.0,0.0,92.0,0.7,no,distrito 1,10.950597391197276,sí,17 078,sí,25/09/2022,prestadora A
73.0,mujer,grado II,solo,1.0,2.0,23.0,0.1,sí,distrito 3,327.12770186152164,sí,14 390,no,17/11/2023,prestadora B
82.0,mujer,grado III,solo,0.0,0.0,33.0,6.6,sí,distrito 11,70.97098927901925,sí,11 207,sí,20/10/2021,prestadora B
89.0,mujer,grado III,solo,1.0,0.0,46.0,7.8,no,distrito 10,47.98747312593802,sí,10 430,sí,01/09/2022,prestadora A
80.0,mujer,grado I,con pareja,0.0,0.0,28.0,4.0,no,distrito 6,14.35019152748719,no,16 957,sí,09/05/2017,prestadora B
75.0,mujer,  sin valorar ,solo,3.0,0.0,60.0,0.1,no,distrito 4,41.48635923288452,sí,12 739,sí,17/07/2019,prestadora C
85.0,mujer,grado II,solo,16.0,3.0,34.0,2.6,no,distrito 5,3047.9064478663295,sí,20 390,sí,12/09/2017,prestadora C
87.0,mujer,sin valorar,solo,0.0,2.0,63.0,2.1,no,distrito 11,19.914351718191817,sí,8 879,sí,24/08/2017,prestadora A
90.0,mujer,grado II,con pareja,1.0,0.0,14.0,6.2,sí,distrito 1,52.980181528604696,sí,7 856,N/D,11/10/2021,prestadora A
87.0,mujer,grado III,solo,0.0,5.0,20.0,5.2,sí,distrito 7,92.07403501266721,no,23 461,no,22/05/2020,prestadora C
88.0,mujer,sin valorar,con pareja,0.0,0.0,26.0,13.1,no,distrito 5,2.7907065969474654,sí,14 632,sí,14/10/2021,prestadora B
72.0,mujer,sin valorar,solo,1.0,0.0,88.0,5.1,no,distrito 8,7.6834395131464674,sí,9 439,sí,01/12/2022,prestadora B
75.0,mujer,grado II,solo,8.0,1.0,61.0,6.3,no,distrito 1,735.0591758363588,sí,13 052,sí,24/02/2022,prestadora A
84.0,mujer,  grado III ,solo,0.0,0.0,6.0,1.8,sí,distrito 6,305.97096142901177,no,10 640,sí,15/03/2017,prestadora C
85.0,mujer,  grado I ,solo,6.0,0.0,96.0,2.1,no,distrito 5,197.48060396320102,no,14 423,sí,24/04/2016,prestadora A
76.0,mujer,  grado I ,solo,0.0,0.0,3.0,1.0,no,distrito 11,100.86185571205179,sí,12 893,sí,27/10/2016,prestadora A
86.0,mujer,sin valorar,solo,2.0,0.0,38.0,2.4,sí,distrito 4,206.21499361291853,sí,13 304,no,05/08/2016,prestadora B
88.0,mujer,grado I,con familia,11.0,0.0,12.0,10.7,no,distrito 4,149.1343202492726,no,11 302,sí,28/08/2024,prestadora A
86.0,hombre,grado I,solo,1.0,0.0,52.0,3.1,sí,distrito 2,28.112968013344215,sí,13 766,no,09/06/2019,prestadora C
81.0,mujer,grado I,con familia,3.0,0.0,47.0,3.7,no,distrito 10,18.896525894674983,sí,14 014,sí,01/10/2019,prestadora C
72.0,hombre,grado II,solo,2.0,0.0,11.0,1.3,sí,distrito 2,132.25159019633332,sí,16 648,sí,07/09/2021,prestadora A
92.0,hombre,  grado III ,con pareja,0.0,0.0,67.0,7.6,no,distrito 2,23.33517711782716,sí,23 350,no,06/01/2019,prestadora A
81.0,hombre,SIN VALORAR,solo,0.0,0.0,11.0,2.9,no,distrito 2,26.215517670525355,no,16 872,sí,22/09/2024,prestadora C
81.0,mujer,sin valorar,solo,0.0,0.0,16.0,5.0,no,distrito 8,54.3527564356629,no,10 740,no,16/12/2017,prestadora B
96.0,hombre,grado II,con pareja,0.0,0.0,53.0,9.9,sí,distrito 8,13.515495733524814,sí,26 529,sí,06/04/2023,prestadora B
80.0,mujer,grado II,con pareja,0.0,1.0,43.0,0.5,no,distrito 6,37.37067803768381,no,13 044,sí,08/07/2022,prestadora A
81.0,mujer,grado I,con familia,0.0,0.0,6.0,2.0,no,distrito 11,12.951348039991542,no,18 454,sí,24/02/2020,prestadora C
90.0,mujer,grado II,con pareja,0.0,1.0,6.0,6.8,sí,distrito 3,19.67779391243102,no,15 249,no,12/10/2023,prestadora B
85.0,mujer,grado II,solo,3.0,0.0,45.0,2.0,no,distrito 10,81.58228610915941,sí,11 955,no,15/12/2020,prestadora B
82.0,hombre,grado I,con familia,9.0,1.0,37.0,1.8,sí,distrito 11,113.14027438391165,sí,9 591,sí,22/02/2022,prestadora B
86.0,mujer,GRADO I,con familia,0.0,0.0,35.0,1.9,no,distrito 3,7.442674272476045,sí,11 998,no,30/03/2016,prestadora A
95.0,hombre,grado I,solo,3.0,0.0,15.0,2.4,no,distrito 3,116.82152581959477,sí,15 660,sí,08/02/2016,prestadora A
71.0,mujer,grado I,con pareja,9.0,0.0,16.0,16.0,no,distrito 6,159.19382988805376,no,7 445,sí,16/11/2021,prestadora C
87.0,mujer,grado III,solo,8.0,1.0,91.0,1.2,sí,distrito 9,485.5372930816917,no,21 013,sí,11/05/2016,prestadora A
76.0,hombre,grado I,solo,0.0,0.0,22.0,5.6,no,distrito 5,87.56158781006866,sí,12 397,sí,14/02/2020,prestadora A
80.0,mujer,grado II,con familia,0.0,1.0,29.0,1.5,no,distrito 5,16.60856937223784,sí,8 287,no,26/04/2017,prestadora C
92.0,mujer,grado I,solo,2.0,3.0,20.0,7.1,sí,distrito 7,287.2267435861637,sí,22 907,sí,28/09/2022,prestadora B
91.0,mujer,grado I,solo,4.0,0.0,63.0,2.9,no,distrito 10,72.3862328771257,no,14 782,sí,10/02/2024,prestadora A
85.0,hombre,GRADO I,solo,9.0,0.0,133.0,9.7,no,distrito 5,820.2151011980603,sí,8 643,sí,11/10/2022,prestadora A
76.0,mujer,SIN VALORAR,con pareja,3.0,1.0,88.0,1.7,sí,distrito 11,24.734963887574764,sí,19 904,no,11/11/2020,prestadora C
89.0,hombre,GRADO III,solo,7.0,3.0,12.0,3.7,no,distrito 10,832.4327142007679,sí,23 093,sí,15/07/2016,prestadora B
95.0,mujer,sin valorar,solo,2.0,0.0,61.0,9.1,no,distrito 7,212.668591506707,sí,21 909,N/D,13/03/2018,prestadora C
87.0,mujer,GRADO III,con familia,7.0,0.0,36.0,8.6,sí,distrito 10,213.7263783963746,no,15 693,sí,24/05/2022,prestadora B
87.0,mujer,sin valorar,con familia,4.0,0.0,54.0,2.9,sí,distrito 1,14.543399456904096,sí,18 805,no,28/01/2020,prestadora A
76.0,mujer,SIN VALORAR,con familia,2.0,3.0,49.0,1.7,no,distrito 2,10.842301002057917,sí,15 448,sí,15/02/2018,prestadora C
96.0,mujer,grado III,con pareja,5.0,2.0,24.0,1.0,no,distrito 5,155.11559514328394,no,14 252,no,11/06/2022,prestadora B
94.0,mujer,  grado I ,solo,1.0,1.0,135.0,4.9,sí,distrito 8,88.545562052858,sí,12 163,no,12/04/2022,prestadora A
82.0,hombre,SIN VALORAR,solo,0.0,0.0,2.0,2.9,no,distrito 5,20.630402392280835,sí,9 008,sí,30/05/2022,prestadora B
77.0,mujer,grado II,solo,2.0,1.0,11.0,3.1,no,distrito 2,63.290745316191654,sí,25 252,sí,16/06/2024,prestadora A
83.0,hombre,grado III,solo,0.0,0.0,78.0,2.6,no,distrito 7,71.42714378394126,sí,9 666,sí,27/06/2024,prestadora A
84.0,hombre,sin valorar,con familia,15.0,0.0,28.0,0.5,no,distrito 6,158.40061670856994,sí,9 631,sí,25/12/2021,prestadora A
74.0,mujer,grado II,solo,5.0,0.0,47.0,9.1,no,distrito 5,159.8297819978775,sí,15 385,sí,21/04/2022,prestadora A
82.0,mujer,grado III,con pareja,2.0,0.0,35.0,11.5,sí,distrito 3,460.40312558617893,no,14 404,sí,30/12/2023,prestadora B
79.0,hombre,GRADO I,con pareja,4.0,0.0,29.0,5.1,sí,distrito 3,55.87237432442528,sí,11 003,sí,07/11/2020,prestadora A
80.0,mujer,grado III,solo,1.0,0.0,34.0,0.6,no,distrito 11,66.50034101077377,no,8 201,sí,01/12/2023,prestadora A
82.0,hombre,grado II,con pareja,0.0,1.0,19.0,3.3,no,distrito 8,9.60816892232426,no,10 107,sí,21/09/2023,prestadora C
88.0,mujer,sin valorar,solo,0.0,1.0,121.0,1.7,no,distrito 10,25.582830456354067,no,13 997,no,28/12/2017,prestadora B
86.0,mujer,sin valorar,con pareja,0.0,0.0,37.0,0.6,sí,distrito 9,14.401338686215668,no,15 494,sí,01/09/2016,prestadora B
103.0,mujer,grado I,con pareja,0.0,0.0,123.0,9.3,no,distrito 7,12.971429941622844,no,14 362,no,20/08/2018,prestadora B
89.0,hombre,sin valorar,solo,2.0,0.0,107.0,5.2,no,distrito 11,12.631679091255823,sí,19 954,no,12/03/2018,prestadora C
86.0,mujer,GRADO III,con familia,4.0,0.0,54.0,1.4,no,distrito 1,87.9558904774345,sí,14 782,sí,30/03/2022,prestadora A
88.0,hombre,GRADO I,con pareja,1.0,0.0,9.0,5.6,sí,distrito 3,32.1747058879853,no,26 990,sí,15/03/2022,prestadora B
90.0,mujer,grado III,solo,1.0,0.0,9.0,9.8,sí,distrito 2,84.56975298085283,sí,12 384,sí,02/09/2019,prestadora C
81.0,hombre,sin valorar,solo,1.0,2.0,28.0,4.9,sí,distrito 3,81.06949880174191,sí,16 984,sí,14/07/2016,prestadora B
86.0,mujer,grado III,con pareja,1.0,0.0,16.0,3.2,no,distrito 5,44.900406941379856,no,21 686,sí,23/01/2020,prestadora B
74.0,hombre,sin valorar,solo,2.0,1.0,22.0,1.2,sí,distrito 7,25.16855005966054,sí,17 046,N/D,28/12/2022,prestadora A
67.0,mujer,grado II,solo,2.0,3.0,65.0,12.2,sí,distrito 4,318.34521377874637,sí,11 924,no,04/09/2020,prestadora C
85.0,hombre,  grado II ,solo,1.0,1.0,7.0,6.5,no,distrito 11,356.20894700047495,sí,23 568,sí,14/03/2021,prestadora C
92.0,mujer,grado I,solo,7.0,1.0,13.0,3.8,no,distrito 4,605.2708568801652,sí,21 248,no,23/05/2016,prestadora A
83.0,mujer,grado II,solo,1.0,0.0,54.0,4.5,no,distrito 3,42.51829213936468,sí,17 416,sí,25/08/2016,prestadora A
82.0,hombre,grado III,solo,0.0,1.0,49.0,4.1,no,distrito 7,48.83408093401405,no,10 609,no,01/08/2023,prestadora C
74.0,mujer,sin valorar,solo,3.0,3.0,13.0,12.2,no,distrito 1,163.44449254226873,sí,11 366,no,20/06/2020,prestadora A
81.0,hombre,sin valorar,solo,4.0,0.0,28.0,1.1,no,distrito 8,203.1730178924922,sí,11 789,sí,27/03/2021,prestadora A
90.0,mujer,SIN VALORAR,con pareja,0.0,2.0,5.0,2.3,no,distrito 2,10.269002503569766,no,11 698,N/D,22/03/2020,prestadora A
75.0,mujer,grado III,solo,5.0,0.0,23.0,3.9,no,distrito 9,208.27946745340395,sí,13 512,no,25/10/2017,prestadora B
80.0,hombre,  grado III ,con pareja,1.0,0.0,81.0,6.5,no,distrito 9,29.564085390726557,sí,13 306,sí,02/11/2016,prestadora C
102.0,hombre,GRADO III,solo,3.0,0.0,16.0,3.6,no,distrito 1,291.59408033937126,no,21 589,sí,02/01/2022,prestadora C
90.0,mujer,sin valorar,con familia,2.0,0.0,62.0,1.6,no,distrito 1,50.378199428368795,sí,15 980,no,17/05/2016,prestadora A
85.0,mujer,GRADO II,solo,0.0,0.0,17.0,19.2,sí,distrito 9,67.57082163203535,sí,18 191,no,26/05/2024,prestadora C
104.0,hombre,grado III,con familia,16.0,0.0,13.0,7.2,no,distrito 5,1916.4245676597893,sí,7 214,no,09/07/2020,prestadora C
67.0,mujer,  grado I ,con pareja,2.0,1.0,31.0,1.7,sí,distrito 10,24.80790419566833,sí,17 228,sí,18/01/2017,prestadora A
86.0,mujer,grado I,con familia,0.0,2.0,77.0,3.3,sí,distrito 4,11.479684831648216,sí,13 446,sí,03/04/2016,prestadora A
82.0,hombre,grado I,solo,0.0,1.0,9.0,2.3,no,distrito 5,10.855510030395614,no,12 365,sí,09/10/2016,prestadora C
93.0,mujer,grado II,solo,2.0,0.0,49.0,4.1,no,distrito 5,143.75789387587844,no,18 885,no,06/08/2022,prestadora A
78.0,mujer,grado II,con pareja,0.0,3.0,56.0,8.8,sí,distrito 1,58.0135689272223,sí,6 336,sí,05/06/2019,prestadora A
87.0,mujer,sin valorar,solo,5.0,3.0,71.0,1.3,sí,distrito 11,511.03143851254725,no,8 275,no,28/06/2020,prestadora A
74.0,mujer,grado I,con familia,2.0,0.0,10.0,2.5,sí,distrito 6,25.824293520873326,sí,11 188,no,01/12/2021,prestadora B
71.0,hombre,grado II,con familia,2.0,4.0,35.0,5.1,no,distrito 1,36.847875824269636,sí,25 440,sí,19/12/2021,prestadora A
66.0,hombre,grado I,solo,9.0,0.0,3.0,4.8,sí,distrito 11,1287.0916953250712,no,21 159,no,15/04/2024,prestadora C
71.0,mujer,sin valorar,solo,2.0,1.0,37.0,7.7,no,distrito 6,44.5948093037672,sí,11 309,no,10/03/2024,prestadora B
89.0,hombre,grado I,con pareja,2.0,3.0,59.0,4.5,no,distrito 8,12.230451273028851,no,11 911,no,18/03/2018,prestadora C
83.0,hombre,grado I,con pareja,5.0,1.0,14.0,4.5,no,distrito 5,150.6722188030037,sí,25 627,sí,24/09/2022,prestadora B
71.0,hombre,grado II,con pareja,2.0,0.0,33.0,1.8,no,distrito 9,33.46277773619912,sí,14 781,sí,06/12/2019,prestadora C
89.0,hombre,grado II,solo,2.0,2.0,1.0,3.3,no,distrito 7,169.29765365844662,no,12 962,sí,15/12/2017,prestadora A
85.0,mujer,  grado III ,solo,2.0,1.0,42.0,3.7,sí,distrito 10,59.8252236281434,sí,10 662,sí,16/11/2023,prestadora C
86.0,mujer,sin valorar,con familia,2.0,0.0,2.0,4.1,no,distrito 10,45.3298927130841,sí,11 798,sí,11/09/2017,prestadora C
85.0,hombre,grado II,con pareja,0.0,3.0,15.0,3.5,no,distrito 6,79.56382455301733,sí,11 402,sí,06/12/2017,prestadora B
65.0,hombre,  grado I ,con pareja,7.0,0.0,55.0,1.7,no,distrito 8,48.20521436549121,sí,10 600,sí,04/01/2017,prestadora C
79.0,mujer,  sin valorar ,con familia,1.0,1.0,56.0,0.9,no,distrito 7,10.766889319064683,sí,12 354,sí,16/07/2018,prestadora C
98.0,hombre,grado II,con familia,0.0,0.0,33.0,0.5,no,distrito 4,12.656756902063155,sí,30 051,no,15/07/2016,prestadora B
91.0,hombre,sin valorar,solo,1.0,0.0,14.0,8.7,sí,distrito 2,31.429453072370574,sí,9 723,sí,04/09/2019,prestadora B
86.0,mujer,  sin valorar ,con familia,1.0,1.0,39.0,2.1,no,distrito 9,5.214416810250583,sí,13 383,sí,25/04/2016,prestadora A
90.0,mujer,grado I,solo,4.0,0.0,64.0,4.2,no,distrito 6,115.5520836345844,no,8 752,sí,25/02/2023,prestadora C
73.0,hombre,sin valorar,solo,3.0,0.0,35.0,2.0,no,distrito 8,22.057835781356996,sí,23 271,no,05/05/2020,prestadora B
65.0,mujer,grado II,con familia,3.0,1.0,2.0,4.9,sí,distrito 2,103.54503216579299,sí,21 915,sí,17/01/2020,prestadora C
87.0,hombre,  grado I ,solo,6.0,0.0,108.0,1.6,no,distrito 3,192.15956479587814,no,14 618,no,12/01/2019,prestadora C
74.0,mujer,grado II,solo,1.0,2.0,93.0,7.8,no,distrito 4,47.19673033086237,sí,23 139,no,16/07/2023,prestadora C
87.0,mujer,sin valorar,con familia,1.0,0.0,33.0,9.1,sí,distrito 4,6.331484603537081,no,27 293,sí,22/09/2021,prestadora B
83.0,mujer,grado III,con pareja,4.0,0.0,47.0,2.3,sí,distrito 8,231.44118594017314,sí,14 188,sí,12/05/2017,prestadora B
75.0,hombre,grado II,con pareja,2.0,0.0,15.0,8.2,no,distrito 9,62.31571385348216,sí,15 032,sí,04/08/2019,prestadora A
74.0,hombre,grado I,solo,7.0,0.0,25.0,1.0,no,distrito 1,937.1148231499673,sí,14 099,no,29/07/2018,prestadora B
86.0,mujer,GRADO I,solo,0.0,0.0,56.0,5.1,no,distrito 5,39.34567144779884,no,9 447,no,11/04/2019,prestadora C
79.0,mujer,  grado I ,solo,0.0,0.0,85.0,6.1,sí,distrito 2,14.613617137630568,no,16 929,no,11/03/2017,prestadora C
68.0,mujer,grado I,solo,2.0,0.0,20.0,9.5,sí,distrito 5,83.78774557366461,sí,13 189,no,23/08/2016,prestadora B
85.0,hombre,grado II,solo,6.0,4.0,26.0,3.2,sí,distrito 8,765.6893030048739,sí,20 706,no,09/10/2020,prestadora B
80.0,mujer,sin valorar,solo,0.0,1.0,62.0,3.4,no,distrito 10,13.333648935015228,sí,21 557,sí,26/10/2021,prestadora B
82.0,mujer,grado I,solo,1.0,0.0,37.0,12.2,no,distrito 7,10.601884096020914,sí,10 608,sí,01/01/2017,prestadora A
86.0,hombre,grado III,solo,5.0,6.0,19.0,2.5,sí,distrito 5,765.4115238743667,sí,14 039,sí,09/06/2024,prestadora A
85.0,mujer,grado II,con familia,1.0,0.0,32.0,3.5,no,distrito 1,41.17105657215641,no,12 410,no,08/08/2017,prestadora C
84.0,hombre,grado I,solo,4.0,8.0,47.0,2.9,no,distrito 7,94.18601082297539,sí,8 919,no,26/12/2018,prestadora A
71.0,mujer,sin valorar,con familia,2.0,1.0,16.0,2.2,no,distrito 6,10.575940270002171,sí,11 637,N/D,02/06/2022,prestadora A
93.0,mujer,grado III,solo,4.0,1.0,45.0,4.1,sí,distrito 4,523.1136178677824,no,10 331,sí,09/02/2020,prestadora C
92.0,mujer,grado II,solo,2.0,0.0,87.0,4.0,no,distrito 9,123.93421573212687,no,11 896,no,24/08/2016,prestadora A
80.0,hombre,grado III,con pareja,3.0,0.0,56.0,3.5,sí,distrito 11,41.35348509340357,no,28 014,no,01/11/2022,prestadora B
77.0,mujer,sin valorar,solo,1.0,0.0,46.0,0.6,no,distrito 11,20.064169372469678,sí,23 076,sí,04/11/2016,prestadora C
80.0,hombre,grado III,solo,6.0,1.0,25.0,0.4,no,distrito 11,245.45596951842137,no,11 869,no,10/10/2016,prestadora A
90.0,mujer,grado II,con familia,5.0,2.0,111.0,2.5,sí,distrito 10,127.03972199583175,sí,22 507,sí,04/05/2021,prestadora A
83.0,hombre,grado II,solo,1.0,3.0,54.0,2.3,sí,distrito 6,49.61017774180022,sí,12 398,no,05/05/2017,prestadora B
79.0,hombre,grado I,con familia,5.0,0.0,21.0,1.3,no,distrito 2,116.83262590586628,no,12 873,no,10/04/2021,prestadora B
87.0,hombre,grado I,con pareja,2.0,0.0,18.0,4.9,sí,distrito 4,28.992783747543058,sí,8 066,no,01/08/2017,prestadora C
85.0,mujer,grado I,solo,1.0,0.0,48.0,4.4,no,distrito 3,30.70151994812804,no,19 230,sí,01/04/2020,prestadora C
81.0,mujer,grado II,solo,2.0,3.0,26.0,2.3,no,distrito 2,202.29173037628576,sí,15 145,N/D,06/02/2017,prestadora A
86.0,mujer,grado I,solo,6.0,1.0,17.0,8.8,no,distrito 11,335.5069552631075,no,14 472,no,17/08/2016,prestadora B
95.0,mujer,grado I,con familia,1.0,0.0,52.0,0.8,no,distrito 5,19.767835294604325,sí,6 694,sí,27/02/2022,prestadora C
73.0,mujer,GRADO I,solo,1.0,0.0,47.0,6.4,sí,distrito 5,111.41285482432829,sí,17 483,no,26/11/2018,prestadora B
75.0,mujer,grado II,solo,4.0,0.0,49.0,1.9,sí,distrito 9,252.49773669893787,sí,11 082,no,31/01/2017,prestadora B
78.0,hombre,grado I,solo,0.0,1.0,121.0,8.8,no,distrito 1,16.85213851874267,sí,7 993,sí,06/01/2017,prestadora B
72.0,hombre,sin valorar,con pareja,2.0,1.0,25.0,6.7,sí,distrito 8,11.411233737744832,no,33 869,sí,23/12/2023,prestadora B
84.0,mujer,sin valorar,solo,4.0,0.0,43.0,2.7,no,distrito 9,110.27119344679808,sí,18 317,no,14/04/2024,prestadora A
78.0,mujer,  grado I ,solo,3.0,0.0,13.0,6.1,no,distrito 5,132.22280812118808,no,28 378,sí,12/03/2016,prestadora C
93.0,hombre,grado I,con pareja,1.0,0.0,33.0,1.4,no,distrito 7,14.83987865181486,no,16 872,sí,17/09/2022,prestadora A
68.0,mujer,grado I,solo,2.0,0.0,65.0,4.2,no,distrito 5,102.37980138008324,sí,15 208,no,03/10/2020,prestadora C
84.0,hombre,sin valorar,solo,2.0,2.0,73.0,5.1,no,distrito 11,61.3636739665831,sí,13 945,sí,16/01/2021,prestadora A
94.0,mujer,grado I,solo,0.0,0.0,59.0,3.3,sí,distrito 4,29.412881738678234,sí,10 989,no,19/05/2017,prestadora C
89.0,mujer,grado III,con familia,0.0,0.0,39.0,8.3,no,distrito 9,40.26049316813913,sí,16 824,sí,21/12/2021,prestadora C
94.0,hombre,grado I,solo,4.0,0.0,127.0,5.8,no,distrito 9,170.4956857047479,sí,22 681,sí,13/10/2017,prestadora B
79.0,hombre,GRADO III,con pareja,1.0,2.0,89.0,12.8,sí,distrito 5,7.944636955012917,sí,15 242,N/D,20/11/2022,prestadora C
81.0,mujer,  grado I ,con familia,3.0,0.0,44.0,2.6,sí,distrito 7,75.60042062584392,no,11 960,no,22/11/2017,prestadora C
85.0,mujer,sin valorar,solo,3.0,1.0,60.0,2.5,no,distrito 10,128.0279214119456,sí,8 221,sí,02/05/2022,prestadora C
98.0,mujer,sin valorar,solo,2.0,2.0,70.0,3.9,no,distrito 9,78.6655671817079,no,15 670,sí,14/06/2020,prestadora B
83.0,hombre,  grado II ,solo,1.0,4.0,16.0,2.3,no,distrito 3,192.49303209034022,sí,13 197,sí,22/04/2024,prestadora C
74.0,mujer,  grado I ,con pareja,1.0,3.0,42.0,0.1,no,distrito 11,86.34643322184836,sí,12 489,N/D,01/09/2024,prestadora A
87.0,mujer,GRADO III,solo,6.0,1.0,21.0,5.1,no,distrito 10,712.8100904693796,no,12 714,sí,19/07/2018,prestadora B
73.0,mujer,sin valorar,solo,1.0,0.0,3.0,3.4,no,distrito 2,155.6557293150975,no,16 819,sí,08/01/2022,prestadora C
88.0,mujer,grado II,solo,3.0,1.0,76.0,2.5,sí,distrito 10,159.1058556232178,sí,16 774,sí,06/03/2019,prestadora B
76.0,mujer,grado II,solo,3.0,0.0,35.0,6.5,no,distrito 5,401.9017143017035,no,26 810,sí,20/05/2022,prestadora B
77.0,mujer,grado III,con pareja,2.0,0.0,60.0,5.8,sí,distrito 4,64.04695897414297,sí,17 915,sí,16/02/2020,prestadora A
85.0,hombre,grado II,solo,2.0,0.0,28.0,2.4,sí,distrito 8,290.32726983797653,sí,15 338,sí,24/12/2023,prestadora B
95.0,mujer,  grado II ,con pareja,0.0,0.0,51.0,6.4,no,distrito 1,4.54034892804734,sí,19 344,no,05/05/2019,prestadora B
86.0,hombre,grado II,con pareja,16.0,0.0,19.0,2.2,sí,distrito 3,863.1030570986526,sí,19 931,no,29/03/2016,prestadora C
86.0,mujer,grado I,solo,2.0,1.0,12.0,4.4,no,distrito 6,265.2296702227213,no,13 564,sí,07/09/2023,prestadora B
85.0,hombre,sin valorar,con pareja,0.0,0.0,17.0,2.5,no,distrito 6,6.478510357007352,sí,22 849,sí,02/05/2020,prestadora A
75.0,mujer,grado I,con familia,2.0,0.0,64.0,5.1,no,distrito 1,5.304954034132795,sí,14 540,sí,12/04/2024,prestadora B
82.0,mujer,grado I,con pareja,2.0,0.0,14.0,4.2,no,distrito 7,112.48675921643806,sí,13 011,no,22/03/2016,prestadora B
97.0,hombre,sin valorar,solo,1.0,2.0,32.0,2.8,no,distrito 8,20.91388064861869,sí,11 553,no,06/11/2023,prestadora B
96.0,hombre,grado III,solo,4.0,0.0,21.0,6.5,no,distrito 6,213.7246471971355,no,9 665,sí,02/02/2016,prestadora C
87.0,mujer,sin valorar,solo,4.0,3.0,43.0,5.5,sí,distrito 10,249.10417610046468,sí,13 844,N/D,23/01/2023,prestadora A
70.0,mujer,grado III,con familia,0.0,2.0,47.0,7.7,sí,distrito 5,23.082695620809336,sí,16 401,sí,15/12/2023,prestadora B
72.0,mujer,grado III,solo,8.0,0.0,7.0,1.8,no,distrito 9,892.7632557720829,sí,11 741,sí,29/07/2017,prestadora B
89.0,mujer,grado I,solo,0.0,0.0,27.0,2.4,sí,distrito 3,25.718620970995364,sí,14 610,no,11/08/2022,prestadora B
83.0,mujer,grado III,con pareja,6.0,2.0,19.0,1.7,sí,distrito 4,275.73047728943567,no,13 162,no,13/12/2016,prestadora A
73.0,mujer,grado I,con familia,1.0,0.0,40.0,1.0,no,distrito 1,21.666578089187123,sí,18 431,sí,19/06/2019,prestadora A
91.0,hombre,grado I,con pareja,4.0,0.0,13.0,1.6,sí,distrito 10,42.332747682704515,sí,22 270,no,22/02/2024,prestadora A
73.0,hombre,sin valorar,solo,4.0,2.0,47.0,1.4,no,distrito 8,37.33370970702906,sí,16 252,N/D,08/03/2024,prestadora B
80.0,mujer,grado II,solo,0.0,2.0,7.0,1.6,no,distrito 9,88.41415233185825,no,6 851,sí,22/06/2020,prestadora C
91.0,hombre,grado III,solo,0.0,1.0,27.0,3.1,no,distrito 11,47.863462452527536,sí,7 715,sí,18/01/2020,prestadora A
79.0,mujer,grado I,solo,4.0,0.0,12.0,10.8,no,distrito 4,211.52628617390295,sí,11 919,sí,11/10/2018,prestadora A
81.0,hombre,grado I,con familia,3.0,0.0,66.0,14.9,no,distrito 6,45.546799484694496,sí,17 118,no,18/01/2016,prestadora C
65.0,hombre,grado I,solo,5.0,1.0,73.0,0.3,sí,distrito 7,189.47209972856612,sí,13 262,no,21/11/2022,prestadora B
82.0,hombre,sin valorar,solo,2.0,0.0,12.0,5.0,sí,distrito 11,139.59661446992257,sí,11 665,no,12/07/2020,prestadora A
89.0,hombre,grado III,solo,3.0,0.0,24.0,7.3,sí,distrito 1,231.2480913623349,sí,17 613,no,09/05/2021,prestadora A
67.0,mujer,grado II,con pareja,1.0,0.0,14.0,5.8,no,distrito 10,49.217320198405794,no,19 287,sí,16/09/2024,prestadora A
92.0,mujer,grado II,con familia,1.0,7.0,49.0,1.4,sí,distrito 7,26.993417134062692,no,17 499,sí,28/06/2017,prestadora B
85.0,mujer,grado I,con pareja,12.0,0.0,19.0,4.4,no,distrito 11,372.06546013378284,sí,19 476,sí,01/04/2018,prestadora A
76.0,mujer,GRADO II,solo,0.0,0.0,49.0,3.4,no,distrito 1,34.459861972793995,no,16 844,sí,08/02/2019,prestadora B
87.0,hombre,grado II,solo,4.0,0.0,27.0,1.0,no,distrito 4,85.74380972565582,no,16 908,sí,02/09/2020,prestadora B
91.0,mujer,grado II,solo,4.0,0.0,100.0,1.8,no,distrito 2,427.3502814162542,sí,18 396,sí,20/08/2018,prestadora A
85.0,mujer,  sin valorar ,con familia,2.0,0.0,23.0,11.4,no,distrito 8,19.667882568186144,no,19 495,no,10/02/2017,prestadora C
65.0,mujer,grado I,solo,3.0,1.0,67.0,3.3,sí,distrito 2,405.37932431000246,sí,9 165,sí,23/10/2022,prestadora C
76.0,hombre,grado I,con familia,2.0,1.0,11.0,4.1,sí,distrito 10,64.33695391632087,sí,23 891,sí,17/03/2024,prestadora A
67.0,mujer,grado I,solo,0.0,0.0,5.0,5.2,no,distrito 5,19.329377617316855,sí,15 370,sí,17/02/2020,prestadora B
73.0,mujer,grado II,con familia,5.0,0.0,40.0,4.9,no,distrito 5,362.2386194557627,sí,10 651,no,12/07/2016,prestadora B
84.0,mujer,grado II,con pareja,0.0,0.0,75.0,5.6,no,distrito 6,35.44399464092284,sí,13 964,no,22/07/2020,prestadora A
82.0,hombre,grado II,con pareja,1.0,3.0,51.0,3.1,no,distrito 8,44.38863049467685,no,7 867,no,21/07/2024,prestadora A
76.0,hombre,GRADO III,solo,0.0,0.0,166.0,1.7,no,distrito 5,35.79023602163438,sí,24 296,sí,17/03/2023,prestadora C
91.0,mujer,grado I,solo,0.0,1.0,6.0,2.4,no,distrito 5,27.87226373158685,no,7 316,no,13/06/2019,prestadora A
87.0,mujer,sin valorar,solo,6.0,0.0,14.0,2.2,no,distrito 11,121.06106739082716,sí,25 736,no,19/11/2017,prestadora C
82.0,mujer,grado III,con pareja,5.0,2.0,5.0,5.4,sí,distrito 2,95.57272100711934,sí,11 183,sí,26/05/2020,prestadora A
70.0,mujer,grado II,con pareja,1.0,0.0,35.0,4.6,no,distrito 4,65.21484800124361,sí,20 176,sí,22/06/2023,prestadora C
82.0,mujer,grado II,solo,5.0,0.0,72.0,7.2,sí,distrito 6,511.52671858795526,sí,10 696,sí,09/09/2020,prestadora B
80.0,mujer,grado II,con pareja,3.0,0.0,8.0,9.8,no,distrito 6,91.77130238343807,no,25 371,sí,17/09/2018,prestadora B
89.0,mujer,grado II,solo,5.0,1.0,21.0,10.8,no,distrito 10,151.54578519224958,sí,11 470,no,18/09/2024,prestadora C
91.0,hombre,grado II,con pareja,2.0,0.0,11.0,8.3,no,distrito 4,69.29548357244626,sí,21 966,no,02/09/2018,prestadora A
89.0,hombre,grado II,solo,8.0,0.0,46.0,3.1,no,distrito 11,675.5970701608553,no,13 188,no,20/04/2022,prestadora A
82.0,mujer,sin valorar,con pareja,2.0,2.0,42.0,14.5,no,distrito 3,92.21490692221374,no,11 733,sí,15/09/2019,prestadora C
81.0,mujer,grado I,solo,2.0,2.0,43.0,0.9,no,distrito 11,69.13456663434012,no,16 047,no,15/04/2017,prestadora B
85.0,mujer,sin valorar,con pareja,4.0,0.0,14.0,6.5,no,distrito 5,42.38357763649937,no,8 799,sí,09/10/2020,prestadora C
65.0,hombre,grado II,con pareja,2.0,1.0,18.0,8.2,sí,distrito 8,62.70808199326695,sí,7 588,no,02/08/2019,prestadora C
86.0,mujer,  sin valorar ,solo,4.0,1.0,20.0,3.3,sí,distrito 3,93.41388743767587,sí,13 734,sí,19/12/2021,prestadora B
85.0,mujer,GRADO II,solo,1.0,1.0,4.0,0.8,no,distrito 2,87.93530502801836,sí,23 301,sí,30/08/2021,prestadora C
80.0,mujer,  sin valorar ,solo,0.0,0.0,29.0,3.5,sí,distrito 6,4.029181408245446,sí,15 456,sí,12/09/2018,prestadora C
88.0,mujer,grado III,con pareja,2.0,2.0,59.0,0.9,sí,distrito 5,84.81624811108665,no,10 664,no,09/10/2019,prestadora A
72.0,mujer,  grado III ,con pareja,4.0,1.0,40.0,7.1,no,distrito 1,776.1609454637304,sí,6 118,no,09/03/2017,prestadora B
96.0,mujer,sin valorar,con pareja,0.0,0.0,22.0,4.1,no,distrito 7,8.279926822337622,sí,30 888,sí,20/07/2022,prestadora B
80.0,mujer,grado III,solo,3.0,1.0,30.0,4.2,no,distrito 7,473.87494809855906,sí,17 263,sí,11/02/2022,prestadora A
73.0,mujer,grado I,con pareja,9.0,1.0,20.0,5.9,sí,distrito 8,264.59211669882814,sí,23 622,sí,17/11/2020,prestadora B
72.0,mujer,sin valorar,solo,0.0,1.0,54.0,1.6,no,distrito 6,21.315271680971286,sí,13 154,no,01/02/2018,prestadora C
95.0,hombre,  grado III ,solo,1.0,0.0,60.0,3.5,sí,distrito 5,191.9020463852533,sí,17 403,no,19/08/2022,prestadora B
85.0,mujer,sin valorar,con pareja,0.0,1.0,48.0,1.1,no,distrito 2,9.046537274970712,sí,10 893,no,06/01/2020,prestadora B
94.0,mujer,grado I,solo,2.0,0.0,92.0,0.5,sí,distrito 7,62.63811978194814,sí,20 749,sí,17/08/2024,prestadora C
88.0,mujer,sin valorar,solo,0.0,0.0,76.0,0.5,no,distrito 6,6.221465849314078,sí,6 229,sí,25/10/2023,prestadora C
68.0,mujer,grado III,solo,0.0,1.0,51.0,2.6,no,distrito 6,22.55565047287348,no,15 250,no,29/05/2021,prestadora A
83.0,mujer,sin valorar,solo,3.0,0.0,6.0,4.0,no,distrito 9,46.735231127034446,no,17 126,no,21/08/2020,prestadora B
66.0,hombre,sin valorar,con familia,1.0,0.0,26.0,5.0,no,distrito 6,6.103688659950992,sí,11 399,no,10/12/2021,prestadora A
77.0,hombre,sin valorar,con pareja,2.0,0.0,101.0,0.8,no,distrito 9,13.901348136790347,no,9 896,sí,05/09/2023,prestadora B
82.0,mujer,grado I,con familia,0.0,1.0,83.0,6.2,sí,distrito 7,6.103845750354971,sí,20 438,N/D,10/03/2017,prestadora B
86.0,mujer,  grado III ,solo,0.0,0.0,26.0,7.1,sí,distrito 1,79.31827126755867,no,15 719,sí,26/02/2018,prestadora B
86.0,mujer,sin valorar,solo,2.0,0.0,32.0,7.1,sí,distrito 4,30.243900234735154,sí,16 881,sí,18/12/2016,prestadora C
80.0,mujer,sin valorar,solo,6.0,0.0,31.0,4.0,no,distrito 7,304.9492567558803,no,15 538,no,25/03/2024,prestadora A
68.0,mujer,grado III,solo,3.0,0.0,30.0,7.1,no,distrito 10,176.68209220073157,sí,15 354,no,07/04/2020,prestadora B
85.0,mujer,grado I,con pareja,11.0,0.0,7.0,3.4,no,distrito 7,856.3776791875766,no,17 262,N/D,21/05/2019,prestadora A
77.0,mujer,grado I,con familia,3.0,1.0,42.0,1.6,no,distrito 2,39.015953121964166,sí,42 913,sí,02/01/2019,prestadora A
81.0,mujer,sin valorar,solo,3.0,2.0,120.0,2.0,no,distrito 8,136.69135162851185,no,17 151,sí,14/01/2018,prestadora C
71.0,hombre,grado I,con familia,1.0,0.0,39.0,5.6,no,distrito 2,16.817563566687213,sí,12 523,sí,21/08/2019,prestadora C
76.0,hombre,sin valorar,solo,2.0,0.0,19.0,4.6,no,distrito 11,43.91056749541723,no,36 323,sí,09/05/2022,prestadora B
77.0,hombre,GRADO I,solo,2.0,0.0,13.0,1.1,no,distrito 10,199.52754070708554,no,14 396,sí,18/03/2019,prestadora A
92.0,mujer,grado I,solo,1.0,1.0,20.0,10.6,no,distrito 6,161.17251789019295,sí,9 315,sí,21/08/2020,prestadora A
80.0,hombre,grado III,solo,1.0,0.0,43.0,15.0,no,distrito 10,216.70887463899703,sí,11 724,no,11/07/2022,prestadora A
80.0,mujer,sin valorar,con pareja,3.0,1.0,30.0,11.3,no,distrito 10,29.221208280723413,sí,15 309,no,06/04/2016,prestadora C
75.0,hombre,sin valorar,con pareja,3.0,1.0,19.0,2.8,no,distrito 11,85.87812870074296,no,8 492,sí,12/06/2016,prestadora C
69.0,mujer,  grado III ,con pareja,0.0,0.0,21.0,5.2,no,distrito 4,9.487291352713092,sí,11 581,sí,09/03/2017,prestadora B
68.0,hombre,grado I,solo,7.0,0.0,10.0,1.4,no,distrito 6,214.7843870611916,no,10 789,no,29/01/2024,prestadora C
90.0,mujer,GRADO I,con familia,0.0,0.0,5.0,3.0,sí,distrito 10,6.647300683479244,no,23 948,sí,10/10/2016,prestadora A
72.0,mujer,sin valorar,solo,2.0,0.0,43.0,8.3,no,distrito 5,13.351737149400426,sí,7 523,N/D,11/12/2021,prestadora C
76.0,mujer,grado III,solo,2.0,1.0,67.0,5.5,sí,distrito 6,205.9754709162292,sí,15 178,no,20/02/2016,prestadora C
76.0,mujer,grado I,con pareja,4.0,0.0,37.0,1.5,sí,distrito 1,60.71815359937429,no,14 081,sí,18/12/2022,prestadora A
80.0,mujer,grado I,con pareja,0.0,0.0,62.0,0.6,no,distrito 2,6.341216674177455,no,12 714,sí,05/08/2021,prestadora A
80.0,hombre,grado I,solo,2.0,1.0,48.0,3.8,no,distrito 3,68.1203905776961,sí,11 722,sí,27/11/2020,prestadora C
79.0,hombre,sin valorar,con familia,1.0,0.0,24.0,4.7,no,distrito 7,4.454341592579717,sí,17 543,no,16/06/2017,prestadora C
79.0,hombre,grado I,solo,0.0,2.0,64.0,1.7,sí,distrito 5,23.603256066494033,sí,9 907,sí,17/01/2016,prestadora B
88.0,mujer,GRADO II,con pareja,1.0,1.0,13.0,8.5,no,distrito 1,27.868422369439656,sí,7 523,no,04/06/2020,prestadora A
77.0,mujer,grado III,con pareja,8.0,1.0,12.0,0.2,no,distrito 6,709.0963587637543,sí,11 445,no,11/08/2019,prestadora C
73.0,hombre,grado II,solo,2.0,0.0,16.0,3.2,sí,distrito 2,48.892406233625636,sí,27 124,no,21/03/2018,prestadora C
73.0,mujer,sin valorar,solo,1.0,3.0,38.0,11.6,sí,distrito 7,220.55374953898558,no,22 190,sí,24/01/2017,prestadora A
97.0,mujer,sin valorar,con pareja,2.0,0.0,75.0,10.0,no,distrito 4,32.65063405448244,sí,14 167,no,03/02/2022,prestadora C
80.0,mujer,grado I,solo,0.0,0.0,19.0,4.9,no,distrito 10,9.73878580804539,sí,10 185,no,21/07/2017,prestadora A
79.0,mujer,  grado II ,con familia,3.0,3.0,38.0,4.2,sí,distrito 4,29.604847390706396,no,29 458,no,19/04/2019,prestadora A
72.0,mujer,  sin valorar ,solo,2.0,16.0,113.0,2.0,sí,distrito 11,297.95305319448795,sí,9 893,sí,31/07/2023,prestadora B
70.0,mujer,grado I,solo,5.0,1.0,38.0,2.0,no,distrito 10,330.1439724148614,no,10 790,sí,11/07/2022,prestadora B
77.0,mujer,sin valorar,solo,0.0,1.0,26.0,2.5,sí,distrito 1,52.15038082057133,sí,10 580,sí,28/12/2018,prestadora C
70.0,mujer,grado I,solo,1.0,0.0,26.0,3.6,sí,distrito 7,39.18899893046113,sí,20 153,sí,26/02/2018,prestadora A
86.0,hombre,sin valorar,solo,0.0,3.0,3.0,4.7,no,distrito 5,53.0469347959216,sí,14 677,sí,29/05/2018,prestadora C
83.0,mujer,grado II,solo,1.0,3.0,45.0,5.0,sí,distrito 10,174.003660408343,sí,11 337,sí,26/12/2022,prestadora C
76.0,mujer,grado II,con pareja,2.0,0.0,112.0,9.0,no,distrito 4,11.95165091637503,sí,17 312,no,29/09/2024,prestadora C
85.0,mujer,sin valorar,con pareja,0.0,0.0,22.0,4.5,sí,distrito 6,14.755816614763289,sí,16 323,sí,13/04/2019,prestadora C
78.0,mujer,grado III,solo,2.0,0.0,53.0,0.9,no,distrito 2,645.7978190847805,sí,6 996,no,08/04/2022,prestadora B
86.0,hombre,grado I,con pareja,0.0,0.0,29.0,8.2,no,distrito 6,6.160734880061618,no,14 063,sí,24/06/2017,prestadora C
82.0,hombre,grado II,con familia,0.0,1.0,24.0,8.8,no,distrito 11,17.266562148130593,no,8 277,no,21/03/2024,prestadora A
72.0,hombre,grado I,con pareja,5.0,2.0,55.0,6.1,no,distrito 11,92.308991128976,sí,12 100,sí,21/07/2018,prestadora C
83.0,mujer,grado I,con pareja,3.0,3.0,34.0,6.5,no,distrito 7,24.38627086688326,sí,13 981,sí,20/09/2019,prestadora A
81.0,mujer,grado II,solo,1.0,0.0,43.0,6.4,no,distrito 9,56.13759639328871,sí,14 157,sí,23/03/2019,prestadora B
89.0,mujer,  grado I ,solo,0.0,1.0,26.0,0.8,no,distrito 2,42.4380375726985,no,8 497,N/D,27/03/2020,prestadora A
88.0,hombre,sin valorar,solo,5.0,0.0,53.0,2.1,no,distrito 7,114.27062270050945,sí,6 005,no,16/06/2019,prestadora B
81.0,hombre,grado I,con pareja,0.0,0.0,41.0,0.6,no,distrito 7,4.462325087886275,sí,17 080,sí,11/10/2019,prestadora A
88.0,mujer,sin valorar,con pareja,3.0,1.0,23.0,7.3,no,distrito 10,112.37288707453554,sí,19 119,sí,25/06/2017,prestadora A
75.0,mujer,  sin valorar ,solo,4.0,0.0,6.0,2.6,no,distrito 9,190.59529579275167,no,16 381,sí,01/07/2016,prestadora C
78.0,mujer,sin valorar,solo,5.0,1.0,49.0,4.7,no,distrito 3,185.49741064858884,sí,7 995,sí,03/03/2020,prestadora C
75.0,mujer,sin valorar,solo,1.0,0.0,9.0,6.6,no,distrito 8,13.372635862869483,sí,18 000,no,10/04/2017,prestadora A
66.0,hombre,  grado I ,solo,2.0,2.0,36.0,3.6,no,distrito 11,103.53779230838093,no,10 331,sí,16/12/2017,prestadora A
96.0,hombre,grado I,con pareja,1.0,3.0,19.0,6.7,no,distrito 2,58.695310092229484,sí,15 777,sí,23/02/2018,prestadora C
91.0,mujer,GRADO II,con pareja,5.0,1.0,9.0,11.9,sí,distrito 10,399.8016531224256,sí,15 033,no,09/10/2017,prestadora B
79.0,mujer,grado III,solo,0.0,0.0,32.0,16.1,no,distrito 2,41.62010959645939,sí,15 409,sí,05/04/2022,prestadora C
76.0,mujer,grado II,con familia,1.0,0.0,6.0,4.4,sí,distrito 4,107.31419672821865,sí,8 829,sí,02/12/2023,prestadora B
84.0,hombre,grado III,solo,2.0,0.0,75.0,4.3,sí,distrito 5,132.8981155246928,no,8 782,sí,13/08/2024,prestadora A
81.0,mujer,grado I,solo,0.0,0.0,31.0,2.3,sí,distrito 1,22.802921672487088,sí,18 629,sí,03/08/2018,prestadora A
88.0,hombre,grado II,solo,2.0,1.0,20.0,5.4,no,distrito 11,126.7328749363892,sí,11 232,no,15/01/2024,prestadora A
87.0,hombre,grado I,solo,0.0,0.0,15.0,0.8,no,distrito 1,11.358726175701753,sí,11 792,N/D,16/10/2018,prestadora C
77.0,mujer,SIN VALORAR,solo,4.0,1.0,63.0,3.9,sí,distrito 11,177.63818554610222,no,9 429,sí,27/09/2023,prestadora B
89.0,mujer,grado II,con pareja,5.0,0.0,49.0,1.5,no,distrito 8,97.21019044927199,sí,13 958,no,30/11/2019,prestadora C
80.0,mujer,grado III,solo,1.0,0.0,12.0,2.0,sí,distrito 10,46.79956657588568,no,13 732,no,21/06/2020,prestadora C
82.0,mujer,grado I,solo,5.0,0.0,8.0,3.3,no,distrito 6,204.7574812135852,sí,15 492,sí,11/12/2021,prestadora B
85.0,hombre,GRADO I,solo,1.0,2.0,18.0,3.6,sí,distrito 6,35.958346001142644,sí,12 679,no,07/08/2017,prestadora C
75.0,mujer,GRADO III,solo,3.0,0.0,64.0,3.8,no,distrito 4,251.2824230700453,sí,22 206,sí,21/10/2021,prestadora A
82.0,mujer,sin valorar,solo,1.0,1.0,49.0,17.8,no,distrito 2,20.404523835552236,sí,24 875,no,27/06/2020,prestadora A
90.0,mujer,grado III,con familia,3.0,1.0,5.0,3.6,sí,distrito 10,27.15746663356511,sí,13 041,no,05/10/2018,prestadora C
87.0,mujer,sin valorar,solo,2.0,0.0,121.0,2.4,no,distrito 9,25.765143309484216,sí,14 805,sí,25/09/2019,prestadora B
86.0,mujer,sin valorar,solo,1.0,0.0,27.0,0.5,no,distrito 11,19.552567531272736,sí,17 220,sí,31/01/2023,prestadora B
75.0,mujer,sin valorar,con pareja,2.0,1.0,27.0,1.7,no,distrito 6,77.39413165425705,no,7 485,no,23/08/2016,prestadora B
83.0,mujer,grado II,solo,0.0,0.0,25.0,1.2,sí,distrito 5,81.91006364623635,sí,17 162,no,11/04/2019,prestadora A
74.0,mujer,grado II,con pareja,3.0,0.0,58.0,3.2,no,distrito 2,42.536489998679045,no,9 419,sí,22/04/2022,prestadora C
74.0,mujer,GRADO I,con familia,1.0,0.0,91.0,3.7,no,distrito 6,9.107066965057557,sí,13 275,sí,22/05/2021,prestadora A
92.0,mujer,sin valorar,solo,8.0,0.0,14.0,6.1,no,distrito 7,544.8450305472079,sí,7 973,N/D,08/01/2021,prestadora A
87.0,mujer,GRADO I,con familia,5.0,0.0,92.0,1.0,no,distrito 9,63.580927349066634,sí,13 730,no,12/09/2016,prestadora B
81.0,mujer,grado I,solo,0.0,0.0,67.0,1.9,sí,distrito 9,34.914736178391344,no,16 344,N/D,30/05/2019,prestadora A
92.0,mujer,grado III,con pareja,1.0,0.0,18.0,5.8,no,distrito 10,30.589844859664787,sí,21 007,sí,07/11/2022,prestadora C
92.0,mujer,sin valorar,solo,1.0,0.0,52.0,7.9,sí,distrito 10,57.2904840687801,sí,17 983,no,02/11/2023,prestadora B
88.0,mujer,  grado II ,solo,4.0,0.0,5.0,5.3,sí,distrito 11,1131.007357813639,sí,21 635,no,12/06/2021,prestadora B
88.0,mujer,GRADO I,con familia,0.0,1.0,45.0,1.3,no,distrito 2,22.458029952870106,sí,17 471,sí,13/10/2020,prestadora C
98.0,mujer,grado II,solo,3.0,0.0,40.0,2.8,sí,distrito 2,77.56818817483564,no,10 042,sí,27/04/2018,prestadora A
77.0,mujer,grado II,solo,4.0,1.0,7.0,12.3,no,distrito 6,315.9832522352374,sí,18 890,sí,14/08/2018,prestadora A
101.0,mujer,grado III,solo,6.0,2.0,28.0,3.4,no,distrito 5,580.2126582102777,no,20 610,no,02/11/2018,prestadora C
81.0,mujer,grado II,solo,9.0,1.0,29.0,4.3,no,distrito 10,828.6984007031172,no,16 918,no,09/02/2021,prestadora C
67.0,mujer,grado III,con familia,3.0,5.0,16.0,3.4,sí,distrito 10,158.24645993531735,sí,7 475,no,28/07/2018,prestadora C
74.0,mujer,grado I,solo,4.0,0.0,7.0,1.3,no,distrito 10,116.2529812565854,no,15 816,sí,29/04/2022,prestadora C
81.0,hombre,sin valorar,con pareja,0.0,3.0,13.0,6.0,no,distrito 5,48.68655362606567,sí,14 205,sí,11/09/2022,prestadora A
92.0,mujer,GRADO I,con pareja,1.0,0.0,76.0,0.9,no,distrito 11,37.65632986369442,sí,10 967,sí,02/03/2017,prestadora A
77.0,mujer,grado II,solo,4.0,0.0,34.0,1.1,no,distrito 11,255.2670162393166,sí,8 209,no,23/11/2017,prestadora B
80.0,hombre,grado III,solo,1.0,0.0,8.0,2.6,no,distrito 9,251.18580024819684,no,11 290,sí,17/09/2018,prestadora B
80.0,mujer,grado I,con pareja,0.0,0.0,28.0,0.5,sí,distrito 3,16.321470132467564,sí,20 221,no,17/12/2022,prestadora C
82.0,hombre,grado I,solo,4.0,0.0,33.0,0.8,sí,distrito 10,91.40540100784403,sí,13 085,N/D,24/04/2023,prestadora B
76.0,mujer,grado II,solo,4.0,0.0,16.0,4.8,no,distrito 4,455.94823726040283,sí,15 482,sí,22/01/2018,prestadora B
73.0,hombre,sin valorar,solo,2.0,0.0,19.0,5.2,no,distrito 4,69.01118651452241,sí,19 925,sí,15/09/2017,prestadora C
83.0,mujer,sin valorar,solo,1.0,0.0,51.0,12.0,no,distrito 10,26.577970758416846,no,11 110,no,14/02/2021,prestadora B
76.0,mujer,grado III,con familia,1.0,2.0,18.0,2.9,no,distrito 1,35.55612090357474,no,21 791,sí,30/07/2020,prestadora C
75.0,mujer,grado III,con pareja,8.0,0.0,41.0,4.5,no,distrito 1,2689.6806697193483,sí,16 877,sí,02/09/2016,prestadora C
86.0,mujer,GRADO II,solo,0.0,1.0,32.0,5.7,no,distrito 9,101.96965741089413,sí,32 233,no,11/02/2023,prestadora A
94.0,mujer,grado II,con pareja,2.0,2.0,43.0,2.6,no,distrito 9,34.12183636395082,sí,11 543,sí,08/12/2023,prestadora B
74.0,mujer,  grado I ,solo,11.0,2.0,27.0,6.5,no,distrito 7,649.7121353899566,no,18 545,sí,20/03/2021,prestadora B
75.0,hombre,sin valorar,con familia,0.0,0.0,68.0,3.1,no,distrito 3,8.23794969125935,sí,14 694,no,26/03/2019,prestadora C
81.0,hombre,grado I,con pareja,3.0,0.0,6.0,2.5,sí,distrito 8,46.69475861594564,no,14 857,sí,02/04/2020,prestadora C
90.0,hombre,grado III,con pareja,0.0,0.0,174.0,0.9,no,distrito 1,19.643911493193244,sí,8 938,sí,19/09/2022,prestadora B
91.0,hombre,sin valorar,solo,10.0,0.0,2.0,4.2,sí,distrito 3,777.2417465129838,sí,6 878,sí,14/06/2024,prestadora C
84.0,hombre,grado III,solo,4.0,1.0,27.0,5.1,sí,distrito 3,314.03169324069125,no,14 593,sí,14/03/2022,prestadora B
72.0,hombre,sin valorar,con pareja,0.0,4.0,18.0,7.5,sí,distrito 9,35.45756501675381,no,10 471,sí,02/01/2022,prestadora C
93.0,mujer,grado I,solo,0.0,0.0,15.0,0.9,sí,distrito 5,66.37733915264538,no,21 162,sí,29/09/2022,prestadora C
85.0,hombre,grado III,con familia,2.0,2.0,38.0,2.0,no,distrito 4,69.14858637258794,sí,9 433,sí,17/03/2023,prestadora A
65.0,mujer,grado I,con familia,1.0,0.0,54.0,0.7,no,distrito 11,35.54986945452521,sí,22 805,sí,11/06/2024,prestadora B
85.0,mujer,GRADO III,con familia,5.0,0.0,15.0,3.2,no,distrito 3,114.27327132633772,sí,29 484,sí,18/07/2017,prestadora A
78.0,mujer,grado I,solo,5.0,0.0,41.0,1.1,no,distrito 9,121.79633378233298,sí,9 904,sí,27/07/2024,prestadora C
93.0,mujer,grado II,solo,4.0,0.0,32.0,2.8,no,distrito 9,292.1142464729427,sí,6 753,sí,20/07/2018,prestadora C
87.0,mujer,grado I,solo,0.0,1.0,16.0,1.9,no,distrito 6,38.08035275873376,sí,22 688,sí,19/07/2020,prestadora A
81.0,hombre,grado III,con pareja,8.0,1.0,30.0,7.4,no,distrito 5,130.40265329032593,no,14 752,no,28/03/2017,prestadora B
83.0,mujer,  grado II ,solo,3.0,0.0,13.0,6.8,no,distrito 4,38.4740175729707,sí,10 828,sí,14/05/2022,prestadora B
83.0,mujer,grado I,solo,0.0,1.0,15.0,0.8,no,distrito 2,59.28830654061834,no,4 741,no,26/03/2016,prestadora B
76.0,mujer,grado I,con familia,0.0,0.0,36.0,1.5,no,distrito 3,9.006982379829063,no,8 914,sí,26/03/2023,prestadora A
83.0,mujer,grado III,solo,1.0,0.0,14.0,1.1,sí,distrito 5,158.42408980270378,sí,10 785,no,05/09/2018,prestadora A
76.0,mujer,SIN VALORAR,con pareja,3.0,1.0,44.0,1.5,no,distrito 1,5.273128491660712,sí,19 519,no,17/11/2022,prestadora C
77.0,hombre,grado I,solo,1.0,0.0,4.0,0.5,no,distrito 2,23.636602104285164,sí,17 381,no,10/04/2018,prestadora C
75.0,hombre,  grado I ,con pareja,2.0,2.0,37.0,0.7,no,distrito 11,43.15086832033207,sí,12 894,sí,18/01/2018,prestadora B
74.0,hombre,  grado II ,solo,3.0,0.0,59.0,3.6,no,distrito 9,88.03049501473109,sí,13 063,sí,15/09/2024,prestadora C
85.0,hombre,grado I,con pareja,1.0,1.0,44.0,1.8,no,distrito 3,11.52438481607642,sí,19 197,sí,20/09/2018,prestadora B
84.0,mujer,grado I,con familia,3.0,0.0,17.0,3.7,no,distrito 7,28.369978333285854,sí,13 212,no,31/07/2017,prestadora A
75.0,hombre,grado II,solo,6.0,3.0,77.0,8.3,no,distrito 10,602.7715134952522,no,20 967,no,12/09/2018,prestadora B
68.0,mujer,sin valorar,con pareja,0.0,0.0,48.0,2.1,sí,distrito 11,13.248982696049504,sí,10 860,no,25/12/2023,prestadora C
85.0,mujer,GRADO I,solo,6.0,3.0,103.0,5.8,no,distrito 7,285.37557838966785,sí,13 238,sí,27/11/2022,prestadora A
94.0,mujer,grado I,solo,3.0,4.0,10.0,1.2,no,distrito 8,225.45185153165,sí,18 361,sí,20/11/2022,prestadora B
81.0,mujer,GRADO II,con pareja,0.0,0.0,120.0,2.7,no,distrito 11,15.986510136430633,no,11 801,sí,16/01/2022,prestadora C
76.0,hombre,GRADO I,solo,9.0,0.0,6.0,5.0,sí,distrito 5,433.8815149828126,sí,21 834,sí,15/07/2018,prestadora C
66.0,mujer,grado III,solo,1.0,0.0,26.0,4.4,no,distrito 10,59.705629088921874,sí,12 958,no,03/02/2017,prestadora B
78.0,mujer,grado II,solo,1.0,1.0,76.0,3.1,no,distrito 10,75.13049987163953,sí,12 341,sí,16/02/2017,prestadora C
80.0,mujer,  grado I ,solo,3.0,0.0,70.0,6.7,sí,distrito 3,71.44538146081284,sí,11 927,no,26/11/2020,prestadora A
85.0,mujer,sin valorar,solo,5.0,0.0,86.0,0.9,no,distrito 7,138.41478079815994,no,31 249,sí,26/04/2016,prestadora B
65.0,mujer,grado II,solo,2.0,0.0,26.0,1.9,sí,distrito 9,20.151899172572858,sí,11 439,sí,16/06/2016,prestadora B
75.0,mujer,sin valorar,con familia,0.0,5.0,40.0,2.8,no,distrito 4,11.650995422130691,sí,16 662,no,25/08/2020,prestadora C
88.0,hombre,GRADO I,solo,4.0,2.0,36.0,2.1,sí,distrito 7,163.98654833500123,sí,13 970,no,13/04/2020,prestadora C
90.0,mujer,sin valorar,con familia,1.0,1.0,20.0,5.2,no,distrito 2,10.363297874354497,no,11 224,sí,26/05/2023,prestadora A
91.0,hombre,SIN VALORAR,solo,0.0,0.0,43.0,6.7,no,distrito 1,21.197286861139442,sí,11 018,sí,02/07/2024,prestadora A
84.0,mujer,SIN VALORAR,con familia,1.0,1.0,74.0,4.0,no,distrito 4,28.907028624097286,sí,31 733,sí,19/11/2016,prestadora C
68.0,mujer,grado I,con pareja,0.0,2.0,55.0,2.2,sí,distrito 5,15.592661115728726,sí,11 517,sí,13/12/2023,prestadora C
77.0,mujer,grado I,con familia,4.0,0.0,14.0,3.1,no,distrito 9,37.47625670482174,sí,17 749,sí,25/12/2018,prestadora B
85.0,mujer,grado II,con familia,3.0,0.0,38.0,3.4,no,distrito 1,128.37913621743735,sí,15 679,no,10/02/2017,prestadora A
80.0,mujer,sin valorar,solo,3.0,0.0,86.0,7.6,no,distrito 8,55.25982956166504,sí,5 414,sí,17/02/2023,prestadora B
69.0,mujer,GRADO II,solo,3.0,1.0,59.0,4.3,no,distrito 6,200.51482582257623,sí,13 137,sí,06/12/2016,prestadora C
83.0,mujer,grado II,con pareja,0.0,0.0,5.0,3.0,sí,distrito 4,9.067636125962878,sí,19 671,no,26/01/2018,prestadora C
79.0,mujer,sin valorar,con familia,0.0,1.0,9.0,7.2,no,distrito 3,23.332789404505423,sí,12 224,sí,29/08/2023,prestadora C
85.0,mujer,sin valorar,solo,1.0,0.0,31.0,6.1,sí,distrito 2,50.10587263224087,no,12 204,no,23/11/2018,prestadora C
78.0,hombre,sin valorar,con familia,0.0,1.0,28.0,0.6,no,distrito 8,6.645928122078004,no,14 024,no,01/12/2018,prestadora B
101.0,mujer,grado III,con pareja,3.0,2.0,26.0,9.4,no,distrito 9,67.65581512276552,no,16 493,no,01/01/2018,prestadora C
71.0,mujer,grado I,solo,1.0,0.0,91.0,2.0,sí,distrito 4,10.621110738647427,no,11 097,no,12/05/2020,prestadora C
98.0,hombre,grado I,solo,1.0,2.0,9.0,0.9,no,distrito 7,24.88207068022682,sí,12 262,no,07/08/2021,prestadora A
82.0,mujer,GRADO III,con familia,2.0,0.0,67.0,3.4,no,distrito 7,164.36285369666743,sí,9 612,sí,19/09/2016,prestadora C
90.0,hombre,grado I,solo,3.0,0.0,12.0,4.1,no,distrito 8,174.9188736915924,no,6 294,no,30/09/2022,prestadora C
91.0,mujer,  sin valorar ,con pareja,3.0,1.0,16.0,6.1,no,distrito 6,25.187623608559118,no,4 401,no,24/02/2023,prestadora C
81.0,mujer,sin valorar,con pareja,4.0,0.0,44.0,2.5,sí,distrito 8,46.20631411144517,sí,10 608,sí,29/09/2018,prestadora B
82.0,mujer,grado I,con familia,0.0,2.0,18.0,14.2,no,distrito 3,39.62008335736571,sí,10 050,sí,06/03/2019,prestadora B
82.0,hombre,  grado II ,con familia,3.0,0.0,38.0,4.0,no,distrito 5,31.561565187515153,no,18 342,sí,30/06/2023,prestadora A
80.0,hombre,grado I,solo,1.0,0.0,8.0,3.1,no,distrito 4,77.76813455019852,sí,9 099,no,12/11/2023,prestadora C
76.0,hombre,grado I,con pareja,5.0,3.0,45.0,0.5,no,distrito 1,97.8369473322567,sí,10 051,sí,29/11/2023,prestadora C
86.0,mujer,grado II,con familia,2.0,1.0,40.0,1.0,sí,distrito 8,23.546383260878294,sí,12 438,no,22/04/2017,prestadora C
78.0,hombre,sin valorar,con familia,0.0,0.0,36.0,0.8,no,distrito 4,7.357500615535093,no,20 169,no,03/02/2016,prestadora C
76.0,hombre,grado I,con pareja,2.0,0.0,30.0,1.8,no,distrito 4,29.17410141899885,sí,14 928,sí,02/07/2022,prestadora C
77.0,hombre,grado I,solo,4.0,1.0,19.0,1.1,no,distrito 6,115.87518769670224,no,18 153,no,07/03/2022,prestadora A
78.0,hombre,grado I,con familia,8.0,1.0,83.0,4.9,no,distrito 2,61.295029762586225,no,16 326,no,16/08/2024,prestadora A
79.0,mujer,grado I,con familia,1.0,0.0,21.0,5.3,sí,distrito 11,5.096890665679441,no,13 074,sí,05/04/2018,prestadora C
77.0,mujer,sin valorar,solo,1.0,0.0,13.0,1.1,sí,distrito 7,15.695938794669466,no,12 756,sí,15/04/2019,prestadora C
82.0,mujer,sin valorar,con familia,2.0,3.0,58.0,2.7,no,distrito 10,39.77534626004455,sí,12 532,sí,07/11/2022,prestadora A
87.0,mujer,grado II,solo,0.0,3.0,25.0,5.5,sí,distrito 4,89.72234158812745,sí,13 189,sí,30/05/2017,prestadora A
94.0,mujer,sin valorar,solo,0.0,1.0,96.0,2.0,no,distrito 2,17.716744085189063,sí,14 159,no,14/09/2016,prestadora C
87.0,mujer,sin valorar,con familia,8.0,0.0,58.0,2.6,sí,distrito 11,100.60996555339167,sí,14 464,sí,05/09/2018,prestadora B
77.0,mujer,grado I,con familia,1.0,0.0,61.0,1.0,sí,distrito 3,20.599839295920827,no,16 624,sí,27/06/2017,prestadora C
81.0,mujer,grado II,solo,1.0,1.0,47.0,5.8,no,distrito 9,89.55132726538385,no,37 937,no,03/01/2022,prestadora A
89.0,mujer,grado I,solo,1.0,0.0,22.0,6.1,sí,distrito 6,89.66738074224001,sí,18 400,no,09/05/2024,prestadora B
79.0,mujer,sin valorar,solo,0.0,0.0,27.0,7.6,no,distrito 4,26.180242395914448,sí,30 249,sí,20/06/2021,prestadora A
82.0,hombre,grado III,con familia,2.0,2.0,46.0,1.3,sí,distrito 5,27.58702142967414,sí,16 140,sí,21/11/2023,prestadora C
98.0,hombre,  grado I ,con pareja,0.0,0.0,22.0,1.3,no,distrito 11,8.853115982962693,sí,25 481,no,21/01/2019,prestadora A
90.0,mujer,grado I,solo,2.0,0.0,23.0,8.0,sí,distrito 9,47.11984879928396,sí,22 830,sí,15/05/2022,prestadora C
82.0,mujer,grado III,solo,1.0,0.0,36.0,5.9,sí,distrito 6,59.55328331658815,sí,13 706,sí,16/08/2022,prestadora B
72.0,mujer,sin valorar,solo,5.0,0.0,59.0,3.4,no,distrito 11,97.36332362777534,no,17 299,no,03/05/2017,prestadora C
80.0,mujer,SIN VALORAR,con familia,1.0,0.0,23.0,2.7,sí,distrito 6,24.95198352094251,sí,21 832,sí,10/03/2024,prestadora C
94.0,mujer,grado I,con pareja,1.0,5.0,32.0,0.4,sí,distrito 6,28.258577169964415,sí,9 897,sí,18/11/2020,prestadora B
68.0,mujer,grado II,con pareja,4.0,1.0,29.0,1.8,no,distrito 8,123.52740134696441,sí,10 083,no,27/08/2022,prestadora B
96.0,mujer,grado II,con pareja,0.0,0.0,55.0,2.2,sí,distrito 11,20.278067841579013,no,20 917,sí,28/10/2020,prestadora A
80.0,mujer,sin valorar,con pareja,2.0,0.0,42.0,1.2,no,distrito 11,9.009204368654677,no,12 817,sí,26/03/2019,prestadora B
87.0,hombre,grado II,con familia,0.0,5.0,68.0,7.3,no,distrito 4,105.51134223285587,sí,13 729,sí,31/07/2021,prestadora B
85.0,mujer,SIN VALORAR,con pareja,0.0,0.0,53.0,2.5,no,distrito 11,2.4732115811450517,sí,10 872,sí,16/12/2023,prestadora A
74.0,mujer,grado III,con pareja,1.0,2.0,40.0,3.3,no,distrito 1,99.33880829327875,sí,19 431,no,15/03/2020,prestadora A
85.0,mujer,grado I,con familia,1.0,2.0,24.0,1.9,no,distrito 11,33.469879026755024,no,15 910,no,16/12/2020,prestadora A
65.0,hombre,sin valorar,con pareja,2.0,2.0,76.0,0.2,sí,distrito 11,29.695520916546176,no,7 805,no,24/08/2017,prestadora B
82.0,mujer,grado III,con pareja,0.0,0.0,18.0,11.0,no,distrito 6,20.621708165856226,sí,21 558,sí,02/02/2022,prestadora B
76.0,mujer,grado II,con familia,4.0,0.0,8.0,4.7,no,distrito 5,34.82434956421694,no,23 927,sí,05/11/2021,prestadora C
65.0,mujer,grado I,solo,2.0,0.0,13.0,2.8,no,distrito 6,53.539869361190185,no,9 819,sí,13/04/2021,prestadora C
74.0,mujer,  grado III ,solo,1.0,0.0,8.0,1.1,no,distrito 6,182.8202297384593,sí,24 601,no,17/09/2018,prestadora C
100.0,mujer,grado I,solo,2.0,0.0,14.0,5.7,sí,distrito 1,58.59907392255429,sí,13 261,sí,24/09/2016,prestadora A
81.0,hombre,grado III,con pareja,5.0,0.0,47.0,9.0,no,distrito 6,156.8386441221824,sí,10 512,no,16/01/2024,prestadora C
77.0,hombre,sin valorar,solo,2.0,0.0,72.0,0.1,sí,distrito 3,32.29674829047128,sí,13 471,sí,26/05/2021,prestadora A
78.0,mujer,grado I,solo,6.0,0.0,41.0,0.8,sí,distrito 3,157.55884155066306,sí,24 156,no,28/04/2020,prestadora A
81.0,mujer,grado III,con familia,2.0,1.0,13.0,2.3,no,distrito 6,35.91235492607931,no,23 948,sí,22/04/2024,prestadora A
68.0,mujer,grado II,solo,2.0,1.0,14.0,1.2,no,distrito 1,182.1995153226314,no,17 201,sí,28/01/2018,prestadora B
85.0,hombre,grado III,con pareja,0.0,0.0,21.0,0.9,no,distrito 9,9.2739671062743,sí,28 327,sí,18/10/2018,prestadora B
88.0,mujer,grado II,solo,0.0,6.0,41.0,4.4,sí,distrito 2,37.3007060034764,no,13 561,sí,24/01/2021,prestadora B
71.0,mujer,grado III,solo,8.0,1.0,85.0,7.1,no,distrito 8,828.2099437511071,sí,19 871,no,29/06/2020,prestadora B
79.0,mujer,grado I,con pareja,6.0,0.0,30.0,5.6,no,distrito 10,258.61647522086525,sí,7 856,no,07/03/2016,prestadora B
81.0,mujer,grado II,con familia,2.0,0.0,57.0,1.1,sí,distrito 7,32.26624604560565,sí,28 992,no,30/11/2023,prestadora A
79.0,mujer,  grado I ,solo,1.0,1.0,25.0,1.1,sí,distrito 1,47.38531800178563,sí,5 965,sí,28/12/2018,prestadora C
71.0,hombre,  grado II ,con pareja,0.0,2.0,71.0,1.1,no,distrito 5,8.08051700485035,no,12 889,sí,05/03/2021,prestadora B
78.0,hombre,  grado I ,con familia,0.0,0.0,16.0,3.4,no,distrito 8,19.86333455678259,sí,18 210,sí,09/06/2019,prestadora C
79.0,hombre,grado II,solo,4.0,0.0,19.0,1.1,no,distrito 11,415.7703330371324,sí,16 585,sí,16/04/2021,prestadora A
90.0,mujer,grado I,con familia,0.0,0.0,40.0,3.3,no,distrito 1,15.262667371733608,sí,30 372,no,18/11/2020,prestadora A
88.0,hombre,grado III,con pareja,4.0,1.0,78.0,3.2,no,distrito 6,147.31229211125296,sí,21 293,no,26/10/2016,prestadora B
86.0,hombre,grado I,con pareja,1.0,1.0,57.0,2.5,no,distrito 11,5.5453208135137135,no,18 512,sí,01/02/2021,prestadora C
80.0,mujer,grado I,con pareja,0.0,0.0,11.0,3.8,no,distrito 10,8.975146494198485,sí,8 949,sí,28/08/2017,prestadora C
93.0,mujer,sin valorar,con familia,0.0,0.0,13.0,1.0,sí,distrito 10,7.105634390013781,no,20 278,sí,04/12/2018,prestadora A
82.0,mujer,sin valorar,con familia,0.0,3.0,36.0,1.1,no,distrito 3,13.426943004470116,sí,21 002,sí,17/01/2024,prestadora B
78.0,mujer,sin valorar,solo,6.0,0.0,6.0,3.9,no,distrito 10,293.2522888707521,sí,10 434,no,10/10/2016,prestadora A
80.0,hombre,grado I,solo,7.0,0.0,84.0,1.5,no,distrito 1,240.16936528764774,sí,19 192,sí,25/01/2019,prestadora B
81.0,mujer,grado II,con familia,2.0,0.0,6.0,2.5,sí,distrito 6,41.27683568583208,no,11 572,sí,07/12/2020,prestadora A
77.0,hombre,grado II,solo,5.0,5.0,105.0,8.7,no,distrito 11,367.41688948979123,sí,24 194,no,27/07/2021,prestadora B
65.0,hombre,grado I,solo,9.0,0.0,47.0,2.9,sí,distrito 9,266.64414777477515,sí,9 211,no,03/08/2017,prestadora B
85.0,mujer,  grado I ,con familia,2.0,1.0,30.0,1.6,no,distrito 10,25.847050550881313,no,15 160,sí,11/12/2021,prestadora A
86.0,mujer,sin valorar,solo,3.0,1.0,50.0,8.7,no,distrito 7,151.49126742964972,sí,17 534,sí,07/08/2022,prestadora C
78.0,mujer,sin valorar,con familia,7.0,0.0,49.0,9.0,no,distrito 4,23.640382639731413,sí,10 483,no,18/04/2016,prestadora B
84.0,hombre,grado I,solo,0.0,2.0,50.0,2.1,sí,distrito 1,36.35667212156026,sí,20 805,N/D,25/05/2023,prestadora B
84.0,mujer,SIN VALORAR,con pareja,5.0,0.0,23.0,3.9,no,distrito 4,81.47901619581239,sí,10 237,no,23/02/2023,prestadora A
82.0,mujer,sin valorar,con familia,0.0,1.0,55.0,12.5,no,distrito 10,16.48952886773954,sí,14 974,no,14/08/2023,prestadora C
78.0,mujer,GRADO II,con pareja,1.0,2.0,69.0,1.7,no,distrito 4,36.78687569095974,sí,9 658,sí,22/12/2023,prestadora A
77.0,hombre,grado I,solo,0.0,0.0,21.0,14.4,sí,distrito 4,51.64247427492181,sí,9 977,sí,03/03/2021,prestadora C
86.0,mujer,grado II,con pareja,2.0,1.0,44.0,0.9,no,distrito 11,150.6043029611714,no,10 441,sí,07/07/2024,prestadora B
79.0,mujer,  grado I ,con pareja,4.0,0.0,8.0,2.4,sí,distrito 8,24.083605645986136,sí,19 044,sí,05/05/2022,prestadora A
87.0,mujer,sin valorar,con familia,1.0,1.0,46.0,5.4,sí,distrito 11,12.973412411443492,sí,22 173,sí,06/03/2024,prestadora B
81.0,mujer,sin valorar,solo,6.0,1.0,45.0,0.8,sí,distrito 5,220.5076040387207,no,9 684,sí,01/01/2019,prestadora B
94.0,mujer,grado II,solo,0.0,1.0,20.0,5.7,sí,distrito 2,69.92278867008322,no,35 756,no,07/10/2023,prestadora B
83.0,mujer,  sin valorar ,solo,1.0,0.0,32.0,5.4,no,distrito 5,76.84153324323138,sí,11 053,N/D,11/12/2023,prestadora C
88.0,hombre,  sin valorar ,con pareja,7.0,0.0,31.0,8.6,no,distrito 2,141.91656074847586,no,16 862,no,07/10/2023,prestadora B
88.0,hombre,grado I,solo,1.0,0.0,13.0,4.4,sí,distrito 11,36.59203796599454,sí,12 722,no,02/11/2017,prestadora A
77.0,mujer,sin valorar,con familia,0.0,2.0,18.0,6.5,no,distrito 1,11.005372542798488,no,10 321,no,20/10/2021,prestadora B
82.0,mujer,GRADO III,solo,9.0,0.0,13.0,0.2,no,distrito 10,502.6265252901485,sí,8 132,no,29/08/2016,prestadora B
74.0,mujer,sin valorar,con pareja,0.0,0.0,3.0,4.1,sí,distrito 8,17.332927121329757,no,20 867,no,10/06/2018,prestadora B
97.0,mujer,  grado I ,solo,1.0,2.0,28.0,2.8,no,distrito 2,67.53130402301076,sí,16 636,sí,21/08/2022,prestadora A
82.0,mujer,grado I,solo,2.0,0.0,14.0,1.0,no,distrito 1,70.05198909856819,no,15 110,sí,13/11/2020,prestadora C
80.0,mujer,grado I,con familia,6.0,0.0,43.0,7.6,sí,distrito 9,50.86790262330599,sí,9 874,no,15/01/2020,prestadora A
81.0,hombre,grado I,solo,7.0,0.0,4.0,2.5,no,distrito 5,62.40280702717687,sí,20 317,no,26/08/2020,prestadora A
70.0,mujer,grado I,solo,2.0,0.0,59.0,4.3,no,distrito 1,114.30789477045894,sí,6 248,no,15/04/2024,prestadora B
73.0,mujer,sin valorar,con pareja,3.0,0.0,84.0,2.9,no,distrito 6,30.476084193872083,sí,6 988,no,06/06/2019,prestadora C
81.0,mujer,sin valorar,con pareja,0.0,0.0,20.0,10.8,no,distrito 8,47.35127590535193,sí,18 509,no,02/02/2024,prestadora C
83.0,mujer,grado II,con pareja,3.0,0.0,49.0,1.1,no,distrito 11,17.12040904665711,sí,13 792,sí,03/01/2017,prestadora A
71.0,mujer,grado I,con pareja,1.0,0.0,16.0,4.4,no,distrito 8,35.236339748169115,no,10 421,no,26/12/2022,prestadora C
83.0,mujer,GRADO III,solo,0.0,1.0,35.0,4.1,no,distrito 3,82.21838813396191,no,29 580,no,04/03/2016,prestadora C
89.0,mujer,SIN VALORAR,solo,6.0,3.0,79.0,3.3,no,distrito 2,192.92095028077162,sí,25 797,sí,22/03/2024,prestadora A
95.0,mujer,  grado III ,solo,3.0,0.0,12.0,3.1,sí,distrito 2,246.1393852646095,no,12 819,no,24/01/2017,prestadora A
71.0,mujer,grado III,con pareja,3.0,0.0,20.0,3.3,no,distrito 3,124.54375997555461,sí,9 250,no,23/08/2016,prestadora B
73.0,mujer,grado III,solo,2.0,0.0,81.0,3.8,no,distrito 1,74.47459717248731,sí,19 439,no,03/02/2020,prestadora A
90.0,mujer,grado II,con pareja,0.0,1.0,36.0,0.8,no,distrito 11,12.056027570508983,sí,12 363,sí,06/06/2021,prestadora A
77.0,mujer,grado II,solo,3.0,0.0,54.0,3.1,sí,distrito 10,114.03581195391294,sí,22 794,no,27/03/2024,prestadora A
83.0,mujer,GRADO II,solo,1.0,0.0,4.0,1.5,no,distrito 3,294.7996918051588,sí,25 665,sí,27/12/2022,prestadora C
89.0,hombre,  sin valorar ,solo,0.0,0.0,114.0,1.2,sí,distrito 10,9.003801139559028,no,15 873,no,24/06/2022,prestadora A
68.0,hombre,grado II,con pareja,2.0,0.0,5.0,3.9,sí,distrito 10,135.30679226526433,sí,9 401,sí,28/07/2018,prestadora A
84.0,hombre,GRADO I,con familia,2.0,0.0,29.0,1.2,sí,distrito 2,16.27965558188947,no,8 539,sí,05/04/2016,prestadora C
89.0,hombre,grado II,con familia,0.0,3.0,60.0,4.0,sí,distrito 2,13.946584007601729,no,15 201,sí,11/03/2018,prestadora A
83.0,mujer,grado III,con familia,1.0,0.0,37.0,1.6,sí,distrito 8,38.55383545569185,no,5 052,no,16/04/2020,prestadora C
97.0,hombre,grado I,solo,2.0,0.0,38.0,0.7,no,distrito 11,26.013363819074637,sí,11 033,sí,17/01/2019,prestadora B
83.0,mujer,grado I,con pareja,4.0,0.0,23.0,2.0,sí,distrito 10,58.10565418975799,sí,13 019,no,16/07/2024,prestadora B
75.0,mujer,sin valorar,solo,1.0,4.0,23.0,4.6,no,distrito 8,39.46842515234541,sí,13 749,no,03/07/2020,prestadora A
91.0,mujer,grado II,solo,2.0,0.0,62.0,1.6,no,distrito 10,28.649226356019604,sí,5 377,sí,18/07/2023,prestadora A
84.0,hombre,  grado I ,con pareja,3.0,0.0,11.0,0.8,no,distrito 6,182.2885424381654,sí,36 558,no,10/08/2019,prestadora A
92.0,mujer,grado II,solo,4.0,1.0,39.0,14.2,sí,distrito 1,377.0901079010057,no,19 144,no,02/10/2023,prestadora A
83.0,mujer,  grado III ,solo,0.0,2.0,10.0,8.2,no,distrito 11,41.2117231349653,sí,11 596,sí,29/06/2022,prestadora B
83.0,mujer,grado I,con pareja,1.0,1.0,82.0,5.2,no,distrito 9,78.87170322659973,sí,10 583,N/D,05/05/2021,prestadora B
85.0,mujer,grado I,con pareja,2.0,1.0,19.0,2.9,sí,distrito 9,58.10958455409346,no,11 655,sí,08/05/2020,prestadora A
83.0,hombre,grado III,con pareja,0.0,0.0,30.0,7.5,no,distrito 3,13.611692815138237,sí,8 214,sí,04/02/2016,prestadora C
70.0,mujer,GRADO III,con pareja,1.0,0.0,61.0,8.0,no,distrito 11,18.947414756789655,no,22 149,sí,11/05/2021,prestadora B
84.0,mujer,grado III,con pareja,0.0,0.0,29.0,3.4,no,distrito 10,31.385970234230033,sí,10 269,sí,17/05/2023,prestadora B
65.0,hombre,GRADO II,con pareja,0.0,1.0,1.0,2.4,no,distrito 7,18.135520973826072,sí,13 816,sí,08/06/2024,prestadora A
89.0,hombre,  grado III ,solo,2.0,3.0,28.0,2.9,no,distrito 5,176.10169571543935,sí,11 615,sí,18/05/2022,prestadora A
97.0,hombre,grado II,solo,8.0,0.0,38.0,1.4,no,distrito 3,1457.0784252640997,no,18 976,sí,10/07/2022,prestadora B
80.0,mujer,grado III,solo,6.0,0.0,19.0,4.1,no,distrito 2,829.5790545149462,sí,13 811,sí,12/12/2017,prestadora A
80.0,hombre,grado I,solo,0.0,0.0,66.0,9.3,no,distrito 4,34.76775482286899,sí,11 326,sí,24/05/2019,prestadora B
74.0,mujer,GRADO II,solo,4.0,0.0,77.0,4.1,no,distrito 2,110.80679538343958,no,10 491,no,17/04/2017,prestadora C
78.0,hombre,sin valorar,con familia,1.0,1.0,67.0,3.2,no,distrito 6,11.14144315550603,sí,16 974,sí,21/05/2024,prestadora C
77.0,hombre,grado III,con familia,0.0,1.0,13.0,9.6,sí,distrito 8,26.329721141077922,sí,12 475,sí,09/01/2017,prestadora A
80.0,hombre,  grado I ,solo,1.0,0.0,66.0,18.1,sí,distrito 3,78.9943626457399,no,16 211,no,21/12/2017,prestadora C
85.0,mujer,grado I,con pareja,2.0,2.0,80.0,2.3,no,distrito 4,40.30571419717087,no,20 309,sí,30/10/2020,prestadora A
80.0,mujer,grado I,con pareja,0.0,1.0,42.0,15.0,no,distrito 4,41.4621148780914,sí,10 827,sí,27/11/2021,prestadora C
81.0,hombre,SIN VALORAR,solo,4.0,0.0,38.0,2.4,no,distrito 4,61.50709622756755,sí,13 743,sí,13/11/2019,prestadora A
91.0,mujer,grado II,solo,4.0,0.0,16.0,4.4,no,distrito 7,585.5717610293036,sí,6 186,sí,31/08/2016,prestadora B
82.0,hombre,grado III,solo,0.0,0.0,30.0,1.6,no,distrito 8,71.13439838237163,no,19 577,sí,06/06/2020,prestadora A
79.0,mujer,grado III,con pareja,0.0,0.0,39.0,2.2,no,distrito 5,20.282430160318338,no,23 366,sí,02/01/2017,prestadora C
82.0,mujer,sin valorar,con pareja,4.0,0.0,41.0,0.6,no,distrito 7,65.05676557610742,no,17 507,sí,17/04/2021,prestadora A
89.0,mujer,sin valorar,solo,2.0,0.0,60.0,2.6,no,distrito 2,17.946540927136255,sí,13 332,sí,10/06/2022,prestadora C
88.0,mujer,grado I,solo,4.0,2.0,45.0,0.3,sí,distrito 10,325.1117448366856,no,5 931,sí,05/12/2016,prestadora A
76.0,mujer,GRADO II,con familia,2.0,1.0,106.0,3.3,no,distrito 5,17.377149495269194,sí,8 217,no,07/04/2018,prestadora A
84.0,mujer,grado I,con familia,8.0,3.0,60.0,9.3,sí,distrito 9,404.44695847790365,sí,12 187,no,17/06/2018,prestadora A
85.0,hombre,grado I,con pareja,2.0,0.0,21.0,0.8,no,distrito 8,17.109375360832523,sí,27 591,sí,05/02/2019,prestadora C
87.0,mujer,grado II,con pareja,1.0,1.0,81.0,3.8,sí,distrito 9,180.0784053096938,no,10 125,sí,02/05/2017,prestadora B
88.0,mujer,grado III,con pareja,6.0,0.0,33.0,6.3,no,distrito 5,164.62952419647155,sí,12 849,no,08/07/2022,prestadora A
77.0,mujer,grado II,con familia,7.0,0.0,38.0,4.7,sí,distrito 10,202.41847741797923,no,10 497,sí,16/02/2023,prestadora A
87.0,mujer,grado II,solo,4.0,0.0,80.0,4.9,no,distrito 6,617.8134370784694,sí,15 003,sí,01/11/2023,prestadora B
87.0,mujer,grado I,con pareja,0.0,1.0,48.0,3.8,sí,distrito 1,35.79976401512733,sí,16 780,sí,16/05/2018,prestadora B
86.0,hombre,grado III,con pareja,0.0,4.0,64.0,3.4,no,distrito 2,34.24650859957681,sí,9 032,no,22/01/2019,prestadora C
95.0,mujer,grado I,con pareja,4.0,0.0,32.0,0.7,no,distrito 9,41.44763205527446,sí,13 305,no,11/06/2019,prestadora A
79.0,mujer,grado I,solo,2.0,0.0,31.0,2.8,no,distrito 4,98.3387856594445,sí,11 228,sí,20/04/2020,prestadora B
82.0,hombre,grado II,solo,1.0,2.0,82.0,8.3,sí,distrito 4,29.91228330020747,sí,48 120,no,06/02/2021,prestadora B
83.0,mujer,grado II,solo,2.0,0.0,39.0,2.4,no,distrito 10,73.77323371596269,sí,9 408,sí,03/03/2017,prestadora A
70.0,mujer,grado III,con pareja,1.0,0.0,3.0,1.9,no,distrito 2,24.20286692390855,sí,14 076,sí,05/03/2022,prestadora A
76.0,mujer,sin valorar,con pareja,5.0,0.0,16.0,5.9,no,distrito 11,95.38106153117607,sí,19 584,sí,20/05/2023,prestadora B
77.0,mujer,grado III,solo,3.0,0.0,22.0,3.7,sí,distrito 6,231.9441733830259,sí,9 966,sí,25/08/2019,prestadora B
87.0,hombre,sin valorar,con familia,0.0,0.0,25.0,4.2,sí,distrito 4,11.997084690535212,no,12 535,sí,08/01/2021,prestadora B
83.0,mujer,sin valorar,solo,2.0,0.0,44.0,2.3,no,distrito 3,44.781341347357035,no,10 984,no,13/01/2017,prestadora B
71.0,mujer,  grado I ,con familia,1.0,0.0,65.0,2.4,no,distrito 10,10.70043850437389,no,45 226,no,31/03/2016,prestadora B
88.0,mujer,grado III,con familia,2.0,1.0,49.0,3.0,no,distrito 1,56.043270638332444,no,17 382,sí,15/10/2023,prestadora A
81.0,mujer,grado I,con pareja,2.0,0.0,22.0,11.5,no,distrito 1,73.68719414799234,sí,10 900,sí,22/11/2020,prestadora B
84.0,mujer,grado I,solo,0.0,0.0,19.0,1.0,no,distrito 7,13.335922260060473,sí,9 919,no,11/06/2024,prestadora B
83.0,mujer,grado I,con pareja,7.0,0.0,6.0,5.8,no,distrito 6,118.70508028475273,no,15 184,no,20/09/2019,prestadora A
81.0,hombre,sin valorar,con pareja,1.0,0.0,92.0,0.5,no,distrito 8,4.0841007803521,sí,12 392,no,11/07/2021,prestadora C
77.0,mujer,grado I,solo,6.0,0.0,20.0,7.6,no,distrito 8,590.5330805715101,sí,16 192,sí,26/11/2016,prestadora B
91.0,hombre,grado I,con pareja,2.0,0.0,66.0,2.8,no,distrito 1,15.99517432965302,sí,11 408,sí,16/06/2017,prestadora A
92.0,mujer,grado I,con pareja,3.0,0.0,42.0,1.2,no,distrito 11,20.953481002095522,no,18 815,no,16/02/2023,prestadora B
85.0,mujer,sin valorar,con familia,5.0,0.0,28.0,4.5,no,distrito 2,37.78005677051951,sí,9 560,sí,11/07/2020,prestadora A
77.0,mujer,grado III,con pareja,2.0,0.0,12.0,3.9,no,distrito 6,54.98633351716315,no,12 810,no,27/05/2017,prestadora A
75.0,mujer,grado I,con pareja,1.0,0.0,49.0,3.5,no,distrito 3,32.25515272076519,no,13 985,no,30/07/2024,prestadora C
73.0,mujer,  sin valorar ,solo,4.0,2.0,131.0,2.1,sí,distrito 11,205.024446931849,sí,5 831,sí,22/12/2016,prestadora A
76.0,hombre,sin valorar,con pareja,1.0,1.0,1.0,2.4,sí,distrito 1,25.717461810170185,no,11 168,sí,17/12/2023,prestadora C
77.0,mujer,grado III,solo,0.0,0.0,29.0,5.7,sí,distrito 4,32.27159563989061,sí,26 135,sí,23/04/2019,prestadora C
83.0,mujer,grado I,con familia,2.0,1.0,66.0,1.4,no,distrito 8,12.048438754118093,no,25 487,sí,16/09/2020,prestadora B
79.0,mujer,grado II,con pareja,2.0,0.0,5.0,8.7,no,distrito 9,53.69904924480813,no,18 509,no,06/06/2023,prestadora C
65.0,mujer,grado III,solo,1.0,0.0,79.0,2.8,no,distrito 10,43.115818868073156,sí,24 259,no,29/09/2024,prestadora B
81.0,mujer,grado I,con pareja,1.0,0.0,66.0,3.9,sí,distrito 4,82.36488687649448,no,17 437,sí,17/04/2018,prestadora B
84.0,mujer,grado I,solo,1.0,0.0,9.0,7.2,sí,distrito 9,136.25700788178182,no,8 987,sí,31/07/2020,prestadora A
85.0,mujer,sin valorar,solo,0.0,0.0,19.0,4.1,sí,distrito 7,17.580068657691726,no,17 493,no,09/02/2016,prestadora B
80.0,mujer,SIN VALORAR,con familia,2.0,0.0,75.0,0.5,no,distrito 8,8.417368576461984,no,20 830,no,20/11/2023,prestadora C
74.0,mujer,grado I,solo,2.0,0.0,20.0,2.8,no,distrito 1,34.155719532608636,no,6 880,no,05/05/2017,prestadora C
79.0,mujer,grado I,solo,5.0,2.0,46.0,1.9,no,distrito 2,108.07224604937535,no,10 188,no,13/11/2023,prestadora C
74.0,mujer,grado II,solo,0.0,2.0,37.0,6.9,no,distrito 4,167.86092915157892,no,8 455,sí,22/07/2016,prestadora B
78.0,hombre,grado I,con familia,4.0,0.0,13.0,2.8,no,distrito 5,48.3498583384111,no,12 256,no,17/01/2021,prestadora B
78.0,hombre,grado I,solo,10.0,1.0,122.0,6.9,no,distrito 11,622.4552257356106,no,12 814,no,26/10/2020,prestadora C
90.0,mujer,sin valorar,con familia,4.0,4.0,23.0,3.9,no,distrito 11,28.233158119440965,no,11 723,no,14/09/2021,prestadora C
92.0,hombre,grado II,solo,6.0,0.0,55.0,6.1,sí,distrito 8,362.44736980243505,sí,14 933,no,09/02/2018,prestadora C
74.0,mujer,grado II,con familia,2.0,1.0,70.0,0.8,sí,distrito 2,26.471463328736007,no,14 791,no,12/02/2016,prestadora C
77.0,mujer,  grado II ,solo,2.0,0.0,35.0,1.0,no,distrito 6,173.04803582863656,no,11 110,no,06/06/2017,prestadora A
75.0,hombre,GRADO I,solo,10.0,0.0,27.0,1.5,sí,distrito 8,436.9735295215155,sí,15 209,no,22/05/2020,prestadora A
65.0,hombre,sin valorar,solo,1.0,0.0,22.0,6.7,no,distrito 10,82.4695848274863,sí,15 040,sí,06/12/2017,prestadora C
71.0,hombre,grado I,con pareja,4.0,0.0,50.0,11.8,no,distrito 7,56.35451421857602,no,11 654,no,21/09/2018,prestadora C
73.0,mujer,grado III,solo,3.0,0.0,37.0,3.7,no,distrito 1,131.76854552832916,sí,16 294,no,22/11/2019,prestadora C
85.0,mujer,SIN VALORAR,solo,5.0,0.0,49.0,6.4,no,distrito 7,141.8796543904702,sí,29 716,no,07/01/2023,prestadora B
83.0,hombre,GRADO I,con pareja,0.0,0.0,25.0,1.3,sí,distrito 4,9.41083047264798,sí,16 708,sí,23/09/2024,prestadora C
81.0,mujer,grado I,solo,2.0,1.0,57.0,3.8,no,distrito 10,144.82978835104126,no,24 803,no,22/08/2018,prestadora B
90.0,mujer,GRADO I,con pareja,1.0,0.0,26.0,7.9,sí,distrito 4,32.07826274974214,sí,7 828,sí,10/02/2017,prestadora A
104.0,mujer,sin valorar,solo,8.0,0.0,22.0,0.7,sí,distrito 3,480.7561571456016,sí,20 261,no,11/02/2018,prestadora B
65.0,mujer,grado II,con pareja,0.0,0.0,22.0,5.8,no,distrito 1,14.116637243437408,sí,11 677,no,05/02/2024,prestadora A
87.0,mujer,  sin valorar ,con pareja,5.0,2.0,18.0,5.5,sí,distrito 7,163.9639173459484,sí,21 066,no,31/10/2021,prestadora B
79.0,mujer,grado I,con familia,2.0,0.0,29.0,6.6,sí,distrito 5,12.373672017458048,no,21 467,sí,23/03/2020,prestadora C
76.0,hombre,sin valorar,con pareja,4.0,1.0,14.0,4.1,sí,distrito 2,18.776786027113058,sí,16 989,sí,31/05/2019,prestadora C
89.0,hombre,sin valorar,solo,4.0,0.0,59.0,9.3,no,distrito 3,282.70549222797644,sí,9 915,no,21/11/2020,prestadora A
87.0,mujer,sin valorar,solo,2.0,1.0,30.0,15.5,no,distrito 7,95.38405293616604,no,13 821,sí,21/08/2017,prestadora B
73.0,hombre,grado I,solo,0.0,0.0,68.0,2.4,no,distrito 1,21.72532449427413,no,11 919,sí,05/12/2021,prestadora C
78.0,hombre,SIN VALORAR,con familia,4.0,0.0,37.0,2.1,no,distrito 6,24.96920669975019,sí,15 382,sí,17/11/2017,prestadora B
97.0,hombre,  grado I ,con pareja,3.0,0.0,11.0,2.1,no,distrito 6,46.18810632511255,sí,11 573,sí,24/07/2019,prestadora C
71.0,hombre,grado I,solo,1.0,1.0,9.0,7.3,no,distrito 4,18.196173756257153,no,12 025,no,26/11/2017,prestadora B
73.0,hombre,sin valorar,con pareja,0.0,1.0,45.0,2.1,sí,distrito 9,9.289944142993935,sí,12 195,sí,06/02/2020,prestadora A
87.0,hombre,GRADO I,solo,2.0,0.0,36.0,3.8,no,distrito 4,146.9306441654586,no,25 043,no,05/04/2024,prestadora C
72.0,hombre,  grado I ,con familia,7.0,2.0,41.0,3.6,no,distrito 7,50.155688089769924,sí,11 097,N/D,22/03/2017,prestadora B
92.0,mujer,grado III,solo,1.0,0.0,52.0,1.6,no,distrito 4,77.54410897878665,sí,11 346,sí,06/01/2018,prestadora A
94.0,hombre,grado II,solo,3.0,0.0,16.0,5.1,no,distrito 8,581.8724878017736,sí,14 950,sí,19/09/2023,prestadora B
85.0,mujer,  grado I ,solo,7.0,2.0,19.0,1.4,sí,distrito 8,413.05565118833607,no,22 172,sí,01/07/2024,prestadora C
75.0,mujer,sin valorar,con pareja,0.0,1.0,37.0,1.7,no,distrito 1,16.932292276106704,no,18 108,sí,04/11/2018,prestadora C
87.0,mujer,sin valorar,solo,2.0,1.0,45.0,8.8,no,distrito 4,109.74077417524563,sí,22 094,no,10/02/2016,prestadora B
70.0,hombre,  sin valorar ,solo,9.0,2.0,10.0,3.3,sí,distrito 4,721.7142307388876,sí,12 806,sí,12/12/2016,prestadora B
72.0,mujer,grado I,con pareja,1.0,0.0,18.0,2.6,no,distrito 5,17.001457509602215,no,14 004,no,16/05/2016,prestadora A
73.0,mujer,SIN VALORAR,con pareja,4.0,0.0,48.0,4.1,sí,distrito 2,46.23655118023251,no,11 824,sí,05/07/2016,prestadora C
81.0,mujer,  sin valorar ,solo,2.0,0.0,36.0,9.7,no,distrito 2,50.74578586093014,sí,23 090,N/D,10/11/2016,prestadora B
87.0,mujer,sin valorar,solo,3.0,1.0,27.0,1.6,sí,distrito 7,86.34783093679123,sí,14 844,sí,25/10/2017,prestadora B
86.0,mujer,sin valorar,con pareja,5.0,0.0,33.0,3.6,sí,distrito 10,135.32140537533272,no,20 545,sí,16/10/2020,prestadora C
66.0,mujer,grado II,solo,8.0,0.0,14.0,9.7,sí,distrito 5,1616.0172998866715,sí,26 265,no,10/01/2017,prestadora B
73.0,mujer,grado I,solo,4.0,0.0,44.0,0.7,no,distrito 8,718.8240322248487,sí,17 065,sí,10/11/2016,prestadora A
78.0,mujer,GRADO II,con pareja,6.0,0.0,9.0,10.2,sí,distrito 8,129.93781669733468,no,9 987,sí,09/07/2020,prestadora A
77.0,hombre,sin valorar,con familia,6.0,1.0,105.0,3.1,no,distrito 2,122.46484549893552,sí,18 074,no,02/05/2022,prestadora C
88.0,hombre,grado III,con familia,1.0,1.0,111.0,3.0,no,distrito 1,27.68671718482365,no,5 172,sí,28/03/2019,prestadora A
86.0,hombre,grado I,solo,2.0,2.0,47.0,7.2,no,distrito 7,119.69493047444676,sí,5 528,sí,06/05/2021,prestadora B
80.0,hombre,sin valorar,con pareja,2.0,0.0,53.0,3.3,no,distrito 4,34.04819415746919,sí,11 931,sí,27/08/2018,prestadora A
68.0,mujer,grado III,solo,1.0,0.0,79.0,11.7,sí,distrito 11,43.509640935236575,sí,9 563,sí,24/07/2021,prestadora A
90.0,hombre,grado I,con pareja,1.0,0.0,41.0,7.0,no,distrito 1,23.15669407141663,sí,26 804,no,21/05/2018,prestadora B
79.0,mujer,grado I,solo,2.0,4.0,27.0,3.8,no,distrito 9,194.1274534766935,sí,21 673,N/D,26/08/2017,prestadora A
81.0,mujer,sin valorar,con familia,6.0,0.0,42.0,2.1,no,distrito 10,74.87670981527926,sí,16 459,sí,02/02/2020,prestadora C
65.0,mujer,grado II,solo,0.0,0.0,7.0,0.8,no,distrito 6,91.89886792161671,no,18 023,sí,17/05/2020,prestadora B
89.0,hombre,grado I,con familia,9.0,3.0,65.0,2.3,no,distrito 4,97.9120348831738,sí,16 084,sí,03/04/2019,prestadora B
69.0,mujer,  grado II ,solo,2.0,0.0,7.0,5.8,no,distrito 8,103.55780017860401,no,9 172,no,21/07/2024,prestadora B
76.0,hombre,grado II,con familia,3.0,0.0,24.0,1.4,sí,distrito 5,42.29908828966582,no,13 215,N/D,21/05/2024,prestadora B
72.0,mujer,  grado III ,con familia,6.0,1.0,41.0,1.6,sí,distrito 10,58.72989120705064,sí,12 083,sí,09/02/2021,prestadora C
74.0,hombre,grado III,con familia,5.0,1.0,22.0,1.8,no,distrito 5,188.57160396079888,sí,4 631,sí,14/08/2022,prestadora B
79.0,mujer,  grado I ,con familia,1.0,1.0,19.0,0.7,no,distrito 11,9.290480765499,sí,12 565,sí,27/12/2019,prestadora C
86.0,mujer,grado I,solo,0.0,9.0,61.0,3.2,no,distrito 1,23.78634623496355,sí,20 024,sí,14/01/2018,prestadora A
90.0,mujer,grado III,con pareja,2.0,0.0,15.0,4.0,no,distrito 5,35.01091518354476,sí,19 357,no,02/07/2016,prestadora B
70.0,hombre,grado II,solo,1.0,0.0,26.0,8.9,sí,distrito 10,29.85122601029191,no,20 660,sí,20/06/2023,prestadora C
75.0,hombre,grado I,solo,6.0,0.0,122.0,6.6,no,distrito 9,196.02962338999464,no,15 855,no,30/11/2018,prestadora C
79.0,mujer,grado II,con pareja,2.0,1.0,20.0,10.9,no,distrito 8,61.87770630183716,no,19 057,no,17/03/2016,prestadora A
80.0,mujer,sin valorar,solo,2.0,5.0,24.0,8.0,sí,distrito 7,104.93166754072605,no,18 801,sí,03/11/2022,prestadora C
73.0,mujer,grado II,solo,4.0,0.0,33.0,3.1,no,distrito 11,45.25315644982162,no,12 713,sí,24/05/2019,prestadora C
80.0,mujer,grado II,solo,2.0,0.0,42.0,0.2,no,distrito 11,286.7321053362414,no,20 011,N/D,06/07/2023,prestadora A
80.0,mujer,grado I,solo,0.0,0.0,11.0,2.7,sí,distrito 2,15.822024506563418,no,9 543,sí,04/12/2023,prestadora B
71.0,mujer,grado II,solo,8.0,0.0,41.0,0.6,no,distrito 5,402.28612987293434,sí,12 451,sí,03/08/2017,prestadora A
94.0,mujer,grado I,con familia,1.0,0.0,29.0,3.9,no,distrito 7,5.919404940456803,no,14 510,no,27/04/2019,prestadora A
89.0,hombre,grado III,solo,1.0,0.0,57.0,2.6,sí,distrito 8,22.79709349494301,sí,8 620,sí,03/11/2023,prestadora C
87.0,hombre,grado II,solo,0.0,0.0,28.0,3.1,no,distrito 1,73.30487745654798,no,14 185,sí,07/02/2024,prestadora C
91.0,mujer,grado II,con familia,2.0,0.0,15.0,4.5,sí,distrito 1,9.456383018493009,sí,7 400,sí,21/08/2016,prestadora A
81.0,hombre,SIN VALORAR,con pareja,0.0,0.0,71.0,10.5,no,distrito 11,17.076675915863326,sí,7 562,no,11/07/2018,prestadora B
81.0,mujer,grado I,con pareja,2.0,0.0,48.0,1.8,no,distrito 9,47.95228697082528,sí,21 287,sí,14/08/2021,prestadora A
87.0,mujer,grado II,solo,4.0,0.0,32.0,4.9,no,distrito 5,774.4582342384164,sí,6 832,sí,04/01/2023,prestadora B
75.0,hombre,grado I,con pareja,4.0,2.0,113.0,2.4,sí,distrito 1,85.01241165475456,sí,13 046,sí,10/01/2016,prestadora B
89.0,hombre,grado II,con pareja,0.0,0.0,35.0,8.5,sí,distrito 2,12.687506089132349,no,10 800,sí,30/07/2020,prestadora C
83.0,hombre,grado I,con familia,1.0,4.0,19.0,6.3,no,distrito 9,22.182844813348108,sí,9 990,sí,14/08/2021,prestadora C
88.0,mujer,grado II,solo,1.0,0.0,33.0,0.4,no,distrito 6,25.272524307123184,sí,20 397,no,26/10/2021,prestadora A
91.0,mujer,GRADO III,con pareja,3.0,0.0,2.0,3.3,sí,distrito 11,290.4291522436273,sí,12 105,sí,14/11/2016,prestadora C
80.0,mujer,grado II,con familia,2.0,7.0,43.0,3.3,no,distrito 11,37.869456604992344,sí,19 775,no,01/05/2016,prestadora A
90.0,mujer,grado I,con pareja,3.0,3.0,50.0,1.5,sí,distrito 1,30.09876680769775,no,18 696,no,19/02/2021,prestadora A
85.0,mujer,grado I,con pareja,2.0,0.0,46.0,7.2,sí,distrito 5,38.544466373870456,sí,15 029,sí,22/07/2022,prestadora B
82.0,hombre,grado II,con familia,1.0,0.0,47.0,3.6,no,distrito 4,25.532785319766443,no,11 837,sí,10/11/2017,prestadora A
77.0,mujer,grado I,con familia,0.0,0.0,12.0,2.3,no,distrito 4,10.967373912844335,sí,17 980,no,27/04/2022,prestadora C
78.0,mujer,grado II,con pareja,1.0,1.0,54.0,2.0,sí,distrito 3,59.017107669782824,sí,13 159,sí,01/07/2016,prestadora A
86.0,mujer,grado III,con pareja,2.0,0.0,93.0,6.0,no,distrito 6,126.64152224876896,no,18 045,sí,02/06/2024,prestadora B
81.0,mujer,grado II,con familia,2.0,0.0,49.0,2.2,sí,distrito 6,44.75135324512704,sí,30 322,sí,11/10/2019,prestadora B
83.0,mujer,grado I,solo,5.0,0.0,45.0,1.8,sí,distrito 7,336.0155159876278,sí,17 399,sí,22/05/2022,prestadora C
74.0,mujer,grado I,con pareja,0.0,0.0,41.0,1.5,sí,distrito 5,11.585693401846937,sí,19 051,sí,05/05/2019,prestadora C
82.0,mujer,GRADO II,con familia,5.0,1.0,31.0,3.9,no,distrito 1,35.95494176712113,no,10 849,no,13/04/2024,prestadora B
91.0,mujer,grado I,con familia,2.0,0.0,41.0,1.0,no,distrito 3,31.496922298903772,no,9 112,no,28/12/2016,prestadora B
87.0,hombre,grado I,solo,1.0,1.0,74.0,1.7,no,distrito 5,48.645871046890385,sí,20 063,sí,20/12/2016,prestadora B
78.0,mujer,grado I,solo,1.0,0.0,23.0,3.3,no,distrito 5,58.69081032821574,sí,26 666,no,03/11/2022,prestadora C
84.0,mujer,grado II,solo,0.0,0.0,34.0,4.7,sí,distrito 9,14.166710023469722,sí,17 627,no,10/01/2020,prestadora A
74.0,hombre,sin valorar,solo,0.0,2.0,63.0,13.1,no,distrito 7,25.169324912675798,sí,15 117,no,31/08/2016,prestadora C
77.0,mujer,grado III,solo,0.0,0.0,50.0,1.3,no,distrito 7,21.718099361729347,sí,14 752,no,20/09/2021,prestadora B
78.0,mujer,grado II,solo,0.0,1.0,18.0,4.4,no,distrito 9,245.75989575857545,no,16 763,no,22/03/2022,prestadora B
80.0,hombre,grado II,con pareja,2.0,0.0,40.0,6.2,no,distrito 11,125.06661760490401,sí,12 883,no,26/09/2023,prestadora B
73.0,mujer,grado I,solo,1.0,0.0,57.0,0.6,no,distrito 6,26.50768266889235,no,8 325,sí,11/11/2022,prestadora B
101.0,mujer,sin valorar,solo,4.0,0.0,51.0,2.3,sí,distrito 9,95.49417109878586,no,17 104,sí,01/02/2022,prestadora B
82.0,mujer,  grado III ,con familia,1.0,0.0,52.0,5.6,no,distrito 3,65.33568796751294,sí,15 550,sí,28/09/2018,prestadora A
78.0,hombre,grado I,con pareja,0.0,0.0,41.0,5.3,no,distrito 10,28.40897968011151,sí,11 316,sí,03/03/2024,prestadora C
83.0,mujer,sin valorar,con pareja,6.0,0.0,17.0,4.8,no,distrito 2,95.79528471137903,sí,6 983,sí,05/03/2022,prestadora B
86.0,hombre,grado II,solo,0.0,0.0,101.0,0.8,no,distrito 7,18.607034574368317,sí,17 930,sí,11/05/2021,prestadora B
80.0,hombre,grado I,solo,3.0,0.0,42.0,2.0,no,distrito 1,67.0608897742658,no,18 061,sí,10/05/2024,prestadora B
79.0,hombre,grado II,con pareja,0.0,2.0,20.0,2.2,no,distrito 11,25.804452242467146,sí,13 635,sí,16/08/2023,prestadora A
73.0,mujer,grado II,con pareja,6.0,0.0,10.0,12.3,no,distrito 10,176.88694128659844,no,15 955,sí,02/08/2022,prestadora C
78.0,hombre,sin valorar,con pareja,1.0,0.0,71.0,7.0,no,distrito 3,6.280114362697592,sí,21 333,sí,20/09/2020,prestadora B
84.0,hombre,sin valorar,con familia,4.0,0.0,22.0,3.6,sí,distrito 9,7.858361407585448,no,19 552,sí,31/12/2023,prestadora B
101.0,mujer,grado I,con pareja,10.0,1.0,20.0,0.8,no,distrito 6,106.5735586277027,no,9 840,no,16/11/2017,prestadora A
90.0,hombre,grado II,solo,1.0,0.0,42.0,3.8,sí,distrito 4,18.376419649008245,sí,18 251,sí,24/06/2022,prestadora C
99.0,mujer,sin valorar,solo,1.0,0.0,42.0,1.4,no,distrito 9,20.00893730202603,no,21 116,sí,02/06/2017,prestadora C
80.0,hombre,grado I,con pareja,1.0,0.0,83.0,2.5,sí,distrito 7,21.045042545504156,no,12 832,sí,13/03/2021,prestadora B
90.0,mujer,grado I,con pareja,0.0,1.0,6.0,2.7,no,distrito 10,15.094384297041966,sí,13 892,sí,02/06/2021,prestadora B
74.0,hombre,grado III,con pareja,6.0,3.0,17.0,7.6,no,distrito 5,864.5548599641469,no,7 159,sí,20/11/2017,prestadora C
86.0,mujer,sin valorar,solo,3.0,1.0,5.0,3.6,no,distrito 3,53.91048870211327,sí,17 610,sí,21/04/2020,prestadora C
70.0,mujer,SIN VALORAR,con pareja,1.0,1.0,24.0,2.3,sí,distrito 5,17.13313128410308,sí,9 408,sí,14/07/2020,prestadora B
80.0,mujer,sin valorar,con pareja,2.0,0.0,57.0,6.6,no,distrito 2,12.498686720840944,sí,14 951,no,30/12/2018,prestadora B
84.0,mujer,grado III,solo,0.0,2.0,24.0,2.4,no,distrito 11,72.54027321462324,sí,10 641,sí,19/06/2024,prestadora C
75.0,mujer,grado I,solo,0.0,0.0,5.0,0.3,no,distrito 4,6.214113577936897,sí,9 354,sí,29/03/2022,prestadora B
89.0,mujer,grado I,con pareja,0.0,0.0,28.0,4.9,no,distrito 5,32.16003516948537,no,7 740,no,25/08/2020,prestadora B
77.0,mujer,grado III,solo,3.0,3.0,35.0,6.1,no,distrito 1,427.0995666905493,sí,8 566,sí,15/01/2019,prestadora B
82.0,hombre,  sin valorar ,con familia,12.0,0.0,64.0,4.8,no,distrito 3,132.6181249684579,no,20 252,no,27/08/2023,prestadora A
78.0,mujer,sin valorar,solo,4.0,0.0,61.0,1.6,no,distrito 2,238.43002222210006,no,14 638,no,09/05/2019,prestadora C
92.0,mujer,sin valorar,solo,3.0,0.0,24.0,0.7,no,distrito 7,224.84669722780583,no,9 948,sí,14/12/2017,prestadora A
83.0,mujer,grado I,solo,0.0,1.0,25.0,3.5,no,distrito 3,17.54462908624118,sí,18 456,sí,14/12/2016,prestadora A
80.0,mujer,grado II,solo,1.0,0.0,42.0,2.6,sí,distrito 4,108.45080083711265,no,9 406,no,21/12/2023,prestadora A
73.0,mujer,grado I,solo,0.0,0.0,21.0,1.5,no,distrito 7,23.8212417419986,no,6 096,sí,21/03/2024,prestadora B
88.0,mujer,grado II,solo,3.0,2.0,56.0,6.5,sí,distrito 11,176.8403562743902,no,7 210,sí,03/07/2020,prestadora A
76.0,mujer,sin valorar,con familia,4.0,0.0,13.0,4.7,no,distrito 4,179.451696059257,sí,15 638,sí,25/07/2024,prestadora B
77.0,mujer,SIN VALORAR,con familia,6.0,0.0,23.0,7.0,sí,distrito 7,102.37788951996657,no,17 665,N/D,05/04/2016,prestadora B
93.0,mujer,sin valorar,solo,0.0,0.0,47.0,8.6,sí,distrito 10,14.57839395085196,sí,16 991,sí,01/09/2017,prestadora B
87.0,mujer,GRADO III,con pareja,0.0,4.0,13.0,9.3,no,distrito 1,21.287275625962117,sí,11 764,N/D,13/04/2017,prestadora B
78.0,mujer,grado II,con familia,1.0,2.0,9.0,5.0,no,distrito 11,26.475713120598236,no,10 590,sí,28/09/2021,prestadora B
81.0,mujer,grado I,solo,0.0,3.0,145.0,4.3,no,distrito 6,83.89276302345846,sí,20 176,no,02/10/2017,prestadora C
74.0,mujer,sin valorar,con pareja,2.0,0.0,17.0,0.9,no,distrito 1,9.51875482065569,no,11 919,no,23/07/2021,prestadora A
89.0,mujer,grado III,solo,1.0,0.0,8.0,6.5,no,distrito 2,201.0199226513601,sí,17 765,sí,09/08/2019,prestadora B
86.0,mujer,grado III,con pareja,0.0,0.0,13.0,2.2,no,distrito 8,23.437594977857287,no,31 001,sí,21/08/2021,prestadora C
88.0,mujer,grado I,con pareja,2.0,0.0,55.0,3.8,no,distrito 1,19.638246887814468,sí,8 736,no,11/02/2018,prestadora A
72.0,mujer,grado II,solo,0.0,1.0,11.0,4.3,no,distrito 8,49.67704921639458,sí,30 050,sí,26/12/2020,prestadora B
82.0,mujer,GRADO III,con pareja,3.0,0.0,25.0,0.6,no,distrito 8,120.98885006132882,no,23 335,sí,14/08/2020,prestadora A
90.0,mujer,GRADO II,solo,6.0,3.0,38.0,0.2,no,distrito 7,595.7119518550993,no,21 208,no,20/06/2019,prestadora A
88.0,hombre,GRADO II,con pareja,1.0,0.0,12.0,3.9,no,distrito 4,43.05024638577421,sí,32 256,no,02/02/2020,prestadora C
79.0,hombre,GRADO II,solo,2.0,0.0,37.0,2.7,sí,distrito 5,485.7084782742337,sí,20 858,sí,03/02/2020,prestadora B
99.0,hombre,grado II,con pareja,5.0,3.0,100.0,2.3,no,distrito 5,152.05276962659912,sí,13 293,no,11/04/2022,prestadora A
78.0,mujer,GRADO I,con pareja,4.0,5.0,73.0,7.8,no,distrito 9,81.11234513421276,no,10 772,sí,26/11/2023,prestadora A
84.0,mujer,  grado II ,con familia,11.0,2.0,65.0,1.4,no,distrito 11,141.37606919754222,no,15 592,N/D,09/10/2019,prestadora C
75.0,mujer,sin valorar,solo,8.0,1.0,31.0,3.9,no,distrito 2,782.1531282759704,sí,10 098,N/D,14/07/2024,prestadora A
86.0,mujer,grado III,con familia,7.0,2.0,55.0,3.5,no,distrito 11,149.9898167126764,sí,15 360,sí,17/05/2020,prestadora B
95.0,hombre,grado II,con pareja,1.0,2.0,111.0,0.8,no,distrito 3,19.977942695837044,sí,13 188,sí,25/06/2016,prestadora C
74.0,hombre,grado I,solo,0.0,0.0,71.0,2.4,no,distrito 8,14.863589298941351,sí,8 587,no,09/01/2017,prestadora B
70.0,mujer,grado II,solo,6.0,0.0,36.0,0.7,no,distrito 3,100.48162094573196,no,15 737,sí,01/08/2019,prestadora C
82.0,hombre,sin valorar,con pareja,5.0,2.0,20.0,3.4,no,distrito 6,28.82566092162869,sí,13 498,sí,04/05/2016,prestadora C
94.0,mujer,grado II,con pareja,1.0,0.0,2.0,1.1,sí,distrito 8,46.203621646221485,no,16 553,sí,26/06/2023,prestadora A
74.0,hombre,sin valorar,con familia,0.0,1.0,55.0,5.3,sí,distrito 10,2.689204705830045,no,15 395,no,30/07/2017,prestadora B
78.0,hombre,SIN VALORAR,solo,7.0,3.0,41.0,13.9,no,distrito 5,76.9327864525511,sí,11 387,no,14/11/2019,prestadora B
72.0,hombre,sin valorar,solo,2.0,0.0,4.0,4.9,sí,distrito 9,50.71185084464762,sí,4 462,no,08/01/2023,prestadora A
86.0,hombre,grado I,solo,1.0,3.0,52.0,4.1,sí,distrito 4,13.480477653971265,no,7 685,sí,15/04/2022,prestadora A
80.0,mujer,grado I,solo,4.0,0.0,81.0,2.6,sí,distrito 2,114.00864681792022,sí,12 024,sí,30/05/2022,prestadora C
81.0,mujer,grado II,con familia,0.0,0.0,32.0,8.0,no,distrito 5,18.727226882234703,no,22 817,sí,12/07/2021,prestadora A
90.0,hombre,grado I,con familia,0.0,0.0,57.0,5.1,no,distrito 10,45.39379626192528,sí,15 509,sí,08/06/2017,prestadora B
92.0,mujer,grado I,solo,0.0,0.0,30.0,3.6,no,distrito 9,54.25035448343988,sí,19 497,no,09/01/2019,prestadora B
90.0,mujer,sin valorar,solo,10.0,2.0,23.0,3.4,no,distrito 9,416.90059289774376,sí,21 541,sí,16/02/2017,prestadora B
90.0,hombre,SIN VALORAR,solo,0.0,0.0,39.0,3.8,sí,distrito 2,12.885941228246782,sí,13 001,no,20/08/2020,prestadora C
73.0,mujer,grado III,solo,4.0,4.0,25.0,1.3,no,distrito 5,108.77614950546938,sí,21 805,N/D,09/07/2020,prestadora C
104.0,mujer,GRADO III,con pareja,3.0,0.0,36.0,8.2,sí,distrito 3,118.22098855588085,no,20 977,N/D,28/01/2017,prestadora C
83.0,hombre,grado II,solo,2.0,1.0,104.0,1.5,no,distrito 6,117.68567946705294,sí,15 124,sí,19/12/2021,prestadora C
74.0,mujer,grado I,con familia,3.0,0.0,24.0,1.3,sí,distrito 10,41.33303911805275,no,20 617,sí,04/07/2022,prestadora B
85.0,hombre,sin valorar,solo,0.0,2.0,24.0,4.4,no,distrito 5,32.77135100545792,sí,14 397,no,31/10/2021,prestadora A
78.0,hombre,  grado III ,solo,0.0,7.0,86.0,7.1,no,distrito 6,44.58953738701957,sí,11 090,no,10/01/2019,prestadora C
70.0,mujer,  grado I ,solo,1.0,1.0,55.0,5.8,no,distrito 4,47.51885013596896,sí,13 103,sí,18/01/2024,prestadora C
75.0,mujer,grado I,con pareja,0.0,1.0,36.0,1.8,no,distrito 10,21.88152996336991,sí,35 585,no,13/01/2018,prestadora B
80.0,hombre,grado I,con pareja,6.0,2.0,27.0,3.0,sí,distrito 3,108.43630659003195,no,14 017,sí,15/02/2023,prestadora A
91.0,mujer,GRADO I,con pareja,2.0,0.0,32.0,6.1,no,distrito 6,46.08574688735202,sí,12 086,N/D,24/02/2019,prestadora B
76.0,mujer,grado III,con pareja,5.0,2.0,100.0,6.5,no,distrito 6,447.05740955274047,sí,11 816,sí,15/06/2021,prestadora C
88.0,hombre,grado II,con pareja,4.0,0.0,57.0,0.1,sí,distrito 3,89.64632234051663,sí,24 459,no,14/07/2017,prestadora B
78.0,mujer,grado III,con pareja,1.0,0.0,43.0,2.9,no,distrito 11,65.49834530385174,sí,12 746,sí,07/04/2020,prestadora A
87.0,mujer,grado III,solo,5.0,0.0,93.0,0.8,no,distrito 1,246.27492929152726,no,9 783,sí,25/06/2023,prestadora B
84.0,mujer,grado I,con pareja,5.0,1.0,40.0,8.7,no,distrito 11,96.49115431288716,sí,8 839,sí,29/01/2023,prestadora C
101.0,hombre,sin valorar,solo,2.0,1.0,105.0,5.9,no,distrito 7,57.405804700456926,sí,12 682,no,30/01/2018,prestadora C
79.0,hombre,grado I,solo,1.0,0.0,33.0,5.7,sí,distrito 4,71.12611455258175,no,11 975,sí,08/08/2017,prestadora A
80.0,mujer,grado II,solo,2.0,2.0,75.0,4.1,no,distrito 5,74.74223518271224,no,27 409,sí,14/05/2022,prestadora B
76.0,mujer,  grado I ,solo,13.0,0.0,75.0,1.5,no,distrito 2,503.1171170360524,sí,24 128,no,18/11/2020,prestadora B
77.0,mujer,grado III,solo,7.0,0.0,6.0,3.6,sí,distrito 4,1156.3426355540735,sí,4 652,sí,30/12/2021,prestadora B
68.0,mujer,grado I,solo,1.0,0.0,6.0,9.3,sí,distrito 8,90.16796637561683,sí,12 489,sí,16/01/2020,prestadora C
94.0,hombre,  sin valorar ,solo,5.0,1.0,29.0,3.7,no,distrito 6,74.38561164384448,no,5 031,no,08/02/2016,prestadora A
81.0,mujer,grado III,con familia,2.0,0.0,39.0,4.7,no,distrito 4,26.547007856773206,sí,12 843,no,19/09/2016,prestadora A
92.0,mujer,  sin valorar ,con pareja,1.0,0.0,36.0,13.1,no,distrito 8,4.211974875956456,sí,20 033,sí,17/07/2020,prestadora B
82.0,mujer,grado I,solo,5.0,0.0,12.0,2.0,no,distrito 8,78.95131201748022,sí,19 656,sí,20/06/2019,prestadora C
92.0,hombre,grado III,con familia,3.0,1.0,65.0,2.6,no,distrito 10,29.216494745338313,sí,16 839,no,22/09/2023,prestadora B
94.0,hombre,  sin valorar ,con pareja,1.0,2.0,54.0,1.3,sí,distrito 2,14.233546160023925,sí,16 822,sí,16/07/2020,prestadora C
80.0,mujer,sin valorar,con familia,3.0,0.0,20.0,0.7,sí,distrito 5,17.831165353562767,sí,15 693,sí,27/10/2017,prestadora A
79.0,mujer,grado III,solo,3.0,0.0,18.0,6.0,no,distrito 9,245.3847518754524,no,34 858,sí,19/05/2017,prestadora B
90.0,mujer,sin valorar,con familia,12.0,0.0,39.0,0.4,sí,distrito 7,124.01450117052866,sí,12 160,sí,09/06/2017,prestadora C
88.0,mujer,sin valorar,con familia,6.0,0.0,60.0,1.0,no,distrito 4,87.1566069694056,no,4 241,sí,04/02/2022,prestadora A
80.0,mujer,GRADO II,con familia,1.0,2.0,64.0,5.9,no,distrito 1,69.48751055938789,sí,39 940,no,19/07/2022,prestadora C
65.0,mujer,sin valorar,con familia,8.0,0.0,66.0,10.6,sí,distrito 8,68.83633601184638,sí,16 393,sí,13/11/2021,prestadora B
87.0,hombre,grado II,con familia,1.0,0.0,65.0,3.5,no,distrito 5,21.186597547534195,sí,11 639,no,24/01/2021,prestadora A
67.0,mujer,grado II,solo,1.0,0.0,31.0,1.4,no,distrito 4,24.263411683342838,no,16 109,N/D,25/02/2020,prestadora C
76.0,mujer,grado I,con familia,1.0,2.0,110.0,3.2,sí,distrito 2,45.08611958077012,sí,6 585,sí,27/01/2020,prestadora A
68.0,mujer,GRADO I,con familia,1.0,1.0,74.0,6.7,no,distrito 5,8.975688642863462,sí,31 106,sí,23/01/2021,prestadora B
90.0,mujer,sin valorar,con familia,3.0,0.0,10.0,2.3,no,distrito 10,75.60050756798044,no,30 233,no,30/06/2021,prestadora B
87.0,mujer,sin valorar,solo,2.0,0.0,11.0,5.4,no,distrito 7,94.07627688435235,sí,5 350,sí,27/12/2019,prestadora B
82.0,mujer,sin valorar,solo,6.0,1.0,23.0,4.8,sí,distrito 2,815.5754507377202,sí,20 377,no,21/02/2022,prestadora C
69.0,hombre,sin valorar,con familia,1.0,0.0,21.0,10.2,sí,distrito 4,15.862217067859756,sí,7 121,N/D,12/12/2020,prestadora B
104.0,hombre,grado I,solo,2.0,0.0,69.0,5.4,no,distrito 5,61.94458189831665,sí,8 843,sí,07/09/2018,prestadora A
79.0,mujer,grado II,solo,0.0,0.0,13.0,5.7,no,distrito 10,46.48163474037792,sí,8 696,sí,04/04/2019,prestadora C
91.0,mujer,GRADO III,con familia,2.0,0.0,49.0,3.1,no,distrito 7,102.40416209768473,no,13 523,sí,11/03/2017,prestadora C
77.0,hombre,grado I,con familia,2.0,5.0,54.0,4.6,no,distrito 10,27.296597412392313,sí,9 281,sí,30/04/2018,prestadora A
86.0,mujer,grado II,con pareja,1.0,0.0,25.0,2.3,no,distrito 4,57.41520151823245,no,16 503,no,09/10/2021,prestadora A
77.0,hombre,SIN VALORAR,con pareja,1.0,0.0,121.0,3.3,no,distrito 7,7.3210106733236495,sí,22 415,no,08/04/2021,prestadora A
68.0,mujer,grado II,con pareja,2.0,1.0,83.0,3.1,no,distrito 10,48.35779042458762,sí,19 130,no,08/07/2023,prestadora C
84.0,hombre,grado III,solo,3.0,1.0,7.0,9.6,no,distrito 3,255.4665302376844,sí,8 096,sí,07/12/2018,prestadora B
72.0,hombre,grado II,con pareja,7.0,0.0,23.0,1.0,no,distrito 1,69.47959051035967,no,8 865,sí,22/11/2023,prestadora A
76.0,mujer,  grado II ,con familia,0.0,0.0,39.0,5.5,no,distrito 2,14.2348114932779,sí,26 805,sí,23/01/2018,prestadora B
78.0,mujer,grado II,solo,3.0,0.0,22.0,2.3,no,distrito 2,27.932194050762114,sí,16 638,sí,21/09/2023,prestadora A
74.0,mujer,grado II,con pareja,1.0,0.0,79.0,0.6,no,distrito 10,82.94857238304269,sí,14 501,no,03/07/2021,prestadora A
84.0,mujer,SIN VALORAR,con pareja,4.0,0.0,29.0,7.2,sí,distrito 4,37.7907246437301,no,10 171,N/D,22/05/2020,prestadora B
96.0,mujer,grado III,solo,1.0,0.0,23.0,3.9,no,distrito 8,114.48764873887602,no,15 436,sí,13/09/2022,prestadora B
82.0,hombre,GRADO I,con pareja,2.0,0.0,29.0,12.8,sí,distrito 8,87.85971989941788,sí,15 755,sí,26/02/2024,prestadora B
83.0,hombre,grado I,solo,0.0,0.0,23.0,3.6,no,distrito 6,10.020860664720322,sí,20 169,no,15/01/2021,prestadora C
85.0,mujer,  grado I ,solo,4.0,0.0,24.0,6.0,no,distrito 11,226.14426385126686,sí,21 064,sí,06/10/2019,prestadora A
75.0,mujer,grado I,solo,1.0,0.0,66.0,7.9,no,distrito 4,34.5144207669004,sí,17 229,no,30/08/2022,prestadora A
82.0,hombre,grado I,con pareja,0.0,0.0,29.0,0.7,sí,distrito 8,28.74434314241463,sí,7 454,no,21/02/2017,prestadora B
81.0,mujer,grado III,solo,0.0,0.0,25.0,0.9,sí,distrito 8,5.742496914346758,sí,14 585,sí,03/08/2023,prestadora C
85.0,mujer,grado II,solo,1.0,4.0,10.0,5.1,sí,distrito 4,76.36329590387503,sí,19 767,no,20/01/2017,prestadora C
97.0,hombre,grado I,con pareja,0.0,1.0,37.0,1.9,no,distrito 10,6.0463808154274155,no,10 336,sí,20/04/2020,prestadora A
89.0,mujer,grado I,solo,0.0,0.0,50.0,2.4,sí,distrito 6,18.812224673949405,no,16 585,no,21/03/2021,prestadora B
78.0,mujer,  sin valorar ,con pareja,0.0,0.0,99.0,4.2,no,distrito 3,46.26644276214226,no,25 828,sí,14/06/2017,prestadora B
79.0,hombre,grado I,solo,2.0,1.0,27.0,1.6,sí,distrito 6,93.0967967964608,sí,13 112,no,22/12/2016,prestadora A
85.0,mujer,grado I,solo,2.0,0.0,18.0,9.1,no,distrito 8,36.237475719377734,sí,20 302,sí,08/05/2024,prestadora A
73.0,mujer,grado III,solo,1.0,0.0,26.0,5.3,no,distrito 3,27.45388990995394,sí,11 364,sí,28/07/2023,prestadora C
71.0,mujer,grado I,con familia,1.0,0.0,36.0,3.9,sí,distrito 3,7.6465375862048015,sí,14 021,sí,01/05/2023,prestadora A
69.0,hombre,grado II,solo,0.0,0.0,12.0,4.3,no,distrito 8,52.377653201881905,sí,8 564,no,17/07/2022,prestadora A
87.0,mujer,grado I,solo,2.0,0.0,0.0,0.9,no,distrito 4,152.13431301048297,no,11 187,sí,23/02/2024,prestadora C
77.0,hombre,GRADO I,con pareja,7.0,0.0,44.0,0.2,sí,distrito 8,53.80206364795641,sí,11 094,no,03/07/2024,prestadora A
78.0,mujer,grado II,solo,4.0,0.0,16.0,3.3,sí,distrito 6,228.8509810400772,sí,10 897,no,23/05/2022,prestadora C
72.0,mujer,  grado I ,solo,0.0,0.0,97.0,3.6,no,distrito 3,23.089142123134085,sí,9 451,sí,03/11/2021,prestadora B
89.0,mujer,grado I,con pareja,1.0,0.0,14.0,4.2,no,distrito 11,110.54506706685751,sí,18 136,no,13/08/2018,prestadora C
97.0,mujer,grado III,con pareja,4.0,0.0,75.0,8.9,sí,distrito 7,312.29596059733734,sí,13 661,sí,13/07/2021,prestadora B
77.0,mujer,sin valorar,solo,0.0,1.0,47.0,5.1,no,distrito 5,32.961183172823446,sí,21 253,sí,14/06/2018,prestadora B
91.0,mujer,  grado I ,con pareja,0.0,0.0,97.0,1.0,no,distrito 1,7.385216074699451,sí,18 205,sí,02/09/2016,prestadora B
91.0,hombre,grado I,solo,1.0,1.0,26.0,4.6,no,distrito 1,224.28357147289177,sí,12 028,N/D,27/09/2017,prestadora C
65.0,hombre,grado I,con familia,0.0,1.0,47.0,0.2,no,distrito 10,12.017212751304989,no,17 395,no,27/04/2016,prestadora C
81.0,hombre,grado II,con familia,0.0,6.0,24.0,0.9,no,distrito 1,59.198616950285,sí,19 222,no,31/05/2020,prestadora A
80.0,mujer,  grado I ,solo,1.0,0.0,13.0,2.3,no,distrito 10,52.51362456315833,no,19 152,sí,25/07/2016,prestadora B
91.0,mujer,grado II,solo,1.0,1.0,44.0,4.9,sí,distrito 10,25.71986091208698,sí,29 657,no,21/12/2022,prestadora C
92.0,mujer,grado II,solo,0.0,0.0,30.0,1.7,no,distrito 7,41.10737441828415,no,14 673,no,11/02/2020,prestadora C
77.0,mujer,sin valorar,solo,1.0,0.0,34.0,2.1,sí,distrito 6,28.65461340803239,sí,21 935,no,22/09/2018,prestadora B
70.0,mujer,grado I,solo,0.0,3.0,63.0,2.8,no,distrito 11,43.198898534725096,sí,11 325,no,01/10/2024,prestadora C
93.0,mujer,grado I,solo,3.0,0.0,45.0,0.7,sí,distrito 6,138.8911975090071,no,8 561,no,31/10/2019,prestadora B
77.0,mujer,sin valorar,solo,5.0,4.0,38.0,6.4,no,distrito 1,288.153751619204,no,7 985,no,28/01/2024,prestadora A
84.0,mujer,sin valorar,con pareja,0.0,0.0,13.0,1.9,sí,distrito 1,27.15724869170074,no,28 622,no,26/07/2017,prestadora C
89.0,hombre,  grado I ,solo,2.0,1.0,121.0,5.1,no,distrito 11,178.93603703648708,no,12 039,N/D,01/01/2019,prestadora C
77.0,mujer,grado III,con pareja,4.0,1.0,34.0,1.0,no,distrito 8,30.852389202689235,sí,11 242,sí,02/01/2018,prestadora B
96.0,mujer,GRADO I,con familia,2.0,2.0,57.0,1.4,no,distrito 10,52.05244511624942,no,21 480,no,08/11/2022,prestadora A
81.0,mujer,grado I,solo,1.0,0.0,29.0,9.5,no,distrito 3,53.47963777445869,sí,17 586,sí,24/09/2019,prestadora A
78.0,mujer,  grado I ,con familia,4.0,2.0,23.0,0.5,no,distrito 8,96.71044961030927,sí,22 002,sí,18/02/2021,prestadora C
76.0,mujer,grado II,con pareja,0.0,0.0,44.0,4.3,no,distrito 7,58.98893894252867,sí,15 446,sí,19/02/2023,prestadora C
74.0,mujer,sin valorar,con pareja,2.0,0.0,10.0,1.5,no,distrito 10,11.695222141785433,sí,15 673,sí,22/09/2020,prestadora C
69.0,mujer,SIN VALORAR,solo,2.0,0.0,81.0,0.9,no,distrito 10,37.45255074307342,no,17 622,no,11/09/2021,prestadora C
83.0,hombre,  grado III ,solo,0.0,0.0,27.0,7.0,no,distrito 3,222.84789651416997,sí,12 584,no,30/11/2019,prestadora C
79.0,hombre,sin valorar,con pareja,6.0,4.0,40.0,6.7,sí,distrito 5,32.05186536443115,no,14 604,sí,06/09/2024,prestadora B
71.0,mujer,grado III,con pareja,10.0,2.0,65.0,3.5,no,distrito 3,692.5125989345466,sí,17 319,sí,19/04/2021,prestadora A
84.0,hombre,grado II,solo,0.0,1.0,120.0,2.0,no,distrito 5,11.844896975980594,sí,20 160,N/D,02/02/2018,prestadora C
90.0,mujer,grado II,solo,1.0,0.0,21.0,0.8,no,distrito 4,49.90344689773398,sí,15 244,sí,11/07/2023,prestadora C
84.0,mujer,sin valorar,con familia,3.0,1.0,6.0,4.8,no,distrito 10,34.76411314571409,no,13 323,no,06/12/2020,prestadora C
89.0,mujer,  sin valorar ,con pareja,3.0,0.0,18.0,8.1,no,distrito 3,28.504462107874662,sí,13 902,sí,05/06/2017,prestadora A
94.0,hombre,grado I,con pareja,1.0,0.0,35.0,2.4,no,distrito 6,8.15755924454597,sí,19 180,no,21/05/2016,prestadora B
93.0,mujer,GRADO I,con familia,3.0,0.0,26.0,9.3,no,distrito 4,23.49889977497072,sí,7 175,no,07/09/2024,prestadora C
95.0,mujer,grado I,con pareja,1.0,0.0,18.0,6.4,no,distrito 10,22.29020836248669,no,15 633,sí,25/01/2017,prestadora A
76.0,mujer,grado I,con pareja,1.0,0.0,18.0,0.8,no,distrito 2,19.940023980451006,sí,12 761,no,27/10/2019,prestadora A
74.0,mujer,grado II,solo,10.0,0.0,46.0,0.6,no,distrito 4,958.0436769999069,no,20 029,no,15/02/2022,prestadora C
89.0,mujer,  sin valorar ,solo,1.0,2.0,44.0,1.4,no,distrito 11,59.27719578565396,sí,21 650,no,05/08/2020,prestadora B
75.0,mujer,GRADO I,con pareja,3.0,1.0,8.0,2.3,sí,distrito 10,115.9958610115183,sí,14 747,no,02/02/2016,prestadora C
91.0,mujer,sin valorar,con pareja,6.0,0.0,20.0,10.2,no,distrito 8,100.26162178689971,no,7 671,no,16/11/2021,prestadora C
86.0,mujer,grado I,con familia,0.0,0.0,20.0,1.6,no,distrito 3,5.553057174809709,sí,16 131,no,25/12/2023,prestadora B
77.0,mujer,GRADO II,solo,0.0,2.0,52.0,2.3,no,distrito 8,19.942503743729258,sí,13 948,sí,09/03/2019,prestadora B
76.0,mujer,grado II,con familia,4.0,0.0,63.0,4.1,no,distrito 10,92.59789448369305,no,27 804,no,06/07/2023,prestadora B
97.0,mujer,  sin valorar ,solo,1.0,0.0,58.0,7.2,no,distrito 10,62.001660224164404,sí,8 762,no,23/03/2018,prestadora B
89.0,mujer,grado III,con familia,2.0,0.0,40.0,4.7,no,distrito 2,20.84242517756925,sí,9 841,sí,14/09/2023,prestadora C
88.0,hombre,sin valorar,con pareja,3.0,1.0,21.0,6.3,no,distrito 4,76.7003082360231,sí,30 218,no,07/02/2024,prestadora C
67.0,hombre,sin valorar,con pareja,0.0,0.0,62.0,3.6,no,distrito 1,12.192567910726572,sí,11 965,sí,03/06/2023,prestadora A
82.0,mujer,grado I,con pareja,0.0,1.0,85.0,1.9,sí,distrito 5,16.441175936995027,no,13 468,no,17/08/2024,prestadora C
91.0,mujer,grado I,con pareja,2.0,0.0,16.0,1.3,no,distrito 3,54.576755416457694,no,14 028,no,27/03/2020,prestadora C
70.0,mujer,  grado II ,con pareja,3.0,1.0,23.0,5.9,no,distrito 2,49.95714129695594,sí,11 621,sí,06/07/2017,prestadora A
94.0,mujer,grado II,con familia,2.0,0.0,45.0,7.5,sí,distrito 3,12.783740286427928,sí,6 987,no,16/06/2018,prestadora C
71.0,mujer,grado I,con pareja,1.0,3.0,27.0,2.0,no,distrito 3,32.25682042396225,no,24 836,no,15/04/2019,prestadora B
80.0,mujer,grado I,con pareja,0.0,0.0,19.0,1.6,no,distrito 10,33.002256574448765,sí,22 370,sí,19/02/2016,prestadora A
89.0,mujer,  sin valorar ,con pareja,6.0,0.0,31.0,0.7,sí,distrito 5,150.6062083018706,no,14 493,no,14/06/2020,prestadora B
79.0,mujer,  sin valorar ,solo,5.0,1.0,39.0,4.2,no,distrito 11,170.46022564662667,sí,24 874,sí,19/07/2022,prestadora A
94.0,mujer,sin valorar,solo,1.0,1.0,23.0,6.2,no,distrito 4,28.345631387805042,no,11 424,no,08/11/2016,prestadora A
88.0,mujer,grado II,solo,1.0,0.0,108.0,8.7,no,distrito 6,32.5735445265232,no,12 315,sí,03/02/2021,prestadora B
89.0,hombre,sin valorar,con pareja,2.0,1.0,21.0,8.6,no,distrito 3,12.432058645934546,no,15 589,no,14/08/2023,prestadora B
94.0,mujer,sin valorar,con familia,2.0,0.0,103.0,1.3,sí,distrito 11,27.95494043062597,no,28 082,sí,26/03/2018,prestadora B
69.0,hombre,grado I,con pareja,3.0,0.0,38.0,3.9,no,distrito 7,31.577850667186436,no,9 689,no,21/07/2021,prestadora C
70.0,mujer,grado II,solo,1.0,1.0,30.0,1.1,no,distrito 9,53.732411102003,sí,22 118,sí,28/12/2023,prestadora A
88.0,mujer,SIN VALORAR,solo,10.0,0.0,30.0,5.3,no,distrito 10,140.04033477696012,no,10 456,no,15/11/2019,prestadora B
86.0,mujer,  grado II ,solo,4.0,1.0,53.0,5.4,sí,distrito 3,183.75662395493197,no,26 842,sí,27/12/2021,prestadora A
77.0,mujer,GRADO II,con familia,3.0,5.0,122.0,1.1,no,distrito 6,32.61023648078833,no,10 886,sí,05/07/2021,prestadora C
77.0,mujer,grado II,con familia,5.0,2.0,39.0,4.7,sí,distrito 6,51.08577279746876,no,14 226,no,18/06/2019,prestadora B
88.0,mujer,grado I,con pareja,5.0,0.0,31.0,4.2,sí,distrito 2,42.92666895129272,no,16 130,sí,11/07/2017,prestadora B
85.0,mujer,GRADO II,solo,0.0,1.0,56.0,10.5,no,distrito 7,46.224168248881114,sí,23 543,sí,22/05/2021,prestadora C
81.0,hombre,grado II,con pareja,0.0,0.0,16.0,2.2,no,distrito 5,14.271496721306942,no,15 667,sí,27/12/2023,prestadora C
81.0,mujer,grado II,solo,0.0,0.0,18.0,4.2,no,distrito 6,16.243513924474716,sí,14 994,sí,20/12/2016,prestadora A
84.0,mujer,grado III,solo,0.0,1.0,44.0,0.9,no,distrito 5,19.448732191459015,sí,15 433,sí,12/03/2023,prestadora C
101.0,mujer,  grado I ,solo,1.0,3.0,11.0,4.6,sí,distrito 9,113.89889111542762,no,12 778,no,10/12/2017,prestadora B
85.0,hombre,grado II,con pareja,3.0,0.0,29.0,3.2,sí,distrito 9,168.82866986125347,sí,8 987,no,05/06/2020,prestadora B
87.0,mujer,grado I,solo,0.0,5.0,20.0,0.7,no,distrito 9,179.55991231562177,sí,16 413,no,30/03/2019,prestadora B
98.0,mujer,grado I,con familia,1.0,0.0,8.0,0.9,no,distrito 3,60.95475944093468,sí,23 341,no,22/10/2019,prestadora A
75.0,mujer,sin valorar,con familia,0.0,3.0,81.0,2.7,no,distrito 4,9.940096248161826,sí,12 223,no,13/11/2018,prestadora A
96.0,mujer,sin valorar,con familia,2.0,3.0,87.0,4.7,sí,distrito 11,3.9063730030454806,sí,18 634,sí,27/04/2023,prestadora A
83.0,mujer,sin valorar,solo,0.0,0.0,10.0,5.4,sí,distrito 2,35.08510047433072,sí,7 749,sí,07/04/2018,prestadora B
82.0,hombre,  grado I ,con pareja,0.0,0.0,10.0,1.3,no,distrito 11,79.54903832216748,sí,18 643,sí,13/03/2019,prestadora A
83.0,mujer,grado I,solo,2.0,0.0,9.0,11.3,no,distrito 4,69.02634752193299,no,12 078,sí,13/01/2019,prestadora B
86.0,hombre,grado II,solo,2.0,1.0,46.0,11.2,no,distrito 2,106.25599031329665,sí,15 030,sí,23/09/2017,prestadora A
80.0,mujer,grado II,solo,0.0,1.0,72.0,1.6,sí,distrito 9,71.42803356594062,sí,33 057,sí,11/05/2016,prestadora B
82.0,mujer,GRADO II,solo,2.0,2.0,72.0,1.3,no,distrito 11,259.2142846219297,sí,15 185,no,14/01/2023,prestadora A
83.0,mujer,grado II,con familia,6.0,3.0,94.0,2.0,no,distrito 7,72.17552591485577,no,21 793,no,09/06/2018,prestadora C
88.0,mujer,grado III,solo,4.0,0.0,34.0,1.6,sí,distrito 4,339.10619773156566,no,11 162,sí,07/01/2017,prestadora B
79.0,hombre,GRADO I,solo,5.0,1.0,47.0,2.3,no,distrito 10,161.41208329036874,sí,13 440,sí,26/06/2021,prestadora B
85.0,mujer,grado III,solo,2.0,0.0,23.0,4.7,no,distrito 7,150.81979174966298,sí,21 857,sí,02/10/2024,prestadora A
77.0,mujer,sin valorar,solo,4.0,7.0,66.0,1.5,sí,distrito 6,178.2692048207556,sí,29 426,sí,27/02/2024,prestadora A
86.0,hombre,GRADO I,con pareja,3.0,1.0,24.0,10.6,sí,distrito 1,130.28917245043186,sí,15 424,no,28/02/2018,prestadora C
84.0,mujer,grado II,con pareja,1.0,0.0,9.0,1.4,no,distrito 11,25.53177429337227,sí,20 885,sí,19/08/2017,prestadora B
89.0,mujer,sin valorar,solo,1.0,0.0,1.0,4.2,no,distrito 6,96.1424604612368,no,26 328,no,15/01/2024,prestadora A
84.0,mujer,grado I,con familia,2.0,0.0,24.0,7.9,sí,distrito 10,143.74217540684074,no,12 231,sí,12/06/2019,prestadora B
79.0,mujer,grado I,solo,6.0,0.0,51.0,2.6,sí,distrito 11,340.6639641359359,sí,16 298,sí,28/01/2023,prestadora A
85.0,mujer,grado II,con familia,0.0,3.0,56.0,0.3,sí,distrito 5,22.773778437279365,no,7 833,sí,20/04/2017,prestadora C
76.0,mujer,grado I,con pareja,6.0,0.0,40.0,1.1,no,distrito 7,172.57868797942695,no,8 817,sí,19/02/2018,prestadora C
74.0,mujer,grado I,con pareja,2.0,0.0,43.0,1.7,no,distrito 3,13.217687639526359,no,10 378,no,13/09/2018,prestadora A
76.0,hombre,sin valorar,con pareja,1.0,1.0,62.0,7.4,sí,distrito 2,57.90044991275919,sí,7 551,no,10/03/2020,prestadora A
75.0,mujer,grado I,con familia,1.0,3.0,61.0,0.5,sí,distrito 7,10.381909248070869,no,28 237,sí,07/01/2016,prestadora C
77.0,hombre,grado I,solo,2.0,0.0,64.0,6.8,sí,distrito 2,44.76310683540949,no,14 341,sí,26/10/2018,prestadora A
87.0,hombre,sin valorar,solo,1.0,0.0,20.0,2.4,no,distrito 5,15.716149608188713,sí,27 050,sí,05/04/2022,prestadora B
84.0,mujer,sin valorar,con pareja,2.0,1.0,14.0,5.0,sí,distrito 5,43.73018553444946,no,23 263,sí,26/06/2022,prestadora C
75.0,mujer,grado I,con familia,3.0,1.0,33.0,3.3,no,distrito 6,54.519722472011395,no,7 458,sí,06/03/2020,prestadora C
74.0,mujer,grado III,solo,2.0,0.0,45.0,6.7,sí,distrito 7,179.84573019802866,sí,11 627,no,27/10/2017,prestadora B
76.0,mujer,grado II,solo,5.0,1.0,99.0,4.9,no,distrito 5,506.03256431408727,sí,18 928,sí,03/06/2022,prestadora B
73.0,mujer,grado I,con pareja,0.0,0.0,17.0,7.9,sí,distrito 2,8.481760290742724,sí,8 058,no,07/08/2017,prestadora A
85.0,mujer,sin valorar,con familia,3.0,2.0,47.0,3.4,sí,distrito 3,24.97095937958136,no,8 993,sí,21/09/2016,prestadora A
83.0,hombre,GRADO II,con pareja,3.0,1.0,82.0,7.3,sí,distrito 7,34.66334598888715,no,14 489,sí,12/04/2018,prestadora C
65.0,mujer,  grado II ,solo,3.0,2.0,75.0,7.3,sí,distrito 2,1330.2252952081383,no,12 475,sí,07/11/2022,prestadora A
84.0,mujer,grado I,solo,5.0,0.0,31.0,5.5,no,distrito 6,230.02242617505314,no,14 955,no,12/02/2018,prestadora B
80.0,mujer,GRADO II,solo,3.0,0.0,141.0,2.9,sí,distrito 4,120.66974164705292,sí,17 774,sí,10/05/2023,prestadora C
70.0,mujer,grado II,solo,1.0,1.0,58.0,3.6,sí,distrito 1,66.39192803866928,no,18 048,N/D,06/04/2022,prestadora B
75.0,hombre,grado III,con pareja,0.0,0.0,110.0,6.7,no,distrito 2,25.853240011772165,no,17 093,no,11/10/2016,prestadora A
77.0,mujer,GRADO III,con pareja,0.0,0.0,7.0,2.3,no,distrito 1,22.938842774398033,sí,11 196,no,14/08/2020,prestadora C
87.0,mujer,GRADO II,con pareja,0.0,0.0,43.0,0.7,no,distrito 6,37.717431930900474,no,16 978,sí,25/02/2023,prestadora B
82.0,hombre,grado III,con pareja,2.0,0.0,45.0,1.8,no,distrito 9,117.97715793470071,sí,27 535,sí,13/06/2020,prestadora C
71.0,mujer,grado II,con pareja,1.0,0.0,16.0,4.7,no,distrito 1,12.605707476514732,sí,21 145,sí,03/11/2021,prestadora C
89.0,mujer,grado II,con pareja,4.0,0.0,44.0,2.9,no,distrito 11,14.159366669150565,sí,6 694,N/D,03/10/2024,prestadora B
81.0,mujer,grado II,con familia,4.0,7.0,22.0,2.9,no,distrito 5,172.34010057116086,sí,14 619,sí,08/06/2023,prestadora C
76.0,mujer,grado I,con pareja,4.0,2.0,59.0,2.6,sí,distrito 2,78.70069371250551,no,8 016,no,27/06/2017,prestadora B
82.0,mujer,sin valorar,con familia,3.0,0.0,56.0,4.7,sí,distrito 7,7.076402683352254,no,22 013,sí,20/07/2019,prestadora B
75.0,mujer,sin valorar,con pareja,2.0,1.0,32.0,5.2,no,distrito 5,2.949247277647127,no,17 458,sí,28/07/2023,prestadora B
89.0,hombre,sin valorar,solo,2.0,5.0,24.0,3.5,no,distrito 8,118.63840690825961,sí,10 348,sí,05/08/2016,prestadora A
88.0,mujer,sin valorar,con pareja,5.0,2.0,11.0,3.2,no,distrito 10,46.601014356762754,no,6 461,no,17/06/2021,prestadora B
81.0,hombre,SIN VALORAR,solo,6.0,0.0,46.0,1.8,no,distrito 8,176.01128138842773,no,14 568,sí,29/10/2020,prestadora A
81.0,hombre,grado II,con pareja,1.0,0.0,27.0,0.9,no,distrito 1,63.57571321880479,sí,9 781,sí,06/09/2022,prestadora C
70.0,mujer,grado III,con pareja,1.0,0.0,33.0,10.8,no,distrito 10,20.306752415982157,sí,13 409,sí,04/08/2024,prestadora C
79.0,hombre,  sin valorar ,solo,2.0,0.0,43.0,4.0,no,distrito 7,44.4204421675013,sí,11 609,no,22/06/2017,prestadora C
87.0,mujer,grado I,con pareja,2.0,9.0,15.0,2.4,no,distrito 2,74.6258261455964,sí,14 286,no,16/02/2021,prestadora C
74.0,hombre,sin valorar,con pareja,1.0,4.0,5.0,10.0,sí,distrito 4,23.908158520139818,no,17 933,no,23/08/2023,prestadora A
79.0,hombre,grado I,con pareja,5.0,1.0,44.0,1.9,sí,distrito 1,163.99349254529872,no,25 774,no,18/09/2023,prestadora B
91.0,mujer,sin valorar,solo,1.0,1.0,23.0,6.4,no,distrito 1,152.31581311219122,no,9 108,sí,05/04/2024,prestadora A
83.0,mujer,grado III,solo,3.0,0.0,62.0,3.8,no,distrito 5,395.2332707358473,sí,22 457,no,28/07/2021,prestadora B
90.0,mujer,grado I,con familia,1.0,0.0,53.0,10.8,sí,distrito 3,35.828024451239806,sí,7 731,sí,04/11/2016,prestadora A
89.0,mujer,GRADO II,solo,2.0,1.0,77.0,9.1,no,distrito 5,19.268344586636243,sí,10 955,sí,03/09/2022,prestadora C
83.0,mujer,grado II,solo,1.0,0.0,45.0,2.0,no,distrito 10,84.02719593208391,no,15 796,no,24/10/2020,prestadora A
86.0,mujer,grado I,solo,0.0,0.0,21.0,0.5,no,distrito 2,30.069431258857033,no,13 398,no,10/09/2017,prestadora A
70.0,mujer,sin valorar,solo,6.0,2.0,49.0,1.7,no,distrito 11,80.7468871094348,no,16 314,no,15/05/2016,prestadora B
80.0,mujer,grado III,con familia,1.0,0.0,103.0,6.2,no,distrito 1,17.921174302136965,sí,24 026,no,23/06/2024,prestadora C
93.0,hombre,SIN VALORAR,con pareja,0.0,1.0,39.0,5.3,sí,distrito 9,15.01906268227704,sí,18 266,no,17/10/2020,prestadora B
70.0,mujer,grado II,solo,3.0,1.0,14.0,2.3,no,distrito 3,96.16369748602995,sí,14 410,sí,31/12/2023,prestadora B
74.0,mujer,  grado II ,con familia,0.0,0.0,10.0,1.5,sí,distrito 11,10.78182491367042,no,14 122,no,12/01/2017,prestadora C
75.0,mujer,grado II,con familia,1.0,0.0,10.0,9.6,sí,distrito 4,37.33951479250012,no,9 288,sí,12/01/2019,prestadora A
89.0,mujer,grado I,con pareja,0.0,1.0,45.0,3.9,no,distrito 3,26.877828086823335,sí,14 954,sí,16/11/2020,prestadora A
79.0,mujer,  grado II ,con pareja,1.0,2.0,45.0,4.4,no,distrito 1,70.60150328076888,no,10 375,sí,20/03/2016,prestadora B
75.0,mujer,grado II,con pareja,1.0,0.0,19.0,1.9,no,distrito 3,36.82955586015954,sí,28 098,sí,06/07/2019,prestadora B
85.0,mujer,grado I,con pareja,4.0,0.0,37.0,2.3,sí,distrito 10,48.842392339984656,sí,17 672,sí,30/09/2019,prestadora C
79.0,mujer,grado III,solo,5.0,1.0,64.0,3.0,no,distrito 3,821.9118949775594,no,11 229,sí,13/03/2021,prestadora A
78.0,mujer,grado III,solo,4.0,1.0,43.0,3.8,no,distrito 8,615.6393236517314,sí,19 666,N/D,30/04/2020,prestadora C
74.0,mujer,grado I,con pareja,3.0,0.0,15.0,0.3,sí,distrito 7,92.51996139520398,no,11 812,sí,16/04/2023,prestadora A
86.0,hombre,grado II,solo,0.0,3.0,46.0,5.8,no,distrito 7,70.02177881355318,no,12 549,sí,11/05/2020,prestadora C
81.0,mujer,grado II,solo,2.0,0.0,27.0,3.6,no,distrito 5,104.9733321704997,sí,12 364,no,03/05/2016,prestadora C
78.0,mujer,grado II,solo,3.0,2.0,19.0,2.2,sí,distrito 6,105.1475605586469,no,16 464,no,11/06/2018,prestadora C
85.0,mujer,grado II,solo,11.0,2.0,49.0,1.3,sí,distrito 5,1928.0353574799053,sí,22 115,no,04/06/2016,prestadora B
90.0,mujer,GRADO I,con pareja,0.0,0.0,53.0,2.4,no,distrito 11,8.04810374465269,no,7 478,sí,14/01/2021,prestadora A
80.0,hombre,grado II,solo,1.0,1.0,71.0,10.4,no,distrito 10,264.3482827240614,sí,9 644,sí,30/12/2017,prestadora C
81.0,hombre,grado II,solo,1.0,0.0,31.0,4.8,no,distrito 9,56.20614013064857,sí,11 717,sí,15/05/2017,prestadora C
66.0,mujer,GRADO III,solo,0.0,0.0,17.0,4.8,no,distrito 3,71.23090682614743,sí,28 134,no,09/03/2018,prestadora A
98.0,mujer,grado I,solo,1.0,0.0,2.0,1.8,sí,distrito 4,14.532352701314947,sí,10 100,no,08/12/2021,prestadora B
89.0,mujer,grado I,con pareja,0.0,0.0,4.0,9.4,no,distrito 2,5.848858811409847,no,17 170,sí,09/12/2023,prestadora A
87.0,hombre,grado II,solo,5.0,0.0,65.0,3.4,no,distrito 8,232.04305078624827,sí,12 872,no,21/03/2016,prestadora C
74.0,mujer,SIN VALORAR,con pareja,1.0,0.0,31.0,4.3,no,distrito 7,16.979651581312762,no,20 185,sí,03/02/2022,prestadora A
81.0,hombre,grado I,con familia,0.0,0.0,33.0,6.1,sí,distrito 6,13.148070068129885,sí,10 899,no,03/04/2021,prestadora A
85.0,mujer,grado I,solo,4.0,0.0,170.0,1.4,no,distrito 1,234.48795993180696,sí,25 164,sí,26/01/2022,prestadora B
73.0,mujer,grado II,con pareja,0.0,1.0,4.0,1.1,no,distrito 11,8.119540566752933,no,12 867,sí,13/07/2022,prestadora C
77.0,mujer,sin valorar,solo,2.0,0.0,32.0,3.7,sí,distrito 2,23.286361821974076,sí,12 636,sí,06/05/2016,prestadora A
82.0,hombre,sin valorar,con pareja,0.0,0.0,17.0,3.1,no,distrito 6,2.2413437557775233,sí,10 293,sí,12/08/2018,prestadora C
87.0,hombre,grado III,solo,5.0,1.0,35.0,2.1,no,distrito 4,594.2188968081551,sí,13 307,no,04/01/2017,prestadora C
79.0,mujer,sin valorar,solo,4.0,0.0,45.0,2.0,no,distrito 1,36.17518961089398,sí,11 636,no,19/12/2021,prestadora B
88.0,hombre,grado I,solo,0.0,0.0,40.0,5.7,no,distrito 3,43.60945816208964,sí,9 739,no,08/10/2017,prestadora B
92.0,mujer,grado I,solo,2.0,0.0,19.0,5.3,no,distrito 5,209.95533838691588,sí,14 172,sí,30/08/2017,prestadora C
79.0,hombre,grado III,con pareja,2.0,1.0,114.0,5.2,no,distrito 6,75.26867860010148,sí,15 912,no,02/05/2017,prestadora A
85.0,mujer,grado II,con pareja,0.0,0.0,14.0,5.9,no,distrito 8,12.300213244932175,sí,31 852,N/D,20/10/2016,prestadora B
70.0,mujer,  sin valorar ,solo,8.0,0.0,80.0,3.0,sí,distrito 9,767.0264807482952,sí,6 605,no,04/06/2016,prestadora B
92.0,mujer,grado I,con familia,2.0,0.0,17.0,7.1,sí,distrito 7,26.574875699850843,sí,19 734,sí,04/05/2024,prestadora C
93.0,mujer,sin valorar,solo,4.0,1.0,24.0,2.6,sí,distrito 11,162.2668568846935,sí,14 819,sí,25/04/2021,prestadora A
80.0,mujer,grado III,con pareja,0.0,0.0,20.0,3.0,no,distrito 2,17.83381240232334,sí,17 212,sí,24/01/2024,prestadora A
96.0,mujer,GRADO I,solo,0.0,2.0,1.0,1.7,no,distrito 9,28.6854582135851,sí,14 270,no,19/04/2023,prestadora C
96.0,mujer,grado III,solo,0.0,0.0,48.0,6.7,sí,distrito 2,111.47497119131982,no,17 221,N/D,19/08/2017,prestadora B
80.0,hombre,grado III,con pareja,0.0,2.0,32.0,8.2,sí,distrito 1,23.138639148469625,sí,14 576,sí,07/10/2023,prestadora A
78.0,mujer,grado III,solo,1.0,0.0,10.0,7.9,sí,distrito 3,69.27913132636576,no,11 317,sí,07/01/2019,prestadora A
75.0,mujer,grado II,con pareja,3.0,0.0,24.0,5.2,no,distrito 11,30.177231979912545,sí,20 230,no,23/10/2017,prestadora B
94.0,hombre,grado III,con familia,0.0,1.0,10.0,0.3,sí,distrito 3,45.949880928797604,sí,18 785,sí,19/02/2024,prestadora B
85.0,hombre,grado I,con pareja,2.0,0.0,30.0,3.1,no,distrito 1,44.40440559911385,sí,10 910,no,12/12/2021,prestadora A
84.0,hombre,grado I,solo,7.0,0.0,53.0,2.4,no,distrito 6,1551.2174020688697,no,20 621,no,07/10/2018,prestadora A
77.0,mujer,grado I,solo,4.0,0.0,49.0,6.9,no,distrito 2,444.0745765091597,no,11 290,no,10/03/2023,prestadora A
83.0,hombre,grado II,con pareja,13.0,2.0,21.0,3.6,no,distrito 3,197.00901948886226,sí,24 898,N/D,05/03/2024,prestadora C
75.0,hombre,grado I,con familia,0.0,1.0,44.0,1.6,sí,distrito 1,22.485162369764165,sí,5 354,N/D,04/11/2017,prestadora B
75.0,mujer,grado I,solo,1.0,3.0,18.0,6.1,no,distrito 1,125.08269327484095,sí,27 917,sí,01/09/2019,prestadora C
81.0,hombre,GRADO II,con familia,1.0,0.0,8.0,4.9,sí,distrito 4,25.95774749344997,no,22 687,sí,17/02/2023,prestadora B
81.0,hombre,grado I,solo,4.0,0.0,26.0,8.6,no,distrito 5,270.62974038774627,sí,17 768,no,23/08/2017,prestadora A
80.0,hombre,  grado III ,solo,4.0,3.0,19.0,4.2,sí,distrito 6,882.2816510758263,sí,9 702,no,03/01/2016,prestadora C
82.0,mujer,grado II,solo,0.0,0.0,47.0,4.2,sí,distrito 6,28.11490414230061,sí,10 393,sí,28/03/2020,prestadora C
88.0,mujer,GRADO I,con pareja,4.0,0.0,52.0,6.2,sí,distrito 7,62.83569583148217,no,14 348,sí,03/02/2018,prestadora B
74.0,hombre,grado II,solo,1.0,1.0,12.0,7.2,no,distrito 11,375.6880744164882,sí,11 124,no,22/09/2024,prestadora C
69.0,mujer,grado I,solo,3.0,1.0,32.0,5.9,sí,distrito 4,78.44766800360019,no,11 385,sí,22/02/2024,prestadora A
83.0,mujer,GRADO II,solo,0.0,1.0,47.0,7.7,no,distrito 10,13.344644720053116,sí,20 414,sí,19/05/2023,prestadora C
84.0,mujer,grado I,con familia,3.0,5.0,58.0,3.2,no,distrito 10,177.08479413964008,no,9 163,sí,21/03/2020,prestadora A
91.0,mujer,sin valorar,solo,5.0,0.0,88.0,3.0,sí,distrito 4,340.5843501644428,sí,16 099,no,19/12/2018,prestadora C
80.0,hombre,sin valorar,con familia,2.0,1.0,102.0,3.9,sí,distrito 2,57.34998199867838,sí,8 749,no,29/07/2017,prestadora A
77.0,hombre,sin valorar,solo,6.0,1.0,72.0,0.7,no,distrito 2,174.19974716786055,sí,9 707,no,06/08/2022,prestadora C
86.0,mujer,grado I,con familia,2.0,1.0,33.0,2.7,no,distrito 11,19.9906101340329,sí,19 167,sí,15/09/2023,prestadora C
83.0,mujer,grado II,solo,0.0,2.0,35.0,1.5,no,distrito 9,12.603992159282942,no,17 855,sí,01/10/2024,prestadora B
89.0,mujer,GRADO I,solo,3.0,0.0,86.0,4.1,no,distrito 2,88.21254622852881,no,24 880,sí,06/03/2016,prestadora C
72.0,hombre,sin valorar,solo,1.0,0.0,73.0,5.8,no,distrito 10,26.902219064870188,no,10 511,no,12/11/2019,prestadora C
87.0,mujer,grado III,solo,0.0,0.0,15.0,6.9,no,distrito 8,26.563376539287248,sí,15 899,sí,20/11/2022,prestadora C
88.0,hombre,sin valorar,solo,0.0,1.0,19.0,7.6,sí,distrito 3,23.24005866513881,no,7 708,sí,29/05/2021,prestadora A
89.0,hombre,sin valorar,con familia,0.0,0.0,28.0,3.6,no,distrito 3,10.092037776599668,sí,18 375,sí,14/02/2020,prestadora B
93.0,hombre,grado III,solo,0.0,0.0,70.0,3.2,no,distrito 5,80.24386184579829,sí,13 582,no,23/05/2018,prestadora A
85.0,mujer,grado I,con pareja,9.0,5.0,24.0,2.7,no,distrito 4,270.55944700838876,sí,17 719,sí,07/07/2024,prestadora B
75.0,hombre,grado III,solo,1.0,0.0,48.0,5.9,no,distrito 5,143.09295505052836,sí,12 116,no,26/08/2017,prestadora B
72.0,mujer,grado II,solo,0.0,0.0,29.0,5.4,no,distrito 9,17.998460614976818,sí,18 277,no,27/06/2019,prestadora A
86.0,mujer,grado I,con familia,4.0,0.0,21.0,2.3,no,distrito 3,23.330511579425433,sí,22 870,no,30/11/2023,prestadora B
84.0,mujer,grado II,solo,0.0,0.0,35.0,2.9,no,distrito 2,15.744116062510418,no,9 670,N/D,24/04/2021,prestadora A
83.0,mujer,GRADO II,solo,2.0,2.0,30.0,6.7,sí,distrito 2,99.84059302573947,no,16 111,sí,23/09/2020,prestadora B
83.0,hombre,sin valorar,solo,2.0,1.0,29.0,2.8,no,distrito 9,67.37876854490078,no,12 986,sí,12/04/2016,prestadora A
72.0,mujer,sin valorar,con pareja,3.0,0.0,91.0,0.8,no,distrito 2,23.31005548080824,no,18 803,sí,20/03/2019,prestadora A
99.0,mujer,grado III,solo,2.0,0.0,6.0,8.6,no,distrito 11,506.4093455660633,sí,12 397,no,03/05/2021,prestadora C
78.0,mujer,grado I,solo,3.0,1.0,10.0,1.7,no,distrito 6,275.4417872434442,no,25 822,no,03/12/2018,prestadora B
73.0,hombre,grado I,solo,1.0,0.0,23.0,5.9,no,distrito 1,57.44636668748588,no,26 505,sí,23/01/2022,prestadora B
81.0,mujer,grado II,solo,2.0,2.0,31.0,10.6,no,distrito 2,869.1403537773565,sí,12 964,sí,30/10/2019,prestadora A
86.0,mujer,  grado III ,con pareja,0.0,2.0,9.0,7.7,no,distrito 10,25.651841401480365,no,12 509,sí,05/03/2024,prestadora A
80.0,mujer,grado III,con pareja,5.0,1.0,38.0,3.8,sí,distrito 10,148.51264540115926,sí,17 914,sí,21/02/2016,prestadora C
95.0,hombre,SIN VALORAR,solo,1.0,0.0,93.0,0.5,no,distrito 8,11.50977257795777,sí,12 047,sí,04/07/2016,prestadora B
65.0,hombre,  grado II ,solo,1.0,0.0,46.0,0.9,no,distrito 6,52.957677808802465,no,39 545,no,12/04/2020,prestadora C
77.0,mujer,grado I,con familia,2.0,0.0,70.0,4.0,no,distrito 10,10.710329109093658,sí,19 990,sí,26/05/2023,prestadora C
71.0,mujer,  grado II ,solo,1.0,1.0,39.0,3.4,sí,distrito 6,58.665701356156745,no,24 712,no,22/02/2018,prestadora B
85.0,hombre,grado I,con pareja,1.0,0.0,17.0,3.0,sí,distrito 10,8.72912289885025,sí,14 507,sí,21/05/2017,prestadora B
83.0,hombre,grado II,con pareja,17.0,0.0,149.0,4.4,no,distrito 11,342.5810977173768,sí,9 761,N/D,08/07/2021,prestadora A
79.0,mujer,grado I,con familia,10.0,0.0,89.0,5.9,no,distrito 7,92.49580992871856,sí,12 442,sí,11/06/2017,prestadora B
77.0,hombre,grado I,solo,0.0,0.0,22.0,2.0,no,distrito 6,34.32931095868761,sí,18 904,sí,29/08/2017,prestadora C
89.0,mujer,GRADO I,con pareja,12.0,3.0,65.0,7.5,sí,distrito 8,1150.062272239272,no,30 848,no,04/09/2017,prestadora C
91.0,mujer,grado II,solo,0.0,0.0,33.0,11.7,sí,distrito 11,87.80644030039785,sí,16 687,no,26/05/2020,prestadora C
72.0,mujer,grado II,con pareja,1.0,1.0,83.0,1.4,no,distrito 3,16.422340825500694,sí,13 592,no,26/07/2024,prestadora C
77.0,mujer,  grado II ,solo,7.0,0.0,25.0,7.0,sí,distrito 6,1399.2302303385532,no,14 960,no,09/12/2021,prestadora C
78.0,mujer,sin valorar,con pareja,2.0,1.0,46.0,3.6,no,distrito 7,66.52211514511494,no,7 534,no,10/12/2019,prestadora A
80.0,mujer,  grado II ,con pareja,1.0,0.0,39.0,3.2,sí,distrito 10,43.99636664334458,sí,13 488,no,05/10/2023,prestadora C
93.0,mujer,grado II,con familia,1.0,1.0,90.0,5.1,no,distrito 5,28.215723042628106,sí,18 463,no,10/10/2021,prestadora C
94.0,hombre,grado II,solo,0.0,3.0,43.0,5.8,no,distrito 11,60.21432837648281,no,12 274,N/D,05/11/2020,prestadora C
91.0,hombre,GRADO I,solo,0.0,0.0,18.0,1.5,no,distrito 11,33.4734136049575,no,10 230,no,13/11/2018,prestadora B
70.0,mujer,grado I,con familia,3.0,2.0,74.0,7.2,no,distrito 2,22.651783379688233,sí,28 371,sí,22/06/2020,prestadora A
68.0,mujer,GRADO I,solo,2.0,0.0,60.0,6.4,no,distrito 11,27.29618155651527,sí,22 245,sí,24/09/2024,prestadora A
95.0,mujer,sin valorar,solo,2.0,0.0,85.0,2.1,no,distrito 11,38.16528718459981,sí,9 248,sí,09/09/2016,prestadora B
86.0,hombre,grado I,solo,9.0,0.0,16.0,6.0,no,distrito 2,401.82210591980834,sí,9 268,sí,04/03/2020,prestadora C
89.0,mujer,grado III,solo,2.0,1.0,5.0,6.2,no,distrito 7,295.4824729929231,sí,15 962,sí,08/07/2020,prestadora C
91.0,mujer,  sin valorar ,solo,1.0,5.0,65.0,8.9,no,distrito 1,76.97386584980177,no,10 988,sí,08/02/2018,prestadora B
101.0,hombre,sin valorar,solo,1.0,2.0,68.0,0.6,no,distrito 1,11.644283304281107,sí,15 400,sí,16/09/2016,prestadora A
71.0,hombre,grado II,con pareja,1.0,0.0,65.0,3.8,no,distrito 3,28.739792234687254,no,10 233,no,15/11/2020,prestadora A
96.0,mujer,grado II,con pareja,1.0,0.0,79.0,2.5,no,distrito 1,24.154518006553676,sí,11 177,no,16/08/2018,prestadora C
78.0,mujer,GRADO III,con familia,0.0,4.0,54.0,3.6,no,distrito 8,83.51314948442584,sí,24 886,sí,09/07/2024,prestadora B
76.0,mujer,grado II,solo,1.0,0.0,80.0,1.8,no,distrito 4,22.296340267025577,sí,12 814,no,07/03/2019,prestadora A
70.0,mujer,sin valorar,con pareja,6.0,0.0,27.0,1.1,no,distrito 11,91.72089779223096,sí,14 073,no,16/06/2022,prestadora A
86.0,mujer,sin valorar,con familia,1.0,5.0,60.0,7.7,sí,distrito 5,11.632540232564294,no,9 401,sí,08/12/2020,prestadora C
94.0,mujer,sin valorar,solo,0.0,0.0,13.0,6.8,sí,distrito 2,33.23227904642578,sí,14 255,no,20/02/2020,prestadora C
70.0,mujer,grado III,con familia,0.0,0.0,3.0,1.5,no,distrito 4,48.851891403288704,no,6 646,no,17/11/2023,prestadora C
66.0,mujer,grado II,con familia,0.0,0.0,55.0,3.5,sí,distrito 6,3.7474363527564893,sí,18 291,no,30/01/2020,prestadora A
89.0,hombre,grado I,solo,0.0,0.0,52.0,0.3,no,distrito 1,3.889993085846001,sí,40 631,no,21/03/2021,prestadora C
76.0,mujer,grado I,con pareja,3.0,2.0,4.0,5.3,sí,distrito 5,34.31151025962413,sí,21 373,sí,04/01/2024,prestadora B
88.0,mujer,grado II,solo,1.0,0.0,10.0,1.6,sí,distrito 8,126.03128915154142,no,22 369,sí,06/01/2017,prestadora B
80.0,mujer,grado III,solo,2.0,1.0,23.0,2.3,no,distrito 2,131.95745521432713,sí,13 842,sí,19/05/2020,prestadora A
70.0,mujer,grado II,solo,2.0,0.0,85.0,0.6,no,distrito 2,7.084331092679686,sí,12 705,N/D,25/04/2017,prestadora A
83.0,mujer,sin valorar,con familia,3.0,0.0,61.0,1.8,sí,distrito 6,15.948274107084874,sí,11 088,no,17/02/2018,prestadora C
90.0,mujer,grado II,solo,0.0,2.0,20.0,4.9,no,distrito 4,38.05699367100062,sí,16 834,N/D,19/03/2021,prestadora A
88.0,mujer,  grado I ,con pareja,0.0,1.0,29.0,7.7,no,distrito 3,5.980142235714159,sí,7 293,sí,05/10/2017,prestadora B
91.0,hombre,grado I,solo,0.0,2.0,24.0,6.5,sí,distrito 10,55.714203850448264,sí,13 106,N/D,24/06/2024,prestadora B
69.0,mujer,grado II,con pareja,1.0,1.0,4.0,9.8,sí,distrito 5,69.92073290005334,no,20 774,sí,16/09/2020,prestadora A
74.0,hombre,grado I,con pareja,3.0,9.0,43.0,4.2,no,distrito 5,92.05594582343278,sí,26 911,no,22/12/2021,prestadora C
76.0,mujer,  grado I ,solo,0.0,3.0,23.0,3.8,no,distrito 3,25.41459627088577,sí,7 619,N/D,31/05/2023,prestadora C
95.0,mujer,grado I,solo,0.0,1.0,23.0,3.7,no,distrito 4,58.82191988569074,sí,10 699,no,31/07/2020,prestadora B
93.0,hombre,grado II,solo,1.0,1.0,34.0,11.7,no,distrito 5,103.0540063677065,sí,12 460,no,21/02/2021,prestadora A
69.0,mujer,GRADO II,con familia,7.0,1.0,33.0,2.7,no,distrito 1,85.02318807914425,no,18 226,sí,21/12/2019,prestadora B
80.0,mujer,sin valorar,solo,0.0,0.0,75.0,5.6,sí,distrito 5,6.135276306052469,sí,15 760,sí,28/05/2022,prestadora B
74.0,mujer,grado III,solo,1.0,1.0,13.0,5.5,sí,distrito 9,89.04448157768026,no,11 168,no,04/07/2020,prestadora B
90.0,mujer,grado III,con familia,1.0,2.0,43.0,1.9,no,distrito 5,129.53220140812243,sí,12 468,no,22/11/2022,prestadora A
79.0,hombre,GRADO II,con pareja,2.0,3.0,9.0,2.2,sí,distrito 1,113.39490649797449,no,7 757,no,13/03/2022,prestadora C
74.0,hombre,grado III,solo,1.0,0.0,76.0,6.6,no,distrito 2,118.44551663401984,sí,9 836,N/D,31/03/2019,prestadora C
77.0,mujer,grado II,solo,4.0,0.0,113.0,2.1,sí,distrito 1,182.23891108131954,no,18 288,sí,20/04/2019,prestadora A
83.0,hombre,sin valorar,con pareja,2.0,2.0,81.0,1.5,no,distrito 1,33.57248755274262,no,13 574,sí,10/08/2024,prestadora A
65.0,mujer,sin valorar,con pareja,2.0,0.0,48.0,3.8,no,distrito 11,28.743158386109947,sí,15 290,sí,16/07/2016,prestadora B
70.0,mujer,  grado III ,solo,1.0,3.0,47.0,6.0,sí,distrito 11,109.28686395051703,no,14 527,no,28/06/2016,prestadora C
78.0,hombre,SIN VALORAR,con familia,3.0,1.0,33.0,0.5,no,distrito 8,26.30984252657829,no,13 775,sí,25/01/2021,prestadora B
86.0,mujer,grado III,con familia,2.0,2.0,30.0,1.4,no,distrito 1,54.40477649038828,sí,18 135,sí,04/04/2019,prestadora C
69.0,mujer,grado II,solo,1.0,0.0,9.0,5.2,sí,distrito 3,69.61650130214814,no,8 985,sí,02/03/2024,prestadora B
83.0,mujer,sin valorar,solo,14.0,0.0,16.0,16.6,no,distrito 8,378.23237607062356,no,27 209,sí,24/03/2024,prestadora B
78.0,mujer,  grado I ,solo,2.0,2.0,36.0,4.1,no,distrito 1,128.05679957570027,no,10 196,sí,17/06/2023,prestadora C
83.0,mujer,grado II,solo,3.0,4.0,38.0,5.3,no,distrito 4,548.0631085664746,sí,9 449,no,13/11/2022,prestadora B
76.0,mujer,grado I,solo,7.0,0.0,39.0,0.8,sí,distrito 10,298.31370450581676,sí,14 067,no,18/10/2022,prestadora C
85.0,mujer,sin valorar,con familia,0.0,0.0,60.0,9.2,no,distrito 1,4.465850931601184,sí,51 767,sí,13/03/2024,prestadora A
78.0,mujer,grado II,solo,8.0,1.0,97.0,0.9,no,distrito 4,116.6962883026255,sí,12 105,sí,06/01/2017,prestadora C
89.0,mujer,grado I,solo,0.0,0.0,44.0,0.8,no,distrito 11,47.43150074376484,sí,8 322,sí,21/04/2023,prestadora B
83.0,hombre,grado II,solo,2.0,0.0,39.0,7.3,no,distrito 5,34.70304121152928,no,24 971,no,30/11/2020,prestadora B
76.0,mujer,  sin valorar ,solo,2.0,1.0,45.0,13.3,sí,distrito 11,137.89548345927557,sí,22 825,sí,18/05/2019,prestadora B
89.0,hombre,grado II,solo,3.0,2.0,9.0,15.3,no,distrito 5,462.212319794537,sí,10 687,no,16/08/2020,prestadora B
79.0,mujer,sin valorar,solo,3.0,0.0,39.0,7.7,no,distrito 2,64.5213031698947,sí,10 204,no,25/02/2023,prestadora C
97.0,mujer,grado II,solo,1.0,1.0,22.0,0.6,no,distrito 3,220.59140956700622,sí,10 677,sí,08/03/2018,prestadora C
82.0,mujer,SIN VALORAR,solo,0.0,0.0,36.0,0.7,sí,distrito 11,17.213423436440443,no,13 802,no,07/12/2016,prestadora A
89.0,hombre,grado I,con pareja,12.0,1.0,32.0,7.9,no,distrito 10,293.30653104168283,sí,12 825,sí,07/03/2016,prestadora B
82.0,hombre,grado I,con pareja,1.0,0.0,5.0,9.7,no,distrito 6,14.110437687062113,sí,10 434,sí,04/03/2021,prestadora C
93.0,mujer,sin valorar,solo,3.0,1.0,26.0,5.6,sí,distrito 6,148.8891764120111,sí,14 859,no,08/01/2018,prestadora A
75.0,hombre,grado I,con pareja,0.0,1.0,68.0,2.1,sí,distrito 8,5.131581809328426,no,19 406,sí,13/10/2020,prestadora C
86.0,mujer,  grado I ,con familia,1.0,0.0,43.0,4.8,no,distrito 10,28.4235692644229,no,9 098,N/D,28/08/2020,prestadora B
79.0,hombre,  sin valorar ,solo,0.0,0.0,28.0,1.6,sí,distrito 10,26.109439860036126,sí,18 210,sí,26/07/2018,prestadora C
65.0,mujer,grado I,con pareja,1.0,0.0,62.0,3.4,no,distrito 7,62.0036092759906,no,7 155,no,18/11/2021,prestadora C
68.0,mujer,grado III,solo,4.0,0.0,15.0,6.5,sí,distrito 1,263.172021899597,no,10 651,sí,02/02/2020,prestadora C
79.0,mujer,grado I,con familia,3.0,1.0,24.0,3.9,sí,distrito 8,49.34916776904128,sí,7 098,no,01/12/2022,prestadora C
82.0,mujer,grado II,solo,2.0,0.0,9.0,7.6,no,distrito 8,165.68960850587445,no,11 751,no,20/01/2019,prestadora C
80.0,hombre,grado I,con familia,6.0,1.0,21.0,6.9,no,distrito 11,71.08985744365337,sí,15 064,sí,25/06/2019,prestadora C
86.0,mujer,GRADO I,solo,0.0,0.0,66.0,2.3,sí,distrito 1,10.630596850703087,sí,16 795,sí,20/06/2021,prestadora A
72.0,mujer,  grado II ,solo,11.0,0.0,49.0,3.5,no,distrito 3,480.4575253496659,sí,15 309,no,10/07/2024,prestadora A
97.0,mujer,grado II,solo,2.0,0.0,16.0,6.0,no,distrito 11,136.1032651490608,sí,12 252,sí,14/04/2024,prestadora B
73.0,mujer,grado III,solo,4.0,3.0,15.0,0.6,no,distrito 7,662.0554962157504,sí,8 431,sí,13/06/2017,prestadora A
71.0,mujer,  grado II ,con pareja,0.0,0.0,44.0,1.8,sí,distrito 5,19.67478745037866,sí,6 141,sí,02/11/2022,prestadora C
70.0,hombre,grado III,solo,2.0,0.0,51.0,5.2,no,distrito 2,34.860576902506295,no,8 420,no,18/06/2018,prestadora A
79.0,hombre,grado I,con pareja,1.0,0.0,36.0,0.9,no,distrito 4,5.737797807455561,sí,16 939,sí,03/07/2018,prestadora A
87.0,mujer,grado II,solo,1.0,0.0,64.0,1.7,no,distrito 11,56.8711974727553,no,17 662,sí,25/01/2024,prestadora A
86.0,mujer,grado III,con pareja,1.0,2.0,105.0,2.1,no,distrito 1,11.089418283811117,sí,15 387,no,15/03/2016,prestadora A
88.0,hombre,GRADO I,con familia,6.0,0.0,30.0,1.0,sí,distrito 1,26.252469288651536,no,7 552,no,10/09/2017,prestadora B
85.0,hombre,SIN VALORAR,solo,0.0,0.0,37.0,2.6,no,distrito 8,59.87595832840902,no,15 593,sí,19/05/2017,prestadora C
88.0,hombre,grado I,con pareja,2.0,0.0,17.0,3.4,sí,distrito 5,20.51512508381402,sí,14 279,sí,27/06/2022,prestadora B
85.0,hombre,grado II,con familia,0.0,1.0,36.0,1.6,sí,distrito 1,23.377350418732494,no,9 910,sí,19/07/2016,prestadora A
82.0,hombre,sin valorar,con pareja,0.0,1.0,42.0,0.7,no,distrito 5,3.7831445302002913,no,9 895,sí,19/12/2021,prestadora B
80.0,mujer,sin valorar,solo,3.0,1.0,36.0,3.9,sí,distrito 5,23.894281401458798,sí,11 033,sí,14/06/2016,prestadora C
88.0,mujer,grado II,solo,4.0,1.0,105.0,7.1,no,distrito 2,183.58206399568357,no,17 923,sí,16/06/2020,prestadora C
67.0,mujer,grado I,solo,1.0,0.0,15.0,2.0,no,distrito 11,59.130861351956945,sí,23 599,sí,16/10/2023,prestadora B
76.0,mujer,sin valorar,solo,7.0,1.0,30.0,1.8,no,distrito 6,247.80556403687365,no,14 610,sí,09/11/2016,prestadora C
88.0,hombre,sin valorar,con familia,4.0,0.0,89.0,2.7,sí,distrito 7,54.16992155506726,no,16 409,sí,08/04/2017,prestadora B
70.0,mujer,grado III,con pareja,3.0,0.0,28.0,3.7,no,distrito 5,122.69498859933113,sí,10 837,no,16/02/2022,prestadora B
84.0,hombre,grado II,con familia,8.0,0.0,44.0,0.8,no,distrito 1,155.70135505674577,no,10 822,sí,12/01/2018,prestadora C
102.0,hombre,sin valorar,con pareja,6.0,0.0,36.0,4.5,sí,distrito 11,38.676988937518416,sí,16 098,sí,30/11/2019,prestadora A
68.0,hombre,grado III,solo,3.0,0.0,25.0,0.9,no,distrito 10,240.45875644910268,sí,15 272,sí,03/11/2017,prestadora A
80.0,hombre,grado I,solo,8.0,0.0,133.0,4.3,sí,distrito 6,65.06297546833008,sí,25 632,sí,01/01/2019,prestadora C
70.0,hombre,grado I,solo,0.0,0.0,80.0,6.7,no,distrito 4,12.000175161562398,sí,13 356,N/D,18/03/2022,prestadora B
85.0,mujer,sin valorar,solo,0.0,1.0,47.0,2.3,no,distrito 3,8.038245499878327,sí,9 812,sí,16/06/2019,prestadora A
85.0,mujer,grado II,solo,2.0,0.0,62.0,6.9,no,distrito 7,113.8574400873635,no,6 254,sí,22/04/2018,prestadora B
97.0,hombre,grado II,solo,1.0,0.0,9.0,3.8,no,distrito 9,233.26669936858445,no,11 511,sí,21/11/2019,prestadora B
80.0,mujer,grado III,solo,1.0,0.0,35.0,2.0,no,distrito 2,180.2692133585785,no,17 654,N/D,26/01/2023,prestadora A
73.0,mujer,grado I,con pareja,4.0,0.0,24.0,1.0,sí,distrito 7,30.672030365154434,no,10 705,sí,13/03/2019,prestadora C
77.0,hombre,grado I,solo,0.0,0.0,19.0,1.4,no,distrito 4,40.654554565914104,no,27 273,sí,23/07/2021,prestadora B
90.0,mujer,grado I,con pareja,2.0,0.0,153.0,8.0,sí,distrito 3,22.779342651164573,no,10 899,no,25/12/2017,prestadora A
83.0,mujer,grado II,solo,1.0,0.0,62.0,4.1,sí,distrito 7,18.871992644780093,sí,32 538,no,25/06/2020,prestadora C
85.0,mujer,SIN VALORAR,solo,0.0,2.0,73.0,0.1,sí,distrito 6,25.3331127997092,no,39 691,no,29/12/2020,prestadora C
81.0,mujer,grado II,solo,2.0,0.0,18.0,4.4,sí,distrito 10,117.3774658827391,no,25 758,sí,15/05/2023,prestadora C
72.0,hombre,grado I,con pareja,2.0,0.0,94.0,2.3,sí,distrito 11,15.201638340280043,sí,11 031,sí,16/08/2018,prestadora B
65.0,mujer,grado I,con pareja,3.0,1.0,11.0,3.9,no,distrito 11,105.3088156183251,sí,11 710,sí,29/05/2018,prestadora B
85.0,mujer,grado III,solo,0.0,0.0,75.0,3.0,no,distrito 1,50.547169240573815,no,10 950,no,19/05/2019,prestadora C
83.0,hombre,grado II,solo,4.0,0.0,65.0,5.2,sí,distrito 3,75.62700685002658,no,8 731,sí,18/02/2016,prestadora A
71.0,mujer,sin valorar,con familia,1.0,0.0,66.0,9.7,sí,distrito 7,18.07617211234189,no,19 588,no,07/09/2016,prestadora B
79.0,hombre,grado I,solo,4.0,0.0,42.0,8.7,sí,distrito 5,97.83191699862428,sí,9 974,sí,06/02/2017,prestadora C
80.0,mujer,grado II,con pareja,3.0,1.0,18.0,11.3,sí,distrito 4,196.7834709793221,no,16 771,no,25/04/2022,prestadora B
79.0,mujer,GRADO III,solo,1.0,0.0,44.0,8.9,no,distrito 5,192.85987723601335,sí,26 710,no,06/07/2022,prestadora C
81.0,mujer,sin valorar,solo,3.0,0.0,24.0,5.2,no,distrito 4,125.26631393070586,no,15 429,sí,09/09/2022,prestadora C
77.0,hombre,grado II,solo,5.0,0.0,47.0,1.7,no,distrito 7,233.76638186670263,no,6 493,no,23/08/2024,prestadora A
89.0,mujer,grado II,con familia,5.0,0.0,38.0,6.9,no,distrito 2,128.97303427035396,sí,6 943,sí,28/01/2020,prestadora B
81.0,hombre,grado II,con pareja,1.0,0.0,24.0,6.5,no,distrito 2,22.97536636721171,no,7 553,no,04/03/2023,prestadora C
67.0,hombre,  sin valorar ,con pareja,4.0,2.0,15.0,4.4,no,distrito 3,87.86535156051772,sí,13 683,sí,13/10/2021,prestadora B
78.0,mujer,grado I,solo,1.0,0.0,44.0,6.6,no,distrito 6,25.70398892118323,sí,18 579,sí,18/10/2018,prestadora B
75.0,hombre,grado I,con familia,2.0,0.0,63.0,0.6,no,distrito 9,6.708546321610669,sí,15 373,sí,06/04/2017,prestadora A
84.0,hombre,grado I,solo,1.0,0.0,29.0,8.4,no,distrito 3,36.36649362720908,sí,23 344,no,31/01/2020,prestadora B
82.0,mujer,GRADO I,con familia,2.0,0.0,42.0,3.1,no,distrito 8,21.389470260588606,sí,28 687,no,11/06/2022,prestadora B
83.0,mujer,grado I,con pareja,1.0,0.0,14.0,2.8,no,distrito 3,18.389224433454544,sí,13 942,sí,20/03/2017,prestadora A
86.0,mujer,grado II,con pareja,1.0,0.0,9.0,4.5,no,distrito 1,36.93909178566492,sí,13 992,no,08/04/2016,prestadora C
81.0,hombre,sin valorar,solo,3.0,0.0,137.0,3.9,no,distrito 10,31.989707302272983,sí,9 610,sí,01/07/2023,prestadora A
97.0,mujer,grado I,con pareja,6.0,0.0,54.0,6.5,no,distrito 6,125.74755939821704,sí,18 357,sí,10/07/2017,prestadora C
67.0,mujer,sin valorar,con pareja,2.0,0.0,27.0,1.2,sí,distrito 3,35.51939024474736,no,18 161,no,30/10/2021,prestadora A
78.0,mujer,grado II,solo,6.0,0.0,42.0,4.1,no,distrito 9,403.75345319317586,sí,14 128,sí,26/10/2022,prestadora B
87.0,hombre,grado I,solo,2.0,0.0,22.0,0.3,no,distrito 3,102.9165023119373,sí,12 314,no,17/08/2017,prestadora B
87.0,mujer,sin valorar,solo,5.0,0.0,13.0,7.2,sí,distrito 10,119.63984189528838,no,22 904,no,08/08/2017,prestadora C
87.0,mujer,grado II,solo,0.0,2.0,30.0,4.5,sí,distrito 7,17.49834868052719,sí,13 851,sí,13/02/2023,prestadora C
81.0,mujer,grado I,solo,5.0,0.0,15.0,4.9,no,distrito 11,127.39528987856502,sí,16 047,sí,29/09/2018,prestadora B
76.0,mujer,  grado II ,con pareja,5.0,0.0,27.0,1.6,sí,distrito 5,37.00306100367273,sí,15 382,sí,08/05/2019,prestadora A
76.0,hombre,sin valorar,solo,0.0,0.0,76.0,2.4,no,distrito 4,8.877901940236507,sí,22 877,sí,13/11/2020,prestadora C
71.0,mujer,GRADO III,con pareja,2.0,3.0,8.0,8.3,sí,distrito 3,95.57568795876935,no,19 298,sí,23/02/2024,prestadora C
75.0,mujer,grado I,con pareja,1.0,0.0,123.0,1.8,no,distrito 8,6.743811210956075,no,19 853,no,22/03/2023,prestadora B
80.0,mujer,grado I,con pareja,0.0,0.0,12.0,3.1,no,distrito 5,6.482523903555344,sí,10 482,sí,12/06/2018,prestadora A
79.0,mujer,grado II,solo,0.0,1.0,7.0,2.4,no,distrito 4,31.312194005425823,sí,9 394,sí,18/06/2022,prestadora A
101.0,mujer,grado II,solo,5.0,0.0,17.0,8.4,no,distrito 5,325.9368175411658,sí,5 665,sí,16/05/2021,prestadora A
81.0,hombre,grado I,solo,5.0,2.0,13.0,17.3,sí,distrito 2,92.42215193070305,sí,18 043,sí,04/09/2016,prestadora A
94.0,mujer,sin valorar,solo,2.0,0.0,56.0,3.8,no,distrito 4,27.62867166504853,no,26 840,no,27/04/2024,prestadora A
77.0,hombre,sin valorar,con pareja,13.0,1.0,30.0,8.4,no,distrito 3,346.59316299004746,sí,13 101,no,12/09/2024,prestadora B
89.0,mujer,grado II,solo,4.0,1.0,74.0,3.2,sí,distrito 6,148.97570072382757,no,12 172,N/D,23/07/2022,prestadora B
72.0,mujer,  sin valorar ,solo,4.0,0.0,11.0,2.7,no,distrito 7,112.19041917040211,no,17 610,no,21/08/2021,prestadora A
74.0,hombre,  sin valorar ,solo,2.0,0.0,8.0,22.1,no,distrito 9,45.41807258391797,sí,8 154,sí,09/06/2020,prestadora B
89.0,mujer,grado II,solo,3.0,0.0,22.0,5.7,no,distrito 4,311.93698647990294,sí,14 195,sí,21/11/2020,prestadora C
92.0,mujer,sin valorar,con familia,1.0,1.0,3.0,7.3,no,distrito 5,10.326946149212151,sí,26 174,N/D,24/02/2016,prestadora A
94.0,mujer,grado I,solo,3.0,1.0,10.0,4.6,no,distrito 6,105.4435376125796,sí,7 578,no,19/11/2019,prestadora A
79.0,hombre,sin valorar,con pareja,1.0,0.0,26.0,1.3,no,distrito 9,12.909801123443426,sí,20 579,sí,30/03/2022,prestadora B
99.0,mujer,grado I,con familia,1.0,0.0,40.0,4.3,sí,distrito 9,27.95334793768904,no,13 383,no,17/05/2016,prestadora B
81.0,mujer,sin valorar,solo,10.0,1.0,49.0,7.0,no,distrito 11,392.6651657250157,no,25 386,sí,27/02/2021,prestadora A
80.0,mujer,grado I,solo,0.0,1.0,27.0,7.4,no,distrito 9,30.671558886754227,sí,10 516,no,23/10/2016,prestadora B
86.0,hombre,GRADO I,con pareja,3.0,0.0,12.0,15.9,no,distrito 3,111.96320090960016,sí,21 459,no,07/11/2019,prestadora B
86.0,hombre,grado I,solo,2.0,1.0,101.0,1.2,no,distrito 3,93.72664065924782,sí,18 732,sí,26/10/2016,prestadora B
92.0,mujer,GRADO III,solo,4.0,0.0,17.0,0.7,sí,distrito 6,1079.3987591882742,sí,22 370,sí,25/05/2018,prestadora B
85.0,hombre,sin valorar,con familia,1.0,0.0,14.0,2.9,no,distrito 6,9.164536153015492,sí,13 964,sí,28/09/2024,prestadora B
78.0,hombre,grado III,con familia,5.0,1.0,5.0,3.9,no,distrito 3,160.97103986587672,sí,10 915,sí,14/10/2016,prestadora C
81.0,mujer,grado II,solo,2.0,0.0,23.0,0.8,no,distrito 1,121.89328108184853,sí,8 114,no,10/11/2016,prestadora B
93.0,mujer,grado II,solo,2.0,1.0,43.0,2.9,sí,distrito 1,91.09214376651778,no,8 682,sí,01/11/2018,prestadora C
72.0,hombre,grado I,con familia,3.0,0.0,21.0,9.7,sí,distrito 1,30.753297185673794,no,11 341,sí,08/12/2016,prestadora A
84.0,mujer,  grado II ,solo,3.0,1.0,25.0,7.0,sí,distrito 8,97.35958800090924,sí,11 142,sí,31/05/2021,prestadora A
75.0,mujer,  sin valorar ,con pareja,1.0,0.0,19.0,11.9,no,distrito 1,38.77839744342776,no,8 451,no,11/08/2016,prestadora C
94.0,mujer,grado II,con pareja,4.0,0.0,53.0,8.7,no,distrito 3,99.24693895471724,sí,31 599,no,23/09/2023,prestadora A
72.0,hombre,grado II,solo,0.0,0.0,30.0,10.1,no,distrito 4,8.885114011265363,sí,10 919,sí,10/07/2022,prestadora B
87.0,mujer,sin valorar,solo,1.0,0.0,47.0,1.5,sí,distrito 9,8.08966709958163,sí,21 434,no,05/06/2017,prestadora A
80.0,hombre,grado III,solo,3.0,1.0,14.0,4.5,sí,distrito 6,1254.267682429931,sí,9 363,sí,06/08/2017,prestadora A
86.0,mujer,grado I,solo,2.0,5.0,35.0,1.9,no,distrito 7,280.2889354850613,sí,15 843,sí,20/11/2019,prestadora C
82.0,mujer,sin valorar,solo,3.0,0.0,4.0,5.9,no,distrito 11,50.96083306387385,no,8 953,sí,16/04/2023,prestadora B
74.0,mujer,grado II,solo,2.0,1.0,22.0,1.5,no,distrito 4,194.23104344381494,no,20 448,no,19/01/2021,prestadora C
90.0,mujer,grado III,solo,4.0,0.0,87.0,6.3,sí,distrito 2,194.59682566536526,sí,19 956,sí,29/04/2024,prestadora B
81.0,hombre,grado I,solo,0.0,0.0,22.0,2.9,no,distrito 8,16.104466744298012,sí,8 147,no,07/09/2022,prestadora A
67.0,mujer,SIN VALORAR,solo,2.0,0.0,32.0,6.6,no,distrito 9,46.43221973379521,no,15 528,no,01/12/2020,prestadora A
88.0,mujer,grado II,con pareja,0.0,0.0,33.0,0.6,no,distrito 2,13.65059999943233,no,8 176,no,27/07/2022,prestadora A
86.0,hombre,grado I,solo,7.0,1.0,49.0,5.7,no,distrito 11,385.62272333801883,sí,22 085,sí,18/01/2020,prestadora A
79.0,hombre,grado I,con pareja,1.0,0.0,16.0,1.7,no,distrito 9,71.27497072287944,sí,11 240,sí,06/02/2020,prestadora A
79.0,mujer,sin valorar,con pareja,3.0,1.0,112.0,3.2,sí,distrito 8,36.26589371892056,sí,16 334,no,23/03/2020,prestadora C
77.0,mujer,  grado I ,solo,1.0,0.0,46.0,7.0,no,distrito 8,37.34465477836427,sí,15 640,no,01/02/2021,prestadora A
86.0,mujer,grado III,con pareja,3.0,0.0,25.0,0.9,sí,distrito 10,160.68111912389577,sí,12 897,sí,14/09/2019,prestadora A
70.0,mujer,grado III,solo,2.0,0.0,111.0,2.9,no,distrito 9,72.52944846995989,no,19 092,sí,05/12/2016,prestadora C
90.0,mujer,grado I,solo,0.0,0.0,22.0,2.9,no,distrito 1,6.175699843156745,sí,24 557,no,09/01/2021,prestadora B
67.0,mujer,sin valorar,solo,3.0,1.0,17.0,9.7,sí,distrito 1,65.23926972589815,sí,21 796,sí,06/07/2023,prestadora B
80.0,mujer,sin valorar,solo,1.0,0.0,63.0,6.2,sí,distrito 6,53.2607638311909,sí,13 698,sí,29/05/2019,prestadora B
76.0,mujer,sin valorar,con pareja,6.0,0.0,28.0,1.9,no,distrito 10,20.32219698923503,no,14 185,no,01/09/2019,prestadora C
98.0,mujer,sin valorar,solo,0.0,0.0,37.0,5.6,no,distrito 1,15.678908469328043,sí,22 253,sí,06/04/2022,prestadora A
67.0,mujer,grado II,con familia,4.0,0.0,6.0,2.2,no,distrito 1,249.11797231688354,sí,6 130,sí,23/12/2023,prestadora B
89.0,hombre,grado III,solo,1.0,0.0,62.0,3.6,sí,distrito 5,205.00500699329302,sí,19 915,N/D,14/04/2016,prestadora B
92.0,mujer,sin valorar,con pareja,2.0,1.0,124.0,2.5,no,distrito 6,23.011226728401162,sí,13 715,no,13/02/2016,prestadora C
82.0,mujer,grado II,solo,5.0,0.0,9.0,3.5,sí,distrito 5,290.83207990374507,sí,16 059,N/D,21/06/2022,prestadora B
83.0,mujer,grado II,solo,0.0,0.0,50.0,8.2,no,distrito 2,22.20350458456113,no,10 442,no,24/10/2020,prestadora B
78.0,mujer,sin valorar,solo,6.0,0.0,23.0,1.4,no,distrito 7,78.72282241252991,sí,10 329,sí,19/01/2018,prestadora C
73.0,hombre,  grado III ,con familia,7.0,1.0,56.0,9.9,no,distrito 9,322.6995948105752,no,15 009,sí,15/10/2022,prestadora B
83.0,mujer,grado I,con familia,9.0,0.0,106.0,3.6,no,distrito 1,187.22013385264543,no,17 002,sí,25/08/2020,prestadora C
92.0,mujer,sin valorar,solo,1.0,0.0,19.0,11.0,no,distrito 6,56.948481975199286,no,10 801,N/D,17/09/2016,prestadora C
95.0,hombre,grado II,con pareja,5.0,1.0,83.0,2.1,sí,distrito 3,40.59577051779811,sí,15 379,no,21/04/2018,prestadora C
77.0,mujer,grado III,solo,0.0,1.0,49.0,6.9,no,distrito 6,49.778553235311115,sí,16 770,sí,18/04/2024,prestadora A
74.0,mujer,  sin valorar ,solo,0.0,0.0,44.0,0.1,no,distrito 8,26.037588917950046,sí,17 705,sí,10/06/2023,prestadora C
81.0,mujer,grado I,con familia,0.0,1.0,61.0,8.0,no,distrito 9,28.54499533540319,sí,17 848,no,04/09/2018,prestadora A
82.0,mujer,  grado I ,con pareja,1.0,1.0,57.0,4.7,no,distrito 10,23.982553719374938,no,12 661,sí,29/06/2019,prestadora B
85.0,mujer,grado II,solo,4.0,1.0,28.0,4.4,no,distrito 8,521.1372934831699,no,19 468,no,21/09/2023,prestadora A
76.0,mujer,grado I,con familia,2.0,0.0,18.0,4.6,no,distrito 11,144.5337052875913,sí,7 544,sí,04/06/2018,prestadora C
79.0,mujer,grado I,con pareja,3.0,2.0,67.0,8.7,sí,distrito 7,128.91176738508153,no,8 238,sí,31/12/2022,prestadora C
91.0,hombre,grado II,con familia,3.0,2.0,10.0,0.6,no,distrito 2,33.32740427190779,sí,10 597,no,20/10/2016,prestadora A
74.0,mujer,grado I,con familia,0.0,0.0,46.0,7.0,sí,distrito 10,5.646317084632043,sí,18 130,no,19/04/2024,prestadora A
85.0,mujer,sin valorar,solo,0.0,0.0,27.0,0.3,no,distrito 2,14.06229287682652,no,11 418,no,11/03/2018,prestadora C
103.0,hombre,grado I,con pareja,0.0,1.0,185.0,3.0,no,distrito 4,25.591913360087915,no,14 287,sí,18/09/2019,prestadora C
76.0,mujer,grado I,solo,1.0,0.0,20.0,7.6,no,distrito 7,38.0407719301689,sí,16 123,sí,14/07/2024,prestadora A
83.0,mujer,grado III,solo,6.0,0.0,66.0,1.3,no,distrito 3,218.39148794281806,sí,11 802,sí,02/09/2022,prestadora C
74.0,hombre,sin valorar,con pareja,1.0,0.0,24.0,1.2,sí,distrito 1,10.807193259232172,sí,15 150,no,06/08/2021,prestadora C
78.0,hombre,  grado I ,con familia,0.0,1.0,48.0,1.5,no,distrito 1,17.813893354738052,sí,8 487,no,23/02/2020,prestadora B
89.0,hombre,grado I,solo,3.0,0.0,16.0,4.7,no,distrito 5,196.07086310985608,sí,15 443,no,05/08/2024,prestadora B
80.0,mujer,grado III,solo,1.0,0.0,91.0,19.9,no,distrito 1,250.65905636949702,no,13 349,no,27/11/2021,prestadora B
71.0,mujer,grado I,solo,1.0,0.0,49.0,2.6,sí,distrito 3,19.742348126198365,sí,21 160,no,14/03/2021,prestadora B
76.0,mujer,grado I,con pareja,3.0,0.0,16.0,3.3,no,distrito 2,94.37239110987719,sí,9 158,no,24/12/2018,prestadora B
87.0,hombre,grado II,con familia,10.0,0.0,44.0,3.2,no,distrito 3,126.51491413290285,sí,10 897,sí,17/04/2021,prestadora A
72.0,mujer,grado II,solo,2.0,0.0,14.0,4.3,no,distrito 11,172.35232607401014,sí,9 737,N/D,05/11/2022,prestadora C
88.0,mujer,grado II,con pareja,1.0,0.0,45.0,2.4,no,distrito 3,12.913487749174065,no,13 490,sí,12/04/2020,prestadora A
77.0,hombre,grado I,con familia,5.0,0.0,4.0,16.8,sí,distrito 2,59.55250298218414,sí,18 401,no,25/11/2021,prestadora C
82.0,hombre,SIN VALORAR,solo,5.0,0.0,7.0,3.4,no,distrito 2,234.85693067365068,sí,18 059,no,11/06/2016,prestadora A
73.0,mujer,sin valorar,con pareja,3.0,0.0,25.0,6.1,no,distrito 8,34.8157411875304,sí,11 300,sí,04/01/2018,prestadora A
66.0,hombre,grado II,solo,8.0,0.0,9.0,8.5,no,distrito 6,2187.4485481325046,sí,16 754,sí,27/03/2019,prestadora B
85.0,hombre,grado I,con familia,0.0,0.0,33.0,13.6,no,distrito 3,9.447652174952234,sí,25 438,no,10/09/2023,prestadora A
87.0,mujer,sin valorar,con pareja,1.0,2.0,59.0,0.9,sí,distrito 1,32.009452628894955,no,17 722,no,02/06/2021,prestadora B
82.0,mujer,grado I,con pareja,2.0,1.0,4.0,0.9,no,distrito 2,62.066286801136535,no,16 431,no,29/10/2020,prestadora B
80.0,hombre,grado II,con pareja,4.0,1.0,19.0,1.4,no,distrito 3,62.78515213764506,no,7 926,no,10/01/2016,prestadora C
87.0,hombre,grado II,con pareja,0.0,1.0,32.0,2.8,sí,distrito 10,24.415501756263485,no,19 343,sí,13/01/2024,prestadora C
83.0,mujer,grado II,solo,7.0,3.0,17.0,2.1,sí,distrito 8,347.2837073182013,no,30 234,no,13/01/2019,prestadora A
94.0,mujer,  grado II ,solo,3.0,0.0,70.0,6.3,no,distrito 8,205.72753530936828,sí,35 618,no,09/01/2018,prestadora B
75.0,mujer,sin valorar,con familia,4.0,0.0,108.0,1.6,sí,distrito 11,35.5251858641924,no,20 197,sí,04/10/2021,prestadora C
84.0,mujer,grado III,solo,2.0,2.0,28.0,2.6,sí,distrito 3,407.4580766946157,no,5 793,sí,14/03/2022,prestadora A
90.0,mujer,grado I,solo,5.0,1.0,54.0,7.1,no,distrito 10,140.8776035091906,no,14 240,sí,05/02/2024,prestadora C
65.0,mujer,  grado II ,solo,1.0,0.0,41.0,2.8,sí,distrito 10,71.47891431607535,sí,31 699,N/D,20/12/2020,prestadora C
75.0,hombre,grado I,solo,1.0,0.0,34.0,5.0,no,distrito 11,111.68949114736878,sí,17 477,sí,18/11/2021,prestadora B
88.0,hombre,grado I,con familia,3.0,0.0,23.0,8.7,no,distrito 7,74.0048765875568,sí,11 127,no,29/12/2020,prestadora B
82.0,hombre,sin valorar,solo,5.0,0.0,54.0,4.0,sí,distrito 6,275.96815528884156,sí,27 963,sí,15/08/2019,prestadora B
79.0,mujer,grado II,con pareja,0.0,1.0,24.0,4.0,no,distrito 10,17.17189828509007,no,16 858,sí,16/10/2021,prestadora C
78.0,mujer,sin valorar,con familia,0.0,0.0,16.0,4.7,no,distrito 4,3.7835267565806827,sí,16 330,no,11/04/2023,prestadora C
85.0,mujer,grado II,con pareja,0.0,0.0,5.0,0.7,sí,distrito 3,8.6643723358775,no,6 801,sí,17/05/2024,prestadora C
82.0,mujer,grado III,solo,2.0,0.0,21.0,4.3,sí,distrito 2,161.37543151700226,no,6 100,sí,21/04/2019,prestadora A
82.0,hombre,grado I,solo,1.0,1.0,16.0,3.0,no,distrito 10,52.8209778793607,sí,10 297,sí,09/11/2017,prestadora C
87.0,mujer,sin valorar,solo,0.0,0.0,12.0,8.4,sí,distrito 2,9.560283370885852,sí,16 768,N/D,08/02/2022,prestadora B
88.0,mujer,grado II,solo,2.0,0.0,81.0,2.0,sí,distrito 8,34.70293421985946,no,8 075,sí,16/08/2021,prestadora B
79.0,mujer,grado I,solo,2.0,2.0,6.0,6.7,no,distrito 6,159.76541829911093,no,11 859,no,13/12/2020,prestadora C
81.0,mujer,sin valorar,solo,1.0,0.0,49.0,3.9,no,distrito 5,7.906438668751069,no,13 078,N/D,22/02/2017,prestadora B
80.0,mujer,grado II,con pareja,5.0,2.0,21.0,5.1,no,distrito 11,136.08370837921638,no,21 370,no,04/03/2021,prestadora C
83.0,mujer,sin valorar,solo,3.0,0.0,71.0,2.2,sí,distrito 6,81.46947334077119,no,15 161,no,20/12/2023,prestadora A
76.0,mujer,  sin valorar ,solo,0.0,0.0,37.0,2.5,no,distrito 9,2.0494916990605634,sí,14 492,sí,11/01/2024,prestadora A
77.0,mujer,grado II,con familia,1.0,0.0,43.0,2.5,no,distrito 11,18.64051625220233,sí,10 883,N/D,30/06/2020,prestadora B
82.0,mujer,sin valorar,solo,2.0,3.0,47.0,3.5,sí,distrito 5,20.942942748704336,no,20 029,sí,02/08/2021,prestadora A
86.0,mujer,grado I,solo,2.0,0.0,51.0,7.2,no,distrito 2,37.27911562192075,sí,6 408,sí,03/02/2022,prestadora B
72.0,hombre,grado II,con pareja,13.0,2.0,28.0,4.4,no,distrito 5,282.62261992682573,no,18 482,sí,22/12/2021,prestadora A
74.0,hombre,grado III,con familia,5.0,0.0,9.0,1.5,no,distrito 3,103.39546577271923,sí,31 457,sí,01/10/2020,prestadora C
74.0,mujer,grado I,con pareja,2.0,0.0,14.0,7.7,no,distrito 3,54.71211597497921,sí,10 859,no,04/04/2023,prestadora B
89.0,hombre,grado II,con pareja,0.0,0.0,42.0,3.2,sí,distrito 5,13.176972095307322,no,12 454,sí,30/04/2020,prestadora C
78.0,mujer,grado I,solo,6.0,4.0,88.0,11.1,no,distrito 7,486.7344877929092,sí,22 522,no,12/01/2023,prestadora A
71.0,mujer,grado I,solo,1.0,0.0,54.0,4.3,no,distrito 10,34.85887980087657,no,18 055,sí,23/02/2024,prestadora B
82.0,mujer,  grado I ,con pareja,0.0,0.0,21.0,1.4,no,distrito 7,4.03144663610031,sí,24 077,sí,03/02/2020,prestadora B
70.0,mujer,  grado I ,solo,3.0,1.0,26.0,2.9,sí,distrito 10,271.7398241188895,sí,25 926,sí,13/02/2022,prestadora C
66.0,mujer,grado II,solo,5.0,0.0,11.0,0.9,no,distrito 1,474.26930307623974,sí,22 412,sí,18/02/2024,prestadora B
70.0,mujer,grado II,solo,6.0,0.0,5.0,0.4,no,distrito 4,98.55637530592908,no,23 710,sí,07/07/2023,prestadora A
72.0,mujer,grado I,con pareja,0.0,2.0,17.0,3.0,no,distrito 6,28.41352929503178,sí,13 886,N/D,10/05/2016,prestadora B
84.0,hombre,grado II,con familia,2.0,0.0,36.0,3.5,no,distrito 8,85.06089925835191,sí,9 331,no,13/06/2021,prestadora B
77.0,hombre,grado III,con pareja,3.0,0.0,38.0,3.6,sí,distrito 9,120.7529120766362,sí,9 619,sí,22/02/2016,prestadora A
75.0,hombre,sin valorar,solo,1.0,1.0,13.0,6.2,no,distrito 7,62.14038358224348,sí,6 961,sí,04/01/2016,prestadora B
92.0,mujer,grado II,solo,0.0,1.0,84.0,3.7,sí,distrito 11,25.564099088935507,no,15 173,no,29/12/2020,prestadora C
78.0,mujer,sin valorar,solo,2.0,0.0,23.0,4.7,no,distrito 5,25.90905721981963,no,5 981,no,15/12/2016,prestadora A
82.0,mujer,  grado I ,solo,0.0,0.0,32.0,3.7,no,distrito 11,56.461375070495954,sí,15 409,sí,17/02/2020,prestadora A
81.0,mujer,GRADO I,con pareja,0.0,0.0,16.0,2.5,no,distrito 6,19.114895738740746,no,12 021,no,25/02/2024,prestadora B
77.0,hombre,sin valorar,solo,0.0,0.0,23.0,0.8,no,distrito 4,18.646705557960335,no,11 970,sí,30/07/2016,prestadora B
78.0,hombre,grado III,con familia,0.0,1.0,41.0,3.3,no,distrito 8,38.86888457320836,no,18 533,no,11/09/2018,prestadora C
75.0,mujer,grado I,solo,2.0,0.0,2.0,3.5,no,distrito 9,69.87482516041187,sí,9 263,sí,31/07/2016,prestadora C
84.0,hombre,  grado II ,solo,2.0,0.0,29.0,7.7,no,distrito 5,28.63241562517974,no,19 984,no,19/06/2024,prestadora A
98.0,mujer,sin valorar,solo,5.0,0.0,37.0,3.1,sí,distrito 9,207.39496515049728,sí,10 371,sí,10/01/2017,prestadora A
83.0,mujer,sin valorar,con familia,8.0,5.0,60.0,2.4,no,distrito 5,195.33631028012675,no,17 180,sí,22/10/2018,prestadora C
66.0,mujer,grado III,solo,0.0,1.0,58.0,4.1,no,distrito 11,106.43713729892029,sí,8 792,sí,11/03/2023,prestadora A
85.0,hombre,  sin valorar ,con pareja,3.0,0.0,85.0,3.2,no,distrito 1,24.856487241996895,sí,14 510,N/D,05/09/2019,prestadora A
75.0,mujer,grado I,con familia,1.0,0.0,60.0,1.2,no,distrito 5,7.467951472930945,sí,13 796,no,14/01/2019,prestadora B
85.0,hombre,grado I,solo,2.0,0.0,17.0,1.0,no,distrito 10,44.91991719972174,sí,15 971,sí,11/03/2021,prestadora C
88.0,hombre,grado I,con familia,0.0,0.0,85.0,1.0,no,distrito 10,10.745402399292848,sí,19 117,sí,25/06/2024,prestadora A
93.0,mujer,sin valorar,con pareja,0.0,0.0,64.0,2.6,no,distrito 9,11.638338585911189,no,35 192,sí,12/11/2021,prestadora C
79.0,mujer,sin valorar,solo,0.0,0.0,20.0,4.0,no,distrito 2,8.4291293219748,sí,7 628,sí,11/02/2021,prestadora B
70.0,hombre,sin valorar,con pareja,7.0,0.0,25.0,1.2,sí,distrito 11,116.8697982711841,no,15 838,no,14/04/2020,prestadora B
75.0,hombre,sin valorar,con pareja,0.0,1.0,39.0,2.8,no,distrito 3,10.53988020256639,no,20 447,no,21/06/2022,prestadora A
71.0,mujer,grado I,con pareja,7.0,0.0,36.0,4.9,sí,distrito 8,84.96510409898814,sí,12 751,sí,29/01/2019,prestadora B
91.0,mujer,  grado III ,solo,3.0,6.0,12.0,3.7,sí,distrito 5,112.47919166309856,sí,8 841,no,03/10/2018,prestadora A
91.0,mujer,sin valorar,con familia,1.0,0.0,6.0,3.3,no,distrito 8,10.456645236436838,no,27 215,no,17/01/2020,prestadora A
104.0,hombre,GRADO I,solo,1.0,0.0,39.0,2.0,no,distrito 9,24.354234634138937,sí,16 184,no,13/03/2017,prestadora B
76.0,mujer,sin valorar,con pareja,3.0,2.0,14.0,3.3,sí,distrito 10,18.817275803283458,no,21 452,no,24/04/2024,prestadora A
72.0,mujer,grado III,solo,2.0,0.0,41.0,1.0,no,distrito 6,118.44880787090104,sí,6 545,no,12/03/2019,prestadora B
78.0,mujer,grado I,con pareja,5.0,0.0,3.0,2.7,sí,distrito 2,163.2735947148786,sí,16 052,sí,14/04/2016,prestadora A
89.0,mujer,grado I,con familia,0.0,1.0,19.0,1.5,no,distrito 7,15.64218583150948,sí,14 141,sí,16/03/2020,prestadora A
83.0,mujer,grado I,con pareja,0.0,0.0,10.0,6.9,sí,distrito 7,15.318164178045624,no,13 378,no,24/09/2017,prestadora C
93.0,mujer,grado III,con pareja,0.0,0.0,23.0,4.0,no,distrito 4,12.23111894284857,sí,8 620,no,28/07/2020,prestadora A
78.0,mujer,grado I,con pareja,2.0,0.0,34.0,1.1,sí,distrito 11,35.32794490366306,no,18 982,sí,30/08/2021,prestadora C
78.0,mujer,grado II,solo,5.0,0.0,78.0,3.8,no,distrito 11,289.5322297424881,sí,15 226,sí,26/07/2017,prestadora C
70.0,mujer,grado III,solo,1.0,0.0,30.0,10.0,no,distrito 3,73.71269364138978,sí,10 443,no,29/06/2022,prestadora A
75.0,mujer,  grado I ,solo,2.0,0.0,111.0,4.2,sí,distrito 2,32.83733612529268,no,19 458,sí,20/09/2024,prestadora C
92.0,mujer,grado I,solo,4.0,0.0,22.0,4.6,no,distrito 7,440.5407413694393,no,10 336,no,06/12/2016,prestadora A
84.0,mujer,grado I,solo,3.0,0.0,5.0,8.8,sí,distrito 8,697.9495683242637,sí,27 938,no,01/04/2024,prestadora B
81.0,mujer,grado I,con pareja,1.0,0.0,26.0,0.3,sí,distrito 6,50.48801044727151,sí,19 255,sí,16/05/2016,prestadora A
90.0,mujer,grado I,con pareja,5.0,0.0,19.0,4.3,sí,distrito 3,119.0791733121955,sí,9 126,sí,21/08/2023,prestadora A
85.0,mujer,grado III,con pareja,1.0,0.0,32.0,2.8,no,distrito 9,141.25486712096946,sí,9 109,sí,30/07/2021,prestadora A
75.0,hombre,GRADO I,solo,2.0,0.0,43.0,2.3,no,distrito 9,75.13109554746582,sí,12 551,sí,25/09/2024,prestadora B
74.0,mujer,sin valorar,solo,0.0,2.0,56.0,0.7,no,distrito 8,29.627367710946366,no,18 053,no,26/10/2017,prestadora B
84.0,hombre,grado III,con pareja,13.0,0.0,25.0,7.7,no,distrito 9,636.812146064903,sí,19 011,no,19/12/2019,prestadora C
78.0,mujer,grado I,solo,1.0,0.0,105.0,9.4,no,distrito 6,26.597675064446435,sí,15 227,no,25/11/2022,prestadora A
80.0,mujer,SIN VALORAR,con pareja,0.0,0.0,22.0,3.5,no,distrito 10,12.459623953458046,sí,11 149,sí,16/07/2021,prestadora C
76.0,mujer,grado II,con pareja,1.0,0.0,8.0,6.0,no,distrito 5,12.72558655598573,sí,18 352,no,09/04/2020,prestadora B
79.0,mujer,grado I,con pareja,5.0,0.0,34.0,9.3,sí,distrito 4,115.55558600773324,no,7 405,sí,10/03/2019,prestadora C
91.0,mujer,grado II,con familia,6.0,2.0,11.0,2.7,sí,distrito 11,161.4287368301903,sí,8 482,N/D,20/02/2022,prestadora A
71.0,mujer,grado II,con familia,0.0,1.0,29.0,6.5,no,distrito 7,25.867679511858977,sí,17 760,sí,03/02/2022,prestadora A
65.0,hombre,  grado II ,solo,2.0,0.0,41.0,2.9,no,distrito 8,14.746442370011279,sí,18 751,no,26/08/2017,prestadora A
79.0,mujer,grado I,solo,1.0,1.0,25.0,6.2,no,distrito 11,95.42543932125949,sí,12 861,sí,15/05/2019,prestadora B
87.0,hombre,grado I,con pareja,0.0,0.0,12.0,7.2,no,distrito 11,17.36511057192838,sí,22 680,sí,18/08/2024,prestadora B
94.0,mujer,sin valorar,con pareja,3.0,1.0,22.0,2.0,no,distrito 6,14.040303402201348,sí,9 180,no,23/12/2019,prestadora A
94.0,mujer,grado III,solo,1.0,1.0,23.0,1.2,no,distrito 9,226.30670685799814,sí,11 853,no,14/12/2021,prestadora C
84.0,mujer,sin valorar,con familia,1.0,0.0,56.0,3.3,sí,distrito 11,5.822318740419883,no,13 324,sí,26/02/2023,prestadora A
91.0,mujer,grado II,con pareja,4.0,2.0,18.0,0.7,no,distrito 8,378.28897191021315,sí,16 062,sí,27/01/2017,prestadora A
84.0,mujer,grado I,con familia,6.0,1.0,87.0,4.1,no,distrito 5,67.77441808447053,sí,14 563,sí,09/02/2018,prestadora B
83.0,mujer,SIN VALORAR,solo,4.0,0.0,23.0,6.0,no,distrito 1,153.49713061855292,sí,12 562,no,31/05/2020,prestadora A
69.0,mujer,  sin valorar ,solo,6.0,0.0,22.0,4.1,no,distrito 9,58.47760724869304,no,20 800,no,26/08/2024,prestadora A
80.0,mujer,GRADO II,solo,8.0,4.0,118.0,3.4,no,distrito 11,91.60236741143342,no,27 952,sí,29/08/2023,prestadora C
83.0,hombre,grado I,solo,1.0,1.0,77.0,5.6,sí,distrito 1,34.031963472363394,sí,7 254,sí,29/01/2019,prestadora A
80.0,mujer,grado I,con pareja,1.0,0.0,56.0,3.7,no,distrito 7,55.75033492221298,sí,13 128,no,20/02/2021,prestadora B
65.0,mujer,grado III,solo,0.0,0.0,28.0,4.8,no,distrito 10,51.50713522108257,sí,24 254,no,17/08/2021,prestadora C
92.0,mujer,grado II,solo,1.0,1.0,39.0,4.9,no,distrito 8,140.67410136841144,no,18 786,N/D,17/11/2017,prestadora C
77.0,hombre,grado III,con pareja,1.0,0.0,54.0,2.7,no,distrito 8,41.80823841534813,sí,9 972,sí,19/01/2020,prestadora B
85.0,mujer,grado II,con pareja,3.0,0.0,72.0,2.2,no,distrito 7,29.96870086753311,sí,48 827,no,13/01/2024,prestadora B
81.0,mujer,grado I,solo,0.0,2.0,30.0,3.9,sí,distrito 9,53.89986385173734,sí,19 524,sí,01/09/2019,prestadora B
87.0,hombre,sin valorar,solo,2.0,0.0,14.0,3.6,no,distrito 10,51.06468155816918,no,18 707,N/D,19/08/2019,prestadora B
74.0,hombre,grado III,con familia,0.0,0.0,20.0,13.5,no,distrito 5,21.600335019701646,sí,7 741,no,04/03/2024,prestadora A
87.0,mujer,  grado I ,solo,2.0,0.0,40.0,0.8,no,distrito 7,80.89091591883103,sí,23 959,no,24/05/2019,prestadora B
99.0,mujer,grado II,con pareja,3.0,0.0,16.0,20.3,no,distrito 6,200.90695845046403,sí,11 697,sí,30/03/2020,prestadora C
84.0,hombre,grado III,con pareja,0.0,0.0,90.0,1.1,no,distrito 10,27.21402858174066,sí,21 991,sí,15/10/2019,prestadora C
82.0,mujer,grado I,solo,1.0,1.0,13.0,3.7,no,distrito 7,53.31191178080652,no,14 498,sí,07/11/2021,prestadora A
90.0,mujer,sin valorar,con pareja,4.0,0.0,3.0,3.0,no,distrito 5,38.32240641477531,no,18 373,no,22/01/2023,prestadora B
87.0,mujer,sin valorar,solo,2.0,0.0,53.0,7.6,no,distrito 9,33.519851843208194,sí,10 872,sí,18/02/2021,prestadora A
103.0,mujer,  grado II ,con pareja,0.0,0.0,58.0,0.9,no,distrito 2,6.477967325415927,sí,13 146,sí,03/12/2016,prestadora A
76.0,mujer,grado III,solo,2.0,0.0,51.0,2.6,no,distrito 2,84.58389441480664,no,13 826,sí,19/04/2019,prestadora A
78.0,mujer,sin valorar,solo,2.0,2.0,2.0,4.1,no,distrito 3,57.77296988260532,no,13 240,sí,19/06/2017,prestadora B
86.0,mujer,grado II,con pareja,2.0,0.0,40.0,3.5,no,distrito 7,35.53991241288046,sí,14 913,no,11/02/2021,prestadora B
83.0,mujer,grado I,con familia,2.0,0.0,43.0,10.3,no,distrito 11,13.431549423013267,no,15 010,sí,07/08/2022,prestadora A
79.0,mujer,sin valorar,solo,6.0,0.0,105.0,3.5,no,distrito 1,262.6025485526475,sí,10 907,no,23/03/2016,prestadora C
83.0,hombre,  grado I ,con familia,3.0,0.0,31.0,9.1,no,distrito 11,21.443952745705744,no,10 221,sí,28/10/2023,prestadora B
83.0,mujer,grado II,con pareja,5.0,0.0,16.0,23.0,no,distrito 3,221.51009144653992,sí,20 959,sí,25/11/2022,prestadora A
98.0,mujer,sin valorar,solo,5.0,1.0,57.0,2.1,no,distrito 4,192.3318568985088,sí,15 426,sí,31/01/2018,prestadora C
81.0,hombre,sin valorar,con pareja,1.0,2.0,23.0,0.8,no,distrito 11,19.763975560056622,sí,10 447,N/D,18/04/2020,prestadora C
70.0,mujer,grado II,con pareja,5.0,0.0,11.0,7.8,no,distrito 10,61.01455810998801,sí,17 742,no,27/04/2023,prestadora B
81.0,mujer,sin valorar,con pareja,7.0,0.0,27.0,4.4,no,distrito 10,72.31108477004909,no,14 910,sí,13/08/2019,prestadora C
72.0,hombre,grado III,con pareja,2.0,0.0,74.0,7.8,no,distrito 3,92.91184112071163,sí,8 975,sí,30/07/2017,prestadora A
83.0,mujer,grado III,solo,1.0,0.0,59.0,3.3,sí,distrito 5,270.8412340558093,no,11 168,sí,02/03/2016,prestadora A
77.0,mujer,grado III,solo,7.0,2.0,73.0,2.0,no,distrito 10,860.6996070109617,no,6 122,no,09/07/2020,prestadora A
80.0,mujer,grado II,con familia,0.0,1.0,14.0,3.8,sí,distrito 11,18.092232160095396,no,13 018,no,21/09/2020,prestadora B
71.0,mujer,grado I,solo,2.0,1.0,42.0,2.8,sí,distrito 1,69.49402780054291,sí,31 644,sí,05/03/2021,prestadora A
80.0,hombre,grado I,con familia,0.0,1.0,29.0,8.2,sí,distrito 4,8.480097473959969,no,16 072,no,13/07/2020,prestadora A
75.0,mujer,  sin valorar ,solo,2.0,0.0,8.0,7.4,sí,distrito 9,64.32633569749,no,11 806,no,01/05/2022,prestadora C
92.0,mujer,grado II,solo,2.0,1.0,64.0,2.7,no,distrito 10,200.11691694503875,sí,12 636,sí,04/11/2019,prestadora C
86.0,mujer,grado II,con pareja,2.0,0.0,47.0,3.6,sí,distrito 5,36.4987779595461,sí,12 952,no,07/07/2016,prestadora C
88.0,mujer,GRADO II,solo,1.0,1.0,35.0,2.4,no,distrito 6,205.21048311372266,no,13 103,no,16/06/2023,prestadora B
88.0,mujer,grado I,con familia,5.0,0.0,43.0,3.2,no,distrito 6,41.961901876389796,sí,21 649,sí,12/01/2019,prestadora C
78.0,mujer,sin valorar,solo,0.0,0.0,27.0,1.7,no,distrito 4,7.3630285542181335,no,10 044,sí,15/01/2021,prestadora A
87.0,mujer,grado I,solo,1.0,0.0,56.0,1.8,no,distrito 3,64.3752742921366,no,6 705,sí,16/09/2022,prestadora A
85.0,hombre,grado I,solo,0.0,1.0,14.0,2.0,sí,distrito 11,12.484869521690884,sí,9 055,sí,21/03/2020,prestadora B
80.0,mujer,grado III,solo,2.0,0.0,68.0,2.5,no,distrito 4,95.88474640063477,no,13 038,sí,07/05/2016,prestadora B
66.0,mujer,grado I,solo,3.0,3.0,73.0,2.8,no,distrito 9,310.2138344272331,sí,14 305,no,01/06/2020,prestadora B
79.0,hombre,grado I,solo,5.0,2.0,32.0,3.4,sí,distrito 11,485.87164421529343,sí,12 839,no,22/08/2019,prestadora A
79.0,mujer,sin valorar,con pareja,2.0,0.0,39.0,3.5,sí,distrito 9,28.044664272820473,sí,27 127,no,07/04/2017,prestadora A
69.0,mujer,grado II,solo,0.0,0.0,17.0,1.7,sí,distrito 5,82.50906202531085,no,29 224,no,17/05/2022,prestadora C
83.0,mujer,grado I,con pareja,1.0,0.0,33.0,0.2,no,distrito 10,6.313521602963876,no,10 857,no,07/03/2023,prestadora B
65.0,hombre,grado I,solo,2.0,2.0,93.0,5.6,no,distrito 1,63.8786647130414,sí,18 569,sí,23/07/2019,prestadora A
89.0,hombre,grado I,solo,1.0,2.0,78.0,2.8,sí,distrito 11,89.02753822517994,no,11 193,no,18/06/2021,prestadora C
97.0,mujer,grado II,con pareja,12.0,1.0,33.0,6.2,no,distrito 4,614.778215347948,no,10 590,N/D,26/06/2019,prestadora B
81.0,mujer,sin valorar,solo,4.0,2.0,20.0,10.2,no,distrito 5,237.2809656291485,no,28 004,no,06/03/2016,prestadora C
81.0,mujer,sin valorar,solo,9.0,0.0,6.0,3.4,sí,distrito 3,1237.8810855382858,sí,8 432,sí,19/10/2020,prestadora B
88.0,mujer,grado II,con familia,1.0,0.0,56.0,7.5,no,distrito 8,58.00779693461345,no,24 767,sí,28/01/2019,prestadora C
98.0,mujer,grado II,con familia,2.0,0.0,108.0,1.7,no,distrito 9,76.70847142398212,no,11 704,no,16/08/2016,prestadora A
75.0,hombre,SIN VALORAR,con familia,1.0,0.0,7.0,12.0,no,distrito 4,9.7015455022985,no,11 477,sí,07/01/2023,prestadora A
94.0,hombre,sin valorar,solo,1.0,1.0,15.0,8.6,no,distrito 1,125.48542189826037,sí,15 038,no,29/01/2021,prestadora A
79.0,hombre,grado I,solo,0.0,2.0,26.0,8.8,sí,distrito 6,38.74833183838392,sí,13 429,sí,19/07/2020,prestadora B
69.0,mujer,grado II,solo,1.0,1.0,52.0,1.4,no,distrito 2,19.168478041725173,sí,10 860,sí,27/10/2019,prestadora B
81.0,mujer,grado I,solo,2.0,2.0,37.0,0.5,no,distrito 10,495.9875458948434,sí,13 621,no,02/07/2021,prestadora C
67.0,hombre,sin valorar,solo,1.0,2.0,41.0,3.2,no,distrito 4,42.824072568138675,sí,16 696,N/D,26/01/2018,prestadora B
83.0,mujer,grado I,solo,1.0,1.0,13.0,9.7,no,distrito 10,90.30958769527375,no,18 110,N/D,13/07/2019,prestadora A
80.0,hombre,grado III,con familia,0.0,0.0,25.0,3.5,no,distrito 6,63.180110102996174,sí,28 059,no,15/10/2017,prestadora B
84.0,mujer,grado III,solo,0.0,1.0,20.0,5.1,no,distrito 5,63.00356774304463,no,16 850,no,14/12/2021,prestadora B
90.0,mujer,sin valorar,con pareja,3.0,0.0,31.0,1.6,no,distrito 8,53.87001375574599,no,11 629,sí,13/09/2017,prestadora B
96.0,hombre,grado I,con pareja,3.0,1.0,46.0,3.9,no,distrito 10,22.908718659017442,sí,7 781,sí,13/10/2016,prestadora B
92.0,mujer,grado III,solo,4.0,0.0,25.0,0.6,no,distrito 9,1777.5944431806204,no,17 759,no,30/12/2016,prestadora A
79.0,mujer,sin valorar,solo,2.0,0.0,6.0,4.1,no,distrito 6,37.26314835776235,sí,8 171,no,19/12/2022,prestadora A
82.0,mujer,  grado I ,con pareja,2.0,0.0,27.0,0.7,no,distrito 8,25.730817921126846,sí,14 398,no,15/10/2023,prestadora B
65.0,hombre,grado II,solo,4.0,1.0,40.0,1.1,no,distrito 5,379.8704978378175,no,8 845,N/D,06/11/2021,prestadora C
71.0,mujer,grado I,con pareja,4.0,3.0,79.0,3.4,no,distrito 11,160.05057900917464,sí,17 386,sí,11/08/2022,prestadora B
84.0,mujer,sin valorar,solo,0.0,0.0,51.0,0.3,sí,distrito 2,24.484985753754074,sí,17 204,sí,14/02/2016,prestadora C
85.0,mujer,grado I,con familia,9.0,0.0,15.0,2.4,sí,distrito 9,270.64244658981573,sí,28 301,sí,26/05/2023,prestadora C
85.0,mujer,grado I,solo,0.0,1.0,63.0,2.5,sí,distrito 10,13.354875943462323,sí,13 952,no,18/05/2017,prestadora C
86.0,mujer,grado II,con pareja,1.0,0.0,26.0,4.0,no,distrito 9,16.982765512043105,sí,17 152,sí,14/03/2020,prestadora C
81.0,mujer,grado II,con familia,2.0,0.0,11.0,4.1,no,distrito 8,40.41285813129289,no,27 781,no,15/01/2023,prestadora C
84.0,hombre,grado III,con pareja,2.0,2.0,38.0,12.5,no,distrito 6,213.48901070475253,no,14 886,sí,06/02/2016,prestadora B
88.0,hombre,grado III,solo,4.0,0.0,13.0,0.2,no,distrito 1,729.0013405232291,sí,9 134,sí,10/08/2017,prestadora C
69.0,mujer,SIN VALORAR,solo,0.0,0.0,41.0,1.1,no,distrito 3,5.9814085899420455,sí,11 660,sí,07/06/2020,prestadora B
79.0,mujer,sin valorar,solo,5.0,0.0,74.0,5.9,no,distrito 8,79.66484137205501,sí,22 919,no,04/12/2023,prestadora B
83.0,hombre,grado II,con familia,1.0,0.0,24.0,2.6,no,distrito 4,17.923048754633363,sí,7 346,sí,17/03/2018,prestadora A
89.0,hombre,grado III,solo,0.0,4.0,68.0,2.3,sí,distrito 6,132.9776579884616,no,9 031,sí,26/05/2017,prestadora C
87.0,hombre,grado I,con familia,1.0,0.0,27.0,1.0,sí,distrito 11,5.414822082782495,sí,23 429,sí,26/01/2017,prestadora C
85.0,mujer,grado I,con pareja,0.0,2.0,11.0,9.7,sí,distrito 7,55.35456155441275,no,19 503,sí,13/08/2021,prestadora C
81.0,mujer,sin valorar,solo,1.0,3.0,29.0,1.1,no,distrito 3,23.26807585191924,sí,12 270,sí,15/03/2018,prestadora C
79.0,mujer,  sin valorar ,solo,1.0,1.0,24.0,5.4,sí,distrito 2,43.84408741956391,sí,21 605,sí,20/08/2018,prestadora C
78.0,hombre,grado II,con familia,0.0,0.0,23.0,7.0,no,distrito 8,18.311137021616563,sí,9 247,sí,25/10/2022,prestadora C
80.0,mujer,grado III,solo,4.0,0.0,9.0,1.4,sí,distrito 3,336.7545492881184,sí,20 241,sí,18/12/2018,prestadora A
74.0,mujer,grado III,solo,2.0,0.0,68.0,1.9,no,distrito 11,29.71084943218328,sí,14 411,sí,16/05/2019,prestadora C
84.0,hombre,grado II,solo,1.0,0.0,15.0,3.5,sí,distrito 8,94.98014786937794,no,26 378,sí,29/03/2020,prestadora B
65.0,mujer,  grado I ,con familia,10.0,0.0,50.0,8.2,sí,distrito 1,217.75760160523228,no,11 389,N/D,19/07/2021,prestadora B
81.0,mujer,sin valorar,con familia,1.0,0.0,23.0,1.0,no,distrito 3,4.947576204818002,no,17 445,N/D,23/01/2023,prestadora A
96.0,hombre,grado II,con familia,3.0,0.0,10.0,2.4,sí,distrito 9,79.38934900991848,sí,15 576,sí,18/11/2019,prestadora B
75.0,mujer,sin valorar,con pareja,3.0,1.0,20.0,3.1,no,distrito 1,18.01046039946754,no,22 577,sí,17/07/2016,prestadora C
77.0,hombre,sin valorar,solo,0.0,0.0,20.0,4.8,no,distrito 7,37.19331206969025,sí,10 004,sí,16/09/2024,prestadora C
75.0,hombre,grado II,solo,5.0,1.0,70.0,8.0,no,distrito 1,122.29670413544217,no,8 686,no,27/08/2019,prestadora A
73.0,hombre,  grado I ,con pareja,4.0,0.0,20.0,0.6,no,distrito 4,71.23820076651647,sí,9 665,sí,27/05/2019,prestadora A
76.0,hombre,grado I,solo,1.0,2.0,69.0,2.7,no,distrito 5,13.913029767990901,sí,7 454,no,07/08/2022,prestadora A
85.0,mujer,grado III,solo,6.0,0.0,40.0,9.6,sí,distrito 4,2595.433793408763,sí,9 828,no,01/06/2017,prestadora B
80.0,mujer,grado I,solo,0.0,0.0,161.0,5.2,sí,distrito 9,29.865116184583957,no,17 994,N/D,15/04/2017,prestadora B
89.0,hombre,  grado I ,solo,2.0,0.0,45.0,6.7,sí,distrito 3,80.04444080448111,no,10 354,sí,17/09/2024,prestadora C
95.0,mujer,  sin valorar ,solo,2.0,2.0,35.0,1.3,sí,distrito 11,111.65199918874782,no,8 146,sí,25/07/2022,prestadora B
76.0,hombre,sin valorar,solo,0.0,0.0,18.0,5.6,sí,distrito 11,15.456150603431524,no,19 994,sí,07/09/2023,prestadora B
83.0,mujer,SIN VALORAR,solo,5.0,0.0,19.0,10.5,no,distrito 3,65.59389474340735,no,14 344,no,07/02/2023,prestadora B
89.0,mujer,sin valorar,solo,7.0,0.0,20.0,7.0,sí,distrito 1,519.0767572088855,no,8 562,sí,24/01/2024,prestadora C
95.0,hombre,grado III,solo,3.0,2.0,29.0,0.7,sí,distrito 3,692.762362734451,sí,6 783,sí,26/05/2021,prestadora C
77.0,hombre,grado II,solo,3.0,2.0,35.0,3.2,sí,distrito 2,360.3696310380737,no,13 176,sí,14/02/2022,prestadora A
96.0,hombre,  grado III ,solo,0.0,0.0,38.0,4.1,no,distrito 3,25.44460784976914,sí,9 373,sí,11/09/2018,prestadora A
83.0,mujer,grado I,solo,6.0,3.0,95.0,0.4,no,distrito 3,348.73152642291086,sí,11 787,sí,21/09/2016,prestadora C
75.0,mujer,grado II,solo,6.0,1.0,56.0,7.1,no,distrito 10,369.5582261662806,no,8 630,sí,06/03/2019,prestadora B
91.0,hombre,grado II,solo,0.0,3.0,17.0,2.2,no,distrito 3,28.992059036468856,no,13 396,no,02/06/2021,prestadora B
65.0,mujer,grado I,solo,3.0,1.0,14.0,1.0,sí,distrito 2,76.68411108044909,sí,10 523,no,12/09/2021,prestadora B
89.0,hombre,grado I,con familia,2.0,3.0,48.0,4.8,sí,distrito 11,25.479412520949225,no,19 460,sí,24/11/2020,prestadora C
80.0,mujer,grado II,con familia,0.0,0.0,51.0,1.2,no,distrito 10,26.621980628812583,sí,15 205,sí,10/02/2016,prestadora A
66.0,mujer,  grado III ,solo,0.0,0.0,18.0,2.6,no,distrito 1,90.80487271649615,no,28 968,sí,27/10/2020,prestadora A
89.0,mujer,grado III,con familia,1.0,0.0,5.0,1.7,sí,distrito 8,34.70258003446535,no,15 062,sí,25/06/2024,prestadora A
88.0,mujer,grado III,con pareja,1.0,0.0,10.0,4.7,no,distrito 8,164.15600189175964,no,16 348,sí,18/10/2021,prestadora A
73.0,hombre,grado I,solo,5.0,0.0,2.0,1.3,no,distrito 7,444.3291122517738,sí,9 859,no,24/09/2020,prestadora C
76.0,hombre,grado I,con familia,2.0,2.0,34.0,3.8,no,distrito 5,78.52776934933831,no,10 425,no,28/08/2016,prestadora C
84.0,mujer,grado I,solo,6.0,0.0,44.0,2.5,sí,distrito 8,138.58312470567435,sí,12 772,no,11/09/2018,prestadora B
88.0,mujer,  sin valorar ,con familia,0.0,0.0,39.0,0.3,sí,distrito 8,28.211893030443917,sí,20 937,sí,12/05/2021,prestadora A
84.0,mujer,sin valorar,solo,2.0,0.0,7.0,1.5,no,distrito 3,52.23341955092939,sí,28 749,sí,15/10/2021,prestadora B
88.0,hombre,sin valorar,solo,2.0,0.0,40.0,4.7,no,distrito 8,22.561808115869187,no,21 904,no,28/07/2021,prestadora B
88.0,mujer,GRADO III,solo,6.0,0.0,25.0,2.5,sí,distrito 8,361.16307814667164,sí,13 669,sí,03/08/2024,prestadora B
91.0,mujer,grado II,solo,0.0,0.0,58.0,8.5,sí,distrito 7,45.8693482484843,no,15 566,no,30/04/2022,prestadora C
84.0,hombre,grado III,solo,0.0,0.0,9.0,5.9,no,distrito 3,57.102457452211915,sí,10 806,sí,08/06/2019,prestadora A
89.0,mujer,sin valorar,solo,0.0,0.0,50.0,3.1,sí,distrito 7,31.26378663299051,sí,19 198,sí,04/05/2022,prestadora C
83.0,mujer,sin valorar,solo,0.0,4.0,76.0,3.2,no,distrito 7,33.791477320519945,sí,11 695,N/D,11/10/2021,prestadora A
72.0,mujer,grado I,solo,2.0,0.0,36.0,25.3,no,distrito 11,157.55651534822158,sí,13 049,sí,01/08/2020,prestadora A
65.0,mujer,grado I,con pareja,0.0,0.0,32.0,5.9,no,distrito 10,3.5497282490707027,no,35 864,sí,25/12/2022,prestadora A
71.0,mujer,sin valorar,con familia,1.0,0.0,25.0,2.6,sí,distrito 10,19.18201196539534,sí,17 924,sí,18/11/2023,prestadora A
73.0,mujer,  grado II ,con pareja,1.0,0.0,86.0,7.8,no,distrito 2,20.342136679148616,no,11 989,no,06/12/2017,prestadora C
80.0,mujer,grado I,solo,1.0,1.0,12.0,6.6,sí,distrito 9,43.82432613265603,sí,39 800,sí,10/09/2020,prestadora C
89.0,mujer,GRADO I,solo,2.0,1.0,44.0,1.2,no,distrito 10,54.688420769138176,sí,10 000,no,07/02/2019,prestadora A
89.0,mujer,grado II,solo,2.0,0.0,50.0,6.5,sí,distrito 8,109.00070219085275,sí,10 310,no,06/05/2023,prestadora C
84.0,mujer,grado I,con pareja,3.0,0.0,75.0,6.8,no,distrito 2,79.6923756637629,no,17 108,no,23/02/2023,prestadora B
76.0,mujer,  grado I ,con familia,0.0,0.0,8.0,0.2,no,distrito 5,2.550319221051793,no,16 556,sí,28/05/2020,prestadora B
71.0,mujer,sin valorar,solo,0.0,0.0,42.0,1.5,no,distrito 9,7.164147410103594,sí,14 794,sí,07/05/2024,prestadora B
97.0,mujer,grado III,con pareja,2.0,0.0,25.0,2.7,no,distrito 11,54.82827506866127,sí,13 594,no,12/09/2024,prestadora A
80.0,mujer,grado II,solo,2.0,0.0,38.0,6.7,no,distrito 9,36.50816152248115,sí,31 677,sí,13/01/2017,prestadora B
72.0,mujer,  grado I ,solo,1.0,3.0,49.0,1.8,no,distrito 3,60.93735657995551,sí,11 256,no,17/03/2023,prestadora A
89.0,mujer,grado III,con pareja,2.0,0.0,29.0,4.7,no,distrito 11,78.06679077480891,sí,12 378,N/D,25/12/2019,prestadora B
84.0,mujer,SIN VALORAR,solo,3.0,1.0,50.0,5.4,no,distrito 2,64.90714202883241,sí,14 751,no,25/10/2016,prestadora C
80.0,mujer,sin valorar,con familia,1.0,0.0,26.0,3.2,sí,distrito 4,11.655835804795192,sí,15 208,no,17/07/2021,prestadora C
80.0,hombre,grado I,solo,3.0,0.0,106.0,2.6,no,distrito 7,19.271548738851166,sí,23 583,sí,28/10/2022,prestadora A
91.0,mujer,  sin valorar ,con pareja,2.0,0.0,21.0,5.3,no,distrito 11,38.28950000703642,no,9 741,sí,02/06/2016,prestadora C
83.0,mujer,grado I,solo,1.0,0.0,28.0,4.6,no,distrito 11,67.08652455091325,no,9 942,sí,03/07/2023,prestadora C
84.0,mujer,GRADO II,con pareja,5.0,2.0,31.0,1.9,sí,distrito 6,302.1917807318102,sí,8 632,sí,29/10/2022,prestadora A
71.0,mujer,grado III,con pareja,2.0,0.0,17.0,1.5,sí,distrito 3,89.8594110552603,no,14 865,sí,18/06/2023,prestadora B
74.0,hombre,sin valorar,con pareja,4.0,0.0,63.0,2.3,no,distrito 6,29.78072136550818,sí,10 891,sí,08/10/2016,prestadora C
100.0,hombre,sin valorar,solo,4.0,0.0,14.0,7.5,no,distrito 1,30.953407876607084,sí,22 170,no,27/06/2017,prestadora A
87.0,mujer,grado I,solo,0.0,1.0,78.0,6.2,sí,distrito 9,25.441037847658503,sí,34 714,sí,02/12/2022,prestadora A
80.0,hombre,grado I,con familia,4.0,0.0,12.0,0.6,sí,distrito 5,65.1937332286498,no,12 038,no,03/08/2018,prestadora B
79.0,hombre,grado I,solo,0.0,0.0,71.0,1.8,no,distrito 2,9.979121297710533,sí,12 751,sí,24/10/2020,prestadora C
77.0,mujer,grado II,solo,2.0,0.0,22.0,13.5,sí,distrito 10,76.08263308579626,sí,8 452,sí,23/01/2016,prestadora C
96.0,mujer,sin valorar,solo,0.0,4.0,32.0,3.0,no,distrito 3,38.13129221750078,sí,14 757,no,16/07/2021,prestadora B
75.0,hombre,  sin valorar ,con familia,4.0,0.0,27.0,4.8,sí,distrito 4,42.66848565750281,sí,8 144,sí,24/06/2016,prestadora C
75.0,hombre,sin valorar,con pareja,3.0,1.0,21.0,2.3,no,distrito 5,114.63393532725217,sí,18 489,sí,16/09/2020,prestadora C
79.0,mujer,grado III,con pareja,4.0,0.0,16.0,1.6,no,distrito 2,148.59732736026453,sí,12 531,no,27/11/2019,prestadora B
91.0,mujer,grado I,solo,5.0,0.0,62.0,2.6,no,distrito 3,52.950889973318695,sí,10 811,no,22/07/2019,prestadora B
82.0,mujer,sin valorar,con familia,7.0,0.0,37.0,10.1,no,distrito 7,63.303487049318726,sí,10 475,no,16/05/2023,prestadora C
79.0,hombre,grado III,con pareja,2.0,4.0,64.0,2.0,no,distrito 6,211.43406580804262,sí,12 601,sí,27/03/2023,prestadora B
71.0,mujer,grado I,con familia,2.0,0.0,32.0,0.3,no,distrito 6,9.527094469537086,no,21 813,no,20/09/2020,prestadora A
86.0,mujer,grado II,con pareja,1.0,0.0,52.0,3.4,no,distrito 5,8.77902376825756,sí,29 462,no,16/03/2021,prestadora C
90.0,mujer,grado I,con pareja,4.0,2.0,18.0,0.7,no,distrito 4,75.96567967284462,sí,12 533,no,25/04/2016,prestadora B
74.0,mujer,grado I,solo,3.0,0.0,28.0,1.7,sí,distrito 3,204.4362079688539,no,21 926,sí,12/03/2020,prestadora B
101.0,mujer,sin valorar,con pareja,3.0,3.0,99.0,1.2,no,distrito 4,10.33596493702549,sí,12 466,no,19/01/2018,prestadora C
85.0,mujer,grado II,con pareja,11.0,1.0,15.0,5.7,no,distrito 4,235.27197129490662,sí,22 568,sí,25/11/2020,prestadora B
82.0,hombre,grado III,con familia,2.0,0.0,23.0,4.9,no,distrito 11,194.3389485170262,sí,17 296,no,28/02/2017,prestadora B
83.0,mujer,SIN VALORAR,con pareja,2.0,0.0,12.0,1.1,no,distrito 2,27.499590855213864,sí,20 697,sí,10/10/2023,prestadora B
71.0,mujer,grado I,con familia,4.0,0.0,10.0,12.7,no,distrito 1,195.29349160643736,sí,15 771,sí,25/03/2021,prestadora C
83.0,mujer,sin valorar,con pareja,3.0,0.0,10.0,9.4,sí,distrito 7,30.58958783676626,sí,6 806,sí,18/04/2018,prestadora B
83.0,hombre,grado I,solo,6.0,0.0,50.0,1.4,no,distrito 11,361.420589679984,sí,9 136,no,08/09/2016,prestadora B
78.0,mujer,sin valorar,solo,1.0,0.0,5.0,2.1,sí,distrito 8,35.6354652182382,sí,5 997,no,21/04/2017,prestadora A
80.0,mujer,grado II,con familia,2.0,1.0,48.0,8.1,no,distrito 6,49.24461588516841,sí,21 489,no,18/12/2018,prestadora B
93.0,hombre,grado II,solo,0.0,1.0,24.0,2.5,no,distrito 10,31.219645440779686,no,12 179,no,31/12/2017,prestadora C
75.0,hombre,grado II,con pareja,6.0,0.0,78.0,2.0,sí,distrito 4,62.6152383790381,sí,11 662,sí,06/11/2018,prestadora A
81.0,hombre,  sin valorar ,con pareja,1.0,0.0,31.0,1.7,no,distrito 9,20.15073419487118,sí,18 785,sí,05/01/2016,prestadora B
78.0,hombre,grado III,solo,1.0,4.0,39.0,6.4,no,distrito 11,384.29409403773377,sí,5 022,sí,02/09/2020,prestadora B
90.0,mujer,grado III,solo,0.0,1.0,31.0,3.1,no,distrito 7,49.45009344990071,sí,16 290,sí,22/06/2021,prestadora B
83.0,hombre,grado I,solo,0.0,1.0,70.0,0.6,no,distrito 5,21.55476356524272,no,26 902,sí,24/03/2018,prestadora B
74.0,mujer,grado I,solo,0.0,4.0,24.0,0.3,sí,distrito 1,163.73922458150707,no,14 161,no,18/09/2024,prestadora B
78.0,mujer,grado I,con pareja,3.0,0.0,35.0,6.0,no,distrito 6,12.95775183690942,sí,10 062,no,11/10/2016,prestadora C
76.0,hombre,grado III,solo,3.0,0.0,66.0,1.8,sí,distrito 5,492.52654112755215,no,14 293,sí,05/05/2016,prestadora A
67.0,mujer,  grado III ,con pareja,4.0,0.0,11.0,3.4,no,distrito 7,119.26114175441192,sí,6 566,no,07/05/2017,prestadora B
82.0,mujer,grado I,con familia,2.0,0.0,30.0,16.8,no,distrito 1,117.784737260624,sí,20 038,sí,20/01/2023,prestadora A
78.0,mujer,grado I,solo,0.0,0.0,77.0,4.0,no,distrito 11,7.962891134558391,sí,8 691,no,17/04/2020,prestadora B
73.0,mujer,sin valorar,solo,1.0,0.0,62.0,3.7,no,distrito 1,22.225497349394622,sí,9 018,sí,24/08/2018,prestadora B
66.0,mujer,grado III,con familia,4.0,0.0,12.0,6.7,no,distrito 7,70.60936816906157,sí,13 655,no,07/03/2019,prestadora A
84.0,mujer,sin valorar,con pareja,1.0,0.0,25.0,0.7,sí,distrito 2,12.192822090208033,sí,7 444,sí,31/10/2020,prestadora A
86.0,mujer,grado I,con pareja,0.0,0.0,36.0,10.8,no,distrito 3,8.447877293488595,sí,4 920,N/D,27/08/2023,prestadora B
73.0,mujer,sin valorar,con pareja,1.0,0.0,15.0,1.4,no,distrito 8,10.516306636380806,no,19 275,sí,26/08/2016,prestadora A
80.0,mujer,sin valorar,con familia,1.0,1.0,25.0,13.4,sí,distrito 10,13.033056848964067,sí,8 571,no,30/09/2022,prestadora A
93.0,mujer,grado II,solo,7.0,1.0,22.0,9.0,no,distrito 3,1299.102765662672,sí,26 113,sí,11/09/2019,prestadora A
73.0,hombre,grado II,con pareja,0.0,2.0,50.0,2.9,sí,distrito 2,20.44836618186973,sí,17 950,no,09/08/2019,prestadora C
79.0,mujer,sin valorar,solo,1.0,0.0,15.0,2.4,no,distrito 2,11.306603404042987,sí,9 257,sí,20/11/2019,prestadora B
71.0,hombre,sin valorar,con familia,10.0,3.0,48.0,2.9,no,distrito 7,81.75182993497518,no,11 560,sí,17/12/2016,prestadora B
84.0,hombre,sin valorar,solo,1.0,0.0,8.0,5.5,no,distrito 5,5.933923027883423,no,26 306,sí,19/11/2023,prestadora B
83.0,mujer,grado II,solo,1.0,0.0,12.0,4.0,no,distrito 9,56.11844564317742,sí,25 215,no,04/10/2018,prestadora B
93.0,hombre,grado I,solo,1.0,3.0,26.0,3.2,no,distrito 5,22.15851943785673,sí,30 557,no,05/10/2017,prestadora A
69.0,hombre,grado I,solo,0.0,0.0,52.0,3.7,no,distrito 1,44.40972487413717,no,19 262,sí,02/08/2018,prestadora C
85.0,mujer,grado II,con familia,3.0,2.0,46.0,4.1,no,distrito 4,20.324098832746284,sí,10 039,sí,27/05/2019,prestadora B
83.0,mujer,grado I,con pareja,8.0,0.0,17.0,3.2,no,distrito 5,128.95395003808824,sí,20 107,sí,15/10/2023,prestadora B
82.0,mujer,sin valorar,con pareja,2.0,0.0,43.0,2.9,sí,distrito 11,24.794062919139463,no,12 984,no,31/05/2019,prestadora A
77.0,mujer,SIN VALORAR,con familia,1.0,0.0,32.0,3.6,sí,distrito 1,15.28895783464302,sí,17 831,sí,14/06/2017,prestadora C
69.0,mujer,grado I,con familia,0.0,3.0,54.0,8.6,no,distrito 7,22.58247835002495,sí,10 548,N/D,03/11/2018,prestadora C
77.0,mujer,SIN VALORAR,solo,5.0,0.0,28.0,4.3,no,distrito 1,302.21811655390457,sí,12 469,N/D,30/06/2023,prestadora C
80.0,mujer,  grado I ,con familia,4.0,0.0,34.0,3.8,no,distrito 11,64.02715908937319,sí,13 088,N/D,13/01/2023,prestadora A
78.0,hombre,GRADO II,solo,2.0,0.0,22.0,0.6,no,distrito 3,186.586798566233,no,5 253,no,14/10/2020,prestadora A
79.0,hombre,  grado I ,solo,1.0,4.0,44.0,6.3,no,distrito 10,68.52219744954466,no,14 978,sí,19/06/2023,prestadora B
72.0,hombre,grado I,solo,0.0,0.0,66.0,4.5,sí,distrito 7,3.585583262173503,sí,10 528,sí,26/01/2021,prestadora B
74.0,hombre,grado I,solo,4.0,0.0,96.0,2.8,no,distrito 8,54.42497932982319,no,20 797,no,09/09/2020,prestadora C
77.0,mujer,grado I,solo,2.0,0.0,58.0,0.7,no,distrito 11,24.780100698450617,no,21 783,sí,24/08/2018,prestadora A
81.0,mujer,GRADO I,solo,2.0,0.0,38.0,1.5,sí,distrito 6,66.36549986760788,sí,20 753,sí,24/08/2017,prestadora B
86.0,mujer,grado I,solo,2.0,0.0,35.0,1.5,sí,distrito 9,21.789561658618606,sí,14 624,sí,12/06/2016,prestadora C
82.0,mujer,sin valorar,con familia,2.0,1.0,45.0,0.6,sí,distrito 1,7.222355683297579,sí,28 104,sí,18/03/2023,prestadora A
98.0,hombre,  grado II ,con pareja,4.0,0.0,30.0,6.8,sí,distrito 10,348.36706827788095,sí,13 687,no,09/08/2024,prestadora B
89.0,mujer,sin valorar,solo,3.0,0.0,34.0,6.2,no,distrito 9,70.98269497842625,no,18 563,sí,03/05/2019,prestadora C
79.0,mujer,grado I,con familia,1.0,1.0,7.0,2.0,sí,distrito 5,15.141054696955495,sí,14 885,no,24/07/2023,prestadora A
86.0,hombre,  grado II ,con pareja,0.0,0.0,27.0,2.4,no,distrito 3,27.35594099045358,sí,5 319,no,25/06/2023,prestadora B
98.0,mujer,grado I,con familia,3.0,1.0,66.0,4.7,sí,distrito 9,35.23821506583947,no,12 925,sí,21/02/2022,prestadora B
91.0,hombre,SIN VALORAR,con familia,4.0,0.0,21.0,1.8,no,distrito 7,49.13334332386039,sí,16 056,no,15/07/2021,prestadora B
68.0,mujer,grado II,con familia,1.0,0.0,6.0,2.8,no,distrito 4,10.535608056458294,sí,16 199,no,05/05/2018,prestadora A
80.0,hombre,grado I,con familia,1.0,3.0,38.0,4.0,no,distrito 9,31.924676127345876,sí,6 769,sí,24/02/2023,prestadora A
80.0,hombre,grado I,solo,3.0,0.0,7.0,9.8,no,distrito 9,168.97066375060035,sí,9 708,sí,26/09/2023,prestadora C
82.0,hombre,sin valorar,solo,5.0,2.0,82.0,5.1,sí,distrito 6,71.05008773782916,no,22 829,sí,24/10/2022,prestadora C
78.0,hombre,grado I,solo,6.0,1.0,17.0,0.9,sí,distrito 6,263.2466733833505,sí,23 641,sí,22/11/2018,prestadora B
76.0,mujer,grado II,con pareja,1.0,0.0,51.0,1.6,no,distrito 3,7.082557311534406,no,8 334,sí,22/02/2022,prestadora B
87.0,mujer,grado II,solo,3.0,2.0,5.0,5.5,sí,distrito 4,205.6019154734572,sí,25 000,no,19/06/2022,prestadora A
78.0,mujer,grado I,solo,1.0,0.0,25.0,12.1,sí,distrito 8,111.0653365643226,no,10 009,sí,14/02/2021,prestadora A
86.0,mujer,sin valorar,solo,0.0,1.0,48.0,14.3,no,distrito 9,58.44929249965424,sí,37 975,no,25/01/2022,prestadora A
78.0,mujer,grado I,con familia,0.0,1.0,66.0,8.8,no,distrito 2,9.48364836044045,sí,22 542,sí,11/09/2020,prestadora C
76.0,mujer,grado I,solo,5.0,0.0,26.0,21.3,no,distrito 6,379.823400935452,sí,14 745,sí,25/05/2019,prestadora B
95.0,hombre,grado I,solo,0.0,0.0,13.0,8.7,no,distrito 8,33.32982274617834,sí,14 804,sí,18/02/2021,prestadora B
75.0,hombre,  sin valorar ,con pareja,2.0,0.0,89.0,6.3,no,distrito 11,19.567268466153518,sí,22 737,no,06/06/2024,prestadora C
84.0,hombre,grado I,con pareja,0.0,0.0,87.0,7.9,sí,distrito 11,14.342906317869113,sí,13 187,N/D,12/04/2016,prestadora A
87.0,hombre,grado I,solo,2.0,2.0,68.0,4.5,no,distrito 11,288.9042624782118,no,18 376,no,13/01/2019,prestadora B
72.0,hombre,  sin valorar ,solo,0.0,0.0,59.0,1.9,no,distrito 6,22.188094903509356,sí,13 671,sí,23/01/2022,prestadora C
83.0,mujer,grado II,solo,0.0,1.0,26.0,1.7,no,distrito 7,55.9063352795815,sí,10 192,no,29/06/2021,prestadora B
85.0,mujer,sin valorar,solo,1.0,5.0,15.0,0.9,no,distrito 3,53.769617976200976,no,14 762,no,12/04/2022,prestadora B
72.0,mujer,grado I,solo,1.0,0.0,40.0,2.3,no,distrito 7,32.38344011342344,sí,17 872,sí,17/02/2022,prestadora C
88.0,mujer,  sin valorar ,solo,10.0,2.0,10.0,4.0,sí,distrito 3,1234.2243877641579,sí,8 735,N/D,24/11/2017,prestadora B
92.0,hombre,grado II,con familia,1.0,0.0,17.0,8.9,no,distrito 10,16.813746980895225,sí,11 548,sí,17/11/2018,prestadora B
73.0,mujer,  sin valorar ,con pareja,3.0,0.0,20.0,12.7,sí,distrito 2,64.75211654419984,sí,12 848,sí,21/05/2020,prestadora C
82.0,mujer,sin valorar,solo,4.0,0.0,16.0,4.6,no,distrito 2,100.73458313442612,sí,16 495,no,08/07/2023,prestadora C
78.0,hombre,grado I,solo,1.0,0.0,15.0,2.5,no,distrito 6,37.7234173745116,sí,13 209,sí,10/02/2021,prestadora A
85.0,mujer,grado II,con pareja,4.0,0.0,34.0,7.1,no,distrito 8,231.75658210385046,sí,40 043,N/D,04/04/2023,prestadora C
80.0,mujer,grado III,con familia,0.0,0.0,53.0,1.4,no,distrito 9,10.564281799648924,sí,8 219,sí,15/04/2018,prestadora C
79.0,mujer,GRADO II,solo,2.0,0.0,15.0,1.7,no,distrito 3,57.55572014706036,sí,13 584,sí,07/10/2023,prestadora B
84.0,hombre,grado I,solo,0.0,2.0,41.0,2.0,sí,distrito 11,35.513694298547044,sí,16 000,sí,23/11/2016,prestadora C
94.0,hombre,grado III,con pareja,2.0,2.0,7.0,1.2,sí,distrito 8,95.61695680154781,sí,12 719,sí,16/08/2022,prestadora A
82.0,mujer,SIN VALORAR,solo,0.0,1.0,14.0,1.1,no,distrito 9,12.423452557042564,sí,21 136,no,21/05/2018,prestadora B
81.0,mujer,grado II,con familia,1.0,0.0,0.0,4.4,no,distrito 6,47.93289212831109,sí,12 252,N/D,12/04/2021,prestadora B
85.0,mujer,GRADO I,solo,10.0,0.0,23.0,2.6,sí,distrito 3,983.3326947061535,no,17 624,sí,07/04/2018,prestadora C
81.0,hombre,sin valorar,solo,5.0,1.0,75.0,2.7,no,distrito 9,150.8057052929992,sí,20 704,sí,27/03/2017,prestadora C
83.0,mujer,  grado II ,solo,1.0,0.0,57.0,10.8,no,distrito 8,98.2112861247253,sí,16 492,sí,10/05/2023,prestadora A
91.0,mujer,sin valorar,solo,2.0,0.0,61.0,5.8,no,distrito 3,83.26607195949072,sí,12 687,N/D,26/09/2019,prestadora C
76.0,mujer,grado II,con familia,1.0,6.0,41.0,0.8,no,distrito 3,70.33005240022143,no,15 314,no,15/07/2024,prestadora A
80.0,mujer,  grado II ,con pareja,0.0,0.0,5.0,5.6,no,distrito 1,36.36685959467541,sí,9 385,sí,01/08/2024,prestadora A
74.0,hombre,grado II,con familia,4.0,1.0,6.0,6.2,no,distrito 8,227.2694330621647,no,26 520,sí,07/07/2016,prestadora C
74.0,hombre,grado II,con familia,1.0,0.0,31.0,7.7,no,distrito 7,12.940772043488828,no,16 020,sí,24/12/2017,prestadora C
93.0,mujer,grado I,con pareja,3.0,2.0,24.0,4.5,no,distrito 6,46.08502924718677,no,19 097,sí,20/08/2024,prestadora C
80.0,mujer,grado II,solo,0.0,1.0,25.0,1.0,no,distrito 3,35.824289968219865,no,15 113,no,31/10/2018,prestadora B
77.0,mujer,  grado II ,solo,2.0,0.0,55.0,1.8,no,distrito 3,526.5471067928961,no,16 637,no,26/12/2017,prestadora B
73.0,mujer,grado III,con pareja,1.0,0.0,16.0,1.3,no,distrito 1,53.489102325047945,sí,17 311,N/D,10/06/2019,prestadora B
88.0,hombre,grado III,solo,2.0,0.0,24.0,5.8,no,distrito 7,122.7317886739261,no,19 759,sí,22/02/2021,prestadora A
81.0,mujer,sin valorar,solo,14.0,0.0,68.0,3.9,no,distrito 8,2893.2790681410243,sí,22 080,no,31/01/2019,prestadora A
78.0,mujer,grado II,solo,0.0,2.0,25.0,2.2,no,distrito 7,33.25058386902123,no,7 849,sí,14/08/2018,prestadora A
89.0,hombre,GRADO I,con pareja,3.0,1.0,30.0,5.9,no,distrito 2,171.822722193095,sí,13 632,N/D,23/11/2023,prestadora A
81.0,mujer,  grado I ,con pareja,1.0,2.0,8.0,2.3,no,distrito 1,22.520838989426334,sí,14 300,sí,25/04/2017,prestadora A
88.0,hombre,  grado II ,solo,3.0,1.0,51.0,4.1,no,distrito 9,535.4351026526787,sí,3 682,sí,23/03/2021,prestadora C
84.0,mujer,sin valorar,con pareja,10.0,1.0,5.0,2.2,sí,distrito 7,507.7197709214029,no,20 187,no,17/05/2017,prestadora A
71.0,hombre,grado I,con familia,11.0,0.0,43.0,2.6,no,distrito 1,73.0832350143346,no,10 099,no,18/05/2017,prestadora B
91.0,mujer,grado I,con pareja,6.0,0.0,9.0,6.3,no,distrito 3,64.23321920757661,no,9 749,sí,08/09/2021,prestadora A
88.0,hombre,grado I,solo,2.0,0.0,37.0,3.2,no,distrito 3,11.378073497728009,sí,7 154,no,17/08/2016,prestadora A
81.0,mujer,sin valorar,solo,14.0,0.0,32.0,1.2,no,distrito 4,2027.438346748736,no,25 736,sí,27/04/2018,prestadora A
82.0,hombre,grado III,con pareja,2.0,1.0,34.0,7.2,no,distrito 4,56.675188868654494,sí,13 138,no,12/12/2020,prestadora B
82.0,mujer,grado I,con pareja,2.0,0.0,53.0,2.1,no,distrito 8,57.5890095300364,sí,16 681,no,22/12/2022,prestadora C
81.0,mujer,grado I,solo,1.0,1.0,17.0,0.3,sí,distrito 4,31.735474300057966,sí,20 268,no,27/09/2021,prestadora C
80.0,mujer,grado II,con pareja,1.0,0.0,62.0,16.5,no,distrito 10,49.55792733923673,sí,20 983,N/D,27/04/2016,prestadora B
87.0,mujer,grado I,solo,3.0,0.0,30.0,5.2,sí,distrito 11,169.24793564745855,sí,12 085,sí,16/05/2016,prestadora A
78.0,mujer,grado I,solo,2.0,0.0,79.0,8.9,sí,distrito 2,41.290408327121185,no,9 631,no,07/01/2018,prestadora B
81.0,mujer,grado III,solo,1.0,0.0,22.0,9.8,no,distrito 4,329.12416144315773,sí,7 571,sí,09/11/2018,prestadora A
81.0,mujer,grado I,con pareja,2.0,1.0,34.0,11.9,no,distrito 8,30.362199355675497,no,13 559,sí,26/06/2016,prestadora A
76.0,hombre,grado II,con familia,1.0,0.0,54.0,2.5,no,distrito 2,7.673639781216378,sí,13 712,no,22/12/2023,prestadora B
85.0,hombre,grado I,solo,0.0,1.0,28.0,2.7,no,distrito 1,21.840860677689665,sí,20 460,no,02/01/2023,prestadora A
95.0,hombre,sin valorar,con pareja,3.0,0.0,22.0,12.9,no,distrito 3,23.813373584996853,sí,15 823,no,30/12/2021,prestadora A
84.0,mujer,sin valorar,solo,7.0,2.0,27.0,2.3,sí,distrito 11,344.62618420812834,no,17 241,no,06/01/2024,prestadora C
80.0,mujer,grado I,solo,5.0,1.0,69.0,3.7,no,distrito 2,471.82405015323275,no,9 768,no,22/06/2020,prestadora A
84.0,mujer,sin valorar,solo,6.0,0.0,62.0,3.5,no,distrito 2,235.13037584471107,sí,18 977,sí,13/11/2023,prestadora A
86.0,mujer,GRADO I,con familia,2.0,1.0,44.0,2.0,no,distrito 2,11.70700244394669,sí,13 762,sí,06/07/2024,prestadora C
90.0,mujer,grado I,solo,1.0,0.0,40.0,1.4,sí,distrito 8,32.55762933850376,no,23 113,sí,03/11/2022,prestadora C
75.0,mujer,sin valorar,con pareja,7.0,0.0,21.0,5.1,no,distrito 11,80.00058782096252,sí,5 199,sí,24/04/2017,prestadora A
76.0,mujer,grado II,solo,13.0,0.0,38.0,3.2,no,distrito 10,346.2703829555139,no,12 651,no,07/06/2017,prestadora B
91.0,hombre,sin valorar,solo,2.0,0.0,23.0,4.3,sí,distrito 1,80.40247094132287,sí,5 955,no,15/06/2016,prestadora C
83.0,mujer,grado I,solo,6.0,0.0,20.0,7.7,sí,distrito 9,827.5355002415024,no,4 452,sí,22/10/2016,prestadora B
89.0,hombre,grado I,con familia,3.0,1.0,85.0,1.1,no,distrito 6,66.81401451810511,sí,13 930,no,02/12/2023,prestadora B
90.0,mujer,grado II,solo,0.0,0.0,3.0,6.4,no,distrito 5,39.73111285512238,no,9 007,N/D,25/04/2022,prestadora B
86.0,mujer,sin valorar,con familia,7.0,1.0,45.0,1.9,no,distrito 10,69.14638473365837,sí,12 690,N/D,14/10/2022,prestadora B
83.0,mujer,grado II,con pareja,7.0,0.0,22.0,3.2,no,distrito 10,178.33986735993165,sí,26 923,sí,22/03/2023,prestadora A
81.0,hombre,grado II,solo,8.0,2.0,40.0,3.1,no,distrito 4,379.40402703456164,no,10 249,sí,06/04/2019,prestadora A
86.0,mujer,grado I,solo,2.0,0.0,26.0,8.2,no,distrito 3,171.82453378120658,sí,10 371,no,30/07/2019,prestadora C
78.0,mujer,grado II,solo,1.0,0.0,57.0,3.6,sí,distrito 4,47.865541286541315,sí,37 782,sí,04/02/2016,prestadora C
90.0,mujer,sin valorar,solo,3.0,0.0,103.0,6.1,no,distrito 8,23.62181152237663,sí,15 447,no,19/02/2024,prestadora C
71.0,mujer,grado II,con pareja,10.0,1.0,14.0,2.6,no,distrito 10,78.16153165659796,sí,16 957,sí,15/12/2016,prestadora C
88.0,hombre,sin valorar,con familia,3.0,0.0,52.0,5.6,no,distrito 8,22.047430788302005,sí,13 709,no,06/08/2021,prestadora C
82.0,mujer,  grado III ,solo,8.0,0.0,42.0,13.1,no,distrito 8,792.8666241851613,no,26 564,N/D,15/06/2016,prestadora B
78.0,mujer,sin valorar,con pareja,0.0,2.0,55.0,1.5,no,distrito 5,12.013624620670788,sí,18 963,no,29/04/2020,prestadora A
95.0,mujer,grado I,solo,3.0,1.0,36.0,2.7,sí,distrito 8,278.55329999328313,sí,28 064,sí,05/05/2020,prestadora C
77.0,mujer,sin valorar,con pareja,1.0,0.0,9.0,2.8,no,distrito 2,59.522431676962256,no,16 867,sí,12/07/2020,prestadora B
65.0,mujer,grado II,solo,2.0,1.0,60.0,1.5,sí,distrito 7,130.0286293336932,sí,8 150,sí,19/12/2021,prestadora C
88.0,mujer,grado I,solo,8.0,0.0,15.0,6.9,sí,distrito 10,872.863168756008,no,22 326,no,01/06/2021,prestadora C
93.0,mujer,grado I,con pareja,1.0,1.0,32.0,3.7,no,distrito 10,21.52798056578633,no,9 240,no,06/02/2017,prestadora A
84.0,hombre,grado II,solo,5.0,0.0,48.0,0.6,sí,distrito 2,319.18386682426996,no,14 284,sí,08/06/2021,prestadora C
75.0,mujer,sin valorar,con pareja,9.0,0.0,21.0,0.1,no,distrito 6,96.11032850319798,sí,10 290,sí,08/08/2019,prestadora C
71.0,hombre,sin valorar,solo,1.0,0.0,65.0,1.4,sí,distrito 10,51.84688429467363,sí,10 075,sí,18/03/2016,prestadora B
84.0,mujer,grado II,solo,5.0,0.0,8.0,2.3,no,distrito 9,731.6861104379155,no,15 967,sí,06/02/2021,prestadora B
95.0,hombre,  grado I ,solo,5.0,1.0,14.0,1.8,no,distrito 8,98.51781242827234,sí,16 758,sí,17/08/2023,prestadora A
78.0,hombre,grado I,solo,4.0,0.0,60.0,0.9,no,distrito 6,212.6585382591078,no,9 531,sí,04/02/2021,prestadora A
85.0,hombre,grado I,con pareja,0.0,4.0,69.0,1.2,no,distrito 9,19.62453770701506,sí,16 799,no,17/03/2024,prestadora C
67.0,mujer,grado I,con pareja,2.0,0.0,10.0,3.0,no,distrito 10,14.931287438930063,no,11 347,no,04/05/2020,prestadora C
84.0,hombre,sin valorar,con familia,2.0,0.0,20.0,8.8,no,distrito 9,27.304769936783835,no,26 813,no,03/04/2024,prestadora C
81.0,mujer,grado I,con familia,5.0,0.0,19.0,6.0,no,distrito 6,38.12908427860358,no,6 052,sí,19/10/2018,prestadora A
65.0,hombre,sin valorar,solo,3.0,1.0,32.0,1.7,sí,distrito 7,403.7127591742189,sí,16 306,sí,24/11/2017,prestadora C
83.0,mujer,grado I,con familia,0.0,0.0,58.0,5.6,no,distrito 8,9.383696479688682,sí,18 934,sí,13/01/2023,prestadora A
65.0,mujer,grado II,solo,1.0,0.0,5.0,4.7,sí,distrito 9,152.7202183822051,sí,23 342,no,26/10/2022,prestadora A
79.0,hombre,  grado III ,solo,2.0,1.0,89.0,6.5,no,distrito 4,29.143616837994006,sí,13 957,N/D,06/09/2019,prestadora C
84.0,mujer,sin valorar,solo,4.0,0.0,77.0,8.7,no,distrito 3,56.9787399382049,sí,32 179,N/D,06/09/2022,prestadora A
89.0,hombre,grado II,solo,8.0,0.0,2.0,7.8,no,distrito 6,1048.5306606451516,no,17 390,sí,23/05/2016,prestadora B
87.0,hombre,  grado I ,solo,3.0,0.0,9.0,1.9,no,distrito 1,190.37810609606063,sí,15 114,sí,25/12/2022,prestadora B
78.0,hombre,grado I,con familia,1.0,3.0,30.0,1.7,sí,distrito 7,21.863123487473164,sí,14 123,sí,04/06/2020,prestadora B
84.0,mujer,sin valorar,solo,2.0,1.0,76.0,3.2,no,distrito 4,81.83941215373879,sí,17 029,sí,08/02/2021,prestadora C
65.0,mujer,  grado II ,con pareja,4.0,1.0,30.0,9.4,sí,distrito 9,48.21235638745673,sí,16 297,no,29/05/2023,prestadora A
94.0,hombre,grado III,solo,1.0,1.0,105.0,1.9,no,distrito 11,175.98374151110576,sí,14 346,no,21/12/2017,prestadora A
85.0,mujer,sin valorar,solo,3.0,0.0,16.0,12.6,no,distrito 3,202.1647616779336,no,14 233,sí,14/10/2023,prestadora B
85.0,hombre,grado I,solo,1.0,0.0,44.0,3.2,sí,distrito 8,60.90918248132948,sí,8 458,no,02/03/2024,prestadora B
89.0,mujer,sin valorar,solo,3.0,1.0,9.0,6.1,no,distrito 1,102.1326458957656,no,14 001,no,31/08/2019,prestadora A
98.0,mujer,  grado III ,solo,7.0,0.0,15.0,3.3,no,distrito 6,633.787379752407,no,20 455,no,15/07/2022,prestadora B
71.0,hombre,grado II,solo,1.0,0.0,20.0,2.2,sí,distrito 10,149.41450625839119,no,11 670,sí,07/10/2021,prestadora C
86.0,hombre,sin valorar,con pareja,1.0,0.0,32.0,6.1,sí,distrito 2,18.385169916359697,sí,16 001,no,15/01/2017,prestadora A
79.0,mujer,grado III,solo,0.0,4.0,21.0,4.1,no,distrito 5,68.28602377138644,sí,9 830,sí,20/02/2021,prestadora C
92.0,mujer,grado III,solo,10.0,0.0,61.0,0.4,no,distrito 5,1659.6547002468828,sí,17 072,no,02/09/2022,prestadora B
76.0,mujer,grado III,solo,2.0,1.0,8.0,4.4,sí,distrito 4,157.81108268457223,no,15 131,no,15/07/2017,prestadora B
82.0,mujer,grado III,con pareja,2.0,1.0,26.0,2.1,no,distrito 3,69.86080548063342,sí,11 927,no,12/09/2018,prestadora C
77.0,mujer,GRADO I,con familia,2.0,0.0,86.0,1.7,no,distrito 10,22.601872565954583,no,8 603,no,13/08/2017,prestadora A
83.0,mujer,SIN VALORAR,con pareja,0.0,0.0,33.0,1.5,sí,distrito 8,3.718968901689949,sí,14 162,no,04/02/2023,prestadora C
85.0,mujer,grado I,solo,10.0,1.0,34.0,9.1,no,distrito 2,4413.480424069849,sí,13 080,no,25/03/2022,prestadora C
80.0,mujer,grado II,con pareja,0.0,0.0,46.0,2.6,no,distrito 8,6.603290031950817,no,15 208,no,21/05/2017,prestadora A
90.0,mujer,sin valorar,con pareja,1.0,1.0,14.0,7.1,sí,distrito 9,79.78404571452,no,11 050,sí,18/12/2020,prestadora A
78.0,mujer,sin valorar,solo,7.0,1.0,70.0,3.1,sí,distrito 8,311.42202433337854,no,14 968,sí,28/03/2024,prestadora A
84.0,mujer,grado III,solo,0.0,0.0,54.0,3.4,sí,distrito 2,26.603817735740297,no,22 961,no,27/07/2016,prestadora C
74.0,mujer,grado III,con familia,0.0,3.0,5.0,1.0,sí,distrito 11,72.68455058432679,no,11 348,sí,05/03/2019,prestadora B
82.0,mujer,grado I,solo,1.0,5.0,96.0,3.8,no,distrito 8,70.87649547648188,sí,4 964,sí,21/10/2023,prestadora B
71.0,mujer,grado I,solo,1.0,0.0,22.0,4.3,no,distrito 1,31.413010709908736,sí,20 425,no,27/10/2018,prestadora C
69.0,mujer,grado III,solo,0.0,0.0,58.0,3.9,no,distrito 11,55.63879503213694,sí,21 738,no,22/01/2022,prestadora B
89.0,mujer,grado II,con pareja,2.0,0.0,9.0,4.7,sí,distrito 9,67.73743224080532,no,10 995,sí,24/04/2023,prestadora B
78.0,hombre,GRADO II,solo,0.0,0.0,17.0,4.1,no,distrito 1,41.95870401431534,sí,11 222,no,12/11/2021,prestadora B
76.0,mujer,grado I,con familia,1.0,3.0,36.0,7.3,sí,distrito 4,35.75057232513826,sí,13 772,no,01/02/2016,prestadora A
80.0,mujer,grado I,con familia,0.0,0.0,4.0,3.6,no,distrito 6,16.385185514340865,no,29 060,sí,15/09/2019,prestadora A
98.0,mujer,grado II,solo,3.0,0.0,20.0,2.4,no,distrito 1,150.1708320503755,sí,8 665,sí,10/09/2024,prestadora C
77.0,mujer,sin valorar,solo,7.0,0.0,26.0,8.6,no,distrito 4,627.1532443980878,sí,19 777,no,04/12/2023,prestadora C
70.0,mujer,grado II,con familia,4.0,1.0,14.0,10.5,no,distrito 2,122.38191595073694,no,10 777,no,19/01/2016,prestadora B
81.0,mujer,  grado II ,solo,4.0,0.0,45.0,3.3,no,distrito 2,211.93138217998737,no,17 781,sí,10/01/2022,prestadora A
82.0,hombre,grado II,solo,1.0,0.0,79.0,4.4,no,distrito 4,132.35373629792792,sí,11 333,sí,21/05/2018,prestadora A
72.0,mujer,grado III,solo,5.0,1.0,42.0,8.3,sí,distrito 4,652.4015769980151,sí,32 883,sí,18/07/2022,prestadora A
65.0,mujer,grado I,solo,3.0,1.0,28.0,2.8,no,distrito 4,399.26882769768736,sí,9 790,no,05/11/2017,prestadora C
85.0,mujer,sin valorar,solo,3.0,0.0,10.0,9.0,no,distrito 8,59.4665059955373,sí,13 028,sí,02/11/2021,prestadora B
92.0,mujer,grado II,solo,1.0,0.0,94.0,3.4,sí,distrito 6,50.90752052449672,sí,17 164,no,25/01/2024,prestadora B
75.0,mujer,grado III,solo,3.0,1.0,27.0,2.8,no,distrito 5,196.00053788849877,sí,19 466,no,25/09/2022,prestadora C
93.0,mujer,sin valorar,con pareja,1.0,0.0,35.0,5.8,sí,distrito 4,54.39084790290391,sí,9 724,sí,20/01/2022,prestadora B
69.0,hombre,grado II,solo,5.0,2.0,74.0,4.7,sí,distrito 5,227.95873815343285,no,12 274,no,30/05/2017,prestadora B
78.0,hombre,sin valorar,solo,2.0,1.0,26.0,1.4,no,distrito 2,82.03215515995959,no,17 659,sí,04/02/2024,prestadora B
81.0,mujer,SIN VALORAR,solo,4.0,0.0,34.0,6.7,no,distrito 9,567.2695093786489,sí,13 498,no,09/05/2022,prestadora C
80.0,mujer,sin valorar,con familia,1.0,2.0,18.0,3.8,no,distrito 3,10.56627198764172,sí,8 750,sí,29/11/2017,prestadora B
88.0,mujer,grado I,con familia,0.0,1.0,19.0,5.6,no,distrito 9,12.322264455547408,no,11 609,sí,29/11/2022,prestadora C
83.0,hombre,grado III,solo,1.0,0.0,30.0,8.7,sí,distrito 10,104.8772225110222,sí,10 680,no,03/05/2024,prestadora C
85.0,mujer,sin valorar,solo,0.0,0.0,43.0,3.3,sí,distrito 3,12.364171096517945,no,19 643,sí,20/11/2020,prestadora C
81.0,mujer,GRADO II,solo,1.0,0.0,11.0,4.3,no,distrito 1,128.37849846185762,sí,9 789,sí,22/12/2023,prestadora B
79.0,hombre,SIN VALORAR,solo,1.0,0.0,137.0,2.8,no,distrito 1,30.750777376483292,sí,16 831,sí,16/04/2016,prestadora B
71.0,mujer,grado III,con familia,1.0,1.0,74.0,1.5,sí,distrito 10,33.924799728860805,sí,11 561,sí,22/04/2016,prestadora C
85.0,hombre,grado I,con familia,1.0,4.0,51.0,0.8,no,distrito 10,18.411664891180987,no,8 723,sí,23/06/2016,prestadora A
78.0,hombre,sin valorar,solo,2.0,0.0,54.0,2.4,no,distrito 5,31.043428525036504,sí,10 733,no,24/11/2017,prestadora C
93.0,mujer,SIN VALORAR,con pareja,6.0,1.0,24.0,9.5,no,distrito 7,48.410342385942954,sí,16 507,N/D,29/01/2024,prestadora C
73.0,hombre,grado II,solo,0.0,2.0,50.0,3.8,sí,distrito 5,36.365398545200044,no,16 118,sí,29/02/2020,prestadora C
101.0,mujer,grado II,solo,0.0,0.0,57.0,3.4,no,distrito 4,23.925658555854994,sí,13 912,sí,25/09/2018,prestadora A
71.0,mujer,grado I,con pareja,0.0,0.0,38.0,2.0,sí,distrito 10,4.0893387022191945,no,12 205,sí,26/04/2023,prestadora B
76.0,mujer,grado III,solo,0.0,0.0,11.0,9.9,no,distrito 11,71.25382005868782,no,18 559,no,27/09/2017,prestadora B
81.0,mujer,grado I,solo,0.0,0.0,19.0,2.7,no,distrito 10,39.65513175033639,no,22 487,no,05/12/2016,prestadora C
93.0,hombre,grado II,solo,10.0,0.0,26.0,7.1,no,distrito 7,962.2864572927115,no,32 283,sí,06/08/2019,prestadora C
77.0,mujer,sin valorar,solo,7.0,0.0,28.0,3.5,no,distrito 6,155.637063035672,sí,13 699,sí,21/12/2022,prestadora C
87.0,mujer,grado II,con pareja,0.0,0.0,50.0,5.3,no,distrito 8,8.415041363570298,sí,20 264,sí,13/05/2022,prestadora A
72.0,mujer,grado II,con familia,1.0,0.0,36.0,4.2,no,distrito 3,10.680356974907538,sí,5 751,no,11/08/2019,prestadora B
81.0,mujer,  grado III ,con pareja,0.0,0.0,56.0,7.7,no,distrito 6,8.450853102824942,no,21 561,no,04/05/2023,prestadora A
84.0,mujer,grado I,con pareja,1.0,0.0,31.0,9.1,no,distrito 5,124.62089179523673,no,13 254,no,29/04/2024,prestadora A
84.0,mujer,grado III,con familia,4.0,0.0,54.0,6.7,no,distrito 3,95.78722148041093,sí,13 326,no,15/07/2017,prestadora C
67.0,mujer,GRADO II,solo,3.0,1.0,74.0,1.4,no,distrito 8,90.48368206703591,no,8 544,N/D,30/12/2017,prestadora C
74.0,mujer,  sin valorar ,solo,14.0,2.0,3.0,1.4,sí,distrito 11,631.6956175224968,no,22 080,no,22/08/2022,prestadora B
79.0,mujer,grado I,con pareja,6.0,3.0,0.0,4.8,sí,distrito 6,112.70853268439993,sí,14 586,sí,08/05/2021,prestadora B
73.0,mujer,sin valorar,con pareja,11.0,0.0,16.0,1.9,no,distrito 5,111.55510623863384,sí,22 857,sí,31/12/2016,prestadora A
89.0,mujer,GRADO I,solo,3.0,0.0,30.0,6.7,no,distrito 5,52.05050585284836,no,15 308,no,03/06/2023,prestadora C
73.0,hombre,grado II,con pareja,2.0,0.0,45.0,4.2,no,distrito 7,36.01909602182439,no,6 271,sí,03/03/2020,prestadora C
81.0,hombre,  sin valorar ,solo,4.0,2.0,107.0,1.5,sí,distrito 8,106.91047333575138,no,21 556,sí,12/06/2020,prestadora B
86.0,hombre,grado I,solo,2.0,2.0,11.0,3.5,no,distrito 4,79.2970913397233,sí,10 281,no,12/08/2018,prestadora B
80.0,mujer,sin valorar,con familia,0.0,0.0,35.0,5.9,no,distrito 6,16.010423998986838,sí,17 343,sí,02/06/2018,prestadora C
88.0,mujer,grado I,con pareja,1.0,0.0,11.0,2.5,sí,distrito 1,46.21554319157535,sí,30 796,sí,04/10/2018,prestadora B
87.0,hombre,sin valorar,solo,2.0,0.0,13.0,4.2,sí,distrito 3,54.53248342961685,sí,13 651,sí,13/02/2020,prestadora A
66.0,mujer,  grado I ,con pareja,0.0,1.0,41.0,3.1,no,distrito 3,6.996978646132909,sí,11 333,no,24/03/2024,prestadora A
69.0,hombre,grado II,solo,0.0,1.0,8.0,4.3,no,distrito 2,48.89077944644819,sí,12 482,no,08/08/2020,prestadora B
76.0,mujer,grado I,solo,11.0,2.0,45.0,0.9,sí,distrito 4,524.1509776414938,no,13 482,sí,12/03/2018,prestadora B
75.0,mujer,sin valorar,con pareja,2.0,1.0,60.0,3.4,sí,distrito 4,24.031748908948217,sí,27 215,no,20/06/2021,prestadora A
65.0,mujer,  sin valorar ,solo,8.0,3.0,123.0,1.3,no,distrito 2,158.84730927228117,sí,16 965,no,29/10/2020,prestadora A
92.0,mujer,grado III,con pareja,4.0,0.0,10.0,2.8,no,distrito 11,527.9368349668957,sí,24 577,sí,08/08/2019,prestadora B
85.0,mujer,grado II,con pareja,4.0,1.0,22.0,6.7,no,distrito 2,124.14995022152847,no,15 396,sí,19/01/2024,prestadora B
75.0,mujer,grado I,solo,0.0,0.0,63.0,6.5,sí,distrito 6,11.17393324490272,sí,14 964,sí,23/05/2020,prestadora C
86.0,mujer,grado I,solo,2.0,1.0,21.0,7.5,no,distrito 3,171.88451936844655,no,15 238,no,17/03/2021,prestadora B
85.0,hombre,grado III,solo,4.0,1.0,26.0,4.8,no,distrito 3,283.1629922766332,sí,17 161,sí,23/02/2018,prestadora B
78.0,hombre,grado II,con familia,1.0,0.0,78.0,1.5,no,distrito 6,37.62881747014824,sí,14 150,sí,07/07/2018,prestadora A
94.0,mujer,grado II,solo,3.0,1.0,16.0,7.6,no,distrito 11,412.18558439332,no,27 613,no,03/11/2018,prestadora C
84.0,mujer,grado I,con pareja,0.0,0.0,111.0,1.0,no,distrito 5,16.08331426550433,sí,20 472,sí,13/06/2023,prestadora B
77.0,mujer,grado III,solo,0.0,0.0,35.0,10.6,sí,distrito 5,26.889297368908018,no,32 910,N/D,07/02/2021,prestadora A
75.0,mujer,GRADO II,con pareja,1.0,0.0,58.0,6.9,no,distrito 11,16.03726996606544,sí,11 657,no,23/04/2018,prestadora A
82.0,mujer,grado II,con pareja,4.0,2.0,76.0,7.3,no,distrito 3,58.937340660476664,no,19 647,sí,12/08/2019,prestadora B
83.0,mujer,sin valorar,con pareja,1.0,0.0,4.0,3.5,no,distrito 6,16.93559999691803,sí,16 268,sí,29/08/2021,prestadora A
74.0,hombre,grado III,con familia,2.0,0.0,16.0,1.8,sí,distrito 11,31.773700514724162,sí,10 532,sí,22/01/2018,prestadora A
83.0,mujer,grado III,solo,2.0,0.0,13.0,4.2,no,distrito 3,166.85498572159656,no,37 940,sí,08/10/2022,prestadora A
78.0,mujer,grado I,solo,0.0,0.0,16.0,1.9,no,distrito 4,2.748437127294756,sí,21 773,no,14/09/2019,prestadora A
93.0,mujer,grado I,con familia,3.0,1.0,40.0,8.8,sí,distrito 10,36.66469062112437,sí,14 637,sí,27/06/2020,prestadora A
72.0,hombre,grado I,solo,0.0,2.0,66.0,2.0,sí,distrito 2,24.00597600994375,sí,16 065,sí,31/03/2017,prestadora C
89.0,hombre,sin valorar,solo,3.0,4.0,7.0,2.8,no,distrito 7,84.0313871099594,no,15 944,no,07/11/2019,prestadora C
86.0,hombre,grado III,con familia,4.0,0.0,70.0,3.2,sí,distrito 8,51.88846603099439,no,26 576,sí,07/02/2016,prestadora C
90.0,mujer,sin valorar,solo,3.0,0.0,67.0,2.0,sí,distrito 9,38.19736170932921,sí,13 022,no,26/01/2018,prestadora C
75.0,hombre,grado II,solo,0.0,0.0,54.0,3.4,no,distrito 4,20.431444295519068,no,10 027,no,13/05/2017,prestadora C
81.0,mujer,grado II,con pareja,0.0,0.0,57.0,1.4,no,distrito 5,8.33064368858058,sí,12 786,sí,02/11/2020,prestadora C
71.0,mujer,GRADO II,con familia,1.0,0.0,0.0,5.0,no,distrito 8,45.82859009799082,no,14 204,no,03/02/2021,prestadora C
82.0,mujer,sin valorar,con pareja,3.0,3.0,60.0,2.6,no,distrito 2,51.4548786756247,sí,13 508,no,02/07/2022,prestadora B
84.0,hombre,grado II,solo,1.0,0.0,21.0,7.9,no,distrito 3,111.33726686328811,no,13 954,N/D,13/08/2021,prestadora C
94.0,mujer,sin valorar,solo,0.0,0.0,11.0,6.3,no,distrito 6,23.91622981207218,no,6 631,no,28/03/2020,prestadora C
92.0,mujer,grado II,con pareja,2.0,0.0,39.0,12.0,no,distrito 6,22.451332579064207,sí,16 270,no,23/05/2019,prestadora A
81.0,hombre,  sin valorar ,solo,9.0,1.0,18.0,2.7,sí,distrito 9,250.4179613209797,no,12 317,no,17/05/2016,prestadora A
84.0,mujer,sin valorar,solo,0.0,0.0,7.0,10.8,no,distrito 5,28.12454390802999,sí,18 476,sí,07/09/2023,prestadora C
86.0,hombre,grado I,solo,6.0,2.0,36.0,1.5,no,distrito 8,218.27192425251178,sí,11 488,no,27/04/2019,prestadora C
93.0,mujer,grado I,con familia,0.0,0.0,101.0,5.3,no,distrito 1,1.9908868323814306,sí,15 877,no,07/08/2018,prestadora C
74.0,hombre,GRADO II,solo,4.0,0.0,35.0,10.8,no,distrito 3,290.1979905509467,sí,25 705,no,18/03/2017,prestadora A
82.0,hombre,grado II,solo,7.0,0.0,57.0,1.3,sí,distrito 3,862.8699918788681,sí,17 265,no,23/08/2022,prestadora A
94.0,mujer,grado II,con pareja,1.0,2.0,107.0,1.3,no,distrito 5,87.73139645650252,sí,17 884,sí,19/04/2021,prestadora B
73.0,mujer,GRADO I,solo,0.0,0.0,12.0,2.1,no,distrito 10,10.491966608175641,sí,13 638,no,17/01/2023,prestadora C
90.0,mujer,grado I,solo,2.0,0.0,88.0,6.4,no,distrito 1,174.36133491796232,sí,8 985,sí,01/05/2022,prestadora C
78.0,mujer,grado I,con pareja,3.0,0.0,66.0,2.3,no,distrito 4,133.91009008410862,sí,14 124,no,04/04/2023,prestadora C
94.0,mujer,grado III,solo,3.0,0.0,34.0,2.3,sí,distrito 1,209.15096351617578,sí,28 508,sí,29/06/2016,prestadora C
77.0,mujer,grado I,con familia,0.0,1.0,27.0,3.3,sí,distrito 5,22.360625251636606,no,10 809,no,06/04/2019,prestadora A
87.0,hombre,grado I,con pareja,0.0,2.0,10.0,2.0,no,distrito 7,61.726672009642634,sí,12 142,no,25/08/2024,prestadora B
91.0,mujer,grado III,con familia,1.0,1.0,160.0,6.0,no,distrito 1,31.827840164907254,no,21 394,no,03/07/2022,prestadora B
70.0,mujer,grado II,solo,4.0,1.0,56.0,2.0,no,distrito 6,246.3901575172399,sí,14 307,no,01/11/2019,prestadora C
83.0,mujer,grado I,con pareja,3.0,0.0,24.0,6.9,sí,distrito 1,14.874902377803307,sí,13 125,no,16/08/2016,prestadora C
73.0,mujer,sin valorar,solo,6.0,0.0,14.0,11.1,no,distrito 6,397.0787317134847,no,7 776,no,06/12/2023,prestadora C
78.0,hombre,grado I,solo,3.0,2.0,20.0,3.6,sí,distrito 1,80.4589272766111,sí,15 700,sí,18/03/2016,prestadora C
85.0,mujer,grado II,solo,4.0,0.0,64.0,0.3,no,distrito 1,94.49888666501076,no,13 362,no,21/01/2023,prestadora A
87.0,mujer,grado III,solo,4.0,0.0,17.0,1.7,sí,distrito 4,225.81174097070092,no,13 540,sí,27/05/2023,prestadora B
83.0,hombre,grado III,solo,2.0,0.0,59.0,13.6,no,distrito 7,149.68402852367757,no,24 517,sí,03/05/2024,prestadora B
75.0,mujer,sin valorar,solo,0.0,0.0,40.0,7.6,sí,distrito 2,13.530025308647726,sí,9 454,sí,07/10/2023,prestadora B
84.0,hombre,grado III,con familia,3.0,0.0,35.0,4.1,sí,distrito 1,57.533126278212286,sí,9 158,no,25/12/2022,prestadora B
82.0,hombre,grado II,solo,1.0,2.0,55.0,5.7,no,distrito 8,215.2093196854134,sí,9 379,sí,15/02/2017,prestadora A
77.0,mujer,sin valorar,con familia,0.0,0.0,33.0,7.6,no,distrito 9,11.382695481742532,sí,21 425,sí,12/07/2021,prestadora B
65.0,mujer,sin valorar,con familia,2.0,1.0,47.0,1.1,sí,distrito 3,17.06990113499654,no,15 626,sí,11/08/2024,prestadora C
84.0,mujer,grado II,con pareja,1.0,0.0,51.0,2.7,no,distrito 5,24.19573608291001,no,19 257,no,04/08/2022,prestadora B
82.0,mujer,grado I,con pareja,1.0,0.0,62.0,1.5,sí,distrito 8,16.4285973406806,sí,4 830,no,26/06/2024,prestadora C
78.0,mujer,grado I,con familia,5.0,0.0,13.0,5.2,no,distrito 4,191.37258231538266,sí,18 891,sí,23/12/2021,prestadora B
92.0,hombre,sin valorar,con familia,0.0,3.0,68.0,0.7,no,distrito 2,19.64641910656652,sí,11 582,sí,31/08/2020,prestadora B
77.0,mujer,grado I,con familia,0.0,1.0,36.0,4.9,no,distrito 11,11.952565631727962,sí,13 506,no,16/09/2024,prestadora C
74.0,mujer,grado II,solo,1.0,0.0,50.0,1.7,no,distrito 11,66.00488494929782,sí,16 365,sí,03/08/2023,prestadora C
71.0,hombre,sin valorar,solo,5.0,0.0,73.0,5.8,no,distrito 4,177.50038309371507,sí,11 896,no,11/05/2020,prestadora A
90.0,mujer,grado II,solo,1.0,2.0,74.0,10.8,no,distrito 10,338.29379484148575,no,19 235,no,22/01/2016,prestadora A
76.0,hombre,grado II,solo,2.0,0.0,30.0,0.2,no,distrito 3,31.042227013358705,no,10 172,sí,04/03/2021,prestadora C
88.0,hombre,grado I,con pareja,0.0,1.0,49.0,0.7,sí,distrito 11,16.797063611115533,sí,23 787,no,15/10/2019,prestadora B
88.0,mujer,grado III,solo,0.0,1.0,70.0,4.8,no,distrito 7,27.14317937422624,no,19 953,sí,22/11/2022,prestadora A
87.0,mujer,GRADO I,solo,8.0,0.0,8.0,3.2,no,distrito 8,219.60306608579978,sí,27 141,sí,13/11/2018,prestadora C
77.0,hombre,grado I,solo,8.0,0.0,21.0,3.6,sí,distrito 10,532.5209792162691,no,9 575,sí,26/02/2021,prestadora B
75.0,hombre,SIN VALORAR,solo,1.0,0.0,8.0,3.6,no,distrito 3,21.815161004809017,no,12 620,sí,07/03/2016,prestadora A
88.0,mujer,grado II,con familia,1.0,2.0,55.0,4.6,no,distrito 4,17.683966311066115,no,23 057,N/D,31/01/2022,prestadora C
84.0,mujer,grado I,con pareja,9.0,2.0,19.0,10.9,no,distrito 7,269.57861653564333,sí,17 995,sí,19/03/2023,prestadora C
77.0,hombre,grado I,solo,11.0,0.0,136.0,2.8,no,distrito 1,228.91439214946888,sí,15 076,sí,26/08/2021,prestadora B
79.0,mujer,sin valorar,solo,1.0,0.0,34.0,3.9,no,distrito 8,47.39549704833591,sí,11 274,sí,26/05/2020,prestadora B
92.0,hombre,SIN VALORAR,solo,7.0,0.0,15.0,3.2,sí,distrito 11,614.7722613407294,sí,7 334,N/D,29/01/2018,prestadora A
83.0,mujer,grado I,solo,2.0,0.0,50.0,6.1,no,distrito 5,18.17106423522607,sí,10 985,no,16/03/2017,prestadora C
70.0,hombre,grado II,solo,1.0,1.0,54.0,3.2,no,distrito 8,66.44884968961249,no,18 938,sí,29/12/2018,prestadora B
81.0,mujer,sin valorar,con pareja,1.0,0.0,129.0,1.1,no,distrito 8,11.730741041282242,sí,17 188,sí,12/05/2022,prestadora A
79.0,mujer,grado II,con familia,1.0,0.0,64.0,7.5,no,distrito 2,50.752018458011165,sí,22 204,sí,15/06/2022,prestadora C
88.0,hombre,grado III,con pareja,2.0,0.0,15.0,7.9,no,distrito 3,144.7119937514777,sí,21 925,sí,04/05/2019,prestadora C
73.0,hombre,grado I,solo,2.0,2.0,31.0,3.0,no,distrito 4,49.26270721451373,no,15 115,no,05/08/2017,prestadora B
95.0,hombre,grado I,solo,1.0,1.0,145.0,5.1,sí,distrito 2,39.38710183337927,no,7 625,no,17/05/2023,prestadora A
65.0,mujer,grado III,solo,0.0,2.0,51.0,2.8,no,distrito 2,65.68790696423243,sí,19 244,no,03/10/2016,prestadora C
82.0,mujer,grado I,con pareja,2.0,0.0,47.0,3.7,no,distrito 8,43.03714554150579,sí,14 805,no,09/11/2018,prestadora A
80.0,mujer,grado I,con pareja,0.0,0.0,72.0,4.2,no,distrito 9,15.85760921214418,no,9 888,no,19/07/2017,prestadora A
86.0,hombre,grado II,con pareja,0.0,0.0,23.0,4.3,no,distrito 5,19.62261657428227,sí,13 030,sí,18/12/2020,prestadora B
84.0,mujer,grado I,solo,2.0,0.0,31.0,10.6,no,distrito 3,163.92146585136322,sí,11 630,no,07/03/2021,prestadora C
74.0,hombre,grado III,con pareja,0.0,0.0,47.0,3.3,no,distrito 10,7.570113428483256,sí,13 744,sí,09/03/2021,prestadora C
81.0,hombre,  grado III ,con pareja,2.0,0.0,111.0,2.4,no,distrito 5,25.364083169717855,sí,17 134,no,15/07/2018,prestadora C
87.0,mujer,grado I,solo,8.0,0.0,28.0,2.6,sí,distrito 1,189.80950532443973,no,20 454,sí,20/04/2024,prestadora A
87.0,mujer,grado I,solo,2.0,3.0,40.0,2.9,no,distrito 6,78.4445727711784,sí,11 599,no,09/10/2017,prestadora C
87.0,mujer,sin valorar,con familia,1.0,0.0,45.0,1.3,no,distrito 7,18.160859034376767,sí,9 395,sí,26/10/2019,prestadora C
81.0,hombre,grado I,con familia,1.0,1.0,41.0,0.2,no,distrito 3,77.32809376403483,sí,8 649,no,10/03/2023,prestadora A
79.0,mujer,grado I,con familia,10.0,0.0,22.0,9.6,sí,distrito 10,197.08189516208697,sí,22 713,sí,07/05/2024,prestadora A
76.0,mujer,GRADO III,con familia,1.0,0.0,51.0,5.7,no,distrito 11,18.029990126838715,sí,32 911,sí,29/01/2016,prestadora A
81.0,mujer,grado II,con pareja,5.0,2.0,26.0,3.6,sí,distrito 7,63.857520396042375,no,22 914,no,04/05/2021,prestadora B
88.0,mujer,sin valorar,con pareja,3.0,0.0,23.0,2.7,no,distrito 11,8.639712486476704,sí,16 810,no,17/08/2016,prestadora A
76.0,hombre,GRADO II,solo,0.0,0.0,82.0,5.0,sí,distrito 5,18.143721468198688,sí,6 835,sí,19/11/2017,prestadora C
82.0,mujer,grado II,con familia,7.0,1.0,65.0,5.6,sí,distrito 10,285.05314528085154,sí,41 485,no,23/01/2018,prestadora C
85.0,hombre,GRADO I,solo,1.0,0.0,25.0,1.9,no,distrito 5,24.34718685282956,sí,16 200,sí,18/05/2017,prestadora B
82.0,mujer,grado I,con pareja,1.0,0.0,84.0,4.4,no,distrito 2,40.69376281057057,sí,9 887,no,28/10/2016,prestadora C
81.0,mujer,grado I,con pareja,11.0,1.0,39.0,6.1,no,distrito 9,87.8518927462499,sí,12 016,sí,28/11/2023,prestadora B
82.0,mujer,sin valorar,solo,3.0,0.0,25.0,1.8,sí,distrito 3,60.63177845020999,sí,9 715,no,08/04/2017,prestadora C
76.0,mujer,grado I,con familia,1.0,0.0,33.0,3.3,sí,distrito 8,4.624504175226128,no,9 617,sí,20/08/2016,prestadora B
81.0,mujer,grado I,con pareja,5.0,0.0,38.0,1.8,no,distrito 3,50.23935338548961,no,14 454,sí,25/09/2020,prestadora C
85.0,mujer,grado II,con familia,3.0,0.0,38.0,1.9,no,distrito 3,20.43586047304829,sí,14 381,sí,10/09/2018,prestadora A
74.0,mujer,sin valorar,solo,1.0,0.0,18.0,1.1,no,distrito 6,27.913982332866734,sí,8 688,no,17/08/2024,prestadora C
91.0,mujer,grado I,solo,0.0,0.0,55.0,6.0,sí,distrito 6,29.825400222570465,sí,5 865,no,26/06/2021,prestadora B
74.0,hombre,sin valorar,con pareja,8.0,0.0,51.0,6.0,sí,distrito 6,133.05250887383283,sí,22 605,sí,18/04/2019,prestadora B
72.0,mujer,sin valorar,con pareja,2.0,0.0,19.0,2.4,sí,distrito 10,15.755720083395948,sí,11 178,no,08/05/2019,prestadora A
74.0,mujer,  sin valorar ,solo,3.0,0.0,48.0,4.6,no,distrito 6,90.4233367904946,no,10 808,sí,01/12/2021,prestadora A
97.0,mujer,grado I,con familia,3.0,1.0,55.0,2.1,sí,distrito 10,14.361362464939392,no,18 705,sí,17/05/2024,prestadora C
81.0,mujer,GRADO I,solo,0.0,1.0,107.0,2.0,no,distrito 8,5.731738843475331,sí,10 091,no,19/06/2023,prestadora B
79.0,mujer,grado I,solo,0.0,3.0,12.0,4.0,no,distrito 10,10.569185473419793,sí,7 433,no,04/04/2018,prestadora C
73.0,hombre,grado I,con pareja,0.0,0.0,4.0,5.0,no,distrito 7,26.728509569538968,no,17 930,N/D,28/11/2022,prestadora A
79.0,hombre,grado I,con pareja,2.0,0.0,22.0,1.1,sí,distrito 8,35.818373666755036,no,11 305,sí,03/05/2023,prestadora B
67.0,mujer,grado III,con familia,2.0,0.0,10.0,2.8,sí,distrito 10,73.88782025055143,no,29 409,no,15/07/2016,prestadora C
80.0,hombre,grado II,solo,0.0,1.0,32.0,3.2,no,distrito 6,23.54979517261222,sí,30 104,sí,29/03/2022,prestadora C
76.0,mujer,grado I,solo,2.0,0.0,34.0,5.2,sí,distrito 6,33.16429429213599,sí,5 428,sí,05/08/2023,prestadora C
91.0,mujer,grado I,con pareja,5.0,0.0,39.0,9.5,no,distrito 2,154.3149051387007,no,15 596,sí,27/09/2020,prestadora C
78.0,mujer,sin valorar,solo,1.0,0.0,72.0,3.0,no,distrito 7,59.23181590680152,sí,14 285,sí,13/08/2021,prestadora A
80.0,hombre,sin valorar,solo,0.0,0.0,94.0,0.4,no,distrito 11,12.948176629927676,no,12 910,sí,28/04/2016,prestadora B
84.0,hombre,grado I,con pareja,0.0,0.0,49.0,6.3,sí,distrito 1,15.78324210402496,sí,12 857,sí,29/06/2016,prestadora A
76.0,mujer,GRADO III,solo,2.0,2.0,41.0,7.5,no,distrito 2,296.07521627409994,sí,10 062,N/D,25/07/2021,prestadora C
76.0,hombre,grado III,con pareja,3.0,0.0,24.0,8.6,sí,distrito 2,117.85879185075545,sí,15 932,sí,03/05/2018,prestadora B
85.0,hombre,  grado I ,con pareja,3.0,0.0,37.0,3.3,no,distrito 2,9.96427427761206,sí,10 690,sí,30/10/2023,prestadora A
87.0,mujer,grado I,con pareja,1.0,2.0,47.0,12.3,sí,distrito 5,44.2628770998304,no,23 561,sí,20/07/2024,prestadora A
83.0,hombre,grado III,con familia,0.0,5.0,32.0,1.1,no,distrito 4,23.52665989154867,sí,8 389,no,14/06/2017,prestadora C
71.0,mujer,grado II,con pareja,0.0,0.0,12.0,1.9,no,distrito 1,44.40029758307462,no,16 565,sí,15/02/2018,prestadora C
74.0,mujer,grado I,con familia,3.0,2.0,1.0,10.6,sí,distrito 9,52.472376123919624,no,11 953,sí,06/10/2019,prestadora A
81.0,mujer,grado I,con pareja,3.0,0.0,41.0,7.3,sí,distrito 6,47.981244668375844,no,24 302,no,07/05/2021,prestadora C
92.0,hombre,grado III,solo,0.0,0.0,33.0,1.5,sí,distrito 6,40.69634669044154,no,7 143,no,09/11/2022,prestadora C
101.0,hombre,sin valorar,solo,0.0,0.0,22.0,8.7,sí,distrito 9,12.82550313092786,sí,10 662,sí,17/02/2017,prestadora C
66.0,mujer,grado II,solo,5.0,0.0,21.0,2.9,sí,distrito 3,398.45623745441486,sí,24 979,sí,19/06/2016,prestadora C
97.0,mujer,grado I,solo,9.0,0.0,121.0,6.8,no,distrito 1,1101.0014549460886,sí,22 685,no,11/03/2024,prestadora B
98.0,hombre,grado I,con familia,1.0,1.0,88.0,4.0,sí,distrito 4,3.806445137020974,no,9 291,no,26/11/2018,prestadora A
80.0,mujer,grado II,solo,1.0,1.0,31.0,1.6,sí,distrito 5,45.04037170860518,sí,9 975,no,03/02/2016,prestadora B
67.0,mujer,grado III,con familia,2.0,0.0,51.0,12.3,no,distrito 2,32.86401510935356,sí,14 254,sí,03/09/2020,prestadora C
79.0,hombre,grado I,solo,1.0,0.0,19.0,7.0,sí,distrito 5,71.3794799455091,sí,33 243,sí,07/07/2016,prestadora C
85.0,mujer,grado I,solo,4.0,0.0,20.0,4.6,no,distrito 7,161.38907556612557,no,11 830,no,11/12/2023,prestadora C
80.0,mujer,grado I,solo,1.0,0.0,24.0,8.1,sí,distrito 3,93.60692851915283,no,17 026,sí,22/08/2021,prestadora C
74.0,hombre,grado II,con pareja,0.0,0.0,67.0,4.2,no,distrito 10,47.17330982119295,sí,21 712,sí,29/07/2016,prestadora B
71.0,mujer,  grado II ,con pareja,3.0,0.0,85.0,2.0,no,distrito 1,51.09077661519928,no,15 796,sí,03/09/2024,prestadora B
78.0,hombre,grado I,solo,5.0,0.0,6.0,2.6,no,distrito 1,284.28185775878126,sí,13 793,N/D,08/07/2020,prestadora A
86.0,mujer,grado I,con pareja,3.0,0.0,17.0,6.1,no,distrito 2,89.15073130227896,no,15 464,sí,25/04/2020,prestadora A
73.0,mujer,grado I,solo,2.0,0.0,49.0,2.8,no,distrito 4,73.24573138030705,sí,16 367,no,08/10/2020,prestadora B
82.0,mujer,grado II,con familia,5.0,2.0,74.0,4.3,sí,distrito 7,354.4992656132823,sí,10 023,sí,21/07/2016,prestadora A
86.0,mujer,grado II,con pareja,0.0,0.0,49.0,6.4,sí,distrito 2,22.67481811267004,sí,23 630,sí,03/10/2022,prestadora C
90.0,mujer,grado I,con pareja,2.0,1.0,17.0,2.6,sí,distrito 9,16.154686210061673,no,19 293,sí,23/02/2016,prestadora C
78.0,mujer,GRADO II,con familia,6.0,0.0,29.0,5.2,no,distrito 1,108.67149809266554,sí,12 282,sí,07/04/2019,prestadora C
87.0,mujer,grado III,con pareja,1.0,0.0,24.0,1.6,sí,distrito 9,37.71484183149007,no,9 504,sí,03/06/2020,prestadora A
71.0,mujer,grado III,solo,4.0,1.0,13.0,4.5,sí,distrito 7,238.28800536162186,no,8 145,sí,20/10/2022,prestadora A
78.0,mujer,  sin valorar ,solo,8.0,0.0,25.0,2.3,no,distrito 9,187.1598662387332,no,17 255,no,14/01/2024,prestadora B
67.0,mujer,grado II,solo,1.0,0.0,18.0,3.9,no,distrito 10,67.31307859315854,no,12 279,no,07/09/2018,prestadora C
78.0,mujer,grado I,solo,3.0,1.0,32.0,19.7,no,distrito 5,190.23741765514137,sí,18 831,sí,21/04/2023,prestadora C
74.0,mujer,grado I,solo,3.0,2.0,55.0,1.4,sí,distrito 8,25.020868711879082,no,8 275,sí,09/08/2016,prestadora B
85.0,mujer,sin valorar,solo,10.0,0.0,16.0,3.2,sí,distrito 8,1726.304158146227,sí,11 021,sí,15/08/2019,prestadora B
75.0,mujer,GRADO II,con pareja,8.0,0.0,9.0,2.3,no,distrito 5,392.7522386826737,sí,18 981,sí,08/09/2024,prestadora A
82.0,hombre,  sin valorar ,con pareja,0.0,0.0,18.0,4.1,no,distrito 4,14.521004770985735,no,11 488,no,29/01/2022,prestadora B
80.0,mujer,sin valorar,solo,2.0,1.0,43.0,4.5,sí,distrito 9,34.31935979618072,sí,11 026,N/D,24/11/2021,prestadora B
82.0,mujer,grado I,solo,5.0,3.0,34.0,11.3,no,distrito 1,433.0556407851677,sí,18 221,sí,26/01/2020,prestadora B
90.0,hombre,grado I,con pareja,3.0,1.0,39.0,4.0,sí,distrito 6,149.33623525684985,sí,17 366,no,28/03/2024,prestadora A
73.0,hombre,  grado I ,solo,4.0,0.0,36.0,3.7,sí,distrito 4,253.6286421958368,sí,23 045,sí,03/02/2021,prestadora C
74.0,mujer,grado I,con pareja,1.0,2.0,121.0,4.9,sí,distrito 4,24.868928730372478,no,8 266,sí,28/11/2017,prestadora C
92.0,hombre,grado I,solo,2.0,0.0,100.0,0.5,sí,distrito 2,66.63440704747214,sí,12 685,sí,25/03/2019,prestadora B
87.0,hombre,sin valorar,solo,5.0,0.0,21.0,5.3,sí,distrito 2,100.92622130228308,sí,9 141,no,24/11/2019,prestadora A
83.0,hombre,GRADO III,solo,5.0,1.0,76.0,1.0,sí,distrito 8,302.66248229100864,sí,11 465,sí,13/03/2020,prestadora B
87.0,mujer,grado II,solo,1.0,0.0,67.0,6.3,no,distrito 10,37.537733470230535,sí,19 834,sí,16/05/2017,prestadora C
86.0,mujer,grado I,con pareja,0.0,0.0,36.0,0.6,sí,distrito 4,9.881892327332833,sí,13 105,sí,21/05/2021,prestadora C
76.0,mujer,grado I,con pareja,2.0,0.0,52.0,2.0,no,distrito 7,9.018123406019322,sí,26 059,no,09/06/2022,prestadora A
65.0,hombre,  sin valorar ,solo,8.0,0.0,41.0,7.5,no,distrito 5,684.9714413894322,no,11 182,sí,21/11/2020,prestadora C
75.0,mujer,grado II,con pareja,2.0,3.0,24.0,5.3,no,distrito 5,36.278076747558984,sí,12 089,sí,15/07/2016,prestadora B
91.0,mujer,sin valorar,solo,6.0,0.0,8.0,3.8,sí,distrito 3,137.27634885730345,sí,10 535,sí,06/01/2018,prestadora A
84.0,hombre,grado I,con pareja,0.0,1.0,93.0,1.6,no,distrito 11,21.306834332739566,sí,10 005,no,14/06/2018,prestadora B
71.0,mujer,grado II,solo,2.0,0.0,17.0,1.4,sí,distrito 7,43.54587665486538,sí,30 169,sí,21/09/2019,prestadora B
66.0,mujer,GRADO I,con pareja,0.0,0.0,31.0,0.8,no,distrito 1,5.669173769396354,sí,16 015,no,08/09/2021,prestadora A
65.0,mujer,grado II,solo,4.0,0.0,63.0,3.0,sí,distrito 3,70.1610944831688,sí,12 754,sí,10/04/2016,prestadora B
66.0,mujer,GRADO II,solo,2.0,0.0,33.0,12.9,no,distrito 7,326.0600964793396,sí,24 631,sí,18/11/2016,prestadora C
85.0,hombre,GRADO III,con pareja,0.0,0.0,66.0,3.3,no,distrito 3,7.68362275343567,no,17 395,sí,25/01/2016,prestadora A
80.0,mujer,grado II,solo,1.0,0.0,9.0,1.4,no,distrito 2,160.9710859505323,no,16 963,sí,16/12/2022,prestadora A
77.0,mujer,grado I,solo,0.0,0.0,105.0,1.9,sí,distrito 3,44.90731900266937,sí,10 025,no,24/10/2023,prestadora A
82.0,mujer,grado III,solo,2.0,0.0,67.0,2.3,sí,distrito 7,259.60352163282005,no,11 063,no,24/11/2018,prestadora B
77.0,mujer,grado I,con familia,2.0,0.0,17.0,12.4,no,distrito 10,14.648259766522479,no,9 634,sí,02/10/2024,prestadora A
85.0,mujer,sin valorar,solo,3.0,0.0,59.0,4.0,no,distrito 11,34.622178120548746,sí,11 938,no,28/06/2017,prestadora B
82.0,mujer,grado II,solo,1.0,1.0,50.0,5.7,sí,distrito 8,52.35370520510054,no,16 477,sí,28/11/2022,prestadora A
72.0,mujer,grado II,con pareja,2.0,0.0,21.0,0.6,sí,distrito 6,81.85244053428917,sí,21 238,no,07/01/2023,prestadora B
76.0,mujer,grado II,con pareja,2.0,0.0,35.0,8.3,no,distrito 6,28.923726169716346,no,10 506,sí,23/10/2019,prestadora C
93.0,mujer,sin valorar,con pareja,10.0,0.0,0.0,0.8,no,distrito 2,203.97538662544525,sí,16 983,N/D,24/09/2016,prestadora B
93.0,mujer,grado I,solo,11.0,0.0,12.0,6.0,no,distrito 10,747.7647170287473,sí,13 544,sí,18/05/2023,prestadora B
82.0,mujer,grado I,con pareja,5.0,0.0,16.0,3.3,sí,distrito 3,273.8164171603516,sí,8 015,sí,02/09/2021,prestadora C
67.0,mujer,sin valorar,solo,1.0,0.0,25.0,3.8,no,distrito 4,36.2767796172409,sí,23 019,sí,29/02/2024,prestadora B
78.0,mujer,sin valorar,solo,2.0,0.0,10.0,2.8,no,distrito 7,24.624948840823595,sí,17 206,sí,08/09/2018,prestadora B
69.0,mujer,grado II,con pareja,1.0,0.0,33.0,4.0,no,distrito 9,19.92508858769439,sí,5 580,sí,20/09/2016,prestadora A
103.0,mujer,grado I,con pareja,2.0,1.0,104.0,2.9,no,distrito 9,22.304267563195896,sí,10 292,no,19/05/2021,prestadora B
79.0,hombre,sin valorar,con familia,1.0,0.0,54.0,6.2,no,distrito 7,28.44121720257239,sí,22 687,no,20/09/2017,prestadora C
77.0,mujer,sin valorar,solo,3.0,1.0,40.0,7.8,sí,distrito 9,53.63699767046996,no,7 864,no,11/09/2020,prestadora A
76.0,mujer,GRADO III,solo,4.0,1.0,46.0,3.8,no,distrito 10,515.8129587835797,no,15 179,no,14/01/2017,prestadora B
90.0,mujer,sin valorar,con pareja,1.0,0.0,83.0,7.8,no,distrito 8,12.129210999561481,no,10 997,sí,04/02/2021,prestadora A
78.0,hombre,grado I,solo,11.0,0.0,41.0,2.0,no,distrito 2,426.82744607645583,no,11 778,sí,09/07/2024,prestadora C
96.0,mujer,sin valorar,solo,1.0,1.0,30.0,1.1,no,distrito 4,21.16081730046872,sí,16 526,sí,19/05/2019,prestadora B
76.0,mujer,  grado I ,solo,1.0,1.0,23.0,2.0,no,distrito 6,27.639981470675348,sí,15 910,sí,17/06/2018,prestadora C
80.0,mujer,grado II,con pareja,0.0,0.0,13.0,2.5,sí,distrito 1,15.86689535667416,sí,17 120,no,31/01/2016,prestadora B
82.0,mujer,grado I,con pareja,3.0,0.0,81.0,7.5,sí,distrito 11,54.07088277619435,sí,10 217,sí,10/11/2016,prestadora C
87.0,mujer,GRADO II,solo,0.0,0.0,48.0,2.5,no,distrito 9,14.371215708391984,sí,10 705,no,13/11/2023,prestadora C
84.0,mujer,SIN VALORAR,solo,0.0,0.0,9.0,6.6,no,distrito 1,18.14753734120389,no,8 536,no,28/12/2020,prestadora B
69.0,hombre,grado I,solo,5.0,1.0,64.0,5.0,sí,distrito 6,1279.8952806513616,sí,18 316,sí,15/09/2020,prestadora B
84.0,hombre,  grado I ,solo,2.0,4.0,24.0,4.6,no,distrito 8,154.74005810971752,sí,3 990,sí,17/10/2023,prestadora B
86.0,mujer,GRADO III,con pareja,1.0,0.0,20.0,0.2,sí,distrito 4,115.14505584298419,no,13 541,no,17/07/2016,prestadora B
88.0,mujer,SIN VALORAR,solo,7.0,0.0,118.0,6.0,sí,distrito 2,136.4822731397144,no,11 208,sí,15/09/2016,prestadora A
74.0,mujer,grado III,solo,0.0,0.0,7.0,13.9,no,distrito 10,37.973141068511964,no,25 181,no,21/04/2020,prestadora C
82.0,mujer,grado II,con familia,7.0,0.0,61.0,3.0,no,distrito 3,57.260855391887844,no,16 007,no,21/08/2022,prestadora B
83.0,mujer,sin valorar,solo,2.0,0.0,52.0,6.1,sí,distrito 5,38.52287661198398,no,14 974,sí,05/10/2019,prestadora C
92.0,mujer,grado III,solo,1.0,2.0,15.0,5.7,no,distrito 8,82.9099696002228,no,20 441,sí,04/11/2017,prestadora C
73.0,mujer,sin valorar,con pareja,2.0,0.0,12.0,1.2,sí,distrito 3,13.601999730893734,sí,13 177,sí,01/12/2023,prestadora A
87.0,mujer,grado II,con pareja,1.0,0.0,36.0,3.5,no,distrito 10,16.366052611173828,sí,26 242,sí,25/08/2018,prestadora A
77.0,mujer,  grado II ,con familia,0.0,5.0,7.0,1.3,sí,distrito 6,46.23521833916192,sí,10 984,sí,19/10/2018,prestadora A
74.0,mujer,grado I,solo,3.0,0.0,7.0,1.3,no,distrito 7,143.65529286637025,no,5 472,no,19/09/2019,prestadora A
101.0,mujer,grado II,solo,0.0,0.0,23.0,7.1,no,distrito 4,11.18838722672404,sí,11 048,no,09/07/2019,prestadora A
80.0,mujer,SIN VALORAR,con pareja,0.0,0.0,28.0,1.6,sí,distrito 4,16.115556097575386,no,14 308,sí,25/09/2023,prestadora C
85.0,mujer,grado I,con pareja,0.0,0.0,72.0,1.1,no,distrito 7,39.0841786670342,sí,12 270,sí,26/09/2016,prestadora B
92.0,hombre,sin valorar,con familia,3.0,0.0,34.0,3.4,no,distrito 5,18.19713400056883,sí,10 905,no,30/06/2020,prestadora C
69.0,mujer,  grado III ,con pareja,1.0,0.0,21.0,0.1,sí,distrito 3,30.84121042068209,sí,7 987,sí,10/02/2019,prestadora A
91.0,mujer,grado II,solo,0.0,0.0,54.0,1.8,sí,distrito 7,19.158454788224862,sí,22 211,sí,01/04/2024,prestadora C
84.0,hombre,  grado I ,con pareja,1.0,6.0,16.0,5.8,sí,distrito 9,22.682589868858013,no,11 706,no,21/12/2022,prestadora A
76.0,mujer,sin valorar,con pareja,5.0,0.0,43.0,1.6,no,distrito 8,39.72623138206937,no,12 401,sí,18/01/2023,prestadora B
85.0,hombre,grado III,con pareja,7.0,0.0,186.0,2.0,no,distrito 2,185.50993018477408,sí,16 547,no,15/03/2020,prestadora A
92.0,mujer,sin valorar,solo,9.0,1.0,14.0,4.3,no,distrito 6,277.5075732661678,sí,16 982,N/D,03/06/2017,prestadora C
85.0,hombre,GRADO II,con pareja,0.0,0.0,8.0,1.2,no,distrito 10,24.342957604900384,no,42 844,sí,13/03/2020,prestadora C
76.0,hombre,GRADO I,solo,2.0,0.0,25.0,1.1,sí,distrito 8,131.27214910280586,sí,23 777,sí,21/01/2018,prestadora B
75.0,mujer,grado I,con pareja,1.0,0.0,16.0,6.3,sí,distrito 8,60.552424928540916,sí,21 228,no,01/11/2018,prestadora A
79.0,mujer,grado I,con pareja,0.0,1.0,28.0,6.2,no,distrito 9,32.40602309200694,sí,17 402,N/D,26/08/2017,prestadora A
67.0,mujer,grado I,solo,0.0,2.0,33.0,1.2,no,distrito 9,14.258267593137825,no,18 625,sí,29/07/2019,prestadora C
82.0,hombre,grado III,con pareja,2.0,0.0,6.0,0.5,no,distrito 2,56.38281695294615,sí,14 217,sí,22/08/2016,prestadora B
79.0,hombre,grado III,solo,4.0,0.0,27.0,6.7,no,distrito 11,461.2501421299867,sí,10 708,no,16/08/2023,prestadora C
86.0,mujer,  grado I ,con familia,6.0,4.0,48.0,0.7,no,distrito 3,63.599614609393754,sí,17 438,no,04/10/2023,prestadora C
84.0,mujer,grado III,con pareja,1.0,0.0,17.0,0.5,no,distrito 2,55.92013072816436,no,24 333,sí,25/07/2021,prestadora A
91.0,mujer,grado III,con pareja,2.0,0.0,16.0,7.6,no,distrito 5,292.7615241398765,sí,15 249,sí,14/08/2023,prestadora B
71.0,mujer,SIN VALORAR,con familia,3.0,0.0,18.0,5.0,no,distrito 2,92.02595583347296,sí,10 083,no,17/01/2020,prestadora B
76.0,mujer,sin valorar,con pareja,6.0,4.0,89.0,3.5,no,distrito 5,15.446709681901238,sí,10 348,sí,21/12/2020,prestadora B
90.0,hombre,grado I,con pareja,1.0,3.0,25.0,6.3,no,distrito 8,8.682441315996122,sí,5 963,no,22/10/2018,prestadora B
84.0,mujer,grado III,con pareja,1.0,0.0,41.0,8.5,no,distrito 11,143.00814714163505,no,10 870,sí,16/09/2017,prestadora B
98.0,mujer,grado I,con familia,5.0,0.0,13.0,4.7,sí,distrito 2,83.67244044847637,sí,13 777,sí,08/07/2024,prestadora C
66.0,mujer,grado II,con pareja,1.0,0.0,24.0,1.4,sí,distrito 1,1.7728172837365819,sí,11 607,sí,22/06/2021,prestadora A
77.0,mujer,grado II,solo,1.0,1.0,31.0,3.7,no,distrito 11,25.690152333776656,sí,11 357,no,18/07/2022,prestadora A
82.0,mujer,grado I,solo,0.0,8.0,59.0,2.7,no,distrito 5,27.007975853728936,no,16 844,sí,24/10/2016,prestadora B
93.0,mujer,  sin valorar ,solo,3.0,1.0,26.0,1.4,no,distrito 4,125.00009734218662,sí,13 327,no,14/07/2019,prestadora B
71.0,mujer,grado II,con pareja,2.0,0.0,71.0,3.2,sí,distrito 3,4.400498576464862,sí,16 663,no,15/10/2021,prestadora B
82.0,hombre,  sin valorar ,con pareja,3.0,0.0,82.0,3.6,no,distrito 3,86.50969074493922,sí,12 902,no,21/02/2023,prestadora B
86.0,mujer,sin valorar,solo,4.0,1.0,27.0,12.2,no,distrito 7,175.7951717530115,sí,20 790,sí,11/04/2016,prestadora C
85.0,mujer,grado III,solo,4.0,0.0,18.0,3.0,sí,distrito 9,320.49063481156264,sí,11 744,no,26/06/2021,prestadora A
82.0,mujer,grado III,con pareja,0.0,1.0,32.0,2.7,no,distrito 7,34.39399823331926,sí,10 066,no,06/07/2022,prestadora A
73.0,mujer,sin valorar,con pareja,1.0,0.0,43.0,3.8,no,distrito 9,16.159914491472247,no,12 521,no,18/04/2021,prestadora B
85.0,mujer,grado I,con pareja,4.0,1.0,39.0,1.0,no,distrito 8,257.78867120010955,sí,41 124,sí,26/07/2024,prestadora A
82.0,hombre,sin valorar,solo,2.0,1.0,28.0,3.6,no,distrito 1,48.402503832219665,no,8 691,sí,30/06/2020,prestadora B
83.0,mujer,grado I,solo,0.0,1.0,21.0,2.4,no,distrito 9,26.35231471556828,sí,27 633,sí,08/06/2023,prestadora C
83.0,hombre,grado III,con familia,0.0,1.0,16.0,8.2,no,distrito 10,44.82798388421283,sí,16 927,sí,11/03/2024,prestadora B
86.0,hombre,GRADO II,con familia,3.0,0.0,81.0,6.1,no,distrito 1,105.39197589265531,no,7 524,sí,08/01/2022,prestadora B
87.0,mujer,grado III,con pareja,2.0,0.0,41.0,1.5,no,distrito 2,227.14131724288907,no,12 095,no,12/10/2017,prestadora B
80.0,mujer,grado I,solo,3.0,0.0,51.0,1.5,sí,distrito 11,62.97593534533483,sí,13 731,sí,25/11/2020,prestadora C
99.0,hombre,GRADO I,solo,0.0,0.0,22.0,0.5,no,distrito 1,33.44799754861279,no,20 703,no,31/07/2016,prestadora B
80.0,mujer,grado I,con familia,13.0,1.0,11.0,3.6,no,distrito 7,270.99707770884197,sí,11 428,sí,10/08/2016,prestadora A
85.0,mujer,grado III,con pareja,0.0,1.0,5.0,4.4,sí,distrito 11,77.39942830387258,sí,9 969,sí,31/12/2023,prestadora A
89.0,mujer,grado I,solo,3.0,1.0,31.0,2.0,no,distrito 11,198.15438278542365,sí,8 615,sí,24/01/2021,prestadora B
90.0,hombre,  grado I ,con pareja,2.0,0.0,35.0,14.4,no,distrito 1,111.57571756906812,sí,6 213,N/D,09/11/2023,prestadora A
72.0,mujer,grado II,solo,8.0,0.0,28.0,1.6,no,distrito 9,665.5064749834925,no,13 590,no,12/10/2016,prestadora C
85.0,mujer,  sin valorar ,con pareja,2.0,2.0,19.0,5.1,sí,distrito 6,45.99601696571177,sí,25 843,sí,25/02/2019,prestadora C
78.0,mujer,grado II,con familia,0.0,1.0,9.0,4.7,no,distrito 10,25.806717109329547,sí,13 179,sí,09/09/2022,prestadora A
85.0,mujer,grado II,con familia,1.0,1.0,11.0,0.5,no,distrito 3,15.948066600990458,no,21 295,no,09/03/2019,prestadora C
89.0,mujer,grado III,solo,0.0,0.0,46.0,0.2,no,distrito 6,69.97853451188637,sí,30 471,N/D,11/10/2020,prestadora B
86.0,mujer,  grado II ,con familia,12.0,0.0,18.0,1.9,sí,distrito 11,225.41374914215106,no,11 016,no,12/05/2018,prestadora B
77.0,hombre,sin valorar,solo,3.0,1.0,70.0,7.3,no,distrito 5,173.2816995460704,no,16 503,sí,12/04/2018,prestadora B
77.0,hombre,grado I,con pareja,0.0,3.0,41.0,7.7,no,distrito 6,18.809035816129622,sí,13 968,no,23/02/2017,prestadora B
79.0,mujer,grado I,solo,0.0,0.0,35.0,3.4,no,distrito 1,106.68337226549366,sí,26 587,no,03/12/2018,prestadora A
78.0,hombre,grado I,con pareja,1.0,2.0,32.0,1.4,no,distrito 7,41.46265062269189,sí,24 163,N/D,08/01/2022,prestadora B
95.0,mujer,SIN VALORAR,solo,1.0,0.0,5.0,4.7,sí,distrito 1,23.496441253912465,sí,14 409,sí,08/01/2022,prestadora B
71.0,mujer,GRADO I,solo,0.0,0.0,23.0,1.3,sí,distrito 9,33.06262250049417,sí,14 393,no,13/09/2022,prestadora B
71.0,hombre,grado III,con familia,0.0,1.0,10.0,5.6,sí,distrito 10,12.533282278480332,no,12 777,sí,27/03/2021,prestadora B
84.0,mujer,grado I,con pareja,0.0,0.0,55.0,2.3,no,distrito 3,5.289935724414565,no,7 918,sí,08/04/2017,prestadora B
82.0,mujer,grado I,solo,3.0,2.0,47.0,0.9,no,distrito 4,136.9047188223335,sí,29 898,no,09/07/2022,prestadora A
78.0,hombre,grado I,con familia,4.0,2.0,16.0,2.3,sí,distrito 11,26.301856225935392,sí,14 291,sí,09/06/2020,prestadora A
74.0,mujer,grado III,solo,0.0,0.0,14.0,8.2,no,distrito 1,27.255336496253822,sí,16 634,no,19/07/2017,prestadora B
74.0,hombre,grado II,con familia,9.0,0.0,80.0,3.4,sí,distrito 11,91.53243667592618,sí,11 636,sí,22/01/2023,prestadora B
88.0,hombre,sin valorar,con pareja,5.0,0.0,17.0,0.4,sí,distrito 2,61.13723259472706,no,9 515,no,01/04/2019,prestadora C
83.0,hombre,  grado I ,solo,1.0,0.0,65.0,6.8,no,distrito 5,104.46913584789928,no,8 883,sí,24/09/2022,prestadora A
97.0,hombre,grado II,con pareja,2.0,0.0,8.0,6.1,no,distrito 5,22.414040761309458,sí,20 225,sí,01/01/2018,prestadora B
78.0,hombre,sin valorar,con pareja,5.0,0.0,32.0,7.0,no,distrito 8,80.63110312502998,sí,26 291,sí,25/07/2016,prestadora A
85.0,hombre,sin valorar,solo,0.0,0.0,27.0,0.2,sí,distrito 2,5.486480228642289,sí,16 173,no,08/02/2017,prestadora B
88.0,hombre,sin valorar,con pareja,1.0,2.0,40.0,3.1,no,distrito 4,14.492707655025196,sí,18 054,no,23/12/2017,prestadora A
90.0,mujer,grado I,con pareja,4.0,0.0,85.0,4.7,no,distrito 11,112.14736895902264,sí,26 761,sí,05/04/2019,prestadora B
87.0,hombre,sin valorar,con pareja,3.0,0.0,19.0,6.6,no,distrito 7,88.16664903413633,no,22 976,no,25/08/2024,prestadora A
80.0,mujer,SIN VALORAR,con pareja,1.0,0.0,1.0,0.9,no,distrito 1,16.88986317850782,sí,13 042,no,24/05/2016,prestadora A
84.0,mujer,  grado I ,con pareja,0.0,0.0,40.0,1.4,no,distrito 7,5.281415322107614,no,7 571,no,08/12/2018,prestadora A
90.0,mujer,grado II,con pareja,1.0,0.0,11.0,0.9,sí,distrito 2,14.299581537625663,sí,13 191,sí,26/10/2022,prestadora C
86.0,mujer,sin valorar,solo,4.0,1.0,34.0,1.9,no,distrito 5,77.4557842562619,no,11 514,sí,27/09/2024,prestadora C
90.0,hombre,grado III,con pareja,1.0,1.0,35.0,2.6,no,distrito 8,23.5274981639674,sí,15 335,sí,01/09/2023,prestadora A
81.0,mujer,GRADO III,con pareja,2.0,2.0,102.0,2.0,no,distrito 11,30.60125971292044,sí,16 564,sí,01/08/2019,prestadora A
85.0,mujer,  grado II ,solo,1.0,0.0,27.0,5.6,no,distrito 9,85.05746285462807,sí,26 038,sí,20/08/2024,prestadora A
79.0,hombre,sin valorar,con familia,2.0,0.0,48.0,6.7,no,distrito 11,9.685479428080336,sí,11 709,sí,27/04/2019,prestadora B
65.0,mujer,grado I,con pareja,0.0,1.0,12.0,3.5,sí,distrito 4,5.316492680253538,sí,28 013,no,04/02/2016,prestadora B
77.0,mujer,sin valorar,solo,5.0,0.0,14.0,6.3,no,distrito 4,509.45740803011466,sí,14 030,no,19/04/2021,prestadora A
84.0,mujer,grado I,con pareja,1.0,0.0,24.0,1.0,no,distrito 2,77.42982343715487,no,8 989,sí,24/06/2022,prestadora C
95.0,mujer,grado I,solo,3.0,0.0,40.0,1.3,sí,distrito 8,58.08146553779407,sí,34 939,no,10/03/2018,prestadora C
87.0,mujer,  grado I ,con pareja,1.0,0.0,15.0,5.3,sí,distrito 4,50.93533845866551,no,21 370,no,19/03/2022,prestadora A
77.0,mujer,grado I,solo,5.0,0.0,115.0,0.7,no,distrito 5,262.29487937491626,sí,11 474,no,23/06/2018,prestadora A
74.0,mujer,GRADO I,solo,1.0,4.0,31.0,1.3,sí,distrito 2,20.525892608041065,no,32 416,no,28/01/2017,prestadora C
69.0,mujer,grado II,solo,2.0,0.0,59.0,5.2,no,distrito 2,247.54232448572472,sí,11 165,sí,14/03/2018,prestadora A
87.0,hombre,grado II,solo,2.0,0.0,68.0,7.7,sí,distrito 5,317.42705346520046,sí,7 594,sí,05/05/2017,prestadora A
95.0,hombre,grado I,con pareja,0.0,4.0,14.0,2.9,no,distrito 3,60.544993076606794,sí,10 446,no,11/06/2019,prestadora B
94.0,mujer,grado III,solo,1.0,0.0,42.0,3.5,no,distrito 5,62.048006658966145,no,15 503,sí,30/12/2018,prestadora B
77.0,hombre,GRADO I,con pareja,2.0,0.0,38.0,2.2,no,distrito 2,54.48580438261076,sí,17 484,no,17/01/2022,prestadora A
77.0,mujer,grado II,solo,1.0,0.0,44.0,7.5,no,distrito 3,77.3164357362554,sí,20 424,sí,04/05/2020,prestadora A
84.0,hombre,sin valorar,solo,5.0,0.0,42.0,2.1,sí,distrito 2,169.21293218541715,sí,7 475,no,29/09/2017,prestadora B
70.0,mujer,grado I,con pareja,4.0,1.0,64.0,11.5,no,distrito 2,145.1447150442204,no,18 339,sí,10/10/2020,prestadora C
84.0,hombre,GRADO II,con pareja,4.0,2.0,39.0,10.1,no,distrito 11,227.8154639614548,sí,15 720,sí,24/01/2016,prestadora C
87.0,hombre,GRADO II,con pareja,0.0,0.0,46.0,9.1,no,distrito 2,15.482596335467903,no,19 893,no,18/06/2017,prestadora B
84.0,mujer,sin valorar,solo,1.0,4.0,23.0,3.8,no,distrito 10,34.867850226394125,sí,9 051,N/D,15/08/2020,prestadora A
91.0,mujer,grado III,con pareja,0.0,0.0,72.0,8.8,no,distrito 11,44.442721631593336,sí,18 057,no,19/08/2020,prestadora B
84.0,mujer,grado I,solo,0.0,0.0,11.0,2.7,sí,distrito 5,15.789021233513274,sí,17 938,no,25/02/2024,prestadora A
70.0,mujer,grado I,solo,5.0,0.0,19.0,1.0,no,distrito 3,464.1843405640458,no,14 663,sí,12/12/2018,prestadora A
65.0,mujer,SIN VALORAR,solo,7.0,0.0,60.0,3.0,no,distrito 3,135.45750082299656,sí,9 867,sí,28/06/2020,prestadora A
78.0,mujer,GRADO II,con pareja,0.0,0.0,24.0,3.9,no,distrito 9,10.09700992985047,sí,11 776,no,23/10/2020,prestadora B
85.0,mujer,grado II,solo,0.0,0.0,38.0,11.7,no,distrito 11,48.566554982792354,sí,19 582,no,02/01/2017,prestadora C
91.0,mujer,grado II,con pareja,3.0,1.0,69.0,1.3,no,distrito 9,75.73629951201272,sí,16 601,sí,19/04/2017,prestadora B
65.0,hombre,grado I,solo,0.0,0.0,25.0,1.7,sí,distrito 6,27.902546940019366,sí,19 023,sí,11/02/2016,prestadora B
88.0,mujer,sin valorar,solo,0.0,0.0,40.0,1.3,sí,distrito 5,22.16233152787419,sí,33 517,N/D,28/12/2023,prestadora B
78.0,mujer,grado I,solo,3.0,0.0,52.0,0.5,no,distrito 3,193.36550604194005,no,16 803,no,17/04/2016,prestadora A
73.0,hombre,GRADO II,con pareja,0.0,0.0,112.0,8.7,no,distrito 10,19.8197404570059,sí,14 545,N/D,22/01/2019,prestadora B
76.0,mujer,grado III,con pareja,2.0,1.0,31.0,8.3,no,distrito 11,163.2118988834893,sí,16 203,no,03/08/2023,prestadora C
76.0,hombre,GRADO III,solo,5.0,0.0,61.0,2.4,sí,distrito 2,532.5851161137779,no,35 626,sí,17/08/2018,prestadora C
94.0,mujer,grado II,solo,8.0,2.0,54.0,8.7,sí,distrito 4,1247.215434850969,sí,12 355,N/D,25/07/2022,prestadora B
80.0,mujer,sin valorar,con familia,0.0,2.0,23.0,2.5,no,distrito 7,17.374105275601952,sí,13 836,sí,08/06/2016,prestadora C
82.0,mujer,sin valorar,solo,6.0,1.0,15.0,0.9,no,distrito 9,204.0220817068066,sí,26 558,sí,17/02/2018,prestadora C
82.0,mujer,grado II,solo,0.0,1.0,99.0,6.7,no,distrito 4,34.41203379851687,no,8 775,sí,06/09/2020,prestadora A
80.0,hombre,sin valorar,con familia,5.0,1.0,54.0,0.4,sí,distrito 9,199.57862503579452,no,19 118,N/D,13/12/2019,prestadora B
89.0,mujer,sin valorar,solo,0.0,0.0,21.0,13.7,no,distrito 4,110.5521284612411,sí,16 364,no,27/04/2022,prestadora C
74.0,mujer,grado I,con pareja,0.0,0.0,56.0,0.2,no,distrito 6,11.907603501823973,no,14 134,no,14/01/2022,prestadora C
87.0,hombre,  grado II ,solo,2.0,1.0,37.0,2.6,no,distrito 11,66.25725916985843,sí,20 650,sí,25/08/2020,prestadora B
83.0,mujer,sin valorar,solo,0.0,0.0,85.0,2.5,no,distrito 4,22.54149819107446,no,13 541,sí,08/04/2016,prestadora C
101.0,mujer,grado II,solo,6.0,1.0,54.0,1.0,sí,distrito 8,440.9389529573746,sí,12 226,sí,17/02/2022,prestadora A
91.0,mujer,grado II,con pareja,0.0,0.0,38.0,5.5,no,distrito 5,8.797380682104512,no,27 122,no,13/06/2021,prestadora A
83.0,mujer,sin valorar,solo,1.0,1.0,78.0,1.2,sí,distrito 11,42.38312624683457,no,23 158,sí,29/10/2018,prestadora A
89.0,mujer,grado I,solo,0.0,0.0,37.0,3.5,no,distrito 4,13.835245778516596,sí,11 046,no,23/06/2017,prestadora B
73.0,hombre,sin valorar,solo,1.0,0.0,145.0,8.5,sí,distrito 4,18.15304364399323,sí,16 339,no,03/04/2017,prestadora A
76.0,mujer,grado II,con pareja,6.0,0.0,52.0,5.6,sí,distrito 8,66.57111593097014,sí,11 180,sí,05/02/2016,prestadora B
81.0,mujer,grado III,con familia,3.0,1.0,25.0,2.1,no,distrito 2,142.68282551451992,sí,11 105,no,12/05/2022,prestadora C
87.0,hombre,grado III,con pareja,0.0,1.0,20.0,3.8,no,distrito 7,42.14387058832796,sí,19 265,no,22/06/2023,prestadora A
85.0,mujer,grado I,con familia,3.0,0.0,4.0,14.9,no,distrito 5,61.376323406674715,no,19 140,sí,19/04/2022,prestadora A
76.0,mujer,grado I,solo,3.0,0.0,5.0,0.5,no,distrito 2,166.05459089624364,no,21 875,sí,01/06/2017,prestadora A
86.0,mujer,SIN VALORAR,solo,3.0,0.0,23.0,1.1,no,distrito 5,172.60878308264734,no,10 796,sí,03/03/2020,prestadora A
81.0,mujer,grado I,con pareja,4.0,0.0,2.0,6.1,no,distrito 5,93.08566642972384,sí,33 000,no,04/11/2023,prestadora B
85.0,mujer,grado I,con pareja,3.0,0.0,31.0,2.8,no,distrito 11,42.716390690472515,sí,18 710,sí,21/11/2016,prestadora A
87.0,mujer,  sin valorar ,con pareja,2.0,0.0,67.0,1.2,no,distrito 2,16.681057272406672,sí,5 553,no,23/06/2021,prestadora B
91.0,mujer,GRADO II,con pareja,2.0,0.0,14.0,0.4,no,distrito 11,75.4200545366958,sí,10 179,sí,22/09/2024,prestadora B
84.0,hombre,grado I,con pareja,4.0,2.0,69.0,3.1,no,distrito 6,62.78920350265001,sí,19 268,sí,31/08/2021,prestadora C
72.0,mujer,GRADO II,solo,6.0,0.0,9.0,4.3,sí,distrito 7,976.3399500396215,no,10 178,sí,27/02/2018,prestadora B
84.0,hombre,grado II,solo,0.0,0.0,83.0,1.3,no,distrito 9,41.022576094213996,no,22 001,no,25/11/2020,prestadora C
73.0,hombre,sin valorar,con pareja,3.0,4.0,10.0,1.9,sí,distrito 1,100.94811941716804,no,11 221,sí,28/12/2021,prestadora A
78.0,mujer,grado II,solo,0.0,0.0,52.0,4.1,sí,distrito 8,57.38892631238071,sí,19 823,sí,28/03/2020,prestadora B
82.0,mujer,grado I,con pareja,2.0,0.0,31.0,4.7,no,distrito 3,8.438412276362769,no,10 575,sí,01/12/2022,prestadora B
76.0,hombre,grado I,solo,8.0,1.0,32.0,4.0,no,distrito 9,744.7455920182283,sí,16 213,sí,21/01/2019,prestadora A
76.0,mujer,grado II,con pareja,3.0,2.0,31.0,5.8,sí,distrito 8,28.72005499461861,sí,15 179,sí,04/07/2017,prestadora C
81.0,mujer,GRADO I,solo,2.0,0.0,36.0,4.8,no,distrito 10,61.15306314198027,no,16 845,sí,03/11/2016,prestadora C
81.0,mujer,grado I,solo,7.0,0.0,13.0,5.3,no,distrito 3,433.58690830998756,no,28 126,sí,08/09/2016,prestadora B
85.0,mujer,sin valorar,con familia,2.0,0.0,46.0,9.9,sí,distrito 6,28.764800466122335,no,8 552,sí,24/01/2016,prestadora B
69.0,mujer,grado I,solo,1.0,0.0,44.0,3.7,no,distrito 6,37.32020086257774,no,21 736,sí,25/07/2016,prestadora C
83.0,hombre,GRADO III,solo,1.0,0.0,59.0,6.3,no,distrito 7,141.09608950142461,sí,9 842,sí,05/08/2019,prestadora C
74.0,mujer,sin valorar,solo,6.0,0.0,30.0,3.8,no,distrito 3,94.25873118631758,sí,19 904,no,22/08/2024,prestadora A
89.0,hombre,  grado III ,con pareja,0.0,0.0,37.0,6.2,no,distrito 4,19.296811921413408,sí,12 345,sí,23/05/2019,prestadora B
77.0,mujer,grado I,con pareja,0.0,0.0,22.0,6.7,no,distrito 7,24.122747451835075,sí,11 911,sí,11/09/2018,prestadora C
68.0,hombre,grado II,con familia,5.0,0.0,27.0,11.4,sí,distrito 6,46.953891904619404,sí,11 695,sí,12/08/2019,prestadora B
76.0,hombre,grado III,solo,1.0,1.0,9.0,13.0,no,distrito 1,296.24702945134374,no,18 701,sí,30/05/2019,prestadora B
81.0,mujer,sin valorar,solo,4.0,0.0,29.0,4.6,sí,distrito 8,51.49150713925093,no,19 799,sí,05/06/2019,prestadora B
66.0,hombre,  grado I ,con familia,6.0,0.0,21.0,5.6,no,distrito 3,109.99737595257766,no,12 627,no,14/09/2016,prestadora C
84.0,mujer,grado I,solo,4.0,0.0,28.0,2.4,no,distrito 9,199.01447017123283,sí,16 265,sí,26/11/2022,prestadora B
74.0,mujer,grado I,solo,2.0,0.0,42.0,1.2,no,distrito 1,118.38012010334678,sí,12 884,sí,27/08/2024,prestadora B
83.0,hombre,grado I,con familia,3.0,0.0,51.0,2.5,no,distrito 8,13.430165810865644,no,8 938,no,20/04/2021,prestadora B
84.0,mujer,grado I,con familia,0.0,1.0,26.0,2.7,no,distrito 6,61.2449344875533,sí,14 409,sí,04/02/2022,prestadora C
82.0,mujer,grado II,solo,5.0,0.0,30.0,0.7,sí,distrito 10,461.34762632200227,sí,28 948,sí,31/03/2016,prestadora B
89.0,mujer,grado II,solo,0.0,0.0,16.0,1.0,sí,distrito 1,65.66762049504547,sí,16 043,sí,10/02/2023,prestadora C
86.0,mujer,sin valorar,solo,1.0,0.0,12.0,6.7,no,distrito 4,65.29796506026338,sí,22 006,sí,04/03/2016,prestadora B
73.0,hombre,  grado I ,solo,2.0,1.0,19.0,0.2,no,distrito 3,79.65106979801581,no,14 464,sí,05/01/2024,prestadora C
72.0,hombre,sin valorar,solo,1.0,0.0,9.0,2.5,no,distrito 7,56.35128160134064,sí,9 576,no,05/02/2022,prestadora A
91.0,mujer,sin valorar,con pareja,4.0,4.0,32.0,2.0,sí,distrito 4,58.36601648470947,no,23 555,sí,08/05/2021,prestadora A
92.0,mujer,grado II,con pareja,2.0,0.0,58.0,0.5,no,distrito 3,8.68303818107461,sí,9 897,no,01/12/2017,prestadora B
84.0,hombre,grado II,con pareja,2.0,0.0,20.0,1.1,sí,distrito 4,40.734983947536605,sí,44 724,no,20/01/2017,prestadora C
90.0,hombre,sin valorar,con pareja,4.0,1.0,10.0,9.9,no,distrito 11,331.2260705190319,sí,12 237,sí,05/05/2021,prestadora A
81.0,mujer,sin valorar,solo,1.0,0.0,1.0,3.8,no,distrito 1,31.624595886418895,sí,15 889,sí,30/08/2020,prestadora A
77.0,mujer,grado III,solo,0.0,0.0,15.0,1.6,sí,distrito 2,12.08790512558015,sí,23 326,no,07/04/2021,prestadora C
90.0,mujer,grado III,con pareja,0.0,0.0,35.0,4.0,no,distrito 3,18.589456371536503,sí,9 769,sí,26/01/2019,prestadora C
81.0,mujer,sin valorar,con familia,11.0,1.0,9.0,1.4,no,distrito 11,88.32093118400306,sí,7 968,sí,23/10/2021,prestadora B
77.0,hombre,sin valorar,solo,0.0,0.0,42.0,3.8,no,distrito 11,12.509635585329843,sí,12 813,sí,05/05/2021,prestadora A
71.0,mujer,grado I,solo,1.0,1.0,57.0,10.7,sí,distrito 8,98.39227510144245,sí,20 214,sí,18/05/2024,prestadora C
75.0,hombre,sin valorar,con pareja,14.0,0.0,18.0,5.4,sí,distrito 10,288.95807358035376,no,32 195,no,08/09/2023,prestadora A
100.0,mujer,grado III,solo,5.0,2.0,23.0,1.4,sí,distrito 3,382.1610620319335,sí,16 824,no,05/08/2019,prestadora C
92.0,mujer,sin valorar,solo,1.0,0.0,60.0,5.3,sí,distrito 8,34.38902203666761,no,5 551,sí,24/08/2022,prestadora C
78.0,hombre,grado I,solo,4.0,1.0,86.0,1.4,no,distrito 11,270.4840859016424,sí,44 167,sí,23/04/2022,prestadora B
68.0,mujer,grado I,con familia,1.0,0.0,28.0,4.2,no,distrito 9,20.836377653547636,sí,11 358,sí,29/05/2020,prestadora C
89.0,hombre,grado II,con pareja,0.0,1.0,42.0,3.4,no,distrito 8,18.77076802282836,sí,22 278,sí,11/11/2016,prestadora A
78.0,mujer,grado I,con pareja,3.0,1.0,11.0,0.8,no,distrito 2,61.40694776759377,sí,23 808,no,24/09/2021,prestadora A
70.0,hombre,grado I,con pareja,0.0,0.0,11.0,0.4,no,distrito 2,11.0854712945675,no,33 036,sí,13/01/2024,prestadora C
92.0,mujer,grado II,solo,1.0,0.0,23.0,4.9,sí,distrito 11,40.494322401163956,no,18 769,sí,17/08/2016,prestadora A
